timestamp,actual,predicted
2020-02-03 10:00:00,7.241,6.6706972779711835
2020-02-03 10:15:00,7.9005,7.201345693439295
2020-02-03 10:30:00,8.779,7.9453974410294
2020-02-03 10:45:00,9.658,8.789873049685808
2020-02-03 11:00:00,10.537,9.200228729263612
2020-02-03 11:15:00,11.416,9.86487963446412
2020-02-03 11:30:00,12.0755,11.016494783870506
2020-02-03 11:45:00,12.954,10.332793182031997
2020-02-03 12:00:00,13.6135,11.174325869530984
2020-02-03 12:15:00,13.833,11.41280398333904
2020-02-03 12:30:00,13.6135,11.396283722492146
2020-02-03 12:45:00,13.6135,11.612449844025255
2020-02-03 13:00:00,13.6135,12.309508931674657
2020-02-03 13:15:00,13.833,12.527128485805463
2020-02-03 13:30:00,14.2725,12.19617014648273
2020-02-03 13:45:00,14.9315,12.70046277697747
2020-02-03 14:00:00,14.9315,13.035981579614203
2020-02-03 14:15:00,14.7115,12.970111701396085
2020-02-03 14:30:00,13.833,13.025130344119184
2020-02-03 14:45:00,13.174,13.414886132369478
2020-02-03 15:00:00,12.954,12.856262368199959
2020-02-03 15:15:00,12.515,12.445445280977449
2020-02-03 15:30:00,12.075,12.78993164209848
2020-02-03 15:45:00,11.8555,12.866359145578972
2020-02-03 16:00:00,11.416,13.133215050540166
2020-02-03 16:15:00,10.9765,13.156620919303993
2020-02-03 16:30:00,10.537,13.343115599458086
2020-02-03 16:45:00,9.878,12.79279302752615
2020-02-03 17:00:00,9.658,12.909111160120325
2020-02-03 17:15:00,9.219,12.890743182728189
2020-02-03 17:30:00,8.999,12.58413135135848
2020-02-03 17:45:00,8.5595,12.71236342397071
2020-02-03 18:00:00,8.12,12.546458702605719
2020-02-03 18:15:00,7.9005,12.321394917428202
2020-02-03 18:30:00,7.6805,11.842429017155375
2020-02-03 18:45:00,7.4605,11.701111134261485
2020-02-03 19:00:00,7.241,11.896071203710047
2020-02-03 19:15:00,7.0215,11.236642246811972
2020-02-03 19:30:00,6.802,12.153682693808204
2020-02-03 19:45:00,6.582,11.279305707643784
2020-02-03 20:00:00,6.582,11.3648176883065
2020-02-03 20:15:00,6.1425,10.488203206660517
2020-02-03 20:30:00,6.1425,10.113262387080225
2020-02-03 20:45:00,5.7035,10.563815856776523
2020-02-03 21:00:00,5.7035,10.173843853327234
2020-02-03 21:15:00,5.7035,10.486853868319066
2020-02-03 21:30:00,5.2635,9.898764863020705
2020-02-03 21:45:00,5.2635,9.690896850465128
2020-02-03 22:00:00,5.2635,9.773347967859383
2020-02-03 22:15:00,5.044,9.855957844464076
2020-02-03 22:30:00,4.8245,9.965930220436057
2020-02-03 22:45:00,4.8245,9.86996507499629
2020-02-03 23:00:00,4.3845,9.738287235866137
2020-02-03 23:15:00,4.3845,9.12134997893987
2020-02-03 23:30:00,4.3845,9.097154590081225
2020-02-03 23:45:00,3.9455,9.278065257514147
2020-02-04 00:00:00,3.9455,9.118190022593016
2020-02-04 00:15:00,3.5055,9.162849011852678
2020-02-04 00:30:00,3.5055,8.725928801337
2020-02-04 00:45:00,3.0665,9.184903796255362
2020-02-04 01:00:00,2.847,8.613760557337551
2020-02-04 01:15:00,2.627,8.75568773986834
2020-02-04 01:30:00,2.407,8.735396574443762
2020-02-04 01:45:00,2.1875,8.64660123112364
2020-02-04 02:00:00,1.968,8.514680199696455
2020-02-04 02:15:00,1.7485,8.12774990312432
2020-02-04 02:30:00,1.7485,7.867829143472826
2020-02-04 02:45:00,1.3085,8.346688623627012
2020-02-04 03:00:00,1.3085,8.087155589729546
2020-02-04 03:15:00,1.089,7.7719695666654305
2020-02-04 03:30:00,0.8695,7.56636078123909
2020-02-04 03:45:00,0.8695,7.293204496557716
2020-02-04 04:00:00,0.4295,7.287182465780367
2020-02-04 04:15:00,0.4295,7.257546506423432
2020-02-04 04:30:00,0.4295,6.614175284574281
2020-02-04 04:45:00,0.21,6.552320017456458
2020-02-04 05:00:00,-0.0095,6.927559380894144
2020-02-04 05:15:00,-0.0095,7.025232385223673
2020-02-04 05:30:00,-0.2295,6.721549757533617
2020-02-04 05:45:00,-0.2295,6.5598174440703225
2020-02-04 06:00:00,-0.4495,6.530696613665185
2020-02-04 06:15:00,-0.4495,6.632894323790959
2020-02-04 06:30:00,-0.669,6.537546740489238
2020-02-04 06:45:00,-0.8885,6.805433912351342
2020-02-04 07:00:00,-0.8885,6.490495406050662
2020-02-04 07:15:00,-1.1085,6.463269230426289
2020-02-04 07:30:00,-1.1085,6.40583521694622
2020-02-04 07:45:00,-1.1085,6.056628664506411
2020-02-04 08:00:00,-1.1085,6.300579680456485
2020-02-04 08:15:00,-0.669,6.703062445744158
2020-02-04 08:30:00,-0.2295,6.346029796379235
2020-02-04 08:45:00,0.21,6.676960927841616
2020-02-04 09:00:00,1.089,6.922561666932548
2020-02-04 09:15:00,1.968,7.220508267857173
2020-02-04 09:30:00,3.0665,8.223141156936014
2020-02-04 09:45:00,4.3845,8.261402999944114
2020-02-04 10:00:00,5.044,8.80631627166094
2020-02-04 10:15:00,6.1425,9.26818384114728
2020-02-04 10:30:00,7.2415,10.128348720921316
2020-02-04 10:45:00,8.3395,10.034770280635309
2020-02-04 11:00:00,9.4385,10.358335694984786
2020-02-04 11:15:00,10.0975,10.975903501399262
2020-02-04 11:30:00,10.7565,10.456198017493447
2020-02-04 11:45:00,11.416,11.34099415756499
2020-02-04 12:00:00,12.075,11.451774944630095
2020-02-04 12:15:00,12.515,12.486733602166831
2020-02-04 12:30:00,12.7345,12.414781440702708
2020-02-04 12:45:00,13.174,12.847452351218598
2020-02-04 13:00:00,13.833,12.752197547795042
2020-02-04 13:15:00,14.0525,12.242922567947284
2020-02-04 13:30:00,14.712,12.564027930967635
2020-02-04 13:45:00,14.712,12.490071053799443
2020-02-04 14:00:00,14.7115,12.94292966600431
2020-02-04 14:15:00,14.712,12.857215990348191
2020-02-04 14:30:00,14.4925,12.513187351808451
2020-02-04 14:45:00,14.712,12.766787097400135
2020-02-04 15:00:00,14.712,13.285752782437132
2020-02-04 15:15:00,14.712,13.154535829079737
2020-02-04 15:30:00,14.4925,13.791066393924627
2020-02-04 15:45:00,14.2725,13.731307195402199
2020-02-04 16:00:00,14.0525,13.90573118068638
2020-02-04 16:15:00,13.6135,13.45775880944225
2020-02-04 16:30:00,12.954,13.384668034643836
2020-02-04 16:45:00,12.5145,13.694200510718288
2020-02-04 17:00:00,12.295,13.313186801711828
2020-02-04 17:15:00,11.636,13.452235983063478
2020-02-04 17:30:00,10.9765,13.46501894628339
2020-02-04 17:45:00,10.537,13.148608098157439
2020-02-04 18:00:00,10.098,12.783342421285342
2020-02-04 18:15:00,9.658,13.032053344171606
2020-02-04 18:30:00,9.4385,13.05274398093365
2020-02-04 18:45:00,8.999,12.505754336398194
2020-02-04 19:00:00,8.7795,12.425824622796496
2020-02-04 19:15:00,8.3395,11.810627420534196
2020-02-04 19:30:00,8.3395,11.387628284950775
2020-02-04 19:45:00,8.12,11.339050550963673
2020-02-04 20:00:00,8.12,11.172364079853505
2020-02-04 20:15:00,7.6805,11.11262244318453
2020-02-04 20:30:00,7.6805,10.941588280354434
2020-02-04 20:45:00,7.6805,10.85612519446578
2020-02-04 21:00:00,7.6805,10.613926147421694
2020-02-04 21:15:00,7.461,10.222737049356514
2020-02-04 21:30:00,7.241,10.408034527985661
2020-02-04 21:45:00,7.241,10.032884443653407
2020-02-04 22:00:00,7.241,10.205681354168568
2020-02-04 22:15:00,7.0215,9.980350355913696
2020-02-04 22:30:00,6.8015,9.31311744637229
2020-02-04 22:45:00,6.582,9.301223921573438
2020-02-04 23:00:00,6.3625,9.200788478503856
2020-02-04 23:15:00,6.1425,8.801273174885106
2020-02-04 23:30:00,6.1425,8.68215759666479
2020-02-04 23:45:00,5.923,8.999389361573359
2020-02-05 00:00:00,5.7035,8.953096137239989
2020-02-05 00:15:00,5.2635,8.818818404112642
2020-02-05 00:30:00,5.044,9.097452471218254
2020-02-05 00:45:00,4.8245,8.57068670842666
2020-02-05 01:00:00,4.6045,8.516235110558666
2020-02-05 01:15:00,4.3845,8.802240850715537
2020-02-05 01:30:00,4.165,8.70168465978144
2020-02-05 01:45:00,3.9455,8.140326117435622
2020-02-05 02:00:00,3.7255,8.399920388821581
2020-02-05 02:15:00,3.5055,7.864114864119691
2020-02-05 02:30:00,3.286,8.215793816607444
2020-02-05 02:45:00,3.0665,8.01240393416409
2020-02-05 03:00:00,3.0665,7.9381113517100665
2020-02-05 03:15:00,2.627,7.826836904164847
2020-02-05 03:30:00,2.627,7.772388445578288
2020-02-05 03:45:00,2.627,7.762206619276878
2020-02-05 04:00:00,2.1875,7.745852631766582
2020-02-05 04:15:00,2.1875,7.585608974693961
2020-02-05 04:30:00,2.1875,7.285364221807864
2020-02-05 04:45:00,1.7485,7.6277026384167845
2020-02-05 05:00:00,1.7485,7.076268045556143
2020-02-05 05:15:00,1.3085,7.084689759791876
2020-02-05 05:30:00,1.3085,6.962213329813006
2020-02-05 05:45:00,1.3085,7.2879128033739295
2020-02-05 06:00:00,1.3085,6.925228626097307
2020-02-05 06:15:00,0.8695,7.215134389748712
2020-02-05 06:30:00,0.8695,6.8259212152285915
2020-02-05 06:45:00,0.8695,6.5052347454941595
2020-02-05 07:00:00,0.6495,6.475369644125539
2020-02-05 07:15:00,0.4295,6.425108696629811
2020-02-05 07:30:00,0.4295,6.5859412875905585
2020-02-05 07:45:00,0.4295,6.982539615680071
2020-02-05 08:00:00,0.4295,7.168358098908561
2020-02-05 08:15:00,0.8695,7.3379631311545905
2020-02-05 08:30:00,1.3085,7.145785086085898
2020-02-05 08:45:00,1.7485,7.1960972182206495
2020-02-05 09:00:00,2.4075,7.72910840434885
2020-02-05 09:15:00,3.0665,7.987342904533095
2020-02-05 09:30:00,4.165,8.38697247059366
2020-02-05 09:45:00,4.824,8.671259055248077
2020-02-05 10:00:00,5.4835,8.911726091470204
2020-02-05 10:15:00,6.3625,9.085447341113564
2020-02-05 10:30:00,7.241,9.053961618085355
2020-02-05 10:45:00,8.12,9.521154963247152
2020-02-05 11:00:00,8.999,9.572283614361437
2020-02-05 11:15:00,10.0975,10.075925007594545
2020-02-05 11:30:00,10.757,10.755043881896471
2020-02-05 11:45:00,11.6355,11.223797751213036
2020-02-05 12:00:00,12.295,11.416461438905769
2020-02-05 12:15:00,12.7345,11.999570424180355
2020-02-05 12:30:00,12.9545,12.360825476457794
2020-02-05 12:45:00,13.174,12.504436264540978
2020-02-05 13:00:00,13.6135,12.995727818139995
2020-02-05 13:15:00,14.492,13.064384623584152
2020-02-05 13:30:00,15.1515,12.552137328066902
2020-02-05 13:45:00,15.591,12.550948862397357
2020-02-05 14:00:00,16.25,12.845137828672026
2020-02-05 14:15:00,16.25,13.036953718936827
2020-02-05 14:30:00,16.25,13.404231732042147
2020-02-05 14:45:00,16.0305,13.56261828960424
2020-02-05 15:00:00,16.0305,13.221694790498846
2020-02-05 15:15:00,16.0305,13.757136799679529
2020-02-05 15:30:00,15.591,13.455970469336142
2020-02-05 15:45:00,15.371,13.736507408451521
2020-02-05 16:00:00,14.932,13.36396687568437
2020-02-05 16:15:00,14.492,13.600093774469908
2020-02-05 16:30:00,14.053,13.724671524898286
2020-02-05 16:45:00,13.3935,13.443173845261702
2020-02-05 17:00:00,12.954,13.594349283465325
2020-02-05 17:15:00,12.5145,13.82782284688094
2020-02-05 17:30:00,12.2945,13.572826512252936
2020-02-05 17:45:00,11.8555,13.30875731940508
2020-02-05 18:00:00,11.1965,13.12768872289302
2020-02-05 18:15:00,10.757,13.31148080535877
2020-02-05 18:30:00,10.3175,13.417511349691608
2020-02-05 18:45:00,9.878,13.087834816938274
2020-02-05 19:00:00,9.658,13.292619207092375
2020-02-05 19:15:00,9.219,12.777551052451143
2020-02-05 19:30:00,8.999,12.3199846635946
2020-02-05 19:45:00,8.5595,12.413100268058486
2020-02-05 20:00:00,8.34,11.673209022624402
2020-02-05 20:15:00,8.12,11.348067909783982
2020-02-05 20:30:00,7.6805,11.31107002150813
2020-02-05 20:45:00,7.6805,11.493761677424414
2020-02-05 21:00:00,7.241,11.383381810553622
2020-02-05 21:15:00,7.0215,11.253096011183063
2020-02-05 21:30:00,6.8015,10.900945825273363
2020-02-05 21:45:00,6.582,11.223324315061795
2020-02-05 22:00:00,6.3625,11.416807837815147
2020-02-05 22:15:00,6.1425,11.422608390029918
2020-02-05 22:30:00,5.923,11.153439501135342
2020-02-05 22:45:00,5.7035,11.187982550178061
2020-02-05 23:00:00,5.7035,10.637448146641162
2020-02-05 23:15:00,5.4835,10.551226668021064
2020-02-05 23:30:00,5.2635,10.48120121539203
2020-02-05 23:45:00,5.2635,10.88978585942174
2020-02-06 00:00:00,5.044,10.828996709280338
2020-02-06 00:15:00,4.8245,10.462844770923065
2020-02-06 00:30:00,4.8245,10.365477086387664
2020-02-06 00:45:00,4.8245,10.096604994387077
2020-02-06 01:00:00,4.6045,9.706794552709331
2020-02-06 01:15:00,4.3845,9.439487916697878
2020-02-06 01:30:00,4.3845,9.028714125916562
2020-02-06 01:45:00,4.3845,9.206910533305736
2020-02-06 02:00:00,4.165,8.517509706914762
2020-02-06 02:15:00,3.9455,8.876965140193308
2020-02-06 02:30:00,3.9455,8.265131450055785
2020-02-06 02:45:00,3.5055,8.261452860329053
2020-02-06 03:00:00,3.5055,7.978328346455421
2020-02-06 03:15:00,3.5055,8.104854909376648
2020-02-06 03:30:00,3.286,8.113421099621767
2020-02-06 03:45:00,3.0665,8.124644920634497
2020-02-06 04:00:00,3.0665,8.178749684911786
2020-02-06 04:15:00,2.8465,8.00980729663289
2020-02-06 04:30:00,2.627,7.980656636424338
2020-02-06 04:45:00,2.627,7.987139390902947
2020-02-06 05:00:00,2.627,7.814001801908422
2020-02-06 05:15:00,2.1875,8.222240683065277
2020-02-06 05:30:00,2.1875,7.924436311301494
2020-02-06 05:45:00,2.1875,8.655406757955756
2020-02-06 06:00:00,2.1875,7.63273079562242
2020-02-06 06:15:00,2.1875,7.270208633973685
2020-02-06 06:30:00,1.968,7.4643011933412
2020-02-06 06:45:00,1.7485,7.662378586791978
2020-02-06 07:00:00,1.7485,7.63150533862441
2020-02-06 07:15:00,1.7485,7.258131896593422
2020-02-06 07:30:00,1.7485,6.962018840485524
2020-02-06 07:45:00,1.7485,6.654575848096257
2020-02-06 08:00:00,1.968,6.9092256844524975
2020-02-06 08:15:00,2.627,7.539786144778481
2020-02-06 08:30:00,2.847,7.486064448079679
2020-02-06 08:45:00,3.5055,6.920234818672933
2020-02-06 09:00:00,3.9455,7.365771247612326
2020-02-06 09:15:00,4.8245,7.654413985025285
2020-02-06 09:30:00,5.4835,8.889737169119941
2020-02-06 09:45:00,6.3625,9.262389889729308
2020-02-06 10:00:00,6.802,9.83031476446474
2020-02-06 10:15:00,7.4605,9.948817405845995
2020-02-06 10:30:00,8.12,9.96105796505424
2020-02-06 10:45:00,8.779,10.48948067668096
2020-02-06 11:00:00,9.4385,11.026064638879763
2020-02-06 11:15:00,10.3175,11.99855173070756
2020-02-06 11:30:00,11.196,12.415723245729115
2020-02-06 11:45:00,11.8555,12.43650582148902
2020-02-06 12:00:00,12.5145,13.06780093711888
2020-02-06 12:15:00,12.9545,12.88619257446208
2020-02-06 12:30:00,12.9545,13.087629727318468
2020-02-06 12:45:00,13.3935,12.915706663116724
2020-02-06 13:00:00,13.833,13.678020710533957
2020-02-06 13:15:00,14.2725,13.835144148637848
2020-02-06 13:30:00,14.9315,13.857512174163482
2020-02-06 13:45:00,15.591,13.839412321576509
2020-02-06 14:00:00,16.0305,13.48826372965663
2020-02-06 14:15:00,16.25,13.868033485023467
2020-02-06 14:30:00,16.47,13.850237191017786
2020-02-06 14:45:00,16.25,13.743309151710886
2020-02-06 15:00:00,16.25,13.882432233625357
2020-02-06 15:15:00,16.25,14.197704755384853
2020-02-06 15:30:00,16.25,14.0904721764398
2020-02-06 15:45:00,15.8105,14.093261415026205
2020-02-06 16:00:00,15.371,14.054696205093174
2020-02-06 16:15:00,15.1515,14.39810571168715
2020-02-06 16:30:00,14.492,13.782567834308212
2020-02-06 16:45:00,13.833,14.187226927663804
2020-02-06 17:00:00,13.3935,14.53682919196961
2020-02-06 17:15:00,12.7345,14.1039728137123
2020-02-06 17:30:00,12.2945,13.833405883824243
2020-02-06 17:45:00,11.8555,13.65857593850414
2020-02-06 18:00:00,11.1965,13.903518370395824
2020-02-06 18:15:00,10.757,13.758573200906653
2020-02-06 18:30:00,10.3175,13.636120801162292
2020-02-06 18:45:00,9.658,13.50696540288072
2020-02-06 19:00:00,9.4385,13.157734475188766
2020-02-06 19:15:00,8.999,13.082239433223574
2020-02-06 19:30:00,8.5595,12.859091098047097
2020-02-06 19:45:00,8.34,12.098397884219631
2020-02-06 20:00:00,7.9,11.930177896838643
2020-02-06 20:15:00,7.6805,11.849139576470627
2020-02-06 20:30:00,7.241,12.132740389458242
2020-02-06 20:45:00,7.021,11.844023066689099
2020-02-06 21:00:00,6.8015,11.60563393836935
2020-02-06 21:15:00,6.8015,11.28127812444893
2020-02-06 21:30:00,6.3625,11.62537175924051
2020-02-06 21:45:00,6.3625,11.87356011001351
2020-02-06 22:00:00,6.3625,12.07387058938851
2020-02-06 22:15:00,6.1425,11.638248918117364
2020-02-06 22:30:00,5.923,11.268785912279373
2020-02-06 22:45:00,5.923,11.18122767129101
2020-02-06 23:00:00,5.7035,11.123584125875722
2020-02-06 23:15:00,5.7035,10.654074839180476
2020-02-06 23:30:00,5.4835,11.278461893373498
2020-02-06 23:45:00,5.4835,10.924067821290635
2020-02-07 00:00:00,5.2635,10.665706918634102
2020-02-07 00:15:00,5.2635,10.612873803880738
2020-02-07 00:30:00,5.044,9.806413629095163
2020-02-07 00:45:00,5.044,9.437632148973124
2020-02-07 01:00:00,4.8245,9.177905484290951
2020-02-07 01:15:00,4.8245,9.306094300064261
2020-02-07 01:30:00,4.6045,9.258785687707766
2020-02-07 01:45:00,4.6045,9.14315555111373
2020-02-07 02:00:00,4.6045,9.383431595383861
2020-02-07 02:15:00,4.3845,9.118178613630452
2020-02-07 02:30:00,4.165,8.922479452838246
2020-02-07 02:45:00,4.165,8.998319259704598
2020-02-07 03:00:00,4.165,8.385389151019998
2020-02-07 03:15:00,3.9455,8.221357442658254
2020-02-07 03:30:00,3.7255,7.8911831791927955
2020-02-07 03:45:00,3.7255,8.277235235162292
2020-02-07 04:00:00,3.7255,8.22403231629953
2020-02-07 04:15:00,3.7255,8.11688948600745
2020-02-07 04:30:00,3.5055,8.072908931948337
2020-02-07 04:45:00,3.286,8.345798077832034
2020-02-07 05:00:00,3.286,8.252828573695991
2020-02-07 05:15:00,3.0665,8.46523280876886
2020-02-07 05:30:00,3.0665,8.369162181173733
2020-02-07 05:45:00,2.8465,8.195150290821946
2020-02-07 06:00:00,2.8465,7.943048866502221
2020-02-07 06:15:00,2.8465,8.160021187736923
2020-02-07 06:30:00,2.627,8.392101896627114
2020-02-07 06:45:00,2.627,8.20337740239473
2020-02-07 07:00:00,2.627,7.484135676283071
2020-02-07 07:15:00,2.627,8.301030147925895
2020-02-07 07:30:00,2.627,7.815951086805037
2020-02-07 07:45:00,2.8465,7.759846203175584
2020-02-07 08:00:00,3.066,7.899775608009183
2020-02-07 08:15:00,3.286,7.279437444991442
2020-02-07 08:30:00,3.7255,8.12467546996869
2020-02-07 08:45:00,4.165,7.663641983235588
2020-02-07 09:00:00,4.385,7.748841599847059
2020-02-07 09:15:00,4.824,8.185640268392486
2020-02-07 09:30:00,5.264,8.808303079425798
2020-02-07 09:45:00,5.703,9.829266946197077
2020-02-07 10:00:00,6.3625,9.804290243329891
2020-02-07 10:15:00,7.021,9.827100288186776
2020-02-07 10:30:00,7.461,9.826927072148935
2020-02-07 10:45:00,8.34,10.603932528834791
2020-02-07 11:00:00,8.999,10.436686708226386
2020-02-07 11:15:00,9.878,11.518436099058956
2020-02-07 11:30:00,10.757,11.83814922279061
2020-02-07 11:45:00,11.636,11.91912171289918
2020-02-07 12:00:00,12.295,12.80317999128425
2020-02-07 12:15:00,12.734,12.575243198826316
2020-02-07 12:30:00,12.954,12.720340296809297
2020-02-07 12:45:00,13.3935,12.830081231891137
2020-02-07 13:00:00,13.3935,13.116623618676545
2020-02-07 13:15:00,13.833,13.270370120448623
2020-02-07 13:30:00,14.4925,13.426556349875028
2020-02-07 13:45:00,14.9315,13.531192554544374
2020-02-07 14:00:00,15.3715,13.5676555039801
2020-02-07 14:15:00,15.3715,13.65147676819556
2020-02-07 14:30:00,15.591,13.806641030173266
2020-02-07 14:45:00,15.591,13.795943155508963
2020-02-07 15:00:00,15.591,13.572058486548078
2020-02-07 15:15:00,15.591,13.458639820108084
2020-02-07 15:30:00,15.591,13.709381052064522
2020-02-07 15:45:00,15.3715,13.535545000208574
2020-02-07 16:00:00,15.3715,13.61059556982982
2020-02-07 16:15:00,14.9315,13.948227179963396
2020-02-07 16:30:00,14.712,14.236937345544959
2020-02-07 16:45:00,14.2725,13.76509779263576
2020-02-07 17:00:00,14.2725,14.070544317307952
2020-02-07 17:15:00,13.833,13.845912359056664
2020-02-07 17:30:00,13.613,13.833593882250641
2020-02-07 17:45:00,13.3935,14.169825015258972
2020-02-07 18:00:00,12.954,13.606487668658955
2020-02-07 18:15:00,12.5145,14.202589563191212
2020-02-07 18:30:00,12.295,13.822406451487428
2020-02-07 18:45:00,12.075,13.75712485494709
2020-02-07 19:00:00,11.6355,13.785111632321238
2020-02-07 19:15:00,11.1965,13.969574722415693
2020-02-07 19:30:00,11.1965,13.543887182741397
2020-02-07 19:45:00,10.757,13.631815263403865
2020-02-07 20:00:00,10.3175,13.466144757042873
2020-02-07 20:15:00,10.3175,13.397195171678922
2020-02-07 20:30:00,9.878,13.352023408200399
2020-02-07 20:45:00,9.4385,13.466701611974658
2020-02-07 21:00:00,9.4385,13.415110835073394
2020-02-07 21:15:00,8.999,13.168503512731645
2020-02-07 21:30:00,8.5595,13.046424856915753
2020-02-07 21:45:00,8.5595,12.799058540669368
2020-02-07 22:00:00,8.12,12.836426386374592
2020-02-07 22:15:00,7.9005,12.47523025078258
2020-02-07 22:30:00,7.6805,12.112746665095633
2020-02-07 22:45:00,7.4605,12.120150835308612
2020-02-07 23:00:00,7.241,11.648296575330054
2020-02-07 23:15:00,7.241,11.595413302430593
2020-02-07 23:30:00,7.0215,11.925809127674272
2020-02-07 23:45:00,6.8015,11.673478054320922
2020-02-08 00:00:00,6.8015,11.376982398423925
2020-02-08 00:15:00,6.582,11.146569803973641
2020-02-08 00:30:00,6.3625,11.131980706134067
2020-02-08 00:45:00,6.3625,10.893762680469026
2020-02-08 01:00:00,6.3625,10.620173659377231
2020-02-08 01:15:00,6.1425,10.227280620281372
2020-02-08 01:30:00,5.923,10.492510200319902
2020-02-08 01:45:00,5.7035,10.237811704421608
2020-02-08 02:00:00,5.4835,10.250868344860043
2020-02-08 02:15:00,5.2635,10.037558288854264
2020-02-08 02:30:00,5.044,10.21033152241581
2020-02-08 02:45:00,5.044,10.148621314073036
2020-02-08 03:00:00,5.044,9.771639697971624
2020-02-08 03:15:00,5.044,9.829914040610536
2020-02-08 03:30:00,4.6045,9.698644791164549
2020-02-08 03:45:00,4.6045,9.76652700112762
2020-02-08 04:00:00,4.3845,9.651899357835266
2020-02-08 04:15:00,4.165,10.057233690905202
2020-02-08 04:30:00,4.165,9.945827355836425
2020-02-08 04:45:00,3.9455,9.77790691412346
2020-02-08 05:00:00,3.7255,10.175017813735742
2020-02-08 05:15:00,3.5055,9.922198663972091
2020-02-08 05:30:00,3.5055,10.095221308171828
2020-02-08 05:45:00,3.286,10.16682709793465
2020-02-08 06:00:00,3.0665,9.928691387958386
2020-02-08 06:15:00,2.8465,10.087319160356047
2020-02-08 06:30:00,2.627,10.276415188531518
2020-02-08 06:45:00,2.627,9.575319636315648
2020-02-08 07:00:00,2.4075,9.320534726960055
2020-02-08 07:15:00,2.4075,9.867630566275215
2020-02-08 07:30:00,2.1875,9.432341897979255
2020-02-08 07:45:00,2.1875,9.203996707312939
2020-02-08 08:00:00,2.1875,9.518797858208641
2020-02-08 08:15:00,2.4075,9.46597247589065
2020-02-08 08:30:00,2.627,9.668398960591725
2020-02-08 08:45:00,3.5055,9.281422788892865
2020-02-08 09:00:00,3.9455,9.37246033810331
2020-02-08 09:15:00,4.8245,9.732704941284181
2020-02-08 09:30:00,5.4835,9.650150756372847
2020-02-08 09:45:00,6.3625,9.650451207430189
2020-02-08 10:00:00,7.0215,9.862132208920345
2020-02-08 10:15:00,7.9005,10.303753426800062
2020-02-08 10:30:00,8.5595,10.140773786526289
2020-02-08 10:45:00,9.4385,10.347563734208027
2020-02-08 11:00:00,10.3175,10.798602231881937
2020-02-08 11:15:00,11.416,11.238766900313065
2020-02-08 11:30:00,12.075,11.456136663784912
2020-02-08 11:45:00,13.174,11.587846781744418
2020-02-08 12:00:00,13.833,12.445620071406944
2020-02-08 12:15:00,14.2725,12.081600467048753
2020-02-08 12:30:00,14.492,12.28279706607887
2020-02-08 12:45:00,14.712,12.474724262734641
2020-02-08 13:00:00,14.9315,13.174078724718898
2020-02-08 13:15:00,15.591,13.463491370557856
2020-02-08 13:30:00,16.0305,13.134165807171728
2020-02-08 13:45:00,16.6895,13.225552039757419
2020-02-08 14:00:00,17.129,13.642110799920113
2020-02-08 14:15:00,17.568,13.412710880749806
2020-02-08 14:30:00,17.788,13.041123827027016
2020-02-08 14:45:00,18.0075,13.227270946588561
2020-02-08 15:00:00,18.2275,13.677048148661093
2020-02-08 15:15:00,18.4475,13.640396204366683
2020-02-08 15:30:00,18.2275,13.226476754875204
2020-02-08 15:45:00,18.2275,12.630563035983553
2020-02-08 16:00:00,18.008,13.038247986205558
2020-02-08 16:15:00,17.568,12.421264771128664
2020-02-08 16:30:00,17.3485,10.951745305708114
2020-02-08 16:45:00,16.909,10.906060173704095
2020-02-08 17:00:00,16.25,10.384654942695688
2020-02-08 17:15:00,15.8105,10.089956458220064
2020-02-08 17:30:00,15.3715,9.011173297707524
2020-02-08 17:45:00,14.9315,9.357242991950555
2020-02-08 18:00:00,14.4925,9.477340031841313
2020-02-08 18:15:00,14.0525,9.696476981153456
2020-02-08 18:30:00,13.6135,9.708573362275642
2020-02-08 18:45:00,13.1735,9.540438101851827
2020-02-08 19:00:00,12.7345,9.702827327671043
2020-02-08 19:15:00,12.075,10.046349387633889
2020-02-08 19:30:00,11.855,9.367373169259839
2020-02-08 19:45:00,11.416,9.262698778664705
2020-02-08 20:00:00,11.1965,9.162622106452455
2020-02-08 20:15:00,10.757,9.188164570916062
2020-02-08 20:30:00,10.3175,9.560113498791232
2020-02-08 20:45:00,10.3175,9.371219080358609
2020-02-08 21:00:00,9.878,9.302265113058741
2020-02-08 21:15:00,9.878,8.518491391550887
2020-02-08 21:30:00,9.4385,8.623070480478102
2020-02-08 21:45:00,9.4385,8.184411221633509
2020-02-08 22:00:00,9.2185,8.145723773203374
2020-02-08 22:15:00,8.999,8.224359434463432
2020-02-08 22:30:00,8.999,8.41611104300202
2020-02-08 22:45:00,8.999,8.238884429217551
2020-02-08 23:00:00,8.7795,8.18550360081053
2020-02-08 23:15:00,8.5595,8.322766632655787
2020-02-08 23:30:00,8.5595,7.983932521758602
2020-02-08 23:45:00,8.3395,8.377481283637183
2020-02-09 00:00:00,8.3395,8.489441061185714
2020-02-09 00:15:00,8.12,7.926490460036314
2020-02-09 00:30:00,7.9005,8.148158610150652
2020-02-09 00:45:00,7.6805,8.16736070728896
2020-02-09 01:00:00,7.6805,8.435337587537383
2020-02-09 01:15:00,7.6805,8.415584640663745
2020-02-09 01:30:00,7.6805,8.002718613343127
2020-02-09 01:45:00,7.4605,7.9679924651018
2020-02-09 02:00:00,7.241,7.596492449849905
2020-02-09 02:15:00,7.241,7.746848271501004
2020-02-09 02:30:00,7.241,7.798473828819719
2020-02-09 02:45:00,7.241,7.805720486622092
2020-02-09 03:00:00,7.241,7.439339139198834
2020-02-09 03:15:00,7.241,7.549170675282355
2020-02-09 03:30:00,7.241,7.330500411214695
2020-02-09 03:45:00,7.241,7.389210590839113
2020-02-09 04:00:00,7.241,7.507852899724972
2020-02-09 04:15:00,7.241,7.5561544710981865
2020-02-09 04:30:00,7.241,8.175749812990114
2020-02-09 04:45:00,7.241,8.887244452843031
2020-02-09 05:00:00,7.241,9.372315008419816
2020-02-09 05:15:00,7.241,9.888548489861167
2020-02-09 05:30:00,7.241,9.941612781265489
2020-02-09 05:45:00,7.241,10.170585941668724
2020-02-09 06:00:00,7.241,10.181913253247323
2020-02-09 06:15:00,7.241,10.195381657758018
2020-02-09 06:30:00,7.241,9.528292688837288
2020-02-09 06:45:00,7.4605,9.768189621864398
2020-02-09 07:00:00,7.4605,9.612707252604022
2020-02-09 07:15:00,7.4605,9.320323780830812
2020-02-09 07:30:00,7.6805,8.49666196330133
2020-02-09 07:45:00,7.6805,9.347630348247014
2020-02-09 08:00:00,7.6805,9.420187549637204
2020-02-09 08:15:00,7.9,9.779260238546145
2020-02-09 08:30:00,8.12,8.822769157056241
2020-02-09 08:45:00,8.12,8.789212868813346
2020-02-09 09:00:00,8.34,9.562254184455528
2020-02-09 09:15:00,8.34,9.605490829663184
2020-02-09 09:30:00,8.779,9.293906727603046
2020-02-09 09:45:00,9.219,9.743312705770684
2020-02-09 10:00:00,9.4385,10.260433068158717
2020-02-09 10:15:00,9.878,10.030902800958396
2020-02-09 10:30:00,10.3175,10.320179488027195
2020-02-09 10:45:00,10.3175,9.560404149507493
2020-02-09 11:00:00,10.757,10.257962180270113
2020-02-09 11:15:00,11.1965,10.744230343623208
2020-02-09 11:30:00,11.6355,11.56963089712705
2020-02-09 11:45:00,11.855,12.478042659406384
2020-02-09 12:00:00,12.5145,12.366529132385757
2020-02-09 12:15:00,12.954,12.536351929323109
2020-02-09 12:30:00,13.833,13.528091119677944
2020-02-09 12:45:00,14.2725,13.655036728173169
2020-02-09 13:00:00,14.2725,14.048388916018753
2020-02-09 13:15:00,15.1515,13.953924867845403
2020-02-09 13:30:00,15.591,13.905298847134041
2020-02-09 13:45:00,16.0305,14.572572039944736
2020-02-09 14:00:00,16.6895,14.828307300009577
2020-02-09 14:15:00,16.6895,14.57990152560139
2020-02-09 14:30:00,17.1285,15.056688402714121
2020-02-09 14:45:00,17.3485,14.903871819589884
2020-02-09 15:00:00,17.3485,14.7905396198454
2020-02-09 15:15:00,17.5685,15.081820480569968
2020-02-09 15:30:00,17.5685,14.426309113675815
2020-02-09 15:45:00,17.5685,14.620029119799572
2020-02-09 16:00:00,17.5685,14.660720475119989
2020-02-09 16:15:00,17.5685,14.724122779321068
2020-02-09 16:30:00,17.3485,14.190320813169503
2020-02-09 16:45:00,17.3485,14.14898879942007
2020-02-09 17:00:00,16.909,14.30125477896053
2020-02-09 17:15:00,16.909,13.722352658146349
2020-02-09 17:30:00,16.909,13.555289661099817
2020-02-09 17:45:00,16.4695,12.665717474321982
2020-02-09 18:00:00,16.4695,11.928563300837851
2020-02-09 18:15:00,16.0305,11.871326277760165
2020-02-09 18:30:00,16.0305,12.073117994782898
2020-02-09 18:45:00,15.591,12.492071016173105
2020-02-09 19:00:00,15.591,11.9861273273385
2020-02-09 19:15:00,15.371,12.864254737232889
2020-02-09 19:30:00,15.1515,13.910963073561119
2020-02-09 19:45:00,15.1515,13.554510174039033
2020-02-09 20:00:00,14.932,12.917672268064662
2020-02-09 20:15:00,14.712,13.296376556803784
2020-02-09 20:30:00,14.712,13.528565278509639
2020-02-09 20:45:00,14.492,13.423413386655808
2020-02-09 21:00:00,14.2725,12.967498798366394
2020-02-09 21:15:00,14.2725,12.974807654093102
2020-02-09 21:30:00,13.833,13.280018050147962
2020-02-09 21:45:00,13.833,12.848365542592246
2020-02-09 22:00:00,13.833,12.94956983447969
2020-02-09 22:15:00,13.833,12.57714022454975
2020-02-09 22:30:00,13.3935,12.670576156822714
2020-02-09 22:45:00,13.3935,12.689776526403392
2020-02-09 23:00:00,13.3935,12.858119438728439
2020-02-09 23:15:00,13.3935,13.087973866419398
2020-02-09 23:30:00,13.174,12.984088439205493
2020-02-09 23:45:00,12.954,12.854830348853977
2020-02-10 00:00:00,12.954,12.79739320888217
2020-02-10 00:15:00,12.954,12.640539364353222
2020-02-10 00:30:00,12.954,12.833782729113347
2020-02-10 00:45:00,12.954,12.819013877412152
2020-02-10 01:00:00,12.734,13.217340724968377
2020-02-10 01:15:00,12.5145,13.090346063222608
2020-02-10 01:30:00,12.5145,13.124664725063335
2020-02-10 01:45:00,12.5145,13.230108880467473
2020-02-10 02:00:00,12.5145,12.805826545164233
2020-02-10 02:15:00,12.075,12.629131865306876
2020-02-10 02:30:00,12.075,12.485095676306447
2020-02-10 02:45:00,12.075,13.026386160506654
2020-02-10 03:00:00,12.075,12.62708627005633
2020-02-10 03:15:00,12.075,12.709988003289812
2020-02-10 03:30:00,11.855,12.682025095474229
2020-02-10 03:45:00,11.6355,12.65370899880271
2020-02-10 04:00:00,11.6355,12.94228559557871
2020-02-10 04:15:00,11.6355,13.667548997401003
2020-02-10 04:30:00,11.6355,13.814817542796845
2020-02-10 04:45:00,11.6355,14.556706665420693
2020-02-10 05:00:00,11.6355,14.316897608728299
2020-02-10 05:15:00,11.6355,14.498113913369881
2020-02-10 05:30:00,11.6355,14.356047053647995
2020-02-10 05:45:00,11.416,14.033359524286357
2020-02-10 06:00:00,11.416,14.762166201923572
2020-02-10 06:15:00,11.416,14.387247178612403
2020-02-10 06:30:00,11.416,13.870774379954236
2020-02-10 06:45:00,11.416,13.489905114963298
2020-02-10 07:00:00,11.416,13.671374342951486
2020-02-10 07:15:00,11.416,13.77907172035302
2020-02-10 07:30:00,10.977,13.533283503197794
2020-02-10 07:45:00,10.977,13.903200922424672
2020-02-10 08:00:00,10.977,13.904101966478617
2020-02-10 08:15:00,10.757,13.680002130704791
2020-02-10 08:30:00,10.537,13.936166934493748
2020-02-10 08:45:00,10.537,14.07242106381236
2020-02-10 09:00:00,10.537,13.85996398613651
2020-02-10 09:15:00,10.537,14.750226120822276
2020-02-10 09:30:00,10.537,13.832227650874804
2020-02-10 09:45:00,10.537,14.45291290196541
2020-02-10 10:00:00,10.757,14.033696522400989
2020-02-10 10:15:00,10.977,13.916941560919694
2020-02-10 10:30:00,10.977,13.895516153893391
2020-02-10 10:45:00,11.1965,13.607076341597397
2020-02-10 11:00:00,11.416,14.204190796430774
2020-02-10 11:15:00,12.075,15.0506372524396
2020-02-10 11:30:00,12.295,14.967376931962365
2020-02-10 11:45:00,12.734,15.69016767181949
2020-02-10 12:00:00,12.954,15.38800064758734
2020-02-10 12:15:00,13.3935,15.220873620171005
2020-02-10 12:30:00,13.613,15.638743420754677
2020-02-10 12:45:00,14.053,15.932750129708474
2020-02-10 13:00:00,14.4925,15.768490765492949
2020-02-10 13:15:00,14.9315,15.592972899930924
2020-02-10 13:30:00,15.1515,16.534985772260782
2020-02-10 13:45:00,15.3715,16.44199749304132
2020-02-10 14:00:00,15.1515,16.58585123547795
2020-02-10 14:15:00,15.1515,16.352575214166897
2020-02-10 14:30:00,14.932,16.949812408019813
2020-02-10 14:45:00,14.932,16.759721663994085
2020-02-10 15:00:00,14.932,16.58356710915859
2020-02-10 15:15:00,14.932,17.074557785273818
2020-02-10 15:30:00,14.932,16.85456917816232
2020-02-10 15:45:00,14.932,17.098051911324617
2020-02-10 16:00:00,14.932,17.128950358963195
2020-02-10 16:15:00,14.932,17.1514813404086
2020-02-10 16:30:00,14.712,16.758030644348665
2020-02-10 16:45:00,14.492,17.021347968503598
2020-02-10 17:00:00,14.492,17.146701784893505
2020-02-10 17:15:00,14.2725,16.432140333513534
2020-02-10 17:30:00,14.053,16.323538918573867
2020-02-10 17:45:00,13.833,15.863518058760025
2020-02-10 18:00:00,13.833,15.18881961294307
2020-02-10 18:15:00,13.3935,16.124215210192475
2020-02-10 18:30:00,13.174,16.51731228593115
2020-02-10 18:45:00,12.954,16.64372526959613
2020-02-10 19:00:00,12.5145,16.96160416194694
2020-02-10 19:15:00,12.295,15.450226593996812
2020-02-10 19:30:00,12.075,15.383930489504776
2020-02-10 19:45:00,11.855,15.206793824268127
2020-02-10 20:00:00,11.6355,15.320528950418455
2020-02-10 20:15:00,11.1965,14.837702802814647
2020-02-10 20:30:00,10.977,15.244033333127277
2020-02-10 20:45:00,10.757,14.877322027429834
2020-02-10 21:00:00,10.537,14.60443718037742
2020-02-10 21:15:00,10.3175,14.587930897071768
2020-02-10 21:30:00,9.878,14.599131456590804
2020-02-10 21:45:00,9.878,14.874129819986251
2020-02-10 22:00:00,9.4385,13.992524089602016
2020-02-10 22:15:00,9.4385,14.038875454657214
2020-02-10 22:30:00,8.999,14.12833519932266
2020-02-10 22:45:00,8.999,14.627657195501067
2020-02-10 23:00:00,8.5595,14.2605044728489
2020-02-10 23:15:00,8.5595,14.540092182054726
2020-02-10 23:30:00,8.3395,14.325028710972482
2020-02-10 23:45:00,8.12,14.381901720972845
2020-02-11 00:00:00,8.12,13.453693645592239
2020-02-11 00:15:00,7.9005,13.294807747709564
2020-02-11 00:30:00,7.6805,12.966337870284885
2020-02-11 00:45:00,7.6805,12.79223938053758
2020-02-11 01:00:00,7.6805,12.76268159915899
2020-02-11 01:15:00,7.241,12.717236148109578
2020-02-11 01:30:00,7.241,12.666083614376529
2020-02-11 01:45:00,7.241,12.490589508403271
2020-02-11 02:00:00,6.8015,12.212473426344362
2020-02-11 02:15:00,6.8015,12.579339394703787
2020-02-11 02:30:00,6.3625,12.582319376737923
2020-02-11 02:45:00,6.3625,12.683849053312969
2020-02-11 03:00:00,6.1425,12.705019741704742
2020-02-11 03:15:00,5.923,12.957533097048437
2020-02-11 03:30:00,5.7035,12.597408122160564
2020-02-11 03:45:00,5.4835,12.317076988884434
2020-02-11 04:00:00,5.2635,12.463488352149245
2020-02-11 04:15:00,5.044,12.591627797442019
2020-02-11 04:30:00,5.044,12.206753528911825
2020-02-11 04:45:00,4.8245,12.622067363902842
2020-02-11 05:00:00,4.6045,12.365820980732325
2020-02-11 05:15:00,4.3845,12.625694969740746
2020-02-11 05:30:00,4.165,12.31055252153569
2020-02-11 05:45:00,4.165,11.995090843316571
2020-02-11 06:00:00,3.9455,12.159876877614813
2020-02-11 06:15:00,3.7255,11.343836296709696
2020-02-11 06:30:00,3.7255,11.44176688318552
2020-02-11 06:45:00,3.7255,11.482641173548926
2020-02-11 07:00:00,3.5055,11.742980667039996
2020-02-11 07:15:00,3.5055,12.310373890880403
2020-02-11 07:30:00,3.286,12.672117783185875
2020-02-11 07:45:00,3.286,13.04452441470178
2020-02-11 08:00:00,3.286,13.307330179538607
2020-02-11 08:15:00,3.7255,12.986022298066462
2020-02-11 08:30:00,4.165,13.157520163316091
2020-02-11 08:45:00,4.6045,13.142633894090775
2020-02-11 09:00:00,5.044,13.464644252097742
2020-02-11 09:15:00,5.923,13.13821837458254
2020-02-11 09:30:00,6.8015,14.070913642582575
2020-02-11 09:45:00,7.241,13.343852545881683
2020-02-11 10:00:00,8.12,13.330365223203989
2020-02-11 10:15:00,8.999,13.372751260721435
2020-02-11 10:30:00,9.6585,13.624549694384804
2020-02-11 10:45:00,10.5375,14.387175050416538
2020-02-11 11:00:00,11.196,15.14676900481088
2020-02-11 11:15:00,12.075,14.788371868638333
2020-02-11 11:30:00,12.734,15.531409330801797
2020-02-11 11:45:00,13.3935,15.279209379138058
2020-02-11 12:00:00,14.2725,16.135560193769525
2020-02-11 12:15:00,14.9315,15.346848678090359
2020-02-11 12:30:00,15.1515,16.156111875552163
2020-02-11 12:45:00,15.5905,15.931658821115832
2020-02-11 13:00:00,16.25,16.723235074559444
2020-02-11 13:15:00,16.6895,17.219067727781216
2020-02-11 13:30:00,17.129,17.367672399182116
2020-02-11 13:45:00,17.568,17.98132321908137
2020-02-11 14:00:00,17.788,18.77668494879957
2020-02-11 14:15:00,18.0075,18.87057689172232
2020-02-11 14:30:00,18.2275,19.284042608738933
2020-02-11 14:45:00,18.4475,19.92968765073643
2020-02-11 15:00:00,18.4475,19.110350814567564
2020-02-11 15:15:00,18.667,19.336908127830366
2020-02-11 15:30:00,18.447,19.044937743756044
2020-02-11 15:45:00,18.2275,19.44674140628251
2020-02-11 16:00:00,18.008,19.45370768228726
2020-02-11 16:15:00,17.568,19.371377294241135
2020-02-11 16:30:00,17.129,18.856960191605914
2020-02-11 16:45:00,16.909,18.55815129327635
2020-02-11 17:00:00,16.6895,19.43758013128188
2020-02-11 17:15:00,16.25,19.464384448247458
2020-02-11 17:30:00,16.03,18.905950308057193
2020-02-11 17:45:00,15.591,18.89085689614219
2020-02-11 18:00:00,15.1515,18.54201125920259
2020-02-11 18:15:00,14.712,19.045474775458718
2020-02-11 18:30:00,14.4925,19.41779582801895
2020-02-11 18:45:00,14.2725,18.441090075935776
2020-02-11 19:00:00,13.833,19.191610909181684
2020-02-11 19:15:00,13.3935,18.942816746589937
2020-02-11 19:30:00,13.3935,19.292124448238816
2020-02-11 19:45:00,13.1735,20.002685197068278
2020-02-11 20:00:00,12.954,19.99714557498696
2020-02-11 20:15:00,12.7345,19.056907956745036
2020-02-11 20:30:00,12.5145,19.328631398086966
2020-02-11 20:45:00,12.2945,20.233734225718436
2020-02-11 21:00:00,12.075,19.368283475506367
2020-02-11 21:15:00,11.636,19.37920114725424
2020-02-11 21:30:00,11.416,19.482269079610244
2020-02-11 21:45:00,11.196,19.111027524120114
2020-02-11 22:00:00,10.9765,18.53034759666372
2020-02-11 22:15:00,10.757,18.766349440810192
2020-02-11 22:30:00,10.3175,18.542460144852
2020-02-11 22:45:00,10.3175,18.71832248028959
2020-02-11 23:00:00,10.3175,17.84796230749542
2020-02-11 23:15:00,10.3175,17.974180112191085
2020-02-11 23:30:00,10.0975,18.051010631394654
2020-02-11 23:45:00,10.0975,18.33353602049078
2020-02-12 00:00:00,9.878,17.73115280919382
2020-02-12 00:15:00,9.6585,17.8634618463907
2020-02-12 00:30:00,9.6585,17.886610993206855
2020-02-12 00:45:00,9.4385,17.29077341319269
2020-02-12 01:00:00,9.2185,17.589655247511683
2020-02-12 01:15:00,8.999,18.027624005417177
2020-02-12 01:30:00,8.5595,17.767709307483507
2020-02-12 01:45:00,8.3395,17.37289840168637
2020-02-12 02:00:00,8.12,16.937599160421257
2020-02-12 02:15:00,7.6805,17.484021444599083
2020-02-12 02:30:00,7.461,16.7265747314241
2020-02-12 02:45:00,7.241,16.23216469836477
2020-02-12 03:00:00,6.8015,16.175056035678814
2020-02-12 03:15:00,6.3625,16.262837840833793
2020-02-12 03:30:00,6.3625,15.909410036173563
2020-02-12 03:45:00,5.923,16.29329110775163
2020-02-12 04:00:00,5.923,15.608775133355321
2020-02-12 04:15:00,5.4835,15.029909445893383
2020-02-12 04:30:00,5.4835,15.271560097945834
2020-02-12 04:45:00,5.044,15.12746861882737
2020-02-12 05:00:00,5.044,13.71702876140468
2020-02-12 05:15:00,4.6045,14.104944003263792
2020-02-12 05:30:00,4.6045,13.710274803371684
2020-02-12 05:45:00,4.3845,15.220448158732285
2020-02-12 06:00:00,4.165,15.276232089653327
2020-02-12 06:15:00,4.165,14.82022476724627
2020-02-12 06:30:00,3.9455,14.028265373108118
2020-02-12 06:45:00,3.7255,14.753782688003842
2020-02-12 07:00:00,3.7255,14.630502582861322
2020-02-12 07:15:00,3.7255,14.717169601431676
2020-02-12 07:30:00,3.7255,14.236132559935905
2020-02-12 07:45:00,3.7255,14.352465298423956
2020-02-12 08:00:00,3.7255,13.482191511229832
2020-02-12 08:15:00,3.9455,14.395102524351984
2020-02-12 08:30:00,4.3845,14.687777615346635
2020-02-12 08:45:00,5.044,16.62688772877808
2020-02-12 09:00:00,5.923,16.71325799824907
2020-02-12 09:15:00,6.582,17.43169343470157
2020-02-12 09:30:00,7.4605,17.779364632707605
2020-02-12 09:45:00,8.3395,17.987764039229205
2020-02-12 10:00:00,8.999,17.29823002990918
2020-02-12 10:15:00,9.658,17.726945305973256
2020-02-12 10:30:00,10.537,17.507180744165566
2020-02-12 10:45:00,11.1965,17.87345603959384
2020-02-12 11:00:00,12.075,18.01242208602739
2020-02-12 11:15:00,12.7345,17.579543697838062
2020-02-12 11:30:00,13.6135,18.12829619134578
2020-02-12 11:45:00,14.492,17.585409082376106
2020-02-12 12:00:00,15.1515,18.12440810623331
2020-02-12 12:15:00,15.5905,17.648492122212797
2020-02-12 12:30:00,15.371,18.356726633473706
2020-02-12 12:45:00,15.591,18.517513420432756
2020-02-12 13:00:00,16.0305,18.573684395572034
2020-02-12 13:15:00,16.6895,18.66695285816856
2020-02-12 13:30:00,17.5685,18.5898082934748
2020-02-12 13:45:00,18.008,18.74098701254136
2020-02-12 14:00:00,18.4475,18.6795447808193
2020-02-12 14:15:00,18.447,19.43378303828015
2020-02-12 14:30:00,18.4475,19.291206756885966
2020-02-12 14:45:00,18.667,18.73192271623481
2020-02-12 15:00:00,18.8865,19.583306844669078
2020-02-12 15:15:00,18.8865,19.383448505127795
2020-02-12 15:30:00,18.667,19.574986372108697
2020-02-12 15:45:00,18.447,19.982613493354016
2020-02-12 16:00:00,18.2275,19.255198310237493
2020-02-12 16:15:00,18.008,19.785687446755173
2020-02-12 16:30:00,17.349,19.8597542167258
2020-02-12 16:45:00,17.129,19.81423252464664
2020-02-12 17:00:00,16.4695,18.82545336344264
2020-02-12 17:15:00,16.0305,19.585365352012115
2020-02-12 17:30:00,15.371,19.002431603826473
2020-02-12 17:45:00,14.932,19.98427993695825
2020-02-12 18:00:00,14.492,20.161377724988245
2020-02-12 18:15:00,13.833,19.918470472453926
2020-02-12 18:30:00,13.833,20.12904490175823
2020-02-12 18:45:00,13.3935,20.401974327161568
2020-02-12 19:00:00,13.1735,20.02625149571658
2020-02-12 19:15:00,12.7345,19.977977455200968
2020-02-12 19:30:00,12.7345,18.84947410621427
2020-02-12 19:45:00,12.2945,19.286704624101173
2020-02-12 20:00:00,12.075,18.692926166495077
2020-02-12 20:15:00,11.8555,19.055009778935204
2020-02-12 20:30:00,11.6355,18.097589741331
2020-02-12 20:45:00,11.416,18.546791717439625
2020-02-12 21:00:00,11.1965,17.23480630444527
2020-02-12 21:15:00,10.977,17.366312492096075
2020-02-12 21:30:00,10.757,17.14034142986388
2020-02-12 21:45:00,10.537,16.806274136545706
2020-02-12 22:00:00,10.3175,16.56135943628728
2020-02-12 22:15:00,10.098,16.735406782257556
2020-02-12 22:30:00,9.878,15.968944230570026
2020-02-12 22:45:00,9.4385,17.014806853044615
2020-02-12 23:00:00,8.999,17.40831571069937
2020-02-12 23:15:00,8.999,17.266452335617053
2020-02-12 23:30:00,8.5595,16.630347664448212
2020-02-12 23:45:00,8.5595,16.71690018458389
2020-02-13 00:00:00,8.12,16.90398520302921
2020-02-13 00:15:00,8.12,16.24874548428126
2020-02-13 00:30:00,7.6805,15.843770450552654
2020-02-13 00:45:00,7.461,16.325774182333372
2020-02-13 01:00:00,7.241,16.78754290508271
2020-02-13 01:15:00,7.021,16.93767984293428
2020-02-13 01:30:00,6.8015,17.377841712899865
2020-02-13 01:45:00,6.8015,16.358226835955886
2020-02-13 02:00:00,6.3625,16.66447987047597
2020-02-13 02:15:00,6.3625,16.21976281036375
2020-02-13 02:30:00,5.923,15.691886240448458
2020-02-13 02:45:00,5.923,17.397236064430857
2020-02-13 03:00:00,5.7035,16.989453880022513
2020-02-13 03:15:00,5.4835,16.92359735877859
2020-02-13 03:30:00,5.4835,16.291504265352376
2020-02-13 03:45:00,5.044,15.037788723663619
2020-02-13 04:00:00,5.044,14.374950619962245
2020-02-13 04:15:00,4.8245,14.69261824753236
2020-02-13 04:30:00,4.6045,15.307033976231766
2020-02-13 04:45:00,4.6045,14.484918286257917
2020-02-13 05:00:00,4.6045,14.335807687009398
2020-02-13 05:15:00,4.3845,13.80936690951475
2020-02-13 05:30:00,4.165,13.87828054975474
2020-02-13 05:45:00,4.165,13.73998766779651
2020-02-13 06:00:00,3.9455,13.971026330487701
2020-02-13 06:15:00,3.7255,14.4107148210187
2020-02-13 06:30:00,3.7255,13.64283078820583
2020-02-13 06:45:00,3.7255,13.22276186042212
2020-02-13 07:00:00,3.5055,12.087647931932235
2020-02-13 07:15:00,3.5055,12.323273205055692
2020-02-13 07:30:00,3.5055,11.310740242690741
2020-02-13 07:45:00,3.5055,11.609511839999563
2020-02-13 08:00:00,3.7255,11.786982076876047
2020-02-13 08:15:00,4.165,12.84617967873265
2020-02-13 08:30:00,4.8245,13.607699921913445
2020-02-13 08:45:00,5.7035,14.329483629727958
2020-02-13 09:00:00,6.582,15.072929657143252
2020-02-13 09:15:00,7.461,15.82930875043497
2020-02-13 09:30:00,8.5595,15.760639209996373
2020-02-13 09:45:00,9.878,17.25346866779224
2020-02-13 10:00:00,10.757,17.367074553174522
2020-02-13 10:15:00,11.855,18.21177616603088
2020-02-13 10:30:00,12.954,18.71865295385237
2020-02-13 10:45:00,14.0525,19.24729195459886
2020-02-13 11:00:00,15.1515,19.950246030486152
2020-02-13 11:15:00,16.0305,20.175524261828354
2020-02-13 11:30:00,17.129,20.225500834146565
2020-02-13 11:45:00,18.2275,19.669000702919412
2020-02-13 12:00:00,18.887,19.92996728850894
2020-02-13 12:15:00,19.5455,19.543903126568384
2020-02-13 12:30:00,19.7655,19.03068939788915
2020-02-13 12:45:00,20.205,19.38662810514178
2020-02-13 13:00:00,20.8645,19.354194088822265
2020-02-13 13:15:00,21.743,17.52167589007062
2020-02-13 13:30:00,22.622,17.616201991739377
2020-02-13 13:45:00,23.2815,17.5060734413575
2020-02-13 14:00:00,23.721,17.32936555266978
2020-02-13 14:15:00,23.9405,17.38465906608705
2020-02-13 14:30:00,23.9405,17.80348868925239
2020-02-13 14:45:00,23.9405,18.26953990665289
2020-02-13 15:00:00,24.16,19.1075545762214
2020-02-13 15:15:00,24.38,19.780426403922434
2020-02-13 15:30:00,24.1605,19.97694493744158
2020-02-13 15:45:00,23.9405,19.887828147330175
2020-02-13 16:00:00,23.7205,20.81071589292063
2020-02-13 16:15:00,23.2815,20.41073767046861
2020-02-13 16:30:00,22.8415,20.471451692977926
2020-02-13 16:45:00,22.4025,20.499884056408053
2020-02-13 17:00:00,22.1825,21.384190533466285
2020-02-13 17:15:00,21.523,21.3223868002146
2020-02-13 17:30:00,21.084,21.27805928716034
2020-02-13 17:45:00,21.084,21.018264117519838
2020-02-13 18:00:00,20.645,20.467790690216635
2020-02-13 18:15:00,20.205,20.781319514808253
2020-02-13 18:30:00,19.766,20.38229529851583
2020-02-13 18:45:00,19.326,20.660356821018873
2020-02-13 19:00:00,18.887,20.539070116804915
2020-02-13 19:15:00,18.447,20.260164870857235
2020-02-13 19:30:00,18.008,19.92698383697697
2020-02-13 19:45:00,17.568,20.491757231789165
2020-02-13 20:00:00,17.129,19.994980974802978
2020-02-13 20:15:00,16.909,19.272935300580535
2020-02-13 20:30:00,16.689,18.93827978440209
2020-02-13 20:45:00,16.25,18.685929341409004
2020-02-13 21:00:00,15.811,19.452542712743853
2020-02-13 21:15:00,15.371,19.712897048766376
2020-02-13 21:30:00,14.932,20.102610629892563
2020-02-13 21:45:00,14.492,20.22766472390161
2020-02-13 22:00:00,14.053,19.79465082721807
2020-02-13 22:15:00,13.833,19.46875827043302
2020-02-13 22:30:00,13.613,19.56628267499078
2020-02-13 22:45:00,13.174,19.10208539019721
2020-02-13 23:00:00,12.954,19.660219996127875
2020-02-13 23:15:00,12.954,19.20041710284534
2020-02-13 23:30:00,12.5145,19.476781858614295
2020-02-13 23:45:00,12.295,19.915853994600763
2020-02-14 00:00:00,12.075,19.783114333662983
2020-02-14 00:15:00,12.075,19.524364953513555
2020-02-14 00:30:00,11.855,19.62061051661959
2020-02-14 00:45:00,11.6355,20.117674898841962
2020-02-14 01:00:00,11.416,20.370730012622566
2020-02-14 01:15:00,11.1965,20.086945728197335
2020-02-14 01:30:00,11.1965,20.078160787436257
2020-02-14 01:45:00,11.416,20.340106385162493
2020-02-14 02:00:00,11.6355,20.379550763429524
2020-02-14 02:15:00,11.6355,20.330705959754074
2020-02-14 02:30:00,11.6355,19.6301798883517
2020-02-14 02:45:00,11.6355,19.868072551362626
2020-02-14 03:00:00,11.1965,19.653906721050195
2020-02-14 03:15:00,11.1965,19.71190863239928
2020-02-14 03:30:00,10.757,19.442484422926803
2020-02-14 03:45:00,10.757,18.75906907582284
2020-02-14 04:00:00,10.3175,17.729688057342635
2020-02-14 04:15:00,10.3175,18.2727222589948
2020-02-14 04:30:00,10.098,18.395897665348606
2020-02-14 04:45:00,9.878,18.375241309610704
2020-02-14 05:00:00,9.658,17.994672303462874
2020-02-14 05:15:00,9.4385,16.449540510029706
2020-02-14 05:30:00,9.4385,17.087771337233033
2020-02-14 05:45:00,9.4385,16.506837816615874
2020-02-14 06:00:00,9.219,16.859834177607663
2020-02-14 06:15:00,8.999,16.008478066275405
2020-02-14 06:30:00,8.999,15.359168116678866
2020-02-14 06:45:00,8.999,14.905434402648323
2020-02-14 07:00:00,8.779,14.32401528607723
2020-02-14 07:15:00,8.779,14.306758643173897
2020-02-14 07:30:00,8.779,14.661353104103288
2020-02-14 07:45:00,8.779,13.808920301623745
2020-02-14 08:00:00,8.999,13.839513431194137
2020-02-14 08:15:00,9.4385,14.400470728449866
2020-02-14 08:30:00,9.878,15.574840376406621
2020-02-14 08:45:00,10.5375,16.17653562305961
2020-02-14 09:00:00,11.6355,16.74936820707107
2020-02-14 09:15:00,12.5145,16.790271438988675
2020-02-14 09:30:00,13.3935,16.91579438474937
2020-02-14 09:45:00,14.712,17.703372400790645
2020-02-14 10:00:00,15.811,18.49408171373842
2020-02-14 10:15:00,16.909,19.12100429702046
2020-02-14 10:30:00,18.2275,19.58488598227054
2020-02-14 10:45:00,19.1065,20.146935263582414
2020-02-14 11:00:00,19.7655,20.682397106386002
2020-02-14 11:15:00,20.6445,20.551258775085728
2020-02-14 11:30:00,21.3035,20.72153166214183
2020-02-14 11:45:00,21.5235,20.205342231960902
2020-02-14 12:00:00,21.743,20.68121860167584
2020-02-14 12:15:00,21.963,20.18172156981404
2020-02-14 12:30:00,22.402,20.010075416891503
2020-02-14 12:45:00,23.2815,20.51057381630981
2020-02-14 13:00:00,24.38,20.280133898697375
2020-02-14 13:15:00,25.259,19.639559347888284
2020-02-14 13:30:00,25.918,20.17506419606686
2020-02-14 13:45:00,26.577,19.36936275622508
2020-02-14 14:00:00,26.577,18.736996875510993
2020-02-14 14:15:00,26.3575,18.81526475905185
2020-02-14 14:30:00,25.918,19.285606936676853
2020-02-14 14:45:00,25.479,18.897778623713418
2020-02-14 15:00:00,25.039,19.032516908487743
2020-02-14 15:15:00,24.8195,19.138368582646383
2020-02-14 15:30:00,24.6,18.702973571934365
2020-02-14 15:45:00,24.38,18.998106130484345
2020-02-14 16:00:00,24.16,20.429304252602847
2020-02-14 16:15:00,24.16,20.293749236021338
2020-02-14 16:30:00,24.16,20.161041020034656
2020-02-14 16:45:00,23.9405,21.08522822873807
2020-02-14 17:00:00,23.721,21.377695895092657
2020-02-14 17:15:00,23.721,21.89311878444351
2020-02-14 17:30:00,23.281,21.48231517924387
2020-02-14 17:45:00,23.281,21.798102713514012
2020-02-14 18:00:00,23.0615,21.43238748009796
2020-02-14 18:15:00,22.842,21.08515626776518
2020-02-14 18:30:00,22.402,21.071167163939354
2020-02-14 18:45:00,22.402,21.4263504325347
2020-02-14 19:00:00,21.963,21.510694566050084
2020-02-14 19:15:00,21.963,21.61747059068246
2020-02-14 19:30:00,21.523,21.238735994200976
2020-02-14 19:45:00,21.523,21.15146650142758
2020-02-14 20:00:00,21.523,20.70200612219194
2020-02-14 20:15:00,21.3035,20.4907057211938
2020-02-14 20:30:00,21.084,20.618943204860013
2020-02-14 20:45:00,21.084,20.556749318458497
2020-02-14 21:00:00,20.8645,20.18480824147538
2020-02-14 21:15:00,20.8645,19.83388656798168
2020-02-14 21:30:00,20.8645,20.235581826137775
2020-02-14 21:45:00,20.8645,19.837716813631797
2020-02-14 22:00:00,20.8645,20.97817322636102
2020-02-14 22:15:00,20.645,20.050656547191004
2020-02-14 22:30:00,20.645,20.207151111244073
2020-02-14 22:45:00,20.425,20.019643584772815
2020-02-14 23:00:00,20.425,20.440772226000163
2020-02-14 23:15:00,20.205,20.22362865843614
2020-02-14 23:30:00,20.205,19.60484927845755
2020-02-14 23:45:00,19.9855,20.44162233767396
2020-02-15 00:00:00,19.766,20.336099811517535
2020-02-15 00:15:00,19.326,20.14432506537834
2020-02-15 00:30:00,19.326,20.31516966785349
2020-02-15 00:45:00,18.887,20.981412221721094
2020-02-15 01:00:00,18.667,20.99176168804387
2020-02-15 01:15:00,18.447,20.925420967826142
2020-02-15 01:30:00,18.2275,20.871569313387585
2020-02-15 01:45:00,18.008,20.611508589150084
2020-02-15 02:00:00,17.568,20.935228420310843
2020-02-15 02:15:00,17.568,20.62389056227073
2020-02-15 02:30:00,17.129,20.626580441736703
2020-02-15 02:45:00,17.129,20.600796451805998
2020-02-15 03:00:00,16.689,20.682208301953192
2020-02-15 03:15:00,16.25,20.45257823671217
2020-02-15 03:30:00,16.25,20.38592851523822
2020-02-15 03:45:00,16.25,20.12720607049561
2020-02-15 04:00:00,15.811,19.8465925274786
2020-02-15 04:15:00,15.811,19.60930244287926
2020-02-15 04:30:00,15.591,19.707769296483995
2020-02-15 04:45:00,15.371,19.997977173072805
2020-02-15 05:00:00,15.371,19.934277240197822
2020-02-15 05:15:00,15.1515,19.851440393140095
2020-02-15 05:30:00,14.932,19.347404364581468
2020-02-15 05:45:00,14.932,19.112869236570592
2020-02-15 06:00:00,14.932,18.76539438410998
2020-02-15 06:15:00,14.492,18.170247361483806
2020-02-15 06:30:00,14.492,17.7388474950733
2020-02-15 06:45:00,14.2725,17.623241799237977
2020-02-15 07:00:00,14.2725,17.66881984247864
2020-02-15 07:15:00,14.053,17.40246723346635
2020-02-15 07:30:00,13.833,18.06544828420469
2020-02-15 07:45:00,13.833,18.597108846393958
2020-02-15 08:00:00,13.613,19.269648545948705
2020-02-15 08:15:00,13.613,19.510112976174074
2020-02-15 08:30:00,13.3935,19.986570999915514
2020-02-15 08:45:00,13.3935,20.269245877291382
2020-02-15 09:00:00,13.3935,20.56117977838137
2020-02-15 09:15:00,13.3935,20.729457127071104
2020-02-15 09:30:00,13.3935,20.67079449552048
2020-02-15 09:45:00,13.3935,20.776709559248808
2020-02-15 10:00:00,13.3935,21.124395621787503
2020-02-15 10:15:00,13.3935,21.294002928802556
2020-02-15 10:30:00,13.3935,21.995375526655497
2020-02-15 10:45:00,13.3935,22.219494245456122
2020-02-15 11:00:00,13.6135,22.39402277086218
2020-02-15 11:15:00,13.6135,22.369758630912322
2020-02-15 11:30:00,13.833,22.761285620446653
2020-02-15 11:45:00,13.833,22.647214171130877
2020-02-15 12:00:00,13.833,22.17641453428835
2020-02-15 12:15:00,13.833,22.84882210797321
2020-02-15 12:30:00,14.2725,22.699990997347886
2020-02-15 12:45:00,14.2725,22.822448808559784
2020-02-15 13:00:00,14.2725,22.644852792063467
2020-02-15 13:15:00,14.2725,22.86239678293322
2020-02-15 13:30:00,14.2725,22.617353316341607
2020-02-15 13:45:00,14.2725,22.607979950901388
2020-02-15 14:00:00,14.4925,22.268324253306524
2020-02-15 14:15:00,14.4925,22.595221820398326
2020-02-15 14:30:00,14.4925,22.61325399530366
2020-02-15 14:45:00,14.4925,22.87592659551549
2020-02-15 15:00:00,14.4925,23.025060624366578
2020-02-15 15:15:00,14.4925,23.080779336037054
2020-02-15 15:30:00,14.4925,23.25504503833492
2020-02-15 15:45:00,14.2725,23.02722585328136
2020-02-15 16:00:00,14.2725,22.897316211131493
2020-02-15 16:15:00,14.2725,23.28521637855942
2020-02-15 16:30:00,13.833,23.424338974909094
2020-02-15 16:45:00,13.613,24.179843197886033
2020-02-15 17:00:00,13.3935,24.61037946046863
2020-02-15 17:15:00,13.174,24.298048614694025
2020-02-15 17:30:00,12.954,24.594700641548748
2020-02-15 17:45:00,12.734,23.831716214340975
2020-02-15 18:00:00,12.5145,22.969174627849586
2020-02-15 18:15:00,12.5145,23.036566850778893
2020-02-15 18:30:00,12.5145,22.66811027633806
2020-02-15 18:45:00,12.5145,22.680457450610263
2020-02-15 19:00:00,12.5145,22.87918869956791
2020-02-15 19:15:00,12.5145,22.387529440360872
2020-02-15 19:30:00,12.5145,23.03258674229792
2020-02-15 19:45:00,12.5145,23.73771427483234
2020-02-15 20:00:00,12.2945,23.245724024547496
2020-02-15 20:15:00,12.075,23.99585870063367
2020-02-15 20:30:00,12.075,23.023707275339103
2020-02-15 20:45:00,12.075,22.744723826647558
2020-02-15 21:00:00,11.8555,22.940719141347603
2020-02-15 21:15:00,11.6355,23.06993269333304
2020-02-15 21:30:00,11.6355,22.95230166192892
2020-02-15 21:45:00,11.6355,22.629197389134326
2020-02-15 22:00:00,11.6355,22.47129770213983
2020-02-15 22:15:00,11.6355,22.859996880182454
2020-02-15 22:30:00,11.6355,22.633260500930117
2020-02-15 22:45:00,11.6355,22.502701894415097
2020-02-15 23:00:00,11.6355,22.401117328498227
2020-02-15 23:15:00,11.6355,22.48054784308761
2020-02-15 23:30:00,11.6355,22.40924791813571
2020-02-15 23:45:00,11.6355,22.74942690186782
2020-02-16 00:00:00,11.6355,23.582568171832566
2020-02-16 00:15:00,11.1965,23.15584054390988
2020-02-16 00:30:00,11.1965,23.439390524049266
2020-02-16 00:45:00,10.757,23.24081581107997
2020-02-16 01:00:00,10.757,23.08173063315151
2020-02-16 01:15:00,10.757,23.14408027802772
2020-02-16 01:30:00,10.757,22.96022557847907
2020-02-16 01:45:00,10.757,23.493095555064105
2020-02-16 02:00:00,10.757,23.57480049323566
2020-02-16 02:15:00,10.757,23.212039456187107
2020-02-16 02:30:00,10.757,23.144834489043113
2020-02-16 02:45:00,10.757,23.025636225259685
2020-02-16 03:00:00,10.757,22.850189780883543
2020-02-16 03:15:00,10.757,23.045321026361183
2020-02-16 03:30:00,10.757,22.558689430630412
2020-02-16 03:45:00,10.757,22.559201639239912
2020-02-16 04:00:00,10.757,22.784117231183412
2020-02-16 04:15:00,10.5375,23.11232261988001
2020-02-16 04:30:00,10.3175,22.41269929715448
2020-02-16 04:45:00,10.0975,22.48949841278949
2020-02-16 05:00:00,9.878,22.395467707617744
2020-02-16 05:15:00,9.878,22.654555122442662
2020-02-16 05:30:00,9.878,22.284569305295214
2020-02-16 05:45:00,9.878,21.702232809929832
2020-02-16 06:00:00,9.878,21.23017180294225
2020-02-16 06:15:00,9.878,21.194477541933296
2020-02-16 06:30:00,9.878,20.78514776799763
2020-02-16 06:45:00,9.878,21.799720949080847
2020-02-16 07:00:00,9.878,21.458023734989652
2020-02-16 07:15:00,9.878,21.265325684447326
2020-02-16 07:30:00,9.878,21.90640583937732
2020-02-16 07:45:00,9.878,22.298416083532615
2020-02-16 08:00:00,10.098,21.28795984429296
2020-02-16 08:15:00,10.098,21.279506652190374
2020-02-16 08:30:00,10.098,22.282596236061565
2020-02-16 08:45:00,10.098,22.09122956961911
2020-02-16 09:00:00,10.3175,22.505665066128664
2020-02-16 09:15:00,10.537,22.137693085318013
2020-02-16 09:30:00,10.537,22.130819621905495
2020-02-16 09:45:00,10.757,22.776064745433363
2020-02-16 10:00:00,10.757,23.170573894532875
2020-02-16 10:15:00,10.977,23.425835508767783
2020-02-16 10:30:00,10.977,23.95691417059401
2020-02-16 10:45:00,11.416,23.962185206098372
2020-02-16 11:00:00,11.6355,24.70337210022162
2020-02-16 11:15:00,11.6355,25.600939413234503
2020-02-16 11:30:00,11.855,25.597350076317607
2020-02-16 11:45:00,12.075,25.482470762742413
2020-02-16 12:00:00,12.075,25.70921122493687
2020-02-16 12:15:00,12.295,26.490457228238885
2020-02-16 12:30:00,12.295,26.687746199779102
2020-02-16 12:45:00,12.295,26.175591238886998
2020-02-16 13:00:00,12.734,26.23252361063476
2020-02-16 13:15:00,12.734,26.636585639179657
2020-02-16 13:30:00,12.734,26.513133714084265
2020-02-16 13:45:00,13.174,26.757502467498526
2020-02-16 14:00:00,13.174,26.91736145231956
2020-02-16 14:15:00,13.174,26.90772180756944
2020-02-16 14:30:00,13.174,26.78887452373135
2020-02-16 14:45:00,13.3935,26.63150356544033
2020-02-16 15:00:00,13.3935,26.4966916126961
2020-02-16 15:15:00,13.613,26.5628393016753
2020-02-16 15:30:00,13.833,26.651946717795134
2020-02-16 15:45:00,13.833,26.168369261854945
2020-02-16 16:00:00,14.053,25.946381998922355
2020-02-16 16:15:00,14.053,26.43213238427948
2020-02-16 16:30:00,14.053,26.31826143947816
2020-02-16 16:45:00,14.2725,26.37881363732466
2020-02-16 17:00:00,14.2725,26.308894176102356
2020-02-16 17:15:00,14.2725,25.847092089571508
2020-02-16 17:30:00,14.2725,25.522691044098984
2020-02-16 17:45:00,14.2725,25.305201485119888
2020-02-16 18:00:00,14.2725,24.491854796707628
2020-02-16 18:15:00,14.2725,24.226803080957975
2020-02-16 18:30:00,14.2725,24.57030571671034
2020-02-16 18:45:00,14.053,24.226117778993036
2020-02-16 19:00:00,14.053,24.20493265419788
2020-02-16 19:15:00,13.833,23.502595187778187
2020-02-16 19:30:00,13.833,22.935459253804886
2020-02-16 19:45:00,13.613,23.52402673583924
2020-02-16 20:00:00,13.613,22.883947929616888
2020-02-16 20:15:00,13.613,22.306493523073037
2020-02-16 20:30:00,13.613,22.425659640799495
2020-02-16 20:45:00,13.613,22.91275785478735
2020-02-16 21:00:00,13.613,22.72458992780686
2020-02-16 21:15:00,13.613,22.849769120318857
2020-02-16 21:30:00,13.613,22.838397932390087
2020-02-16 21:45:00,13.613,22.722855403058695
2020-02-16 22:00:00,13.613,22.898673346570323
2020-02-16 22:15:00,13.613,23.446234226086208
2020-02-16 22:30:00,13.613,24.040673321259607
2020-02-16 22:45:00,13.613,24.312128762459544
2020-02-16 23:00:00,13.613,23.82449616302322
2020-02-16 23:15:00,13.613,24.157304378790364
2020-02-16 23:30:00,13.613,24.1107423391506
2020-02-16 23:45:00,13.613,24.229692452375275
2020-02-17 00:00:00,13.613,24.80179724246533
2020-02-17 00:15:00,13.613,25.314923778948963
2020-02-17 00:30:00,13.613,24.8132303668754
2020-02-17 00:45:00,13.613,24.57894690208574
2020-02-17 01:00:00,13.3935,24.55334561448205
2020-02-17 01:15:00,13.174,25.363526922496813
2020-02-17 01:30:00,13.174,25.17702069497528
2020-02-17 01:45:00,12.734,25.206464339694744
2020-02-17 02:00:00,12.734,24.80909287392375
2020-02-17 02:15:00,12.295,24.481326856692355
2020-02-17 02:30:00,12.075,24.182154078099416
2020-02-17 02:45:00,11.855,24.124868536027765
2020-02-17 03:00:00,11.416,24.26473870349601
2020-02-17 03:15:00,11.1965,24.678964839274386
2020-02-17 03:30:00,10.977,24.204500769412252
2020-02-17 03:45:00,10.757,24.210005851519437
2020-02-17 04:00:00,10.537,24.44918619277106
2020-02-17 04:15:00,10.3175,24.457645953513417
2020-02-17 04:30:00,10.098,24.465234884716615
2020-02-17 04:45:00,10.098,24.39859475231515
2020-02-17 05:00:00,10.098,23.925144206879736
2020-02-17 05:15:00,10.098,23.99708757756981
2020-02-17 05:30:00,10.098,23.26708486677357
2020-02-17 05:45:00,10.098,23.529278113334954
2020-02-17 06:00:00,9.878,23.775264309924342
2020-02-17 06:15:00,9.878,23.93334768703636
2020-02-17 06:30:00,9.658,24.021516360206686
2020-02-17 06:45:00,9.658,23.625396614904517
2020-02-17 07:00:00,9.219,23.89703663114204
2020-02-17 07:15:00,9.219,23.571287234668585
2020-02-17 07:30:00,9.219,23.57857852938264
2020-02-17 07:45:00,9.219,23.448333777916602
2020-02-17 08:00:00,9.219,23.758283410742965
2020-02-17 08:15:00,9.4385,23.876412750791797
2020-02-17 08:30:00,9.658,23.955500415066684
2020-02-17 08:45:00,10.098,24.356909638286442
2020-02-17 09:00:00,10.537,24.361537077706668
2020-02-17 09:15:00,10.977,24.420586882998027
2020-02-17 09:30:00,11.416,24.208882615930822
2020-02-17 09:45:00,12.075,24.133285628292
2020-02-17 10:00:00,12.5145,24.014675648000193
2020-02-17 10:15:00,12.954,24.460548165954386
2020-02-17 10:30:00,13.613,24.67249673307114
2020-02-17 10:45:00,14.053,24.974431960522466
2020-02-17 11:00:00,14.712,25.262670075922813
2020-02-17 11:15:00,15.3715,25.586894316446976
2020-02-17 11:30:00,15.8105,25.575966667747423
2020-02-17 11:45:00,16.47,26.114601078330338
2020-02-17 12:00:00,16.909,25.75993550998701
2020-02-17 12:15:00,17.3485,25.90291976935958
2020-02-17 12:30:00,17.3485,26.26762848298916
2020-02-17 12:45:00,18.008,26.5406722420462
2020-02-17 13:00:00,18.667,26.537187832570712
2020-02-17 13:15:00,19.3265,26.76701470811879
2020-02-17 13:30:00,20.205,26.647480636432814
2020-02-17 13:45:00,20.6445,27.038465790292168
2020-02-17 14:00:00,21.084,27.13715571507289
2020-02-17 14:15:00,21.304,27.271112147069555
2020-02-17 14:30:00,21.304,27.46260302352988
2020-02-17 14:45:00,21.304,27.305003671871752
2020-02-17 15:00:00,21.743,27.493432759685717
2020-02-17 15:15:00,21.743,26.99056519879036
2020-02-17 15:30:00,21.5235,27.404522039082806
2020-02-17 15:45:00,21.084,27.503894201617648
2020-02-17 16:00:00,20.6445,27.043235719293342
2020-02-17 16:15:00,20.205,26.758874784632283
2020-02-17 16:30:00,19.766,26.7446171599178
2020-02-17 16:45:00,19.326,27.025215450609114
2020-02-17 17:00:00,18.667,26.47212231253035
2020-02-17 17:15:00,18.2275,26.09340831985516
2020-02-17 17:30:00,17.5685,26.046670245856202
2020-02-17 17:45:00,17.1285,25.88670443025184
2020-02-17 18:00:00,16.4695,25.272714008762815
2020-02-17 18:15:00,16.0305,25.451368112249764
2020-02-17 18:30:00,15.591,24.951692264030726
2020-02-17 18:45:00,15.1515,24.90654860637076
2020-02-17 19:00:00,14.712,24.80509229038904
2020-02-17 19:15:00,14.492,24.406310403906083
2020-02-17 19:30:00,14.2725,23.987361636378022
2020-02-17 19:45:00,13.833,24.325616705459858
2020-02-17 20:00:00,13.833,23.731486464103124
2020-02-17 20:15:00,13.613,23.59519357105831
2020-02-17 20:30:00,13.3935,23.90600897739723
2020-02-17 20:45:00,13.3935,23.600127808719982
2020-02-17 21:00:00,13.3935,23.9635662606871
2020-02-17 21:15:00,13.3935,24.10608822819912
2020-02-17 21:30:00,13.3935,24.12972180574744
2020-02-17 21:45:00,13.3935,24.591969237794945
2020-02-17 22:00:00,13.3935,24.475516682279896
2020-02-17 22:15:00,13.3935,24.445129928328623
2020-02-17 22:30:00,13.174,25.396474527894846
2020-02-17 22:45:00,13.174,24.46211457907398
2020-02-17 23:00:00,12.954,24.404634776155934
2020-02-17 23:15:00,12.954,24.48684422859142
2020-02-17 23:30:00,12.954,24.465294006835318
2020-02-17 23:45:00,12.954,24.49580812618767
2020-02-18 00:00:00,12.954,25.112035593537485
2020-02-18 00:15:00,12.954,25.628107084435733
2020-02-18 00:30:00,12.954,25.49600094987202
2020-02-18 00:45:00,12.954,25.39399400265926
2020-02-18 01:00:00,12.734,25.45700548666151
2020-02-18 01:15:00,12.5145,25.654686858171278
2020-02-18 01:30:00,12.5145,25.033140839391898
2020-02-18 01:45:00,12.5145,25.031167459062505
2020-02-18 02:00:00,12.5145,25.109680745252938
2020-02-18 02:15:00,12.5145,24.986062754570813
2020-02-18 02:30:00,12.5145,24.60870788368721
2020-02-18 02:45:00,12.5145,24.722002802091716
2020-02-18 03:00:00,12.5145,24.24966643787193
2020-02-18 03:15:00,12.295,24.57641759120899
2020-02-18 03:30:00,12.295,24.296536193978838
2020-02-18 03:45:00,12.295,24.68100503411451
2020-02-18 04:00:00,12.5145,24.39287447124317
2020-02-18 04:15:00,12.734,24.16692172919527
2020-02-18 04:30:00,12.734,24.111161603776925
2020-02-18 04:45:00,12.734,24.338136696587068
2020-02-18 05:00:00,12.734,24.221299256930127
2020-02-18 05:15:00,12.734,24.416409562372085
2020-02-18 05:30:00,12.734,24.449774622722924
2020-02-18 05:45:00,12.734,24.118904347104014
2020-02-18 06:00:00,12.734,23.800182609738876
2020-02-18 06:15:00,12.734,23.703920812066663
2020-02-18 06:30:00,12.734,24.24009290939381
2020-02-18 06:45:00,12.734,24.24050795008628
2020-02-18 07:00:00,12.734,24.50474239772834
2020-02-18 07:15:00,12.734,24.346245429625974
2020-02-18 07:30:00,12.734,24.080586784406368
2020-02-18 07:45:00,12.734,23.527927779412135
2020-02-18 08:00:00,12.734,24.17518978363025
2020-02-18 08:15:00,12.734,23.55477364046106
2020-02-18 08:30:00,12.734,23.933317920287763
2020-02-18 08:45:00,12.734,24.213793123841008
2020-02-18 09:00:00,12.734,24.775065419700038
2020-02-18 09:15:00,12.954,24.192443268408827
2020-02-18 09:30:00,12.954,24.688619520708187
2020-02-18 09:45:00,13.174,24.62207333680166
2020-02-18 10:00:00,13.174,24.437212826660325
2020-02-18 10:15:00,13.3935,24.555296525712333
2020-02-18 10:30:00,13.613,24.979114928122396
2020-02-18 10:45:00,13.613,25.335258601566125
2020-02-18 11:00:00,13.833,25.610395835983827
2020-02-18 11:15:00,13.833,25.883816411161796
2020-02-18 11:30:00,14.2725,26.157645616660844
2020-02-18 11:45:00,14.2725,26.6605894145859
2020-02-18 12:00:00,14.2725,26.875791330367374
2020-02-18 12:15:00,14.2725,26.809880571002058
2020-02-18 12:30:00,14.2725,27.072465996167185
2020-02-18 12:45:00,14.2725,26.97153107244805
2020-02-18 13:00:00,14.2725,27.15505420710388
2020-02-18 13:15:00,14.2725,26.78216578299419
2020-02-18 13:30:00,14.053,26.99581620018104
2020-02-18 13:45:00,14.053,26.493266049321672
2020-02-18 14:00:00,14.053,26.577868480632173
2020-02-18 14:15:00,13.833,26.584001284227043
2020-02-18 14:30:00,13.3935,26.087995075704832
2020-02-18 14:45:00,12.734,26.45210981936301
2020-02-18 15:00:00,12.295,26.201861673389306
2020-02-18 15:15:00,12.075,26.487920806462466
2020-02-18 15:30:00,11.855,26.250703414608143
2020-02-18 15:45:00,11.416,25.875337099480497
2020-02-18 16:00:00,11.416,26.05021040261274
2020-02-18 16:15:00,11.1965,25.88351537710174
2020-02-18 16:30:00,11.1965,26.2268848458238
2020-02-18 16:45:00,11.1965,25.733438687525034
2020-02-18 17:00:00,11.1965,26.14060399421964
2020-02-18 17:15:00,11.1965,26.022474326473944
2020-02-18 17:30:00,10.757,25.45089458505878
2020-02-18 17:45:00,10.757,25.92307317771414
2020-02-18 18:00:00,10.757,25.82791851822198
2020-02-18 18:15:00,10.5375,25.289165386408254
2020-02-18 18:30:00,10.5375,25.87383880400687
2020-02-18 18:45:00,10.5375,25.70702767491014
2020-02-18 19:00:00,10.5375,25.359592192693427
2020-02-18 19:15:00,10.5375,25.555034966864334
2020-02-18 19:30:00,10.5375,25.304959272997614
2020-02-18 19:45:00,10.5375,25.788473005626336
2020-02-18 20:00:00,10.5375,25.428862419191546
2020-02-18 20:15:00,10.5375,24.723982072585084
2020-02-18 20:30:00,10.5375,25.081766409870777
2020-02-18 20:45:00,10.5375,24.620020711146243
2020-02-18 21:00:00,10.5375,25.097708457074052
2020-02-18 21:15:00,10.5375,24.86970771510359
2020-02-18 21:30:00,10.5375,24.729888274227076
2020-02-18 21:45:00,10.5375,25.054002144827717
2020-02-18 22:00:00,10.5375,25.082943545666176
2020-02-18 22:15:00,10.5375,25.31950178616103
2020-02-18 22:30:00,10.3175,25.205344696827567
2020-02-18 22:45:00,10.3175,25.03609567831559
2020-02-18 23:00:00,10.3175,25.047618257589953
2020-02-18 23:15:00,10.3175,25.016926304047907
2020-02-18 23:30:00,10.3175,25.166268451212506
2020-02-18 23:45:00,10.3175,24.968099696752418
2020-02-19 00:00:00,10.3175,24.4253373908682
2020-02-19 00:15:00,10.3175,24.916558315047677
2020-02-19 00:30:00,10.3175,24.803977721174807
2020-02-19 00:45:00,10.3175,25.582110228481845
2020-02-19 01:00:00,10.3175,24.83192506987599
2020-02-19 01:15:00,10.3175,24.942056812520327
2020-02-19 01:30:00,10.3175,24.96013536772596
2020-02-19 01:45:00,10.3175,24.99709559486574
2020-02-19 02:00:00,10.3175,24.47922917966886
2020-02-19 02:15:00,10.3175,24.852568371114167
2020-02-19 02:30:00,10.3175,24.8229678064543
2020-02-19 02:45:00,10.3175,25.248152097902235
2020-02-19 03:00:00,10.3175,24.90358317971637
2020-02-19 03:15:00,10.3175,24.86639449583943
2020-02-19 03:30:00,10.3175,25.224156867230814
2020-02-19 03:45:00,10.3175,25.270606854739494
2020-02-19 04:00:00,10.3175,25.47306568844822
2020-02-19 04:15:00,10.3175,25.385106779453785
2020-02-19 04:30:00,10.3175,25.283710771036723
2020-02-19 04:45:00,9.878,25.227367464960064
2020-02-19 05:00:00,9.878,25.274362821002082
2020-02-19 05:15:00,9.878,25.105163107920625
2020-02-19 05:30:00,9.878,25.44475092866747
2020-02-19 05:45:00,9.878,25.026475416584972
2020-02-19 06:00:00,9.878,25.02648412301202
2020-02-19 06:15:00,9.878,25.21937372102189
2020-02-19 06:30:00,10.098,24.87405851887824
2020-02-19 06:45:00,10.098,24.961669478658006
2020-02-19 07:00:00,10.3175,24.956580037927658
2020-02-19 07:15:00,10.3175,24.87863196720847
2020-02-19 07:30:00,10.3175,24.2970339901369
2020-02-19 07:45:00,10.3175,24.552456969059353
2020-02-19 08:00:00,10.3175,24.27835035487096
2020-02-19 08:15:00,10.3175,24.309862276859448
2020-02-19 08:30:00,10.3175,24.52604907124946
2020-02-19 08:45:00,10.098,24.68211346147391
2020-02-19 09:00:00,9.878,24.814533352652415
2020-02-19 09:15:00,9.878,25.0483671975544
2020-02-19 09:30:00,9.878,24.99802741066268
2020-02-19 09:45:00,9.4385,25.130809305114585
2020-02-19 10:00:00,9.4385,24.94902298877864
2020-02-19 10:15:00,9.4385,25.05003351445145
2020-02-19 10:30:00,9.4385,25.441259588415484
2020-02-19 10:45:00,9.4385,25.87402479397401
2020-02-19 11:00:00,9.4385,27.04325041835246
2020-02-19 11:15:00,9.4385,26.924229425630944
2020-02-19 11:30:00,9.4385,26.704716875192904
2020-02-19 11:45:00,9.4385,26.938524799131354
2020-02-19 12:00:00,9.4385,27.337556553882845
2020-02-19 12:15:00,9.4385,27.43283759176742
2020-02-19 12:30:00,9.4385,27.354466502500873
2020-02-19 12:45:00,9.4385,28.036844293932987
2020-02-19 13:00:00,9.4385,28.59691531813043
2020-02-19 13:15:00,9.4385,29.474688846879
2020-02-19 13:30:00,9.4385,29.622052512760444
2020-02-19 13:45:00,9.658,29.623948110824813
2020-02-19 14:00:00,9.878,29.2232305910998
2020-02-19 14:15:00,9.878,29.273631749152056
2020-02-19 14:30:00,9.878,28.618241033349467
2020-02-19 14:45:00,10.098,28.135658576188643
2020-02-19 15:00:00,10.3175,28.00139373915483
2020-02-19 15:15:00,10.3175,28.179012119310105
2020-02-19 15:30:00,10.3175,28.695622637162945
2020-02-19 15:45:00,10.757,28.546356304918966
2020-02-19 16:00:00,10.757,28.31044900307503
2020-02-19 16:15:00,10.757,28.607001010790334
2020-02-19 16:30:00,10.977,28.31520643621435
2020-02-19 16:45:00,10.977,27.53738144243763
2020-02-19 17:00:00,11.1965,26.75506481319877
2020-02-19 17:15:00,11.1965,27.147728552626386
2020-02-19 17:30:00,11.1965,27.69107961608552
2020-02-19 17:45:00,11.1965,27.675958697775172
2020-02-19 18:00:00,11.416,27.583602190170325
2020-02-19 18:15:00,11.416,27.46137008512765
2020-02-19 18:30:00,11.416,26.7481634221838
2020-02-19 18:45:00,11.416,26.554504994163338
2020-02-19 19:00:00,11.416,26.34642783031945
2020-02-19 19:15:00,11.416,27.12369096060179
2020-02-19 19:30:00,11.416,27.747050720361337
2020-02-19 19:45:00,11.416,27.589597745219415
2020-02-19 20:00:00,11.416,27.927944906660294
2020-02-19 20:15:00,11.416,28.41432382217669
2020-02-19 20:30:00,11.416,28.40147176095184
2020-02-19 20:45:00,11.416,28.086890697190707
2020-02-19 21:00:00,11.416,28.369737104137606
2020-02-19 21:15:00,11.416,28.792035956177827
2020-02-19 21:30:00,11.416,27.980585514562016
2020-02-19 21:45:00,11.416,28.378231749002527
2020-02-19 22:00:00,11.6355,28.348912742993097
2020-02-19 22:15:00,11.6355,28.748648403949648
2020-02-19 22:30:00,11.855,29.242477864166407
2020-02-19 22:45:00,11.855,28.690427337177923
2020-02-19 23:00:00,11.855,28.64234740059139
2020-02-19 23:15:00,12.075,28.45831902128108
2020-02-19 23:30:00,12.075,28.94005039710257
2020-02-19 23:45:00,12.075,29.07722067022996
2020-02-20 00:00:00,12.075,29.210893694532032
2020-02-20 00:15:00,12.075,29.02778113134496
2020-02-20 00:30:00,12.075,28.792844687100466
2020-02-20 00:45:00,12.075,28.603583969799157
2020-02-20 01:00:00,12.075,28.353463656057144
2020-02-20 01:15:00,12.075,28.6988013859654
2020-02-20 01:30:00,12.075,28.47370298438185
2020-02-20 01:45:00,12.075,27.949744349017063
2020-02-20 02:00:00,12.075,27.483040779159936
2020-02-20 02:15:00,12.075,27.50968027757498
2020-02-20 02:30:00,12.075,27.171543590821425
2020-02-20 02:45:00,12.075,27.588892574354404
2020-02-20 03:00:00,11.855,26.887702319217226
2020-02-20 03:15:00,11.855,27.22078378348739
2020-02-20 03:30:00,11.855,26.171524989907123
2020-02-20 03:45:00,11.855,25.696963975986094
2020-02-20 04:00:00,11.855,25.754689186768303
2020-02-20 04:15:00,11.855,25.63715576041251
2020-02-20 04:30:00,11.855,26.524516063725795
2020-02-20 04:45:00,11.855,26.590196085322418
2020-02-20 05:00:00,11.6355,26.274760484461545
2020-02-20 05:15:00,11.6355,26.531387201054535
2020-02-20 05:30:00,11.6355,25.395994884137682
2020-02-20 05:45:00,11.6355,26.080727018163433
2020-02-20 06:00:00,11.416,26.30380475500208
2020-02-20 06:15:00,11.416,26.246845827579907
2020-02-20 06:30:00,11.1965,26.286206604943878
2020-02-20 06:45:00,10.977,25.697207769340352
2020-02-20 07:00:00,10.757,26.158493996749208
2020-02-20 07:15:00,10.757,26.031989047596404
2020-02-20 07:30:00,10.757,25.777002459571943
2020-02-20 07:45:00,10.757,25.87520027684888
2020-02-20 08:00:00,10.757,26.182688651821383
2020-02-20 08:15:00,10.757,26.495238850060915
2020-02-20 08:30:00,10.757,26.48328516328435
2020-02-20 08:45:00,10.757,26.11680298264447
2020-02-20 09:00:00,10.757,26.22898044050437
2020-02-20 09:15:00,10.757,26.494715698324935
2020-02-20 09:30:00,10.757,26.188822387190946
2020-02-20 09:45:00,10.757,25.919805239666278
2020-02-20 10:00:00,10.757,26.398570455853523
2020-02-20 10:15:00,10.5375,26.86997709045051
2020-02-20 10:30:00,10.3175,27.369596002494227
2020-02-20 10:45:00,10.3175,27.25916499136476
2020-02-20 11:00:00,10.0975,28.06435909930223
2020-02-20 11:15:00,10.0975,28.21539506978853
2020-02-20 11:30:00,10.0975,28.62002629712366
2020-02-20 11:45:00,10.0975,28.16351448315464
2020-02-20 12:00:00,10.0975,28.65240533923889
2020-02-20 12:15:00,10.0975,29.787016139413563
2020-02-20 12:30:00,10.0975,28.702261779734535
2020-02-20 12:45:00,10.0975,29.38809347308271
2020-02-20 13:00:00,10.0975,30.10422084833779
2020-02-20 13:15:00,10.0975,29.80357381433381
2020-02-20 13:30:00,9.878,29.679278570022525
2020-02-20 13:45:00,9.6585,29.59622441390504
2020-02-20 14:00:00,9.6585,29.471786026959965
2020-02-20 14:15:00,9.6585,29.63775228327974
2020-02-20 14:30:00,9.6585,29.345204466036762
2020-02-20 14:45:00,9.6585,28.783774210570876
2020-02-20 15:00:00,9.6585,28.187825785081785
2020-02-20 15:15:00,9.6585,29.73159999778927
2020-02-20 15:30:00,9.6585,29.400113147062577
2020-02-20 15:45:00,9.6585,28.263326003752443
2020-02-20 16:00:00,9.6585,29.64516175101128
2020-02-20 16:15:00,9.6585,28.424533738519937
2020-02-20 16:30:00,9.4385,29.39544381300065
2020-02-20 16:45:00,9.4385,28.60553609041468
2020-02-20 17:00:00,9.4385,28.180748138490944
2020-02-20 17:15:00,9.4385,28.179337945374645
2020-02-20 17:30:00,9.219,29.258359449377227
2020-02-20 17:45:00,8.999,29.761138035233994
2020-02-20 18:00:00,8.999,29.822430039729333
2020-02-20 18:15:00,8.999,28.315920946502754
2020-02-20 18:30:00,8.5595,29.1358740708591
2020-02-20 18:45:00,8.5595,28.804279679378453
2020-02-20 19:00:00,8.5595,29.505671195526116
2020-02-20 19:15:00,8.5595,28.882251989564914
2020-02-20 19:30:00,8.5595,29.719285205281285
2020-02-20 19:45:00,8.5595,30.12654139779003
2020-02-20 20:00:00,8.5595,29.82919174956917
2020-02-20 20:15:00,8.5595,29.995397106669774
2020-02-20 20:30:00,8.3395,30.37608197156681
2020-02-20 20:45:00,8.3395,29.85622526838861
2020-02-20 21:00:00,8.3395,30.250185409536083
2020-02-20 21:15:00,8.3395,29.832097474487124
2020-02-20 21:30:00,8.3395,29.65190249997143
2020-02-20 21:45:00,8.3395,30.839981207932574
2020-02-20 22:00:00,8.3395,30.25880859104378
2020-02-20 22:15:00,8.3395,30.423239790973884
2020-02-20 22:30:00,8.3395,30.015684335285947
2020-02-20 22:45:00,8.5595,29.511372443183536
2020-02-20 23:00:00,8.5595,30.07019402962989
2020-02-20 23:15:00,8.5595,31.404154286275233
2020-02-20 23:30:00,8.7795,30.253140130178185
2020-02-20 23:45:00,8.7795,30.840334093639164
2020-02-21 00:00:00,8.7795,31.106127169068415
2020-02-21 00:15:00,8.999,30.190030340937998
2020-02-21 00:30:00,8.999,29.856620674829504
2020-02-21 00:45:00,8.999,29.85447222750797
2020-02-21 01:00:00,8.999,29.794285128846475
2020-02-21 01:15:00,8.999,29.81844251483377
2020-02-21 01:30:00,8.999,29.39297702275777
2020-02-21 01:45:00,9.219,29.71461250504951
2020-02-21 02:00:00,9.219,29.36164742518444
2020-02-21 02:15:00,9.4385,29.926500265801224
2020-02-21 02:30:00,9.4385,29.363875598609567
2020-02-21 02:45:00,9.658,29.739039754704063
2020-02-21 03:00:00,9.658,29.654026696229586
2020-02-21 03:15:00,9.658,29.44011309477165
2020-02-21 03:30:00,9.658,29.46366460246138
2020-02-21 03:45:00,9.658,28.95764624753712
2020-02-21 04:00:00,9.658,28.939984203342636
2020-02-21 04:15:00,9.658,29.02575522221813
2020-02-21 04:30:00,9.4385,28.707963808101965
2020-02-21 04:45:00,9.4385,29.181906785138708
2020-02-21 05:00:00,9.4385,28.969806448211624
2020-02-21 05:15:00,9.4385,29.151381233952076
2020-02-21 05:30:00,9.4385,28.828327491799165
2020-02-21 05:45:00,9.4385,28.880602101642577
2020-02-21 06:00:00,9.4385,28.697835739783752
2020-02-21 06:15:00,9.4385,29.550416800995368
2020-02-21 06:30:00,9.4385,29.04776759442853
2020-02-21 06:45:00,9.4385,29.261232647016946
2020-02-21 07:00:00,9.4385,28.884516631228255
2020-02-21 07:15:00,9.4385,28.786878994308594
2020-02-21 07:30:00,9.4385,28.27937361742839
2020-02-21 07:45:00,9.4385,28.0350536145688
2020-02-21 08:00:00,9.4385,28.27153972354333
2020-02-21 08:15:00,9.658,28.308910476408688
2020-02-21 08:30:00,9.658,29.595738635777824
2020-02-21 08:45:00,9.878,29.26089720603071
2020-02-21 09:00:00,10.098,28.95768916318215
2020-02-21 09:15:00,10.098,28.52692972533701
2020-02-21 09:30:00,10.3175,29.645772861592995
2020-02-21 09:45:00,10.537,29.88535537888735
2020-02-21 10:00:00,10.757,30.777284322084647
2020-02-21 10:15:00,10.757,31.045977660642226
2020-02-21 10:30:00,10.757,31.486458615856566
2020-02-21 10:45:00,10.977,32.04251683626516
2020-02-21 11:00:00,10.977,31.82804718832008
2020-02-21 11:15:00,11.1965,32.005624430717425
2020-02-21 11:30:00,11.1965,32.203569793557925
2020-02-21 11:45:00,11.416,32.06776808182265
2020-02-21 12:00:00,11.416,32.179969456004144
2020-02-21 12:15:00,11.6355,32.81941385218537
2020-02-21 12:30:00,11.6355,32.15407810241495
2020-02-21 12:45:00,11.6355,32.98451001173632
2020-02-21 13:00:00,11.6355,32.485954314998395
2020-02-21 13:15:00,11.6355,32.806376892209904
2020-02-21 13:30:00,11.6355,32.814111101352914
2020-02-21 13:45:00,11.6355,32.810325866655965
2020-02-21 14:00:00,11.6355,32.71591218247283
2020-02-21 14:15:00,11.6355,32.34875836009346
2020-02-21 14:30:00,11.6355,32.46183287684344
2020-02-21 14:45:00,11.6355,32.42291039148258
2020-02-21 15:00:00,11.6355,32.49499127874582
2020-02-21 15:15:00,11.855,32.323023117543734
2020-02-21 15:30:00,11.855,32.39792830160966
2020-02-21 15:45:00,11.855,32.3385178423633
2020-02-21 16:00:00,11.855,31.409542505756033
2020-02-21 16:15:00,11.855,31.773308586278425
2020-02-21 16:30:00,11.855,32.53645178954037
2020-02-21 16:45:00,12.075,32.22072357730854
2020-02-21 17:00:00,12.075,32.04110030584891
2020-02-21 17:15:00,12.075,31.721604891182178
2020-02-21 17:30:00,12.075,31.213702646063172
2020-02-21 17:45:00,12.075,30.504868429572287
2020-02-21 18:00:00,12.075,30.055789349174756
2020-02-21 18:15:00,12.075,30.487111651973848
2020-02-21 18:30:00,12.075,30.834774211228314
2020-02-21 18:45:00,12.075,30.534501446789857
2020-02-21 19:00:00,12.075,30.72759903560389
2020-02-21 19:15:00,12.075,30.90937895633468
2020-02-21 19:30:00,12.075,31.142108189312047
2020-02-21 19:45:00,12.075,30.89803908382915
2020-02-21 20:00:00,12.075,31.487684432712534
2020-02-21 20:15:00,12.075,31.02940506832101
2020-02-21 20:30:00,12.075,30.566188746322073
2020-02-21 20:45:00,12.075,30.163065492567736
2020-02-21 21:00:00,12.075,29.220686353438698
2020-02-21 21:15:00,12.075,29.714161735500458
2020-02-21 21:30:00,12.075,29.3584603404819
2020-02-21 21:45:00,12.075,30.673086862519835
2020-02-21 22:00:00,12.075,30.1221137238565
2020-02-21 22:15:00,12.075,30.1095672528333
2020-02-21 22:30:00,12.075,29.858977712999838
2020-02-21 22:45:00,12.075,30.167118504043703
2020-02-21 23:00:00,12.075,30.699244479047206
2020-02-21 23:15:00,12.075,30.067375535074586
2020-02-21 23:30:00,11.8555,30.809335515732993
2020-02-21 23:45:00,11.8555,31.32222572437168
2020-02-22 00:00:00,11.6355,31.545205503932287
2020-02-22 00:15:00,11.6355,31.68420480795397
2020-02-22 00:30:00,11.6355,31.101762759903757
2020-02-22 00:45:00,11.6355,31.57431294657673
2020-02-22 01:00:00,11.6355,30.92806084802537
2020-02-22 01:15:00,11.6355,31.10650989366154
2020-02-22 01:30:00,11.6355,31.423292689777675
2020-02-22 01:45:00,11.416,31.688478553636287
2020-02-22 02:00:00,11.1965,31.546173941881428
2020-02-22 02:15:00,11.1965,31.932038638469795
2020-02-22 02:30:00,11.1965,32.23424900459797
2020-02-22 02:45:00,11.1965,32.330114162480335
2020-02-22 03:00:00,11.1965,32.2811537672917
2020-02-22 03:15:00,11.1965,31.61004359858934
2020-02-22 03:30:00,11.1965,31.938051769556793
2020-02-22 03:45:00,10.9765,32.6829029125922
2020-02-22 04:00:00,10.757,32.88673175409077
2020-02-22 04:15:00,10.757,32.309893223351345
2020-02-22 04:30:00,10.757,31.696560129554953
2020-02-22 04:45:00,10.757,31.926475296758404
2020-02-22 05:00:00,10.757,32.26724882641613
2020-02-22 05:15:00,10.757,32.1639411675003
2020-02-22 05:30:00,10.757,31.669202402649702
2020-02-22 05:45:00,10.757,31.042800054048822
2020-02-22 06:00:00,10.757,31.283762517466307
2020-02-22 06:15:00,10.757,30.580520269795127
2020-02-22 06:30:00,10.757,31.370192670915515
2020-02-22 06:45:00,10.757,31.358384024840532
2020-02-22 07:00:00,10.757,31.649933513462408
2020-02-22 07:15:00,10.757,31.298321071750387
2020-02-22 07:30:00,10.757,31.05837164833268
2020-02-22 07:45:00,10.757,30.840086681781827
2020-02-22 08:00:00,10.757,31.366434617853947
2020-02-22 08:15:00,10.757,31.279299651648685
2020-02-22 08:30:00,10.977,31.01175914825581
2020-02-22 08:45:00,11.1965,31.625098598881962
2020-02-22 09:00:00,11.6355,31.578481036030823
2020-02-22 09:15:00,12.075,31.811141454140326
2020-02-22 09:30:00,12.075,32.26507998722566
2020-02-22 09:45:00,12.5145,31.918102737366617
2020-02-22 10:00:00,13.174,31.889942619077168
2020-02-22 10:15:00,14.053,32.79846092303867
2020-02-22 10:30:00,14.492,32.94193567164635
2020-02-22 10:45:00,15.1515,32.28747660958577
2020-02-22 11:00:00,15.3715,32.23627793397333
2020-02-22 11:15:00,15.591,32.98073028645994
2020-02-22 11:30:00,16.0305,33.02218462558999
2020-02-22 11:45:00,16.0305,33.03639247239905
2020-02-22 12:00:00,16.4695,32.57610608040788
2020-02-22 12:15:00,17.1285,32.50805816543904
2020-02-22 12:30:00,17.3485,32.72921411065121
2020-02-22 12:45:00,17.5685,33.04221334266875
2020-02-22 13:00:00,18.0075,34.69012715317179
2020-02-22 13:15:00,18.2275,35.234559296780596
2020-02-22 13:30:00,18.667,34.79629294318625
2020-02-22 13:45:00,19.1065,34.55763787447042
2020-02-22 14:00:00,19.546,35.1738656512334
2020-02-22 14:15:00,19.766,34.60514946227205
2020-02-22 14:30:00,19.9855,34.519292716985916
2020-02-22 14:45:00,20.425,34.55907587321605
2020-02-22 15:00:00,20.8645,34.57896123796786
2020-02-22 15:15:00,20.8645,34.474186005329265
2020-02-22 15:30:00,20.6445,34.99561934453096
2020-02-22 15:45:00,20.6445,34.92819119353176
2020-02-22 16:00:00,20.425,34.43120847146668
2020-02-22 16:15:00,19.9855,35.44405511901487
2020-02-22 16:30:00,19.7655,34.811510070734
2020-02-22 16:45:00,19.3265,34.139816131709004
2020-02-22 17:00:00,18.8865,33.11348145740266
2020-02-22 17:15:00,18.667,34.05189156746512
2020-02-22 17:30:00,18.2275,33.73709882432663
2020-02-22 17:45:00,17.788,33.186070488793284
2020-02-22 18:00:00,17.568,34.20525039328621
2020-02-22 18:15:00,17.129,33.37652097608144
2020-02-22 18:30:00,16.689,33.829309310616225
2020-02-22 18:45:00,16.4695,33.30494238826206
2020-02-22 19:00:00,16.0305,33.014778303274426
2020-02-22 19:15:00,15.591,33.60313836205737
2020-02-22 19:30:00,15.371,31.49314493839697
2020-02-22 19:45:00,14.932,31.98861275999351
2020-02-22 20:00:00,14.712,32.890556337242465
2020-02-22 20:15:00,14.2725,32.91103878671211
2020-02-22 20:30:00,14.053,32.582202811122684
2020-02-22 20:45:00,13.833,32.98976014802277
2020-02-22 21:00:00,13.613,31.845005247630603
2020-02-22 21:15:00,13.3935,32.34211106789467
2020-02-22 21:30:00,12.954,32.27716188445569
2020-02-22 21:45:00,12.954,32.90161049683281
2020-02-22 22:00:00,12.734,32.410319059699205
2020-02-22 22:15:00,12.5145,32.81998856138485
2020-02-22 22:30:00,12.5145,32.48436138076395
2020-02-22 22:45:00,12.295,31.366675218310984
2020-02-22 23:00:00,12.075,31.363380575712068
2020-02-22 23:15:00,12.075,31.136343260038
2020-02-22 23:30:00,12.075,31.63963398129302
2020-02-22 23:45:00,11.6355,31.200459431242262
2020-02-23 00:00:00,11.6355,31.20849125013897
2020-02-23 00:15:00,11.6355,31.88493278038579
2020-02-23 00:30:00,11.6355,30.851483758396682
2020-02-23 00:45:00,11.416,31.477092526791274
2020-02-23 01:00:00,11.1965,31.968924771534205
2020-02-23 01:15:00,11.1965,31.31626465622437
2020-02-23 01:30:00,10.757,31.71560124838307
2020-02-23 01:45:00,10.757,31.872290637732736
2020-02-23 02:00:00,10.757,31.96572913790966
2020-02-23 02:15:00,10.3175,31.634521765052753
2020-02-23 02:30:00,10.3175,31.574089729528705
2020-02-23 02:45:00,10.3175,31.137748039007462
2020-02-23 03:00:00,9.878,31.80616426386751
2020-02-23 03:15:00,9.878,30.910070380860812
2020-02-23 03:30:00,9.878,31.25975830066655
2020-02-23 03:45:00,9.878,30.624574592668242
2020-02-23 04:00:00,9.4385,30.70558406370526
2020-02-23 04:15:00,9.4385,30.740748109470346
2020-02-23 04:30:00,9.4385,30.956362186933926
2020-02-23 04:45:00,8.999,30.526769928064876
2020-02-23 05:00:00,8.999,30.167811714338267
2020-02-23 05:15:00,8.999,30.417937218984555
2020-02-23 05:30:00,8.5595,29.9699253122701
2020-02-23 05:45:00,8.5595,29.962925547215715
2020-02-23 06:00:00,8.5595,30.07960870148972
2020-02-23 06:15:00,8.5595,29.6402203445043
2020-02-23 06:30:00,8.5595,29.79840079114512
2020-02-23 06:45:00,8.5595,29.16671951347176
2020-02-23 07:00:00,8.5595,29.307064828686713
2020-02-23 07:15:00,8.5595,29.48169131509356
2020-02-23 07:30:00,8.5595,29.274761775416707
2020-02-23 07:45:00,8.5595,30.13826338375854
2020-02-23 08:00:00,8.779,30.475612790085226
2020-02-23 08:15:00,9.219,29.63881861150895
2020-02-23 08:30:00,9.658,29.381499088211864
2020-02-23 08:45:00,10.098,28.98546900024025
2020-02-23 09:00:00,10.757,29.84142109628184
2020-02-23 09:15:00,11.6355,30.0643800686318
2020-02-23 09:30:00,12.2945,30.419943244849794
2020-02-23 09:45:00,13.3935,30.914728575711997
2020-02-23 10:00:00,14.2725,31.386064050952413
2020-02-23 10:15:00,15.3715,30.772068906611207
2020-02-23 10:30:00,16.0305,31.823237046935848
2020-02-23 10:45:00,16.689,31.551582381551647
2020-02-23 11:00:00,17.788,31.944160671595522
2020-02-23 11:15:00,18.2275,33.24593324980728
2020-02-23 11:30:00,19.1065,32.58872828830903
2020-02-23 11:45:00,19.9855,32.880684391200155
2020-02-23 12:00:00,20.6445,32.635095133676714
2020-02-23 12:15:00,20.864,33.48141980450482
2020-02-23 12:30:00,21.084,32.74538851293789
2020-02-23 12:45:00,21.3035,33.100185265789676
2020-02-23 13:00:00,22.183,33.456938848436195
2020-02-23 13:15:00,22.8415,34.42687885337717
2020-02-23 13:30:00,23.281,33.79360831186394
2020-02-23 13:45:00,23.9405,33.491910507075715
2020-02-23 14:00:00,24.16,33.363395815638405
2020-02-23 14:15:00,24.5995,33.56546795943464
2020-02-23 14:30:00,25.039,33.95469074294345
2020-02-23 14:45:00,25.4785,34.17435965692972
2020-02-23 15:00:00,25.698,33.427539156551
2020-02-23 15:15:00,25.918,34.21594760645587
2020-02-23 15:30:00,25.6985,34.61576995221697
2020-02-23 15:45:00,25.479,34.30989966089299
2020-02-23 16:00:00,25.259,32.75319481848474
2020-02-23 16:15:00,24.8195,32.75306908004934
2020-02-23 16:30:00,24.38,33.75521949640209
2020-02-23 16:45:00,24.16,33.986328490853154
2020-02-23 17:00:00,23.9405,32.811479640409104
2020-02-23 17:15:00,23.721,32.93143253509085
2020-02-23 17:30:00,23.281,33.231430586948406
2020-02-23 17:45:00,22.842,33.8953094737099
2020-02-23 18:00:00,22.622,33.63871047965885
2020-02-23 18:15:00,22.1825,33.367430502082414
2020-02-23 18:30:00,21.523,33.79281590739844
2020-02-23 18:45:00,21.084,34.08184195954136
2020-02-23 19:00:00,20.645,33.918817040346475
2020-02-23 19:15:00,19.9855,33.23110334647392
2020-02-23 19:30:00,19.546,32.81113729476768
2020-02-23 19:45:00,18.887,32.54749933940766
2020-02-23 20:00:00,18.447,32.68096167116804
2020-02-23 20:15:00,18.2275,32.571581305541116
2020-02-23 20:30:00,18.008,31.770553415207154
2020-02-23 20:45:00,17.568,31.776280774122597
2020-02-23 21:00:00,17.568,32.059871308405974
2020-02-23 21:15:00,17.129,31.200875975212885
2020-02-23 21:30:00,16.909,30.310934684312574
2020-02-23 21:45:00,16.689,30.81238211704808
2020-02-23 22:00:00,16.689,30.711984398145024
2020-02-23 22:15:00,16.689,30.418880057852633
2020-02-23 22:30:00,16.689,30.179057521963518
2020-02-23 22:45:00,16.4695,30.139253815524636
2020-02-23 23:00:00,16.4695,30.16176904112093
2020-02-23 23:15:00,16.4695,30.528308025249324
2020-02-23 23:30:00,16.4695,30.495441440850094
2020-02-23 23:45:00,16.4695,30.24970244247613
2020-02-24 00:00:00,16.4695,30.440688651769843
2020-02-24 00:15:00,16.25,30.30269791136951
2020-02-24 00:30:00,16.25,31.052856870235537
2020-02-24 00:45:00,16.25,29.85311615013521
2020-02-24 01:00:00,16.25,30.104817445605946
2020-02-24 01:15:00,16.25,29.36886381729254
2020-02-24 01:30:00,16.4695,29.08318241493431
2020-02-24 01:45:00,16.4695,29.022569579453556
2020-02-24 02:00:00,16.689,29.363077890751278
2020-02-24 02:15:00,16.689,29.229975924295186
2020-02-24 02:30:00,16.689,30.18106522733898
2020-02-24 02:45:00,16.689,29.09623073284241
2020-02-24 03:00:00,16.689,29.62480175486959
2020-02-24 03:15:00,16.689,30.0569827757584
2020-02-24 03:30:00,16.689,30.186218353663822
2020-02-24 03:45:00,16.689,29.92242819265367
2020-02-24 04:00:00,16.4695,29.715852333865154
2020-02-24 04:15:00,16.25,29.837694548521426
2020-02-24 04:30:00,16.25,28.950615511216256
2020-02-24 04:45:00,16.25,29.35134063840859
2020-02-24 05:00:00,16.25,30.092820228205323
2020-02-24 05:15:00,15.811,29.551309777313392
2020-02-24 05:30:00,15.811,28.961026774168563
2020-02-24 05:45:00,15.811,29.519054833450923
2020-02-24 06:00:00,15.811,29.676874361826787
2020-02-24 06:15:00,15.811,29.28446742226223
2020-02-24 06:30:00,15.811,28.94890678946406
2020-02-24 06:45:00,15.811,29.689419442718645
2020-02-24 07:00:00,15.591,29.79430944624836
2020-02-24 07:15:00,15.371,28.895982818651785
2020-02-24 07:30:00,15.371,28.926773576537816
2020-02-24 07:45:00,15.371,28.945967475000895
2020-02-24 08:00:00,15.371,29.50826389990067
2020-02-24 08:15:00,15.371,29.24501460479774
2020-02-24 08:30:00,15.371,29.732639958950923
2020-02-24 08:45:00,15.371,29.673605593955127
2020-02-24 09:00:00,15.591,29.403239322026323
2020-02-24 09:15:00,15.591,30.084639937808685
2020-02-24 09:30:00,15.811,29.054902282154988
2020-02-24 09:45:00,16.0305,29.57517411030342
2020-02-24 10:00:00,16.25,30.168522849003537
2020-02-24 10:15:00,16.4695,31.050208956833558
2020-02-24 10:30:00,16.4695,30.735182711178208
2020-02-24 10:45:00,16.909,32.179591646393796
2020-02-24 11:00:00,17.3485,31.815681089545823
2020-02-24 11:15:00,17.3485,31.50563744104787
2020-02-24 11:30:00,17.788,32.00218749570714
2020-02-24 11:45:00,18.008,32.32377268096907
2020-02-24 12:00:00,18.2275,32.26545921538012
2020-02-24 12:15:00,18.667,32.674046993769096
2020-02-24 12:30:00,18.887,32.145477371676265
2020-02-24 12:45:00,19.326,32.32055220656819
2020-02-24 13:00:00,19.766,33.1212195357141
2020-02-24 13:15:00,20.425,33.39476140936024
2020-02-24 13:30:00,20.8645,33.37539617182904
2020-02-24 13:45:00,21.3035,33.517586804861295
2020-02-24 14:00:00,21.743,33.65396026194845
2020-02-24 14:15:00,21.9625,34.043224262972736
2020-02-24 14:30:00,21.9625,33.44270371056913
2020-02-24 14:45:00,21.9625,34.58371753310417
2020-02-24 15:00:00,21.9625,34.66936304460308
2020-02-24 15:15:00,21.9625,34.10596111574942
2020-02-24 15:30:00,21.743,34.07368555988703
2020-02-24 15:45:00,21.5235,34.92602565720878
2020-02-24 16:00:00,21.3035,33.42728664027869
2020-02-24 16:15:00,20.8645,33.326016935188214
2020-02-24 16:30:00,20.8645,33.731718097581265
2020-02-24 16:45:00,20.8645,33.48256687917358
2020-02-24 17:00:00,20.425,33.659525267157754
2020-02-24 17:15:00,20.425,33.4008864997866
2020-02-24 17:30:00,20.425,34.312265276869084
2020-02-24 17:45:00,19.9855,33.62389041264349
2020-02-24 18:00:00,19.9855,33.71730626352218
2020-02-24 18:15:00,19.9855,32.76684500940544
2020-02-24 18:30:00,19.9855,32.7877588301234
2020-02-24 18:45:00,19.9855,32.41129104802547
2020-02-24 19:00:00,19.9855,32.890371510812784
2020-02-24 19:15:00,19.766,32.59412811864363
2020-02-24 19:30:00,19.766,33.728274902451886
2020-02-24 19:45:00,19.766,33.12100131300135
2020-02-24 20:00:00,19.546,32.69954160572306
2020-02-24 20:15:00,19.546,33.21615620394574
2020-02-24 20:30:00,19.546,32.148080408904725
2020-02-24 20:45:00,19.546,31.60437790651752
2020-02-24 21:00:00,19.326,31.501637392657283
2020-02-24 21:15:00,19.326,30.405905337634476
2020-02-24 21:30:00,19.326,32.15614121242304
2020-02-24 21:45:00,19.1065,31.6720466833371
2020-02-24 22:00:00,18.887,31.755178617893698
2020-02-24 22:15:00,18.887,31.50438517342749
2020-02-24 22:30:00,18.887,32.337643328477704
2020-02-24 22:45:00,18.447,32.59111976683738
2020-02-24 23:00:00,18.447,31.751895571486973
2020-02-24 23:15:00,18.2275,31.060578518962927
2020-02-24 23:30:00,18.008,31.16565190507668
2020-02-24 23:45:00,17.788,31.18786088846646
2020-02-25 00:00:00,17.788,31.77560202040822
2020-02-25 00:15:00,17.568,31.129991830421073
2020-02-25 00:30:00,17.3485,31.095029105783457
2020-02-25 00:45:00,17.129,31.852212110779295
2020-02-25 01:00:00,17.129,31.333638189227074
2020-02-25 01:15:00,17.129,30.920863586014516
2020-02-25 01:30:00,17.129,30.01291032241194
2020-02-25 01:45:00,16.909,30.910774606501537
2020-02-25 02:00:00,16.689,31.52039209905926
2020-02-25 02:15:00,16.689,32.01551225412683
2020-02-25 02:30:00,16.689,30.806777620291943
2020-02-25 02:45:00,16.689,31.301891027114312
2020-02-25 03:00:00,16.4695,30.385763490157967
2020-02-25 03:15:00,16.25,30.709688840817527
2020-02-25 03:30:00,16.25,31.30413282173902
2020-02-25 03:45:00,16.25,30.023949555213033
2020-02-25 04:00:00,15.811,29.800842199284588
2020-02-25 04:15:00,15.811,29.535998494130606
2020-02-25 04:30:00,15.811,29.975015219133752
2020-02-25 04:45:00,15.371,29.76210686919027
2020-02-25 05:00:00,15.371,30.188806751161227
2020-02-25 05:15:00,15.371,29.652511429964008
2020-02-25 05:30:00,15.371,29.50505064824802
2020-02-25 05:45:00,15.371,29.414595613633868
2020-02-25 06:00:00,14.932,30.113804607015595
2020-02-25 06:15:00,14.932,29.809994649290857
2020-02-25 06:30:00,14.932,29.625667822579196
2020-02-25 06:45:00,14.932,29.133980523025006
2020-02-25 07:00:00,14.932,29.38012007683464
2020-02-25 07:15:00,14.492,29.451808552082376
2020-02-25 07:30:00,14.492,29.204937793280358
2020-02-25 07:45:00,14.492,29.135153752804683
2020-02-25 08:00:00,14.492,29.72752382728385
2020-02-25 08:15:00,14.492,30.557572013882567
2020-02-25 08:30:00,14.492,30.51270224194877
2020-02-25 08:45:00,14.492,30.958739667931106
2020-02-25 09:00:00,14.932,30.36167064908897
2020-02-25 09:15:00,15.371,30.73825637485167
2020-02-25 09:30:00,15.591,30.940409494892062
2020-02-25 09:45:00,16.0305,31.295589951781043
2020-02-25 10:00:00,16.4695,31.62022403876276
2020-02-25 10:15:00,16.909,32.60772867671009
2020-02-25 10:30:00,16.909,32.68656375286837
2020-02-25 10:45:00,17.3485,32.99976775854654
2020-02-25 11:00:00,17.788,33.544769897145954
2020-02-25 11:15:00,18.2275,33.727592524871476
2020-02-25 11:30:00,18.8865,33.79809732238486
2020-02-25 11:45:00,19.3265,34.243050218550906
2020-02-25 12:00:00,19.7655,33.82683080049081
2020-02-25 12:15:00,20.2055,34.50591267692845
2020-02-25 12:30:00,20.6445,34.5372680469981
2020-02-25 12:45:00,20.864,34.800322733158254
2020-02-25 13:00:00,21.304,34.27997595015377
2020-02-25 13:15:00,21.304,34.989393980185035
2020-02-25 13:30:00,21.304,35.03712071458487
2020-02-25 13:45:00,21.5235,34.43676174869707
2020-02-25 14:00:00,21.743,34.86888640632773
2020-02-25 14:15:00,21.743,35.02990183516052
2020-02-25 14:30:00,21.9625,34.85341825277278
2020-02-25 14:45:00,21.9625,35.57324376167706
2020-02-25 15:00:00,21.9625,36.530027081621554
2020-02-25 15:15:00,22.1825,36.43316404056282
2020-02-25 15:30:00,22.402,35.51023244682075
2020-02-25 15:45:00,22.402,35.83115940002042
2020-02-25 16:00:00,22.402,36.07294397907882
2020-02-25 16:15:00,22.1825,35.26824189301128
2020-02-25 16:30:00,22.1825,35.97166156015939
2020-02-25 16:45:00,21.743,35.619519483530325
2020-02-25 17:00:00,21.743,34.77320316681089
2020-02-25 17:15:00,21.304,34.9087505004643
2020-02-25 17:30:00,21.084,34.94048713855122
2020-02-25 17:45:00,20.6445,35.68680644238319
2020-02-25 18:00:00,20.425,35.60004920509189
2020-02-25 18:15:00,20.2055,34.65081486164624
2020-02-25 18:30:00,19.9855,35.057428453646715
2020-02-25 18:45:00,19.7655,34.312608040479
2020-02-25 19:00:00,19.546,34.38135558729463
2020-02-25 19:15:00,19.3265,34.60745391454124
2020-02-25 19:30:00,19.1065,35.0162812073709
2020-02-25 19:45:00,18.667,35.300274586358576
2020-02-25 20:00:00,18.447,35.670774440561445
2020-02-25 20:15:00,18.008,35.58644211331303
2020-02-25 20:30:00,17.788,35.01121050185214
2020-02-25 20:45:00,17.3485,35.00203386330614
2020-02-25 21:00:00,17.129,34.34996390690944
2020-02-25 21:15:00,16.689,33.835192865712806
2020-02-25 21:30:00,16.25,33.98385239306211
2020-02-25 21:45:00,16.0305,33.76471078777764
2020-02-25 22:00:00,15.811,33.32372323968021
2020-02-25 22:15:00,15.371,33.017852040449014
2020-02-25 22:30:00,15.1515,32.595980824979144
2020-02-25 22:45:00,14.932,32.430585945066944
2020-02-25 23:00:00,14.712,32.6895087372785
2020-02-25 23:15:00,14.492,31.371371346610385
2020-02-25 23:30:00,14.2725,31.083363874056772
2020-02-25 23:45:00,14.053,30.67092227576617
2020-02-26 00:00:00,13.833,31.86973680874515
2020-02-26 00:15:00,13.613,31.273652851152914
2020-02-26 00:30:00,13.3935,31.630947133538054
2020-02-26 00:45:00,13.3935,31.481802956764504
2020-02-26 01:00:00,12.954,32.13945414481948
2020-02-26 01:15:00,12.954,32.14899780947625
2020-02-26 01:30:00,12.734,32.19657120108404
2020-02-26 01:45:00,12.734,32.233677728403215
2020-02-26 02:00:00,12.5145,31.71058922058754
2020-02-26 02:15:00,12.5145,32.11437599261212
2020-02-26 02:30:00,12.075,32.14624155732256
2020-02-26 02:45:00,12.075,31.724066848504858
2020-02-26 03:00:00,12.075,32.05031780957014
2020-02-26 03:15:00,11.6355,31.71183906271585
2020-02-26 03:30:00,11.6355,32.07192589263223
2020-02-26 03:45:00,11.416,31.648676994402543
2020-02-26 04:00:00,11.1965,31.802037413247017
2020-02-26 04:15:00,11.1965,32.01632503977462
2020-02-26 04:30:00,11.1965,31.44855153406458
2020-02-26 04:45:00,10.757,31.53309198753292
2020-02-26 05:00:00,10.757,31.725216060867954
2020-02-26 05:15:00,10.757,31.88958848748113
2020-02-26 05:30:00,10.537,30.94876310130658
2020-02-26 05:45:00,10.3175,30.82498389801895
2020-02-26 06:00:00,10.3175,30.57185182669082
2020-02-26 06:15:00,10.3175,30.95568218342604
2020-02-26 06:30:00,10.3175,31.065126429909355
2020-02-26 06:45:00,10.098,31.36362567520866
2020-02-26 07:00:00,10.098,30.718887733450465
2020-02-26 07:15:00,10.098,31.010100004100607
2020-02-26 07:30:00,10.098,30.249027936604012
2020-02-26 07:45:00,10.537,30.57263600854976
2020-02-26 08:00:00,10.757,30.8981902494026
2020-02-26 08:15:00,11.1965,30.471921791006075
2020-02-26 08:30:00,11.855,30.699990835517113
2020-02-26 08:45:00,12.295,30.956549372595212
2020-02-26 09:00:00,12.954,31.5532418749122
2020-02-26 09:15:00,13.833,31.53659358998649
2020-02-26 09:30:00,14.4925,32.020418505537855
2020-02-26 09:45:00,15.3715,32.45842103845785
2020-02-26 10:00:00,16.47,32.39758930693041
2020-02-26 10:15:00,17.1285,33.46308473922321
2020-02-26 10:30:00,18.0075,33.28732439733853
2020-02-26 10:45:00,18.667,33.72336812157872
2020-02-26 11:00:00,19.326,33.79160759831641
2020-02-26 11:15:00,20.2055,34.474552272970215
2020-02-26 11:30:00,21.084,34.04740412879109
2020-02-26 11:45:00,21.7435,34.29723998978192
2020-02-26 12:00:00,22.4025,34.067093659289974
2020-02-26 12:15:00,23.281,34.05536333408786
2020-02-26 12:30:00,23.501,33.20917273122487
2020-02-26 12:45:00,23.7205,35.25002019723015
2020-02-26 13:00:00,24.38,34.730371357249616
2020-02-26 13:15:00,25.039,35.2900925793199
2020-02-26 13:30:00,25.4785,35.54106854778534
2020-02-26 13:45:00,25.698,35.057023236464154
2020-02-26 14:00:00,26.1375,35.78952681936091
2020-02-26 14:15:00,26.577,35.8443019195163
2020-02-26 14:30:00,26.7965,34.94584684632147
2020-02-26 14:45:00,27.2365,35.28139567361938
2020-02-26 15:00:00,27.8955,34.671461378745555
2020-02-26 15:15:00,27.8955,35.565672888695
2020-02-26 15:30:00,27.8955,35.41902223761853
2020-02-26 15:45:00,27.456,35.65094374874339
2020-02-26 16:00:00,27.456,34.87117360336364
2020-02-26 16:15:00,27.0165,35.97152921620298
2020-02-26 16:30:00,26.577,35.315330369297655
2020-02-26 16:45:00,26.357,34.85874306393848
2020-02-26 17:00:00,25.918,34.9488618864633
2020-02-26 17:15:00,25.259,35.19892006754869
2020-02-26 17:30:00,24.8195,35.17403392351706
2020-02-26 17:45:00,24.38,34.47504873017134
2020-02-26 18:00:00,23.9405,34.70881062381108
2020-02-26 18:15:00,23.501,34.62836968830638
2020-02-26 18:30:00,23.0615,34.78284089902685
2020-02-26 18:45:00,22.622,34.707983113119255
2020-02-26 19:00:00,22.1825,34.58520953214384
2020-02-26 19:15:00,21.743,33.95879468561243
2020-02-26 19:30:00,21.084,33.75883422803777
2020-02-26 19:45:00,20.8645,33.26988379854072
2020-02-26 20:00:00,20.425,33.537475331018726
2020-02-26 20:15:00,20.205,33.12520355591892
2020-02-26 20:30:00,19.766,32.963793858562376
2020-02-26 20:45:00,19.546,32.9634957118147
2020-02-26 21:00:00,19.326,33.30130413035609
2020-02-26 21:15:00,19.1065,31.98881781132856
2020-02-26 21:30:00,18.667,32.94108349693648
2020-02-26 21:45:00,18.4475,32.45585566182968
2020-02-26 22:00:00,18.2275,32.38069934120335
2020-02-26 22:15:00,17.788,32.248849381697
2020-02-26 22:30:00,17.788,32.15145480819921
2020-02-26 22:45:00,17.5685,32.051606629227166
2020-02-26 23:00:00,17.3485,32.27330737993072
2020-02-26 23:15:00,17.3485,31.343333655177297
2020-02-26 23:30:00,17.3485,31.57185623842579
2020-02-26 23:45:00,17.3485,31.936507967145452
2020-02-27 00:00:00,16.909,31.184146497672817
2020-02-27 00:15:00,16.909,31.49602627386709
2020-02-27 00:30:00,16.909,31.546782176894745
2020-02-27 00:45:00,16.909,32.13318456943825
2020-02-27 01:00:00,16.909,30.949919541041183
2020-02-27 01:15:00,16.4695,31.390248081413585
2020-02-27 01:30:00,16.4695,31.1198325245356
2020-02-27 01:45:00,16.4695,31.06063310446264
2020-02-27 02:00:00,16.4695,30.994737202560184
2020-02-27 02:15:00,16.4695,31.066891398653866
2020-02-27 02:30:00,16.0305,30.962473875523923
2020-02-27 02:45:00,16.0305,31.233854521915166
2020-02-27 03:00:00,16.0305,30.913256170895643
2020-02-27 03:15:00,15.8105,30.445733725734616
2020-02-27 03:30:00,15.591,30.765071391252782
2020-02-27 03:45:00,15.591,30.630786068245317
2020-02-27 04:00:00,15.591,30.357265091597963
2020-02-27 04:15:00,15.371,30.38589253407245
2020-02-27 04:30:00,15.1515,30.061758959686074
2020-02-27 04:45:00,15.1515,29.953592540749334
2020-02-27 05:00:00,14.932,30.150779675143113
2020-02-27 05:15:00,14.932,29.91380481423603
2020-02-27 05:30:00,14.492,29.85882396824813
2020-02-27 05:45:00,14.492,29.640026755529686
2020-02-27 06:00:00,14.492,30.415038322363376
2020-02-27 06:15:00,14.053,29.94260256044806
2020-02-27 06:30:00,14.053,30.41264746271959
2020-02-27 06:45:00,14.053,29.456141194562342
2020-02-27 07:00:00,14.053,29.667767835702712
2020-02-27 07:15:00,14.053,30.175262095311968
2020-02-27 07:30:00,14.053,30.35890019803645
2020-02-27 07:45:00,14.053,30.18458629819334
2020-02-27 08:00:00,14.2725,29.601177029029234
2020-02-27 08:15:00,14.712,30.379503228482367
2020-02-27 08:30:00,15.1515,30.177399537778673
2020-02-27 08:45:00,15.811,30.26769817497302
2020-02-27 09:00:00,16.4695,30.592744970245366
2020-02-27 09:15:00,17.129,31.304886340061298
2020-02-27 09:30:00,18.008,31.75018535805036
2020-02-27 09:45:00,19.1065,32.33944059544798
2020-02-27 10:00:00,19.9855,32.45278688438294
2020-02-27 10:15:00,21.084,32.27894286276068
2020-02-27 10:30:00,22.1825,32.5788961864685
2020-02-27 10:45:00,22.8415,33.53686051373152
2020-02-27 11:00:00,23.9405,33.40251845230371
2020-02-27 11:15:00,24.8195,33.45595982993474
2020-02-27 11:30:00,25.6985,34.21904217859727
2020-02-27 11:45:00,26.577,34.79565397157143
2020-02-27 12:00:00,27.676,34.665541553761194
2020-02-27 12:15:00,28.115,34.76198505065663
2020-02-27 12:30:00,28.335,35.798543781656676
2020-02-27 12:45:00,28.5545,35.58385033550757
2020-02-27 13:00:00,28.994,36.212045866398256
2020-02-27 13:15:00,29.4335,35.85572762723601
2020-02-27 13:30:00,30.0925,35.60847439443835
2020-02-27 13:45:00,29.873,36.18528328282635
2020-02-27 14:00:00,29.653,35.19802317228293
2020-02-27 14:15:00,29.214,36.0739309588343
2020-02-27 14:30:00,28.7745,35.49643639442086
2020-02-27 14:45:00,28.115,35.00362343255269
2020-02-27 15:00:00,27.676,35.970688150449796
2020-02-27 15:15:00,27.0165,35.234224410351864
2020-02-27 15:30:00,26.577,36.20779206457648
2020-02-27 15:45:00,26.1375,36.44382530617741
2020-02-27 16:00:00,25.918,36.3337563120101
2020-02-27 16:15:00,25.6985,37.026630482892664
2020-02-27 16:30:00,25.479,36.32751307198532
2020-02-27 16:45:00,25.479,36.35056584702688
2020-02-27 17:00:00,25.039,36.02871238320653
2020-02-27 17:15:00,25.039,36.03988841570264
2020-02-27 17:30:00,25.039,36.18488104635829
2020-02-27 17:45:00,24.6,36.17310925552928
2020-02-27 18:00:00,23.721,37.1726511076212
2020-02-27 18:15:00,22.842,36.17926047154906
2020-02-27 18:30:00,22.1825,36.6503780862287
2020-02-27 18:45:00,21.3035,36.12318869036269
2020-02-27 19:00:00,20.8645,36.32990617271718
2020-02-27 19:15:00,20.425,35.83646427993491
2020-02-27 19:30:00,20.205,35.58153447040084
2020-02-27 19:45:00,19.766,35.78764714359155
2020-02-27 20:00:00,19.326,35.74180715678268
2020-02-27 20:15:00,18.887,35.37744250079195
2020-02-27 20:30:00,18.667,35.15731837834644
2020-02-27 20:45:00,18.2275,34.625106843879635
2020-02-27 21:00:00,18.008,34.89738405213094
2020-02-27 21:15:00,17.568,34.74912057578153
2020-02-27 21:30:00,17.129,34.5461832744181
2020-02-27 21:45:00,16.909,34.074445770524754
2020-02-27 22:00:00,16.689,33.42269167925495
2020-02-27 22:15:00,16.4695,33.475760192551185
2020-02-27 22:30:00,16.4695,33.729846561945024
2020-02-27 22:45:00,16.4695,33.70140761002787
2020-02-27 23:00:00,16.4695,33.26880291427244
2020-02-27 23:15:00,16.4695,32.85365025236717
2020-02-27 23:30:00,16.4695,32.799129271086606
2020-02-27 23:45:00,16.4695,32.576933208372076
2020-02-28 00:00:00,16.4695,32.71635757238518
2020-02-28 00:15:00,16.4695,32.47243263305806
2020-02-28 00:30:00,16.25,32.18731863126242
2020-02-28 00:45:00,16.25,31.619116932512718
2020-02-28 01:00:00,16.25,31.542202758914122
2020-02-28 01:15:00,16.25,31.484787595103185
2020-02-28 01:30:00,16.25,31.605960038322166
2020-02-28 01:45:00,16.25,31.475410910120704
2020-02-28 02:00:00,16.25,31.994910323442394
2020-02-28 02:15:00,16.0305,32.00999763129965
2020-02-28 02:30:00,16.0305,31.72889133322132
2020-02-28 02:45:00,16.0305,31.680726134267275
2020-02-28 03:00:00,15.8105,31.42052484894261
2020-02-28 03:15:00,15.8105,31.1929566577244
2020-02-28 03:30:00,15.8105,31.23935006099078
2020-02-28 03:45:00,15.8105,30.95383957309887
2020-02-28 04:00:00,15.8105,31.402639624906893
2020-02-28 04:15:00,15.8105,31.213869938471294
2020-02-28 04:30:00,15.8105,31.119065207988537
2020-02-28 04:45:00,15.8105,30.75523825122705
2020-02-28 05:00:00,15.8105,31.26196132669266
2020-02-28 05:15:00,15.591,30.870821416077362
2020-02-28 05:30:00,15.591,31.24092958651911
2020-02-28 05:45:00,15.591,30.892668037597034
2020-02-28 06:00:00,15.591,31.267577064856887
2020-02-28 06:15:00,15.591,31.206437798042618
2020-02-28 06:30:00,15.3715,30.79982362407033
2020-02-28 06:45:00,15.1515,30.678452700803135
2020-02-28 07:00:00,15.1515,30.208281140239187
2020-02-28 07:15:00,14.9315,30.74863684953284
2020-02-28 07:30:00,14.9315,31.776900498059735
2020-02-28 07:45:00,14.9315,30.97983518970524
2020-02-28 08:00:00,14.9315,30.497389061435204
2020-02-28 08:15:00,15.1515,30.94753215774807
2020-02-28 08:30:00,15.1515,31.071332184268766
2020-02-28 08:45:00,14.9315,30.886945371080746
2020-02-28 09:00:00,14.9315,31.206508570832806
2020-02-28 09:15:00,14.9315,31.571996825909068
2020-02-28 09:30:00,14.9315,31.316854734015468
2020-02-28 09:45:00,14.9315,31.514974182587263
2020-02-28 10:00:00,14.9315,31.613843652089894
2020-02-28 10:15:00,14.9315,31.835440691750797
2020-02-28 10:30:00,14.9315,32.694140922523
2020-02-28 10:45:00,15.1515,32.76675487689837
2020-02-28 11:00:00,15.591,32.82706807550072
2020-02-28 11:15:00,16.0305,32.792376534428335
2020-02-28 11:30:00,16.4695,32.585842548780796
2020-02-28 11:45:00,16.4695,32.904151828410704
2020-02-28 12:00:00,16.689,32.78937366425834
2020-02-28 12:15:00,16.689,33.026116004915764
2020-02-28 12:30:00,16.689,32.90787999387223
2020-02-28 12:45:00,16.909,32.803184061769656
2020-02-28 13:00:00,16.909,32.51799691352873
2020-02-28 13:15:00,17.129,33.19798680767053
2020-02-28 13:30:00,17.568,33.05998912448204
2020-02-28 13:45:00,17.788,33.22548559785907
2020-02-28 14:00:00,17.788,33.5479859901096
2020-02-28 14:15:00,17.788,34.26816565413862
2020-02-28 14:30:00,18.008,34.11849773150538
2020-02-28 14:45:00,18.008,34.12772665619244
2020-02-28 15:00:00,18.2275,33.515482361017455
2020-02-28 15:15:00,18.2275,33.263681793512056
2020-02-28 15:30:00,18.447,33.364325718257
2020-02-28 15:45:00,18.667,33.46132954647945
2020-02-28 16:00:00,19.3265,34.53077827812226
2020-02-28 16:15:00,19.3265,34.31946387718858
2020-02-28 16:30:00,19.546,34.48237629849297
2020-02-28 16:45:00,19.546,33.67953311642992
2020-02-28 17:00:00,19.546,33.923300349323036
2020-02-28 17:15:00,19.546,33.478314018165854
2020-02-28 17:30:00,19.546,33.49266672907909
2020-02-28 17:45:00,19.326,34.06287015523892
2020-02-28 18:00:00,19.326,33.77648871254177
2020-02-28 18:15:00,19.1065,34.21859750381621
2020-02-28 18:30:00,18.887,34.2116309327149
2020-02-28 18:45:00,18.667,33.848528978139726
2020-02-28 19:00:00,18.447,33.174064875048
2020-02-28 19:15:00,18.447,33.60218846132524
2020-02-28 19:30:00,18.008,33.555849175544644
2020-02-28 19:45:00,18.008,33.56236330209693
2020-02-28 20:00:00,17.568,33.31228594591028
2020-02-28 20:15:00,17.568,32.759395772675205
2020-02-28 20:30:00,17.129,32.66579944874327
2020-02-28 20:45:00,17.129,32.824594440621354
2020-02-28 21:00:00,16.689,32.41498992656279
2020-02-28 21:15:00,16.689,31.423488044318333
2020-02-28 21:30:00,16.25,32.48858554523972
2020-02-28 21:45:00,16.25,33.42146239228076
2020-02-28 22:00:00,15.811,32.68960537093556
2020-02-28 22:15:00,15.811,32.33474313646597
2020-02-28 22:30:00,15.591,32.697558751143184
2020-02-28 22:45:00,15.591,31.714790077425764
2020-02-28 23:00:00,15.591,32.06227947057231
2020-02-28 23:15:00,15.591,31.845035871203866
2020-02-28 23:30:00,15.811,31.955012686689887
2020-02-28 23:45:00,15.811,32.55491436159163
2020-03-01 00:00:00,15.811,32.53369899838348
2020-03-01 00:15:00,15.811,32.38571732106514
2020-03-01 00:30:00,15.811,31.739723879696154
2020-03-01 00:45:00,16.0305,31.51952474447966
2020-03-01 01:00:00,16.25,31.87679172491408
2020-03-01 01:15:00,16.25,32.63911810958479
2020-03-01 01:30:00,16.25,32.04612639750495
2020-03-01 01:45:00,16.25,32.33924820544771
2020-03-01 02:00:00,16.25,32.27912531138843
2020-03-01 02:15:00,16.25,31.896765697019497
2020-03-01 02:30:00,16.25,31.913055554750883
2020-03-01 02:45:00,16.25,31.55708014762764
2020-03-01 03:00:00,16.25,31.738587664915446
2020-03-01 03:15:00,16.25,31.324609232005475
2020-03-01 03:30:00,16.25,31.12515888220177
2020-03-01 03:45:00,16.25,31.739365034156556
2020-03-01 04:00:00,16.25,31.56432342106724
2020-03-01 04:15:00,16.25,31.491572640485895
2020-03-01 04:30:00,15.811,31.129534161138068
2020-03-01 04:45:00,15.811,31.287152019092254
2020-03-01 05:00:00,15.371,31.69990564810117
2020-03-01 05:15:00,15.371,31.659762277751177
2020-03-01 05:30:00,15.1515,31.467687147104865
2020-03-01 05:45:00,14.932,31.09630204759569
2020-03-01 06:00:00,14.492,31.131476087840827
2020-03-01 06:15:00,14.492,30.62026721001503
2020-03-01 06:30:00,14.2725,31.40721897451245
2020-03-01 06:45:00,14.053,31.259915692245684
2020-03-01 07:00:00,14.053,31.182715734767733
2020-03-01 07:15:00,14.053,31.26449958675107
2020-03-01 07:30:00,14.053,30.890233510537985
2020-03-01 07:45:00,14.053,31.249315206404923
2020-03-01 08:00:00,14.053,31.52622681367061
2020-03-01 08:15:00,14.492,31.242032179600187
2020-03-01 08:30:00,15.1515,31.263747477811627
2020-03-01 08:45:00,15.591,30.36408319382338
2020-03-01 09:00:00,16.25,30.480351604124063
2020-03-01 09:15:00,16.909,30.72994006573565
2020-03-01 09:30:00,17.568,30.583323232319568
2020-03-01 09:45:00,18.2275,31.18853309496273
2020-03-01 10:00:00,18.667,31.727500798126577
2020-03-01 10:15:00,18.8865,32.20250382208763
2020-03-01 10:30:00,19.1065,31.738486914144797
2020-03-01 10:45:00,19.3265,31.912578777619707
2020-03-01 11:00:00,19.546,32.27151896041042
2020-03-01 11:15:00,19.546,32.858647079954785
2020-03-01 11:30:00,19.3265,33.22479004626351
2020-03-01 11:45:00,19.3265,32.92607688362651
2020-03-01 12:00:00,18.8865,33.459712427634905
2020-03-01 12:15:00,18.8865,33.34382470078145
2020-03-01 12:30:00,18.8865,33.547198527656164
2020-03-01 12:45:00,18.8865,34.202211668697515
2020-03-01 13:00:00,18.8865,33.799235567438956
2020-03-01 13:15:00,18.8865,34.2047876935844
2020-03-01 13:30:00,18.8865,34.955425450287166
2020-03-01 13:45:00,18.8865,34.64941445144816
2020-03-01 14:00:00,18.4475,35.01885829894123
2020-03-01 14:15:00,18.4475,35.775660950089254
2020-03-01 14:30:00,18.2275,35.59702410132275
2020-03-01 14:45:00,18.0075,35.859740655271004
2020-03-01 15:00:00,17.788,35.04542362614965
2020-03-01 15:15:00,17.5685,36.11954909702703
2020-03-01 15:30:00,17.3485,35.03215281839912
2020-03-01 15:45:00,17.3485,35.68949313514281
2020-03-01 16:00:00,17.1285,35.386563288391045
2020-03-01 16:15:00,16.909,35.282979021964316
2020-03-01 16:30:00,16.909,35.271636669121655
2020-03-01 16:45:00,16.909,34.988316895337015
2020-03-01 17:00:00,16.6895,34.80421284170244
2020-03-01 17:15:00,16.4695,35.51537727167362
2020-03-01 17:30:00,16.4695,35.274237904785046
2020-03-01 17:45:00,16.25,36.10447519381726
2020-03-01 18:00:00,16.0305,34.787225169448796
2020-03-01 18:15:00,16.0305,35.01720673911834
2020-03-01 18:30:00,16.0305,35.67908568453225
2020-03-01 18:45:00,16.0305,35.27908042413571
2020-03-01 19:00:00,15.591,34.609651230525564
2020-03-01 19:15:00,15.591,34.232520671588254
2020-03-01 19:30:00,15.591,33.76850575234052
2020-03-01 19:45:00,15.591,34.074483372841044
2020-03-01 20:00:00,15.1515,34.42347027646877
2020-03-01 20:15:00,15.1515,33.77690882355748
2020-03-01 20:30:00,15.1515,34.05945517605627
2020-03-01 20:45:00,14.712,33.51186369816639
2020-03-01 21:00:00,14.712,33.14796474652944
2020-03-01 21:15:00,14.2725,33.7609762344914
2020-03-01 21:30:00,14.2725,33.54614325599736
2020-03-01 21:45:00,14.2725,33.65400609885452
2020-03-01 22:00:00,14.2725,33.62955475971778
2020-03-01 22:15:00,14.2725,33.76387201815246
2020-03-01 22:30:00,14.2725,33.6189629830802
2020-03-01 22:45:00,14.2725,33.06965504399757
2020-03-01 23:00:00,14.2725,33.31564108639777
2020-03-01 23:15:00,14.2725,32.99372747939657
2020-03-01 23:30:00,14.0525,32.92310066205294
2020-03-01 23:45:00,13.833,32.96309488324191
2020-03-02 00:00:00,13.3935,33.66006776537381
2020-03-02 00:15:00,13.174,33.88818583077564
2020-03-02 00:30:00,12.954,33.50597324905694
2020-03-02 00:45:00,12.734,33.082203287534625
2020-03-02 01:00:00,12.5145,32.90711252235628
2020-03-02 01:15:00,12.075,32.64336968527611
2020-03-02 01:30:00,11.6355,32.60197484687113
2020-03-02 01:45:00,11.1965,31.85377597905015
2020-03-02 02:00:00,10.537,32.752578952153726
2020-03-02 02:15:00,10.098,32.27700232405808
2020-03-02 02:30:00,9.878,31.204476542558268
2020-03-02 02:45:00,9.878,31.987155471699523
2020-03-02 03:00:00,9.878,31.885544397267374
2020-03-02 03:15:00,9.878,31.923104430597267
2020-03-02 03:30:00,9.878,31.313296426653785
2020-03-02 03:45:00,9.878,31.760059408732427
2020-03-02 04:00:00,9.878,31.484501890787772
2020-03-02 04:15:00,9.6585,31.524038028436042
2020-03-02 04:30:00,9.6585,30.850882411493508
2020-03-02 04:45:00,9.6585,30.400861309177056
2020-03-02 05:00:00,9.878,29.60547943703245
2020-03-02 05:15:00,9.878,29.656408788229566
2020-03-02 05:30:00,9.878,29.519294034276868
2020-03-02 05:45:00,10.098,29.4730360269085
2020-03-02 06:00:00,10.098,29.56097359574139
2020-03-02 06:15:00,10.098,30.025348084653945
2020-03-02 06:30:00,10.098,29.876001620486843
2020-03-02 06:45:00,10.098,29.975675873736026
2020-03-02 07:00:00,10.098,29.84228597995204
2020-03-02 07:15:00,10.098,29.96742895982043
2020-03-02 07:30:00,10.098,29.990029144768567
2020-03-02 07:45:00,10.098,29.102460820544525
2020-03-02 08:00:00,10.098,29.69863794507556
2020-03-02 08:15:00,10.098,29.807103200668248
2020-03-02 08:30:00,10.098,29.609786031194577
2020-03-02 08:45:00,10.537,30.153099591484146
2020-03-02 09:00:00,10.537,30.09046329904226
2020-03-02 09:15:00,10.757,30.5867482309136
2020-03-02 09:30:00,10.977,30.195952258643874
2020-03-02 09:45:00,11.416,30.791787091253482
2020-03-02 10:00:00,11.855,30.781958486916697
2020-03-02 10:15:00,12.075,31.35297503304001
2020-03-02 10:30:00,12.5145,31.624181453960787
2020-03-02 10:45:00,12.734,31.87124509282075
2020-03-02 11:00:00,12.954,32.38584321156676
2020-03-02 11:15:00,12.954,32.89639382820886
2020-03-02 11:30:00,13.3935,33.792839438581815
2020-03-02 11:45:00,13.833,34.748521495785376
2020-03-02 12:00:00,13.833,34.52710382524911
2020-03-02 12:15:00,14.2725,35.06237590219818
2020-03-02 12:30:00,14.2725,35.0050433705891
2020-03-02 12:45:00,14.2725,35.44969345202989
2020-03-02 13:00:00,14.712,36.01121388298573
2020-03-02 13:15:00,14.712,35.804139676369786
2020-03-02 13:30:00,14.712,35.74016309642278
2020-03-02 13:45:00,15.1515,35.424388942271804
2020-03-02 14:00:00,15.3715,36.3373892062343
2020-03-02 14:15:00,15.591,36.331008181641366
2020-03-02 14:30:00,16.0305,36.27414895122752
2020-03-02 14:45:00,16.0305,36.814308981044945
2020-03-02 15:00:00,16.4695,37.055802714330326
2020-03-02 15:15:00,16.4695,37.11777812294273
2020-03-02 15:30:00,16.6895,36.74857897796561
2020-03-02 15:45:00,16.6895,37.343018394451285
2020-03-02 16:00:00,16.6895,36.84227090607005
2020-03-02 16:15:00,16.6895,36.5019974071122
2020-03-02 16:30:00,16.6895,36.89821375629679
2020-03-02 16:45:00,16.4695,36.60882554901907
2020-03-02 17:00:00,16.4695,36.79705326682832
2020-03-02 17:15:00,16.4695,36.124495250403
2020-03-02 17:30:00,16.25,36.61505991069836
2020-03-02 17:45:00,16.25,36.91580975178576
2020-03-02 18:00:00,16.25,36.827263094493155
2020-03-02 18:15:00,16.25,35.917110061813744
2020-03-02 18:30:00,16.25,36.02583515452372
2020-03-02 18:45:00,16.25,36.51890682503439
2020-03-02 19:00:00,16.25,35.90541056656982
2020-03-02 19:15:00,16.25,35.841822021086614
2020-03-02 19:30:00,16.25,36.33621426546472
2020-03-02 19:45:00,16.25,35.354653964928076
2020-03-02 20:00:00,16.25,34.86523349548565
2020-03-02 20:15:00,16.25,34.684172428070546
2020-03-02 20:30:00,16.25,35.09092918580146
2020-03-02 20:45:00,16.25,35.40642133338304
2020-03-02 21:00:00,16.25,34.67967394916149
2020-03-02 21:15:00,16.25,34.79241690894279
2020-03-02 21:30:00,15.811,34.892717546570296
2020-03-02 21:45:00,15.811,34.73726090724256
2020-03-02 22:00:00,15.811,34.26104376176886
2020-03-02 22:15:00,15.811,34.315311558169356
2020-03-02 22:30:00,15.811,33.707422655953856
2020-03-02 22:45:00,15.811,33.86847457557945
2020-03-02 23:00:00,15.591,34.10139726315137
2020-03-02 23:15:00,15.591,34.31529049733913
2020-03-02 23:30:00,15.591,33.61509456130796
2020-03-02 23:45:00,15.591,33.77932838460147
2020-03-03 00:00:00,15.1515,33.432507038682814
2020-03-03 00:15:00,15.1515,33.73202320007884
2020-03-03 00:30:00,14.712,33.167794861864806
2020-03-03 00:45:00,14.0525,32.85317111747786
2020-03-03 01:00:00,13.1735,32.54062319277036
2020-03-03 01:15:00,12.7345,32.43008314586915
2020-03-03 01:30:00,12.5145,32.842504510999774
2020-03-03 01:45:00,12.5145,32.487633178965176
2020-03-03 02:00:00,12.5145,32.27768589222853
2020-03-03 02:15:00,12.734,31.874948329683054
2020-03-03 02:30:00,12.734,32.67256714213634
2020-03-03 02:45:00,12.954,31.999972383497873
2020-03-03 03:00:00,12.954,32.42278591634193
2020-03-03 03:15:00,13.3935,31.49240837070894
2020-03-03 03:30:00,13.3935,31.755430097216706
2020-03-03 03:45:00,13.613,31.12341614433851
2020-03-03 04:00:00,13.613,31.155511646609703
2020-03-03 04:15:00,13.833,31.15288288680136
2020-03-03 04:30:00,14.053,30.42694279629578
2020-03-03 04:45:00,14.053,30.593458759342493
2020-03-03 05:00:00,14.053,31.09210188816553
2020-03-03 05:15:00,14.053,31.222813988683658
2020-03-03 05:30:00,14.2725,31.353599927781325
2020-03-03 05:45:00,14.492,30.650126509397676
2020-03-03 06:00:00,14.492,31.745320415088486
2020-03-03 06:15:00,14.492,32.04862212687202
2020-03-03 06:30:00,14.492,31.82387374588261
2020-03-03 06:45:00,14.712,31.557049361627616
2020-03-03 07:00:00,14.712,31.355888636886682
2020-03-03 07:15:00,14.712,31.712382200429552
2020-03-03 07:30:00,14.712,30.873736475894894
2020-03-03 07:45:00,14.9315,31.745841876144688
2020-03-03 08:00:00,14.9315,32.34909852017173
2020-03-03 08:15:00,14.9315,31.69191010486979
2020-03-03 08:30:00,14.9315,31.086623616928307
2020-03-03 08:45:00,14.9315,31.6988707405551
2020-03-03 09:00:00,15.1515,31.83430030547287
2020-03-03 09:15:00,15.3715,31.772017621516373
2020-03-03 09:30:00,15.8105,32.241618085744264
2020-03-03 09:45:00,16.03,32.18078694345076
2020-03-03 10:00:00,16.25,32.156611257924745
2020-03-03 10:15:00,16.6895,32.93803366376424
2020-03-03 10:30:00,17.1285,33.27436982736338
2020-03-03 10:45:00,17.788,33.37452379009073
2020-03-03 11:00:00,18.4475,33.405531425526725
2020-03-03 11:15:00,19.1065,34.130213617442024
2020-03-03 11:30:00,19.9855,34.28849290771964
2020-03-03 11:45:00,20.8645,35.00605194495547
2020-03-03 12:00:00,22.1825,35.081202223089846
2020-03-03 12:15:00,23.0615,35.303407696453775
2020-03-03 12:30:00,23.721,35.21704807777577
2020-03-03 12:45:00,24.6,36.07018007059475
2020-03-03 13:00:00,25.039,36.557676194580736
2020-03-03 13:15:00,25.4785,36.817678442432076
2020-03-03 13:30:00,25.698,36.47735375814969
2020-03-03 13:45:00,25.918,36.654164145677356
2020-03-03 14:00:00,26.357,36.85211935672478
2020-03-03 14:15:00,26.577,36.68352215184278
2020-03-03 14:30:00,27.456,36.65859548104085
2020-03-03 14:45:00,27.8955,36.9072536772352
2020-03-03 15:00:00,28.335,36.49918318152045
2020-03-03 15:15:00,28.7745,36.36774514626148
2020-03-03 15:30:00,28.7745,36.407356480549524
2020-03-03 15:45:00,28.555,37.17831592011076
2020-03-03 16:00:00,28.335,37.4457831069457
2020-03-03 16:15:00,28.115,37.14354094708052
2020-03-03 16:30:00,27.8955,37.1413840391625
2020-03-03 16:45:00,27.676,36.090368279840376
2020-03-03 17:00:00,27.236,36.8846019179874
2020-03-03 17:15:00,27.0165,36.755194743830316
2020-03-03 17:30:00,26.577,36.17354732647056
2020-03-03 17:45:00,26.1375,36.36570744601413
2020-03-03 18:00:00,25.918,36.38515483963319
2020-03-03 18:15:00,25.6985,36.59083984646212
2020-03-03 18:30:00,25.259,35.849943168966156
2020-03-03 18:45:00,24.8195,34.83762891490151
2020-03-03 19:00:00,24.5995,35.44581811620888
2020-03-03 19:15:00,24.1605,35.1927480915647
2020-03-03 19:30:00,23.9405,34.94635867262273
2020-03-03 19:45:00,23.9405,35.106820613302304
2020-03-03 20:00:00,23.9405,34.47769625987481
2020-03-03 20:15:00,23.501,34.81729540865969
2020-03-03 20:30:00,23.281,34.31440092124377
2020-03-03 20:45:00,23.281,35.066174771799965
2020-03-03 21:00:00,23.281,34.49058711406477
2020-03-03 21:15:00,22.842,33.944562112021615
2020-03-03 21:30:00,22.842,34.77423419569846
2020-03-03 21:45:00,22.622,33.4270678280795
2020-03-03 22:00:00,22.622,34.72532017856242
2020-03-03 22:15:00,22.402,34.278628121001965
2020-03-03 22:30:00,22.402,33.668161324940925
2020-03-03 22:45:00,22.1825,34.80689148198076
2020-03-03 23:00:00,22.1825,34.075353814607936
2020-03-03 23:15:00,22.1825,34.10923220213549
2020-03-03 23:30:00,22.1825,33.901877488217536
2020-03-03 23:45:00,21.963,34.018793877324384
2020-03-04 00:00:00,21.963,33.14599544911455
2020-03-04 00:15:00,21.743,34.15172555337497
2020-03-04 00:30:00,21.523,33.21077751085512
2020-03-04 00:45:00,21.523,33.73546170645261
2020-03-04 01:00:00,21.523,33.853301309848824
2020-03-04 01:15:00,21.523,33.75951702641147
2020-03-04 01:30:00,21.523,33.37734834988448
2020-03-04 01:45:00,21.3035,33.87943511077807
2020-03-04 02:00:00,21.3035,33.87715299230659
2020-03-04 02:15:00,21.3035,33.99649805140203
2020-03-04 02:30:00,21.084,33.24073792168243
2020-03-04 02:45:00,21.084,32.86143090932207
2020-03-04 03:00:00,20.8645,32.87768527566646
2020-03-04 03:15:00,20.8645,32.47011455549005
2020-03-04 03:30:00,20.8645,32.64190397422518
2020-03-04 03:45:00,20.645,32.56419558823339
2020-03-04 04:00:00,20.645,32.2653015804663
2020-03-04 04:15:00,20.645,32.28311533730285
2020-03-04 04:30:00,20.645,32.25459884526675
2020-03-04 04:45:00,20.645,32.47725715350637
2020-03-04 05:00:00,20.645,32.27358551694038
2020-03-04 05:15:00,20.645,32.191396935449326
2020-03-04 05:30:00,20.645,31.82721002485059
2020-03-04 05:45:00,20.645,31.63612440645461
2020-03-04 06:00:00,20.645,31.791567904341044
2020-03-04 06:15:00,20.645,31.971243903093292
2020-03-04 06:30:00,20.645,32.29067713145845
2020-03-04 06:45:00,20.645,31.829012655167713
2020-03-04 07:00:00,20.425,32.503490027882634
2020-03-04 07:15:00,20.425,32.51844067361547
2020-03-04 07:30:00,20.425,31.730484897894247
2020-03-04 07:45:00,20.425,31.50308328844217
2020-03-04 08:00:00,20.425,31.581496950757934
2020-03-04 08:15:00,20.425,31.998664129349667
2020-03-04 08:30:00,20.8645,32.77407903785731
2020-03-04 08:45:00,20.8645,32.00415826679365
2020-03-04 09:00:00,21.5235,31.374805737819777
2020-03-04 09:15:00,21.9625,31.720814377728967
2020-03-04 09:30:00,22.4025,31.973156745802058
2020-03-04 09:45:00,23.2815,32.09717437108138
2020-03-04 10:00:00,23.9405,31.972035643133975
2020-03-04 10:15:00,24.8195,32.7894656670708
2020-03-04 10:30:00,25.918,33.58824860324683
2020-03-04 10:45:00,27.0165,33.486029502465875
2020-03-04 11:00:00,27.8955,33.77678740750512
2020-03-04 11:15:00,28.9945,33.44518710780367
2020-03-04 11:30:00,29.873,34.0252155268639
2020-03-04 11:45:00,30.752,33.868096652847655
2020-03-04 12:00:00,31.8505,34.193471396578474
2020-03-04 12:15:00,32.7295,34.370602443425994
2020-03-04 12:30:00,33.169,34.70780301282124
2020-03-04 12:45:00,33.828,34.56837572676041
2020-03-04 13:00:00,34.927,34.56252923956239
2020-03-04 13:15:00,35.586,34.45996629023157
2020-03-04 13:30:00,36.4645,33.67984858218913
2020-03-04 13:45:00,36.4645,33.99998558574579
2020-03-04 14:00:00,36.6845,34.43963783599891
2020-03-04 14:15:00,36.465,34.91674159475522
2020-03-04 14:30:00,35.8055,35.79739151187876
2020-03-04 14:45:00,35.366,36.02935885655984
2020-03-04 15:00:00,34.707,36.02294492612843
2020-03-04 15:15:00,34.2675,36.227423397936164
2020-03-04 15:30:00,33.828,35.68973624930347
2020-03-04 15:45:00,33.6085,35.011653223500154
2020-03-04 16:00:00,33.169,34.78346067962976
2020-03-04 16:15:00,32.7295,34.094462745585126
2020-03-04 16:30:00,32.51,34.934035145913946
2020-03-04 16:45:00,32.07,34.885894462697244
2020-03-04 17:00:00,31.631,35.05831672372695
2020-03-04 17:15:00,31.191,34.655386801281544
2020-03-04 17:30:00,30.752,34.94146534053284
2020-03-04 17:45:00,30.312,34.588844086966134
2020-03-04 18:00:00,29.873,35.06242651168814
2020-03-04 18:15:00,29.434,34.34456263661388
2020-03-04 18:30:00,28.7745,35.12346512865271
2020-03-04 18:45:00,28.115,34.55137142232234
2020-03-04 19:00:00,27.236,34.44878035956459
2020-03-04 19:15:00,25.918,35.01574089499156
2020-03-04 19:30:00,24.8195,34.665928438379055
2020-03-04 19:45:00,23.501,34.37720535640747
2020-03-04 20:00:00,22.1825,33.25760840800044
2020-03-04 20:15:00,21.084,33.40182472713747
2020-03-04 20:30:00,20.205,34.273442884975616
2020-03-04 20:45:00,19.546,33.42223041704515
2020-03-04 21:00:00,18.667,33.363915277961475
2020-03-04 21:15:00,18.2275,33.92062557782029
2020-03-04 21:30:00,17.788,33.59431944052651
2020-03-04 21:45:00,17.3485,33.44717139697598
2020-03-04 22:00:00,16.689,33.21201489603651
2020-03-04 22:15:00,16.4695,33.090000233782085
2020-03-04 22:30:00,16.25,33.467852101675604
2020-03-04 22:45:00,15.811,34.15745376038807
2020-03-04 23:00:00,15.811,33.639396545555456
2020-03-04 23:15:00,15.371,33.141304736687786
2020-03-04 23:30:00,15.1515,33.46178068347771
2020-03-04 23:45:00,14.932,33.03358667481457
2020-03-05 00:00:00,14.492,33.65775428525129
2020-03-05 00:15:00,14.053,32.60969668106176
2020-03-05 00:30:00,13.833,32.423181941944584
2020-03-05 00:45:00,13.613,32.36333689717951
2020-03-05 01:00:00,13.174,32.51780195824064
2020-03-05 01:15:00,12.734,32.334375703503035
2020-03-05 01:30:00,12.295,31.686418918414475
2020-03-05 01:45:00,12.295,32.13037690253601
2020-03-05 02:00:00,12.295,32.45086612291541
2020-03-05 02:15:00,12.295,32.43620104380281
2020-03-05 02:30:00,12.295,32.091648633578124
2020-03-05 02:45:00,12.295,32.112079578032315
2020-03-05 03:00:00,12.075,31.81580800849499
2020-03-05 03:15:00,12.075,31.5204538699461
2020-03-05 03:30:00,12.075,31.006104961662743
2020-03-05 03:45:00,12.075,30.679547932336657
2020-03-05 04:00:00,11.855,30.940252821852045
2020-03-05 04:15:00,11.855,31.082620360584226
2020-03-05 04:30:00,11.855,31.242377960568298
2020-03-05 04:45:00,11.855,31.939085143740854
2020-03-05 05:00:00,11.6355,31.369291709307728
2020-03-05 05:15:00,11.416,31.936879628868663
2020-03-05 05:30:00,11.416,31.660976173450447
2020-03-05 05:45:00,11.416,31.50317133777556
2020-03-05 06:00:00,11.416,31.877642002232196
2020-03-05 06:15:00,11.416,31.641891748202152
2020-03-05 06:30:00,10.977,32.26150431693224
2020-03-05 06:45:00,10.977,32.011303972155844
2020-03-05 07:00:00,10.757,32.154846450320285
2020-03-05 07:15:00,10.537,32.74690323087214
2020-03-05 07:30:00,10.537,32.70184353246599
2020-03-05 07:45:00,10.537,31.710150586599564
2020-03-05 08:00:00,10.537,32.58422594153652
2020-03-05 08:15:00,10.537,32.973122562284786
2020-03-05 08:30:00,10.537,32.4694181673453
2020-03-05 08:45:00,10.537,32.336786212148525
2020-03-05 09:00:00,10.537,32.47642619938784
2020-03-05 09:15:00,10.757,32.843282401082114
2020-03-05 09:30:00,10.977,33.246929181861574
2020-03-05 09:45:00,11.1965,33.294040085383706
2020-03-05 10:00:00,11.1965,32.67585460523777
2020-03-05 10:15:00,11.6355,32.88855170828046
2020-03-05 10:30:00,11.8555,33.232859265326
2020-03-05 10:45:00,12.075,33.07817489243044
2020-03-05 11:00:00,12.5145,33.88763195788927
2020-03-05 11:15:00,12.7345,34.619777572857664
2020-03-05 11:30:00,12.954,34.11178323631341
2020-03-05 11:45:00,13.833,34.74232995845971
2020-03-05 12:00:00,14.712,34.956201187005725
2020-03-05 12:15:00,16.03,35.32133477967077
2020-03-05 12:30:00,16.6895,35.82306977769967
2020-03-05 12:45:00,17.1285,36.132230895767755
2020-03-05 13:00:00,17.5685,36.318077134248256
2020-03-05 13:15:00,18.667,36.80477137276321
2020-03-05 13:30:00,20.2055,36.60839866906164
2020-03-05 13:45:00,20.8645,37.076856173346606
2020-03-05 14:00:00,21.5235,37.13536248967937
2020-03-05 14:15:00,22.1825,37.23248052169683
2020-03-05 14:30:00,23.0615,37.798762583930746
2020-03-05 14:45:00,23.9405,37.35465914685672
2020-03-05 15:00:00,24.6,37.01471927597649
2020-03-05 15:15:00,24.8195,36.646590416460675
2020-03-05 15:30:00,24.5995,37.74769563465993
2020-03-05 15:45:00,24.38,37.6220711764007
2020-03-05 16:00:00,24.16,37.83123858555942
2020-03-05 16:15:00,23.721,36.67379763427916
2020-03-05 16:30:00,23.501,36.96800090318163
2020-03-05 16:45:00,23.0615,36.92451864262406
2020-03-05 17:00:00,22.622,37.09530259899801
2020-03-05 17:15:00,22.1825,36.21611690138502
2020-03-05 17:30:00,21.9625,36.084385504680895
2020-03-05 17:45:00,21.3035,36.653666143883775
2020-03-05 18:00:00,20.8645,35.800178879293625
2020-03-05 18:15:00,20.425,36.16259653866107
2020-03-05 18:30:00,19.766,35.728491486975244
2020-03-05 18:45:00,19.326,34.899664597567956
2020-03-05 19:00:00,18.887,35.025269169790654
2020-03-05 19:15:00,18.447,35.30298823104725
2020-03-05 19:30:00,18.2275,35.822097478766715
2020-03-05 19:45:00,18.008,35.18036849041774
2020-03-05 20:00:00,17.788,35.21349203158028
2020-03-05 20:15:00,17.3485,35.07698695674735
2020-03-05 20:30:00,17.129,35.38332965723793
2020-03-05 20:45:00,16.689,34.49546339584336
2020-03-05 21:00:00,16.689,34.38983232976598
2020-03-05 21:15:00,16.25,34.58480713417896
2020-03-05 21:30:00,16.25,35.15989075385753
2020-03-05 21:45:00,15.811,34.14771117001968
2020-03-05 22:00:00,15.811,34.4180222105941
2020-03-05 22:15:00,15.371,33.931091140512216
2020-03-05 22:30:00,15.371,34.55390104044516
2020-03-05 22:45:00,15.1515,34.73905384910696
2020-03-05 23:00:00,14.932,34.063105242324895
2020-03-05 23:15:00,14.932,33.87353507363629
2020-03-05 23:30:00,14.712,33.87961595275872
2020-03-05 23:45:00,14.492,34.39019555324
2020-03-06 00:00:00,14.492,33.92342295266436
2020-03-06 00:15:00,14.2725,34.12892132326185
2020-03-06 00:30:00,14.053,33.911330656147236
2020-03-06 00:45:00,13.833,33.34165364926811
2020-03-06 01:00:00,13.613,33.75672164779863
2020-03-06 01:15:00,13.3935,33.14011688969626
2020-03-06 01:30:00,13.174,33.18182338679949
2020-03-06 01:45:00,13.174,33.097132055040845
2020-03-06 02:00:00,12.954,32.96111276026915
2020-03-06 02:15:00,12.734,32.70538358078545
2020-03-06 02:30:00,12.734,33.204996223582434
2020-03-06 02:45:00,12.5145,33.15594624151615
2020-03-06 03:00:00,12.295,33.218543692979466
2020-03-06 03:15:00,12.295,32.660776587968726
2020-03-06 03:30:00,12.075,32.3285984238349
2020-03-06 03:45:00,12.075,32.41066818604882
2020-03-06 04:00:00,11.855,32.54766749308667
2020-03-06 04:15:00,11.855,32.361877555441964
2020-03-06 04:30:00,11.6355,31.799473864969702
2020-03-06 04:45:00,11.416,32.45672019392472
2020-03-06 05:00:00,11.416,32.52631503397784
2020-03-06 05:15:00,11.1965,32.300098700659426
2020-03-06 05:30:00,11.1965,31.494347182323793
2020-03-06 05:45:00,11.1965,32.172508775036334
2020-03-06 06:00:00,11.1965,32.53094601805079
2020-03-06 06:15:00,11.1965,31.996415919067235
2020-03-06 06:30:00,11.1965,31.986020767655194
2020-03-06 06:45:00,10.977,31.70939863171648
2020-03-06 07:00:00,10.757,31.44528667322542
2020-03-06 07:15:00,10.757,31.297066075981206
2020-03-06 07:30:00,10.757,32.17710890927546
2020-03-06 07:45:00,10.757,32.59783617710881
2020-03-06 08:00:00,10.757,32.68051288011312
2020-03-06 08:15:00,10.757,33.03020101630023
2020-03-06 08:30:00,10.757,32.5279410285215
2020-03-06 08:45:00,10.9765,32.62512124655763
2020-03-06 09:00:00,11.416,32.48926861956724
2020-03-06 09:15:00,12.075,32.59813887812126
2020-03-06 09:30:00,12.734,32.84234219618209
2020-03-06 09:45:00,13.613,33.43090237937641
2020-03-06 10:00:00,14.2725,33.33931544822194
2020-03-06 10:15:00,15.1515,33.36778533275126
2020-03-06 10:30:00,15.8105,34.00410707519365
2020-03-06 10:45:00,16.47,34.54497479731254
2020-03-06 11:00:00,17.129,34.637268723773765
2020-03-06 11:15:00,17.5685,34.406705615390685
2020-03-06 11:30:00,18.0075,34.49003273446957
2020-03-06 11:45:00,18.4475,35.33844746838886
2020-03-06 12:00:00,18.4475,35.866009448150145
2020-03-06 12:15:00,18.4475,36.04030430565327
2020-03-06 12:30:00,18.2275,36.15902733648765
2020-03-06 12:45:00,18.008,36.42706029038729
2020-03-06 13:00:00,18.008,37.20831933219305
2020-03-06 13:15:00,17.788,36.529865629195506
2020-03-06 13:30:00,17.5685,37.31705128196518
2020-03-06 13:45:00,17.5685,36.78040136690935
2020-03-06 14:00:00,17.1285,37.49698617184936
2020-03-06 14:15:00,17.1285,36.610657886268434
2020-03-06 14:30:00,17.1285,36.65978370410661
2020-03-06 14:45:00,16.909,37.138379214533465
2020-03-06 15:00:00,16.909,37.50828916387063
2020-03-06 15:15:00,16.909,37.08934571876167
2020-03-06 15:30:00,16.6895,36.47746513436076
2020-03-06 15:45:00,16.6895,37.117530610358955
2020-03-06 16:00:00,16.4695,37.614569072628214
2020-03-06 16:15:00,16.4695,37.292274799741634
2020-03-06 16:30:00,16.4695,36.932387137171936
2020-03-06 16:45:00,16.25,37.4686584469446
2020-03-06 17:00:00,16.25,37.47561802659721
2020-03-06 17:15:00,16.25,37.152502495752536
2020-03-06 17:30:00,16.0305,36.298382056780184
2020-03-06 17:45:00,16.0305,37.00750325176128
2020-03-06 18:00:00,16.0305,36.28343588646041
2020-03-06 18:15:00,16.0305,36.053933978210246
2020-03-06 18:30:00,16.0305,35.91892191636589
2020-03-06 18:45:00,16.0305,35.528724956213935
2020-03-06 19:00:00,16.0305,35.820985162606554
2020-03-06 19:15:00,15.3715,35.43853723897038
2020-03-06 19:30:00,14.712,34.4707366059201
2020-03-06 19:45:00,14.2725,35.03046180933385
2020-03-06 20:00:00,13.833,35.14369144564475
2020-03-06 20:15:00,13.6135,34.7736318811358
2020-03-06 20:30:00,13.6135,34.80248862506133
2020-03-06 20:45:00,13.6135,34.630866628588635
2020-03-06 21:00:00,13.3935,34.526721475266115
2020-03-06 21:15:00,13.1735,34.49205838086754
2020-03-06 21:30:00,12.954,34.43705265726191
2020-03-06 21:45:00,12.7345,34.349360068464236
2020-03-06 22:00:00,12.5145,34.72633756310058
2020-03-06 22:15:00,12.2945,34.070300710514644
2020-03-06 22:30:00,12.075,34.41721828643764
2020-03-06 22:45:00,11.8555,34.30557203657463
2020-03-06 23:00:00,11.6355,34.229000160108406
2020-03-06 23:15:00,11.6355,34.93544510732442
2020-03-06 23:30:00,11.6355,34.097985092236485
2020-03-06 23:45:00,11.6355,33.45336137608269
2020-03-07 00:00:00,11.6355,33.452160092711374
2020-03-07 00:15:00,11.6355,33.00383150449297
2020-03-07 00:30:00,11.6355,32.98261549041089
2020-03-07 00:45:00,11.6355,33.02066389125018
2020-03-07 01:00:00,11.6355,32.54213893087121
2020-03-07 01:15:00,11.6355,32.63795316426029
2020-03-07 01:30:00,11.855,32.9760305527998
2020-03-07 01:45:00,11.855,32.49341645171646
2020-03-07 02:00:00,11.855,33.13044864573367
2020-03-07 02:15:00,11.855,32.60357199593783
2020-03-07 02:30:00,11.855,32.1082872950386
2020-03-07 02:45:00,11.6355,31.331093643462836
2020-03-07 03:00:00,11.1965,32.00165698093129
2020-03-07 03:15:00,11.1965,31.76197676316421
2020-03-07 03:30:00,11.1965,31.778436921278924
2020-03-07 03:45:00,10.757,31.29135904571275
2020-03-07 04:00:00,10.757,31.57221132850663
2020-03-07 04:15:00,10.757,31.77152287942139
2020-03-07 04:30:00,10.5375,31.088726724897985
2020-03-07 04:45:00,10.3175,30.840780525058342
2020-03-07 05:00:00,10.0975,31.021905563196153
2020-03-07 05:15:00,10.0975,31.000219387040993
2020-03-07 05:30:00,10.0975,31.08029139774949
2020-03-07 05:45:00,10.0975,31.178562080917988
2020-03-07 06:00:00,9.6585,31.850641235322357
2020-03-07 06:15:00,9.6585,31.91039403843969
2020-03-07 06:30:00,9.6585,31.322838126692663
2020-03-07 06:45:00,9.6585,31.156317655983408
2020-03-07 07:00:00,9.4385,30.744904655343255
2020-03-07 07:15:00,9.4385,31.328125827234807
2020-03-07 07:30:00,9.4385,30.230840463064325
2020-03-07 07:45:00,9.4385,30.300160850264547
2020-03-07 08:00:00,9.4385,30.564506114159066
2020-03-07 08:15:00,9.4385,30.942443550539615
2020-03-07 08:30:00,9.4385,30.909555231235643
2020-03-07 08:45:00,9.4385,30.91726048392339
2020-03-07 09:00:00,9.6585,30.674184520936787
2020-03-07 09:15:00,9.6585,30.834066533545087
2020-03-07 09:30:00,9.6585,31.148815247022505
2020-03-07 09:45:00,9.6585,31.76617302566226
2020-03-07 10:00:00,9.6585,31.793295996722712
2020-03-07 10:15:00,10.0975,32.16423594090772
2020-03-07 10:30:00,10.0975,32.73705640568676
2020-03-07 10:45:00,10.0975,32.875897869822936
2020-03-07 11:00:00,10.0975,32.68095392173483
2020-03-07 11:15:00,10.0975,33.40743211482196
2020-03-07 11:30:00,10.0975,33.26311091952315
2020-03-07 11:45:00,10.0975,33.83490661680382
2020-03-07 12:00:00,10.3175,33.857103533133674
2020-03-07 12:15:00,10.3175,33.715755062213105
2020-03-07 12:30:00,10.5375,33.776285247707364
2020-03-07 12:45:00,10.757,33.90243491825222
2020-03-07 13:00:00,10.757,34.824998550929095
2020-03-07 13:15:00,10.9765,34.26109315268115
2020-03-07 13:30:00,11.1965,33.70837410219266
2020-03-07 13:45:00,11.1965,34.74577247626683
2020-03-07 14:00:00,11.6355,34.03315172842266
2020-03-07 14:15:00,11.6355,33.86935150389465
2020-03-07 14:30:00,11.6355,34.61198177067469
2020-03-07 14:45:00,11.6355,34.684099508127936
2020-03-07 15:00:00,11.6355,34.29445912349777
2020-03-07 15:15:00,11.6355,34.86922230332323
2020-03-07 15:30:00,11.6355,34.41765356864859
2020-03-07 15:45:00,11.6355,34.0647915248275
2020-03-07 16:00:00,11.855,34.94275972658286
2020-03-07 16:15:00,11.855,34.76959354712535
2020-03-07 16:30:00,11.855,34.29082167769348
2020-03-07 16:45:00,11.855,34.25249210660658
2020-03-07 17:00:00,11.855,34.65491894814629
2020-03-07 17:15:00,11.855,34.95135880033765
2020-03-07 17:30:00,11.855,34.434511401248
2020-03-07 17:45:00,11.855,35.33250707588888
2020-03-07 18:00:00,11.855,35.23605381367466
2020-03-07 18:15:00,11.855,35.52686179799498
2020-03-07 18:30:00,11.855,35.05992123810748
2020-03-07 18:45:00,11.855,35.17971034329138
2020-03-07 19:00:00,11.855,35.08850285971164
2020-03-07 19:15:00,11.855,34.93179733752435
2020-03-07 19:30:00,11.855,34.82046994761649
2020-03-07 19:45:00,11.855,34.68427673193978
2020-03-07 20:00:00,11.855,35.428876274102024
2020-03-07 20:15:00,12.075,33.205746130233784
2020-03-07 20:30:00,12.075,33.76994593311735
2020-03-07 20:45:00,12.075,33.70698502980238
2020-03-07 21:00:00,12.075,33.5108166670474
2020-03-07 21:15:00,12.295,33.21495542170818
2020-03-07 21:30:00,12.295,33.70101455216266
2020-03-07 21:45:00,12.295,34.088716769176564
2020-03-07 22:00:00,12.295,33.837648511513
2020-03-07 22:15:00,12.295,33.45689266572472
2020-03-07 22:30:00,12.295,33.77644984255127
2020-03-07 22:45:00,12.295,33.211174586873746
2020-03-07 23:00:00,12.295,34.03920624028364
2020-03-07 23:15:00,12.5145,33.1217507714876
2020-03-07 23:30:00,12.5145,33.82031799196663
2020-03-07 23:45:00,12.734,33.175227811914596
2020-03-08 00:00:00,12.734,33.45429702950157
2020-03-08 00:15:00,12.734,32.748579749057306
2020-03-08 00:30:00,12.734,32.58199944559412
2020-03-08 00:45:00,12.734,32.92429635341924
2020-03-08 01:00:00,12.5145,32.615819617315246
2020-03-08 01:15:00,12.5145,32.407728169412955
2020-03-08 01:30:00,12.5145,33.18892244494878
2020-03-08 01:45:00,12.5145,32.13365331906622
2020-03-08 02:00:00,12.5145,32.55520049522683
2020-03-08 02:15:00,12.295,32.97515954294848
2020-03-08 02:30:00,12.075,32.98407531851753
2020-03-08 02:45:00,12.075,32.70116543576571
2020-03-08 03:00:00,12.075,32.30691144956673
2020-03-08 03:15:00,12.075,32.14265624717905
2020-03-08 03:30:00,12.075,31.875511137159414
2020-03-08 03:45:00,12.075,31.606454308045876
2020-03-08 04:00:00,12.075,32.306741803992715
2020-03-08 04:15:00,12.075,32.375793078131
2020-03-08 04:30:00,12.075,31.960085749908544
2020-03-08 04:45:00,12.075,32.424837498867554
2020-03-08 05:00:00,11.6355,31.88432272863495
2020-03-08 05:15:00,11.6355,32.55111052589764
2020-03-08 05:30:00,11.6355,32.212802689527024
2020-03-08 05:45:00,11.6355,31.783183881645737
2020-03-08 06:00:00,11.6355,32.27726388804696
2020-03-08 06:15:00,11.6355,32.68646560454541
2020-03-08 06:30:00,11.6355,32.50182837992426
2020-03-08 06:45:00,11.6355,32.01980354795908
2020-03-08 07:00:00,11.6355,31.803415059662985
2020-03-08 07:15:00,11.6355,31.737886494980945
2020-03-08 07:30:00,11.6355,31.856881388246517
2020-03-08 07:45:00,11.6355,31.874394557686514
2020-03-08 08:00:00,11.6355,32.16580284971401
2020-03-08 08:15:00,11.8555,31.68507062517917
2020-03-08 08:30:00,12.075,31.74103139237035
2020-03-08 08:45:00,12.075,31.51255965901036
2020-03-08 09:00:00,12.5145,31.709195437263944
2020-03-08 09:15:00,12.954,32.268286537776824
2020-03-08 09:30:00,12.954,32.32489548236803
2020-03-08 09:45:00,13.1735,32.53911320808093
2020-03-08 10:00:00,13.6135,32.504976033328596
2020-03-08 10:15:00,13.833,32.438904507236366
2020-03-08 10:30:00,14.0525,32.861143510794314
2020-03-08 10:45:00,14.712,32.49829677055427
2020-03-08 11:00:00,15.1515,33.200695600796216
2020-03-08 11:15:00,15.8105,32.80156207326642
2020-03-08 11:30:00,16.4695,32.97609128202393
2020-03-08 11:45:00,17.129,32.964875572406434
2020-03-08 12:00:00,17.5685,33.82225533940627
2020-03-08 12:15:00,18.0075,34.64672770015629
2020-03-08 12:30:00,18.2275,35.49421414783112
2020-03-08 12:45:00,18.667,35.631273364850664
2020-03-08 13:00:00,19.1065,35.12735218519386
2020-03-08 13:15:00,19.3265,35.41970525575384
2020-03-08 13:30:00,19.1065,35.41738591338625
2020-03-08 13:45:00,18.887,36.754975676650176
2020-03-08 14:00:00,18.887,36.986014973615916
2020-03-08 14:15:00,18.667,36.18457520912391
2020-03-08 14:30:00,18.2275,36.79672971169482
2020-03-08 14:45:00,18.2275,36.78305683606193
2020-03-08 15:00:00,18.2275,36.89171308805262
2020-03-08 15:15:00,18.0075,37.18857519977659
2020-03-08 15:30:00,18.0075,36.922703236084786
2020-03-08 15:45:00,18.0075,37.38082098274638
2020-03-08 16:00:00,17.788,37.16889897199418
2020-03-08 16:15:00,17.788,36.61808534514621
2020-03-08 16:30:00,17.788,36.68157534161917
2020-03-08 16:45:00,17.5685,37.08198272872576
2020-03-08 17:00:00,17.5685,36.20589570868437
2020-03-08 17:15:00,17.5685,36.15175235457737
2020-03-08 17:30:00,17.3485,35.55466797276135
2020-03-08 17:45:00,17.1285,35.539963166448985
2020-03-08 18:00:00,17.1285,35.033577627197744
2020-03-08 18:15:00,16.909,35.21532090044631
2020-03-08 18:30:00,16.909,35.42911840579213
2020-03-08 18:45:00,16.6895,34.97576088375458
2020-03-08 19:00:00,16.6895,34.229386671145775
2020-03-08 19:15:00,16.6895,34.920454480281286
2020-03-08 19:30:00,16.6895,35.21553549337225
2020-03-08 19:45:00,16.4695,35.66949613409717
2020-03-08 20:00:00,16.4695,35.56468104869597
2020-03-08 20:15:00,16.25,35.57046639884592
2020-03-08 20:30:00,16.0305,34.890119785188475
2020-03-08 20:45:00,16.0305,35.419531199716886
2020-03-08 21:00:00,15.811,35.261895273094176
2020-03-08 21:15:00,15.591,35.06754915915588
2020-03-08 21:30:00,15.371,34.27633879097373
2020-03-08 21:45:00,15.371,34.371040932659966
2020-03-08 22:00:00,15.1515,34.75996623374385
2020-03-08 22:15:00,14.932,34.70287147205237
2020-03-08 22:30:00,14.932,34.416792407793416
2020-03-08 22:45:00,14.712,34.237250861150436
2020-03-08 23:00:00,14.712,34.71755419036258
2020-03-08 23:15:00,14.492,33.97135693111035
2020-03-08 23:30:00,14.2725,33.45109315541336
2020-03-08 23:45:00,14.2725,33.91712362027169
2020-03-09 00:00:00,13.833,34.082145614770965
2020-03-09 00:15:00,13.613,33.63222319413928
2020-03-09 00:30:00,13.3935,33.22539303100671
2020-03-09 00:45:00,12.954,33.16004129183583
2020-03-09 01:00:00,12.734,32.91043734246787
2020-03-09 01:15:00,12.5145,33.36861312313036
2020-03-09 01:30:00,12.075,32.869650473194
2020-03-09 01:45:00,12.075,32.91206386570697
2020-03-09 02:00:00,11.6355,32.85542187225556
2020-03-09 02:15:00,11.6355,33.13950859849204
2020-03-09 02:30:00,11.416,32.670069008716375
2020-03-09 02:45:00,11.1965,32.61754202117113
2020-03-09 03:00:00,11.1965,32.57462386775682
2020-03-09 03:15:00,10.757,32.27536306744124
2020-03-09 03:30:00,10.757,32.13618059268713
2020-03-09 03:45:00,10.537,31.708436818412576
2020-03-09 04:00:00,10.3175,31.887956957758988
2020-03-09 04:15:00,10.3175,31.925198919499486
2020-03-09 04:30:00,9.878,31.80488418271475
2020-03-09 04:45:00,9.878,32.5834780797312
2020-03-09 05:00:00,9.4385,32.06189107243654
2020-03-09 05:15:00,9.4385,31.943488601251747
2020-03-09 05:30:00,9.2185,31.40564633412606
2020-03-09 05:45:00,8.999,31.643640457169273
2020-03-09 06:00:00,8.999,31.33030024885933
2020-03-09 06:15:00,8.999,31.50917000848158
2020-03-09 06:30:00,8.5595,31.003687103339097
2020-03-09 06:45:00,8.5595,31.040633486993617
2020-03-09 07:00:00,8.5595,31.60883394767878
2020-03-09 07:15:00,8.5595,31.82965615840253
2020-03-09 07:30:00,8.5595,31.456782132833748
2020-03-09 07:45:00,8.5595,31.885582493366208
2020-03-09 08:00:00,8.999,31.61332737379961
2020-03-09 08:15:00,9.4385,31.866164105746016
2020-03-09 08:30:00,9.878,32.164609799335295
2020-03-09 08:45:00,10.3175,32.04226143637614
2020-03-09 09:00:00,10.9765,32.12033119146716
2020-03-09 09:15:00,11.6355,32.71395081596324
2020-03-09 09:30:00,12.5145,32.71246600179308
2020-03-09 09:45:00,13.3935,32.79632327179464
2020-03-09 10:00:00,14.2725,32.95938759888944
2020-03-09 10:15:00,15.1515,32.69520967215025
2020-03-09 10:30:00,16.0305,32.559951329115755
2020-03-09 10:45:00,16.689,32.529179961126225
2020-03-09 11:00:00,17.5685,32.50392159919128
2020-03-09 11:15:00,18.447,32.91323267868698
2020-03-09 11:30:00,19.1065,32.80292755741861
2020-03-09 11:45:00,19.546,33.116604654757474
2020-03-09 12:00:00,19.985,32.974498864619896
2020-03-09 12:15:00,20.6445,33.61607047160424
2020-03-09 12:30:00,21.084,33.72954874926278
2020-03-09 12:45:00,21.084,33.500423345387745
2020-03-09 13:00:00,21.963,34.00019069928148
2020-03-09 13:15:00,22.4025,34.60922613041019
2020-03-09 13:30:00,23.2815,34.66306906313869
2020-03-09 13:45:00,23.501,34.650235474700885
2020-03-09 14:00:00,23.721,35.05668469098301
2020-03-09 14:15:00,23.9405,35.74917195638442
2020-03-09 14:30:00,24.38,36.37633397351361
2020-03-09 14:45:00,24.8195,35.82228620109787
2020-03-09 15:00:00,25.259,36.10508488291922
2020-03-09 15:15:00,25.259,35.92022845060118
2020-03-09 15:30:00,25.039,37.04021787344589
2020-03-09 15:45:00,24.5995,36.16113166270294
2020-03-09 16:00:00,24.1605,35.010349201814876
2020-03-09 16:15:00,23.9405,35.324499253639246
2020-03-09 16:30:00,23.721,36.015055393609195
2020-03-09 16:45:00,23.281,36.01533566788678
2020-03-09 17:00:00,22.842,36.03764106654703
2020-03-09 17:15:00,22.622,35.51648558846916
2020-03-09 17:30:00,21.9625,35.660176892748844
2020-03-09 17:45:00,21.5235,35.61509066792848
2020-03-09 18:00:00,21.084,35.64131688934758
2020-03-09 18:15:00,20.425,36.172763053705374
2020-03-09 18:30:00,19.766,36.2466194662913
2020-03-09 18:45:00,19.326,36.085492019931394
2020-03-09 19:00:00,18.667,35.856146776865856
2020-03-09 19:15:00,18.2275,36.60687760247724
2020-03-09 19:30:00,17.788,35.31709319757878
2020-03-09 19:45:00,17.568,35.894445889593904
2020-03-09 20:00:00,17.129,35.3753019677963
2020-03-09 20:15:00,16.689,36.05112407444317
2020-03-09 20:30:00,16.25,35.713817352104776
2020-03-09 20:45:00,15.811,36.1351235165739
2020-03-09 21:00:00,15.591,35.799238413777765
2020-03-09 21:15:00,15.371,35.623319939305155
2020-03-09 21:30:00,14.932,35.08685414970622
2020-03-09 21:45:00,14.932,35.42918435681638
2020-03-09 22:00:00,14.492,34.83811172288349
2020-03-09 22:15:00,14.492,34.63345776988736
2020-03-09 22:30:00,14.2725,34.24915065032772
2020-03-09 22:45:00,14.053,34.02764285272004
2020-03-09 23:00:00,14.053,34.06542104489008
2020-03-09 23:15:00,14.053,33.99337451675481
2020-03-09 23:30:00,13.833,33.52374874468431
2020-03-09 23:45:00,13.613,33.03022793584126
2020-03-10 00:00:00,13.613,32.671270756437885
2020-03-10 00:15:00,13.613,32.52108595357652
2020-03-10 00:30:00,13.613,32.39570656712778
2020-03-10 00:45:00,13.613,31.690573551084825
2020-03-10 01:00:00,13.174,31.43066739674881
2020-03-10 01:15:00,13.174,30.954577772461498
2020-03-10 01:30:00,13.174,31.17223255195482
2020-03-10 01:45:00,12.954,31.812887507699436
2020-03-10 02:00:00,12.954,32.56140151458093
2020-03-10 02:15:00,12.734,32.003522949247724
2020-03-10 02:30:00,12.5145,32.498967073628556
2020-03-10 02:45:00,12.5145,32.530508665982374
2020-03-10 03:00:00,12.5145,31.549565153521087
2020-03-10 03:15:00,12.295,31.350809822042535
2020-03-10 03:30:00,12.295,31.96778153424393
2020-03-10 03:45:00,12.075,31.19417316819449
2020-03-10 04:00:00,12.075,31.861814850894202
2020-03-10 04:15:00,11.855,31.964630646633903
2020-03-10 04:30:00,11.855,32.25918658090344
2020-03-10 04:45:00,11.855,32.06950491183388
2020-03-10 05:00:00,11.416,31.502962406079348
2020-03-10 05:15:00,11.416,31.775210272048398
2020-03-10 05:30:00,11.1965,31.522765971024977
2020-03-10 05:45:00,10.977,31.55145358972928
2020-03-10 06:00:00,10.757,32.61286153132167
2020-03-10 06:15:00,10.757,32.35283670518471
2020-03-10 06:30:00,10.757,31.86435502438155
2020-03-10 06:45:00,10.537,32.363871682076216
2020-03-10 07:00:00,10.3175,32.53964810531138
2020-03-10 07:15:00,10.3175,33.03332422842671
2020-03-10 07:30:00,10.3175,32.41197104859716
2020-03-10 07:45:00,10.537,32.96631916125803
2020-03-10 08:00:00,10.977,33.13731584612046
2020-03-10 08:15:00,11.416,32.80998402437819
2020-03-10 08:30:00,11.855,31.6133159965049
2020-03-10 08:45:00,12.295,31.906066876497885
2020-03-10 09:00:00,13.174,31.647720421807154
2020-03-10 09:15:00,14.053,33.56846141335987
2020-03-10 09:30:00,14.9315,33.879579073129094
2020-03-10 09:45:00,16.25,33.82119528316549
2020-03-10 10:00:00,17.1285,33.52844989571762
2020-03-10 10:15:00,18.2275,33.67724189855393
2020-03-10 10:30:00,19.3265,34.464088565325234
2020-03-10 10:45:00,20.205,34.345068548941256
2020-03-10 11:00:00,21.084,34.55768474253317
2020-03-10 11:15:00,21.5235,35.718701408499896
2020-03-10 11:30:00,22.622,35.67928225384498
2020-03-10 11:45:00,23.0615,35.63744526161134
2020-03-10 12:00:00,23.9405,35.125639862054285
2020-03-10 12:15:00,24.5995,35.23508474198409
2020-03-10 12:30:00,24.5995,35.27173967581799
2020-03-10 12:45:00,24.819,34.90392334692214
2020-03-10 13:00:00,25.698,35.15263878229051
2020-03-10 13:15:00,26.577,34.850281087267255
2020-03-10 13:30:00,27.676,35.12857920874123
2020-03-10 13:45:00,28.1155,34.846140389500306
2020-03-10 14:00:00,28.555,34.685196312517064
2020-03-10 14:15:00,28.7745,35.38261916570983
2020-03-10 14:30:00,29.6535,35.437987636759274
2020-03-10 14:45:00,30.0925,36.11408057753827
2020-03-10 15:00:00,30.532,36.16760163112762
2020-03-10 15:15:00,30.532,35.21545082908713
2020-03-10 15:30:00,30.312,36.16716956415438
2020-03-10 15:45:00,30.0925,36.6924014470757
2020-03-10 16:00:00,29.6535,35.633958022983826
2020-03-10 16:15:00,29.4335,36.10475436459774
2020-03-10 16:30:00,28.9945,36.43151010425458
2020-03-10 16:45:00,28.7745,35.48766102312156
2020-03-10 17:00:00,28.115,35.7611261276346
2020-03-10 17:15:00,27.676,33.919766138326004
2020-03-10 17:30:00,27.0165,34.731443011158625
2020-03-10 17:45:00,26.3575,34.19575648265086
2020-03-10 18:00:00,25.6985,35.741722462772906
2020-03-10 18:15:00,25.259,35.699931241130706
2020-03-10 18:30:00,24.8195,35.77681859121862
2020-03-10 18:45:00,24.38,34.329386700504614
2020-03-10 19:00:00,23.721,34.47478421995991
2020-03-10 19:15:00,23.281,33.628701248512286
2020-03-10 19:30:00,22.622,33.83449942639279
2020-03-10 19:45:00,22.1825,34.2284899522907
2020-03-10 20:00:00,21.743,34.18460163007049
2020-03-10 20:15:00,21.3035,33.636419728431925
2020-03-10 20:30:00,20.645,34.651080982990635
2020-03-10 20:45:00,20.205,33.93185611287388
2020-03-10 21:00:00,19.9855,32.56465341390685
2020-03-10 21:15:00,19.766,33.09204845224871
2020-03-10 21:30:00,19.326,33.23322579385427
2020-03-10 21:45:00,19.1065,32.81732010947953
2020-03-10 22:00:00,18.887,32.49825001031148
2020-03-10 22:15:00,18.447,32.96060113482782
2020-03-10 22:30:00,18.2275,32.81488220191281
2020-03-10 22:45:00,18.008,33.09967164046282
2020-03-10 23:00:00,17.568,32.94749547750297
2020-03-10 23:15:00,17.568,32.813937506220334
2020-03-10 23:30:00,17.3485,31.856739599166495
2020-03-10 23:45:00,17.129,32.5550195015428
2020-03-11 00:00:00,16.909,32.240617978099834
2020-03-11 00:15:00,16.689,32.25980047769847
2020-03-11 00:30:00,16.689,32.22703959413615
2020-03-11 00:45:00,16.689,31.99649440518618
2020-03-11 01:00:00,16.689,32.2807179545666
2020-03-11 01:15:00,16.689,32.56566522895327
2020-03-11 01:30:00,16.689,31.610668964715412
2020-03-11 01:45:00,16.689,32.02639139471693
2020-03-11 02:00:00,16.689,31.91004049449816
2020-03-11 02:15:00,16.689,31.378557878926365
2020-03-11 02:30:00,16.25,31.769068842256313
2020-03-11 02:45:00,16.25,31.355340330423193
2020-03-11 03:00:00,16.0305,30.820836968632292
2020-03-11 03:15:00,15.811,30.98540809509088
2020-03-11 03:30:00,15.371,30.188107999725933
2020-03-11 03:45:00,15.371,31.037228720122048
2020-03-11 04:00:00,14.932,30.085742564064358
2020-03-11 04:15:00,14.932,30.487633797427815
2020-03-11 04:30:00,14.492,30.277865329658468
2020-03-11 04:45:00,14.492,30.168635856067628
2020-03-11 05:00:00,14.2725,29.8983116889407
2020-03-11 05:15:00,14.053,28.95433543903591
2020-03-11 05:30:00,13.833,28.67010529544497
2020-03-11 05:45:00,13.833,28.484740480596074
2020-03-11 06:00:00,13.613,28.889600857043373
2020-03-11 06:15:00,13.613,28.502400561990715
2020-03-11 06:30:00,13.174,29.30027747729406
2020-03-11 06:45:00,13.174,29.23827193327213
2020-03-11 07:00:00,13.174,28.91933761264546
2020-03-11 07:15:00,13.174,28.79475715378492
2020-03-11 07:30:00,13.174,28.98799159037784
2020-03-11 07:45:00,13.3935,29.616765100874936
2020-03-11 08:00:00,14.053,29.142798722220597
2020-03-11 08:15:00,14.492,29.31294791783388
2020-03-11 08:30:00,15.371,30.51428987494747
2020-03-11 08:45:00,16.0305,29.298357893016313
2020-03-11 09:00:00,16.689,30.08505492428423
2020-03-11 09:15:00,17.568,30.94761839917531
2020-03-11 09:30:00,18.667,31.17584481855487
2020-03-11 09:45:00,19.3265,31.88677526906122
2020-03-11 10:00:00,20.425,32.88712101970554
2020-03-11 10:15:00,21.743,32.68624253498322
2020-03-11 10:30:00,22.8415,31.834326448704676
2020-03-11 10:45:00,23.9405,32.02604253127907
2020-03-11 11:00:00,24.8195,32.270979684336645
2020-03-11 11:15:00,25.918,32.45268552350672
2020-03-11 11:30:00,26.797,33.100583082394365
2020-03-11 11:45:00,27.8955,32.71030169907244
2020-03-11 12:00:00,28.994,32.9774074866451
2020-03-11 12:15:00,29.6535,33.016499910684466
2020-03-11 12:30:00,29.873,32.60755329896013
2020-03-11 12:45:00,30.3125,33.07392097773209
2020-03-11 13:00:00,30.972,33.0579227542932
2020-03-11 13:15:00,31.8505,33.81384612802517
2020-03-11 13:30:00,32.51,33.62379041822736
2020-03-11 13:45:00,32.7295,34.011109937179626
2020-03-11 14:00:00,32.9495,33.96688494416528
2020-03-11 14:15:00,33.169,33.86615627043162
2020-03-11 14:30:00,33.169,34.54462394176665
2020-03-11 14:45:00,33.6085,34.487870726860905
2020-03-11 15:00:00,34.048,34.914753775679706
2020-03-11 15:15:00,34.048,35.27606287008921
2020-03-11 15:30:00,33.8285,35.10635995429708
2020-03-11 15:45:00,33.169,35.710088274643404
2020-03-11 16:00:00,32.949,35.95789911568751
2020-03-11 16:15:00,32.7295,34.95851440559442
2020-03-11 16:30:00,32.29,35.784999438829296
2020-03-11 16:45:00,32.07,34.88771158191013
2020-03-11 17:00:00,31.631,35.15642449142528
2020-03-11 17:15:00,31.411,34.59458687893785
2020-03-11 17:30:00,30.9715,34.41590690408823
2020-03-11 17:45:00,30.532,34.98923642343879
2020-03-11 18:00:00,30.0925,35.28826735430597
2020-03-11 18:15:00,29.434,35.281235257300565
2020-03-11 18:30:00,28.7745,35.75650549865636
2020-03-11 18:45:00,28.115,35.56315239813308
2020-03-11 19:00:00,27.236,36.19722961584303
2020-03-11 19:15:00,26.797,35.75766607310947
2020-03-11 19:30:00,26.357,35.46663239809036
2020-03-11 19:45:00,25.6985,35.599308188120986
2020-03-11 20:00:00,25.259,35.434768217579
2020-03-11 20:15:00,24.8195,34.98583414421251
2020-03-11 20:30:00,24.6,34.572066046262215
2020-03-11 20:45:00,24.16,34.05892196987436
2020-03-11 21:00:00,23.721,35.17340679656511
2020-03-11 21:15:00,23.281,33.19700617751458
2020-03-11 21:30:00,23.281,33.282913691879266
2020-03-11 21:45:00,23.281,33.23870696861233
2020-03-11 22:00:00,22.842,33.68796322741798
2020-03-11 22:15:00,22.842,32.7898786901536
2020-03-11 22:30:00,22.842,32.665590045447885
2020-03-11 22:45:00,22.842,32.349035753369506
2020-03-11 23:00:00,22.842,32.63309169840177
2020-03-11 23:15:00,22.622,31.984951606804376
2020-03-11 23:30:00,22.622,31.774887441428053
2020-03-11 23:45:00,22.402,31.80276353926857
2020-03-12 00:00:00,22.402,31.70467965669305
2020-03-12 00:15:00,22.1825,30.939999130040913
2020-03-12 00:30:00,22.1825,31.30613454256389
2020-03-12 00:45:00,21.963,31.23205623429086
2020-03-12 01:00:00,21.963,30.72790849773624
2020-03-12 01:15:00,21.523,31.448718455378216
2020-03-12 01:30:00,21.3035,31.124015097251746
2020-03-12 01:45:00,21.084,31.445152084229104
2020-03-12 02:00:00,20.645,31.217358898668884
2020-03-12 02:15:00,20.205,31.070992209393605
2020-03-12 02:30:00,19.9855,30.48610810429394
2020-03-12 02:45:00,19.766,30.57510138900095
2020-03-12 03:00:00,19.326,31.360862485871912
2020-03-12 03:15:00,18.887,31.33930897912567
2020-03-12 03:30:00,18.667,31.28873872407911
2020-03-12 03:45:00,18.447,31.182094736607407
2020-03-12 04:00:00,18.2275,30.7442757977651
2020-03-12 04:15:00,18.008,30.699840352924443
2020-03-12 04:30:00,17.568,30.271790597295933
2020-03-12 04:45:00,17.568,30.882677626724487
2020-03-12 05:00:00,17.3485,31.35579177488794
2020-03-12 05:15:00,17.129,31.04185799585069
2020-03-12 05:30:00,17.129,31.96148613842285
2020-03-12 05:45:00,17.129,31.376590955980152
2020-03-12 06:00:00,17.129,30.424156726843353
2020-03-12 06:15:00,17.129,31.160171556724936
2020-03-12 06:30:00,17.129,31.117010041658386
2020-03-12 06:45:00,17.129,31.29754265658058
2020-03-12 07:00:00,17.129,31.336865138640494
2020-03-12 07:15:00,17.129,32.08740250080753
2020-03-12 07:30:00,17.129,31.861949681329797
2020-03-12 07:45:00,17.568,31.536096709082827
2020-03-12 08:00:00,18.008,32.08870938744595
2020-03-12 08:15:00,18.447,31.836078586208302
2020-03-12 08:30:00,19.1065,32.137439069621166
2020-03-12 08:45:00,19.766,31.395373352431264
2020-03-12 09:00:00,20.205,31.82156947146277
2020-03-12 09:15:00,21.084,32.512712356941634
2020-03-12 09:30:00,21.9625,31.97972649198234
2020-03-12 09:45:00,23.2815,31.61765770231285
2020-03-12 10:00:00,24.38,32.63622629527261
2020-03-12 10:15:00,25.4785,32.446187156245664
2020-03-12 10:30:00,26.7965,32.948745322374585
2020-03-12 10:45:00,27.676,33.063280020634664
2020-03-12 11:00:00,28.335,33.897262573223344
2020-03-12 11:15:00,28.994,33.223628905644226
2020-03-12 11:30:00,29.6535,34.374881839437336
2020-03-12 11:45:00,30.752,33.87987396941302
2020-03-12 12:00:00,31.411,34.53574845201608
2020-03-12 12:15:00,32.07,35.360802751968826
2020-03-12 12:30:00,32.29,35.071507755049566
2020-03-12 12:45:00,32.7295,35.00323835079364
2020-03-12 13:00:00,33.608,35.18518028350109
2020-03-12 13:15:00,34.2675,34.87104408603525
2020-03-12 13:30:00,35.1465,34.89940239784278
2020-03-12 13:45:00,35.366,35.60367801791299
2020-03-12 14:00:00,35.8055,36.206723595502886
2020-03-12 14:15:00,36.245,36.791319524701436
2020-03-12 14:30:00,36.904,36.208061838895865
2020-03-12 14:45:00,37.344,36.31690950881801
2020-03-12 15:00:00,38.003,36.2392480491898
2020-03-12 15:15:00,38.003,35.69365469839239
2020-03-12 15:30:00,37.7835,35.32333179415912
2020-03-12 15:45:00,37.124,36.04288347882419
2020-03-12 16:00:00,36.6845,36.28403559247127
2020-03-12 16:15:00,36.245,35.82507099516582
2020-03-12 16:30:00,36.0255,36.47058123814405
2020-03-12 16:45:00,35.5855,36.25580932986664
2020-03-12 17:00:00,35.1465,35.70127295202053
2020-03-12 17:15:00,34.9265,35.40315093920733
2020-03-12 17:30:00,34.4875,35.35670320794855
2020-03-12 17:45:00,34.048,34.52290322566334
2020-03-12 18:00:00,33.6085,35.74818461490541
2020-03-12 18:15:00,32.949,35.885981721675286
2020-03-12 18:30:00,32.29,34.79251571943446
2020-03-12 18:45:00,31.631,35.26225572805916
2020-03-12 19:00:00,30.752,33.9556830712237
2020-03-12 19:15:00,30.0925,32.83260616109244
2020-03-12 19:30:00,29.434,33.881789991417996
2020-03-12 19:45:00,28.7745,34.62817770535286
2020-03-12 20:00:00,28.115,33.92783275821169
2020-03-12 20:15:00,27.676,33.03174088477759
2020-03-12 20:30:00,26.797,32.06883495537873
2020-03-12 20:45:00,26.357,31.80725303713543
2020-03-12 21:00:00,25.918,31.307214895497157
2020-03-12 21:15:00,25.479,31.106355650909602
2020-03-12 21:30:00,25.039,31.52028719033181
2020-03-12 21:45:00,24.6,31.994824164490943
2020-03-12 22:00:00,24.6,31.212164361785984
2020-03-12 22:15:00,24.16,30.987360982643075
2020-03-12 22:30:00,23.721,31.207274264078134
2020-03-12 22:45:00,23.721,31.54641513219568
2020-03-12 23:00:00,23.501,31.35286070328431
2020-03-12 23:15:00,23.281,30.857549719654134
2020-03-12 23:30:00,23.281,32.34799904056502
2020-03-12 23:45:00,22.842,31.69776345823522
2020-03-13 00:00:00,22.842,31.387119363643503
2020-03-13 00:15:00,22.842,31.41585164360833
2020-03-13 00:30:00,22.402,31.28143376362207
2020-03-13 00:45:00,22.402,29.87377577072075
2020-03-13 01:00:00,21.963,30.462950249838492
2020-03-13 01:15:00,21.963,31.533898654785926
2020-03-13 01:30:00,21.523,30.48338308075115
2020-03-13 01:45:00,21.523,31.441838069938175
2020-03-13 02:00:00,21.084,31.351892486685855
2020-03-13 02:15:00,21.084,31.17885584485715
2020-03-13 02:30:00,20.645,31.311977093232986
2020-03-13 02:45:00,20.645,31.41863977829642
2020-03-13 03:00:00,20.645,30.692244936982963
2020-03-13 03:15:00,20.425,30.62452919597515
2020-03-13 03:30:00,20.205,30.212793754995484
2020-03-13 03:45:00,20.205,30.325420702893314
2020-03-13 04:00:00,19.9855,30.637518005137277
2020-03-13 04:15:00,19.766,29.919008805341466
2020-03-13 04:30:00,19.766,30.011624873731773
2020-03-13 04:45:00,19.766,28.674092340851246
2020-03-13 05:00:00,19.766,30.05423414731714
2020-03-13 05:15:00,19.766,28.547037163076755
2020-03-13 05:30:00,19.766,28.33816538468841
2020-03-13 05:45:00,19.766,28.742974445278612
2020-03-13 06:00:00,19.546,28.734935997774972
2020-03-13 06:15:00,19.546,29.005010313977998
2020-03-13 06:30:00,19.326,29.4967619227706
2020-03-13 06:45:00,19.326,30.50073370014797
2020-03-13 07:00:00,19.1065,29.632541739323987
2020-03-13 07:15:00,19.1065,30.19984269155271
2020-03-13 07:30:00,19.1065,31.42261608524912
2020-03-13 07:45:00,19.326,30.43996685396689
2020-03-13 08:00:00,19.766,29.886710872269823
2020-03-13 08:15:00,20.645,30.687679765546612
2020-03-13 08:30:00,21.084,29.802798535868583
2020-03-13 08:45:00,21.743,29.97496734706394
2020-03-13 09:00:00,22.402,29.905879161778746
2020-03-13 09:15:00,23.0615,31.955470366753026
2020-03-13 09:30:00,24.1605,33.208713391718895
2020-03-13 09:45:00,25.259,33.33851766848965
2020-03-13 10:00:00,26.3575,32.41696455230127
2020-03-13 10:15:00,27.456,31.99286649163887
2020-03-13 10:30:00,28.7745,33.03593608971992
2020-03-13 10:45:00,29.6535,33.85715052320249
2020-03-13 11:00:00,30.312,32.40359268712498
2020-03-13 11:15:00,31.1915,32.497112148790976
2020-03-13 11:30:00,31.8505,32.22796630205078
2020-03-13 11:45:00,32.7295,32.916928682011935
2020-03-13 12:00:00,33.3885,33.27831042255615
2020-03-13 12:15:00,33.828,33.5275560281208
2020-03-13 12:30:00,34.2675,34.0346533388646
2020-03-13 12:45:00,34.4875,33.722123058065144
2020-03-13 13:00:00,35.586,33.51224077373083
2020-03-13 13:15:00,36.245,32.25710597124245
2020-03-13 13:30:00,37.124,31.77016188064185
2020-03-13 13:45:00,37.344,32.0362586782433
2020-03-13 14:00:00,37.7835,33.200825498034554
2020-03-13 14:15:00,38.4425,32.97933152512555
2020-03-13 14:30:00,38.882,33.638853632281474
2020-03-13 14:45:00,39.3215,33.53810768160055
2020-03-13 15:00:00,39.3215,32.46935047160056
2020-03-13 15:15:00,39.3215,32.28819815935344
2020-03-13 15:30:00,39.102,32.875338857479264
2020-03-13 15:45:00,38.662,33.417113272549756
2020-03-13 16:00:00,38.223,31.879955400798583
2020-03-13 16:15:00,37.783,32.31870749918615
2020-03-13 16:30:00,37.344,31.79143007614372
2020-03-13 16:45:00,36.904,31.926783852560714
2020-03-13 17:00:00,36.465,32.520009294346465
2020-03-13 17:15:00,36.025,32.17427695282234
2020-03-13 17:30:00,35.586,31.953560197769153
2020-03-13 17:45:00,35.366,31.44718369511722
2020-03-13 18:00:00,34.9265,31.240723638257567
2020-03-13 18:15:00,34.4875,31.080628763270575
2020-03-13 18:30:00,33.828,31.778599913812442
2020-03-13 18:45:00,33.389,31.37711790051309
2020-03-13 19:00:00,32.51,32.16931955529673
2020-03-13 19:15:00,32.07,31.261951689911818
2020-03-13 19:30:00,31.631,31.018784776413288
2020-03-13 19:45:00,30.752,29.39174236622275
2020-03-13 20:00:00,30.312,31.198213028847157
2020-03-13 20:15:00,29.873,29.75697539802248
2020-03-13 20:30:00,29.434,30.895216696310158
2020-03-13 20:45:00,29.214,29.46779015739855
2020-03-13 21:00:00,28.7745,30.036894780239685
2020-03-13 21:15:00,28.335,30.52039574184501
2020-03-13 21:30:00,28.115,30.88579319718872
2020-03-13 21:45:00,27.676,30.522064014224803
2020-03-13 22:00:00,27.236,30.752236496109084
2020-03-13 22:15:00,26.797,30.30081818844127
2020-03-13 22:30:00,26.797,30.235886602992128
2020-03-13 22:45:00,26.357,30.969063796140283
2020-03-13 23:00:00,26.357,30.499717175361685
2020-03-13 23:15:00,25.918,29.066153697927923
2020-03-13 23:30:00,25.918,30.29497608754429
2020-03-13 23:45:00,25.6985,30.053346219993333
2020-03-14 00:00:00,25.479,29.833772624153276
2020-03-14 00:15:00,25.479,30.32325123028886
2020-03-14 00:30:00,25.039,30.46536418526132
2020-03-14 00:45:00,25.039,30.233132642842545
2020-03-14 01:00:00,24.8195,30.723308092074795
2020-03-14 01:15:00,24.6,30.26000872899126
2020-03-14 01:30:00,24.38,30.136784033612898
2020-03-14 01:45:00,24.16,30.39527875491428
2020-03-14 02:00:00,24.16,30.903608040739734
2020-03-14 02:15:00,24.16,30.004816856128215
2020-03-14 02:30:00,24.16,29.92646541510244
2020-03-14 02:45:00,23.721,29.658936825614497
2020-03-14 03:00:00,23.721,29.236656788669872
2020-03-14 03:15:00,23.721,28.522518258312648
2020-03-14 03:30:00,23.721,29.099196039544726
2020-03-14 03:45:00,23.721,28.338208258692273
2020-03-14 04:00:00,23.721,29.1986936821616
2020-03-14 04:15:00,23.501,28.944007407669282
2020-03-14 04:30:00,23.501,29.077457533807326
2020-03-14 04:45:00,23.501,28.71244186791126
2020-03-14 05:00:00,23.501,28.167331470246925
2020-03-14 05:15:00,23.501,27.893869003594734
2020-03-14 05:30:00,23.501,28.632291626591822
2020-03-14 05:45:00,23.501,28.399743175642918
2020-03-14 06:00:00,23.501,28.976410511706227
2020-03-14 06:15:00,23.501,29.262024837974785
2020-03-14 06:30:00,23.501,28.984437909321183
2020-03-14 06:45:00,23.501,28.77257057564527
2020-03-14 07:00:00,23.501,30.412372816597983
2020-03-14 07:15:00,23.721,29.84044382039449
2020-03-14 07:30:00,23.721,30.831222027901173
2020-03-14 07:45:00,23.721,29.960850769951318
2020-03-14 08:00:00,23.721,30.13637243336143
2020-03-14 08:15:00,23.281,30.597149199760832
2020-03-14 08:30:00,23.281,31.35967186311465
2020-03-14 08:45:00,23.501,31.93467400155891
2020-03-14 09:00:00,23.721,31.85098496027799
2020-03-14 09:15:00,23.9405,31.612662123985466
2020-03-14 09:30:00,24.16,32.16389988415527
2020-03-14 09:45:00,24.38,32.06291962561214
2020-03-14 10:00:00,24.8195,32.805648573064545
2020-03-14 10:15:00,25.039,32.88640842610663
2020-03-14 10:30:00,25.259,32.7694382888106
2020-03-14 10:45:00,25.479,33.266583017829305
2020-03-14 11:00:00,25.6985,33.91158245152896
2020-03-14 11:15:00,25.6985,33.97516057168763
2020-03-14 11:30:00,25.6985,32.919393602981444
2020-03-14 11:45:00,25.918,33.38553800984144
2020-03-14 12:00:00,26.3575,33.2627996662573
2020-03-14 12:15:00,26.577,34.24059587042966
2020-03-14 12:30:00,27.0165,35.33408504455737
2020-03-14 12:45:00,27.456,35.317431183016325
2020-03-14 13:00:00,27.456,35.728328352978984
2020-03-14 13:15:00,28.1155,35.27139870571137
2020-03-14 13:30:00,28.9945,35.22345237733889
2020-03-14 13:45:00,29.4335,35.46146903553419
2020-03-14 14:00:00,29.4335,34.45885016532157
2020-03-14 14:15:00,29.4335,34.100734127177155
2020-03-14 14:30:00,29.4335,33.51880348429667
2020-03-14 14:45:00,29.214,34.0645045887812
2020-03-14 15:00:00,28.9945,33.92553736322854
2020-03-14 15:15:00,28.9945,34.613064210437095
2020-03-14 15:30:00,28.5545,34.59070384620062
2020-03-14 15:45:00,28.1155,34.533316340383365
2020-03-14 16:00:00,28.1155,34.599771442924
2020-03-14 16:15:00,27.6755,35.282883002490784
2020-03-14 16:30:00,27.6755,34.895203140279804
2020-03-14 16:45:00,27.6755,35.93518341722516
2020-03-14 17:00:00,27.456,34.05659046656768
2020-03-14 17:15:00,27.456,34.10826699215229
2020-03-14 17:30:00,27.456,34.79134988798159
2020-03-14 17:45:00,27.456,33.26258004316588
2020-03-14 18:00:00,27.2365,32.9604542037283
2020-03-14 18:15:00,27.2365,33.15552345665843
2020-03-14 18:30:00,27.2365,33.1007850123761
2020-03-14 18:45:00,27.0165,33.409482221411224
2020-03-14 19:00:00,27.0165,32.73637597472724
2020-03-14 19:15:00,27.0165,32.64744087902748
2020-03-14 19:30:00,26.7965,33.191824856574854
2020-03-14 19:45:00,26.7965,32.91129678226869
2020-03-14 20:00:00,26.577,33.75590779133838
2020-03-14 20:15:00,26.577,33.00190008153627
2020-03-14 20:30:00,26.577,33.49462241748336
2020-03-14 20:45:00,26.3575,34.16532193017168
2020-03-14 21:00:00,26.3575,33.10834754543246
2020-03-14 21:15:00,26.1375,32.36117730875131
2020-03-14 21:30:00,26.1375,32.52414864984645
2020-03-14 21:45:00,26.1375,33.04300533151709
2020-03-14 22:00:00,25.918,32.25137319592753
2020-03-14 22:15:00,25.918,31.988449832184422
2020-03-14 22:30:00,25.918,32.023992563021615
2020-03-14 22:45:00,25.6985,31.45457214272879
2020-03-14 23:00:00,25.6985,32.047873449319916
2020-03-14 23:15:00,25.6985,31.997697000566465
2020-03-14 23:30:00,25.6985,31.367312712709296
2020-03-14 23:45:00,25.6985,31.86261746136051
2020-03-15 00:00:00,25.6985,31.48956160755044
2020-03-15 00:15:00,25.479,32.61629660271095
2020-03-15 00:30:00,25.479,32.545688379004716
2020-03-15 00:45:00,25.479,31.81412874863365
2020-03-15 01:00:00,25.479,32.30755092203235
2020-03-15 01:15:00,25.479,32.809596821387245
2020-03-15 01:30:00,25.259,31.217879416384264
2020-03-15 01:45:00,25.039,31.752466102967606
2020-03-15 02:00:00,25.039,31.633146629817627
2020-03-15 02:15:00,25.039,32.1605441700019
2020-03-15 02:30:00,25.039,32.016523219624396
2020-03-15 02:45:00,24.8195,32.488499274217666
2020-03-15 03:00:00,24.8195,31.480812718105756
2020-03-15 03:15:00,24.6,32.25033201859216
2020-03-15 03:30:00,24.6,31.733156594134577
2020-03-15 03:45:00,24.6,32.00422640875257
2020-03-15 04:00:00,24.6,31.376864644190576
2020-03-15 04:15:00,24.38,31.649879768404258
2020-03-15 04:30:00,24.38,30.44786317049067
2020-03-15 04:45:00,24.38,31.180994193894353
2020-03-15 05:00:00,24.16,30.840734403634755
2020-03-15 05:15:00,24.16,30.590419018401697
2020-03-15 05:30:00,24.16,30.770640680794454
2020-03-15 05:45:00,24.16,30.24097299225615
2020-03-15 06:00:00,24.16,31.48608815229792
2020-03-15 06:15:00,24.16,31.631720637910405
2020-03-15 06:30:00,24.16,30.781870269623504
2020-03-15 06:45:00,24.16,31.652694556002203
2020-03-15 07:00:00,24.16,32.18816912349906
2020-03-15 07:15:00,24.16,32.22442242461743
2020-03-15 07:30:00,24.16,32.679414712916504
2020-03-15 07:45:00,24.16,33.4459117946896
2020-03-15 08:00:00,24.6,34.10362187757521
2020-03-15 08:15:00,24.6,33.65850763506282
2020-03-15 08:30:00,24.8195,33.82331596885481
2020-03-15 08:45:00,25.039,33.46833930435414
2020-03-15 09:00:00,25.259,33.644464110443316
2020-03-15 09:15:00,25.479,33.313599479968055
2020-03-15 09:30:00,25.6985,33.978069748976374
2020-03-15 09:45:00,26.1375,34.983732674722205
2020-03-15 10:00:00,26.577,34.658439479397266
2020-03-15 10:15:00,26.7965,35.178200772780514
2020-03-15 10:30:00,27.456,35.24322596431323
2020-03-15 10:45:00,27.8955,35.40245669196825
2020-03-15 11:00:00,28.555,34.09042863663089
2020-03-15 11:15:00,28.994,34.87389911294107
2020-03-15 11:30:00,29.214,34.613091738482744
2020-03-15 11:45:00,29.6535,33.92100551762125
2020-03-15 12:00:00,29.873,33.75215866287305
2020-03-15 12:15:00,30.0925,34.33462943747373
2020-03-15 12:30:00,30.312,34.41012367188275
2020-03-15 12:45:00,30.312,34.797501585064296
2020-03-15 13:00:00,31.191,34.17776731944411
2020-03-15 13:15:00,31.8505,34.63870774943304
2020-03-15 13:30:00,32.7295,34.44621010646537
2020-03-15 13:45:00,33.169,33.92618841512536
2020-03-15 14:00:00,33.828,33.90106535769401
2020-03-15 14:15:00,34.048,35.07146661750921
2020-03-15 14:30:00,34.707,34.78178295394313
2020-03-15 14:45:00,34.9265,34.14141923223712
2020-03-15 15:00:00,35.1465,34.126040007083084
2020-03-15 15:15:00,35.366,33.503144391864296
2020-03-15 15:30:00,35.366,34.36967739476344
2020-03-15 15:45:00,35.366,34.6827699911015
2020-03-15 16:00:00,35.366,34.791148138213124
2020-03-15 16:15:00,34.048,35.12689260097288
2020-03-15 16:30:00,32.7295,34.18471336407744
2020-03-15 16:45:00,31.6305,35.16203904624013
2020-03-15 17:00:00,30.752,34.61826136333421
2020-03-15 17:15:00,29.873,33.96228485330846
2020-03-15 17:30:00,29.434,34.62999708050919
2020-03-15 17:45:00,28.994,34.13053737522691
2020-03-15 18:00:00,28.994,33.46419094459048
2020-03-15 18:15:00,28.994,33.959653181342986
2020-03-15 18:30:00,28.335,35.18952768697671
2020-03-15 18:45:00,27.0165,34.76815242550391
2020-03-15 19:00:00,24.6,34.74207727464308
2020-03-15 19:15:00,22.622,35.6197459879531
2020-03-15 19:30:00,21.084,35.08066470207878
2020-03-15 19:45:00,20.2055,35.417226937548186
2020-03-15 20:00:00,19.546,34.592996035843356
2020-03-15 20:15:00,18.667,34.36357196514853
2020-03-15 20:30:00,18.2275,33.20549854435509
2020-03-15 20:45:00,17.788,34.50026804679569
2020-03-15 21:00:00,17.129,33.77027604147537
2020-03-15 21:15:00,16.689,34.609857963697
2020-03-15 21:30:00,16.4695,34.56981243451377
2020-03-15 21:45:00,16.25,33.65204641336336
2020-03-15 22:00:00,15.811,34.37296393226834
2020-03-15 22:15:00,15.591,34.34034762604202
2020-03-15 22:30:00,15.1515,33.60621785568236
2020-03-15 22:45:00,14.712,34.00877382547456
2020-03-15 23:00:00,14.712,33.66845188447157
2020-03-15 23:15:00,14.492,33.41911358128012
2020-03-15 23:30:00,14.492,33.406970090593326
2020-03-15 23:45:00,14.492,34.43976874310127
2020-03-16 00:00:00,14.053,34.16533675826877
2020-03-16 00:15:00,14.053,33.9299415788796
2020-03-16 00:30:00,13.833,33.276849930465076
2020-03-16 00:45:00,13.613,33.54593313936669
2020-03-16 01:00:00,13.613,33.47332817443838
2020-03-16 01:15:00,13.3935,33.20984055998523
2020-03-16 01:30:00,13.174,33.579924229860225
2020-03-16 01:45:00,13.174,33.08326794399923
2020-03-16 02:00:00,12.954,33.2125754623981
2020-03-16 02:15:00,12.734,32.78286947991376
2020-03-16 02:30:00,12.734,32.59793218094173
2020-03-16 02:45:00,12.734,33.312439314293286
2020-03-16 03:00:00,12.734,32.966400241452575
2020-03-16 03:15:00,12.734,31.930118869216788
2020-03-16 03:30:00,12.954,32.11035120042779
2020-03-16 03:45:00,12.954,32.493224045280066
2020-03-16 04:00:00,12.954,32.99612655005522
2020-03-16 04:15:00,12.954,32.61405059973613
2020-03-16 04:30:00,12.954,31.441644369627284
2020-03-16 04:45:00,12.7345,32.97967485485422
2020-03-16 05:00:00,12.5145,32.261802844206635
2020-03-16 05:15:00,12.5145,32.12563701140363
2020-03-16 05:30:00,12.5145,31.45971191843148
2020-03-16 05:45:00,12.5145,31.359991383631233
2020-03-16 06:00:00,12.075,32.38472757351811
2020-03-16 06:15:00,11.6355,32.08789481495593
2020-03-16 06:30:00,11.6355,31.901205912239384
2020-03-16 06:45:00,11.416,31.712622485721447
2020-03-16 07:00:00,11.416,32.671084032876365
2020-03-16 07:15:00,10.977,32.85353849054733
2020-03-16 07:30:00,10.977,32.437224256901985
2020-03-16 07:45:00,10.757,32.56199071914876
2020-03-16 08:00:00,10.537,33.45941778134899
2020-03-16 08:15:00,10.537,33.096268062678895
2020-03-16 08:30:00,10.537,32.683161997411666
2020-03-16 08:45:00,10.537,31.55275379493588
2020-03-16 09:00:00,10.537,32.71765127779829
2020-03-16 09:15:00,10.537,31.418877698093784
2020-03-16 09:30:00,10.537,32.38627245651165
2020-03-16 09:45:00,10.757,32.708397724279216
2020-03-16 10:00:00,10.977,32.34176895644933
2020-03-16 10:15:00,11.1965,33.76609533422935
2020-03-16 10:30:00,11.1965,33.79404564120495
2020-03-16 10:45:00,11.416,33.92177990384031
2020-03-16 11:00:00,11.855,34.50609660530849
2020-03-16 11:15:00,12.295,34.23618777258972
2020-03-16 11:30:00,12.5145,34.582516651210355
2020-03-16 11:45:00,12.954,35.18420446637552
2020-03-16 12:00:00,13.3935,34.758673536474944
2020-03-16 12:15:00,13.6135,34.34347428506864
2020-03-16 12:30:00,13.833,35.18013279721963
2020-03-16 12:45:00,14.053,34.766301364875396
2020-03-16 13:00:00,14.2725,34.35658656448974
2020-03-16 13:15:00,14.2725,35.24153743668899
2020-03-16 13:30:00,14.492,35.18225128084906
2020-03-16 13:45:00,14.492,35.053617188508355
2020-03-16 14:00:00,14.932,35.19578779550862
2020-03-16 14:15:00,14.932,35.10781986632075
2020-03-16 14:30:00,15.1515,34.98183272964289
2020-03-16 14:45:00,15.371,35.52141479572086
2020-03-16 15:00:00,15.811,34.81655310165888
2020-03-16 15:15:00,16.25,35.48245518997147
2020-03-16 15:30:00,16.689,34.91894825488957
2020-03-16 15:45:00,16.909,35.076201602379385
2020-03-16 16:00:00,16.909,35.451327292367516
2020-03-16 16:15:00,16.909,36.057997899160725
2020-03-16 16:30:00,16.909,35.59461829641078
2020-03-16 16:45:00,16.909,35.86617973934311
2020-03-16 17:00:00,16.909,34.63820179598329
2020-03-16 17:15:00,16.4695,35.474642689466485
2020-03-16 17:30:00,16.4695,34.88361746697454
2020-03-16 17:45:00,16.4695,34.43104400569208
2020-03-16 18:00:00,16.25,34.636267616077134
2020-03-16 18:15:00,16.0305,34.10052683566604
2020-03-16 18:30:00,16.0305,35.24337926022843
2020-03-16 18:45:00,15.811,33.73487247611886
2020-03-16 19:00:00,15.591,33.577166585593616
2020-03-16 19:15:00,15.591,33.82546135228423
2020-03-16 19:30:00,15.591,34.60984328445626
2020-03-16 19:45:00,15.371,34.02506896864178
2020-03-16 20:00:00,15.371,33.512439256340826
2020-03-16 20:15:00,15.371,32.824619586460095
2020-03-16 20:30:00,15.1515,33.484820134372384
2020-03-16 20:45:00,14.932,34.11255941742009
2020-03-16 21:00:00,14.932,32.426956471060805
2020-03-16 21:15:00,14.932,31.68089291136306
2020-03-16 21:30:00,14.712,31.500867606285116
2020-03-16 21:45:00,14.492,31.92148054877271
2020-03-16 22:00:00,14.492,32.21798173712291
2020-03-16 22:15:00,14.492,32.80260661793273
2020-03-16 22:30:00,14.2725,32.26638711955537
2020-03-16 22:45:00,14.053,32.89542183751152
2020-03-16 23:00:00,13.613,32.91666028536257
2020-03-16 23:15:00,13.613,32.81421722534875
2020-03-16 23:30:00,13.3935,32.269261375731915
2020-03-16 23:45:00,13.174,32.910243033602484
2020-03-17 00:00:00,12.954,32.440322129133996
2020-03-17 00:15:00,12.734,32.45964971767943
2020-03-17 00:30:00,12.5145,31.806467806119777
2020-03-17 00:45:00,12.5145,32.25621643489734
2020-03-17 01:00:00,12.075,32.63835083926174
2020-03-17 01:15:00,12.075,32.42484706311164
2020-03-17 01:30:00,12.075,32.148594555104644
2020-03-17 01:45:00,12.075,31.035671279655936
2020-03-17 02:00:00,12.075,30.891234363651055
2020-03-17 02:15:00,11.6355,31.115570380828593
2020-03-17 02:30:00,11.6355,30.627264816833524
2020-03-17 02:45:00,11.6355,29.8897729972439
2020-03-17 03:00:00,11.6355,29.04175798893697
2020-03-17 03:15:00,11.416,29.507220447791497
2020-03-17 03:30:00,11.416,29.229596737507677
2020-03-17 03:45:00,11.416,28.88491884491925
2020-03-17 04:00:00,11.1965,29.534337140344835
2020-03-17 04:15:00,11.1965,29.0355718584479
2020-03-17 04:30:00,11.1965,29.361421565217007
2020-03-17 04:45:00,11.1965,29.10046863385686
2020-03-17 05:00:00,11.1965,28.64452004511545
2020-03-17 05:15:00,11.1965,28.638911094655217
2020-03-17 05:30:00,11.1965,29.159804317051947
2020-03-17 05:45:00,11.1965,29.61398437060186
2020-03-17 06:00:00,11.1965,29.573898186457747
2020-03-17 06:15:00,11.1965,30.335245732029662
2020-03-17 06:30:00,11.1965,29.176774643749678
2020-03-17 06:45:00,11.1965,30.14658968552946
2020-03-17 07:00:00,11.1965,31.02825471447331
2020-03-17 07:15:00,11.416,31.341550142450508
2020-03-17 07:30:00,11.6355,31.15667268128588
2020-03-17 07:45:00,12.075,29.96999077401357
2020-03-17 08:00:00,12.295,30.23132548974013
2020-03-17 08:15:00,12.5145,29.702720637678837
2020-03-17 08:30:00,12.734,29.889813245280298
2020-03-17 08:45:00,13.3935,29.424522114960478
2020-03-17 09:00:00,13.833,29.820849606848295
2020-03-17 09:15:00,14.492,30.000288250200533
2020-03-17 09:30:00,15.1515,30.77454392815588
2020-03-17 09:45:00,15.591,31.368405960079123
2020-03-17 10:00:00,16.4695,31.252587877740428
2020-03-17 10:15:00,16.909,31.646538600748332
2020-03-17 10:30:00,17.5685,32.04124872121595
2020-03-17 10:45:00,18.667,32.624004713508064
2020-03-17 11:00:00,19.1065,32.52337703895809
2020-03-17 11:15:00,19.7655,32.615900219707704
2020-03-17 11:30:00,20.6445,32.8538518279912
2020-03-17 11:45:00,21.3035,34.13372232593488
2020-03-17 12:00:00,21.963,33.76390872798926
2020-03-17 12:15:00,22.622,34.42379878270255
2020-03-17 12:30:00,23.0615,34.31376607281491
2020-03-17 12:45:00,23.281,34.07466135898043
2020-03-17 13:00:00,23.2815,34.60878796033092
2020-03-17 13:15:00,23.0615,33.523410922191815
2020-03-17 13:30:00,23.0615,33.476453430225334
2020-03-17 13:45:00,22.842,34.42214553129423
2020-03-17 14:00:00,23.0615,34.4413960331677
2020-03-17 14:15:00,23.0615,35.25564850303216
2020-03-17 14:30:00,23.501,35.39833113012928
2020-03-17 14:45:00,23.721,34.929679877991155
2020-03-17 15:00:00,23.721,34.17415804395314
2020-03-17 15:15:00,23.721,33.98810889624033
2020-03-17 15:30:00,23.721,34.568212085435114
2020-03-17 15:45:00,23.721,34.93097042682212
2020-03-17 16:00:00,23.281,34.383057347055534
2020-03-17 16:15:00,23.281,34.76739349752817
2020-03-17 16:30:00,22.842,34.594367634499896
2020-03-17 16:45:00,22.842,34.04423580956537
2020-03-17 17:00:00,22.842,33.94844277934019
2020-03-17 17:15:00,22.622,33.766981530307895
2020-03-17 17:30:00,22.402,32.888607636771944
2020-03-17 17:45:00,22.1825,33.64550971591323
2020-03-17 18:00:00,21.743,33.42156996344891
2020-03-17 18:15:00,21.3035,33.186588443515056
2020-03-17 18:30:00,21.084,33.46636346616355
2020-03-17 18:45:00,20.8645,32.50507189926592
2020-03-17 19:00:00,20.425,32.783776454710974
2020-03-17 19:15:00,20.425,32.30262947202708
2020-03-17 19:30:00,20.205,32.377966169082534
2020-03-17 19:45:00,19.9855,31.963344171096033
2020-03-17 20:00:00,19.9855,32.28312806101513
2020-03-17 20:15:00,19.9855,32.597583113474215
2020-03-17 20:30:00,19.766,32.5595693729974
2020-03-17 20:45:00,19.546,32.89957222007747
2020-03-17 21:00:00,19.546,31.663120182458826
2020-03-17 21:15:00,19.326,32.0721336546004
2020-03-17 21:30:00,19.1065,32.26731743527201
2020-03-17 21:45:00,19.1065,30.748216405501655
2020-03-17 22:00:00,19.1065,31.18053543712302
2020-03-17 22:15:00,19.1065,29.87633577051116
2020-03-17 22:30:00,19.1065,31.591404458448267
2020-03-17 22:45:00,19.1065,31.071542025581984
2020-03-17 23:00:00,19.1065,31.3624624167956
2020-03-17 23:15:00,18.2275,31.206888044590546
2020-03-17 23:30:00,17.788,30.54799715400786
2020-03-17 23:45:00,17.3485,31.410617495625115
2020-03-18 00:00:00,17.3485,31.319049445973526
2020-03-18 00:15:00,16.909,30.649500573036597
2020-03-18 00:30:00,16.689,31.30517186427708
2020-03-18 00:45:00,16.4695,31.514279330671872
2020-03-18 01:00:00,16.4695,31.144988266433735
2020-03-18 01:15:00,16.4695,31.358574094639724
2020-03-18 01:30:00,16.25,30.694645276269913
2020-03-18 01:45:00,16.25,31.09753563648125
2020-03-18 02:00:00,16.25,31.071091382981574
2020-03-18 02:15:00,16.4695,30.2044672122497
2020-03-18 02:30:00,16.689,30.315484553792363
2020-03-18 02:45:00,16.689,30.6087101288995
2020-03-18 03:00:00,16.909,30.006580041588908
2020-03-18 03:15:00,16.909,29.67362055351722
2020-03-18 03:30:00,16.909,29.039732482765025
2020-03-18 03:45:00,17.129,29.972321914983866
2020-03-18 04:00:00,17.3485,29.896479583944938
2020-03-18 04:15:00,17.3485,30.39087634225306
2020-03-18 04:30:00,17.3485,28.430332387024404
2020-03-18 04:45:00,17.129,28.41591923233316
2020-03-18 05:00:00,16.909,27.973493240017646
2020-03-18 05:15:00,16.689,27.848848188322858
2020-03-18 05:30:00,16.689,28.01819062730556
2020-03-18 05:45:00,16.25,28.08267371846068
2020-03-18 06:00:00,16.0305,28.433151050891112
2020-03-18 06:15:00,16.0305,28.165793460970303
2020-03-18 06:30:00,16.0305,27.981819118802342
2020-03-18 06:45:00,16.0305,28.25919078605099
2020-03-18 07:00:00,16.0305,27.898743146611185
2020-03-18 07:15:00,16.0305,27.721013446675524
2020-03-18 07:30:00,16.0305,27.961913493715304
2020-03-18 07:45:00,16.0305,27.535515662769203
2020-03-18 08:00:00,16.25,27.45386424964526
2020-03-18 08:15:00,16.4695,28.41248631404575
2020-03-18 08:30:00,16.4695,28.13374730409957
2020-03-18 08:45:00,16.4695,27.963977160940832
2020-03-18 09:00:00,16.4695,28.08759880647541
2020-03-18 09:15:00,16.4695,28.025609926277284
2020-03-18 09:30:00,16.4695,28.00523349959583
2020-03-18 09:45:00,16.4695,29.13159022715735
2020-03-18 10:00:00,16.4695,29.28917111094373
2020-03-18 10:15:00,16.4695,29.6759716944183
2020-03-18 10:30:00,16.689,29.62737313785702
2020-03-18 10:45:00,16.689,29.018920536924714
2020-03-18 11:00:00,16.909,29.420346316293653
2020-03-18 11:15:00,16.909,29.74972419638401
2020-03-18 11:30:00,17.129,29.886325591302214
2020-03-18 11:45:00,17.3485,30.11443995835429
2020-03-18 12:00:00,17.3485,30.5846057018882
2020-03-18 12:15:00,17.568,29.979417857265314
2020-03-18 12:30:00,17.788,30.247730049484726
2020-03-18 12:45:00,17.788,31.287158492148706
2020-03-18 13:00:00,17.788,32.20121393008173
2020-03-18 13:15:00,18.0075,32.51983785206541
2020-03-18 13:30:00,18.0075,32.816464885865386
2020-03-18 13:45:00,18.0075,32.66870650763301
2020-03-18 14:00:00,17.788,33.1157943794957
2020-03-18 14:15:00,17.788,32.94192105703616
2020-03-18 14:30:00,17.788,33.270176793962655
2020-03-18 14:45:00,17.788,33.27644554256544
2020-03-18 15:00:00,17.788,33.174534492297525
2020-03-18 15:15:00,17.788,32.87445041330404
2020-03-18 15:30:00,17.788,32.68508979085993
2020-03-18 15:45:00,18.008,33.176994250359584
2020-03-18 16:00:00,18.008,33.13052989867642
2020-03-18 16:15:00,18.008,33.08670652823972
2020-03-18 16:30:00,17.788,33.66321591293207
2020-03-18 16:45:00,17.788,33.1158247528126
2020-03-18 17:00:00,17.5685,33.484353034625336
2020-03-18 17:15:00,17.1285,32.723055227175074
2020-03-18 17:30:00,17.1285,31.880542570604383
2020-03-18 17:45:00,16.909,32.40848592936769
2020-03-18 18:00:00,16.6895,32.882404171563614
2020-03-18 18:15:00,16.6895,32.21161150538294
2020-03-18 18:30:00,16.6895,31.61196436913648
2020-03-18 18:45:00,16.6895,32.62507391178027
2020-03-18 19:00:00,16.909,32.883984919027036
2020-03-18 19:15:00,16.909,33.145213188635644
2020-03-18 19:30:00,16.909,33.6526616944034
2020-03-18 19:45:00,16.909,33.30658818613348
2020-03-18 20:00:00,16.689,33.155586557634685
2020-03-18 20:15:00,16.689,33.65392494697164
2020-03-18 20:30:00,16.4695,32.399602665952436
2020-03-18 20:45:00,16.25,31.527000907799106
2020-03-18 21:00:00,16.25,31.81078379561148
2020-03-18 21:15:00,16.25,32.94121049428903
2020-03-18 21:30:00,16.0305,32.19216191547998
2020-03-18 21:45:00,16.0305,31.608892958580544
2020-03-18 22:00:00,16.25,31.440920429949863
2020-03-18 22:15:00,16.4695,32.689066727836945
2020-03-18 22:30:00,16.4695,32.97886250465853
2020-03-18 22:45:00,16.4695,32.370329432616515
2020-03-18 23:00:00,16.4695,31.35968844234032
2020-03-18 23:15:00,16.6895,31.67385993575711
2020-03-18 23:30:00,16.6895,31.346309145905618
2020-03-18 23:45:00,16.6895,31.903036856968455
2020-03-19 00:00:00,16.6895,32.181511591531944
2020-03-19 00:15:00,16.4695,31.767546490481152
2020-03-19 00:30:00,16.4695,31.895080103740668
2020-03-19 00:45:00,16.4695,32.19078201723089
2020-03-19 01:00:00,16.4695,32.00970941102755
2020-03-19 01:15:00,16.689,31.809898134857114
2020-03-19 01:30:00,16.689,30.734258337127063
2020-03-19 01:45:00,16.689,31.379462121466698
2020-03-19 02:00:00,16.25,31.37712481264629
2020-03-19 02:15:00,16.0305,31.49204696316975
2020-03-19 02:30:00,15.811,31.041109182865455
2020-03-19 02:45:00,15.811,31.34065180279891
2020-03-19 03:00:00,15.811,30.40279198813715
2020-03-19 03:15:00,15.811,30.309253779643633
2020-03-19 03:30:00,15.811,30.08112463959065
2020-03-19 03:45:00,15.811,29.74162452514165
2020-03-19 04:00:00,15.371,29.606623935765526
2020-03-19 04:15:00,15.371,28.979987170824316
2020-03-19 04:30:00,15.371,29.113274962077067
2020-03-19 04:45:00,14.932,29.214261741784732
2020-03-19 05:00:00,14.932,29.112835625692796
2020-03-19 05:15:00,14.712,29.492692078214212
2020-03-19 05:30:00,14.492,29.01670659840727
2020-03-19 05:45:00,14.492,29.280135884087567
2020-03-19 06:00:00,14.492,29.329651962933532
2020-03-19 06:15:00,14.2725,29.960749714094323
2020-03-19 06:30:00,14.2725,30.066978358982606
2020-03-19 06:45:00,14.2725,29.55400377950177
2020-03-19 07:00:00,14.2725,29.3401483118062
2020-03-19 07:15:00,14.2725,30.003036935248783
2020-03-19 07:30:00,14.2725,29.446745657816532
2020-03-19 07:45:00,14.2725,29.018640642630782
2020-03-19 08:00:00,14.2725,29.07147840206066
2020-03-19 08:15:00,14.492,29.67382406484836
2020-03-19 08:30:00,14.492,29.360162201314743
2020-03-19 08:45:00,14.492,29.30269275781574
2020-03-19 09:00:00,14.712,29.180423930661238
2020-03-19 09:15:00,14.712,28.74105446501319
2020-03-19 09:30:00,14.712,29.52969222274867
2020-03-19 09:45:00,14.712,28.803492615021277
2020-03-19 10:00:00,14.9315,28.95342413623266
2020-03-19 10:15:00,15.1515,29.773617009799203
2020-03-19 10:30:00,15.1515,29.088677673893717
2020-03-19 10:45:00,15.1515,30.273006148345466
2020-03-19 11:00:00,15.1515,30.387314332654
2020-03-19 11:15:00,15.3715,31.304726342114403
2020-03-19 11:30:00,15.591,31.337461418454645
2020-03-19 11:45:00,15.8105,31.335275374918226
2020-03-19 12:00:00,16.0305,31.419861561959912
2020-03-19 12:15:00,16.0305,32.176061383027495
2020-03-19 12:30:00,16.0305,31.745145791221958
2020-03-19 12:45:00,16.4695,31.267824047060863
2020-03-19 13:00:00,16.4695,31.34803413039736
2020-03-19 13:15:00,16.4695,31.60674041506537
2020-03-19 13:30:00,16.4695,31.05557777728537
2020-03-19 13:45:00,16.909,31.742919129703765
2020-03-19 14:00:00,16.909,31.46963344761317
2020-03-19 14:15:00,16.909,31.245323133406607
2020-03-19 14:30:00,17.129,32.113450879783166
2020-03-19 14:45:00,17.129,32.856771986899055
2020-03-19 15:00:00,17.129,32.60416814236055
2020-03-19 15:15:00,17.129,33.219821926460284
2020-03-19 15:30:00,17.129,33.41474397785942
2020-03-19 15:45:00,16.909,32.662354238518276
2020-03-19 16:00:00,16.909,34.49116413388209
2020-03-19 16:15:00,16.689,34.22816588599946
2020-03-19 16:30:00,16.689,33.73375704978394
2020-03-19 16:45:00,16.689,33.72953722746136
2020-03-19 17:00:00,16.689,33.57755543475636
2020-03-19 17:15:00,16.689,33.6109282389343
2020-03-19 17:30:00,16.689,33.829116814028374
2020-03-19 17:45:00,16.4695,33.7123337336647
2020-03-19 18:00:00,16.4695,33.67280897187506
2020-03-19 18:15:00,16.4695,32.562383661893875
2020-03-19 18:30:00,16.4695,33.11787542684984
2020-03-19 18:45:00,16.25,32.28317664612344
2020-03-19 19:00:00,16.25,31.987030839692675
2020-03-19 19:15:00,16.25,31.633789544674226
2020-03-19 19:30:00,16.25,32.57288451422774
2020-03-19 19:45:00,16.25,32.68968476024265
2020-03-19 20:00:00,16.25,31.54178989791735
2020-03-19 20:15:00,16.0305,32.2237117533781
2020-03-19 20:30:00,15.811,32.7372175348965
2020-03-19 20:45:00,15.591,32.159870072059604
2020-03-19 21:00:00,15.371,32.29064062843967
2020-03-19 21:15:00,15.371,32.33694510201067
2020-03-19 21:30:00,15.371,33.170202613907335
2020-03-19 21:45:00,15.371,33.022237425354014
2020-03-19 22:00:00,15.371,32.52900772954528
2020-03-19 22:15:00,15.371,33.590690145536286
2020-03-19 22:30:00,15.371,33.294004023259774
2020-03-19 22:45:00,15.591,32.991098531876865
2020-03-19 23:00:00,15.591,32.85945085696172
2020-03-19 23:15:00,15.591,32.79806701321647
2020-03-19 23:30:00,15.591,31.93724510426519
2020-03-19 23:45:00,15.591,32.15312908620951
2020-03-20 00:00:00,15.591,31.73286695922734
2020-03-20 00:15:00,15.1515,32.2274195003222
2020-03-20 00:30:00,15.1515,32.28706782483589
2020-03-20 00:45:00,14.712,32.33575908642759
2020-03-20 01:00:00,14.492,32.17993736130556
2020-03-20 01:15:00,14.2725,31.272793598233754
2020-03-20 01:30:00,14.2725,31.34745085972397
2020-03-20 01:45:00,14.2725,31.452377449182965
2020-03-20 02:00:00,14.2725,31.763784253858166
2020-03-20 02:15:00,13.833,32.243982413510096
2020-03-20 02:30:00,13.833,31.467404195489255
2020-03-20 02:45:00,13.833,31.415573269761715
2020-03-20 03:00:00,13.833,31.836240253509057
2020-03-20 03:15:00,13.3935,31.51421586463922
2020-03-20 03:30:00,13.3935,31.3741260403256
2020-03-20 03:45:00,13.1735,31.034272365583636
2020-03-20 04:00:00,13.1735,30.828267555156938
2020-03-20 04:15:00,12.954,31.281985318033414
2020-03-20 04:30:00,12.7345,30.89870596473001
2020-03-20 04:45:00,12.7345,31.40804744669394
2020-03-20 05:00:00,12.5145,31.659456034733974
2020-03-20 05:15:00,12.5145,31.46921998018756
2020-03-20 05:30:00,12.5145,31.118256490159514
2020-03-20 05:45:00,12.5145,31.049708587797053
2020-03-20 06:00:00,12.295,31.57942900150156
2020-03-20 06:15:00,12.295,30.766639253678957
2020-03-20 06:30:00,12.295,30.8149827756049
2020-03-20 06:45:00,11.855,30.799363195901023
2020-03-20 07:00:00,11.855,30.86140453563832
2020-03-20 07:15:00,11.855,31.118141524334664
2020-03-20 07:30:00,11.855,30.996827829846687
2020-03-20 07:45:00,11.855,31.44058983934932
2020-03-20 08:00:00,11.855,30.907218235179904
2020-03-20 08:15:00,11.855,31.013531936448576
2020-03-20 08:30:00,12.075,30.646382264795765
2020-03-20 08:45:00,12.075,30.643996476799757
2020-03-20 09:00:00,12.075,30.103997754634232
2020-03-20 09:15:00,11.8555,29.567618995772715
2020-03-20 09:30:00,11.6355,29.329340643339105
2020-03-20 09:45:00,11.6355,30.42937489294996
2020-03-20 10:00:00,11.6355,30.175715763138143
2020-03-20 10:15:00,11.6355,30.350893829123216
2020-03-20 10:30:00,11.6355,30.524144464736047
2020-03-20 10:45:00,11.6355,31.462842946922162
2020-03-20 11:00:00,11.6355,32.31888369302299
2020-03-20 11:15:00,11.6355,32.16819995880382
2020-03-20 11:30:00,11.6355,32.13450007374334
2020-03-20 11:45:00,11.6355,31.621979781456027
2020-03-20 12:00:00,11.855,32.176440483617505
2020-03-20 12:15:00,11.855,31.334586210479504
2020-03-20 12:30:00,12.075,32.67659899324632
2020-03-20 12:45:00,12.075,32.8857428669369
2020-03-20 13:00:00,12.295,33.43278412092067
2020-03-20 13:15:00,12.295,33.04671188056964
2020-03-20 13:30:00,12.295,32.512995344381295
2020-03-20 13:45:00,12.075,33.39517259862652
2020-03-20 14:00:00,12.075,32.737780845606075
2020-03-20 14:15:00,11.8555,33.33714243818313
2020-03-20 14:30:00,11.8555,34.530779628172496
2020-03-20 14:45:00,11.8555,33.61890539037085
2020-03-20 15:00:00,11.8555,33.60770314568097
2020-03-20 15:15:00,11.8555,33.019899531082764
2020-03-20 15:30:00,12.075,33.827650541963074
2020-03-20 15:45:00,12.075,34.02891694406073
2020-03-20 16:00:00,11.8555,33.693208912507785
2020-03-20 16:15:00,11.6355,32.919202922060144
2020-03-20 16:30:00,11.6355,32.749306889196866
2020-03-20 16:45:00,11.6355,32.330999908318994
2020-03-20 17:00:00,11.6355,32.09433243515353
2020-03-20 17:15:00,11.6355,32.50688333590513
2020-03-20 17:30:00,11.6355,32.566830400832586
2020-03-20 17:45:00,11.6355,33.1700414062487
2020-03-20 18:00:00,11.6355,32.380330095284734
2020-03-20 18:15:00,11.416,31.96465456244555
2020-03-20 18:30:00,11.416,31.80543227462755
2020-03-20 18:45:00,11.416,30.985437902725604
2020-03-20 19:00:00,11.416,31.28302255703286
2020-03-20 19:15:00,11.416,31.737829895797404
2020-03-20 19:30:00,10.9765,30.81825902555325
2020-03-20 19:45:00,10.5375,32.406535767089565
2020-03-20 20:00:00,10.5375,32.16096331369542
2020-03-20 20:15:00,10.5375,31.967389509599943
2020-03-20 20:30:00,10.5375,31.59359722747509
2020-03-20 20:45:00,10.0975,32.39456021026205
2020-03-20 21:00:00,10.0975,30.735431414239756
2020-03-20 21:15:00,9.878,31.597147560901085
2020-03-20 21:30:00,9.878,32.42934408718418
2020-03-20 21:45:00,10.0975,31.284102216184255
2020-03-20 22:00:00,10.3175,32.39526158097889
2020-03-20 22:15:00,10.3175,32.744295583447766
2020-03-20 22:30:00,10.3175,32.915731746248404
2020-03-20 22:45:00,10.3175,32.99790391522586
2020-03-20 23:00:00,10.3175,32.12854045639709
2020-03-20 23:15:00,10.3175,32.70429164172442
2020-03-20 23:30:00,10.3175,31.45381059730747
2020-03-20 23:45:00,10.3175,31.871197056319645
2020-03-21 00:00:00,10.3175,31.96731632108621
2020-03-21 00:15:00,10.5375,31.428867956802023
2020-03-21 00:30:00,10.5375,31.929260837371437
2020-03-21 00:45:00,10.5375,31.526426460986126
2020-03-21 01:00:00,10.5375,31.39842584672642
2020-03-21 01:15:00,10.5375,31.430877580911798
2020-03-21 01:30:00,10.5375,30.65439266092181
2020-03-21 01:45:00,10.3175,30.407605290748926
2020-03-21 02:00:00,10.3175,30.62465991080348
2020-03-21 02:15:00,10.3175,30.33982935432967
2020-03-21 02:30:00,10.3175,29.969128130363234
2020-03-21 02:45:00,9.878,29.2638735715152
2020-03-21 03:00:00,9.878,30.130730766074556
2020-03-21 03:15:00,9.878,29.70609707095645
2020-03-21 03:30:00,9.878,29.57148643203327
2020-03-21 03:45:00,9.878,29.92789334640178
2020-03-21 04:00:00,9.878,29.567153782141535
2020-03-21 04:15:00,10.0975,28.9027320577424
2020-03-21 04:30:00,10.0975,29.24683472758283
2020-03-21 04:45:00,10.0975,29.321056848969633
2020-03-21 05:00:00,10.0975,29.945582977589023
2020-03-21 05:15:00,10.0975,30.79866842337417
2020-03-21 05:30:00,10.0975,30.580437418145262
2020-03-21 05:45:00,10.3175,29.709001251532452
2020-03-21 06:00:00,10.3175,31.11320649055432
2020-03-21 06:15:00,10.3175,31.676609183298073
2020-03-21 06:30:00,10.3175,31.389896074784797
2020-03-21 06:45:00,10.3175,30.41370891134898
2020-03-21 07:00:00,10.3175,31.961512354785132
2020-03-21 07:15:00,10.5375,31.061289119173658
2020-03-21 07:30:00,10.5375,31.272291048173543
2020-03-21 07:45:00,10.5375,31.899968347519295
2020-03-21 08:00:00,10.9765,31.43574799862782
2020-03-21 08:15:00,11.196,31.603162126353354
2020-03-21 08:30:00,11.196,31.214675028585802
2020-03-21 08:45:00,11.416,30.920323846492984
2020-03-21 09:00:00,11.8555,31.59034657710445
2020-03-21 09:15:00,12.2945,32.13538449675096
2020-03-21 09:30:00,12.7345,32.227900825611655
2020-03-21 09:45:00,13.1735,32.128081782320116
2020-03-21 10:00:00,13.6135,32.39799207895946
2020-03-21 10:15:00,13.6135,32.04168593814933
2020-03-21 10:30:00,14.0525,33.13202563071715
2020-03-21 10:45:00,14.2725,32.86154927409085
2020-03-21 11:00:00,14.2725,32.80607782155114
2020-03-21 11:15:00,14.2725,33.09826941727915
2020-03-21 11:30:00,14.2725,33.504638342314614
2020-03-21 11:45:00,14.2725,33.96292911302063
2020-03-21 12:00:00,14.492,34.04924796603286
2020-03-21 12:15:00,14.712,33.85059246502386
2020-03-21 12:30:00,15.1515,33.81603132894383
2020-03-21 12:45:00,15.591,34.85183489698701
2020-03-21 13:00:00,16.03,35.287762573431316
2020-03-21 13:15:00,16.47,35.00587549773978
2020-03-21 13:30:00,17.3485,36.22629265971046
2020-03-21 13:45:00,18.0075,35.97526054895923
2020-03-21 14:00:00,19.1065,35.62685959918047
2020-03-21 14:15:00,19.9855,36.36486726020069
2020-03-21 14:30:00,20.2055,36.6048542767234
2020-03-21 14:45:00,20.6445,36.89442675054584
2020-03-21 15:00:00,20.6445,37.29753809561382
2020-03-21 15:15:00,20.6445,36.59425802174955
2020-03-21 15:30:00,20.6445,36.45633635742106
2020-03-21 15:45:00,20.425,36.22147287742461
2020-03-21 16:00:00,20.425,36.37312480723511
2020-03-21 16:15:00,20.425,36.01053224500249
2020-03-21 16:30:00,20.425,35.929732133398666
2020-03-21 16:45:00,20.425,36.03348547501675
2020-03-21 17:00:00,20.425,36.80676222721602
2020-03-21 17:15:00,20.425,36.42684752517055
2020-03-21 17:30:00,20.425,35.72094749398319
2020-03-21 17:45:00,20.2055,36.378358662756426
2020-03-21 18:00:00,19.9855,35.16506126826217
2020-03-21 18:15:00,19.546,34.807818662448895
2020-03-21 18:30:00,19.546,34.03993243370765
2020-03-21 18:45:00,19.1065,34.847643087978604
2020-03-21 19:00:00,18.667,33.852002592319266
2020-03-21 19:15:00,18.2275,34.36134512898973
2020-03-21 19:30:00,18.008,34.35583978400293
2020-03-21 19:45:00,17.568,34.54926877046624
2020-03-21 20:00:00,17.568,33.43208676471535
2020-03-21 20:15:00,17.129,33.37516985501824
2020-03-21 20:30:00,16.689,34.26134740451291
2020-03-21 20:45:00,16.4695,34.23578425399483
2020-03-21 21:00:00,16.25,34.05637034177176
2020-03-21 21:15:00,16.0305,34.02792012404179
2020-03-21 21:30:00,15.591,34.02574774894708
2020-03-21 21:45:00,15.371,33.789977470404104
2020-03-21 22:00:00,15.1515,33.01758430881182
2020-03-21 22:15:00,14.932,33.902710185964345
2020-03-21 22:30:00,14.712,34.320460394435955
2020-03-21 22:45:00,14.2725,34.353644004504716
2020-03-21 23:00:00,14.2725,34.257856469997584
2020-03-21 23:15:00,13.833,33.90531860511471
2020-03-21 23:30:00,13.833,33.5376416488818
2020-03-21 23:45:00,13.3935,33.93885208151191
2020-03-22 00:00:00,13.3935,33.28344580958882
2020-03-22 00:15:00,13.174,33.120996009907124
2020-03-22 00:30:00,12.954,32.88587882807037
2020-03-22 00:45:00,12.734,32.79412629683548
2020-03-22 01:00:00,12.5145,33.68604450557384
2020-03-22 01:15:00,12.5145,33.3104756143653
2020-03-22 01:30:00,12.075,33.37154494524751
2020-03-22 01:45:00,12.075,33.317606138675416
2020-03-22 02:00:00,12.075,33.19641406124244
2020-03-22 02:15:00,11.6355,33.479632835492886
2020-03-22 02:30:00,11.6355,32.99324319540137
2020-03-22 02:45:00,11.6355,32.70923039417914
2020-03-22 03:00:00,11.416,32.59947565566348
2020-03-22 03:15:00,11.1965,32.50787572766562
2020-03-22 03:30:00,11.1965,32.2811478383903
2020-03-22 03:45:00,11.1965,32.124759715396074
2020-03-22 04:00:00,10.757,31.936366838648357
2020-03-22 04:15:00,10.757,31.902076049847214
2020-03-22 04:30:00,10.757,31.415091661655804
2020-03-22 04:45:00,10.537,31.30748780285089
2020-03-22 05:00:00,10.3175,32.20289846275975
2020-03-22 05:15:00,10.3175,32.29426630158202
2020-03-22 05:30:00,10.3175,31.495950193384417
2020-03-22 05:45:00,10.098,31.470717908612844
2020-03-22 06:00:00,9.878,32.0383159016974
2020-03-22 06:15:00,9.878,31.51882545379696
2020-03-22 06:30:00,9.878,31.73601591252602
2020-03-22 06:45:00,9.878,32.53599074693252
2020-03-22 07:00:00,9.878,32.65198285979477
2020-03-22 07:15:00,9.878,32.22876654284831
2020-03-22 07:30:00,10.098,32.25325773220424
2020-03-22 07:45:00,10.537,32.10467165532557
2020-03-22 08:00:00,10.977,31.190470943435525
2020-03-22 08:15:00,11.6355,31.318571796142226
2020-03-22 08:30:00,12.295,30.931847810884793
2020-03-22 08:45:00,12.954,29.928271078547972
2020-03-22 09:00:00,13.613,30.82193174826373
2020-03-22 09:15:00,14.492,30.708980877568944
2020-03-22 09:30:00,15.371,31.319915485015834
2020-03-22 09:45:00,16.4695,31.324921536388402
2020-03-22 10:00:00,17.788,31.389456976324574
2020-03-22 10:15:00,18.8865,32.46815870093067
2020-03-22 10:30:00,19.9855,32.49972829519296
2020-03-22 10:45:00,20.8645,32.27548396784703
2020-03-22 11:00:00,21.5235,33.03986248738763
2020-03-22 11:15:00,22.402,32.55350812526138
2020-03-22 11:30:00,23.0615,32.505408083000276
2020-03-22 11:45:00,23.501,32.96734701295343
2020-03-22 12:00:00,24.1605,33.448013701603614
2020-03-22 12:15:00,24.819,33.46791311755474
2020-03-22 12:30:00,25.039,34.0599043236437
2020-03-22 12:45:00,25.698,34.38138287136623
2020-03-22 13:00:00,26.138,34.78504463302707
2020-03-22 13:15:00,26.797,35.190430258180996
2020-03-22 13:30:00,27.0165,35.66155023365852
2020-03-22 13:45:00,27.236,34.80390993842636
2020-03-22 14:00:00,27.456,34.9203606991473
2020-03-22 14:15:00,27.6755,34.529499097621176
2020-03-22 14:30:00,27.6755,35.29244663552431
2020-03-22 14:45:00,27.6755,34.54187920679483
2020-03-22 15:00:00,27.456,34.59354811532801
2020-03-22 15:15:00,27.0165,34.799328388662545
2020-03-22 15:30:00,27.0165,35.31750356581507
2020-03-22 15:45:00,26.797,35.75953006030677
2020-03-22 16:00:00,26.357,35.52505666771129
2020-03-22 16:15:00,26.1375,34.872154219639334
2020-03-22 16:30:00,25.918,36.43286106956095
2020-03-22 16:45:00,25.479,35.69374903764861
2020-03-22 17:00:00,25.039,35.00901232102873
2020-03-22 17:15:00,24.8195,34.64814131645308
2020-03-22 17:30:00,24.38,34.404563654998924
2020-03-22 17:45:00,24.16,34.89175334423824
2020-03-22 18:00:00,23.9405,34.59829899210881
2020-03-22 18:15:00,23.721,34.34939392841206
2020-03-22 18:30:00,23.281,34.85487066061512
2020-03-22 18:45:00,22.842,33.75214258886298
2020-03-22 19:00:00,22.402,33.52420350747684
2020-03-22 19:15:00,21.963,34.56318995869919
2020-03-22 19:30:00,21.743,34.27661575787583
2020-03-22 19:45:00,21.523,34.896217371068964
2020-03-22 20:00:00,21.084,34.19894706225885
2020-03-22 20:15:00,20.645,33.829225067670414
2020-03-22 20:30:00,20.645,34.28080792975124
2020-03-22 20:45:00,20.205,35.17856038748037
2020-03-22 21:00:00,20.205,34.24914446865466
2020-03-22 21:15:00,19.766,34.308500856865145
2020-03-22 21:30:00,19.766,34.071706058816034
2020-03-22 21:45:00,19.546,34.43849247449286
2020-03-22 22:00:00,19.326,34.48685200261759
2020-03-22 22:15:00,19.326,34.494859202701484
2020-03-22 22:30:00,19.326,34.24891673707225
2020-03-22 22:45:00,18.887,33.863662196031854
2020-03-22 23:00:00,18.887,34.0141346666447
2020-03-22 23:15:00,18.887,32.87614397866967
2020-03-22 23:30:00,18.887,32.5184452329189
2020-03-22 23:45:00,18.887,32.55540113340546
2020-03-23 00:00:00,18.887,31.703507882318423
2020-03-23 00:15:00,18.667,32.07205608034037
2020-03-23 00:30:00,18.447,31.9172858904592
2020-03-23 00:45:00,18.2275,31.00644412833468
2020-03-23 01:00:00,18.008,30.61713068768886
2020-03-23 01:15:00,17.788,30.355617309867366
2020-03-23 01:30:00,17.568,29.67202148916072
2020-03-23 01:45:00,17.3485,30.213391517558332
2020-03-23 02:00:00,17.129,29.83162442208125
2020-03-23 02:15:00,16.909,31.15815077919634
2020-03-23 02:30:00,16.689,31.159658173606587
2020-03-23 02:45:00,16.689,31.578120908354467
2020-03-23 03:00:00,16.25,31.1351035764243
2020-03-23 03:15:00,16.25,30.841759564797204
2020-03-23 03:30:00,16.0305,30.685984054840482
2020-03-23 03:45:00,15.811,29.73247471147139
2020-03-23 04:00:00,15.591,29.909858062326308
2020-03-23 04:15:00,15.371,29.612279632257124
2020-03-23 04:30:00,15.371,30.069270337046063
2020-03-23 04:45:00,15.1515,30.715605083566174
2020-03-23 05:00:00,14.932,31.31972782487408
2020-03-23 05:15:00,14.932,31.16427935919605
2020-03-23 05:30:00,14.712,30.674938774755425
2020-03-23 05:45:00,14.712,31.451086120652363
2020-03-23 06:00:00,14.492,31.34579427669295
2020-03-23 06:15:00,14.492,31.43616737840962
2020-03-23 06:30:00,14.2725,30.4532247623864
2020-03-23 06:45:00,14.2725,31.142394087396177
2020-03-23 07:00:00,14.2725,31.58179572491393
2020-03-23 07:15:00,14.2725,32.482385037714735
2020-03-23 07:30:00,14.492,32.38885961643132
2020-03-23 07:45:00,15.371,31.179887643055622
2020-03-23 08:00:00,15.811,31.104195024264232
2020-03-23 08:15:00,16.25,31.461421385503307
2020-03-23 08:30:00,17.129,31.68399121063233
2020-03-23 08:45:00,17.568,31.73128352664077
2020-03-23 09:00:00,18.447,31.24187440642856
2020-03-23 09:15:00,19.326,30.912507988187585
2020-03-23 09:30:00,20.205,31.398342223981675
2020-03-23 09:45:00,21.523,31.492123888891673
2020-03-23 10:00:00,22.842,31.691211934902963
2020-03-23 10:15:00,24.16,31.661086709686188
2020-03-23 10:30:00,25.259,32.25219027899446
2020-03-23 10:45:00,26.3575,31.472652382790873
2020-03-23 11:00:00,27.236,32.87042885815182
2020-03-23 11:15:00,27.8955,32.39923076588583
2020-03-23 11:30:00,28.774,32.83796495356995
2020-03-23 11:45:00,29.4335,32.75249195122452
2020-03-23 12:00:00,30.3125,33.94805956908541
2020-03-23 12:15:00,30.972,33.55326205832333
2020-03-23 12:30:00,31.1915,34.098499675880475
2020-03-23 12:45:00,31.631,34.943844435550844
2020-03-23 13:00:00,32.29,36.114664706782555
2020-03-23 13:15:00,33.1685,36.66968688308575
2020-03-23 13:30:00,33.828,35.908538018173815
2020-03-23 13:45:00,34.048,36.36478994898421
2020-03-23 14:00:00,34.707,36.03320300521397
2020-03-23 14:15:00,35.366,37.000644191214626
2020-03-23 14:30:00,35.8055,36.89138289476394
2020-03-23 14:45:00,36.025,37.00695025936908
2020-03-23 15:00:00,36.245,36.8528088200316
2020-03-23 15:15:00,36.245,36.354164613031024
2020-03-23 15:30:00,36.025,37.45040470353729
2020-03-23 15:45:00,35.5855,37.506503365859615
2020-03-23 16:00:00,35.1465,36.55000603288689
2020-03-23 16:15:00,34.707,37.808967794072956
2020-03-23 16:30:00,34.2675,37.01397952920044
2020-03-23 16:45:00,33.389,36.78333476342161
2020-03-23 17:00:00,32.7295,36.53106751916156
2020-03-23 17:15:00,32.07,34.93005717182714
2020-03-23 17:30:00,31.411,35.05439511442903
2020-03-23 17:45:00,30.7515,35.99202822656584
2020-03-23 18:00:00,30.0925,36.23107807487941
2020-03-23 18:15:00,29.6535,36.202401339403146
2020-03-23 18:30:00,28.9945,35.60968615081933
2020-03-23 18:45:00,28.335,34.874950853137115
2020-03-23 19:00:00,27.8955,34.905585791365425
2020-03-23 19:15:00,27.236,35.69478655042716
2020-03-23 19:30:00,26.797,35.368066647965605
2020-03-23 19:45:00,26.357,36.01868724307208
2020-03-23 20:00:00,25.918,35.42462746877176
2020-03-23 20:15:00,25.479,35.54317740295179
2020-03-23 20:30:00,25.039,35.0702449891081
2020-03-23 20:45:00,24.6,35.040784179771556
2020-03-23 21:00:00,24.16,35.020061298373044
2020-03-23 21:15:00,23.721,35.07615901751676
2020-03-23 21:30:00,23.281,34.498060884384714
2020-03-23 21:45:00,23.0615,35.20845821998158
2020-03-23 22:00:00,22.842,34.89824520185085
2020-03-23 22:15:00,22.402,34.92619956732446
2020-03-23 22:30:00,22.402,34.29954671056749
2020-03-23 22:45:00,22.402,34.55226260098197
2020-03-23 23:00:00,22.1825,34.985753754500806
2020-03-23 23:15:00,22.1825,33.62516151117941
2020-03-23 23:30:00,21.963,33.88235493024765
2020-03-23 23:45:00,21.963,33.36941693380734
2020-03-24 00:00:00,21.963,33.189863065048584
2020-03-24 00:15:00,21.743,32.945478619852125
2020-03-24 00:30:00,21.523,33.11337674304606
2020-03-24 00:45:00,21.523,33.90178848685704
2020-03-24 01:00:00,21.523,33.32447142296239
2020-03-24 01:15:00,21.084,32.78532282966744
2020-03-24 01:30:00,21.084,31.9887236867317
2020-03-24 01:45:00,20.8645,32.278438228191
2020-03-24 02:00:00,20.645,32.414828073855986
2020-03-24 02:15:00,20.645,32.805864143991094
2020-03-24 02:30:00,20.425,31.514119172136397
2020-03-24 02:45:00,20.425,31.839109373357964
2020-03-24 03:00:00,20.205,31.648573191777352
2020-03-24 03:15:00,20.205,31.279740908967387
2020-03-24 03:30:00,20.205,31.035126253710754
2020-03-24 03:45:00,19.9855,30.75714924505114
2020-03-24 04:00:00,19.9855,30.106158748639796
2020-03-24 04:15:00,19.9855,29.95620969982347
2020-03-24 04:30:00,19.9855,30.151916433612637
2020-03-24 04:45:00,19.9855,30.560728633944045
2020-03-24 05:00:00,19.9855,30.827152517494746
2020-03-24 05:15:00,19.9855,30.46177787463764
2020-03-24 05:30:00,19.9855,30.512816963293588
2020-03-24 05:45:00,19.766,30.1714349892958
2020-03-24 06:00:00,19.766,30.017586708326796
2020-03-24 06:15:00,19.766,29.1159378043762
2020-03-24 06:30:00,19.546,30.16514642317082
2020-03-24 06:45:00,19.546,30.028682111995415
2020-03-24 07:00:00,19.546,31.51447145169181
2020-03-24 07:15:00,19.766,31.96412128531291
2020-03-24 07:30:00,20.205,32.4356303979005
2020-03-24 07:45:00,20.645,31.381278012313867
2020-03-24 08:00:00,20.8645,32.34658631127254
2020-03-24 08:15:00,21.3035,32.269076120626316
2020-03-24 08:30:00,21.743,32.331125657600786
2020-03-24 08:45:00,22.1825,31.22411011441342
2020-03-24 09:00:00,22.842,31.58366099029058
2020-03-24 09:15:00,23.0615,31.390011362619063
2020-03-24 09:30:00,23.501,31.587973549658102
2020-03-24 09:45:00,23.9405,31.60457275597372
2020-03-24 10:00:00,24.38,31.651698523454872
2020-03-24 10:15:00,24.8195,31.65106903801414
2020-03-24 10:30:00,25.918,31.738418874177015
2020-03-24 10:45:00,26.577,32.10399306745679
2020-03-24 11:00:00,27.0165,32.27923378865543
2020-03-24 11:15:00,27.8955,32.28469345830858
2020-03-24 11:30:00,28.555,32.30634889433979
2020-03-24 11:45:00,29.214,33.26398271921986
2020-03-24 12:00:00,29.873,33.5817951963133
2020-03-24 12:15:00,30.752,33.184560963694466
2020-03-24 12:30:00,30.9715,32.99531600563275
2020-03-24 12:45:00,31.411,33.37674672957203
2020-03-24 13:00:00,32.0705,33.40370696773394
2020-03-24 13:15:00,32.9495,34.29936521234837
2020-03-24 13:30:00,33.389,34.53835834655363
2020-03-24 13:45:00,34.048,35.13418421997237
2020-03-24 14:00:00,34.707,35.383838936207596
2020-03-24 14:15:00,35.366,35.61843579924077
2020-03-24 14:30:00,35.5855,35.3570554271444
2020-03-24 14:45:00,36.245,35.72128955690042
2020-03-24 15:00:00,36.6845,35.506358836672376
2020-03-24 15:15:00,36.6845,35.73699948039931
2020-03-24 15:30:00,36.4645,35.89392995325643
2020-03-24 15:45:00,36.245,37.3992886359865
2020-03-24 16:00:00,36.025,36.7052025005163
2020-03-24 16:15:00,35.586,37.42288054095703
2020-03-24 16:30:00,35.366,36.2869991113088
2020-03-24 16:45:00,34.9265,36.198536245876625
2020-03-24 17:00:00,34.4875,35.931335786509635
2020-03-24 17:15:00,34.048,35.22989969391353
2020-03-24 17:30:00,33.6085,35.89538935392293
2020-03-24 17:45:00,33.169,34.852538485219654
2020-03-24 18:00:00,32.7295,35.73073929857552
2020-03-24 18:15:00,32.29,35.73616626440613
2020-03-24 18:30:00,31.8505,36.64060986663403
2020-03-24 18:45:00,31.411,35.50048539448801
2020-03-24 19:00:00,30.752,34.749538668887844
2020-03-24 19:15:00,30.312,33.60471520332895
2020-03-24 19:30:00,29.6535,34.2422027332146
2020-03-24 19:45:00,29.214,35.816101521939295
2020-03-24 20:00:00,28.7745,35.75637431195223
2020-03-24 20:15:00,28.115,35.14517214397576
2020-03-24 20:30:00,27.676,34.77850792649244
2020-03-24 20:45:00,27.236,34.70424083868352
2020-03-24 21:00:00,26.797,34.1682986682729
2020-03-24 21:15:00,26.357,35.11727110640353
2020-03-24 21:30:00,25.918,34.059154052377814
2020-03-24 21:45:00,25.479,33.83965442832756
2020-03-24 22:00:00,25.479,33.46053567618987
2020-03-24 22:15:00,25.039,33.43405668468137
2020-03-24 22:30:00,24.8195,33.63121129118862
2020-03-24 22:45:00,24.6,33.55986789886995
2020-03-24 23:00:00,24.38,34.34348717664615
2020-03-24 23:15:00,24.16,33.309784734965966
2020-03-24 23:30:00,23.9405,33.067682243090545
2020-03-24 23:45:00,23.721,32.59910240276641
2020-03-25 00:00:00,23.721,32.863106298756875
2020-03-25 00:15:00,23.501,32.45609049101453
2020-03-25 00:30:00,23.281,32.35597594305925
2020-03-25 00:45:00,23.0615,31.566781765312548
2020-03-25 01:00:00,22.842,32.296878629692074
2020-03-25 01:15:00,22.622,32.51202436096044
2020-03-25 01:30:00,22.402,31.255833600829646
2020-03-25 01:45:00,22.402,32.13265296593493
2020-03-25 02:00:00,21.963,31.89398200991691
2020-03-25 02:15:00,21.963,31.751335068062748
2020-03-25 02:30:00,21.963,31.473994813933803
2020-03-25 02:45:00,21.523,31.70714159883068
2020-03-25 03:00:00,21.3035,31.551035387157718
2020-03-25 03:15:00,21.084,31.453491186670533
2020-03-25 03:30:00,21.084,30.924816404443323
2020-03-25 03:45:00,21.084,31.49154652646624
2020-03-25 04:00:00,20.645,30.95605362563565
2020-03-25 04:15:00,20.645,30.625318154105386
2020-03-25 04:30:00,20.425,30.539366946992246
2020-03-25 04:45:00,20.205,31.37516220298423
2020-03-25 05:00:00,20.205,30.83705205250304
2020-03-25 05:15:00,19.9855,30.878903101281484
2020-03-25 05:30:00,19.766,31.250624898551767
2020-03-25 05:45:00,19.766,30.634668422128033
2020-03-25 06:00:00,19.766,31.459463769069348
2020-03-25 06:15:00,19.546,30.547985580082862
2020-03-25 06:30:00,19.546,30.742904653906642
2020-03-25 06:45:00,19.546,30.727922340112837
2020-03-25 07:00:00,19.546,32.11027863431376
2020-03-25 07:15:00,19.546,31.188365224644556
2020-03-25 07:30:00,19.766,31.376342466136645
2020-03-25 07:45:00,20.205,30.574770919899624
2020-03-25 08:00:00,20.8645,31.09915562872451
2020-03-25 08:15:00,21.523,31.686905057118008
2020-03-25 08:30:00,22.1825,31.505079334792814
2020-03-25 08:45:00,22.842,31.543907876054284
2020-03-25 09:00:00,23.281,32.04121992509789
2020-03-25 09:15:00,24.16,31.222746077102833
2020-03-25 09:30:00,24.8195,32.18502800330681
2020-03-25 09:45:00,25.6985,32.48749629814658
2020-03-25 10:00:00,26.577,32.47752671509746
2020-03-25 10:15:00,27.456,32.739876306063316
2020-03-25 10:30:00,28.115,33.2525771182116
2020-03-25 10:45:00,28.7745,33.07659606610314
2020-03-25 11:00:00,29.214,34.00772554945086
2020-03-25 11:15:00,29.6535,35.278855201784786
2020-03-25 11:30:00,30.0925,35.30656734986469
2020-03-25 11:45:00,30.3125,34.93087521282414
2020-03-25 12:00:00,30.7515,34.871181798486795
2020-03-25 12:15:00,31.411,35.29681156883014
2020-03-25 12:30:00,31.8505,34.39770374798687
2020-03-25 12:45:00,32.29,35.72937520241416
2020-03-25 13:00:00,32.7295,35.79990518656248
2020-03-25 13:15:00,33.169,36.08455509465197
2020-03-25 13:30:00,33.3885,36.288931805808346
2020-03-25 13:45:00,33.828,36.2775031062742
2020-03-25 14:00:00,34.707,36.8270970631961
2020-03-25 14:15:00,35.146,36.5086258571173
2020-03-25 14:30:00,35.586,36.39564780861071
2020-03-25 14:45:00,36.025,36.01646007012928
2020-03-25 15:00:00,36.465,36.589441074673275
2020-03-25 15:15:00,36.465,36.179985082161046
2020-03-25 15:30:00,36.465,35.932624554102865
2020-03-25 15:45:00,36.025,36.60028885690162
2020-03-25 16:00:00,35.8055,36.96003688415508
2020-03-25 16:15:00,35.1465,36.65260986173219
2020-03-25 16:30:00,34.707,36.667332615686206
2020-03-25 16:45:00,34.268,36.59789732462601
2020-03-25 17:00:00,33.828,36.69413991177589
2020-03-25 17:15:00,33.389,36.84011102762789
2020-03-25 17:30:00,32.949,36.220712747412136
2020-03-25 17:45:00,32.51,35.84410673571686
2020-03-25 18:00:00,31.8505,35.68985889076787
2020-03-25 18:15:00,31.411,35.929253439480995
2020-03-25 18:30:00,30.9715,34.69888983594572
2020-03-25 18:45:00,30.312,35.04321699374863
2020-03-25 19:00:00,29.873,33.72203678403314
2020-03-25 19:15:00,29.434,35.21785824332993
2020-03-25 19:30:00,28.994,35.54148663216757
2020-03-25 19:45:00,28.555,35.341670336534655
2020-03-25 20:00:00,28.115,35.28937112265071
2020-03-25 20:15:00,27.676,35.26647611065835
2020-03-25 20:30:00,27.236,35.24390078452894
2020-03-25 20:45:00,27.236,34.44759271081717
2020-03-25 21:00:00,26.797,34.998298026892115
2020-03-25 21:15:00,26.357,34.75222388492149
2020-03-25 21:30:00,25.918,34.66376354228362
2020-03-25 21:45:00,25.918,34.24076423356011
2020-03-25 22:00:00,25.479,34.479867118687736
2020-03-25 22:15:00,25.479,34.24020184465883
2020-03-25 22:30:00,25.039,33.658618455700385
2020-03-25 22:45:00,24.8195,33.97439845439135
2020-03-25 23:00:00,24.6,33.98058787298386
2020-03-25 23:15:00,24.6,33.766053615798846
2020-03-25 23:30:00,24.6,32.88323082934648
2020-03-25 23:45:00,24.16,32.763631386337714
2020-03-26 00:00:00,24.16,32.78668932973651
2020-03-26 00:15:00,23.9405,33.19008962110848
2020-03-26 00:30:00,23.721,33.155490457989636
2020-03-26 00:45:00,23.501,33.41834299082553
2020-03-26 01:00:00,23.281,33.07236316696198
2020-03-26 01:15:00,23.281,32.49109816119078
2020-03-26 01:30:00,22.842,32.46649265523139
2020-03-26 01:45:00,22.842,32.466537719869066
2020-03-26 02:00:00,22.622,32.46052248929411
2020-03-26 02:15:00,22.402,32.59642601337909
2020-03-26 02:30:00,22.1825,32.76294636480805
2020-03-26 02:45:00,21.963,32.64547181495502
2020-03-26 03:00:00,21.743,32.18619718732496
2020-03-26 03:15:00,21.523,31.42826373061971
2020-03-26 03:30:00,21.523,30.991529286971783
2020-03-26 03:45:00,21.3035,31.226854597191767
2020-03-26 04:00:00,21.084,31.120820559936746
2020-03-26 04:15:00,21.084,31.500690176984232
2020-03-26 04:30:00,20.8645,30.969787902084967
2020-03-26 04:45:00,20.645,30.692920644252816
2020-03-26 05:00:00,20.645,30.853038781254163
2020-03-26 05:15:00,20.425,30.771999987016592
2020-03-26 05:30:00,20.205,31.211372301900106
2020-03-26 05:45:00,19.9855,31.397994233541123
2020-03-26 06:00:00,19.9855,31.3328646529263
2020-03-26 06:15:00,19.9855,31.050805999571995
2020-03-26 06:30:00,19.766,31.015666034879988
2020-03-26 06:45:00,19.546,30.95996612651884
2020-03-26 07:00:00,19.546,30.878421567640235
2020-03-26 07:15:00,19.546,31.331251123477607
2020-03-26 07:30:00,19.9855,31.391448861048545
2020-03-26 07:45:00,20.205,31.4983736310859
2020-03-26 08:00:00,20.645,30.636738235987664
2020-03-26 08:15:00,21.523,31.68282102390979
2020-03-26 08:30:00,21.963,31.48996502349288
2020-03-26 08:45:00,22.622,30.61259379686561
2020-03-26 09:00:00,23.281,31.318673591752923
2020-03-26 09:15:00,24.16,32.855747465019476
2020-03-26 09:30:00,25.039,32.88177879783257
2020-03-26 09:45:00,26.357,32.36182815553124
2020-03-26 10:00:00,27.456,32.89922529880845
2020-03-26 10:15:00,28.555,33.13887746494089
2020-03-26 10:30:00,29.6535,33.435487619055735
2020-03-26 10:45:00,30.7515,34.53848812614915
2020-03-26 11:00:00,31.631,36.022689313884115
2020-03-26 11:15:00,32.5095,35.393011322705995
2020-03-26 11:30:00,33.169,35.5728571906712
2020-03-26 11:45:00,34.0475,35.68354917176172
2020-03-26 12:00:00,34.707,35.90707125776369
2020-03-26 12:15:00,35.1465,36.13756590697529
2020-03-26 12:30:00,35.1465,35.87732558973267
2020-03-26 12:45:00,35.1465,36.579399456634754
2020-03-26 13:00:00,34.9265,36.532302020704236
2020-03-26 13:15:00,34.707,36.88698240208953
2020-03-26 13:30:00,34.487,38.16658353142572
2020-03-26 13:45:00,34.2675,37.895898430874304
2020-03-26 14:00:00,33.8285,38.5740005846646
2020-03-26 14:15:00,33.6085,38.13932738616903
2020-03-26 14:30:00,33.389,38.48736858994178
2020-03-26 14:45:00,32.949,38.52043188378275
2020-03-26 15:00:00,32.7295,38.547082733564274
2020-03-26 15:15:00,32.7295,38.437535439351784
2020-03-26 15:30:00,32.7295,38.262264254224654
2020-03-26 15:45:00,32.949,39.258120778860224
2020-03-26 16:00:00,33.169,38.24489061779264
2020-03-26 16:15:00,33.389,38.12403333592283
2020-03-26 16:30:00,33.389,38.143524225124025
2020-03-26 16:45:00,33.389,37.89212908108493
2020-03-26 17:00:00,33.169,38.017837597311576
2020-03-26 17:15:00,33.169,37.23993080053473
2020-03-26 17:30:00,32.7295,37.16742690202386
2020-03-26 17:45:00,32.29,37.27436886752407
2020-03-26 18:00:00,32.0705,36.46192226682516
2020-03-26 18:15:00,31.8505,36.552242569698564
2020-03-26 18:30:00,31.191,36.40327649615653
2020-03-26 18:45:00,30.752,35.8943124494569
2020-03-26 19:00:00,30.312,35.51645342327596
2020-03-26 19:15:00,29.873,35.80954980974015
2020-03-26 19:30:00,29.434,36.336727104861716
2020-03-26 19:45:00,28.994,36.52591217642567
2020-03-26 20:00:00,28.555,36.73348715239946
2020-03-26 20:15:00,28.115,35.930284670113224
2020-03-26 20:30:00,27.676,36.12096597041618
2020-03-26 20:45:00,27.236,35.46915550380664
2020-03-26 21:00:00,26.797,35.374113204687426
2020-03-26 21:15:00,26.357,35.47367177030445
2020-03-26 21:30:00,26.1375,36.04246872771281
2020-03-26 21:45:00,25.918,35.89183186353296
2020-03-26 22:00:00,25.6985,34.95883257451752
2020-03-26 22:15:00,25.479,34.98480156915413
2020-03-26 22:30:00,25.479,34.52563231005276
2020-03-26 22:45:00,25.039,34.77570029438488
2020-03-26 23:00:00,25.039,34.457452670944825
2020-03-26 23:15:00,24.6,34.04865771305119
2020-03-26 23:30:00,24.6,34.011832568643165
2020-03-26 23:45:00,24.6,33.9660223889224
2020-03-27 00:00:00,24.16,33.45976281077058
2020-03-27 00:15:00,24.16,33.103694260265904
2020-03-27 00:30:00,24.16,33.418056708865244
2020-03-27 00:45:00,24.16,33.60436855315493
2020-03-27 01:00:00,23.721,33.94042691836826
2020-03-27 01:15:00,23.721,33.73939313527688
2020-03-27 01:30:00,23.721,32.920750145502694
2020-03-27 01:45:00,23.721,32.96581410575809
2020-03-27 02:00:00,23.281,33.42188949462449
2020-03-27 02:15:00,23.281,33.441707264580835
2020-03-27 02:30:00,23.281,33.10582033791695
2020-03-27 02:45:00,23.281,33.18304700058547
2020-03-27 03:00:00,23.281,33.495659834065954
2020-03-27 03:15:00,23.281,33.34116193942712
2020-03-27 03:30:00,23.0615,33.26214798619541
2020-03-27 03:45:00,22.842,31.920029279046915
2020-03-27 04:00:00,22.842,32.49667321695875
2020-03-27 04:15:00,22.402,32.43300314606045
2020-03-27 04:30:00,22.402,32.31754600282882
2020-03-27 04:45:00,22.1825,33.21430616313033
2020-03-27 05:00:00,21.963,33.19664345488975
2020-03-27 05:15:00,21.963,32.48878899826223
2020-03-27 05:30:00,21.523,32.59252488054708
2020-03-27 05:45:00,21.523,33.10234208433209
2020-03-27 06:00:00,21.523,33.37365286276238
2020-03-27 06:15:00,21.084,33.18137574493009
2020-03-27 06:30:00,21.084,33.532136416100656
2020-03-27 06:45:00,21.084,33.967038559742
2020-03-27 07:00:00,21.084,34.22450005462367
2020-03-27 07:15:00,21.084,33.8522724864162
2020-03-27 07:30:00,21.3035,34.5299935770628
2020-03-27 07:45:00,21.963,33.11334777707138
2020-03-27 08:00:00,22.402,32.35676569037979
2020-03-27 08:15:00,22.622,33.876253887769316
2020-03-27 08:30:00,23.0615,34.297275713800474
2020-03-27 08:45:00,23.501,34.25761244484184
2020-03-27 09:00:00,24.1605,34.41991137537061
2020-03-27 09:15:00,24.8195,34.29562156211016
2020-03-27 09:30:00,25.4785,34.353942282250365
2020-03-27 09:45:00,26.577,34.21373008393789
2020-03-27 10:00:00,27.6755,34.40580842341432
2020-03-27 10:15:00,28.7745,34.887134299077076
2020-03-27 10:30:00,29.6535,34.484755912167884
2020-03-27 10:45:00,30.532,35.68505981050862
2020-03-27 11:00:00,31.411,35.753388637322715
2020-03-27 11:15:00,32.29,34.84222568365124
2020-03-27 11:30:00,32.949,35.317576979305045
2020-03-27 11:45:00,33.6085,35.29181384439929
2020-03-27 12:00:00,34.0475,35.36594603875028
2020-03-27 12:15:00,34.707,35.40622298111901
2020-03-27 12:30:00,34.707,35.30745466709381
2020-03-27 12:45:00,35.1465,35.190979266319005
2020-03-27 13:00:00,35.8055,35.7068402148508
2020-03-27 13:15:00,36.025,36.88853602250889
2020-03-27 13:30:00,36.465,36.8983958190126
2020-03-27 13:45:00,36.9045,36.70626665799667
2020-03-27 14:00:00,37.3435,37.29764153414407
2020-03-27 14:15:00,37.7835,38.10705227366045
2020-03-27 14:30:00,37.7835,37.77438954422116
2020-03-27 14:45:00,38.4425,38.12531413550635
2020-03-27 15:00:00,38.4425,37.3378122667081
2020-03-27 15:15:00,38.4425,38.07948929051948
2020-03-27 15:30:00,38.2225,38.44050965602328
2020-03-27 15:45:00,37.7835,37.958804066561456
2020-03-27 16:00:00,37.5635,38.58875595975034
2020-03-27 16:15:00,37.344,38.67482692849994
2020-03-27 16:30:00,37.124,39.11632814856304
2020-03-27 16:45:00,36.6845,38.355769339585784
2020-03-27 17:00:00,36.465,38.564237241843394
2020-03-27 17:15:00,36.025,38.628066325868765
2020-03-27 17:30:00,35.586,38.355556965752164
2020-03-27 17:45:00,35.146,38.13889947652423
2020-03-27 18:00:00,34.4875,37.908451963164325
2020-03-27 18:15:00,34.048,37.64351373043647
2020-03-27 18:30:00,33.6085,37.5885371213546
2020-03-27 18:45:00,33.169,37.33866794533528
2020-03-27 19:00:00,32.7295,37.047221086306386
2020-03-27 19:15:00,32.07,36.731019487047526
2020-03-27 19:30:00,31.8505,36.84456659292807
2020-03-27 19:45:00,31.411,37.338251803543265
2020-03-27 20:00:00,30.9715,36.39219053727779
2020-03-27 20:15:00,30.752,36.54003817335434
2020-03-27 20:30:00,30.532,36.353596281663776
2020-03-27 20:45:00,30.0925,36.02023622034154
2020-03-27 21:00:00,29.873,35.49301221198503
2020-03-27 21:15:00,29.6535,35.25933157891345
2020-03-27 21:30:00,29.214,35.506959106963464
2020-03-27 21:45:00,28.7745,35.83218526637019
2020-03-27 22:00:00,28.7745,35.73669981419881
2020-03-27 22:15:00,28.335,35.73199642815563
2020-03-27 22:30:00,28.335,35.328831541825735
2020-03-27 22:45:00,27.8955,34.99245347883683
2020-03-27 23:00:00,27.8955,35.05291739300357
2020-03-27 23:15:00,27.8955,34.81611553387098
2020-03-27 23:30:00,27.456,35.239315409521616
2020-03-27 23:45:00,27.456,34.66423482951406
2020-03-28 00:00:00,27.456,34.489930290835474
2020-03-28 00:15:00,27.456,34.711054926845165
2020-03-28 00:30:00,27.0165,35.2985168750763
2020-03-28 00:45:00,27.0165,34.69590197500261
2020-03-28 01:00:00,26.577,34.43490845340542
2020-03-28 01:15:00,26.577,34.411399002675935
2020-03-28 01:30:00,26.577,34.266072333558185
2020-03-28 01:45:00,26.3575,34.35134870712539
2020-03-28 02:00:00,26.1375,34.1569895594969
2020-03-28 02:15:00,26.1375,33.92048732181434
2020-03-28 02:30:00,26.1375,34.07213785972324
2020-03-28 02:45:00,25.918,34.1040005922187
2020-03-28 03:00:00,25.6985,33.48402111077967
2020-03-28 03:15:00,25.479,33.864398824016554
2020-03-28 03:30:00,25.259,33.803135770370695
2020-03-28 03:45:00,25.039,34.19787493293233
2020-03-28 04:00:00,25.039,33.90978393415165
2020-03-28 04:15:00,24.8195,33.43225252311138
2020-03-28 04:30:00,24.6,34.056168635122184
2020-03-28 04:45:00,24.6,33.98894640716329
2020-03-28 05:00:00,24.38,34.433822345626076
2020-03-28 05:15:00,24.16,34.819959009859254
2020-03-28 05:30:00,24.16,34.67924492119534
2020-03-28 05:45:00,24.16,34.729142907537025
2020-03-28 06:00:00,23.721,34.81974221611544
2020-03-28 06:15:00,23.721,34.69645973971776
2020-03-28 06:30:00,23.281,34.55319552756921
2020-03-28 06:45:00,23.281,34.22490080536666
2020-03-28 07:00:00,23.281,35.65900905854611
2020-03-28 07:15:00,23.281,35.89171241068437
2020-03-28 07:30:00,23.501,36.23564683130189
2020-03-28 07:45:00,23.9405,35.66402121016187
2020-03-28 08:00:00,24.38,35.981722219450276
2020-03-28 08:15:00,24.8195,35.55753733275558
2020-03-28 08:30:00,25.259,35.061470299002146
2020-03-28 08:45:00,25.6985,34.73959264582076
2020-03-28 09:00:00,26.3575,34.46894883090237
2020-03-28 09:15:00,27.0165,35.505890192398645
2020-03-28 09:30:00,28.1155,34.893991503748886
2020-03-28 09:45:00,29.214,34.78367415563977
2020-03-28 10:00:00,30.093,34.49750387021495
2020-03-28 10:15:00,31.1915,34.82266970631251
2020-03-28 10:30:00,32.0705,34.65291747246521
2020-03-28 10:45:00,32.949,34.66885181105261
2020-03-28 11:00:00,33.8285,35.30195718322582
2020-03-28 11:15:00,34.487,35.49957007605003
2020-03-28 11:30:00,35.1465,35.39407081253848
2020-03-28 11:45:00,35.8055,35.39719306918073
2020-03-28 12:00:00,36.4645,36.03233518020826
2020-03-28 12:15:00,37.124,35.872957541555735
2020-03-28 12:30:00,37.124,35.782637444863404
2020-03-28 12:45:00,37.5635,36.29745393689726
2020-03-28 13:00:00,38.4425,36.012593563017546
2020-03-28 13:15:00,39.1015,36.29785137064407
2020-03-28 13:30:00,39.541,36.6826474124352
2020-03-28 13:45:00,40.2,36.075062249623706
2020-03-28 14:00:00,41.079,35.87456780933596
2020-03-28 14:15:00,41.5185,36.56316084492103
2020-03-28 14:30:00,42.3975,36.13033204780937
2020-03-28 14:45:00,42.6175,37.01482718872649
2020-03-28 15:00:00,42.6175,36.79972659426233
2020-03-28 15:15:00,42.3975,36.76519607363449
2020-03-28 15:30:00,41.958,36.561018595082196
2020-03-28 15:45:00,41.2985,37.15707217539704
2020-03-28 16:00:00,41.079,36.86429616790809
2020-03-28 16:15:00,40.6395,37.435080118846514
2020-03-28 16:30:00,40.2,36.683707754352056
2020-03-28 16:45:00,39.541,37.14728974782117
2020-03-28 17:00:00,39.1015,37.39460291139378
2020-03-28 17:15:00,38.6625,37.68753064932844
2020-03-28 17:30:00,38.2225,37.8400551769259
2020-03-28 17:45:00,38.003,37.119611236142
2020-03-28 18:00:00,37.5635,36.54248008473083
2020-03-28 18:15:00,37.124,36.73344859599724
2020-03-28 18:30:00,36.465,36.75567417229874
2020-03-28 18:45:00,35.8055,37.13352275879676
2020-03-28 19:00:00,34.9265,37.507707723208746
2020-03-28 19:15:00,34.268,37.47125735333494
2020-03-28 19:30:00,33.828,36.9457386309111
2020-03-28 19:45:00,32.949,37.63790833590971
2020-03-28 20:00:00,32.51,36.78447283288361
2020-03-28 20:15:00,32.07,36.506280616928514
2020-03-28 20:30:00,31.631,35.9565132993467
2020-03-28 20:45:00,31.191,36.311143382575004
2020-03-28 21:00:00,30.752,35.8592290923407
2020-03-28 21:15:00,30.312,36.00503199148026
2020-03-28 21:30:00,29.873,36.316437804897845
2020-03-28 21:45:00,29.6535,35.763894054813136
2020-03-28 22:00:00,29.434,35.254071982985465
2020-03-28 22:15:00,29.214,35.75041141009658
2020-03-28 22:30:00,28.994,35.944120461398825
2020-03-28 22:45:00,28.994,35.44953384350404
2020-03-28 23:00:00,28.555,35.45005982471147
2020-03-28 23:15:00,28.555,34.97444340364276
2020-03-28 23:30:00,28.555,34.44716157923494
2020-03-28 23:45:00,28.335,34.07875731011704
2020-03-29 00:00:00,28.115,34.32081501996442
2020-03-29 00:15:00,28.115,34.413390714736366
2020-03-29 00:30:00,28.115,34.147929843993246
2020-03-29 00:45:00,28.115,34.46060169260486
2020-03-29 01:00:00,28.115,34.67260395405076
2020-03-29 01:15:00,28.115,34.080369437873216
2020-03-29 01:30:00,27.8955,34.07680085403916
2020-03-29 01:45:00,27.8955,34.37506406783191
2020-03-29 02:00:00,27.8955,34.75439273841253
2020-03-29 02:15:00,27.8955,34.374522212650646
2020-03-29 02:30:00,27.8955,35.05492522998608
2020-03-29 02:45:00,27.8955,33.98671692178618
2020-03-29 03:00:00,27.676,34.3653635394442
2020-03-29 03:15:00,27.676,33.90407854655642
2020-03-29 03:30:00,27.456,33.89757221355161
2020-03-29 03:45:00,27.236,34.0119756751085
2020-03-29 04:00:00,27.0165,33.93535792279248
2020-03-29 04:15:00,26.797,33.77659686457958
2020-03-29 04:30:00,26.357,34.33034937805237
2020-03-29 04:45:00,25.918,34.82629865187801
2020-03-29 05:00:00,25.6985,35.375321714522194
2020-03-29 05:15:00,25.479,34.98053153146484
2020-03-29 05:30:00,25.259,34.97052181066673
2020-03-29 05:45:00,25.039,34.57569852511295
2020-03-29 06:00:00,24.8195,34.57153150364101
2020-03-29 06:15:00,24.6,35.202384869157754
2020-03-29 06:30:00,24.38,34.898906287366614
2020-03-29 06:45:00,24.38,34.90152630920352
2020-03-29 07:00:00,24.38,35.10059729916104
2020-03-29 07:15:00,24.38,34.784790916985166
2020-03-29 07:30:00,24.6,34.77906218824558
2020-03-29 07:45:00,25.039,34.644861547130176
2020-03-29 08:00:00,25.479,34.54525109880679
2020-03-29 08:15:00,25.6985,34.318153435928394
2020-03-29 08:30:00,26.1375,34.21742723907689
2020-03-29 08:45:00,26.577,34.80663498404635
2020-03-29 09:00:00,27.0165,35.25951531056599
2020-03-29 09:15:00,27.456,35.06558205810094
2020-03-29 09:30:00,28.115,34.75151147965683
2020-03-29 09:45:00,28.994,34.11931264527892
2020-03-29 10:00:00,30.0925,34.59019088200825
2020-03-29 10:15:00,31.191,34.68968949850681
2020-03-29 10:30:00,31.631,35.020142643546706
2020-03-29 10:45:00,32.29,35.11869159903351
2020-03-29 11:00:00,33.169,34.88645039029247
2020-03-29 11:15:00,33.8285,34.5856933477531
2020-03-29 11:30:00,34.2675,34.82977976800463
2020-03-29 11:45:00,34.707,35.109391529874095
2020-03-29 12:00:00,35.366,35.12035623472173
2020-03-29 12:15:00,36.025,35.45102817395795
2020-03-29 12:30:00,36.245,35.44538793888095
2020-03-29 12:45:00,36.6845,35.784763861810376
2020-03-29 13:00:00,37.124,36.22676855809574
2020-03-29 13:15:00,37.7835,35.73349553682856
2020-03-29 13:30:00,38.4425,35.714895390955334
2020-03-29 13:45:00,38.882,36.13356671108468
2020-03-29 14:00:00,39.3215,35.78380371880158
2020-03-29 14:15:00,39.98,36.1379325124504
2020-03-29 14:30:00,40.42,35.96265604155157
2020-03-29 14:45:00,40.42,36.17728481892693
2020-03-29 15:00:00,39.98,36.23213111181085
2020-03-29 15:15:00,39.541,36.301752051532596
2020-03-29 15:30:00,39.102,36.06095948614352
2020-03-29 15:45:00,38.662,36.25718374429534
2020-03-29 16:00:00,38.223,36.45874872765926
2020-03-29 16:15:00,37.783,36.31311172451738
2020-03-29 16:30:00,37.344,36.15298644870648
2020-03-29 16:45:00,36.904,36.36463856194347
2020-03-29 17:00:00,36.465,36.26290007519473
2020-03-29 17:15:00,36.025,36.13176748858882
2020-03-29 17:30:00,35.8055,36.09810205745925
2020-03-29 17:45:00,35.586,36.114727286726044
2020-03-29 18:00:00,35.146,36.058728381365796
2020-03-29 18:15:00,34.707,35.792551051858695
2020-03-29 18:30:00,34.268,35.51670628703708
2020-03-29 18:45:00,34.268,35.7404892541156
2020-03-29 19:00:00,33.828,35.6527310924305
2020-03-29 19:15:00,33.389,35.3754713043506
2020-03-29 19:30:00,33.389,35.44046264441891
2020-03-29 19:45:00,32.949,35.748164644552844
2020-03-29 20:00:00,32.51,35.89766905895801
2020-03-29 20:15:00,32.51,35.424364028133844
2020-03-29 20:30:00,32.07,35.88608578850291
2020-03-29 20:45:00,31.8505,35.22625299811669
2020-03-29 21:00:00,31.631,35.436115755583366
2020-03-29 21:15:00,31.411,35.101888321267445
2020-03-29 21:30:00,30.9715,35.445495169906536
2020-03-29 21:45:00,30.752,35.57471957204978
2020-03-29 22:00:00,30.532,34.92165795782211
2020-03-29 22:15:00,30.312,35.088331260517144
2020-03-29 22:30:00,30.0925,35.12896521686457
2020-03-29 22:45:00,29.6535,35.1192649107214
2020-03-29 23:00:00,29.434,34.989899675666706
2020-03-29 23:15:00,29.214,34.34978757430186
2020-03-29 23:30:00,28.7745,34.067916530388516
2020-03-29 23:45:00,28.555,33.942916872519014
2020-03-30 00:00:00,28.115,34.42923790087643
2020-03-30 00:15:00,28.115,34.152477767448964
2020-03-30 00:30:00,27.8955,34.284653090046625
2020-03-30 00:45:00,27.676,33.94366697537389
2020-03-30 01:00:00,27.456,34.35910149804474
2020-03-30 01:15:00,27.236,33.953925162365024
2020-03-30 01:30:00,27.0165,34.5151573675144
2020-03-30 01:45:00,26.797,34.10699634792578
2020-03-30 02:00:00,26.577,34.4041929266483
2020-03-30 02:15:00,26.357,34.050262029205996
2020-03-30 02:30:00,25.918,34.30662742374514
2020-03-30 02:45:00,25.6985,34.19433027195601
2020-03-30 03:00:00,25.479,34.10878124426808
2020-03-30 03:15:00,25.259,34.203268020592105
2020-03-30 03:30:00,25.039,34.02775768417726
2020-03-30 03:45:00,24.8195,34.11185297990088
2020-03-30 04:00:00,24.8195,34.315558666081444
2020-03-30 04:15:00,24.6,34.1221172452566
2020-03-30 04:30:00,24.38,34.17242711477842
2020-03-30 04:45:00,24.16,34.582313294941756
2020-03-30 05:00:00,24.16,34.419180251138386
2020-03-30 05:15:00,23.9405,35.0588798326132
2020-03-30 05:30:00,23.721,34.70468565220104
2020-03-30 05:45:00,23.721,34.642448353315785
2020-03-30 06:00:00,23.721,34.71724041986604
2020-03-30 06:15:00,23.501,34.69357047201437
2020-03-30 06:30:00,23.281,34.47928718019181
2020-03-30 06:45:00,23.281,34.280970267680864
2020-03-30 07:00:00,23.281,34.92702041596611
2020-03-30 07:15:00,23.281,35.196558440955265
2020-03-30 07:30:00,23.0615,35.242257077149205
2020-03-30 07:45:00,23.0615,34.90073009088185
2020-03-30 08:00:00,23.0615,34.28905823258504
2020-03-30 08:15:00,23.0615,34.14783950046744
2020-03-30 08:30:00,23.281,34.15856033901226
2020-03-30 08:45:00,23.721,33.72043086968168
2020-03-30 09:00:00,24.16,33.739935312351534
2020-03-30 09:15:00,24.6,34.268276222438075
2020-03-30 09:30:00,24.8195,34.08791681995246
2020-03-30 09:45:00,25.039,33.86551525032548
2020-03-30 10:00:00,25.259,33.88701429707399
2020-03-30 10:15:00,25.479,33.786577416468354
2020-03-30 10:30:00,25.6985,33.986945722786
2020-03-30 10:45:00,25.6985,34.0387399688971
2020-03-30 11:00:00,25.6985,34.1474801235461
2020-03-30 11:15:00,25.6985,34.83912382742678
2020-03-30 11:30:00,25.918,34.73145451254759
2020-03-30 11:45:00,26.1375,34.6527994611426
2020-03-30 12:00:00,26.577,34.97429256314456
2020-03-30 12:15:00,26.7965,34.96597869874024
2020-03-30 12:30:00,27.0165,34.934602418142035
2020-03-30 12:45:00,27.456,35.5542627215163
2020-03-30 13:00:00,27.8955,35.40329912547213
2020-03-30 13:15:00,28.335,35.79067479704914
2020-03-30 13:30:00,28.7745,35.696732336706575
2020-03-30 13:45:00,29.873,35.78689073588108
2020-03-30 14:00:00,31.191,35.93676463393104
2020-03-30 14:15:00,32.07,36.17121952897034
2020-03-30 14:30:00,32.949,36.62800354990136
2020-03-30 14:45:00,33.6085,36.40521338487788
2020-03-30 15:00:00,34.048,36.61796860768207
2020-03-30 15:15:00,34.4875,36.754452229603174
2020-03-30 15:30:00,34.4875,36.09959292335637
2020-03-30 15:45:00,34.4875,35.76825956127739
2020-03-30 16:00:00,34.2675,35.577617163410835
2020-03-30 16:15:00,34.2675,35.058709609994374
2020-03-30 16:30:00,34.2675,35.70390067465609
2020-03-30 16:45:00,33.8285,35.39370816955963
2020-03-30 17:00:00,33.6085,35.41404448845099
2020-03-30 17:15:00,33.169,34.63008806604957
2020-03-30 17:30:00,32.7295,34.960750938741825
2020-03-30 17:45:00,32.29,34.61372890092299
2020-03-30 18:00:00,32.07,35.033029964124204
2020-03-30 18:15:00,31.631,34.567692693990516
2020-03-30 18:30:00,31.191,34.52883061055953
2020-03-30 18:45:00,30.752,34.463716927557584
2020-03-30 19:00:00,30.532,34.62239335986258
2020-03-30 19:15:00,30.312,33.75025691667864
2020-03-30 19:30:00,29.873,33.910708331745845
2020-03-30 19:45:00,29.434,33.66756222529131
2020-03-30 20:00:00,29.434,33.57378660265931
2020-03-30 20:15:00,28.994,33.67172940635047
2020-03-30 20:30:00,28.994,34.22088066279328
2020-03-30 20:45:00,28.555,34.19300503715426
2020-03-30 21:00:00,28.335,34.24328847501271
2020-03-30 21:15:00,27.8955,33.98514951582856
2020-03-30 21:30:00,27.676,33.836296227347276
2020-03-30 21:45:00,27.456,33.90561392023626
2020-03-30 22:00:00,27.236,33.94978374500412
2020-03-30 22:15:00,27.0165,33.66107989043115
2020-03-30 22:30:00,27.0165,34.34704658899186
2020-03-30 22:45:00,26.577,34.47946249407542
2020-03-30 23:00:00,26.577,34.22733898774675
2020-03-30 23:15:00,26.577,34.38712336729702
2020-03-30 23:30:00,26.357,34.708613128896445
2020-03-30 23:45:00,26.1375,34.675472153329835
2020-03-31 00:00:00,26.1375,35.06446582280197
2020-03-31 00:15:00,26.1375,34.54765575974988
2020-03-31 00:30:00,26.1375,34.93355366890524
2020-03-31 00:45:00,26.1375,34.59442974707628
2020-03-31 01:00:00,26.1375,34.31675226174901
2020-03-31 01:15:00,26.1375,34.55818329391753
2020-03-31 01:30:00,26.1375,34.5032257344081
2020-03-31 01:45:00,26.1375,34.23872488132477
2020-03-31 02:00:00,26.1375,34.25412904083888
2020-03-31 02:15:00,26.1375,34.07385790970009
2020-03-31 02:30:00,26.1375,34.00271364996701
2020-03-31 02:45:00,26.1375,33.640345971110584
2020-03-31 03:00:00,26.1375,34.23406819499653
2020-03-31 03:15:00,26.1375,33.93706948121705
2020-03-31 03:30:00,26.1375,33.65606095007672
2020-03-31 03:45:00,26.1375,33.199559518242765
2020-03-31 04:00:00,26.1375,33.92926589978284
2020-03-31 04:15:00,26.1375,34.32825545863776
2020-03-31 04:30:00,26.1375,34.36504242132558
2020-03-31 04:45:00,26.1375,34.302416042883756
2020-03-31 05:00:00,26.1375,34.593334016364125
2020-03-31 05:15:00,26.1375,35.0248436080088
2020-03-31 05:30:00,26.1375,34.50301297697446
2020-03-31 05:45:00,26.1375,34.80947810238659
2020-03-31 06:00:00,26.1375,34.42104742962673
2020-03-31 06:15:00,26.1375,34.77810399370394
2020-03-31 06:30:00,26.1375,34.248917394916226
2020-03-31 06:45:00,26.1375,34.20102910948516
2020-03-31 07:00:00,26.1375,34.28417227845402
2020-03-31 07:15:00,26.1375,34.088946018469045
2020-03-31 07:30:00,26.1375,34.3659316625966
2020-03-31 07:45:00,26.1375,33.92574707645018
2020-03-31 08:00:00,26.1375,34.290158472347386
2020-03-31 08:15:00,26.1375,34.44078770939187
2020-03-31 08:30:00,26.1375,34.165665662170404
2020-03-31 08:45:00,26.1375,33.51293087035895
2020-03-31 09:00:00,26.1375,33.17888437250522
2020-03-31 09:15:00,26.1375,32.96449712080469
2020-03-31 09:30:00,26.1375,33.38288139626641
2020-03-31 09:45:00,26.1375,33.48194789407495
2020-03-31 10:00:00,26.1375,33.837355350955626
2020-03-31 10:15:00,26.1375,34.12856790401492
2020-03-31 10:30:00,26.1375,34.30349577729857
2020-03-31 10:45:00,26.1375,34.42644745086141
2020-03-31 11:00:00,26.1375,34.400052027838505
2020-03-31 11:15:00,26.1375,34.702781909148804
2020-03-31 11:30:00,26.1375,35.471822302088675
2020-03-31 11:45:00,26.1375,35.2430993300591
2020-03-31 12:00:00,26.1375,35.98065102454788
2020-03-31 12:15:00,26.1375,36.35002382075904
2020-03-31 12:30:00,26.1375,36.26914813865967
2020-03-31 12:45:00,26.1375,36.603123487680044
2020-03-31 13:00:00,26.1375,36.44121910859972
2020-03-31 13:15:00,26.1375,36.765016286306356
2020-03-31 13:30:00,26.1375,36.52161174070241
2020-03-31 13:45:00,26.1375,36.7390914058344
2020-03-31 14:00:00,26.1375,36.322220633283614
2020-03-31 14:15:00,26.1375,36.64813004376557
2020-03-31 14:30:00,26.1375,37.18723522712317
2020-03-31 14:45:00,26.1375,37.16785439548331
2020-03-31 15:00:00,26.1375,36.777864887765446
2020-03-31 15:15:00,26.1375,36.8914655716491
2020-03-31 15:30:00,26.1375,36.35493581041454
2020-03-31 15:45:00,26.1375,36.76042655986205
2020-03-31 16:00:00,26.1375,36.93639254360354
2020-03-31 16:15:00,26.1375,36.30812124551457
2020-03-31 16:30:00,26.1375,36.567289452516164
2020-03-31 16:45:00,26.1375,36.533176001764744
2020-03-31 17:00:00,26.1375,36.70127481704124
2020-03-31 17:15:00,26.1375,36.09277850075794
2020-03-31 17:30:00,26.1375,35.78409138388579
2020-03-31 17:45:00,26.1375,36.353569682282355
2020-03-31 18:00:00,26.1375,35.70424169816497
2020-03-31 18:15:00,26.1375,36.87676588533828
2020-03-31 18:30:00,26.1375,36.522430607760505
2020-03-31 18:45:00,26.1375,36.08783328043873
2020-03-31 19:00:00,26.1375,36.7627635288668
2020-03-31 19:15:00,26.1375,36.493484013153434
2020-03-31 19:30:00,26.1375,36.57992281460247
2020-03-31 19:45:00,26.1375,36.69534645996478
2020-03-31 20:00:00,26.1375,36.23629260793475
2020-03-31 20:15:00,26.1375,35.96972851403479
2020-03-31 20:30:00,26.1375,35.90120839564854
2020-03-31 20:45:00,26.1375,35.836024484352315
2020-03-31 21:00:00,26.1375,36.20457198292559
2020-03-31 21:15:00,26.1375,36.1933900782079
2020-03-31 21:30:00,26.1375,36.75642794869716
2020-03-31 21:45:00,26.1375,36.15038203094575
2020-03-31 22:00:00,26.1375,36.56358769776465
2020-03-31 22:15:00,26.1375,36.73681563523314
2020-03-31 22:30:00,26.1375,36.1175128178775
2020-03-31 22:45:00,26.1375,35.87322423459001
2020-03-31 23:00:00,26.1375,35.84014961360963
2020-03-31 23:15:00,26.1375,35.5828659001648
2020-03-31 23:30:00,26.1375,35.442203921818916
2020-03-31 23:45:00,26.1375,34.84446830668373
2020-04-01 00:00:00,27.676,34.938970496338506
2020-04-01 00:15:00,27.456,35.04764946331466
2020-04-01 00:30:00,27.236,35.03056406015914
2020-04-01 00:45:00,27.236,34.992341911987424
2020-04-01 01:00:00,27.0165,34.77196062980873
2020-04-01 01:15:00,26.797,34.53601949524083
2020-04-01 01:30:00,26.797,34.46012172322844
2020-04-01 01:45:00,26.357,35.140918015112035
2020-04-01 02:00:00,26.357,35.170753162390376
2020-04-01 02:15:00,26.1375,34.58031565920731
2020-04-01 02:30:00,25.918,34.879054750858884
2020-04-01 02:45:00,25.918,34.853440835107435
2020-04-01 03:00:00,25.6985,35.04977953172495
2020-04-01 03:15:00,25.479,35.26091449737179
2020-04-01 03:30:00,25.479,35.1941427507993
2020-04-01 03:45:00,25.039,35.18674881990293
2020-04-01 04:00:00,25.039,34.8331890120122
2020-04-01 04:15:00,25.039,34.93396722062687
2020-04-01 04:30:00,24.8195,34.870780923847875
2020-04-01 04:45:00,24.6,34.81361335165538
2020-04-01 05:00:00,24.6,35.09017959598623
2020-04-01 05:15:00,24.6,34.43418043952684
2020-04-01 05:30:00,24.6,34.503584824472256
2020-04-01 05:45:00,24.38,34.928334715785475
2020-04-01 06:00:00,24.16,35.01088227450961
2020-04-01 06:15:00,24.16,34.547044344012896
2020-04-01 06:30:00,24.16,34.693093293280434
2020-04-01 06:45:00,24.16,34.38992446956164
2020-04-01 07:00:00,24.16,34.60763566218849
2020-04-01 07:15:00,24.16,35.31095140499481
2020-04-01 07:30:00,24.6,34.90331612185722
2020-04-01 07:45:00,25.039,34.71147633291142
2020-04-01 08:00:00,25.479,34.48437905099485
2020-04-01 08:15:00,26.1375,34.26961996796192
2020-04-01 08:30:00,27.0165,34.58734472182819
2020-04-01 08:45:00,27.676,33.91527857689824
2020-04-01 09:00:00,28.335,34.24209739293227
2020-04-01 09:15:00,28.994,34.15886056631462
2020-04-01 09:30:00,30.0925,34.7056983345474
2020-04-01 09:45:00,31.191,34.43333660062935
2020-04-01 10:00:00,32.07,34.64644206279104
2020-04-01 10:15:00,32.949,34.44188450831055
2020-04-01 10:30:00,34.048,34.61847994730688
2020-04-01 10:45:00,34.9265,34.13538894181793
2020-04-01 11:00:00,36.0255,34.65224464722742
2020-04-01 11:15:00,36.6845,34.672035094739655
2020-04-01 11:30:00,37.344,34.892676840213454
2020-04-01 11:45:00,38.223,35.3675866210373
2020-04-01 12:00:00,38.8815,35.190886928253285
2020-04-01 12:15:00,39.1015,35.83652550559635
2020-04-01 12:30:00,39.3215,35.92469226767183
2020-04-01 12:45:00,39.7605,36.21106837664836
2020-04-01 13:00:00,40.2005,36.159684355641275
2020-04-01 13:15:00,41.079,36.598420529245814
2020-04-01 13:30:00,41.299,36.22271414671775
2020-04-01 13:45:00,41.738,36.40590708713816
2020-04-01 14:00:00,42.3975,36.38690584341249
2020-04-01 14:15:00,42.837,36.16733994035352
2020-04-01 14:30:00,43.2765,35.78135926906721
2020-04-01 14:45:00,43.2765,36.241742123886205
2020-04-01 15:00:00,42.837,36.44978996987058
2020-04-01 15:15:00,42.1775,35.87551363095094
2020-04-01 15:30:00,41.5185,35.41193207302385
2020-04-01 15:45:00,41.079,35.05172876479567
2020-04-01 16:00:00,40.6395,35.22209375370277
2020-04-01 16:15:00,40.6395,35.118233701119976
2020-04-01 16:30:00,40.42,35.56157838232429
2020-04-01 16:45:00,40.42,35.7077146209924
2020-04-01 17:00:00,39.98,35.25988127900196
2020-04-01 17:15:00,39.541,35.99457519611686
2020-04-01 17:30:00,39.102,35.34874564547981
2020-04-01 17:45:00,38.662,35.56105695745375
2020-04-01 18:00:00,38.4425,35.30079339661014
2020-04-01 18:15:00,38.003,35.30813476181467
2020-04-01 18:30:00,37.5635,35.19781681832911
2020-04-01 18:45:00,37.124,35.07082821509994
2020-04-01 19:00:00,36.6845,34.780962132612366
2020-04-01 19:15:00,36.245,35.350369492025166
2020-04-01 19:30:00,35.8055,36.43629721361496
2020-04-01 19:45:00,35.586,36.04467704640045
2020-04-01 20:00:00,35.366,35.61637249522508
2020-04-01 20:15:00,34.9265,36.22633829505669
2020-04-01 20:30:00,34.707,36.38760146324543
2020-04-01 20:45:00,34.4875,36.74981137190059
2020-04-01 21:00:00,34.048,36.32302666096244
2020-04-01 21:15:00,34.048,35.461166439469146
2020-04-01 21:30:00,33.6085,36.56269034239059
2020-04-01 21:45:00,33.6085,36.61022865464471
2020-04-01 22:00:00,33.169,36.09157267814722
2020-04-01 22:15:00,33.169,36.26962914938611
2020-04-01 22:30:00,32.949,35.70283077837764
2020-04-01 22:45:00,32.7295,35.60474410995163
2020-04-01 23:00:00,32.7295,35.57032987025939
2020-04-01 23:15:00,32.7295,35.590968626495005
2020-04-01 23:30:00,32.51,35.529146741309965
2020-04-01 23:45:00,32.29,35.600914437240206
2020-04-02 00:00:00,32.29,35.84537821695471
2020-04-02 00:15:00,32.29,35.494290915817515
2020-04-02 00:30:00,32.07,35.384822772984236
2020-04-02 00:45:00,31.8505,35.83034304666189
2020-04-02 01:00:00,31.8505,35.56386737086915
2020-04-02 01:15:00,31.8505,34.986467209221246
2020-04-02 01:30:00,31.631,35.35439346153069
2020-04-02 01:45:00,31.411,34.917157262180886
2020-04-02 02:00:00,31.191,35.06939518342447
2020-04-02 02:15:00,30.9715,35.068009907731856
2020-04-02 02:30:00,30.9715,34.78101487090044
2020-04-02 02:45:00,30.9715,34.599660147844695
2020-04-02 03:00:00,30.752,34.70416491811771
2020-04-02 03:15:00,30.532,34.29222036935251
2020-04-02 03:30:00,30.532,34.320110897004
2020-04-02 03:45:00,30.312,34.51506945022877
2020-04-02 04:00:00,30.312,34.2823028514114
2020-04-02 04:15:00,30.0925,34.34426935090491
2020-04-02 04:30:00,30.0925,33.86419988749745
2020-04-02 04:45:00,30.0925,34.1063317176304
2020-04-02 05:00:00,29.873,34.050681322359466
2020-04-02 05:15:00,29.873,34.323978670530174
2020-04-02 05:30:00,29.873,33.47165491446026
2020-04-02 05:45:00,29.6535,33.62448395912456
2020-04-02 06:00:00,29.6535,33.89040636327011
2020-04-02 06:15:00,29.6535,33.55778195989832
2020-04-02 06:30:00,29.6535,33.9046739477191
2020-04-02 06:45:00,29.6535,33.859965744614016
2020-04-02 07:00:00,29.6535,33.437339954235476
2020-04-02 07:15:00,29.6535,33.705516466758205
2020-04-02 07:30:00,29.6535,34.17138552895777
2020-04-02 07:45:00,29.6535,34.4665448439068
2020-04-02 08:00:00,29.6535,34.807092510886385
2020-04-02 08:15:00,29.6535,34.54413831644809
2020-04-02 08:30:00,29.873,34.7014877547173
2020-04-02 08:45:00,30.0925,34.4116013388437
2020-04-02 09:00:00,30.532,34.3797469893518
2020-04-02 09:15:00,30.532,35.01096964534575
2020-04-02 09:30:00,31.1915,34.85543967262594
2020-04-02 09:45:00,31.411,34.04977296782681
2020-04-02 10:00:00,31.8505,34.293198559174556
2020-04-02 10:15:00,32.5095,34.503343755662144
2020-04-02 10:30:00,33.3885,34.848575580294046
2020-04-02 10:45:00,34.048,34.28503452475209
2020-04-02 11:00:00,34.4875,34.44618959366395
2020-04-02 11:15:00,35.146,34.47259001656758
2020-04-02 11:30:00,35.366,34.855768867727676
2020-04-02 11:45:00,35.8055,35.2470815862287
2020-04-02 12:00:00,36.245,34.98731452336586
2020-04-02 12:15:00,36.6845,34.96555875699481
2020-04-02 12:30:00,36.9045,35.44004026643278
2020-04-02 12:45:00,36.9045,34.97711082739087
2020-04-02 13:00:00,37.5635,35.33227078574272
2020-04-02 13:15:00,38.003,36.00194287525606
2020-04-02 13:30:00,38.4425,35.19565580690489
2020-04-02 13:45:00,38.662,35.837492666491485
2020-04-02 14:00:00,39.541,35.248468379622366
2020-04-02 14:15:00,39.9805,35.13013758705437
2020-04-02 14:30:00,40.42,35.222460572585256
2020-04-02 14:45:00,40.42,35.13696126537307
2020-04-02 15:00:00,40.6395,35.569334001529604
2020-04-02 15:15:00,40.859,35.504151539925466
2020-04-02 15:30:00,40.42,35.35328071167537
2020-04-02 15:45:00,40.2,35.57893348679902
2020-04-02 16:00:00,39.761,35.87699415136716
2020-04-02 16:15:00,39.321,35.14371678354779
2020-04-02 16:30:00,39.1015,35.50636461489147
2020-04-02 16:45:00,38.4425,35.23868231210681
2020-04-02 17:00:00,38.003,35.25671320696396
2020-04-02 17:15:00,37.7835,34.72281796552853
2020-04-02 17:30:00,37.3435,35.29149225398625
2020-04-02 17:45:00,36.9045,35.50650396534899
2020-04-02 18:00:00,36.6845,35.10485477127442
2020-04-02 18:15:00,36.4645,35.62148658595318
2020-04-02 18:30:00,36.0255,35.62250924032402
2020-04-02 18:45:00,35.8055,35.69550569389561
2020-04-02 19:00:00,35.366,35.43562801832925
2020-04-02 19:15:00,35.366,35.07063894741057
2020-04-02 19:30:00,34.9265,35.29029708760489
2020-04-02 19:45:00,34.9265,35.58635009342223
2020-04-02 20:00:00,34.707,35.91265723284413
2020-04-02 20:15:00,34.4875,35.78729435828385
2020-04-02 20:30:00,34.268,35.518917745157765
2020-04-02 20:45:00,34.048,35.571864073769895
2020-04-02 21:00:00,33.828,35.34901453096089
2020-04-02 21:15:00,33.6085,35.49897678782512
2020-04-02 21:30:00,33.389,36.08731448122939
2020-04-02 21:45:00,33.169,36.05695772770193
2020-04-02 22:00:00,32.949,36.20170424020004
2020-04-02 22:15:00,32.7295,35.69591336678131
2020-04-02 22:30:00,32.29,35.47968211705624
2020-04-02 22:45:00,32.29,35.50584044875604
2020-04-02 23:00:00,32.29,34.79715470718176
2020-04-02 23:15:00,32.07,35.50392007414103
2020-04-02 23:30:00,31.8505,34.987479057541016
2020-04-02 23:45:00,31.8505,35.1311304605562
2020-04-03 00:00:00,31.631,34.85450791163634
2020-04-03 00:15:00,31.411,34.72469715182895
2020-04-03 00:30:00,31.191,35.41191919030323
2020-04-03 00:45:00,31.191,35.18205655844373
2020-04-03 01:00:00,30.752,35.47573402768269
2020-04-03 01:15:00,30.752,35.46765932927387
2020-04-03 01:30:00,30.312,35.60539236972171
2020-04-03 01:45:00,30.312,35.73634013140217
2020-04-03 02:00:00,30.0925,35.7206104261921
2020-04-03 02:15:00,29.873,35.547802598007
2020-04-03 02:30:00,29.873,35.57494461077433
2020-04-03 02:45:00,29.434,35.79540677843287
2020-04-03 03:00:00,29.434,35.71107009815214
2020-04-03 03:15:00,29.434,35.552805435672106
2020-04-03 03:30:00,29.214,35.492157431785664
2020-04-03 03:45:00,28.994,35.31297015652274
2020-04-03 04:00:00,28.994,34.94828890188955
2020-04-03 04:15:00,28.994,35.36274244515867
2020-04-03 04:30:00,28.555,35.06139245275549
2020-04-03 04:45:00,28.555,35.165996754028896
2020-04-03 05:00:00,28.335,35.105274391635746
2020-04-03 05:15:00,28.115,35.145671124743885
2020-04-03 05:30:00,28.115,34.912866590786294
2020-04-03 05:45:00,27.8955,34.60082846568286
2020-04-03 06:00:00,27.676,34.38680347508112
2020-04-03 06:15:00,27.676,34.902792982804364
2020-04-03 06:30:00,27.676,35.29665100801301
2020-04-03 06:45:00,27.676,34.78591442465344
2020-04-03 07:00:00,27.676,34.69573102316997
2020-04-03 07:15:00,27.676,34.5461929472791
2020-04-03 07:30:00,27.8955,35.372231108293995
2020-04-03 07:45:00,28.1155,34.779690519276855
2020-04-03 08:00:00,28.5545,35.228219040903426
2020-04-03 08:15:00,29.214,35.147442972947935
2020-04-03 08:30:00,29.873,35.28617464593011
2020-04-03 08:45:00,30.3125,35.814353583641406
2020-04-03 09:00:00,30.7515,35.310613591531386
2020-04-03 09:15:00,31.6305,35.13861884754436
2020-04-03 09:30:00,32.5095,35.07506009944695
2020-04-03 09:45:00,33.3885,34.98186500880501
2020-04-03 10:00:00,34.487,35.03694884459404
2020-04-03 10:15:00,35.366,34.956889267395724
2020-04-03 10:30:00,36.245,35.19491459367052
2020-04-03 10:45:00,37.124,35.06809156088736
2020-04-03 11:00:00,37.7835,35.305975968782285
2020-04-03 11:15:00,38.4425,35.933352007669136
2020-04-03 11:30:00,39.1015,35.4693791404712
2020-04-03 11:45:00,39.7605,35.35763310559453
2020-04-03 12:00:00,40.2005,35.96851980006588
2020-04-03 12:15:00,40.8595,36.208343907308816
2020-04-03 12:30:00,41.079,36.20687363617346
2020-04-03 12:45:00,41.7385,36.01543851305865
2020-04-03 13:00:00,42.3975,35.921380514900605
2020-04-03 13:15:00,43.0565,35.75218776835011
2020-04-03 13:30:00,43.496,36.703033525350705
2020-04-03 13:45:00,43.936,36.86418538413584
2020-04-03 14:00:00,43.936,36.06486590310903
2020-04-03 14:15:00,44.375,37.44835848636558
2020-04-03 14:30:00,44.814,37.14571681483354
2020-04-03 14:45:00,45.034,36.3709667804071
2020-04-03 15:00:00,45.034,36.4176442884474
2020-04-03 15:15:00,45.2535,36.480229488732
2020-04-03 15:30:00,45.034,36.50073732798851
2020-04-03 15:45:00,44.375,36.74504160877404
2020-04-03 16:00:00,43.936,35.863363413435714
2020-04-03 16:15:00,43.716,36.28778637959165
2020-04-03 16:30:00,43.496,36.32623477368669
2020-04-03 16:45:00,43.2765,36.272153512692505
2020-04-03 17:00:00,42.837,36.33122928350713
2020-04-03 17:15:00,42.617,36.35938213563813
2020-04-03 17:30:00,42.3975,36.46043256087161
2020-04-03 17:45:00,41.958,36.77435159845978
2020-04-03 18:00:00,41.5185,37.250877184571955
2020-04-03 18:15:00,40.859,36.661085860533134
2020-04-03 18:30:00,40.42,37.10683781433222
2020-04-03 18:45:00,39.7605,36.6152779839367
2020-04-03 19:00:00,39.102,36.962285385260095
2020-04-03 19:15:00,38.4425,36.78377568675516
2020-04-03 19:30:00,38.003,36.68301272122782
2020-04-03 19:45:00,37.5635,36.61258917521757
2020-04-03 20:00:00,36.904,37.15709137741999
2020-04-03 20:15:00,36.465,36.57500825463095
2020-04-03 20:30:00,36.025,37.07536012578433
2020-04-03 20:45:00,35.586,37.21071313740627
2020-04-03 21:00:00,35.146,36.50249475956856
2020-04-03 21:15:00,34.707,36.57443094371012
2020-04-03 21:30:00,34.268,36.73761496459638
2020-04-03 21:45:00,34.048,36.496254264480335
2020-04-03 22:00:00,33.828,36.70898110897809
2020-04-03 22:15:00,33.389,36.57455081573321
2020-04-03 22:30:00,33.389,35.99776130398934
2020-04-03 22:45:00,33.169,35.691071392949
2020-04-03 23:00:00,32.949,36.1664289483331
2020-04-03 23:15:00,32.949,35.78095677854148
2020-04-03 23:30:00,32.51,35.29236128671574
2020-04-03 23:45:00,32.29,35.54001117913081
2020-04-04 00:00:00,32.07,35.6364006010173
2020-04-04 00:15:00,31.8505,35.02034218019067
2020-04-04 00:30:00,31.411,34.83058593545759
2020-04-04 00:45:00,30.9715,34.91290364384942
2020-04-04 01:00:00,30.532,34.77347925239018
2020-04-04 01:15:00,30.0925,35.28085716198814
2020-04-04 01:30:00,29.4335,35.22044937368092
2020-04-04 01:45:00,28.9945,35.537796535856685
2020-04-04 02:00:00,28.5545,35.477546816057874
2020-04-04 02:15:00,28.1155,35.401865533569186
2020-04-04 02:30:00,27.6755,35.626705756751115
2020-04-04 02:45:00,27.2365,35.82821344664856
2020-04-04 03:00:00,26.7965,35.16672723416128
2020-04-04 03:15:00,26.577,35.41990310848997
2020-04-04 03:30:00,26.1375,34.678436178061496
2020-04-04 03:45:00,25.6985,34.501720291789766
2020-04-04 04:00:00,25.259,34.48837711448061
2020-04-04 04:15:00,25.0395,34.49796506562383
2020-04-04 04:30:00,24.8195,33.92932229261548
2020-04-04 04:45:00,24.38,34.46293755674353
2020-04-04 05:00:00,23.9405,34.44649866839431
2020-04-04 05:15:00,23.501,34.56439451943456
2020-04-04 05:30:00,23.501,34.12996193611014
2020-04-04 05:45:00,23.0615,33.996199465210324
2020-04-04 06:00:00,22.622,33.83544140705512
2020-04-04 06:15:00,22.622,34.157342809046455
2020-04-04 06:30:00,22.1825,33.917366278149046
2020-04-04 06:45:00,21.743,34.019701755335525
2020-04-04 07:00:00,21.743,34.01525854388892
2020-04-04 07:15:00,21.5235,34.22876335282124
2020-04-04 07:30:00,21.3035,34.722310030467455
2020-04-04 07:45:00,20.8645,33.99074731912242
2020-04-04 08:00:00,20.8645,33.78252106796427
2020-04-04 08:15:00,20.425,34.08077352145003
2020-04-04 08:30:00,20.425,33.62365890576249
2020-04-04 08:45:00,20.205,33.4476304707842
2020-04-04 09:00:00,19.9855,33.46198075389701
2020-04-04 09:15:00,19.9855,34.25354311370375
2020-04-04 09:30:00,19.9855,34.4116846253572
2020-04-04 09:45:00,19.766,34.8482961805535
2020-04-04 10:00:00,19.766,34.69189581889798
2020-04-04 10:15:00,19.766,35.097476998234804
2020-04-04 10:30:00,19.766,35.75730469787325
2020-04-04 10:45:00,19.766,35.62477933365203
2020-04-04 11:00:00,19.766,35.65812319631103
2020-04-04 11:15:00,19.766,35.74853316237322
2020-04-04 11:30:00,19.766,35.58344822383836
2020-04-04 11:45:00,19.766,35.074552802238756
2020-04-04 12:00:00,19.766,35.9205907249621
2020-04-04 12:15:00,19.9855,36.090833087378066
2020-04-04 12:30:00,19.9855,36.00123100311335
2020-04-04 12:45:00,19.9855,36.08666694692541
2020-04-04 13:00:00,19.9855,36.152872922445106
2020-04-04 13:15:00,19.9855,36.4916461510801
2020-04-04 13:30:00,19.9855,36.40528516798343
2020-04-04 13:45:00,19.9855,35.992033828813334
2020-04-04 14:00:00,19.9855,36.320559675167
2020-04-04 14:15:00,19.9855,36.32225038602398
2020-04-04 14:30:00,19.9855,36.588914449881024
2020-04-04 14:45:00,19.766,37.20977095504427
2020-04-04 15:00:00,19.766,36.57087861459442
2020-04-04 15:15:00,19.766,37.13205382168681
2020-04-04 15:30:00,19.766,37.439486665360164
2020-04-04 15:45:00,19.546,36.9788247208241
2020-04-04 16:00:00,19.546,36.93916215504793
2020-04-04 16:15:00,19.546,36.97297996399148
2020-04-04 16:30:00,19.546,36.802376480731056
2020-04-04 16:45:00,19.326,36.93152624328041
2020-04-04 17:00:00,19.1065,36.48134156470111
2020-04-04 17:15:00,19.1065,36.816662308630434
2020-04-04 17:30:00,19.1065,36.77522379929035
2020-04-04 17:45:00,19.1065,36.29962730484524
2020-04-04 18:00:00,19.1065,36.86216509824573
2020-04-04 18:15:00,19.1065,36.86709260341703
2020-04-04 18:30:00,19.1065,37.0321494341804
2020-04-04 18:45:00,19.1065,36.751987202891186
2020-04-04 19:00:00,19.1065,36.54283573313183
2020-04-04 19:15:00,19.1065,36.79103233058311
2020-04-04 19:30:00,19.1065,37.039985947246436
2020-04-04 19:45:00,19.1065,36.77816462393475
2020-04-04 20:00:00,19.1065,37.09839964522962
2020-04-04 20:15:00,19.1065,37.57249113543219
2020-04-04 20:30:00,19.1065,37.342404286692776
2020-04-04 20:45:00,19.1065,37.23428826115075
2020-04-04 21:00:00,19.1065,37.3872583697114
2020-04-04 21:15:00,19.1065,37.28409920075181
2020-04-04 21:30:00,19.1065,37.323938413085656
2020-04-04 21:45:00,18.8865,37.38886443638197
2020-04-04 22:00:00,18.667,36.77751996209655
2020-04-04 22:15:00,18.667,36.92483461228863
2020-04-04 22:30:00,18.667,36.84665247104849
2020-04-04 22:45:00,18.667,36.33028186395718
2020-04-04 23:00:00,18.667,36.1582001237424
2020-04-04 23:15:00,18.667,35.815106203212856
2020-04-04 23:30:00,18.667,36.38078698352931
2020-04-04 23:45:00,18.667,36.52607222935792
2020-04-05 00:00:00,18.667,36.264397130034105
2020-04-05 00:15:00,18.667,36.69099687124192
2020-04-05 00:30:00,18.667,36.229042770236
2020-04-05 00:45:00,18.667,35.92333818888075
2020-04-05 01:00:00,18.667,36.11968991707472
2020-04-05 01:15:00,18.667,35.48889058679602
2020-04-05 01:30:00,18.667,35.754602854990985
2020-04-05 01:45:00,18.447,35.40215534073662
2020-04-05 02:00:00,18.447,35.76748928333232
2020-04-05 02:15:00,18.447,35.767099807130066
2020-04-05 02:30:00,18.2275,35.323624410636924
2020-04-05 02:45:00,18.2275,35.327216911317656
2020-04-05 03:00:00,18.2275,35.18222287940292
2020-04-05 03:15:00,18.2275,35.372122047752505
2020-04-05 03:30:00,18.008,34.901238151367075
2020-04-05 03:45:00,17.788,35.113571298732104
2020-04-05 04:00:00,17.788,35.08192335816306
2020-04-05 04:15:00,17.568,34.81257460608936
2020-04-05 04:30:00,17.568,35.023448200600704
2020-04-05 04:45:00,17.568,35.05808772706082
2020-04-05 05:00:00,17.568,34.76096808343443
2020-04-05 05:15:00,17.568,34.70821378870342
2020-04-05 05:30:00,17.568,34.564318711338224
2020-04-05 05:45:00,17.568,33.863550997780685
2020-04-05 06:00:00,17.568,34.27560964638255
2020-04-05 06:15:00,17.568,34.8141156361766
2020-04-05 06:30:00,17.568,34.4375191637407
2020-04-05 06:45:00,17.3485,33.76917030684011
2020-04-05 07:00:00,17.3485,34.29407369655616
2020-04-05 07:15:00,17.3485,34.29385782462525
2020-04-05 07:30:00,17.129,34.7154866982748
2020-04-05 07:45:00,17.129,34.147189586831566
2020-04-05 08:00:00,17.129,34.36076867763217
2020-04-05 08:15:00,17.129,33.68958395254164
2020-04-05 08:30:00,17.129,33.721121771178964
2020-04-05 08:45:00,16.689,34.35064444301647
2020-04-05 09:00:00,16.4695,34.209335835430025
2020-04-05 09:15:00,16.0305,34.05357669010687
2020-04-05 09:30:00,15.811,33.942551534071455
2020-04-05 09:45:00,15.591,33.76652746530802
2020-04-05 10:00:00,15.371,34.27731891238258
2020-04-05 10:15:00,15.1515,34.32147912142024
2020-04-05 10:30:00,14.712,35.087720235656924
2020-04-05 10:45:00,14.492,34.981615675677645
2020-04-05 11:00:00,14.053,35.30510213031069
2020-04-05 11:15:00,13.613,35.39159486978062
2020-04-05 11:30:00,13.3935,35.61374631952724
2020-04-05 11:45:00,13.174,34.85653796577155
2020-04-05 12:00:00,12.954,34.835460716613966
2020-04-05 12:15:00,12.954,35.190603058818695
2020-04-05 12:30:00,12.954,35.19147038608264
2020-04-05 12:45:00,12.954,35.733690394249855
2020-04-05 13:00:00,12.954,36.105062852154674
2020-04-05 13:15:00,12.734,36.19373467505696
2020-04-05 13:30:00,12.5145,35.6654175738224
2020-04-05 13:45:00,12.5145,36.302758118497295
2020-04-05 14:00:00,12.295,36.74010530618218
2020-04-05 14:15:00,12.075,37.042557321365706
2020-04-05 14:30:00,12.075,36.79198839486672
2020-04-05 14:45:00,12.075,36.85552482697333
2020-04-05 15:00:00,12.075,36.871424264914396
2020-04-05 15:15:00,12.075,36.64808649052346
2020-04-05 15:30:00,11.8555,37.419253567194694
2020-04-05 15:45:00,11.6355,36.96558163262945
2020-04-05 16:00:00,11.6355,36.86840277582055
2020-04-05 16:15:00,11.6355,36.65602883633377
2020-04-05 16:30:00,11.416,36.922736729973295
2020-04-05 16:45:00,11.1965,36.58483606952719
2020-04-05 17:00:00,11.1965,36.94012971896919
2020-04-05 17:15:00,11.1965,36.47794705322974
2020-04-05 17:30:00,11.1965,35.68876893120241
2020-04-05 17:45:00,11.1965,36.14306039896977
2020-04-05 18:00:00,11.1965,36.34971125708099
2020-04-05 18:15:00,11.1965,36.05135467869489
2020-04-05 18:30:00,11.1965,36.34583299393266
2020-04-05 18:45:00,11.1965,36.315258223595485
2020-04-05 19:00:00,11.1965,35.69368624284917
2020-04-05 19:15:00,11.1965,36.97131670777451
2020-04-05 19:30:00,11.1965,36.36516983926891
2020-04-05 19:45:00,11.1965,36.030079075307434
2020-04-05 20:00:00,11.1965,35.549510848130595
2020-04-05 20:15:00,11.1965,35.420674642353205
2020-04-05 20:30:00,11.1965,35.920238252634924
2020-04-05 20:45:00,11.1965,35.954865915484476
2020-04-05 21:00:00,11.1965,35.529931620988506
2020-04-05 21:15:00,11.1965,36.044007095977285
2020-04-05 21:30:00,11.6355,34.62998285446162
2020-04-05 21:45:00,11.6355,35.37113244215536
2020-04-05 22:00:00,11.6355,34.777854062102655
2020-04-05 22:15:00,11.6355,35.39960688965312
2020-04-05 22:30:00,11.6355,34.931982318187515
2020-04-05 22:45:00,11.6355,35.25216104591844
2020-04-05 23:00:00,11.6355,33.89468404460885
2020-04-05 23:15:00,11.6355,33.9159825053219
2020-04-05 23:30:00,11.8555,33.96314767661711
2020-04-05 23:45:00,11.8555,34.02316220606028
2020-04-06 00:00:00,11.8555,33.76574942296234
2020-04-06 00:15:00,11.8555,33.79328436375463
2020-04-06 00:30:00,11.8555,33.117226198744405
2020-04-06 00:45:00,11.8555,33.26096215065779
2020-04-06 01:00:00,11.8555,33.96841372876578
2020-04-06 01:15:00,11.8555,34.69668235915151
2020-04-06 01:30:00,11.636,34.97262256374588
2020-04-06 01:45:00,11.636,34.92645780680821
2020-04-06 02:00:00,11.636,35.362940448209635
2020-04-06 02:15:00,11.636,35.35191296306722
2020-04-06 02:30:00,11.8555,35.29577333165844
2020-04-06 02:45:00,12.075,35.235400177259955
2020-04-06 03:00:00,12.2945,35.01930208446323
2020-04-06 03:15:00,12.5145,34.54413115908884
2020-04-06 03:30:00,12.7345,34.77889702695589
2020-04-06 03:45:00,12.954,34.227536936300815
2020-04-06 04:00:00,12.954,34.08731331459491
2020-04-06 04:15:00,12.954,34.76844180339704
2020-04-06 04:30:00,12.954,34.459567608848594
2020-04-06 04:45:00,12.954,34.42261466455669
2020-04-06 05:00:00,12.954,34.22847881608165
2020-04-06 05:15:00,12.954,34.58489107422465
2020-04-06 05:30:00,12.954,34.12622738245277
2020-04-06 05:45:00,12.954,34.39954342429276
2020-04-06 06:00:00,12.954,33.633019886661465
2020-04-06 06:15:00,12.954,33.68463630848393
2020-04-06 06:30:00,12.954,33.27453127905825
2020-04-06 06:45:00,12.954,33.51630855160524
2020-04-06 07:00:00,13.1735,33.205822407871636
2020-04-06 07:15:00,13.3935,33.586273108545605
2020-04-06 07:30:00,13.3935,33.83514936738573
2020-04-06 07:45:00,13.833,33.45011451333248
2020-04-06 08:00:00,14.2725,32.493231166026355
2020-04-06 08:15:00,14.712,32.067706648382746
2020-04-06 08:30:00,15.1515,31.92832355180929
2020-04-06 08:45:00,15.811,32.43512140581042
2020-04-06 09:00:00,16.4695,32.04210299669083
2020-04-06 09:15:00,16.909,33.41701448107317
2020-04-06 09:30:00,17.5685,33.50779299122181
2020-04-06 09:45:00,18.0075,34.177127591124055
2020-04-06 10:00:00,18.4475,33.85085085682573
2020-04-06 10:15:00,19.1065,34.02804196276282
2020-04-06 10:30:00,19.546,34.74947410793809
2020-04-06 10:45:00,20.425,34.235733961746725
2020-04-06 11:00:00,21.084,34.17150830103756
2020-04-06 11:15:00,22.1825,34.72524650647767
2020-04-06 11:30:00,22.8415,34.317340810791194
2020-04-06 11:45:00,23.501,34.50313217509937
2020-04-06 12:00:00,24.16,34.422877673889026
2020-04-06 12:15:00,24.5995,34.37704765071176
2020-04-06 12:30:00,25.039,34.277688430031006
2020-04-06 12:45:00,25.4785,34.88863208746099
2020-04-06 13:00:00,25.918,34.80088257735988
2020-04-06 13:15:00,26.1375,35.26504318435989
2020-04-06 13:30:00,26.1375,34.57553333352116
2020-04-06 13:45:00,26.3575,34.329272228918136
2020-04-06 14:00:00,26.577,34.38261144818049
2020-04-06 14:15:00,26.577,34.45286782043792
2020-04-06 14:30:00,26.138,34.37411255728407
2020-04-06 14:45:00,25.918,34.77760052380485
2020-04-06 15:00:00,25.698,34.0741641931899
2020-04-06 15:15:00,25.4785,34.122949061026375
2020-04-06 15:30:00,25.259,34.40013241166052
2020-04-06 15:45:00,25.0395,33.957214177238505
2020-04-06 16:00:00,25.0395,34.02909184078063
2020-04-06 16:15:00,24.8195,33.802491785196885
2020-04-06 16:30:00,24.8195,34.020470513845424
2020-04-06 16:45:00,24.5995,34.34836758706763
2020-04-06 17:00:00,24.38,33.96679980706725
2020-04-06 17:15:00,23.9405,34.757336168617805
2020-04-06 17:30:00,23.501,34.631637839739284
2020-04-06 17:45:00,22.8415,35.15982067867909
2020-04-06 18:00:00,22.4025,35.13496038981512
2020-04-06 18:15:00,21.9625,35.134939451093615
2020-04-06 18:30:00,21.304,35.30514101110129
2020-04-06 18:45:00,21.084,35.030929913076925
2020-04-06 19:00:00,20.6445,34.63167554227138
2020-04-06 19:15:00,20.2055,34.08130424180011
2020-04-06 19:30:00,19.9855,34.54114515210116
2020-04-06 19:45:00,19.7655,34.72881266165056
2020-04-06 20:00:00,19.546,35.13162823077993
2020-04-06 20:15:00,19.3265,34.70861549827342
2020-04-06 20:30:00,19.1065,35.09719752057445
2020-04-06 20:45:00,18.8865,34.95815749120222
2020-04-06 21:00:00,18.667,34.45798624390226
2020-04-06 21:15:00,18.4475,34.672538559670265
2020-04-06 21:30:00,18.2275,35.36664700021792
2020-04-06 21:45:00,18.2275,35.49400777000789
2020-04-06 22:00:00,18.2275,35.704695069631235
2020-04-06 22:15:00,18.2275,35.955345207803994
2020-04-06 22:30:00,18.0075,35.64745581734131
2020-04-06 22:45:00,17.788,35.34676085834384
2020-04-06 23:00:00,17.788,34.77234915276438
2020-04-06 23:15:00,17.788,34.678861167055786
2020-04-06 23:30:00,17.788,35.46457671995461
2020-04-06 23:45:00,17.788,35.22353251771651
2020-04-07 00:00:00,17.5685,35.1980778539723
2020-04-07 00:15:00,17.3485,35.8920535855756
2020-04-07 00:30:00,17.1285,36.091690171863085
2020-04-07 00:45:00,16.909,35.57640909377076
2020-04-07 01:00:00,16.6895,35.10236786760473
2020-04-07 01:15:00,16.4695,36.18566564452849
2020-04-07 01:30:00,16.4695,35.93416297459821
2020-04-07 01:45:00,16.25,35.94650464436991
2020-04-07 02:00:00,16.0305,36.18029685852286
2020-04-07 02:15:00,15.811,35.320109500920225
2020-04-07 02:30:00,15.811,36.868504021399666
2020-04-07 02:45:00,15.591,35.467329274979825
2020-04-07 03:00:00,15.371,35.621078565135534
2020-04-07 03:15:00,15.371,35.044747960962816
2020-04-07 03:30:00,14.932,35.25428247114568
2020-04-07 03:45:00,14.932,34.244854362425166
2020-04-07 04:00:00,14.712,34.327628421789704
2020-04-07 04:15:00,14.492,33.74899231892195
2020-04-07 04:30:00,14.2725,33.932547400693984
2020-04-07 04:45:00,14.2725,34.22893405458064
2020-04-07 05:00:00,14.0525,34.60759497241804
2020-04-07 05:15:00,13.833,34.31369315866694
2020-04-07 05:30:00,13.833,34.20831054187283
2020-04-07 05:45:00,13.833,34.250796367489656
2020-04-07 06:00:00,13.3935,33.614833972168014
2020-04-07 06:15:00,13.3935,34.37844573001135
2020-04-07 06:30:00,13.3935,34.09850370480877
2020-04-07 06:45:00,13.3935,33.851842500185064
2020-04-07 07:00:00,13.3935,34.21648046314932
2020-04-07 07:15:00,13.613,34.24764909410997
2020-04-07 07:30:00,14.053,34.36568593987567
2020-04-07 07:45:00,14.492,34.587527905705095
2020-04-07 08:00:00,14.932,34.59949218623423
2020-04-07 08:15:00,15.591,34.38685844440463
2020-04-07 08:30:00,16.0305,33.70672914985537
2020-04-07 08:45:00,16.4695,34.227628354501476
2020-04-07 09:00:00,16.6895,34.5739314967926
2020-04-07 09:15:00,17.3485,34.13488672298513
2020-04-07 09:30:00,18.0075,34.53460772925357
2020-04-07 09:45:00,18.667,33.74797750266125
2020-04-07 10:00:00,19.546,34.02441060424074
2020-04-07 10:15:00,20.6445,33.96715472582197
2020-04-07 10:30:00,21.084,33.81749875928626
2020-04-07 10:45:00,21.963,35.004242865068434
2020-04-07 11:00:00,22.4025,35.222661724410344
2020-04-07 11:15:00,22.842,35.463612581221916
2020-04-07 11:30:00,23.2815,34.81975062833053
2020-04-07 11:45:00,23.7205,34.084775260571476
2020-04-07 12:00:00,23.9405,34.04118675071854
2020-04-07 12:15:00,24.16,34.58726328137717
2020-04-07 12:30:00,23.94,34.81260464187929
2020-04-07 12:45:00,24.5995,35.089780587820044
2020-04-07 13:00:00,25.259,35.347044605437645
2020-04-07 13:15:00,25.259,35.75860688126664
2020-04-07 13:30:00,25.4785,36.203685624594
2020-04-07 13:45:00,26.3575,36.0993762239176
2020-04-07 14:00:00,26.797,36.79451924910001
2020-04-07 14:15:00,27.236,37.10753996722187
2020-04-07 14:30:00,27.456,37.27164301344085
2020-04-07 14:45:00,27.676,37.48351217145909
2020-04-07 15:00:00,27.676,37.56453860158061
2020-04-07 15:15:00,27.676,37.13644964133708
2020-04-07 15:30:00,27.456,37.35944280512649
2020-04-07 15:45:00,27.017,38.337789828892895
2020-04-07 16:00:00,26.577,37.750385861222185
2020-04-07 16:15:00,26.3575,38.124337309408794
2020-04-07 16:30:00,25.918,37.45578658338723
2020-04-07 16:45:00,25.6985,37.01741469545993
2020-04-07 17:00:00,25.2585,36.785507829517655
2020-04-07 17:15:00,24.6,36.67016395631402
2020-04-07 17:30:00,24.38,36.170208253760464
2020-04-07 17:45:00,23.9405,36.27737453797688
2020-04-07 18:00:00,23.501,35.596922216272525
2020-04-07 18:15:00,23.0615,35.79337684286349
2020-04-07 18:30:00,22.622,35.514434231039736
2020-04-07 18:45:00,21.963,35.582703431614796
2020-04-07 19:00:00,21.523,35.97970968306603
2020-04-07 19:15:00,21.084,35.87503881052893
2020-04-07 19:30:00,20.645,35.39947171180636
2020-04-07 19:45:00,20.205,35.450083870175305
2020-04-07 20:00:00,19.766,35.09609103179644
2020-04-07 20:15:00,19.326,35.3301168698384
2020-04-07 20:30:00,18.887,35.46135812753111
2020-04-07 20:45:00,18.447,35.27530323890877
2020-04-07 21:00:00,18.2275,34.71841546200689
2020-04-07 21:15:00,18.008,34.49355175166179
2020-04-07 21:30:00,17.568,33.94286154725238
2020-04-07 21:45:00,17.3485,34.35828833808312
2020-04-07 22:00:00,17.129,34.49114434052344
2020-04-07 22:15:00,16.689,35.03829017615996
2020-04-07 22:30:00,16.689,34.67041820932324
2020-04-07 22:45:00,16.25,33.02021158965086
2020-04-07 23:00:00,16.25,34.19692017487467
2020-04-07 23:15:00,15.811,33.36110706705535
2020-04-07 23:30:00,15.811,33.32846737506885
2020-04-07 23:45:00,15.591,33.0940488498793
2020-04-08 00:00:00,15.371,33.606405384664335
2020-04-08 00:15:00,15.371,34.255928336505384
2020-04-08 00:30:00,14.932,33.390734788734164
2020-04-08 00:45:00,14.932,34.370882864808316
2020-04-08 01:00:00,14.932,33.59270492472253
2020-04-08 01:15:00,14.712,32.56927276047112
2020-04-08 01:30:00,14.492,32.27889543067025
2020-04-08 01:45:00,14.492,32.73386615051505
2020-04-08 02:00:00,14.492,32.44641124699675
2020-04-08 02:15:00,14.492,33.00792976040406
2020-04-08 02:30:00,14.492,32.55645945570388
2020-04-08 02:45:00,14.492,32.41004895773189
2020-04-08 03:00:00,14.492,33.3348663411605
2020-04-08 03:15:00,14.492,33.23312264075068
2020-04-08 03:30:00,14.492,33.56526540803571
2020-04-08 03:45:00,14.053,33.37949248333698
2020-04-08 04:00:00,14.053,34.03303022279944
2020-04-08 04:15:00,14.053,33.42946006024851
2020-04-08 04:30:00,14.053,33.15057297384924
2020-04-08 04:45:00,13.613,33.838499991127804
2020-04-08 05:00:00,13.613,33.4234157170661
2020-04-08 05:15:00,13.3935,33.32906890917469
2020-04-08 05:30:00,13.174,33.1478158842951
2020-04-08 05:45:00,13.174,33.21449348497587
2020-04-08 06:00:00,12.954,32.51155628671751
2020-04-08 06:15:00,12.954,32.54011837299952
2020-04-08 06:30:00,12.954,31.5640800826381
2020-04-08 06:45:00,12.954,32.57838071641864
2020-04-08 07:00:00,13.174,32.09026557163777
2020-04-08 07:15:00,13.833,32.59347686418392
2020-04-08 07:30:00,14.2725,32.26623670922929
2020-04-08 07:45:00,14.9315,32.893895631523186
2020-04-08 08:00:00,15.8105,32.14667902851005
2020-04-08 08:15:00,16.25,32.47265493552608
2020-04-08 08:30:00,17.1285,31.823334102453767
2020-04-08 08:45:00,17.5685,32.52654838746863
2020-04-08 09:00:00,18.2275,32.76472214702324
2020-04-08 09:15:00,18.8865,32.26601496035936
2020-04-08 09:30:00,19.9855,32.391372474600715
2020-04-08 09:45:00,20.864,33.21814423212399
2020-04-08 10:00:00,22.1825,33.362849737515965
2020-04-08 10:15:00,23.0615,33.83344272781816
2020-04-08 10:30:00,23.9405,33.25377630348588
2020-04-08 10:45:00,24.6,33.406753357081485
2020-04-08 11:00:00,25.259,34.47371604684602
2020-04-08 11:15:00,26.138,35.038561787658615
2020-04-08 11:30:00,26.577,35.32806501068301
2020-04-08 11:45:00,27.2365,35.56020870268713
2020-04-08 12:00:00,27.8955,35.286696052915595
2020-04-08 12:15:00,28.335,35.686913057044464
2020-04-08 12:30:00,28.5545,34.61896267236711
2020-04-08 12:45:00,29.4335,34.592912392848525
2020-04-08 13:00:00,30.3125,34.85367168931001
2020-04-08 13:15:00,30.752,35.21464430686205
2020-04-08 13:30:00,31.1915,35.12405012885054
2020-04-08 13:45:00,31.8505,35.73580691029467
2020-04-08 14:00:00,32.7295,35.24032300105467
2020-04-08 14:15:00,33.169,35.36290063900749
2020-04-08 14:30:00,33.6085,35.56596765484946
2020-04-08 14:45:00,34.048,36.07732461119103
2020-04-08 15:00:00,34.2675,35.52495717596162
2020-04-08 15:15:00,34.2675,34.99221526817169
2020-04-08 15:30:00,34.048,36.21743381006816
2020-04-08 15:45:00,33.8285,36.230602352735666
2020-04-08 16:00:00,33.389,35.299212356722784
2020-04-08 16:15:00,32.949,34.50941286725918
2020-04-08 16:30:00,32.51,35.340729408431635
2020-04-08 16:45:00,32.29,34.66920391593232
2020-04-08 17:00:00,32.07,34.18266754085337
2020-04-08 17:15:00,31.411,34.552215385131994
2020-04-08 17:30:00,31.191,34.20257013870378
2020-04-08 17:45:00,30.752,33.824434739255686
2020-04-08 18:00:00,30.312,34.22466363709315
2020-04-08 18:15:00,29.6535,34.026624733457574
2020-04-08 18:30:00,29.214,33.938236969885274
2020-04-08 18:45:00,28.7745,33.635150116032854
2020-04-08 19:00:00,28.335,33.83019011261741
2020-04-08 19:15:00,27.8955,34.400341994970496
2020-04-08 19:30:00,27.676,34.09045559439015
2020-04-08 19:45:00,27.456,34.03275672292884
2020-04-08 20:00:00,27.236,33.88872958810599
2020-04-08 20:15:00,27.0165,33.55405215540505
2020-04-08 20:30:00,26.797,33.918944940451944
2020-04-08 20:45:00,26.577,35.02929793436106
2020-04-08 21:00:00,26.357,34.976449633317635
2020-04-08 21:15:00,26.357,34.649864855504354
2020-04-08 21:30:00,26.1375,34.57958091457311
2020-04-08 21:45:00,25.918,34.28926282932153
2020-04-08 22:00:00,25.918,33.74326578335427
2020-04-08 22:15:00,25.6985,33.50761179279629
2020-04-08 22:30:00,25.479,32.88708622536748
2020-04-08 22:45:00,25.259,33.70829686956307
2020-04-08 23:00:00,25.039,33.402606656824375
2020-04-08 23:15:00,24.6,32.808996922691065
2020-04-08 23:30:00,24.16,33.02999750634854
2020-04-08 23:45:00,23.721,33.04576302095547
2020-04-09 00:00:00,23.501,32.88583787091503
2020-04-09 00:15:00,23.281,32.97057466951478
2020-04-09 00:30:00,22.842,33.28605125734309
2020-04-09 00:45:00,22.402,33.47063410522704
2020-04-09 01:00:00,21.963,33.31434013957137
2020-04-09 01:15:00,21.743,33.66049320838516
2020-04-09 01:30:00,21.523,33.056345008347414
2020-04-09 01:45:00,21.084,33.33331951596379
2020-04-09 02:00:00,21.084,33.332018811441664
2020-04-09 02:15:00,21.084,33.081725382573126
2020-04-09 02:30:00,20.645,32.82887528370997
2020-04-09 02:45:00,20.645,33.35430864977114
2020-04-09 03:00:00,20.205,33.39007533948666
2020-04-09 03:15:00,20.205,32.71635765953621
2020-04-09 03:30:00,19.9855,32.7015809919358
2020-04-09 03:45:00,19.766,32.731160992546485
2020-04-09 04:00:00,19.766,32.800393852164774
2020-04-09 04:15:00,19.546,32.65713410509181
2020-04-09 04:30:00,19.326,31.977325413757352
2020-04-09 04:45:00,19.326,31.441116655948868
2020-04-09 05:00:00,18.887,31.748663931875164
2020-04-09 05:15:00,18.887,31.88739110281097
2020-04-09 05:30:00,18.667,31.926681543788245
2020-04-09 05:45:00,18.447,31.948372808141347
2020-04-09 06:00:00,18.447,31.36732626149642
2020-04-09 06:15:00,18.2275,31.86583149606223
2020-04-09 06:30:00,18.008,32.5758748936506
2020-04-09 06:45:00,18.008,32.00306879150086
2020-04-09 07:00:00,18.008,32.192564428688556
2020-04-09 07:15:00,18.447,32.92215428346371
2020-04-09 07:30:00,19.1065,33.06335088290939
2020-04-09 07:45:00,19.7655,32.62375495281538
2020-04-09 08:00:00,20.6445,32.864562012618414
2020-04-09 08:15:00,21.5235,33.135621991895384
2020-04-09 08:30:00,22.1825,33.139407797651835
2020-04-09 08:45:00,23.0615,32.4376424934425
2020-04-09 09:00:00,23.9405,32.44275099194395
2020-04-09 09:15:00,24.8195,32.33422461668762
2020-04-09 09:30:00,25.918,32.59687286604166
2020-04-09 09:45:00,27.236,32.45998117159641
2020-04-09 10:00:00,28.335,32.45846203898217
2020-04-09 10:15:00,29.4335,32.173264665162286
2020-04-09 10:30:00,30.3125,32.56286471851373
2020-04-09 10:45:00,31.411,31.79919143393012
2020-04-09 11:00:00,32.07,32.061833018912495
2020-04-09 11:15:00,32.5095,32.06649861149237
2020-04-09 11:30:00,33.169,32.98836267667538
2020-04-09 11:45:00,33.828,33.423875750436515
2020-04-09 12:00:00,34.2675,34.429908287156564
2020-04-09 12:15:00,34.707,34.39353660498218
2020-04-09 12:30:00,34.707,34.22679332086704
2020-04-09 12:45:00,35.366,34.653525760823726
2020-04-09 13:00:00,36.245,34.16969010827918
2020-04-09 13:15:00,36.4645,34.57676338843312
2020-04-09 13:30:00,37.124,34.43719978883619
2020-04-09 13:45:00,38.003,34.602717870450405
2020-04-09 14:00:00,38.4425,35.12569807768882
2020-04-09 14:15:00,39.3215,35.26764024584233
2020-04-09 14:30:00,39.7605,35.39622734569752
2020-04-09 14:45:00,39.7605,35.00318003749008
2020-04-09 15:00:00,39.9805,34.235929057732505
2020-04-09 15:15:00,39.9805,34.22014939917733
2020-04-09 15:30:00,39.7605,33.998233526001215
2020-04-09 15:45:00,39.1015,34.15443637642267
2020-04-09 16:00:00,38.882,34.89137382182483
2020-04-09 16:15:00,38.2225,35.408005896656356
2020-04-09 16:30:00,38.003,34.62653405584688
2020-04-09 16:45:00,37.7835,34.62410700983024
2020-04-09 17:00:00,37.124,34.1413837636404
2020-04-09 17:15:00,36.6845,34.13775548057421
2020-04-09 17:30:00,36.4645,33.85819378679941
2020-04-09 17:45:00,36.0255,33.71719287042626
2020-04-09 18:00:00,35.8055,33.89485105014996
2020-04-09 18:15:00,35.366,33.86902187166732
2020-04-09 18:30:00,34.9265,32.83223454862413
2020-04-09 18:45:00,34.4875,33.82898609714291
2020-04-09 19:00:00,33.828,33.419968508919766
2020-04-09 19:15:00,33.389,33.1461317040726
2020-04-09 19:30:00,32.949,32.68621405906908
2020-04-09 19:45:00,32.51,33.59321342298306
2020-04-09 20:00:00,32.07,33.28530883622472
2020-04-09 20:15:00,31.8505,33.55223771110029
2020-04-09 20:30:00,31.411,33.70343465455697
2020-04-09 20:45:00,30.9715,33.83892849571058
2020-04-09 21:00:00,30.9715,33.1597652333353
2020-04-09 21:15:00,30.532,32.77373507885189
2020-04-09 21:30:00,30.0925,32.35908545571967
2020-04-09 21:45:00,30.0925,31.636118897523737
2020-04-09 22:00:00,29.6535,31.69904362895512
2020-04-09 22:15:00,29.6535,32.088674783231625
2020-04-09 22:30:00,29.214,32.24146038849717
2020-04-09 22:45:00,29.214,32.392217544990466
2020-04-09 23:00:00,29.214,32.6545176824038
2020-04-09 23:15:00,28.7745,33.022250279367235
2020-04-09 23:30:00,28.7745,32.76079645796378
2020-04-09 23:45:00,28.555,32.578783370414975
2020-04-10 00:00:00,28.115,32.33457597989476
2020-04-10 00:15:00,27.8955,32.721377642743924
2020-04-10 00:30:00,27.676,32.772579741979605
2020-04-10 00:45:00,27.236,32.0874835433451
2020-04-10 01:00:00,26.797,31.965294089010957
2020-04-10 01:15:00,26.357,32.20109750057659
2020-04-10 01:30:00,26.1375,32.40091276481862
2020-04-10 01:45:00,25.918,32.04032219814426
2020-04-10 02:00:00,25.918,31.991234891273212
2020-04-10 02:15:00,25.6985,32.231557699194134
2020-04-10 02:30:00,25.6985,32.04415732175688
2020-04-10 02:45:00,25.6985,32.09169907391129
2020-04-10 03:00:00,25.4785,31.665102923387273
2020-04-10 03:15:00,25.4785,31.508320435102824
2020-04-10 03:30:00,25.4785,31.70776245258933
2020-04-10 03:45:00,25.4785,30.869580807218494
2020-04-10 04:00:00,25.259,31.305949708702194
2020-04-10 04:15:00,25.259,31.45188949048532
2020-04-10 04:30:00,25.259,31.42691297784105
2020-04-10 04:45:00,25.039,32.06584714000349
2020-04-10 05:00:00,24.8195,32.36371831177472
2020-04-10 05:15:00,24.6,31.58344272260987
2020-04-10 05:30:00,24.16,32.11654268981773
2020-04-10 05:45:00,24.16,31.76462199207025
2020-04-10 06:00:00,23.721,31.482890527720507
2020-04-10 06:15:00,23.721,32.850801043120846
2020-04-10 06:30:00,23.501,31.942019849301655
2020-04-10 06:45:00,23.501,31.587385300227844
2020-04-10 07:00:00,23.501,31.953019819617566
2020-04-10 07:15:00,23.721,31.793093112918232
2020-04-10 07:30:00,24.38,31.961749267905144
2020-04-10 07:45:00,25.259,31.98611481432949
2020-04-10 08:00:00,25.918,30.848198573413534
2020-04-10 08:15:00,26.7965,31.43000871567032
2020-04-10 08:30:00,27.6755,30.796256703254922
2020-04-10 08:45:00,28.335,30.685328448212054
2020-04-10 09:00:00,28.9945,31.230034723875512
2020-04-10 09:15:00,29.873,31.352751024795776
2020-04-10 09:30:00,30.9715,31.191405412834513
2020-04-10 09:45:00,32.07,31.9556954739643
2020-04-10 10:00:00,33.169,31.92331840091827
2020-04-10 10:15:00,34.048,31.82708810749204
2020-04-10 10:30:00,34.9265,32.04798934205194
2020-04-10 10:45:00,35.586,31.538608565153933
2020-04-10 11:00:00,36.4645,32.09854468485711
2020-04-10 11:15:00,37.124,31.210185138112713
2020-04-10 11:30:00,37.5635,31.691153454113977
2020-04-10 11:45:00,38.2225,31.274978191719804
2020-04-10 12:00:00,38.442,31.9091185149855
2020-04-10 12:15:00,38.882,32.624686378958835
2020-04-10 12:30:00,38.662,32.44906849429203
2020-04-10 12:45:00,39.1015,32.57233032694867
2020-04-10 13:00:00,39.761,32.4533852801646
2020-04-10 13:15:00,39.7605,32.53054344827643
2020-04-10 13:30:00,40.2,32.75057428881895
2020-04-10 13:45:00,41.079,32.97640321521047
2020-04-10 14:00:00,41.5185,33.98373842034131
2020-04-10 14:15:00,41.958,34.683175973331785
2020-04-10 14:30:00,42.1775,34.000326517023275
2020-04-10 14:45:00,42.3975,34.672288810519404
2020-04-10 15:00:00,42.3975,34.04951551116884
2020-04-10 15:15:00,42.3975,33.82291542086861
2020-04-10 15:30:00,42.3975,34.54165231369124
2020-04-10 15:45:00,41.958,34.98617872479771
2020-04-10 16:00:00,41.5185,35.05763850232417
2020-04-10 16:15:00,41.079,35.2285016906142
2020-04-10 16:30:00,40.859,35.121378128311115
2020-04-10 16:45:00,40.42,35.253394324686866
2020-04-10 17:00:00,39.98,34.020637791544836
2020-04-10 17:15:00,39.541,35.02129838742353
2020-04-10 17:30:00,39.0775,34.87271637787773
2020-04-10 17:45:00,39.0775,35.82089372768494
2020-04-10 18:00:00,38.6375,34.92978336707119
2020-04-10 18:15:00,38.1985,35.2090456896478
2020-04-10 18:30:00,37.7585,35.05915816225925
2020-04-10 18:45:00,37.3195,34.78665344298135
2020-04-10 19:00:00,36.8795,34.81939173332656
2020-04-10 19:15:00,36.4405,35.19286750748573
2020-04-10 19:30:00,36.001,35.38051057775471
2020-04-10 19:45:00,35.3415,34.6150529379624
2020-04-10 20:00:00,34.6825,34.85131540269301
2020-04-10 20:15:00,34.2435,34.43638613835521
2020-04-10 20:30:00,33.8035,34.44087229145054
2020-04-10 20:45:00,33.1445,34.20603940356269
2020-04-10 21:00:00,32.9245,34.51404350751069
2020-04-10 21:15:00,32.705,34.23915379459899
2020-04-10 21:30:00,32.4855,34.14158202612213
2020-04-10 21:45:00,32.2655,34.83374993409764
2020-04-10 22:00:00,32.0455,33.70878495058113
2020-04-10 22:15:00,31.826,34.068404956906605
2020-04-10 22:30:00,31.6065,33.36031404686235
2020-04-10 22:45:00,31.3865,34.82062069692655
2020-04-10 23:00:00,31.167,33.55050641738088
2020-04-10 23:15:00,30.9475,33.70022364897209
2020-04-10 23:30:00,30.9475,34.03952811293594
2020-04-10 23:45:00,30.9475,33.996859314116726
2020-04-11 00:00:00,30.7275,33.830548207371706
2020-04-11 00:15:00,30.5075,34.03577078113381
2020-04-11 00:30:00,30.5075,34.06161514898549
2020-04-11 00:45:00,30.5075,33.59615967458975
2020-04-11 01:00:00,30.5075,33.81709874338599
2020-04-11 01:15:00,30.5075,33.34454975051707
2020-04-11 01:30:00,30.288,33.924183649410665
2020-04-11 01:45:00,30.0685,33.463444978269436
2020-04-11 02:00:00,30.0685,33.553560946672185
2020-04-11 02:15:00,29.8485,33.96714426242464
2020-04-11 02:30:00,29.629,34.06177117950146
2020-04-11 02:45:00,29.4095,33.90926086212973
2020-04-11 03:00:00,28.9695,33.17599691506211
2020-04-11 03:15:00,28.9695,32.697812300934935
2020-04-11 03:30:00,28.75,32.088852830144276
2020-04-11 03:45:00,28.5305,32.378654653595724
2020-04-11 04:00:00,28.3105,32.62715548323834
2020-04-11 04:15:00,28.3105,33.097288729807964
2020-04-11 04:30:00,28.0905,33.65826884270545
2020-04-11 04:45:00,27.871,33.78965497006523
2020-04-11 05:00:00,27.6515,33.43753205134919
2020-04-11 05:15:00,27.6515,33.20795079812771
2020-04-11 05:30:00,27.4315,33.021168851573336
2020-04-11 05:45:00,27.212,32.52810980294664
2020-04-11 06:00:00,27.212,32.87535601990592
2020-04-11 06:15:00,27.212,32.25197607199883
2020-04-11 06:30:00,26.7725,33.011259192934546
2020-04-11 06:45:00,26.7725,32.462064744136576
2020-04-11 07:00:00,26.7725,32.72078454328933
2020-04-11 07:15:00,27.212,32.54453292338569
2020-04-11 07:30:00,27.4315,32.58795186747251
2020-04-11 07:45:00,28.0905,31.944801211356655
2020-04-11 08:00:00,28.5305,31.638759227895793
2020-04-11 08:15:00,28.9695,32.10518115767556
2020-04-11 08:30:00,29.4095,32.3948780794605
2020-04-11 08:45:00,30.288,32.43476567835791
2020-04-11 09:00:00,31.167,32.68986866331855
2020-04-11 09:15:00,31.6065,32.86274450031102
2020-04-11 09:30:00,32.0455,32.444285385346944
2020-04-11 09:45:00,32.9245,32.00016563286311
2020-04-11 10:00:00,33.8035,32.529668001428405
2020-04-11 10:15:00,34.2435,33.77348067729142
2020-04-11 10:30:00,34.902,33.52433258522433
2020-04-11 10:45:00,35.5615,33.90099332728023
2020-04-11 11:00:00,36.001,34.46448965223988
2020-04-11 11:15:00,36.6605,33.9627660341356
2020-04-11 11:30:00,36.88,34.76224049623845
2020-04-11 11:45:00,37.3195,34.237026621794634
2020-04-11 12:00:00,37.9785,34.0510026613694
2020-04-11 12:15:00,38.418,33.68572492401282
2020-04-11 12:30:00,38.418,33.6769378133563
2020-04-11 12:45:00,39.077,34.30665511568059
2020-04-11 13:00:00,39.5165,34.42709541216066
2020-04-11 13:15:00,39.7365,34.92281982536599
2020-04-11 13:30:00,39.956,35.20186632297537
2020-04-11 13:45:00,39.956,34.97130391172644
2020-04-11 14:00:00,39.956,35.47672752962855
2020-04-11 14:15:00,39.5165,35.29169920788527
2020-04-11 14:30:00,39.5165,34.91086137600366
2020-04-11 14:45:00,39.5165,35.31956312202632
2020-04-11 15:00:00,39.297,35.288958271843605
2020-04-11 15:15:00,39.297,35.823030073350765
2020-04-11 15:30:00,38.8575,35.662319395261946
2020-04-11 15:45:00,38.418,35.875577493276815
2020-04-11 16:00:00,38.198,35.315781161473005
2020-04-11 16:15:00,37.759,35.33659074901714
2020-04-11 16:30:00,37.319,35.31497208126415
2020-04-11 16:45:00,36.66,35.647415063309616
2020-04-11 17:00:00,35.781,34.859079484738125
2020-04-11 17:15:00,35.342,35.36582117975392
2020-04-11 17:30:00,34.902,34.974260947065886
2020-04-11 17:45:00,34.2435,35.07474284756027
2020-04-11 18:00:00,33.584,35.16244299197364
2020-04-11 18:15:00,33.1445,35.33859059595738
2020-04-11 18:30:00,32.705,34.86323067571231
2020-04-11 18:45:00,32.2655,35.47256022935387
2020-04-11 19:00:00,32.0455,34.999303368666595
2020-04-11 19:15:00,31.6065,34.409201077371755
2020-04-11 19:30:00,31.167,34.10143947455189
2020-04-11 19:45:00,30.7275,33.76776368199628
2020-04-11 20:00:00,30.288,34.364851686274605
2020-04-11 20:15:00,30.068,34.36421996290026
2020-04-11 20:30:00,29.629,33.72700867487655
2020-04-11 20:45:00,29.4095,33.214144959535965
2020-04-11 21:00:00,28.9695,32.85241902260439
2020-04-11 21:15:00,28.9695,32.41380935052265
2020-04-11 21:30:00,28.5305,33.35369044895317
2020-04-11 21:45:00,28.5305,33.63502986107503
2020-04-11 22:00:00,28.0905,32.877581342926234
2020-04-11 22:15:00,28.0905,32.96102502551308
2020-04-11 22:30:00,28.0905,32.58252710691828
2020-04-11 22:45:00,28.0905,32.679160516997534
2020-04-11 23:00:00,27.871,32.804278595851116
2020-04-11 23:15:00,27.6515,33.32634439613062
2020-04-11 23:30:00,27.6515,33.993549546950675
2020-04-11 23:45:00,27.212,34.53999843387291
2020-04-12 00:00:00,27.212,34.088933331884135
2020-04-12 00:15:00,27.212,33.86404962590935
2020-04-12 00:30:00,26.9925,33.16978965378676
2020-04-12 00:45:00,26.7725,32.95177671511543
2020-04-12 01:00:00,26.7725,33.05987699028022
2020-04-12 01:15:00,26.5525,32.70170340820061
2020-04-12 01:30:00,26.5525,32.661199305188156
2020-04-12 01:45:00,26.333,33.2724872202188
2020-04-12 02:00:00,26.333,33.085212717608165
2020-04-12 02:15:00,26.333,32.96063997086079
2020-04-12 02:30:00,26.333,33.19150970140138
2020-04-12 02:45:00,26.1135,33.24424732834174
2020-04-12 03:00:00,25.8935,32.511997323076294
2020-04-12 03:15:00,25.8935,33.016635756733514
2020-04-12 03:30:00,25.674,32.128903753049705
2020-04-12 03:45:00,25.674,32.78589520888511
2020-04-12 04:00:00,25.674,32.901004333500865
2020-04-12 04:15:00,25.674,32.49394631412228
2020-04-12 04:30:00,25.674,32.90880434056659
2020-04-12 04:45:00,25.674,33.062406085658886
2020-04-12 05:00:00,25.674,32.99698663753242
2020-04-12 05:15:00,25.674,33.11990207476218
2020-04-12 05:30:00,25.4545,32.89828349778134
2020-04-12 05:45:00,25.4545,32.804883990066386
2020-04-12 06:00:00,25.4545,32.049605100068995
2020-04-12 06:15:00,25.4545,32.09063881656019
2020-04-12 06:30:00,25.2345,33.03735671410025
2020-04-12 06:45:00,25.0145,33.31387626599946
2020-04-12 07:00:00,25.0145,32.21677300681895
2020-04-12 07:15:00,25.0145,33.13075334274497
2020-04-12 07:30:00,25.0145,33.55634884711339
2020-04-12 07:45:00,25.0145,32.47453650488472
2020-04-12 08:00:00,25.2345,33.57553017379564
2020-04-12 08:15:00,25.2345,33.06330590921147
2020-04-12 08:30:00,25.2345,32.803675459612556
2020-04-12 08:45:00,25.4545,32.161447921701644
2020-04-12 09:00:00,25.4545,32.786796623796555
2020-04-12 09:15:00,25.4545,33.226364209775305
2020-04-12 09:30:00,25.674,32.4959232216555
2020-04-12 09:45:00,25.674,32.579591364011236
2020-04-12 10:00:00,25.674,31.9458608935692
2020-04-12 10:15:00,25.674,31.47687766440659
2020-04-12 10:30:00,25.674,32.06556516234694
2020-04-12 10:45:00,24.795,31.693874591745427
2020-04-12 11:00:00,23.4765,31.981303136995642
2020-04-12 11:15:00,23.037,32.302628616947416
2020-04-12 11:30:00,22.598,32.61092361528645
2020-04-12 11:45:00,22.378,32.67745351861482
2020-04-12 12:00:00,22.378,32.575908644655286
2020-04-12 12:15:00,23.2565,32.33056227058458
2020-04-12 12:30:00,23.916,32.49275729349263
2020-04-12 12:45:00,24.795,32.63764675842121
2020-04-12 13:00:00,25.674,32.68061583324118
2020-04-12 13:15:00,26.333,32.96417111651447
2020-04-12 13:30:00,26.5525,32.84627053556276
2020-04-12 13:45:00,26.5525,32.95109747224059
2020-04-12 14:00:00,26.7725,33.50836473430409
2020-04-12 14:15:00,26.7725,33.62377461703047
2020-04-12 14:30:00,26.7725,33.019530649965425
2020-04-12 14:45:00,26.7725,32.6704371110724
2020-04-12 15:00:00,26.7725,33.08601537074512
2020-04-12 15:15:00,26.7725,33.4890764263458
2020-04-12 15:30:00,26.553,32.95603892304336
2020-04-12 15:45:00,26.333,32.35139684609987
2020-04-12 16:00:00,26.333,32.66269011311926
2020-04-12 16:15:00,26.333,32.81454847332693
2020-04-12 16:30:00,26.333,32.33335947628838
2020-04-12 16:45:00,26.113,32.13716637279346
2020-04-12 17:00:00,25.8935,32.36135313154412
2020-04-12 17:15:00,25.8935,31.915884684120833
2020-04-12 17:30:00,25.8935,31.762068569118174
2020-04-12 17:45:00,25.8935,31.75634770712411
2020-04-12 18:00:00,25.8935,31.013171818207848
2020-04-12 18:15:00,25.8935,31.766327533041682
2020-04-12 18:30:00,25.674,32.456483650971705
2020-04-12 18:45:00,25.4545,32.17593913720436
2020-04-12 19:00:00,25.2345,31.96305268002352
2020-04-12 19:15:00,25.0145,31.635071999626046
2020-04-12 19:30:00,25.0145,30.516314169864902
2020-04-12 19:45:00,24.5755,31.415110664234323
2020-04-12 20:00:00,24.5755,30.85270690934499
2020-04-12 20:15:00,24.1355,31.3206244001464
2020-04-12 20:30:00,24.1355,30.81546394166131
2020-04-12 20:45:00,24.1355,30.475939265161223
2020-04-12 21:00:00,24.1355,30.55209307939292
2020-04-12 21:15:00,24.1355,30.674788810682067
2020-04-12 21:30:00,23.916,29.89707698664169
2020-04-12 21:45:00,23.916,29.994269848151244
2020-04-12 22:00:00,23.6965,30.900466899801128
2020-04-12 22:15:00,23.6965,31.404960218948037
2020-04-12 22:30:00,23.6965,30.844113225764918
2020-04-12 22:45:00,23.6965,30.678588645565412
2020-04-12 23:00:00,23.6965,30.223024696381135
2020-04-12 23:15:00,23.4765,30.889601513855105
2020-04-12 23:30:00,23.037,30.802642553026836
2020-04-12 23:45:00,23.037,31.243481792079084
2020-04-13 00:00:00,23.2565,30.95865951573457
2020-04-13 00:15:00,23.2565,31.679573894236373
2020-04-13 00:30:00,23.2565,32.304151973413695
2020-04-13 00:45:00,23.2565,32.347181761143425
2020-04-13 01:00:00,23.2565,32.284027909022356
2020-04-13 01:15:00,23.2565,31.839376228694967
2020-04-13 01:30:00,23.2565,32.28776133825939
2020-04-13 01:45:00,23.2565,32.45999736084323
2020-04-13 02:00:00,23.2565,32.62725795561503
2020-04-13 02:15:00,23.2565,32.91982231492935
2020-04-13 02:30:00,23.2565,32.48444366344223
2020-04-13 02:45:00,23.2565,32.641419159069564
2020-04-13 03:00:00,23.037,32.291379212965595
2020-04-13 03:15:00,23.037,32.07430506541389
2020-04-13 03:30:00,23.037,32.58743793450157
2020-04-13 03:45:00,22.8175,31.671811450007855
2020-04-13 04:00:00,22.8175,32.24019358681744
2020-04-13 04:15:00,22.8175,32.36878764221487
2020-04-13 04:30:00,22.598,32.108501395360996
2020-04-13 04:45:00,22.598,31.77426526385451
2020-04-13 05:00:00,22.598,32.37457984523192
2020-04-13 05:15:00,22.598,32.80721883482409
2020-04-13 05:30:00,22.598,32.60685144654394
2020-04-13 05:45:00,22.378,32.23442445680213
2020-04-13 06:00:00,22.378,31.92059512298664
2020-04-13 06:15:00,22.158,32.319473545282904
2020-04-13 06:30:00,21.719,31.71534281610292
2020-04-13 06:45:00,20.84,31.922684348463278
2020-04-13 07:00:00,19.961,33.1787560513382
2020-04-13 07:15:00,19.302,33.05256515578195
2020-04-13 07:30:00,18.862,32.965540890154564
2020-04-13 07:45:00,18.423,33.2074589018145
2020-04-13 08:00:00,18.203,32.34174786552298
2020-04-13 08:15:00,17.9835,32.27212840880556
2020-04-13 08:30:00,17.764,32.18385320237701
2020-04-13 08:45:00,17.764,31.624179040402442
2020-04-13 09:00:00,17.324,31.6693450289746
2020-04-13 09:15:00,17.324,32.56807624650717
2020-04-13 09:30:00,17.324,31.94001777023658
2020-04-13 09:45:00,17.324,32.03693523429315
2020-04-13 10:00:00,17.764,32.379122832770946
2020-04-13 10:15:00,18.6425,33.538374636023754
2020-04-13 10:30:00,19.3015,33.859620103209735
2020-04-13 10:45:00,19.961,34.18716115470177
2020-04-13 11:00:00,20.4005,34.53061464884613
2020-04-13 11:15:00,20.84,34.17331033699263
2020-04-13 11:30:00,21.2795,34.22096803512109
2020-04-13 11:45:00,21.7185,33.96268872432488
2020-04-13 12:00:00,21.7185,33.651373707944096
2020-04-13 12:15:00,22.1585,33.17202780245863
2020-04-13 12:30:00,22.378,33.14203491617169
2020-04-13 12:45:00,22.8175,33.17206762202385
2020-04-13 13:00:00,23.037,33.86207610950541
2020-04-13 13:15:00,23.4765,34.10766189232861
2020-04-13 13:30:00,23.4765,34.28067781080954
2020-04-13 13:45:00,23.916,34.10808534790109
2020-04-13 14:00:00,23.916,34.305537103440685
2020-04-13 14:15:00,24.1355,33.84366413162605
2020-04-13 14:30:00,24.1355,33.62099848085514
2020-04-13 14:45:00,24.1355,33.40217898007828
2020-04-13 15:00:00,24.3555,33.28244992712551
2020-04-13 15:15:00,24.795,33.52728129524957
2020-04-13 15:30:00,24.795,33.57430991423694
2020-04-13 15:45:00,24.3555,33.63534028781357
2020-04-13 16:00:00,24.3555,33.32956853666728
2020-04-13 16:15:00,24.3555,33.459697724822526
2020-04-13 16:30:00,24.3555,34.12981042506622
2020-04-13 16:45:00,24.3555,33.19723163083236
2020-04-13 17:00:00,24.3555,32.70109279654352
2020-04-13 17:15:00,24.3555,33.33295941550811
2020-04-13 17:30:00,24.3555,32.68109458024854
2020-04-13 17:45:00,24.3555,33.43713057236878
2020-04-13 18:00:00,24.3555,32.41435111373498
2020-04-13 18:15:00,24.3555,33.38581373401601
2020-04-13 18:30:00,24.1355,32.83634390309593
2020-04-13 18:45:00,23.4765,32.260727901217464
2020-04-13 19:00:00,23.037,31.810643329135225
2020-04-13 19:15:00,22.598,32.015135204194024
2020-04-13 19:30:00,22.158,31.885718403761484
2020-04-13 19:45:00,21.719,32.05678834036232
2020-04-13 20:00:00,21.499,32.48533184516683
2020-04-13 20:15:00,21.0595,32.564508753916265
2020-04-13 20:30:00,21.0595,32.21127701010829
2020-04-13 20:45:00,20.6205,33.096609693285615
2020-04-13 21:00:00,20.6205,32.15569117795654
2020-04-13 21:15:00,20.6205,31.559402821738445
2020-04-13 21:30:00,20.1805,31.864707310656097
2020-04-13 21:45:00,19.961,31.805455996538186
2020-04-13 22:00:00,19.7415,31.98836887927231
2020-04-13 22:15:00,19.7415,32.31876489901851
2020-04-13 22:30:00,19.7415,31.993825010737417
2020-04-13 22:45:00,19.961,31.451632892202234
2020-04-13 23:00:00,19.961,31.509884086310116
2020-04-13 23:15:00,19.961,31.98734206078738
2020-04-13 23:30:00,19.7415,31.860529752333168
2020-04-13 23:45:00,19.3015,30.89886835429574
2020-04-14 00:00:00,19.082,31.536817539251107
2020-04-14 00:15:00,19.082,32.80573327765431
2020-04-14 00:30:00,19.082,31.881963046269544
2020-04-14 00:45:00,19.082,32.76466500467656
2020-04-14 01:00:00,19.082,33.045250011585715
2020-04-14 01:15:00,18.6425,32.76321998338803
2020-04-14 01:30:00,18.6425,32.70163315048487
2020-04-14 01:45:00,18.6425,32.24009632167246
2020-04-14 02:00:00,18.203,32.53564150737591
2020-04-14 02:15:00,18.203,32.705033967061105
2020-04-14 02:30:00,18.203,32.672387070545476
2020-04-14 02:45:00,17.764,32.45669110218153
2020-04-14 03:00:00,17.764,32.20668689496152
2020-04-14 03:15:00,17.764,31.905150658463544
2020-04-14 03:30:00,17.764,32.04981570282037
2020-04-14 03:45:00,17.764,32.08989553277917
2020-04-14 04:00:00,17.764,32.10928305365712
2020-04-14 04:15:00,17.764,32.70178315470487
2020-04-14 04:30:00,17.764,32.27758878526341
2020-04-14 04:45:00,17.764,32.33421364021482
2020-04-14 05:00:00,17.764,33.02036634255292
2020-04-14 05:15:00,17.544,32.47141170021326
2020-04-14 05:30:00,17.1045,31.85858488357112
2020-04-14 05:45:00,16.665,32.59218630473622
2020-04-14 06:00:00,16.4455,31.388241607874093
2020-04-14 06:15:00,16.4455,31.174465817777413
2020-04-14 06:30:00,16.4455,31.575003065210925
2020-04-14 06:45:00,16.4455,31.468130203399337
2020-04-14 07:00:00,16.4455,31.085176101327175
2020-04-14 07:15:00,16.4455,31.619548404995836
2020-04-14 07:30:00,16.4455,31.42557896701897
2020-04-14 07:45:00,16.4455,31.79596056056487
2020-04-14 08:00:00,16.4455,31.445986477990004
2020-04-14 08:15:00,16.4455,31.558961580638528
2020-04-14 08:30:00,16.2255,30.42970089898921
2020-04-14 08:45:00,16.2255,30.41362537916911
2020-04-14 09:00:00,16.2255,31.09507049106668
2020-04-14 09:15:00,16.2255,31.412658946700766
2020-04-14 09:30:00,16.2255,32.09707067226318
2020-04-14 09:45:00,16.2255,32.374604917726344
2020-04-14 10:00:00,16.4455,32.49964391838941
2020-04-14 10:15:00,16.4455,32.521379814053965
2020-04-14 10:30:00,16.665,32.81051618030614
2020-04-14 10:45:00,16.8845,32.21727622389296
2020-04-14 11:00:00,16.8845,31.923586226130446
2020-04-14 11:15:00,16.8845,31.75681015396553
2020-04-14 11:30:00,17.1045,32.59205086217936
2020-04-14 11:45:00,17.1045,32.713736732357944
2020-04-14 12:00:00,17.1045,32.02198836586057
2020-04-14 12:15:00,17.1045,31.23922157538922
2020-04-14 12:30:00,17.1045,31.6153537736178
2020-04-14 12:45:00,17.324,31.21090735949058
2020-04-14 13:00:00,17.544,31.965177816089177
2020-04-14 13:15:00,17.544,31.969632927464186
2020-04-14 13:30:00,17.544,31.68809605405953
2020-04-14 13:45:00,17.544,32.092865400933675
2020-04-14 14:00:00,17.7635,32.22102022929835
2020-04-14 14:15:00,17.7635,32.67468865946173
2020-04-14 14:30:00,18.423,32.80784699761424
2020-04-14 14:45:00,19.302,31.92694556771949
2020-04-14 15:00:00,20.181,32.50738955761734
2020-04-14 15:15:00,20.181,31.780040010546138
2020-04-14 15:30:00,20.4005,32.900376599537566
2020-04-14 15:45:00,20.4005,32.753291866563636
2020-04-14 16:00:00,20.181,33.4250667603204
2020-04-14 16:15:00,20.181,32.65377271071646
2020-04-14 16:30:00,19.741,32.40110449020414
2020-04-14 16:45:00,19.302,32.94241269096613
2020-04-14 17:00:00,18.862,32.35407475895661
2020-04-14 17:15:00,18.862,32.91811090729818
2020-04-14 17:30:00,18.862,32.77889687479684
2020-04-14 17:45:00,18.862,32.824770200992454
2020-04-14 18:00:00,18.6425,32.31461974497848
2020-04-14 18:15:00,18.6425,32.35376855495218
2020-04-14 18:30:00,18.6425,32.19791861819191
2020-04-14 18:45:00,18.6425,32.83014609772874
2020-04-14 19:00:00,18.6425,32.25483628548247
2020-04-14 19:15:00,18.8625,32.692365421354594
2020-04-14 19:30:00,18.8625,32.48747935338763
2020-04-14 19:45:00,18.8625,31.49800056289404
2020-04-14 20:00:00,18.8625,32.30986921727485
2020-04-14 20:15:00,18.8625,31.73398393578758
2020-04-14 20:30:00,18.8625,32.06233841075753
2020-04-14 20:45:00,18.8625,32.296267205737216
2020-04-14 21:00:00,18.8625,31.78502762406367
2020-04-14 21:15:00,18.8625,31.648808824707107
2020-04-14 21:30:00,18.8625,32.912961591232765
2020-04-14 21:45:00,18.8625,33.177413484672144
2020-04-14 22:00:00,18.8625,33.56871078006971
2020-04-14 22:15:00,18.6425,33.129020573324354
2020-04-14 22:30:00,18.6425,33.335030910899796
2020-04-14 22:45:00,18.6425,34.433337257785276
2020-04-14 23:00:00,18.4225,34.019796459080474
2020-04-14 23:15:00,18.4225,34.04405759051817
2020-04-14 23:30:00,18.4225,32.89256438733315
2020-04-14 23:45:00,18.4225,32.97517962936982
2020-04-15 00:00:00,18.4225,33.078406506145726
2020-04-15 00:15:00,18.4225,32.76792919570101
2020-04-15 00:30:00,17.9835,32.72076716462966
2020-04-15 00:45:00,17.9835,31.696067340736082
2020-04-15 01:00:00,17.9835,30.969666036805087
2020-04-15 01:15:00,17.9835,30.9476945152775
2020-04-15 01:30:00,17.764,31.379994364240112
2020-04-15 01:45:00,17.764,31.26108887300676
2020-04-15 02:00:00,17.764,31.24292322499577
2020-04-15 02:15:00,17.764,30.944633039054235
2020-04-15 02:30:00,17.544,30.727151817201054
2020-04-15 02:45:00,17.544,29.72284942643751
2020-04-15 03:00:00,17.324,29.057590358039256
2020-04-15 03:15:00,17.324,29.216005431245136
2020-04-15 03:30:00,17.324,28.939418746953777
2020-04-15 03:45:00,17.324,29.25343985000449
2020-04-15 04:00:00,17.1045,29.136190427735265
2020-04-15 04:15:00,16.885,29.226125872234356
2020-04-15 04:30:00,16.665,29.806794951036355
2020-04-15 04:45:00,16.665,29.142484808715686
2020-04-15 05:00:00,16.445,29.386820344572833
2020-04-15 05:15:00,16.2255,29.670460034840758
2020-04-15 05:30:00,16.006,29.48033904483
2020-04-15 05:45:00,15.7865,29.438343211243374
2020-04-15 06:00:00,15.7865,28.938707893541785
2020-04-15 06:15:00,15.5665,29.079595769884456
2020-04-15 06:30:00,15.5665,28.939771199610295
2020-04-15 06:45:00,15.5665,28.588117779541562
2020-04-15 07:00:00,15.5665,28.647849848372058
2020-04-15 07:15:00,15.7865,29.637116394389135
2020-04-15 07:30:00,16.2255,30.39544887006629
2020-04-15 07:45:00,16.8845,29.735826989467498
2020-04-15 08:00:00,17.544,29.99319792060786
2020-04-15 08:15:00,18.203,30.326147131126188
2020-04-15 08:30:00,18.8625,29.38611303172637
2020-04-15 08:45:00,19.5215,29.536988618570636
2020-04-15 09:00:00,20.4005,29.873291100621334
2020-04-15 09:15:00,21.2795,29.521709609093897
2020-04-15 09:30:00,21.9385,29.188385846761996
2020-04-15 09:45:00,23.2565,29.819678522142983
2020-04-15 10:00:00,24.1355,29.720306425597567
2020-04-15 10:15:00,25.4545,30.26705348798111
2020-04-15 10:30:00,26.333,31.473984292847483
2020-04-15 10:45:00,26.9925,30.393009565419757
2020-04-15 11:00:00,27.8715,30.79911259371274
2020-04-15 11:15:00,28.5305,31.11605516109702
2020-04-15 11:30:00,29.1895,32.292929757490725
2020-04-15 11:45:00,29.8485,32.42490924344825
2020-04-15 12:00:00,30.508,33.57926276994084
2020-04-15 12:15:00,31.167,32.99448127332542
2020-04-15 12:30:00,31.167,33.30687099230222
2020-04-15 12:45:00,31.8265,33.810479991725934
2020-04-15 13:00:00,32.4855,33.884398984493245
2020-04-15 13:15:00,32.705,33.12966633870153
2020-04-15 13:30:00,33.584,32.78589132704031
2020-04-15 13:45:00,34.2435,32.61119795934863
2020-04-15 14:00:00,35.122,32.73493604899598
2020-04-15 14:15:00,35.342,33.34155794444567
2020-04-15 14:30:00,35.5615,33.83270959805498
2020-04-15 14:45:00,36.001,34.1180123232447
2020-04-15 15:00:00,36.001,33.97350085431638
2020-04-15 15:15:00,36.001,34.27434412325275
2020-04-15 15:30:00,35.5615,33.48212342510275
2020-04-15 15:45:00,34.902,34.209585039301835
2020-04-15 16:00:00,34.4625,33.963840627807805
2020-04-15 16:15:00,33.804,33.8846061381399
2020-04-15 16:30:00,33.364,33.416987367737214
2020-04-15 16:45:00,32.705,34.41252902354352
2020-04-15 17:00:00,32.046,34.001264853739215
2020-04-15 17:15:00,31.6065,33.80164999923907
2020-04-15 17:30:00,31.167,33.49474112022718
2020-04-15 17:45:00,30.508,33.25329527250649
2020-04-15 18:00:00,30.068,33.28973770530745
2020-04-15 18:15:00,29.629,33.4070913243466
2020-04-15 18:30:00,29.1895,34.650942981393925
2020-04-15 18:45:00,28.3105,33.73202522086487
2020-04-15 19:00:00,27.871,32.62038135192642
2020-04-15 19:15:00,26.992,32.78307001262514
2020-04-15 19:30:00,26.333,32.89780550837814
2020-04-15 19:45:00,25.4545,32.235895814908815
2020-04-15 20:00:00,25.0145,32.91888193957493
2020-04-15 20:15:00,24.1355,32.456676526842095
2020-04-15 20:30:00,23.6965,32.428335500704115
2020-04-15 20:45:00,23.2565,32.348720643838256
2020-04-15 21:00:00,22.8175,32.47448749321048
2020-04-15 21:15:00,22.378,32.17927704209864
2020-04-15 21:30:00,21.9385,31.7290605225735
2020-04-15 21:45:00,21.499,32.075687539353616
2020-04-15 22:00:00,21.0595,31.99384324934105
2020-04-15 22:15:00,20.6205,32.66530394359861
2020-04-15 22:30:00,20.6205,32.21307633444308
2020-04-15 22:45:00,20.1805,31.60915940782994
2020-04-15 23:00:00,19.7415,31.591158815908837
2020-04-15 23:15:00,19.7415,31.486165973100153
2020-04-15 23:30:00,19.3015,31.308076508470947
2020-04-15 23:45:00,19.082,31.753827012542033
2020-04-16 00:00:00,18.8625,32.35248693741923
2020-04-16 00:15:00,18.4225,31.876324434848105
2020-04-16 00:30:00,18.4225,32.25821812824562
2020-04-16 00:45:00,18.203,31.683207018334233
2020-04-16 01:00:00,17.9835,32.21162903084429
2020-04-16 01:15:00,17.764,32.375519080664034
2020-04-16 01:30:00,17.544,32.39668446954384
2020-04-16 01:45:00,17.324,32.380726911645155
2020-04-16 02:00:00,17.1045,32.67105127907778
2020-04-16 02:15:00,17.1045,32.55412721748698
2020-04-16 02:30:00,16.885,31.957668305333232
2020-04-16 02:45:00,16.665,32.45114005228865
2020-04-16 03:00:00,16.665,31.36200715887679
2020-04-16 03:15:00,16.445,31.15119143140471
2020-04-16 03:30:00,16.2255,31.406089339029265
2020-04-16 03:45:00,16.2255,31.375796088905155
2020-04-16 04:00:00,16.006,31.695317723255663
2020-04-16 04:15:00,15.7865,31.640328010711805
2020-04-16 04:30:00,15.7865,31.951010703930812
2020-04-16 04:45:00,15.7865,32.57030395978146
2020-04-16 05:00:00,15.5665,32.042565513150706
2020-04-16 05:15:00,15.3465,31.3025599976094
2020-04-16 05:30:00,15.3465,31.41478813168463
2020-04-16 05:45:00,15.3465,31.534924505922447
2020-04-16 06:00:00,15.3465,30.642327073905335
2020-04-16 06:15:00,15.3465,31.178599517985845
2020-04-16 06:30:00,15.3465,30.678512557173
2020-04-16 06:45:00,15.7865,30.572906890422193
2020-04-16 07:00:00,15.7865,30.90661130528662
2020-04-16 07:15:00,16.2255,31.389439486279603
2020-04-16 07:30:00,16.665,31.288732671434232
2020-04-16 07:45:00,17.1045,31.171636534514782
2020-04-16 08:00:00,17.544,31.18669655928981
2020-04-16 08:15:00,17.9835,31.14442572404616
2020-04-16 08:30:00,18.6425,31.45618100312227
2020-04-16 08:45:00,19.3015,30.589501158112018
2020-04-16 09:00:00,19.961,29.98003994946938
2020-04-16 09:15:00,20.6205,29.275143148475607
2020-04-16 09:30:00,21.0595,28.438958238864544
2020-04-16 09:45:00,21.499,29.03836087407274
2020-04-16 10:00:00,22.378,29.071920889763213
2020-04-16 10:15:00,23.037,29.53482611304001
2020-04-16 10:30:00,23.4765,29.17130595929416
2020-04-16 10:45:00,24.1355,30.248949826115318
2020-04-16 11:00:00,24.5755,30.45123266470911
2020-04-16 11:15:00,25.2345,30.943894250066066
2020-04-16 11:30:00,25.8935,31.7316714762772
2020-04-16 11:45:00,26.553,31.815048754538967
2020-04-16 12:00:00,26.7725,31.99446819061626
2020-04-16 12:15:00,26.7725,31.86555624801665
2020-04-16 12:30:00,26.7725,32.20844724701062
2020-04-16 12:45:00,26.9925,32.49673553213409
2020-04-16 13:00:00,27.4315,32.71252593750526
2020-04-16 13:15:00,27.651,31.772480427423602
2020-04-16 13:30:00,27.4315,31.47051084270087
2020-04-16 13:45:00,27.4315,31.685777739212554
2020-04-16 14:00:00,27.4315,31.884947818527124
2020-04-16 14:15:00,27.651,31.81719028085966
2020-04-16 14:30:00,28.091,32.39850574470425
2020-04-16 14:45:00,28.53,31.887990209883228
2020-04-16 15:00:00,29.1895,32.448410294298895
2020-04-16 15:15:00,29.1895,32.21477891418313
2020-04-16 15:30:00,29.629,33.07322473781533
2020-04-16 15:45:00,29.849,32.31910737984764
2020-04-16 16:00:00,29.849,32.272039973957106
2020-04-16 16:15:00,29.8485,31.99892442795217
2020-04-16 16:30:00,29.8485,32.23987212409108
2020-04-16 16:45:00,29.8485,31.945422081741075
2020-04-16 17:00:00,29.4095,32.05654630883611
2020-04-16 17:15:00,29.1895,32.14347307899073
2020-04-16 17:30:00,28.75,32.375160693904455
2020-04-16 17:45:00,28.5305,32.44010024449612
2020-04-16 18:00:00,28.091,31.44941770610409
2020-04-16 18:15:00,27.871,32.3984416310282
2020-04-16 18:30:00,27.4315,31.596176335152123
2020-04-16 18:45:00,26.7725,31.520565095872655
2020-04-16 19:00:00,26.1135,32.057354307941374
2020-04-16 19:15:00,25.4545,31.986558679727175
2020-04-16 19:30:00,24.795,33.041285334648286
2020-04-16 19:45:00,24.1355,32.24309372096743
2020-04-16 20:00:00,23.6965,32.35437210939778
2020-04-16 20:15:00,23.2565,32.538744526508815
2020-04-16 20:30:00,22.8175,32.174903701549894
2020-04-16 20:45:00,22.378,31.984455142374998
2020-04-16 21:00:00,21.9385,31.37634093330211
2020-04-16 21:15:00,21.499,31.677108207237147
2020-04-16 21:30:00,21.0595,31.286772788866017
2020-04-16 21:45:00,20.6205,32.02815032201542
2020-04-16 22:00:00,20.4005,32.05599838246298
2020-04-16 22:15:00,20.1805,31.97672226719932
2020-04-16 22:30:00,20.1805,31.25003482644595
2020-04-16 22:45:00,19.961,32.028253354724335
2020-04-16 23:00:00,19.961,31.345746017426958
2020-04-16 23:15:00,19.961,30.676574597823183
2020-04-16 23:30:00,19.961,31.658720202775037
2020-04-16 23:45:00,19.741,32.68268161636326
2020-04-17 00:00:00,19.5215,32.58880816296178
2020-04-17 00:15:00,19.5215,32.26693802451054
2020-04-17 00:30:00,19.5215,31.875711848398055
2020-04-17 00:45:00,19.5215,31.531558757533155
2020-04-17 01:00:00,19.5215,30.123496975650713
2020-04-17 01:15:00,19.5215,30.80275767521018
2020-04-17 01:30:00,19.3015,30.2404226657457
2020-04-17 01:45:00,18.8625,30.581547909954736
2020-04-17 02:00:00,18.8625,29.97796004632028
2020-04-17 02:15:00,18.6425,30.192586633241937
2020-04-17 02:30:00,18.4225,29.56427208197213
2020-04-17 02:45:00,18.4225,29.55909188697354
2020-04-17 03:00:00,18.203,30.0039375678252
2020-04-17 03:15:00,17.9835,29.460884858578144
2020-04-17 03:30:00,17.9835,29.300518031610387
2020-04-17 03:45:00,17.9835,29.158548828306536
2020-04-17 04:00:00,17.9835,29.435395252420804
2020-04-17 04:15:00,17.7635,28.872012854812564
2020-04-17 04:30:00,17.7635,28.856526637821897
2020-04-17 04:45:00,17.7635,28.961295235153013
2020-04-17 05:00:00,17.7635,28.194430864656304
2020-04-17 05:15:00,17.7635,27.585345109246994
2020-04-17 05:30:00,17.544,27.5052904647701
2020-04-17 05:45:00,17.544,27.902362440267243
2020-04-17 06:00:00,17.544,28.221851461918572
2020-04-17 06:15:00,17.544,28.717368210633666
2020-04-17 06:30:00,17.544,28.44172490323507
2020-04-17 06:45:00,17.544,29.24994243400355
2020-04-17 07:00:00,17.544,28.887543133358253
2020-04-17 07:15:00,17.7635,29.127688496737104
2020-04-17 07:30:00,18.203,29.1949976763913
2020-04-17 07:45:00,18.862,29.257901291234806
2020-04-17 08:00:00,19.302,28.583076550121042
2020-04-17 08:15:00,19.741,28.79904147099361
2020-04-17 08:30:00,20.4005,28.849680260848288
2020-04-17 08:45:00,21.0595,29.436678886443378
2020-04-17 09:00:00,21.9385,29.18321800349686
2020-04-17 09:15:00,22.3775,28.65777044121864
2020-04-17 09:30:00,23.2565,28.689172558237072
2020-04-17 09:45:00,24.1355,28.885093339039667
2020-04-17 10:00:00,25.0145,28.354021293842788
2020-04-17 10:15:00,26.1135,28.594957104569165
2020-04-17 10:30:00,26.9925,28.91572107864405
2020-04-17 10:45:00,27.871,28.79859373351135
2020-04-17 11:00:00,28.9695,28.546680296598748
2020-04-17 11:15:00,29.629,28.622043846321265
2020-04-17 11:30:00,30.0685,28.92817040147415
2020-04-17 11:45:00,30.947,29.19694147981907
2020-04-17 12:00:00,31.387,29.200667924527536
2020-04-17 12:15:00,32.046,28.63677480546169
2020-04-17 12:30:00,32.046,28.482365908833962
2020-04-17 12:45:00,33.1445,28.788233464207675
2020-04-17 13:00:00,33.364,28.603515882803716
2020-04-17 13:15:00,34.2435,28.552140808364634
2020-04-17 13:30:00,35.122,28.57516841210595
2020-04-17 13:45:00,35.7815,28.744605678259934
2020-04-17 14:00:00,36.4405,29.436589099370302
2020-04-17 14:15:00,37.0995,29.8870222473607
2020-04-17 14:30:00,37.319,29.551928424592283
2020-04-17 14:45:00,37.539,29.413607315401077
2020-04-17 15:00:00,37.759,29.64328169714732
2020-04-17 15:15:00,37.759,29.62560447546418
2020-04-17 15:30:00,37.539,29.57131954725433
2020-04-17 15:45:00,36.8795,28.82712829685756
2020-04-17 16:00:00,36.2205,28.957695532746826
2020-04-17 16:15:00,35.7815,28.23123759854167
2020-04-17 16:30:00,35.3415,27.933204844599924
2020-04-17 16:45:00,34.9025,27.30462246439438
2020-04-17 17:00:00,34.463,27.09356780765904
2020-04-17 17:15:00,34.0235,27.326162240260988
2020-04-17 17:30:00,33.584,27.56995033059842
2020-04-17 17:45:00,32.9245,27.25076305504854
2020-04-17 18:00:00,32.2655,26.906255056527208
2020-04-17 18:15:00,31.826,27.07449559784663
2020-04-17 18:30:00,31.167,26.445346578282894
2020-04-17 18:45:00,30.5075,26.622605463806735
2020-04-17 19:00:00,30.0685,26.77346640653837
2020-04-17 19:15:00,29.629,27.958365992688904
2020-04-17 19:30:00,29.1895,28.212088969845833
2020-04-17 19:45:00,28.5305,27.271313808562027
2020-04-17 20:00:00,28.0905,27.497883545591186
2020-04-17 20:15:00,27.6515,27.015224268546458
2020-04-17 20:30:00,27.212,27.531740167501255
2020-04-17 20:45:00,26.7725,28.059811872153155
2020-04-17 21:00:00,26.333,27.346097017954936
2020-04-17 21:15:00,25.8935,27.29740038685291
2020-04-17 21:30:00,25.674,27.104587128990154
2020-04-17 21:45:00,25.4545,25.402903746065128
2020-04-17 22:00:00,25.2345,25.805775851292076
2020-04-17 22:15:00,25.2345,25.782583887518516
2020-04-17 22:30:00,25.0145,25.951150697374732
2020-04-17 22:45:00,24.795,25.372705160390403
2020-04-17 23:00:00,24.795,25.71729466264385
2020-04-17 23:15:00,24.795,26.092037125234807
2020-04-17 23:30:00,24.5755,25.306533192794074
2020-04-17 23:45:00,24.5755,26.68796225715174
2020-04-18 00:00:00,24.3555,26.435663563559014
2020-04-18 00:15:00,24.3555,26.128765750783828
2020-04-18 00:30:00,24.1355,26.550198362409013
2020-04-18 00:45:00,23.916,26.190660672703792
2020-04-18 01:00:00,23.916,25.59458961629439
2020-04-18 01:15:00,23.6965,25.193462873133925
2020-04-18 01:30:00,23.6965,25.0512621389557
2020-04-18 01:45:00,23.4765,25.746369711828457
2020-04-18 02:00:00,23.4765,24.471785580357526
2020-04-18 02:15:00,23.2565,25.49910418722502
2020-04-18 02:30:00,23.2565,24.604685657378386
2020-04-18 02:45:00,23.2565,24.930893848557016
2020-04-18 03:00:00,23.037,24.829059066871658
2020-04-18 03:15:00,22.8175,24.019229250213638
2020-04-18 03:30:00,22.8175,23.800398689422895
2020-04-18 03:45:00,22.378,23.745776282760552
2020-04-18 04:00:00,22.378,23.85112140142671
2020-04-18 04:15:00,21.9385,23.18970892140135
2020-04-18 04:30:00,21.9385,23.09799289256984
2020-04-18 04:45:00,21.9385,22.70244857360866
2020-04-18 05:00:00,21.499,22.599980842634942
2020-04-18 05:15:00,21.499,22.30393633240478
2020-04-18 05:30:00,21.499,22.616247739245694
2020-04-18 05:45:00,21.279,22.81529478349127
2020-04-18 06:00:00,21.0595,23.446881603681526
2020-04-18 06:15:00,21.0595,23.010319528427264
2020-04-18 06:30:00,21.0595,24.072443450391585
2020-04-18 06:45:00,21.0595,23.90550972461374
2020-04-18 07:00:00,21.2795,23.050123158754886
2020-04-18 07:15:00,21.7185,23.03110754971977
2020-04-18 07:30:00,22.1585,23.229634874886923
2020-04-18 07:45:00,22.378,22.382962259363936
2020-04-18 08:00:00,22.817,22.230705742235262
2020-04-18 08:15:00,23.4765,23.510131409142158
2020-04-18 08:30:00,24.3555,23.268165719837384
2020-04-18 08:45:00,24.795,23.772913184577547
2020-04-18 09:00:00,25.4545,23.122019954368877
2020-04-18 09:15:00,26.1135,24.04422958674706
2020-04-18 09:30:00,26.992,23.900254800861337
2020-04-18 09:45:00,27.871,23.56617479654799
2020-04-18 10:00:00,28.9695,24.005414572703263
2020-04-18 10:15:00,29.849,24.131228201422445
2020-04-18 10:30:00,30.7275,24.674930431559087
2020-04-18 10:45:00,32.046,24.18844852408488
2020-04-18 11:00:00,32.705,24.65803317975159
2020-04-18 11:15:00,33.1445,24.941948367770067
2020-04-18 11:30:00,33.804,25.258592863507495
2020-04-18 11:45:00,34.0235,25.748540329671986
2020-04-18 12:00:00,34.463,26.851804558812443
2020-04-18 12:15:00,34.902,26.61640844148004
2020-04-18 12:30:00,34.9025,27.3758379880175
2020-04-18 12:45:00,35.5615,27.46316416166512
2020-04-18 13:00:00,36.2205,27.507508012556432
2020-04-18 13:15:00,36.44,27.481337908955236
2020-04-18 13:30:00,37.3195,27.877545154970623
2020-04-18 13:45:00,37.7585,28.47318202253008
2020-04-18 14:00:00,38.418,28.09351389877162
2020-04-18 14:15:00,38.8575,28.13917537879573
2020-04-18 14:30:00,39.297,28.080400462163023
2020-04-18 14:45:00,39.297,27.47198979331411
2020-04-18 15:00:00,39.517,27.72622516628285
2020-04-18 15:15:00,39.517,27.775091295599832
2020-04-18 15:30:00,39.517,27.69862211145121
2020-04-18 15:45:00,39.0775,27.904676574268347
2020-04-18 16:00:00,38.8575,27.560828544223252
2020-04-18 16:15:00,38.198,27.61140130726475
2020-04-18 16:30:00,37.759,27.499813864092513
2020-04-18 16:45:00,37.539,27.18563089686399
2020-04-18 17:00:00,37.319,27.626207286163172
2020-04-18 17:15:00,36.88,27.476039832605814
2020-04-18 17:30:00,36.44,27.907884834385293
2020-04-18 17:45:00,36.001,27.814766578940347
2020-04-18 18:00:00,35.5615,27.601376140027565
2020-04-18 18:15:00,35.122,27.222062603671525
2020-04-18 18:30:00,34.9025,27.210047834916377
2020-04-18 18:45:00,34.2435,27.50164658535931
2020-04-18 19:00:00,33.584,27.83018635201389
2020-04-18 19:15:00,32.9245,27.984456331257267
2020-04-18 19:30:00,32.4855,28.053283546189878
2020-04-18 19:45:00,31.826,27.80682432164229
2020-04-18 20:00:00,31.3865,27.089721079725862
2020-04-18 20:15:00,30.7275,26.80905566821027
2020-04-18 20:30:00,30.288,26.390157517850483
2020-04-18 20:45:00,29.8485,26.023076217176673
2020-04-18 21:00:00,29.4095,25.827256707611983
2020-04-18 21:15:00,29.1895,25.23195532848367
2020-04-18 21:30:00,28.75,25.289041938142596
2020-04-18 21:45:00,28.75,25.017056007394142
2020-04-18 22:00:00,28.5305,24.859335340308792
2020-04-18 22:15:00,28.3105,24.688446509894046
2020-04-18 22:30:00,28.3105,25.128894052939753
2020-04-18 22:45:00,28.3105,24.632356909076314
2020-04-18 23:00:00,28.3105,24.337630267743975
2020-04-18 23:15:00,27.871,24.58495060422098
2020-04-18 23:30:00,27.871,24.24470885304828
2020-04-18 23:45:00,27.871,24.747492692295975
2020-04-19 00:00:00,27.871,24.90134107921682
2020-04-19 00:15:00,27.871,24.553801970116115
2020-04-19 00:30:00,27.6515,25.397405718098526
2020-04-19 00:45:00,27.4315,24.332643374277076
2020-04-19 01:00:00,27.4315,24.50730929864299
2020-04-19 01:15:00,27.4315,24.413373213538957
2020-04-19 01:30:00,26.9925,24.696358915725586
2020-04-19 01:45:00,26.7725,25.318830486889347
2020-04-19 02:00:00,26.5525,25.345879564341953
2020-04-19 02:15:00,26.5525,25.1131849026774
2020-04-19 02:30:00,26.333,23.83704500650749
2020-04-19 02:45:00,25.8935,24.18189162845133
2020-04-19 03:00:00,25.4545,24.468596872650917
2020-04-19 03:15:00,25.0145,24.318599956378645
2020-04-19 03:30:00,25.0145,23.85104725601593
2020-04-19 03:45:00,24.5755,24.058153675765322
2020-04-19 04:00:00,24.5755,23.290893246752564
2020-04-19 04:15:00,24.1355,23.345178878063326
2020-04-19 04:30:00,24.1355,23.681304786233785
2020-04-19 04:45:00,23.6965,24.097927737822047
2020-04-19 05:00:00,23.6965,23.987282944050303
2020-04-19 05:15:00,23.2565,24.06158732375044
2020-04-19 05:30:00,23.2565,23.77222943928845
2020-04-19 05:45:00,23.2565,23.611993342095026
2020-04-19 06:00:00,22.8175,23.881850569777445
2020-04-19 06:15:00,22.8175,24.109753237573543
2020-04-19 06:30:00,22.8175,24.474543994875543
2020-04-19 06:45:00,23.037,24.08562058391265
2020-04-19 07:00:00,23.2565,24.315072747191017
2020-04-19 07:15:00,23.916,24.770004429226262
2020-04-19 07:30:00,24.3555,25.008967094595278
2020-04-19 07:45:00,24.795,25.04327595801045
2020-04-19 08:00:00,25.454,24.912690759258815
2020-04-19 08:15:00,25.894,25.03011594129741
2020-04-19 08:30:00,26.553,25.930557532739456
2020-04-19 08:45:00,27.2115,25.525612491034142
2020-04-19 09:00:00,28.0905,24.864864409232307
2020-04-19 09:15:00,28.9695,25.298291099577476
2020-04-19 09:30:00,29.629,24.771881791964017
2020-04-19 09:45:00,30.7275,25.379921354760018
2020-04-19 10:00:00,31.826,25.205129235508032
2020-04-19 10:15:00,32.925,25.955808458274145
2020-04-19 10:30:00,34.0235,25.362671827212864
2020-04-19 10:45:00,35.3415,25.56587966787179
2020-04-19 11:00:00,36.4405,27.178728109899428
2020-04-19 11:15:00,36.88,27.404550174617423
2020-04-19 11:30:00,37.539,27.72851071373544
2020-04-19 11:45:00,38.1985,28.04170055387826
2020-04-19 12:00:00,38.6375,27.36910482997943
2020-04-19 12:15:00,39.077,26.37035525106487
2020-04-19 12:30:00,39.077,27.1500583483937
2020-04-19 12:45:00,39.7365,26.436509475553066
2020-04-19 13:00:00,40.1755,25.972273265591046
2020-04-19 13:15:00,40.8345,25.734816837023015
2020-04-19 13:30:00,41.7135,26.118693926322994
2020-04-19 13:45:00,42.373,26.110523916795316
2020-04-19 14:00:00,42.8125,26.16405920811458
2020-04-19 14:15:00,43.252,26.54697016758748
2020-04-19 14:30:00,43.472,26.577048965015834
2020-04-19 14:45:00,43.6915,26.84308399077212
2020-04-19 15:00:00,43.911,26.975176590128626
2020-04-19 15:15:00,43.911,27.050161110769274
2020-04-19 15:30:00,43.472,26.843874975476922
2020-04-19 15:45:00,42.8125,26.832617387043204
2020-04-19 16:00:00,42.373,26.110653697081354
2020-04-19 16:15:00,41.9335,26.425044198003523
2020-04-19 16:30:00,41.494,26.430314389696704
2020-04-19 16:45:00,41.274,26.204625340563307
2020-04-19 17:00:00,40.835,25.90317071838847
2020-04-19 17:15:00,40.3955,26.153761368036875
2020-04-19 17:30:00,39.956,25.84079970240903
2020-04-19 17:45:00,39.7365,26.329813789214377
2020-04-19 18:00:00,39.297,26.539442514717734
2020-04-19 18:15:00,38.8575,26.30235990046057
2020-04-19 18:30:00,38.418,26.764629124350286
2020-04-19 18:45:00,37.7585,26.509065508330767
2020-04-19 19:00:00,37.0995,26.27079494318352
2020-04-19 19:15:00,36.66,25.991704245173885
2020-04-19 19:30:00,36.2205,25.51238137515153
2020-04-19 19:45:00,35.7815,25.872136818953056
2020-04-19 20:00:00,35.3415,26.164240286466523
2020-04-19 20:15:00,34.9025,25.110516447115074
2020-04-19 20:30:00,34.6825,25.644370249964773
2020-04-19 20:45:00,34.2435,26.10428223800651
2020-04-19 21:00:00,33.8035,26.175708782779374
2020-04-19 21:15:00,33.3645,27.531627075601367
2020-04-19 21:30:00,33.3645,26.65084383975545
2020-04-19 21:45:00,33.3645,26.358103016851405
2020-04-19 22:00:00,32.9245,27.053458730505042
2020-04-19 22:15:00,32.9245,27.146344068633912
2020-04-19 22:30:00,32.4855,27.212947568030987
2020-04-19 22:45:00,32.4855,26.970898820270225
2020-04-19 23:00:00,32.2655,26.829146069613156
2020-04-19 23:15:00,32.2655,27.394446860898338
2020-04-19 23:30:00,31.826,27.402372957466355
2020-04-19 23:45:00,31.826,27.211956303902866
2020-04-20 00:00:00,31.3865,27.2783426373705
2020-04-20 00:15:00,31.3865,27.328714073724303
2020-04-20 00:30:00,30.9475,26.505390244766296
2020-04-20 00:45:00,30.7275,26.940191443566043
2020-04-20 01:00:00,30.7275,26.88676647367521
2020-04-20 01:15:00,30.5075,26.460603200110466
2020-04-20 01:30:00,30.288,26.267222059179748
2020-04-20 01:45:00,30.288,25.976770737572703
2020-04-20 02:00:00,30.0685,26.645021543385962
2020-04-20 02:15:00,29.849,25.46149769333388
2020-04-20 02:30:00,29.849,26.36773871601361
2020-04-20 02:45:00,29.849,26.36981839478253
2020-04-20 03:00:00,29.629,26.012494572554907
2020-04-20 03:15:00,29.629,25.302407858764163
2020-04-20 03:30:00,29.1895,25.588622477830384
2020-04-20 03:45:00,29.1895,26.228449107030123
2020-04-20 04:00:00,28.9695,25.865135873509182
2020-04-20 04:15:00,28.75,26.74714578986916
2020-04-20 04:30:00,28.75,26.05000300844635
2020-04-20 04:45:00,28.3105,26.768703556880578
2020-04-20 05:00:00,28.3105,27.65769226422551
2020-04-20 05:15:00,27.871,26.51288354126028
2020-04-20 05:30:00,27.871,26.044676630126904
2020-04-20 05:45:00,27.6515,26.139060427969696
2020-04-20 06:00:00,27.212,25.799588513310418
2020-04-20 06:15:00,27.212,25.28842332711117
2020-04-20 06:30:00,27.212,25.698848710595705
2020-04-20 06:45:00,27.212,26.704022019554543
2020-04-20 07:00:00,27.212,27.39298933862578
2020-04-20 07:15:00,27.6515,26.84016721493182
2020-04-20 07:30:00,28.0905,26.18007953522692
2020-04-20 07:45:00,28.75,26.30378265800327
2020-04-20 08:00:00,29.1895,27.306268421000144
2020-04-20 08:15:00,29.629,25.933766518375634
2020-04-20 08:30:00,30.0685,27.675387690913702
2020-04-20 08:45:00,30.7275,27.072735321127084
2020-04-20 09:00:00,31.1665,27.723260063352317
2020-04-20 09:15:00,31.6065,25.90015089919016
2020-04-20 09:30:00,32.2655,25.422914227314145
2020-04-20 09:45:00,32.9245,25.397953542533703
2020-04-20 10:00:00,33.8035,25.824983366094408
2020-04-20 10:15:00,34.683,25.577209677132824
2020-04-20 10:30:00,35.5615,27.174701669834874
2020-04-20 10:45:00,36.001,27.99355432062998
2020-04-20 11:00:00,36.88,27.100988085901566
2020-04-20 11:15:00,37.539,28.243295769946833
2020-04-20 11:30:00,37.9785,28.308153199643982
2020-04-20 11:45:00,38.198,27.986515076541632
2020-04-20 12:00:00,38.418,28.311829490356534
2020-04-20 12:15:00,38.638,27.899663265294276
2020-04-20 12:30:00,38.6375,28.3720104177586
2020-04-20 12:45:00,38.8575,27.933323041176234
2020-04-20 13:00:00,39.517,27.448111696583076
2020-04-20 13:15:00,39.517,26.618182254642424
2020-04-20 13:30:00,40.3955,27.604831879888017
2020-04-20 13:45:00,41.0545,26.92835783574889
2020-04-20 14:00:00,41.9335,27.957056654619123
2020-04-20 14:15:00,42.373,27.642689027100825
2020-04-20 14:30:00,42.1535,27.729780965416094
2020-04-20 14:45:00,41.9335,26.984534758789184
2020-04-20 15:00:00,41.494,27.221563278912264
2020-04-20 15:15:00,41.2745,27.697612498558176
2020-04-20 15:30:00,41.494,28.40854039601935
2020-04-20 15:45:00,41.714,27.72750072395625
2020-04-20 16:00:00,41.9335,28.329489663122786
2020-04-20 16:15:00,41.9335,27.776234128329847
2020-04-20 16:30:00,41.9335,27.92065101084786
2020-04-20 16:45:00,41.9335,27.792084516539838
2020-04-20 17:00:00,41.494,27.577347779842423
2020-04-20 17:15:00,41.494,27.9415011482692
2020-04-20 17:30:00,41.0545,27.809741420048898
2020-04-20 17:45:00,40.3955,27.616937824634206
2020-04-20 18:00:00,39.956,26.982804182126397
2020-04-20 18:15:00,39.517,27.34068051410375
2020-04-20 18:30:00,39.297,28.14221121516192
2020-04-20 18:45:00,38.6375,28.222033404598072
2020-04-20 19:00:00,38.418,27.932549698029227
2020-04-20 19:15:00,37.9785,28.50293491594199
2020-04-20 19:30:00,37.539,28.63445295517393
2020-04-20 19:45:00,37.3195,28.90042273859263
2020-04-20 20:00:00,36.8795,28.95437171960596
2020-04-20 20:15:00,36.66,29.158614225574023
2020-04-20 20:30:00,36.4405,29.253100820854296
2020-04-20 20:45:00,36.001,29.271570797719505
2020-04-20 21:00:00,35.7815,28.935026758361403
2020-04-20 21:15:00,35.3415,28.898238196046396
2020-04-20 21:30:00,35.3415,27.74392231717009
2020-04-20 21:45:00,34.9025,27.942932198428835
2020-04-20 22:00:00,34.683,26.819629040948218
2020-04-20 22:15:00,34.243,26.614883062093117
2020-04-20 22:30:00,34.243,25.93752029795059
2020-04-20 22:45:00,33.804,25.802790784964564
2020-04-20 23:00:00,33.804,25.782988806110357
2020-04-20 23:15:00,33.584,26.431989797960714
2020-04-20 23:30:00,33.364,25.63140944254222
2020-04-20 23:45:00,33.1445,25.598018709474008
2020-04-21 00:00:00,32.925,25.748249162176098
2020-04-21 00:15:00,32.925,25.56099098910857
2020-04-21 00:30:00,32.925,26.339130599829744
2020-04-21 00:45:00,32.705,25.98524117894203
2020-04-21 01:00:00,32.485,25.45197928685295
2020-04-21 01:15:00,32.485,25.24505399276708
2020-04-21 01:30:00,32.485,25.371641113211624
2020-04-21 01:45:00,32.2655,25.84824396889578
2020-04-21 02:00:00,32.2655,25.7903510004267
2020-04-21 02:15:00,32.2655,25.897943620004938
2020-04-21 02:30:00,32.046,25.727346328989608
2020-04-21 02:45:00,31.826,26.110653388544673
2020-04-21 03:00:00,31.606,25.458709466015698
2020-04-21 03:15:00,31.606,25.46841772260731
2020-04-21 03:30:00,31.606,26.61935069734348
2020-04-21 03:45:00,31.606,26.260869024157785
2020-04-21 04:00:00,31.167,25.83439738897844
2020-04-21 04:15:00,31.167,25.248581056654892
2020-04-21 04:30:00,31.167,25.382841569685556
2020-04-21 04:45:00,30.7275,25.22788228821829
2020-04-21 05:00:00,30.508,25.117515582042774
2020-04-21 05:15:00,30.288,24.969857687168982
2020-04-21 05:30:00,30.288,24.3758702649487
2020-04-21 05:45:00,30.288,24.65396464984189
2020-04-21 06:00:00,29.849,24.19709666806351
2020-04-21 06:15:00,29.849,25.40725479567453
2020-04-21 06:30:00,29.849,25.072802077063216
2020-04-21 06:45:00,29.849,24.919190282566817
2020-04-21 07:00:00,29.849,25.51468684673182
2020-04-21 07:15:00,29.849,25.73937053783574
2020-04-21 07:30:00,29.849,25.396877656155436
2020-04-21 07:45:00,30.288,25.96926759335985
2020-04-21 08:00:00,30.288,25.420735553399524
2020-04-21 08:15:00,30.5075,25.363066413099922
2020-04-21 08:30:00,30.7275,24.552738960017987
2020-04-21 08:45:00,30.7275,24.43749991496774
2020-04-21 09:00:00,30.9475,24.65425602140671
2020-04-21 09:15:00,31.167,24.74225773993573
2020-04-21 09:30:00,31.3865,24.255294034066722
2020-04-21 09:45:00,31.606,24.550782663422993
2020-04-21 10:00:00,31.826,24.9528510892148
2020-04-21 10:15:00,31.826,25.515707379463326
2020-04-21 10:30:00,32.2655,25.567182253527644
2020-04-21 10:45:00,32.925,25.87266945717383
2020-04-21 11:00:00,33.364,26.673239973902906
2020-04-21 11:15:00,33.364,27.509080609484908
2020-04-21 11:30:00,33.364,27.472393869449395
2020-04-21 11:45:00,33.364,27.479855303563163
2020-04-21 12:00:00,33.364,28.08288951804008
2020-04-21 12:15:00,33.364,27.939443195171002
2020-04-21 12:30:00,33.364,27.41084149392288
2020-04-21 12:45:00,33.804,27.92118167625876
2020-04-21 13:00:00,34.463,28.72377458856575
2020-04-21 13:15:00,35.5615,28.611284781571893
2020-04-21 13:30:00,36.4405,28.298538168651717
2020-04-21 13:45:00,36.4405,28.78119567382743
2020-04-21 14:00:00,36.2205,28.77752646301572
2020-04-21 14:15:00,35.781,28.915150475956604
2020-04-21 14:30:00,35.122,28.71021381898895
2020-04-21 14:45:00,34.683,28.35058634549628
2020-04-21 15:00:00,34.243,28.710283938352504
2020-04-21 15:15:00,34.0235,28.38335531568078
2020-04-21 15:30:00,33.804,28.21773378664248
2020-04-21 15:45:00,33.584,28.293399553145054
2020-04-21 16:00:00,33.364,27.427181794767137
2020-04-21 16:15:00,33.364,27.068519659353992
2020-04-21 16:30:00,32.925,27.62582398320155
2020-04-21 16:45:00,32.925,27.919883638103737
2020-04-21 17:00:00,32.925,27.828279727892905
2020-04-21 17:15:00,32.925,28.256154039287924
2020-04-21 17:30:00,32.2655,27.13134993508756
2020-04-21 17:45:00,31.167,27.238169236115382
2020-04-21 18:00:00,30.9475,26.831725305227504
2020-04-21 18:15:00,30.7275,27.1453762660336
2020-04-21 18:30:00,30.5075,26.840085803484122
2020-04-21 18:45:00,30.5075,26.847798956902214
2020-04-21 19:00:00,30.5075,27.225598647759632
2020-04-21 19:15:00,30.5075,26.971001485112826
2020-04-21 19:30:00,30.7275,26.5976816313476
2020-04-21 19:45:00,30.7275,26.188511078998218
2020-04-21 20:00:00,30.7275,26.07187218297127
2020-04-21 20:15:00,30.7275,26.816972865124917
2020-04-21 20:30:00,30.9475,26.96669155590586
2020-04-21 20:45:00,30.9475,27.196089384439464
2020-04-21 21:00:00,30.9475,26.993309914110185
2020-04-21 21:15:00,30.9475,26.53114696495798
2020-04-21 21:30:00,30.9475,26.55910229963865
2020-04-21 21:45:00,30.9475,26.76243200770103
2020-04-21 22:00:00,30.9475,27.391502651121012
2020-04-21 22:15:00,30.7275,27.707124852286704
2020-04-21 22:30:00,30.7275,27.356401160905
2020-04-21 22:45:00,30.7275,27.421621430569054
2020-04-21 23:00:00,30.7275,27.373272035793608
2020-04-21 23:15:00,30.7275,27.194271577403594
2020-04-21 23:30:00,30.7275,26.86967301973313
2020-04-21 23:45:00,30.7275,26.91008734726466
2020-04-22 00:00:00,30.288,27.316760747497185
2020-04-22 00:15:00,29.849,27.226086328788266
2020-04-22 00:30:00,29.629,26.951229473712072
2020-04-22 00:45:00,29.629,26.795286086969615
2020-04-22 01:00:00,29.629,27.052229876540746
2020-04-22 01:15:00,29.629,26.357294600256136
2020-04-22 01:30:00,29.849,26.21129315939128
2020-04-22 01:45:00,29.849,26.68593964231145
2020-04-22 02:00:00,29.849,26.237678018488413
2020-04-22 02:15:00,29.849,26.080677755864397
2020-04-22 02:30:00,29.849,26.040540205662214
2020-04-22 02:45:00,29.849,25.943709384208137
2020-04-22 03:00:00,30.0685,26.047994025133832
2020-04-22 03:15:00,30.0685,25.66008135493811
2020-04-22 03:30:00,30.0685,25.75860675805034
2020-04-22 03:45:00,30.0685,25.672210642814946
2020-04-22 04:00:00,30.0685,25.53178648280873
2020-04-22 04:15:00,30.0685,25.708308357485638
2020-04-22 04:30:00,29.629,25.31796004050023
2020-04-22 04:45:00,29.629,25.71022827858126
2020-04-22 05:00:00,28.0905,25.970797683711773
2020-04-22 05:15:00,27.212,25.633856146751654
2020-04-22 05:30:00,27.212,25.467785484615987
2020-04-22 05:45:00,26.7725,25.926984694468548
2020-04-22 06:00:00,26.553,25.59346979412164
2020-04-22 06:15:00,26.333,25.29000089576991
2020-04-22 06:30:00,26.333,26.15067138807594
2020-04-22 06:45:00,26.333,25.461720857116255
2020-04-22 07:00:00,26.113,25.130622189717737
2020-04-22 07:15:00,26.113,25.359816083030296
2020-04-22 07:30:00,25.8935,25.14901714998666
2020-04-22 07:45:00,25.8935,25.347624320689025
2020-04-22 08:00:00,26.1135,24.654133160828575
2020-04-22 08:15:00,26.333,24.617985535266108
2020-04-22 08:30:00,26.5525,24.118776201675246
2020-04-22 08:45:00,26.7725,23.884596450167074
2020-04-22 09:00:00,27.212,24.509162214042046
2020-04-22 09:15:00,27.651,24.379107364440284
2020-04-22 09:30:00,28.091,25.24678172366906
2020-04-22 09:45:00,28.3105,24.838918456694266
2020-04-22 10:00:00,28.53,25.143878314455776
2020-04-22 10:15:00,28.97,26.05632665261838
2020-04-22 10:30:00,29.409,26.194785332517924
2020-04-22 10:45:00,29.849,25.93105995366291
2020-04-22 11:00:00,30.508,25.957440328199336
2020-04-22 11:15:00,31.167,26.631497217079474
2020-04-22 11:30:00,32.046,26.557528078207724
2020-04-22 11:45:00,32.485,26.987186736202045
2020-04-22 12:00:00,33.1445,27.548560947167182
2020-04-22 12:15:00,33.584,27.491416475549403
2020-04-22 12:30:00,33.8035,27.20329358920045
2020-04-22 12:45:00,33.8035,28.050080462634778
2020-04-22 13:00:00,33.8035,27.68383774535313
2020-04-22 13:15:00,34.0235,28.451971282188786
2020-04-22 13:30:00,34.2435,28.381511385947253
2020-04-22 13:45:00,34.2435,29.08044471016048
2020-04-22 14:00:00,34.2435,29.046203977626927
2020-04-22 14:15:00,34.463,29.147162522994506
2020-04-22 14:30:00,34.9025,28.056570646488694
2020-04-22 14:45:00,35.122,27.388025870631637
2020-04-22 15:00:00,35.5615,28.405781105137393
2020-04-22 15:15:00,36.001,28.292196084331213
2020-04-22 15:30:00,36.2205,28.49036056230866
2020-04-22 15:45:00,36.4405,28.780125844947456
2020-04-22 16:00:00,36.4405,28.3357090608783
2020-04-22 16:15:00,36.4405,29.0300598408785
2020-04-22 16:30:00,36.4405,29.632259944607544
2020-04-22 16:45:00,36.4405,28.866472381033187
2020-04-22 17:00:00,36.4405,28.556872923207933
2020-04-22 17:15:00,36.221,28.969073997082823
2020-04-22 17:30:00,36.001,29.353654269601844
2020-04-22 17:45:00,35.7815,30.133833767529897
2020-04-22 18:00:00,35.5615,30.6435556361336
2020-04-22 18:15:00,35.3415,29.890932197519113
2020-04-22 18:30:00,35.122,29.941777781196105
2020-04-22 18:45:00,34.6825,30.289213548154507
2020-04-22 19:00:00,34.463,31.449025068760953
2020-04-22 19:15:00,34.2435,31.342756296539537
2020-04-22 19:30:00,33.8035,31.323496862001956
2020-04-22 19:45:00,33.8035,32.62768502518159
2020-04-22 20:00:00,33.3645,31.553890128474027
2020-04-22 20:15:00,33.3645,32.229733222223004
2020-04-22 20:30:00,33.3645,32.88265184068707
2020-04-22 20:45:00,32.9245,31.96031575391656
2020-04-22 21:00:00,32.9245,33.12434168054408
2020-04-22 21:15:00,32.9245,33.34116485623003
2020-04-22 21:30:00,32.705,33.3797616738208
2020-04-22 21:45:00,32.4855,33.407872502368555
2020-04-22 22:00:00,32.4855,33.176838027826385
2020-04-22 22:15:00,32.0455,34.57986540071119
2020-04-22 22:30:00,32.0455,34.414545800783216
2020-04-22 22:45:00,31.826,34.69569944697422
2020-04-22 23:00:00,31.6065,34.18244792400339
2020-04-22 23:15:00,31.6065,33.768957630942
2020-04-22 23:30:00,31.6065,33.26763517448511
2020-04-22 23:45:00,31.6065,34.059496574597794
2020-04-23 00:00:00,31.167,34.37772110807137
2020-04-23 00:15:00,31.167,33.98783008908615
2020-04-23 00:30:00,30.9475,33.27171314358061
2020-04-23 00:45:00,30.7275,33.8047278135612
2020-04-23 01:00:00,30.5075,33.18633049842112
2020-04-23 01:15:00,30.288,33.29481506313028
2020-04-23 01:30:00,29.8485,32.53721852200484
2020-04-23 01:45:00,29.629,33.2930887711916
2020-04-23 02:00:00,29.4095,33.84263487354409
2020-04-23 02:15:00,29.1895,33.352692061540615
2020-04-23 02:30:00,29.1895,33.987200653388776
2020-04-23 02:45:00,28.75,33.8612088130062
2020-04-23 03:00:00,28.75,33.19746106041143
2020-04-23 03:15:00,28.5305,32.87158600305573
2020-04-23 03:30:00,28.5305,33.053769878604506
2020-04-23 03:45:00,28.5305,32.741222065017595
2020-04-23 04:00:00,28.0905,32.44345049915288
2020-04-23 04:15:00,28.0905,31.692434409943715
2020-04-23 04:30:00,28.0905,31.717853905618764
2020-04-23 04:45:00,27.871,31.917975609876628
2020-04-23 05:00:00,27.6515,31.40820809283863
2020-04-23 05:15:00,27.6515,31.356347346198024
2020-04-23 05:30:00,27.4315,31.66104440912809
2020-04-23 05:45:00,27.4315,32.32951989200244
2020-04-23 06:00:00,27.212,30.997212780378394
2020-04-23 06:15:00,26.9925,32.160935195528864
2020-04-23 06:30:00,26.9925,31.93823092210359
2020-04-23 06:45:00,26.9925,30.91811608391225
2020-04-23 07:00:00,26.9925,31.336934690611795
2020-04-23 07:15:00,26.5525,31.15530983288998
2020-04-23 07:30:00,26.5525,31.291042327547892
2020-04-23 07:45:00,26.1135,31.484614266839266
2020-04-23 08:00:00,25.2345,30.778049643869217
2020-04-23 08:15:00,25.0145,30.68617067857754
2020-04-23 08:30:00,24.3555,29.77025122798825
2020-04-23 08:45:00,24.3555,29.545597486537268
2020-04-23 09:00:00,23.916,29.633556337387216
2020-04-23 09:15:00,23.4765,29.5922487511141
2020-04-23 09:30:00,23.257,29.61430416053112
2020-04-23 09:45:00,22.8175,30.247725290965263
2020-04-23 10:00:00,22.8175,30.12707996043743
2020-04-23 10:15:00,22.378,30.123529678857253
2020-04-23 10:30:00,22.378,30.557118057075794
2020-04-23 10:45:00,22.378,31.323973284167266
2020-04-23 11:00:00,21.9385,31.236358950536346
2020-04-23 11:15:00,21.719,31.688602738654996
2020-04-23 11:30:00,21.499,32.07041824061443
2020-04-23 11:45:00,21.499,33.00855855538885
2020-04-23 12:00:00,21.0595,32.54567951242635
2020-04-23 12:15:00,21.0595,33.74553974271086
2020-04-23 12:30:00,20.84,32.81542502540796
2020-04-23 12:45:00,20.6205,33.24122598120843
2020-04-23 13:00:00,20.6205,33.73848561983894
2020-04-23 13:15:00,20.6205,33.81704191567499
2020-04-23 13:30:00,20.6205,33.53381538423363
2020-04-23 13:45:00,20.6205,33.91459588167577
2020-04-23 14:00:00,20.6205,34.50711088124832
2020-04-23 14:15:00,20.6205,34.247496123117386
2020-04-23 14:30:00,20.6205,34.795459599021584
2020-04-23 14:45:00,20.6205,35.251987516080796
2020-04-23 15:00:00,20.6205,35.77463965857485
2020-04-23 15:15:00,20.6205,35.65324116000449
2020-04-23 15:30:00,20.6205,35.94981289852746
2020-04-23 15:45:00,20.6205,34.33611579314313
2020-04-23 16:00:00,20.6205,35.08543344055251
2020-04-23 16:15:00,20.6205,35.038524903143006
2020-04-23 16:30:00,20.6205,35.48166762889977
2020-04-23 16:45:00,21.0595,35.80755189500812
2020-04-23 17:00:00,21.0595,35.854164733555486
2020-04-23 17:15:00,21.0595,35.29128230185657
2020-04-23 17:30:00,21.2795,35.275560191190024
2020-04-23 17:45:00,21.2795,34.770731594882
2020-04-23 18:00:00,21.2795,34.70828101094858
2020-04-23 18:15:00,21.499,35.00639789720433
2020-04-23 18:30:00,21.499,35.4308185499715
2020-04-23 18:45:00,21.499,35.72743270664764
2020-04-23 19:00:00,21.499,35.214978531968434
2020-04-23 19:15:00,21.7185,34.77035728001547
2020-04-23 19:30:00,21.7185,34.752641245200955
2020-04-23 19:45:00,21.2795,35.0426381735541
2020-04-23 20:00:00,21.0595,34.377617432809885
2020-04-23 20:15:00,21.0595,34.82975656351295
2020-04-23 20:30:00,21.0595,34.10112116373217
2020-04-23 20:45:00,21.0595,35.018609156119396
2020-04-23 21:00:00,21.0595,33.8727104601038
2020-04-23 21:15:00,21.0595,34.15130550519385
2020-04-23 21:30:00,21.0595,34.27588799995358
2020-04-23 21:45:00,21.0595,33.966102360979
2020-04-23 22:00:00,21.2795,34.767201011776564
2020-04-23 22:15:00,21.2795,34.611936098454485
2020-04-23 22:30:00,21.2795,34.97431369048108
2020-04-23 22:45:00,21.2795,33.983205861443984
2020-04-23 23:00:00,21.499,33.846726293820126
2020-04-23 23:15:00,21.7185,33.20768756233502
2020-04-23 23:30:00,21.7185,33.999598181012544
2020-04-23 23:45:00,21.9385,34.44495519910635
2020-04-24 00:00:00,21.9385,34.48462858061353
2020-04-24 00:15:00,21.9385,34.32117674150971
2020-04-24 00:30:00,21.9385,34.29599123485405
2020-04-24 00:45:00,21.9385,34.64864429265135
2020-04-24 01:00:00,21.9385,34.89315190690479
2020-04-24 01:15:00,21.9385,34.157200506405566
2020-04-24 01:30:00,21.9385,34.02300667574705
2020-04-24 01:45:00,21.9385,34.181173999310005
2020-04-24 02:00:00,22.158,34.565495819745585
2020-04-24 02:15:00,22.158,34.22720777597645
2020-04-24 02:30:00,22.158,33.65476426071258
2020-04-24 02:45:00,21.719,34.0433964573359
2020-04-24 03:00:00,21.719,33.56695755343793
2020-04-24 03:15:00,21.719,32.87161212468432
2020-04-24 03:30:00,21.719,32.454389296309564
2020-04-24 03:45:00,21.719,31.92010229395243
2020-04-24 04:00:00,21.719,32.599822026485725
2020-04-24 04:15:00,21.9385,31.531432440679456
2020-04-24 04:30:00,21.9385,32.01615172882241
2020-04-24 04:45:00,21.9385,32.310487447429246
2020-04-24 05:00:00,21.9385,32.69193316362002
2020-04-24 05:15:00,21.9385,31.78627291194079
2020-04-24 05:30:00,21.9385,32.13281595810483
2020-04-24 05:45:00,21.7185,32.06473102343659
2020-04-24 06:00:00,21.499,31.89264021003889
2020-04-24 06:15:00,21.0595,31.568252306427944
2020-04-24 06:30:00,21.0595,31.857841528681067
2020-04-24 06:45:00,21.0595,31.544849769815023
2020-04-24 07:00:00,21.0595,31.447463098695476
2020-04-24 07:15:00,21.0595,31.397375855952806
2020-04-24 07:30:00,21.0595,32.00538665444595
2020-04-24 07:45:00,21.0595,32.569096152127855
2020-04-24 08:00:00,21.0595,31.238551481173364
2020-04-24 08:15:00,21.499,30.933808960056222
2020-04-24 08:30:00,21.499,30.833171242702868
2020-04-24 08:45:00,21.499,31.11940965585544
2020-04-24 09:00:00,21.9385,30.408965005252135
2020-04-24 09:15:00,22.378,31.3038616947681
2020-04-24 09:30:00,22.8175,32.15934396867074
2020-04-24 09:45:00,23.4765,30.9630179159382
2020-04-24 10:00:00,24.1355,30.527971399782498
2020-04-24 10:15:00,24.5755,31.228738038256246
2020-04-24 10:30:00,25.0145,31.672395107616236
2020-04-24 10:45:00,25.4545,32.5192322249862
2020-04-24 11:00:00,25.8935,31.946389444193915
2020-04-24 11:15:00,25.8935,32.77006995809639
2020-04-24 11:30:00,26.333,33.007886439092744
2020-04-24 11:45:00,26.7725,33.490629979957774
2020-04-24 12:00:00,27.212,34.26193843517366
2020-04-24 12:15:00,27.6515,34.5337563097925
2020-04-24 12:30:00,27.6515,34.247048801501236
2020-04-24 12:45:00,27.6515,34.513470081911684
2020-04-24 13:00:00,27.6515,35.109112991805574
2020-04-24 13:15:00,27.432,35.09069480671988
2020-04-24 13:30:00,27.432,35.0247659379551
2020-04-24 13:45:00,27.432,35.21523872999553
2020-04-24 14:00:00,27.432,35.483021935247315
2020-04-24 14:15:00,27.432,35.68301980653995
2020-04-24 14:30:00,27.432,35.73688716268998
2020-04-24 14:45:00,27.432,35.90710178834248
2020-04-24 15:00:00,27.432,36.33810717150359
2020-04-24 15:15:00,27.432,36.35699342361064
2020-04-24 15:30:00,27.432,36.49303546449831
2020-04-24 15:45:00,27.212,35.42894210676062
2020-04-24 16:00:00,27.212,36.088406926343914
2020-04-24 16:15:00,27.212,36.1821335988361
2020-04-24 16:30:00,26.992,35.65375448922693
2020-04-24 16:45:00,26.992,35.93973881847048
2020-04-24 17:00:00,26.992,35.519365616994335
2020-04-24 17:15:00,26.992,35.68254007000591
2020-04-24 17:30:00,26.7725,35.63569287188621
2020-04-24 17:45:00,26.7725,35.41574461461695
2020-04-24 18:00:00,26.7725,35.5069646085766
2020-04-24 18:15:00,26.5525,35.67246130175872
2020-04-24 18:30:00,26.333,35.22391191520679
2020-04-24 18:45:00,25.8935,35.13513674100749
2020-04-24 19:00:00,25.4545,36.34235324712668
2020-04-24 19:15:00,25.4545,35.64179877302005
2020-04-24 19:30:00,25.0145,35.74190569214609
2020-04-24 19:45:00,24.5755,35.622756102990934
2020-04-24 20:00:00,24.1355,35.26989302380807
2020-04-24 20:15:00,24.1355,35.876100369305824
2020-04-24 20:30:00,23.6965,35.93591984482348
2020-04-24 20:45:00,23.2565,36.305285866064786
2020-04-24 21:00:00,23.2565,35.867847055701276
2020-04-24 21:15:00,22.8175,35.98021851977579
2020-04-24 21:30:00,22.8175,35.78705403874698
2020-04-24 21:45:00,22.5975,36.02514309970376
2020-04-24 22:00:00,22.378,35.30256842223333
2020-04-24 22:15:00,22.378,35.593684338740296
2020-04-24 22:30:00,21.9385,34.735841037925766
2020-04-24 22:45:00,21.9385,34.703528201967536
2020-04-24 23:00:00,21.9385,35.25164237657069
2020-04-24 23:15:00,21.9385,34.79468016446788
2020-04-24 23:30:00,21.499,34.70133474365356
2020-04-24 23:45:00,21.499,34.20412749526638
2020-04-25 00:00:00,21.499,35.019035555941784
2020-04-25 00:15:00,21.499,35.10642240367027
2020-04-25 00:30:00,21.499,34.859501417243656
2020-04-25 00:45:00,21.499,34.89466995868281
2020-04-25 01:00:00,21.0595,35.009660848941444
2020-04-25 01:15:00,21.0595,34.7184952538051
2020-04-25 01:30:00,21.0595,35.05393938713278
2020-04-25 01:45:00,21.0595,35.2695501035834
2020-04-25 02:00:00,21.0595,34.790657762334
2020-04-25 02:15:00,21.0595,34.51150178730345
2020-04-25 02:30:00,21.0595,34.31237269758496
2020-04-25 02:45:00,21.0595,34.3459880635241
2020-04-25 03:00:00,21.0595,34.008250054751834
2020-04-25 03:15:00,20.6205,34.277176120937234
2020-04-25 03:30:00,20.6205,33.67480114590591
2020-04-25 03:45:00,20.6205,33.57114554963735
2020-04-25 04:00:00,20.6205,33.64932011456238
2020-04-25 04:15:00,20.4005,33.362328849757475
2020-04-25 04:30:00,20.1805,32.64020351977854
2020-04-25 04:45:00,20.1805,33.299246449100686
2020-04-25 05:00:00,20.1805,32.86397184113935
2020-04-25 05:15:00,20.1805,32.65736804909878
2020-04-25 05:30:00,20.1805,33.32973440300284
2020-04-25 05:45:00,20.1805,32.35473026235177
2020-04-25 06:00:00,20.1805,32.59581811260543
2020-04-25 06:15:00,20.1805,32.42727922424119
2020-04-25 06:30:00,20.1805,32.86668061516562
2020-04-25 06:45:00,20.1805,32.809544412809586
2020-04-25 07:00:00,20.6205,32.88155983800713
2020-04-25 07:15:00,20.84,32.914071635010494
2020-04-25 07:30:00,21.279,32.523301837125935
2020-04-25 07:45:00,21.719,33.13314773229183
2020-04-25 08:00:00,22.378,32.93573508678217
2020-04-25 08:15:00,22.8175,32.61544063031615
2020-04-25 08:30:00,23.6965,32.39469481264609
2020-04-25 08:45:00,24.3555,32.34879432975428
2020-04-25 09:00:00,25.2345,32.45992426632363
2020-04-25 09:15:00,26.1135,32.679145792294804
2020-04-25 09:30:00,26.7725,33.29322027410975
2020-04-25 09:45:00,27.6515,33.40096964625441
2020-04-25 10:00:00,28.75,33.26168301079726
2020-04-25 10:15:00,29.8485,33.6212756476544
2020-04-25 10:30:00,31.167,33.77504724852177
2020-04-25 10:45:00,32.046,34.17136375473027
2020-04-25 11:00:00,33.1445,33.757521966406436
2020-04-25 11:15:00,33.584,34.26958081889661
2020-04-25 11:30:00,34.6825,34.9146475027927
2020-04-25 11:45:00,34.902,34.47801051656777
2020-04-25 12:00:00,34.4625,34.51881253415582
2020-04-25 12:15:00,34.243,35.02531361119755
2020-04-25 12:30:00,34.243,35.68526908859217
2020-04-25 12:45:00,34.463,34.99754980467023
2020-04-25 13:00:00,34.463,35.029847932055276
2020-04-25 13:15:00,34.6825,35.21171071915843
2020-04-25 13:30:00,35.5615,35.37403121991896
2020-04-25 13:45:00,36.66,35.58660475488639
2020-04-25 14:00:00,37.0995,36.05020113968875
2020-04-25 14:15:00,37.539,35.75620871079195
2020-04-25 14:30:00,37.9785,35.56375874426198
2020-04-25 14:45:00,38.418,35.59630595417762
2020-04-25 15:00:00,38.6375,35.5766397683801
2020-04-25 15:15:00,38.6375,36.01083503403431
2020-04-25 15:30:00,38.6375,35.79274916732516
2020-04-25 15:45:00,38.418,35.45174373997601
2020-04-25 16:00:00,37.9785,35.27650134478203
2020-04-25 16:15:00,37.539,35.18236417073872
2020-04-25 16:30:00,37.0995,34.79954666474652
2020-04-25 16:45:00,36.66,35.04772376499265
2020-04-25 17:00:00,36.221,34.749215461574735
2020-04-25 17:15:00,35.5615,34.73443510855712
2020-04-25 17:30:00,35.122,34.91518849731204
2020-04-25 17:45:00,34.6825,35.61005978599806
2020-04-25 18:00:00,34.0235,35.24711279743191
2020-04-25 18:15:00,33.584,35.46996149370355
2020-04-25 18:30:00,33.1445,34.88504165083537
2020-04-25 18:45:00,32.4855,34.961223150187735
2020-04-25 19:00:00,32.0455,34.63843922850463
2020-04-25 19:15:00,31.167,34.8076981031368
2020-04-25 19:30:00,30.7275,35.34006455603542
2020-04-25 19:45:00,30.288,35.92178282670747
2020-04-25 20:00:00,29.8485,35.86089077978634
2020-04-25 20:15:00,29.4095,36.113405810399975
2020-04-25 20:30:00,28.9695,36.56698606044607
2020-04-25 20:45:00,28.5305,37.13224412618867
2020-04-25 21:00:00,28.0905,36.99815141967989
2020-04-25 21:15:00,27.6515,36.688917812501714
2020-04-25 21:30:00,27.6515,37.06377547615798
2020-04-25 21:45:00,27.212,37.10030177431242
2020-04-25 22:00:00,27.212,36.8531526357503
2020-04-25 22:15:00,26.992,36.91817548232439
2020-04-25 22:30:00,26.7725,36.19480683798568
2020-04-25 22:45:00,26.7725,35.992084849662405
2020-04-25 23:00:00,26.7725,35.918454791127985
2020-04-25 23:15:00,26.553,35.70257499271434
2020-04-25 23:30:00,26.333,35.6094789358373
2020-04-25 23:45:00,26.333,35.91534421231709
2020-04-26 00:00:00,26.333,35.60295251614384
2020-04-26 00:15:00,26.333,35.205726642114335
2020-04-26 00:30:00,26.113,34.99494968676569
2020-04-26 00:45:00,25.8935,35.5275360045233
2020-04-26 01:00:00,25.8935,35.24385672389427
2020-04-26 01:15:00,25.8935,34.82187454847094
2020-04-26 01:30:00,25.8935,34.526595328710535
2020-04-26 01:45:00,25.674,34.53447995979882
2020-04-26 02:00:00,25.674,34.769065443157935
2020-04-26 02:15:00,25.4545,34.99684126495971
2020-04-26 02:30:00,25.4545,34.62621739762014
2020-04-26 02:45:00,25.4545,34.77051269059908
2020-04-26 03:00:00,25.4545,34.5947370691932
2020-04-26 03:15:00,25.4545,34.5048366875299
2020-04-26 03:30:00,25.4545,33.92316183535899
2020-04-26 03:45:00,25.4545,33.57289633853446
2020-04-26 04:00:00,25.4545,33.92168977109205
2020-04-26 04:15:00,25.4545,33.85260999394964
2020-04-26 04:30:00,25.4545,33.818183022570445
2020-04-26 04:45:00,25.2345,33.32472714502275
2020-04-26 05:00:00,25.2345,33.45427257497561
2020-04-26 05:15:00,25.0145,32.754344010105775
2020-04-26 05:30:00,25.0145,33.371099290378744
2020-04-26 05:45:00,25.0145,32.82330338431327
2020-04-26 06:00:00,25.0145,32.990145761447316
2020-04-26 06:15:00,25.0145,33.017318862200106
2020-04-26 06:30:00,25.0145,33.27499964230667
2020-04-26 06:45:00,25.0145,32.903735612264036
2020-04-26 07:00:00,25.0145,33.31436571710054
2020-04-26 07:15:00,25.0145,33.66269251985418
2020-04-26 07:30:00,25.2345,33.145524774488
2020-04-26 07:45:00,25.2345,33.089929696384985
2020-04-26 08:00:00,25.4545,32.99638322477717
2020-04-26 08:15:00,25.674,33.69324493605241
2020-04-26 08:30:00,25.8935,32.99234708761687
2020-04-26 08:45:00,26.333,33.20609848052052
2020-04-26 09:00:00,26.5525,33.011556305593956
2020-04-26 09:15:00,26.9925,33.51457585801594
2020-04-26 09:30:00,27.212,33.72189210242733
2020-04-26 09:45:00,27.6515,33.45838473062217
2020-04-26 10:00:00,27.871,33.09513439009131
2020-04-26 10:15:00,28.5305,34.5073504621866
2020-04-26 10:30:00,28.9695,33.96539424680762
2020-04-26 10:45:00,29.4095,34.097061762758145
2020-04-26 11:00:00,29.8485,35.165815271314976
2020-04-26 11:15:00,30.5075,34.7578520396071
2020-04-26 11:30:00,31.167,34.76673159454365
2020-04-26 11:45:00,31.826,35.17964086979912
2020-04-26 12:00:00,32.2655,35.33667526511423
2020-04-26 12:15:00,32.9245,35.438774532265384
2020-04-26 12:30:00,33.584,35.34263326489144
2020-04-26 12:45:00,34.2435,35.84391627442957
2020-04-26 13:00:00,35.122,36.35767816342762
2020-04-26 13:15:00,35.5615,36.04402737158561
2020-04-26 13:30:00,36.001,35.602969818486976
2020-04-26 13:45:00,36.8795,35.73628395352744
2020-04-26 14:00:00,37.3195,36.27358599598723
2020-04-26 14:15:00,37.7585,35.38009419467937
2020-04-26 14:30:00,37.7585,35.3530464519198
2020-04-26 14:45:00,37.7585,35.70715364520861
2020-04-26 15:00:00,37.3195,36.32049835130325
2020-04-26 15:15:00,36.8795,35.55166144285906
2020-04-26 15:30:00,36.8795,36.376089345772264
2020-04-26 15:45:00,36.66,36.21286300718532
2020-04-26 16:00:00,36.66,35.94286572813168
2020-04-26 16:15:00,36.4405,35.782080204024574
2020-04-26 16:30:00,36.221,35.99790398153613
2020-04-26 16:45:00,36.001,36.01022801279369
2020-04-26 17:00:00,35.5615,36.13356084815389
2020-04-26 17:15:00,35.122,35.846213161906164
2020-04-26 17:30:00,34.9025,35.96706976466841
2020-04-26 17:45:00,34.463,35.42707709604475
2020-04-26 18:00:00,34.0235,35.63629703469274
2020-04-26 18:15:00,33.584,36.442270939844896
2020-04-26 18:30:00,33.3645,36.44395467139038
2020-04-26 18:45:00,33.1445,36.338489138983235
2020-04-26 19:00:00,32.705,36.44996422159371
2020-04-26 19:15:00,32.2655,36.823051185140685
2020-04-26 19:30:00,31.826,36.135246523368934
2020-04-26 19:45:00,31.6065,36.474615399193446
2020-04-26 20:00:00,31.3865,35.98125384639709
2020-04-26 20:15:00,30.9475,35.860508961487746
2020-04-26 20:30:00,30.5075,36.10153364978657
2020-04-26 20:45:00,30.5075,36.567710775945194
2020-04-26 21:00:00,30.0685,36.56766694974438
2020-04-26 21:15:00,29.8485,36.27400471827969
2020-04-26 21:30:00,29.629,37.05212883053509
2020-04-26 21:45:00,29.1895,37.77808486553003
2020-04-26 22:00:00,28.9695,37.24577018793252
2020-04-26 22:15:00,28.75,37.14126237626178
2020-04-26 22:30:00,28.5305,35.966631680582296
2020-04-26 22:45:00,28.5305,36.294744308120165
2020-04-26 23:00:00,28.0905,35.91715345398359
2020-04-26 23:15:00,28.0905,35.672716789631956
2020-04-26 23:30:00,27.871,35.85174930007444
2020-04-26 23:45:00,27.6515,35.26466148627991
2020-04-27 00:00:00,27.6515,35.08521974322959
2020-04-27 00:15:00,27.212,35.02807541293656
2020-04-27 00:30:00,27.212,35.01626944948834
2020-04-27 00:45:00,26.7725,34.63258714674273
2020-04-27 01:00:00,26.7725,34.630290220228325
2020-04-27 01:15:00,26.333,34.697290805934045
2020-04-27 01:30:00,26.333,34.28837442780196
2020-04-27 01:45:00,25.8935,34.867649585185525
2020-04-27 02:00:00,25.8935,34.49392676285255
2020-04-27 02:15:00,25.8935,34.332964919948424
2020-04-27 02:30:00,25.4545,34.00153189541931
2020-04-27 02:45:00,25.4545,34.519744754036644
2020-04-27 03:00:00,25.0145,33.995363723359745
2020-04-27 03:15:00,25.0145,33.41511623641308
2020-04-27 03:30:00,24.5755,33.33709347886155
2020-04-27 03:45:00,24.5755,33.39899599890229
2020-04-27 04:00:00,24.1355,33.618487464278694
2020-04-27 04:15:00,24.1355,33.53196700432069
2020-04-27 04:30:00,24.1355,32.893503013654964
2020-04-27 04:45:00,23.6965,33.43746997575209
2020-04-27 05:00:00,23.6965,33.52943101664277
2020-04-27 05:15:00,23.4765,33.15908388338909
2020-04-27 05:30:00,23.2565,32.88287170052553
2020-04-27 05:45:00,23.2565,32.98773018080411
2020-04-27 06:00:00,23.2565,32.824015278334954
2020-04-27 06:15:00,23.2565,33.559839811126594
2020-04-27 06:30:00,23.2565,33.29585811497428
2020-04-27 06:45:00,23.2565,33.156832874933734
2020-04-27 07:00:00,23.2565,33.28486968725205
2020-04-27 07:15:00,23.6965,33.18934100672432
2020-04-27 07:30:00,24.1355,33.01335594119847
2020-04-27 07:45:00,25.0145,33.08737021487885
2020-04-27 08:00:00,25.4545,32.60282286014603
2020-04-27 08:15:00,26.1135,33.094993839355126
2020-04-27 08:30:00,26.9925,33.12475748226057
2020-04-27 08:45:00,28.091,33.566432525230496
2020-04-27 09:00:00,28.97,33.57837710807424
2020-04-27 09:15:00,29.629,33.456989130400366
2020-04-27 09:30:00,30.5075,33.55021483808702
2020-04-27 09:45:00,31.6065,33.627139069632406
2020-04-27 10:00:00,32.4855,33.484115960579295
2020-04-27 10:15:00,33.364,33.419281601469535
2020-04-27 10:30:00,34.463,33.6561783616274
2020-04-27 10:45:00,35.5615,33.621342697822335
2020-04-27 11:00:00,36.6605,33.650701760242846
2020-04-27 11:15:00,37.3195,34.24393887613942
2020-04-27 11:30:00,37.759,34.89857599382264
2020-04-27 11:45:00,38.198,34.36534655812789
2020-04-27 12:00:00,38.8575,34.40612049380294
2020-04-27 12:15:00,39.5165,35.40485567398927
2020-04-27 12:30:00,39.7365,35.45489179017855
2020-04-27 12:45:00,40.176,35.17720957898682
2020-04-27 13:00:00,40.6155,35.942505956877866
2020-04-27 13:15:00,41.4945,35.346994927281735
2020-04-27 13:30:00,42.153,35.65644786985549
2020-04-27 13:45:00,42.593,35.98968071814441
2020-04-27 14:00:00,42.8125,35.14274480145178
2020-04-27 14:15:00,43.252,35.78502777969218
2020-04-27 14:30:00,43.252,35.9768258443719
2020-04-27 14:45:00,42.8125,36.08383306777045
2020-04-27 15:00:00,42.373,36.71800744447751
2020-04-27 15:15:00,42.1535,36.499932729517845
2020-04-27 15:30:00,42.1535,36.930963213536785
2020-04-27 15:45:00,41.9335,36.701125651914495
2020-04-27 16:00:00,41.7135,37.01938755641539
2020-04-27 16:15:00,41.494,36.82632898574946
2020-04-27 16:30:00,41.2745,36.41510964369399
2020-04-27 16:45:00,40.835,36.334250137043526
2020-04-27 17:00:00,40.3955,36.7769884206505
2020-04-27 17:15:00,39.956,36.47374189511178
2020-04-27 17:30:00,39.5165,36.94761993546432
2020-04-27 17:45:00,39.0775,36.69780279180587
2020-04-27 18:00:00,38.6375,36.09086637267099
2020-04-27 18:15:00,38.1985,36.512974627595135
2020-04-27 18:30:00,37.3195,36.306355674926245
2020-04-27 18:45:00,36.8795,36.6373191140977
2020-04-27 19:00:00,36.2205,36.820034459464786
2020-04-27 19:15:00,35.5615,36.43762463972325
2020-04-27 19:30:00,34.9025,36.706818613326774
2020-04-27 19:45:00,34.463,36.21266787309028
2020-04-27 20:00:00,33.8035,36.13394040671618
2020-04-27 20:15:00,33.3645,35.7925790582053
2020-04-27 20:30:00,32.9245,36.33069603826777
2020-04-27 20:45:00,32.4855,36.4417898314027
2020-04-27 21:00:00,32.0455,35.694269026674405
2020-04-27 21:15:00,31.6065,35.355408217980056
2020-04-27 21:30:00,31.167,36.18192958980826
2020-04-27 21:45:00,31.167,35.527887688132054
2020-04-27 22:00:00,30.7275,35.627070471742336
2020-04-27 22:15:00,30.5075,35.82014292050247
2020-04-27 22:30:00,30.288,35.321273386112615
2020-04-27 22:45:00,29.8485,34.64927434583992
2020-04-27 23:00:00,29.8485,35.00994554470146
2020-04-27 23:15:00,29.4095,35.022365418951864
2020-04-27 23:30:00,29.4095,35.19192995923709
2020-04-27 23:45:00,29.1895,35.29866148578866
2020-04-28 00:00:00,28.9695,34.92608512887877
2020-04-28 00:15:00,28.9695,34.87729230001197
2020-04-28 00:30:00,28.5305,34.774355207364586
2020-04-28 00:45:00,28.5305,34.56901414060565
2020-04-28 01:00:00,28.5305,34.105804530223175
2020-04-28 01:15:00,28.3105,34.60805906210262
2020-04-28 01:30:00,28.0905,34.33997381246534
2020-04-28 01:45:00,28.0905,34.12485808369329
2020-04-28 02:00:00,28.0905,33.993626979164276
2020-04-28 02:15:00,28.0905,33.686397933801146
2020-04-28 02:30:00,28.0905,33.91330073558035
2020-04-28 02:45:00,27.6515,34.03687727733243
2020-04-28 03:00:00,27.6515,33.93482870768364
2020-04-28 03:15:00,27.4315,33.59090933820222
2020-04-28 03:30:00,27.212,33.389108722176154
2020-04-28 03:45:00,26.9925,33.49489719714551
2020-04-28 04:00:00,26.9925,33.43332362852734
2020-04-28 04:15:00,26.9925,33.13872093431885
2020-04-28 04:30:00,26.5525,33.51612112679149
2020-04-28 04:45:00,26.5525,33.48531344173379
2020-04-28 05:00:00,26.5525,33.36490510708328
2020-04-28 05:15:00,26.333,33.51141381021764
2020-04-28 05:30:00,25.8935,33.26890682865713
2020-04-28 05:45:00,25.8935,32.86094158113238
2020-04-28 06:00:00,25.674,32.64193500918914
2020-04-28 06:15:00,25.674,32.64885411833551
2020-04-28 06:30:00,25.674,32.8732074777631
2020-04-28 06:45:00,25.674,32.8037622877794
2020-04-28 07:00:00,25.8935,32.987292415230826
2020-04-28 07:15:00,26.333,33.264005443868164
2020-04-28 07:30:00,26.7725,33.06698599853808
2020-04-28 07:45:00,26.9925,33.07449415684577
2020-04-28 08:00:00,27.651,33.31545303207234
2020-04-28 08:15:00,28.091,33.541513882471115
2020-04-28 08:30:00,28.97,33.1387736407858
2020-04-28 08:45:00,29.849,33.04853702514121
2020-04-28 09:00:00,30.508,33.4866824313085
2020-04-28 09:15:00,31.167,33.60896804374242
2020-04-28 09:30:00,31.826,34.11435349241337
2020-04-28 09:45:00,32.485,33.88898033146865
2020-04-28 10:00:00,33.364,33.90845679602096
2020-04-28 10:15:00,34.0235,33.68487617649024
2020-04-28 10:30:00,35.122,33.63650084836843
2020-04-28 10:45:00,35.5615,33.67415960361767
2020-04-28 11:00:00,36.44,33.75961258663675
2020-04-28 11:15:00,37.0995,33.73813146762333
2020-04-28 11:30:00,37.3195,33.90384050796594
2020-04-28 11:45:00,37.759,34.15812003324388
2020-04-28 12:00:00,38.198,34.55356563898114
2020-04-28 12:15:00,38.6375,34.47338357196447
2020-04-28 12:30:00,38.638,34.35402359822881
2020-04-28 12:45:00,39.0775,34.83606639273611
2020-04-28 13:00:00,39.5165,34.49367568336526
2020-04-28 13:15:00,40.3955,34.63938431113929
2020-04-28 13:30:00,41.0545,34.8561170788985
2020-04-28 13:45:00,41.7135,35.21936154929586
2020-04-28 14:00:00,42.1535,35.38354396794221
2020-04-28 14:15:00,42.5925,35.416165051993985
2020-04-28 14:30:00,42.8125,35.26460773964191
2020-04-28 14:45:00,43.252,35.62941174987395
2020-04-28 15:00:00,43.252,36.4519428834685
2020-04-28 15:15:00,43.252,36.533294074763454
2020-04-28 15:30:00,43.032,36.42549411338175
2020-04-28 15:45:00,42.8125,36.98676533111738
2020-04-28 16:00:00,42.373,36.710410083798834
2020-04-28 16:15:00,41.9335,36.7467209436189
2020-04-28 16:30:00,41.494,36.737955179160885
2020-04-28 16:45:00,41.0545,37.04261030594701
2020-04-28 17:00:00,40.615,37.24421960068573
2020-04-28 17:15:00,40.3955,37.16990871584947
2020-04-28 17:30:00,39.956,37.138440900410004
2020-04-28 17:45:00,39.517,36.8813851621803
2020-04-28 18:00:00,39.297,37.09621785112692
2020-04-28 18:15:00,38.8575,36.66418982550719
2020-04-28 18:30:00,38.418,36.63707345048003
2020-04-28 18:45:00,37.539,36.47989249699519
2020-04-28 19:00:00,37.0995,36.64483686473264
2020-04-28 19:15:00,36.66,36.056303780963724
2020-04-28 19:30:00,36.2205,36.029060110031956
2020-04-28 19:45:00,36.001,36.16209140211688
2020-04-28 20:00:00,35.7815,35.79124822119957
2020-04-28 20:15:00,35.3415,36.03758901253975
2020-04-28 20:30:00,35.122,35.76195378640676
2020-04-28 20:45:00,34.6825,35.868937907239214
2020-04-28 21:00:00,34.6825,35.642309302306074
2020-04-28 21:15:00,34.2435,35.339899628434424
2020-04-28 21:30:00,34.2435,35.99631378777755
2020-04-28 21:45:00,33.8035,35.785133916637186
2020-04-28 22:00:00,33.3645,35.81019646165749
2020-04-28 22:15:00,32.9245,35.80140972489035
2020-04-28 22:30:00,32.9245,35.7321662213825
2020-04-28 22:45:00,32.4855,35.52005638329047
2020-04-28 23:00:00,32.2655,35.66235839191365
2020-04-28 23:15:00,32.0455,35.24542701285949
2020-04-28 23:30:00,31.6065,35.25534770295447
2020-04-28 23:45:00,31.387,35.40123868749211
2020-04-29 00:00:00,31.167,35.00417821672423
2020-04-29 00:15:00,31.167,35.32214194439013
2020-04-29 00:30:00,30.7275,34.882131733553756
2020-04-29 00:45:00,30.7275,34.74956092786181
2020-04-29 01:00:00,30.7275,34.92983438104873
2020-04-29 01:15:00,30.288,34.4522664398111
2020-04-29 01:30:00,30.288,34.28631180638521
2020-04-29 01:45:00,30.288,33.96720921127558
2020-04-29 02:00:00,29.8485,34.153415476231395
2020-04-29 02:15:00,29.8485,33.736270726767124
2020-04-29 02:30:00,29.8485,33.789481946093794
2020-04-29 02:45:00,29.8485,33.43334721099182
2020-04-29 03:00:00,29.629,33.73332660748884
2020-04-29 03:15:00,29.629,33.49888743363966
2020-04-29 03:30:00,29.4095,33.614891568637276
2020-04-29 03:45:00,29.1895,33.30245065801606
2020-04-29 04:00:00,29.1895,33.433025616599274
2020-04-29 04:15:00,28.9695,33.47787447699957
2020-04-29 04:30:00,28.9695,33.2817290025967
2020-04-29 04:45:00,28.75,33.33895955135981
2020-04-29 05:00:00,28.5305,33.39647357358755
2020-04-29 05:15:00,28.3105,33.186682132586824
2020-04-29 05:30:00,28.3105,32.940107424154384
2020-04-29 05:45:00,28.0905,33.00405509539864
2020-04-29 06:00:00,28.0905,33.58316097519806
2020-04-29 06:15:00,27.871,33.190146790485535
2020-04-29 06:30:00,27.871,33.19280601008485
2020-04-29 06:45:00,27.871,33.171325583566436
2020-04-29 07:00:00,27.871,33.55172141462706
2020-04-29 07:15:00,28.0905,33.14520021813367
2020-04-29 07:30:00,28.5305,33.431900135701596
2020-04-29 07:45:00,28.9695,33.03611513307562
2020-04-29 08:00:00,29.1895,33.1012379144293
2020-04-29 08:15:00,29.849,33.24986397561851
2020-04-29 08:30:00,30.288,33.190484927557286
2020-04-29 08:45:00,31.167,32.821548991905516
2020-04-29 09:00:00,31.826,33.28554869091418
2020-04-29 09:15:00,32.485,33.41278979253269
2020-04-29 09:30:00,33.1445,33.376152618049
2020-04-29 09:45:00,33.584,33.14885862728443
2020-04-29 10:00:00,34.0235,33.639263475061384
2020-04-29 10:15:00,34.9025,33.58714357203432
2020-04-29 10:30:00,35.3415,34.06190403070984
2020-04-29 10:45:00,36.2205,34.05699265418529
2020-04-29 11:00:00,37.0995,34.22417775345185
2020-04-29 11:15:00,37.539,33.923641420983884
2020-04-29 11:30:00,37.7585,34.36859170143917
2020-04-29 11:45:00,38.1985,33.97188209603229
2020-04-29 12:00:00,38.638,34.64025740563873
2020-04-29 12:15:00,39.077,34.664939498578
2020-04-29 12:30:00,39.5165,34.81705433135638
2020-04-29 12:45:00,39.956,34.85429335762847
2020-04-29 13:00:00,40.6155,35.00921474622135
2020-04-29 13:15:00,41.0545,35.08140425684651
2020-04-29 13:30:00,41.0545,34.911116050319244
2020-04-29 13:45:00,41.0545,35.60509234605513
2020-04-29 14:00:00,41.0545,35.37951099686607
2020-04-29 14:15:00,40.835,35.21855613899392
2020-04-29 14:30:00,40.6155,35.849788279878794
2020-04-29 14:45:00,40.3955,35.91249951823123
2020-04-29 15:00:00,39.956,35.87361671915149
2020-04-29 15:15:00,39.517,36.19671869190977
2020-04-29 15:30:00,39.297,36.58308007904085
2020-04-29 15:45:00,39.077,37.59683565804483
2020-04-29 16:00:00,38.8575,37.76486607101789
2020-04-29 16:15:00,38.418,38.280216920087064
2020-04-29 16:30:00,38.418,37.27764342769201
2020-04-29 16:45:00,38.418,37.47414114588192
2020-04-29 17:00:00,37.9785,37.93990741903208
2020-04-29 17:15:00,37.9785,37.90985207374925
2020-04-29 17:30:00,37.7585,37.724941257809505
2020-04-29 17:45:00,37.539,37.78044752006608
2020-04-29 18:00:00,37.3195,37.37985519474382
2020-04-29 18:15:00,37.0995,37.29332634262691
2020-04-29 18:30:00,36.8795,37.03037263284488
2020-04-29 18:45:00,36.66,37.23930382938474
2020-04-29 19:00:00,36.2205,37.85293218488309
2020-04-29 19:15:00,36.001,37.01795057357982
2020-04-29 19:30:00,35.7815,37.1919880526975
2020-04-29 19:45:00,35.5615,37.77296053635498
2020-04-29 20:00:00,35.3415,36.73584365430581
2020-04-29 20:15:00,35.122,36.98612795680321
2020-04-29 20:30:00,34.9025,36.9928072415404
2020-04-29 20:45:00,34.463,36.25607555573865
2020-04-29 21:00:00,34.463,36.39272885390292
2020-04-29 21:15:00,34.0235,36.519160376949216
2020-04-29 21:30:00,34.0235,36.983582743437566
2020-04-29 21:45:00,33.584,36.30271995951624
2020-04-29 22:00:00,33.3645,36.601893870923874
2020-04-29 22:15:00,33.1445,36.21816628428467
2020-04-29 22:30:00,32.9245,36.67147481574663
2020-04-29 22:45:00,32.705,36.027362280977435
2020-04-29 23:00:00,32.705,36.210630403107494
2020-04-29 23:15:00,32.705,35.697028505610255
2020-04-29 23:30:00,32.4855,35.43278127758595
2020-04-29 23:45:00,32.4855,35.49698021760676
2020-04-30 00:00:00,32.2655,35.455996973068395
2020-04-30 00:15:00,32.2655,35.21147490557193
2020-04-30 00:30:00,32.0455,34.86610226562808
2020-04-30 00:45:00,31.826,35.31966996150804
2020-04-30 01:00:00,31.6065,35.02821101515206
2020-04-30 01:15:00,31.6065,34.91023082448058
2020-04-30 01:30:00,31.167,34.66675218446296
2020-04-30 01:45:00,31.167,34.910495730559184
2020-04-30 02:00:00,30.9475,34.88440652241999
2020-04-30 02:15:00,30.9475,34.56252939374848
2020-04-30 02:30:00,30.9475,34.46389575046349
2020-04-30 02:45:00,30.9475,34.590294697094365
2020-04-30 03:00:00,30.7275,34.55169055208543
2020-04-30 03:15:00,30.7275,34.23276847246019
2020-04-30 03:30:00,30.7275,34.13983402916032
2020-04-30 03:45:00,30.5075,34.05415011799406
2020-04-30 04:00:00,30.5075,33.65735469957556
2020-04-30 04:15:00,30.5075,33.56724596537186
2020-04-30 04:30:00,30.288,33.64773859862474
2020-04-30 04:45:00,30.288,33.556822916652365
2020-04-30 05:00:00,30.0685,33.76213915722043
2020-04-30 05:15:00,29.8485,33.52211868351748
2020-04-30 05:30:00,29.8485,33.64185587278176
2020-04-30 05:45:00,29.629,33.43367874296235
2020-04-30 06:00:00,29.629,33.54109791459394
2020-04-30 06:15:00,29.629,33.54786125458517
2020-04-30 06:30:00,29.629,33.168837708781794
2020-04-30 06:45:00,29.629,33.55077255776363
2020-04-30 07:00:00,29.8485,33.50552950738318
2020-04-30 07:15:00,29.8485,33.48777465901984
2020-04-30 07:30:00,30.288,33.255965870384266
2020-04-30 07:45:00,30.7275,33.313193139020804
2020-04-30 08:00:00,31.167,32.456374426674685
2020-04-30 08:15:00,31.826,33.50312251444707
2020-04-30 08:30:00,32.2655,32.74870861586869
2020-04-30 08:45:00,32.4855,33.13082113073395
2020-04-30 09:00:00,32.9245,33.249496415512425
2020-04-30 09:15:00,33.584,33.17117684351597
2020-04-30 09:30:00,34.0235,33.287065424570706
2020-04-30 09:45:00,34.6825,33.183281002502135
2020-04-30 10:00:00,35.122,33.35093706623014
2020-04-30 10:15:00,35.5615,33.33057305897744
2020-04-30 10:30:00,36.4405,34.41537582450783
2020-04-30 10:45:00,37.3195,34.455254023809246
2020-04-30 11:00:00,37.7585,34.49527036384295
2020-04-30 11:15:00,38.1985,35.13174025945043
2020-04-30 11:30:00,38.8575,35.40381580141738
2020-04-30 11:45:00,39.297,35.28035255224055
2020-04-30 12:00:00,39.736,35.46560525211233
2020-04-30 12:15:00,40.176,35.7069552052955
2020-04-30 12:30:00,40.615,35.360766766378426
2020-04-30 12:45:00,41.2745,35.95038673151207
2020-04-30 13:00:00,41.494,36.48581839013734
2020-04-30 13:15:00,41.9335,35.795112019842875
2020-04-30 13:30:00,41.9335,35.74204256282264
2020-04-30 13:45:00,42.593,36.10472930824573
2020-04-30 14:00:00,42.593,36.26719284524021
2020-04-30 14:15:00,42.593,35.83737552484981
2020-04-30 14:30:00,42.593,35.97332631220191
2020-04-30 14:45:00,42.153,36.297125280614054
2020-04-30 15:00:00,41.9335,36.64095176198536
2020-04-30 15:15:00,41.714,36.346888929813126
2020-04-30 15:30:00,41.494,36.451565434644884
2020-04-30 15:45:00,41.494,36.54749626066102
2020-04-30 16:00:00,41.494,35.99420684011104
2020-04-30 16:15:00,41.274,36.40562543047856
2020-04-30 16:30:00,41.274,37.11019496507173
2020-04-30 16:45:00,41.274,36.81054784624186
2020-04-30 17:00:00,40.835,36.868325875814776
2020-04-30 17:15:00,40.835,36.858422723531724
2020-04-30 17:30:00,40.3955,36.63652786861617
2020-04-30 17:45:00,40.3955,36.579786221446845
2020-04-30 18:00:00,39.956,36.82834848251876
2020-04-30 18:15:00,39.7365,36.57845967944849
2020-04-30 18:30:00,39.297,36.11704948979111
2020-04-30 18:45:00,39.077,36.59648172021802
2020-04-30 19:00:00,38.8575,36.84244073105898
2020-04-30 19:15:00,38.418,36.91399239730039
2020-04-30 19:30:00,37.9785,36.77142961861445
2020-04-30 19:45:00,37.539,36.6152712169809
2020-04-30 20:00:00,37.539,36.734754624605316
2020-04-30 20:15:00,37.0995,36.40972175885399
2020-04-30 20:30:00,36.8795,36.27535346220376
2020-04-30 20:45:00,36.66,36.377803402748576
2020-04-30 21:00:00,36.4405,36.46493402190291
2020-04-30 21:15:00,36.001,36.604360959912626
2020-04-30 21:30:00,36.001,36.81647455805283
2020-04-30 21:45:00,35.7815,37.29177946312991
2020-04-30 22:00:00,35.5615,36.60525413260162
2020-04-30 22:15:00,35.5615,36.46881428063007
2020-04-30 22:30:00,35.122,36.10283028347106
2020-04-30 22:45:00,35.122,36.0734549060891
2020-04-30 23:00:00,34.9025,36.25529776622059
2020-04-30 23:15:00,34.6825,35.422782164573135
2020-04-30 23:30:00,34.463,36.1855692283997
2020-04-30 23:45:00,34.463,35.86959339600192
2020-05-01 00:00:00,34.463,35.986773289812234
2020-05-01 00:15:00,34.2435,35.94857646624733
2020-05-01 00:30:00,34.2435,35.707656709008134
2020-05-01 00:45:00,34.2435,35.59962770533325
2020-05-01 01:00:00,34.0235,35.898532075811225
2020-05-01 01:15:00,33.8035,35.4819361553524
2020-05-01 01:30:00,33.8035,35.575817790565836
2020-05-01 01:45:00,33.8035,35.21823431933845
2020-05-01 02:00:00,33.8035,35.17490897211967
2020-05-01 02:15:00,33.584,35.105407570741775
2020-05-01 02:30:00,33.584,35.21508139165039
2020-05-01 02:45:00,33.3645,34.94195354725798
2020-05-01 03:00:00,33.3645,34.71329545298742
2020-05-01 03:15:00,33.1445,34.60169130167738
2020-05-01 03:30:00,32.9245,34.22230255023881
2020-05-01 03:45:00,32.9245,34.198262660646236
2020-05-01 04:00:00,32.4855,34.10752144916591
2020-05-01 04:15:00,32.4855,33.91795109543879
2020-05-01 04:30:00,32.4855,33.77914103070025
2020-05-01 04:45:00,32.0455,33.89378031035717
2020-05-01 05:00:00,32.0455,33.97608629385446
2020-05-01 05:15:00,32.0455,33.954431020287565
2020-05-01 05:30:00,31.826,33.92958117729195
2020-05-01 05:45:00,31.6065,33.57710665062223
2020-05-01 06:00:00,31.6065,33.82057969579693
2020-05-01 06:15:00,31.6065,33.848849040283156
2020-05-01 06:30:00,31.6065,34.05750349360476
2020-05-01 06:45:00,31.6065,33.86634461876522
2020-05-01 07:00:00,31.826,33.99260464339822
2020-05-01 07:15:00,32.2655,33.68530921469677
2020-05-01 07:30:00,32.4855,33.8691346426035
2020-05-01 07:45:00,32.705,33.34699244752288
2020-05-01 08:00:00,33.1445,33.50124195805139
2020-05-01 08:15:00,33.3645,33.37687307210668
2020-05-01 08:30:00,33.584,33.309400190950996
2020-05-01 08:45:00,33.8035,32.97831632740235
2020-05-01 09:00:00,34.0235,33.46454009409787
2020-05-01 09:15:00,34.2435,33.88584678112345
2020-05-01 09:30:00,34.463,33.99274366949018
2020-05-01 09:45:00,34.9025,33.91226943903829
2020-05-01 10:00:00,35.3415,34.44391649447175
2020-05-01 10:15:00,35.7815,34.304691972841155
2020-05-01 10:30:00,36.001,34.72237935516788
2020-05-01 10:45:00,36.001,34.435221199139484
2020-05-01 11:00:00,36.66,34.988707729448706
2020-05-01 11:15:00,37.3195,35.04972799551417
2020-05-01 11:30:00,37.3195,35.62779011672868
2020-05-01 11:45:00,37.3195,35.77055115564505
2020-05-01 12:00:00,37.3195,36.26628886648207
2020-05-01 12:15:00,37.7585,36.20740974703031
2020-05-01 12:30:00,38.1985,36.599337666056734
2020-05-01 12:45:00,38.1985,36.444187340685104
2020-05-01 13:00:00,38.1985,36.33891458760785
2020-05-01 13:15:00,38.1985,36.61918265205075
2020-05-01 13:30:00,38.1985,36.62325659420565
2020-05-01 13:45:00,38.1985,36.65392158403033
2020-05-01 14:00:00,38.1985,37.03887829715996
2020-05-01 14:15:00,38.418,37.019406812973294
2020-05-01 14:30:00,38.6375,37.00594365281214
2020-05-01 14:45:00,39.077,37.10914320410986
2020-05-01 15:00:00,39.7365,37.0860598088612
2020-05-01 15:15:00,40.1755,37.31200069306836
2020-05-01 15:30:00,40.1755,37.75085901409039
2020-05-01 15:45:00,40.1755,37.55411827158426
2020-05-01 16:00:00,39.7365,38.00668245774181
2020-05-01 16:15:00,39.297,37.79044273854236
2020-05-01 16:30:00,39.297,38.11291985073037
2020-05-01 16:45:00,39.0775,37.380436093917815
2020-05-01 17:00:00,38.6375,37.563129181604246
2020-05-01 17:15:00,38.1985,37.38478698968057
2020-05-01 17:30:00,37.7585,37.322182972736265
2020-05-01 17:45:00,37.3195,36.90448272110125
2020-05-01 18:00:00,36.66,37.17368113852412
2020-05-01 18:15:00,36.2205,36.62360490080787
2020-05-01 18:30:00,35.7815,37.07642275032815
2020-05-01 18:45:00,34.6825,36.708007725987
2020-05-01 19:00:00,33.3645,36.78167698838844
2020-05-01 19:15:00,32.9245,36.83334019653127
2020-05-01 19:30:00,32.2655,36.218392204638135
2020-05-01 19:45:00,31.6065,36.887104909521014
2020-05-01 20:00:00,31.6065,36.27970939230035
2020-05-01 20:15:00,31.3865,36.293017423119714
2020-05-01 20:30:00,31.3865,36.49220583909845
2020-05-01 20:45:00,31.3865,36.56052061625841
2020-05-01 21:00:00,31.3865,36.19855831922379
2020-05-01 21:15:00,31.3865,36.20266366013918
2020-05-01 21:30:00,31.3865,35.947928145343795
2020-05-01 21:45:00,31.3865,35.8507417283216
2020-05-01 22:00:00,31.3865,36.11743646714422
2020-05-01 22:15:00,31.3865,35.84478701039516
2020-05-01 22:30:00,31.3865,35.42298062022111
2020-05-01 22:45:00,31.167,35.331809573169
2020-05-01 23:00:00,30.508,35.029902681711384
2020-05-01 23:15:00,30.508,34.72933232558262
2020-05-01 23:30:00,30.7275,34.7224943950994
2020-05-01 23:45:00,30.7275,34.86537850155408
2020-05-02 00:00:00,30.7275,34.644322851629916
2020-05-02 00:15:00,30.7275,35.45079449676033
2020-05-02 00:30:00,30.7275,35.40096103458306
2020-05-02 00:45:00,30.7275,35.474780476709185
2020-05-02 01:00:00,30.7275,35.81869136689569
2020-05-02 01:15:00,30.7275,35.444082872170696
2020-05-02 01:30:00,30.7275,35.14788530827241
2020-05-02 01:45:00,30.7275,35.224294288146226
2020-05-02 02:00:00,30.7275,35.20007116219092
2020-05-02 02:15:00,30.288,35.08601826076209
2020-05-02 02:30:00,30.288,34.78549970581254
2020-05-02 02:45:00,30.288,34.78510876237661
2020-05-02 03:00:00,30.288,34.23185205242723
2020-05-02 03:15:00,30.288,34.10292388951594
2020-05-02 03:30:00,30.288,33.9653140397655
2020-05-02 03:45:00,30.288,34.103349830199505
2020-05-02 04:00:00,30.288,33.89362802299338
2020-05-02 04:15:00,30.288,33.59973880657883
2020-05-02 04:30:00,30.288,33.553757747281466
2020-05-02 04:45:00,30.288,33.49673527278614
2020-05-02 05:00:00,30.288,33.61390728702012
2020-05-02 05:15:00,30.288,33.54596463623913
2020-05-02 05:30:00,30.288,33.368338478287846
2020-05-02 05:45:00,30.288,33.50254702776919
2020-05-02 06:00:00,30.288,33.8218757427312
2020-05-02 06:15:00,30.0685,33.71856510509051
2020-05-02 06:30:00,30.0685,33.74749307347837
2020-05-02 06:45:00,30.0685,33.8068760104422
2020-05-02 07:00:00,30.0685,33.83098418162484
2020-05-02 07:15:00,30.0685,33.51827421326562
2020-05-02 07:30:00,30.0685,34.33503334470074
2020-05-02 07:45:00,30.288,34.26257846513523
2020-05-02 08:00:00,30.288,34.27803660021155
2020-05-02 08:15:00,30.288,33.95871408489362
2020-05-02 08:30:00,30.508,34.094365465079264
2020-05-02 08:45:00,30.7275,33.99226265288906
2020-05-02 09:00:00,30.7275,34.68264151998298
2020-05-02 09:15:00,30.7275,34.83597992826806
2020-05-02 09:30:00,30.947,34.853554316523066
2020-05-02 09:45:00,30.947,34.720755216140745
2020-05-02 10:00:00,31.6065,35.06408557853771
2020-05-02 10:15:00,32.2655,35.25625479234772
2020-05-02 10:30:00,32.4855,35.444469912285555
2020-05-02 10:45:00,33.1445,35.84626785421593
2020-05-02 11:00:00,33.584,36.36239517821958
2020-05-02 11:15:00,34.6825,36.04568988296911
2020-05-02 11:30:00,35.3415,36.2764479270443
2020-05-02 11:45:00,35.3415,36.73496702619398
2020-05-02 12:00:00,35.7815,36.91809439153118
2020-05-02 12:15:00,35.7815,37.06197129973916
2020-05-02 12:30:00,36.2205,37.16630552528543
2020-05-02 12:45:00,36.4405,37.842569050339755
2020-05-02 13:00:00,36.88,38.05449611510399
2020-05-02 13:15:00,37.0995,37.923479729366086
2020-05-02 13:30:00,37.539,38.17681918177497
2020-05-02 13:45:00,38.198,38.66969051306796
2020-05-02 14:00:00,38.198,38.290225416481036
2020-05-02 14:15:00,38.198,38.31404638419734
2020-05-02 14:30:00,38.418,38.756083184938475
2020-05-02 14:45:00,38.418,38.48891005015803
2020-05-02 15:00:00,38.1985,38.150218024820454
2020-05-02 15:15:00,37.9785,38.20721632235855
2020-05-02 15:30:00,37.7585,38.26244656039038
2020-05-02 15:45:00,37.3195,39.006301909457676
2020-05-02 16:00:00,36.8795,38.39260276673386
2020-05-02 16:15:00,36.4405,39.07409648561937
2020-05-02 16:30:00,36.001,38.12662143623694
2020-05-02 16:45:00,35.7815,37.89068769939068
2020-05-02 17:00:00,35.7815,38.375021767474514
2020-05-02 17:15:00,35.5615,37.990346060753545
2020-05-02 17:30:00,35.122,37.907118984304724
2020-05-02 17:45:00,35.122,37.28937357764411
2020-05-02 18:00:00,34.6825,37.28274960912003
2020-05-02 18:15:00,34.2435,36.95008541381007
2020-05-02 18:30:00,34.0235,37.11818999529487
2020-05-02 18:45:00,33.584,37.097356931095796
2020-05-02 19:00:00,33.1445,37.195330211451015
2020-05-02 19:15:00,32.705,37.418428779160905
2020-05-02 19:30:00,32.2655,36.807678201981055
2020-05-02 19:45:00,31.826,36.431286244156674
2020-05-02 20:00:00,31.3865,36.44649239157153
2020-05-02 20:15:00,31.167,36.41346496291002
2020-05-02 20:30:00,30.9475,36.30875269648006
2020-05-02 20:45:00,30.7275,36.51410325267509
2020-05-02 21:00:00,30.5075,36.06304160006998
2020-05-02 21:15:00,30.288,36.109698611258445
2020-05-02 21:30:00,29.8485,36.41923205207508
2020-05-02 21:45:00,29.8485,36.27840079616826
2020-05-02 22:00:00,29.629,36.33289211181308
2020-05-02 22:15:00,29.4095,35.802823014753486
2020-05-02 22:30:00,29.1895,35.8852470719544
2020-05-02 22:45:00,28.9695,35.29554564771253
2020-05-02 23:00:00,28.5305,35.024776099934684
2020-05-02 23:15:00,28.5305,35.083699176699696
2020-05-02 23:30:00,28.0905,35.36041190585666
2020-05-02 23:45:00,28.0905,34.93714893892606
2020-05-03 00:00:00,28.0905,34.81750370089646
2020-05-03 00:15:00,27.6515,35.28840427870514
2020-05-03 00:30:00,27.6515,35.25704001966646
2020-05-03 00:45:00,27.212,35.25407081698839
2020-05-03 01:00:00,26.7725,34.99027713016487
2020-05-03 01:15:00,26.333,35.158102655942805
2020-05-03 01:30:00,26.333,34.998357889883145
2020-05-03 01:45:00,25.8935,34.89095324543373
2020-05-03 02:00:00,25.4545,34.7421403432196
2020-05-03 02:15:00,25.2345,34.6603801463094
2020-05-03 02:30:00,25.0145,34.91171718394572
2020-05-03 02:45:00,24.795,34.88191827293154
2020-05-03 03:00:00,24.3555,34.52565006531221
2020-05-03 03:15:00,24.1355,33.966877119490064
2020-05-03 03:30:00,23.916,34.39585736003296
2020-05-03 03:45:00,23.6965,34.3319232823357
2020-05-03 04:00:00,23.4765,34.37584268999249
2020-05-03 04:15:00,23.2565,34.11631528187947
2020-05-03 04:30:00,23.037,33.90498229710615
2020-05-03 04:45:00,22.8175,33.813530314082556
2020-05-03 05:00:00,22.598,33.856304431230356
2020-05-03 05:15:00,22.378,34.03115992490903
2020-05-03 05:30:00,22.378,33.97922327182924
2020-05-03 05:45:00,22.158,33.54658248370782
2020-05-03 06:00:00,21.9385,33.897095130829236
2020-05-03 06:15:00,21.9385,34.006217944945895
2020-05-03 06:30:00,21.9385,34.15804190064317
2020-05-03 06:45:00,22.378,33.79371413655945
2020-05-03 07:00:00,22.5975,33.96085835161097
2020-05-03 07:15:00,23.037,33.969330908783306
2020-05-03 07:30:00,23.6965,34.240847028433386
2020-05-03 07:45:00,24.3555,34.11338226221601
2020-05-03 08:00:00,25.015,34.516785121203704
2020-05-03 08:15:00,25.674,34.43614352637885
2020-05-03 08:30:00,26.3335,34.70590308218824
2020-05-03 08:45:00,27.2115,34.83229079637623
2020-05-03 09:00:00,27.871,34.52353578426872
2020-05-03 09:15:00,28.5305,34.08655949274247
2020-05-03 09:30:00,29.1895,34.57727269123682
2020-05-03 09:45:00,29.849,34.893750844118976
2020-05-03 10:00:00,30.9475,35.20934756622844
2020-05-03 10:15:00,31.826,35.52072498482702
2020-05-03 10:30:00,33.1445,35.613946678644474
2020-05-03 10:45:00,34.0235,35.69130863674322
2020-05-03 11:00:00,34.902,36.28108751682304
2020-05-03 11:15:00,35.3415,36.428258760323395
2020-05-03 11:30:00,35.781,37.13904510377067
2020-05-03 11:45:00,36.4405,36.785492458034796
2020-05-03 12:00:00,36.88,37.20536027527716
2020-05-03 12:15:00,37.1,38.01170330268269
2020-05-03 12:30:00,37.3195,37.69271029904329
2020-05-03 12:45:00,37.7585,37.90830379543995
2020-05-03 13:00:00,38.198,38.109239590250915
2020-05-03 13:15:00,39.077,37.949528858549975
2020-05-03 13:30:00,39.5165,38.23072775191984
2020-05-03 13:45:00,40.1755,38.21491321846576
2020-05-03 14:00:00,40.6155,38.299836642871114
2020-05-03 14:15:00,41.0545,38.5419650012784
2020-05-03 14:30:00,41.2745,38.4721842524467
2020-05-03 14:45:00,41.2745,38.507441374032844
2020-05-03 15:00:00,41.2745,37.970999039447854
2020-05-03 15:15:00,41.2745,38.57882824192716
2020-05-03 15:30:00,41.2745,38.51049878425546
2020-05-03 15:45:00,40.6155,38.28465421944883
2020-05-03 16:00:00,40.1755,38.82483442317341
2020-05-03 16:15:00,39.5165,38.304892265672656
2020-05-03 16:30:00,39.2965,38.36763329154385
2020-05-03 16:45:00,38.8575,38.19791709573215
2020-05-03 17:00:00,38.198,38.1650009151648
2020-05-03 17:15:00,37.9785,38.155771001070974
2020-05-03 17:30:00,37.9785,38.26902017713432
2020-05-03 17:45:00,37.539,37.532005384652805
2020-05-03 18:00:00,37.3195,37.78858909002849
2020-05-03 18:15:00,36.8795,37.31852108320608
2020-05-03 18:30:00,36.4405,37.5208124212443
2020-05-03 18:45:00,36.001,37.38974225915093
2020-05-03 19:00:00,35.342,37.10231998542569
2020-05-03 19:15:00,34.6825,36.89153948052144
2020-05-03 19:30:00,33.8035,37.16171296015887
2020-05-03 19:45:00,33.3645,36.5523427052713
2020-05-03 20:00:00,32.9245,36.59341142469123
2020-05-03 20:15:00,32.4855,36.332428882406035
2020-05-03 20:30:00,31.826,36.26431197913367
2020-05-03 20:45:00,31.167,35.97164666466505
2020-05-03 21:00:00,30.7275,35.732279388177325
2020-05-03 21:15:00,30.288,36.05326049918043
2020-05-03 21:30:00,30.0685,35.960481070124956
2020-05-03 21:45:00,29.629,35.724678550102794
2020-05-03 22:00:00,29.4095,35.73849196401024
2020-05-03 22:15:00,28.9695,35.452310185556165
2020-05-03 22:30:00,28.75,35.415881398108354
2020-05-03 22:45:00,28.5305,35.14965857368457
2020-05-03 23:00:00,28.0905,35.66090908813479
2020-05-03 23:15:00,28.0905,35.11038874951558
2020-05-03 23:30:00,27.6515,34.69086162200795
2020-05-03 23:45:00,27.6515,34.64016234434626
2020-05-04 00:00:00,27.212,34.50862567770985
2020-05-04 00:15:00,27.212,34.41050890748013
2020-05-04 00:30:00,26.7725,34.404143550176656
2020-05-04 00:45:00,26.7725,34.55978084536974
2020-05-04 01:00:00,26.333,34.51897735162125
2020-05-04 01:15:00,25.8935,34.79598382972102
2020-05-04 01:30:00,25.8935,34.56167938031686
2020-05-04 01:45:00,25.8935,34.49249751002337
2020-05-04 02:00:00,25.4545,34.231131722218606
2020-05-04 02:15:00,25.4545,34.411268020340295
2020-05-04 02:30:00,25.0145,34.29006544790854
2020-05-04 02:45:00,25.0145,34.1841064989332
2020-05-04 03:00:00,24.5755,34.372530634946216
2020-05-04 03:15:00,24.5755,34.00856195108409
2020-05-04 03:30:00,24.3555,34.13049604572539
2020-05-04 03:45:00,24.1355,33.8668542582202
2020-05-04 04:00:00,24.1355,33.87958816014469
2020-05-04 04:15:00,23.6965,34.01959242570933
2020-05-04 04:30:00,23.6965,33.543761646618556
2020-05-04 04:45:00,23.6965,33.895424787998515
2020-05-04 05:00:00,23.4765,34.3033236171722
2020-05-04 05:15:00,23.2565,33.90579812360899
2020-05-04 05:30:00,23.2565,34.06131708536486
2020-05-04 05:45:00,23.037,33.73966534966373
2020-05-04 06:00:00,22.8175,34.015244414183236
2020-05-04 06:15:00,22.8175,34.16185131986989
2020-05-04 06:30:00,22.8175,33.80239051046372
2020-05-04 06:45:00,23.2565,33.79185079186245
2020-05-04 07:00:00,23.6965,33.82116747629746
2020-05-04 07:15:00,24.1355,33.93853480009731
2020-05-04 07:30:00,24.5755,33.62169392518429
2020-05-04 07:45:00,25.2345,33.91991031671928
2020-05-04 08:00:00,25.894,34.275082722207195
2020-05-04 08:15:00,26.3335,34.23722991776431
2020-05-04 08:30:00,27.2115,33.882631317207014
2020-05-04 08:45:00,27.871,34.375042533049694
2020-05-04 09:00:00,28.75,34.565837694519914
2020-05-04 09:15:00,29.629,34.65234289122769
2020-05-04 09:30:00,30.0685,34.785435013012474
2020-05-04 09:45:00,30.947,34.904684265366726
2020-05-04 10:00:00,31.606,35.28740072767239
2020-05-04 10:15:00,32.925,35.13490892127202
2020-05-04 10:30:00,34.0235,35.19503546464493
2020-05-04 10:45:00,35.1225,35.64100269320013
2020-05-04 11:00:00,35.781,35.97767213324711
2020-05-04 11:15:00,36.2205,36.044042145399956
2020-05-04 11:30:00,36.66,36.42242973112929
2020-05-04 11:45:00,36.88,37.31809637542181
2020-05-04 12:00:00,37.0995,36.68307081672903
2020-05-04 12:15:00,37.539,37.36701777572226
2020-05-04 12:30:00,37.759,37.09036269765484
2020-05-04 12:45:00,38.198,37.21196641505672
2020-05-04 13:00:00,38.8575,37.191527388741136
2020-05-04 13:15:00,39.5165,37.25069608904318
2020-05-04 13:30:00,39.7365,37.081494035033224
2020-05-04 13:45:00,39.7365,36.995255919173545
2020-05-04 14:00:00,39.7365,37.13228380127683
2020-05-04 14:15:00,39.5165,37.889342739748045
2020-05-04 14:30:00,39.7365,37.49511974526124
2020-05-04 14:45:00,40.3955,38.02848946530001
2020-05-04 15:00:00,40.615,37.984103323730324
2020-05-04 15:15:00,40.615,37.94538080125345
2020-05-04 15:30:00,40.176,37.983061825187264
2020-05-04 15:45:00,39.9565,37.85724828579526
2020-05-04 16:00:00,39.7365,37.63475475368599
2020-05-04 16:15:00,39.517,37.43612911875241
2020-05-04 16:30:00,39.077,37.62748884521256
2020-05-04 16:45:00,38.8575,37.50292550793331
2020-05-04 17:00:00,38.418,37.58230121596419
2020-05-04 17:15:00,37.9785,37.0814909636375
2020-05-04 17:30:00,37.759,37.53386267957037
2020-05-04 17:45:00,37.319,37.16370526384153
2020-05-04 18:00:00,37.0995,37.40070015239106
2020-05-04 18:15:00,36.88,37.526384557669644
2020-05-04 18:30:00,36.44,37.35173044655956
2020-05-04 18:45:00,36.2205,37.26003277794644
2020-05-04 19:00:00,35.7815,37.43887806044864
2020-05-04 19:15:00,35.3415,37.0114521644364
2020-05-04 19:30:00,34.9025,36.73650543328176
2020-05-04 19:45:00,34.6825,36.60926617099855
2020-05-04 20:00:00,34.463,36.5305948364808
2020-05-04 20:15:00,34.2435,36.58156038532598
2020-05-04 20:30:00,34.0235,36.27675437465352
2020-05-04 20:45:00,33.8035,36.266987534649296
2020-05-04 21:00:00,33.584,35.86070480470326
2020-05-04 21:15:00,33.3645,35.84099779463436
2020-05-04 21:30:00,33.3645,35.70306730066223
2020-05-04 21:45:00,33.1445,35.7123233057926
2020-05-04 22:00:00,32.9245,35.34510757547208
2020-05-04 22:15:00,32.705,34.94209309815803
2020-05-04 22:30:00,32.2655,34.552396341905
2020-05-04 22:45:00,32.0455,34.907577208612466
2020-05-04 23:00:00,31.826,34.83889859201174
2020-05-04 23:15:00,31.6065,34.37915030759641
2020-05-04 23:30:00,31.6065,34.54491345545231
2020-05-04 23:45:00,31.6065,34.38725099302129
2020-05-05 00:00:00,31.3865,34.0890360020031
2020-05-05 00:15:00,31.3865,33.96294826735181
2020-05-05 00:30:00,31.3865,34.19750415150217
2020-05-05 00:45:00,31.3865,34.041492938669165
2020-05-05 01:00:00,31.3865,34.063095881556286
2020-05-05 01:15:00,31.3865,33.942750806234585
2020-05-05 01:30:00,31.3865,34.123520726812714
2020-05-05 01:45:00,31.3865,34.20114837364907
2020-05-05 02:00:00,31.167,34.170411700994656
2020-05-05 02:15:00,30.9475,34.03133208109357
2020-05-05 02:30:00,30.9475,34.211444325238205
2020-05-05 02:45:00,30.288,33.88932486464733
2020-05-05 03:00:00,29.4095,33.88329116074188
2020-05-05 03:15:00,28.9695,33.913313911168544
2020-05-05 03:30:00,28.5305,33.72380186090509
2020-05-05 03:45:00,28.0905,33.795617146033806
2020-05-05 04:00:00,27.871,33.57273850606894
2020-05-05 04:15:00,27.6515,33.6385518866766
2020-05-05 04:30:00,27.4315,33.74501945943845
2020-05-05 04:45:00,27.4315,33.61772352446542
2020-05-05 05:00:00,27.4315,33.680732342324525
2020-05-05 05:15:00,27.4315,33.67100986996028
2020-05-05 05:30:00,27.212,33.760323307974545
2020-05-05 05:45:00,26.333,33.554626408088545
2020-05-05 06:00:00,26.1135,33.64506253506621
2020-05-05 06:15:00,25.894,33.666507832827754
2020-05-05 06:30:00,25.894,33.7632327924507
2020-05-05 06:45:00,26.1135,33.66542507817537
2020-05-05 07:00:00,26.333,33.677701381234755
2020-05-05 07:15:00,26.333,33.695347549317574
2020-05-05 07:30:00,25.894,33.88731269922611
2020-05-05 07:45:00,25.454,33.9554732281871
2020-05-05 08:00:00,25.015,34.09265383193554
2020-05-05 08:15:00,24.575,34.13205021671555
2020-05-05 08:30:00,24.136,34.05933567143485
2020-05-05 08:45:00,23.696,34.46115759713158
2020-05-05 09:00:00,23.4765,34.23352227942995
2020-05-05 09:15:00,23.4765,34.455714717882735
2020-05-05 09:30:00,23.257,34.577288006538
2020-05-05 09:45:00,23.257,34.66093532613038
2020-05-05 10:00:00,23.257,34.897625942169476
2020-05-05 10:15:00,23.4765,35.32885403203242
2020-05-05 10:30:00,23.4765,35.37921308374717
2020-05-05 10:45:00,23.916,35.42616838481529
2020-05-05 11:00:00,24.3555,36.0832891385518
2020-05-05 11:15:00,24.575,36.0975104770624
2020-05-05 11:30:00,25.015,36.25023517627364
2020-05-05 11:45:00,25.454,36.539793481831595
2020-05-05 12:00:00,25.674,36.980809195953796
2020-05-05 12:15:00,26.1135,36.84357710202709
2020-05-05 12:30:00,26.553,36.849983552133914
2020-05-05 12:45:00,26.992,37.36067329444742
2020-05-05 13:00:00,27.651,37.33933541284658
2020-05-05 13:15:00,28.091,37.42464764890758
2020-05-05 13:30:00,28.3105,37.96525311099176
2020-05-05 13:45:00,28.53,37.595011695323336
2020-05-05 14:00:00,28.75,37.76588035531782
2020-05-05 14:15:00,28.53,38.43868739929868
2020-05-05 14:30:00,28.3105,38.27068170552223
2020-05-05 14:45:00,28.3105,37.870693410657246
2020-05-05 15:00:00,28.5305,37.739599389096696
2020-05-05 15:15:00,28.75,37.80171256729989
2020-05-05 15:30:00,29.1895,38.2604132425396
2020-05-05 15:45:00,29.1895,37.475747846699456
2020-05-05 16:00:00,29.1895,37.629192028549475
2020-05-05 16:15:00,29.629,37.69559386041967
2020-05-05 16:30:00,29.849,37.07898918046435
2020-05-05 16:45:00,30.0685,37.17686541460622
2020-05-05 17:00:00,30.0685,37.60174157890858
2020-05-05 17:15:00,30.5075,37.332237744104226
2020-05-05 17:30:00,30.5075,37.6662550009888
2020-05-05 17:45:00,30.5075,38.13576244228563
2020-05-05 18:00:00,30.5075,37.96368310692408
2020-05-05 18:15:00,30.5075,37.77946848168081
2020-05-05 18:30:00,30.5075,37.862760027303125
2020-05-05 18:45:00,30.5075,37.804055320718135
2020-05-05 19:00:00,30.5075,37.6532702428651
2020-05-05 19:15:00,30.5075,36.93617552928779
2020-05-05 19:30:00,30.5075,37.004037091320804
2020-05-05 19:45:00,30.5075,36.65269314020491
2020-05-05 20:00:00,30.5075,36.929129398773135
2020-05-05 20:15:00,30.5075,36.380149489581996
2020-05-05 20:30:00,30.5075,36.46824442921215
2020-05-05 20:45:00,30.5075,36.06166775975971
2020-05-05 21:00:00,30.5075,36.06531125672286
2020-05-05 21:15:00,30.5075,36.12233387567971
2020-05-05 21:30:00,30.5075,35.66413701542717
2020-05-05 21:45:00,30.5075,34.983108519216024
2020-05-05 22:00:00,30.5075,34.692034834999156
2020-05-05 22:15:00,30.7275,34.412749815176305
2020-05-05 22:30:00,30.7275,34.45288530749435
2020-05-05 22:45:00,30.9475,34.22199482640013
2020-05-05 23:00:00,30.9475,34.470989349403084
2020-05-05 23:15:00,30.9475,34.38534909481449
2020-05-05 23:30:00,30.5075,34.13197243625075
2020-05-05 23:45:00,30.288,34.05220288454312
2020-05-06 00:00:00,30.068,33.839450972449704
2020-05-06 00:15:00,29.629,33.62779945146263
2020-05-06 00:30:00,29.629,33.46283709404398
2020-05-06 00:45:00,29.629,33.80123350319912
2020-05-06 01:00:00,29.629,33.855734695314965
2020-05-06 01:15:00,29.4095,33.540830909075964
2020-05-06 01:30:00,29.629,33.47028474625007
2020-05-06 01:45:00,29.629,33.710142065974445
2020-05-06 02:00:00,29.629,33.52410541760421
2020-05-06 02:15:00,29.629,33.50705077159407
2020-05-06 02:30:00,29.849,33.38898789882465
2020-05-06 02:45:00,29.849,33.65701892894821
2020-05-06 03:00:00,29.849,33.79282866514471
2020-05-06 03:15:00,29.849,34.12959651813153
2020-05-06 03:30:00,29.629,33.76540323915341
2020-05-06 03:45:00,29.4095,33.58262386180982
2020-05-06 04:00:00,29.1895,33.458983058254354
2020-05-06 04:15:00,29.1895,33.287595271354924
2020-05-06 04:30:00,28.9695,33.63241424700456
2020-05-06 04:45:00,28.75,33.39049151768909
2020-05-06 05:00:00,28.75,33.32519041919357
2020-05-06 05:15:00,28.75,33.72004958613798
2020-05-06 05:30:00,28.75,33.766103013561164
2020-05-06 05:45:00,28.75,33.33235138230939
2020-05-06 06:00:00,28.75,33.29820485246199
2020-05-06 06:15:00,29.1895,33.71090688951693
2020-05-06 06:30:00,29.1895,33.71024710087197
2020-05-06 06:45:00,29.1895,33.55947932776759
2020-05-06 07:00:00,29.629,33.78360276435189
2020-05-06 07:15:00,29.849,33.82606894002567
2020-05-06 07:30:00,30.0685,33.85012280967284
2020-05-06 07:45:00,30.288,33.81681663626354
2020-05-06 08:00:00,30.288,33.67357841709301
2020-05-06 08:15:00,30.7275,33.62129986328294
2020-05-06 08:30:00,30.7275,33.86355757117432
2020-05-06 08:45:00,30.7275,34.0471493020695
2020-05-06 09:00:00,30.288,33.81979614461628
2020-05-06 09:15:00,30.0685,34.1575040776486
2020-05-06 09:30:00,30.0685,34.406218627001735
2020-05-06 09:45:00,29.8485,34.712321130598845
2020-05-06 10:00:00,29.629,35.067957514429914
2020-05-06 10:15:00,29.629,35.742964422113104
2020-05-06 10:30:00,29.629,36.0164415137837
2020-05-06 10:45:00,29.629,35.98599364190423
2020-05-06 11:00:00,29.629,36.14566384049238
2020-05-06 11:15:00,29.629,36.74964820562907
2020-05-06 11:30:00,29.1895,37.03834217707954
2020-05-06 11:45:00,28.5305,37.375198884193644
2020-05-06 12:00:00,28.0905,37.299883143082454
2020-05-06 12:15:00,27.432,37.664527130998344
2020-05-06 12:30:00,27.432,38.10360674166515
2020-05-06 12:45:00,27.432,37.821507331582595
2020-05-06 13:00:00,27.432,38.11162889476628
2020-05-06 13:15:00,27.6515,37.935670408213134
2020-05-06 13:30:00,27.871,38.041409555990384
2020-05-06 13:45:00,28.0905,37.98814244409244
2020-05-06 14:00:00,28.5305,37.97856919142324
2020-05-06 14:15:00,28.75,38.384957616444666
2020-05-06 14:30:00,28.75,38.28507134275019
2020-05-06 14:45:00,28.75,38.42240521476456
2020-05-06 15:00:00,28.75,38.321130239862335
2020-05-06 15:15:00,28.9695,38.256575230469934
2020-05-06 15:30:00,29.1895,38.4448936379431
2020-05-06 15:45:00,29.4095,38.00483386905717
2020-05-06 16:00:00,29.629,38.17795359762667
2020-05-06 16:15:00,29.849,37.73320253309293
2020-05-06 16:30:00,30.0685,38.65925845864193
2020-05-06 16:45:00,30.0685,37.771518539081576
2020-05-06 17:00:00,30.0685,36.92715868601102
2020-05-06 17:15:00,29.4095,38.13314688297387
2020-05-06 17:30:00,29.4095,37.668574961180525
2020-05-06 17:45:00,29.4095,37.228238582137664
2020-05-06 18:00:00,29.4095,37.77815811068248
2020-05-06 18:15:00,29.4095,37.68142403006671
2020-05-06 18:30:00,29.629,38.06505729120514
2020-05-06 18:45:00,29.629,37.24527128598688
2020-05-06 19:00:00,29.629,37.96497845886677
2020-05-06 19:15:00,29.629,37.44455818902701
2020-05-06 19:30:00,29.849,37.154781285713476
2020-05-06 19:45:00,29.849,37.520655078434125
2020-05-06 20:00:00,29.629,37.12438710923029
2020-05-06 20:15:00,29.629,37.23729408373294
2020-05-06 20:30:00,29.409,36.659853207439475
2020-05-06 20:45:00,29.1895,36.77268078812725
2020-05-06 21:00:00,29.1895,36.22872834875837
2020-05-06 21:15:00,29.1895,35.953939497595
2020-05-06 21:30:00,29.1895,35.80453779566692
2020-05-06 21:45:00,28.9695,35.344313921585375
2020-05-06 22:00:00,28.9695,35.22589514552859
2020-05-06 22:15:00,28.9695,34.94901391195628
2020-05-06 22:30:00,28.9695,34.60961598321118
2020-05-06 22:45:00,28.75,34.83031621443036
2020-05-06 23:00:00,28.5305,34.66725487164828
2020-05-06 23:15:00,28.0905,34.21971375525605
2020-05-06 23:30:00,28.0905,34.26585292107197
2020-05-06 23:45:00,27.871,34.215927372024886
2020-05-07 00:00:00,27.4315,34.154902507008934
2020-05-07 00:15:00,27.212,34.1896063385038
2020-05-07 00:30:00,26.9925,34.2080592930642
2020-05-07 00:45:00,26.7725,34.238747399821264
2020-05-07 01:00:00,26.5525,34.020031795394544
2020-05-07 01:15:00,26.5525,33.87255195750888
2020-05-07 01:30:00,26.333,33.88172314223196
2020-05-07 01:45:00,26.333,33.91606031112901
2020-05-07 02:00:00,26.333,33.96326417245792
2020-05-07 02:15:00,26.1135,34.091589933413125
2020-05-07 02:30:00,26.1135,33.8148498872088
2020-05-07 02:45:00,25.8935,33.62780684499245
2020-05-07 03:00:00,25.8935,34.040046989452456
2020-05-07 03:15:00,25.674,33.58470588869146
2020-05-07 03:30:00,25.674,33.56834344109563
2020-05-07 03:45:00,25.674,33.5763255421916
2020-05-07 04:00:00,25.674,33.64921271342755
2020-05-07 04:15:00,25.674,33.76815584128697
2020-05-07 04:30:00,25.674,33.53881642033356
2020-05-07 04:45:00,25.4545,33.87223686439564
2020-05-07 05:00:00,25.4545,33.70943263426062
2020-05-07 05:15:00,25.4545,33.71745072040673
2020-05-07 05:30:00,25.4545,33.940932119403435
2020-05-07 05:45:00,25.4545,33.7714934120405
2020-05-07 06:00:00,25.4545,33.51019960332431
2020-05-07 06:15:00,25.4545,33.833464818377
2020-05-07 06:30:00,25.4545,33.79832536785595
2020-05-07 06:45:00,25.4545,33.21797951512374
2020-05-07 07:00:00,25.4545,34.0286091931728
2020-05-07 07:15:00,25.4545,34.00682021429821
2020-05-07 07:30:00,25.4545,33.88194718065141
2020-05-07 07:45:00,25.4545,34.022500673314845
2020-05-07 08:00:00,25.4545,34.166155047001126
2020-05-07 08:15:00,25.2345,34.19961426996837
2020-05-07 08:30:00,25.2345,33.75914619114371
2020-05-07 08:45:00,25.2345,34.227071531616474
2020-05-07 09:00:00,25.2345,34.60883063699678
2020-05-07 09:15:00,25.4545,34.872436113278155
2020-05-07 09:30:00,25.4545,34.828055500338664
2020-05-07 09:45:00,25.674,34.976889021154584
2020-05-07 10:00:00,25.8935,35.940827413532745
2020-05-07 10:15:00,25.8935,35.357620102584406
2020-05-07 10:30:00,26.1135,35.94671487725159
2020-05-07 10:45:00,26.1135,35.88253843573937
2020-05-07 11:00:00,26.1135,36.39682201888592
2020-05-07 11:15:00,26.333,36.51413268384156
2020-05-07 11:30:00,26.333,37.19142591950051
2020-05-07 11:45:00,26.333,37.09608633750442
2020-05-07 12:00:00,26.333,37.07021101096834
2020-05-07 12:15:00,26.333,37.76816637043244
2020-05-07 12:30:00,26.7725,37.44647989088978
2020-05-07 12:45:00,27.212,37.163898347846974
2020-05-07 13:00:00,27.212,37.87768718159413
2020-05-07 13:15:00,27.6515,37.97321188902237
2020-05-07 13:30:00,27.6515,37.75392567993617
2020-05-07 13:45:00,27.6515,38.51643421329878
2020-05-07 14:00:00,27.6515,37.90671096658794
2020-05-07 14:15:00,27.6515,37.72735696761617
2020-05-07 14:30:00,27.6515,37.63550776050575
2020-05-07 14:45:00,27.6515,37.85823412978036
2020-05-07 15:00:00,27.6515,37.55970915848094
2020-05-07 15:15:00,27.6515,37.74192415018574
2020-05-07 15:30:00,27.6515,37.9111320149251
2020-05-07 15:45:00,27.6515,37.221060094734526
2020-05-07 16:00:00,27.6515,37.68820461359857
2020-05-07 16:15:00,27.871,37.71177763668099
2020-05-07 16:30:00,27.871,37.90008919282545
2020-05-07 16:45:00,27.871,37.5170104387563
2020-05-07 17:00:00,27.871,37.45880302431199
2020-05-07 17:15:00,27.871,37.96442737001052
2020-05-07 17:30:00,27.871,37.62255230833876
2020-05-07 17:45:00,27.871,36.6935979145626
2020-05-07 18:00:00,27.871,36.70923601311669
2020-05-07 18:15:00,27.871,36.75630934217413
2020-05-07 18:30:00,27.871,36.953638896355436
2020-05-07 18:45:00,27.871,36.94021991278282
2020-05-07 19:00:00,27.6515,37.11323987187962
2020-05-07 19:15:00,27.6515,36.991660918978916
2020-05-07 19:30:00,27.6515,36.83252582310895
2020-05-07 19:45:00,27.6515,36.985322313155514
2020-05-07 20:00:00,27.6515,36.30613475490532
2020-05-07 20:15:00,27.432,36.479627694255164
2020-05-07 20:30:00,27.432,36.442132120302354
2020-05-07 20:45:00,27.212,35.787281717682745
2020-05-07 21:00:00,27.212,35.978805118816496
2020-05-07 21:15:00,27.212,35.767538417614965
2020-05-07 21:30:00,27.212,35.78288858729
2020-05-07 21:45:00,27.212,35.311104416602305
2020-05-07 22:00:00,26.7725,35.04702948984555
2020-05-07 22:15:00,26.7725,35.11399838027839
2020-05-07 22:30:00,26.7725,34.82914324017848
2020-05-07 22:45:00,26.7725,34.20918292584106
2020-05-07 23:00:00,26.7725,34.034526953749314
2020-05-07 23:15:00,26.7725,34.08488905127987
2020-05-07 23:30:00,26.7725,34.170721892668226
2020-05-07 23:45:00,26.7725,34.115430170789026
2020-05-08 00:00:00,26.5525,34.10068188976321
2020-05-08 00:15:00,26.5525,34.147853860671525
2020-05-08 00:30:00,26.333,33.78617780201814
2020-05-08 00:45:00,26.333,33.868785750115975
2020-05-08 01:00:00,26.333,33.90884630712496
2020-05-08 01:15:00,26.333,34.23312897508679
2020-05-08 01:30:00,26.333,33.87469454860518
2020-05-08 01:45:00,26.333,33.91959996677268
2020-05-08 02:00:00,26.333,33.845078692028224
2020-05-08 02:15:00,26.333,33.99387669714616
2020-05-08 02:30:00,26.333,33.93063472852078
2020-05-08 02:45:00,26.333,33.80462483289615
2020-05-08 03:00:00,26.333,33.858454706734605
2020-05-08 03:15:00,26.333,33.63881361699897
2020-05-08 03:30:00,26.333,33.994968710885885
2020-05-08 03:45:00,26.333,33.845195061327615
2020-05-08 04:00:00,26.333,33.83944961964774
2020-05-08 04:15:00,26.333,33.8986130084487
2020-05-08 04:30:00,26.333,33.835702885710745
2020-05-08 04:45:00,26.333,33.65150970859101
2020-05-08 05:00:00,26.333,33.76504761778435
2020-05-08 05:15:00,26.333,33.633995298132454
2020-05-08 05:30:00,25.8935,33.865985836162075
2020-05-08 05:45:00,25.8935,33.82951142842389
2020-05-08 06:00:00,25.8935,33.86834115979893
2020-05-08 06:15:00,25.8935,33.95912897191932
2020-05-08 06:30:00,25.8935,33.472474902578156
2020-05-08 06:45:00,25.8935,33.59814242535977
2020-05-08 07:00:00,25.8935,33.50193807884511
2020-05-08 07:15:00,25.8935,33.77724983415793
2020-05-08 07:30:00,26.1135,33.829023663011796
2020-05-08 07:45:00,26.333,34.12096520753479
2020-05-08 08:00:00,26.7725,34.335353493331695
2020-05-08 08:15:00,26.9925,33.538405137704906
2020-05-08 08:30:00,27.6515,33.82683766169248
2020-05-08 08:45:00,28.3105,34.36735958102676
2020-05-08 09:00:00,28.5305,34.33009108686107
2020-05-08 09:15:00,28.9695,34.10163597929578
2020-05-08 09:30:00,29.4095,34.253167990518975
2020-05-08 09:45:00,29.8485,34.665601942482986
2020-05-08 10:00:00,30.288,35.024442138451214
2020-05-08 10:15:00,30.7275,34.98983793320201
2020-05-08 10:30:00,31.167,35.07126083593663
2020-05-08 10:45:00,32.0455,35.78556355315589
2020-05-08 11:00:00,33.3645,36.3110388666403
2020-05-08 11:15:00,34.243,36.449994466090956
2020-05-08 11:30:00,35.122,36.04170292773478
2020-05-08 11:45:00,35.781,36.84911593977242
2020-05-08 12:00:00,36.66,36.583361470672735
2020-05-08 12:15:00,37.1,37.15673381447754
2020-05-08 12:30:00,37.539,37.45456964705514
2020-05-08 12:45:00,37.7585,37.175982587579384
2020-05-08 13:00:00,37.539,37.07159362149465
2020-05-08 13:15:00,37.539,37.116932183204625
2020-05-08 13:30:00,37.9785,37.05325309320108
2020-05-08 13:45:00,39.0775,36.9272968908323
2020-05-08 14:00:00,39.956,37.643191368340766
2020-05-08 14:15:00,40.835,37.717914601719535
2020-05-08 14:30:00,41.494,37.48455088465444
2020-05-08 14:45:00,41.714,37.47325928585111
2020-05-08 15:00:00,42.153,37.581788519017394
2020-05-08 15:15:00,42.153,37.831900361390666
2020-05-08 15:30:00,41.9335,37.60243895533503
2020-05-08 15:45:00,41.494,37.712897280731006
2020-05-08 16:00:00,41.0545,37.494976421506614
2020-05-08 16:15:00,40.6155,37.6948110701644
2020-05-08 16:30:00,39.956,37.26231129544318
2020-05-08 16:45:00,39.297,37.37814055564819
2020-05-08 17:00:00,38.8575,36.75976722600934
2020-05-08 17:15:00,38.418,37.113071526676194
2020-05-08 17:30:00,37.9785,36.713679449299896
2020-05-08 17:45:00,37.539,36.6393593895555
2020-05-08 18:00:00,37.0995,36.498792887874956
2020-05-08 18:15:00,36.66,36.719682338395565
2020-05-08 18:30:00,36.2205,36.28740379768255
2020-05-08 18:45:00,35.5615,36.750654033961496
2020-05-08 19:00:00,35.122,36.541287428542525
2020-05-08 19:15:00,34.463,36.519490665583206
2020-05-08 19:30:00,34.0235,37.06726238255737
2020-05-08 19:45:00,33.3645,36.43635272410915
2020-05-08 20:00:00,32.9245,36.428911909187015
2020-05-08 20:15:00,32.4855,36.648510081758964
2020-05-08 20:30:00,31.826,36.06694043793339
2020-05-08 20:45:00,31.3865,35.25326565720264
2020-05-08 21:00:00,30.9475,35.798146101913275
2020-05-08 21:15:00,30.5075,35.60179408269927
2020-05-08 21:30:00,30.0685,35.69958642150319
2020-05-08 21:45:00,29.8485,35.44542667349445
2020-05-08 22:00:00,29.4095,35.14342498791998
2020-05-08 22:15:00,29.1895,34.73681269818067
2020-05-08 22:30:00,28.75,34.72631200690678
2020-05-08 22:45:00,28.5305,34.619037045253094
2020-05-08 23:00:00,28.3105,34.400531656930816
2020-05-08 23:15:00,28.0905,33.977607810074375
2020-05-08 23:30:00,27.6515,34.04145943423889
2020-05-08 23:45:00,27.6515,34.135500455882195
2020-05-09 00:00:00,27.212,33.942072863327
2020-05-09 00:15:00,26.9925,33.991305175860084
2020-05-09 00:30:00,26.7725,34.0993619163225
2020-05-09 00:45:00,26.7725,34.455638334823206
2020-05-09 01:00:00,26.333,34.13764952731935
2020-05-09 01:15:00,26.1135,33.972367111555485
2020-05-09 01:30:00,25.8935,34.194757713535516
2020-05-09 01:45:00,25.4545,34.07801003725483
2020-05-09 02:00:00,25.4545,33.97601725756292
2020-05-09 02:15:00,25.0145,33.95072729931406
2020-05-09 02:30:00,25.0145,34.19507636409744
2020-05-09 02:45:00,24.5755,34.0781501712999
2020-05-09 03:00:00,24.5755,33.88090978383476
2020-05-09 03:15:00,24.5755,33.88182390908903
2020-05-09 03:30:00,24.3555,34.34729870668268
2020-05-09 03:45:00,24.3555,34.109736598315074
2020-05-09 04:00:00,24.1355,33.738506006056056
2020-05-09 04:15:00,23.916,33.598395975123665
2020-05-09 04:30:00,23.6965,33.809041454810306
2020-05-09 04:45:00,23.4765,33.628309997004955
2020-05-09 05:00:00,23.2565,33.369366508506
2020-05-09 05:15:00,22.8175,33.753154478352556
2020-05-09 05:30:00,22.598,33.412093593885295
2020-05-09 05:45:00,22.378,33.80150291733555
2020-05-09 06:00:00,22.378,33.3682784128187
2020-05-09 06:15:00,22.378,33.44674374842833
2020-05-09 06:30:00,22.378,33.700383474928834
2020-05-09 06:45:00,22.378,33.37921218713146
2020-05-09 07:00:00,22.5975,33.4861126972792
2020-05-09 07:15:00,23.037,33.563878006374146
2020-05-09 07:30:00,23.6965,33.666009846347535
2020-05-09 07:45:00,24.3555,33.58349129530888
2020-05-09 08:00:00,25.015,33.37291588139961
2020-05-09 08:15:00,25.894,33.46869878899765
2020-05-09 08:30:00,26.7725,33.38869444660854
2020-05-09 08:45:00,27.6515,33.774424551462374
2020-05-09 09:00:00,28.5305,33.8070243146744
2020-05-09 09:15:00,29.4095,33.556901522248914
2020-05-09 09:30:00,30.2885,33.38142649101271
2020-05-09 09:45:00,31.167,33.63472308819129
2020-05-09 10:00:00,32.0455,34.01070433237606
2020-05-09 10:15:00,32.9245,34.02374191214305
2020-05-09 10:30:00,34.463,34.05649305281191
2020-05-09 10:45:00,35.3415,33.81497672458178
2020-05-09 11:00:00,36.2205,34.361086797278254
2020-05-09 11:15:00,36.66,34.335272571336375
2020-05-09 11:30:00,36.88,34.32907736790103
2020-05-09 11:45:00,37.3195,34.290900532410674
2020-05-09 12:00:00,37.3195,34.63453196665714
2020-05-09 12:15:00,37.7585,34.94327307569668
2020-05-09 12:30:00,37.759,35.072981553156275
2020-05-09 12:45:00,38.198,35.276579426606105
2020-05-09 13:00:00,39.5165,35.06606642364111
2020-05-09 13:15:00,40.176,35.260876001361105
2020-05-09 13:30:00,40.835,35.4441620360673
2020-05-09 13:45:00,41.494,35.75478774898268
2020-05-09 14:00:00,41.9335,35.599171512398364
2020-05-09 14:15:00,42.373,35.564488298720995
2020-05-09 14:30:00,42.373,35.81838735858819
2020-05-09 14:45:00,42.593,36.10182181284891
2020-05-09 15:00:00,42.373,36.122309751778516
2020-05-09 15:15:00,41.9335,36.51557383824407
2020-05-09 15:30:00,41.494,36.596721572992564
2020-05-09 15:45:00,40.6155,36.372449411273756
2020-05-09 16:00:00,39.7365,36.47932343424402
2020-05-09 16:15:00,38.8575,36.17454142795543
2020-05-09 16:30:00,38.418,35.55808626444729
2020-05-09 16:45:00,37.7585,35.668254770390256
2020-05-09 17:00:00,37.0995,35.78263970105577
2020-05-09 17:15:00,36.66,35.95118647843015
2020-05-09 17:30:00,36.001,35.5967507442928
2020-05-09 17:45:00,35.5615,35.826830708507465
2020-05-09 18:00:00,35.122,35.89794617670886
2020-05-09 18:15:00,34.6825,35.542107689747105
2020-05-09 18:30:00,34.2435,35.917374048727716
2020-05-09 18:45:00,33.8035,35.616155785698275
2020-05-09 19:00:00,33.3645,35.90231913177873
2020-05-09 19:15:00,32.9245,36.48324603308152
2020-05-09 19:30:00,32.4855,36.00435377721158
2020-05-09 19:45:00,32.2655,36.63943483156958
2020-05-09 20:00:00,32.0455,36.04435322626361
2020-05-09 20:15:00,31.6065,36.58941032708636
2020-05-09 20:30:00,31.167,36.28006939945863
2020-05-09 20:45:00,30.7275,35.58467445769131
2020-05-09 21:00:00,30.5075,35.80579620159731
2020-05-09 21:15:00,30.288,35.56045554273192
2020-05-09 21:30:00,29.8485,35.641957885301196
2020-05-09 21:45:00,29.4095,35.68109509533921
2020-05-09 22:00:00,29.1895,35.69408922952248
2020-05-09 22:15:00,28.9695,35.33279581455867
2020-05-09 22:30:00,28.75,35.31117291239086
2020-05-09 22:45:00,28.5305,35.41588816607297
2020-05-09 23:00:00,28.3105,34.54763005878369
2020-05-09 23:15:00,28.0905,34.1420810335742
2020-05-09 23:30:00,27.871,34.378506781153646
2020-05-09 23:45:00,27.6515,34.27506696000054
2020-05-10 00:00:00,27.6515,33.98830043731588
2020-05-10 00:15:00,27.6515,34.36236245911023
2020-05-10 00:30:00,27.4315,33.96217920032271
2020-05-10 00:45:00,27.212,33.850434001882746
2020-05-10 01:00:00,27.212,34.311581983251386
2020-05-10 01:15:00,26.7725,34.16616564225897
2020-05-10 01:30:00,26.7725,33.78154139878844
2020-05-10 01:45:00,26.333,33.68298108988753
2020-05-10 02:00:00,26.333,33.8755828460656
2020-05-10 02:15:00,26.1135,33.985582199556596
2020-05-10 02:30:00,25.8935,34.0652090873415
2020-05-10 02:45:00,25.8935,33.62119144348666
2020-05-10 03:00:00,25.8935,33.62660708408563
2020-05-10 03:15:00,25.4545,33.60811159336304
2020-05-10 03:30:00,25.4545,33.66282557402522
2020-05-10 03:45:00,25.2345,33.55037411443304
2020-05-10 04:00:00,25.0145,33.59781772221623
2020-05-10 04:15:00,25.0145,33.50844480755982
2020-05-10 04:30:00,24.795,33.31223823352202
2020-05-10 04:45:00,24.5755,33.436052554690455
2020-05-10 05:00:00,24.5755,33.544976502587296
2020-05-10 05:15:00,24.5755,33.474571861510725
2020-05-10 05:30:00,24.5755,33.48528279021217
2020-05-10 05:45:00,24.1355,33.38839414613839
2020-05-10 06:00:00,24.1355,33.52925657671499
2020-05-10 06:15:00,24.1355,33.26406645609629
2020-05-10 06:30:00,24.1355,33.27593300176888
2020-05-10 06:45:00,24.1355,33.20233525498218
2020-05-10 07:00:00,24.1355,33.330820264262854
2020-05-10 07:15:00,24.5755,33.61724054934157
2020-05-10 07:30:00,24.795,33.66044482301686
2020-05-10 07:45:00,25.0145,33.99191697371983
2020-05-10 08:00:00,25.2345,34.234484772863134
2020-05-10 08:15:00,25.454,33.63154524243471
2020-05-10 08:30:00,25.674,33.8981488775403
2020-05-10 08:45:00,26.1135,33.62146714605458
2020-05-10 09:00:00,26.553,33.675509963272034
2020-05-10 09:15:00,26.992,33.93681583207907
2020-05-10 09:30:00,27.212,33.86027404596679
2020-05-10 09:45:00,27.651,34.05510108900554
2020-05-10 10:00:00,27.871,34.2814928632367
2020-05-10 10:15:00,28.75,34.13915855340169
2020-05-10 10:30:00,29.1895,33.96912376572515
2020-05-10 10:45:00,30.0685,34.10466333519937
2020-05-10 11:00:00,30.7275,34.28130170682765
2020-05-10 11:15:00,31.167,34.37182130376379
2020-05-10 11:30:00,31.3865,34.693239900584906
2020-05-10 11:45:00,31.6065,35.39879154686882
2020-05-10 12:00:00,31.826,34.968013855078965
2020-05-10 12:15:00,31.826,35.03904072809951
2020-05-10 12:30:00,31.826,35.406344926246256
2020-05-10 12:45:00,32.0455,35.949991452729556
2020-05-10 13:00:00,32.2655,35.536112611558295
2020-05-10 13:15:00,33.1445,35.76222640923337
2020-05-10 13:30:00,34.0235,35.701153922468436
2020-05-10 13:45:00,34.0235,35.93305255866953
2020-05-10 14:00:00,35.5615,36.353403272896244
2020-05-10 14:15:00,36.44,36.314873148882604
2020-05-10 14:30:00,37.0995,36.383312131909285
2020-05-10 14:45:00,37.539,36.457254660866596
2020-05-10 15:00:00,37.759,36.67008230674493
2020-05-10 15:15:00,37.9785,36.4144792564584
2020-05-10 15:30:00,37.9785,36.82540238394822
2020-05-10 15:45:00,37.539,36.78570279428089
2020-05-10 16:00:00,36.8795,36.32223782204085
2020-05-10 16:15:00,36.4405,36.129435336315375
2020-05-10 16:30:00,35.781,35.59115126232444
2020-05-10 16:45:00,35.342,36.23341899507384
2020-05-10 17:00:00,34.902,35.991990536210366
2020-05-10 17:15:00,34.2435,36.1457918287142
2020-05-10 17:30:00,33.8035,34.98493106913376
2020-05-10 17:45:00,33.3645,35.5146093774517
2020-05-10 18:00:00,32.9245,35.25754337649078
2020-05-10 18:15:00,32.4855,35.596373037197964
2020-05-10 18:30:00,32.0455,36.53696195873662
2020-05-10 18:45:00,31.6065,36.36246673637967
2020-05-10 19:00:00,31.167,36.2160041461051
2020-05-10 19:15:00,30.947,36.179777649224626
2020-05-10 19:30:00,30.7275,35.85322774023182
2020-05-10 19:45:00,30.288,35.777604242603815
2020-05-10 20:00:00,30.0685,35.69617966233339
2020-05-10 20:15:00,29.8485,35.89323237589814
2020-05-10 20:30:00,29.8485,35.899889126746956
2020-05-10 20:45:00,29.4095,35.80971567417558
2020-05-10 21:00:00,29.4095,36.51471399200298
2020-05-10 21:15:00,29.4095,36.14539263526373
2020-05-10 21:30:00,29.1895,35.661338630694196
2020-05-10 21:45:00,28.9695,35.81796628743807
2020-05-10 22:00:00,28.9695,35.232127849763366
2020-05-10 22:15:00,28.9695,35.274296191637504
2020-05-10 22:30:00,28.5305,34.86840089771595
2020-05-10 22:45:00,28.5305,35.189754398391834
2020-05-10 23:00:00,28.5305,34.84740083322817
2020-05-10 23:15:00,28.3105,34.3625781767114
2020-05-10 23:30:00,28.3105,34.33144738234195
2020-05-10 23:45:00,27.871,34.28678984152126
2020-05-11 00:00:00,27.871,33.958217576019415
2020-05-11 00:15:00,27.871,33.772989834866536
2020-05-11 00:30:00,27.4315,33.607748604178234
2020-05-11 00:45:00,27.4315,33.870369061380394
2020-05-11 01:00:00,27.4315,33.845611958783586
2020-05-11 01:15:00,27.4315,33.73382895841465
2020-05-11 01:30:00,27.4315,34.07235040627348
2020-05-11 01:45:00,27.212,33.87075556561583
2020-05-11 02:00:00,27.212,33.62963089446533
2020-05-11 02:15:00,26.9925,33.89748378600704
2020-05-11 02:30:00,26.9925,33.56711649575456
2020-05-11 02:45:00,26.7725,33.787032204410295
2020-05-11 03:00:00,26.7725,33.97850653537149
2020-05-11 03:15:00,26.7725,33.8673471678235
2020-05-11 03:30:00,26.7725,33.7988603667642
2020-05-11 03:45:00,26.553,33.83357255085337
2020-05-11 04:00:00,26.553,33.7709452814037
2020-05-11 04:15:00,26.333,33.78644676309377
2020-05-11 04:30:00,26.333,33.51753619223471
2020-05-11 04:45:00,26.333,33.38559356998074
2020-05-11 05:00:00,26.1135,33.53038406791752
2020-05-11 05:15:00,26.1135,33.15860053449591
2020-05-11 05:30:00,25.8935,33.28753977625344
2020-05-11 05:45:00,25.8935,33.33879900055116
2020-05-11 06:00:00,25.8935,33.570516997482756
2020-05-11 06:15:00,25.8935,33.54511945495982
2020-05-11 06:30:00,25.8935,33.57211065926381
2020-05-11 06:45:00,25.8935,33.69358424546744
2020-05-11 07:00:00,26.1135,33.586804838524536
2020-05-11 07:15:00,26.1135,33.46925657296265
2020-05-11 07:30:00,26.1135,33.338735060888844
2020-05-11 07:45:00,26.5525,33.72718795609656
2020-05-11 08:00:00,26.5525,33.496654448538024
2020-05-11 08:15:00,26.9925,33.3258330929608
2020-05-11 08:30:00,27.4315,33.275519767885555
2020-05-11 08:45:00,27.651,33.472759941895134
2020-05-11 09:00:00,28.3105,33.464109491516794
2020-05-11 09:15:00,28.75,33.69769666558787
2020-05-11 09:30:00,29.1895,34.22741914909307
2020-05-11 09:45:00,29.1895,33.964539763029
2020-05-11 10:00:00,29.629,34.13467002032477
2020-05-11 10:15:00,29.629,34.12125477459719
2020-05-11 10:30:00,30.0685,34.14215642041837
2020-05-11 10:45:00,30.0685,34.60907299750211
2020-05-11 11:00:00,30.0685,34.397943688278325
2020-05-11 11:15:00,30.0685,34.59462302683991
2020-05-11 11:30:00,30.0685,34.58275169608001
2020-05-11 11:45:00,30.288,35.20816964104917
2020-05-11 12:00:00,30.5075,35.054382306986106
2020-05-11 12:15:00,30.9475,35.83962905410154
2020-05-11 12:30:00,30.9475,35.8622828244773
2020-05-11 12:45:00,31.3865,36.157823694225065
2020-05-11 13:00:00,31.826,35.821226105864625
2020-05-11 13:15:00,32.2655,35.906399022353
2020-05-11 13:30:00,32.9245,36.225968790016424
2020-05-11 13:45:00,33.584,35.965230829242344
2020-05-11 14:00:00,34.463,36.20679781309301
2020-05-11 14:15:00,34.6825,36.22150153460266
2020-05-11 14:30:00,35.122,36.87483976422407
2020-05-11 14:45:00,35.7815,36.633957625719795
2020-05-11 15:00:00,36.001,36.3947836018674
2020-05-11 15:15:00,36.4405,36.111313570971
2020-05-11 15:30:00,36.4405,36.33531637583969
2020-05-11 15:45:00,36.4405,36.38949613997119
2020-05-11 16:00:00,36.4405,36.206850471846245
2020-05-11 16:15:00,36.4405,36.39075649693914
2020-05-11 16:30:00,36.2205,36.30292714789018
2020-05-11 16:45:00,36.001,36.34848378492361
2020-05-11 17:00:00,36.001,36.59865398861886
2020-05-11 17:15:00,35.5615,35.945541230411365
2020-05-11 17:30:00,35.5615,35.62052538376438
2020-05-11 17:45:00,35.3415,35.45615210389608
2020-05-11 18:00:00,35.122,35.80470601395913
2020-05-11 18:15:00,34.9025,35.60476176054154
2020-05-11 18:30:00,34.9025,35.443880786551105
2020-05-11 18:45:00,34.6825,36.1043012190242
2020-05-11 19:00:00,34.463,35.79658097359615
2020-05-11 19:15:00,34.463,35.67497704033229
2020-05-11 19:30:00,34.2435,35.85260503859841
2020-05-11 19:45:00,34.0235,36.14866556174404
2020-05-11 20:00:00,34.0235,35.94217666260631
2020-05-11 20:15:00,34.0235,35.895312860845884
2020-05-11 20:30:00,33.8035,35.63366704070559
2020-05-11 20:45:00,33.584,35.4973475467139
2020-05-11 21:00:00,33.584,34.783305914608825
2020-05-11 21:15:00,33.584,35.5062014964362
2020-05-11 21:30:00,33.584,34.86323494097197
2020-05-11 21:45:00,33.3645,34.93095132220728
2020-05-11 22:00:00,33.3645,34.89216143029477
2020-05-11 22:15:00,33.3645,34.83004354243325
2020-05-11 22:30:00,33.1445,34.62569502850959
2020-05-11 22:45:00,33.1445,34.38094767418817
2020-05-11 23:00:00,32.9245,34.51525609893113
2020-05-11 23:15:00,32.9245,34.495180487383806
2020-05-11 23:30:00,32.9245,33.83227238903512
2020-05-11 23:45:00,32.9245,33.92572311676019
2020-05-12 00:00:00,32.705,33.93809078607225
2020-05-12 00:15:00,32.4855,33.848218917139384
2020-05-12 00:30:00,32.4855,33.6959842092943
2020-05-12 00:45:00,32.2655,33.86096440392478
2020-05-12 01:00:00,32.2655,33.70148106890767
2020-05-12 01:15:00,32.2655,33.84692916012375
2020-05-12 01:30:00,32.0455,33.72093400688204
2020-05-12 01:45:00,32.0455,33.80703566267676
2020-05-12 02:00:00,31.826,33.67223183587775
2020-05-12 02:15:00,31.826,33.85211551654818
2020-05-12 02:30:00,31.826,33.6639228582579
2020-05-12 02:45:00,31.826,33.731535847860485
2020-05-12 03:00:00,31.3865,33.76405508964717
2020-05-12 03:15:00,30.7275,33.637588168031854
2020-05-12 03:30:00,30.068,33.74313906182088
2020-05-12 03:45:00,29.4095,33.779906397256475
2020-05-12 04:00:00,29.1895,33.7729245656766
2020-05-12 04:15:00,28.75,33.83467717279154
2020-05-12 04:30:00,28.53,33.6436848328996
2020-05-12 04:45:00,28.3105,33.66223391988522
2020-05-12 05:00:00,28.0905,33.365665137584244
2020-05-12 05:15:00,27.871,33.63953785665412
2020-05-12 05:30:00,27.871,33.96855703466549
2020-05-12 05:45:00,27.6515,33.71622441915909
2020-05-12 06:00:00,27.6515,33.750948650888326
2020-05-12 06:15:00,27.6515,33.65121907452549
2020-05-12 06:30:00,27.6515,33.584722369583744
2020-05-12 06:45:00,27.6515,33.796164323571574
2020-05-12 07:00:00,27.6515,33.838220271710405
2020-05-12 07:15:00,27.6515,33.90844043718225
2020-05-12 07:30:00,27.4315,33.84116141708242
2020-05-12 07:45:00,27.212,33.50202631669138
2020-05-12 08:00:00,26.7725,33.6381956655501
2020-05-12 08:15:00,26.7725,33.37591796550704
2020-05-12 08:30:00,26.7725,33.30099704393832
2020-05-12 08:45:00,26.553,33.14155792608456
2020-05-12 09:00:00,26.553,33.31926461505198
2020-05-12 09:15:00,26.553,33.29746884236801
2020-05-12 09:30:00,26.992,33.30665372066426
2020-05-12 09:45:00,27.212,33.34331717981828
2020-05-12 10:00:00,27.6515,33.088784780735715
2020-05-12 10:15:00,28.0905,33.22546483049358
2020-05-12 10:30:00,28.3105,33.138880676038674
2020-05-12 10:45:00,28.75,33.052379740324746
2020-05-12 11:00:00,29.1895,33.716237260889024
2020-05-12 11:15:00,29.629,33.363219981782834
2020-05-12 11:30:00,30.0685,34.46569567082147
2020-05-12 11:45:00,30.0685,33.76934170068203
2020-05-12 12:00:00,30.288,34.765124950647184
2020-05-12 12:15:00,30.5075,34.149759067138355
2020-05-12 12:30:00,30.7275,34.86380298296197
2020-05-12 12:45:00,30.9475,34.97549233998859
2020-05-12 13:00:00,30.9475,34.713451654513236
2020-05-12 13:15:00,31.167,35.964559738052984
2020-05-12 13:30:00,31.6065,35.238104857473424
2020-05-12 13:45:00,31.6065,35.49898985403402
2020-05-12 14:00:00,32.0455,35.11818269923845
2020-05-12 14:15:00,32.0455,35.562114235597726
2020-05-12 14:30:00,32.0455,35.88553450746844
2020-05-12 14:45:00,32.0455,35.455453484089325
2020-05-12 15:00:00,32.0455,36.03531099967565
2020-05-12 15:15:00,32.2655,35.92254675917297
2020-05-12 15:30:00,32.2655,35.82154856540094
2020-05-12 15:45:00,32.2655,36.201870933182725
2020-05-12 16:00:00,32.4855,36.48378794054567
2020-05-12 16:15:00,32.4855,36.40496688836027
2020-05-12 16:30:00,32.4855,35.80090299044729
2020-05-12 16:45:00,32.4855,35.77757612024731
2020-05-12 17:00:00,32.2655,35.84360392203601
2020-05-12 17:15:00,32.2655,35.39808136763156
2020-05-12 17:30:00,32.046,35.628774939663096
2020-05-12 17:45:00,32.046,35.21416720796137
2020-05-12 18:00:00,32.046,35.34991649269203
2020-05-12 18:15:00,32.046,35.65093262949894
2020-05-12 18:30:00,31.826,35.32566824761715
2020-05-12 18:45:00,31.826,35.32714474345518
2020-05-12 19:00:00,31.826,35.283647461545335
2020-05-12 19:15:00,31.6065,35.27370992563979
2020-05-12 19:30:00,31.167,35.434839247052906
2020-05-12 19:45:00,31.167,35.7384856212311
2020-05-12 20:00:00,30.7275,35.770755683270565
2020-05-12 20:15:00,30.7275,35.824438351404886
2020-05-12 20:30:00,30.5075,35.49273971074284
2020-05-12 20:45:00,30.288,35.41868816638756
2020-05-12 21:00:00,30.0685,35.36915157066962
2020-05-12 21:15:00,30.0685,35.1809225503543
2020-05-12 21:30:00,29.8485,34.99541561899026
2020-05-12 21:45:00,29.8485,35.05380649241458
2020-05-12 22:00:00,29.629,34.73995321647746
2020-05-12 22:15:00,29.4095,34.84427146493963
2020-05-12 22:30:00,29.4095,34.94706224738306
2020-05-12 22:45:00,28.9695,34.62318527269324
2020-05-12 23:00:00,28.9695,34.32122376232867
2020-05-12 23:15:00,28.75,34.734553869588254
2020-05-12 23:30:00,28.5305,33.991531554910885
2020-05-12 23:45:00,28.5305,34.4018336156287
2020-05-13 00:00:00,28.5305,34.22580675300163
2020-05-13 00:15:00,28.5305,34.34674687789702
2020-05-13 00:30:00,28.5305,34.108918993857785
2020-05-13 00:45:00,28.5305,34.25346703326268
2020-05-13 01:00:00,28.3105,34.345678641400674
2020-05-13 01:15:00,28.0905,34.1943971110225
2020-05-13 01:30:00,28.0905,34.04590957209834
2020-05-13 01:45:00,28.0905,34.121569931818826
2020-05-13 02:00:00,27.871,34.06246297352738
2020-05-13 02:15:00,27.6515,34.04651879888221
2020-05-13 02:30:00,27.6515,34.25562679269195
2020-05-13 02:45:00,27.6515,33.72938470018803
2020-05-13 03:00:00,27.6515,33.77106125602642
2020-05-13 03:15:00,27.6515,33.48696105447045
2020-05-13 03:30:00,27.212,33.41387498731211
2020-05-13 03:45:00,27.212,33.60223757750207
2020-05-13 04:00:00,27.212,33.5593815459906
2020-05-13 04:15:00,27.212,33.17922972826646
2020-05-13 04:30:00,27.212,33.246857957929315
2020-05-13 04:45:00,27.212,33.48955337736741
2020-05-13 05:00:00,26.9925,33.61648491749441
2020-05-13 05:15:00,26.9925,33.455746785432865
2020-05-13 05:30:00,26.9925,33.46624458970205
2020-05-13 05:45:00,26.9925,33.417990791200445
2020-05-13 06:00:00,26.9925,33.76416361665686
2020-05-13 06:15:00,26.9925,33.61173327557064
2020-05-13 06:30:00,26.9925,33.497807665242156
2020-05-13 06:45:00,26.9925,33.558723333161275
2020-05-13 07:00:00,26.9925,33.135413413666875
2020-05-13 07:15:00,27.4315,33.48571043735176
2020-05-13 07:30:00,27.6515,33.57484656536002
2020-05-13 07:45:00,28.0905,33.56770518184454
2020-05-13 08:00:00,28.5305,33.3550439454393
2020-05-13 08:15:00,29.1895,33.53247340671303
2020-05-13 08:30:00,29.849,33.24572444020099
2020-05-13 08:45:00,30.508,33.21950313622923
2020-05-13 09:00:00,31.1665,33.18336716968286
2020-05-13 09:15:00,32.0455,33.34017036983718
2020-05-13 09:30:00,32.9245,33.591366041305136
2020-05-13 09:45:00,33.584,33.96784402038319
2020-05-13 10:00:00,34.243,33.99405522906506
2020-05-13 10:15:00,35.3415,33.94146073696511
2020-05-13 10:30:00,36.44,34.35505085284107
2020-05-13 10:45:00,37.759,34.42114995146319
2020-05-13 11:00:00,38.638,34.92071978287951
2020-05-13 11:15:00,39.517,34.788426018059845
2020-05-13 11:30:00,39.956,35.455246304943124
2020-05-13 11:45:00,40.176,35.84173528970483
2020-05-13 12:00:00,40.3955,36.0369685027207
2020-05-13 12:15:00,40.6155,36.05597189214927
2020-05-13 12:30:00,41.055,36.08267557406312
2020-05-13 12:45:00,41.274,36.603253620262876
2020-05-13 13:00:00,42.153,36.699145788003285
2020-05-13 13:15:00,42.593,36.2803399039198
2020-05-13 13:30:00,43.032,36.724653094064855
2020-05-13 13:45:00,43.252,37.23064786540695
2020-05-13 14:00:00,43.6915,37.030820580741
2020-05-13 14:15:00,44.3505,36.57161325278561
2020-05-13 14:30:00,44.3505,36.97719489338848
2020-05-13 14:45:00,44.5705,36.43908509134675
2020-05-13 15:00:00,44.5705,36.728032294375204
2020-05-13 15:15:00,44.5705,36.86259918204216
2020-05-13 15:30:00,44.3505,36.43570934305687
2020-05-13 15:45:00,43.9115,37.167017284935504
2020-05-13 16:00:00,43.6915,37.05856339928425
2020-05-13 16:15:00,43.252,36.90802677715676
2020-05-13 16:30:00,43.032,37.161895270267
2020-05-13 16:45:00,42.8125,36.80345189018484
2020-05-13 17:00:00,42.593,36.675918419165185
2020-05-13 17:15:00,42.153,36.759227761537204
2020-05-13 17:30:00,41.714,36.94373859864234
2020-05-13 17:45:00,41.274,36.485734338772176
2020-05-13 18:00:00,40.835,36.80275071133933
2020-05-13 18:15:00,40.6155,36.74280764156558
2020-05-13 18:30:00,40.1755,36.70578247715944
2020-05-13 18:45:00,39.7365,36.53497922020566
2020-05-13 19:00:00,39.297,36.91399948788132
2020-05-13 19:15:00,38.8575,36.412949684474924
2020-05-13 19:30:00,38.418,36.69346570880274
2020-05-13 19:45:00,37.9785,36.97607590133888
2020-05-13 20:00:00,37.539,37.05052293764282
2020-05-13 20:15:00,37.0995,36.77932451136808
2020-05-13 20:30:00,36.66,37.2038942311318
2020-05-13 20:45:00,36.2205,36.71403263206919
2020-05-13 21:00:00,36.001,36.653369995379755
2020-05-13 21:15:00,35.5615,36.41203052244258
2020-05-13 21:30:00,35.3415,36.12518270310928
2020-05-13 21:45:00,34.9025,36.521341972663414
2020-05-13 22:00:00,34.6825,36.251762008244945
2020-05-13 22:15:00,34.463,36.07028271607381
2020-05-13 22:30:00,34.2435,35.56781403136178
2020-05-13 22:45:00,34.2435,35.295536360367834
2020-05-13 23:00:00,34.0235,35.44305478429607
2020-05-13 23:15:00,34.0235,35.09450546767285
2020-05-13 23:30:00,33.8035,35.02914593519698
2020-05-13 23:45:00,33.8035,34.507812030071186
2020-05-14 00:00:00,33.8035,34.831269012246125
2020-05-14 00:15:00,33.584,34.69109511179318
2020-05-14 00:30:00,33.3645,34.71228675322022
2020-05-14 00:45:00,33.3645,34.497084711089876
2020-05-14 01:00:00,33.3645,34.53366784054471
2020-05-14 01:15:00,32.9245,34.44500935555303
2020-05-14 01:30:00,32.9245,34.2765950773671
2020-05-14 01:45:00,32.9245,34.28667535905245
2020-05-14 02:00:00,32.705,33.919922459250124
2020-05-14 02:15:00,32.705,34.14031562511746
2020-05-14 02:30:00,32.705,33.89058573005462
2020-05-14 02:45:00,32.705,34.01622580120789
2020-05-14 03:00:00,32.485,33.86539118617336
2020-05-14 03:15:00,32.485,33.61544902500116
2020-05-14 03:30:00,32.485,33.490970112027
2020-05-14 03:45:00,32.2655,33.66152276696734
2020-05-14 04:00:00,32.2655,33.836601235409184
2020-05-14 04:15:00,32.2655,33.67661505255383
2020-05-14 04:30:00,32.2655,33.6687454775863
2020-05-14 04:45:00,32.046,33.776635851298025
2020-05-14 05:00:00,31.826,33.82952298699748
2020-05-14 05:15:00,31.826,33.352995591994514
2020-05-14 05:30:00,31.826,33.81097198957638
2020-05-14 05:45:00,31.606,33.562202693954724
2020-05-14 06:00:00,31.606,33.82794720992567
2020-05-14 06:15:00,31.606,33.93886201730587
2020-05-14 06:30:00,31.606,33.640026794613576
2020-05-14 06:45:00,31.826,33.72950994960711
2020-05-14 07:00:00,32.046,33.60347283412028
2020-05-14 07:15:00,32.485,33.69151183531883
2020-05-14 07:30:00,32.485,33.65487402797979
2020-05-14 07:45:00,32.925,33.77324678710464
2020-05-14 08:00:00,33.364,33.43842061076739
2020-05-14 08:15:00,34.0235,33.79181722718126
2020-05-14 08:30:00,34.6825,33.83454075246913
2020-05-14 08:45:00,35.342,33.950087593193054
2020-05-14 09:00:00,35.781,33.694841644552255
2020-05-14 09:15:00,36.4405,33.96615594120117
2020-05-14 09:30:00,37.0995,34.05890522041188
2020-05-14 09:45:00,37.539,34.40981224488935
2020-05-14 10:00:00,38.198,34.53837357003844
2020-05-14 10:15:00,38.8575,34.488733713192346
2020-05-14 10:30:00,39.9565,34.517525337557394
2020-05-14 10:45:00,40.8345,34.62733079141235
2020-05-14 11:00:00,41.7135,34.642976647012816
2020-05-14 11:15:00,41.9335,35.52049793917313
2020-05-14 11:30:00,42.153,35.94857536188668
2020-05-14 11:45:00,42.593,35.82024439151836
2020-05-14 12:00:00,42.8125,36.146816322059166
2020-05-14 12:15:00,43.4715,36.21311513344447
2020-05-14 12:30:00,43.911,36.935906159595
2020-05-14 12:45:00,43.911,36.62670302236811
2020-05-14 13:00:00,43.911,36.54514168658657
2020-05-14 13:15:00,43.911,36.55577725502282
2020-05-14 13:30:00,43.911,36.33602097107923
2020-05-14 13:45:00,43.911,35.8426730879539
2020-05-14 14:00:00,43.911,36.86430226494658
2020-05-14 14:15:00,43.911,36.125775703616526
2020-05-14 14:30:00,43.911,36.38888491864957
2020-05-14 14:45:00,44.131,36.4129238018555
2020-05-14 15:00:00,44.351,35.930038278981286
2020-05-14 15:15:00,44.79,36.69272938422346
2020-05-14 15:30:00,45.449,36.62245133027511
2020-05-14 15:45:00,45.449,37.04849503456425
2020-05-14 16:00:00,45.449,36.30210372331585
2020-05-14 16:15:00,45.449,36.4348202938106
2020-05-14 16:30:00,45.2295,36.9554243990655
2020-05-14 16:45:00,45.2295,36.71951978087243
2020-05-14 17:00:00,44.79,36.56071134137497
2020-05-14 17:15:00,44.79,36.644119663734095
2020-05-14 17:30:00,44.5705,36.35772464479586
2020-05-14 17:45:00,44.351,36.8126576560771
2020-05-14 18:00:00,44.131,36.668878346689425
2020-05-14 18:15:00,43.911,36.338069442019766
2020-05-14 18:30:00,43.6915,36.451040510486784
2020-05-14 18:45:00,43.252,36.59236500989901
2020-05-14 19:00:00,43.252,36.736312257710175
2020-05-14 19:15:00,42.8125,36.39938919605333
2020-05-14 19:30:00,42.373,36.10017550502459
2020-05-14 19:45:00,41.9335,36.67824277659611
2020-05-14 20:00:00,41.7135,36.63504984565481
2020-05-14 20:15:00,41.494,36.21454028709573
2020-05-14 20:30:00,41.2745,36.349778647557365
2020-05-14 20:45:00,40.835,36.42773057344934
2020-05-14 21:00:00,40.6155,35.96348363100006
2020-05-14 21:15:00,40.3955,36.127003527466826
2020-05-14 21:30:00,40.1755,36.23548756658948
2020-05-14 21:45:00,39.956,36.0010041923032
2020-05-14 22:00:00,39.956,36.12528830459875
2020-05-14 22:15:00,39.956,35.03496325444577
2020-05-14 22:30:00,39.956,35.81186319087354
2020-05-14 22:45:00,39.517,35.75082841739881
2020-05-14 23:00:00,39.517,35.782326695646105
2020-05-14 23:15:00,39.517,34.974465795771565
2020-05-14 23:30:00,39.517,35.21173796205578
2020-05-14 23:45:00,39.297,34.87736646366792
2020-05-15 00:00:00,39.297,35.01897531886132
2020-05-15 00:15:00,39.077,34.866658804656986
2020-05-15 00:30:00,38.8575,34.84361929502985
2020-05-15 00:45:00,38.8575,34.800944599805234
2020-05-15 01:00:00,38.8575,34.672059971742605
2020-05-15 01:15:00,38.638,34.3753457631145
2020-05-15 01:30:00,38.418,34.39465742925844
2020-05-15 01:45:00,38.418,34.135973220038345
2020-05-15 02:00:00,38.198,34.09121323713806
2020-05-15 02:15:00,37.9785,33.99703221493694
2020-05-15 02:30:00,37.759,33.86873728375203
2020-05-15 02:45:00,37.759,34.14452072733339
2020-05-15 03:00:00,37.319,33.808138010090715
2020-05-15 03:15:00,37.319,33.89070036468265
2020-05-15 03:30:00,37.319,33.71025382811742
2020-05-15 03:45:00,37.0995,33.643600301592116
2020-05-15 04:00:00,36.88,33.55120238284606
2020-05-15 04:15:00,36.88,33.505576005264786
2020-05-15 04:30:00,36.88,33.38290188892547
2020-05-15 04:45:00,36.44,33.791955151965894
2020-05-15 05:00:00,36.44,33.750252068099684
2020-05-15 05:15:00,36.44,33.64000223586597
2020-05-15 05:30:00,36.44,33.62338507012353
2020-05-15 05:45:00,36.2205,33.64633214071008
2020-05-15 06:00:00,36.2205,33.55461822875442
2020-05-15 06:15:00,36.2205,33.87335710331657
2020-05-15 06:30:00,36.2205,33.884995619505716
2020-05-15 06:45:00,36.44,33.77033970375678
2020-05-15 07:00:00,36.44,33.75811121472789
2020-05-15 07:15:00,36.66,33.80729394735087
2020-05-15 07:30:00,36.88,33.449297013801065
2020-05-15 07:45:00,37.319,33.413532804672634
2020-05-15 08:00:00,37.9785,33.94717944644925
2020-05-15 08:15:00,38.6375,33.458779656077375
2020-05-15 08:30:00,39.0775,33.76026858321627
2020-05-15 08:45:00,39.7365,33.611950451349216
2020-05-15 09:00:00,40.3955,33.27875213113956
2020-05-15 09:15:00,41.0545,33.49404673993183
2020-05-15 09:30:00,41.494,33.67047491172862
2020-05-15 09:45:00,42.1535,33.57118252799059
2020-05-15 10:00:00,42.8125,34.243740992741586
2020-05-15 10:15:00,43.6915,33.91263500001295
2020-05-15 10:30:00,44.5705,34.780311331559815
2020-05-15 10:45:00,45.2295,34.59088026150791
2020-05-15 11:00:00,46.1085,34.96689743045475
2020-05-15 11:15:00,46.7675,35.47238759531652
2020-05-15 11:30:00,46.987,35.862172766651035
2020-05-15 11:45:00,47.207,36.202886767519786
2020-05-15 12:00:00,47.207,36.41045347697429
2020-05-15 12:15:00,47.4265,36.790282012393305
2020-05-15 12:30:00,47.4265,36.693422219560404
2020-05-15 12:45:00,47.207,36.88388357973102
2020-05-15 13:00:00,47.207,37.01961154565979
2020-05-15 13:15:00,47.427,37.00448569932419
2020-05-15 13:30:00,47.6465,37.18728692125093
2020-05-15 13:45:00,47.6465,37.25023544201473
2020-05-15 14:00:00,47.8665,37.167546242476334
2020-05-15 14:15:00,48.086,37.383015797303436
2020-05-15 14:30:00,48.3055,37.004037714979226
2020-05-15 14:45:00,48.3055,37.38500270272648
2020-05-15 15:00:00,48.3055,37.21385293154855
2020-05-15 15:15:00,48.3055,36.90526194359995
2020-05-15 15:30:00,48.3055,37.422341273550806
2020-05-15 15:45:00,48.3055,37.5999970584851
2020-05-15 16:00:00,48.086,37.61458961367512
2020-05-15 16:15:00,48.086,37.93143588169167
2020-05-15 16:30:00,47.866,37.572314753658155
2020-05-15 16:45:00,47.866,37.36251245882197
2020-05-15 17:00:00,47.6465,37.634639501599146
2020-05-15 17:15:00,47.427,37.585587359579876
2020-05-15 17:30:00,47.207,37.352027749685405
2020-05-15 17:45:00,46.987,37.12760830480512
2020-05-15 18:00:00,46.548,37.32926042801825
2020-05-15 18:15:00,46.548,37.128292375566566
2020-05-15 18:30:00,46.108,37.00116734267367
2020-05-15 18:45:00,45.8885,36.40805772891284
2020-05-15 19:00:00,45.4495,37.26448968470444
2020-05-15 19:15:00,45.2295,36.584831239800295
2020-05-15 19:30:00,44.79,36.818656607216866
2020-05-15 19:45:00,44.5705,36.15771872697757
2020-05-15 20:00:00,44.131,36.91160900340795
2020-05-15 20:15:00,43.911,36.44674832976678
2020-05-15 20:30:00,43.472,36.25810167668548
2020-05-15 20:45:00,43.472,36.22853361259388
2020-05-15 21:00:00,43.032,35.58824360040697
2020-05-15 21:15:00,42.593,35.84435118855003
2020-05-15 21:30:00,42.593,36.09243868092012
2020-05-15 21:45:00,42.593,35.665022102349354
2020-05-15 22:00:00,42.373,35.68010925662158
2020-05-15 22:15:00,42.153,35.38633578294878
2020-05-15 22:30:00,42.153,34.81613706644195
2020-05-15 22:45:00,42.153,35.08350627001467
2020-05-15 23:00:00,41.9335,35.22303466682451
2020-05-15 23:15:00,41.9335,35.1897090386784
2020-05-15 23:30:00,41.714,34.82841701010571
2020-05-15 23:45:00,41.714,34.654574364836094
2020-05-16 00:00:00,41.714,34.82262594606623
2020-05-16 00:15:00,41.494,34.892763283958864
2020-05-16 00:30:00,41.494,34.73531097022261
2020-05-16 00:45:00,41.274,34.734645830505734
2020-05-16 01:00:00,41.274,34.81151033844163
2020-05-16 01:15:00,41.0545,34.54271072908547
2020-05-16 01:30:00,41.0545,34.55433545303136
2020-05-16 01:45:00,40.835,34.52274353633181
2020-05-16 02:00:00,40.835,34.483182148804914
2020-05-16 02:15:00,40.835,34.50511946037929
2020-05-16 02:30:00,40.6155,34.434250531235215
2020-05-16 02:45:00,40.6155,34.60236075799443
2020-05-16 03:00:00,40.6155,34.52151022289676
2020-05-16 03:15:00,40.3955,34.44594543791932
2020-05-16 03:30:00,40.3955,34.19346438891459
2020-05-16 03:45:00,40.3955,34.02950901773131
2020-05-16 04:00:00,40.1755,34.045441610342124
2020-05-16 04:15:00,40.1755,33.83070673595708
2020-05-16 04:30:00,40.1755,33.679040710836574
2020-05-16 04:45:00,39.956,33.644194836070355
2020-05-16 05:00:00,39.956,33.926595939730376
2020-05-16 05:15:00,39.956,33.89485235403606
2020-05-16 05:30:00,39.956,33.93274025322077
2020-05-16 05:45:00,39.956,33.72573879766995
2020-05-16 06:00:00,39.956,34.17131678852111
2020-05-16 06:15:00,39.956,33.80164729009559
2020-05-16 06:30:00,39.956,34.10108992504046
2020-05-16 06:45:00,39.956,34.001987451838176
2020-05-16 07:00:00,39.956,33.93748065240405
2020-05-16 07:15:00,39.956,34.0570811958821
2020-05-16 07:30:00,39.956,33.85101595525667
2020-05-16 07:45:00,39.956,34.26324899178823
2020-05-16 08:00:00,40.1755,34.06040871997671
2020-05-16 08:15:00,40.3955,33.77103332130748
2020-05-16 08:30:00,40.8345,33.60888900999584
2020-05-16 08:45:00,41.494,33.659531335721674
2020-05-16 09:00:00,42.373,33.87582072923233
2020-05-16 09:15:00,42.8125,33.813640728198
2020-05-16 09:30:00,43.252,34.0219530082203
2020-05-16 09:45:00,43.9115,34.514939753986845
2020-05-16 10:00:00,44.131,34.62870333426942
2020-05-16 10:15:00,45.01,34.22261411244634
2020-05-16 10:30:00,45.6685,34.57366060848202
2020-05-16 10:45:00,46.5475,34.99471245520041
2020-05-16 11:00:00,47.207,34.951579924657544
2020-05-16 11:15:00,47.6465,36.01990790517835
2020-05-16 11:30:00,47.866,35.51855445931656
2020-05-16 11:45:00,47.8665,36.40445678772209
2020-05-16 12:00:00,47.6465,36.25439712186038
2020-05-16 12:15:00,47.866,36.858269856955005
2020-05-16 12:30:00,48.3055,36.329587332643406
2020-05-16 12:45:00,48.5255,36.49043552997804
2020-05-16 13:00:00,49.185,36.94109383954585
2020-05-16 13:15:00,49.624,36.56149386374916
2020-05-16 13:30:00,49.844,37.22486706064115
2020-05-16 13:45:00,50.0635,37.068191904019166
2020-05-16 14:00:00,50.283,37.059115118037056
2020-05-16 14:15:00,50.7225,37.43141967580625
2020-05-16 14:30:00,50.7225,36.9802985557958
2020-05-16 14:45:00,50.7225,37.745213879591
2020-05-16 15:00:00,50.503,37.55878967924784
2020-05-16 15:15:00,50.503,37.73795921939598
2020-05-16 15:30:00,50.0635,38.149015636030825
2020-05-16 15:45:00,49.844,37.44852286901992
2020-05-16 16:00:00,49.4045,37.50104034616889
2020-05-16 16:15:00,48.965,37.301939141827454
2020-05-16 16:30:00,48.5255,37.230578754326096
2020-05-16 16:45:00,48.5255,37.3170622968025
2020-05-16 17:00:00,48.306,36.84242815236061
2020-05-16 17:15:00,48.086,36.87664999343042
2020-05-16 17:30:00,47.866,37.31180779706666
2020-05-16 17:45:00,47.866,37.162718250894706
2020-05-16 18:00:00,47.6465,36.8621135939306
2020-05-16 18:15:00,47.427,36.80325005919066
2020-05-16 18:30:00,46.987,36.63027975312454
2020-05-16 18:45:00,46.7675,36.55868248851544
2020-05-16 19:00:00,46.548,36.746331904753674
2020-05-16 19:15:00,46.328,36.534180795889824
2020-05-16 19:30:00,45.8885,36.860708780344865
2020-05-16 19:45:00,45.669,36.18736853041666
2020-05-16 20:00:00,45.4495,36.04740073392832
2020-05-16 20:15:00,45.0095,35.76756946849545
2020-05-16 20:30:00,44.5705,35.54946159874506
2020-05-16 20:45:00,44.5705,35.56067174120498
2020-05-16 21:00:00,44.131,35.95473868662521
2020-05-16 21:15:00,43.9115,35.772921173060595
2020-05-16 21:30:00,43.6915,35.250899908253
2020-05-16 21:45:00,43.4715,35.44528676416233
2020-05-16 22:00:00,43.252,35.097511030090374
2020-05-16 22:15:00,43.0325,35.173532453610285
2020-05-16 22:30:00,42.8125,34.98107145647457
2020-05-16 22:45:00,42.373,34.82552078492865
2020-05-16 23:00:00,42.373,34.857162985498036
2020-05-16 23:15:00,41.9335,34.573975669418765
2020-05-16 23:30:00,41.9335,34.34613819392716
2020-05-16 23:45:00,41.494,34.48226154484535
2020-05-17 00:00:00,41.494,34.46550474350228
2020-05-17 00:15:00,41.0545,34.38231784107596
2020-05-17 00:30:00,41.0545,34.253470301876554
2020-05-17 00:45:00,40.835,33.99617622605778
2020-05-17 01:00:00,40.6155,33.773558419669875
2020-05-17 01:15:00,40.1755,34.19173230272548
2020-05-17 01:30:00,39.956,34.086521358230364
2020-05-17 01:45:00,39.297,33.76491755336315
2020-05-17 02:00:00,38.8575,33.92457795222006
2020-05-17 02:15:00,38.8575,33.73883048363049
2020-05-17 02:30:00,38.418,33.78459244086947
2020-05-17 02:45:00,37.9785,33.78966345684168
2020-05-17 03:00:00,37.539,33.814788656639095
2020-05-17 03:15:00,36.001,33.543683757570435
2020-05-17 03:30:00,34.6825,33.74245417848987
2020-05-17 03:45:00,34.2435,34.01344918424656
2020-05-17 04:00:00,33.8035,33.718828988827525
2020-05-17 04:15:00,33.8035,33.504150410246275
2020-05-17 04:30:00,33.584,33.48881412606901
2020-05-17 04:45:00,33.364,33.67301926650993
2020-05-17 05:00:00,33.1445,33.639464170422904
2020-05-17 05:15:00,32.485,33.6734141823748
2020-05-17 05:30:00,32.046,33.621614364763595
2020-05-17 05:45:00,31.826,33.86886407035488
2020-05-17 06:00:00,31.3865,34.093660760799985
2020-05-17 06:15:00,30.9475,33.74118951885352
2020-05-17 06:30:00,30.7275,33.88003202049826
2020-05-17 06:45:00,30.5075,33.82720107804411
2020-05-17 07:00:00,30.5075,33.727047411331846
2020-05-17 07:15:00,30.7275,33.923214612715256
2020-05-17 07:30:00,31.167,33.99556234600167
2020-05-17 07:45:00,31.167,34.3075605112972
2020-05-17 08:00:00,31.167,34.25202096029354
2020-05-17 08:15:00,30.7275,33.946518220921035
2020-05-17 08:30:00,30.288,34.012605252134286
2020-05-17 08:45:00,29.849,34.22269303850468
2020-05-17 09:00:00,29.409,33.94724901371789
2020-05-17 09:15:00,29.409,34.18854715014211
2020-05-17 09:30:00,29.629,34.38991451865181
2020-05-17 09:45:00,30.288,34.59201189314682
2020-05-17 10:00:00,30.7275,34.879672287164944
2020-05-17 10:15:00,31.3865,34.93727531377669
2020-05-17 10:30:00,32.2655,35.274577979085414
2020-05-17 10:45:00,33.1445,35.166308091419744
2020-05-17 11:00:00,34.463,36.0343817927953
2020-05-17 11:15:00,35.781,35.29575238433329
2020-05-17 11:30:00,36.66,35.634244882460294
2020-05-17 11:45:00,37.319,36.17091585119652
2020-05-17 12:00:00,37.9785,36.562895865596246
2020-05-17 12:15:00,38.638,36.36720687704228
2020-05-17 12:30:00,39.297,36.40804519838715
2020-05-17 12:45:00,40.1755,36.35836330124683
2020-05-17 13:00:00,41.0545,36.865419672356175
2020-05-17 13:15:00,41.494,36.50312118223909
2020-05-17 13:30:00,41.9335,36.72254523873666
2020-05-17 13:45:00,42.153,36.7110361435722
2020-05-17 14:00:00,42.593,37.18790337552137
2020-05-17 14:15:00,43.032,37.35849136547268
2020-05-17 14:30:00,43.252,37.75494731948784
2020-05-17 14:45:00,43.6915,37.730972038862056
2020-05-17 15:00:00,43.6915,37.33790193550035
2020-05-17 15:15:00,43.6915,37.58980969791513
2020-05-17 15:30:00,43.6915,37.584405821892354
2020-05-17 15:45:00,43.6915,37.69559528649278
2020-05-17 16:00:00,43.472,37.387127960519656
2020-05-17 16:15:00,42.8125,37.67064857563344
2020-05-17 16:30:00,42.593,37.74730201089783
2020-05-17 16:45:00,42.373,36.992250735422175
2020-05-17 17:00:00,42.1535,36.8129990021354
2020-05-17 17:15:00,41.9335,37.226127503685724
2020-05-17 17:30:00,41.7135,37.408276078882395
2020-05-17 17:45:00,41.494,37.079790578671485
2020-05-17 18:00:00,41.2745,36.92686105088179
2020-05-17 18:15:00,41.0545,36.57855097895959
2020-05-17 18:30:00,40.835,37.25041749127088
2020-05-17 18:45:00,40.6155,36.867146961670876
2020-05-17 19:00:00,40.6155,36.84396197316146
2020-05-17 19:15:00,40.1755,36.863841319696704
2020-05-17 19:30:00,40.1755,36.49509946072862
2020-05-17 19:45:00,39.7365,35.87333162939335
2020-05-17 20:00:00,39.7365,35.9587482003395
2020-05-17 20:15:00,39.297,36.28775354121142
2020-05-17 20:30:00,39.297,35.788167882908944
2020-05-17 20:45:00,39.0775,35.83715055157423
2020-05-17 21:00:00,38.8575,35.830024342954154
2020-05-17 21:15:00,38.6375,35.70351852394491
2020-05-17 21:30:00,38.418,35.64806416915608
2020-05-17 21:45:00,38.1985,35.09309516777564
2020-05-17 22:00:00,37.9785,34.8459748951995
2020-05-17 22:15:00,37.9785,34.64430021547387
2020-05-17 22:30:00,37.7585,34.62814129466483
2020-05-17 22:45:00,37.539,34.20700579811803
2020-05-17 23:00:00,37.539,34.05930613359576
2020-05-17 23:15:00,37.539,33.95403971944156
2020-05-17 23:30:00,37.0995,34.16500993145582
2020-05-17 23:45:00,37.0995,33.91939247166321
2020-05-18 00:00:00,36.8795,33.82316384491812
2020-05-18 00:15:00,36.8795,33.87379163630448
2020-05-18 00:30:00,36.66,33.73833350779128
2020-05-18 00:45:00,36.66,33.587658728638274
2020-05-18 01:00:00,36.4405,33.52101345410429
2020-05-18 01:15:00,36.4405,33.26284650543953
2020-05-18 01:30:00,36.2205,33.49515560719308
2020-05-18 01:45:00,36.2205,33.68783440035316
2020-05-18 02:00:00,36.2205,33.141798410434326
2020-05-18 02:15:00,36.001,33.53437183140317
2020-05-18 02:30:00,36.001,33.116702309398505
2020-05-18 02:45:00,35.7815,33.42048351125248
2020-05-18 03:00:00,35.7815,33.30350857278005
2020-05-18 03:15:00,35.5615,33.41091892628113
2020-05-18 03:30:00,35.5615,33.65717105890508
2020-05-18 03:45:00,35.3415,33.45093698769612
2020-05-18 04:00:00,35.3415,33.534329184206
2020-05-18 04:15:00,35.122,33.38165955959161
2020-05-18 04:30:00,35.122,33.471898461810824
2020-05-18 04:45:00,35.122,33.43307059450152
2020-05-18 05:00:00,35.122,33.66316437241705
2020-05-18 05:15:00,35.122,33.53852842489741
2020-05-18 05:30:00,34.9025,33.646807024408396
2020-05-18 05:45:00,34.9025,33.638442668921485
2020-05-18 06:00:00,34.9025,33.66846090837007
2020-05-18 06:15:00,34.9025,33.815509798287295
2020-05-18 06:30:00,35.122,33.875490146649604
2020-05-18 06:45:00,35.122,33.93555102544506
2020-05-18 07:00:00,35.5615,33.892738553296276
2020-05-18 07:15:00,35.5615,33.91672476149966
2020-05-18 07:30:00,36.001,34.250250173396644
2020-05-18 07:45:00,36.4405,34.38498149609244
2020-05-18 08:00:00,36.8795,34.197908699688014
2020-05-18 08:15:00,37.3195,34.31436580181774
2020-05-18 08:30:00,37.539,34.11407611040079
2020-05-18 08:45:00,37.9785,34.29729050653571
2020-05-18 09:00:00,38.1985,33.859188643757264
2020-05-18 09:15:00,38.1985,34.54094844641159
2020-05-18 09:30:00,38.6375,34.91129961214201
2020-05-18 09:45:00,39.0775,34.77610727787198
2020-05-18 10:00:00,39.956,34.750154177582004
2020-05-18 10:15:00,40.3955,35.29476977229524
2020-05-18 10:30:00,41.2745,35.16303778069411
2020-05-18 10:45:00,41.7135,35.51078338405299
2020-05-18 11:00:00,42.1535,35.00366414594394
2020-05-18 11:15:00,42.5925,35.26187508316163
2020-05-18 11:30:00,42.8125,35.66902825181201
2020-05-18 11:45:00,42.8125,35.83102428429338
2020-05-18 12:00:00,42.8125,36.11019150070748
2020-05-18 12:15:00,42.8125,36.20422947012098
2020-05-18 12:30:00,43.0325,36.43483330858668
2020-05-18 12:45:00,43.6915,36.312878965453116
2020-05-18 13:00:00,44.3505,36.58440652054705
2020-05-18 13:15:00,44.3505,36.7708809128349
2020-05-18 13:30:00,44.79,36.96857533672438
2020-05-18 13:45:00,45.2295,36.59701784040882
2020-05-18 14:00:00,45.2295,36.84616969763377
2020-05-18 14:15:00,45.2295,37.17637626641127
2020-05-18 14:30:00,45.2295,37.45812005676877
2020-05-18 14:45:00,45.2295,37.14569181443426
2020-05-18 15:00:00,45.2295,37.562506623611604
2020-05-18 15:15:00,44.79,37.10264932284657
2020-05-18 15:30:00,44.3505,37.568966848432
2020-05-18 15:45:00,44.131,37.35383333957217
2020-05-18 16:00:00,43.4715,37.82931100723997
2020-05-18 16:15:00,42.8125,37.41084099800741
2020-05-18 16:30:00,42.373,37.48494042150726
2020-05-18 16:45:00,41.909,36.64517245397703
2020-05-18 17:00:00,39.2725,36.67126629320021
2020-05-18 17:15:00,34.6585,36.54084197476295
2020-05-18 17:30:00,33.12,36.58729314665585
2020-05-18 17:45:00,32.461,36.858509817486265
2020-05-18 18:00:00,32.461,36.811971519573284
2020-05-18 18:15:00,32.461,36.67671660591205
2020-05-18 18:30:00,32.0215,36.898460212032816
2020-05-18 18:45:00,31.582,37.062779261106726
2020-05-18 19:00:00,31.1425,36.506305755675726
2020-05-18 19:15:00,30.9225,36.577847183941195
2020-05-18 19:30:00,30.703,36.88688977230058
2020-05-18 19:45:00,30.4835,36.87761000439951
2020-05-18 20:00:00,30.2635,36.477613829223884
2020-05-18 20:15:00,29.824,36.29275650419573
2020-05-18 20:30:00,29.824,35.78530186499591
2020-05-18 20:45:00,29.6045,35.680323291404896
2020-05-18 21:00:00,29.6045,35.62204078681509
2020-05-18 21:15:00,29.6045,35.539028832400476
2020-05-18 21:30:00,30.044,35.06809869876271
2020-05-18 21:45:00,30.044,34.85625109168384
2020-05-18 22:00:00,30.2635,34.95938344894725
2020-05-18 22:15:00,30.2635,34.85079977235783
2020-05-18 22:30:00,30.2635,34.62158467245364
2020-05-18 22:45:00,30.2635,34.5422814487698
2020-05-18 23:00:00,30.2635,34.463841308421834
2020-05-18 23:15:00,30.2635,34.228819292589
2020-05-18 23:30:00,30.703,34.044711872851664
2020-05-18 23:45:00,30.703,33.990520546342275
2020-05-19 00:00:00,30.703,33.95025453409332
2020-05-19 00:15:00,31.1425,33.973642365473246
2020-05-19 00:30:00,31.1425,33.72778726356696
2020-05-19 00:45:00,31.1425,33.73992047900394
2020-05-19 01:00:00,31.1425,33.86067324485601
2020-05-19 01:15:00,31.362,33.76931770132886
2020-05-19 01:30:00,31.362,33.76025127824253
2020-05-19 01:45:00,31.362,33.73880944911945
2020-05-19 02:00:00,31.362,33.712217573813284
2020-05-19 02:15:00,31.362,33.673436722345386
2020-05-19 02:30:00,31.362,33.48873404303959
2020-05-19 02:45:00,31.362,33.451274324049365
2020-05-19 03:00:00,31.362,33.49950958609931
2020-05-19 03:15:00,31.362,33.41154445410662
2020-05-19 03:30:00,31.1425,33.361533350048475
2020-05-19 03:45:00,31.1425,33.32693744294924
2020-05-19 04:00:00,30.703,33.50877877529265
2020-05-19 04:15:00,30.703,33.544096021662114
2020-05-19 04:30:00,30.703,33.33564607196994
2020-05-19 04:45:00,30.2635,33.378614338845914
2020-05-19 05:00:00,30.2635,33.533957101685594
2020-05-19 05:15:00,29.824,33.482904314841086
2020-05-19 05:30:00,29.824,33.521284346412884
2020-05-19 05:45:00,29.6045,33.665676567841594
2020-05-19 06:00:00,29.385,33.78757069631491
2020-05-19 06:15:00,29.385,33.835704172568185
2020-05-19 06:30:00,29.385,33.813919943168926
2020-05-19 06:45:00,29.385,33.863085148869644
2020-05-19 07:00:00,29.165,34.204513067837844
2020-05-19 07:15:00,28.945,33.87493403717067
2020-05-19 07:30:00,28.945,34.25425624888881
2020-05-19 07:45:00,28.945,34.06667148171264
2020-05-19 08:00:00,28.945,34.04044748378522
2020-05-19 08:15:00,28.945,34.213230930278435
2020-05-19 08:30:00,28.945,34.43256759666024
2020-05-19 08:45:00,28.945,34.50254147528123
2020-05-19 09:00:00,28.945,34.367051259143324
2020-05-19 09:15:00,29.165,34.34457778176055
2020-05-19 09:30:00,29.165,34.50596709005776
2020-05-19 09:45:00,29.385,34.563423124856406
2020-05-19 10:00:00,29.385,34.509148007807084
2020-05-19 10:15:00,29.824,34.60091386396785
2020-05-19 10:30:00,30.2635,34.61637400394092
2020-05-19 10:45:00,30.4835,34.69416433280905
2020-05-19 11:00:00,30.9225,34.86164960702832
2020-05-19 11:15:00,31.1425,35.77462064970905
2020-05-19 11:30:00,31.3625,35.934841207183254
2020-05-19 11:45:00,31.3625,35.384163794328174
2020-05-19 12:00:00,31.3625,35.93922239480307
2020-05-19 12:15:00,31.3625,36.09688796804187
2020-05-19 12:30:00,31.3625,36.3743959972039
2020-05-19 12:45:00,31.3625,36.57261123430382
2020-05-19 13:00:00,31.3625,37.36332643810542
2020-05-19 13:15:00,31.3625,36.97121032098732
2020-05-19 13:30:00,31.3625,37.58155482393561
2020-05-19 13:45:00,31.3625,37.85164614767505
2020-05-19 14:00:00,31.3625,37.93229403001466
2020-05-19 14:15:00,31.3625,38.10334131560764
2020-05-19 14:30:00,31.3625,38.16351290450479
2020-05-19 14:45:00,31.1425,38.727718401950405
2020-05-19 15:00:00,31.1425,38.92746770410093
2020-05-19 15:15:00,31.1425,38.36815456842068
2020-05-19 15:30:00,31.1425,38.54647362221694
2020-05-19 15:45:00,31.1425,38.580403850293834
2020-05-19 16:00:00,31.1425,38.46451951111617
2020-05-19 16:15:00,31.1425,38.511127778290096
2020-05-19 16:30:00,31.1425,38.835534074153514
2020-05-19 16:45:00,31.1425,38.22154572150603
2020-05-19 17:00:00,31.1425,37.77445214429932
2020-05-19 17:15:00,31.1425,37.733004144455116
2020-05-19 17:30:00,31.1425,37.89801984115422
2020-05-19 17:45:00,30.9225,37.84195475923661
2020-05-19 18:00:00,30.703,37.31587936849135
2020-05-19 18:15:00,30.703,37.350311736003576
2020-05-19 18:30:00,30.4835,37.68337700967486
2020-05-19 18:45:00,30.2635,37.392108058507
2020-05-19 19:00:00,30.2635,37.483038080948305
2020-05-19 19:15:00,30.2635,37.251413811102786
2020-05-19 19:30:00,30.2635,36.66361446116177
2020-05-19 19:45:00,30.2635,36.734735021797896
2020-05-19 20:00:00,30.0435,36.76797892227388
2020-05-19 20:15:00,29.824,36.59690636010256
2020-05-19 20:30:00,29.824,36.509264832404824
2020-05-19 20:45:00,29.824,36.8704484741044
2020-05-19 21:00:00,29.824,36.26058325480854
2020-05-19 21:15:00,29.824,36.3028314364864
2020-05-19 21:30:00,29.824,35.94186074570094
2020-05-19 21:45:00,29.6045,35.58670894013567
2020-05-19 22:00:00,29.385,35.450398668279135
2020-05-19 22:15:00,29.385,35.17671182630131
2020-05-19 22:30:00,29.385,35.01829415129112
2020-05-19 22:45:00,29.385,35.044509386846016
2020-05-19 23:00:00,29.385,34.76576016738156
2020-05-19 23:15:00,29.385,34.27732437678521
2020-05-19 23:30:00,29.385,34.19893582541811
2020-05-19 23:45:00,29.385,33.963882089962546
2020-05-20 00:00:00,29.385,34.145626862372424
2020-05-20 00:15:00,29.385,33.86700860444715
2020-05-20 00:30:00,29.385,33.85308379769281
2020-05-20 00:45:00,29.165,33.75104782314586
2020-05-20 01:00:00,29.165,33.75818383633966
2020-05-20 01:15:00,29.165,33.75299115578246
2020-05-20 01:30:00,29.165,33.685464966962215
2020-05-20 01:45:00,29.165,33.63191892009901
2020-05-20 02:00:00,28.945,33.88674495592892
2020-05-20 02:15:00,28.945,33.8232264733016
2020-05-20 02:30:00,28.945,33.851359880328644
2020-05-20 02:45:00,28.945,33.64387615483143
2020-05-20 03:00:00,28.945,33.59972203825507
2020-05-20 03:15:00,28.945,33.61691046430463
2020-05-20 03:30:00,28.945,33.58376569664138
2020-05-20 03:45:00,28.945,33.689129829343635
2020-05-20 04:00:00,28.945,33.65544573991794
2020-05-20 04:15:00,28.945,33.61880111727877
2020-05-20 04:30:00,28.7255,33.677427430025176
2020-05-20 04:45:00,28.506,33.72491354887451
2020-05-20 05:00:00,28.506,33.622107801812156
2020-05-20 05:15:00,28.506,33.60443603864345
2020-05-20 05:30:00,28.506,33.658792854661435
2020-05-20 05:45:00,28.506,33.65324249540082
2020-05-20 06:00:00,28.506,33.51704552000173
2020-05-20 06:15:00,28.506,33.63409159943479
2020-05-20 06:30:00,28.506,33.4946183671373
2020-05-20 06:45:00,28.506,33.46494256986439
2020-05-20 07:00:00,28.506,33.67151946808029
2020-05-20 07:15:00,28.506,33.66169442034961
2020-05-20 07:30:00,28.506,33.88646296183372
2020-05-20 07:45:00,28.506,33.92058078570232
2020-05-20 08:00:00,28.506,34.004820564798514
2020-05-20 08:15:00,28.506,34.062575565347544
2020-05-20 08:30:00,28.506,34.38398981926956
2020-05-20 08:45:00,28.506,34.54516209145155
2020-05-20 09:00:00,28.506,34.669898874156296
2020-05-20 09:15:00,28.506,35.040774789778574
2020-05-20 09:30:00,28.506,35.25509679758933
2020-05-20 09:45:00,28.506,34.87440569347858
2020-05-20 10:00:00,28.506,35.19334439505551
2020-05-20 10:15:00,28.506,35.86728136175476
2020-05-20 10:30:00,28.7255,36.27643185382918
2020-05-20 10:45:00,28.7255,36.8995708014635
2020-05-20 11:00:00,28.7255,36.74912669116062
2020-05-20 11:15:00,28.945,37.10234687559647
2020-05-20 11:30:00,28.945,37.17963348525809
2020-05-20 11:45:00,28.945,37.49887274815794
2020-05-20 12:00:00,28.945,37.92216979032855
2020-05-20 12:15:00,28.945,37.5856327483566
2020-05-20 12:30:00,28.945,38.275153275563106
2020-05-20 12:45:00,28.945,37.622247322304275
2020-05-20 13:00:00,28.945,38.57539945527983
2020-05-20 13:15:00,28.945,38.37352062065251
2020-05-20 13:30:00,28.945,39.6495146907455
2020-05-20 13:45:00,28.945,39.10714348744264
2020-05-20 14:00:00,28.945,38.8951169244191
2020-05-20 14:15:00,28.945,38.398881373193326
2020-05-20 14:30:00,28.945,39.62157705218429
2020-05-20 14:45:00,28.945,39.41676926706375
2020-05-20 15:00:00,28.7255,40.07523237498891
2020-05-20 15:15:00,28.506,38.76630303182947
2020-05-20 15:30:00,28.506,38.69216859806078
2020-05-20 15:45:00,28.506,39.29898197179783
2020-05-20 16:00:00,28.506,39.31243035042568
2020-05-20 16:15:00,28.0665,38.978723214938896
2020-05-20 16:30:00,28.0665,39.01256789197017
2020-05-20 16:45:00,28.0665,39.2556065014877
2020-05-20 17:00:00,28.0665,38.71688818329472
2020-05-20 17:15:00,27.8465,38.848529362608964
2020-05-20 17:30:00,27.8465,38.51452071812852
2020-05-20 17:45:00,27.627,38.58930261150722
2020-05-20 18:00:00,27.627,38.57307426489313
2020-05-20 18:15:00,27.1875,38.63687868569018
2020-05-20 18:30:00,26.5285,38.73288011768866
2020-05-20 18:45:00,26.5285,38.42613549992966
2020-05-20 19:00:00,26.5285,38.616786669513615
2020-05-20 19:15:00,26.5285,37.6233253148369
2020-05-20 19:30:00,26.5285,38.30033818774749
2020-05-20 19:45:00,26.5285,37.876913671293295
2020-05-20 20:00:00,26.5285,37.22693903255031
2020-05-20 20:15:00,26.5285,37.286837207094656
2020-05-20 20:30:00,26.5285,37.260677935689415
2020-05-20 20:45:00,26.5285,37.42859853674646
2020-05-20 21:00:00,26.5285,37.415467995542386
2020-05-20 21:15:00,26.5285,36.96523621385336
2020-05-20 21:30:00,26.748,36.63637060429163
2020-05-20 21:45:00,26.748,36.39149404425152
2020-05-20 22:00:00,26.748,35.592826417854674
2020-05-20 22:15:00,26.748,35.5700324279907
2020-05-20 22:30:00,26.748,35.07773592061559
2020-05-20 22:45:00,26.748,35.02444553542361
2020-05-20 23:00:00,26.748,34.626697282872264
2020-05-20 23:15:00,26.748,34.46227338963453
2020-05-20 23:30:00,26.748,34.45656003805248
2020-05-20 23:45:00,26.748,34.07708810814042
2020-05-21 00:00:00,26.748,33.974998675861016
2020-05-21 00:15:00,26.748,34.20909863930214
2020-05-21 00:30:00,26.748,33.77712650849374
2020-05-21 00:45:00,26.5285,33.61941614373618
2020-05-21 01:00:00,26.5285,33.50880130527242
2020-05-21 01:15:00,26.3085,33.53307903915657
2020-05-21 01:30:00,26.3085,33.65623404186864
2020-05-21 01:45:00,26.3085,33.637624824822446
2020-05-21 02:00:00,26.3085,33.37837479481458
2020-05-21 02:15:00,26.3085,33.33842244120362
2020-05-21 02:30:00,26.0885,33.362037487698686
2020-05-21 02:45:00,25.869,33.40408019786369
2020-05-21 03:00:00,25.869,33.60075536730225
2020-05-21 03:15:00,25.869,33.656489503857756
2020-05-21 03:30:00,25.869,33.5278963511867
2020-05-21 03:45:00,25.869,33.55299856442243
2020-05-21 04:00:00,25.869,33.5088953119613
2020-05-21 04:15:00,25.869,33.50755506728463
2020-05-21 04:30:00,25.869,33.52752194959022
2020-05-21 04:45:00,25.869,33.71721718481778
2020-05-21 05:00:00,25.869,33.67850794165634
2020-05-21 05:15:00,25.6495,33.64278072937292
2020-05-21 05:30:00,25.6495,33.27392028795409
2020-05-21 05:45:00,25.43,33.77207709175402
2020-05-21 06:00:00,25.43,33.8782591756379
2020-05-21 06:15:00,25.43,33.98469491943146
2020-05-21 06:30:00,25.43,33.78232353842522
2020-05-21 06:45:00,25.43,33.69130814231472
2020-05-21 07:00:00,25.43,33.810354761634315
2020-05-21 07:15:00,25.43,34.48957184899927
2020-05-21 07:30:00,25.43,34.336923134859525
2020-05-21 07:45:00,25.6495,34.990176867140036
2020-05-21 08:00:00,25.6495,35.004344953199514
2020-05-21 08:15:00,25.6495,35.15911340829
2020-05-21 08:30:00,25.869,34.88234900137534
2020-05-21 08:45:00,25.869,35.47953434348013
2020-05-21 09:00:00,26.0885,35.831882429161965
2020-05-21 09:15:00,26.0885,36.11132177558122
2020-05-21 09:30:00,26.3085,36.57578428966065
2020-05-21 09:45:00,26.5285,36.78226639210926
2020-05-21 10:00:00,26.9675,36.756390724983234
2020-05-21 10:15:00,26.9675,37.317944338676604
2020-05-21 10:30:00,27.1875,37.78309324152113
2020-05-21 10:45:00,27.4075,38.347702367040135
2020-05-21 11:00:00,27.627,38.90260495654217
2020-05-21 11:15:00,27.8465,39.30966291387055
2020-05-21 11:30:00,27.8465,38.73374767808812
2020-05-21 11:45:00,28.0665,39.62487712219979
2020-05-21 12:00:00,28.2865,39.86379009342942
2020-05-21 12:15:00,28.7255,39.42822193522961
2020-05-21 12:30:00,28.7255,39.52511632293485
2020-05-21 12:45:00,29.165,40.171026158229026
2020-05-21 13:00:00,29.165,40.04092849519839
2020-05-21 13:15:00,29.6045,40.711738951664444
2020-05-21 13:30:00,29.6045,40.72982084887913
2020-05-21 13:45:00,29.6045,40.93466882517802
2020-05-21 14:00:00,29.824,40.987076888589556
2020-05-21 14:15:00,29.824,40.478126017778735
2020-05-21 14:30:00,29.824,40.76498971008438
2020-05-21 14:45:00,29.824,40.7472855594589
2020-05-21 15:00:00,29.824,40.9668183504559
2020-05-21 15:15:00,29.824,40.53934849432799
2020-05-21 15:30:00,29.6045,40.86940156510863
2020-05-21 15:45:00,29.6045,40.63507846842236
2020-05-21 16:00:00,29.6045,40.96948116863255
2020-05-21 16:15:00,29.6045,40.65643391461296
2020-05-21 16:30:00,29.385,40.576955928102024
2020-05-21 16:45:00,29.385,40.3125157743426
2020-05-21 17:00:00,29.385,39.764829245226636
2020-05-21 17:15:00,29.385,40.380073730528174
2020-05-21 17:30:00,29.165,39.959756744037776
2020-05-21 17:45:00,28.7255,39.882090264333605
2020-05-21 18:00:00,28.0665,39.51377275701538
2020-05-21 18:15:00,27.4075,39.55928717474804
2020-05-21 18:30:00,27.4075,39.64651788286674
2020-05-21 18:45:00,27.4075,39.192317309650015
2020-05-21 19:00:00,27.627,38.72499207680855
2020-05-21 19:15:00,27.8465,38.435189947509734
2020-05-21 19:30:00,28.0665,38.20971207537202
2020-05-21 19:45:00,28.0665,38.10590337443946
2020-05-21 20:00:00,28.506,37.476216273252454
2020-05-21 20:15:00,28.506,37.747420770437216
2020-05-21 20:30:00,28.506,37.57201926308722
2020-05-21 20:45:00,28.506,37.182179083920246
2020-05-21 21:00:00,28.945,37.17503248246455
2020-05-21 21:15:00,28.945,37.27566041204411
2020-05-21 21:30:00,28.945,36.96127614550992
2020-05-21 21:45:00,28.945,36.77439556502159
2020-05-21 22:00:00,28.945,36.38219980283231
2020-05-21 22:15:00,28.945,35.99295500919167
2020-05-21 22:30:00,28.945,35.59649144940662
2020-05-21 22:45:00,28.945,35.397215549481984
2020-05-21 23:00:00,28.945,35.04781213278631
2020-05-21 23:15:00,28.945,34.62405608214367
2020-05-21 23:30:00,28.945,34.12178013485911
2020-05-21 23:45:00,29.165,34.34441440204204
2020-05-22 00:00:00,29.165,34.41751308105354
2020-05-22 00:15:00,29.165,34.071186866998815
2020-05-22 00:30:00,29.165,34.047476657335075
2020-05-22 00:45:00,29.165,33.67012327386933
2020-05-22 01:00:00,29.165,33.94189213914214
2020-05-22 01:15:00,29.165,33.85678735592134
2020-05-22 01:30:00,29.165,33.715194038459366
2020-05-22 01:45:00,29.165,33.582426993939634
2020-05-22 02:00:00,29.165,33.9937292646212
2020-05-22 02:15:00,29.165,33.92618474133205
2020-05-22 02:30:00,29.165,33.96408164567119
2020-05-22 02:45:00,29.165,33.59779897257841
2020-05-22 03:00:00,29.165,33.76540712082063
2020-05-22 03:15:00,29.165,33.74368255545625
2020-05-22 03:30:00,29.165,33.57034171476769
2020-05-22 03:45:00,29.165,33.585998335409776
2020-05-22 04:00:00,29.165,33.63273319035219
2020-05-22 04:15:00,28.9455,33.205057932034144
2020-05-22 04:30:00,28.9455,33.14267054549228
2020-05-22 04:45:00,28.9455,33.52473432321121
2020-05-22 05:00:00,28.9455,33.67717719685143
2020-05-22 05:15:00,28.9455,33.72572918704187
2020-05-22 05:30:00,28.9455,33.80697469201204
2020-05-22 05:45:00,29.165,33.847420532176436
2020-05-22 06:00:00,29.165,34.11045248215129
2020-05-22 06:15:00,29.165,34.43380205721592
2020-05-22 06:30:00,29.165,33.817939047957786
2020-05-22 06:45:00,29.165,34.43123413985472
2020-05-22 07:00:00,29.385,34.30679042363571
2020-05-22 07:15:00,29.385,34.71759676801572
2020-05-22 07:30:00,29.385,35.36985706041798
2020-05-22 07:45:00,29.385,35.725732305149556
2020-05-22 08:00:00,28.945,35.86385397560155
2020-05-22 08:15:00,28.945,36.28620315955122
2020-05-22 08:30:00,28.945,36.660186987528014
2020-05-22 08:45:00,28.945,37.4106018399957
2020-05-22 09:00:00,28.945,37.45737188126697
2020-05-22 09:15:00,29.165,38.28881773718136
2020-05-22 09:30:00,29.165,38.679291767604674
2020-05-22 09:45:00,29.165,39.166255948257295
2020-05-22 10:00:00,28.9455,39.890855224349785
2020-05-22 10:15:00,28.9455,39.90797941881978
2020-05-22 10:30:00,28.7255,40.3618428024028
2020-05-22 10:45:00,28.7255,40.21573285738657
2020-05-22 11:00:00,28.506,40.75979571153481
2020-05-22 11:15:00,28.506,40.93136682084474
2020-05-22 11:30:00,28.506,40.45085350680658
2020-05-22 11:45:00,28.0665,41.373839204437786
2020-05-22 12:00:00,27.627,41.80814325884741
2020-05-22 12:15:00,26.748,41.76123415386592
2020-05-22 12:30:00,25.869,41.79162113270535
2020-05-22 12:45:00,25.649,41.963361765549735
2020-05-22 13:00:00,25.4295,42.688805620992255
2020-05-22 13:15:00,25.21,42.82711085549273
2020-05-22 13:30:00,24.9905,42.26717913114438
2020-05-22 13:45:00,24.9905,42.9360233349554
2020-05-22 14:00:00,24.9905,43.026475441291616
2020-05-22 14:15:00,25.21,43.12962363492997
2020-05-22 14:30:00,25.21,42.81788927556405
2020-05-22 14:45:00,25.43,42.45714702401912
2020-05-22 15:00:00,25.43,42.85016625730485
2020-05-22 15:15:00,25.6495,42.83462327701704
2020-05-22 15:30:00,25.6495,42.29295798406816
2020-05-22 15:45:00,26.089,42.71538182581693
2020-05-22 16:00:00,26.089,42.017762046277916
2020-05-22 16:15:00,26.089,42.593224325178205
2020-05-22 16:30:00,26.089,42.60231054940778
2020-05-22 16:45:00,26.089,42.267107828623395
2020-05-22 17:00:00,26.089,42.07750483764854
2020-05-22 17:15:00,25.869,41.77319554719433
2020-05-22 17:30:00,25.869,41.8152280412838
2020-05-22 17:45:00,25.869,41.90709004625631
2020-05-22 18:00:00,25.869,41.41657489816016
2020-05-22 18:15:00,25.869,41.102510453050385
2020-05-22 18:30:00,25.869,41.04915979456237
2020-05-22 18:45:00,25.869,41.000231274962104
2020-05-22 19:00:00,26.0885,40.71411821722372
2020-05-22 19:15:00,26.0885,40.21823266945753
2020-05-22 19:30:00,26.0885,39.97330809780403
2020-05-22 19:45:00,26.3085,39.87293522718484
2020-05-22 20:00:00,26.5285,39.51215550919657
2020-05-22 20:15:00,26.5285,39.421346902905206
2020-05-22 20:30:00,26.5285,39.66274263099616
2020-05-22 20:45:00,26.5285,39.005349184593655
2020-05-22 21:00:00,26.5285,38.84789694783173
2020-05-22 21:15:00,26.5285,38.72345211638458
2020-05-22 21:30:00,26.5285,38.106890965080986
2020-05-22 21:45:00,26.9675,38.794148337755615
2020-05-22 22:00:00,26.9675,38.15099200347189
2020-05-22 22:15:00,26.9675,37.69930546769035
2020-05-22 22:30:00,26.9675,37.388972273491646
2020-05-22 22:45:00,26.9675,36.98262400513008
2020-05-22 23:00:00,26.9675,37.15182581790163
2020-05-22 23:15:00,26.9675,36.41274067045413
2020-05-22 23:30:00,26.9675,36.78380350228114
2020-05-22 23:45:00,26.9675,36.70745437157232
2020-05-23 00:00:00,26.9675,36.36420303191224
2020-05-23 00:15:00,26.9675,36.42596194461477
2020-05-23 00:30:00,26.9675,35.92407795973107
2020-05-23 00:45:00,26.9675,35.56201189858063
2020-05-23 01:00:00,26.748,35.18839658774437
2020-05-23 01:15:00,26.748,34.734759897998835
2020-05-23 01:30:00,26.748,34.68744184363321
2020-05-23 01:45:00,26.748,34.86069585910963
2020-05-23 02:00:00,26.748,34.32467657833693
2020-05-23 02:15:00,26.5285,34.320892905552725
2020-05-23 02:30:00,26.3085,34.20505414069276
2020-05-23 02:45:00,26.3085,33.99309236084983
2020-05-23 03:00:00,25.869,34.1083420804863
2020-05-23 03:15:00,25.869,33.79035283184427
2020-05-23 03:30:00,25.43,33.63375712203182
2020-05-23 03:45:00,25.43,33.695105103315974
2020-05-23 04:00:00,25.43,34.10347393821676
2020-05-23 04:15:00,24.99,33.682508957045776
2020-05-23 04:30:00,24.99,33.73721537670676
2020-05-23 04:45:00,24.7705,33.63863177704589
2020-05-23 05:00:00,24.551,34.10690660012576
2020-05-23 05:15:00,24.551,33.82819731428207
2020-05-23 05:30:00,24.551,33.85235976136996
2020-05-23 05:45:00,24.551,33.93951711531883
2020-05-23 06:00:00,24.331,34.03343350709978
2020-05-23 06:15:00,24.331,34.50256885340665
2020-05-23 06:30:00,24.331,34.85935020660002
2020-05-23 06:45:00,24.551,35.088364258520265
2020-05-23 07:00:00,24.551,34.875710376018446
2020-05-23 07:15:00,24.99,35.271840477417264
2020-05-23 07:30:00,25.6495,35.694740666100486
2020-05-23 07:45:00,26.089,35.73806795335475
2020-05-23 08:00:00,26.748,35.96853233585942
2020-05-23 08:15:00,27.627,36.235066293125215
2020-05-23 08:30:00,28.286,36.86146256164734
2020-05-23 08:45:00,29.165,36.89508736111717
2020-05-23 09:00:00,29.824,37.24105553840759
2020-05-23 09:15:00,30.703,37.24358211738104
2020-05-23 09:30:00,31.582,37.757921137994266
2020-05-23 09:45:00,32.2415,37.50314408506661
2020-05-23 10:00:00,33.12,37.911715122300976
2020-05-23 10:15:00,34.2185,38.046969124330566
2020-05-23 10:30:00,35.3175,38.67917444786101
2020-05-23 10:45:00,36.1965,38.993889678472314
2020-05-23 11:00:00,37.0755,39.07438152777787
2020-05-23 11:15:00,37.954,39.50203512334308
2020-05-23 11:30:00,38.613,40.08793012799322
2020-05-23 11:45:00,38.833,40.47608031490253
2020-05-23 12:00:00,38.833,40.55681200122684
2020-05-23 12:15:00,39.2725,40.09560612726472
2020-05-23 12:30:00,39.2725,40.546388254595996
2020-05-23 12:45:00,39.9315,40.7944596340922
2020-05-23 13:00:00,40.5905,41.23758524141684
2020-05-23 13:15:00,41.0305,41.343937238949124
2020-05-23 13:30:00,41.6895,41.21975052022869
2020-05-23 13:45:00,41.909,40.58448251841988
2020-05-23 14:00:00,42.129,41.098219780161436
2020-05-23 14:15:00,42.129,41.18814028638567
2020-05-23 14:30:00,42.129,40.896790012870184
2020-05-23 14:45:00,42.3485,40.90164725898924
2020-05-23 15:00:00,42.3485,40.876486504570614
2020-05-23 15:15:00,42.3485,41.04379734633138
2020-05-23 15:30:00,41.909,40.8466539278486
2020-05-23 15:45:00,41.0305,41.130913749447956
2020-05-23 16:00:00,40.3715,40.83308485106831
2020-05-23 16:15:00,39.712,40.56393266705664
2020-05-23 16:30:00,39.2725,40.68684353227297
2020-05-23 16:45:00,38.613,40.70601101813763
2020-05-23 17:00:00,38.174,40.30834576195089
2020-05-23 17:15:00,37.734,40.14579198660604
2020-05-23 17:30:00,37.295,40.055627799158906
2020-05-23 17:45:00,36.8555,39.86849585216432
2020-05-23 18:00:00,36.6355,39.894885771736504
2020-05-23 18:15:00,36.1965,39.9180981448526
2020-05-23 18:30:00,35.9765,40.09626410592495
2020-05-23 18:45:00,35.537,39.977731348580264
2020-05-23 19:00:00,35.0975,39.93524318983234
2020-05-23 19:15:00,34.4385,39.522082913702114
2020-05-23 19:30:00,33.7795,39.755388111552364
2020-05-23 19:45:00,33.12,39.9305904783739
2020-05-23 20:00:00,32.681,39.48907409308415
2020-05-23 20:15:00,32.241,39.178182605038835
2020-05-23 20:30:00,31.802,39.277382958970584
2020-05-23 20:45:00,31.1425,38.85439955254666
2020-05-23 21:00:00,30.703,38.825007040383674
2020-05-23 21:15:00,30.2635,38.317830153013865
2020-05-23 21:30:00,29.824,37.8540756398715
2020-05-23 21:45:00,29.6045,37.589978976878754
2020-05-23 22:00:00,29.165,37.557291668913585
2020-05-23 22:15:00,28.945,36.91354789617084
2020-05-23 22:30:00,28.7255,36.91109515889163
2020-05-23 22:45:00,28.506,36.4026968470175
2020-05-23 23:00:00,28.286,36.19246844997251
2020-05-23 23:15:00,28.0665,36.183722071701155
2020-05-23 23:30:00,27.847,36.11398567779954
2020-05-23 23:45:00,27.627,35.5779004437582
2020-05-24 00:00:00,27.407,35.43728314013366
2020-05-24 00:15:00,27.1875,35.6907495395469
2020-05-24 00:30:00,27.1875,35.712419819813725
2020-05-24 00:45:00,26.968,35.34242255853164
2020-05-24 01:00:00,26.748,35.13699785083455
2020-05-24 01:15:00,26.748,35.055586660817035
2020-05-24 01:30:00,26.528,35.03083146989877
2020-05-24 01:45:00,26.528,34.74852844511803
2020-05-24 02:00:00,26.3085,34.49762629909328
2020-05-24 02:15:00,26.3085,34.67811211602928
2020-05-24 02:30:00,26.089,34.662922840508564
2020-05-24 02:45:00,25.869,34.39780240643699
2020-05-24 03:00:00,25.869,34.3295197940303
2020-05-24 03:15:00,25.869,34.43909731310874
2020-05-24 03:30:00,25.43,34.63027659757999
2020-05-24 03:45:00,25.43,34.29766395825331
2020-05-24 04:00:00,25.43,34.117881116394265
2020-05-24 04:15:00,25.21,33.96670158005066
2020-05-24 04:30:00,24.99,34.21035063443661
2020-05-24 04:45:00,24.99,34.606345546108244
2020-05-24 05:00:00,24.7705,34.445177343936706
2020-05-24 05:15:00,24.7705,34.15097894119261
2020-05-24 05:30:00,24.551,34.302370687115236
2020-05-24 05:45:00,24.551,34.7999459485941
2020-05-24 06:00:00,24.551,34.987731026966976
2020-05-24 06:15:00,24.551,35.21888584574861
2020-05-24 06:30:00,24.99,35.46101398897951
2020-05-24 06:45:00,25.21,35.48553845548823
2020-05-24 07:00:00,25.6495,35.5902855609139
2020-05-24 07:15:00,26.089,35.6459984381226
2020-05-24 07:30:00,26.968,35.80042354704053
2020-05-24 07:45:00,27.407,36.552505547503614
2020-05-24 08:00:00,27.847,36.95671963382544
2020-05-24 08:15:00,28.5055,36.72467351238463
2020-05-24 08:30:00,28.9455,37.12742076183659
2020-05-24 08:45:00,29.6045,37.349092715825265
2020-05-24 09:00:00,30.2635,37.70611185081291
2020-05-24 09:15:00,30.923,37.92864654884686
2020-05-24 09:30:00,31.582,37.72782352150613
2020-05-24 09:45:00,32.241,38.58822345425689
2020-05-24 10:00:00,32.461,38.20610524979758
2020-05-24 10:15:00,32.461,38.76412903788069
2020-05-24 10:30:00,32.461,39.34250489390187
2020-05-24 10:45:00,32.241,39.347646858414755
2020-05-24 11:00:00,31.582,39.192096032524
2020-05-24 11:15:00,31.362,39.894286775627016
2020-05-24 11:30:00,31.362,39.86055528204661
2020-05-24 11:45:00,31.582,40.227335107221364
2020-05-24 12:00:00,31.802,39.87908245192001
2020-05-24 12:15:00,32.461,40.011486226029504
2020-05-24 12:30:00,33.5595,39.96671938677265
2020-05-24 12:45:00,34.878,40.27819979832403
2020-05-24 13:00:00,35.9765,40.63912075735759
2020-05-24 13:15:00,36.6355,40.75465830036241
2020-05-24 13:30:00,37.0755,40.68652684442274
2020-05-24 13:45:00,37.734,40.451966462084656
2020-05-24 14:00:00,38.3935,40.489106816264766
2020-05-24 14:15:00,38.833,40.28916067011544
2020-05-24 14:30:00,39.2725,39.70702050294649
2020-05-24 14:45:00,39.4925,39.77843840959341
2020-05-24 15:00:00,39.4925,39.768743003903275
2020-05-24 15:15:00,39.0525,40.13367665841669
2020-05-24 15:30:00,38.833,39.62119188393972
2020-05-24 15:45:00,38.1735,40.12835380779957
2020-05-24 16:00:00,37.7345,40.465741296587694
2020-05-24 16:15:00,37.5145,39.71371001104256
2020-05-24 16:30:00,37.295,39.06302299622963
2020-05-24 16:45:00,36.8555,39.21947092774291
2020-05-24 17:00:00,36.6355,38.967979254762554
2020-05-24 17:15:00,36.1965,38.7342231623043
2020-05-24 17:30:00,35.9765,38.69689643152211
2020-05-24 17:45:00,35.9765,38.64923431581053
2020-05-24 18:00:00,35.537,38.68992134057121
2020-05-24 18:15:00,35.537,38.22785929407167
2020-05-24 18:30:00,35.0975,38.87519751187733
2020-05-24 18:45:00,34.878,38.53672084929518
2020-05-24 19:00:00,34.878,39.02477940608631
2020-05-24 19:15:00,34.878,39.22311429668757
2020-05-24 19:30:00,34.658,38.639000753831496
2020-05-24 19:45:00,34.658,38.906441082536055
2020-05-24 20:00:00,34.4385,38.695058669375456
2020-05-24 20:15:00,34.219,38.17924596788896
2020-05-24 20:30:00,34.219,37.83789140030295
2020-05-24 20:45:00,33.779,38.521200806455546
2020-05-24 21:00:00,33.779,38.04054795717972
2020-05-24 21:15:00,33.779,37.51790569874731
2020-05-24 21:30:00,33.779,37.504232956930714
2020-05-24 21:45:00,33.5595,37.60046504469937
2020-05-24 22:00:00,33.34,37.39791314323837
2020-05-24 22:15:00,33.34,37.33590138735687
2020-05-24 22:30:00,33.34,37.853364295456444
2020-05-24 22:45:00,33.34,37.34304508344548
2020-05-24 23:00:00,32.461,36.985754480714924
2020-05-24 23:15:00,31.8015,36.83297627880668
2020-05-24 23:30:00,30.703,36.541914396022115
2020-05-24 23:45:00,30.2635,36.522344607870174
2020-05-25 00:00:00,29.824,36.788707069865
2020-05-25 00:15:00,29.6045,36.803305098405446
2020-05-25 00:30:00,29.6045,36.706180302090736
2020-05-25 00:45:00,29.3845,36.26798310796714
2020-05-25 01:00:00,29.3845,36.034893383025135
2020-05-25 01:15:00,29.3845,35.86925822444946
2020-05-25 01:30:00,29.3845,35.189340129373434
2020-05-25 01:45:00,29.3845,35.07599036328982
2020-05-25 02:00:00,29.3845,34.66692474808089
2020-05-25 02:15:00,29.3845,34.544339396586835
2020-05-25 02:30:00,29.3845,34.43032992716992
2020-05-25 02:45:00,29.3845,34.378249418463824
2020-05-25 03:00:00,29.6045,34.41949262367078
2020-05-25 03:15:00,29.6045,34.416816063143294
2020-05-25 03:30:00,29.6045,34.19261411424808
2020-05-25 03:45:00,29.6045,34.13650612965742
2020-05-25 04:00:00,29.6045,34.31781657639484
2020-05-25 04:15:00,29.6045,34.42317897751533
2020-05-25 04:30:00,29.6045,34.61835957332521
2020-05-25 04:45:00,29.6045,34.32562542335224
2020-05-25 05:00:00,29.6045,34.29742703265733
2020-05-25 05:15:00,29.6045,34.460459253630624
2020-05-25 05:30:00,29.6045,34.52414942398659
2020-05-25 05:45:00,29.6045,34.58430784060067
2020-05-25 06:00:00,29.6045,34.57166180017945
2020-05-25 06:15:00,29.6045,34.781530872417505
2020-05-25 06:30:00,29.6045,34.572030686185826
2020-05-25 06:45:00,29.6045,34.38071426957211
2020-05-25 07:00:00,29.824,34.72988987386207
2020-05-25 07:15:00,29.824,34.70750016531932
2020-05-25 07:30:00,30.2635,35.0445361415516
2020-05-25 07:45:00,30.2635,34.86266761974447
2020-05-25 08:00:00,30.4835,34.92167872811426
2020-05-25 08:15:00,30.703,34.98869907835942
2020-05-25 08:30:00,30.703,35.18471996522615
2020-05-25 08:45:00,30.703,35.313985692988
2020-05-25 09:00:00,30.9225,35.16988135756968
2020-05-25 09:15:00,31.3625,35.398873478747745
2020-05-25 09:30:00,31.8015,35.39386385337584
2020-05-25 09:45:00,31.8015,35.42124800053883
2020-05-25 10:00:00,31.8015,36.44541138117901
2020-05-25 10:15:00,31.8015,36.1716832791492
2020-05-25 10:30:00,31.8015,36.56728682406254
2020-05-25 10:45:00,31.8015,36.39794213615596
2020-05-25 11:00:00,31.582,36.819727836300665
2020-05-25 11:15:00,31.582,36.96252093796951
2020-05-25 11:30:00,31.362,36.77809339078394
2020-05-25 11:45:00,31.362,36.70698582452849
2020-05-25 12:00:00,31.362,36.99908669661822
2020-05-25 12:15:00,31.362,36.798850830708
2020-05-25 12:30:00,31.582,37.85387951733603
2020-05-25 12:45:00,31.802,37.49671298316016
2020-05-25 13:00:00,32.241,37.25314337130067
2020-05-25 13:15:00,32.681,37.56503790358355
2020-05-25 13:30:00,33.34,37.70527087217481
2020-05-25 13:45:00,33.779,37.41139161383558
2020-05-25 14:00:00,34.219,37.82920924207676
2020-05-25 14:15:00,34.219,37.71808844800657
2020-05-25 14:30:00,34.219,37.80698129403535
2020-05-25 14:45:00,33.999,37.966429067583235
2020-05-25 15:00:00,33.779,37.6514898504239
2020-05-25 15:15:00,33.779,37.8077450087051
2020-05-25 15:30:00,33.779,38.153812726811815
2020-05-25 15:45:00,33.5595,37.95252949568497
2020-05-25 16:00:00,33.34,37.71127247361145
2020-05-25 16:15:00,33.12,37.92392190685798
2020-05-25 16:30:00,33.12,37.89902407365543
2020-05-25 16:45:00,33.12,37.6616740057304
2020-05-25 17:00:00,33.12,37.458626366603106
2020-05-25 17:15:00,33.12,37.58555099385555
2020-05-25 17:30:00,32.9005,36.62186119364755
2020-05-25 17:45:00,31.362,37.20964070265173
2020-05-25 18:00:00,29.385,37.0153375263146
2020-05-25 18:15:00,28.2865,37.326161734358955
2020-05-25 18:30:00,28.0665,37.6439697263344
2020-05-25 18:45:00,27.627,37.14956661694001
2020-05-25 19:00:00,26.9675,38.06483199957858
2020-05-25 19:15:00,26.748,37.79101206852485
2020-05-25 19:30:00,26.748,38.41926195408178
2020-05-25 19:45:00,26.748,37.618711593316824
2020-05-25 20:00:00,27.1875,37.78756970118688
2020-05-25 20:15:00,27.1875,37.78469303755615
2020-05-25 20:30:00,27.1875,37.28977426674651
2020-05-25 20:45:00,27.1875,37.157243334298386
2020-05-25 21:00:00,27.1875,37.0306725042802
2020-05-25 21:15:00,27.1875,37.14241980993548
2020-05-25 21:30:00,27.1875,37.22862245877243
2020-05-25 21:45:00,27.1875,36.791259725876344
2020-05-25 22:00:00,27.1875,36.87416322351664
2020-05-25 22:15:00,26.968,36.52760157657388
2020-05-25 22:30:00,26.968,36.337854174170026
2020-05-25 22:45:00,26.748,36.25354240127907
2020-05-25 23:00:00,26.528,35.5404543482314
2020-05-25 23:15:00,26.528,35.822985486908124
2020-05-25 23:30:00,26.528,35.88237615622439
2020-05-25 23:45:00,26.528,35.8174917766115
2020-05-26 00:00:00,26.528,35.614809392743574
2020-05-26 00:15:00,26.528,35.765541805568915
2020-05-26 00:30:00,26.528,35.204067208525906
2020-05-26 00:45:00,26.528,35.09281673409961
2020-05-26 01:00:00,26.748,35.25409427131407
2020-05-26 01:15:00,26.748,35.15490616773631
2020-05-26 01:30:00,26.748,34.84016781443112
2020-05-26 01:45:00,26.748,35.04247767383956
2020-05-26 02:00:00,26.9675,34.89722522455035
2020-05-26 02:15:00,27.1875,34.942450221061286
2020-05-26 02:30:00,27.1875,35.12428057927926
2020-05-26 02:45:00,27.1875,34.92759662181546
2020-05-26 03:00:00,27.1875,34.86722669384738
2020-05-26 03:15:00,27.1875,34.38892646058697
2020-05-26 03:30:00,27.1875,34.60250131960315
2020-05-26 03:45:00,27.1875,34.57050395293959
2020-05-26 04:00:00,27.1875,34.88828917639752
2020-05-26 04:15:00,27.1875,34.57843899922752
2020-05-26 04:30:00,27.1875,34.54371327938945
2020-05-26 04:45:00,27.1875,34.6530950567941
2020-05-26 05:00:00,27.1875,34.92050570774139
2020-05-26 05:15:00,27.1875,34.64329542332389
2020-05-26 05:30:00,27.1875,34.809091496903434
2020-05-26 05:45:00,27.1875,34.71859631665362
2020-05-26 06:00:00,27.1875,34.41973776109973
2020-05-26 06:15:00,27.407,34.73481252123895
2020-05-26 06:30:00,27.407,34.876786518731215
2020-05-26 06:45:00,27.407,34.874989907520145
2020-05-26 07:00:00,27.407,34.64880898456262
2020-05-26 07:15:00,27.627,34.49779320170915
2020-05-26 07:30:00,27.627,35.00506873716517
2020-05-26 07:45:00,27.627,34.793078415444256
2020-05-26 08:00:00,27.627,34.46627727501918
2020-05-26 08:15:00,27.847,34.88142334980302
2020-05-26 08:30:00,28.0665,34.951616353299485
2020-05-26 08:45:00,28.286,34.825085383670846
2020-05-26 09:00:00,28.506,35.35955902413578
2020-05-26 09:15:00,28.506,35.03373490158083
2020-05-26 09:30:00,28.7255,35.30127526379979
2020-05-26 09:45:00,28.945,35.158375530504706
2020-05-26 10:00:00,28.945,35.341726370851056
2020-05-26 10:15:00,28.945,35.89254998290987
2020-05-26 10:30:00,29.385,35.90630732378215
2020-05-26 10:45:00,29.385,35.986671264730084
2020-05-26 11:00:00,29.385,36.035112439078326
2020-05-26 11:15:00,29.824,36.47196502926077
2020-05-26 11:30:00,29.824,35.91483753255552
2020-05-26 11:45:00,30.2635,36.275114998632716
2020-05-26 12:00:00,30.2635,36.28491076170578
2020-05-26 12:15:00,30.703,36.175121824135466
2020-05-26 12:30:00,30.703,36.047306765207466
2020-05-26 12:45:00,31.1425,36.22680110431437
2020-05-26 13:00:00,31.582,36.3634315849937
2020-05-26 13:15:00,32.0215,36.24312656404606
2020-05-26 13:30:00,32.2415,36.758625450837144
2020-05-26 13:45:00,32.461,36.95795935608677
2020-05-26 14:00:00,32.6805,37.74521099081281
2020-05-26 14:15:00,32.6805,37.45554179374488
2020-05-26 14:30:00,33.1205,36.99712946089296
2020-05-26 14:45:00,33.1205,37.15279940024423
2020-05-26 15:00:00,33.34,36.63760989922947
2020-05-26 15:15:00,33.5595,36.99648002196774
2020-05-26 15:30:00,33.5595,37.55084122982144
2020-05-26 15:45:00,33.5595,37.16655292077739
2020-05-26 16:00:00,33.34,36.24248632947749
2020-05-26 16:15:00,33.34,36.98381577669878
2020-05-26 16:30:00,33.34,36.64023014150607
2020-05-26 16:45:00,33.34,36.92185677679507
2020-05-26 17:00:00,33.34,36.63061614346214
2020-05-26 17:15:00,33.34,36.75719391824054
2020-05-26 17:30:00,33.34,36.400073315028614
2020-05-26 17:45:00,33.12,36.21556405084233
2020-05-26 18:00:00,32.9005,36.12309882932128
2020-05-26 18:15:00,32.9005,36.19310672339266
2020-05-26 18:30:00,32.9005,36.76958955453686
2020-05-26 18:45:00,32.681,36.58437260870762
2020-05-26 19:00:00,32.461,36.22738912613331
2020-05-26 19:15:00,32.461,36.00608875902951
2020-05-26 19:30:00,32.241,36.61107546229853
2020-05-26 19:45:00,32.241,36.768373430114245
2020-05-26 20:00:00,32.0215,36.81617204762781
2020-05-26 20:15:00,31.802,37.27526709405095
2020-05-26 20:30:00,31.802,36.646094718075474
2020-05-26 20:45:00,31.802,36.47426088070953
2020-05-26 21:00:00,31.802,36.91480401618197
2020-05-26 21:15:00,31.582,36.05948219977481
2020-05-26 21:30:00,31.582,36.10589017931817
2020-05-26 21:45:00,31.582,36.30329846211976
2020-05-26 22:00:00,31.582,36.18925704983414
2020-05-26 22:15:00,31.582,35.91784660458508
2020-05-26 22:30:00,31.582,35.547536230681864
2020-05-26 22:45:00,31.582,35.44837969204384
2020-05-26 23:00:00,31.582,35.41056775576923
2020-05-26 23:15:00,31.1425,34.971795451096405
2020-05-26 23:30:00,31.1425,34.8221815381661
2020-05-26 23:45:00,31.1425,34.703411352657355
2020-05-27 00:00:00,31.1425,34.63507125951056
2020-05-27 00:15:00,31.1425,34.57684597977664
2020-05-27 00:30:00,30.703,34.56375141474211
2020-05-27 00:45:00,30.703,34.601911643871844
2020-05-27 01:00:00,30.703,34.55384498039485
2020-05-27 01:15:00,30.703,34.678306546851154
2020-05-27 01:30:00,30.703,34.765122175725395
2020-05-27 01:45:00,30.703,34.3970982028576
2020-05-27 02:00:00,30.483,34.540195854568005
2020-05-27 02:15:00,30.483,34.43189896102864
2020-05-27 02:30:00,30.483,34.3052088972639
2020-05-27 02:45:00,30.2635,34.079410453739165
2020-05-27 03:00:00,30.2635,34.31602424515196
2020-05-27 03:15:00,30.2635,34.27446637621906
2020-05-27 03:30:00,30.2635,34.02443012752494
2020-05-27 03:45:00,30.2635,34.03198001696119
2020-05-27 04:00:00,30.2635,34.24119282595378
2020-05-27 04:15:00,30.2635,34.18968191847598
2020-05-27 04:30:00,30.2635,34.00125374938989
2020-05-27 04:45:00,30.2635,34.015061781089784
2020-05-27 05:00:00,30.044,33.920800512459415
2020-05-27 05:15:00,30.044,34.23290569689813
2020-05-27 05:30:00,30.044,33.97754161964168
2020-05-27 05:45:00,30.044,34.00386443623221
2020-05-27 06:00:00,30.044,34.39082005631261
2020-05-27 06:15:00,30.044,34.42551493123552
2020-05-27 06:30:00,30.044,34.06267900755788
2020-05-27 06:45:00,30.044,34.18223674883658
2020-05-27 07:00:00,30.044,34.34346197426528
2020-05-27 07:15:00,30.2635,34.51614865194785
2020-05-27 07:30:00,30.2635,34.27820985126219
2020-05-27 07:45:00,30.2635,34.30963765884905
2020-05-27 08:00:00,30.2635,34.08554654929317
2020-05-27 08:15:00,30.2635,34.48226189288559
2020-05-27 08:30:00,29.824,34.122548600662405
2020-05-27 08:45:00,29.6045,34.20898625133372
2020-05-27 09:00:00,29.6045,34.24770665930952
2020-05-27 09:15:00,29.6045,34.3501521748724
2020-05-27 09:30:00,29.824,34.34830430569473
2020-05-27 09:45:00,29.824,34.90303226816289
2020-05-27 10:00:00,29.824,34.96627190064986
2020-05-27 10:15:00,30.2635,35.610414605373904
2020-05-27 10:30:00,30.4835,35.65180154738365
2020-05-27 10:45:00,30.9225,35.976628565963
2020-05-27 11:00:00,31.1425,35.914255638926
2020-05-27 11:15:00,31.3625,36.05093896103127
2020-05-27 11:30:00,31.8015,35.99773061253031
2020-05-27 11:45:00,32.2415,35.95017823212184
2020-05-27 12:00:00,32.461,35.980779844379256
2020-05-27 12:15:00,32.6805,36.082456799486394
2020-05-27 12:30:00,33.1205,36.15682046448782
2020-05-27 12:45:00,33.5595,36.04862801177384
2020-05-27 13:00:00,34.219,36.179655096866824
2020-05-27 13:15:00,34.8775,36.16403501293712
2020-05-27 13:30:00,35.0975,36.32962939889195
2020-05-27 13:45:00,35.3175,36.258537536689566
2020-05-27 14:00:00,35.7565,36.44071877691523
2020-05-27 14:15:00,35.7565,36.66326539015459
2020-05-27 14:30:00,36.6355,36.46632868319035
2020-05-27 14:45:00,37.7345,36.4452025597316
2020-05-27 15:00:00,38.174,36.32625355528098
2020-05-27 15:15:00,38.3935,36.00092843907243
2020-05-27 15:30:00,38.3935,36.33557774081529
2020-05-27 15:45:00,38.613,36.59803735301735
2020-05-27 16:00:00,38.613,36.38241213729162
2020-05-27 16:15:00,38.613,36.2583920509749
2020-05-27 16:30:00,38.613,36.59461325922223
2020-05-27 16:45:00,39.053,36.34726621047788
2020-05-27 17:00:00,39.053,36.2314094729722
2020-05-27 17:15:00,39.053,36.58104194219263
2020-05-27 17:30:00,39.053,36.23281832813432
2020-05-27 17:45:00,38.613,36.35294072140301
2020-05-27 18:00:00,38.3935,36.221112305741215
2020-05-27 18:15:00,38.174,36.14109977974847
2020-05-27 18:30:00,37.7345,35.97171561754471
2020-05-27 18:45:00,37.515,36.06808589639065
2020-05-27 19:00:00,37.075,36.412599434296844
2020-05-27 19:15:00,36.8555,36.71077784001227
2020-05-27 19:30:00,36.416,36.82554711918803
2020-05-27 19:45:00,35.9765,36.70147223871881
2020-05-27 20:00:00,35.757,36.689478522179606
2020-05-27 20:15:00,35.317,36.56452308418981
2020-05-27 20:30:00,35.0975,36.453878630869454
2020-05-27 20:45:00,34.878,36.96825155554674
2020-05-27 21:00:00,34.658,36.74055719867062
2020-05-27 21:15:00,34.4385,36.64127393268248
2020-05-27 21:30:00,34.219,36.48496496931855
2020-05-27 21:45:00,33.999,36.104111884092504
2020-05-27 22:00:00,33.5595,36.45166570831622
2020-05-27 22:15:00,33.34,36.06912189102206
2020-05-27 22:30:00,33.12,35.609259254737935
2020-05-27 22:45:00,32.9005,35.791753126910656
2020-05-27 23:00:00,32.681,35.50788382513462
2020-05-27 23:15:00,32.461,35.60080770704141
2020-05-27 23:30:00,32.241,35.32409926836543
2020-05-27 23:45:00,32.0215,35.45625519462386
2020-05-28 00:00:00,32.0215,35.609254533316545
2020-05-28 00:15:00,32.0215,35.3215505526865
2020-05-28 00:30:00,31.582,35.39342573272805
2020-05-28 00:45:00,31.582,34.95523043002808
2020-05-28 01:00:00,31.582,34.96339160225099
2020-05-28 01:15:00,31.362,35.001377831570466
2020-05-28 01:30:00,31.1425,34.82723348420765
2020-05-28 01:45:00,31.1425,34.5564575807599
2020-05-28 02:00:00,31.1425,34.84108322471132
2020-05-28 02:15:00,30.923,35.36080970916782
2020-05-28 02:30:00,30.703,34.890877801142274
2020-05-28 02:45:00,30.703,34.74922379154184
2020-05-28 03:00:00,30.703,34.89168139288993
2020-05-28 03:15:00,30.703,34.99287755001647
2020-05-28 03:30:00,30.703,34.768414251768604
2020-05-28 03:45:00,30.483,34.69850813894089
2020-05-28 04:00:00,30.2635,34.57912090166924
2020-05-28 04:15:00,30.2635,34.9193557093133
2020-05-28 04:30:00,30.2635,34.95583039483231
2020-05-28 04:45:00,30.2635,35.19639860499242
2020-05-28 05:00:00,30.2635,34.70796948550614
2020-05-28 05:15:00,30.044,34.65321574196048
2020-05-28 05:30:00,29.824,34.627224556259996
2020-05-28 05:45:00,29.824,34.59432283606683
2020-05-28 06:00:00,29.824,34.90310620982538
2020-05-28 06:15:00,29.824,34.90686907846559
2020-05-28 06:30:00,29.824,34.63621150664019
2020-05-28 06:45:00,30.2635,34.43835451069567
2020-05-28 07:00:00,30.2635,34.52943548345563
2020-05-28 07:15:00,30.703,34.31538361327659
2020-05-28 07:30:00,30.923,34.053125837898
2020-05-28 07:45:00,31.362,33.828280090860275
2020-05-28 08:00:00,31.802,33.94135888406836
2020-05-28 08:15:00,32.241,33.865529598835785
2020-05-28 08:30:00,32.681,34.075091034962036
2020-05-28 08:45:00,33.12,34.08558986699193
2020-05-28 09:00:00,33.5595,34.020574966520456
2020-05-28 09:15:00,33.779,34.28181113730555
2020-05-28 09:30:00,33.999,33.74877094739288
2020-05-28 09:45:00,34.219,34.27082561537917
2020-05-28 10:00:00,34.4385,34.260094889591116
2020-05-28 10:15:00,34.878,34.387379762420665
2020-05-28 10:30:00,35.0975,34.637953244071916
2020-05-28 10:45:00,35.0975,35.02194595638635
2020-05-28 11:00:00,35.537,35.29080239008245
2020-05-28 11:15:00,35.537,35.50188356096092
2020-05-28 11:30:00,36.196,35.332294017132284
2020-05-28 11:45:00,37.075,35.911873643491845
2020-05-28 12:00:00,37.7345,35.70776695570076
2020-05-28 12:15:00,37.7345,35.63393637931651
2020-05-28 12:30:00,38.174,35.59023555924738
2020-05-28 12:45:00,38.3935,35.852511106854166
2020-05-28 13:00:00,38.3935,36.12621784807595
2020-05-28 13:15:00,38.3935,36.42732104813454
2020-05-28 13:30:00,38.3935,36.18222707331291
2020-05-28 13:45:00,38.613,36.45412656926236
2020-05-28 14:00:00,38.613,36.68274951264243
2020-05-28 14:15:00,38.613,36.500863212344925
2020-05-28 14:30:00,38.833,36.537135408619086
2020-05-28 14:45:00,39.053,36.78416356768962
2020-05-28 15:00:00,39.053,37.031739466477966
2020-05-28 15:15:00,39.053,37.0499347405112
2020-05-28 15:30:00,39.053,37.04038594535871
2020-05-28 15:45:00,39.053,37.107647697108376
2020-05-28 16:00:00,39.053,36.978678267088306
2020-05-28 16:15:00,39.053,36.94331935718265
2020-05-28 16:30:00,39.053,36.91887495012674
2020-05-28 16:45:00,39.053,37.21328524712923
2020-05-28 17:00:00,39.053,36.723582230064615
2020-05-28 17:15:00,39.053,36.505609299277445
2020-05-28 17:30:00,38.833,36.99239790149002
2020-05-28 17:45:00,38.613,37.394654639370664
2020-05-28 18:00:00,38.174,37.23143424157487
2020-05-28 18:15:00,37.954,36.981782418554914
2020-05-28 18:30:00,37.7345,37.05112393786384
2020-05-28 18:45:00,37.515,37.2493533440274
2020-05-28 19:00:00,37.075,37.241873236606956
2020-05-28 19:15:00,36.8555,36.666390022306196
2020-05-28 19:30:00,36.636,36.7692605091979
2020-05-28 19:45:00,36.416,36.78480594149504
2020-05-28 20:00:00,36.196,37.00481244579814
2020-05-28 20:15:00,35.9765,37.00665253573673
2020-05-28 20:30:00,35.757,36.82164585145316
2020-05-28 20:45:00,35.757,36.6899209505007
2020-05-28 21:00:00,35.537,36.45612872019591
2020-05-28 21:15:00,35.317,36.72747086915657
2020-05-28 21:30:00,35.0975,36.60321030731448
2020-05-28 21:45:00,34.878,37.036579143534006
2020-05-28 22:00:00,34.878,36.382455694175604
2020-05-28 22:15:00,34.658,36.00865394060806
2020-05-28 22:30:00,34.658,35.74962651707404
2020-05-28 22:45:00,34.658,35.57991949424781
2020-05-28 23:00:00,34.4385,35.41900532433679
2020-05-28 23:15:00,34.4385,35.62718153297426
2020-05-28 23:30:00,34.219,35.418842558913504
2020-05-28 23:45:00,34.219,35.118522846420596
2020-05-29 00:00:00,33.999,35.13442879314166
2020-05-29 00:15:00,33.999,35.66976765834117
2020-05-29 00:30:00,33.779,35.68972022440531
2020-05-29 00:45:00,33.779,35.528985335430065
2020-05-29 01:00:00,33.779,35.641787446257595
2020-05-29 01:15:00,33.5595,35.794106941107586
2020-05-29 01:30:00,33.34,35.780143783810544
2020-05-29 01:45:00,33.34,35.27628187361122
2020-05-29 02:00:00,33.34,35.27286066539431
2020-05-29 02:15:00,33.34,35.31886354784822
2020-05-29 02:30:00,33.12,35.3301409150434
2020-05-29 02:45:00,32.9005,35.19433592215332
2020-05-29 03:00:00,32.9005,35.10308114944245
2020-05-29 03:15:00,32.9005,35.160441286010624
2020-05-29 03:30:00,32.9005,35.18711555451927
2020-05-29 03:45:00,32.9005,35.04163256050289
2020-05-29 04:00:00,32.9005,35.12169193405698
2020-05-29 04:15:00,32.681,34.7998075061428
2020-05-29 04:30:00,32.681,35.15360015103489
2020-05-29 04:45:00,32.461,34.92700734643327
2020-05-29 05:00:00,32.461,34.92981693860246
2020-05-29 05:15:00,32.461,34.821374242504824
2020-05-29 05:30:00,32.461,35.21011299260603
2020-05-29 05:45:00,32.461,34.696190969758874
2020-05-29 06:00:00,32.461,35.08171314544559
2020-05-29 06:15:00,32.461,34.885841927220326
2020-05-29 06:30:00,32.461,35.285593488102265
2020-05-29 06:45:00,32.461,34.57745376305675
2020-05-29 07:00:00,32.461,35.09127747284885
2020-05-29 07:15:00,32.9005,34.827360233607685
2020-05-29 07:30:00,32.9005,34.63473676503137
2020-05-29 07:45:00,33.12,34.183961572790686
2020-05-29 08:00:00,33.34,34.42070885190674
2020-05-29 08:15:00,33.779,34.127411875199265
2020-05-29 08:30:00,34.219,34.00322794361452
2020-05-29 08:45:00,34.219,34.31586263656914
2020-05-29 09:00:00,34.658,34.0225265090595
2020-05-29 09:15:00,34.8775,34.110745887328164
2020-05-29 09:30:00,35.0975,33.966053481760234
2020-05-29 09:45:00,35.0975,34.12708589604416
2020-05-29 10:00:00,35.0975,34.781732187848384
2020-05-29 10:15:00,35.0975,35.22071111539385
2020-05-29 10:30:00,34.878,34.515905756618885
2020-05-29 10:45:00,34.878,35.50916522124791
2020-05-29 11:00:00,35.317,36.04399652260881
2020-05-29 11:15:00,35.537,36.184752630764144
2020-05-29 11:30:00,35.757,35.66116227931363
2020-05-29 11:45:00,36.196,36.55192042118662
2020-05-29 12:00:00,36.196,35.97005689963982
2020-05-29 12:15:00,36.196,36.02271245074717
2020-05-29 12:30:00,36.196,36.95091837202678
2020-05-29 12:45:00,36.636,37.233942760375086
2020-05-29 13:00:00,36.636,37.28233993055452
2020-05-29 13:15:00,36.636,37.300848820950726
2020-05-29 13:30:00,36.8555,37.60001593483076
2020-05-29 13:45:00,37.075,37.49499602106805
2020-05-29 14:00:00,37.075,37.75603292937205
2020-05-29 14:15:00,37.075,37.977954380744016
2020-05-29 14:30:00,37.515,37.44292163419007
2020-05-29 14:45:00,37.515,37.543111816051535
2020-05-29 15:00:00,37.7345,37.587639863797726
2020-05-29 15:15:00,37.7345,38.323446749810074
2020-05-29 15:30:00,37.7345,38.199742252986674
2020-05-29 15:45:00,37.7345,38.2987589596869
2020-05-29 16:00:00,37.7345,37.81085854422788
2020-05-29 16:15:00,37.7345,37.87485721913792
2020-05-29 16:30:00,37.7345,37.85400371039654
2020-05-29 16:45:00,37.515,37.914754217673966
2020-05-29 17:00:00,37.295,37.725991436606286
2020-05-29 17:15:00,37.295,38.326943539621546
2020-05-29 17:30:00,37.075,37.675966790144166
2020-05-29 17:45:00,37.075,37.19820578245214
2020-05-29 18:00:00,36.8555,37.753714854568116
2020-05-29 18:15:00,36.636,37.339654483895536
2020-05-29 18:30:00,36.636,37.45636670631007
2020-05-29 18:45:00,36.416,37.82782883847636
2020-05-29 19:00:00,36.196,37.34483811377216
2020-05-29 19:15:00,35.9765,37.531059205633845
2020-05-29 19:30:00,35.9765,37.601360389202306
2020-05-29 19:45:00,35.757,37.283988692362385
2020-05-29 20:00:00,35.537,37.069259643912204
2020-05-29 20:15:00,35.537,36.76991212328342
2020-05-29 20:30:00,35.0975,37.13743580267755
2020-05-29 20:45:00,34.658,37.2502007347678
2020-05-29 21:00:00,34.658,37.02311301145038
2020-05-29 21:15:00,34.219,37.0210734802613
2020-05-29 21:30:00,33.779,36.7380224873778
2020-05-29 21:45:00,33.779,36.74153308219369
2020-05-29 22:00:00,33.779,36.32150537489591
2020-05-29 22:15:00,33.779,36.312573579326454
2020-05-29 22:30:00,33.779,35.904836800321405
2020-05-29 22:45:00,33.779,35.94306150901305
2020-05-29 23:00:00,33.779,35.80891657718234
2020-05-29 23:15:00,33.779,36.136110713960946
2020-05-29 23:30:00,33.779,35.555612968044265
2020-05-29 23:45:00,33.779,35.49300062075071
2020-05-30 00:00:00,33.779,35.79505527528383
2020-05-30 00:15:00,33.779,35.55664317265393
2020-05-30 00:30:00,33.779,35.71116368866197
2020-05-30 00:45:00,33.34,35.89312898732513
2020-05-30 01:00:00,33.34,35.79996145976114
2020-05-30 01:15:00,33.34,35.36117699862834
2020-05-30 01:30:00,32.681,35.325445309259145
2020-05-30 01:45:00,32.0215,35.418196843444726
2020-05-30 02:00:00,31.582,35.4205474785815
2020-05-30 02:15:00,31.362,35.32881045163006
2020-05-30 02:30:00,31.582,35.20938493492182
2020-05-30 02:45:00,31.582,35.091931424942906
2020-05-30 03:00:00,31.802,34.979860887919884
2020-05-30 03:15:00,31.802,34.68533247590912
2020-05-30 03:30:00,31.802,35.18837590587627
2020-05-30 03:45:00,32.0215,35.113433619938355
2020-05-30 04:00:00,32.0215,35.135735745937
2020-05-30 04:15:00,32.0215,35.057885526774
2020-05-30 04:30:00,32.0215,35.02850021266879
2020-05-30 04:45:00,32.0215,35.06161922584093
2020-05-30 05:00:00,32.0215,34.83148250851332
2020-05-30 05:15:00,32.0215,34.84246487749033
2020-05-30 05:30:00,32.0215,35.136077711256654
2020-05-30 05:45:00,32.0215,35.18388235707176
2020-05-30 06:00:00,32.0215,34.91616956969327
2020-05-30 06:15:00,32.0215,35.022861883982884
2020-05-30 06:30:00,32.2415,35.08275451444638
2020-05-30 06:45:00,32.461,34.734539954037785
2020-05-30 07:00:00,32.461,34.964039942435186
2020-05-30 07:15:00,32.6805,34.89128259879014
2020-05-30 07:30:00,32.6805,35.00147806161303
2020-05-30 07:45:00,32.9005,35.11427654984591
2020-05-30 08:00:00,32.9005,35.399489569936094
2020-05-30 08:15:00,33.34,35.108516057762316
2020-05-30 08:30:00,33.34,35.298345642953436
2020-05-30 08:45:00,33.779,34.773125369510105
2020-05-30 09:00:00,33.779,34.93378111267786
2020-05-30 09:15:00,34.219,35.434329868411325
2020-05-30 09:30:00,34.4385,35.223811908013836
2020-05-30 09:45:00,34.658,35.33036165206935
2020-05-30 10:00:00,35.0975,35.82727310124709
2020-05-30 10:15:00,35.0975,36.050848235807095
2020-05-30 10:30:00,35.537,36.39558617794364
2020-05-30 10:45:00,35.757,36.38226165290866
2020-05-30 11:00:00,36.196,36.40850394859766
2020-05-30 11:15:00,36.636,37.10070309874437
2020-05-30 11:30:00,36.8555,37.05621175291101
2020-05-30 11:45:00,37.295,37.13188798574561
2020-05-30 12:00:00,37.295,36.95123360847395
2020-05-30 12:15:00,37.7345,36.95564433144808
2020-05-30 12:30:00,37.954,36.44663770446106
2020-05-30 12:45:00,38.174,37.6750282854042
2020-05-30 13:00:00,38.174,36.96028782280343
2020-05-30 13:15:00,38.174,37.274426328569476
2020-05-30 13:30:00,38.174,37.831282329550305
2020-05-30 13:45:00,38.174,37.32290832613275
2020-05-30 14:00:00,38.174,37.84834476418895
2020-05-30 14:15:00,38.174,37.71082186983859
2020-05-30 14:30:00,38.174,37.68715008283678
2020-05-30 14:45:00,38.3935,38.06858972454743
2020-05-30 15:00:00,38.833,38.066192765775895
2020-05-30 15:15:00,39.2725,37.61334876328521
2020-05-30 15:30:00,39.4925,37.6011958593862
2020-05-30 15:45:00,39.712,37.26218514667468
2020-05-30 16:00:00,39.712,37.22483962825934
2020-05-30 16:15:00,39.712,37.725468032954055
2020-05-30 16:30:00,39.712,36.962453027268076
2020-05-30 16:45:00,39.712,37.003613738300345
2020-05-30 17:00:00,39.712,37.147222783974726
2020-05-30 17:15:00,39.2725,37.281067824876374
2020-05-30 17:30:00,39.053,36.72202589984551
2020-05-30 17:45:00,38.613,36.81356568138553
2020-05-30 18:00:00,38.3935,37.3590525080953
2020-05-30 18:15:00,37.954,37.01659045216258
2020-05-30 18:30:00,37.7345,37.18545064769687
2020-05-30 18:45:00,37.515,36.671339601711345
2020-05-30 19:00:00,37.295,36.78046905986105
2020-05-30 19:15:00,36.8555,36.50174602543486
2020-05-30 19:30:00,36.636,36.38080357965431
2020-05-30 19:45:00,36.416,36.12894887250354
2020-05-30 20:00:00,35.9765,36.88401783945585
2020-05-30 20:15:00,35.757,36.4887675236561
2020-05-30 20:30:00,35.537,36.53305663738294
2020-05-30 20:45:00,35.317,36.05411220530698
2020-05-30 21:00:00,35.317,35.99878762797292
2020-05-30 21:15:00,35.0975,36.0294601950923
2020-05-30 21:30:00,34.878,35.692105014270204
2020-05-30 21:45:00,34.878,35.761407719957724
2020-05-30 22:00:00,34.658,34.9077336808472
2020-05-30 22:15:00,34.658,34.596368441200504
2020-05-30 22:30:00,34.219,34.742586357819846
2020-05-30 22:45:00,33.999,34.68040033627393
2020-05-30 23:00:00,33.999,34.405460711981966
2020-05-30 23:15:00,33.779,34.3000023799754
2020-05-30 23:30:00,33.779,34.4851993393301
2020-05-30 23:45:00,33.779,33.67885275853558
2020-05-31 00:00:00,33.779,34.026587482634575
2020-05-31 00:15:00,33.779,34.349274480411005
2020-05-31 00:30:00,33.779,34.402457140874844
2020-05-31 00:45:00,33.779,33.944491363914544
2020-05-31 01:00:00,33.779,34.223544618593685
2020-05-31 01:15:00,33.779,34.59093255113995
2020-05-31 01:30:00,33.779,34.269170602758635
2020-05-31 01:45:00,33.779,34.1796693405685
2020-05-31 02:00:00,33.779,33.99776003800346
2020-05-31 02:15:00,33.779,34.014693324007624
2020-05-31 02:30:00,33.779,34.30876698320729
2020-05-31 02:45:00,33.779,33.959113881421175
2020-05-31 03:00:00,33.779,33.984539264179354
2020-05-31 03:15:00,33.779,34.498763310477536
2020-05-31 03:30:00,33.779,34.11918889638666
2020-05-31 03:45:00,33.779,34.196818119022524
2020-05-31 04:00:00,33.779,33.7613119407688
2020-05-31 04:15:00,33.779,33.86103395133241
2020-05-31 04:30:00,33.779,33.72080033688244
2020-05-31 04:45:00,33.779,33.92405692842472
2020-05-31 05:00:00,33.779,34.3886131197385
2020-05-31 05:15:00,33.779,34.26895634923092
2020-05-31 05:30:00,33.779,34.2999281411644
2020-05-31 05:45:00,33.779,34.310913345590464
2020-05-31 06:00:00,33.779,34.457700037031294
2020-05-31 06:15:00,33.779,34.123458717473156
2020-05-31 06:30:00,33.779,34.109935562011685
2020-05-31 06:45:00,33.779,34.50944224158566
2020-05-31 07:00:00,33.779,34.58691031125225
2020-05-31 07:15:00,33.779,34.67951732493601
2020-05-31 07:30:00,33.779,34.778330068830755
2020-05-31 07:45:00,33.779,34.66485526132338
2020-05-31 08:00:00,33.779,34.64820656545734
2020-05-31 08:15:00,33.779,34.52218362229973
2020-05-31 08:30:00,33.779,34.632566314075675
2020-05-31 08:45:00,33.779,34.62985404815117
2020-05-31 09:00:00,33.779,34.95286874880991
2020-05-31 09:15:00,33.779,34.79700026722204
2020-05-31 09:30:00,33.779,34.91002012601569
2020-05-31 09:45:00,33.779,34.90041063065484
2020-05-31 10:00:00,33.779,34.943838007683546
2020-05-31 10:15:00,33.779,34.93959324632355
2020-05-31 10:30:00,33.779,35.2026046584654
2020-05-31 10:45:00,33.779,34.9694338786805
2020-05-31 11:00:00,33.779,35.34224515307684
2020-05-31 11:15:00,33.779,35.20584074635394
2020-05-31 11:30:00,33.779,35.88487917562244
2020-05-31 11:45:00,33.779,35.753562023762115
2020-05-31 12:00:00,33.779,36.04293359934036
2020-05-31 12:15:00,33.779,36.46105367522265
2020-05-31 12:30:00,33.779,35.62506006897766
2020-05-31 12:45:00,33.779,36.31978458861845
2020-05-31 13:00:00,33.779,36.25174544921414
2020-05-31 13:15:00,33.779,36.95328149698093
2020-05-31 13:30:00,33.779,37.16130690278912
2020-05-31 13:45:00,33.779,37.03377493104438
2020-05-31 14:00:00,33.779,37.264723392238956
2020-05-31 14:15:00,33.779,37.07190677506922
2020-05-31 14:30:00,33.779,37.3714978537311
2020-05-31 14:45:00,33.779,37.273690655897845
2020-05-31 15:00:00,33.779,37.5357087330156
2020-05-31 15:15:00,33.779,37.057423495975364
2020-05-31 15:30:00,33.779,36.90136763866766
2020-05-31 15:45:00,33.779,36.972719532318216
2020-05-31 16:00:00,33.779,36.795894952562634
2020-05-31 16:15:00,33.779,36.37285025498738
2020-05-31 16:30:00,33.779,36.51469133677612
2020-05-31 16:45:00,33.779,36.082777136760264
2020-05-31 17:00:00,33.779,36.199226379658874
2020-05-31 17:15:00,33.779,36.26367629572757
2020-05-31 17:30:00,33.779,36.3550324506585
2020-05-31 17:45:00,33.779,36.33250023456461
2020-05-31 18:00:00,33.779,35.67224425830996
2020-05-31 18:15:00,33.779,35.53047370517508
2020-05-31 18:30:00,33.779,35.37664257002101
2020-05-31 18:45:00,33.779,36.29869328652129
2020-05-31 19:00:00,33.779,36.00592366597839
2020-05-31 19:15:00,33.779,36.223771271995396
2020-05-31 19:30:00,33.779,36.0970143721714
2020-05-31 19:45:00,33.779,35.90805902958427
2020-05-31 20:00:00,33.779,36.02810832443586
2020-05-31 20:15:00,33.779,35.57048547901823
2020-05-31 20:30:00,33.779,35.89558625601395
2020-05-31 20:45:00,33.779,35.94495546100245
2020-05-31 21:00:00,33.779,35.17508575517346
2020-05-31 21:15:00,33.779,35.24336689220883
2020-05-31 21:30:00,33.779,35.44467572864478
2020-05-31 21:45:00,33.779,35.421735213295
2020-05-31 22:00:00,33.779,34.955702221636585
2020-05-31 22:15:00,33.779,34.8080666550425
2020-05-31 22:30:00,33.779,34.43471953023966
2020-05-31 22:45:00,33.779,34.13463574231266
2020-05-31 23:00:00,33.779,34.039426529685315
2020-05-31 23:15:00,33.779,34.118412715428214
2020-05-31 23:30:00,33.779,34.104172482356304
2020-05-31 23:45:00,33.779,34.04444431590066
2020-06-01 00:00:00,28.9205,34.225850181794726
2020-06-01 00:15:00,28.9205,33.87386470059851
2020-06-01 00:30:00,28.4815,34.145112524111106
2020-06-01 00:45:00,28.4815,34.27964132768195
2020-06-01 01:00:00,28.4815,34.04567301673999
2020-06-01 01:15:00,28.042,34.04249841663036
2020-06-01 01:30:00,28.042,33.759598858064805
2020-06-01 01:45:00,28.042,33.72303272553586
2020-06-01 02:00:00,27.6025,33.91110886098747
2020-06-01 02:15:00,27.6025,33.81438875766341
2020-06-01 02:30:00,27.6025,33.75037909792267
2020-06-01 02:45:00,27.1635,33.609704155352965
2020-06-01 03:00:00,27.1635,33.60304970289993
2020-06-01 03:15:00,27.1635,33.58615021256577
2020-06-01 03:30:00,27.1635,33.622402528435785
2020-06-01 03:45:00,26.7235,33.49620384597148
2020-06-01 04:00:00,26.7235,33.40477861446799
2020-06-01 04:15:00,26.7235,33.430998968079905
2020-06-01 04:30:00,26.2845,33.46866762486976
2020-06-01 04:45:00,26.2845,33.637406560883754
2020-06-01 05:00:00,26.2845,33.429370232781544
2020-06-01 05:15:00,26.2845,33.552290743783175
2020-06-01 05:30:00,25.8445,33.64069351929355
2020-06-01 05:45:00,25.8445,33.686553300684466
2020-06-01 06:00:00,25.8445,33.86383826871209
2020-06-01 06:15:00,25.8445,33.921129107045154
2020-06-01 06:30:00,25.8445,34.221922899442866
2020-06-01 06:45:00,26.0645,34.23085265935527
2020-06-01 07:00:00,26.2845,34.21488774651598
2020-06-01 07:15:00,26.7235,33.98356208455716
2020-06-01 07:30:00,27.1635,34.17778854020367
2020-06-01 07:45:00,27.8225,34.0145940230658
2020-06-01 08:00:00,28.701,34.09657073258075
2020-06-01 08:15:00,29.36,34.32023118718155
2020-06-01 08:30:00,30.239,34.02931649054971
2020-06-01 08:45:00,31.118,34.07257449643893
2020-06-01 09:00:00,32.217,33.946430022322645
2020-06-01 09:15:00,33.0955,34.51904680868165
2020-06-01 09:30:00,33.315,34.482024033216405
2020-06-01 09:45:00,33.9745,34.755897130479795
2020-06-01 10:00:00,34.1945,34.72821957239764
2020-06-01 10:15:00,35.0735,34.945296400251486
2020-06-01 10:30:00,36.172,35.14443454426534
2020-06-01 10:45:00,36.831,35.56326625829038
2020-06-01 11:00:00,37.2705,35.615527389764026
2020-06-01 11:15:00,38.369,35.83142397716231
2020-06-01 11:30:00,39.6875,36.219763274110285
2020-06-01 11:45:00,40.347,35.90376103378852
2020-06-01 12:00:00,40.786,36.55147348179788
2020-06-01 12:15:00,41.2255,36.54124724350946
2020-06-01 12:30:00,41.4455,36.60080875384475
2020-06-01 12:45:00,41.665,36.940125336389706
2020-06-01 13:00:00,42.3245,36.87832083383505
2020-06-01 13:15:00,42.9835,37.64261342414357
2020-06-01 13:30:00,42.764,37.52098932811024
2020-06-01 13:45:00,42.764,37.38522034712758
2020-06-01 14:00:00,42.9835,37.367036374260316
2020-06-01 14:15:00,43.4225,37.77582141760827
2020-06-01 14:30:00,43.6425,37.71847942992503
2020-06-01 14:45:00,43.203,37.615230362816625
2020-06-01 15:00:00,42.983,37.10828255205228
2020-06-01 15:15:00,42.983,36.71162100155068
2020-06-01 15:30:00,42.7635,36.83247698595641
2020-06-01 15:45:00,42.3245,37.05776510317509
2020-06-01 16:00:00,41.8845,36.69904882803571
2020-06-01 16:15:00,41.4455,36.951681485238296
2020-06-01 16:30:00,40.9815,36.65768484021384
2020-06-01 16:45:00,40.9815,36.427665841694555
2020-06-01 17:00:00,40.762,36.71676767627489
2020-06-01 17:15:00,40.542,37.08790180233317
2020-06-01 17:30:00,40.322,36.46536683561859
2020-06-01 17:45:00,40.1025,36.54264122887151
2020-06-01 18:00:00,39.663,36.26751879540389
2020-06-01 18:15:00,39.2235,36.11735334892328
2020-06-01 18:30:00,38.784,35.85967858608995
2020-06-01 18:45:00,38.3445,36.30837615208489
2020-06-01 19:00:00,37.9055,36.18345234605418
2020-06-01 19:15:00,37.466,35.8598546832952
2020-06-01 19:30:00,37.466,36.2310838779134
2020-06-01 19:45:00,37.0265,36.15560661106503
2020-06-01 20:00:00,36.587,35.59951148705161
2020-06-01 20:15:00,36.1475,35.50319069607442
2020-06-01 20:30:00,35.928,35.70781513994339
2020-06-01 20:45:00,35.488,35.69688142826264
2020-06-01 21:00:00,35.049,35.83219639163753
2020-06-01 21:15:00,34.829,35.53666402215138
2020-06-01 21:30:00,34.609,35.20941710370515
2020-06-01 21:45:00,34.609,35.45291322364456
2020-06-01 22:00:00,34.17,35.35719167454713
2020-06-01 22:15:00,34.17,35.099343662085545
2020-06-01 22:30:00,34.17,34.584993166676675
2020-06-01 22:45:00,34.17,34.361436427053754
2020-06-01 23:00:00,33.95,34.083059842245554
2020-06-01 23:15:00,33.73,33.993331947545904
2020-06-01 23:30:00,33.73,33.97371752047908
2020-06-01 23:45:00,33.5105,34.02535062316608
2020-06-02 00:00:00,33.291,33.9602918846417
2020-06-02 00:15:00,33.0715,33.50308331543395
2020-06-02 00:30:00,32.852,33.629902300550945
2020-06-02 00:45:00,32.852,33.66693697016017
2020-06-02 01:00:00,32.852,33.63352684038007
2020-06-02 01:15:00,32.632,33.633407989025315
2020-06-02 01:30:00,32.412,33.78909806810496
2020-06-02 01:45:00,32.1925,33.684999523602166
2020-06-02 02:00:00,31.973,33.560848780716206
2020-06-02 02:15:00,31.753,33.792532401135375
2020-06-02 02:30:00,31.753,33.6660964908063
2020-06-02 02:45:00,31.3135,33.71489176654062
2020-06-02 03:00:00,31.3135,33.41387066701653
2020-06-02 03:15:00,31.3135,33.4676588198016
2020-06-02 03:30:00,31.3135,33.194313061695155
2020-06-02 03:45:00,31.094,33.22977790632505
2020-06-02 04:00:00,30.874,33.43649097848368
2020-06-02 04:15:00,30.874,33.370079542708574
2020-06-02 04:30:00,30.874,33.49074020573203
2020-06-02 04:45:00,30.654,33.354751115128984
2020-06-02 05:00:00,30.4345,33.524088099992255
2020-06-02 05:15:00,30.4345,33.607508638031696
2020-06-02 05:30:00,30.4345,33.44360501430958
2020-06-02 05:45:00,30.215,33.6356263137285
2020-06-02 06:00:00,30.215,33.41942698689003
2020-06-02 06:15:00,30.215,33.56793516563813
2020-06-02 06:30:00,30.215,33.479152177060385
2020-06-02 06:45:00,30.215,33.58652249823891
2020-06-02 07:00:00,30.215,33.717797819174365
2020-06-02 07:15:00,30.215,33.621970245642565
2020-06-02 07:30:00,30.654,33.733122671086385
2020-06-02 07:45:00,31.3135,34.02083073334206
2020-06-02 08:00:00,31.5335,33.7280853068206
2020-06-02 08:15:00,32.1925,33.78033843785899
2020-06-02 08:30:00,32.632,33.92363112137714
2020-06-02 08:45:00,33.071,33.93095332952913
2020-06-02 09:00:00,33.511,33.8830530994058
2020-06-02 09:15:00,33.7305,33.924676773712385
2020-06-02 09:30:00,34.3895,34.2397840597254
2020-06-02 09:45:00,34.6095,33.989559885391394
2020-06-02 10:00:00,34.829,34.35502720150614
2020-06-02 10:15:00,35.2685,34.66123356979497
2020-06-02 10:30:00,35.9275,34.837777107056965
2020-06-02 10:45:00,36.3675,35.12908245275582
2020-06-02 11:00:00,36.8065,35.03626208138186
2020-06-02 11:15:00,37.0265,35.5016217816462
2020-06-02 11:30:00,37.0265,35.74174648837522
2020-06-02 11:45:00,37.0265,35.58511611614952
2020-06-02 12:00:00,37.466,35.59431002891714
2020-06-02 12:15:00,38.125,35.87469330067282
2020-06-02 12:30:00,38.564,36.37829579746376
2020-06-02 12:45:00,38.564,36.70426080393044
2020-06-02 13:00:00,39.004,36.5907536837001
2020-06-02 13:15:00,39.004,36.76597285561922
2020-06-02 13:30:00,38.5645,36.91001657361994
2020-06-02 13:45:00,38.345,36.83404118681471
2020-06-02 14:00:00,38.345,37.176517856494414
2020-06-02 14:15:00,38.345,37.43227418030062
2020-06-02 14:30:00,38.5645,37.57059638901913
2020-06-02 14:45:00,38.5645,37.07199742461175
2020-06-02 15:00:00,38.5645,37.44734303857511
2020-06-02 15:15:00,38.125,37.052067590682675
2020-06-02 15:30:00,37.6855,37.01136771620448
2020-06-02 15:45:00,37.466,37.09666263653101
2020-06-02 16:00:00,37.0265,36.729040353669646
2020-06-02 16:15:00,37.0265,36.468508293081236
2020-06-02 16:30:00,37.0265,36.844871386401785
2020-06-02 16:45:00,37.0265,36.27965457721304
2020-06-02 17:00:00,37.0265,36.289311494168665
2020-06-02 17:15:00,36.8065,36.29600931341697
2020-06-02 17:30:00,36.8065,36.78607547335025
2020-06-02 17:45:00,36.8065,36.17613774611566
2020-06-02 18:00:00,36.3675,36.390392715140145
2020-06-02 18:15:00,35.9275,35.959340861029965
2020-06-02 18:30:00,35.9275,36.172740225769985
2020-06-02 18:45:00,35.708,36.19340323187289
2020-06-02 19:00:00,35.4885,36.51154307721673
2020-06-02 19:15:00,35.2685,36.08353385569445
2020-06-02 19:30:00,35.2685,35.90149119050628
2020-06-02 19:45:00,34.829,36.06851533573252
2020-06-02 20:00:00,34.829,35.75192433878169
2020-06-02 20:15:00,34.609,36.05515508263656
2020-06-02 20:30:00,34.3895,35.95745283959513
2020-06-02 20:45:00,34.17,35.541759446894076
2020-06-02 21:00:00,34.17,35.52727364575286
2020-06-02 21:15:00,33.73,35.27190516579055
2020-06-02 21:30:00,33.73,35.60547339157204
2020-06-02 21:45:00,33.291,35.36228978668029
2020-06-02 22:00:00,33.291,35.12692902615219
2020-06-02 22:15:00,33.291,34.99761736026129
2020-06-02 22:30:00,33.0715,34.72431342898915
2020-06-02 22:45:00,32.852,35.04388836219951
2020-06-02 23:00:00,32.852,34.41011908953567
2020-06-02 23:15:00,32.632,34.143410448745435
2020-06-02 23:30:00,32.632,33.83877590953142
2020-06-02 23:45:00,32.632,33.89512897545218
2020-06-03 00:00:00,32.412,33.768759865223956
2020-06-03 00:15:00,32.412,33.881537964353676
2020-06-03 00:30:00,32.1925,33.79297489788642
2020-06-03 00:45:00,32.1925,33.78572413916735
2020-06-03 01:00:00,32.1925,33.73090326747519
2020-06-03 01:15:00,31.973,33.812665296500555
2020-06-03 01:30:00,31.973,33.61690259224421
2020-06-03 01:45:00,31.753,33.454803289913905
2020-06-03 02:00:00,31.753,33.36831964545208
2020-06-03 02:15:00,31.533,33.33736133664696
2020-06-03 02:30:00,31.533,33.09186357555264
2020-06-03 02:45:00,31.533,33.29383204309728
2020-06-03 03:00:00,31.533,32.779700057066094
2020-06-03 03:15:00,31.533,32.951546533752364
2020-06-03 03:30:00,31.3135,32.76243782102537
2020-06-03 03:45:00,31.3135,32.895109958436336
2020-06-03 04:00:00,31.094,33.246525358454456
2020-06-03 04:15:00,31.094,33.291432300355034
2020-06-03 04:30:00,30.874,33.168128911026734
2020-06-03 04:45:00,30.654,33.26225845307819
2020-06-03 05:00:00,30.654,33.673486349159646
2020-06-03 05:15:00,30.215,33.14397586018696
2020-06-03 05:30:00,30.215,33.10701586397052
2020-06-03 05:45:00,30.215,32.80186829048157
2020-06-03 06:00:00,30.215,33.17979729675178
2020-06-03 06:15:00,30.215,33.162033506030966
2020-06-03 06:30:00,30.215,33.18721290259448
2020-06-03 06:45:00,30.215,33.31854520879217
2020-06-03 07:00:00,30.654,33.55934810427089
2020-06-03 07:15:00,30.874,33.618827311324026
2020-06-03 07:30:00,31.3135,33.74074403478759
2020-06-03 07:45:00,31.753,33.67718062727643
2020-06-03 08:00:00,32.1925,33.50766397752248
2020-06-03 08:15:00,32.4125,33.47983912358431
2020-06-03 08:30:00,32.8515,33.76451216634758
2020-06-03 08:45:00,32.8515,33.65726819919798
2020-06-03 09:00:00,33.291,33.732395327401505
2020-06-03 09:15:00,33.7305,33.99554544813632
2020-06-03 09:30:00,34.3895,34.17830593373337
2020-06-03 09:45:00,35.2685,34.2871445914809
2020-06-03 10:00:00,35.708,34.20201667370018
2020-06-03 10:15:00,36.587,34.077340424737166
2020-06-03 10:30:00,37.905,34.64823328898809
2020-06-03 10:45:00,38.5645,34.70865861550735
2020-06-03 11:00:00,39.443,34.91923086461971
2020-06-03 11:15:00,40.1025,34.75366170023383
2020-06-03 11:30:00,40.542,35.453679029648946
2020-06-03 11:45:00,40.7615,35.91806304726911
2020-06-03 12:00:00,40.542,35.699226362240765
2020-06-03 12:15:00,40.7615,35.687532957048646
2020-06-03 12:30:00,41.201,35.57095317622754
2020-06-03 12:45:00,41.421,36.03044350240319
2020-06-03 13:00:00,42.3,36.191222808795644
2020-06-03 13:15:00,42.7395,36.314505299310134
2020-06-03 13:30:00,43.1785,36.48997097819347
2020-06-03 13:45:00,43.8375,36.763426459286165
2020-06-03 14:00:00,44.2775,36.5930212156017
2020-06-03 14:15:00,44.497,36.93604790226698
2020-06-03 14:30:00,44.9365,36.90218991965198
2020-06-03 14:45:00,44.9365,37.461420163745885
2020-06-03 15:00:00,44.9365,37.2793590157223
2020-06-03 15:15:00,44.717,36.43767192746368
2020-06-03 15:30:00,44.717,36.250137568271526
2020-06-03 15:45:00,44.0575,36.32939414566369
2020-06-03 16:00:00,43.179,36.99085272918445
2020-06-03 16:15:00,42.739,36.460837637476814
2020-06-03 16:30:00,41.8605,36.357893398252344
2020-06-03 16:45:00,41.201,36.01192553203233
2020-06-03 17:00:00,40.542,35.74304299680954
2020-06-03 17:15:00,39.883,36.27392442003727
2020-06-03 17:30:00,39.2235,35.31369458685467
2020-06-03 17:45:00,38.5645,35.41684611913186
2020-06-03 18:00:00,38.125,35.81499384512331
2020-06-03 18:15:00,37.6855,35.634672432298544
2020-06-03 18:30:00,37.0265,35.634078604198685
2020-06-03 18:45:00,36.587,35.8663714773358
2020-06-03 19:00:00,36.3675,36.91330204495755
2020-06-03 19:15:00,35.9275,36.76701525762017
2020-06-03 19:30:00,35.4885,36.98529336419791
2020-06-03 19:45:00,35.2685,36.29640574469256
2020-06-03 20:00:00,34.829,36.375445031817875
2020-06-03 20:15:00,34.6095,36.3162363456383
2020-06-03 20:30:00,34.3895,36.116641981981935
2020-06-03 20:45:00,34.17,35.93286661616348
2020-06-03 21:00:00,33.95,36.026542404530446
2020-06-03 21:15:00,33.73,36.09702869178304
2020-06-03 21:30:00,33.5105,35.71467756970133
2020-06-03 21:45:00,33.291,35.63861437128458
2020-06-03 22:00:00,33.0715,34.85209798173367
2020-06-03 22:15:00,32.852,34.78371118065839
2020-06-03 22:30:00,32.632,34.494829043987444
2020-06-03 22:45:00,32.412,34.62863072005995
2020-06-03 23:00:00,32.1925,33.99330550464495
2020-06-03 23:15:00,31.973,34.391484634292674
2020-06-03 23:30:00,31.753,34.12695539214364
2020-06-03 23:45:00,31.533,33.959001801531564
2020-06-04 00:00:00,31.533,33.730768463634746
2020-06-04 00:15:00,31.3135,33.459266482468095
2020-06-04 00:30:00,31.094,33.62347097202406
2020-06-04 00:45:00,31.094,33.33758147937608
2020-06-04 01:00:00,31.094,33.262161562245446
2020-06-04 01:15:00,31.094,33.41847860146189
2020-06-04 01:30:00,30.874,33.50911812150166
2020-06-04 01:45:00,30.654,33.30588298238695
2020-06-04 02:00:00,30.654,33.40976523255991
2020-06-04 02:15:00,30.4345,33.200963322058584
2020-06-04 02:30:00,30.215,32.974848491329354
2020-06-04 02:45:00,30.215,32.83329443984131
2020-06-04 03:00:00,30.215,32.98058900056841
2020-06-04 03:15:00,29.775,32.97042384319414
2020-06-04 03:30:00,29.775,32.80382351236573
2020-06-04 03:45:00,29.336,33.031326912668455
2020-06-04 04:00:00,29.336,32.82595568378321
2020-06-04 04:15:00,29.116,32.91837648632712
2020-06-04 04:30:00,28.896,33.00096838179258
2020-06-04 04:45:00,28.896,32.83811440809678
2020-06-04 05:00:00,28.457,32.38918323691573
2020-06-04 05:15:00,28.457,32.72216406487503
2020-06-04 05:30:00,28.457,32.78463174360294
2020-06-04 05:45:00,28.018,32.87365033228168
2020-06-04 06:00:00,28.018,32.98263909512965
2020-06-04 06:15:00,28.018,32.62064453964987
2020-06-04 06:30:00,28.018,32.825303738023095
2020-06-04 06:45:00,28.457,32.79633553645575
2020-06-04 07:00:00,28.457,32.83754238333767
2020-06-04 07:15:00,28.896,32.65437359519216
2020-06-04 07:30:00,28.896,32.7339044540918
2020-06-04 07:45:00,29.336,32.830918791153096
2020-06-04 08:00:00,29.775,32.99023712886271
2020-06-04 08:15:00,30.215,32.913640471730105
2020-06-04 08:30:00,31.094,32.919876295344054
2020-06-04 08:45:00,31.533,33.18901539019438
2020-06-04 09:00:00,32.1925,33.003695989409444
2020-06-04 09:15:00,32.852,33.259748987790736
2020-06-04 09:30:00,33.291,33.19548343499847
2020-06-04 09:45:00,34.17,33.25651509868256
2020-06-04 10:00:00,35.049,33.734846267852404
2020-06-04 10:15:00,36.1475,33.914733566821546
2020-06-04 10:30:00,36.807,34.41766966142091
2020-06-04 10:45:00,38.125,34.519859522545055
2020-06-04 11:00:00,39.443,34.368652233910026
2020-06-04 11:15:00,40.1025,34.931447877593286
2020-06-04 11:30:00,40.9815,35.047644504154874
2020-06-04 11:45:00,41.2015,34.905648634705116
2020-06-04 12:00:00,41.641,35.372515248334295
2020-06-04 12:15:00,41.8605,35.08784139946522
2020-06-04 12:30:00,42.5195,35.9390627122505
2020-06-04 12:45:00,42.959,35.481752816545495
2020-06-04 13:00:00,43.3985,35.76259007152371
2020-06-04 13:15:00,44.497,36.72743024293865
2020-06-04 13:30:00,45.1565,36.631919050114355
2020-06-04 13:45:00,45.8155,37.06331467434225
2020-06-04 14:00:00,46.475,37.39964606023088
2020-06-04 14:15:00,46.6945,37.031369962301696
2020-06-04 14:30:00,47.134,37.073570392403695
2020-06-04 14:45:00,47.134,36.748390619912406
2020-06-04 15:00:00,46.9145,37.05322174533266
2020-06-04 15:15:00,46.6945,37.18103985881976
2020-06-04 15:30:00,45.8155,36.51468065959731
2020-06-04 15:45:00,44.9365,36.594587446148886
2020-06-04 16:00:00,44.2775,36.790360536575314
2020-06-04 16:15:00,43.3985,36.408772756022316
2020-06-04 16:30:00,42.959,36.058852962923794
2020-06-04 16:45:00,42.3,36.29264689032938
2020-06-04 17:00:00,41.6405,36.05174911509925
2020-06-04 17:15:00,40.9815,35.62413944915127
2020-06-04 17:30:00,40.542,36.50992736538885
2020-06-04 17:45:00,39.883,35.12562223936352
2020-06-04 18:00:00,39.443,35.82411247873825
2020-06-04 18:15:00,39.004,35.65588129607334
2020-06-04 18:30:00,38.564,35.95974171681471
2020-06-04 18:45:00,37.9055,36.19695501720166
2020-06-04 19:00:00,37.466,36.08052863491096
2020-06-04 19:15:00,37.0265,36.57476723462047
2020-06-04 19:30:00,36.587,36.37008167801289
2020-06-04 19:45:00,36.367,36.160405452534114
2020-06-04 20:00:00,36.1475,35.80077341398305
2020-06-04 20:15:00,35.928,35.8676479115413
2020-06-04 20:30:00,35.928,35.5685648602437
2020-06-04 20:45:00,35.488,35.689316169241174
2020-06-04 21:00:00,35.488,35.48837914752171
2020-06-04 21:15:00,35.049,35.834687384393106
2020-06-04 21:30:00,35.049,35.560649192552276
2020-06-04 21:45:00,34.609,35.32070411619764
2020-06-04 22:00:00,34.609,35.13017877870115
2020-06-04 22:15:00,34.609,34.6075012635456
2020-06-04 22:30:00,34.17,34.635687721369855
2020-06-04 22:45:00,34.17,33.80066359642479
2020-06-04 23:00:00,33.73,34.13308669890785
2020-06-04 23:15:00,33.73,33.90834372884719
2020-06-04 23:30:00,33.73,33.544231820790095
2020-06-04 23:45:00,33.291,33.216038140199124
2020-06-05 00:00:00,33.291,33.06453886500579
2020-06-05 00:15:00,33.0715,33.27948617445056
2020-06-05 00:30:00,32.852,32.98505431639451
2020-06-05 00:45:00,32.852,33.29244427762321
2020-06-05 01:00:00,32.852,33.288200195153344
2020-06-05 01:15:00,32.632,33.41608691376886
2020-06-05 01:30:00,32.412,33.336532184271405
2020-06-05 01:45:00,32.412,33.21569639355286
2020-06-05 02:00:00,32.412,33.18345687053007
2020-06-05 02:15:00,32.412,33.09408798074377
2020-06-05 02:30:00,32.412,33.251307546779536
2020-06-05 02:45:00,31.973,33.35664669799879
2020-06-05 03:00:00,31.973,33.49470826210018
2020-06-05 03:15:00,31.973,33.407069798475625
2020-06-05 03:30:00,31.973,33.191065669328076
2020-06-05 03:45:00,31.753,33.31456807138613
2020-06-05 04:00:00,31.533,33.24974337905571
2020-06-05 04:15:00,31.533,33.278633783765805
2020-06-05 04:30:00,31.533,33.283429573193125
2020-06-05 04:45:00,31.533,33.30439821575
2020-06-05 05:00:00,31.533,32.98614837411726
2020-06-05 05:15:00,31.533,33.42184008133289
2020-06-05 05:30:00,31.3135,33.09284981586174
2020-06-05 05:45:00,31.3135,33.4402063654179
2020-06-05 06:00:00,31.3135,33.27539261389497
2020-06-05 06:15:00,31.3135,33.339227627617326
2020-06-05 06:30:00,31.533,33.38356014551767
2020-06-05 06:45:00,31.533,33.58838595319129
2020-06-05 07:00:00,31.973,33.55145460406849
2020-06-05 07:15:00,31.973,33.6323402053088
2020-06-05 07:30:00,32.412,33.52511617894929
2020-06-05 07:45:00,32.412,33.656921576146665
2020-06-05 08:00:00,32.852,33.5145474579025
2020-06-05 08:15:00,33.0715,33.372383867118025
2020-06-05 08:30:00,33.291,33.38535909238682
2020-06-05 08:45:00,33.73,33.21713341405053
2020-06-05 09:00:00,33.95,33.04749887400196
2020-06-05 09:15:00,34.829,33.50358354074374
2020-06-05 09:30:00,34.829,33.47741761230369
2020-06-05 09:45:00,35.049,33.42353828334621
2020-06-05 10:00:00,35.049,33.84066833713053
2020-06-05 10:15:00,35.2685,33.75051731953726
2020-06-05 10:30:00,35.708,33.92724894968385
2020-06-05 10:45:00,35.928,34.044615885192755
2020-06-05 11:00:00,36.587,34.074924050430305
2020-06-05 11:15:00,37.2465,34.58489550350134
2020-06-05 11:30:00,38.3445,34.85813932987962
2020-06-05 11:45:00,38.564,34.990916836149125
2020-06-05 12:00:00,38.564,35.20401676204612
2020-06-05 12:15:00,39.004,35.01934125684724
2020-06-05 12:30:00,39.004,35.39541011599454
2020-06-05 12:45:00,39.004,35.42470139002296
2020-06-05 13:00:00,38.784,35.88853706701863
2020-06-05 13:15:00,38.784,35.51205417481106
2020-06-05 13:30:00,38.784,36.04746697332721
2020-06-05 13:45:00,38.784,36.23986056973853
2020-06-05 14:00:00,39.004,35.81712392361639
2020-06-05 14:15:00,39.663,35.95638542078253
2020-06-05 14:30:00,39.883,35.854267910142845
2020-06-05 14:45:00,39.663,35.64133534890288
2020-06-05 15:00:00,39.2235,35.92179711540373
2020-06-05 15:15:00,39.0035,36.104852927356724
2020-06-05 15:30:00,38.5645,36.2198257933067
2020-06-05 15:45:00,38.5645,36.23441315877384
2020-06-05 16:00:00,38.345,36.219606523367744
2020-06-05 16:15:00,38.125,35.78310452667962
2020-06-05 16:30:00,37.6855,36.65064441404203
2020-06-05 16:45:00,37.466,35.883970820436545
2020-06-05 17:00:00,37.2465,36.28740488703853
2020-06-05 17:15:00,37.2465,35.902792988088144
2020-06-05 17:30:00,36.8065,36.14675081385159
2020-06-05 17:45:00,36.3675,35.62519157539037
2020-06-05 18:00:00,36.3675,35.218475495474905
2020-06-05 18:15:00,35.9275,35.55175541361209
2020-06-05 18:30:00,35.9275,35.64871132345581
2020-06-05 18:45:00,35.708,35.821108185812264
2020-06-05 19:00:00,35.2685,36.129883770885584
2020-06-05 19:15:00,35.2685,35.9513429093157
2020-06-05 19:30:00,34.829,36.08443241044028
2020-06-05 19:45:00,34.609,35.831881922254894
2020-06-05 20:00:00,34.3895,35.85911601452086
2020-06-05 20:15:00,34.17,35.493617550493774
2020-06-05 20:30:00,33.95,35.649629111151654
2020-06-05 20:45:00,33.73,35.5733636358511
2020-06-05 21:00:00,33.5105,35.1858443817756
2020-06-05 21:15:00,33.291,35.58240826084639
2020-06-05 21:30:00,33.0715,35.365907749499335
2020-06-05 21:45:00,32.852,35.31608260583027
2020-06-05 22:00:00,32.852,35.143405615672755
2020-06-05 22:15:00,32.412,34.888360274782904
2020-06-05 22:30:00,32.412,34.7811784296695
2020-06-05 22:45:00,32.412,34.69422348109854
2020-06-05 23:00:00,31.973,34.31859590437741
2020-06-05 23:15:00,31.973,34.431875573931315
2020-06-05 23:30:00,31.753,34.182336996858105
2020-06-05 23:45:00,31.753,33.927612782636245
2020-06-06 00:00:00,31.753,33.86792808367126
2020-06-06 00:15:00,31.533,33.58239910257685
2020-06-06 00:30:00,31.533,33.45725799685121
2020-06-06 00:45:00,31.533,33.60666730735578
2020-06-06 01:00:00,31.533,33.59322651332017
2020-06-06 01:15:00,31.3135,33.498248410338284
2020-06-06 01:30:00,31.094,33.68318828691348
2020-06-06 01:45:00,31.094,33.86039957780658
2020-06-06 02:00:00,30.654,33.80542529206578
2020-06-06 02:15:00,30.654,33.75327721060151
2020-06-06 02:30:00,30.4345,33.85545744634632
2020-06-06 02:45:00,30.215,33.72919953549722
2020-06-06 03:00:00,30.215,33.80587274294815
2020-06-06 03:15:00,29.995,33.881076472514856
2020-06-06 03:30:00,29.775,33.81681059211479
2020-06-06 03:45:00,29.775,34.034049228975185
2020-06-06 04:00:00,29.336,33.841168924888784
2020-06-06 04:15:00,29.336,33.71111166893368
2020-06-06 04:30:00,29.336,33.65513768554631
2020-06-06 04:45:00,28.896,33.725237712185766
2020-06-06 05:00:00,28.896,33.814937174894595
2020-06-06 05:15:00,28.896,33.743208597619024
2020-06-06 05:30:00,28.457,33.986448938062466
2020-06-06 05:45:00,28.457,33.916145948961145
2020-06-06 06:00:00,28.457,33.741407256800414
2020-06-06 06:15:00,28.457,33.88651309346005
2020-06-06 06:30:00,28.457,34.05985460663858
2020-06-06 06:45:00,28.896,34.20156411836423
2020-06-06 07:00:00,29.336,34.07074639917114
2020-06-06 07:15:00,29.775,34.16818069336433
2020-06-06 07:30:00,30.215,34.01779566760693
2020-06-06 07:45:00,30.874,33.879955207982405
2020-06-06 08:00:00,31.5335,33.94981654398087
2020-06-06 08:15:00,32.1925,33.863594768910886
2020-06-06 08:30:00,32.8515,33.733518007614414
2020-06-06 08:45:00,33.5105,33.93633323240818
2020-06-06 09:00:00,34.3895,33.79009989472952
2020-06-06 09:15:00,35.2685,33.8068414694641
2020-06-06 09:30:00,35.708,33.80300087020664
2020-06-06 09:45:00,36.807,33.715294152651914
2020-06-06 10:00:00,37.0265,34.09206819190046
2020-06-06 10:15:00,38.345,34.06407644952715
2020-06-06 10:30:00,39.004,34.34487213557207
2020-06-06 10:45:00,39.883,34.927979868509404
2020-06-06 11:00:00,40.762,35.295507540160436
2020-06-06 11:15:00,41.641,35.18161139657597
2020-06-06 11:30:00,42.3,35.68805523812601
2020-06-06 11:45:00,42.5195,35.601601728498316
2020-06-06 12:00:00,42.3,35.520100617085305
2020-06-06 12:15:00,42.5195,35.78901959490867
2020-06-06 12:30:00,42.959,35.54512708621113
2020-06-06 12:45:00,43.1785,35.57194337300728
2020-06-06 13:00:00,43.398,35.78648699110808
2020-06-06 13:15:00,44.0575,35.42319568742497
2020-06-06 13:30:00,44.497,36.28405605024206
2020-06-06 13:45:00,44.717,36.095678892276986
2020-06-06 14:00:00,44.9365,36.025389839487126
2020-06-06 14:15:00,45.1565,35.49651553745188
2020-06-06 14:30:00,44.9365,35.97312024335792
2020-06-06 14:45:00,44.9365,36.16466960455885
2020-06-06 15:00:00,45.156,36.35996180740286
2020-06-06 15:15:00,44.9365,36.127295168860776
2020-06-06 15:30:00,44.717,36.07350393496588
2020-06-06 15:45:00,44.4975,35.93248760620036
2020-06-06 16:00:00,43.838,35.929552683605465
2020-06-06 16:15:00,43.3985,35.901062085755456
2020-06-06 16:30:00,43.1785,35.94029709173147
2020-06-06 16:45:00,42.7395,36.14877612696197
2020-06-06 17:00:00,42.7395,36.11212213976844
2020-06-06 17:15:00,42.2995,35.701347465727366
2020-06-06 17:30:00,42.08,36.18546338755121
2020-06-06 17:45:00,41.8605,36.16057192775426
2020-06-06 18:00:00,41.641,36.15912518774514
2020-06-06 18:15:00,41.421,36.33377854735306
2020-06-06 18:30:00,40.9815,36.49138584205603
2020-06-06 18:45:00,40.7615,36.713231197822694
2020-06-06 19:00:00,40.3225,35.807787737990076
2020-06-06 19:15:00,40.1025,36.33686106383271
2020-06-06 19:30:00,39.663,36.114350996835014
2020-06-06 19:45:00,39.2235,36.272629312849034
2020-06-06 20:00:00,38.784,36.48163142823871
2020-06-06 20:15:00,38.564,36.50328855679633
2020-06-06 20:30:00,38.3445,36.0161912020136
2020-06-06 20:45:00,37.9055,36.042689402232774
2020-06-06 21:00:00,37.686,35.78088438610997
2020-06-06 21:15:00,37.466,35.92373691360686
2020-06-06 21:30:00,37.246,35.821568382862196
2020-06-06 21:45:00,37.0265,35.55443563853259
2020-06-06 22:00:00,36.807,35.22634750107385
2020-06-06 22:15:00,36.587,35.08682276671622
2020-06-06 22:30:00,36.3675,35.011567219367315
2020-06-06 22:45:00,36.1475,34.51276607073128
2020-06-06 23:00:00,36.1475,34.50708129745936
2020-06-06 23:15:00,36.1475,34.39334314615785
2020-06-06 23:30:00,35.9275,34.04480752371245
2020-06-06 23:45:00,35.708,33.995246691192264
2020-06-07 00:00:00,35.708,34.03729779006798
2020-06-07 00:15:00,35.4885,33.89228544913447
2020-06-07 00:30:00,35.4885,33.909571112824
2020-06-07 00:45:00,35.0485,33.65696903489646
2020-06-07 01:00:00,35.0485,33.612233869260216
2020-06-07 01:15:00,35.0485,33.68275921625906
2020-06-07 01:30:00,34.829,33.97115535915283
2020-06-07 01:45:00,34.6095,33.856823635503936
2020-06-07 02:00:00,34.6095,33.5214138409547
2020-06-07 02:15:00,34.6095,33.62194524891139
2020-06-07 02:30:00,34.6095,33.24965014930918
2020-06-07 02:45:00,34.6095,33.13770262222888
2020-06-07 03:00:00,34.6095,33.39328567447537
2020-06-07 03:15:00,34.3895,33.35086899929027
2020-06-07 03:30:00,34.3895,33.48251558134014
2020-06-07 03:45:00,34.3895,33.538748800691366
2020-06-07 04:00:00,34.3895,33.54646954583232
2020-06-07 04:15:00,33.95,33.51926724737838
2020-06-07 04:30:00,33.95,33.939800220253375
2020-06-07 04:45:00,33.95,33.406522226106695
2020-06-07 05:00:00,33.95,33.527073861026
2020-06-07 05:15:00,33.73,33.59005860908933
2020-06-07 05:30:00,33.5105,33.505042740464155
2020-06-07 05:45:00,33.5105,33.237669643116156
2020-06-07 06:00:00,33.5105,33.41256430856298
2020-06-07 06:15:00,33.5105,33.504282414058466
2020-06-07 06:30:00,33.5105,33.58300301096738
2020-06-07 06:45:00,33.73,33.46174429535088
2020-06-07 07:00:00,33.73,33.65172362280404
2020-06-07 07:15:00,34.17,33.53768270030012
2020-06-07 07:30:00,34.609,33.5076368157167
2020-06-07 07:45:00,34.829,33.663509686275574
2020-06-07 08:00:00,35.4885,33.651542839599216
2020-06-07 08:15:00,35.708,33.588349290112404
2020-06-07 08:30:00,36.1475,33.38915120260645
2020-06-07 08:45:00,36.587,33.718724931686495
2020-06-07 09:00:00,37.4655,33.7002053661972
2020-06-07 09:15:00,38.125,33.47913930319765
2020-06-07 09:30:00,39.004,33.6699243616815
2020-06-07 09:45:00,39.883,33.997774995462535
2020-06-07 10:00:00,40.3225,34.43626698834358
2020-06-07 10:15:00,41.2015,34.336056038915764
2020-06-07 10:30:00,42.08,34.667094453909066
2020-06-07 10:45:00,42.959,34.98792484634112
2020-06-07 11:00:00,43.3985,35.20046533329413
2020-06-07 11:15:00,44.277,35.34927461460847
2020-06-07 11:30:00,44.497,36.33331626898953
2020-06-07 11:45:00,44.7165,36.43369267347704
2020-06-07 12:00:00,44.9365,36.209986473325706
2020-06-07 12:15:00,44.9365,36.5167197860662
2020-06-07 12:30:00,45.8155,36.85190784173098
2020-06-07 12:45:00,46.255,36.85930976905557
2020-06-07 13:00:00,46.475,37.051463990599046
2020-06-07 13:15:00,46.6945,37.60875303328164
2020-06-07 13:30:00,47.134,37.06983108360872
2020-06-07 13:45:00,47.134,37.044243977788256
2020-06-07 14:00:00,46.6945,36.93232843281212
2020-06-07 14:15:00,47.1335,37.33477734955627
2020-06-07 14:30:00,47.3535,37.57548874347007
2020-06-07 14:45:00,47.134,37.233905195013975
2020-06-07 15:00:00,46.475,37.35458961674127
2020-06-07 15:15:00,46.035,37.850973062203735
2020-06-07 15:30:00,45.8155,37.70688372710452
2020-06-07 15:45:00,45.376,37.70531553229214
2020-06-07 16:00:00,44.9365,37.266062934417526
2020-06-07 16:15:00,44.497,37.28000213805051
2020-06-07 16:30:00,44.0575,37.721472900641835
2020-06-07 16:45:00,44.0575,37.70624652663866
2020-06-07 17:00:00,43.8375,37.64869857822437
2020-06-07 17:15:00,43.618,37.53864779765016
2020-06-07 17:30:00,43.618,37.26986983806021
2020-06-07 17:45:00,43.3985,37.14115297419956
2020-06-07 18:00:00,43.3985,37.37627632999802
2020-06-07 18:15:00,43.1785,36.970467636194726
2020-06-07 18:30:00,42.7395,36.74500821182161
2020-06-07 18:45:00,42.3,36.95167576272209
2020-06-07 19:00:00,42.3,37.641897794052724
2020-06-07 19:15:00,41.8605,38.428789892069425
2020-06-07 19:30:00,41.641,37.369274429757205
2020-06-07 19:45:00,41.421,37.19729009326115
2020-06-07 20:00:00,40.9815,37.05545816855708
2020-06-07 20:15:00,40.9815,37.750822955611525
2020-06-07 20:30:00,40.542,37.91755164856917
2020-06-07 20:45:00,40.3225,37.72825865990556
2020-06-07 21:00:00,40.1025,37.2521866306892
2020-06-07 21:15:00,40.1025,37.880624544272436
2020-06-07 21:30:00,40.1025,36.77451056800325
2020-06-07 21:45:00,39.663,37.11143696687663
2020-06-07 22:00:00,39.663,36.770975080373915
2020-06-07 22:15:00,39.663,36.26780769547849
2020-06-07 22:30:00,39.663,36.49978832235255
2020-06-07 22:45:00,39.443,36.26916650580924
2020-06-07 23:00:00,39.443,35.7295519254428
2020-06-07 23:15:00,39.2235,35.36565091855564
2020-06-07 23:30:00,39.004,34.983054364994196
2020-06-07 23:45:00,39.004,35.3245845885415
2020-06-08 00:00:00,38.784,35.05217327936996
2020-06-08 00:15:00,38.564,34.71313838373651
2020-06-08 00:30:00,38.3445,34.35739672295681
2020-06-08 00:45:00,38.125,34.22651164018144
2020-06-08 01:00:00,37.9055,34.24877829322444
2020-06-08 01:15:00,37.686,34.09626170577856
2020-06-08 01:30:00,37.686,33.91861217784629
2020-06-08 01:45:00,37.246,33.96901704142364
2020-06-08 02:00:00,37.246,33.76876701919943
2020-06-08 02:15:00,37.246,33.88280039352323
2020-06-08 02:30:00,36.807,33.89876026821956
2020-06-08 02:45:00,36.807,34.02912084457403
2020-06-08 03:00:00,36.807,33.945974524120736
2020-06-08 03:15:00,36.807,33.46819676889439
2020-06-08 03:30:00,36.807,33.59930657268032
2020-06-08 03:45:00,36.367,33.576201116245144
2020-06-08 04:00:00,36.367,33.5708473865722
2020-06-08 04:15:00,36.1475,33.65059151329724
2020-06-08 04:30:00,35.928,33.52767458189117
2020-06-08 04:45:00,35.708,33.69066290388493
2020-06-08 05:00:00,35.488,33.79644823162319
2020-06-08 05:15:00,35.488,33.94399505506322
2020-06-08 05:30:00,35.2685,33.77561884984073
2020-06-08 05:45:00,35.2685,33.807491263734946
2020-06-08 06:00:00,35.2685,33.77581663370407
2020-06-08 06:15:00,35.049,33.69606698328686
2020-06-08 06:30:00,34.829,33.542734650435385
2020-06-08 06:45:00,34.829,33.74947279950292
2020-06-08 07:00:00,34.829,33.81809572507276
2020-06-08 07:15:00,34.829,34.11036645646434
2020-06-08 07:30:00,35.2685,33.95595504013499
2020-06-08 07:45:00,35.708,33.934717733899134
2020-06-08 08:00:00,35.928,33.905763635140424
2020-06-08 08:15:00,36.1475,33.87664533300947
2020-06-08 08:30:00,36.1475,33.836061409757974
2020-06-08 08:45:00,36.587,33.8870032864335
2020-06-08 09:00:00,37.2465,33.85259810495093
2020-06-08 09:15:00,38.345,33.91152572984412
2020-06-08 09:30:00,38.784,34.14311189168536
2020-06-08 09:45:00,39.4435,34.51340251597667
2020-06-08 10:00:00,39.663,34.42636507445592
2020-06-08 10:15:00,39.663,35.08613150059777
2020-06-08 10:30:00,39.663,34.89291295333376
2020-06-08 10:45:00,39.663,35.03098726412946
2020-06-08 11:00:00,39.883,35.33486297208389
2020-06-08 11:15:00,39.883,35.26232260864311
2020-06-08 11:30:00,39.883,35.70278395944044
2020-06-08 11:45:00,40.1025,36.41656379826675
2020-06-08 12:00:00,40.322,36.78960851249004
2020-06-08 12:15:00,40.762,36.9741225168252
2020-06-08 12:30:00,40.9815,36.98211757708721
2020-06-08 12:45:00,41.201,36.56329822726246
2020-06-08 13:00:00,41.421,36.79669069684364
2020-06-08 13:15:00,41.421,37.25151272154554
2020-06-08 13:30:00,42.0805,37.26716209966977
2020-06-08 13:45:00,42.5195,37.63995330692363
2020-06-08 14:00:00,42.739,37.57053799852697
2020-06-08 14:15:00,43.3985,37.343952727808
2020-06-08 14:30:00,43.618,37.64944245784372
2020-06-08 14:45:00,44.277,37.37655587147351
2020-06-08 15:00:00,44.717,37.41489974449962
2020-06-08 15:15:00,44.9365,37.56867171928003
2020-06-08 15:30:00,44.9365,37.59982694545899
2020-06-08 15:45:00,44.717,37.45835990322828
2020-06-08 16:00:00,44.0575,36.982490697042
2020-06-08 16:15:00,43.618,36.864578758335924
2020-06-08 16:30:00,42.959,36.77588089286893
2020-06-08 16:45:00,42.5195,36.891082319268584
2020-06-08 17:00:00,42.0805,36.608639431981366
2020-06-08 17:15:00,41.6405,36.81019101373865
2020-06-08 17:30:00,40.9815,36.64813383278991
2020-06-08 17:45:00,40.542,36.77109810266321
2020-06-08 18:00:00,39.663,37.04013524793423
2020-06-08 18:15:00,39.2235,36.69515707554168
2020-06-08 18:30:00,38.784,36.29667640193202
2020-06-08 18:45:00,37.905,36.83081780217674
2020-06-08 19:00:00,37.466,36.444189459131685
2020-06-08 19:15:00,37.0265,36.29311890754493
2020-06-08 19:30:00,36.587,36.31540770301596
2020-06-08 19:45:00,36.3675,36.4085897554932
2020-06-08 20:00:00,36.1475,36.05818095809092
2020-06-08 20:15:00,35.9275,36.50383258314637
2020-06-08 20:30:00,35.9275,35.998366147084106
2020-06-08 20:45:00,35.4885,36.381602597795315
2020-06-08 21:00:00,35.4885,36.145399912517085
2020-06-08 21:15:00,35.4885,36.70437888527093
2020-06-08 21:30:00,35.4885,35.42013579208865
2020-06-08 21:45:00,35.4885,35.50433251401061
2020-06-08 22:00:00,35.4885,34.90501516117653
2020-06-08 22:15:00,35.4885,35.07231957559875
2020-06-08 22:30:00,35.4885,34.801853448225344
2020-06-08 22:45:00,35.4885,34.711190034731786
2020-06-08 23:00:00,35.4885,34.8123120448736
2020-06-08 23:15:00,35.4885,34.24873833242382
2020-06-08 23:30:00,35.2685,34.49624273539946
2020-06-08 23:45:00,35.2685,34.420371229143925
2020-06-09 00:00:00,35.2685,34.10227657749375
2020-06-09 00:15:00,35.2685,34.049342785362455
2020-06-09 00:30:00,35.0485,33.99945346153534
2020-06-09 00:45:00,34.6095,34.01021301852127
2020-06-09 01:00:00,34.6095,34.09921540405207
2020-06-09 01:15:00,34.3895,33.83430259473013
2020-06-09 01:30:00,34.1695,33.805740633420314
2020-06-09 01:45:00,34.1695,33.84668116647103
2020-06-09 02:00:00,33.95,33.606922002540735
2020-06-09 02:15:00,33.95,33.66947696084554
2020-06-09 02:30:00,33.95,33.66772033276866
2020-06-09 02:45:00,33.7305,33.475595520786506
2020-06-09 03:00:00,33.5105,33.809937994649786
2020-06-09 03:15:00,32.1925,33.574443787927684
2020-06-09 03:30:00,31.533,33.35747143410403
2020-06-09 03:45:00,31.533,33.58236649672614
2020-06-09 04:00:00,31.533,33.52743177613978
2020-06-09 04:15:00,31.753,33.36978059665996
2020-06-09 04:30:00,31.753,33.30878199400333
2020-06-09 04:45:00,31.973,33.4755927828251
2020-06-09 05:00:00,32.1925,33.6580798359043
2020-06-09 05:15:00,32.1925,33.37525675604233
2020-06-09 05:30:00,32.1925,33.32144436325233
2020-06-09 05:45:00,32.412,33.40211022480665
2020-06-09 06:00:00,32.412,33.519993702333046
2020-06-09 06:15:00,32.412,33.37537445756515
2020-06-09 06:30:00,32.632,33.459956948294334
2020-06-09 06:45:00,32.632,33.417249982005735
2020-06-09 07:00:00,32.852,33.46080618535834
2020-06-09 07:15:00,32.852,33.68019211874155
2020-06-09 07:30:00,33.0715,33.82823190213394
2020-06-09 07:45:00,33.291,33.44322721593606
2020-06-09 08:00:00,33.291,33.81282219858643
2020-06-09 08:15:00,33.5105,33.602728624133235
2020-06-09 08:30:00,33.5105,33.715858641613146
2020-06-09 08:45:00,33.73,33.608734709314696
2020-06-09 09:00:00,33.73,33.62542260240753
2020-06-09 09:15:00,33.73,33.74412951069048
2020-06-09 09:30:00,33.73,33.487012511451056
2020-06-09 09:45:00,33.291,33.873956189732674
2020-06-09 10:00:00,32.852,33.96509892474338
2020-06-09 10:15:00,32.632,33.944661410690294
2020-06-09 10:30:00,31.753,34.20427139888276
2020-06-09 10:45:00,30.874,34.62231574739563
2020-06-09 11:00:00,30.4345,34.853326731679935
2020-06-09 11:15:00,29.775,35.161375142442644
2020-06-09 11:30:00,28.896,35.25187429952327
2020-06-09 11:45:00,28.2375,35.349014332645545
2020-06-09 12:00:00,27.578,36.057343017862316
2020-06-09 12:15:00,26.919,35.676752348956214
2020-06-09 12:30:00,26.699,35.7624692071692
2020-06-09 12:45:00,26.699,36.05219945708145
2020-06-09 13:00:00,26.699,36.18506261997563
2020-06-09 13:15:00,26.4795,36.231030516021725
2020-06-09 13:30:00,26.4795,36.50502485775821
2020-06-09 13:45:00,26.4795,36.550563131321205
2020-06-09 14:00:00,26.26,37.165242290118094
2020-06-09 14:15:00,26.26,37.189044323451164
2020-06-09 14:30:00,26.26,36.96928862478497
2020-06-09 14:45:00,26.699,37.33799188482057
2020-06-09 15:00:00,26.919,37.515205001842716
2020-06-09 15:15:00,27.3585,37.051214081098834
2020-06-09 15:30:00,28.018,37.2188044326647
2020-06-09 15:45:00,28.457,37.09774266170957
2020-06-09 16:00:00,28.6765,36.713622825522584
2020-06-09 16:15:00,28.896,37.23347139538969
2020-06-09 16:30:00,28.896,36.66755784563024
2020-06-09 16:45:00,29.116,36.5477540810742
2020-06-09 17:00:00,29.5555,36.79315987485092
2020-06-09 17:15:00,29.5555,35.72916129961037
2020-06-09 17:30:00,29.5555,35.789275628902985
2020-06-09 17:45:00,29.7755,36.37472060455891
2020-06-09 18:00:00,29.995,36.27256697870735
2020-06-09 18:15:00,29.995,35.79885115715629
2020-06-09 18:30:00,29.995,35.95635862994712
2020-06-09 18:45:00,29.995,35.68025720064111
2020-06-09 19:00:00,29.995,36.379921538498735
2020-06-09 19:15:00,29.995,35.356426604795715
2020-06-09 19:30:00,29.995,35.80370422862141
2020-06-09 19:45:00,29.995,35.63315868746674
2020-06-09 20:00:00,29.995,36.0834974734237
2020-06-09 20:15:00,29.995,35.491649552327445
2020-06-09 20:30:00,29.995,35.298648428345146
2020-06-09 20:45:00,29.995,35.51832157102112
2020-06-09 21:00:00,29.995,35.338775052585426
2020-06-09 21:15:00,29.995,35.331068185226385
2020-06-09 21:30:00,29.995,34.563208862203474
2020-06-09 21:45:00,29.775,35.03028945411507
2020-06-09 22:00:00,29.775,34.559347330778174
2020-06-09 22:15:00,29.775,34.37699391867455
2020-06-09 22:30:00,29.775,34.651721350813204
2020-06-09 22:45:00,29.775,34.648230166806734
2020-06-09 23:00:00,29.775,34.26138983351085
2020-06-09 23:15:00,29.5555,34.46064197314669
2020-06-09 23:30:00,29.5555,34.10930378875541
2020-06-09 23:45:00,29.5555,33.6966710826995
2020-06-10 00:00:00,29.5555,33.87388075984634
2020-06-10 00:15:00,29.5555,33.84633915378532
2020-06-10 00:30:00,29.336,33.62102031215638
2020-06-10 00:45:00,29.336,33.58980816548305
2020-06-10 01:00:00,29.336,33.6282331544895
2020-06-10 01:15:00,29.336,33.66947769245227
2020-06-10 01:30:00,29.336,33.67902030096402
2020-06-10 01:45:00,29.336,33.663334287977406
2020-06-10 02:00:00,28.896,33.67862725974552
2020-06-10 02:15:00,28.896,33.67898763780964
2020-06-10 02:30:00,28.896,33.38978254918977
2020-06-10 02:45:00,28.896,33.53549928806397
2020-06-10 03:00:00,28.896,33.28279292589767
2020-06-10 03:15:00,28.896,33.0834554161161
2020-06-10 03:30:00,28.896,33.280366430674356
2020-06-10 03:45:00,28.896,33.29722083551118
2020-06-10 04:00:00,28.896,32.95425418315171
2020-06-10 04:15:00,28.896,33.16850269362726
2020-06-10 04:30:00,28.457,32.99181907302407
2020-06-10 04:45:00,28.457,32.92259998196608
2020-06-10 05:00:00,28.457,33.3200000575864
2020-06-10 05:15:00,28.457,33.0964850225219
2020-06-10 05:30:00,28.2375,32.97723886414707
2020-06-10 05:45:00,28.2375,33.29500942349774
2020-06-10 06:00:00,28.2375,33.353435683755606
2020-06-10 06:15:00,28.2375,33.1592711710773
2020-06-10 06:30:00,28.2375,33.43963993691644
2020-06-10 06:45:00,28.2375,33.316607249505076
2020-06-10 07:00:00,28.457,33.1880967210738
2020-06-10 07:15:00,28.6765,33.45759800430724
2020-06-10 07:30:00,29.116,33.55856297585144
2020-06-10 07:45:00,29.5555,33.38074311608461
2020-06-10 08:00:00,29.775,33.16255830021278
2020-06-10 08:15:00,30.4345,33.42673617719533
2020-06-10 08:30:00,30.874,33.14292761395741
2020-06-10 08:45:00,31.3135,33.48146069031434
2020-06-10 09:00:00,31.753,33.431800971441035
2020-06-10 09:15:00,32.1925,33.680326104900026
2020-06-10 09:30:00,32.1925,33.57546923924532
2020-06-10 09:45:00,32.632,33.50477635589809
2020-06-10 10:00:00,32.632,33.54493397864342
2020-06-10 10:15:00,32.632,34.01883436495311
2020-06-10 10:30:00,33.0715,34.22235512950305
2020-06-10 10:45:00,33.291,34.36673613393935
2020-06-10 11:00:00,33.5105,34.08493732599252
2020-06-10 11:15:00,33.7305,34.70403639176523
2020-06-10 11:30:00,33.95,34.5582593510251
2020-06-10 11:45:00,34.1695,34.67880271348984
2020-06-10 12:00:00,34.6095,35.14354291425939
2020-06-10 12:15:00,35.0485,35.043912044934025
2020-06-10 12:30:00,35.2685,35.15599450688443
2020-06-10 12:45:00,35.708,35.80623653870135
2020-06-10 13:00:00,36.587,35.576982764789584
2020-06-10 13:15:00,37.0265,35.40619401319182
2020-06-10 13:30:00,37.2465,35.63821544400469
2020-06-10 13:45:00,37.6855,35.94458548636116
2020-06-10 14:00:00,39.0035,35.94770169141794
2020-06-10 14:15:00,39.4435,36.23188168241463
2020-06-10 14:30:00,39.663,36.31206750814328
2020-06-10 14:45:00,39.663,36.9705245921135
2020-06-10 15:00:00,39.663,35.69839978075797
2020-06-10 15:15:00,39.2235,36.335568390812604
2020-06-10 15:30:00,38.564,36.95315439463155
2020-06-10 15:45:00,38.125,36.85381624738993
2020-06-10 16:00:00,37.9055,36.82778995630103
2020-06-10 16:15:00,37.9055,36.01757151945567
2020-06-10 16:30:00,37.9055,36.76926556785841
2020-06-10 16:45:00,37.686,36.42960107918637
2020-06-10 17:00:00,37.686,36.349888648095806
2020-06-10 17:15:00,37.686,36.0374205129322
2020-06-10 17:30:00,37.246,36.443872765242396
2020-06-10 17:45:00,37.0265,36.01291495275106
2020-06-10 18:00:00,36.807,36.719319911610185
2020-06-10 18:15:00,36.587,36.83031000166271
2020-06-10 18:30:00,36.367,36.88332576207918
2020-06-10 18:45:00,36.1475,36.760152207105996
2020-06-10 19:00:00,35.708,37.125961805745355
2020-06-10 19:15:00,35.708,36.7736336302177
2020-06-10 19:30:00,35.2685,37.14354980788787
2020-06-10 19:45:00,35.049,36.94293846982213
2020-06-10 20:00:00,34.609,36.57711692135842
2020-06-10 20:15:00,34.17,36.49284211704154
2020-06-10 20:30:00,34.17,36.5139713842393
2020-06-10 20:45:00,33.73,36.42439936436304
2020-06-10 21:00:00,33.291,36.16663748113994
2020-06-10 21:15:00,33.291,36.2221467658071
2020-06-10 21:30:00,32.852,35.89707130563763
2020-06-10 21:45:00,32.632,36.19207981379339
2020-06-10 22:00:00,32.412,35.84112767253491
2020-06-10 22:15:00,31.973,35.82935759329105
2020-06-10 22:30:00,31.753,35.66659601737961
2020-06-10 22:45:00,31.533,35.71506871325132
2020-06-10 23:00:00,31.533,34.91769770973961
2020-06-10 23:15:00,31.3135,34.8526830533305
2020-06-10 23:30:00,31.094,34.830047177793425
2020-06-10 23:45:00,31.094,34.515578511105446
2020-06-11 00:00:00,31.094,34.629961412875915
2020-06-11 00:15:00,30.654,34.49308355828721
2020-06-11 00:30:00,30.654,34.428403526711705
2020-06-11 00:45:00,30.654,34.195703386547315
2020-06-11 01:00:00,30.4345,33.877981706382336
2020-06-11 01:15:00,30.215,33.96657457151389
2020-06-11 01:30:00,30.215,33.86945192979644
2020-06-11 01:45:00,30.215,34.11557147483849
2020-06-11 02:00:00,29.995,34.1466969542295
2020-06-11 02:15:00,29.775,34.05294285830575
2020-06-11 02:30:00,29.775,33.85087411139988
2020-06-11 02:45:00,29.5555,33.85607940423759
2020-06-11 03:00:00,29.336,33.824505153816105
2020-06-11 03:15:00,29.336,33.734116955653775
2020-06-11 03:30:00,29.116,33.57587821755962
2020-06-11 03:45:00,28.896,33.609330725105984
2020-06-11 04:00:00,28.896,33.65968056663651
2020-06-11 04:15:00,28.896,33.387427083671774
2020-06-11 04:30:00,28.896,33.36435317393629
2020-06-11 04:45:00,28.896,33.44171942272723
2020-06-11 05:00:00,28.6765,33.491199468283554
2020-06-11 05:15:00,28.6765,33.22452320691159
2020-06-11 05:30:00,28.6765,33.08279207738141
2020-06-11 05:45:00,28.6765,32.936908014545075
2020-06-11 06:00:00,28.6765,33.17756954192218
2020-06-11 06:15:00,28.6765,33.005632764382
2020-06-11 06:30:00,28.896,33.125001565781005
2020-06-11 06:45:00,28.896,33.39150729172816
2020-06-11 07:00:00,29.336,33.402733095392726
2020-06-11 07:15:00,29.775,33.421320910854554
2020-06-11 07:30:00,30.215,33.195096168718564
2020-06-11 07:45:00,30.654,32.699647771787404
2020-06-11 08:00:00,31.3135,32.76322400632021
2020-06-11 08:15:00,31.973,32.85236147846428
2020-06-11 08:30:00,32.632,32.99291177071462
2020-06-11 08:45:00,33.5105,33.000209515199394
2020-06-11 09:00:00,34.1695,33.06114471914421
2020-06-11 09:15:00,34.829,32.612951580242715
2020-06-11 09:30:00,35.4885,33.719419344728614
2020-06-11 09:45:00,36.3675,33.58001728826685
2020-06-11 10:00:00,36.807,33.18030325629218
2020-06-11 10:15:00,37.686,32.86721841568541
2020-06-11 10:30:00,38.564,33.703372077974876
2020-06-11 10:45:00,39.663,33.179080193436235
2020-06-11 11:00:00,40.542,33.26054220727928
2020-06-11 11:15:00,41.421,34.19077659311189
2020-06-11 11:30:00,42.0805,34.34563579760262
2020-06-11 11:45:00,42.739,34.150989559099095
2020-06-11 12:00:00,42.959,34.534484297558805
2020-06-11 12:15:00,43.179,34.95217034004252
2020-06-11 12:30:00,43.6185,35.17993781916714
2020-06-11 12:45:00,44.277,35.225262990671304
2020-06-11 13:00:00,44.9365,35.70604729097116
2020-06-11 13:15:00,45.376,35.891904620292735
2020-06-11 13:30:00,46.035,35.79485000076263
2020-06-11 13:45:00,46.6945,35.903839481293645
2020-06-11 14:00:00,47.134,35.95069724848058
2020-06-11 14:15:00,47.3535,35.76291065184168
2020-06-11 14:30:00,47.5735,36.58103875059207
2020-06-11 14:45:00,47.5735,36.261219946223726
2020-06-11 15:00:00,47.354,35.6631092506698
2020-06-11 15:15:00,46.6945,35.71734672981856
2020-06-11 15:30:00,46.4745,36.75890466864643
2020-06-11 15:45:00,46.0355,36.229061508739306
2020-06-11 16:00:00,45.5955,36.17992602643276
2020-06-11 16:15:00,45.376,35.796876994985425
2020-06-11 16:30:00,44.9365,35.95677889469748
2020-06-11 16:45:00,44.497,36.480072522774734
2020-06-11 17:00:00,44.0575,36.16563982437317
2020-06-11 17:15:00,43.618,35.74543817465475
2020-06-11 17:30:00,43.398,35.631220679024445
2020-06-11 17:45:00,43.1785,36.22254833424661
2020-06-11 18:00:00,42.7395,35.82752236531846
2020-06-11 18:15:00,42.3,36.071329066439645
2020-06-11 18:30:00,41.8605,36.28147843742588
2020-06-11 18:45:00,41.421,36.0173490825083
2020-06-11 19:00:00,40.9815,36.171904236384044
2020-06-11 19:15:00,40.542,36.126915123723556
2020-06-11 19:30:00,40.1025,35.92757923529595
2020-06-11 19:45:00,39.663,36.08426813313799
2020-06-11 20:00:00,39.2235,35.86780650801697
2020-06-11 20:15:00,39.2235,36.32362928118493
2020-06-11 20:30:00,38.784,36.99824739308736
2020-06-11 20:45:00,38.3445,36.07919605211289
2020-06-11 21:00:00,38.3445,36.132235451420996
2020-06-11 21:15:00,37.9055,36.335528972740796
2020-06-11 21:30:00,37.686,36.15849412840281
2020-06-11 21:45:00,37.466,35.70834969022733
2020-06-11 22:00:00,37.0265,35.449292586594325
2020-06-11 22:15:00,36.807,35.59968712131253
2020-06-11 22:30:00,36.587,34.94627668267675
2020-06-11 22:45:00,36.367,34.87976363278826
2020-06-11 23:00:00,36.1475,34.86426453029039
2020-06-11 23:15:00,35.928,34.76902757824496
2020-06-11 23:30:00,35.708,34.498860494424996
2020-06-11 23:45:00,35.488,34.6120294090781
2020-06-12 00:00:00,35.488,34.83226717433341
2020-06-12 00:15:00,35.2685,34.48884274117246
2020-06-12 00:30:00,35.049,33.98724550423247
2020-06-12 00:45:00,34.829,33.98271824859639
2020-06-12 01:00:00,34.829,34.02477325176814
2020-06-12 01:15:00,34.609,33.74181966393647
2020-06-12 01:30:00,34.609,33.598214672906444
2020-06-12 01:45:00,34.609,33.63437446989192
2020-06-12 02:00:00,34.3895,33.754851430873195
2020-06-12 02:15:00,34.3895,33.785212406059
2020-06-12 02:30:00,34.17,33.799640751744825
2020-06-12 02:45:00,34.17,33.976830855828936
2020-06-12 03:00:00,33.95,33.406809617566665
2020-06-12 03:15:00,33.73,32.840045540125814
2020-06-12 03:30:00,33.5105,32.70191367180555
2020-06-12 03:45:00,33.291,33.19025942550888
2020-06-12 04:00:00,33.291,33.40974972206554
2020-06-12 04:15:00,33.291,33.121744312049955
2020-06-12 04:30:00,33.0715,32.81979807087092
2020-06-12 04:45:00,32.852,32.73393287746504
2020-06-12 05:00:00,32.852,32.70080804986438
2020-06-12 05:15:00,32.852,32.5052461913539
2020-06-12 05:30:00,32.412,32.35731591644142
2020-06-12 05:45:00,32.412,32.43912478509039
2020-06-12 06:00:00,32.412,32.42414047387989
2020-06-12 06:15:00,32.412,32.24842429580921
2020-06-12 06:30:00,32.412,32.15623391089381
2020-06-12 06:45:00,32.852,32.15702188556846
2020-06-12 07:00:00,33.291,32.160390399939224
2020-06-12 07:15:00,33.73,32.100663802260215
2020-06-12 07:30:00,34.17,32.53608698489648
2020-06-12 07:45:00,34.3895,32.558249766525016
2020-06-12 08:00:00,35.0485,32.65534508165319
2020-06-12 08:15:00,35.4885,32.514484790151386
2020-06-12 08:30:00,36.1475,32.69807516753721
2020-06-12 08:45:00,36.807,32.730027532344714
2020-06-12 09:00:00,37.4655,32.774325856125685
2020-06-12 09:15:00,38.3445,33.315907786833336
2020-06-12 09:30:00,38.7845,33.17323033246989
2020-06-12 09:45:00,39.663,33.25031414635469
2020-06-12 10:00:00,40.1025,32.96446019983664
2020-06-12 10:15:00,40.9815,33.96619631475241
2020-06-12 10:30:00,42.08,33.73831753811052
2020-06-12 10:45:00,42.959,34.07392802915111
2020-06-12 11:00:00,43.838,34.60744414960074
2020-06-12 11:15:00,44.9365,34.84012946956383
2020-06-12 11:30:00,45.5955,34.95312580870037
2020-06-12 11:45:00,45.8155,35.28820292033847
2020-06-12 12:00:00,46.0355,35.5017483329384
2020-06-12 12:15:00,46.255,35.73897195136171
2020-06-12 12:30:00,46.6945,35.93035739450697
2020-06-12 12:45:00,47.354,35.53272087806597
2020-06-12 13:00:00,48.0125,36.32405854683804
2020-06-12 13:15:00,48.452,36.17650588639699
2020-06-12 13:30:00,49.111,36.32607844197506
2020-06-12 13:45:00,49.5505,36.43240158275249
2020-06-12 14:00:00,49.9905,37.292159205815295
2020-06-12 14:15:00,50.21,37.33382590565305
2020-06-12 14:30:00,50.43,37.06499508651043
2020-06-12 14:45:00,50.6495,37.38893599203706
2020-06-12 15:00:00,50.4295,37.56566861237681
2020-06-12 15:15:00,50.4295,37.18414103449045
2020-06-12 15:30:00,50.21,37.622808008902794
2020-06-12 15:45:00,49.7705,37.72349403874883
2020-06-12 16:00:00,49.1115,37.924742570422055
2020-06-12 16:15:00,48.672,37.39635333853001
2020-06-12 16:30:00,48.0125,37.68363002032751
2020-06-12 16:45:00,47.793,37.071185362215026
2020-06-12 17:00:00,47.3535,37.42405230040479
2020-06-12 17:15:00,47.3535,36.710317426388734
2020-06-12 17:30:00,47.134,37.00734607194142
2020-06-12 17:45:00,46.9145,36.755221907413684
2020-06-12 18:00:00,46.6945,37.08177482747094
2020-06-12 18:15:00,46.255,36.99009749018192
2020-06-12 18:30:00,45.8155,36.629661619606324
2020-06-12 18:45:00,45.1565,36.48364438511697
2020-06-12 19:00:00,44.7165,37.19296702757243
2020-06-12 19:15:00,44.2775,36.81163143093265
2020-06-12 19:30:00,43.618,36.862545023485254
2020-06-12 19:45:00,43.1785,36.62449221631669
2020-06-12 20:00:00,42.7395,36.37573275703286
2020-06-12 20:15:00,42.0805,36.93749275751865
2020-06-12 20:30:00,41.421,36.0558578388337
2020-06-12 20:45:00,40.9815,36.10768598089571
2020-06-12 21:00:00,40.542,37.06060769909972
2020-06-12 21:15:00,40.1025,36.16330040923495
2020-06-12 21:30:00,39.883,35.722371975102604
2020-06-12 21:45:00,39.663,35.75137213844466
2020-06-12 22:00:00,39.2235,35.327957356356904
2020-06-12 22:15:00,39.004,34.9253556949805
2020-06-12 22:30:00,38.564,34.93233797366854
2020-06-12 22:45:00,38.3445,34.8276272168165
2020-06-12 23:00:00,38.125,34.922835695494754
2020-06-12 23:15:00,37.9055,34.45714075696109
2020-06-12 23:30:00,37.686,34.07879266857144
2020-06-12 23:45:00,37.466,33.74669520191249
2020-06-13 00:00:00,37.246,33.72526697066933
2020-06-13 00:15:00,36.807,33.719864070522185
2020-06-13 00:30:00,36.587,33.930051494664575
2020-06-13 00:45:00,36.367,33.84074111906796
2020-06-13 01:00:00,36.1475,33.95401675453812
2020-06-13 01:15:00,35.928,33.89341102506989
2020-06-13 01:30:00,35.928,34.003514127005765
2020-06-13 01:45:00,35.488,34.000678617511646
2020-06-13 02:00:00,35.488,33.93403384235449
2020-06-13 02:15:00,35.049,33.88943878782104
2020-06-13 02:30:00,35.049,33.88849411620286
2020-06-13 02:45:00,34.609,33.831032651726616
2020-06-13 03:00:00,34.609,33.96170076451762
2020-06-13 03:15:00,34.3895,33.76984028371934
2020-06-13 03:30:00,34.17,33.564504132163684
2020-06-13 03:45:00,33.95,33.71003009358345
2020-06-13 04:00:00,33.73,33.57876238138639
2020-06-13 04:15:00,33.5105,33.47992776440442
2020-06-13 04:30:00,33.291,33.386635611619596
2020-06-13 04:45:00,33.0715,33.29892667538135
2020-06-13 05:00:00,32.852,33.2858424037978
2020-06-13 05:15:00,32.852,33.06138252109194
2020-06-13 05:30:00,32.632,32.93466104000941
2020-06-13 05:45:00,32.632,32.872358368087156
2020-06-13 06:00:00,32.632,33.12066594613434
2020-06-13 06:15:00,32.632,33.06686133741138
2020-06-13 06:30:00,32.632,32.90662314784674
2020-06-13 06:45:00,32.852,32.92223193509459
2020-06-13 07:00:00,33.291,32.92026662680687
2020-06-13 07:15:00,33.73,33.027602612645964
2020-06-13 07:30:00,34.17,32.968686397521154
2020-06-13 07:45:00,34.829,32.762179043361435
2020-06-13 08:00:00,35.4885,32.936113198567824
2020-06-13 08:15:00,36.1475,33.03847588483308
2020-06-13 08:30:00,36.807,33.353293537332405
2020-06-13 08:45:00,37.6855,33.18236725243715
2020-06-13 09:00:00,38.3445,33.582194790882184
2020-06-13 09:15:00,39.2235,33.81193561406348
2020-06-13 09:30:00,39.663,34.24552354608723
2020-06-13 09:45:00,40.322,34.330672827308526
2020-06-13 10:00:00,40.542,34.77997747657404
2020-06-13 10:15:00,41.421,35.31610449666142
2020-06-13 10:30:00,42.3,35.906028186261956
2020-06-13 10:45:00,43.179,36.47090273236824
2020-06-13 11:00:00,44.497,36.99060203314826
2020-06-13 11:15:00,45.376,36.78126555545763
2020-06-13 11:30:00,46.0355,37.428549590906144
2020-06-13 11:45:00,46.255,37.39720611903279
2020-06-13 12:00:00,46.4745,38.017155961078565
2020-06-13 12:15:00,46.914,37.62790939177869
2020-06-13 12:30:00,47.5735,37.55008954642813
2020-06-13 12:45:00,48.232,37.85209268851277
2020-06-13 13:00:00,48.8915,37.82038132797333
2020-06-13 13:15:00,49.111,38.033171578509794
2020-06-13 13:30:00,49.331,38.13975745705158
2020-06-13 13:45:00,49.9905,37.76787426952708
2020-06-13 14:00:00,50.21,38.19372878353339
2020-06-13 14:15:00,50.43,37.63560443795766
2020-06-13 14:30:00,50.43,37.80307004141132
2020-06-13 14:45:00,50.21,37.96767632134361
2020-06-13 15:00:00,49.1115,37.99770275885484
2020-06-13 15:15:00,48.892,37.89930261150641
2020-06-13 15:30:00,48.892,38.05013467798047
2020-06-13 15:45:00,48.452,38.441908761996686
2020-06-13 16:00:00,48.2325,38.610843075774696
2020-06-13 16:15:00,47.793,37.8092348005112
2020-06-13 16:30:00,47.3535,38.0062054449675
2020-06-13 16:45:00,46.914,37.556036241079916
2020-06-13 17:00:00,46.914,37.733700369284016
2020-06-13 17:15:00,46.6945,37.56306774707738
2020-06-13 17:30:00,46.255,38.023863597304135
2020-06-13 17:45:00,46.0355,37.27942150559394
2020-06-13 18:00:00,45.5955,37.77244330116756
2020-06-13 18:15:00,45.376,37.606277385528784
2020-06-13 18:30:00,45.1565,37.51765405246733
2020-06-13 18:45:00,44.7165,38.41092572967901
2020-06-13 19:00:00,44.2775,38.08888322746285
2020-06-13 19:15:00,43.8375,37.485300903446145
2020-06-13 19:30:00,43.3985,37.75947822007025
2020-06-13 19:45:00,42.7395,38.067437293692144
2020-06-13 20:00:00,42.3,37.49484190741829
2020-06-13 20:15:00,41.8605,37.20387818389096
2020-06-13 20:30:00,41.421,36.64643666350298
2020-06-13 20:45:00,40.9815,36.93945645923019
2020-06-13 21:00:00,40.542,36.02890889752876
2020-06-13 21:15:00,40.1025,36.44119757148766
2020-06-13 21:30:00,39.883,35.99424181065627
2020-06-13 21:45:00,39.663,35.171287381041
2020-06-13 22:00:00,39.2235,35.692049352175644
2020-06-13 22:15:00,39.2235,35.211075614632186
2020-06-13 22:30:00,39.004,35.00916334558726
2020-06-13 22:45:00,38.564,34.847415706721286
2020-06-13 23:00:00,38.564,34.526549862282955
2020-06-13 23:15:00,38.125,34.39115798205197
2020-06-13 23:30:00,38.125,33.962231438537486
2020-06-13 23:45:00,38.125,34.21312037430171
2020-06-14 00:00:00,37.686,33.64072094954635
2020-06-14 00:15:00,37.686,33.60052850961736
2020-06-14 00:30:00,37.246,33.476363846931996
2020-06-14 00:45:00,37.246,33.85162323906221
2020-06-14 01:00:00,36.807,33.51196400285845
2020-06-14 01:15:00,36.807,33.28560051601711
2020-06-14 01:30:00,36.587,33.556455401894304
2020-06-14 01:45:00,36.367,33.294384820070746
2020-06-14 02:00:00,36.367,33.82065361214208
2020-06-14 02:15:00,36.1475,33.42093519508411
2020-06-14 02:30:00,35.928,33.25714698975035
2020-06-14 02:45:00,35.708,33.32804337829143
2020-06-14 03:00:00,35.488,33.36843096164122
2020-06-14 03:15:00,35.2685,33.33702448007907
2020-06-14 03:30:00,35.049,33.18527151783177
2020-06-14 03:45:00,34.829,33.547679036222355
2020-06-14 04:00:00,34.829,33.51869606462842
2020-06-14 04:15:00,34.609,33.3395867642282
2020-06-14 04:30:00,34.609,33.288132963958454
2020-06-14 04:45:00,34.17,33.41047692431314
2020-06-14 05:00:00,34.17,33.360457872774994
2020-06-14 05:15:00,34.17,33.57541243086214
2020-06-14 05:30:00,33.95,33.449418032159166
2020-06-14 05:45:00,33.73,33.532980152639475
2020-06-14 06:00:00,33.73,33.08238818068501
2020-06-14 06:15:00,33.73,32.987473146263184
2020-06-14 06:30:00,33.73,32.872805210237324
2020-06-14 06:45:00,33.95,33.10571588428452
2020-06-14 07:00:00,34.17,33.264387568891486
2020-06-14 07:15:00,34.609,33.1755458051063
2020-06-14 07:30:00,35.049,33.48825429511075
2020-06-14 07:45:00,35.488,33.53000992820179
2020-06-14 08:00:00,36.1475,33.646860777070586
2020-06-14 08:15:00,36.8065,33.743463286276636
2020-06-14 08:30:00,37.466,33.73179208327647
2020-06-14 08:45:00,38.125,33.7932243080731
2020-06-14 09:00:00,38.784,33.69549687057523
2020-06-14 09:15:00,39.663,34.47609216439442
2020-06-14 09:30:00,40.542,34.44047161751397
2020-06-14 09:45:00,41.2015,34.650989023247234
2020-06-14 10:00:00,41.8605,34.994757181120825
2020-06-14 10:15:00,42.7395,35.3599715645515
2020-06-14 10:30:00,43.838,35.99109010307866
2020-06-14 10:45:00,44.717,36.48772255358828
2020-06-14 11:00:00,45.596,36.656245981108775
2020-06-14 11:15:00,46.475,36.929053925611
2020-06-14 11:30:00,47.354,37.45104704268125
2020-06-14 11:45:00,47.793,37.15036521320528
2020-06-14 12:00:00,48.2325,37.28890856970129
2020-06-14 12:15:00,48.4525,37.42611241336589
2020-06-14 12:30:00,48.672,37.530928919636224
2020-06-14 12:45:00,49.5505,37.29325030925192
2020-06-14 13:00:00,49.9905,37.990319755858714
2020-06-14 13:15:00,50.4295,38.380751134142635
2020-06-14 13:30:00,50.6495,38.046952387307
2020-06-14 13:45:00,49.99,38.12495534457106
2020-06-14 14:00:00,49.551,38.24005405743073
2020-06-14 14:15:00,49.551,37.94714261764789
2020-06-14 14:30:00,49.551,38.27036747006899
2020-06-14 14:45:00,49.331,38.209466856729826
2020-06-14 15:00:00,49.1115,38.1163044918378
2020-06-14 15:15:00,49.1115,38.31425790014093
2020-06-14 15:30:00,49.331,38.78214822540412
2020-06-14 15:45:00,49.331,38.11625156340283
2020-06-14 16:00:00,48.6715,37.8897391846989
2020-06-14 16:15:00,48.2325,37.943536198981086
2020-06-14 16:30:00,47.3535,37.8533212607516
2020-06-14 16:45:00,46.9145,37.49812094392262
2020-06-14 17:00:00,46.4745,37.70800741256615
2020-06-14 17:15:00,46.255,37.3398996769859
2020-06-14 17:30:00,46.0355,37.302089266161374
2020-06-14 17:45:00,45.5955,37.41538495799739
2020-06-14 18:00:00,44.7165,37.98519786697411
2020-06-14 18:15:00,44.0575,37.487205673532976
2020-06-14 18:30:00,43.8375,37.451020555262424
2020-06-14 18:45:00,43.3985,37.995543619196404
2020-06-14 19:00:00,42.959,37.857914897763116
2020-06-14 19:15:00,42.7395,37.71761620007107
2020-06-14 19:30:00,42.3,38.47423908924554
2020-06-14 19:45:00,41.8605,38.149754808342784
2020-06-14 20:00:00,41.421,37.93953274002149
2020-06-14 20:15:00,40.9815,37.7312351991017
2020-06-14 20:30:00,40.762,37.43378626185199
2020-06-14 20:45:00,40.322,36.86127666610436
2020-06-14 21:00:00,40.1025,37.42889279971108
2020-06-14 21:15:00,39.883,36.96318175015622
2020-06-14 21:30:00,39.443,36.84376040808892
2020-06-14 21:45:00,39.443,36.365800482957965
2020-06-14 22:00:00,39.004,35.886150399470345
2020-06-14 22:15:00,39.004,36.225438452206475
2020-06-14 22:30:00,39.004,36.034705461948406
2020-06-14 22:45:00,39.004,35.35377037757439
2020-06-14 23:00:00,38.784,35.627753789140044
2020-06-14 23:15:00,38.784,35.2331893980448
2020-06-14 23:30:00,38.564,34.78019829326625
2020-06-14 23:45:00,38.564,34.75427804362446
2020-06-15 00:00:00,38.564,34.25326059870301
2020-06-15 00:15:00,38.125,34.284175892754924
2020-06-15 00:30:00,38.125,33.93623452902794
2020-06-15 00:45:00,38.125,34.14435526767349
2020-06-15 01:00:00,37.9055,34.11431423727739
2020-06-15 01:15:00,37.686,33.999238725697296
2020-06-15 01:30:00,37.686,34.00470151732088
2020-06-15 01:45:00,37.466,34.0009924485735
2020-06-15 02:00:00,37.246,33.92044053668133
2020-06-15 02:15:00,36.807,33.99547408726264
2020-06-15 02:30:00,36.587,33.85821915551204
2020-06-15 02:45:00,36.367,33.76143929110602
2020-06-15 03:00:00,36.1475,33.535824075089835
2020-06-15 03:15:00,35.928,33.64593591563896
2020-06-15 03:30:00,35.488,33.80258763036065
2020-06-15 03:45:00,35.488,33.71487188793971
2020-06-15 04:00:00,35.2685,33.75077426490302
2020-06-15 04:15:00,35.049,33.63843351847138
2020-06-15 04:30:00,35.049,33.92163952754832
2020-06-15 04:45:00,34.609,33.58754253274946
2020-06-15 05:00:00,34.609,33.713259453418424
2020-06-15 05:15:00,34.3895,33.721324613835606
2020-06-15 05:30:00,34.17,33.81115879107897
2020-06-15 05:45:00,34.17,34.12265477445866
2020-06-15 06:00:00,34.17,34.04169523610636
2020-06-15 06:15:00,34.17,33.907258751694414
2020-06-15 06:30:00,34.17,33.803657111858676
2020-06-15 06:45:00,34.17,34.099345067200304
2020-06-15 07:00:00,34.609,34.237408305292654
2020-06-15 07:15:00,34.829,34.018984342883485
2020-06-15 07:30:00,35.2685,34.29080289243866
2020-06-15 07:45:00,35.928,34.17099800657228
2020-06-15 08:00:00,36.1475,34.7219408724464
2020-06-15 08:15:00,36.587,34.57598354031732
2020-06-15 08:30:00,37.2465,34.5220220131046
2020-06-15 08:45:00,37.6855,34.543073842382874
2020-06-15 09:00:00,38.5645,34.405455483694816
2020-06-15 09:15:00,39.0035,35.302851243424925
2020-06-15 09:30:00,39.663,35.59980895907555
2020-06-15 09:45:00,40.3225,35.519149235327376
2020-06-15 10:00:00,40.9815,35.83508692155881
2020-06-15 10:15:00,41.641,36.2619525866354
2020-06-15 10:30:00,42.3,36.641483329694005
2020-06-15 10:45:00,43.1785,37.05659265529754
2020-06-15 11:00:00,44.277,37.0012193190534
2020-06-15 11:15:00,44.9365,37.20563010837034
2020-06-15 11:30:00,45.596,38.10767230525837
2020-06-15 11:45:00,46.035,38.00456253451213
2020-06-15 12:00:00,46.255,38.66408491871386
2020-06-15 12:15:00,46.475,38.44184684661398
2020-06-15 12:30:00,46.6945,38.86432585159043
2020-06-15 12:45:00,46.9145,38.65328991952652
2020-06-15 13:00:00,46.9145,38.6446219728243
2020-06-15 13:15:00,46.6945,38.37768274199504
2020-06-15 13:30:00,47.134,38.36678163018773
2020-06-15 13:45:00,47.354,38.85345816048769
2020-06-15 14:00:00,47.354,38.775096342170855
2020-06-15 14:15:00,47.793,38.299872487083256
2020-06-15 14:30:00,48.0125,38.802493414012964
2020-06-15 14:45:00,48.0125,38.57318102617739
2020-06-15 15:00:00,48.0125,38.617570541416335
2020-06-15 15:15:00,47.793,38.96246408736359
2020-06-15 15:30:00,47.793,39.27514632426184
2020-06-15 15:45:00,47.793,38.18676141938212
2020-06-15 16:00:00,47.3535,37.989543368585615
2020-06-15 16:15:00,47.134,38.662594393550776
2020-06-15 16:30:00,46.9145,38.439122471251196
2020-06-15 16:45:00,46.6945,38.44904754584547
2020-06-15 17:00:00,46.255,37.834914285846494
2020-06-15 17:15:00,45.8155,38.073758554199365
2020-06-15 17:30:00,45.376,37.8879593518734
2020-06-15 17:45:00,45.376,38.09016762502113
2020-06-15 18:00:00,44.9365,37.93103300169018
2020-06-15 18:15:00,44.9365,38.162495473591754
2020-06-15 18:30:00,44.497,38.032122367816505
2020-06-15 18:45:00,44.0575,37.77678692020772
2020-06-15 19:00:00,43.618,37.64214844447962
2020-06-15 19:15:00,43.1785,37.6832029124967
2020-06-15 19:30:00,42.7395,37.664149301318616
2020-06-15 19:45:00,42.7395,37.40433837570395
2020-06-15 20:00:00,42.3,37.07434127910123
2020-06-15 20:15:00,41.8605,37.32942103594687
2020-06-15 20:30:00,41.421,37.14656119260779
2020-06-15 20:45:00,40.9815,36.60457433778115
2020-06-15 21:00:00,40.762,36.75252951961842
2020-06-15 21:15:00,40.542,36.67725817045669
2020-06-15 21:30:00,40.322,36.093227957436106
2020-06-15 21:45:00,39.883,36.05221106617701
2020-06-15 22:00:00,39.883,36.058917345605074
2020-06-15 22:15:00,39.663,35.52406653227922
2020-06-15 22:30:00,39.443,35.19376111786504
2020-06-15 22:45:00,39.2235,34.917227256021256
2020-06-15 23:00:00,39.004,34.768300021666306
2020-06-15 23:15:00,38.784,34.68082323150934
2020-06-15 23:30:00,38.784,34.40718511590237
2020-06-15 23:45:00,38.564,34.20030195057854
2020-06-16 00:00:00,38.3445,34.241550065549184
2020-06-16 00:15:00,38.3445,34.11936909526676
2020-06-16 00:30:00,38.125,34.03362448217634
2020-06-16 00:45:00,37.9055,33.86614613658075
2020-06-16 01:00:00,37.9055,33.793737387044715
2020-06-16 01:15:00,37.686,34.00566769491559
2020-06-16 01:30:00,37.466,33.87521863144449
2020-06-16 01:45:00,37.246,33.804107147631925
2020-06-16 02:00:00,37.246,33.79046904364722
2020-06-16 02:15:00,37.0265,33.842815240958444
2020-06-16 02:30:00,36.807,33.69204127220917
2020-06-16 02:45:00,36.807,33.841830590908955
2020-06-16 03:00:00,36.367,33.52749723385384
2020-06-16 03:15:00,36.367,33.44796904546929
2020-06-16 03:30:00,35.928,33.57931541064173
2020-06-16 03:45:00,35.928,33.3625484335813
2020-06-16 04:00:00,35.708,33.68721463700323
2020-06-16 04:15:00,35.488,33.651262864580254
2020-06-16 04:30:00,35.488,33.47603175751075
2020-06-16 04:45:00,35.049,33.721179159194214
2020-06-16 05:00:00,35.049,33.894614927005016
2020-06-16 05:15:00,34.829,33.84277775418123
2020-06-16 05:30:00,34.609,34.00979024780913
2020-06-16 05:45:00,34.609,33.85258253420307
2020-06-16 06:00:00,34.609,33.71164480488104
2020-06-16 06:15:00,34.609,33.90539053875847
2020-06-16 06:30:00,34.609,34.0301267345294
2020-06-16 06:45:00,34.609,34.286085952870884
2020-06-16 07:00:00,34.609,34.38392015271855
2020-06-16 07:15:00,34.609,34.596826331720564
2020-06-16 07:30:00,34.829,34.59265330229547
2020-06-16 07:45:00,34.829,34.23385197455673
2020-06-16 08:00:00,34.829,34.70802575474175
2020-06-16 08:15:00,35.0485,34.59220919112353
2020-06-16 08:30:00,35.2685,34.22204002291798
2020-06-16 08:45:00,35.4885,34.43477374833367
2020-06-16 09:00:00,36.1475,34.65276861059336
2020-06-16 09:15:00,36.587,34.46255834501152
2020-06-16 09:30:00,37.0265,34.16900928742678
2020-06-16 09:45:00,37.466,34.60534023752603
2020-06-16 10:00:00,37.9055,35.00423165420264
2020-06-16 10:15:00,38.125,34.820857935592116
2020-06-16 10:30:00,38.784,34.93989459049
2020-06-16 10:45:00,39.2235,35.34977531341459
2020-06-16 11:00:00,39.883,35.51721703051742
2020-06-16 11:15:00,40.322,35.830574515424026
2020-06-16 11:30:00,40.9815,35.719253770790274
2020-06-16 11:45:00,41.421,36.1004884590138
2020-06-16 12:00:00,41.641,36.101667365800644
2020-06-16 12:15:00,41.8605,36.31149715407178
2020-06-16 12:30:00,41.8605,36.183697682562475
2020-06-16 12:45:00,42.3,37.08556228549103
2020-06-16 13:00:00,42.5195,37.113250800832525
2020-06-16 13:15:00,42.7395,37.286384424678204
2020-06-16 13:30:00,42.7395,37.29019142002863
2020-06-16 13:45:00,43.3985,37.14364396436174
2020-06-16 14:00:00,43.618,37.99134765967598
2020-06-16 14:15:00,43.8375,37.838927675807355
2020-06-16 14:30:00,43.8375,38.44077392560239
2020-06-16 14:45:00,43.618,38.09474780710516
2020-06-16 15:00:00,43.3985,38.5901870489234
2020-06-16 15:15:00,43.1785,38.280682730024985
2020-06-16 15:30:00,43.1785,37.83695005790046
2020-06-16 15:45:00,43.1785,38.02247465283713
2020-06-16 16:00:00,43.1785,38.34147200568384
2020-06-16 16:15:00,43.1785,37.89224311805377
2020-06-16 16:30:00,42.959,37.56590054159132
2020-06-16 16:45:00,42.52,37.550400923511546
2020-06-16 17:00:00,42.52,37.499813631559725
2020-06-16 17:15:00,42.08,36.90883322737469
2020-06-16 17:30:00,41.8605,36.72248940384355
2020-06-16 17:45:00,41.641,37.160052786721735
2020-06-16 18:00:00,41.201,37.09451850531911
2020-06-16 18:15:00,40.762,36.791199853519515
2020-06-16 18:30:00,40.322,36.97281649537239
2020-06-16 18:45:00,39.883,37.15524158364881
2020-06-16 19:00:00,39.443,37.134943755083164
2020-06-16 19:15:00,39.004,36.61393733317005
2020-06-16 19:30:00,39.004,36.52966233749441
2020-06-16 19:45:00,38.564,37.491339809571535
2020-06-16 20:00:00,38.125,37.46595262474929
2020-06-16 20:15:00,37.9055,37.25697507264013
2020-06-16 20:30:00,37.686,37.31343851640266
2020-06-16 20:45:00,37.466,36.745771882117495
2020-06-16 21:00:00,37.0265,36.854663619111314
2020-06-16 21:15:00,36.587,36.91249847103946
2020-06-16 21:30:00,36.587,36.26058827332766
2020-06-16 21:45:00,36.3675,36.44947844804041
2020-06-16 22:00:00,36.1475,36.36725259485745
2020-06-16 22:15:00,36.1475,35.62033488760054
2020-06-16 22:30:00,35.928,35.54109045354043
2020-06-16 22:45:00,35.708,35.17294099253909
2020-06-16 23:00:00,35.708,34.9361491179885
2020-06-16 23:15:00,35.708,35.033557987559675
2020-06-16 23:30:00,35.488,34.46536049365695
2020-06-16 23:45:00,35.488,34.55351778358626
2020-06-17 00:00:00,35.488,34.35372297457919
2020-06-17 00:15:00,35.488,34.48350977665313
2020-06-17 00:30:00,35.049,34.178888780804186
2020-06-17 00:45:00,35.049,34.186943537352036
2020-06-17 01:00:00,35.049,34.24257692583384
2020-06-17 01:15:00,35.049,34.10608718955821
2020-06-17 01:30:00,35.049,34.58630379131568
2020-06-17 01:45:00,34.609,34.27106650508434
2020-06-17 02:00:00,34.609,34.04973706951521
2020-06-17 02:15:00,34.3895,34.11224995259494
2020-06-17 02:30:00,34.17,34.05540969165564
2020-06-17 02:45:00,34.17,34.10807453309937
2020-06-17 03:00:00,34.17,33.86588598900209
2020-06-17 03:15:00,33.73,33.71736121020079
2020-06-17 03:30:00,33.73,33.63645685786719
2020-06-17 03:45:00,33.73,33.91210634459858
2020-06-17 04:00:00,33.291,33.972517781358206
2020-06-17 04:15:00,33.291,33.90510859220539
2020-06-17 04:30:00,33.291,34.00359039244594
2020-06-17 04:45:00,33.0715,34.19443563474365
2020-06-17 05:00:00,32.852,34.24408844646828
2020-06-17 05:15:00,32.852,34.323964537114065
2020-06-17 05:30:00,32.852,34.5160392237061
2020-06-17 05:45:00,32.852,34.24962431167383
2020-06-17 06:00:00,32.632,34.28081133623848
2020-06-17 06:15:00,32.632,34.41986115603872
2020-06-17 06:30:00,32.412,34.59946604735178
2020-06-17 06:45:00,32.412,34.808458209582646
2020-06-17 07:00:00,32.412,34.715146859588586
2020-06-17 07:15:00,32.412,35.04633957937406
2020-06-17 07:30:00,32.412,34.7855783864998
2020-06-17 07:45:00,32.632,35.36878880747365
2020-06-17 08:00:00,32.852,35.549181086137544
2020-06-17 08:15:00,33.291,35.226215114529545
2020-06-17 08:30:00,33.5105,35.30561943360233
2020-06-17 08:45:00,33.73,34.907976992577495
2020-06-17 09:00:00,34.17,35.12775118665385
2020-06-17 09:15:00,34.609,35.17921062282043
2020-06-17 09:30:00,35.2685,35.3827864900641
2020-06-17 09:45:00,35.708,35.93478502506303
2020-06-17 10:00:00,36.367,35.96481438544109
2020-06-17 10:15:00,37.466,35.96706689320582
2020-06-17 10:30:00,38.564,36.12363222926355
2020-06-17 10:45:00,39.4435,36.90537201867881
2020-06-17 11:00:00,40.3225,36.40004164103902
2020-06-17 11:15:00,40.9815,36.4756466127558
2020-06-17 11:30:00,41.6405,37.01115762102438
2020-06-17 11:45:00,41.8605,38.058321473774264
2020-06-17 12:00:00,42.08,37.76073088531146
2020-06-17 12:15:00,42.3,36.68073384548793
2020-06-17 12:30:00,43.1785,37.073851702889336
2020-06-17 12:45:00,43.618,37.077646992814614
2020-06-17 13:00:00,43.8375,36.72598279252202
2020-06-17 13:15:00,44.2775,37.437373199056324
2020-06-17 13:30:00,44.7165,36.4950146827561
2020-06-17 13:45:00,44.9365,37.45528095139098
2020-06-17 14:00:00,45.376,38.60888535548564
2020-06-17 14:15:00,45.5955,37.65661420657489
2020-06-17 14:30:00,45.8155,38.49754361776177
2020-06-17 14:45:00,46.0355,38.16272964362634
2020-06-17 15:00:00,46.255,38.39724665394757
2020-06-17 15:15:00,46.255,38.096570441158725
2020-06-17 15:30:00,46.255,37.821006362912456
2020-06-17 15:45:00,45.8155,38.14709701746831
2020-06-17 16:00:00,45.1565,38.12535759752742
2020-06-17 16:15:00,44.7165,37.85946023583478
2020-06-17 16:30:00,44.497,38.2007299127906
2020-06-17 16:45:00,44.0575,38.81773868682198
2020-06-17 17:00:00,43.6185,38.550593498891224
2020-06-17 17:15:00,43.3985,39.32212700982014
2020-06-17 17:30:00,43.179,38.113695038856044
2020-06-17 17:45:00,42.959,38.141822323336605
2020-06-17 18:00:00,42.739,38.07462227578322
2020-06-17 18:15:00,42.3,37.88417385418405
2020-06-17 18:30:00,42.3,38.522812839319194
2020-06-17 18:45:00,42.0805,37.60798058244485
2020-06-17 19:00:00,41.421,37.47559031041924
2020-06-17 19:15:00,41.421,36.97076840326738
2020-06-17 19:30:00,40.9815,37.62328361127314
2020-06-17 19:45:00,40.762,38.19058413455115
2020-06-17 20:00:00,40.542,37.80073527627932
2020-06-17 20:15:00,40.322,37.427862379570094
2020-06-17 20:30:00,40.1025,37.80189359835738
2020-06-17 20:45:00,39.883,37.69091461538464
2020-06-17 21:00:00,39.663,37.57272216724332
2020-06-17 21:15:00,39.443,37.422085776477886
2020-06-17 21:30:00,39.443,37.57861860820555
2020-06-17 21:45:00,39.2235,37.25559491614998
2020-06-17 22:00:00,39.004,36.614653680010164
2020-06-17 22:15:00,39.004,36.6713013864206
2020-06-17 22:30:00,38.564,36.75029049888897
2020-06-17 22:45:00,38.3445,35.775625383687405
2020-06-17 23:00:00,38.3445,35.93239710529232
2020-06-17 23:15:00,38.3445,35.95763604699878
2020-06-17 23:30:00,38.125,35.80171106875063
2020-06-17 23:45:00,37.9055,35.28520114886177
2020-06-18 00:00:00,37.9055,35.09253871281002
2020-06-18 00:15:00,37.9055,34.786818334398966
2020-06-18 00:30:00,37.686,34.586518022351804
2020-06-18 00:45:00,37.466,34.13374630593695
2020-06-18 01:00:00,37.466,34.60374214672974
2020-06-18 01:15:00,37.466,33.974823022901575
2020-06-18 01:30:00,37.246,34.408253249238776
2020-06-18 01:45:00,37.0265,34.087662713348955
2020-06-18 02:00:00,37.0265,33.876541410003334
2020-06-18 02:15:00,36.587,34.254680619539045
2020-06-18 02:30:00,36.587,34.13601787169225
2020-06-18 02:45:00,36.367,33.84183552494131
2020-06-18 03:00:00,36.1475,34.07802927981698
2020-06-18 03:15:00,36.1475,34.18214965035168
2020-06-18 03:30:00,36.1475,34.51049388939846
2020-06-18 03:45:00,35.9275,33.96474931884849
2020-06-18 04:00:00,35.708,34.305131680455624
2020-06-18 04:15:00,35.4885,34.16615305808181
2020-06-18 04:30:00,35.4885,34.002811692766706
2020-06-18 04:45:00,35.2685,34.29566313537685
2020-06-18 05:00:00,35.0485,33.9933161459422
2020-06-18 05:15:00,35.0485,34.01711748965666
2020-06-18 05:30:00,35.0485,33.98089539586985
2020-06-18 05:45:00,34.829,34.15028133937013
2020-06-18 06:00:00,34.829,34.42613910074133
2020-06-18 06:15:00,34.829,34.400176383562226
2020-06-18 06:30:00,34.829,34.171493961201655
2020-06-18 06:45:00,34.829,34.168377560389665
2020-06-18 07:00:00,34.829,34.26203806193424
2020-06-18 07:15:00,35.049,34.66654769741293
2020-06-18 07:30:00,35.2685,35.08458464962123
2020-06-18 07:45:00,35.488,35.027184559642166
2020-06-18 08:00:00,35.928,35.26209376967236
2020-06-18 08:15:00,36.587,35.62502939669112
2020-06-18 08:30:00,37.0265,35.95273779842647
2020-06-18 08:45:00,37.466,35.0345544435175
2020-06-18 09:00:00,37.9055,35.845154109156105
2020-06-18 09:15:00,38.5645,35.79335520105125
2020-06-18 09:30:00,39.0035,36.25829000204272
2020-06-18 09:45:00,39.663,37.07036845343128
2020-06-18 10:00:00,40.1025,37.98636615852845
2020-06-18 10:15:00,40.9815,38.09869082231214
2020-06-18 10:30:00,41.8605,37.98349531840786
2020-06-18 10:45:00,43.1785,39.46387521612062
2020-06-18 11:00:00,44.0575,38.604266528177284
2020-06-18 11:15:00,45.376,38.90329783395258
2020-06-18 11:30:00,46.035,39.15050115466034
2020-06-18 11:45:00,46.475,39.26718218103102
2020-06-18 12:00:00,46.475,39.70050417599382
2020-06-18 12:15:00,46.9145,39.67392480524204
2020-06-18 12:30:00,46.9145,39.61776336352785
2020-06-18 12:45:00,47.134,40.0271961958107
2020-06-18 13:00:00,47.134,39.93020140664826
2020-06-18 13:15:00,47.5735,40.319737725710546
2020-06-18 13:30:00,47.354,40.46926021592563
2020-06-18 13:45:00,46.914,41.4032831021843
2020-06-18 14:00:00,46.6945,40.94849254058106
2020-06-18 14:15:00,46.9145,41.89573521516044
2020-06-18 14:30:00,47.134,42.08711839491385
2020-06-18 14:45:00,47.793,41.717401662889785
2020-06-18 15:00:00,48.2325,41.233949661436334
2020-06-18 15:15:00,48.2325,41.51334709140703
2020-06-18 15:30:00,48.013,40.60404042861379
2020-06-18 15:45:00,47.573,40.82540406738376
2020-06-18 16:00:00,47.573,39.852004319202905
2020-06-18 16:15:00,47.3535,40.18356689567881
2020-06-18 16:30:00,46.6945,40.26188964120002
2020-06-18 16:45:00,46.475,39.69150059867963
2020-06-18 17:00:00,46.035,39.287652310924436
2020-06-18 17:15:00,45.8155,39.428528602165564
2020-06-18 17:30:00,45.596,39.73323690215536
2020-06-18 17:45:00,45.156,40.77318032540658
2020-06-18 18:00:00,44.9365,39.608176581623844
2020-06-18 18:15:00,44.717,40.22396989787492
2020-06-18 18:30:00,44.277,40.20003301123712
2020-06-18 18:45:00,44.277,39.85174381988656
2020-06-18 19:00:00,43.838,40.28163490329822
2020-06-18 19:15:00,43.838,39.53683214961232
2020-06-18 19:30:00,43.618,39.090331432090046
2020-06-18 19:45:00,43.1785,40.26208209961271
2020-06-18 20:00:00,43.1785,39.83353919029766
2020-06-18 20:15:00,42.7395,39.85717796579527
2020-06-18 20:30:00,42.7395,39.42067968955295
2020-06-18 20:45:00,42.52,39.39692762252577
2020-06-18 21:00:00,42.3,39.24866296894128
2020-06-18 21:15:00,42.08,39.183403526076
2020-06-18 21:30:00,41.8605,39.14311316326806
2020-06-18 21:45:00,41.641,38.47064128062185
2020-06-18 22:00:00,41.421,38.03826965940543
2020-06-18 22:15:00,41.421,37.58285499838657
2020-06-18 22:30:00,40.9815,37.625781147810955
2020-06-18 22:45:00,40.9815,38.37534976627264
2020-06-18 23:00:00,40.762,37.67857065971568
2020-06-18 23:15:00,40.542,37.00586518289224
2020-06-18 23:30:00,40.542,36.38216261228455
2020-06-18 23:45:00,40.542,36.20295302963704
2020-06-19 00:00:00,40.322,35.876257855254
2020-06-19 00:15:00,40.322,35.82586649384182
2020-06-19 00:30:00,40.1025,35.16299065694864
2020-06-19 00:45:00,39.883,34.95249874070619
2020-06-19 01:00:00,39.883,34.7826059094297
2020-06-19 01:15:00,39.443,34.522029426189505
2020-06-19 01:30:00,39.443,34.363453608368985
2020-06-19 01:45:00,39.443,34.50761334887929
2020-06-19 02:00:00,39.443,34.099704068089096
2020-06-19 02:15:00,39.2235,34.106042211966205
2020-06-19 02:30:00,39.2235,34.30684734850813
2020-06-19 02:45:00,39.2235,34.181706602559025
2020-06-19 03:00:00,39.2235,33.98681922608816
2020-06-19 03:15:00,39.004,33.62586609025645
2020-06-19 03:30:00,38.784,33.582153062422044
2020-06-19 03:45:00,38.784,33.91974728234256
2020-06-19 04:00:00,38.784,33.72392512796934
2020-06-19 04:15:00,38.3445,33.8768441562616
2020-06-19 04:30:00,38.3445,34.13539051476996
2020-06-19 04:45:00,38.3445,33.96539910393347
2020-06-19 05:00:00,37.9055,34.83761132888582
2020-06-19 05:15:00,37.9055,34.78313832323014
2020-06-19 05:30:00,37.9055,34.61246279457341
2020-06-19 05:45:00,37.686,34.69736437788364
2020-06-19 06:00:00,37.466,34.05999639867452
2020-06-19 06:15:00,37.466,34.65743654693677
2020-06-19 06:30:00,37.466,34.88261521206435
2020-06-19 06:45:00,37.466,35.034052882009924
2020-06-19 07:00:00,37.466,34.968997212933246
2020-06-19 07:15:00,37.686,35.671953955608764
2020-06-19 07:30:00,37.686,36.438579169141754
2020-06-19 07:45:00,38.125,36.779199904669255
2020-06-19 08:00:00,38.125,36.938340220319404
2020-06-19 08:15:00,38.564,36.61364768497323
2020-06-19 08:30:00,39.004,36.77197351200074
2020-06-19 08:45:00,39.443,37.03370457585355
2020-06-19 09:00:00,39.883,37.810841349514696
2020-06-19 09:15:00,40.1025,37.50143678177675
2020-06-19 09:30:00,40.322,38.730764345922765
2020-06-19 09:45:00,40.762,38.53377248059011
2020-06-19 10:00:00,41.201,39.241201829523575
2020-06-19 10:15:00,41.421,39.66110851312355
2020-06-19 10:30:00,41.421,40.28455425303881
2020-06-19 10:45:00,41.641,40.668806642522306
2020-06-19 11:00:00,41.641,40.86816400763125
2020-06-19 11:15:00,41.641,41.06787663859109
2020-06-19 11:30:00,41.641,40.77289552694497
2020-06-19 11:45:00,41.641,40.843686908800706
2020-06-19 12:00:00,41.641,40.791431082546545
2020-06-19 12:15:00,41.641,41.30836113404644
2020-06-19 12:30:00,41.641,42.01342784038911
2020-06-19 12:45:00,41.641,41.74455995115753
2020-06-19 13:00:00,41.641,42.36464243996793
2020-06-19 13:15:00,41.641,42.011193646630524
2020-06-19 13:30:00,41.8605,42.31146672894375
2020-06-19 13:45:00,41.641,41.93442424556314
2020-06-19 14:00:00,40.9815,41.766796315867396
2020-06-19 14:15:00,39.663,42.43110814457322
2020-06-19 14:30:00,37.9055,42.67225310621868
2020-06-19 14:45:00,37.246,43.08798721254115
2020-06-19 15:00:00,36.807,43.42593296623969
2020-06-19 15:15:00,36.807,42.235852654647225
2020-06-19 15:30:00,36.367,42.43666745066988
2020-06-19 15:45:00,36.367,42.44293400509015
2020-06-19 16:00:00,36.367,42.86829560049678
2020-06-19 16:15:00,35.708,42.398648834817216
2020-06-19 16:30:00,35.049,41.83719292425171
2020-06-19 16:45:00,34.609,41.74137954134104
2020-06-19 17:00:00,34.17,42.57779607126777
2020-06-19 17:15:00,33.73,40.999313119479936
2020-06-19 17:30:00,33.291,41.09935567430437
2020-06-19 17:45:00,32.852,41.22004844355646
2020-06-19 18:00:00,32.1925,40.88010056504856
2020-06-19 18:15:00,31.5335,41.33621380381715
2020-06-19 18:30:00,31.0935,41.478052811085924
2020-06-19 18:45:00,30.6545,41.500409873130465
2020-06-19 19:00:00,30.4345,40.63963969300715
2020-06-19 19:15:00,30.2145,40.31029966585416
2020-06-19 19:30:00,30.2145,40.55161776154119
2020-06-19 19:45:00,30.4345,40.56430619621265
2020-06-19 20:00:00,30.654,40.864931228042025
2020-06-19 20:15:00,30.874,40.55568264943776
2020-06-19 20:30:00,31.094,40.80639121786886
2020-06-19 20:45:00,31.094,40.22421509052307
2020-06-19 21:00:00,31.094,40.017900636803724
2020-06-19 21:15:00,31.094,39.94819053859274
2020-06-19 21:30:00,31.094,39.879836705310225
2020-06-19 21:45:00,31.094,39.7245486785189
2020-06-19 22:00:00,31.094,39.04704186741809
2020-06-19 22:15:00,31.094,39.23888628425363
2020-06-19 22:30:00,31.094,38.93942190063118
2020-06-19 22:45:00,31.094,39.217095192585
2020-06-19 23:00:00,31.3135,38.49652784305567
2020-06-19 23:15:00,31.533,38.24809531139361
2020-06-19 23:30:00,31.753,37.8773077773257
2020-06-19 23:45:00,31.973,37.197456062511726
2020-06-20 00:00:00,32.1925,37.075066213012875
2020-06-20 00:15:00,32.1925,36.61361679127423
2020-06-20 00:30:00,32.1925,36.48820826372751
2020-06-20 00:45:00,31.973,36.28551285789016
2020-06-20 01:00:00,31.973,35.956301380890835
2020-06-20 01:15:00,31.973,35.34947286947513
2020-06-20 01:30:00,31.973,35.415360176365525
2020-06-20 01:45:00,31.973,35.24159028306277
2020-06-20 02:00:00,31.973,35.77175359235605
2020-06-20 02:15:00,31.753,35.49633063177489
2020-06-20 02:30:00,31.753,35.80142078376746
2020-06-20 02:45:00,31.753,35.74558141356597
2020-06-20 03:00:00,31.753,35.1949790056443
2020-06-20 03:15:00,31.9725,35.30214137946046
2020-06-20 03:30:00,31.9725,35.28328996509457
2020-06-20 03:45:00,32.1925,35.26278920043075
2020-06-20 04:00:00,32.1925,35.126083839165744
2020-06-20 04:15:00,32.1925,36.06179431039049
2020-06-20 04:30:00,32.1925,35.610810479706984
2020-06-20 04:45:00,32.1925,35.52773596192159
2020-06-20 05:00:00,32.1925,35.66822472562746
2020-06-20 05:15:00,32.412,35.52723116628317
2020-06-20 05:30:00,32.412,35.822441184724426
2020-06-20 05:45:00,32.632,35.54462709887793
2020-06-20 06:00:00,32.632,35.92858530777081
2020-06-20 06:15:00,32.632,36.074342399342896
2020-06-20 06:30:00,32.632,36.25688468940367
2020-06-20 06:45:00,32.632,36.532989153293805
2020-06-20 07:00:00,32.632,36.61533889257087
2020-06-20 07:15:00,32.632,37.052621043970724
2020-06-20 07:30:00,32.852,37.40997105479106
2020-06-20 07:45:00,32.852,37.43080599420775
2020-06-20 08:00:00,33.291,37.76986712736392
2020-06-20 08:15:00,33.291,37.88777324913666
2020-06-20 08:30:00,33.73,37.99188763880265
2020-06-20 08:45:00,33.73,37.77494677243508
2020-06-20 09:00:00,34.17,37.49071909003426
2020-06-20 09:15:00,34.17,37.74177910783826
2020-06-20 09:30:00,34.609,37.85709212977406
2020-06-20 09:45:00,34.829,37.99767203499573
2020-06-20 10:00:00,35.049,37.85699953271296
2020-06-20 10:15:00,35.2685,38.57190527998268
2020-06-20 10:30:00,35.488,38.82997399965002
2020-06-20 10:45:00,35.488,39.28727487738262
2020-06-20 11:00:00,35.488,39.215057818751376
2020-06-20 11:15:00,35.708,38.91732694641431
2020-06-20 11:30:00,35.928,38.999998243187
2020-06-20 11:45:00,36.367,39.695036617216815
2020-06-20 12:00:00,36.587,39.59381138485879
2020-06-20 12:15:00,37.0265,39.89324407013294
2020-06-20 12:30:00,37.466,40.01501216020998
2020-06-20 12:45:00,38.3445,40.13353517765244
2020-06-20 13:00:00,38.5645,40.533271577856524
2020-06-20 13:15:00,38.784,40.58410259635966
2020-06-20 13:30:00,38.784,41.26000033445994
2020-06-20 13:45:00,38.784,40.54970087168477
2020-06-20 14:00:00,39.2235,40.73996238906792
2020-06-20 14:15:00,39.2235,41.28662759983807
2020-06-20 14:30:00,39.2235,41.39866524016677
2020-06-20 14:45:00,39.2235,41.11490353810291
2020-06-20 15:00:00,39.883,41.12430630405019
2020-06-20 15:15:00,40.1025,41.38582870158117
2020-06-20 15:30:00,40.1025,41.16467292615325
2020-06-20 15:45:00,40.1025,41.39578713624522
2020-06-20 16:00:00,40.1025,41.47844371438743
2020-06-20 16:15:00,39.883,41.964841971020995
2020-06-20 16:30:00,39.663,41.084985627231944
2020-06-20 16:45:00,39.443,41.29151242141499
2020-06-20 17:00:00,39.443,40.93570142553958
2020-06-20 17:15:00,39.2235,41.21910726208237
2020-06-20 17:30:00,39.004,41.73347219183394
2020-06-20 17:45:00,38.784,41.173865853391966
2020-06-20 18:00:00,38.564,41.56796478406504
2020-06-20 18:15:00,38.3445,41.698538132496516
2020-06-20 18:30:00,38.125,41.883850408343925
2020-06-20 18:45:00,37.9055,40.638961933857836
2020-06-20 19:00:00,37.686,40.39379434568088
2020-06-20 19:15:00,37.466,40.07391066967467
2020-06-20 19:30:00,37.246,40.1162630676954
2020-06-20 19:45:00,37.0265,40.490494848665115
2020-06-20 20:00:00,36.587,40.635426840592835
2020-06-20 20:15:00,36.587,40.407124587446155
2020-06-20 20:30:00,36.587,40.085822946936226
2020-06-20 20:45:00,36.1475,40.42631810686849
2020-06-20 21:00:00,36.1475,40.63358485603873
2020-06-20 21:15:00,35.708,40.372373251619976
2020-06-20 21:30:00,35.488,40.43049944539311
2020-06-20 21:45:00,35.2685,40.527683839219975
2020-06-20 22:00:00,35.049,40.03435264681149
2020-06-20 22:15:00,34.609,40.31785370402739
2020-06-20 22:30:00,34.609,40.48345232723205
2020-06-20 22:45:00,34.17,39.56552800941346
2020-06-20 23:00:00,34.17,39.46649663401336
2020-06-20 23:15:00,34.17,39.31400581955907
2020-06-20 23:30:00,33.95,39.27307016890201
2020-06-20 23:45:00,33.73,39.20709016775348
2020-06-21 00:00:00,33.73,39.28668197896281
2020-06-21 00:15:00,33.73,38.87384359148691
2020-06-21 00:30:00,33.5105,38.791547553428
2020-06-21 00:45:00,33.291,38.63647283069096
2020-06-21 01:00:00,33.291,38.129141835776515
2020-06-21 01:15:00,33.291,37.828601139053085
2020-06-21 01:30:00,33.0715,37.99698825199125
2020-06-21 01:45:00,32.852,37.13710941924138
2020-06-21 02:00:00,32.852,37.7393919109048
2020-06-21 02:15:00,32.632,38.157273949040174
2020-06-21 02:30:00,32.412,37.18909865011635
2020-06-21 02:45:00,32.412,37.782739211434304
2020-06-21 03:00:00,32.412,37.173928763210334
2020-06-21 03:15:00,32.1925,37.43232916119161
2020-06-21 03:30:00,31.973,37.29559369163208
2020-06-21 03:45:00,31.973,37.23975985116494
2020-06-21 04:00:00,31.533,37.37717642199276
2020-06-21 04:15:00,31.533,37.04141497781321
2020-06-21 04:30:00,31.3135,37.387099233022006
2020-06-21 04:45:00,31.094,37.151702744857765
2020-06-21 05:00:00,30.874,37.18880687178099
2020-06-21 05:15:00,30.654,37.335977729536076
2020-06-21 05:30:00,30.654,37.436072774348396
2020-06-21 05:45:00,30.654,37.8549342374544
2020-06-21 06:00:00,30.4345,37.69853027900358
2020-06-21 06:15:00,30.4345,37.60111168901798
2020-06-21 06:30:00,30.4345,38.41757244517916
2020-06-21 06:45:00,30.4345,38.7052501493178
2020-06-21 07:00:00,30.654,38.22613212376085
2020-06-21 07:15:00,31.094,38.57995756609577
2020-06-21 07:30:00,31.533,38.89623062465463
2020-06-21 07:45:00,32.1925,39.50118799260914
2020-06-21 08:00:00,32.852,39.89854830082939
2020-06-21 08:15:00,33.0715,39.80065501869866
2020-06-21 08:30:00,33.5105,39.580442206828145
2020-06-21 08:45:00,33.95,39.88272465738559
2020-06-21 09:00:00,34.3895,39.676641154947234
2020-06-21 09:15:00,34.829,40.13286636780815
2020-06-21 09:30:00,35.2685,40.301944734345405
2020-06-21 09:45:00,35.708,40.693894987750234
2020-06-21 10:00:00,36.367,41.1178818678907
2020-06-21 10:15:00,36.807,41.41788657212374
2020-06-21 10:30:00,36.807,41.006395007974916
2020-06-21 10:45:00,37.246,40.37693919612869
2020-06-21 11:00:00,38.3445,40.49801968849529
2020-06-21 11:15:00,39.2235,40.436663499627045
2020-06-21 11:30:00,39.883,39.84595734265405
2020-06-21 11:45:00,40.542,40.578905914763865
2020-06-21 12:00:00,40.542,41.13787446841354
2020-06-21 12:15:00,40.3225,41.29818803931156
2020-06-21 12:30:00,40.1025,41.737615827529574
2020-06-21 12:45:00,40.542,41.23514571028998
2020-06-21 13:00:00,40.9815,41.20455437887369
2020-06-21 13:15:00,41.6405,41.74789818971499
2020-06-21 13:30:00,42.5195,41.88052341027738
2020-06-21 13:45:00,43.1785,41.425602897569405
2020-06-21 14:00:00,43.618,42.3533480376396
2020-06-21 14:15:00,44.0575,41.84200989054418
2020-06-21 14:30:00,44.497,41.72786889640964
2020-06-21 14:45:00,44.497,41.720902461497
2020-06-21 15:00:00,44.2775,41.67694691385096
2020-06-21 15:15:00,44.277,40.961835463285546
2020-06-21 15:30:00,44.0575,41.69300970307865
2020-06-21 15:45:00,43.618,42.706395286226666
2020-06-21 16:00:00,43.179,42.45252790635241
2020-06-21 16:15:00,42.5195,41.193668859755626
2020-06-21 16:30:00,42.3,41.10961547892486
2020-06-21 16:45:00,41.8605,41.67312083225988
2020-06-21 17:00:00,41.8605,41.24963670074043
2020-06-21 17:15:00,41.641,42.02856215991433
2020-06-21 17:30:00,41.421,42.06537989339514
2020-06-21 17:45:00,40.957,41.940920275498456
2020-06-21 18:00:00,40.5175,41.3177842928287
2020-06-21 18:15:00,40.2975,41.50788081439103
2020-06-21 18:30:00,39.8585,41.22641042719193
2020-06-21 18:45:00,39.8585,41.49611528409154
2020-06-21 19:00:00,39.419,41.52902965656732
2020-06-21 19:15:00,38.9795,41.59785998880361
2020-06-21 19:30:00,38.9795,41.270901469122954
2020-06-21 19:45:00,38.54,41.80795917806815
2020-06-21 20:00:00,38.3205,41.76374254823248
2020-06-21 20:15:00,38.1005,42.01718912606897
2020-06-21 20:30:00,38.1005,41.66728463768895
2020-06-21 20:45:00,37.881,41.73799386270414
2020-06-21 21:00:00,37.6615,41.6051627785587
2020-06-21 21:15:00,37.4415,41.472464991200084
2020-06-21 21:30:00,37.2215,41.27364709981103
2020-06-21 21:45:00,37.2215,41.440596433776825
2020-06-21 22:00:00,37.002,41.700392197870165
2020-06-21 22:15:00,36.7825,41.664300635473715
2020-06-21 22:30:00,36.7825,40.84139414864592
2020-06-21 22:45:00,36.7825,40.87386489292864
2020-06-21 23:00:00,36.7825,40.69151632960677
2020-06-21 23:15:00,36.7825,40.306214414301415
2020-06-21 23:30:00,36.5625,40.06805625104883
2020-06-21 23:45:00,36.5625,40.57587824586128
2020-06-22 00:00:00,36.5625,40.17322705474737
2020-06-22 00:15:00,36.3425,40.01203647247715
2020-06-22 00:30:00,36.3425,39.977623830599214
2020-06-22 00:45:00,36.3425,39.7373030290107
2020-06-22 01:00:00,36.123,39.99368049764613
2020-06-22 01:15:00,35.9035,39.58858310733673
2020-06-22 01:30:00,35.6835,39.228169886633744
2020-06-22 01:45:00,35.6835,39.05369521994046
2020-06-22 02:00:00,35.244,38.857622235955645
2020-06-22 02:15:00,34.8045,39.10983518522719
2020-06-22 02:30:00,34.8045,38.925927554982216
2020-06-22 02:45:00,34.8045,38.70142106385189
2020-06-22 03:00:00,34.8045,38.6020171273748
2020-06-22 03:15:00,34.8045,38.44615743940319
2020-06-22 03:30:00,34.8045,38.5863239518375
2020-06-22 03:45:00,34.8045,38.49572610090835
2020-06-22 04:00:00,34.585,38.55962609128649
2020-06-22 04:15:00,34.3655,38.393232183969666
2020-06-22 04:30:00,34.3655,38.27563355300517
2020-06-22 04:45:00,34.3655,38.57663814103666
2020-06-22 05:00:00,34.3655,38.498279355677774
2020-06-22 05:15:00,34.1455,38.5068455636169
2020-06-22 05:30:00,33.9255,38.77743866608929
2020-06-22 05:45:00,33.9255,38.66515968046003
2020-06-22 06:00:00,33.706,38.54135436876359
2020-06-22 06:15:00,33.4865,38.599585361611794
2020-06-22 06:30:00,32.6075,38.63912119799143
2020-06-22 06:45:00,31.7285,38.96192042739953
2020-06-22 07:00:00,31.289,38.81490593077114
2020-06-22 07:15:00,31.0695,38.50455442153691
2020-06-22 07:30:00,30.8495,38.81318389605019
2020-06-22 07:45:00,30.8495,38.74670582811142
2020-06-22 08:00:00,30.6295,39.17591053433839
2020-06-22 08:15:00,30.6295,38.891460276044384
2020-06-22 08:30:00,30.6295,39.232669963436976
2020-06-22 08:45:00,30.6295,39.0857796923
2020-06-22 09:00:00,30.1905,39.3815119944613
2020-06-22 09:15:00,29.9705,40.22383295562367
2020-06-22 09:30:00,29.5315,39.91136118196756
2020-06-22 09:45:00,29.5315,39.637543925346
2020-06-22 10:00:00,29.5315,39.76171837701579
2020-06-22 10:15:00,29.0915,40.52180826519682
2020-06-22 10:30:00,28.872,40.93403033131449
2020-06-22 10:45:00,28.872,40.157504952389836
2020-06-22 11:00:00,28.6525,40.61931293824743
2020-06-22 11:15:00,28.872,40.59205587160393
2020-06-22 11:30:00,29.0915,41.248525877444166
2020-06-22 11:45:00,29.0915,41.12803131001758
2020-06-22 12:00:00,29.3115,41.19625472028873
2020-06-22 12:15:00,29.3115,41.62042580934125
2020-06-22 12:30:00,29.3115,41.28014064400278
2020-06-22 12:45:00,28.872,41.10997700906206
2020-06-22 13:00:00,28.433,41.587272192198846
2020-06-22 13:15:00,27.993,41.43587968325044
2020-06-22 13:30:00,27.993,41.57424055650633
2020-06-22 13:45:00,27.7735,40.99239304524251
2020-06-22 14:00:00,27.554,41.66365707054672
2020-06-22 14:15:00,27.554,41.33158609242229
2020-06-22 14:30:00,27.7735,41.6317512739087
2020-06-22 14:45:00,28.213,41.554180062756224
2020-06-22 15:00:00,28.6525,41.1652461142802
2020-06-22 15:15:00,28.6525,41.3589452983028
2020-06-22 15:30:00,28.6525,41.293317266110556
2020-06-22 15:45:00,28.4325,40.96226397555499
2020-06-22 16:00:00,28.213,40.732984315682685
2020-06-22 16:15:00,28.213,40.6907193597024
2020-06-22 16:30:00,28.213,40.16972584802818
2020-06-22 16:45:00,28.213,39.8305472151347
2020-06-22 17:00:00,27.7735,39.889153836460665
2020-06-22 17:15:00,27.5535,40.98248347232444
2020-06-22 17:30:00,27.334,40.88217927991787
2020-06-22 17:45:00,27.1145,40.284908858242
2020-06-22 18:00:00,27.1145,40.76112201280649
2020-06-22 18:15:00,26.8945,41.1590556683606
2020-06-22 18:30:00,26.8945,40.81932491298133
2020-06-22 18:45:00,27.114,40.98523683005778
2020-06-22 19:00:00,27.334,41.18353299916372
2020-06-22 19:15:00,27.7735,41.60963079909194
2020-06-22 19:30:00,27.7735,41.21560906174269
2020-06-22 19:45:00,28.213,41.94124850817566
2020-06-22 20:00:00,28.213,41.70046257544138
2020-06-22 20:15:00,28.213,41.15955866626998
2020-06-22 20:30:00,28.6525,40.83095306219464
2020-06-22 20:45:00,28.6525,41.69459748489649
2020-06-22 21:00:00,28.6525,41.61772354611904
2020-06-22 21:15:00,28.4325,41.2539763400627
2020-06-22 21:30:00,27.9935,40.67230097564592
2020-06-22 21:45:00,27.9935,40.80532752048905
2020-06-22 22:00:00,27.9935,40.721534695564664
2020-06-22 22:15:00,27.9935,40.55292817995361
2020-06-22 22:30:00,27.9935,40.47232031858473
2020-06-22 22:45:00,27.9935,40.81172156046864
2020-06-22 23:00:00,27.9935,40.118380883295096
2020-06-22 23:15:00,27.9935,39.72556064934236
2020-06-22 23:30:00,27.9935,39.6082652313265
2020-06-22 23:45:00,27.9935,38.88447339496606
2020-06-23 00:00:00,27.9935,38.44456120246341
2020-06-23 00:15:00,27.9935,39.026469309447506
2020-06-23 00:30:00,27.9935,38.635039190970616
2020-06-23 00:45:00,27.9935,37.89550825964384
2020-06-23 01:00:00,27.9935,38.27762695094239
2020-06-23 01:15:00,27.9935,37.97171615197978
2020-06-23 01:30:00,27.9935,37.80763561350365
2020-06-23 01:45:00,27.9935,37.503877222205325
2020-06-23 02:00:00,27.9935,37.96125246738372
2020-06-23 02:15:00,27.9935,37.79462504418938
2020-06-23 02:30:00,27.9935,37.573364788042234
2020-06-23 02:45:00,27.9935,37.37279852053018
2020-06-23 03:00:00,27.9935,36.99871102234197
2020-06-23 03:15:00,27.9935,36.697595284420835
2020-06-23 03:30:00,27.9935,36.49867013102035
2020-06-23 03:45:00,28.213,36.76967775795851
2020-06-23 04:00:00,28.213,36.492614217740815
2020-06-23 04:15:00,28.213,36.50569777895937
2020-06-23 04:30:00,28.4325,36.62600737075312
2020-06-23 04:45:00,28.4325,36.48898443288153
2020-06-23 05:00:00,28.4325,36.59577934273195
2020-06-23 05:15:00,28.4325,36.99966642118353
2020-06-23 05:30:00,28.4325,36.74308169398007
2020-06-23 05:45:00,28.4325,36.946831252608376
2020-06-23 06:00:00,28.4325,36.56531783908566
2020-06-23 06:15:00,28.6525,36.93518555305014
2020-06-23 06:30:00,28.6525,36.65302851712833
2020-06-23 06:45:00,28.872,36.653906667947965
2020-06-23 07:00:00,28.872,36.04054250213828
2020-06-23 07:15:00,28.872,36.0273137587279
2020-06-23 07:30:00,28.872,36.16190086473759
2020-06-23 07:45:00,29.092,36.68831602620294
2020-06-23 08:00:00,29.3115,36.844073501989286
2020-06-23 08:15:00,29.531,37.2527259776728
2020-06-23 08:30:00,29.751,37.39086118775303
2020-06-23 08:45:00,29.971,37.89135534327205
2020-06-23 09:00:00,30.41,37.52669008358442
2020-06-23 09:15:00,30.8495,37.52387365297993
2020-06-23 09:30:00,31.289,37.814984810349564
2020-06-23 09:45:00,31.7285,37.5929519561568
2020-06-23 10:00:00,32.3875,37.71517888513581
2020-06-23 10:15:00,32.8275,38.69138325413248
2020-06-23 10:30:00,33.047,38.29417918103885
2020-06-23 10:45:00,33.486,38.49938055131183
2020-06-23 11:00:00,34.1455,38.03361108624465
2020-06-23 11:15:00,35.0245,37.810137488513426
2020-06-23 11:30:00,35.9035,37.929491731940274
2020-06-23 11:45:00,36.5625,37.8777993004621
2020-06-23 12:00:00,36.7825,38.1725552824159
2020-06-23 12:15:00,36.7825,38.64466018357062
2020-06-23 12:30:00,36.5625,38.91026504649622
2020-06-23 12:45:00,36.123,38.90541199089417
2020-06-23 13:00:00,36.123,38.638957222269056
2020-06-23 13:15:00,36.343,39.00138885312174
2020-06-23 13:30:00,36.782,39.35954915984734
2020-06-23 13:45:00,37.002,40.16318209583952
2020-06-23 14:00:00,37.4415,39.46465914072361
2020-06-23 14:15:00,37.881,40.28603308020953
2020-06-23 14:30:00,37.881,40.14991098913155
2020-06-23 14:45:00,37.881,39.97534380259026
2020-06-23 15:00:00,37.881,40.01430108873017
2020-06-23 15:15:00,37.4415,39.69888395616122
2020-06-23 15:30:00,37.2215,40.33134910832169
2020-06-23 15:45:00,37.002,41.2379562039007
2020-06-23 16:00:00,37.002,41.28796567896365
2020-06-23 16:15:00,36.782,40.846522253244785
2020-06-23 16:30:00,36.5625,40.92735987743792
2020-06-23 16:45:00,36.5625,41.01203120215714
2020-06-23 17:00:00,36.5625,41.97930434254026
2020-06-23 17:15:00,36.5625,42.46842770282407
2020-06-23 17:30:00,36.5625,41.55951976620558
2020-06-23 17:45:00,36.5625,41.91584313504992
2020-06-23 18:00:00,36.123,41.972869637497816
2020-06-23 18:15:00,35.903,41.263766109181795
2020-06-23 18:30:00,35.6835,41.77838570645975
2020-06-23 18:45:00,35.6835,41.47978676307552
2020-06-23 19:00:00,35.6835,41.370246377907236
2020-06-23 19:15:00,35.244,41.805164848933245
2020-06-23 19:30:00,34.8045,41.30919859240991
2020-06-23 19:45:00,34.8045,41.31008849611664
2020-06-23 20:00:00,34.3655,41.47658471953337
2020-06-23 20:15:00,34.3655,41.19161994707851
2020-06-23 20:30:00,34.3655,40.86796232910675
2020-06-23 20:45:00,34.1455,40.72745400110887
2020-06-23 21:00:00,33.9255,40.49631762131879
2020-06-23 21:15:00,33.706,40.65043021453342
2020-06-23 21:30:00,33.706,40.43974229180601
2020-06-23 21:45:00,33.706,40.67352596284408
2020-06-23 22:00:00,33.2665,40.358990847895164
2020-06-23 22:15:00,33.2665,39.87188944525749
2020-06-23 22:30:00,33.047,39.814503657351864
2020-06-23 22:45:00,33.047,39.57765848188584
2020-06-23 23:00:00,32.8275,39.26583161630422
2020-06-23 23:15:00,32.6075,39.60137580289986
2020-06-23 23:30:00,32.6075,39.14707136005269
2020-06-23 23:45:00,32.388,38.99663977054969
2020-06-24 00:00:00,32.168,39.11976548414548
2020-06-24 00:15:00,32.168,38.71960575039808
2020-06-24 00:30:00,32.168,38.31583835711148
2020-06-24 00:45:00,31.9485,38.30744001682445
2020-06-24 01:00:00,31.7285,38.26077014582996
2020-06-24 01:15:00,31.7285,37.83484601133687
2020-06-24 01:30:00,31.5085,37.41204363053624
2020-06-24 01:45:00,31.5085,37.4588839460132
2020-06-24 02:00:00,31.289,37.165586077486196
2020-06-24 02:15:00,31.289,36.909122620693545
2020-06-24 02:30:00,31.0695,36.9816541326532
2020-06-24 02:45:00,30.8495,37.112828073373635
2020-06-24 03:00:00,30.8495,36.78841562159386
2020-06-24 03:15:00,30.8495,36.86288561081946
2020-06-24 03:30:00,30.8495,36.31633048889103
2020-06-24 03:45:00,30.63,36.947702418306186
2020-06-24 04:00:00,30.41,36.96018312244981
2020-06-24 04:15:00,30.41,37.33101453985592
2020-06-24 04:30:00,30.41,37.028391014732776
2020-06-24 04:45:00,30.41,37.076923586736434
2020-06-24 05:00:00,30.19,36.540770139539035
2020-06-24 05:15:00,30.19,36.535077576191455
2020-06-24 05:30:00,29.9705,36.116908870690075
2020-06-24 05:45:00,29.9705,36.38379495376897
2020-06-24 06:00:00,29.9705,36.35529358466661
2020-06-24 06:15:00,29.9705,35.984556680766076
2020-06-24 06:30:00,30.1905,36.101906458317515
2020-06-24 06:45:00,30.1905,36.2156411725409
2020-06-24 07:00:00,30.6295,36.09052644422903
2020-06-24 07:15:00,30.8495,36.3852699244401
2020-06-24 07:30:00,31.0695,36.72744397692165
2020-06-24 07:45:00,31.7285,36.7873867924045
2020-06-24 08:00:00,32.388,36.881117849571964
2020-06-24 08:15:00,32.827,36.71536677226309
2020-06-24 08:30:00,33.4865,37.19617088653861
2020-06-24 08:45:00,33.926,37.23921123635365
2020-06-24 09:00:00,34.365,37.19562356581721
2020-06-24 09:15:00,35.024,36.83519495877891
2020-06-24 09:30:00,35.6835,36.807952650288456
2020-06-24 09:45:00,36.343,36.656715688548
2020-06-24 10:00:00,36.782,36.98022790171434
2020-06-24 10:15:00,37.222,36.78976766756247
2020-06-24 10:30:00,37.222,37.14964170446845
2020-06-24 10:45:00,38.54,37.35643991317628
2020-06-24 11:00:00,39.6385,37.47438386843666
2020-06-24 11:15:00,39.858,37.63133310160281
2020-06-24 11:30:00,39.858,37.910079038645456
2020-06-24 11:45:00,39.858,37.39481256583221
2020-06-24 12:00:00,39.858,38.28592465795801
2020-06-24 12:15:00,39.858,38.1098582535516
2020-06-24 12:30:00,40.5175,38.40369403722014
2020-06-24 12:45:00,40.298,38.36053063997068
2020-06-24 13:00:00,39.858,38.88641959908889
2020-06-24 13:15:00,39.199,39.073558745051095
2020-06-24 13:30:00,39.199,38.66514518529913
2020-06-24 13:45:00,38.76,39.203811419880296
2020-06-24 14:00:00,38.76,38.99581162265656
2020-06-24 14:15:00,38.54,39.064824875580726
2020-06-24 14:30:00,38.54,39.469920398564724
2020-06-24 14:45:00,38.54,38.934140194497985
2020-06-24 15:00:00,38.3205,39.22297765705093
2020-06-24 15:15:00,38.3205,39.41043135382814
2020-06-24 15:30:00,38.3205,39.02653929245375
2020-06-24 15:45:00,38.54,38.89539151752649
2020-06-24 16:00:00,38.54,38.683880922788155
2020-06-24 16:15:00,38.76,38.64532173338246
2020-06-24 16:30:00,38.9795,38.21785968213338
2020-06-24 16:45:00,38.9795,37.938559487772245
2020-06-24 17:00:00,38.7595,38.064843129112646
2020-06-24 17:15:00,38.54,37.853613314158366
2020-06-24 17:30:00,38.54,37.92971432424078
2020-06-24 17:45:00,38.101,38.70175960396478
2020-06-24 18:00:00,38.101,38.7748550191145
2020-06-24 18:15:00,38.101,38.94694842829892
2020-06-24 18:30:00,38.101,39.13856299810852
2020-06-24 18:45:00,37.661,39.38708110172653
2020-06-24 19:00:00,37.661,39.94372042998051
2020-06-24 19:15:00,37.222,39.95192551414019
2020-06-24 19:30:00,37.222,39.88761527058013
2020-06-24 19:45:00,36.782,39.82842801133716
2020-06-24 20:00:00,36.782,39.81131184521383
2020-06-24 20:15:00,36.782,39.56982865551579
2020-06-24 20:30:00,36.782,39.52805345579393
2020-06-24 20:45:00,36.343,39.673024428051704
2020-06-24 21:00:00,36.343,39.21705655810011
2020-06-24 21:15:00,36.123,39.11588661328274
2020-06-24 21:30:00,35.903,39.20408345075093
2020-06-24 21:45:00,35.903,38.951604420002234
2020-06-24 22:00:00,35.464,38.9188866210179
2020-06-24 22:15:00,35.464,38.07611183010336
2020-06-24 22:30:00,35.464,37.53849104960769
2020-06-24 22:45:00,35.464,37.47723058478788
2020-06-24 23:00:00,35.464,37.48043371369538
2020-06-24 23:15:00,35.464,37.405902165438405
2020-06-24 23:30:00,35.464,37.91558221852412
2020-06-24 23:45:00,35.464,37.316164297112074
2020-06-25 00:00:00,35.464,37.62811733494137
2020-06-25 00:15:00,35.464,38.38526896217656
2020-06-25 00:30:00,35.464,38.15086007161954
2020-06-25 00:45:00,35.464,38.42143998444151
2020-06-25 01:00:00,35.464,37.682445511759525
2020-06-25 01:15:00,35.464,37.57831528398737
2020-06-25 01:30:00,35.024,37.078000078849634
2020-06-25 01:45:00,35.024,37.041371705571116
2020-06-25 02:00:00,35.024,36.82072028561439
2020-06-25 02:15:00,35.024,36.763257153734195
2020-06-25 02:30:00,35.024,36.89780055938574
2020-06-25 02:45:00,35.024,36.40404418241564
2020-06-25 03:00:00,34.585,36.36131236502036
2020-06-25 03:15:00,34.585,36.08711010548471
2020-06-25 03:30:00,34.585,35.57562588483577
2020-06-25 03:45:00,34.365,35.61801319889716
2020-06-25 04:00:00,34.1455,36.06980013747282
2020-06-25 04:15:00,34.1455,36.01236767813951
2020-06-25 04:30:00,34.1455,35.75191001418654
2020-06-25 04:45:00,34.1455,35.68687617108599
2020-06-25 05:00:00,34.1455,36.244389862664725
2020-06-25 05:15:00,34.1455,36.53208335186669
2020-06-25 05:30:00,34.1455,36.255205468237854
2020-06-25 05:45:00,34.1455,36.23025755734135
2020-06-25 06:00:00,34.3655,36.789836181967345
2020-06-25 06:15:00,34.3655,36.93352029004317
2020-06-25 06:30:00,34.585,36.814113094045446
2020-06-25 06:45:00,34.8045,36.544757710520074
2020-06-25 07:00:00,35.024,36.75503865439604
2020-06-25 07:15:00,35.244,36.5515719939475
2020-06-25 07:30:00,35.464,36.61222831776252
2020-06-25 07:45:00,35.6835,36.91349338470258
2020-06-25 08:00:00,35.903,37.443083928478885
2020-06-25 08:15:00,36.5625,36.68029513776633
2020-06-25 08:30:00,36.7825,37.17418528340293
2020-06-25 08:45:00,37.2215,37.122780951747906
2020-06-25 09:00:00,38.1005,37.57167466425641
2020-06-25 09:15:00,38.76,37.81317895286573
2020-06-25 09:30:00,39.6385,38.07237703611327
2020-06-25 09:45:00,40.2975,37.791447160270444
2020-06-25 10:00:00,40.957,37.94247251958666
2020-06-25 10:15:00,42.0555,38.08080484734829
2020-06-25 10:30:00,43.3745,37.754081922333214
2020-06-25 10:45:00,44.2525,37.872900503730726
2020-06-25 11:00:00,44.4725,38.90391739338816
2020-06-25 11:15:00,45.3515,38.5977268536988
2020-06-25 11:30:00,46.011,39.06297599852993
2020-06-25 11:45:00,46.45,38.94316938852726
2020-06-25 12:00:00,46.4505,39.42214831258172
2020-06-25 12:15:00,46.89,39.64374177658271
2020-06-25 12:30:00,47.549,39.97361943262569
2020-06-25 12:45:00,47.9885,40.501051522327
2020-06-25 13:00:00,48.6475,40.61144688105089
2020-06-25 13:15:00,49.0865,40.189215395642144
2020-06-25 13:30:00,49.5265,40.237371420721395
2020-06-25 13:45:00,49.966,39.743722744258996
2020-06-25 14:00:00,50.625,40.01294692371832
2020-06-25 14:15:00,50.625,40.1499241421252
2020-06-25 14:30:00,50.8445,39.92301169350819
2020-06-25 14:45:00,50.8445,39.6301340839938
2020-06-25 15:00:00,50.625,40.025944294683605
2020-06-25 15:15:00,50.625,39.39909907426703
2020-06-25 15:30:00,50.625,39.34921900985264
2020-06-25 15:45:00,49.966,39.37606785977655
2020-06-25 16:00:00,49.746,39.34210886077052
2020-06-25 16:15:00,49.5265,39.145464813353904
2020-06-25 16:30:00,49.0865,38.98768905267232
2020-06-25 16:45:00,49.0865,39.04325694643939
2020-06-25 17:00:00,48.867,38.83396419995537
2020-06-25 17:15:00,48.647,37.97264121873209
2020-06-25 17:30:00,48.4275,38.710760188317764
2020-06-25 17:45:00,48.208,38.800736858090346
2020-06-25 18:00:00,47.9885,39.10937770809299
2020-06-25 18:15:00,47.549,38.98250277001081
2020-06-25 18:30:00,47.329,39.67771273762441
2020-06-25 18:45:00,46.89,39.708573330826866
2020-06-25 19:00:00,46.45,39.30689428518159
2020-06-25 19:15:00,46.011,39.62826212894111
2020-06-25 19:30:00,45.571,39.78287503252538
2020-06-25 19:45:00,45.132,39.813689908356125
2020-06-25 20:00:00,44.692,40.42516778109876
2020-06-25 20:15:00,44.4725,40.0076926807482
2020-06-25 20:30:00,44.033,40.111669738120014
2020-06-25 20:45:00,43.8135,39.87075753729036
2020-06-25 21:00:00,43.8135,39.714944522541856
2020-06-25 21:15:00,43.3495,39.736640007428065
2020-06-25 21:30:00,43.3495,39.58409561433585
2020-06-25 21:45:00,43.13,40.135931524555915
2020-06-25 22:00:00,42.9105,39.692013477655294
2020-06-25 22:15:00,42.9105,39.85802444010687
2020-06-25 22:30:00,42.6905,39.638232168669965
2020-06-25 22:45:00,42.4705,39.45146936794469
2020-06-25 23:00:00,42.4705,39.20958494180458
2020-06-25 23:15:00,42.4705,38.84966441728016
2020-06-25 23:30:00,42.251,38.3561625364862
2020-06-25 23:45:00,42.251,38.269785471758425
2020-06-26 00:00:00,42.251,38.306897719340675
2020-06-26 00:15:00,42.031,37.99771104295819
2020-06-26 00:30:00,41.8115,37.65368024004159
2020-06-26 00:45:00,41.8115,37.39115243745756
2020-06-26 01:00:00,41.8115,37.55546769293137
2020-06-26 01:15:00,41.372,37.31978259549966
2020-06-26 01:30:00,41.372,37.329553090140436
2020-06-26 01:45:00,41.372,36.9538383173739
2020-06-26 02:00:00,40.9325,36.72368039278426
2020-06-26 02:15:00,40.9325,36.96770028823463
2020-06-26 02:30:00,40.493,36.633983858635744
2020-06-26 02:45:00,40.493,36.64463072280145
2020-06-26 03:00:00,40.493,36.76011820938769
2020-06-26 03:15:00,40.2735,36.26161092831687
2020-06-26 03:30:00,40.2735,36.776405895902364
2020-06-26 03:45:00,40.0535,36.318273830155015
2020-06-26 04:00:00,40.0535,35.94662931314356
2020-06-26 04:15:00,40.0535,36.63174045938628
2020-06-26 04:30:00,39.834,36.036694473946376
2020-06-26 04:45:00,39.834,36.13471850936624
2020-06-26 05:00:00,39.6145,36.398492433885544
2020-06-26 05:15:00,39.6145,36.77272913747653
2020-06-26 05:30:00,39.6145,36.194103825908385
2020-06-26 05:45:00,39.6145,36.20690457023527
2020-06-26 06:00:00,39.6145,36.42760392239123
2020-06-26 06:15:00,39.6145,36.50908341721559
2020-06-26 06:30:00,39.6145,36.519075068969315
2020-06-26 06:45:00,39.6145,36.421095964853215
2020-06-26 07:00:00,39.6145,36.21260787524617
2020-06-26 07:15:00,40.0535,36.075055901365104
2020-06-26 07:30:00,40.0535,35.932737987859355
2020-06-26 07:45:00,40.7125,36.22384179838947
2020-06-26 08:00:00,41.1525,36.293606658163775
2020-06-26 08:15:00,41.372,35.7701975849216
2020-06-26 08:30:00,41.592,36.0210273619239
2020-06-26 08:45:00,42.031,36.07503548673764
2020-06-26 09:00:00,42.6905,36.161379858065274
2020-06-26 09:15:00,43.13,36.427899431213014
2020-06-26 09:30:00,43.5695,36.700472528690376
2020-06-26 09:45:00,44.2285,36.823855166558545
2020-06-26 10:00:00,44.448,37.43054546108588
2020-06-26 10:15:00,44.888,37.46287685801146
2020-06-26 10:30:00,45.547,37.454522406468
2020-06-26 10:45:00,46.206,37.6448515560387
2020-06-26 11:00:00,46.6455,37.68714826087796
2020-06-26 11:15:00,46.6455,37.931483578041544
2020-06-26 11:30:00,46.6455,37.654508519246306
2020-06-26 11:45:00,46.206,38.131043517745965
2020-06-26 12:00:00,45.9865,38.03747026388303
2020-06-26 12:15:00,46.206,37.90165598650925
2020-06-26 12:30:00,46.4255,38.21804223292326
2020-06-26 12:45:00,46.8655,38.0437546206744
2020-06-26 13:00:00,46.8655,38.158003490111106
2020-06-26 13:15:00,46.8655,38.58754441896375
2020-06-26 13:30:00,47.085,38.766679712606255
2020-06-26 13:45:00,47.085,38.766114763815956
2020-06-26 14:00:00,47.085,38.39770494620487
2020-06-26 14:15:00,47.085,38.7209843886916
2020-06-26 14:30:00,47.085,38.86297964177571
2020-06-26 14:45:00,47.085,38.796027159771384
2020-06-26 15:00:00,47.085,38.89448100491154
2020-06-26 15:15:00,47.7445,39.56341603518863
2020-06-26 15:30:00,47.964,39.60968174512652
2020-06-26 15:45:00,48.1835,39.23143110075219
2020-06-26 16:00:00,48.1835,38.94759649240072
2020-06-26 16:15:00,48.1835,39.60780078902429
2020-06-26 16:30:00,48.1835,39.31900129389119
2020-06-26 16:45:00,48.1835,39.02959997282736
2020-06-26 17:00:00,48.1835,38.97681203466968
2020-06-26 17:15:00,48.1835,39.23429713957987
2020-06-26 17:30:00,47.7445,38.871078987827154
2020-06-26 17:45:00,47.3045,38.68438213923313
2020-06-26 18:00:00,46.8655,38.95982316677849
2020-06-26 18:15:00,46.8655,38.94117450455585
2020-06-26 18:30:00,46.4255,38.884699956323054
2020-06-26 18:45:00,45.9865,38.72158475150168
2020-06-26 19:00:00,45.9865,39.352592463035286
2020-06-26 19:15:00,45.5465,38.76790063114753
2020-06-26 19:30:00,45.5465,38.92497543976706
2020-06-26 19:45:00,45.327,39.14086384136874
