timestamp,actual,predicted
2020-02-01 16:15:00,3.799,3.8142695
2020-02-01 16:30:00,3.517,4.3463883
2020-02-01 16:45:00,3.377,4.534874
2020-02-01 17:00:00,3.588,4.485051
2020-02-01 17:15:00,3.658,3.7319548
2020-02-01 17:30:00,3.517,4.1902676
2020-02-01 17:45:00,3.447,1.162353
2020-02-01 18:00:00,3.799,0.68659306
2020-02-01 18:15:00,3.799,0.114105225
2020-02-01 18:30:00,3.588,-0.5506296
2020-02-01 18:45:00,3.236,-0.8180828
2020-02-01 19:00:00,3.588,-0.91131496
2020-02-01 19:15:00,3.658,-0.90474415
2020-02-01 19:30:00,3.517,-1.1050916
2020-02-01 19:45:00,3.306,-1.1938415
2020-02-01 20:00:00,3.306,-1.0809193
2020-02-01 20:15:00,3.377,-1.0979595
2020-02-01 20:30:00,3.306,-0.66379166
2020-02-01 20:45:00,3.588,-0.50993633
2020-02-01 21:00:00,3.658,1.2494082
2020-02-01 21:15:00,4.221,1.9173155
2020-02-01 21:30:00,4.08,1.906363
2020-02-01 21:45:00,4.291,2.2549407
2020-02-01 22:00:00,4.291,2.3775392
2020-02-01 22:15:00,4.15,1.4233007
2020-02-01 22:30:00,4.15,1.3636308
2020-02-01 22:45:00,4.08,1.8499436
2020-02-01 23:00:00,3.939,1.6238999
2020-02-01 23:15:00,4.08,2.7077487
2020-02-01 23:30:00,3.939,3.4948912
2020-02-01 23:45:00,3.588,3.5872285
2020-02-02 00:00:00,3.799,4.01571
2020-02-02 00:15:00,3.799,3.3524818
2020-02-02 00:30:00,4.15,2.5815349
2020-02-02 00:45:00,4.08,3.1922045
2020-02-02 01:00:00,4.362,3.701942
2020-02-02 01:15:00,4.502,4.948181
2020-02-02 01:30:00,4.502,4.561425
2020-02-02 01:45:00,4.643,5.2869473
2020-02-02 02:00:00,4.643,4.7453227
2020-02-02 02:15:00,4.573,4.8864956
2020-02-02 02:30:00,4.432,5.4238863
2020-02-02 02:45:00,4.291,4.8029385
2020-02-02 03:00:00,4.221,4.5521708
2020-02-02 03:15:00,4.291,4.9755287
2020-02-02 03:30:00,4.362,5.305039
2020-02-02 03:45:00,4.291,4.377994
2020-02-02 04:00:00,4.08,4.595687
2020-02-02 04:15:00,3.869,5.211885
2020-02-02 04:30:00,3.939,5.535802
2020-02-02 04:45:00,3.799,4.4637938
2020-02-02 05:00:00,3.869,4.2025094
2020-02-02 05:15:00,4.01,4.733773
2020-02-02 05:30:00,4.08,4.564788
2020-02-02 05:45:00,4.15,4.5270834
2020-02-02 06:00:00,3.939,4.274146
2020-02-02 06:15:00,3.728,4.0679483
2020-02-02 06:30:00,3.939,3.2031627
2020-02-02 06:45:00,3.588,2.5164123
2020-02-02 07:00:00,3.728,2.8975787
2020-02-02 07:15:00,3.517,0.74409485
2020-02-02 07:30:00,3.728,-0.9077482
2020-02-02 07:45:00,3.588,0.06411171
2020-02-02 08:00:00,3.869,-1.1292157
2020-02-02 08:15:00,3.799,-2.1609688
2020-02-02 08:30:00,3.939,-1.7428708
2020-02-02 08:45:00,4.291,-0.4385209
2020-02-02 09:00:00,4.432,1.216516
2020-02-02 09:15:00,4.01,3.2134085
2020-02-02 09:30:00,3.728,3.0985665
2020-02-02 09:45:00,3.658,2.9988618
2020-02-02 10:00:00,3.377,2.473188
2020-02-02 10:15:00,3.236,2.5106413
2020-02-02 10:30:00,3.236,2.4286618
2020-02-02 10:45:00,3.799,2.8500915
2020-02-02 11:00:00,4.08,3.4408312
2020-02-02 11:15:00,3.447,3.3678336
2020-02-02 11:30:00,3.588,3.3250122
2020-02-02 11:45:00,3.588,4.0055995
2020-02-02 12:00:00,3.588,4.355466
2020-02-02 12:15:00,3.728,4.0125995
2020-02-02 12:30:00,3.236,3.6659415
2020-02-02 12:45:00,3.236,3.3543017
2020-02-02 13:00:00,3.447,3.1009438
2020-02-02 13:15:00,3.236,3.842515
2020-02-02 13:30:00,2.884,3.1696086
2020-02-02 13:45:00,3.095,3.7049286
2020-02-02 14:00:00,3.306,3.1868896
2020-02-02 14:15:00,3.166,3.0405908
2020-02-02 14:30:00,3.939,2.4833937
2020-02-02 14:45:00,3.728,2.9186625
2020-02-02 15:00:00,3.869,3.3254058
2020-02-02 15:15:00,3.588,3.899925
2020-02-02 15:30:00,3.799,3.7687154
2020-02-02 15:45:00,3.799,4.0720053
2020-02-02 16:00:00,3.306,3.6105745
2020-02-02 16:15:00,3.588,3.1407223
2020-02-02 16:30:00,3.377,3.5202875
2020-02-02 16:45:00,3.306,3.6840262
2020-02-02 17:00:00,3.517,3.639072
2020-02-02 17:15:00,3.306,4.115535
2020-02-02 17:30:00,3.236,4.3424196
2020-02-02 17:45:00,2.744,4.516204
2020-02-02 18:00:00,2.321,4.725119
2020-02-02 18:15:00,1.829,4.281725
2020-02-02 18:30:00,2.11,4.2653885
2020-02-02 18:45:00,1.829,3.954657
2020-02-02 19:00:00,2.04,3.0654197
2020-02-02 19:15:00,1.829,3.0638733
2020-02-02 19:30:00,1.97,2.772188
2020-02-02 19:45:00,1.899,2.4954681
2020-02-02 20:00:00,1.899,1.8432631
2020-02-02 20:15:00,2.11,1.6702261
2020-02-02 20:30:00,1.97,1.936317
2020-02-02 20:45:00,2.321,2.028936
2020-02-02 21:00:00,2.462,1.9642167
2020-02-02 21:15:00,2.181,1.8868582
2020-02-02 21:30:00,2.04,2.0452871
2020-02-02 21:45:00,2.04,1.8673842
2020-02-02 22:00:00,2.532,2.0914016
2020-02-02 22:15:00,2.673,2.177641
2020-02-02 22:30:00,2.11,3.8140914
2020-02-02 22:45:00,1.407,4.2509584
2020-02-02 23:00:00,2.04,4.192402
2020-02-02 23:15:00,2.11,3.837468
2020-02-02 23:30:00,1.899,4.3940506
2020-02-02 23:45:00,1.548,4.282295
2020-02-03 00:00:00,2.04,4.6699796
2020-02-03 00:15:00,1.829,4.485247
2020-02-03 00:30:00,2.11,4.2142854
2020-02-03 00:45:00,1.688,4.581789
2020-02-03 01:00:00,0.844,4.9184895
2020-02-03 01:15:00,0.0,4.7750444
2020-02-03 01:30:00,0.633,4.7675443
2020-02-03 01:45:00,0.844,5.0141287
2020-02-03 02:00:00,0.703,4.902982
2020-02-03 02:15:00,0.492,4.5819254
2020-02-03 02:30:00,0.0,4.4122715
2020-02-03 02:45:00,0.0,4.5343246
2020-02-03 03:00:00,0.703,4.205921
2020-02-03 03:15:00,1.266,4.1324334
2020-02-03 03:30:00,1.196,4.1100245
2020-02-03 03:45:00,1.196,4.397847
2020-02-03 04:00:00,1.337,4.11862
2020-02-03 04:15:00,1.337,3.905891
2020-02-03 04:30:00,1.196,3.261062
2020-02-03 04:45:00,0.774,3.03162
2020-02-03 05:00:00,0.774,3.0676928
2020-02-03 05:15:00,1.055,3.2486548
2020-02-03 05:30:00,0.844,3.17659
2020-02-03 05:45:00,0.563,2.996354
2020-02-03 06:00:00,0.0,3.1127877
2020-02-03 06:15:00,0.492,2.75197
2020-02-03 06:30:00,0.0,2.779889
2020-02-03 06:45:00,0.0,2.6895823
2020-02-03 07:00:00,0.0,2.3554869
2020-02-03 07:15:00,0.0,2.399271
2020-02-03 07:30:00,0.0,1.9296436
2020-02-03 07:45:00,0.0,1.4841456
2020-02-03 08:00:00,0.0,1.407651
2020-02-03 08:15:00,0.633,1.3980227
2020-02-03 08:30:00,0.915,1.6905904
2020-02-03 08:45:00,1.126,1.7197595
2020-02-03 09:00:00,0.774,2.5990095
2020-02-03 09:15:00,1.055,2.908444
2020-02-03 09:30:00,1.126,2.473671
2020-02-03 09:45:00,1.196,2.7201912
2020-02-03 10:00:00,1.407,2.7615738
2020-02-03 10:15:00,1.407,2.80542
2020-02-03 10:30:00,1.477,3.0005584
2020-02-03 10:45:00,1.548,3.4828546
2020-02-03 11:00:00,2.04,3.777652
2020-02-03 11:15:00,1.618,3.6812496
2020-02-03 11:30:00,1.055,4.0068274
2020-02-03 11:45:00,1.337,3.7914934
2020-02-03 12:00:00,1.266,3.8555055
2020-02-03 12:15:00,1.337,3.930796
2020-02-03 12:30:00,1.266,3.28547
2020-02-03 12:45:00,1.407,3.4890819
2020-02-03 13:00:00,1.97,3.6578557
2020-02-03 13:15:00,2.04,4.598529
2020-02-03 13:30:00,2.673,4.361478
2020-02-03 13:45:00,3.588,3.9904716
2020-02-03 14:00:00,3.447,4.031617
2020-02-03 14:15:00,3.728,3.9832091
2020-02-03 14:30:00,3.588,3.5530965
2020-02-03 14:45:00,3.588,4.2454767
2020-02-03 15:00:00,3.447,3.4864852
2020-02-03 15:15:00,3.377,4.4845624
2020-02-03 15:30:00,3.517,4.021575
2020-02-03 15:45:00,3.658,4.198913
2020-02-03 16:00:00,3.658,3.7111511
2020-02-03 16:15:00,3.095,3.6341748
2020-02-03 16:30:00,3.166,3.8096511
2020-02-03 16:45:00,3.025,4.072006
2020-02-03 17:00:00,3.236,3.5873077
2020-02-03 17:15:00,2.884,4.5365043
2020-02-03 17:30:00,2.814,4.212142
2020-02-03 17:45:00,2.814,4.506043
2020-02-03 18:00:00,2.462,3.742017
2020-02-03 18:15:00,2.181,4.395859
2020-02-03 18:30:00,2.462,3.978218
2020-02-03 18:45:00,2.392,3.900864
2020-02-03 19:00:00,2.392,3.6133604
2020-02-03 19:15:00,2.181,3.6119347
2020-02-03 19:30:00,2.11,3.7194839
2020-02-03 19:45:00,1.759,3.2526903
2020-02-03 20:00:00,1.688,3.222333
2020-02-03 20:15:00,1.618,3.4437551
2020-02-03 20:30:00,1.337,3.747344
2020-02-03 20:45:00,1.477,4.036604
2020-02-03 21:00:00,1.266,3.853951
2020-02-03 21:15:00,0.985,4.163993
2020-02-03 21:30:00,1.407,4.365157
2020-02-03 21:45:00,1.899,4.605323
2020-02-03 22:00:00,2.181,4.817851
2020-02-03 22:15:00,2.04,4.818693
2020-02-03 22:30:00,1.337,4.6147947
2020-02-03 22:45:00,0.844,5.083619
2020-02-03 23:00:00,0.774,5.043415
2020-02-03 23:15:00,0.915,4.99813
2020-02-03 23:30:00,1.337,4.8245955
2020-02-03 23:45:00,1.688,4.7981386
2020-02-04 00:00:00,1.899,4.7061906
2020-02-04 00:15:00,1.829,4.7608414
2020-02-04 00:30:00,1.829,3.485907
2020-02-04 00:45:00,1.759,5.6226077
2020-02-04 01:00:00,1.829,4.8963184
2020-02-04 01:15:00,2.04,5.2512856
2020-02-04 01:30:00,2.251,5.2923794
2020-02-04 01:45:00,2.462,4.9787173
2020-02-04 02:00:00,2.251,4.558569
2020-02-04 02:15:00,2.04,4.510592
2020-02-04 02:30:00,2.181,4.4398074
2020-02-04 02:45:00,2.181,4.7718086
2020-02-04 03:00:00,2.04,4.7702427
2020-02-04 03:15:00,2.181,4.20214
2020-02-04 03:30:00,2.251,4.771918
2020-02-04 03:45:00,2.11,3.9675725
2020-02-04 04:00:00,2.181,4.0683184
2020-02-04 04:15:00,2.04,4.9749002
2020-02-04 04:30:00,2.04,3.834613
2020-02-04 04:45:00,2.251,3.7107682
2020-02-04 05:00:00,2.392,4.208165
2020-02-04 05:15:00,2.181,4.015807
2020-02-04 05:30:00,2.04,3.9385335
2020-02-04 05:45:00,2.04,3.277384
2020-02-04 06:00:00,1.688,2.1596808
2020-02-04 06:15:00,1.899,2.7544565
2020-02-04 06:30:00,1.97,1.733192
2020-02-04 06:45:00,1.618,1.3843427
2020-02-04 07:00:00,1.548,1.5815506
2020-02-04 07:15:00,1.337,1.5317397
2020-02-04 07:30:00,1.266,0.6899152
2020-02-04 07:45:00,1.688,0.9935498
2020-02-04 08:00:00,1.899,1.0443773
2020-02-04 08:15:00,2.532,1.1715689
2020-02-04 08:30:00,2.392,1.0220261
2020-02-04 08:45:00,2.673,2.364408
2020-02-04 09:00:00,2.673,4.772052
2020-02-04 09:15:00,2.884,3.409287
2020-02-04 09:30:00,2.744,3.029526
2020-02-04 09:45:00,2.603,3.9194193
2020-02-04 10:00:00,2.884,4.40856
2020-02-04 10:15:00,3.166,4.4446936
2020-02-04 10:30:00,3.447,4.7923965
2020-02-04 10:45:00,3.517,5.239802
2020-02-04 11:00:00,3.799,5.294473
2020-02-04 11:15:00,3.306,5.410692
2020-02-04 11:30:00,3.588,5.387649
2020-02-04 11:45:00,3.588,5.4052324
2020-02-04 12:00:00,2.955,5.54357
2020-02-04 12:15:00,2.532,5.5147176
2020-02-04 12:30:00,2.603,5.4951053
2020-02-04 12:45:00,2.673,5.6262703
2020-02-04 13:00:00,3.377,5.6981754
2020-02-04 13:15:00,3.939,5.1584597
2020-02-04 13:30:00,4.08,5.427588
2020-02-04 13:45:00,4.573,5.428808
2020-02-04 14:00:00,4.432,5.307973
2020-02-04 14:15:00,4.643,5.6154943
2020-02-04 14:30:00,4.291,5.7083526
2020-02-04 14:45:00,4.573,5.429813
2020-02-04 15:00:00,3.869,5.398529
2020-02-04 15:15:00,4.15,5.489524
2020-02-04 15:30:00,4.15,5.96209
2020-02-04 15:45:00,4.291,5.336941
2020-02-04 16:00:00,4.15,5.7937255
2020-02-04 16:15:00,4.08,4.93134
2020-02-04 16:30:00,4.01,5.422616
2020-02-04 16:45:00,4.291,5.2723427
2020-02-04 17:00:00,4.15,4.773412
2020-02-04 17:15:00,3.939,4.5446978
2020-02-04 17:30:00,4.15,4.552596
2020-02-04 17:45:00,3.869,4.2400603
2020-02-04 18:00:00,3.236,4.3327737
2020-02-04 18:15:00,3.306,4.1962485
2020-02-04 18:30:00,3.306,4.158908
2020-02-04 18:45:00,3.025,4.0584936
2020-02-04 19:00:00,2.884,3.7500246
2020-02-04 19:15:00,2.884,3.4236197
2020-02-04 19:30:00,2.532,3.1582832
2020-02-04 19:45:00,2.532,2.9853435
2020-02-04 20:00:00,2.462,2.9737113
2020-02-04 20:15:00,2.251,3.1699412
2020-02-04 20:30:00,2.462,3.1602497
2020-02-04 20:45:00,2.744,3.0899873
2020-02-04 21:00:00,3.447,3.0986538
2020-02-04 21:15:00,3.799,3.2659163
2020-02-04 21:30:00,3.728,3.5081472
2020-02-04 21:45:00,4.01,3.2430468
2020-02-04 22:00:00,4.08,3.1418014
2020-02-04 22:15:00,4.15,3.6070466
2020-02-04 22:30:00,3.799,3.788715
2020-02-04 22:45:00,3.939,4.1291027
2020-02-04 23:00:00,3.588,3.9687934
2020-02-04 23:15:00,4.15,3.772644
2020-02-04 23:30:00,3.939,4.1491947
2020-02-04 23:45:00,3.869,4.0933647
2020-02-05 00:00:00,4.291,4.10935
2020-02-05 00:15:00,3.658,4.3556194
2020-02-05 00:30:00,3.095,3.5512972
2020-02-05 00:45:00,3.236,3.9362853
2020-02-05 01:00:00,3.799,3.3944497
2020-02-05 01:15:00,3.447,3.1025252
2020-02-05 01:30:00,3.447,3.256806
2020-02-05 01:45:00,3.447,3.1145873
2020-02-05 02:00:00,3.166,3.399069
2020-02-05 02:15:00,3.588,3.2277284
2020-02-05 02:30:00,3.869,3.6002204
2020-02-05 02:45:00,3.728,3.8331854
2020-02-05 03:00:00,4.08,3.5149512
2020-02-05 03:15:00,4.08,3.8499813
2020-02-05 03:30:00,3.658,3.640614
2020-02-05 03:45:00,3.447,3.9198334
2020-02-05 04:00:00,3.095,3.65471
2020-02-05 04:15:00,3.447,3.436807
2020-02-05 04:30:00,3.658,3.8669252
2020-02-05 04:45:00,3.517,3.8061714
2020-02-05 05:00:00,3.588,3.9045177
2020-02-05 05:15:00,3.095,3.863764
2020-02-05 05:30:00,3.095,3.9122324
2020-02-05 05:45:00,2.884,3.7114878
2020-02-05 06:00:00,2.884,3.5944104
2020-02-05 06:15:00,2.955,2.8875198
2020-02-05 06:30:00,3.095,2.9665766
2020-02-05 06:45:00,3.095,3.1391509
2020-02-05 07:00:00,3.025,2.5188246
2020-02-05 07:15:00,3.236,1.9541893
2020-02-05 07:30:00,3.517,1.9270725
2020-02-05 07:45:00,3.799,0.9907932
2020-02-05 08:00:00,3.588,0.37981224
2020-02-05 08:15:00,3.728,1.3881664
2020-02-05 08:30:00,3.799,1.0989819
2020-02-05 08:45:00,3.799,3.1681428
2020-02-05 09:00:00,3.447,3.2908874
2020-02-05 09:15:00,3.799,3.8426886
2020-02-05 09:30:00,3.658,3.459074
2020-02-05 09:45:00,3.166,3.7727618
2020-02-05 10:00:00,2.884,4.243581
2020-02-05 10:15:00,2.955,5.04848
2020-02-05 10:30:00,2.744,5.424945
2020-02-05 10:45:00,3.517,5.5727577
2020-02-05 11:00:00,3.869,5.7604737
2020-02-05 11:15:00,3.095,5.7746954
2020-02-05 11:30:00,2.884,5.808434
2020-02-05 11:45:00,3.025,5.8549366
2020-02-05 12:00:00,2.884,5.8965077
2020-02-05 12:15:00,2.955,6.0737076
2020-02-05 12:30:00,2.814,6.3024464
2020-02-05 12:45:00,2.955,6.1351404
2020-02-05 13:00:00,3.306,6.1490874
2020-02-05 13:15:00,4.08,6.1834884
2020-02-05 13:30:00,4.362,6.1031904
2020-02-05 13:45:00,4.643,5.9878216
2020-02-05 14:00:00,4.502,5.929257
2020-02-05 14:15:00,4.502,5.9517865
2020-02-05 14:30:00,4.502,5.9695044
2020-02-05 14:45:00,4.573,5.891564
2020-02-05 15:00:00,4.01,5.772913
2020-02-05 15:15:00,3.869,5.72883
2020-02-05 15:30:00,4.432,5.6174817
2020-02-05 15:45:00,4.362,5.5764794
2020-02-05 16:00:00,4.08,5.5817423
2020-02-05 16:15:00,4.432,5.578587
2020-02-05 16:30:00,4.291,5.4841514
2020-02-05 16:45:00,4.995,5.7609367
2020-02-05 17:00:00,5.206,5.872533
2020-02-05 17:15:00,4.995,6.03005
2020-02-05 17:30:00,5.135,4.546498
2020-02-05 17:45:00,4.432,4.629069
2020-02-05 18:00:00,4.291,3.8249068
2020-02-05 18:15:00,4.08,3.4529424
2020-02-05 18:30:00,4.08,3.2098346
2020-02-05 18:45:00,4.01,3.330534
2020-02-05 19:00:00,4.291,3.0667336
2020-02-05 19:15:00,3.869,2.572809
2020-02-05 19:30:00,3.869,1.8724275
2020-02-05 19:45:00,3.799,1.7407718
2020-02-05 20:00:00,3.939,1.7396736
2020-02-05 20:15:00,3.728,1.7459927
2020-02-05 20:30:00,4.01,1.9381561
2020-02-05 20:45:00,4.291,1.9309525
2020-02-05 21:00:00,4.221,2.072769
2020-02-05 21:15:00,3.799,2.0684292
2020-02-05 21:30:00,4.08,2.1462412
2020-02-05 21:45:00,4.01,1.9563432
2020-02-05 22:00:00,4.291,2.4386773
2020-02-05 22:15:00,4.362,1.7540069
2020-02-05 22:30:00,4.01,2.6942544
2020-02-05 22:45:00,3.728,3.005359
2020-02-05 23:00:00,3.799,3.0975652
2020-02-05 23:15:00,4.01,3.2974687
2020-02-05 23:30:00,4.08,3.4307666
2020-02-05 23:45:00,4.08,3.525679
2020-02-06 00:00:00,3.939,3.7720425
2020-02-06 00:15:00,4.15,3.8870444
2020-02-06 00:30:00,4.15,2.8947206
2020-02-06 00:45:00,4.15,2.306504
2020-02-06 01:00:00,4.221,2.325176
2020-02-06 01:15:00,4.15,1.4880991
2020-02-06 01:30:00,4.01,1.4893494
2020-02-06 01:45:00,4.221,1.1381655
2020-02-06 02:00:00,3.799,1.0413465
2020-02-06 02:15:00,3.869,1.1058936
2020-02-06 02:30:00,4.01,1.4790645
2020-02-06 02:45:00,3.799,1.9576573
2020-02-06 03:00:00,3.517,1.328517
2020-02-06 03:15:00,3.728,0.9089761
2020-02-06 03:30:00,3.728,1.0697241
2020-02-06 03:45:00,3.447,1.2956276
2020-02-06 04:00:00,4.291,1.2646713
2020-02-06 04:15:00,4.01,1.248107
2020-02-06 04:30:00,4.01,1.0448408
2020-02-06 04:45:00,3.799,1.239017
2020-02-06 05:00:00,4.01,1.2052574
2020-02-06 05:15:00,3.799,1.0949087
2020-02-06 05:30:00,3.939,1.019206
2020-02-06 05:45:00,4.15,1.1586556
2020-02-06 06:00:00,4.01,1.1046524
2020-02-06 06:15:00,3.588,1.0921645
2020-02-06 06:30:00,3.447,1.0448422
2020-02-06 06:45:00,2.673,1.0955267
2020-02-06 07:00:00,1.548,0.7096095
2020-02-06 07:15:00,1.266,1.033288
2020-02-06 07:30:00,1.126,0.7195387
2020-02-06 07:45:00,1.196,0.5530176
2020-02-06 08:00:00,1.196,0.30186462
2020-02-06 08:15:00,1.266,0.0457325
2020-02-06 08:30:00,1.407,-0.32383013
2020-02-06 08:45:00,1.196,0.6290369
2020-02-06 09:00:00,1.126,1.0626774
2020-02-06 09:15:00,1.055,3.0270607
2020-02-06 09:30:00,1.337,3.818566
2020-02-06 09:45:00,1.266,3.8457508
2020-02-06 10:00:00,1.477,4.013984
2020-02-06 10:15:00,1.829,5.3434205
2020-02-06 10:30:00,1.759,5.992703
2020-02-06 10:45:00,1.618,5.553058
2020-02-06 11:00:00,1.688,5.953951
2020-02-06 11:15:00,1.688,5.446866
2020-02-06 11:30:00,1.759,5.42756
2020-02-06 11:45:00,1.688,5.3446684
2020-02-06 12:00:00,1.759,5.4529576
2020-02-06 12:15:00,2.181,5.991726
2020-02-06 12:30:00,2.392,6.455782
2020-02-06 12:45:00,2.462,6.0865946
2020-02-06 13:00:00,2.462,6.363398
2020-02-06 13:15:00,3.447,6.243679
2020-02-06 13:30:00,4.291,6.168115
2020-02-06 13:45:00,4.291,5.9237494
2020-02-06 14:00:00,4.502,5.7913246
2020-02-06 14:15:00,4.15,5.705217
2020-02-06 14:30:00,4.291,5.7507434
2020-02-06 14:45:00,4.15,5.7418237
2020-02-06 15:00:00,3.799,5.528676
2020-02-06 15:15:00,3.517,5.5886993
2020-02-06 15:30:00,3.447,5.692489
2020-02-06 15:45:00,2.814,5.654215
2020-02-06 16:00:00,2.673,6.199367
2020-02-06 16:15:00,2.603,8.975225
2020-02-06 16:30:00,2.532,9.23335
2020-02-06 16:45:00,2.603,7.5022993
2020-02-06 17:00:00,2.673,7.4782352
2020-02-06 17:15:00,2.955,4.2563963
2020-02-06 17:30:00,2.884,3.114615
2020-02-06 17:45:00,2.603,0.77185345
2020-02-06 18:00:00,2.603,0.63024235
2020-02-06 18:15:00,2.603,0.1623168
2020-02-06 18:30:00,2.673,0.13317347
2020-02-06 18:45:00,2.603,0.19303179
2020-02-06 19:00:00,2.251,-0.11079693
2020-02-06 19:15:00,2.181,-0.25962925
2020-02-06 19:30:00,2.462,-0.22177553
2020-02-06 19:45:00,2.532,-0.0959177
2020-02-06 20:00:00,2.181,-0.13722086
2020-02-06 20:15:00,2.251,0.09977627
2020-02-06 20:30:00,2.532,0.26541328
2020-02-06 20:45:00,2.603,0.45807076
2020-02-06 21:00:00,2.532,0.5458679
2020-02-06 21:15:00,2.744,0.6154103
2020-02-06 21:30:00,2.532,0.6639085
2020-02-06 21:45:00,2.532,0.8085947
2020-02-06 22:00:00,2.603,0.8410511
2020-02-06 22:15:00,2.532,0.45329523
2020-02-06 22:30:00,2.392,0.6359396
2020-02-06 22:45:00,2.321,0.820271
2020-02-06 23:00:00,2.251,0.7755308
2020-02-06 23:15:00,2.181,0.98601913
2020-02-06 23:30:00,2.321,1.5128603
2020-02-06 23:45:00,2.11,1.1792684
2020-02-07 00:00:00,1.829,2.1262765
2020-02-07 00:15:00,2.11,2.412012
2020-02-07 00:30:00,2.11,1.4127951
2020-02-07 00:45:00,2.04,1.2199101
2020-02-07 01:00:00,2.04,2.892537
2020-02-07 01:15:00,1.829,0.8176546
2020-02-07 01:30:00,1.899,0.78159237
2020-02-07 01:45:00,2.181,1.0898523
2020-02-07 02:00:00,1.97,0.6993809
2020-02-07 02:15:00,1.899,0.86742115
2020-02-07 02:30:00,1.829,0.84324074
2020-02-07 02:45:00,2.181,0.71176815
2020-02-07 03:00:00,2.462,0.90444994
2020-02-07 03:15:00,2.11,0.6820755
2020-02-07 03:30:00,1.97,0.87099123
2020-02-07 03:45:00,2.04,0.6559324
2020-02-07 04:00:00,2.251,0.49118614
2020-02-07 04:15:00,2.532,0.71580267
2020-02-07 04:30:00,2.321,0.64614296
2020-02-07 04:45:00,2.181,0.5621433
2020-02-07 05:00:00,2.321,0.30535698
2020-02-07 05:15:00,2.181,0.32903004
2020-02-07 05:30:00,2.11,0.36321735
2020-02-07 05:45:00,2.251,0.555882
2020-02-07 06:00:00,2.462,0.51263714
2020-02-07 06:15:00,2.532,0.45358276
2020-02-07 06:30:00,2.814,0.72172356
2020-02-07 06:45:00,2.744,1.0664263
2020-02-07 07:00:00,2.603,1.2214575
2020-02-07 07:15:00,2.884,1.0258384
2020-02-07 07:30:00,2.673,0.9517851
2020-02-07 07:45:00,2.744,0.8423395
2020-02-07 08:00:00,2.884,0.8536854
2020-02-07 08:15:00,3.166,0.66429424
2020-02-07 08:30:00,3.236,0.67151356
2020-02-07 08:45:00,3.588,0.5589471
2020-02-07 09:00:00,3.588,0.55605793
2020-02-07 09:15:00,3.166,2.7853718
2020-02-07 09:30:00,3.658,3.7843342
2020-02-07 09:45:00,3.869,8.198808
2020-02-07 10:00:00,4.15,9.848743
2020-02-07 10:15:00,4.643,10.849287
2020-02-07 10:30:00,4.643,6.4212065
2020-02-07 10:45:00,4.291,10.043518
2020-02-07 11:00:00,4.502,5.9709797
2020-02-07 11:15:00,4.784,9.460627
2020-02-07 11:30:00,4.573,7.0214972
2020-02-07 11:45:00,3.939,6.4680033
2020-02-07 12:00:00,4.01,9.105546
2020-02-07 12:15:00,3.869,10.202932
2020-02-07 12:30:00,4.362,11.243827
2020-02-07 12:45:00,4.362,11.584282
2020-02-07 13:00:00,4.291,7.054954
2020-02-07 13:15:00,4.362,9.456683
2020-02-07 13:30:00,4.643,10.547256
2020-02-07 13:45:00,4.713,8.416353
2020-02-07 14:00:00,4.573,9.198556
2020-02-07 14:15:00,4.643,9.673313
2020-02-07 14:30:00,4.854,11.354596
2020-02-07 14:45:00,4.643,10.85971
2020-02-07 15:00:00,4.924,8.754379
2020-02-07 15:15:00,4.643,12.108371
2020-02-07 15:30:00,4.924,10.939783
2020-02-07 15:45:00,4.643,10.316843
2020-02-07 16:00:00,4.643,12.121348
2020-02-07 16:15:00,4.713,12.35071
2020-02-07 16:30:00,4.784,12.211154
2020-02-07 16:45:00,4.784,9.884078
2020-02-07 17:00:00,5.065,7.2238026
2020-02-07 17:15:00,5.206,6.7919426
2020-02-07 17:30:00,5.065,4.542474
2020-02-07 17:45:00,4.995,5.1783214
2020-02-07 18:00:00,4.995,4.069665
2020-02-07 18:15:00,5.206,4.047658
2020-02-07 18:30:00,4.854,3.0648355
2020-02-07 18:45:00,4.924,2.6074786
2020-02-07 19:00:00,5.135,1.7657804
2020-02-07 19:15:00,5.417,1.656498
2020-02-07 19:30:00,4.995,1.3575463
2020-02-07 19:45:00,5.065,0.89770985
2020-02-07 20:00:00,5.135,0.4492159
2020-02-07 20:15:00,4.995,0.41883183
2020-02-07 20:30:00,4.995,0.5523515
2020-02-07 20:45:00,4.854,0.7401247
2020-02-07 21:00:00,4.643,0.80162907
2020-02-07 21:15:00,4.854,0.8747854
2020-02-07 21:30:00,4.573,0.9317503
2020-02-07 21:45:00,4.573,1.2198486
2020-02-07 22:00:00,4.643,1.1154852
2020-02-07 22:15:00,4.502,0.64451885
2020-02-07 22:30:00,4.573,0.81489134
2020-02-07 22:45:00,3.728,0.73724174
2020-02-07 23:00:00,3.588,0.8944111
2020-02-07 23:15:00,3.236,1.0769696
2020-02-07 23:30:00,2.744,1.3503246
2020-02-07 23:45:00,2.321,1.3822689
2020-02-08 00:00:00,1.899,1.5307412
2020-02-08 00:15:00,1.899,1.5500584
2020-02-08 00:30:00,1.688,1.090208
2020-02-08 00:45:00,1.688,0.77243805
2020-02-08 01:00:00,2.11,4.7826624
2020-02-08 01:15:00,2.884,4.909105
2020-02-08 01:30:00,3.166,5.1710167
2020-02-08 01:45:00,3.447,5.4265513
2020-02-08 02:00:00,4.15,5.0347776
2020-02-08 02:15:00,4.01,5.8731194
2020-02-08 02:30:00,4.15,5.8285904
2020-02-08 02:45:00,3.658,5.682542
2020-02-08 03:00:00,4.221,5.609681
2020-02-08 03:15:00,3.658,4.5720186
2020-02-08 03:30:00,3.517,4.7187133
2020-02-08 03:45:00,3.869,6.120652
2020-02-08 04:00:00,3.728,4.502759
2020-02-08 04:15:00,4.08,4.234125
2020-02-08 04:30:00,3.658,4.486065
2020-02-08 04:45:00,3.728,4.2430544
2020-02-08 05:00:00,3.588,4.2436633
2020-02-08 05:15:00,3.588,5.546945
2020-02-08 05:30:00,3.658,4.774995
2020-02-08 05:45:00,3.588,4.82741
2020-02-08 06:00:00,3.728,4.806444
2020-02-08 06:15:00,3.517,4.7708497
2020-02-08 06:30:00,2.955,4.524107
2020-02-08 06:45:00,2.955,4.540541
2020-02-08 07:00:00,3.166,4.673282
2020-02-08 07:15:00,3.588,3.774236
2020-02-08 07:30:00,3.447,3.6237345
2020-02-08 07:45:00,3.166,3.6654835
2020-02-08 08:00:00,3.025,2.8211727
2020-02-08 08:15:00,2.744,2.29582
2020-02-08 08:30:00,2.321,1.0010839
2020-02-08 08:45:00,2.11,0.93364763
2020-02-08 09:00:00,2.181,1.7552838
2020-02-08 09:15:00,2.181,2.4333723
2020-02-08 09:30:00,2.462,8.0895815
2020-02-08 09:45:00,2.462,9.526375
2020-02-08 10:00:00,2.532,10.010729
2020-02-08 10:15:00,2.532,9.913481
2020-02-08 10:30:00,2.814,10.234431
2020-02-08 10:45:00,3.166,10.008274
2020-02-08 11:00:00,2.884,9.911604
2020-02-08 11:15:00,3.236,10.5493355
2020-02-08 11:30:00,3.166,10.861054
2020-02-08 11:45:00,3.236,10.867072
2020-02-08 12:00:00,3.025,10.73148
2020-02-08 12:15:00,2.884,10.972459
2020-02-08 12:30:00,3.025,11.3466835
2020-02-08 12:45:00,3.025,11.112668
2020-02-08 13:00:00,2.884,10.67263
2020-02-08 13:15:00,3.095,7.954986
2020-02-08 13:30:00,3.799,5.8689337
2020-02-08 13:45:00,3.658,5.805302
2020-02-08 14:00:00,3.939,5.80537
2020-02-08 14:15:00,4.08,5.8689394
2020-02-08 14:30:00,4.08,5.604632
2020-02-08 14:45:00,3.939,5.9795794
2020-02-08 15:00:00,3.588,5.708474
2020-02-08 15:15:00,3.517,5.2894244
2020-02-08 15:30:00,3.447,5.48755
2020-02-08 15:45:00,3.306,6.1550655
2020-02-08 16:00:00,3.447,9.241167
2020-02-08 16:15:00,3.517,11.94769
2020-02-08 16:30:00,3.588,12.000501
2020-02-08 16:45:00,3.377,11.854129
2020-02-08 17:00:00,3.869,11.277716
2020-02-08 17:15:00,3.588,10.500601
2020-02-08 17:30:00,3.658,10.117353
2020-02-08 17:45:00,3.588,9.644105
2020-02-08 18:00:00,3.377,9.195549
2020-02-08 18:15:00,3.095,8.780631
2020-02-08 18:30:00,3.025,7.8855696
2020-02-08 18:45:00,2.884,6.1147923
2020-02-08 19:00:00,2.814,5.5568366
2020-02-08 19:15:00,2.532,5.1069746
2020-02-08 19:30:00,2.532,4.931656
2020-02-08 19:45:00,2.673,4.1600146
2020-02-08 20:00:00,2.744,3.331317
2020-02-08 20:15:00,2.884,2.638443
2020-02-08 20:30:00,2.814,1.6571522
2020-02-08 20:45:00,2.884,1.0803137
2020-02-08 21:00:00,2.884,1.7143993
2020-02-08 21:15:00,2.884,0.4824996
2020-02-08 21:30:00,2.884,0.020477772
2020-02-08 21:45:00,2.673,0.16166782
2020-02-08 22:00:00,2.814,0.586648
2020-02-08 22:15:00,2.673,1.0126295
2020-02-08 22:30:00,2.744,1.1191502
2020-02-08 22:45:00,2.744,1.7325587
2020-02-08 23:00:00,2.603,3.6796162
2020-02-08 23:15:00,2.532,3.3331885
2020-02-08 23:30:00,2.744,3.8888092
2020-02-08 23:45:00,2.814,3.7760472
2020-02-09 00:00:00,2.814,4.3758926
2020-02-09 00:15:00,2.884,5.2897987
2020-02-09 00:30:00,2.744,5.5986624
2020-02-09 00:45:00,2.955,7.217872
2020-02-09 01:00:00,2.603,8.351621
2020-02-09 01:15:00,2.532,7.9364367
2020-02-09 01:30:00,2.673,7.634969
2020-02-09 01:45:00,2.814,6.7739177
2020-02-09 02:00:00,2.955,8.410485
2020-02-09 02:15:00,2.744,7.9511843
2020-02-09 02:30:00,2.814,7.034215
2020-02-09 02:45:00,2.884,7.526581
2020-02-09 03:00:00,2.884,6.7126074
2020-02-09 03:15:00,3.236,7.1115127
2020-02-09 03:30:00,3.025,7.074021
2020-02-09 03:45:00,3.095,6.852336
2020-02-09 04:00:00,3.377,6.90061
2020-02-09 04:15:00,3.517,7.206443
2020-02-09 04:30:00,3.095,7.2717743
2020-02-09 04:45:00,3.306,6.7149906
2020-02-09 05:00:00,3.306,7.225775
2020-02-09 05:15:00,3.095,6.7582984
2020-02-09 05:30:00,3.166,6.733131
2020-02-09 05:45:00,3.095,6.8439775
2020-02-09 06:00:00,3.306,6.3808203
2020-02-09 06:15:00,3.236,6.490905
2020-02-09 06:30:00,3.236,6.1266413
2020-02-09 06:45:00,3.377,6.919535
2020-02-09 07:00:00,3.306,6.5116744
2020-02-09 07:15:00,3.166,5.7897243
2020-02-09 07:30:00,2.955,5.70445
2020-02-09 07:45:00,2.955,4.8417344
2020-02-09 08:00:00,3.377,4.423293
2020-02-09 08:15:00,3.447,5.7268834
2020-02-09 08:30:00,3.166,5.3467126
2020-02-09 08:45:00,3.377,4.795089
2020-02-09 09:00:00,3.588,5.2214723
2020-02-09 09:15:00,3.799,4.8599725
2020-02-09 09:30:00,3.728,5.113598
2020-02-09 09:45:00,3.447,4.713545
2020-02-09 10:00:00,3.728,4.603015
2020-02-09 10:15:00,4.01,6.6131444
2020-02-09 10:30:00,4.362,7.45371
2020-02-09 10:45:00,4.291,7.0836964
2020-02-09 11:00:00,4.643,8.00069
2020-02-09 11:15:00,4.713,8.00821
2020-02-09 11:30:00,5.206,7.9719353
2020-02-09 11:45:00,5.276,8.713805
2020-02-09 12:00:00,5.698,9.392313
2020-02-09 12:15:00,5.698,9.603369
2020-02-09 12:30:00,5.557,9.437818
2020-02-09 12:45:00,5.698,9.304935
2020-02-09 13:00:00,5.487,8.3731785
2020-02-09 13:15:00,5.909,8.490013
2020-02-09 13:30:00,6.261,8.250882
2020-02-09 13:45:00,5.909,9.325674
2020-02-09 14:00:00,5.768,9.472406
2020-02-09 14:15:00,5.417,9.790497
2020-02-09 14:30:00,5.628,11.184792
2020-02-09 14:45:00,5.698,11.241542
2020-02-09 15:00:00,5.768,10.773785
2020-02-09 15:15:00,4.995,10.172345
2020-02-09 15:30:00,5.206,9.817691
2020-02-09 15:45:00,5.698,10.145532
2020-02-09 16:00:00,5.768,9.686112
2020-02-09 16:15:00,5.768,8.993456
2020-02-09 16:30:00,6.261,8.738889
2020-02-09 16:45:00,6.261,8.583072
2020-02-09 17:00:00,5.768,9.053339
2020-02-09 17:15:00,5.557,8.662088
2020-02-09 17:30:00,5.417,9.906454
2020-02-09 17:45:00,5.839,9.776993
2020-02-09 18:00:00,5.628,9.758167
2020-02-09 18:15:00,5.698,10.274442
2020-02-09 18:30:00,5.698,10.04812
2020-02-09 18:45:00,5.557,9.600275
2020-02-09 19:00:00,5.346,9.100688
2020-02-09 19:15:00,5.487,8.481928
2020-02-09 19:30:00,5.698,7.946168
2020-02-09 19:45:00,5.839,7.687577
2020-02-09 20:00:00,5.839,7.0788345
2020-02-09 20:15:00,5.839,6.584619
2020-02-09 20:30:00,5.979,6.3458977
2020-02-09 20:45:00,5.628,6.29002
2020-02-09 21:00:00,5.698,6.1419125
2020-02-09 21:15:00,5.628,6.317024
2020-02-09 21:30:00,5.487,6.7533426
2020-02-09 21:45:00,5.557,7.2749543
2020-02-09 22:00:00,5.417,6.813075
2020-02-09 22:15:00,5.698,6.989987
2020-02-09 22:30:00,5.487,7.3450527
2020-02-09 22:45:00,5.557,7.622411
2020-02-09 23:00:00,5.768,7.678271
2020-02-09 23:15:00,5.979,7.267594
2020-02-09 23:30:00,5.487,7.5914273
2020-02-09 23:45:00,6.05,6.9239593
2020-02-10 00:00:00,5.839,6.782529
2020-02-10 00:15:00,6.05,6.725208
2020-02-10 00:30:00,5.979,6.884578
2020-02-10 00:45:00,5.979,6.786253
2020-02-10 01:00:00,5.909,6.983039
2020-02-10 01:15:00,5.979,7.450096
2020-02-10 01:30:00,6.05,7.7286787
2020-02-10 01:45:00,5.909,7.1406116
2020-02-10 02:00:00,6.191,7.796543
2020-02-10 02:15:00,6.05,8.405688
2020-02-10 02:30:00,5.698,8.870317
2020-02-10 02:45:00,5.768,8.434129
2020-02-10 03:00:00,5.698,8.4522505
2020-02-10 03:15:00,5.979,7.683372
2020-02-10 03:30:00,5.979,8.134174
2020-02-10 03:45:00,5.487,6.9165077
2020-02-10 04:00:00,4.713,7.920002
2020-02-10 04:15:00,4.713,7.0921345
2020-02-10 04:30:00,4.643,7.0435724
2020-02-10 04:45:00,4.995,6.844355
2020-02-10 05:00:00,4.643,6.9742527
2020-02-10 05:15:00,3.799,7.0714245
2020-02-10 05:30:00,2.673,7.0132856
2020-02-10 05:45:00,2.744,6.940366
2020-02-10 06:00:00,3.095,6.7483754
2020-02-10 06:15:00,2.884,6.9085045
2020-02-10 06:30:00,2.532,6.8870945
2020-02-10 06:45:00,2.462,6.813365
2020-02-10 07:00:00,2.814,7.254532
2020-02-10 07:15:00,2.884,7.3767204
2020-02-10 07:30:00,2.884,7.5711584
2020-02-10 07:45:00,3.236,6.9823017
2020-02-10 08:00:00,3.447,6.8787436
2020-02-10 08:15:00,3.236,6.3436246
2020-02-10 08:30:00,2.884,5.161736
2020-02-10 08:45:00,2.955,4.4765263
2020-02-10 09:00:00,2.321,4.430764
2020-02-10 09:15:00,2.392,5.241883
2020-02-10 09:30:00,2.532,3.360302
2020-02-10 09:45:00,2.321,4.684573
2020-02-10 10:00:00,1.899,7.5826907
2020-02-10 10:15:00,1.759,7.3557825
2020-02-10 10:30:00,2.251,6.98774
2020-02-10 10:45:00,2.251,7.4135756
2020-02-10 11:00:00,2.251,7.7551723
2020-02-10 11:15:00,2.814,7.3691125
2020-02-10 11:30:00,2.744,7.8206863
2020-02-10 11:45:00,3.306,7.5636463
2020-02-10 12:00:00,3.025,8.481633
2020-02-10 12:15:00,2.884,8.669142
2020-02-10 12:30:00,3.095,9.265105
2020-02-10 12:45:00,3.166,8.175563
2020-02-10 13:00:00,3.025,8.460705
2020-02-10 13:15:00,3.377,8.827351
2020-02-10 13:30:00,3.377,8.940875
2020-02-10 13:45:00,3.588,9.237792
2020-02-10 14:00:00,3.939,9.405225
2020-02-10 14:15:00,3.869,9.142124
2020-02-10 14:30:00,3.517,9.195251
2020-02-10 14:45:00,3.447,9.358745
2020-02-10 15:00:00,3.236,9.296382
2020-02-10 15:15:00,3.377,9.484505
2020-02-10 15:30:00,3.377,9.510692
2020-02-10 15:45:00,3.447,9.623317
2020-02-10 16:00:00,3.728,9.600356
2020-02-10 16:15:00,4.01,9.863514
2020-02-10 16:30:00,3.869,10.070148
2020-02-10 16:45:00,4.15,9.413674
2020-02-10 17:00:00,4.15,8.437595
2020-02-10 17:15:00,4.08,8.8583355
2020-02-10 17:30:00,3.799,9.463293
2020-02-10 17:45:00,3.869,9.898781
2020-02-10 18:00:00,4.221,10.1236
2020-02-10 18:15:00,4.01,10.075576
2020-02-10 18:30:00,3.728,10.132662
2020-02-10 18:45:00,3.799,10.053976
2020-02-10 19:00:00,3.728,9.645604
2020-02-10 19:15:00,3.588,8.682874
2020-02-10 19:30:00,3.658,6.4510655
2020-02-10 19:45:00,3.728,6.226123
2020-02-10 20:00:00,3.799,5.9263005
2020-02-10 20:15:00,4.15,5.9537306
2020-02-10 20:30:00,4.01,5.832697
2020-02-10 20:45:00,4.221,5.94117
2020-02-10 21:00:00,3.869,5.812807
2020-02-10 21:15:00,3.939,5.6444616
2020-02-10 21:30:00,4.08,5.9054246
2020-02-10 21:45:00,3.799,6.1410503
2020-02-10 22:00:00,3.095,6.4626627
2020-02-10 22:15:00,2.392,6.1179857
2020-02-10 22:30:00,1.829,7.111017
2020-02-10 22:45:00,1.548,7.489501
2020-02-10 23:00:00,1.337,7.745364
2020-02-10 23:15:00,1.477,7.718255
2020-02-10 23:30:00,1.829,7.652455
2020-02-10 23:45:00,2.392,7.414799
2020-02-11 00:00:00,2.532,7.0952263
2020-02-11 00:15:00,2.462,6.8952074
2020-02-11 00:30:00,2.673,6.9345202
2020-02-11 00:45:00,3.025,6.9838414
2020-02-11 01:00:00,3.095,6.4374967
2020-02-11 01:15:00,3.588,6.7492495
2020-02-11 01:30:00,4.15,6.962962
2020-02-11 01:45:00,4.15,6.8924885
2020-02-11 02:00:00,4.291,7.4713984
2020-02-11 02:15:00,4.221,7.090166
2020-02-11 02:30:00,3.799,7.4764433
2020-02-11 02:45:00,3.939,7.6432886
2020-02-11 03:00:00,3.939,8.126954
2020-02-11 03:15:00,3.658,7.6915064
2020-02-11 03:30:00,3.799,8.200121
2020-02-11 03:45:00,3.799,8.459488
2020-02-11 04:00:00,3.869,8.588301
2020-02-11 04:15:00,3.728,8.84586
2020-02-11 04:30:00,3.236,8.866802
2020-02-11 04:45:00,3.377,8.896125
2020-02-11 05:00:00,3.658,8.947001
2020-02-11 05:15:00,3.588,9.107733
2020-02-11 05:30:00,3.095,9.194136
2020-02-11 05:45:00,2.955,9.160965
2020-02-11 06:00:00,2.673,8.877472
2020-02-11 06:15:00,2.744,9.118574
2020-02-11 06:30:00,3.025,8.704124
2020-02-11 06:45:00,2.884,8.42992
2020-02-11 07:00:00,3.095,8.4842415
2020-02-11 07:15:00,3.588,8.748421
2020-02-11 07:30:00,3.588,8.554914
2020-02-11 07:45:00,3.728,8.291313
2020-02-11 08:00:00,4.08,8.12968
2020-02-11 08:15:00,4.08,8.156401
2020-02-11 08:30:00,4.291,7.4423027
2020-02-11 08:45:00,3.799,7.4325542
2020-02-11 09:00:00,3.377,7.608466
2020-02-11 09:15:00,3.447,7.290782
2020-02-11 09:30:00,3.447,8.359591
2020-02-11 09:45:00,3.095,9.512274
2020-02-11 10:00:00,2.814,9.773317
2020-02-11 10:15:00,2.673,9.71216
2020-02-11 10:30:00,2.955,10.3333
2020-02-11 10:45:00,3.095,10.758733
2020-02-11 11:00:00,3.377,11.098141
2020-02-11 11:15:00,3.306,11.385484
2020-02-11 11:30:00,3.236,11.310858
2020-02-11 11:45:00,3.025,11.559074
2020-02-11 12:00:00,2.955,11.576559
2020-02-11 12:15:00,2.814,11.764988
2020-02-11 12:30:00,3.025,11.859346
2020-02-11 12:45:00,3.095,11.889782
2020-02-11 13:00:00,2.744,11.910874
2020-02-11 13:15:00,2.673,11.906378
2020-02-11 13:30:00,3.166,11.979483
2020-02-11 13:45:00,3.236,11.964731
2020-02-11 14:00:00,3.447,12.037404
2020-02-11 14:15:00,3.517,12.079073
2020-02-11 14:30:00,3.588,12.171448
2020-02-11 14:45:00,3.447,12.183075
2020-02-11 15:00:00,3.095,12.161686
2020-02-11 15:15:00,3.025,12.140905
2020-02-11 15:30:00,3.025,12.29447
2020-02-11 15:45:00,3.236,12.373713
2020-02-11 16:00:00,3.095,12.282775
2020-02-11 16:15:00,2.744,12.2990675
2020-02-11 16:30:00,2.884,12.059417
2020-02-11 16:45:00,2.814,11.718313
2020-02-11 17:00:00,2.462,11.423921
2020-02-11 17:15:00,2.392,11.015958
2020-02-11 17:30:00,2.181,10.369189
2020-02-11 17:45:00,2.04,9.796608
2020-02-11 18:00:00,1.97,9.198496
2020-02-11 18:15:00,2.462,9.217162
2020-02-11 18:30:00,2.744,9.282661
2020-02-11 18:45:00,2.955,9.220744
2020-02-11 19:00:00,3.095,9.129177
2020-02-11 19:15:00,3.025,8.665009
2020-02-11 19:30:00,2.673,8.486959
2020-02-11 19:45:00,2.11,8.383606
2020-02-11 20:00:00,1.899,8.27327
2020-02-11 20:15:00,2.11,7.6558504
2020-02-11 20:30:00,2.462,6.65216
2020-02-11 20:45:00,2.884,5.972121
2020-02-11 21:00:00,2.744,5.697587
2020-02-11 21:15:00,2.673,5.467186
2020-02-11 21:30:00,2.884,5.0424757
2020-02-11 21:45:00,3.025,4.9587297
2020-02-11 22:00:00,3.658,5.2617455
2020-02-11 22:15:00,3.728,4.8237066
2020-02-11 22:30:00,3.447,5.0804567
2020-02-11 22:45:00,3.447,5.414292
2020-02-11 23:00:00,3.166,5.421486
2020-02-11 23:15:00,3.025,5.286294
2020-02-11 23:30:00,3.025,5.372269
2020-02-11 23:45:00,3.095,5.719349
2020-02-12 00:00:00,3.095,5.9287553
2020-02-12 00:15:00,2.884,5.642537
2020-02-12 00:30:00,3.306,5.4584074
2020-02-12 00:45:00,3.236,6.102101
2020-02-12 01:00:00,3.095,5.843112
2020-02-12 01:15:00,2.884,7.5440354
2020-02-12 01:30:00,2.814,7.8384514
2020-02-12 01:45:00,2.955,7.6181955
2020-02-12 02:00:00,2.744,7.6133146
2020-02-12 02:15:00,3.095,7.370824
2020-02-12 02:30:00,3.025,7.6634245
2020-02-12 02:45:00,2.532,8.94952
2020-02-12 03:00:00,2.744,8.126623
2020-02-12 03:15:00,2.673,8.331936
2020-02-12 03:30:00,2.744,8.335133
2020-02-12 03:45:00,2.744,8.746949
2020-02-12 04:00:00,2.884,8.654056
2020-02-12 04:15:00,2.744,8.708183
2020-02-12 04:30:00,2.814,8.864688
2020-02-12 04:45:00,3.025,8.743472
2020-02-12 05:00:00,2.884,8.791643
2020-02-12 05:15:00,3.025,8.598804
2020-02-12 05:30:00,2.884,8.697782
2020-02-12 05:45:00,2.884,8.43219
2020-02-12 06:00:00,2.673,8.270798
2020-02-12 06:15:00,3.025,8.058819
2020-02-12 06:30:00,2.744,7.878703
2020-02-12 06:45:00,2.181,7.6513805
2020-02-12 07:00:00,2.532,7.430711
2020-02-12 07:15:00,2.392,6.7832885
2020-02-12 07:30:00,2.11,6.622637
2020-02-12 07:45:00,1.759,5.6507506
2020-02-12 08:00:00,1.618,5.0517426
2020-02-12 08:15:00,1.126,5.2311344
2020-02-12 08:30:00,1.196,5.7331448
2020-02-12 08:45:00,1.266,6.5673327
2020-02-12 09:00:00,1.759,7.708205
2020-02-12 09:15:00,1.407,9.043978
2020-02-12 09:30:00,1.337,9.535387
2020-02-12 09:45:00,1.337,10.053357
2020-02-12 10:00:00,1.055,10.139843
2020-02-12 10:15:00,1.196,10.520229
2020-02-12 10:30:00,1.477,11.044259
2020-02-12 10:45:00,1.759,12.011015
2020-02-12 11:00:00,1.618,11.994307
2020-02-12 11:15:00,1.337,12.248919
2020-02-12 11:30:00,1.196,11.916793
2020-02-12 11:45:00,1.126,11.970259
2020-02-12 12:00:00,1.337,11.853581
2020-02-12 12:15:00,1.407,12.363625
2020-02-12 12:30:00,1.337,10.933357
2020-02-12 12:45:00,1.688,10.00574
2020-02-12 13:00:00,1.899,8.386243
2020-02-12 13:15:00,2.814,8.647332
2020-02-12 13:30:00,2.814,8.177605
2020-02-12 13:45:00,2.814,7.293524
2020-02-12 14:00:00,3.236,7.3581715
2020-02-12 14:15:00,2.884,7.719164
2020-02-12 14:30:00,2.814,7.769245
2020-02-12 14:45:00,2.955,7.38204
2020-02-12 15:00:00,2.603,7.5637655
2020-02-12 15:15:00,2.462,8.042986
2020-02-12 15:30:00,2.11,9.533144
2020-02-12 15:45:00,2.181,9.791205
2020-02-12 16:00:00,2.532,10.932158
2020-02-12 16:15:00,2.321,11.679223
2020-02-12 16:30:00,2.532,12.376579
2020-02-12 16:45:00,2.181,12.701056
2020-02-12 17:00:00,2.181,12.702797
2020-02-12 17:15:00,2.181,12.52196
2020-02-12 17:30:00,2.181,12.32099
2020-02-12 17:45:00,2.744,11.203077
2020-02-12 18:00:00,2.532,9.060991
2020-02-12 18:15:00,2.744,8.216677
2020-02-12 18:30:00,2.814,7.6419067
2020-02-12 18:45:00,3.236,7.416398
2020-02-12 19:00:00,3.095,6.259074
2020-02-12 19:15:00,3.236,5.0981503
2020-02-12 19:30:00,3.236,4.4118204
2020-02-12 19:45:00,3.306,4.401435
2020-02-12 20:00:00,3.517,3.349408
2020-02-12 20:15:00,3.658,2.453219
2020-02-12 20:30:00,3.869,2.280128
2020-02-12 20:45:00,3.869,2.1835108
2020-02-12 21:00:00,3.799,1.7176628
2020-02-12 21:15:00,3.799,1.5190868
2020-02-12 21:30:00,3.799,1.4527636
2020-02-12 21:45:00,3.799,1.4421754
2020-02-12 22:00:00,3.799,1.5080109
2020-02-12 22:15:00,3.869,1.5152197
2020-02-12 22:30:00,3.869,1.6459355
2020-02-12 22:45:00,4.08,1.6087432
2020-02-12 23:00:00,4.15,2.1692076
2020-02-12 23:15:00,4.291,2.7317266
2020-02-12 23:30:00,4.362,3.4953825
2020-02-12 23:45:00,4.291,3.9858327
2020-02-13 00:00:00,4.291,4.4844
2020-02-13 00:15:00,4.15,4.997155
2020-02-13 00:30:00,4.362,5.2503448
2020-02-13 00:45:00,4.432,7.2379704
2020-02-13 01:00:00,4.291,8.632166
2020-02-13 01:15:00,4.432,8.16404
2020-02-13 01:30:00,3.588,8.29931
2020-02-13 01:45:00,3.658,8.188073
2020-02-13 02:00:00,4.08,8.637405
2020-02-13 02:15:00,3.939,8.923346
2020-02-13 02:30:00,3.236,9.305946
2020-02-13 02:45:00,3.447,9.4067745
2020-02-13 03:00:00,3.306,9.474302
2020-02-13 03:15:00,3.095,9.347319
2020-02-13 03:30:00,3.588,9.392022
2020-02-13 03:45:00,3.306,9.34453
2020-02-13 04:00:00,3.799,9.434179
2020-02-13 04:15:00,3.306,9.104896
2020-02-13 04:30:00,3.236,9.11268
2020-02-13 04:45:00,3.095,8.996287
2020-02-13 05:00:00,3.447,9.043469
2020-02-13 05:15:00,3.236,8.557541
2020-02-13 05:30:00,3.447,8.530914
2020-02-13 05:45:00,3.869,8.216707
2020-02-13 06:00:00,3.588,7.950611
2020-02-13 06:15:00,3.658,7.464323
2020-02-13 06:30:00,3.658,7.095554
2020-02-13 06:45:00,3.517,6.2438354
2020-02-13 07:00:00,3.306,5.306544
2020-02-13 07:15:00,2.955,4.900359
2020-02-13 07:30:00,3.095,4.66363
2020-02-13 07:45:00,3.447,4.4691744
2020-02-13 08:00:00,3.588,4.6097417
2020-02-13 08:15:00,4.08,4.6425242
2020-02-13 08:30:00,4.15,5.605249
2020-02-13 08:45:00,4.08,6.1491623
2020-02-13 09:00:00,4.08,6.5762663
2020-02-13 09:15:00,4.502,8.341823
2020-02-13 09:30:00,4.784,9.189067
2020-02-13 09:45:00,4.995,9.954182
2020-02-13 10:00:00,4.924,10.332464
2020-02-13 10:15:00,5.276,10.4893265
2020-02-13 10:30:00,5.417,10.6735115
2020-02-13 10:45:00,5.487,10.884256
2020-02-13 11:00:00,5.698,10.918057
2020-02-13 11:15:00,5.346,11.099669
2020-02-13 11:30:00,5.346,11.095291
2020-02-13 11:45:00,5.206,11.11891
2020-02-13 12:00:00,4.995,11.24887
2020-02-13 12:15:00,5.346,11.379013
2020-02-13 12:30:00,5.417,11.522573
2020-02-13 12:45:00,4.995,11.608078
2020-02-13 13:00:00,4.995,11.771607
2020-02-13 13:15:00,5.909,11.871613
2020-02-13 13:30:00,5.909,11.957412
2020-02-13 13:45:00,5.768,11.661747
2020-02-13 14:00:00,5.768,11.811199
2020-02-13 14:15:00,6.05,12.09089
2020-02-13 14:30:00,5.839,11.986226
2020-02-13 14:45:00,5.979,11.890084
2020-02-13 15:00:00,6.191,12.048057
2020-02-13 15:15:00,6.472,12.024245
2020-02-13 15:30:00,6.472,12.035959
2020-02-13 15:45:00,6.331,12.096268
2020-02-13 16:00:00,6.331,12.174004
2020-02-13 16:15:00,6.05,12.251917
2020-02-13 16:30:00,6.12,12.283069
2020-02-13 16:45:00,6.472,12.2334795
2020-02-13 17:00:00,6.05,12.018374
2020-02-13 17:15:00,5.839,11.740604
2020-02-13 17:30:00,6.261,11.025266
2020-02-13 17:45:00,6.613,8.51231
2020-02-13 18:00:00,6.613,7.0122137
2020-02-13 18:15:00,6.402,5.9163175
2020-02-13 18:30:00,5.909,5.6795425
2020-02-13 18:45:00,6.05,5.7207346
2020-02-13 19:00:00,6.05,5.5176396
2020-02-13 19:15:00,6.261,4.991091
2020-02-13 19:30:00,6.472,4.448094
2020-02-13 19:45:00,6.12,4.2841454
2020-02-13 20:00:00,5.698,4.7217345
2020-02-13 20:15:00,5.909,4.309264
2020-02-13 20:30:00,6.261,4.1235228
2020-02-13 20:45:00,6.05,4.0700855
2020-02-13 21:00:00,6.12,4.0492334
2020-02-13 21:15:00,6.05,3.7359796
2020-02-13 21:30:00,6.191,3.6024714
2020-02-13 21:45:00,6.331,3.6964927
2020-02-13 22:00:00,6.05,3.6497622
2020-02-13 22:15:00,6.261,3.1152456
2020-02-13 22:30:00,6.191,3.0521708
2020-02-13 22:45:00,6.261,3.1391768
2020-02-13 23:00:00,6.472,3.2947857
2020-02-13 23:15:00,6.613,3.4702654
2020-02-13 23:30:00,6.261,4.3098397
2020-02-13 23:45:00,6.12,4.8679743
2020-02-14 00:00:00,6.402,6.419157
2020-02-14 00:15:00,6.402,6.7395444
2020-02-14 00:30:00,5.979,7.1587963
2020-02-14 00:45:00,6.261,8.691341
2020-02-14 01:00:00,6.472,8.802288
2020-02-14 01:15:00,6.331,8.302029
2020-02-14 01:30:00,6.05,8.670048
2020-02-14 01:45:00,5.487,8.777428
2020-02-14 02:00:00,5.557,9.160854
2020-02-14 02:15:00,5.909,9.580473
2020-02-14 02:30:00,6.12,9.70713
2020-02-14 02:45:00,6.12,9.799639
2020-02-14 03:00:00,6.402,9.920454
2020-02-14 03:15:00,6.331,9.8889885
2020-02-14 03:30:00,6.191,9.900621
2020-02-14 03:45:00,6.05,9.874681
2020-02-14 04:00:00,6.261,9.828824
2020-02-14 04:15:00,6.12,9.614414
2020-02-14 04:30:00,5.909,9.63031
2020-02-14 04:45:00,5.839,9.458995
2020-02-14 05:00:00,5.557,9.019939
2020-02-14 05:15:00,5.557,8.319408
2020-02-14 05:30:00,5.557,8.264758
2020-02-14 05:45:00,5.698,7.9996724
2020-02-14 06:00:00,5.628,7.5507984
2020-02-14 06:15:00,5.346,6.8593445
2020-02-14 06:30:00,5.206,6.4343286
2020-02-14 06:45:00,4.924,5.964268
2020-02-14 07:00:00,4.924,5.317301
2020-02-14 07:15:00,5.346,4.662513
2020-02-14 07:30:00,5.768,4.323866
2020-02-14 07:45:00,5.768,4.1398263
2020-02-14 08:00:00,5.909,4.16947
2020-02-14 08:15:00,6.12,4.114178
2020-02-14 08:30:00,6.402,4.224347
2020-02-14 08:45:00,6.261,4.253875
2020-02-14 09:00:00,6.472,4.4464617
2020-02-14 09:15:00,6.753,4.417926
2020-02-14 09:30:00,6.753,5.223859
2020-02-14 09:45:00,6.964,7.6303124
2020-02-14 10:00:00,6.753,9.358631
2020-02-14 10:15:00,7.105,10.910421
2020-02-14 10:30:00,7.316,10.964045
2020-02-14 10:45:00,7.105,11.02776
2020-02-14 11:00:00,6.964,11.169654
2020-02-14 11:15:00,7.105,11.0579815
2020-02-14 11:30:00,6.472,10.616322
2020-02-14 11:45:00,6.542,9.852961
2020-02-14 12:00:00,6.753,10.447897
2020-02-14 12:15:00,6.613,11.09722
2020-02-14 12:30:00,7.035,11.350229
2020-02-14 12:45:00,7.316,11.063715
2020-02-14 13:00:00,7.668,11.35508
2020-02-14 13:15:00,7.879,11.10978
2020-02-14 13:30:00,7.386,11.615196
2020-02-14 13:45:00,7.457,11.634123
2020-02-14 14:00:00,7.386,11.106091
2020-02-14 14:15:00,7.668,10.000963
2020-02-14 14:30:00,7.527,7.541896
2020-02-14 14:45:00,7.668,6.1878886
2020-02-14 15:00:00,7.457,5.8612294
2020-02-14 15:15:00,7.457,5.3657284
2020-02-14 15:30:00,7.386,5.1199045
2020-02-14 15:45:00,7.316,4.9671006
2020-02-14 16:00:00,7.457,5.289141
2020-02-14 16:15:00,7.316,5.5491104
2020-02-14 16:30:00,7.105,5.4095945
2020-02-14 16:45:00,7.457,5.2402864
2020-02-14 17:00:00,7.457,5.174779
2020-02-14 17:15:00,6.894,5.085495
2020-02-14 17:30:00,6.753,5.1236343
2020-02-14 17:45:00,6.261,5.422573
2020-02-14 18:00:00,6.402,5.5763235
2020-02-14 18:15:00,6.683,5.598902
2020-02-14 18:30:00,6.753,5.4748707
2020-02-14 18:45:00,7.105,5.156408
2020-02-14 19:00:00,7.105,4.6491485
2020-02-14 19:15:00,7.105,4.264287
2020-02-14 19:30:00,7.668,3.7541623
2020-02-14 19:45:00,7.386,3.617578
2020-02-14 20:00:00,7.316,3.512008
2020-02-14 20:15:00,6.824,3.4409962
2020-02-14 20:30:00,7.316,3.559168
2020-02-14 20:45:00,7.386,3.5366273
2020-02-14 21:00:00,7.316,3.622402
2020-02-14 21:15:00,7.316,3.5900245
2020-02-14 21:30:00,7.316,3.6260061
2020-02-14 21:45:00,7.386,3.7777028
2020-02-14 22:00:00,7.175,3.721052
2020-02-14 22:15:00,7.527,4.0675335
2020-02-14 22:30:00,6.964,4.2076545
2020-02-14 22:45:00,6.964,4.4994926
2020-02-14 23:00:00,6.683,4.8856187
2020-02-14 23:15:00,6.964,5.3550644
2020-02-14 23:30:00,7.175,6.023862
2020-02-14 23:45:00,7.035,6.9470677
2020-02-15 00:00:00,7.386,8.04273
2020-02-15 00:15:00,7.105,8.780112
2020-02-15 00:30:00,6.191,9.794433
2020-02-15 00:45:00,5.557,9.871787
2020-02-15 01:00:00,5.909,8.971153
2020-02-15 01:15:00,5.557,8.326211
2020-02-15 01:30:00,5.206,8.42963
2020-02-15 01:45:00,4.432,8.390727
2020-02-15 02:00:00,3.799,8.548496
2020-02-15 02:15:00,3.869,8.658641
2020-02-15 02:30:00,3.588,8.674837
2020-02-15 02:45:00,3.869,8.672256
2020-02-15 03:00:00,3.728,8.851236
2020-02-15 03:15:00,3.377,8.830568
2020-02-15 03:30:00,3.377,8.818925
2020-02-15 03:45:00,3.447,8.817207
2020-02-15 04:00:00,3.236,8.972633
2020-02-15 04:15:00,3.447,8.816683
2020-02-15 04:30:00,3.517,8.831729
2020-02-15 04:45:00,3.377,8.814649
2020-02-15 05:00:00,3.588,8.842748
2020-02-15 05:15:00,3.447,8.667828
2020-02-15 05:30:00,3.447,8.64955
2020-02-15 05:45:00,3.377,8.633957
2020-02-15 06:00:00,3.447,8.561814
2020-02-15 06:15:00,3.095,8.243172
2020-02-15 06:30:00,3.236,8.0616455
2020-02-15 06:45:00,3.095,7.6626644
2020-02-15 07:00:00,3.236,6.9592423
2020-02-15 07:15:00,3.236,6.089654
2020-02-15 07:30:00,3.025,5.552934
2020-02-15 07:45:00,3.166,5.046681
2020-02-15 08:00:00,2.884,4.7424154
2020-02-15 08:15:00,2.884,4.5714703
2020-02-15 08:30:00,3.095,4.4903884
2020-02-15 08:45:00,2.744,4.257991
2020-02-15 09:00:00,2.884,4.0558863
2020-02-15 09:15:00,3.025,4.0934753
2020-02-15 09:30:00,3.166,4.111749
2020-02-15 09:45:00,3.236,4.2263002
2020-02-15 10:00:00,2.884,4.3273163
2020-02-15 10:15:00,2.884,4.474356
2020-02-15 10:30:00,3.025,4.769495
2020-02-15 10:45:00,2.955,4.8575573
2020-02-15 11:00:00,2.814,4.648079
2020-02-15 11:15:00,2.884,4.4873934
2020-02-15 11:30:00,2.955,4.5956755
2020-02-15 11:45:00,2.884,4.655092
2020-02-15 12:00:00,2.814,4.496742
2020-02-15 12:15:00,3.095,4.5408044
2020-02-15 12:30:00,2.955,4.8781524
2020-02-15 12:45:00,2.955,5.152852
2020-02-15 13:00:00,3.095,5.006067
2020-02-15 13:15:00,3.095,5.108614
2020-02-15 13:30:00,2.955,5.188447
2020-02-15 13:45:00,3.166,5.1072965
2020-02-15 14:00:00,3.095,5.060087
2020-02-15 14:15:00,3.236,4.974147
2020-02-15 14:30:00,3.306,4.624902
2020-02-15 14:45:00,3.236,4.544237
2020-02-15 15:00:00,3.166,4.486843
2020-02-15 15:15:00,3.306,4.2466526
2020-02-15 15:30:00,3.728,4.2757716
2020-02-15 15:45:00,3.517,4.2331696
2020-02-15 16:00:00,3.658,4.163448
2020-02-15 16:15:00,3.658,4.2114873
2020-02-15 16:30:00,3.447,4.2990265
2020-02-15 16:45:00,3.588,4.406062
2020-02-15 17:00:00,3.236,4.331397
2020-02-15 17:15:00,3.166,4.5526104
2020-02-15 17:30:00,2.814,4.4777946
2020-02-15 17:45:00,2.744,4.2871294
2020-02-15 18:00:00,2.603,4.283309
2020-02-15 18:15:00,2.532,4.6517973
2020-02-15 18:30:00,2.673,4.474646
2020-02-15 18:45:00,2.462,4.250057
2020-02-15 19:00:00,2.532,4.6175756
2020-02-15 19:15:00,2.814,4.830454
2020-02-15 19:30:00,2.814,4.4845657
2020-02-15 19:45:00,2.884,4.3149614
2020-02-15 20:00:00,3.025,4.765665
2020-02-15 20:15:00,3.095,4.633033
2020-02-15 20:30:00,3.025,4.427537
2020-02-15 20:45:00,3.306,4.400191
2020-02-15 21:00:00,3.236,4.5723095
2020-02-15 21:15:00,3.166,4.3199654
2020-02-15 21:30:00,3.306,4.4144964
2020-02-15 21:45:00,3.377,4.9928975
2020-02-15 22:00:00,3.447,5.390178
2020-02-15 22:15:00,3.588,5.2478647
2020-02-15 22:30:00,3.377,5.642871
2020-02-15 22:45:00,3.447,6.0137706
2020-02-15 23:00:00,3.306,6.308797
2020-02-15 23:15:00,3.236,6.494061
2020-02-15 23:30:00,3.306,7.0772743
2020-02-15 23:45:00,3.447,7.915451
2020-02-16 00:00:00,3.025,8.198214
2020-02-16 00:15:00,3.517,8.569897
2020-02-16 00:30:00,3.447,8.577595
2020-02-16 00:45:00,3.588,8.656113
2020-02-16 01:00:00,3.447,8.397759
2020-02-16 01:15:00,3.447,8.00886
2020-02-16 01:30:00,3.377,8.26766
2020-02-16 01:45:00,3.588,8.262323
2020-02-16 02:00:00,3.306,8.377453
2020-02-16 02:15:00,3.236,8.438624
2020-02-16 02:30:00,3.306,8.424238
2020-02-16 02:45:00,3.447,8.293574
2020-02-16 03:00:00,3.658,8.361671
2020-02-16 03:15:00,3.306,8.39045
2020-02-16 03:30:00,3.447,8.420709
2020-02-16 03:45:00,3.447,8.3059225
2020-02-16 04:00:00,3.447,8.343359
2020-02-16 04:15:00,3.447,8.361994
2020-02-16 04:30:00,3.236,8.344124
2020-02-16 04:45:00,3.306,8.190386
2020-02-16 05:00:00,3.306,8.191828
2020-02-16 05:15:00,3.095,8.139476
2020-02-16 05:30:00,3.306,8.039328
2020-02-16 05:45:00,3.588,7.958501
2020-02-16 06:00:00,3.799,7.8432693
2020-02-16 06:15:00,3.939,7.7380123
2020-02-16 06:30:00,3.377,7.813847
2020-02-16 06:45:00,3.447,7.9055033
2020-02-16 07:00:00,4.15,7.843367
2020-02-16 07:15:00,3.377,7.6276846
2020-02-16 07:30:00,3.025,7.6745377
2020-02-16 07:45:00,3.095,7.629947
2020-02-16 08:00:00,3.095,7.4792786
2020-02-16 08:15:00,3.728,7.320783
2020-02-16 08:30:00,3.799,7.32669
2020-02-16 08:45:00,3.447,7.4793043
2020-02-16 09:00:00,3.517,7.51783
2020-02-16 09:15:00,3.306,7.8801374
2020-02-16 09:30:00,3.236,7.9305134
2020-02-16 09:45:00,3.306,8.180763
2020-02-16 10:00:00,3.377,8.255588
2020-02-16 10:15:00,3.728,8.291317
2020-02-16 10:30:00,3.799,8.308681
2020-02-16 10:45:00,3.799,8.346357
2020-02-16 11:00:00,4.432,8.371244
2020-02-16 11:15:00,4.854,8.28809
2020-02-16 11:30:00,4.432,8.511499
2020-02-16 11:45:00,4.573,8.510136
2020-02-16 12:00:00,5.135,8.651449
2020-02-16 12:15:00,5.417,8.621824
2020-02-16 12:30:00,5.206,8.5842705
2020-02-16 12:45:00,5.276,8.62527
2020-02-16 13:00:00,5.417,8.8714905
2020-02-16 13:15:00,5.346,8.969043
2020-02-16 13:30:00,5.487,8.850479
2020-02-16 13:45:00,5.557,8.906784
2020-02-16 14:00:00,5.698,9.572518
2020-02-16 14:15:00,5.698,9.460831
2020-02-16 14:30:00,5.557,9.4475
2020-02-16 14:45:00,5.698,9.427499
2020-02-16 15:00:00,5.698,9.214941
2020-02-16 15:15:00,5.979,9.388467
2020-02-16 15:30:00,5.487,9.752201
2020-02-16 15:45:00,5.557,9.693441
2020-02-16 16:00:00,5.557,9.771434
2020-02-16 16:15:00,5.135,9.732796
2020-02-16 16:30:00,4.924,9.669638
2020-02-16 16:45:00,5.135,9.78836
2020-02-16 17:00:00,5.206,9.703146
2020-02-16 17:15:00,5.065,9.647291
2020-02-16 17:30:00,5.276,9.690487
2020-02-16 17:45:00,5.487,9.524862
2020-02-16 18:00:00,5.417,9.214092
2020-02-16 18:15:00,5.417,9.176727
2020-02-16 18:30:00,5.346,9.567986
2020-02-16 18:45:00,5.417,9.616276
2020-02-16 19:00:00,5.135,9.356593
2020-02-16 19:15:00,5.206,9.140546
2020-02-16 19:30:00,5.135,9.130686
2020-02-16 19:45:00,4.924,9.1091795
2020-02-16 20:00:00,4.924,8.986591
2020-02-16 20:15:00,5.065,8.9378
2020-02-16 20:30:00,4.924,8.848404
2020-02-16 20:45:00,4.995,8.8547325
2020-02-16 21:00:00,4.995,8.716859
2020-02-16 21:15:00,5.135,8.756908
2020-02-16 21:30:00,5.135,8.891817
2020-02-16 21:45:00,5.206,9.250816
2020-02-16 22:00:00,4.924,9.690233
2020-02-16 22:15:00,4.995,9.959307
2020-02-16 22:30:00,4.854,10.057265
2020-02-16 22:45:00,4.995,10.213851
2020-02-16 23:00:00,5.135,10.355061
2020-02-16 23:15:00,4.924,10.37088
2020-02-16 23:30:00,4.713,10.441803
2020-02-16 23:45:00,4.713,10.4043455
2020-02-17 00:00:00,4.573,10.402767
2020-02-17 00:15:00,4.502,10.321452
2020-02-17 00:30:00,4.291,9.728151
2020-02-17 00:45:00,4.15,9.657781
2020-02-17 01:00:00,4.01,9.8135395
2020-02-17 01:15:00,3.869,9.496307
2020-02-17 01:30:00,3.939,9.3997345
2020-02-17 01:45:00,4.362,9.499102
2020-02-17 02:00:00,4.15,9.60207
2020-02-17 02:15:00,4.15,9.664599
2020-02-17 02:30:00,4.573,9.684501
2020-02-17 02:45:00,4.643,9.582346
2020-02-17 03:00:00,4.995,9.579382
2020-02-17 03:15:00,4.854,9.086374
2020-02-17 03:30:00,4.854,8.939428
2020-02-17 03:45:00,4.643,8.876788
2020-02-17 04:00:00,4.362,8.791616
2020-02-17 04:15:00,4.291,8.606533
2020-02-17 04:30:00,4.221,8.475403
2020-02-17 04:45:00,4.15,8.398767
2020-02-17 05:00:00,4.221,8.398404
2020-02-17 05:15:00,3.799,8.2795725
2020-02-17 05:30:00,3.588,8.213324
2020-02-17 05:45:00,3.447,8.187202
2020-02-17 06:00:00,3.377,8.187014
2020-02-17 06:15:00,3.025,8.2003
2020-02-17 06:30:00,2.744,8.137482
2020-02-17 06:45:00,2.181,8.065299
2020-02-17 07:00:00,2.04,8.076129
2020-02-17 07:15:00,2.251,8.039864
2020-02-17 07:30:00,2.11,7.6466494
2020-02-17 07:45:00,2.181,7.1847534
2020-02-17 08:00:00,2.251,6.9391055
2020-02-17 08:15:00,2.181,7.2761583
2020-02-17 08:30:00,1.759,7.55165
2020-02-17 08:45:00,1.759,8.054948
2020-02-17 09:00:00,1.829,8.251146
2020-02-17 09:15:00,2.04,8.432367
2020-02-17 09:30:00,2.321,8.2920685
2020-02-17 09:45:00,2.392,8.20259
2020-02-17 10:00:00,2.181,8.923869
2020-02-17 10:15:00,2.392,9.853249
2020-02-17 10:30:00,2.744,10.751963
2020-02-17 10:45:00,2.814,11.256729
2020-02-17 11:00:00,2.955,11.494662
2020-02-17 11:15:00,2.884,11.666691
2020-02-17 11:30:00,2.744,11.792095
2020-02-17 11:45:00,2.603,11.846943
2020-02-17 12:00:00,2.884,11.851248
2020-02-17 12:15:00,2.955,11.872822
2020-02-17 12:30:00,2.884,11.925861
2020-02-17 12:45:00,3.025,11.955214
2020-02-17 13:00:00,3.377,11.979986
2020-02-17 13:15:00,3.799,12.005053
2020-02-17 13:30:00,3.939,12.058207
2020-02-17 13:45:00,4.291,12.091723
2020-02-17 14:00:00,4.291,12.09524
2020-02-17 14:15:00,4.291,12.103717
2020-02-17 14:30:00,4.291,12.137526
2020-02-17 14:45:00,4.15,12.170415
2020-02-17 15:00:00,4.221,12.261883
2020-02-17 15:15:00,4.15,12.286065
2020-02-17 15:30:00,4.291,12.356216
2020-02-17 15:45:00,4.15,12.360239
2020-02-17 16:00:00,4.15,12.334027
2020-02-17 16:15:00,4.01,12.298235
2020-02-17 16:30:00,4.08,12.439122
2020-02-17 16:45:00,3.728,12.515171
2020-02-17 17:00:00,3.236,12.427357
2020-02-17 17:15:00,3.236,12.171064
2020-02-17 17:30:00,3.095,12.203387
2020-02-17 17:45:00,2.884,12.08204
2020-02-17 18:00:00,2.744,11.465399
2020-02-17 18:15:00,2.673,10.85891
2020-02-17 18:30:00,2.744,9.542455
2020-02-17 18:45:00,2.603,9.815464
2020-02-17 19:00:00,2.603,10.079463
2020-02-17 19:15:00,2.673,10.183571
2020-02-17 19:30:00,2.392,10.297907
2020-02-17 19:45:00,2.532,10.270087
2020-02-17 20:00:00,2.603,10.1634035
2020-02-17 20:15:00,2.532,9.998459
2020-02-17 20:30:00,2.532,9.979084
2020-02-17 20:45:00,2.251,9.996473
2020-02-17 21:00:00,2.532,10.054457
2020-02-17 21:15:00,2.181,10.132923
2020-02-17 21:30:00,2.181,10.286285
2020-02-17 21:45:00,2.181,10.335753
2020-02-17 22:00:00,2.462,10.335816
2020-02-17 22:15:00,2.532,10.228682
2020-02-17 22:30:00,2.532,10.308453
2020-02-17 22:45:00,2.392,10.345673
2020-02-17 23:00:00,2.392,10.417172
2020-02-17 23:15:00,2.11,10.43484
2020-02-17 23:30:00,2.181,10.560827
2020-02-17 23:45:00,2.181,10.552532
2020-02-18 00:00:00,2.11,10.630068
2020-02-18 00:15:00,2.251,10.272898
2020-02-18 00:30:00,2.251,9.689997
2020-02-18 00:45:00,2.251,9.7011
2020-02-18 01:00:00,2.181,9.798607
2020-02-18 01:15:00,2.251,10.197962
2020-02-18 01:30:00,2.532,10.245813
2020-02-18 01:45:00,2.462,10.108921
2020-02-18 02:00:00,2.251,10.203011
2020-02-18 02:15:00,2.251,9.886506
2020-02-18 02:30:00,2.321,9.741858
2020-02-18 02:45:00,2.321,9.72615
2020-02-18 03:00:00,2.532,9.753306
2020-02-18 03:15:00,2.462,9.5661545
2020-02-18 03:30:00,2.673,9.4809475
2020-02-18 03:45:00,2.673,9.425172
2020-02-18 04:00:00,3.095,9.513061
2020-02-18 04:15:00,3.588,9.340223
2020-02-18 04:30:00,3.939,9.230154
2020-02-18 04:45:00,4.08,9.173698
2020-02-18 05:00:00,3.799,9.262159
2020-02-18 05:15:00,3.166,9.163512
2020-02-18 05:30:00,3.588,9.064993
2020-02-18 05:45:00,3.447,8.997491
2020-02-18 06:00:00,2.251,9.052699
2020-02-18 06:15:00,2.392,9.004562
2020-02-18 06:30:00,2.673,8.974045
2020-02-18 06:45:00,3.306,8.940598
2020-02-18 07:00:00,4.15,8.911931
2020-02-18 07:15:00,4.15,8.913118
2020-02-18 07:30:00,4.573,8.882362
2020-02-18 07:45:00,4.432,8.688374
2020-02-18 08:00:00,4.291,8.486628
2020-02-18 08:15:00,4.15,8.272938
2020-02-18 08:30:00,4.643,7.935232
2020-02-18 08:45:00,4.573,7.7512846
2020-02-18 09:00:00,4.854,7.327502
2020-02-18 09:15:00,4.784,6.6006207
2020-02-18 09:30:00,4.924,7.1162443
2020-02-18 09:45:00,4.995,7.5061727
2020-02-18 10:00:00,5.065,8.05363
2020-02-18 10:15:00,4.995,8.179213
2020-02-18 10:30:00,4.643,8.674007
2020-02-18 10:45:00,4.643,8.75392
2020-02-18 11:00:00,4.995,8.661894
2020-02-18 11:15:00,5.206,8.770817
2020-02-18 11:30:00,5.417,8.698158
2020-02-18 11:45:00,5.628,8.667852
2020-02-18 12:00:00,4.643,8.585628
2020-02-18 12:15:00,4.221,8.648962
2020-02-18 12:30:00,4.573,8.631846
2020-02-18 12:45:00,4.221,8.682001
2020-02-18 13:00:00,4.502,8.725304
2020-02-18 13:15:00,4.432,8.808578
2020-02-18 13:30:00,3.588,8.866058
2020-02-18 13:45:00,3.306,8.67626
2020-02-18 14:00:00,2.744,8.552101
2020-02-18 14:15:00,2.181,8.622318
2020-02-18 14:30:00,1.829,8.465395
2020-02-18 14:45:00,1.688,8.391707
2020-02-18 15:00:00,2.392,8.1151905
2020-02-18 15:15:00,2.251,8.482984
2020-02-18 15:30:00,2.321,8.470821
2020-02-18 15:45:00,2.532,8.412209
2020-02-18 16:00:00,3.025,8.585605
2020-02-18 16:15:00,1.688,8.750912
2020-02-18 16:30:00,2.321,8.896334
2020-02-18 16:45:00,1.548,9.195105
2020-02-18 17:00:00,1.548,9.260322
2020-02-18 17:15:00,1.97,9.319675
2020-02-18 17:30:00,2.462,9.451082
2020-02-18 17:45:00,2.04,9.347364
2020-02-18 18:00:00,2.04,9.129508
2020-02-18 18:15:00,2.532,8.6737175
2020-02-18 18:30:00,2.532,8.358469
2020-02-18 18:45:00,2.532,8.172309
2020-02-18 19:00:00,2.673,8.1286125
2020-02-18 19:15:00,2.814,7.8208275
2020-02-18 19:30:00,1.97,7.1936345
2020-02-18 19:45:00,2.181,6.3621516
2020-02-18 20:00:00,2.603,5.913369
2020-02-18 20:15:00,2.11,5.9724874
2020-02-18 20:30:00,2.181,5.9193854
2020-02-18 20:45:00,1.688,5.914442
2020-02-18 21:00:00,2.251,5.800176
2020-02-18 21:15:00,2.532,5.779529
2020-02-18 21:30:00,1.688,5.957229
2020-02-18 21:45:00,1.829,6.334775
2020-02-18 22:00:00,2.04,6.6163507
2020-02-18 22:15:00,2.11,6.904373
2020-02-18 22:30:00,1.618,7.2381625
2020-02-18 22:45:00,1.337,7.4503775
2020-02-18 23:00:00,1.337,7.83643
2020-02-18 23:15:00,1.688,7.8921413
2020-02-18 23:30:00,2.181,8.151768
2020-02-18 23:45:00,2.462,8.279611
2020-02-19 00:00:00,2.04,8.459461
2020-02-19 00:15:00,1.337,8.640175
2020-02-19 00:30:00,2.462,8.67141
2020-02-19 00:45:00,2.532,9.374332
2020-02-19 01:00:00,2.321,8.904836
2020-02-19 01:15:00,2.603,9.691172
2020-02-19 01:30:00,2.955,9.939077
2020-02-19 01:45:00,2.884,10.101331
2020-02-19 02:00:00,2.955,10.332418
2020-02-19 02:15:00,3.447,10.412179
2020-02-19 02:30:00,3.588,10.449472
2020-02-19 02:45:00,3.517,10.5005455
2020-02-19 03:00:00,3.728,10.514793
2020-02-19 03:15:00,3.799,10.176229
2020-02-19 03:30:00,3.939,10.233187
2020-02-19 03:45:00,3.588,10.137996
2020-02-19 04:00:00,3.236,10.104324
2020-02-19 04:15:00,3.236,9.732636
2020-02-19 04:30:00,2.884,9.64226
2020-02-19 04:45:00,2.884,9.526329
2020-02-19 05:00:00,2.955,9.439925
2020-02-19 05:15:00,3.236,9.214376
2020-02-19 05:30:00,3.588,9.134514
2020-02-19 05:45:00,3.447,9.004686
2020-02-19 06:00:00,3.095,8.89145
2020-02-19 06:15:00,3.236,8.710192
2020-02-19 06:30:00,2.955,8.565579
2020-02-19 06:45:00,2.603,8.460342
2020-02-19 07:00:00,2.392,8.352782
2020-02-19 07:15:00,2.884,8.021114
2020-02-19 07:30:00,3.095,7.6617517
2020-02-19 07:45:00,3.377,7.1348467
2020-02-19 08:00:00,2.392,6.4712677
2020-02-19 08:15:00,2.251,5.311433
2020-02-19 08:30:00,2.04,5.082265
2020-02-19 08:45:00,1.759,5.123347
2020-02-19 09:00:00,1.548,5.2048726
2020-02-19 09:15:00,1.688,5.486752
2020-02-19 09:30:00,1.407,5.524288
2020-02-19 09:45:00,0.915,5.8518806
2020-02-19 10:00:00,0.563,5.238937
2020-02-19 10:15:00,1.196,4.8291674
2020-02-19 10:30:00,0.774,5.2096643
2020-02-19 10:45:00,0.844,4.6987877
2020-02-19 11:00:00,0.774,4.744208
2020-02-19 11:15:00,0.915,4.9371033
2020-02-19 11:30:00,1.477,5.185051
2020-02-19 11:45:00,2.04,5.0146537
2020-02-19 12:00:00,2.392,5.0963593
2020-02-19 12:15:00,2.11,5.9554777
2020-02-19 12:30:00,2.181,5.6109943
2020-02-19 12:45:00,2.04,5.2970195
2020-02-19 13:00:00,2.11,5.8341045
2020-02-19 13:15:00,1.97,6.2130814
2020-02-19 13:30:00,1.97,6.298309
2020-02-19 13:45:00,2.603,6.210185
2020-02-19 14:00:00,2.955,6.2286525
2020-02-19 14:15:00,3.306,6.0896263
2020-02-19 14:30:00,3.588,6.0940385
2020-02-19 14:45:00,3.166,6.4023294
2020-02-19 15:00:00,2.955,6.2613072
2020-02-19 15:15:00,3.095,6.4032903
2020-02-19 15:30:00,3.166,6.1316857
2020-02-19 15:45:00,3.095,6.3180075
2020-02-19 16:00:00,2.884,6.2128887
2020-02-19 16:15:00,2.955,5.9133005
2020-02-19 16:30:00,2.955,5.9749284
2020-02-19 16:45:00,2.744,5.683775
2020-02-19 17:00:00,3.025,5.6143084
2020-02-19 17:15:00,3.025,5.7517195
2020-02-19 17:30:00,2.884,5.6378875
2020-02-19 17:45:00,2.955,5.760993
2020-02-19 18:00:00,3.025,6.0927916
2020-02-19 18:15:00,3.377,6.272949
2020-02-19 18:30:00,3.588,6.203536
2020-02-19 18:45:00,3.588,5.5619645
2020-02-19 19:00:00,3.517,4.711116
2020-02-19 19:15:00,3.377,3.776528
2020-02-19 19:30:00,3.236,3.239152
2020-02-19 19:45:00,3.236,3.5310042
2020-02-19 20:00:00,3.306,3.9081407
2020-02-19 20:15:00,3.799,4.7366343
2020-02-19 20:30:00,3.658,4.7479525
2020-02-19 20:45:00,3.728,4.997169
2020-02-19 21:00:00,3.658,4.9307456
2020-02-19 21:15:00,3.799,4.8114405
2020-02-19 21:30:00,3.658,4.9647207
2020-02-19 21:45:00,3.447,5.166398
2020-02-19 22:00:00,3.447,5.2704563
2020-02-19 22:15:00,3.658,5.27289
2020-02-19 22:30:00,3.869,5.6278157
2020-02-19 22:45:00,3.588,6.097336
2020-02-19 23:00:00,3.728,6.782468
2020-02-19 23:15:00,3.658,6.9657006
2020-02-19 23:30:00,3.588,7.3613167
2020-02-19 23:45:00,3.939,7.6040764
2020-02-20 00:00:00,3.799,7.55245
2020-02-20 00:15:00,3.869,7.3749857
2020-02-20 00:30:00,3.799,7.156439
2020-02-20 00:45:00,3.517,8.669777
2020-02-20 01:00:00,4.08,8.411641
2020-02-20 01:15:00,4.01,7.598023
2020-02-20 01:30:00,3.728,7.959128
2020-02-20 01:45:00,3.447,8.406824
2020-02-20 02:00:00,3.447,8.874181
2020-02-20 02:15:00,3.658,9.260218
2020-02-20 02:30:00,3.588,9.465022
2020-02-20 02:45:00,3.658,9.6417265
2020-02-20 03:00:00,3.658,9.769358
2020-02-20 03:15:00,3.236,9.766619
2020-02-20 03:30:00,3.588,9.849677
2020-02-20 03:45:00,3.447,9.784345
2020-02-20 04:00:00,3.236,9.754603
2020-02-20 04:15:00,3.236,9.584643
2020-02-20 04:30:00,3.306,9.77525
2020-02-20 04:45:00,3.588,9.701775
2020-02-20 05:00:00,3.517,9.51756
2020-02-20 05:15:00,3.166,9.080034
2020-02-20 05:30:00,3.095,9.0651455
2020-02-20 05:45:00,2.814,8.808241
2020-02-20 06:00:00,2.814,8.590484
2020-02-20 06:15:00,2.884,8.041817
2020-02-20 06:30:00,2.603,7.9063845
2020-02-20 06:45:00,2.603,7.5471053
2020-02-20 07:00:00,2.462,6.8914165
2020-02-20 07:15:00,2.251,6.263585
2020-02-20 07:30:00,2.532,5.4925365
2020-02-20 07:45:00,2.532,4.626664
2020-02-20 08:00:00,2.673,4.461364
2020-02-20 08:15:00,2.744,4.5951896
2020-02-20 08:30:00,2.673,4.494892
2020-02-20 08:45:00,2.603,4.3088694
2020-02-20 09:00:00,2.673,4.3634706
2020-02-20 09:15:00,2.462,4.102437
2020-02-20 09:30:00,2.462,4.0982056
2020-02-20 09:45:00,2.603,4.2256675
2020-02-20 10:00:00,1.97,4.4949894
2020-02-20 10:15:00,1.829,4.265306
2020-02-20 10:30:00,0.844,4.5318155
2020-02-20 10:45:00,0.774,4.709944
2020-02-20 11:00:00,0.703,4.5214987
2020-02-20 11:15:00,0.774,4.313614
2020-02-20 11:30:00,0.0,4.529061
2020-02-20 11:45:00,0.0,4.4272146
2020-02-20 12:00:00,0.0,4.909131
2020-02-20 12:15:00,0.492,5.2995563
2020-02-20 12:30:00,0.0,5.024488
2020-02-20 12:45:00,0.0,5.0406933
2020-02-20 13:00:00,0.0,4.97207
2020-02-20 13:15:00,0.0,5.5529523
2020-02-20 13:30:00,0.0,5.624207
2020-02-20 13:45:00,0.0,5.4184175
2020-02-20 14:00:00,0.0,5.5997567
2020-02-20 14:15:00,0.492,5.7924643
2020-02-20 14:30:00,0.0,5.848196
2020-02-20 14:45:00,0.0,5.857984
2020-02-20 15:00:00,0.633,5.750338
2020-02-20 15:15:00,0.0,5.5526304
2020-02-20 15:30:00,0.492,5.7668777
2020-02-20 15:45:00,0.0,5.561862
2020-02-20 16:00:00,0.0,5.4322667
2020-02-20 16:15:00,0.0,5.1765184
2020-02-20 16:30:00,0.0,4.9421916
2020-02-20 16:45:00,0.0,4.768342
2020-02-20 17:00:00,0.0,4.6482677
2020-02-20 17:15:00,0.0,4.524771
2020-02-20 17:30:00,0.0,4.4603825
2020-02-20 17:45:00,0.0,4.4415693
2020-02-20 18:00:00,0.0,4.395657
2020-02-20 18:15:00,0.0,4.3158245
2020-02-20 18:30:00,0.0,4.0375786
2020-02-20 18:45:00,-0.633,3.752327
2020-02-20 19:00:00,0.0,3.5162542
2020-02-20 19:15:00,0.0,3.3025787
2020-02-20 19:30:00,-0.633,3.2135208
2020-02-20 19:45:00,0.0,3.2008657
2020-02-20 20:00:00,0.0,3.0890546
2020-02-20 20:15:00,0.0,2.879283
2020-02-20 20:30:00,0.915,2.9033017
2020-02-20 20:45:00,1.407,2.6543932
2020-02-20 21:00:00,1.899,2.0879793
2020-02-20 21:15:00,2.04,1.747796
2020-02-20 21:30:00,1.97,1.8208418
2020-02-20 21:45:00,2.744,1.9914255
2020-02-20 22:00:00,2.181,1.9735653
2020-02-20 22:15:00,2.11,2.1017685
2020-02-20 22:30:00,2.04,2.1849241
2020-02-20 22:45:00,2.04,2.4783702
2020-02-20 23:00:00,2.321,2.7921133
2020-02-20 23:15:00,2.532,3.224339
2020-02-20 23:30:00,2.744,4.256895
2020-02-20 23:45:00,2.673,4.448132
2020-02-21 00:00:00,2.532,5.658003
2020-02-21 00:15:00,2.251,5.944284
2020-02-21 00:30:00,2.321,6.5178576
2020-02-21 00:45:00,2.744,7.666094
2020-02-21 01:00:00,2.462,7.7698674
2020-02-21 01:15:00,2.532,7.5855775
2020-02-21 01:30:00,2.462,7.767477
2020-02-21 01:45:00,2.532,7.881809
2020-02-21 02:00:00,2.814,7.615752
2020-02-21 02:15:00,2.744,7.854783
2020-02-21 02:30:00,2.532,7.943383
2020-02-21 02:45:00,2.532,8.078547
2020-02-21 03:00:00,2.462,8.14196
2020-02-21 03:15:00,2.673,8.055912
2020-02-21 03:30:00,2.744,8.205733
2020-02-21 03:45:00,2.673,8.207993
2020-02-21 04:00:00,2.603,8.29781
2020-02-21 04:15:00,2.814,7.8337517
2020-02-21 04:30:00,2.814,8.13357
2020-02-21 04:45:00,2.814,7.8135333
2020-02-21 05:00:00,2.532,7.4968367
2020-02-21 05:15:00,2.603,6.7977266
2020-02-21 05:30:00,2.532,6.5577836
2020-02-21 05:45:00,2.321,6.0330486
2020-02-21 06:00:00,2.462,5.419897
2020-02-21 06:15:00,2.251,5.2651596
2020-02-21 06:30:00,2.392,4.9937773
2020-02-21 06:45:00,2.532,4.753234
2020-02-21 07:00:00,2.673,4.5037208
2020-02-21 07:15:00,2.744,4.271561
2020-02-21 07:30:00,2.744,4.1882772
2020-02-21 07:45:00,2.603,3.9351327
2020-02-21 08:00:00,2.814,4.038315
2020-02-21 08:15:00,3.025,3.7687726
2020-02-21 08:30:00,2.884,3.7247539
2020-02-21 08:45:00,2.884,3.7965894
2020-02-21 09:00:00,2.744,4.0207453
2020-02-21 09:15:00,2.884,4.0010757
2020-02-21 09:30:00,2.955,4.0519085
2020-02-21 09:45:00,2.814,4.432555
2020-02-21 10:00:00,2.744,4.284315
2020-02-21 10:15:00,3.166,4.12688
2020-02-21 10:30:00,3.095,4.9019995
2020-02-21 10:45:00,3.025,5.0238075
2020-02-21 11:00:00,2.884,5.049881
2020-02-21 11:15:00,2.884,4.8114853
2020-02-21 11:30:00,2.673,5.050621
2020-02-21 11:45:00,2.603,5.1194882
2020-02-21 12:00:00,2.603,5.2568407
2020-02-21 12:15:00,2.532,5.5310884
2020-02-21 12:30:00,2.744,5.4467897
2020-02-21 12:45:00,2.955,5.195128
2020-02-21 13:00:00,2.744,4.8849096
2020-02-21 13:15:00,2.744,4.4003596
2020-02-21 13:30:00,2.744,4.3238897
2020-02-21 13:45:00,2.532,4.6269855
2020-02-21 14:00:00,2.532,4.706458
2020-02-21 14:15:00,2.884,5.1420317
2020-02-21 14:30:00,2.884,5.136957
2020-02-21 14:45:00,3.095,5.3976717
2020-02-21 15:00:00,2.955,5.4178886
2020-02-21 15:15:00,3.166,5.249558
2020-02-21 15:30:00,3.236,5.3955207
2020-02-21 15:45:00,2.814,5.097627
2020-02-21 16:00:00,2.884,5.2425203
2020-02-21 16:15:00,2.744,5.2440615
2020-02-21 16:30:00,3.166,5.4109273
2020-02-21 16:45:00,3.025,5.238713
2020-02-21 17:00:00,3.166,5.3058147
2020-02-21 17:15:00,3.306,5.2649255
2020-02-21 17:30:00,3.166,5.2488613
2020-02-21 17:45:00,3.306,5.3349004
2020-02-21 18:00:00,3.236,5.2689357
2020-02-21 18:15:00,3.517,5.1974144
2020-02-21 18:30:00,3.658,5.0371017
2020-02-21 18:45:00,3.799,4.720642
2020-02-21 19:00:00,3.869,4.4891896
2020-02-21 19:15:00,4.15,4.3765764
2020-02-21 19:30:00,3.939,3.8503735
2020-02-21 19:45:00,4.221,3.68014
2020-02-21 20:00:00,4.221,3.7241669
2020-02-21 20:15:00,4.854,3.7669458
2020-02-21 20:30:00,4.854,3.9192848
2020-02-21 20:45:00,5.206,3.9622107
2020-02-21 21:00:00,5.346,4.074633
2020-02-21 21:15:00,5.065,3.9663746
2020-02-21 21:30:00,4.854,4.084904
2020-02-21 21:45:00,4.995,4.149635
2020-02-21 22:00:00,5.346,4.1629333
2020-02-21 22:15:00,5.206,4.2428355
2020-02-21 22:30:00,4.924,4.3069344
2020-02-21 22:45:00,4.995,4.490743
2020-02-21 23:00:00,5.206,4.7094307
2020-02-21 23:15:00,5.276,5.077445
2020-02-21 23:30:00,4.995,5.499996
2020-02-21 23:45:00,5.206,6.003775
2020-02-22 00:00:00,5.206,6.331625
2020-02-22 00:15:00,5.065,7.1775274
2020-02-22 00:30:00,5.557,8.278687
2020-02-22 00:45:00,5.557,9.121164
2020-02-22 01:00:00,5.487,8.511261
2020-02-22 01:15:00,5.487,7.6841793
2020-02-22 01:30:00,5.065,7.9461017
2020-02-22 01:45:00,5.135,8.036086
2020-02-22 02:00:00,5.206,8.248131
2020-02-22 02:15:00,5.206,8.223773
2020-02-22 02:30:00,5.206,8.276619
2020-02-22 02:45:00,5.276,8.275591
2020-02-22 03:00:00,4.854,8.260614
2020-02-22 03:15:00,5.135,8.197765
2020-02-22 03:30:00,5.417,8.23082
2020-02-22 03:45:00,4.924,8.245502
2020-02-22 04:00:00,4.924,8.366907
2020-02-22 04:15:00,4.924,8.218405
2020-02-22 04:30:00,5.135,8.201811
2020-02-22 04:45:00,5.135,8.146662
2020-02-22 05:00:00,4.995,8.19763
2020-02-22 05:15:00,5.206,7.8714714
2020-02-22 05:30:00,4.924,7.828276
2020-02-22 05:45:00,4.854,7.714821
2020-02-22 06:00:00,4.784,7.5686483
2020-02-22 06:15:00,4.784,6.700214
2020-02-22 06:30:00,4.713,6.5670757
2020-02-22 06:45:00,4.784,6.33444
2020-02-22 07:00:00,4.784,6.0794787
2020-02-22 07:15:00,4.924,5.478703
2020-02-22 07:30:00,4.924,5.190416
2020-02-22 07:45:00,4.995,4.925967
2020-02-22 08:00:00,5.206,4.6954055
2020-02-22 08:15:00,5.417,4.538843
2020-02-22 08:30:00,5.557,4.7689304
2020-02-22 08:45:00,5.557,4.671293
2020-02-22 09:00:00,5.276,4.9241676
2020-02-22 09:15:00,5.206,5.5282555
2020-02-22 09:30:00,4.924,6.096444
2020-02-22 09:45:00,4.854,7.0841084
2020-02-22 10:00:00,4.643,7.6934795
2020-02-22 10:15:00,4.995,9.090551
2020-02-22 10:30:00,4.854,9.717394
2020-02-22 10:45:00,5.065,10.800839
2020-02-22 11:00:00,5.346,10.714869
2020-02-22 11:15:00,4.995,10.850195
2020-02-22 11:30:00,5.206,11.220164
2020-02-22 11:45:00,5.065,11.017115
2020-02-22 12:00:00,4.924,10.958402
2020-02-22 12:15:00,4.573,10.933721
2020-02-22 12:30:00,4.502,10.791415
2020-02-22 12:45:00,4.643,10.950102
2020-02-22 13:00:00,4.362,10.891985
2020-02-22 13:15:00,4.502,10.89492
2020-02-22 13:30:00,4.854,11.283344
2020-02-22 13:45:00,5.346,11.19936
2020-02-22 14:00:00,5.557,11.361541
2020-02-22 14:15:00,5.206,11.135077
2020-02-22 14:30:00,4.784,11.175095
2020-02-22 14:45:00,4.854,11.385845
2020-02-22 15:00:00,4.784,11.84856
2020-02-22 15:15:00,4.713,11.390888
2020-02-22 15:30:00,4.432,12.217762
2020-02-22 15:45:00,4.432,11.994252
2020-02-22 16:00:00,4.432,12.065028
2020-02-22 16:15:00,4.573,12.204933
2020-02-22 16:30:00,4.362,12.29685
2020-02-22 16:45:00,4.432,12.103023
2020-02-22 17:00:00,4.432,11.7556095
2020-02-22 17:15:00,4.432,11.752259
2020-02-22 17:30:00,4.502,11.337742
2020-02-22 17:45:00,4.643,10.741584
2020-02-22 18:00:00,5.557,10.709016
2020-02-22 18:15:00,5.346,10.566214
2020-02-22 18:30:00,4.995,10.080887
2020-02-22 18:45:00,4.854,9.780875
2020-02-22 19:00:00,4.643,9.654831
2020-02-22 19:15:00,4.643,9.439468
2020-02-22 19:30:00,4.643,9.077333
2020-02-22 19:45:00,4.643,8.493402
2020-02-22 20:00:00,4.854,8.12206
2020-02-22 20:15:00,4.573,8.03548
2020-02-22 20:30:00,4.924,8.169083
2020-02-22 20:45:00,5.417,8.201686
2020-02-22 21:00:00,5.417,8.158041
2020-02-22 21:15:00,5.206,8.097115
2020-02-22 21:30:00,5.557,8.073923
2020-02-22 21:45:00,5.276,8.135496
2020-02-22 22:00:00,5.276,8.1707115
2020-02-22 22:15:00,5.417,8.32879
2020-02-22 22:30:00,5.487,8.80165
2020-02-22 22:45:00,5.839,9.092682
2020-02-22 23:00:00,5.698,9.264698
2020-02-22 23:15:00,5.909,9.374346
2020-02-22 23:30:00,5.768,9.488779
2020-02-22 23:45:00,5.276,9.529532
2020-02-23 00:00:00,5.698,9.579464
2020-02-23 00:15:00,5.417,9.561894
2020-02-23 00:30:00,5.698,9.131453
2020-02-23 00:45:00,5.346,8.815805
2020-02-23 01:00:00,4.995,8.478771
2020-02-23 01:15:00,5.135,8.35541
2020-02-23 01:30:00,4.995,8.354073
2020-02-23 01:45:00,4.924,8.384088
2020-02-23 02:00:00,4.995,8.497738
2020-02-23 02:15:00,5.206,8.595293
2020-02-23 02:30:00,5.346,8.611384
2020-02-23 02:45:00,5.206,8.617531
2020-02-23 03:00:00,5.276,8.775264
2020-02-23 03:15:00,4.924,8.816059
2020-02-23 03:30:00,4.643,8.742636
2020-02-23 03:45:00,4.643,8.698546
2020-02-23 04:00:00,4.502,8.883358
2020-02-23 04:15:00,4.854,8.847076
2020-02-23 04:30:00,4.854,8.812505
2020-02-23 04:45:00,4.502,8.723362
2020-02-23 05:00:00,4.502,8.875552
2020-02-23 05:15:00,4.784,8.808404
2020-02-23 05:30:00,4.643,8.779043
2020-02-23 05:45:00,4.573,8.7209635
2020-02-23 06:00:00,4.221,8.770974
2020-02-23 06:15:00,4.291,8.709352
2020-02-23 06:30:00,3.939,8.666302
2020-02-23 06:45:00,3.939,8.598549
2020-02-23 07:00:00,3.939,8.506992
2020-02-23 07:15:00,4.08,8.296353
2020-02-23 07:30:00,4.432,8.169075
2020-02-23 07:45:00,4.643,8.189909
2020-02-23 08:00:00,4.854,8.492264
2020-02-23 08:15:00,4.854,8.614517
2020-02-23 08:30:00,4.713,8.800134
2020-02-23 08:45:00,4.995,8.887945
2020-02-23 09:00:00,4.643,9.0035515
2020-02-23 09:15:00,4.924,9.312969
2020-02-23 09:30:00,5.698,11.096717
2020-02-23 09:45:00,5.979,11.144939
2020-02-23 10:00:00,5.839,11.170186
2020-02-23 10:15:00,5.417,11.165349
2020-02-23 10:30:00,5.487,11.152764
2020-02-23 10:45:00,5.628,11.144186
2020-02-23 11:00:00,5.768,10.805067
2020-02-23 11:15:00,5.487,10.686617
2020-02-23 11:30:00,5.346,10.676853
2020-02-23 11:45:00,5.417,10.678406
2020-02-23 12:00:00,5.628,10.699318
2020-02-23 12:15:00,5.909,10.833784
2020-02-23 12:30:00,5.698,10.957485
2020-02-23 12:45:00,5.417,11.068657
2020-02-23 13:00:00,4.854,10.922922
2020-02-23 13:15:00,6.331,10.761899
2020-02-23 13:30:00,7.386,10.767906
2020-02-23 13:45:00,7.879,10.804318
2020-02-23 14:00:00,8.371,10.817792
2020-02-23 14:15:00,8.16,10.858982
2020-02-23 14:30:00,7.386,10.8712635
2020-02-23 14:45:00,7.316,10.911603
2020-02-23 15:00:00,6.894,10.956289
2020-02-23 15:15:00,6.824,11.025215
2020-02-23 15:30:00,6.824,11.182364
2020-02-23 15:45:00,6.964,11.450655
2020-02-23 16:00:00,7.386,11.727848
2020-02-23 16:15:00,7.316,11.981242
2020-02-23 16:30:00,6.824,12.061814
2020-02-23 16:45:00,6.964,11.931747
2020-02-23 17:00:00,7.105,12.034124
2020-02-23 17:15:00,7.527,12.223827
2020-02-23 17:30:00,8.09,12.462956
2020-02-23 17:45:00,8.02,12.323071
2020-02-23 18:00:00,7.738,12.2522545
2020-02-23 18:15:00,7.738,11.990242
2020-02-23 18:30:00,7.457,10.973705
2020-02-23 18:45:00,6.964,10.417836
2020-02-23 19:00:00,6.894,10.193106
2020-02-23 19:15:00,6.824,9.978443
2020-02-23 19:30:00,6.753,9.90881
2020-02-23 19:45:00,6.613,9.794079
2020-02-23 20:00:00,6.12,9.735094
2020-02-23 20:15:00,6.05,9.714993
2020-02-23 20:30:00,5.979,9.774551
2020-02-23 20:45:00,5.557,9.6978035
2020-02-23 21:00:00,5.768,9.800794
2020-02-23 21:15:00,5.909,9.864927
2020-02-23 21:30:00,5.698,9.886278
2020-02-23 21:45:00,5.698,9.89414
2020-02-23 22:00:00,5.346,9.995177
2020-02-23 22:15:00,5.417,10.085735
2020-02-23 22:30:00,5.206,10.080963
2020-02-23 22:45:00,5.346,10.067655
2020-02-23 23:00:00,5.135,10.065455
2020-02-23 23:15:00,5.628,10.143175
2020-02-23 23:30:00,5.487,10.092083
2020-02-23 23:45:00,5.487,10.077135
2020-02-24 00:00:00,5.487,10.240513
2020-02-24 00:15:00,5.346,10.443582
2020-02-24 00:30:00,5.698,9.939656
2020-02-24 00:45:00,5.135,10.397714
2020-02-24 01:00:00,4.995,10.532801
2020-02-24 01:15:00,4.784,10.298994
2020-02-24 01:30:00,4.854,10.245165
2020-02-24 01:45:00,4.995,10.215189
2020-02-24 02:00:00,5.065,10.211396
2020-02-24 02:15:00,5.065,10.167379
2020-02-24 02:30:00,4.924,10.08658
2020-02-24 02:45:00,4.924,10.091777
2020-02-24 03:00:00,4.924,10.079512
2020-02-24 03:15:00,4.432,10.033598
2020-02-24 03:30:00,4.432,9.897167
2020-02-24 03:45:00,4.713,9.908648
2020-02-24 04:00:00,4.854,9.925161
2020-02-24 04:15:00,4.502,9.879576
2020-02-24 04:30:00,4.502,9.746766
2020-02-24 04:45:00,4.784,9.685287
2020-02-24 05:00:00,4.854,9.724513
2020-02-24 05:15:00,5.487,9.741621
2020-02-24 05:30:00,5.557,9.664082
2020-02-24 05:45:00,5.768,9.6521845
2020-02-24 06:00:00,5.417,9.637377
2020-02-24 06:15:00,5.417,9.784534
2020-02-24 06:30:00,5.346,9.666693
2020-02-24 06:45:00,4.643,9.65221
2020-02-24 07:00:00,4.362,9.582842
2020-02-24 07:15:00,4.784,9.65041
2020-02-24 07:30:00,4.291,9.601299
2020-02-24 07:45:00,4.643,9.374363
2020-02-24 08:00:00,5.135,9.140449
2020-02-24 08:15:00,5.206,8.757935
2020-02-24 08:30:00,5.346,8.745723
2020-02-24 08:45:00,5.276,8.972912
2020-02-24 09:00:00,5.346,9.06222
2020-02-24 09:15:00,5.839,9.18454
2020-02-24 09:30:00,6.191,9.215008
2020-02-24 09:45:00,6.402,9.271236
2020-02-24 10:00:00,6.331,9.698792
2020-02-24 10:15:00,6.472,9.665468
2020-02-24 10:30:00,6.191,9.927954
2020-02-24 10:45:00,5.487,9.984235
2020-02-24 11:00:00,5.206,9.765593
2020-02-24 11:15:00,5.135,10.148056
2020-02-24 11:30:00,5.206,9.949806
2020-02-24 11:45:00,4.784,10.14212
2020-02-24 12:00:00,4.573,10.560381
2020-02-24 12:15:00,4.221,11.11467
2020-02-24 12:30:00,4.291,11.092482
2020-02-24 12:45:00,4.291,10.279875
2020-02-24 13:00:00,4.362,10.978741
2020-02-24 13:15:00,4.291,10.906493
2020-02-24 13:30:00,4.573,11.371445
2020-02-24 13:45:00,4.432,10.679426
2020-02-24 14:00:00,4.995,11.54759
2020-02-24 14:15:00,4.924,11.061779
2020-02-24 14:30:00,4.995,11.824383
2020-02-24 14:45:00,4.643,11.3224125
2020-02-24 15:00:00,4.995,10.300141
2020-02-24 15:15:00,4.643,10.18881
2020-02-24 15:30:00,4.573,10.161824
2020-02-24 15:45:00,4.502,10.168077
2020-02-24 16:00:00,4.432,10.556076
2020-02-24 16:15:00,4.502,10.928703
2020-02-24 16:30:00,4.643,10.489878
2020-02-24 16:45:00,4.362,10.12928
2020-02-24 17:00:00,4.784,10.105285
2020-02-24 17:15:00,4.713,10.132963
2020-02-24 17:30:00,4.924,10.462271
2020-02-24 17:45:00,5.698,10.511604
2020-02-24 18:00:00,5.979,10.323851
2020-02-24 18:15:00,5.417,10.332163
2020-02-24 18:30:00,5.628,10.382542
2020-02-24 18:45:00,5.839,10.312129
2020-02-24 19:00:00,5.768,10.284442
2020-02-24 19:15:00,5.628,10.207401
2020-02-24 19:30:00,5.839,10.257208
2020-02-24 19:45:00,5.628,10.180402
2020-02-24 20:00:00,5.628,10.183754
2020-02-24 20:15:00,5.065,10.051958
2020-02-24 20:30:00,4.995,10.0816555
2020-02-24 20:45:00,5.346,10.01489
2020-02-24 21:00:00,5.487,10.0305805
2020-02-24 21:15:00,5.487,10.074858
2020-02-24 21:30:00,5.839,10.110209
2020-02-24 21:45:00,5.206,10.1063595
2020-02-24 22:00:00,4.362,10.063365
2020-02-24 22:15:00,4.502,10.206252
2020-02-24 22:30:00,4.643,10.228285
2020-02-24 22:45:00,4.713,10.179809
2020-02-24 23:00:00,4.643,10.175928
2020-02-24 23:15:00,4.221,10.36268
2020-02-24 23:30:00,4.502,10.3651085
2020-02-24 23:45:00,4.643,10.387023
2020-02-25 00:00:00,3.869,10.476078
2020-02-25 00:15:00,3.658,10.609196
2020-02-25 00:30:00,3.588,10.493416
2020-02-25 00:45:00,3.939,11.247944
2020-02-25 01:00:00,3.869,11.284012
2020-02-25 01:15:00,3.939,11.377747
2020-02-25 01:30:00,3.588,11.354358
2020-02-25 01:45:00,3.588,11.310412
2020-02-25 02:00:00,3.306,11.339868
2020-02-25 02:15:00,3.306,11.321522
2020-02-25 02:30:00,3.306,11.292238
2020-02-25 02:45:00,3.306,11.242495
2020-02-25 03:00:00,3.447,11.284
2020-02-25 03:15:00,3.588,11.241093
2020-02-25 03:30:00,3.447,11.201534
2020-02-25 03:45:00,3.517,11.153688
2020-02-25 04:00:00,3.306,11.178959
2020-02-25 04:15:00,3.095,11.075268
2020-02-25 04:30:00,2.744,11.013622
2020-02-25 04:45:00,2.814,11.0251
2020-02-25 05:00:00,2.744,11.060213
2020-02-25 05:15:00,2.532,10.8666
2020-02-25 05:30:00,2.673,10.776529
2020-02-25 05:45:00,2.884,10.754666
2020-02-25 06:00:00,3.166,10.746565
2020-02-25 06:15:00,3.869,10.366177
2020-02-25 06:30:00,3.728,10.260299
2020-02-25 06:45:00,3.306,10.230971
2020-02-25 07:00:00,4.08,10.1365185
2020-02-25 07:15:00,4.362,9.924608
2020-02-25 07:30:00,4.291,9.607948
2020-02-25 07:45:00,3.799,9.390635
2020-02-25 08:00:00,3.658,9.374032
2020-02-25 08:15:00,3.588,9.492947
2020-02-25 08:30:00,3.025,9.335831
2020-02-25 08:45:00,2.955,9.394825
2020-02-25 09:00:00,2.814,9.598368
2020-02-25 09:15:00,2.884,9.63094
2020-02-25 09:30:00,3.095,9.702815
2020-02-25 09:45:00,3.306,9.271941
2020-02-25 10:00:00,3.306,9.625919
2020-02-25 10:15:00,3.447,10.25691
2020-02-25 10:30:00,3.728,10.798428
2020-02-25 10:45:00,3.939,10.50561
2020-02-25 11:00:00,4.432,9.752572
2020-02-25 11:15:00,4.713,9.876749
2020-02-25 11:30:00,4.995,10.777064
2020-02-25 11:45:00,5.135,11.243535
2020-02-25 12:00:00,5.206,11.4994755
2020-02-25 12:15:00,5.065,11.74055
2020-02-25 12:30:00,4.713,11.986754
2020-02-25 12:45:00,4.784,12.057924
2020-02-25 13:00:00,4.995,12.110994
2020-02-25 13:15:00,4.854,12.160097
2020-02-25 13:30:00,4.784,12.42578
2020-02-25 13:45:00,4.995,12.396425
2020-02-25 14:00:00,5.276,12.231211
2020-02-25 14:15:00,5.206,12.327281
2020-02-25 14:30:00,5.276,12.485932
2020-02-25 14:45:00,5.417,12.324677
2020-02-25 15:00:00,5.206,12.244791
2020-02-25 15:15:00,4.995,12.105961
2020-02-25 15:30:00,4.924,12.096253
2020-02-25 15:45:00,4.995,11.223412
2020-02-25 16:00:00,4.854,11.08803
2020-02-25 16:15:00,4.995,11.543034
2020-02-25 16:30:00,5.065,11.17504
2020-02-25 16:45:00,5.206,10.412418
2020-02-25 17:00:00,5.557,10.243062
2020-02-25 17:15:00,5.698,10.282934
2020-02-25 17:30:00,5.768,10.172662
2020-02-25 17:45:00,6.191,10.140201
2020-02-25 18:00:00,5.979,10.211175
2020-02-25 18:15:00,5.698,10.180145
2020-02-25 18:30:00,5.909,10.231802
2020-02-25 18:45:00,5.135,10.121487
2020-02-25 19:00:00,4.995,10.121574
2020-02-25 19:15:00,4.784,10.138812
2020-02-25 19:30:00,5.206,10.165382
2020-02-25 19:45:00,5.276,10.16698
2020-02-25 20:00:00,5.346,10.14916
2020-02-25 20:15:00,5.276,9.995331
2020-02-25 20:30:00,5.206,10.026192
2020-02-25 20:45:00,5.276,9.995381
2020-02-25 21:00:00,5.206,9.973429
2020-02-25 21:15:00,5.276,10.0363655
2020-02-25 21:30:00,5.276,10.11278
2020-02-25 21:45:00,5.206,10.178001
2020-02-25 22:00:00,5.135,10.171958
2020-02-25 22:15:00,5.135,10.118821
2020-02-25 22:30:00,4.995,10.472318
2020-02-25 22:45:00,4.854,10.078989
2020-02-25 23:00:00,4.924,10.175051
2020-02-25 23:15:00,4.995,10.476811
2020-02-25 23:30:00,5.065,10.480129
2020-02-25 23:45:00,5.065,10.553698
2020-02-26 00:00:00,5.135,10.608267
2020-02-26 00:15:00,4.854,10.666079
2020-02-26 00:30:00,4.924,10.212402
2020-02-26 00:45:00,5.065,10.54664
2020-02-26 01:00:00,4.643,10.754085
2020-02-26 01:15:00,4.713,10.915115
2020-02-26 01:30:00,4.573,11.118803
2020-02-26 01:45:00,4.502,11.185057
2020-02-26 02:00:00,4.502,11.251622
2020-02-26 02:15:00,4.713,11.288795
2020-02-26 02:30:00,4.643,11.39156
2020-02-26 02:45:00,4.643,11.354866
2020-02-26 03:00:00,4.573,11.371955
2020-02-26 03:15:00,4.573,11.323008
2020-02-26 03:30:00,4.713,11.349522
2020-02-26 03:45:00,4.643,11.299701
2020-02-26 04:00:00,4.643,11.2445545
2020-02-26 04:15:00,4.573,11.186942
2020-02-26 04:30:00,4.573,11.130564
2020-02-26 04:45:00,4.502,11.141821
2020-02-26 05:00:00,4.502,11.088031
2020-02-26 05:15:00,4.502,11.025154
2020-02-26 05:30:00,4.502,10.89318
2020-02-26 05:45:00,4.291,10.675857
2020-02-26 06:00:00,4.15,10.705917
2020-02-26 06:15:00,4.291,10.253257
2020-02-26 06:30:00,4.15,10.373026
2020-02-26 06:45:00,4.432,9.959595
2020-02-26 07:00:00,4.573,10.38496
2020-02-26 07:15:00,4.713,9.616619
2020-02-26 07:30:00,4.643,8.572643
2020-02-26 07:45:00,4.643,7.4832873
2020-02-26 08:00:00,4.713,6.708643
2020-02-26 08:15:00,4.924,6.9042034
2020-02-26 08:30:00,5.206,6.65972
2020-02-26 08:45:00,5.487,6.3094425
2020-02-26 09:00:00,5.346,5.812827
2020-02-26 09:15:00,5.206,5.898832
2020-02-26 09:30:00,5.417,6.392853
2020-02-26 09:45:00,5.979,7.746395
2020-02-26 10:00:00,6.191,10.000814
2020-02-26 10:15:00,6.261,10.6683
2020-02-26 10:30:00,6.261,11.1890745
2020-02-26 10:45:00,6.331,11.344749
2020-02-26 11:00:00,6.331,11.384569
2020-02-26 11:15:00,6.261,11.380559
2020-02-26 11:30:00,6.331,11.504453
2020-02-26 11:45:00,6.05,11.55089
2020-02-26 12:00:00,5.979,11.521396
2020-02-26 12:15:00,5.979,11.607185
2020-02-26 12:30:00,5.909,11.627768
2020-02-26 12:45:00,6.261,11.633266
2020-02-26 13:00:00,6.753,11.653344
2020-02-26 13:15:00,6.753,11.715991
2020-02-26 13:30:00,7.597,11.754689
2020-02-26 13:45:00,8.16,11.780076
2020-02-26 14:00:00,7.809,11.799334
2020-02-26 14:15:00,8.442,11.82443
2020-02-26 14:30:00,8.442,11.920101
2020-02-26 14:45:00,8.442,11.897251
2020-02-26 15:00:00,8.16,11.959831
2020-02-26 15:15:00,8.301,12.064447
2020-02-26 15:30:00,8.09,12.183704
2020-02-26 15:45:00,8.301,12.308111
2020-02-26 16:00:00,8.231,12.354658
2020-02-26 16:15:00,8.16,12.42331
2020-02-26 16:30:00,8.02,12.50016
2020-02-26 16:45:00,8.442,12.551307
2020-02-26 17:00:00,8.371,12.570749
2020-02-26 17:15:00,8.512,12.473417
2020-02-26 17:30:00,8.723,12.386467
2020-02-26 17:45:00,8.653,11.953494
2020-02-26 18:00:00,8.16,11.841915
2020-02-26 18:15:00,7.879,10.893406
2020-02-26 18:30:00,7.809,10.661686
2020-02-26 18:45:00,7.527,9.692137
2020-02-26 19:00:00,7.316,8.613205
2020-02-26 19:15:00,7.316,8.757947
2020-02-26 19:30:00,6.613,8.621402
2020-02-26 19:45:00,6.402,8.346036
2020-02-26 20:00:00,6.402,8.360365
2020-02-26 20:15:00,6.331,8.94795
2020-02-26 20:30:00,6.12,8.908451
2020-02-26 20:45:00,6.12,9.071407
2020-02-26 21:00:00,6.12,9.200018
2020-02-26 21:15:00,5.979,9.355482
2020-02-26 21:30:00,5.909,9.502799
2020-02-26 21:45:00,6.05,9.764253
2020-02-26 22:00:00,5.768,9.815718
2020-02-26 22:15:00,5.909,10.091343
2020-02-26 22:30:00,5.839,10.180279
2020-02-26 22:45:00,6.05,10.365951
2020-02-26 23:00:00,5.839,10.29618
2020-02-26 23:15:00,5.839,10.591448
2020-02-26 23:30:00,5.909,10.490444
2020-02-26 23:45:00,5.839,10.4693985
2020-02-27 00:00:00,5.698,10.474237
2020-02-27 00:15:00,5.346,10.390954
2020-02-27 00:30:00,5.346,9.950608
2020-02-27 00:45:00,4.995,10.76067
2020-02-27 01:00:00,5.417,11.114582
2020-02-27 01:15:00,5.839,9.69433
2020-02-27 01:30:00,5.557,9.55246
2020-02-27 01:45:00,5.839,9.976505
2020-02-27 02:00:00,5.768,9.620792
2020-02-27 02:15:00,5.698,10.115959
2020-02-27 02:30:00,5.487,10.025809
2020-02-27 02:45:00,5.206,10.309081
2020-02-27 03:00:00,5.346,10.740578
2020-02-27 03:15:00,5.346,10.511675
2020-02-27 03:30:00,5.206,9.487913
2020-02-27 03:45:00,5.135,10.66847
2020-02-27 04:00:00,5.628,10.65026
2020-02-27 04:15:00,5.557,9.568087
2020-02-27 04:30:00,5.346,10.375071
2020-02-27 04:45:00,4.995,9.595684
2020-02-27 05:00:00,4.995,9.357493
2020-02-27 05:15:00,5.206,8.459487
2020-02-27 05:30:00,5.276,7.5892878
2020-02-27 05:45:00,5.346,8.51804
2020-02-27 06:00:00,5.206,7.8357625
2020-02-27 06:15:00,5.065,6.466304
2020-02-27 06:30:00,5.206,6.632418
2020-02-27 06:45:00,5.206,6.5115423
2020-02-27 07:00:00,5.135,6.2230253
2020-02-27 07:15:00,5.065,5.8502717
2020-02-27 07:30:00,4.995,5.6657996
2020-02-27 07:45:00,5.487,5.218462
2020-02-27 08:00:00,5.557,5.483762
2020-02-27 08:15:00,5.417,6.021391
2020-02-27 08:30:00,5.206,4.998658
2020-02-27 08:45:00,5.065,5.2945166
2020-02-27 09:00:00,5.135,7.5074797
2020-02-27 09:15:00,4.995,9.208792
2020-02-27 09:30:00,4.995,10.536554
2020-02-27 09:45:00,5.135,10.611556
2020-02-27 10:00:00,5.346,9.928241
2020-02-27 10:15:00,5.417,10.738443
2020-02-27 10:30:00,5.557,11.150707
2020-02-27 10:45:00,5.557,11.163635
2020-02-27 11:00:00,5.346,11.227192
2020-02-27 11:15:00,5.698,11.202431
2020-02-27 11:30:00,5.698,11.221768
2020-02-27 11:45:00,5.768,11.152594
2020-02-27 12:00:00,6.331,11.238161
2020-02-27 12:15:00,6.472,11.343275
2020-02-27 12:30:00,6.894,11.433465
2020-02-27 12:45:00,7.105,11.61125
2020-02-27 13:00:00,7.457,11.741696
2020-02-27 13:15:00,7.527,11.8195915
2020-02-27 13:30:00,7.175,11.582003
2020-02-27 13:45:00,6.964,11.149966
2020-02-27 14:00:00,7.246,10.668522
2020-02-27 14:15:00,6.964,10.130578
2020-02-27 14:30:00,6.613,9.483668
2020-02-27 14:45:00,6.964,7.421686
2020-02-27 15:00:00,7.316,5.820036
2020-02-27 15:15:00,7.527,4.852143
2020-02-27 15:30:00,7.597,4.683926
2020-02-27 15:45:00,7.457,4.568864
2020-02-27 16:00:00,7.668,4.619164
2020-02-27 16:15:00,7.316,5.4852877
2020-02-27 16:30:00,7.316,5.233593
2020-02-27 16:45:00,7.246,5.4455695
2020-02-27 17:00:00,7.316,4.9463267
2020-02-27 17:15:00,7.175,5.0779552
2020-02-27 17:30:00,6.261,4.5029593
2020-02-27 17:45:00,6.191,4.475048
2020-02-27 18:00:00,5.698,4.418992
2020-02-27 18:15:00,4.995,4.4789834
2020-02-27 18:30:00,5.065,4.7978077
2020-02-27 18:45:00,5.346,4.5855
2020-02-27 19:00:00,4.854,4.481059
2020-02-27 19:15:00,4.291,5.3712015
2020-02-27 19:30:00,4.291,5.142016
2020-02-27 19:45:00,3.306,5.5829678
2020-02-27 20:00:00,3.166,6.146884
2020-02-27 20:15:00,2.744,7.3587074
2020-02-27 20:30:00,2.04,7.4637384
2020-02-27 20:45:00,1.899,7.511552
2020-02-27 21:00:00,1.829,7.636776
2020-02-27 21:15:00,1.618,7.826049
2020-02-27 21:30:00,1.407,8.035596
2020-02-27 21:45:00,1.337,7.9787416
2020-02-27 22:00:00,1.477,8.504087
2020-02-27 22:15:00,1.759,8.835049
2020-02-27 22:30:00,2.321,9.066658
2020-02-27 22:45:00,2.181,9.279287
2020-02-27 23:00:00,2.392,9.643024
2020-02-27 23:15:00,2.673,9.855238
2020-02-27 23:30:00,2.673,9.806627
2020-02-27 23:45:00,2.673,9.966865
2020-02-28 00:00:00,2.392,10.181461
2020-02-28 00:15:00,3.025,10.304256
2020-02-28 00:30:00,2.392,9.36212
2020-02-28 00:45:00,2.673,10.232757
2020-02-28 01:00:00,2.884,10.205688
2020-02-28 01:15:00,3.377,9.101385
2020-02-28 01:30:00,3.377,9.778984
2020-02-28 01:45:00,3.588,8.961311
2020-02-28 02:00:00,3.588,9.172773
2020-02-28 02:15:00,3.588,9.139899
2020-02-28 02:30:00,3.306,9.2138
2020-02-28 02:45:00,3.166,10.229855
2020-02-28 03:00:00,3.377,10.630814
2020-02-28 03:15:00,3.447,10.602194
2020-02-28 03:30:00,3.306,9.998573
2020-02-28 03:45:00,2.814,10.455325
2020-02-28 04:00:00,2.744,10.603049
2020-02-28 04:15:00,2.673,10.443193
2020-02-28 04:30:00,2.744,10.337595
2020-02-28 04:45:00,3.166,10.401454
2020-02-28 05:00:00,3.166,10.041752
2020-02-28 05:15:00,2.884,9.227831
2020-02-28 05:30:00,2.744,8.876727
2020-02-28 05:45:00,2.884,7.7327576
2020-02-28 06:00:00,3.095,6.7023535
2020-02-28 06:15:00,2.673,5.9707527
2020-02-28 06:30:00,2.392,5.005757
2020-02-28 06:45:00,2.673,5.0200024
2020-02-28 07:00:00,3.025,5.2093067
2020-02-28 07:15:00,3.095,4.3297186
2020-02-28 07:30:00,2.603,3.775859
2020-02-28 07:45:00,2.04,4.250731
2020-02-28 08:00:00,2.11,4.2123365
2020-02-28 08:15:00,1.688,3.4669142
2020-02-28 08:30:00,1.266,3.546557
2020-02-28 08:45:00,1.477,3.5566351
2020-02-28 09:00:00,1.266,3.6245458
2020-02-28 09:15:00,1.477,3.53405
2020-02-28 09:30:00,2.11,3.5203395
2020-02-28 09:45:00,2.462,3.6906524
2020-02-28 10:00:00,2.04,4.1464844
2020-02-28 10:15:00,1.688,3.7805839
2020-02-28 10:30:00,1.829,3.827147
2020-02-28 10:45:00,1.829,3.8212657
2020-02-28 11:00:00,1.97,3.8148847
2020-02-28 11:15:00,2.321,3.8379874
2020-02-28 11:30:00,2.462,4.195521
2020-02-28 11:45:00,2.603,4.4971185
2020-02-28 12:00:00,2.744,4.536882
2020-02-28 12:15:00,2.884,4.195935
2020-02-28 12:30:00,3.306,5.77708
2020-02-28 12:45:00,3.166,7.5660133
2020-02-28 13:00:00,3.025,5.8842115
2020-02-28 13:15:00,3.025,8.685612
2020-02-28 13:30:00,3.166,7.4768763
2020-02-28 13:45:00,3.166,5.3482676
2020-02-28 14:00:00,3.025,7.5184517
2020-02-28 14:15:00,3.447,5.048598
2020-02-28 14:30:00,3.306,7.1063533
2020-02-28 14:45:00,3.799,8.273705
2020-02-28 15:00:00,3.869,8.602222
2020-02-28 15:15:00,3.658,11.270461
2020-02-28 15:30:00,4.15,10.462796
2020-02-28 15:45:00,4.221,11.577696
2020-02-28 16:00:00,4.502,11.741322
2020-02-28 16:15:00,4.854,12.150114
2020-02-28 16:30:00,4.924,12.26191
2020-02-28 16:45:00,4.995,12.273748
2020-02-28 17:00:00,5.206,12.319028
2020-02-28 17:15:00,5.346,12.225494
2020-02-28 17:30:00,5.346,12.119925
2020-02-28 17:45:00,5.909,11.909722
2020-02-28 18:00:00,5.839,11.36735
2020-02-28 18:15:00,5.768,10.6951475
2020-02-28 18:30:00,5.557,10.293629
2020-02-28 18:45:00,5.909,9.720615
2020-02-28 19:00:00,5.768,9.305368
2020-02-28 19:15:00,5.487,9.39274
2020-02-28 19:30:00,5.628,9.105506
2020-02-28 19:45:00,5.487,9.056041
2020-02-28 20:00:00,5.276,8.625385
2020-02-28 20:15:00,5.135,8.995653
2020-02-28 20:30:00,5.206,9.056995
2020-02-28 20:45:00,5.206,9.108172
2020-02-28 21:00:00,4.995,9.062784
2020-02-28 21:15:00,5.206,9.3054
2020-02-28 21:30:00,5.276,9.408443
2020-02-28 21:45:00,5.417,9.5171795
2020-02-28 22:00:00,5.698,9.538513
2020-02-28 22:15:00,5.698,9.429613
2020-02-28 22:30:00,6.05,9.545742
2020-02-28 22:45:00,6.12,9.671009
2020-02-28 23:00:00,5.979,9.885705
2020-02-28 23:15:00,5.909,10.115639
2020-02-28 23:30:00,6.12,10.100453
2020-02-28 23:45:00,6.05,10.203217
2020-03-01 00:00:00,5.487,10.264861
2020-03-01 00:15:00,5.557,10.335245
2020-03-01 00:30:00,5.346,9.818556
2020-03-01 00:45:00,5.487,9.692514
2020-03-01 01:00:00,5.346,9.399537
2020-03-01 01:15:00,5.909,8.946184
2020-03-01 01:30:00,5.909,8.872187
2020-03-01 01:45:00,5.698,8.859367
2020-03-01 02:00:00,5.628,8.980188
2020-03-01 02:15:00,5.628,9.097015
2020-03-01 02:30:00,5.909,8.934415
2020-03-01 02:45:00,6.12,8.76605
2020-03-01 03:00:00,5.768,8.959956
2020-03-01 03:15:00,5.628,8.922543
2020-03-01 03:30:00,5.417,8.884467
2020-03-01 03:45:00,5.206,8.809158
2020-03-01 04:00:00,4.924,8.924153
2020-03-01 04:15:00,5.417,8.728465
2020-03-01 04:30:00,5.768,8.867112
2020-03-01 04:45:00,5.979,8.852228
2020-03-01 05:00:00,5.698,8.889864
2020-03-01 05:15:00,5.557,8.863132
2020-03-01 05:30:00,5.206,8.883347
2020-03-01 05:45:00,5.698,8.87597
2020-03-01 06:00:00,5.839,8.798091
2020-03-01 06:15:00,5.698,8.893405
2020-03-01 06:30:00,5.417,8.754271
2020-03-01 06:45:00,4.502,9.023665
2020-03-01 07:00:00,4.15,8.72584
2020-03-01 07:15:00,4.573,8.860916
2020-03-01 07:30:00,4.713,8.923107
2020-03-01 07:45:00,4.502,8.668127
2020-03-01 08:00:00,4.362,8.381756
2020-03-01 08:15:00,4.432,8.357592
2020-03-01 08:30:00,4.221,9.177971
2020-03-01 08:45:00,5.065,9.039562
2020-03-01 09:00:00,4.573,8.920726
2020-03-01 09:15:00,4.643,10.265684
2020-03-01 09:30:00,4.573,10.523494
2020-03-01 09:45:00,4.573,10.63275
2020-03-01 10:00:00,4.432,10.597614
2020-03-01 10:15:00,4.291,10.200718
2020-03-01 10:30:00,4.502,10.325903
2020-03-01 10:45:00,4.573,10.333001
2020-03-01 11:00:00,4.573,10.659427
2020-03-01 11:15:00,4.784,11.01984
2020-03-01 11:30:00,4.502,10.394718
2020-03-01 11:45:00,4.502,10.9083
2020-03-01 12:00:00,4.221,11.096084
2020-03-01 12:15:00,4.221,11.052522
2020-03-01 12:30:00,4.01,10.786081
2020-03-01 12:45:00,3.939,10.698253
2020-03-01 13:00:00,3.517,10.479185
2020-03-01 13:15:00,3.799,10.553332
2020-03-01 13:30:00,3.588,10.183466
2020-03-01 13:45:00,3.306,10.604717
2020-03-01 14:00:00,3.236,10.17762
2020-03-01 14:15:00,3.236,10.102183
2020-03-01 14:30:00,3.447,10.085896
2020-03-01 14:45:00,3.236,10.079123
2020-03-01 15:00:00,3.095,10.020465
2020-03-01 15:15:00,3.095,9.952338
2020-03-01 15:30:00,3.095,9.832893
2020-03-01 15:45:00,3.025,9.533794
2020-03-01 16:00:00,2.884,9.637907
2020-03-01 16:15:00,2.955,9.648632
2020-03-01 16:30:00,2.814,9.589021
2020-03-01 16:45:00,2.673,9.617332
2020-03-01 17:00:00,2.603,9.681856
2020-03-01 17:15:00,2.532,9.582055
2020-03-01 17:30:00,2.744,9.715077
2020-03-01 17:45:00,2.603,9.786484
2020-03-01 18:00:00,2.955,10.026361
2020-03-01 18:15:00,2.884,9.995311
2020-03-01 18:30:00,2.884,10.343973
2020-03-01 18:45:00,2.603,10.538575
2020-03-01 19:00:00,2.462,10.5786495
2020-03-01 19:15:00,2.462,10.572225
2020-03-01 19:30:00,2.532,10.532433
2020-03-01 19:45:00,2.603,10.558949
2020-03-01 20:00:00,2.744,10.50651
2020-03-01 20:15:00,2.673,10.556577
2020-03-01 20:30:00,1.829,10.605356
2020-03-01 20:45:00,1.829,10.605782
2020-03-01 21:00:00,2.11,10.613467
2020-03-01 21:15:00,2.673,10.636679
2020-03-01 21:30:00,2.532,10.664871
2020-03-01 21:45:00,2.392,10.755591
2020-03-01 22:00:00,2.321,10.852926
2020-03-01 22:15:00,2.673,10.895952
2020-03-01 22:30:00,2.673,10.812481
2020-03-01 22:45:00,2.673,10.84441
2020-03-01 23:00:00,2.673,10.811177
2020-03-01 23:15:00,2.321,10.871702
2020-03-01 23:30:00,2.321,10.813762
2020-03-01 23:45:00,2.251,10.90411
2020-03-02 00:00:00,2.181,10.913795
2020-03-02 00:15:00,2.11,10.89082
2020-03-02 00:30:00,2.251,10.670285
2020-03-02 00:45:00,1.829,10.769182
2020-03-02 01:00:00,0.0,10.6218605
2020-03-02 01:15:00,1.055,10.4847555
2020-03-02 01:30:00,1.266,10.508764
2020-03-02 01:45:00,1.477,10.27503
2020-03-02 02:00:00,0.844,10.378352
2020-03-02 02:15:00,-0.633,10.403189
2020-03-02 02:30:00,-0.563,10.231845
2020-03-02 02:45:00,0.0,10.350936
2020-03-02 03:00:00,-0.492,10.2109165
2020-03-02 03:15:00,0.0,10.130639
2020-03-02 03:30:00,0.0,10.120322
2020-03-02 03:45:00,0.0,10.079905
2020-03-02 04:00:00,0.985,10.223765
2020-03-02 04:15:00,1.477,10.069046
2020-03-02 04:30:00,1.407,9.978016
2020-03-02 04:45:00,1.829,10.0677185
2020-03-02 05:00:00,2.04,10.031874
2020-03-02 05:15:00,2.04,9.838684
2020-03-02 05:30:00,2.04,9.660858
2020-03-02 05:45:00,2.04,9.684785
2020-03-02 06:00:00,2.04,9.712406
2020-03-02 06:15:00,1.97,9.699218
2020-03-02 06:30:00,2.04,9.811957
2020-03-02 06:45:00,1.899,9.703287
2020-03-02 07:00:00,1.688,9.6192465
2020-03-02 07:15:00,1.829,9.067407
2020-03-02 07:30:00,1.759,8.388945
2020-03-02 07:45:00,1.899,8.292646
2020-03-02 08:00:00,1.759,8.735704
2020-03-02 08:15:00,1.829,9.009953
2020-03-02 08:30:00,1.899,9.20525
2020-03-02 08:45:00,1.899,9.103945
2020-03-02 09:00:00,1.899,8.973484
2020-03-02 09:15:00,2.181,9.040983
2020-03-02 09:30:00,2.11,8.874207
2020-03-02 09:45:00,2.462,8.908894
2020-03-02 10:00:00,2.321,9.340015
2020-03-02 10:15:00,2.321,10.193596
2020-03-02 10:30:00,2.532,10.170376
2020-03-02 10:45:00,2.321,10.122524
2020-03-02 11:00:00,2.321,9.986958
2020-03-02 11:15:00,2.532,9.951535
2020-03-02 11:30:00,2.673,9.943728
2020-03-02 11:45:00,2.603,10.272795
2020-03-02 12:00:00,2.884,10.281941
2020-03-02 12:15:00,2.955,10.073147
2020-03-02 12:30:00,3.166,10.004866
2020-03-02 12:45:00,2.955,10.635662
2020-03-02 13:00:00,3.166,10.573642
2020-03-02 13:15:00,2.814,10.395336
2020-03-02 13:30:00,3.095,10.683279
2020-03-02 13:45:00,3.095,10.997547
2020-03-02 14:00:00,3.166,10.799634
2020-03-02 14:15:00,3.236,10.578725
2020-03-02 14:30:00,3.236,10.999641
2020-03-02 14:45:00,3.377,10.938465
2020-03-02 15:00:00,3.236,11.075795
2020-03-02 15:15:00,3.447,11.428216
2020-03-02 15:30:00,3.588,11.509857
2020-03-02 15:45:00,3.728,11.643926
2020-03-02 16:00:00,3.728,11.558835
2020-03-02 16:15:00,3.517,11.198421
2020-03-02 16:30:00,3.728,11.4346485
2020-03-02 16:45:00,3.869,11.22261
2020-03-02 17:00:00,3.658,11.1199
2020-03-02 17:15:00,3.658,10.989457
2020-03-02 17:30:00,3.728,10.751244
2020-03-02 17:45:00,3.939,10.674065
2020-03-02 18:00:00,4.15,10.645202
2020-03-02 18:15:00,4.15,10.78421
2020-03-02 18:30:00,4.221,10.738773
2020-03-02 18:45:00,4.362,10.691988
2020-03-02 19:00:00,4.362,10.694237
2020-03-02 19:15:00,4.15,10.698754
2020-03-02 19:30:00,4.08,10.694723
2020-03-02 19:45:00,4.01,10.7127285
2020-03-02 20:00:00,4.15,10.714325
2020-03-02 20:15:00,4.15,10.71134
2020-03-02 20:30:00,4.221,10.714176
2020-03-02 20:45:00,3.939,10.730608
2020-03-02 21:00:00,4.15,10.655298
2020-03-02 21:15:00,4.221,10.666638
2020-03-02 21:30:00,4.432,10.668961
2020-03-02 21:45:00,4.291,10.598218
2020-03-02 22:00:00,4.502,10.597285
2020-03-02 22:15:00,4.573,10.798445
2020-03-02 22:30:00,4.573,10.810315
2020-03-02 22:45:00,4.713,10.754048
2020-03-02 23:00:00,4.08,10.820157
2020-03-02 23:15:00,4.15,10.832343
2020-03-02 23:30:00,3.447,10.774155
2020-03-02 23:45:00,1.477,10.831563
2020-03-03 00:00:00,1.196,10.810456
2020-03-03 00:15:00,1.337,10.931423
2020-03-03 00:30:00,1.618,10.432095
2020-03-03 00:45:00,1.337,10.555092
2020-03-03 01:00:00,1.477,9.969429
2020-03-03 01:15:00,1.618,9.336876
2020-03-03 01:30:00,3.095,9.301001
2020-03-03 01:45:00,3.306,9.943005
2020-03-03 02:00:00,3.517,9.508087
2020-03-03 02:15:00,4.01,9.960989
2020-03-03 02:30:00,4.502,10.203838
2020-03-03 02:45:00,4.995,10.274651
2020-03-03 03:00:00,4.924,10.406524
2020-03-03 03:15:00,5.206,9.787656
2020-03-03 03:30:00,5.065,9.441114
2020-03-03 03:45:00,5.276,9.691539
2020-03-03 04:00:00,5.065,9.540162
2020-03-03 04:15:00,4.995,9.349022
2020-03-03 04:30:00,4.784,9.447254
2020-03-03 04:45:00,5.346,9.507037
2020-03-03 05:00:00,4.995,9.402418
2020-03-03 05:15:00,4.502,9.3880205
2020-03-03 05:30:00,4.643,9.425226
2020-03-03 05:45:00,4.502,9.25305
2020-03-03 06:00:00,4.221,9.312338
2020-03-03 06:15:00,4.291,9.242699
2020-03-03 06:30:00,4.221,9.146477
2020-03-03 06:45:00,4.291,9.03447
2020-03-03 07:00:00,4.432,9.021059
2020-03-03 07:15:00,4.221,8.87022
2020-03-03 07:30:00,4.502,8.791942
2020-03-03 07:45:00,4.502,8.624464
2020-03-03 08:00:00,4.643,8.826846
2020-03-03 08:15:00,4.432,8.830231
2020-03-03 08:30:00,4.995,8.889733
2020-03-03 08:45:00,5.135,8.75876
2020-03-03 09:00:00,5.206,8.827835
2020-03-03 09:15:00,5.839,8.938866
2020-03-03 09:30:00,5.698,9.179474
2020-03-03 09:45:00,5.839,9.066811
2020-03-03 10:00:00,5.698,9.198365
2020-03-03 10:15:00,5.909,9.31691
2020-03-03 10:30:00,6.331,9.519115
2020-03-03 10:45:00,6.542,9.815407
2020-03-03 11:00:00,6.824,10.326715
2020-03-03 11:15:00,7.316,10.449882
2020-03-03 11:30:00,7.457,10.592992
2020-03-03 11:45:00,7.316,10.9412775
2020-03-03 12:00:00,6.964,11.633732
2020-03-03 12:15:00,7.175,11.856506
2020-03-03 12:30:00,7.175,12.019697
2020-03-03 12:45:00,7.668,12.522152
2020-03-03 13:00:00,7.597,12.174287
2020-03-03 13:15:00,7.668,12.263472
2020-03-03 13:30:00,7.527,12.286385
2020-03-03 13:45:00,7.316,12.609454
2020-03-03 14:00:00,8.02,12.691728
2020-03-03 14:15:00,8.371,12.728939
2020-03-03 14:30:00,7.809,12.6457815
2020-03-03 14:45:00,7.738,12.600465
2020-03-03 15:00:00,7.668,12.902217
2020-03-03 15:15:00,7.316,12.607456
2020-03-03 15:30:00,7.386,12.588327
2020-03-03 15:45:00,7.738,12.955567
2020-03-03 16:00:00,7.527,12.723917
2020-03-03 16:15:00,7.457,12.664208
2020-03-03 16:30:00,7.597,12.769012
2020-03-03 16:45:00,7.457,12.885012
2020-03-03 17:00:00,7.457,12.609127
2020-03-03 17:15:00,6.964,12.247442
2020-03-03 17:30:00,6.964,12.217603
2020-03-03 17:45:00,6.824,12.025574
2020-03-03 18:00:00,6.964,11.363936
2020-03-03 18:15:00,6.613,11.015959
2020-03-03 18:30:00,6.542,10.745125
2020-03-03 18:45:00,6.472,10.688526
2020-03-03 19:00:00,6.331,10.398384
2020-03-03 19:15:00,6.261,10.549748
2020-03-03 19:30:00,6.402,10.48907
2020-03-03 19:45:00,6.542,10.365855
2020-03-03 20:00:00,6.331,10.59326
2020-03-03 20:15:00,6.402,10.638212
2020-03-03 20:30:00,6.331,10.550251
2020-03-03 20:45:00,6.613,10.622524
2020-03-03 21:00:00,6.191,10.570625
2020-03-03 21:15:00,6.402,10.574177
2020-03-03 21:30:00,6.05,10.723018
2020-03-03 21:45:00,5.909,10.728318
2020-03-03 22:00:00,5.768,10.69973
2020-03-03 22:15:00,5.979,10.678508
2020-03-03 22:30:00,5.768,10.5475855
2020-03-03 22:45:00,5.628,10.395931
2020-03-03 23:00:00,5.487,10.388033
2020-03-03 23:15:00,5.417,10.378793
2020-03-03 23:30:00,5.557,10.791313
2020-03-03 23:45:00,5.839,10.353619
2020-03-04 00:00:00,5.909,10.062994
2020-03-04 00:15:00,5.909,10.575878
2020-03-04 00:30:00,5.839,9.469502
2020-03-04 00:45:00,5.628,8.690329
2020-03-04 01:00:00,5.768,8.754941
2020-03-04 01:15:00,5.417,8.1625595
2020-03-04 01:30:00,5.346,7.990324
2020-03-04 01:45:00,5.206,8.061146
2020-03-04 02:00:00,5.065,8.106518
2020-03-04 02:15:00,5.135,8.097256
2020-03-04 02:30:00,5.206,8.17126
2020-03-04 02:45:00,5.135,8.280458
2020-03-04 03:00:00,5.135,8.393597
2020-03-04 03:15:00,4.924,8.506748
2020-03-04 03:30:00,4.995,8.574245
2020-03-04 03:45:00,4.854,8.824539
2020-03-04 04:00:00,5.135,8.850199
2020-03-04 04:15:00,4.995,8.917917
2020-03-04 04:30:00,4.995,8.696932
2020-03-04 04:45:00,5.135,8.638026
2020-03-04 05:00:00,5.065,8.624078
2020-03-04 05:15:00,4.784,8.725491
2020-03-04 05:30:00,4.854,8.69228
2020-03-04 05:45:00,4.854,8.400336
2020-03-04 06:00:00,4.784,8.555023
2020-03-04 06:15:00,4.713,8.810881
2020-03-04 06:30:00,4.643,8.674915
2020-03-04 06:45:00,4.784,8.515942
2020-03-04 07:00:00,5.065,8.328922
2020-03-04 07:15:00,5.065,8.26671
2020-03-04 07:30:00,5.135,7.9714575
2020-03-04 07:45:00,5.417,7.6217546
2020-03-04 08:00:00,5.628,7.5517693
2020-03-04 08:15:00,5.698,7.763507
2020-03-04 08:30:00,5.839,8.513737
2020-03-04 08:45:00,6.261,8.444967
2020-03-04 09:00:00,6.472,8.83803
2020-03-04 09:15:00,6.472,9.687011
2020-03-04 09:30:00,7.105,10.39437
2020-03-04 09:45:00,8.16,10.711028
2020-03-04 10:00:00,8.09,11.490053
2020-03-04 10:15:00,8.582,11.892481
2020-03-04 10:30:00,8.723,11.839452
2020-03-04 10:45:00,9.004,11.86446
2020-03-04 11:00:00,9.145,11.891665
2020-03-04 11:15:00,9.356,11.796423
2020-03-04 11:30:00,9.426,11.7485695
2020-03-04 11:45:00,9.286,11.751886
2020-03-04 12:00:00,9.708,11.745114
2020-03-04 12:15:00,9.426,11.700666
2020-03-04 12:30:00,9.638,11.995913
2020-03-04 12:45:00,9.215,12.127726
2020-03-04 13:00:00,9.497,12.266593
2020-03-04 13:15:00,9.356,12.31672
2020-03-04 13:30:00,8.793,12.147683
2020-03-04 13:45:00,9.004,12.162313
2020-03-04 14:00:00,8.723,11.689188
2020-03-04 14:15:00,9.075,10.654977
2020-03-04 14:30:00,8.16,9.724566
2020-03-04 14:45:00,8.02,10.628965
2020-03-04 15:00:00,7.879,11.094397
2020-03-04 15:15:00,7.809,11.332045
2020-03-04 15:30:00,7.809,11.546357
2020-03-04 15:45:00,7.597,11.445574
2020-03-04 16:00:00,7.457,11.695918
2020-03-04 16:15:00,7.246,11.679939
2020-03-04 16:30:00,6.964,11.457011
2020-03-04 16:45:00,6.683,11.475092
2020-03-04 17:00:00,6.613,10.586634
2020-03-04 17:15:00,5.979,10.575139
2020-03-04 17:30:00,5.346,9.765856
2020-03-04 17:45:00,5.417,9.475681
2020-03-04 18:00:00,5.206,9.728431
2020-03-04 18:15:00,4.854,9.418394
2020-03-04 18:30:00,4.713,9.560526
2020-03-04 18:45:00,4.784,9.662882
2020-03-04 19:00:00,4.502,10.164206
2020-03-04 19:15:00,3.447,10.258295
2020-03-04 19:30:00,1.899,10.264662
2020-03-04 19:45:00,1.829,10.354544
2020-03-04 20:00:00,1.548,10.519896
2020-03-04 20:15:00,1.337,10.6467705
2020-03-04 20:30:00,0.844,10.695523
2020-03-04 20:45:00,0.492,10.64269
2020-03-04 21:00:00,0.0,10.792838
2020-03-04 21:15:00,0.703,10.61948
2020-03-04 21:30:00,1.829,10.783452
2020-03-04 21:45:00,2.884,10.798309
2020-03-04 22:00:00,3.588,10.51287
2020-03-04 22:15:00,1.618,10.508768
2020-03-04 22:30:00,1.266,10.712764
2020-03-04 22:45:00,1.055,10.484381
2020-03-04 23:00:00,1.337,10.236731
2020-03-04 23:15:00,0.915,10.063322
2020-03-04 23:30:00,1.337,10.628201
2020-03-04 23:45:00,0.703,10.413925
2020-03-05 00:00:00,0.774,10.236513
2020-03-05 00:15:00,0.985,10.193623
2020-03-05 00:30:00,0.774,9.347095
2020-03-05 00:45:00,0.492,9.149778
2020-03-05 01:00:00,0.0,8.801299
2020-03-05 01:15:00,0.422,8.703878
2020-03-05 01:30:00,2.181,8.535686
2020-03-05 01:45:00,2.955,8.689674
2020-03-05 02:00:00,1.97,8.200632
2020-03-05 02:15:00,2.251,8.358044
2020-03-05 02:30:00,2.251,8.609694
2020-03-05 02:45:00,2.321,8.609282
2020-03-05 03:00:00,2.251,8.563837
2020-03-05 03:15:00,2.04,8.647546
2020-03-05 03:30:00,2.04,8.681917
2020-03-05 03:45:00,1.688,8.670911
2020-03-05 04:00:00,1.407,8.607868
2020-03-05 04:15:00,1.829,8.607811
2020-03-05 04:30:00,1.899,8.516326
2020-03-05 04:45:00,1.688,8.56653
2020-03-05 05:00:00,1.337,8.596669
2020-03-05 05:15:00,1.829,8.287137
2020-03-05 05:30:00,1.829,8.270581
2020-03-05 05:45:00,2.11,8.410077
2020-03-05 06:00:00,2.321,8.435728
2020-03-05 06:15:00,2.532,8.159619
2020-03-05 06:30:00,2.673,8.18896
2020-03-05 06:45:00,2.673,8.044039
2020-03-05 07:00:00,2.532,7.995208
2020-03-05 07:15:00,2.392,7.7689652
2020-03-05 07:30:00,2.181,7.5313444
2020-03-05 07:45:00,1.829,7.15224
2020-03-05 08:00:00,1.899,7.371767
2020-03-05 08:15:00,1.337,7.186503
2020-03-05 08:30:00,1.477,6.9217587
2020-03-05 08:45:00,1.759,7.0012493
2020-03-05 09:00:00,1.97,7.192027
2020-03-05 09:15:00,2.392,7.4152513
2020-03-05 09:30:00,2.532,8.209101
2020-03-05 09:45:00,3.025,8.01107
2020-03-05 10:00:00,2.884,8.188851
2020-03-05 10:15:00,2.744,8.283985
2020-03-05 10:30:00,2.744,8.530674
2020-03-05 10:45:00,3.166,8.67198
2020-03-05 11:00:00,3.588,8.604494
2020-03-05 11:15:00,3.588,8.563992
2020-03-05 11:30:00,3.377,8.656642
2020-03-05 11:45:00,3.517,8.79711
2020-03-05 12:00:00,3.728,9.504278
2020-03-05 12:15:00,4.432,10.400994
2020-03-05 12:30:00,4.08,10.620993
2020-03-05 12:45:00,4.15,10.932377
2020-03-05 13:00:00,3.939,11.500362
2020-03-05 13:15:00,4.502,11.886136
2020-03-05 13:30:00,5.206,11.21912
2020-03-05 13:45:00,4.854,11.883875
2020-03-05 14:00:00,5.206,11.721928
2020-03-05 14:15:00,5.135,12.028898
2020-03-05 14:30:00,4.995,11.848778
2020-03-05 14:45:00,4.924,11.474445
2020-03-05 15:00:00,4.854,11.423012
2020-03-05 15:15:00,4.502,11.535086
2020-03-05 15:30:00,4.432,11.508553
2020-03-05 15:45:00,4.502,11.802489
2020-03-05 16:00:00,4.502,11.909499
2020-03-05 16:15:00,4.15,11.415073
2020-03-05 16:30:00,4.573,10.910265
2020-03-05 16:45:00,4.784,10.348786
2020-03-05 17:00:00,4.291,11.164116
2020-03-05 17:15:00,4.432,11.19183
2020-03-05 17:30:00,4.784,11.083574
2020-03-05 17:45:00,5.135,10.642218
2020-03-05 18:00:00,4.924,9.18332
2020-03-05 18:15:00,5.276,8.888069
2020-03-05 18:30:00,5.065,8.833087
2020-03-05 18:45:00,4.643,8.9648075
2020-03-05 19:00:00,4.713,9.012606
2020-03-05 19:15:00,4.291,9.587225
2020-03-05 19:30:00,4.01,9.708298
2020-03-05 19:45:00,3.799,9.708971
2020-03-05 20:00:00,3.588,9.482036
2020-03-05 20:15:00,3.447,9.345325
2020-03-05 20:30:00,3.236,9.45731
2020-03-05 20:45:00,3.236,9.585997
2020-03-05 21:00:00,3.377,9.948434
2020-03-05 21:15:00,3.095,10.311588
2020-03-05 21:30:00,3.025,10.581284
2020-03-05 21:45:00,3.236,10.741844
2020-03-05 22:00:00,3.306,10.70819
2020-03-05 22:15:00,3.166,10.705814
2020-03-05 22:30:00,2.814,10.689077
2020-03-05 22:45:00,3.025,9.677601
2020-03-05 23:00:00,3.025,9.612499
2020-03-05 23:15:00,3.025,9.437829
2020-03-05 23:30:00,2.955,9.134302
2020-03-05 23:45:00,3.025,9.327553
2020-03-06 00:00:00,3.025,9.560394
2020-03-06 00:15:00,3.025,9.351124
2020-03-06 00:30:00,2.744,8.351402
2020-03-06 00:45:00,2.814,8.481578
2020-03-06 01:00:00,2.673,8.171167
2020-03-06 01:15:00,2.603,7.630403
2020-03-06 01:30:00,2.673,7.6040673
2020-03-06 01:45:00,2.603,7.9610777
2020-03-06 02:00:00,2.392,7.913898
2020-03-06 02:15:00,2.251,7.984169
2020-03-06 02:30:00,2.11,8.063578
2020-03-06 02:45:00,2.04,7.9334
2020-03-06 03:00:00,1.899,7.8766575
2020-03-06 03:15:00,2.04,8.061583
2020-03-06 03:30:00,1.97,8.336116
2020-03-06 03:45:00,1.899,8.13987
2020-03-06 04:00:00,2.11,8.330703
2020-03-06 04:15:00,2.11,8.726877
2020-03-06 04:30:00,1.759,8.736483
2020-03-06 04:45:00,1.829,8.296373
2020-03-06 05:00:00,1.97,8.431242
2020-03-06 05:15:00,1.899,8.494379
2020-03-06 05:30:00,2.181,8.887728
2020-03-06 05:45:00,2.321,8.593523
2020-03-06 06:00:00,2.462,8.666733
2020-03-06 06:15:00,2.532,8.55835
2020-03-06 06:30:00,2.251,8.764452
2020-03-06 06:45:00,2.181,8.522339
2020-03-06 07:00:00,1.97,8.672983
2020-03-06 07:15:00,1.899,8.729035
2020-03-06 07:30:00,1.618,8.470249
2020-03-06 07:45:00,1.618,8.344793
2020-03-06 08:00:00,1.407,8.341534
2020-03-06 08:15:00,1.337,7.955529
2020-03-06 08:30:00,1.407,8.40482
2020-03-06 08:45:00,1.266,9.927488
2020-03-06 09:00:00,1.407,10.7951975
2020-03-06 09:15:00,1.688,11.317592
2020-03-06 09:30:00,1.829,11.213991
2020-03-06 09:45:00,2.04,11.545055
2020-03-06 10:00:00,2.181,11.627815
2020-03-06 10:15:00,2.04,11.692714
2020-03-06 10:30:00,1.829,11.658254
2020-03-06 10:45:00,1.618,11.645147
2020-03-06 11:00:00,1.829,11.341284
2020-03-06 11:15:00,2.181,11.374464
2020-03-06 11:30:00,2.532,11.621385
2020-03-06 11:45:00,2.392,11.496479
2020-03-06 12:00:00,2.251,10.777426
2020-03-06 12:15:00,2.251,10.232937
2020-03-06 12:30:00,2.673,10.34462
2020-03-06 12:45:00,2.181,10.923852
2020-03-06 13:00:00,2.321,11.00682
2020-03-06 13:15:00,2.321,10.858044
2020-03-06 13:30:00,2.181,10.965771
2020-03-06 13:45:00,2.603,10.897264
2020-03-06 14:00:00,2.532,10.476384
2020-03-06 14:15:00,2.884,10.399059
2020-03-06 14:30:00,2.884,9.745155
2020-03-06 14:45:00,3.095,9.467313
2020-03-06 15:00:00,3.025,9.605127
2020-03-06 15:15:00,2.814,9.980223
2020-03-06 15:30:00,2.744,9.669574
2020-03-06 15:45:00,2.744,9.592142
2020-03-06 16:00:00,2.955,9.38208
2020-03-06 16:15:00,2.814,9.950242
2020-03-06 16:30:00,2.884,9.572646
2020-03-06 16:45:00,2.603,8.255438
2020-03-06 17:00:00,2.884,8.051525
2020-03-06 17:15:00,3.095,7.531657
2020-03-06 17:30:00,2.955,7.936921
2020-03-06 17:45:00,3.095,8.091726
2020-03-06 18:00:00,2.814,7.555355
2020-03-06 18:15:00,2.673,8.188934
2020-03-06 18:30:00,2.603,8.464207
2020-03-06 18:45:00,2.181,8.475355
2020-03-06 19:00:00,2.11,8.597982
2020-03-06 19:15:00,1.548,8.9386635
2020-03-06 19:30:00,1.407,8.944709
2020-03-06 19:45:00,1.829,9.103982
2020-03-06 20:00:00,1.829,9.0674305
2020-03-06 20:15:00,2.744,9.485739
2020-03-06 20:30:00,3.166,9.649248
2020-03-06 20:45:00,3.095,9.875372
2020-03-06 21:00:00,1.477,10.174707
2020-03-06 21:15:00,1.337,10.278331
2020-03-06 21:30:00,0.703,10.438623
2020-03-06 21:45:00,1.126,10.421429
2020-03-06 22:00:00,1.759,10.522184
2020-03-06 22:15:00,1.829,10.84122
2020-03-06 22:30:00,1.899,10.54671
2020-03-06 22:45:00,1.899,10.588404
2020-03-06 23:00:00,1.829,10.751557
2020-03-06 23:15:00,2.04,10.588466
2020-03-06 23:30:00,1.829,10.501237
2020-03-06 23:45:00,2.181,9.442532
2020-03-07 00:00:00,1.97,9.204211
2020-03-07 00:15:00,1.829,8.827639
2020-03-07 00:30:00,1.97,7.513702
2020-03-07 00:45:00,1.899,7.2181726
2020-03-07 01:00:00,1.899,6.872159
2020-03-07 01:15:00,1.548,7.5606823
2020-03-07 01:30:00,1.759,7.108865
2020-03-07 01:45:00,1.618,7.169818
2020-03-07 02:00:00,0.774,7.0814085
2020-03-07 02:15:00,-0.703,7.2790327
2020-03-07 02:30:00,-0.633,7.3768644
2020-03-07 02:45:00,-0.774,7.151893
2020-03-07 03:00:00,-0.844,7.4050303
2020-03-07 03:15:00,-0.633,7.278282
2020-03-07 03:30:00,-0.492,8.3416605
2020-03-07 03:45:00,-0.703,8.879526
2020-03-07 04:00:00,-0.633,9.255968
2020-03-07 04:15:00,-0.844,8.427129
2020-03-07 04:30:00,-0.915,7.9919567
2020-03-07 04:45:00,-0.985,7.5375843
2020-03-07 05:00:00,-0.915,7.6506996
2020-03-07 05:15:00,-0.844,7.774024
2020-03-07 05:30:00,-0.844,7.770801
2020-03-07 05:45:00,0.0,7.7160444
2020-03-07 06:00:00,0.0,7.9504056
2020-03-07 06:15:00,0.0,8.645304
2020-03-07 06:30:00,0.0,9.374543
2020-03-07 06:45:00,0.0,9.156675
2020-03-07 07:00:00,-0.492,8.803053
2020-03-07 07:15:00,-0.563,8.410041
2020-03-07 07:30:00,-0.844,8.180738
2020-03-07 07:45:00,-0.915,7.9777784
2020-03-07 08:00:00,-0.774,7.9745193
2020-03-07 08:15:00,0.0,8.033124
2020-03-07 08:30:00,-0.563,8.119134
2020-03-07 08:45:00,0.0,7.9617963
2020-03-07 09:00:00,-0.563,8.584799
2020-03-07 09:15:00,0.0,8.462892
2020-03-07 09:30:00,0.0,9.010874
2020-03-07 09:45:00,0.0,8.865662
2020-03-07 10:00:00,0.0,8.690731
2020-03-07 10:15:00,-0.633,8.871004
2020-03-07 10:30:00,0.0,8.965742
2020-03-07 10:45:00,0.844,8.763113
2020-03-07 11:00:00,1.196,8.3448305
2020-03-07 11:15:00,1.196,8.045372
2020-03-07 11:30:00,1.407,8.185423
2020-03-07 11:45:00,0.0,8.457161
2020-03-07 12:00:00,0.0,8.530387
2020-03-07 12:15:00,0.0,8.576572
2020-03-07 12:30:00,0.492,8.854189
2020-03-07 12:45:00,0.844,9.119111
2020-03-07 13:00:00,0.633,8.911584
2020-03-07 13:15:00,0.985,9.18819
2020-03-07 13:30:00,1.266,9.365573
2020-03-07 13:45:00,1.618,9.320484
2020-03-07 14:00:00,1.829,9.146416
2020-03-07 14:15:00,1.196,8.994964
2020-03-07 14:30:00,0.985,8.794594
2020-03-07 14:45:00,1.266,8.884563
2020-03-07 15:00:00,1.548,8.924184
2020-03-07 15:15:00,1.829,9.020503
2020-03-07 15:30:00,2.181,9.034952
2020-03-07 15:45:00,1.97,9.036027
2020-03-07 16:00:00,1.829,8.669848
2020-03-07 16:15:00,1.688,8.922028
2020-03-07 16:30:00,1.618,8.852371
2020-03-07 16:45:00,1.688,8.958241
2020-03-07 17:00:00,1.688,8.853975
2020-03-07 17:15:00,1.97,8.793278
2020-03-07 17:30:00,2.04,8.660505
2020-03-07 17:45:00,1.899,8.827289
2020-03-07 18:00:00,2.11,9.072045
2020-03-07 18:15:00,2.392,8.828624
2020-03-07 18:30:00,2.321,9.135569
2020-03-07 18:45:00,2.11,9.04752
2020-03-07 19:00:00,1.829,9.060442
2020-03-07 19:15:00,1.97,9.162891
2020-03-07 19:30:00,2.462,8.964587
2020-03-07 19:45:00,1.829,9.882381
2020-03-07 20:00:00,2.181,9.329502
2020-03-07 20:15:00,2.181,9.600273
2020-03-07 20:30:00,2.181,10.170093
2020-03-07 20:45:00,2.251,9.62595
2020-03-07 21:00:00,2.181,9.877798
2020-03-07 21:15:00,1.97,9.887335
2020-03-07 21:30:00,2.392,10.259603
2020-03-07 21:45:00,2.462,9.654516
2020-03-07 22:00:00,2.04,9.860691
2020-03-07 22:15:00,2.04,9.829176
2020-03-07 22:30:00,2.955,9.7334795
2020-03-07 22:45:00,3.236,9.771948
2020-03-07 23:00:00,2.744,10.026586
2020-03-07 23:15:00,2.462,9.988498
2020-03-07 23:30:00,2.955,10.007158
2020-03-07 23:45:00,3.025,10.339366
2020-03-08 00:00:00,2.673,9.955912
2020-03-08 00:15:00,2.884,10.303711
2020-03-08 00:30:00,2.744,9.096398
2020-03-08 00:45:00,2.744,7.845377
2020-03-08 01:00:00,2.532,7.0197
2020-03-08 01:15:00,2.955,7.293147
2020-03-08 01:30:00,3.166,7.4137335
2020-03-08 01:45:00,2.603,7.4610033
2020-03-08 02:00:00,2.744,7.9636235
2020-03-08 02:15:00,2.814,8.3616
2020-03-08 02:30:00,3.095,8.701765
2020-03-08 02:45:00,3.728,8.401947
2020-03-08 03:00:00,4.221,8.870764
2020-03-08 03:15:00,3.377,8.824569
2020-03-08 03:30:00,3.447,8.72744
2020-03-08 03:45:00,3.728,8.789358
2020-03-08 04:00:00,3.799,8.9804325
2020-03-08 04:15:00,4.01,9.278912
2020-03-08 04:30:00,3.939,8.693721
2020-03-08 04:45:00,4.15,7.9932175
2020-03-08 05:00:00,4.15,7.704089
2020-03-08 05:15:00,4.08,7.7993565
2020-03-08 05:30:00,4.08,8.148519
2020-03-08 05:45:00,3.095,8.445447
2020-03-08 06:00:00,2.884,8.188441
2020-03-08 06:15:00,2.884,8.145564
2020-03-08 06:30:00,3.728,8.791279
2020-03-08 06:45:00,3.728,8.936909
2020-03-08 07:00:00,4.01,8.324245
2020-03-08 07:15:00,3.447,7.789278
2020-03-08 07:30:00,3.728,7.6637564
2020-03-08 07:45:00,3.658,7.788191
2020-03-08 08:00:00,3.377,8.116757
2020-03-08 08:15:00,3.095,8.296013
2020-03-08 08:30:00,3.166,8.461811
2020-03-08 08:45:00,3.236,9.307218
2020-03-08 09:00:00,3.377,10.322269
2020-03-08 09:15:00,3.306,10.378206
2020-03-08 09:30:00,4.01,10.418011
2020-03-08 09:45:00,3.095,9.781927
2020-03-08 10:00:00,3.658,9.871729
2020-03-08 10:15:00,3.658,10.11171
2020-03-08 10:30:00,3.728,9.922314
2020-03-08 10:45:00,4.15,10.239389
2020-03-08 11:00:00,4.15,10.12733
2020-03-08 11:15:00,4.15,9.716198
2020-03-08 11:30:00,4.573,9.858819
2020-03-08 11:45:00,3.939,9.892901
2020-03-08 12:00:00,4.502,10.382503
2020-03-08 12:15:00,4.362,10.3919735
2020-03-08 12:30:00,4.502,11.166637
2020-03-08 12:45:00,4.713,10.492304
2020-03-08 13:00:00,4.854,9.416504
2020-03-08 13:15:00,4.924,10.820847
2020-03-08 13:30:00,4.502,10.909758
2020-03-08 13:45:00,5.135,10.464175
2020-03-08 14:00:00,5.417,9.305886
2020-03-08 14:15:00,5.065,9.452688
2020-03-08 14:30:00,4.854,9.740306
2020-03-08 14:45:00,4.502,9.607668
2020-03-08 15:00:00,4.573,9.381681
2020-03-08 15:15:00,4.291,9.493226
2020-03-08 15:30:00,4.291,9.404949
2020-03-08 15:45:00,4.291,9.430828
2020-03-08 16:00:00,4.573,9.206672
2020-03-08 16:15:00,4.643,9.328971
2020-03-08 16:30:00,4.362,9.658406
2020-03-08 16:45:00,4.854,9.653609
2020-03-08 17:00:00,4.502,9.628381
2020-03-08 17:15:00,4.432,9.690316
2020-03-08 17:30:00,4.502,10.102706
2020-03-08 17:45:00,4.713,9.833612
2020-03-08 18:00:00,4.713,10.372181
2020-03-08 18:15:00,4.995,10.24651
2020-03-08 18:30:00,5.206,10.574717
2020-03-08 18:45:00,4.713,10.689553
2020-03-08 19:00:00,4.713,10.609308
2020-03-08 19:15:00,4.573,10.495136
2020-03-08 19:30:00,4.502,10.288156
2020-03-08 19:45:00,4.784,10.568055
2020-03-08 20:00:00,4.713,10.650084
2020-03-08 20:15:00,4.784,10.627344
2020-03-08 20:30:00,4.784,10.665926
2020-03-08 20:45:00,4.854,10.647645
2020-03-08 21:00:00,5.065,10.613645
2020-03-08 21:15:00,4.995,10.581197
2020-03-08 21:30:00,4.854,10.407641
2020-03-08 21:45:00,4.713,10.262187
2020-03-08 22:00:00,4.713,10.432317
2020-03-08 22:15:00,4.643,10.354656
2020-03-08 22:30:00,3.939,10.711163
2020-03-08 22:45:00,4.291,10.63637
2020-03-08 23:00:00,4.643,10.420097
2020-03-08 23:15:00,4.573,10.6282215
2020-03-08 23:30:00,4.924,10.001157
2020-03-08 23:45:00,4.573,9.7474785
2020-03-09 00:00:00,4.502,9.662019
2020-03-09 00:15:00,4.784,9.893021
2020-03-09 00:30:00,5.487,10.502862
2020-03-09 00:45:00,5.417,10.793368
2020-03-09 01:00:00,5.206,10.648381
2020-03-09 01:15:00,5.206,10.1523075
2020-03-09 01:30:00,4.995,10.179533
2020-03-09 01:45:00,4.854,9.399033
2020-03-09 02:00:00,4.924,8.262824
2020-03-09 02:15:00,5.206,8.28712
2020-03-09 02:30:00,5.276,7.759918
2020-03-09 02:45:00,5.206,7.6447797
2020-03-09 03:00:00,5.276,7.999166
2020-03-09 03:15:00,4.573,8.589037
2020-03-09 03:30:00,4.713,7.5148726
2020-03-09 03:45:00,4.502,8.14895
2020-03-09 04:00:00,4.15,7.796064
2020-03-09 04:15:00,4.362,7.3158665
2020-03-09 04:30:00,4.362,7.5903287
2020-03-09 04:45:00,4.502,7.4503493
2020-03-09 05:00:00,4.15,8.342028
2020-03-09 05:15:00,4.15,8.540703
2020-03-09 05:30:00,3.939,8.002395
2020-03-09 05:45:00,3.939,9.484531
2020-03-09 06:00:00,3.799,8.631117
2020-03-09 06:15:00,3.728,8.041994
2020-03-09 06:30:00,3.869,9.03651
2020-03-09 06:45:00,3.799,8.771183
2020-03-09 07:00:00,4.01,9.7647915
2020-03-09 07:15:00,4.432,10.002711
2020-03-09 07:30:00,4.502,10.509285
2020-03-09 07:45:00,4.432,9.982524
2020-03-09 08:00:00,4.643,10.324423
2020-03-09 08:15:00,4.432,10.411394
2020-03-09 08:30:00,3.869,10.816782
2020-03-09 08:45:00,4.291,11.169467
2020-03-09 09:00:00,4.08,10.554224
2020-03-09 09:15:00,4.573,10.658184
2020-03-09 09:30:00,4.854,10.847282
2020-03-09 09:45:00,5.417,10.920091
2020-03-09 10:00:00,5.698,10.90252
2020-03-09 10:15:00,5.698,11.000656
2020-03-09 10:30:00,5.768,10.92868
2020-03-09 10:45:00,5.698,10.923245
2020-03-09 11:00:00,5.698,10.832543
2020-03-09 11:15:00,5.979,10.240798
2020-03-09 11:30:00,5.768,10.717565
2020-03-09 11:45:00,5.346,8.779574
2020-03-09 12:00:00,5.206,8.781717
2020-03-09 12:15:00,5.346,9.997129
2020-03-09 12:30:00,5.206,10.021858
2020-03-09 12:45:00,4.995,11.199941
2020-03-09 13:00:00,5.487,13.065669
2020-03-09 13:15:00,5.768,12.27137
2020-03-09 13:30:00,6.683,12.200193
2020-03-09 13:45:00,6.683,10.827434
2020-03-09 14:00:00,6.613,11.029082
2020-03-09 14:15:00,6.613,10.790207
2020-03-09 14:30:00,6.542,12.957618
2020-03-09 14:45:00,6.824,14.897735
2020-03-09 15:00:00,6.964,13.648241
2020-03-09 15:15:00,6.261,13.397631
2020-03-09 15:30:00,6.542,12.720057
2020-03-09 15:45:00,6.753,11.885702
2020-03-09 16:00:00,6.964,11.71352
2020-03-09 16:15:00,6.331,11.6651535
2020-03-09 16:30:00,7.035,11.610236
2020-03-09 16:45:00,6.753,11.628462
2020-03-09 17:00:00,7.035,11.700773
2020-03-09 17:15:00,6.964,11.902771
2020-03-09 17:30:00,7.105,11.710451
2020-03-09 17:45:00,7.035,11.34273
2020-03-09 18:00:00,6.613,11.18825
2020-03-09 18:15:00,6.472,11.0539665
2020-03-09 18:30:00,6.05,10.848614
2020-03-09 18:45:00,5.839,10.858171
2020-03-09 19:00:00,5.698,10.780494
2020-03-09 19:15:00,5.557,10.893104
2020-03-09 19:30:00,5.557,10.97186
2020-03-09 19:45:00,5.557,11.088934
2020-03-09 20:00:00,5.487,10.943598
2020-03-09 20:15:00,5.417,11.075936
2020-03-09 20:30:00,5.276,11.132235
2020-03-09 20:45:00,5.346,11.015809
2020-03-09 21:00:00,5.135,11.029767
2020-03-09 21:15:00,5.206,11.173455
2020-03-09 21:30:00,5.206,11.206192
2020-03-09 21:45:00,5.206,10.888616
2020-03-09 22:00:00,5.346,11.06226
2020-03-09 22:15:00,5.276,11.362959
2020-03-09 22:30:00,5.206,11.437977
2020-03-09 22:45:00,5.065,11.227617
2020-03-09 23:00:00,4.784,10.512597
2020-03-09 23:15:00,4.713,9.756157
2020-03-09 23:30:00,4.643,8.701811
2020-03-09 23:45:00,4.713,8.81732
2020-03-10 00:00:00,4.854,9.093197
2020-03-10 00:15:00,4.784,8.386702
2020-03-10 00:30:00,4.784,8.4275
2020-03-10 00:45:00,5.065,10.052655
2020-03-10 01:00:00,5.065,8.326176
2020-03-10 01:15:00,4.643,7.702402
2020-03-10 01:30:00,4.854,6.789277
2020-03-10 01:45:00,4.573,6.54304
2020-03-10 02:00:00,4.643,6.0465894
2020-03-10 02:15:00,4.502,6.581108
2020-03-10 02:30:00,4.502,6.575313
2020-03-10 02:45:00,4.643,7.339203
2020-03-10 03:00:00,4.784,6.721322
2020-03-10 03:15:00,4.432,6.8008823
2020-03-10 03:30:00,4.713,5.9924526
2020-03-10 03:45:00,4.643,6.093798
2020-03-10 04:00:00,4.643,8.592381
2020-03-10 04:15:00,4.573,9.091443
2020-03-10 04:30:00,4.643,8.665667
2020-03-10 04:45:00,4.643,9.217584
2020-03-10 05:00:00,4.502,9.735414
2020-03-10 05:15:00,4.573,9.576888
2020-03-10 05:30:00,4.291,9.505165
2020-03-10 05:45:00,4.502,9.660409
2020-03-10 06:00:00,4.432,9.487909
2020-03-10 06:15:00,4.432,9.401707
2020-03-10 06:30:00,4.291,9.484676
2020-03-10 06:45:00,4.432,9.320938
2020-03-10 07:00:00,4.573,9.341638
2020-03-10 07:15:00,4.713,9.358216
2020-03-10 07:30:00,4.924,9.550467
2020-03-10 07:45:00,5.417,9.45821
2020-03-10 08:00:00,5.276,9.698543
2020-03-10 08:15:00,5.206,10.256769
2020-03-10 08:30:00,5.487,9.956484
2020-03-10 08:45:00,5.417,10.433812
2020-03-10 09:00:00,5.557,10.797729
2020-03-10 09:15:00,6.05,10.974253
2020-03-10 09:30:00,6.753,11.380951
2020-03-10 09:45:00,6.894,11.420707
2020-03-10 10:00:00,6.964,11.769456
2020-03-10 10:15:00,6.753,11.496172
2020-03-10 10:30:00,6.753,12.114285
2020-03-10 10:45:00,6.613,11.721733
2020-03-10 11:00:00,6.472,11.432402
2020-03-10 11:15:00,6.542,11.4060335
2020-03-10 11:30:00,6.05,11.1360855
2020-03-10 11:45:00,6.261,11.1473875
2020-03-10 12:00:00,6.542,10.888989
2020-03-10 12:15:00,6.472,10.895027
2020-03-10 12:30:00,6.894,10.985623
2020-03-10 12:45:00,7.175,11.080044
2020-03-10 13:00:00,7.246,11.047796
2020-03-10 13:15:00,8.371,10.956829
2020-03-10 13:30:00,9.075,10.870898
2020-03-10 13:45:00,9.426,10.896215
2020-03-10 14:00:00,9.356,10.965618
2020-03-10 14:15:00,9.286,10.984566
2020-03-10 14:30:00,9.286,11.075623
2020-03-10 14:45:00,9.286,11.17211
2020-03-10 15:00:00,8.512,11.263765
2020-03-10 15:15:00,9.145,11.220846
2020-03-10 15:30:00,8.934,11.696851
2020-03-10 15:45:00,9.145,11.877216
2020-03-10 16:00:00,9.356,11.783239
2020-03-10 16:15:00,9.286,11.908943
2020-03-10 16:30:00,9.638,12.122184
2020-03-10 16:45:00,9.215,12.039305
2020-03-10 17:00:00,9.708,11.953243
2020-03-10 17:15:00,9.778,11.904322
2020-03-10 17:30:00,9.497,11.758299
2020-03-10 17:45:00,9.215,11.32795
2020-03-10 18:00:00,8.864,11.2244425
2020-03-10 18:15:00,8.512,11.177618
2020-03-10 18:30:00,8.231,10.911032
2020-03-10 18:45:00,8.09,10.926432
2020-03-10 19:00:00,8.02,10.782976
2020-03-10 19:15:00,7.809,10.897608
2020-03-10 19:30:00,7.809,10.902773
2020-03-10 19:45:00,7.316,10.794789
2020-03-10 20:00:00,7.035,10.703705
2020-03-10 20:15:00,6.964,10.821311
2020-03-10 20:30:00,6.964,10.859042
2020-03-10 20:45:00,6.894,10.92681
2020-03-10 21:00:00,6.824,10.946533
2020-03-10 21:15:00,6.683,11.176045
2020-03-10 21:30:00,6.542,11.055222
2020-03-10 21:45:00,6.613,10.75712
2020-03-10 22:00:00,6.613,10.35735
2020-03-10 22:15:00,6.613,10.222713
2020-03-10 22:30:00,6.402,10.693482
2020-03-10 22:45:00,6.191,10.187476
2020-03-10 23:00:00,6.402,9.705999
2020-03-10 23:15:00,6.542,7.987689
2020-03-10 23:30:00,6.472,6.965087
2020-03-10 23:45:00,6.472,6.29224
2020-03-11 00:00:00,6.683,5.9114857
2020-03-11 00:15:00,6.824,6.170053
2020-03-11 00:30:00,6.894,5.2200494
2020-03-11 00:45:00,6.753,5.010675
2020-03-11 01:00:00,6.824,5.809952
2020-03-11 01:15:00,6.964,5.4392376
2020-03-11 01:30:00,6.964,5.7341523
2020-03-11 01:45:00,6.964,7.525241
2020-03-11 02:00:00,6.894,9.055738
2020-03-11 02:15:00,6.753,5.531156
2020-03-11 02:30:00,6.894,6.0834866
2020-03-11 02:45:00,6.964,7.0853734
2020-03-11 03:00:00,6.894,6.903241
2020-03-11 03:15:00,6.824,5.205417
2020-03-11 03:30:00,6.824,5.701751
2020-03-11 03:45:00,6.402,6.0320635
2020-03-11 04:00:00,6.331,3.93112
2020-03-11 04:15:00,6.472,3.9257522
2020-03-11 04:30:00,6.331,4.2880445
2020-03-11 04:45:00,6.261,3.900472
2020-03-11 05:00:00,6.331,3.8554769
2020-03-11 05:15:00,6.191,3.9088001
2020-03-11 05:30:00,6.331,4.1473308
2020-03-11 05:45:00,6.472,3.964734
2020-03-11 06:00:00,6.613,3.891595
2020-03-11 06:15:00,6.824,3.9585555
2020-03-11 06:30:00,6.824,3.8147676
2020-03-11 06:45:00,5.698,3.6783438
2020-03-11 07:00:00,5.628,3.5757666
2020-03-11 07:15:00,5.628,3.5410366
2020-03-11 07:30:00,5.557,3.5695379
2020-03-11 07:45:00,5.839,3.4674559
2020-03-11 08:00:00,5.839,3.908009
2020-03-11 08:15:00,5.698,5.114929
2020-03-11 08:30:00,5.628,8.150073
2020-03-11 08:45:00,5.839,8.573414
2020-03-11 09:00:00,5.698,8.182262
2020-03-11 09:15:00,6.261,8.192947
2020-03-11 09:30:00,6.894,8.625918
2020-03-11 09:45:00,7.105,8.731532
2020-03-11 10:00:00,7.035,8.9122925
2020-03-11 10:15:00,6.824,9.195478
2020-03-11 10:30:00,6.683,9.143074
2020-03-11 10:45:00,6.613,9.111725
2020-03-11 11:00:00,6.683,9.226577
2020-03-11 11:15:00,6.824,9.533368
2020-03-11 11:30:00,7.246,9.470653
2020-03-11 11:45:00,7.527,9.040609
2020-03-11 12:00:00,7.738,9.206037
2020-03-11 12:15:00,7.668,10.662792
2020-03-11 12:30:00,7.738,10.948378
2020-03-11 12:45:00,8.16,11.186913
2020-03-11 13:00:00,8.301,10.741892
2020-03-11 13:15:00,9.356,10.722469
2020-03-11 13:30:00,10.06,10.625684
2020-03-11 13:45:00,10.482,10.67992
2020-03-11 14:00:00,10.341,10.95578
2020-03-11 14:15:00,10.482,11.150448
2020-03-11 14:30:00,10.482,9.543186
2020-03-11 14:45:00,9.919,9.234797
2020-03-11 15:00:00,9.919,10.033969
2020-03-11 15:15:00,10.13,9.660784
2020-03-11 15:30:00,10.271,11.232632
2020-03-11 15:45:00,10.271,10.757961
2020-03-11 16:00:00,9.708,10.65587
2020-03-11 16:15:00,9.919,10.565028
2020-03-11 16:30:00,9.638,11.422783
2020-03-11 16:45:00,9.708,10.829781
2020-03-11 17:00:00,9.708,8.6700735
2020-03-11 17:15:00,9.356,8.447004
2020-03-11 17:30:00,9.497,9.10817
2020-03-11 17:45:00,9.426,9.671286
2020-03-11 18:00:00,8.934,10.655114
2020-03-11 18:15:00,8.864,8.953627
2020-03-11 18:30:00,8.723,8.753054
2020-03-11 18:45:00,8.793,8.796932
2020-03-11 19:00:00,8.512,8.707436
2020-03-11 19:15:00,8.371,8.929807
2020-03-11 19:30:00,8.16,8.802767
2020-03-11 19:45:00,8.301,8.771568
2020-03-11 20:00:00,8.371,8.566213
2020-03-11 20:15:00,8.16,8.94392
2020-03-11 20:30:00,8.512,8.97049
2020-03-11 20:45:00,7.949,8.717209
2020-03-11 21:00:00,7.879,8.811633
2020-03-11 21:15:00,7.879,8.937582
2020-03-11 21:30:00,7.738,8.988709
2020-03-11 21:45:00,7.668,8.672082
2020-03-11 22:00:00,7.527,8.615315
2020-03-11 22:15:00,7.457,8.828799
2020-03-11 22:30:00,7.386,8.815196
2020-03-11 22:45:00,7.246,8.692431
2020-03-11 23:00:00,7.668,8.212165
2020-03-11 23:15:00,7.809,7.365216
2020-03-11 23:30:00,7.879,6.643674
2020-03-11 23:45:00,7.809,6.4511995
2020-03-12 00:00:00,8.02,6.059607
2020-03-12 00:15:00,8.02,5.4757442
2020-03-12 00:30:00,7.668,5.192079
2020-03-12 00:45:00,8.02,6.8769407
2020-03-12 01:00:00,7.949,10.055814
2020-03-12 01:15:00,7.809,12.0725975
2020-03-12 01:30:00,7.809,13.033767
2020-03-12 01:45:00,7.597,13.362408
2020-03-12 02:00:00,7.597,13.217817
2020-03-12 02:15:00,7.809,13.155949
2020-03-12 02:30:00,7.879,14.171801
2020-03-12 02:45:00,7.668,13.53771
2020-03-12 03:00:00,7.668,12.149805
2020-03-12 03:15:00,7.738,11.538891
2020-03-12 03:30:00,7.597,11.629887
2020-03-12 03:45:00,7.668,11.133781
2020-03-12 04:00:00,7.949,11.163957
2020-03-12 04:15:00,7.949,11.33386
2020-03-12 04:30:00,7.949,11.343751
2020-03-12 04:45:00,8.02,10.606772
2020-03-12 05:00:00,8.16,10.941793
2020-03-12 05:15:00,7.809,10.073436
2020-03-12 05:30:00,7.809,9.3732605
2020-03-12 05:45:00,7.738,9.148878
2020-03-12 06:00:00,7.668,9.065079
2020-03-12 06:15:00,7.597,8.162636
2020-03-12 06:30:00,7.527,7.77433
2020-03-12 06:45:00,7.457,6.2651014
2020-03-12 07:00:00,7.457,5.546032
2020-03-12 07:15:00,7.668,7.330171
2020-03-12 07:30:00,7.527,7.3710594
2020-03-12 07:45:00,7.597,5.6193976
2020-03-12 08:00:00,8.02,5.104123
2020-03-12 08:15:00,8.442,7.268791
2020-03-12 08:30:00,8.653,8.200959
2020-03-12 08:45:00,8.512,7.9887
2020-03-12 09:00:00,8.301,7.9075985
2020-03-12 09:15:00,8.231,10.043357
2020-03-12 09:30:00,8.301,8.981666
2020-03-12 09:45:00,8.723,8.250692
2020-03-12 10:00:00,8.864,8.366806
2020-03-12 10:15:00,8.934,9.16634
2020-03-12 10:30:00,8.864,10.3498335
2020-03-12 10:45:00,8.723,10.6657505
2020-03-12 11:00:00,8.723,10.430597
2020-03-12 11:15:00,8.864,9.7386
2020-03-12 11:30:00,8.864,9.136102
2020-03-12 11:45:00,8.934,9.115419
2020-03-12 12:00:00,9.004,9.269579
2020-03-12 12:15:00,9.145,9.58275
2020-03-12 12:30:00,9.426,10.482405
2020-03-12 12:45:00,9.567,9.974852
2020-03-12 13:00:00,9.356,9.662682
2020-03-12 13:15:00,10.06,9.44466
2020-03-12 13:30:00,11.115,10.003334
2020-03-12 13:45:00,11.044,9.448908
2020-03-12 14:00:00,10.552,8.949318
2020-03-12 14:15:00,10.271,9.16574
2020-03-12 14:30:00,10.763,9.145713
2020-03-12 14:45:00,9.989,9.177735
2020-03-12 15:00:00,10.13,9.853105
2020-03-12 15:15:00,10.13,10.433847
2020-03-12 15:30:00,10.13,10.573217
2020-03-12 15:45:00,10.482,10.739503
2020-03-12 16:00:00,10.482,10.9578
2020-03-12 16:15:00,10.622,10.431444
2020-03-12 16:30:00,10.411,11.600166
2020-03-12 16:45:00,11.115,11.188508
2020-03-12 17:00:00,11.185,11.189073
2020-03-12 17:15:00,10.13,11.327988
2020-03-12 17:30:00,10.552,10.888044
2020-03-12 17:45:00,11.044,10.196054
2020-03-12 18:00:00,10.974,7.9079103
2020-03-12 18:15:00,10.693,7.4550214
2020-03-12 18:30:00,10.13,7.5559144
2020-03-12 18:45:00,10.13,8.594633
2020-03-12 19:00:00,9.919,7.810894
2020-03-12 19:15:00,10.06,8.330578
2020-03-12 19:30:00,9.919,8.73123
2020-03-12 19:45:00,10.06,8.529628
2020-03-12 20:00:00,9.849,7.7701063
2020-03-12 20:15:00,9.778,8.011678
2020-03-12 20:30:00,9.778,7.9880037
2020-03-12 20:45:00,9.708,8.042507
2020-03-12 21:00:00,9.426,8.197975
2020-03-12 21:15:00,9.497,8.473191
2020-03-12 21:30:00,9.497,8.443426
2020-03-12 21:45:00,9.426,8.163437
2020-03-12 22:00:00,9.286,8.15909
2020-03-12 22:15:00,9.356,8.198249
2020-03-12 22:30:00,9.215,8.476955
2020-03-12 22:45:00,9.286,7.328063
2020-03-12 23:00:00,9.215,6.921313
2020-03-12 23:15:00,9.145,6.1025963
2020-03-12 23:30:00,9.356,8.149955
2020-03-12 23:45:00,9.215,8.651972
2020-03-13 00:00:00,9.004,7.7177362
2020-03-13 00:15:00,8.723,6.783905
2020-03-13 00:30:00,8.934,7.3665376
2020-03-13 00:45:00,9.215,8.165789
2020-03-13 01:00:00,8.723,10.247129
2020-03-13 01:15:00,8.723,11.582504
2020-03-13 01:30:00,9.075,11.301445
2020-03-13 01:45:00,9.145,11.550333
2020-03-13 02:00:00,8.864,14.553647
2020-03-13 02:15:00,9.004,14.560353
2020-03-13 02:30:00,8.934,14.338894
2020-03-13 02:45:00,8.864,13.710363
2020-03-13 03:00:00,8.793,13.314498
2020-03-13 03:15:00,8.864,12.981382
2020-03-13 03:30:00,8.723,11.447607
2020-03-13 03:45:00,8.301,10.857523
2020-03-13 04:00:00,8.723,13.365181
2020-03-13 04:15:00,8.653,12.162417
2020-03-13 04:30:00,8.723,10.293981
2020-03-13 04:45:00,8.723,10.495545
2020-03-13 05:00:00,8.723,12.7593155
2020-03-13 05:15:00,8.512,10.332247
2020-03-13 05:30:00,8.512,8.837145
2020-03-13 05:45:00,8.723,9.163872
2020-03-13 06:00:00,8.582,11.855636
2020-03-13 06:15:00,8.653,11.692782
2020-03-13 06:30:00,8.582,9.863749
2020-03-13 06:45:00,8.582,9.5436945
2020-03-13 07:00:00,8.231,9.312182
2020-03-13 07:15:00,8.231,9.7209
2020-03-13 07:30:00,8.231,7.665616
2020-03-13 07:45:00,8.301,6.5130944
2020-03-13 08:00:00,8.16,6.9384484
2020-03-13 08:15:00,8.582,7.778708
2020-03-13 08:30:00,8.793,8.118474
2020-03-13 08:45:00,8.653,10.087349
2020-03-13 09:00:00,9.286,10.245984
2020-03-13 09:15:00,9.567,9.670698
2020-03-13 09:30:00,10.482,9.039797
2020-03-13 09:45:00,10.904,8.577663
2020-03-13 10:00:00,10.974,9.334713
2020-03-13 10:15:00,11.044,10.063149
2020-03-13 10:30:00,10.974,10.034944
2020-03-13 10:45:00,10.974,10.122743
2020-03-13 11:00:00,10.833,9.7593775
2020-03-13 11:15:00,11.115,9.291872
2020-03-13 11:30:00,10.904,9.493856
2020-03-13 11:45:00,11.115,9.480248
2020-03-13 12:00:00,10.904,9.373277
2020-03-13 12:15:00,11.326,9.538204
2020-03-13 12:30:00,11.115,9.835798
2020-03-13 12:45:00,11.326,9.941175
2020-03-13 13:00:00,11.607,10.267312
2020-03-13 13:15:00,12.24,10.448696
2020-03-13 13:30:00,12.451,10.487977
2020-03-13 13:45:00,13.085,10.900454
2020-03-13 14:00:00,12.662,10.829387
2020-03-13 14:15:00,12.944,11.106315
2020-03-13 14:30:00,12.874,10.945546
2020-03-13 14:45:00,11.467,11.409972
2020-03-13 15:00:00,11.748,11.976475
2020-03-13 15:15:00,12.17,12.516592
2020-03-13 15:30:00,11.889,12.272888
2020-03-13 15:45:00,11.818,11.554482
2020-03-13 16:00:00,11.326,12.412291
2020-03-13 16:15:00,11.326,11.683599
2020-03-13 16:30:00,11.256,11.059074
2020-03-13 16:45:00,11.115,10.999903
2020-03-13 17:00:00,11.537,10.560665
2020-03-13 17:15:00,12.451,10.065907
2020-03-13 17:30:00,12.803,9.351054
2020-03-13 17:45:00,12.592,9.244807
2020-03-13 18:00:00,12.311,9.126275
2020-03-13 18:15:00,12.24,8.593208
2020-03-13 18:30:00,11.818,8.022793
2020-03-13 18:45:00,12.029,7.4507294
2020-03-13 19:00:00,11.889,7.5213017
2020-03-13 19:15:00,11.678,8.262486
2020-03-13 19:30:00,11.537,8.428482
2020-03-13 19:45:00,11.467,8.810133
2020-03-13 20:00:00,11.326,6.7982125
2020-03-13 20:15:00,11.044,7.2622633
2020-03-13 20:30:00,11.185,7.3117914
2020-03-13 20:45:00,10.904,7.8415833
2020-03-13 21:00:00,11.044,8.143186
2020-03-13 21:15:00,10.763,8.422008
2020-03-13 21:30:00,10.904,8.103437
2020-03-13 21:45:00,10.763,7.6475534
2020-03-13 22:00:00,10.904,7.536389
2020-03-13 22:15:00,10.763,7.7866664
2020-03-13 22:30:00,10.833,7.439991
2020-03-13 22:45:00,10.833,6.8230896
2020-03-13 23:00:00,10.622,6.6223445
2020-03-13 23:15:00,10.622,6.3697214
2020-03-13 23:30:00,10.552,8.34654
2020-03-13 23:45:00,10.763,7.5714045
2020-03-14 00:00:00,10.622,9.941275
2020-03-14 00:15:00,10.622,15.138729
2020-03-14 00:30:00,10.833,15.02254
2020-03-14 00:45:00,10.482,9.634159
2020-03-14 01:00:00,10.482,8.803122
2020-03-14 01:15:00,10.693,9.236038
2020-03-14 01:30:00,10.552,9.114155
2020-03-14 01:45:00,10.271,9.992383
2020-03-14 02:00:00,10.693,10.621515
2020-03-14 02:15:00,10.552,11.640336
2020-03-14 02:30:00,10.622,11.036554
2020-03-14 02:45:00,10.622,9.850125
2020-03-14 03:00:00,10.763,11.312349
2020-03-14 03:15:00,10.974,11.346479
2020-03-14 03:30:00,10.974,10.313275
2020-03-14 03:45:00,10.552,9.89822
2020-03-14 04:00:00,10.763,10.067939
2020-03-14 04:15:00,10.763,9.264166
2020-03-14 04:30:00,10.271,9.093416
2020-03-14 04:45:00,10.622,9.040201
2020-03-14 05:00:00,9.989,9.294977
2020-03-14 05:15:00,10.271,8.704384
2020-03-14 05:30:00,10.13,8.66971
2020-03-14 05:45:00,10.341,7.3738136
2020-03-14 06:00:00,10.622,6.6389856
2020-03-14 06:15:00,10.622,7.3525586
2020-03-14 06:30:00,10.411,7.2549443
2020-03-14 06:45:00,10.482,6.028927
2020-03-14 07:00:00,10.2,5.464613
2020-03-14 07:15:00,10.13,5.167052
2020-03-14 07:30:00,10.271,5.823835
2020-03-14 07:45:00,9.989,6.098245
2020-03-14 08:00:00,10.482,6.375641
2020-03-14 08:15:00,10.622,5.846411
2020-03-14 08:30:00,10.271,7.461843
2020-03-14 08:45:00,10.622,6.807297
2020-03-14 09:00:00,10.833,7.0510387
2020-03-14 09:15:00,10.693,6.662517
2020-03-14 09:30:00,10.622,7.5292215
2020-03-14 09:45:00,10.693,7.641042
2020-03-14 10:00:00,10.763,7.9235597
2020-03-14 10:15:00,10.552,7.362021
2020-03-14 10:30:00,10.2,7.4130545
2020-03-14 10:45:00,10.763,8.793773
2020-03-14 11:00:00,10.763,8.623617
2020-03-14 11:15:00,10.693,8.574974
2020-03-14 11:30:00,10.904,9.527229
2020-03-14 11:45:00,10.904,9.235428
2020-03-14 12:00:00,10.833,9.18997
2020-03-14 12:15:00,10.693,9.559193
2020-03-14 12:30:00,10.622,9.62272
2020-03-14 12:45:00,10.411,9.962063
2020-03-14 13:00:00,9.497,9.636705
2020-03-14 13:15:00,10.06,9.580198
2020-03-14 13:30:00,10.552,9.511837
2020-03-14 13:45:00,10.974,9.682813
2020-03-14 14:00:00,10.622,9.488362
2020-03-14 14:15:00,10.552,9.674013
2020-03-14 14:30:00,10.693,9.715249
2020-03-14 14:45:00,10.763,9.817003
2020-03-14 15:00:00,10.693,10.183556
2020-03-14 15:15:00,10.552,9.785818
2020-03-14 15:30:00,10.763,9.8461895
2020-03-14 15:45:00,10.552,10.009255
2020-03-14 16:00:00,10.763,10.169725
2020-03-14 16:15:00,10.482,10.209169
2020-03-14 16:30:00,9.919,10.497416
2020-03-14 16:45:00,9.919,10.230694
2020-03-14 17:00:00,10.2,10.315946
2020-03-14 17:15:00,10.06,9.703175
2020-03-14 17:30:00,10.271,9.545555
2020-03-14 17:45:00,10.271,9.19001
2020-03-14 18:00:00,10.482,9.1404705
2020-03-14 18:15:00,10.411,9.341299
2020-03-14 18:30:00,10.13,9.470329
2020-03-14 18:45:00,10.06,9.490591
2020-03-14 19:00:00,9.778,9.451319
2020-03-14 19:15:00,9.919,9.667597
2020-03-14 19:30:00,9.778,9.626982
2020-03-14 19:45:00,9.849,9.723487
2020-03-14 20:00:00,9.638,9.875809
2020-03-14 20:15:00,9.638,9.9902725
2020-03-14 20:30:00,9.356,10.02676
2020-03-14 20:45:00,9.215,10.212585
2020-03-14 21:00:00,9.497,10.22187
2020-03-14 21:15:00,9.708,10.350921
2020-03-14 21:30:00,9.567,10.244839
2020-03-14 21:45:00,9.426,9.996099
2020-03-14 22:00:00,9.567,9.79529
2020-03-14 22:15:00,9.638,9.598249
2020-03-14 22:30:00,9.426,8.5467
2020-03-14 22:45:00,9.356,7.690776
2020-03-14 23:00:00,9.426,7.5391374
2020-03-14 23:15:00,9.356,7.8084607
2020-03-14 23:30:00,9.497,7.944766
2020-03-14 23:45:00,9.567,7.8625045
2020-03-15 00:00:00,9.708,10.120121
2020-03-15 00:15:00,9.567,10.749581
2020-03-15 00:30:00,9.778,11.700297
2020-03-15 00:45:00,9.567,9.802935
2020-03-15 01:00:00,9.708,8.423437
2020-03-15 01:15:00,9.426,8.163463
2020-03-15 01:30:00,9.215,7.873541
2020-03-15 01:45:00,9.778,7.264367
2020-03-15 02:00:00,9.567,7.992927
2020-03-15 02:15:00,9.567,8.413839
2020-03-15 02:30:00,9.567,8.833993
2020-03-15 02:45:00,9.497,8.578644
2020-03-15 03:00:00,9.497,8.520486
2020-03-15 03:15:00,9.638,8.348149
2020-03-15 03:30:00,9.778,8.087465
2020-03-15 03:45:00,9.567,7.9552984
2020-03-15 04:00:00,9.638,8.20574
2020-03-15 04:15:00,9.638,7.4983134
2020-03-15 04:30:00,9.497,7.828689
2020-03-15 04:45:00,9.497,7.7967243
2020-03-15 05:00:00,9.778,8.507466
2020-03-15 05:15:00,9.778,7.4364624
2020-03-15 05:30:00,10.2,8.101248
2020-03-15 05:45:00,9.989,8.193523
2020-03-15 06:00:00,9.919,8.268293
2020-03-15 06:15:00,9.849,8.043249
2020-03-15 06:30:00,9.708,7.8658404
2020-03-15 06:45:00,9.567,6.656299
2020-03-15 07:00:00,9.638,6.167081
2020-03-15 07:15:00,9.849,6.4012804
2020-03-15 07:30:00,9.708,6.5028076
2020-03-15 07:45:00,9.919,6.9105597
2020-03-15 08:00:00,10.13,7.8753824
2020-03-15 08:15:00,10.06,8.336822
2020-03-15 08:30:00,10.13,7.5031395
2020-03-15 08:45:00,10.482,8.122579
2020-03-15 09:00:00,10.13,7.940027
2020-03-15 09:15:00,10.482,6.9919767
2020-03-15 09:30:00,10.06,7.126168
2020-03-15 09:45:00,10.13,7.661436
2020-03-15 10:00:00,9.919,8.277698
2020-03-15 10:15:00,9.708,9.552037
2020-03-15 10:30:00,9.356,9.692708
2020-03-15 10:45:00,9.567,9.81619
2020-03-15 11:00:00,9.708,9.648388
2020-03-15 11:15:00,9.778,9.699083
2020-03-15 11:30:00,10.06,9.674855
2020-03-15 11:45:00,9.919,9.7034
2020-03-15 12:00:00,10.622,9.679688
2020-03-15 12:15:00,10.552,9.830721
2020-03-15 12:30:00,10.622,9.979239
2020-03-15 12:45:00,10.974,10.5746765
2020-03-15 13:00:00,10.833,10.405291
2020-03-15 13:15:00,10.974,10.615118
2020-03-15 13:30:00,10.552,10.516501
2020-03-15 13:45:00,10.482,9.535198
2020-03-15 14:00:00,10.904,10.289831
2020-03-15 14:15:00,10.833,10.950577
2020-03-15 14:30:00,11.467,10.721484
2020-03-15 14:45:00,11.326,10.614372
2020-03-15 15:00:00,10.833,10.912643
2020-03-15 15:15:00,11.044,10.830253
2020-03-15 15:30:00,11.678,10.527497
2020-03-15 15:45:00,11.326,11.257509
2020-03-15 16:00:00,11.678,11.013729
2020-03-15 16:15:00,12.029,11.1995125
2020-03-15 16:30:00,11.818,11.079084
2020-03-15 16:45:00,11.678,11.217242
2020-03-15 17:00:00,11.889,11.099019
2020-03-15 17:15:00,11.959,10.827922
2020-03-15 17:30:00,11.748,10.199554
2020-03-15 17:45:00,11.678,9.977583
2020-03-15 18:00:00,11.607,9.422529
2020-03-15 18:15:00,11.256,9.59305
2020-03-15 18:30:00,8.723,9.561782
2020-03-15 18:45:00,8.653,9.670153
2020-03-15 19:00:00,7.668,9.710772
2020-03-15 19:15:00,2.955,9.638493
2020-03-15 19:30:00,2.603,9.83132
2020-03-15 19:45:00,2.462,10.145031
2020-03-15 20:00:00,2.321,10.153786
2020-03-15 20:15:00,1.688,10.203005
2020-03-15 20:30:00,1.618,10.100502
2020-03-15 20:45:00,1.196,9.901969
2020-03-15 21:00:00,0.985,9.881025
2020-03-15 21:15:00,1.126,9.889284
2020-03-15 21:30:00,1.407,9.650966
2020-03-15 21:45:00,1.407,9.462927
2020-03-15 22:00:00,2.884,9.759758
2020-03-15 22:15:00,2.251,9.609095
2020-03-15 22:30:00,1.618,9.675831
2020-03-15 22:45:00,1.548,9.634695
2020-03-15 23:00:00,1.688,8.353874
2020-03-15 23:15:00,2.04,8.365183
2020-03-15 23:30:00,2.603,8.630086
2020-03-15 23:45:00,2.532,9.385251
2020-03-16 00:00:00,2.744,10.858135
2020-03-16 00:15:00,2.392,11.325984
2020-03-16 00:30:00,2.181,11.453834
2020-03-16 00:45:00,2.181,9.479216
2020-03-16 01:00:00,2.251,8.264566
2020-03-16 01:15:00,2.181,8.433868
2020-03-16 01:30:00,2.181,7.806411
2020-03-16 01:45:00,2.04,8.529409
2020-03-16 02:00:00,1.829,7.6819067
2020-03-16 02:15:00,1.759,7.34808
2020-03-16 02:30:00,2.04,7.381505
2020-03-16 02:45:00,2.181,8.971795
2020-03-16 03:00:00,2.603,7.8892183
2020-03-16 03:15:00,3.025,7.0488186
2020-03-16 03:30:00,3.306,7.2867856
2020-03-16 03:45:00,3.588,8.058727
2020-03-16 04:00:00,3.377,7.37366
2020-03-16 04:15:00,3.095,6.8910522
2020-03-16 04:30:00,3.095,6.964353
2020-03-16 04:45:00,3.025,6.586246
2020-03-16 05:00:00,3.166,6.988049
2020-03-16 05:15:00,3.236,7.0041494
2020-03-16 05:30:00,3.025,6.6515493
2020-03-16 05:45:00,3.025,7.045635
2020-03-16 06:00:00,3.306,6.9982624
2020-03-16 06:15:00,3.377,6.799582
2020-03-16 06:30:00,2.532,6.6869087
2020-03-16 06:45:00,2.744,6.6548243
2020-03-16 07:00:00,2.744,6.4746437
2020-03-16 07:15:00,1.688,6.8460674
2020-03-16 07:30:00,1.407,7.411405
2020-03-16 07:45:00,1.97,8.583205
2020-03-16 08:00:00,1.899,8.804588
2020-03-16 08:15:00,2.04,8.454557
2020-03-16 08:30:00,2.181,8.639956
2020-03-16 08:45:00,2.603,8.9732
2020-03-16 09:00:00,2.11,7.909649
2020-03-16 09:15:00,2.11,7.7077475
2020-03-16 09:30:00,1.477,7.7253175
2020-03-16 09:45:00,1.688,9.305625
2020-03-16 10:00:00,2.11,10.164591
2020-03-16 10:15:00,2.744,10.187707
2020-03-16 10:30:00,2.603,9.886148
2020-03-16 10:45:00,2.603,9.879478
2020-03-16 11:00:00,3.025,9.669738
2020-03-16 11:15:00,3.166,9.365677
2020-03-16 11:30:00,3.447,10.048531
2020-03-16 11:45:00,3.306,9.849748
2020-03-16 12:00:00,3.658,9.689443
2020-03-16 12:15:00,4.15,9.281048
2020-03-16 12:30:00,3.799,10.577058
2020-03-16 12:45:00,3.799,9.217309
2020-03-16 13:00:00,4.01,9.653849
2020-03-16 13:15:00,3.869,9.514413
2020-03-16 13:30:00,3.588,9.7184925
2020-03-16 13:45:00,3.588,9.963808
2020-03-16 14:00:00,3.799,9.25983
2020-03-16 14:15:00,4.08,9.868108
2020-03-16 14:30:00,4.01,10.643058
2020-03-16 14:45:00,4.15,10.201498
2020-03-16 15:00:00,3.869,10.122051
2020-03-16 15:15:00,4.15,10.414801
2020-03-16 15:30:00,4.08,11.080807
2020-03-16 15:45:00,4.221,10.984299
2020-03-16 16:00:00,4.291,9.665523
2020-03-16 16:15:00,4.502,10.315702
2020-03-16 16:30:00,4.573,9.35449
2020-03-16 16:45:00,4.502,10.579729
2020-03-16 17:00:00,4.502,9.975933
2020-03-16 17:15:00,4.573,8.380357
2020-03-16 17:30:00,4.502,8.30338
2020-03-16 17:45:00,4.573,8.625144
2020-03-16 18:00:00,4.784,8.655649
2020-03-16 18:15:00,4.854,8.722887
2020-03-16 18:30:00,5.065,8.840072
2020-03-16 18:45:00,5.065,8.694868
2020-03-16 19:00:00,4.995,8.457367
2020-03-16 19:15:00,5.065,8.568291
2020-03-16 19:30:00,5.065,8.545004
2020-03-16 19:45:00,4.995,8.682187
2020-03-16 20:00:00,5.206,8.281694
2020-03-16 20:15:00,5.346,8.397924
2020-03-16 20:30:00,5.628,8.368453
2020-03-16 20:45:00,5.487,8.369519
2020-03-16 21:00:00,5.346,8.297912
2020-03-16 21:15:00,5.346,8.336079
2020-03-16 21:30:00,5.276,8.290688
2020-03-16 21:45:00,5.065,8.354189
2020-03-16 22:00:00,4.924,8.265621
2020-03-16 22:15:00,4.924,8.408878
2020-03-16 22:30:00,4.643,8.089876
2020-03-16 22:45:00,4.924,7.702107
2020-03-16 23:00:00,4.15,7.7344227
2020-03-16 23:15:00,4.01,8.037463
2020-03-16 23:30:00,3.517,7.894508
2020-03-16 23:45:00,3.447,7.4340725
2020-03-17 00:00:00,3.377,7.8260665
2020-03-17 00:15:00,3.447,7.9011226
2020-03-17 00:30:00,3.166,8.340424
2020-03-17 00:45:00,3.095,8.343369
2020-03-17 01:00:00,3.166,7.535277
2020-03-17 01:15:00,3.236,7.21097
2020-03-17 01:30:00,3.377,7.7588263
2020-03-17 01:45:00,2.884,7.088465
2020-03-17 02:00:00,2.744,8.047018
2020-03-17 02:15:00,2.955,7.7283463
2020-03-17 02:30:00,3.095,7.656229
2020-03-17 02:45:00,2.884,7.494816
2020-03-17 03:00:00,3.025,7.496071
2020-03-17 03:15:00,3.025,7.5949144
2020-03-17 03:30:00,2.884,7.00721
2020-03-17 03:45:00,2.884,7.1600933
2020-03-17 04:00:00,2.814,6.94545
2020-03-17 04:15:00,2.673,7.2409577
2020-03-17 04:30:00,2.814,7.925303
2020-03-17 04:45:00,2.673,8.066669
2020-03-17 05:00:00,2.744,8.18617
2020-03-17 05:15:00,2.532,7.9268184
2020-03-17 05:30:00,2.884,7.4363174
2020-03-17 05:45:00,2.673,7.820634
2020-03-17 06:00:00,2.744,7.9525695
2020-03-17 06:15:00,2.814,7.239513
2020-03-17 06:30:00,2.603,8.020985
2020-03-17 06:45:00,2.532,7.347865
2020-03-17 07:00:00,2.321,7.3064423
2020-03-17 07:15:00,2.532,7.869054
2020-03-17 07:30:00,2.744,7.9444375
2020-03-17 07:45:00,2.884,8.519746
2020-03-17 08:00:00,2.814,9.3666115
2020-03-17 08:15:00,2.884,8.710779
2020-03-17 08:30:00,2.884,7.3976755
2020-03-17 08:45:00,2.884,7.6684704
2020-03-17 09:00:00,3.095,8.490659
2020-03-17 09:15:00,3.306,8.198355
2020-03-17 09:30:00,3.799,8.680658
2020-03-17 09:45:00,3.939,9.094744
2020-03-17 10:00:00,3.869,9.218813
2020-03-17 10:15:00,4.291,9.550858
2020-03-17 10:30:00,4.362,9.363085
2020-03-17 10:45:00,4.291,9.344206
2020-03-17 11:00:00,4.432,10.14765
2020-03-17 11:15:00,4.713,10.333292
2020-03-17 11:30:00,4.854,9.177001
2020-03-17 11:45:00,5.206,9.7050705
2020-03-17 12:00:00,5.135,9.0819435
2020-03-17 12:15:00,5.346,8.530306
2020-03-17 12:30:00,5.276,8.272507
2020-03-17 12:45:00,5.487,7.9261656
2020-03-17 13:00:00,5.276,7.9285297
2020-03-17 13:15:00,5.417,8.447722
2020-03-17 13:30:00,5.768,9.633211
2020-03-17 13:45:00,6.05,11.387773
2020-03-17 14:00:00,6.12,10.582443
2020-03-17 14:15:00,6.191,11.349428
2020-03-17 14:30:00,6.191,10.920209
2020-03-17 14:45:00,6.402,11.679059
2020-03-17 15:00:00,6.472,9.917945
2020-03-17 15:15:00,6.824,9.464089
2020-03-17 15:30:00,6.402,9.282969
2020-03-17 15:45:00,6.12,8.590303
2020-03-17 16:00:00,6.05,8.349615
2020-03-17 16:15:00,5.979,8.45825
2020-03-17 16:30:00,5.839,9.000688
2020-03-17 16:45:00,5.839,9.013844
2020-03-17 17:00:00,5.839,8.476967
2020-03-17 17:15:00,5.768,8.575761
2020-03-17 17:30:00,5.698,8.149019
2020-03-17 17:45:00,5.839,8.246623
2020-03-17 18:00:00,5.768,8.213094
2020-03-17 18:15:00,5.698,8.300526
2020-03-17 18:30:00,5.768,8.396142
2020-03-17 18:45:00,5.628,8.396062
2020-03-17 19:00:00,5.628,8.336491
2020-03-17 19:15:00,5.698,8.297158
2020-03-17 19:30:00,5.557,8.250832
2020-03-17 19:45:00,5.417,8.298665
2020-03-17 20:00:00,5.487,8.260889
2020-03-17 20:15:00,5.698,8.341443
2020-03-17 20:30:00,5.487,8.41679
2020-03-17 20:45:00,5.557,8.402618
2020-03-17 21:00:00,5.487,8.36387
2020-03-17 21:15:00,5.276,8.410304
2020-03-17 21:30:00,5.628,8.291646
2020-03-17 21:45:00,5.557,8.090786
2020-03-17 22:00:00,5.276,8.353892
2020-03-17 22:15:00,4.924,8.443388
2020-03-17 22:30:00,3.517,8.41172
2020-03-17 22:45:00,3.095,8.38626
2020-03-17 23:00:00,3.517,8.431593
2020-03-17 23:15:00,4.362,8.438748
2020-03-17 23:30:00,4.502,8.222435
2020-03-17 23:45:00,4.643,7.977459
2020-03-18 00:00:00,4.713,7.6478376
2020-03-18 00:15:00,4.573,6.8966746
2020-03-18 00:30:00,4.713,5.788159
2020-03-18 00:45:00,4.854,6.4085007
2020-03-18 01:00:00,4.854,10.123089
2020-03-18 01:15:00,5.065,11.790512
2020-03-18 01:30:00,5.206,12.482067
2020-03-18 01:45:00,5.557,12.494274
2020-03-18 02:00:00,5.557,12.871416
2020-03-18 02:15:00,5.487,13.110682
2020-03-18 02:30:00,5.628,13.114647
2020-03-18 02:45:00,5.979,12.736553
2020-03-18 03:00:00,5.909,12.813211
2020-03-18 03:15:00,6.191,12.642424
2020-03-18 03:30:00,6.12,11.63944
2020-03-18 03:45:00,6.261,11.085167
2020-03-18 04:00:00,4.924,11.169296
2020-03-18 04:15:00,4.15,10.909357
2020-03-18 04:30:00,3.728,10.9481735
2020-03-18 04:45:00,3.869,10.440345
2020-03-18 05:00:00,3.799,10.14855
2020-03-18 05:15:00,3.447,9.521727
2020-03-18 05:30:00,3.939,10.717844
2020-03-18 05:45:00,5.206,10.643351
2020-03-18 06:00:00,5.839,9.312167
2020-03-18 06:15:00,6.331,8.509434
2020-03-18 06:30:00,7.105,8.486718
2020-03-18 06:45:00,7.668,6.4150543
2020-03-18 07:00:00,7.738,8.105899
2020-03-18 07:15:00,7.809,8.7086735
2020-03-18 07:30:00,8.231,8.770852
2020-03-18 07:45:00,8.16,7.2521496
2020-03-18 08:00:00,8.09,7.7388363
2020-03-18 08:15:00,7.879,8.104792
2020-03-18 08:30:00,8.09,8.558312
2020-03-18 08:45:00,7.738,9.130554
2020-03-18 09:00:00,7.105,7.975173
2020-03-18 09:15:00,6.542,7.7236786
2020-03-18 09:30:00,5.979,6.205368
2020-03-18 09:45:00,6.331,6.0271616
2020-03-18 10:00:00,7.597,6.5953426
2020-03-18 10:15:00,7.809,6.41483
2020-03-18 10:30:00,7.809,6.6136785
2020-03-18 10:45:00,8.09,6.872858
2020-03-18 11:00:00,7.949,6.9981785
2020-03-18 11:15:00,6.964,7.258799
2020-03-18 11:30:00,7.105,7.326868
2020-03-18 11:45:00,6.894,7.320057
2020-03-18 12:00:00,6.964,7.053337
2020-03-18 12:15:00,7.316,7.114418
2020-03-18 12:30:00,7.597,7.1438713
2020-03-18 12:45:00,7.809,7.265724
2020-03-18 13:00:00,7.809,6.8625
2020-03-18 13:15:00,6.894,6.8806777
2020-03-18 13:30:00,6.261,6.755175
2020-03-18 13:45:00,5.839,6.9592404
2020-03-18 14:00:00,6.261,6.572612
2020-03-18 14:15:00,5.487,6.449345
2020-03-18 14:30:00,4.854,6.5275965
2020-03-18 14:45:00,5.276,6.552934
2020-03-18 15:00:00,5.698,6.172993
2020-03-18 15:15:00,5.979,6.413775
2020-03-18 15:30:00,5.909,6.2371287
2020-03-18 15:45:00,5.839,6.183293
2020-03-18 16:00:00,5.487,6.4160233
2020-03-18 16:15:00,5.206,6.437162
2020-03-18 16:30:00,4.995,6.3995395
2020-03-18 16:45:00,5.206,5.995552
2020-03-18 17:00:00,5.417,5.7650514
2020-03-18 17:15:00,5.768,5.8719893
2020-03-18 17:30:00,5.768,5.8260436
2020-03-18 17:45:00,5.698,5.926354
2020-03-18 18:00:00,5.979,5.9898877
2020-03-18 18:15:00,6.12,6.130185
2020-03-18 18:30:00,6.12,6.372346
2020-03-18 18:45:00,6.261,6.641422
2020-03-18 19:00:00,5.487,6.8727055
2020-03-18 19:15:00,4.15,6.870302
2020-03-18 19:30:00,3.939,6.6874914
2020-03-18 19:45:00,4.15,7.340587
2020-03-18 20:00:00,4.432,7.8495655
2020-03-18 20:15:00,5.346,7.6889277
2020-03-18 20:30:00,5.839,7.712414
2020-03-18 20:45:00,6.05,7.78329
2020-03-18 21:00:00,5.979,8.031638
2020-03-18 21:15:00,6.191,8.127356
2020-03-18 21:30:00,6.613,7.992361
2020-03-18 21:45:00,6.191,7.652537
2020-03-18 22:00:00,5.979,7.72204
2020-03-18 22:15:00,5.839,8.057275
2020-03-18 22:30:00,5.628,8.199812
2020-03-18 22:45:00,5.839,8.552603
2020-03-18 23:00:00,5.768,8.506958
2020-03-18 23:15:00,5.839,8.376436
2020-03-18 23:30:00,6.472,8.514428
2020-03-18 23:45:00,6.753,9.64658
2020-03-19 00:00:00,5.909,10.303566
2020-03-19 00:15:00,5.628,9.656309
2020-03-19 00:30:00,5.698,8.889998
2020-03-19 00:45:00,6.05,10.10087
2020-03-19 01:00:00,6.12,10.186943
2020-03-19 01:15:00,6.402,9.571283
2020-03-19 01:30:00,6.331,10.383181
2020-03-19 01:45:00,6.191,10.1978
2020-03-19 02:00:00,6.753,10.651065
2020-03-19 02:15:00,6.753,10.210782
2020-03-19 02:30:00,5.065,10.633591
2020-03-19 02:45:00,4.362,10.047371
2020-03-19 03:00:00,4.854,9.592865
2020-03-19 03:15:00,5.206,11.144542
2020-03-19 03:30:00,5.839,10.772366
2020-03-19 03:45:00,4.924,10.220174
2020-03-19 04:00:00,4.784,9.43479
2020-03-19 04:15:00,3.447,9.627971
2020-03-19 04:30:00,4.15,9.913059
2020-03-19 04:45:00,3.939,10.573955
2020-03-19 05:00:00,4.362,10.813946
2020-03-19 05:15:00,4.924,10.835796
2020-03-19 05:30:00,5.628,11.300963
2020-03-19 05:45:00,5.839,10.1162
2020-03-19 06:00:00,5.839,11.234724
2020-03-19 06:15:00,4.643,10.672701
2020-03-19 06:30:00,4.643,10.175364
2020-03-19 06:45:00,4.924,10.015948
2020-03-19 07:00:00,4.854,10.888548
2020-03-19 07:15:00,4.502,11.511752
2020-03-19 07:30:00,4.713,10.976229
2020-03-19 07:45:00,4.643,12.08743
2020-03-19 08:00:00,4.854,11.292191
2020-03-19 08:15:00,4.784,11.014934
2020-03-19 08:30:00,5.065,10.480794
2020-03-19 08:45:00,4.995,9.37649
2020-03-19 09:00:00,5.276,10.005299
2020-03-19 09:15:00,5.557,9.725092
2020-03-19 09:30:00,5.839,9.75688
2020-03-19 09:45:00,5.346,9.376611
2020-03-19 10:00:00,5.557,8.530045
2020-03-19 10:15:00,5.276,8.533581
2020-03-19 10:30:00,4.854,9.668604
2020-03-19 10:45:00,4.995,9.495638
2020-03-19 11:00:00,5.135,10.397486
2020-03-19 11:15:00,5.206,9.582211
2020-03-19 11:30:00,5.557,9.479079
2020-03-19 11:45:00,5.768,7.1727233
2020-03-19 12:00:00,6.261,6.8795304
2020-03-19 12:15:00,5.628,6.528692
2020-03-19 12:30:00,5.628,6.37444
2020-03-19 12:45:00,5.346,6.2833457
2020-03-19 13:00:00,5.206,6.323027
2020-03-19 13:15:00,5.346,6.615432
2020-03-19 13:30:00,5.698,7.4101095
2020-03-19 13:45:00,5.417,7.1338954
2020-03-19 14:00:00,5.346,7.8725586
2020-03-19 14:15:00,5.628,10.80565
2020-03-19 14:30:00,5.979,7.524383
2020-03-19 14:45:00,5.346,6.6029987
2020-03-19 15:00:00,5.417,6.673453
2020-03-19 15:15:00,5.135,6.523635
2020-03-19 15:30:00,4.784,6.315721
2020-03-19 15:45:00,4.854,6.1720715
2020-03-19 16:00:00,5.065,6.256005
2020-03-19 16:15:00,5.628,6.0889583
2020-03-19 16:30:00,5.276,6.270477
2020-03-19 16:45:00,5.276,6.1722035
2020-03-19 17:00:00,6.05,6.338308
2020-03-19 17:15:00,5.768,6.097138
2020-03-19 17:30:00,4.854,5.9953423
2020-03-19 17:45:00,3.306,6.791065
2020-03-19 18:00:00,3.166,6.2138844
2020-03-19 18:15:00,3.799,5.9170017
2020-03-19 18:30:00,3.869,6.197159
2020-03-19 18:45:00,4.08,6.316377
2020-03-19 19:00:00,3.869,6.200115
2020-03-19 19:15:00,3.658,6.2299857
2020-03-19 19:30:00,4.08,6.2436523
2020-03-19 19:45:00,4.502,7.354064
2020-03-19 20:00:00,4.643,7.552581
2020-03-19 20:15:00,4.713,7.0379286
2020-03-19 20:30:00,5.065,7.0291753
2020-03-19 20:45:00,5.346,7.3254976
2020-03-19 21:00:00,4.573,7.565733
2020-03-19 21:15:00,4.995,7.836515
2020-03-19 21:30:00,5.065,7.5336485
2020-03-19 21:45:00,5.065,7.2631717
2020-03-19 22:00:00,4.643,7.4780912
2020-03-19 22:15:00,4.643,7.5874925
2020-03-19 22:30:00,4.502,7.5484986
2020-03-19 22:45:00,3.658,7.2614565
2020-03-19 23:00:00,4.08,6.8857555
2020-03-19 23:15:00,4.15,10.902407
2020-03-19 23:30:00,4.291,12.63762
2020-03-19 23:45:00,3.236,12.513065
2020-03-20 00:00:00,3.095,13.334698
2020-03-20 00:15:00,2.814,15.413264
2020-03-20 00:30:00,3.025,16.951649
2020-03-20 00:45:00,3.377,17.095781
2020-03-20 01:00:00,3.236,16.302036
2020-03-20 01:15:00,3.166,16.55838
2020-03-20 01:30:00,3.658,16.751324
2020-03-20 01:45:00,4.01,17.416817
2020-03-20 02:00:00,4.01,17.426651
2020-03-20 02:15:00,4.221,17.597534
2020-03-20 02:30:00,4.15,17.633698
2020-03-20 02:45:00,3.799,17.653694
2020-03-20 03:00:00,3.728,17.527164
2020-03-20 03:15:00,4.15,17.60213
2020-03-20 03:30:00,4.221,17.238375
2020-03-20 03:45:00,4.291,17.46912
2020-03-20 04:00:00,4.291,17.509964
2020-03-20 04:15:00,3.728,17.098812
2020-03-20 04:30:00,4.01,17.077915
2020-03-20 04:45:00,4.291,17.067982
2020-03-20 05:00:00,4.643,17.093966
2020-03-20 05:15:00,4.01,16.94315
2020-03-20 05:30:00,3.799,16.854733
2020-03-20 05:45:00,4.502,16.64679
2020-03-20 06:00:00,4.432,16.782558
2020-03-20 06:15:00,4.01,16.270237
2020-03-20 06:30:00,3.799,16.337154
2020-03-20 06:45:00,3.447,15.938376
2020-03-20 07:00:00,3.166,15.5883875
2020-03-20 07:15:00,3.447,14.887603
2020-03-20 07:30:00,3.306,14.672076
2020-03-20 07:45:00,3.095,14.903419
2020-03-20 08:00:00,2.955,14.236955
2020-03-20 08:15:00,2.814,15.233882
2020-03-20 08:30:00,2.462,15.610698
2020-03-20 08:45:00,2.884,14.710699
2020-03-20 09:00:00,3.728,12.810693
2020-03-20 09:15:00,3.095,11.108337
2020-03-20 09:30:00,3.377,11.431678
2020-03-20 09:45:00,3.728,11.725888
2020-03-20 10:00:00,4.15,11.644219
2020-03-20 10:15:00,4.08,9.911829
2020-03-20 10:30:00,3.869,9.557352
2020-03-20 10:45:00,4.221,8.794389
2020-03-20 11:00:00,3.588,7.977869
2020-03-20 11:15:00,3.728,7.084192
2020-03-20 11:30:00,4.08,7.9987187
2020-03-20 11:45:00,3.728,9.420824
2020-03-20 12:00:00,3.869,9.6045475
2020-03-20 12:15:00,3.447,9.324091
2020-03-20 12:30:00,3.166,9.103063
2020-03-20 12:45:00,3.447,8.89473
2020-03-20 13:00:00,3.447,8.669819
2020-03-20 13:15:00,3.377,8.41772
2020-03-20 13:30:00,3.658,9.06434
2020-03-20 13:45:00,3.869,10.393236
2020-03-20 14:00:00,3.517,11.4559355
2020-03-20 14:15:00,3.517,11.143407
2020-03-20 14:30:00,3.517,10.255435
2020-03-20 14:45:00,3.236,10.30332
2020-03-20 15:00:00,3.517,10.2769375
2020-03-20 15:15:00,2.814,10.588893
2020-03-20 15:30:00,3.095,10.986991
2020-03-20 15:45:00,2.955,10.386408
2020-03-20 16:00:00,3.095,9.964248
2020-03-20 16:15:00,2.603,9.602392
2020-03-20 16:30:00,2.884,9.494312
2020-03-20 16:45:00,2.321,9.495603
2020-03-20 17:00:00,2.462,9.260574
2020-03-20 17:15:00,2.181,9.751415
2020-03-20 17:30:00,1.899,9.831783
2020-03-20 17:45:00,2.744,10.766352
2020-03-20 18:00:00,2.532,11.286365
2020-03-20 18:15:00,3.236,10.0834875
2020-03-20 18:30:00,3.447,9.154743
2020-03-20 18:45:00,3.658,8.66227
2020-03-20 19:00:00,2.884,8.487539
2020-03-20 19:15:00,2.392,8.210768
2020-03-20 19:30:00,2.744,7.964882
2020-03-20 19:45:00,2.884,9.4379425
2020-03-20 20:00:00,2.532,10.236105
2020-03-20 20:15:00,2.532,9.563507
2020-03-20 20:30:00,3.025,9.268499
2020-03-20 20:45:00,3.236,9.095409
2020-03-20 21:00:00,2.603,9.287614
2020-03-20 21:15:00,3.236,9.468647
2020-03-20 21:30:00,3.166,9.733594
2020-03-20 21:45:00,3.447,9.332916
2020-03-20 22:00:00,3.377,9.615379
2020-03-20 22:15:00,3.236,9.363461
2020-03-20 22:30:00,2.744,9.233472
2020-03-20 22:45:00,2.955,8.75654
2020-03-20 23:00:00,3.377,8.691381
2020-03-20 23:15:00,2.955,12.445534
2020-03-20 23:30:00,2.603,12.203008
2020-03-20 23:45:00,2.884,13.885255
2020-03-21 00:00:00,3.447,14.156141
2020-03-21 00:15:00,3.447,14.325299
2020-03-21 00:30:00,3.095,12.95641
2020-03-21 00:45:00,2.814,11.897918
2020-03-21 01:00:00,2.744,12.816617
2020-03-21 01:15:00,2.744,14.1657
2020-03-21 01:30:00,2.744,13.653274
2020-03-21 01:45:00,2.884,13.391016
2020-03-21 02:00:00,3.447,13.639053
2020-03-21 02:15:00,3.728,14.363162
2020-03-21 02:30:00,3.799,13.854763
2020-03-21 02:45:00,4.15,13.353688
2020-03-21 03:00:00,3.799,12.926772
2020-03-21 03:15:00,3.447,12.205783
2020-03-21 03:30:00,3.236,12.848812
2020-03-21 03:45:00,4.01,11.487352
2020-03-21 04:00:00,3.869,11.738969
2020-03-21 04:15:00,3.939,11.903915
2020-03-21 04:30:00,4.15,12.178639
2020-03-21 04:45:00,3.939,10.578146
2020-03-21 05:00:00,4.08,9.945173
2020-03-21 05:15:00,3.728,9.096776
2020-03-21 05:30:00,4.502,10.035568
2020-03-21 05:45:00,4.08,7.6358385
2020-03-21 06:00:00,3.939,9.019977
2020-03-21 06:15:00,4.221,9.507471
2020-03-21 06:30:00,4.15,9.466839
2020-03-21 06:45:00,3.658,7.607479
2020-03-21 07:00:00,4.01,7.8734956
2020-03-21 07:15:00,3.517,8.8977165
2020-03-21 07:30:00,4.08,7.583029
2020-03-21 07:45:00,4.362,7.424445
2020-03-21 08:00:00,4.291,7.087902
2020-03-21 08:15:00,4.502,8.996372
2020-03-21 08:30:00,3.588,12.051788
2020-03-21 08:45:00,3.447,12.5768175
2020-03-21 09:00:00,3.166,13.962058
2020-03-21 09:15:00,3.799,12.654043
2020-03-21 09:30:00,4.291,11.979385
2020-03-21 09:45:00,4.573,11.870522
2020-03-21 10:00:00,5.417,11.409058
2020-03-21 10:15:00,4.573,11.825136
2020-03-21 10:30:00,4.784,11.484848
2020-03-21 10:45:00,5.135,11.586888
2020-03-21 11:00:00,5.206,10.176563
2020-03-21 11:15:00,5.276,10.497238
2020-03-21 11:30:00,5.135,10.261215
2020-03-21 11:45:00,5.206,7.908877
2020-03-21 12:00:00,5.065,11.332916
2020-03-21 12:15:00,5.346,10.847475
2020-03-21 12:30:00,5.346,9.7649
2020-03-21 12:45:00,5.768,9.506306
2020-03-21 13:00:00,6.191,9.668856
2020-03-21 13:15:00,6.683,11.4252205
2020-03-21 13:30:00,6.683,12.830942
2020-03-21 13:45:00,6.753,12.374268
2020-03-21 14:00:00,5.909,12.279343
2020-03-21 14:15:00,6.191,12.906719
2020-03-21 14:30:00,6.402,12.477841
2020-03-21 14:45:00,6.402,11.701054
2020-03-21 15:00:00,6.683,11.0423355
2020-03-21 15:15:00,6.542,12.834122
2020-03-21 15:30:00,6.964,13.660709
2020-03-21 15:45:00,7.035,13.810329
2020-03-21 16:00:00,6.683,13.7640505
2020-03-21 16:15:00,7.105,13.146631
2020-03-21 16:30:00,6.613,12.348314
2020-03-21 16:45:00,6.472,12.522274
2020-03-21 17:00:00,6.402,12.617128
2020-03-21 17:15:00,6.261,11.835712
2020-03-21 17:30:00,6.331,11.407168
2020-03-21 17:45:00,6.542,10.515518
2020-03-21 18:00:00,6.894,9.498398
2020-03-21 18:15:00,6.964,8.433597
2020-03-21 18:30:00,6.753,7.1820135
2020-03-21 18:45:00,6.964,7.19948
2020-03-21 19:00:00,7.035,7.5587096
2020-03-21 19:15:00,7.035,8.109634
2020-03-21 19:30:00,7.035,7.7684402
2020-03-21 19:45:00,7.035,7.749149
2020-03-21 20:00:00,6.753,7.7691345
2020-03-21 20:15:00,6.964,7.689326
2020-03-21 20:30:00,6.613,7.7185125
2020-03-21 20:45:00,6.753,7.7643957
2020-03-21 21:00:00,6.753,7.781472
2020-03-21 21:15:00,6.753,7.7443433
2020-03-21 21:30:00,6.683,7.710817
2020-03-21 21:45:00,6.542,7.5766206
2020-03-21 22:00:00,6.683,7.6082296
2020-03-21 22:15:00,6.964,7.5324287
2020-03-21 22:30:00,7.105,7.6324263
2020-03-21 22:45:00,7.386,7.8280945
2020-03-21 23:00:00,6.683,8.308338
2020-03-21 23:15:00,6.472,12.104889
2020-03-21 23:30:00,6.824,14.286138
2020-03-21 23:45:00,6.402,14.329587
2020-03-22 00:00:00,6.613,13.98142
2020-03-22 00:15:00,6.753,14.474582
2020-03-22 00:30:00,6.261,14.270152
2020-03-22 00:45:00,6.331,13.517553
2020-03-22 01:00:00,6.331,13.555784
2020-03-22 01:15:00,6.472,13.354555
2020-03-22 01:30:00,6.472,13.257928
2020-03-22 01:45:00,6.753,14.200512
2020-03-22 02:00:00,6.753,13.93057
2020-03-22 02:15:00,6.542,13.116875
2020-03-22 02:30:00,6.753,13.052744
2020-03-22 02:45:00,6.613,12.962589
2020-03-22 03:00:00,6.261,13.320271
2020-03-22 03:15:00,6.05,12.685802
2020-03-22 03:30:00,6.261,12.527106
2020-03-22 03:45:00,6.261,11.941133
2020-03-22 04:00:00,6.261,11.641433
2020-03-22 04:15:00,6.191,10.941329
2020-03-22 04:30:00,6.753,11.0156355
2020-03-22 04:45:00,6.613,11.947115
2020-03-22 05:00:00,6.472,11.015823
2020-03-22 05:15:00,6.402,9.797677
2020-03-22 05:30:00,6.683,10.768655
2020-03-22 05:45:00,6.402,12.171328
2020-03-22 06:00:00,6.472,11.849065
2020-03-22 06:15:00,6.05,12.017469
2020-03-22 06:30:00,5.839,10.1909895
2020-03-22 06:45:00,6.12,12.684971
2020-03-22 07:00:00,6.12,12.716246
2020-03-22 07:15:00,6.331,9.41086
2020-03-22 07:30:00,6.542,12.141464
2020-03-22 07:45:00,7.035,10.405156
2020-03-22 08:00:00,6.964,13.509751
2020-03-22 08:15:00,7.386,14.36748
2020-03-22 08:30:00,7.457,14.854475
2020-03-22 08:45:00,7.668,14.799369
2020-03-22 09:00:00,7.949,14.243428
2020-03-22 09:15:00,7.949,13.01502
2020-03-22 09:30:00,8.582,12.925014
2020-03-22 09:45:00,9.075,13.130251
2020-03-22 10:00:00,8.512,12.620743
2020-03-22 10:15:00,8.442,12.379374
2020-03-22 10:30:00,8.02,10.501494
2020-03-22 10:45:00,7.809,11.112993
2020-03-22 11:00:00,7.457,11.62883
2020-03-22 11:15:00,7.527,12.504732
2020-03-22 11:30:00,7.949,11.256775
2020-03-22 11:45:00,8.09,10.774806
2020-03-22 12:00:00,8.16,12.786751
2020-03-22 12:15:00,8.512,12.950185
2020-03-22 12:30:00,8.934,12.332795
2020-03-22 12:45:00,9.075,13.365862
2020-03-22 13:00:00,9.426,12.381407
2020-03-22 13:15:00,9.286,13.039155
2020-03-22 13:30:00,9.215,13.277636
2020-03-22 13:45:00,8.864,14.000252
2020-03-22 14:00:00,9.004,13.908404
2020-03-22 14:15:00,9.215,13.303479
2020-03-22 14:30:00,9.638,12.885908
2020-03-22 14:45:00,8.653,11.9770565
2020-03-22 15:00:00,8.512,11.40824
2020-03-22 15:15:00,8.442,10.617846
2020-03-22 15:30:00,8.512,9.907867
2020-03-22 15:45:00,8.512,8.85111
2020-03-22 16:00:00,8.793,8.879343
2020-03-22 16:15:00,8.442,10.055533
2020-03-22 16:30:00,7.809,9.99911
2020-03-22 16:45:00,8.16,9.55774
2020-03-22 17:00:00,8.582,9.106039
2020-03-22 17:15:00,8.864,7.4961405
2020-03-22 17:30:00,8.864,8.737394
2020-03-22 17:45:00,9.567,9.253614
2020-03-22 18:00:00,9.708,10.142369
2020-03-22 18:15:00,9.567,8.934862
2020-03-22 18:30:00,9.215,8.449185
2020-03-22 18:45:00,9.215,8.331973
2020-03-22 19:00:00,9.215,7.9871016
2020-03-22 19:15:00,8.723,8.215881
2020-03-22 19:30:00,8.653,8.763395
2020-03-22 19:45:00,8.442,9.2179985
2020-03-22 20:00:00,8.512,8.836315
2020-03-22 20:15:00,8.231,8.82117
2020-03-22 20:30:00,8.16,8.222663
2020-03-22 20:45:00,8.371,7.992789
2020-03-22 21:00:00,8.371,7.888963
2020-03-22 21:15:00,8.653,7.9258103
2020-03-22 21:30:00,8.582,7.6757956
2020-03-22 21:45:00,8.512,7.731994
2020-03-22 22:00:00,8.512,7.5918436
2020-03-22 22:15:00,8.16,7.784728
2020-03-22 22:30:00,8.371,7.7550197
2020-03-22 22:45:00,8.442,7.7759247
2020-03-22 23:00:00,8.371,7.897743
2020-03-22 23:15:00,8.16,8.405741
2020-03-22 23:30:00,8.301,9.948637
2020-03-22 23:45:00,8.371,13.728037
2020-03-23 00:00:00,8.442,14.4855385
2020-03-23 00:15:00,8.301,14.805904
2020-03-23 00:30:00,8.653,15.344679
2020-03-23 00:45:00,8.442,14.961085
2020-03-23 01:00:00,8.16,12.54589
2020-03-23 01:15:00,8.371,12.605818
2020-03-23 01:30:00,8.442,13.387651
2020-03-23 01:45:00,8.231,14.696139
2020-03-23 02:00:00,8.301,15.747277
2020-03-23 02:15:00,8.371,14.295457
2020-03-23 02:30:00,8.301,13.878706
2020-03-23 02:45:00,8.653,14.321231
2020-03-23 03:00:00,8.723,14.490566
2020-03-23 03:15:00,8.723,14.25916
2020-03-23 03:30:00,8.442,14.043086
2020-03-23 03:45:00,8.723,13.831103
2020-03-23 04:00:00,8.301,13.897851
2020-03-23 04:15:00,8.371,14.405898
2020-03-23 04:30:00,7.879,15.179857
2020-03-23 04:45:00,8.371,13.567811
2020-03-23 05:00:00,8.02,11.994993
2020-03-23 05:15:00,8.16,13.002095
2020-03-23 05:30:00,8.371,13.087366
2020-03-23 05:45:00,8.582,12.662403
2020-03-23 06:00:00,8.16,12.121702
2020-03-23 06:15:00,7.949,11.92596
2020-03-23 06:30:00,7.809,11.918367
2020-03-23 06:45:00,7.879,10.538501
2020-03-23 07:00:00,8.231,9.869404
2020-03-23 07:15:00,9.075,9.390692
2020-03-23 07:30:00,8.934,9.141802
2020-03-23 07:45:00,8.934,10.807854
2020-03-23 08:00:00,8.582,10.50651
2020-03-23 08:15:00,8.723,12.48338
2020-03-23 08:30:00,8.512,12.275215
2020-03-23 08:45:00,8.864,12.165145
2020-03-23 09:00:00,8.231,12.202541
2020-03-23 09:15:00,8.653,13.978435
2020-03-23 09:30:00,9.778,14.808911
2020-03-23 09:45:00,9.989,13.060677
2020-03-23 10:00:00,9.919,11.730453
2020-03-23 10:15:00,10.271,10.711325
2020-03-23 10:30:00,10.06,10.482901
2020-03-23 10:45:00,9.849,10.247131
2020-03-23 11:00:00,9.989,10.175599
2020-03-23 11:15:00,9.778,9.916936
2020-03-23 11:30:00,9.497,9.898665
2020-03-23 11:45:00,9.567,10.026866
2020-03-23 12:00:00,9.708,10.058453
2020-03-23 12:15:00,9.778,10.109273
2020-03-23 12:30:00,9.778,10.230215
2020-03-23 12:45:00,10.13,10.296489
2020-03-23 13:00:00,10.271,11.000104
2020-03-23 13:15:00,10.622,10.9142275
2020-03-23 13:30:00,11.537,10.7297535
2020-03-23 13:45:00,10.974,10.831962
2020-03-23 14:00:00,11.607,10.763834
2020-03-23 14:15:00,12.029,10.936264
2020-03-23 14:30:00,12.451,11.125767
2020-03-23 14:45:00,12.24,11.115711
2020-03-23 15:00:00,12.522,11.480535
2020-03-23 15:15:00,12.662,11.711541
2020-03-23 15:30:00,12.733,11.778674
2020-03-23 15:45:00,12.874,11.895592
2020-03-23 16:00:00,12.381,11.830569
2020-03-23 16:15:00,12.381,11.810898
2020-03-23 16:30:00,12.662,11.717719
2020-03-23 16:45:00,12.522,11.542885
2020-03-23 17:00:00,12.733,11.49818
2020-03-23 17:15:00,12.803,11.484402
2020-03-23 17:30:00,12.944,11.212477
2020-03-23 17:45:00,12.451,9.877127
2020-03-23 18:00:00,12.029,9.013131
2020-03-23 18:15:00,11.678,8.86812
2020-03-23 18:30:00,11.185,9.639673
2020-03-23 18:45:00,10.974,9.526415
2020-03-23 19:00:00,10.833,8.927457
2020-03-23 19:15:00,10.904,8.539434
2020-03-23 19:30:00,10.904,8.411724
2020-03-23 19:45:00,10.833,9.953755
2020-03-23 20:00:00,10.622,9.984411
2020-03-23 20:15:00,10.13,9.736603
2020-03-23 20:30:00,9.708,9.596433
2020-03-23 20:45:00,9.426,9.850228
2020-03-23 21:00:00,9.426,9.939756
2020-03-23 21:15:00,8.934,9.77058
2020-03-23 21:30:00,9.215,10.20409
2020-03-23 21:45:00,9.215,10.465418
2020-03-23 22:00:00,9.004,8.706544
2020-03-23 22:15:00,8.934,8.015328
2020-03-23 22:30:00,9.215,7.9462013
2020-03-23 22:45:00,9.426,8.778065
2020-03-23 23:00:00,9.286,8.112839
2020-03-23 23:15:00,9.215,9.589482
2020-03-23 23:30:00,9.286,8.76405
2020-03-23 23:45:00,8.934,7.668009
2020-03-24 00:00:00,9.145,10.572901
2020-03-24 00:15:00,9.075,9.275201
2020-03-24 00:30:00,9.286,12.0821905
2020-03-24 00:45:00,9.215,14.020397
2020-03-24 01:00:00,9.497,12.033409
2020-03-24 01:15:00,9.708,13.251148
2020-03-24 01:30:00,9.989,14.770867
2020-03-24 01:45:00,10.06,15.634085
2020-03-24 02:00:00,9.849,15.331204
2020-03-24 02:15:00,9.638,15.030562
2020-03-24 02:30:00,9.286,15.125693
2020-03-24 02:45:00,9.286,14.644347
2020-03-24 03:00:00,9.286,14.676087
2020-03-24 03:15:00,9.215,14.370357
2020-03-24 03:30:00,9.075,14.784655
2020-03-24 03:45:00,9.286,13.895212
2020-03-24 04:00:00,9.356,14.560817
2020-03-24 04:15:00,9.778,16.379913
2020-03-24 04:30:00,9.567,14.603984
2020-03-24 04:45:00,9.497,11.90348
2020-03-24 05:00:00,9.075,12.850323
2020-03-24 05:15:00,9.215,12.565323
2020-03-24 05:30:00,8.934,13.1140585
2020-03-24 05:45:00,9.004,13.142671
2020-03-24 06:00:00,9.004,12.041588
2020-03-24 06:15:00,9.004,12.409264
2020-03-24 06:30:00,9.145,12.98662
2020-03-24 06:45:00,9.778,10.786627
2020-03-24 07:00:00,10.622,8.668644
2020-03-24 07:15:00,9.989,8.979607
2020-03-24 07:30:00,9.286,8.3986025
2020-03-24 07:45:00,9.567,7.9874883
2020-03-24 08:00:00,9.497,11.833042
2020-03-24 08:15:00,9.638,13.012168
2020-03-24 08:30:00,9.778,13.053348
2020-03-24 08:45:00,9.849,13.696625
2020-03-24 09:00:00,9.849,16.712326
2020-03-24 09:15:00,9.708,17.362698
2020-03-24 09:30:00,9.778,16.266363
2020-03-24 09:45:00,9.919,13.63105
2020-03-24 10:00:00,9.919,16.306362
2020-03-24 10:15:00,10.06,17.022594
2020-03-24 10:30:00,9.989,16.967644
2020-03-24 10:45:00,10.271,16.452305
2020-03-24 11:00:00,10.271,15.322072
2020-03-24 11:15:00,10.13,15.278274
2020-03-24 11:30:00,10.622,14.665584
2020-03-24 11:45:00,10.693,12.1182995
2020-03-24 12:00:00,10.693,10.0114565
2020-03-24 12:15:00,10.482,9.354142
2020-03-24 12:30:00,10.341,9.307156
2020-03-24 12:45:00,10.482,9.302614
2020-03-24 13:00:00,10.693,9.012304
2020-03-24 13:15:00,11.044,9.955261
2020-03-24 13:30:00,11.185,9.907932
2020-03-24 13:45:00,11.959,9.483393
2020-03-24 14:00:00,11.678,9.509507
2020-03-24 14:15:00,12.029,9.704469
2020-03-24 14:30:00,12.24,9.894018
2020-03-24 14:45:00,12.733,10.232287
2020-03-24 15:00:00,12.733,10.616442
2020-03-24 15:15:00,12.662,10.494858
2020-03-24 15:30:00,12.592,10.514537
2020-03-24 15:45:00,12.803,11.915852
2020-03-24 16:00:00,12.944,11.387299
2020-03-24 16:15:00,13.014,10.622896
2020-03-24 16:30:00,13.085,10.20271
2020-03-24 16:45:00,13.085,10.776925
2020-03-24 17:00:00,13.296,11.463965
2020-03-24 17:15:00,13.085,11.600093
2020-03-24 17:30:00,13.085,12.548085
2020-03-24 17:45:00,12.592,13.734163
2020-03-24 18:00:00,12.662,13.686513
2020-03-24 18:15:00,12.522,13.107496
2020-03-24 18:30:00,12.1,12.755588
2020-03-24 18:45:00,12.1,12.9827
2020-03-24 19:00:00,12.029,12.928593
2020-03-24 19:15:00,11.678,12.215393
2020-03-24 19:30:00,11.537,12.167959
2020-03-24 19:45:00,11.678,13.075102
2020-03-24 20:00:00,11.467,12.877217
2020-03-24 20:15:00,11.678,11.1042
2020-03-24 20:30:00,11.467,10.966418
2020-03-24 20:45:00,11.256,10.762952
2020-03-24 21:00:00,11.115,11.116789
2020-03-24 21:15:00,11.185,11.523649
2020-03-24 21:30:00,11.326,11.699545
2020-03-24 21:45:00,10.974,11.837008
2020-03-24 22:00:00,10.974,11.774697
2020-03-24 22:15:00,10.974,12.169792
2020-03-24 22:30:00,10.833,12.10882
2020-03-24 22:45:00,10.833,12.088604
2020-03-24 23:00:00,10.622,11.826216
2020-03-24 23:15:00,10.833,10.734692
2020-03-24 23:30:00,10.833,11.228891
2020-03-24 23:45:00,10.552,11.999411
2020-03-25 00:00:00,10.693,12.78523
2020-03-25 00:15:00,10.271,10.260545
2020-03-25 00:30:00,10.13,11.212442
2020-03-25 00:45:00,9.989,11.209547
2020-03-25 01:00:00,9.778,10.864641
2020-03-25 01:15:00,9.497,10.084234
2020-03-25 01:30:00,9.426,10.51422
2020-03-25 01:45:00,9.286,11.772984
2020-03-25 02:00:00,9.286,10.341709
2020-03-25 02:15:00,9.426,10.528724
2020-03-25 02:30:00,9.778,11.285723
2020-03-25 02:45:00,10.13,11.026987
2020-03-25 03:00:00,10.552,11.858093
2020-03-25 03:15:00,10.341,12.083201
2020-03-25 03:30:00,10.2,11.135519
2020-03-25 03:45:00,10.06,10.617082
2020-03-25 04:00:00,10.341,11.991209
2020-03-25 04:15:00,10.271,11.913412
2020-03-25 04:30:00,10.622,11.964948
2020-03-25 04:45:00,10.622,12.2228155
2020-03-25 05:00:00,10.693,11.800053
2020-03-25 05:15:00,10.622,12.415411
2020-03-25 05:30:00,10.341,10.779701
2020-03-25 05:45:00,10.622,10.591629
2020-03-25 06:00:00,10.411,10.843891
2020-03-25 06:15:00,10.482,10.78855
2020-03-25 06:30:00,10.13,10.667662
2020-03-25 06:45:00,9.989,10.870557
2020-03-25 07:00:00,9.989,10.595535
2020-03-25 07:15:00,10.2,9.803349
2020-03-25 07:30:00,10.2,10.343668
2020-03-25 07:45:00,10.341,11.382447
2020-03-25 08:00:00,10.622,12.707199
2020-03-25 08:15:00,10.904,14.671502
2020-03-25 08:30:00,10.974,14.278789
2020-03-25 08:45:00,10.974,14.033965
2020-03-25 09:00:00,10.974,13.37834
2020-03-25 09:15:00,10.763,14.650574
2020-03-25 09:30:00,10.341,16.202656
2020-03-25 09:45:00,10.2,17.348526
2020-03-25 10:00:00,10.271,17.90863
2020-03-25 10:15:00,10.693,17.538694
2020-03-25 10:30:00,11.044,17.608742
2020-03-25 10:45:00,10.482,17.673634
2020-03-25 11:00:00,9.989,17.979074
2020-03-25 11:15:00,10.13,17.222244
2020-03-25 11:30:00,10.2,16.65876
2020-03-25 11:45:00,10.411,16.32738
2020-03-25 12:00:00,10.622,16.324207
2020-03-25 12:15:00,10.833,15.709277
2020-03-25 12:30:00,10.833,13.436271
2020-03-25 12:45:00,10.482,13.799987
2020-03-25 13:00:00,10.341,16.07579
2020-03-25 13:15:00,10.622,15.798786
2020-03-25 13:30:00,10.904,15.334258
2020-03-25 13:45:00,10.341,15.408345
2020-03-25 14:00:00,10.763,14.535465
2020-03-25 14:15:00,10.622,16.02623
2020-03-25 14:30:00,10.622,16.676235
2020-03-25 14:45:00,10.974,15.418422
2020-03-25 15:00:00,10.904,15.874628
2020-03-25 15:15:00,11.044,16.88316
2020-03-25 15:30:00,10.974,17.288357
2020-03-25 15:45:00,10.693,16.316494
2020-03-25 16:00:00,10.833,17.37095
2020-03-25 16:15:00,10.552,17.58495
2020-03-25 16:30:00,11.044,17.029911
2020-03-25 16:45:00,10.833,17.130754
2020-03-25 17:00:00,10.974,16.63015
2020-03-25 17:15:00,11.326,16.85379
2020-03-25 17:30:00,11.326,16.741688
2020-03-25 17:45:00,11.396,16.035011
2020-03-25 18:00:00,11.467,15.394677
2020-03-25 18:15:00,11.537,12.451525
2020-03-25 18:30:00,10.974,12.152011
2020-03-25 18:45:00,10.693,11.956744
2020-03-25 19:00:00,10.341,11.710119
2020-03-25 19:15:00,10.482,11.348214
2020-03-25 19:30:00,10.552,10.907909
2020-03-25 19:45:00,10.482,10.948114
2020-03-25 20:00:00,10.622,10.968407
2020-03-25 20:15:00,10.622,10.927508
2020-03-25 20:30:00,10.763,11.008787
2020-03-25 20:45:00,10.552,11.038501
2020-03-25 21:00:00,10.552,11.057919
2020-03-25 21:15:00,10.271,11.215079
2020-03-25 21:30:00,10.271,10.889633
2020-03-25 21:45:00,10.552,10.989654
2020-03-25 22:00:00,10.482,10.93321
2020-03-25 22:15:00,10.271,10.853623
2020-03-25 22:30:00,10.482,10.855026
2020-03-25 22:45:00,10.411,10.882763
2020-03-25 23:00:00,10.482,10.882525
2020-03-25 23:15:00,10.482,10.867843
2020-03-25 23:30:00,10.482,11.051684
2020-03-25 23:45:00,10.06,11.174456
2020-03-26 00:00:00,10.13,11.982114
2020-03-26 00:15:00,10.271,12.296301
2020-03-26 00:30:00,10.341,16.133965
2020-03-26 00:45:00,10.06,15.193059
2020-03-26 01:00:00,9.919,15.540145
2020-03-26 01:15:00,10.13,15.510602
2020-03-26 01:30:00,10.271,16.170704
2020-03-26 01:45:00,10.622,16.504465
2020-03-26 02:00:00,10.833,16.611084
2020-03-26 02:15:00,10.763,16.784355
2020-03-26 02:30:00,10.763,16.991573
2020-03-26 02:45:00,10.833,17.163174
2020-03-26 03:00:00,10.341,17.365772
2020-03-26 03:15:00,10.13,17.031261
2020-03-26 03:30:00,9.989,16.792301
2020-03-26 03:45:00,9.989,16.514359
2020-03-26 04:00:00,10.06,16.289623
2020-03-26 04:15:00,10.622,16.067127
2020-03-26 04:30:00,10.833,15.959892
2020-03-26 04:45:00,10.622,16.404716
2020-03-26 05:00:00,10.763,16.870499
2020-03-26 05:15:00,10.763,16.5712
2020-03-26 05:30:00,10.693,16.38293
2020-03-26 05:45:00,10.763,16.5405
2020-03-26 06:00:00,10.763,16.452652
2020-03-26 06:15:00,10.693,15.549066
2020-03-26 06:30:00,10.271,14.613172
2020-03-26 06:45:00,10.482,14.500085
2020-03-26 07:00:00,10.763,14.7590685
2020-03-26 07:15:00,11.044,14.2844925
2020-03-26 07:30:00,11.185,13.098701
2020-03-26 07:45:00,10.974,13.721048
2020-03-26 08:00:00,11.044,13.712918
2020-03-26 08:15:00,11.185,15.462644
2020-03-26 08:30:00,11.607,17.27613
2020-03-26 08:45:00,11.185,18.901089
2020-03-26 09:00:00,10.622,19.26794
2020-03-26 09:15:00,10.763,19.294443
2020-03-26 09:30:00,11.044,19.730778
2020-03-26 09:45:00,11.326,20.052015
2020-03-26 10:00:00,11.607,20.522303
2020-03-26 10:15:00,11.678,20.529194
2020-03-26 10:30:00,10.833,20.557615
2020-03-26 10:45:00,10.833,20.625576
2020-03-26 11:00:00,10.2,20.575546
2020-03-26 11:15:00,10.482,20.426828
2020-03-26 11:30:00,10.552,20.457806
2020-03-26 11:45:00,10.482,20.317207
2020-03-26 12:00:00,11.115,20.025467
2020-03-26 12:15:00,11.678,19.858784
2020-03-26 12:30:00,11.537,19.474384
2020-03-26 12:45:00,11.678,19.265472
2020-03-26 13:00:00,12.24,19.481564
2020-03-26 13:15:00,12.803,19.592335
2020-03-26 13:30:00,13.436,19.639256
2020-03-26 13:45:00,13.155,19.518955
2020-03-26 14:00:00,13.507,19.793917
2020-03-26 14:15:00,13.436,19.954315
2020-03-26 14:30:00,13.366,20.246681
2020-03-26 14:45:00,13.647,20.599628
2020-03-26 15:00:00,13.366,20.808878
2020-03-26 15:15:00,13.436,20.84348
2020-03-26 15:30:00,13.858,21.117207
2020-03-26 15:45:00,13.858,21.541637
2020-03-26 16:00:00,13.788,21.469118
2020-03-26 16:15:00,13.858,20.798618
2020-03-26 16:30:00,13.436,20.60556
2020-03-26 16:45:00,13.647,20.457994
2020-03-26 17:00:00,13.718,20.291607
2020-03-26 17:15:00,13.647,19.944534
2020-03-26 17:30:00,13.788,18.781284
2020-03-26 17:45:00,13.858,17.848896
2020-03-26 18:00:00,13.647,17.204418
2020-03-26 18:15:00,12.733,16.201092
2020-03-26 18:30:00,12.592,14.445282
2020-03-26 18:45:00,12.451,14.160693
2020-03-26 19:00:00,12.451,13.780623
2020-03-26 19:15:00,12.17,13.298992
2020-03-26 19:30:00,12.17,13.31107
2020-03-26 19:45:00,11.678,13.46088
2020-03-26 20:00:00,11.748,13.58336
2020-03-26 20:15:00,11.678,13.383006
2020-03-26 20:30:00,11.818,13.706446
2020-03-26 20:45:00,11.537,13.853424
2020-03-26 21:00:00,11.607,13.946555
2020-03-26 21:15:00,11.185,14.095318
2020-03-26 21:30:00,11.185,14.156366
2020-03-26 21:45:00,11.115,13.482152
2020-03-26 22:00:00,11.044,13.057028
2020-03-26 22:15:00,11.185,11.247276
2020-03-26 22:30:00,11.185,11.941086
2020-03-26 22:45:00,10.693,12.94729
2020-03-26 23:00:00,10.833,14.07802
2020-03-26 23:15:00,10.622,14.189396
2020-03-26 23:30:00,10.693,14.327327
2020-03-26 23:45:00,10.693,12.92362
2020-03-27 00:00:00,10.622,15.663604
2020-03-27 00:15:00,10.482,17.168255
2020-03-27 00:30:00,10.552,16.856966
2020-03-27 00:45:00,10.693,16.936626
2020-03-27 01:00:00,10.693,16.265371
2020-03-27 01:15:00,10.974,16.671047
2020-03-27 01:30:00,10.552,16.797136
2020-03-27 01:45:00,10.341,17.240883
2020-03-27 02:00:00,10.341,17.463661
2020-03-27 02:15:00,10.552,17.370823
2020-03-27 02:30:00,10.552,17.377998
2020-03-27 02:45:00,10.622,17.235409
2020-03-27 03:00:00,10.622,17.021961
2020-03-27 03:15:00,10.622,17.011568
2020-03-27 03:30:00,10.552,16.669285
2020-03-27 03:45:00,10.622,16.969471
2020-03-27 04:00:00,10.482,16.692991
2020-03-27 04:15:00,9.989,16.249731
2020-03-27 04:30:00,10.06,16.295597
2020-03-27 04:45:00,10.482,16.162357
2020-03-27 05:00:00,10.271,16.19322
2020-03-27 05:15:00,10.411,15.951744
2020-03-27 05:30:00,10.622,15.544877
2020-03-27 05:45:00,10.482,16.111782
2020-03-27 06:00:00,10.482,15.432181
2020-03-27 06:15:00,10.552,14.369598
2020-03-27 06:30:00,10.482,14.941035
2020-03-27 06:45:00,10.13,14.340947
2020-03-27 07:00:00,10.341,14.503319
2020-03-27 07:15:00,10.693,14.1594515
2020-03-27 07:30:00,11.256,14.465147
2020-03-27 07:45:00,11.256,15.674834
2020-03-27 08:00:00,11.326,16.623272
2020-03-27 08:15:00,11.396,17.21611
2020-03-27 08:30:00,11.607,17.783573
2020-03-27 08:45:00,11.678,18.427185
2020-03-27 09:00:00,11.044,18.588255
2020-03-27 09:15:00,11.256,18.472076
2020-03-27 09:30:00,12.17,18.331907
2020-03-27 09:45:00,12.029,17.762157
2020-03-27 10:00:00,11.889,17.49728
2020-03-27 10:15:00,11.889,17.254799
2020-03-27 10:30:00,12.24,17.700596
2020-03-27 10:45:00,12.24,17.526825
2020-03-27 11:00:00,12.029,17.46774
2020-03-27 11:15:00,11.678,16.901245
2020-03-27 11:30:00,12.17,16.201168
2020-03-27 11:45:00,11.467,15.78712
2020-03-27 12:00:00,11.537,15.158837
2020-03-27 12:15:00,11.467,14.591725
2020-03-27 12:30:00,11.748,13.555231
2020-03-27 12:45:00,11.818,13.716972
2020-03-27 13:00:00,11.537,13.576532
2020-03-27 13:15:00,12.522,13.382757
2020-03-27 13:30:00,12.733,13.4639015
2020-03-27 13:45:00,13.296,14.357836
2020-03-27 14:00:00,13.014,14.36907
2020-03-27 14:15:00,12.733,14.115565
2020-03-27 14:30:00,13.225,14.316761
2020-03-27 14:45:00,12.803,15.017318
2020-03-27 15:00:00,13.085,16.045265
2020-03-27 15:15:00,13.225,16.325733
2020-03-27 15:30:00,13.647,15.40495
2020-03-27 15:45:00,13.085,15.55421
2020-03-27 16:00:00,13.577,15.517559
2020-03-27 16:15:00,13.296,15.40282
2020-03-27 16:30:00,13.436,15.19889
2020-03-27 16:45:00,13.436,15.655072
2020-03-27 17:00:00,13.647,15.964639
2020-03-27 17:15:00,13.718,16.351261
2020-03-27 17:30:00,13.436,16.614017
2020-03-27 17:45:00,13.507,16.259857
2020-03-27 18:00:00,12.874,15.905268
2020-03-27 18:15:00,12.381,16.313019
2020-03-27 18:30:00,12.029,14.627933
2020-03-27 18:45:00,11.818,13.357952
2020-03-27 19:00:00,11.537,11.897486
2020-03-27 19:15:00,11.256,11.715135
2020-03-27 19:30:00,11.115,12.666668
2020-03-27 19:45:00,11.044,13.751463
2020-03-27 20:00:00,10.833,13.419056
2020-03-27 20:15:00,10.693,12.879143
2020-03-27 20:30:00,10.693,13.247055
2020-03-27 20:45:00,10.833,13.546703
2020-03-27 21:00:00,10.482,13.650324
2020-03-27 21:15:00,10.271,13.799163
2020-03-27 21:30:00,10.271,13.437698
2020-03-27 21:45:00,10.411,13.461266
2020-03-27 22:00:00,10.2,12.483267
2020-03-27 22:15:00,10.06,12.63921
2020-03-27 22:30:00,9.989,12.992643
2020-03-27 22:45:00,9.989,12.39151
2020-03-27 23:00:00,9.708,12.433196
2020-03-27 23:15:00,9.426,14.478891
2020-03-27 23:30:00,9.497,15.620866
2020-03-27 23:45:00,9.426,16.144646
2020-03-28 00:00:00,9.497,16.193394
2020-03-28 00:15:00,9.426,16.798069
2020-03-28 00:30:00,9.215,16.92593
2020-03-28 00:45:00,9.004,16.66341
2020-03-28 01:00:00,8.864,15.970359
2020-03-28 01:15:00,8.864,16.09679
2020-03-28 01:30:00,9.004,16.522022
2020-03-28 01:45:00,8.653,16.663437
2020-03-28 02:00:00,8.864,16.978931
2020-03-28 02:15:00,8.864,17.113798
2020-03-28 02:30:00,8.793,17.301117
2020-03-28 02:45:00,9.215,17.280098
2020-03-28 03:00:00,8.934,17.267353
2020-03-28 03:15:00,8.723,17.045881
2020-03-28 03:30:00,8.793,17.073198
2020-03-28 03:45:00,8.723,16.607635
2020-03-28 04:00:00,8.442,16.78849
2020-03-28 04:15:00,8.371,16.804176
2020-03-28 04:30:00,8.512,16.031841
2020-03-28 04:45:00,8.723,15.967111
2020-03-28 05:00:00,8.582,16.443932
2020-03-28 05:15:00,8.512,15.679755
2020-03-28 05:30:00,8.512,15.7280245
2020-03-28 05:45:00,8.442,15.888008
2020-03-28 06:00:00,8.16,15.725544
2020-03-28 06:15:00,8.301,15.636579
2020-03-28 06:30:00,8.582,15.230823
2020-03-28 06:45:00,8.512,15.125709
2020-03-28 07:00:00,8.934,14.749539
2020-03-28 07:15:00,9.426,14.685217
2020-03-28 07:30:00,9.778,15.5388
2020-03-28 07:45:00,9.778,15.9114
2020-03-28 08:00:00,9.849,16.701488
2020-03-28 08:15:00,9.849,16.869362
2020-03-28 08:30:00,10.13,18.785347
2020-03-28 08:45:00,10.271,18.526329
2020-03-28 09:00:00,9.989,19.150246
2020-03-28 09:15:00,9.919,18.387165
2020-03-28 09:30:00,10.974,17.639168
2020-03-28 09:45:00,11.185,16.047897
2020-03-28 10:00:00,11.115,15.935796
2020-03-28 10:15:00,11.115,16.171972
2020-03-28 10:30:00,10.833,15.986421
2020-03-28 10:45:00,10.482,16.815155
2020-03-28 11:00:00,10.341,15.54902
2020-03-28 11:15:00,10.341,15.279172
2020-03-28 11:30:00,10.552,15.617395
2020-03-28 11:45:00,10.13,16.29306
2020-03-28 12:00:00,9.919,13.976795
2020-03-28 12:15:00,9.849,13.507614
2020-03-28 12:30:00,10.552,14.149113
2020-03-28 12:45:00,10.622,14.953332
2020-03-28 13:00:00,10.833,14.766175
2020-03-28 13:15:00,11.678,14.535539
2020-03-28 13:30:00,11.396,14.015817
2020-03-28 13:45:00,11.467,14.287363
2020-03-28 14:00:00,12.1,14.673932
2020-03-28 14:15:00,12.1,14.571712
2020-03-28 14:30:00,12.381,15.481511
2020-03-28 14:45:00,12.592,15.738886
2020-03-28 15:00:00,12.592,15.923987
2020-03-28 15:15:00,12.803,16.30917
2020-03-28 15:30:00,12.874,16.269333
2020-03-28 15:45:00,12.944,16.136347
2020-03-28 16:00:00,13.085,15.343785
2020-03-28 16:15:00,13.085,15.177196
2020-03-28 16:30:00,12.592,14.2154665
2020-03-28 16:45:00,12.874,14.083326
2020-03-28 17:00:00,13.085,13.598554
2020-03-28 17:15:00,13.366,13.119777
2020-03-28 17:30:00,12.733,12.335514
2020-03-28 17:45:00,12.451,11.637661
2020-03-28 18:00:00,12.24,11.458803
2020-03-28 18:15:00,12.17,11.666827
2020-03-28 18:30:00,11.748,11.485004
2020-03-28 18:45:00,11.537,11.606197
2020-03-28 19:00:00,11.326,11.835926
2020-03-28 19:15:00,11.396,11.842208
2020-03-28 19:30:00,11.185,11.844274
2020-03-28 19:45:00,11.185,11.869488
2020-03-28 20:00:00,10.904,11.840296
2020-03-28 20:15:00,10.833,11.6506405
2020-03-28 20:30:00,10.552,11.468496
2020-03-28 20:45:00,10.2,11.541977
2020-03-28 21:00:00,9.849,11.236346
2020-03-28 21:15:00,9.919,10.99815
2020-03-28 21:30:00,9.989,10.857048
2020-03-28 21:45:00,9.849,10.307798
2020-03-28 22:00:00,9.497,9.484813
2020-03-28 22:15:00,9.638,8.358097
2020-03-28 22:30:00,9.638,9.11642
2020-03-28 22:45:00,9.638,9.7007
2020-03-28 23:00:00,9.567,9.631979
2020-03-28 23:15:00,9.426,12.369204
2020-03-28 23:30:00,9.567,13.905568
2020-03-28 23:45:00,9.426,16.618793
2020-03-29 00:00:00,9.497,17.255981
2020-03-29 00:15:00,9.145,17.415485
2020-03-29 00:30:00,9.215,17.619656
2020-03-29 00:45:00,9.004,17.433231
2020-03-29 01:00:00,9.075,16.990206
2020-03-29 01:15:00,9.145,16.948952
2020-03-29 01:30:00,9.075,16.93946
2020-03-29 01:45:00,9.356,17.22057
2020-03-29 02:00:00,9.286,17.34996
2020-03-29 02:15:00,9.356,17.339935
2020-03-29 02:30:00,9.567,17.572361
2020-03-29 02:45:00,9.497,17.549622
2020-03-29 03:00:00,9.567,17.75516
2020-03-29 03:15:00,9.567,17.70243
2020-03-29 03:30:00,9.356,17.869823
2020-03-29 03:45:00,9.075,17.651157
2020-03-29 04:00:00,9.075,17.622883
2020-03-29 04:15:00,9.075,17.701593
2020-03-29 04:30:00,8.864,17.697563
2020-03-29 04:45:00,8.723,17.630486
2020-03-29 05:00:00,8.582,17.714611
2020-03-29 05:15:00,8.512,17.658855
2020-03-29 05:30:00,8.16,17.681843
2020-03-29 05:45:00,8.371,17.771065
2020-03-29 06:00:00,8.16,17.749748
2020-03-29 06:15:00,7.949,17.655254
2020-03-29 06:30:00,8.02,17.694077
2020-03-29 06:45:00,8.16,17.58834
2020-03-29 07:00:00,8.02,17.616436
2020-03-29 07:15:00,8.231,17.310438
2020-03-29 07:30:00,8.442,17.697124
2020-03-29 07:45:00,8.512,17.7444
2020-03-29 08:00:00,8.653,18.072678
2020-03-29 08:15:00,8.582,18.612034
2020-03-29 08:30:00,8.723,18.84151
2020-03-29 08:45:00,8.442,18.790825
2020-03-29 09:00:00,8.512,18.414305
2020-03-29 09:15:00,8.653,18.663406
2020-03-29 09:30:00,8.512,18.732588
2020-03-29 09:45:00,8.653,18.79815
2020-03-29 10:00:00,9.145,18.481392
2020-03-29 10:15:00,9.567,18.62151
2020-03-29 10:30:00,9.145,18.809153
2020-03-29 10:45:00,8.864,17.99459
2020-03-29 11:00:00,8.864,17.305561
2020-03-29 11:15:00,8.723,18.05952
2020-03-29 11:30:00,8.864,16.822014
2020-03-29 11:45:00,8.864,16.519245
2020-03-29 12:00:00,9.145,14.264577
2020-03-29 12:15:00,9.075,13.791399
2020-03-29 12:30:00,9.145,14.048348
2020-03-29 12:45:00,9.356,14.090333
2020-03-29 13:00:00,9.638,14.37745
2020-03-29 13:15:00,9.638,15.087122
2020-03-29 13:30:00,10.2,15.173604
2020-03-29 13:45:00,10.13,15.270311
2020-03-29 14:00:00,10.13,15.57867
2020-03-29 14:15:00,10.13,16.267315
2020-03-29 14:30:00,10.482,15.6054125
2020-03-29 14:45:00,10.271,15.518128
2020-03-29 15:00:00,10.693,15.567508
2020-03-29 15:15:00,10.552,15.067889
2020-03-29 15:30:00,10.411,15.049027
2020-03-29 15:45:00,10.271,14.309596
2020-03-29 16:00:00,10.482,14.506223
2020-03-29 16:15:00,10.06,14.146733
2020-03-29 16:30:00,10.411,13.909705
2020-03-29 16:45:00,10.552,14.169827
2020-03-29 17:00:00,10.341,13.416644
2020-03-29 17:15:00,10.13,13.785393
2020-03-29 17:30:00,10.13,13.923131
2020-03-29 17:45:00,9.638,13.801348
2020-03-29 18:00:00,9.638,13.186605
2020-03-29 18:15:00,9.567,12.958164
2020-03-29 18:30:00,9.567,12.751365
2020-03-29 18:45:00,9.426,12.725753
2020-03-29 19:00:00,9.356,12.334476
2020-03-29 19:15:00,9.356,12.325319
2020-03-29 19:30:00,9.286,12.501465
2020-03-29 19:45:00,9.497,12.801802
2020-03-29 20:00:00,9.426,12.621735
2020-03-29 20:15:00,9.004,12.519661
2020-03-29 20:30:00,8.934,12.663307
2020-03-29 20:45:00,8.653,12.500461
2020-03-29 21:00:00,8.231,12.36173
2020-03-29 21:15:00,8.371,12.24862
2020-03-29 21:30:00,7.949,12.202676
2020-03-29 21:45:00,7.879,12.26358
2020-03-29 22:00:00,7.809,13.01803
2020-03-29 22:15:00,7.457,12.887109
2020-03-29 22:30:00,7.738,12.726908
2020-03-29 22:45:00,7.597,14.05318
2020-03-29 23:00:00,7.316,15.355136
2020-03-29 23:15:00,7.316,17.368614
2020-03-29 23:30:00,7.105,17.618694
2020-03-29 23:45:00,6.824,17.347359
2020-03-30 00:00:00,6.613,17.333248
2020-03-30 00:15:00,6.683,17.432695
2020-03-30 00:30:00,6.753,17.310383
2020-03-30 00:45:00,6.753,16.76196
2020-03-30 01:00:00,6.824,16.102135
2020-03-30 01:15:00,6.613,16.472832
2020-03-30 01:30:00,6.331,16.613756
2020-03-30 01:45:00,6.472,16.805069
2020-03-30 02:00:00,6.472,16.908516
2020-03-30 02:15:00,5.979,17.056496
2020-03-30 02:30:00,6.05,17.186104
2020-03-30 02:45:00,6.05,17.350746
2020-03-30 03:00:00,6.12,17.330406
2020-03-30 03:15:00,6.261,16.991478
2020-03-30 03:30:00,6.12,17.221973
2020-03-30 03:45:00,6.402,17.261662
2020-03-30 04:00:00,6.12,17.141132
2020-03-30 04:15:00,6.05,17.028034
2020-03-30 04:30:00,6.05,17.015343
2020-03-30 04:45:00,5.909,16.924992
2020-03-30 05:00:00,5.839,17.225014
2020-03-30 05:15:00,5.768,16.750977
2020-03-30 05:30:00,5.276,16.431149
2020-03-30 05:45:00,4.995,16.735067
2020-03-30 06:00:00,5.276,16.913158
2020-03-30 06:15:00,5.135,16.782276
2020-03-30 06:30:00,5.065,16.49897
2020-03-30 06:45:00,5.065,16.064495
2020-03-30 07:00:00,5.206,14.889766
2020-03-30 07:15:00,5.135,15.097115
2020-03-30 07:30:00,5.417,15.747037
2020-03-30 07:45:00,5.417,13.571812
2020-03-30 08:00:00,5.557,15.41151
2020-03-30 08:15:00,5.557,16.295837
2020-03-30 08:30:00,5.276,16.75916
2020-03-30 08:45:00,5.698,17.069534
2020-03-30 09:00:00,5.768,16.164207
2020-03-30 09:15:00,6.191,15.341804
2020-03-30 09:30:00,6.261,15.539786
2020-03-30 09:45:00,6.331,16.009304
2020-03-30 10:00:00,6.261,15.534665
2020-03-30 10:15:00,6.402,15.471805
2020-03-30 10:30:00,6.05,15.311603
2020-03-30 10:45:00,6.12,15.281943
2020-03-30 11:00:00,6.261,15.228694
2020-03-30 11:15:00,6.402,16.426655
2020-03-30 11:30:00,6.402,16.17265
2020-03-30 11:45:00,6.472,16.560318
2020-03-30 12:00:00,6.331,17.3891
2020-03-30 12:15:00,6.542,17.966984
2020-03-30 12:30:00,6.402,18.00599
2020-03-30 12:45:00,6.683,16.954073
2020-03-30 13:00:00,7.035,17.324127
2020-03-30 13:15:00,6.613,15.88931
2020-03-30 13:30:00,6.964,15.785043
2020-03-30 13:45:00,6.964,16.630512
2020-03-30 14:00:00,7.035,16.462393
2020-03-30 14:15:00,7.175,16.312965
2020-03-30 14:30:00,7.457,14.83654
2020-03-30 14:45:00,7.386,14.282047
2020-03-30 15:00:00,7.386,15.40826
2020-03-30 15:15:00,7.457,16.24192
2020-03-30 15:30:00,6.894,16.873772
2020-03-30 15:45:00,7.457,17.232605
2020-03-30 16:00:00,7.316,15.940541
2020-03-30 16:15:00,7.386,15.494073
2020-03-30 16:30:00,7.668,15.206255
2020-03-30 16:45:00,7.668,15.474488
2020-03-30 17:00:00,7.809,17.157417
2020-03-30 17:15:00,7.597,17.165703
2020-03-30 17:30:00,6.894,17.371853
2020-03-30 17:45:00,7.035,17.596573
2020-03-30 18:00:00,6.683,17.83038
2020-03-30 18:15:00,6.472,17.832615
2020-03-30 18:30:00,6.05,17.986137
2020-03-30 18:45:00,5.909,18.020107
2020-03-30 19:00:00,5.768,17.822956
2020-03-30 19:15:00,5.839,17.765814
2020-03-30 19:30:00,6.191,17.715515
2020-03-30 19:45:00,6.402,17.696636
2020-03-30 20:00:00,6.331,17.685265
2020-03-30 20:15:00,6.402,17.683838
2020-03-30 20:30:00,6.402,17.672459
2020-03-30 20:45:00,6.472,17.663784
2020-03-30 21:00:00,6.402,17.643957
2020-03-30 21:15:00,6.542,17.656265
2020-03-30 21:30:00,6.261,17.64441
2020-03-30 21:45:00,6.472,17.445383
2020-03-30 22:00:00,6.261,16.948647
2020-03-30 22:15:00,6.261,16.481228
2020-03-30 22:30:00,6.12,16.662733
2020-03-30 22:45:00,5.979,14.830365
2020-03-30 23:00:00,5.979,14.074486
2020-03-30 23:15:00,5.839,15.499512
2020-03-30 23:30:00,5.839,14.359864
2020-03-30 23:45:00,5.768,16.294008
2020-03-31 00:00:00,5.768,16.991688
2020-03-31 00:15:00,5.768,17.164722
2020-03-31 00:30:00,5.768,16.866287
2020-03-31 00:45:00,5.768,15.939011
2020-03-31 01:00:00,5.768,15.260157
2020-03-31 01:15:00,5.768,15.639309
2020-03-31 01:30:00,5.768,15.939774
2020-03-31 01:45:00,5.768,16.212944
2020-03-31 02:00:00,5.768,16.527664
2020-03-31 02:15:00,5.768,16.584175
2020-03-31 02:30:00,5.768,16.699787
2020-03-31 02:45:00,5.768,16.741243
2020-03-31 03:00:00,5.768,16.812004
2020-03-31 03:15:00,5.768,16.677212
2020-03-31 03:30:00,5.768,16.71791
2020-03-31 03:45:00,5.768,16.709606
2020-03-31 04:00:00,5.768,16.787407
2020-03-31 04:15:00,5.768,16.632278
2020-03-31 04:30:00,5.768,16.602367
2020-03-31 04:45:00,5.768,16.576366
2020-03-31 05:00:00,5.768,16.693205
2020-03-31 05:15:00,5.768,16.598768
2020-03-31 05:30:00,5.768,16.564732
2020-03-31 05:45:00,5.768,16.542671
2020-03-31 06:00:00,5.768,16.667656
2020-03-31 06:15:00,5.768,16.61274
2020-03-31 06:30:00,5.768,16.578163
2020-03-31 06:45:00,5.768,16.565216
2020-03-31 07:00:00,5.768,16.673191
2020-03-31 07:15:00,5.768,16.609116
2020-03-31 07:30:00,5.768,16.576757
2020-03-31 07:45:00,5.768,16.570606
2020-03-31 08:00:00,5.768,16.658539
2020-03-31 08:15:00,5.768,16.56793
2020-03-31 08:30:00,5.768,16.320595
2020-03-31 08:45:00,5.768,15.98663
2020-03-31 09:00:00,5.768,16.074196
2020-03-31 09:15:00,5.768,15.350343
2020-03-31 09:30:00,5.768,15.319336
2020-03-31 09:45:00,5.768,15.288937
2020-03-31 10:00:00,5.768,15.308768
2020-03-31 10:15:00,5.768,15.061538
2020-03-31 10:30:00,5.768,15.059249
2020-03-31 10:45:00,5.768,15.075209
2020-03-31 11:00:00,5.768,15.069742
2020-03-31 11:15:00,5.768,14.903297
2020-03-31 11:30:00,5.768,14.920136
2020-03-31 11:45:00,5.768,14.988914
2020-03-31 12:00:00,5.768,14.96489
2020-03-31 12:15:00,5.768,14.921057
2020-03-31 12:30:00,5.768,14.952359
2020-03-31 12:45:00,5.768,15.069257
2020-03-31 13:00:00,5.768,15.030575
2020-03-31 13:15:00,5.768,15.127135
2020-03-31 13:30:00,5.768,15.167568
2020-03-31 13:45:00,5.768,15.322017
2020-03-31 14:00:00,5.768,15.2805395
2020-03-31 14:15:00,5.768,15.518689
2020-03-31 14:30:00,5.768,15.561983
2020-03-31 14:45:00,5.768,15.727973
2020-03-31 15:00:00,5.768,15.7047825
2020-03-31 15:15:00,5.768,16.01448
2020-03-31 15:30:00,5.768,16.062107
2020-03-31 15:45:00,5.768,16.210361
2020-03-31 16:00:00,5.768,16.240849
2020-03-31 16:15:00,5.768,16.505707
2020-03-31 16:30:00,5.768,16.592693
2020-03-31 16:45:00,5.768,16.74458
2020-03-31 17:00:00,5.768,16.918304
2020-03-31 17:15:00,5.768,17.077354
2020-03-31 17:30:00,5.768,17.205053
2020-03-31 17:45:00,5.768,17.250715
2020-03-31 18:00:00,5.768,17.22705
2020-03-31 18:15:00,5.768,17.285114
2020-03-31 18:30:00,5.768,17.28977
2020-03-31 18:45:00,5.768,17.224808
2020-03-31 19:00:00,5.768,17.214752
2020-03-31 19:15:00,5.768,17.250557
2020-03-31 19:30:00,5.768,17.257896
2020-03-31 19:45:00,5.768,17.239376
2020-03-31 20:00:00,5.768,17.42614
2020-03-31 20:15:00,5.768,17.469345
2020-03-31 20:30:00,5.768,17.465042
2020-03-31 20:45:00,5.768,17.457375
2020-03-31 21:00:00,5.768,17.501686
2020-03-31 21:15:00,5.768,17.515594
2020-03-31 21:30:00,5.768,17.503014
2020-03-31 21:45:00,5.768,17.48552
2020-03-31 22:00:00,5.768,17.509953
2020-03-31 22:15:00,5.768,17.51867
2020-03-31 22:30:00,5.768,17.500488
2020-03-31 22:45:00,5.768,17.4749
2020-03-31 23:00:00,5.768,17.492836
2020-03-31 23:15:00,5.768,17.499027
2020-03-31 23:30:00,5.768,17.478432
2020-03-31 23:45:00,5.768,17.448864
2020-04-01 00:00:00,9.004,17.46936
2020-04-01 00:15:00,9.215,17.472599
2020-04-01 00:30:00,9.286,17.33876
2020-04-01 00:45:00,9.215,17.292072
2020-04-01 01:00:00,9.215,16.210491
2020-04-01 01:15:00,9.075,16.843784
2020-04-01 01:30:00,8.934,16.881706
2020-04-01 01:45:00,9.286,17.155376
2020-04-01 02:00:00,9.004,17.165405
2020-04-01 02:15:00,9.215,16.947998
2020-04-01 02:30:00,8.934,16.508156
2020-04-01 02:45:00,8.864,16.727081
2020-04-01 03:00:00,8.653,17.229256
2020-04-01 03:15:00,8.723,17.005596
2020-04-01 03:30:00,8.934,16.987404
2020-04-01 03:45:00,9.215,16.875198
2020-04-01 04:00:00,9.215,16.581581
2020-04-01 04:15:00,9.286,16.212376
2020-04-01 04:30:00,9.638,15.980681
2020-04-01 04:45:00,9.567,15.341348
2020-04-01 05:00:00,9.215,14.892782
2020-04-01 05:15:00,9.215,14.8180685
2020-04-01 05:30:00,9.215,13.683292
2020-04-01 05:45:00,9.426,12.985445
2020-04-01 06:00:00,9.426,13.16363
2020-04-01 06:15:00,9.567,12.741213
2020-04-01 06:30:00,9.567,11.928426
2020-04-01 06:45:00,9.426,11.607211
2020-04-01 07:00:00,9.567,12.696922
2020-04-01 07:15:00,9.286,12.528881
2020-04-01 07:30:00,10.06,12.337439
2020-04-01 07:45:00,10.06,12.3260765
2020-04-01 08:00:00,10.2,12.613827
2020-04-01 08:15:00,10.482,14.426246
2020-04-01 08:30:00,10.833,16.310135
2020-04-01 08:45:00,10.622,15.181362
2020-04-01 09:00:00,10.693,17.24017
2020-04-01 09:15:00,10.693,17.65945
2020-04-01 09:30:00,10.974,18.188969
2020-04-01 09:45:00,10.974,17.970322
2020-04-01 10:00:00,11.115,18.415733
2020-04-01 10:15:00,10.904,18.33488
2020-04-01 10:30:00,11.185,18.289303
2020-04-01 10:45:00,11.044,18.887596
2020-04-01 11:00:00,10.974,18.840414
2020-04-01 11:15:00,10.693,18.795826
2020-04-01 11:30:00,10.763,19.028938
2020-04-01 11:45:00,10.763,19.134176
2020-04-01 12:00:00,10.763,19.099968
2020-04-01 12:15:00,11.256,18.763107
2020-04-01 12:30:00,11.326,18.745852
2020-04-01 12:45:00,11.326,18.669643
2020-04-01 13:00:00,11.607,18.400711
2020-04-01 13:15:00,12.029,18.51588
2020-04-01 13:30:00,11.326,18.699303
2020-04-01 13:45:00,10.904,18.879526
2020-04-01 14:00:00,11.256,18.897696
2020-04-01 14:15:00,11.818,18.696964
2020-04-01 14:30:00,12.311,18.83802
2020-04-01 14:45:00,12.24,18.687836
2020-04-01 15:00:00,12.944,18.462715
2020-04-01 15:15:00,12.662,18.631218
2020-04-01 15:30:00,12.592,18.326508
2020-04-01 15:45:00,12.733,19.026054
2020-04-01 16:00:00,12.733,18.923714
2020-04-01 16:15:00,12.874,19.085724
2020-04-01 16:30:00,12.944,18.55352
2020-04-01 16:45:00,12.24,17.867508
2020-04-01 17:00:00,11.818,17.395962
2020-04-01 17:15:00,11.818,17.06004
2020-04-01 17:30:00,12.17,16.947788
2020-04-01 17:45:00,12.17,16.768112
2020-04-01 18:00:00,11.748,16.57843
2020-04-01 18:15:00,11.115,16.50888
2020-04-01 18:30:00,11.185,16.558937
2020-04-01 18:45:00,10.974,16.510536
2020-04-01 19:00:00,10.763,16.331497
2020-04-01 19:15:00,10.763,15.966715
2020-04-01 19:30:00,10.763,15.849571
2020-04-01 19:45:00,10.763,16.195488
2020-04-01 20:00:00,10.693,16.477161
2020-04-01 20:15:00,10.622,16.41792
2020-04-01 20:30:00,10.622,16.228516
2020-04-01 20:45:00,10.763,16.235153
2020-04-01 21:00:00,10.552,16.409828
2020-04-01 21:15:00,10.833,16.571861
2020-04-01 21:30:00,11.044,16.508766
2020-04-01 21:45:00,10.622,16.198786
2020-04-01 22:00:00,10.482,15.23116
2020-04-01 22:15:00,10.271,12.15173
2020-04-01 22:30:00,10.622,12.262335
2020-04-01 22:45:00,10.13,12.410473
2020-04-01 23:00:00,10.13,12.566059
2020-04-01 23:15:00,10.271,13.0048485
2020-04-01 23:30:00,9.849,13.544464
2020-04-01 23:45:00,9.989,14.600736
2020-04-02 00:00:00,9.708,16.585426
2020-04-02 00:15:00,9.778,16.910976
2020-04-02 00:30:00,10.06,16.146801
2020-04-02 00:45:00,9.849,16.145187
2020-04-02 01:00:00,10.2,15.416156
2020-04-02 01:15:00,10.06,15.910155
2020-04-02 01:30:00,10.552,15.716409
2020-04-02 01:45:00,10.552,16.303688
2020-04-02 02:00:00,10.482,16.655197
2020-04-02 02:15:00,10.271,16.550373
2020-04-02 02:30:00,10.833,16.727959
2020-04-02 02:45:00,10.974,16.666115
2020-04-02 03:00:00,10.833,16.808273
2020-04-02 03:15:00,10.552,16.933514
2020-04-02 03:30:00,10.411,16.881706
2020-04-02 03:45:00,10.271,16.483421
2020-04-02 04:00:00,10.341,16.502342
2020-04-02 04:15:00,10.2,15.914878
2020-04-02 04:30:00,10.482,15.389414
2020-04-02 04:45:00,10.341,15.152572
2020-04-02 05:00:00,10.341,15.935958
2020-04-02 05:15:00,10.271,14.784999
2020-04-02 05:30:00,10.411,14.308423
2020-04-02 05:45:00,10.06,15.523766
2020-04-02 06:00:00,10.06,15.415175
2020-04-02 06:15:00,9.989,15.248915
2020-04-02 06:30:00,10.2,15.496671
2020-04-02 06:45:00,10.482,15.047383
2020-04-02 07:00:00,10.482,15.007617
2020-04-02 07:15:00,10.411,15.409971
2020-04-02 07:30:00,10.06,15.677641
2020-04-02 07:45:00,9.919,16.11647
2020-04-02 08:00:00,9.638,16.239464
2020-04-02 08:15:00,9.567,16.044445
2020-04-02 08:30:00,9.778,15.390169
2020-04-02 08:45:00,10.13,13.907773
2020-04-02 09:00:00,10.552,13.83793
2020-04-02 09:15:00,10.271,14.067655
2020-04-02 09:30:00,10.482,13.420712
2020-04-02 09:45:00,10.482,14.189538
2020-04-02 10:00:00,10.482,15.969106
2020-04-02 10:15:00,10.13,17.671772
2020-04-02 10:30:00,10.2,18.057938
2020-04-02 10:45:00,10.13,18.426006
2020-04-02 11:00:00,10.13,18.689188
2020-04-02 11:15:00,10.13,18.611313
2020-04-02 11:30:00,10.13,18.615858
2020-04-02 11:45:00,10.06,18.524792
2020-04-02 12:00:00,10.2,17.918552
2020-04-02 12:15:00,10.271,17.60086
2020-04-02 12:30:00,10.974,17.693726
2020-04-02 12:45:00,11.396,17.95679
2020-04-02 13:00:00,11.678,17.86847
2020-04-02 13:15:00,11.748,17.887682
2020-04-02 13:30:00,12.029,18.048603
2020-04-02 13:45:00,12.311,17.990828
2020-04-02 14:00:00,12.029,17.964241
2020-04-02 14:15:00,12.24,17.715847
2020-04-02 14:30:00,12.17,17.651695
2020-04-02 14:45:00,12.24,17.919514
2020-04-02 15:00:00,12.1,17.611347
2020-04-02 15:15:00,12.17,17.8327
2020-04-02 15:30:00,12.24,18.10193
2020-04-02 15:45:00,12.24,18.159595
2020-04-02 16:00:00,12.17,17.426407
2020-04-02 16:15:00,12.24,17.457478
2020-04-02 16:30:00,11.748,17.709522
2020-04-02 16:45:00,11.607,18.02192
2020-04-02 17:00:00,12.029,17.84893
2020-04-02 17:15:00,11.818,17.740845
2020-04-02 17:30:00,11.115,17.366444
2020-04-02 17:45:00,10.763,16.72863
2020-04-02 18:00:00,11.256,16.390629
2020-04-02 18:15:00,11.044,15.756032
2020-04-02 18:30:00,10.693,15.204822
2020-04-02 18:45:00,11.185,14.739475
2020-04-02 19:00:00,10.974,14.248214
2020-04-02 19:15:00,10.552,13.855819
2020-04-02 19:30:00,10.622,13.774436
2020-04-02 19:45:00,10.482,13.552957
2020-04-02 20:00:00,10.552,13.504146
2020-04-02 20:15:00,10.693,13.558245
2020-04-02 20:30:00,10.552,13.850793
2020-04-02 20:45:00,10.341,14.027684
2020-04-02 21:00:00,10.2,14.30005
2020-04-02 21:15:00,10.13,14.418171
2020-04-02 21:30:00,10.2,14.590396
2020-04-02 21:45:00,10.271,14.376237
2020-04-02 22:00:00,10.341,13.672567
2020-04-02 22:15:00,10.271,12.987904
2020-04-02 22:30:00,10.06,12.686342
2020-04-02 22:45:00,9.849,12.923356
2020-04-02 23:00:00,9.849,13.12447
2020-04-02 23:15:00,9.356,13.176876
2020-04-02 23:30:00,9.356,13.539573
2020-04-02 23:45:00,9.286,13.423664
2020-04-03 00:00:00,9.426,12.9533205
2020-04-03 00:15:00,9.497,13.308178
2020-04-03 00:30:00,9.426,12.239053
2020-04-03 00:45:00,9.497,12.920826
2020-04-03 01:00:00,9.356,11.647858
2020-04-03 01:15:00,9.426,11.962851
2020-04-03 01:30:00,9.215,13.423267
2020-04-03 01:45:00,9.145,15.743377
2020-04-03 02:00:00,9.215,16.29277
2020-04-03 02:15:00,9.075,16.766335
2020-04-03 02:30:00,9.004,16.413713
2020-04-03 02:45:00,9.004,15.96238
2020-04-03 03:00:00,9.145,16.363354
2020-04-03 03:15:00,9.426,16.110712
2020-04-03 03:30:00,9.286,16.081692
2020-04-03 03:45:00,9.286,16.190075
2020-04-03 04:00:00,9.145,16.379261
2020-04-03 04:15:00,9.497,16.025272
2020-04-03 04:30:00,9.215,15.942079
2020-04-03 04:45:00,9.075,16.136356
2020-04-03 05:00:00,9.426,16.22329
2020-04-03 05:15:00,9.638,16.225796
2020-04-03 05:30:00,9.778,15.629426
2020-04-03 05:45:00,9.286,15.881209
2020-04-03 06:00:00,9.286,15.979599
2020-04-03 06:15:00,9.286,15.3202
2020-04-03 06:30:00,9.426,15.296872
2020-04-03 06:45:00,9.286,14.588517
2020-04-03 07:00:00,9.497,15.3915415
2020-04-03 07:15:00,9.708,14.810206
2020-04-03 07:30:00,9.638,15.488556
2020-04-03 07:45:00,9.778,15.985194
2020-04-03 08:00:00,9.849,16.838882
2020-04-03 08:15:00,10.06,17.419247
2020-04-03 08:30:00,10.271,17.535126
2020-04-03 08:45:00,10.271,17.698746
2020-04-03 09:00:00,10.693,17.940582
2020-04-03 09:15:00,10.13,18.039288
2020-04-03 09:30:00,10.622,18.580994
2020-04-03 09:45:00,11.326,18.727741
2020-04-03 10:00:00,11.396,18.802807
2020-04-03 10:15:00,11.326,18.76649
2020-04-03 10:30:00,11.115,18.787613
2020-04-03 10:45:00,11.044,18.45803
2020-04-03 11:00:00,11.326,18.338768
2020-04-03 11:15:00,11.326,18.241783
2020-04-03 11:30:00,11.185,18.030222
2020-04-03 11:45:00,11.185,17.360126
2020-04-03 12:00:00,11.396,16.947422
2020-04-03 12:15:00,11.185,16.940674
2020-04-03 12:30:00,11.678,16.939655
2020-04-03 12:45:00,11.889,16.563114
2020-04-03 13:00:00,11.326,16.75618
2020-04-03 13:15:00,11.537,16.697342
2020-04-03 13:30:00,12.381,16.549099
2020-04-03 13:45:00,12.522,16.934002
2020-04-03 14:00:00,12.733,16.646347
2020-04-03 14:15:00,13.155,16.855076
2020-04-03 14:30:00,13.014,16.730225
2020-04-03 14:45:00,13.014,16.883854
2020-04-03 15:00:00,12.944,16.745483
2020-04-03 15:15:00,13.647,16.852154
2020-04-03 15:30:00,13.577,17.48611
2020-04-03 15:45:00,13.507,17.92197
2020-04-03 16:00:00,13.436,17.725262
2020-04-03 16:15:00,13.577,17.886913
2020-04-03 16:30:00,13.788,18.003082
2020-04-03 16:45:00,13.999,18.166082
2020-04-03 17:00:00,13.718,18.4178
2020-04-03 17:15:00,13.085,17.993963
2020-04-03 17:30:00,13.155,17.799717
2020-04-03 17:45:00,12.803,17.466507
2020-04-03 18:00:00,12.24,16.955019
2020-04-03 18:15:00,12.24,16.980732
2020-04-03 18:30:00,12.381,16.806244
2020-04-03 18:45:00,12.311,15.899731
2020-04-03 19:00:00,12.17,15.203789
2020-04-03 19:15:00,11.748,14.093881
2020-04-03 19:30:00,12.029,14.074542
2020-04-03 19:45:00,11.889,14.496535
2020-04-03 20:00:00,11.607,16.151089
2020-04-03 20:15:00,11.818,14.148154
2020-04-03 20:30:00,11.537,14.239785
2020-04-03 20:45:00,11.678,14.317817
2020-04-03 21:00:00,11.326,14.586717
2020-04-03 21:15:00,11.326,14.78482
2020-04-03 21:30:00,11.467,14.999169
2020-04-03 21:45:00,11.326,14.94992
2020-04-03 22:00:00,10.974,13.710374
2020-04-03 22:15:00,11.326,14.099751
2020-04-03 22:30:00,11.044,13.784713
2020-04-03 22:45:00,11.185,13.647408
2020-04-03 23:00:00,10.904,13.181652
2020-04-03 23:15:00,10.833,13.280442
2020-04-03 23:30:00,10.552,15.366607
2020-04-03 23:45:00,10.552,14.104999
2020-04-04 00:00:00,9.919,16.06266
2020-04-04 00:15:00,9.004,16.37733
2020-04-04 00:30:00,8.723,16.56841
2020-04-04 00:45:00,8.723,16.025467
2020-04-04 01:00:00,8.864,15.779729
2020-04-04 01:15:00,8.582,16.186878
2020-04-04 01:30:00,9.075,16.217012
2020-04-04 01:45:00,9.145,16.385914
2020-04-04 02:00:00,8.934,16.629398
2020-04-04 02:15:00,8.16,16.491959
2020-04-04 02:30:00,8.371,16.609476
2020-04-04 02:45:00,8.512,16.627983
2020-04-04 03:00:00,7.809,16.39333
2020-04-04 03:15:00,7.597,15.859445
2020-04-04 03:30:00,7.386,15.645494
2020-04-04 03:45:00,6.753,15.033204
2020-04-04 04:00:00,6.824,15.744582
2020-04-04 04:15:00,6.753,15.7940445
2020-04-04 04:30:00,6.402,15.507484
2020-04-04 04:45:00,6.894,15.540988
2020-04-04 05:00:00,7.105,15.883859
2020-04-04 05:15:00,6.683,15.558965
2020-04-04 05:30:00,6.753,16.178291
2020-04-04 05:45:00,6.894,15.876594
2020-04-04 06:00:00,6.613,15.685623
2020-04-04 06:15:00,6.613,16.102062
2020-04-04 06:30:00,5.909,15.899058
2020-04-04 06:45:00,6.05,15.312378
2020-04-04 07:00:00,5.135,15.223968
2020-04-04 07:15:00,5.276,15.589309
2020-04-04 07:30:00,5.206,15.390861
2020-04-04 07:45:00,5.417,15.618209
2020-04-04 08:00:00,5.346,15.855674
2020-04-04 08:15:00,5.346,15.846093
2020-04-04 08:30:00,5.065,15.105629
2020-04-04 08:45:00,5.346,14.884121
2020-04-04 09:00:00,5.065,11.825534
2020-04-04 09:15:00,5.346,11.145857
2020-04-04 09:30:00,5.276,11.340797
2020-04-04 09:45:00,4.995,11.669708
2020-04-04 10:00:00,5.276,13.766007
2020-04-04 10:15:00,5.206,14.169799
2020-04-04 10:30:00,5.065,14.578502
2020-04-04 10:45:00,4.784,14.493464
2020-04-04 11:00:00,5.276,14.369755
2020-04-04 11:15:00,5.346,14.502164
2020-04-04 11:30:00,4.995,14.619164
2020-04-04 11:45:00,5.557,14.337022
2020-04-04 12:00:00,5.065,14.00801
2020-04-04 12:15:00,5.206,13.983899
2020-04-04 12:30:00,4.995,13.918935
2020-04-04 12:45:00,4.784,14.379361
2020-04-04 13:00:00,4.573,14.926869
2020-04-04 13:15:00,4.784,14.604051
2020-04-04 13:30:00,4.713,14.710761
2020-04-04 13:45:00,4.643,15.048612
2020-04-04 14:00:00,4.291,14.84712
2020-04-04 14:15:00,4.291,14.284951
2020-04-04 14:30:00,4.221,14.053308
2020-04-04 14:45:00,4.08,14.103599
2020-04-04 15:00:00,4.432,14.062444
2020-04-04 15:15:00,4.221,13.651304
2020-04-04 15:30:00,4.221,13.943105
2020-04-04 15:45:00,4.15,14.193686
2020-04-04 16:00:00,4.221,13.9761305
2020-04-04 16:15:00,4.362,14.361177
2020-04-04 16:30:00,3.869,14.890149
2020-04-04 16:45:00,3.588,15.188648
2020-04-04 17:00:00,4.08,15.222654
2020-04-04 17:15:00,4.15,15.376045
2020-04-04 17:30:00,4.01,15.371957
2020-04-04 17:45:00,3.939,15.574164
2020-04-04 18:00:00,3.799,15.192275
2020-04-04 18:15:00,3.939,15.269218
2020-04-04 18:30:00,3.869,14.578452
2020-04-04 18:45:00,3.799,14.535175
2020-04-04 19:00:00,3.658,14.45075
2020-04-04 19:15:00,3.588,14.59112
2020-04-04 19:30:00,3.728,15.157232
2020-04-04 19:45:00,3.799,15.970368
2020-04-04 20:00:00,3.799,15.982717
2020-04-04 20:15:00,3.799,15.542516
2020-04-04 20:30:00,3.939,15.042155
2020-04-04 20:45:00,3.869,15.377876
2020-04-04 21:00:00,3.799,15.53153
2020-04-04 21:15:00,3.799,16.098907
2020-04-04 21:30:00,3.939,16.142826
2020-04-04 21:45:00,3.799,15.344723
2020-04-04 22:00:00,3.869,15.606153
2020-04-04 22:15:00,3.939,14.338555
2020-04-04 22:30:00,4.01,14.340273
2020-04-04 22:45:00,3.799,14.349856
2020-04-04 23:00:00,3.939,14.626203
2020-04-04 23:15:00,3.869,14.392455
2020-04-04 23:30:00,4.291,14.060363
2020-04-04 23:45:00,3.799,14.487765
2020-04-05 00:00:00,3.658,15.148811
2020-04-05 00:15:00,3.799,16.773598
2020-04-05 00:30:00,4.15,16.159767
2020-04-05 00:45:00,4.01,16.02525
2020-04-05 01:00:00,3.799,15.76006
2020-04-05 01:15:00,3.728,15.351731
2020-04-05 01:30:00,3.799,15.184487
2020-04-05 01:45:00,3.939,15.3309355
2020-04-05 02:00:00,3.869,15.53943
2020-04-05 02:15:00,3.869,15.69077
2020-04-05 02:30:00,3.869,15.528973
2020-04-05 02:45:00,3.799,15.7144165
2020-04-05 03:00:00,3.799,15.8055525
2020-04-05 03:15:00,4.08,16.037205
2020-04-05 03:30:00,4.221,15.794107
2020-04-05 03:45:00,4.432,15.739194
2020-04-05 04:00:00,4.362,15.833803
2020-04-05 04:15:00,3.799,15.589437
2020-04-05 04:30:00,3.658,15.666026
2020-04-05 04:45:00,3.588,15.497705
2020-04-05 05:00:00,3.658,15.4451065
2020-04-05 05:15:00,3.799,15.273921
2020-04-05 05:30:00,4.08,15.187633
2020-04-05 05:45:00,3.939,15.151924
2020-04-05 06:00:00,4.221,15.381969
2020-04-05 06:15:00,3.799,15.476346
2020-04-05 06:30:00,3.939,15.243316
2020-04-05 06:45:00,3.517,14.954473
2020-04-05 07:00:00,3.517,14.589506
2020-04-05 07:15:00,3.588,14.738144
2020-04-05 07:30:00,3.447,14.710931
2020-04-05 07:45:00,2.884,14.695174
2020-04-05 08:00:00,3.095,14.703137
2020-04-05 08:15:00,2.744,14.858217
2020-04-05 08:30:00,2.673,14.898782
2020-04-05 08:45:00,0.0,13.353397
2020-04-05 09:00:00,0.422,11.743928
2020-04-05 09:15:00,0.0,10.270047
2020-04-05 09:30:00,0.0,10.8057575
2020-04-05 09:45:00,0.0,11.85998
2020-04-05 10:00:00,0.0,13.97639
2020-04-05 10:15:00,0.0,15.144893
2020-04-05 10:30:00,-0.563,15.019036
2020-04-05 10:45:00,-0.703,14.436762
2020-04-05 11:00:00,-0.633,14.084229
2020-04-05 11:15:00,-0.844,14.1378355
2020-04-05 11:30:00,-0.633,14.196062
2020-04-05 11:45:00,-0.633,14.689538
2020-04-05 12:00:00,-0.703,13.957482
2020-04-05 12:15:00,0.0,13.784138
2020-04-05 12:30:00,-0.774,13.564926
2020-04-05 12:45:00,0.0,14.796284
2020-04-05 13:00:00,0.0,14.064641
2020-04-05 13:15:00,0.0,14.035443
2020-04-05 13:30:00,-0.492,14.119193
2020-04-05 13:45:00,-0.563,14.165854
2020-04-05 14:00:00,-0.633,14.226472
2020-04-05 14:15:00,-0.985,14.568324
2020-04-05 14:30:00,-1.196,14.132547
2020-04-05 14:45:00,-0.633,14.712203
2020-04-05 15:00:00,-0.915,15.154965
2020-04-05 15:15:00,-1.548,15.281246
2020-04-05 15:30:00,-0.985,14.693511
2020-04-05 15:45:00,-0.844,15.119377
2020-04-05 16:00:00,0.0,15.181783
2020-04-05 16:15:00,-0.774,15.470613
2020-04-05 16:30:00,0.0,15.711385
2020-04-05 16:45:00,0.0,15.91496
2020-04-05 17:00:00,0.563,16.067131
2020-04-05 17:15:00,0.915,15.710597
2020-04-05 17:30:00,1.548,15.424884
2020-04-05 17:45:00,1.618,15.404628
2020-04-05 18:00:00,1.759,15.253806
2020-04-05 18:15:00,1.759,14.615475
2020-04-05 18:30:00,1.829,14.370698
2020-04-05 18:45:00,0.844,13.971549
2020-04-05 19:00:00,0.563,14.078799
2020-04-05 19:15:00,0.492,15.094938
2020-04-05 19:30:00,0.492,15.501809
2020-04-05 19:45:00,0.0,15.344977
2020-04-05 20:00:00,0.0,15.347714
2020-04-05 20:15:00,0.0,15.413934
2020-04-05 20:30:00,0.985,15.54951
2020-04-05 20:45:00,1.759,15.776522
2020-04-05 21:00:00,2.04,15.88404
2020-04-05 21:15:00,2.321,16.148739
2020-04-05 21:30:00,0.844,16.337353
2020-04-05 21:45:00,0.703,15.701659
2020-04-05 22:00:00,0.492,16.845257
2020-04-05 22:15:00,0.844,16.084925
2020-04-05 22:30:00,0.844,16.919977
2020-04-05 22:45:00,0.985,16.856087
2020-04-05 23:00:00,1.126,16.341866
2020-04-05 23:15:00,1.829,14.451453
2020-04-05 23:30:00,0.0,14.515481
2020-04-05 23:45:00,0.0,14.941104
2020-04-06 00:00:00,0.985,15.448208
2020-04-06 00:15:00,1.126,15.547318
2020-04-06 00:30:00,0.0,14.744588
2020-04-06 00:45:00,0.0,11.737235
2020-04-06 01:00:00,0.0,16.50984
2020-04-06 01:15:00,1.266,16.333616
2020-04-06 01:30:00,1.126,16.54909
2020-04-06 01:45:00,0.633,16.563469
2020-04-06 02:00:00,0.563,16.914406
2020-04-06 02:15:00,0.563,16.997509
2020-04-06 02:30:00,0.915,16.928177
2020-04-06 02:45:00,1.337,16.983208
2020-04-06 03:00:00,1.97,16.895401
2020-04-06 03:15:00,1.829,16.910686
2020-04-06 03:30:00,2.181,16.872292
2020-04-06 03:45:00,2.321,16.73513
2020-04-06 04:00:00,2.392,16.236717
2020-04-06 04:15:00,2.04,16.038586
2020-04-06 04:30:00,1.618,16.2634
2020-04-06 04:45:00,1.407,16.554451
2020-04-06 05:00:00,1.477,16.916607
2020-04-06 05:15:00,1.407,16.719494
2020-04-06 05:30:00,1.055,16.696274
2020-04-06 05:45:00,1.055,16.743046
2020-04-06 06:00:00,1.337,16.717937
2020-04-06 06:15:00,1.477,16.528801
2020-04-06 06:30:00,1.126,16.464252
2020-04-06 06:45:00,0.915,16.270626
2020-04-06 07:00:00,1.055,16.339527
2020-04-06 07:15:00,1.266,16.461502
2020-04-06 07:30:00,1.196,16.480442
2020-04-06 07:45:00,0.844,16.523712
2020-04-06 08:00:00,1.055,16.595142
2020-04-06 08:15:00,1.477,16.485395
2020-04-06 08:30:00,1.899,16.915003
2020-04-06 08:45:00,1.618,16.917013
2020-04-06 09:00:00,1.337,18.33849
2020-04-06 09:15:00,1.337,18.646353
2020-04-06 09:30:00,1.759,18.97443
2020-04-06 09:45:00,1.548,19.101353
2020-04-06 10:00:00,1.829,19.264313
2020-04-06 10:15:00,2.11,19.24443
2020-04-06 10:30:00,2.814,19.41624
2020-04-06 10:45:00,3.166,19.480404
2020-04-06 11:00:00,3.095,19.507877
2020-04-06 11:15:00,3.658,19.635471
2020-04-06 11:30:00,3.728,19.641972
2020-04-06 11:45:00,3.869,19.566921
2020-04-06 12:00:00,4.01,19.839516
2020-04-06 12:15:00,4.15,20.14362
2020-04-06 12:30:00,4.432,20.337574
2020-04-06 12:45:00,4.573,20.50176
2020-04-06 13:00:00,4.643,20.49002
2020-04-06 13:15:00,4.784,20.57579
2020-04-06 13:30:00,5.206,21.117996
2020-04-06 13:45:00,5.417,22.010754
2020-04-06 14:00:00,4.995,22.323265
2020-04-06 14:15:00,4.995,21.623528
2020-04-06 14:30:00,5.346,21.402594
2020-04-06 14:45:00,5.206,22.109646
2020-04-06 15:00:00,4.995,22.001442
2020-04-06 15:15:00,5.417,21.757217
2020-04-06 15:30:00,5.628,22.08363
2020-04-06 15:45:00,5.628,21.721336
2020-04-06 16:00:00,5.346,21.137867
2020-04-06 16:15:00,5.698,21.101704
2020-04-06 16:30:00,5.768,21.03703
2020-04-06 16:45:00,5.206,21.387749
2020-04-06 17:00:00,5.487,21.21915
2020-04-06 17:15:00,5.065,20.735943
2020-04-06 17:30:00,5.135,20.31654
2020-04-06 17:45:00,5.487,19.541918
2020-04-06 18:00:00,5.346,18.716908
2020-04-06 18:15:00,5.346,18.521767
2020-04-06 18:30:00,5.487,18.187271
2020-04-06 18:45:00,5.276,18.040401
2020-04-06 19:00:00,5.346,17.836239
2020-04-06 19:15:00,5.417,17.740368
2020-04-06 19:30:00,5.557,17.635494
2020-04-06 19:45:00,5.487,17.572193
2020-04-06 20:00:00,5.346,17.609985
2020-04-06 20:15:00,5.065,17.634863
2020-04-06 20:30:00,4.713,17.644314
2020-04-06 20:45:00,4.995,17.636131
2020-04-06 21:00:00,4.221,17.627577
2020-04-06 21:15:00,4.854,17.722874
2020-04-06 21:30:00,4.854,17.806068
2020-04-06 21:45:00,5.135,17.842258
2020-04-06 22:00:00,5.276,17.473629
2020-04-06 22:15:00,5.206,17.622147
2020-04-06 22:30:00,4.995,17.683758
2020-04-06 22:45:00,4.432,17.670843
2020-04-06 23:00:00,4.854,17.254183
2020-04-06 23:15:00,4.502,17.022451
2020-04-06 23:30:00,4.502,16.974533
2020-04-06 23:45:00,4.713,16.970005
2020-04-07 00:00:00,4.502,16.529781
2020-04-07 00:15:00,4.291,17.03936
2020-04-07 00:30:00,4.573,15.817768
2020-04-07 00:45:00,4.502,13.982374
2020-04-07 01:00:00,4.221,13.924918
2020-04-07 01:15:00,4.15,14.499244
2020-04-07 01:30:00,4.08,14.8076105
2020-04-07 01:45:00,4.221,14.861716
2020-04-07 02:00:00,4.15,15.690368
2020-04-07 02:15:00,3.869,15.527482
2020-04-07 02:30:00,3.728,15.291684
2020-04-07 02:45:00,4.291,15.6633835
2020-04-07 03:00:00,4.221,15.392399
2020-04-07 03:15:00,4.291,15.418187
2020-04-07 03:30:00,4.15,15.744443
2020-04-07 03:45:00,3.939,15.367019
2020-04-07 04:00:00,4.221,15.572087
2020-04-07 04:15:00,4.15,16.029097
2020-04-07 04:30:00,4.362,15.218901
2020-04-07 04:45:00,4.15,15.150088
2020-04-07 05:00:00,4.15,14.550301
2020-04-07 05:15:00,3.939,14.11472
2020-04-07 05:30:00,3.939,15.046031
2020-04-07 05:45:00,3.939,14.885752
2020-04-07 06:00:00,3.728,14.686844
2020-04-07 06:15:00,3.728,13.971226
2020-04-07 06:30:00,4.221,13.226165
2020-04-07 06:45:00,4.573,11.764141
2020-04-07 07:00:00,4.995,11.901995
2020-04-07 07:15:00,5.346,12.225573
2020-04-07 07:30:00,5.206,14.064022
2020-04-07 07:45:00,4.995,16.211731
2020-04-07 08:00:00,4.221,17.08544
2020-04-07 08:15:00,4.15,17.808914
2020-04-07 08:30:00,4.502,18.612335
2020-04-07 08:45:00,4.573,19.020332
2020-04-07 09:00:00,3.728,19.519829
2020-04-07 09:15:00,3.447,19.714893
2020-04-07 09:30:00,4.502,20.034672
2020-04-07 09:45:00,4.854,20.303791
2020-04-07 10:00:00,5.346,20.206018
2020-04-07 10:15:00,4.713,20.538994
2020-04-07 10:30:00,4.08,20.52158
2020-04-07 10:45:00,3.869,20.548676
2020-04-07 11:00:00,3.306,20.467556
2020-04-07 11:15:00,3.447,20.464108
2020-04-07 11:30:00,3.588,20.415213
2020-04-07 11:45:00,3.447,20.423756
2020-04-07 12:00:00,3.236,20.399055
2020-04-07 12:15:00,3.447,20.360966
2020-04-07 12:30:00,3.447,20.40924
2020-04-07 12:45:00,3.517,20.415882
2020-04-07 13:00:00,3.517,20.40186
2020-04-07 13:15:00,4.432,20.410854
2020-04-07 13:30:00,4.221,20.39225
2020-04-07 13:45:00,4.643,20.40266
2020-04-07 14:00:00,4.502,20.388433
2020-04-07 14:15:00,4.643,20.54081
2020-04-07 14:30:00,4.854,20.639019
2020-04-07 14:45:00,4.995,20.680868
2020-04-07 15:00:00,4.995,21.026848
2020-04-07 15:15:00,5.487,20.960463
2020-04-07 15:30:00,5.346,21.338501
2020-04-07 15:45:00,5.065,21.818272
2020-04-07 16:00:00,5.276,21.872871
2020-04-07 16:15:00,5.417,22.09636
2020-04-07 16:30:00,5.698,22.172337
2020-04-07 16:45:00,5.909,22.295166
2020-04-07 17:00:00,5.768,22.245213
2020-04-07 17:15:00,5.979,22.235302
2020-04-07 17:30:00,5.979,21.998978
2020-04-07 17:45:00,5.979,21.447418
2020-04-07 18:00:00,6.05,20.75135
2020-04-07 18:15:00,5.839,19.979136
2020-04-07 18:30:00,5.768,18.847454
2020-04-07 18:45:00,5.698,18.595592
2020-04-07 19:00:00,5.698,18.096054
2020-04-07 19:15:00,5.276,17.094917
2020-04-07 19:30:00,5.557,16.75607
2020-04-07 19:45:00,5.276,17.114304
2020-04-07 20:00:00,5.346,16.901257
2020-04-07 20:15:00,5.206,16.586872
2020-04-07 20:30:00,4.924,16.320038
2020-04-07 20:45:00,4.924,15.958138
2020-04-07 21:00:00,4.924,16.224953
2020-04-07 21:15:00,5.065,17.004242
2020-04-07 21:30:00,5.065,17.172
2020-04-07 21:45:00,4.924,17.333958
2020-04-07 22:00:00,4.854,16.721958
2020-04-07 22:15:00,4.854,17.12361
2020-04-07 22:30:00,4.995,17.17089
2020-04-07 22:45:00,5.135,17.126833
2020-04-07 23:00:00,5.065,16.955147
2020-04-07 23:15:00,4.854,16.624388
2020-04-07 23:30:00,4.502,16.739738
2020-04-07 23:45:00,4.995,16.83757
2020-04-08 00:00:00,4.573,17.022923
2020-04-08 00:15:00,4.362,17.024372
2020-04-08 00:30:00,4.362,16.012173
2020-04-08 00:45:00,4.502,12.370972
2020-04-08 01:00:00,4.713,9.49057
2020-04-08 01:15:00,4.502,9.461555
2020-04-08 01:30:00,4.713,11.550972
2020-04-08 01:45:00,4.643,10.461845
2020-04-08 02:00:00,4.502,11.552399
2020-04-08 02:15:00,4.502,10.174215
2020-04-08 02:30:00,4.573,9.237665
2020-04-08 02:45:00,4.643,8.865005
2020-04-08 03:00:00,4.502,8.672399
2020-04-08 03:15:00,4.854,8.621906
2020-04-08 03:30:00,4.713,8.59314
2020-04-08 03:45:00,4.643,8.537777
2020-04-08 04:00:00,4.502,8.686575
2020-04-08 04:15:00,4.502,8.759076
2020-04-08 04:30:00,4.713,8.931986
2020-04-08 04:45:00,4.291,8.850974
2020-04-08 05:00:00,4.643,8.767319
2020-04-08 05:15:00,4.502,8.876936
2020-04-08 05:30:00,4.432,8.97214
2020-04-08 05:45:00,4.291,8.803361
2020-04-08 06:00:00,4.573,8.779308
2020-04-08 06:15:00,4.643,8.821129
2020-04-08 06:30:00,4.573,9.237373
2020-04-08 06:45:00,5.135,9.21424
2020-04-08 07:00:00,5.698,9.162647
2020-04-08 07:15:00,5.698,9.308619
2020-04-08 07:30:00,5.698,9.420158
2020-04-08 07:45:00,6.05,9.703396
2020-04-08 08:00:00,5.768,9.074242
2020-04-08 08:15:00,5.487,9.891343
2020-04-08 08:30:00,5.206,11.329388
2020-04-08 08:45:00,5.698,14.453646
2020-04-08 09:00:00,5.628,16.24784
2020-04-08 09:15:00,4.784,16.900394
2020-04-08 09:30:00,4.502,17.288315
2020-04-08 09:45:00,5.487,17.259516
2020-04-08 10:00:00,5.417,17.711407
2020-04-08 10:15:00,5.768,17.92561
2020-04-08 10:30:00,5.206,18.240227
2020-04-08 10:45:00,5.487,18.63851
2020-04-08 11:00:00,5.698,18.970966
2020-04-08 11:15:00,5.417,19.137306
2020-04-08 11:30:00,5.417,19.084446
2020-04-08 11:45:00,5.276,19.129948
2020-04-08 12:00:00,5.628,19.20475
2020-04-08 12:15:00,5.909,19.489307
2020-04-08 12:30:00,5.909,19.801224
2020-04-08 12:45:00,5.909,19.88002
2020-04-08 13:00:00,6.261,20.195574
2020-04-08 13:15:00,6.331,20.262993
2020-04-08 13:30:00,6.683,20.269314
2020-04-08 13:45:00,6.894,20.6945
2020-04-08 14:00:00,7.105,20.757223
2020-04-08 14:15:00,7.246,20.495094
2020-04-08 14:30:00,7.527,20.504978
2020-04-08 14:45:00,7.527,21.144203
2020-04-08 15:00:00,7.668,21.431267
2020-04-08 15:15:00,7.668,21.71051
2020-04-08 15:30:00,7.738,21.852528
2020-04-08 15:45:00,7.879,21.842705
2020-04-08 16:00:00,7.809,21.573391
2020-04-08 16:15:00,8.371,21.258015
2020-04-08 16:30:00,8.231,21.126154
2020-04-08 16:45:00,7.949,21.261497
2020-04-08 17:00:00,7.879,20.95917
2020-04-08 17:15:00,7.457,20.260712
2020-04-08 17:30:00,7.738,18.992886
2020-04-08 17:45:00,7.879,17.987144
2020-04-08 18:00:00,7.597,17.714077
2020-04-08 18:15:00,7.457,17.526905
2020-04-08 18:30:00,7.738,17.384617
2020-04-08 18:45:00,8.02,17.295109
2020-04-08 19:00:00,8.231,16.095524
2020-04-08 19:15:00,8.371,13.616556
2020-04-08 19:30:00,8.16,11.326798
2020-04-08 19:45:00,8.09,11.198951
2020-04-08 20:00:00,8.301,11.121674
2020-04-08 20:15:00,8.301,10.551109
2020-04-08 20:30:00,8.371,10.140142
2020-04-08 20:45:00,8.16,10.06299
2020-04-08 21:00:00,7.879,9.99534
2020-04-08 21:15:00,7.668,9.930943
2020-04-08 21:30:00,7.597,9.857522
2020-04-08 21:45:00,7.738,9.874618
2020-04-08 22:00:00,7.738,9.806953
2020-04-08 22:15:00,7.668,9.915822
2020-04-08 22:30:00,7.457,9.722258
2020-04-08 22:45:00,7.316,9.537106
2020-04-08 23:00:00,7.246,9.646283
2020-04-08 23:15:00,7.175,9.9626875
2020-04-08 23:30:00,7.105,10.060522
2020-04-08 23:45:00,7.035,10.027945
2020-04-09 00:00:00,7.386,9.646899
2020-04-09 00:15:00,7.386,9.922517
2020-04-09 00:30:00,7.457,9.307067
2020-04-09 00:45:00,7.668,9.680979
2020-04-09 01:00:00,7.668,9.12078
2020-04-09 01:15:00,7.738,9.753642
2020-04-09 01:30:00,7.879,9.672493
2020-04-09 01:45:00,7.949,9.332263
2020-04-09 02:00:00,7.738,9.287449
2020-04-09 02:15:00,7.738,10.099309
2020-04-09 02:30:00,7.738,9.924458
2020-04-09 02:45:00,7.809,9.343982
2020-04-09 03:00:00,7.457,9.21357
2020-04-09 03:15:00,7.457,9.152645
2020-04-09 03:30:00,7.457,9.441474
2020-04-09 03:45:00,6.894,8.834717
2020-04-09 04:00:00,7.457,8.826715
2020-04-09 04:15:00,7.457,9.041754
2020-04-09 04:30:00,7.457,8.878234
2020-04-09 04:45:00,7.175,8.904245
2020-04-09 05:00:00,7.246,8.931957
2020-04-09 05:15:00,7.386,8.793554
2020-04-09 05:30:00,7.386,8.887844
2020-04-09 05:45:00,7.316,8.99892
2020-04-09 06:00:00,6.894,8.936378
2020-04-09 06:15:00,6.964,8.851007
2020-04-09 06:30:00,7.527,8.719708
2020-04-09 06:45:00,7.457,8.667535
2020-04-09 07:00:00,8.02,8.284722
2020-04-09 07:15:00,8.371,8.643133
2020-04-09 07:30:00,8.864,8.662154
2020-04-09 07:45:00,9.075,8.712865
2020-04-09 08:00:00,8.653,9.487783
2020-04-09 08:15:00,7.809,12.669653
2020-04-09 08:30:00,8.301,13.291631
2020-04-09 08:45:00,9.075,14.389085
2020-04-09 09:00:00,9.426,15.75994
2020-04-09 09:15:00,8.723,16.289955
2020-04-09 09:30:00,9.075,16.552162
2020-04-09 09:45:00,9.778,17.273151
2020-04-09 10:00:00,10.552,17.204655
2020-04-09 10:15:00,9.849,17.477736
2020-04-09 10:30:00,9.778,18.089943
2020-04-09 10:45:00,9.567,18.52774
2020-04-09 11:00:00,9.778,18.715916
2020-04-09 11:15:00,9.497,18.722383
2020-04-09 11:30:00,9.145,19.078499
2020-04-09 11:45:00,9.075,18.96008
2020-04-09 12:00:00,9.286,19.212143
2020-04-09 12:15:00,9.778,18.82779
2020-04-09 12:30:00,9.989,19.223995
2020-04-09 12:45:00,10.13,19.578503
2020-04-09 13:00:00,9.989,19.377205
2020-04-09 13:15:00,10.482,18.76981
2020-04-09 13:30:00,11.044,18.958881
2020-04-09 13:45:00,11.326,18.45448
2020-04-09 14:00:00,11.326,18.175358
2020-04-09 14:15:00,11.467,17.76944
2020-04-09 14:30:00,11.185,17.8657
2020-04-09 14:45:00,10.693,18.111885
2020-04-09 15:00:00,10.904,17.934639
2020-04-09 15:15:00,11.396,18.189167
2020-04-09 15:30:00,11.607,18.257875
2020-04-09 15:45:00,11.959,18.111008
2020-04-09 16:00:00,12.1,18.44952
2020-04-09 16:15:00,12.662,18.779247
2020-04-09 16:30:00,12.381,19.045307
2020-04-09 16:45:00,12.733,19.63097
2020-04-09 17:00:00,12.451,19.517126
2020-04-09 17:15:00,12.522,19.169235
2020-04-09 17:30:00,12.733,17.940228
2020-04-09 17:45:00,12.381,17.166088
2020-04-09 18:00:00,12.029,16.11279
2020-04-09 18:15:00,11.326,16.857529
2020-04-09 18:30:00,10.974,16.329704
2020-04-09 18:45:00,10.833,14.532857
2020-04-09 19:00:00,10.482,13.218552
2020-04-09 19:15:00,10.341,12.587065
2020-04-09 19:30:00,10.13,12.554548
2020-04-09 19:45:00,10.13,13.252763
2020-04-09 20:00:00,9.919,13.004473
2020-04-09 20:15:00,10.06,12.910272
2020-04-09 20:30:00,10.13,12.844517
2020-04-09 20:45:00,9.919,12.665069
2020-04-09 21:00:00,9.708,12.634462
2020-04-09 21:15:00,9.638,12.982455
2020-04-09 21:30:00,9.638,12.704474
2020-04-09 21:45:00,9.426,12.694667
2020-04-09 22:00:00,9.497,13.338076
2020-04-09 22:15:00,9.215,13.23418
2020-04-09 22:30:00,9.356,13.689871
2020-04-09 22:45:00,9.215,12.618807
2020-04-09 23:00:00,9.215,11.155185
2020-04-09 23:15:00,8.864,9.811071
2020-04-09 23:30:00,8.723,10.021652
2020-04-09 23:45:00,8.864,9.939783
2020-04-10 00:00:00,8.864,10.184208
2020-04-10 00:15:00,8.934,9.987721
2020-04-10 00:30:00,9.004,10.90977
2020-04-10 00:45:00,8.723,13.103501
2020-04-10 01:00:00,8.723,13.355718
2020-04-10 01:15:00,8.934,14.226825
2020-04-10 01:30:00,8.512,14.338466
2020-04-10 01:45:00,8.934,14.583548
2020-04-10 02:00:00,8.653,13.547357
2020-04-10 02:15:00,8.301,12.978109
2020-04-10 02:30:00,8.371,13.571265
2020-04-10 02:45:00,8.512,13.562011
2020-04-10 03:00:00,8.723,12.4924555
2020-04-10 03:15:00,8.723,13.411626
2020-04-10 03:30:00,8.512,13.348223
2020-04-10 03:45:00,8.512,12.403042
2020-04-10 04:00:00,8.442,12.344747
2020-04-10 04:15:00,8.442,13.120941
2020-04-10 04:30:00,8.442,12.242821
2020-04-10 04:45:00,8.512,12.109629
2020-04-10 05:00:00,8.582,11.934225
2020-04-10 05:15:00,8.864,12.948982
2020-04-10 05:30:00,8.934,12.10315
2020-04-10 05:45:00,9.004,10.91578
2020-04-10 06:00:00,8.653,11.765352
2020-04-10 06:15:00,8.723,13.254918
2020-04-10 06:30:00,8.723,12.492767
2020-04-10 06:45:00,9.075,12.342669
2020-04-10 07:00:00,9.215,12.565967
2020-04-10 07:15:00,9.849,13.626013
2020-04-10 07:30:00,10.411,13.265666
2020-04-10 07:45:00,10.482,12.423834
2020-04-10 08:00:00,9.919,13.108336
2020-04-10 08:15:00,9.567,14.540084
2020-04-10 08:30:00,10.271,16.148039
2020-04-10 08:45:00,10.622,16.674519
2020-04-10 09:00:00,10.482,16.851768
2020-04-10 09:15:00,9.567,17.25447
2020-04-10 09:30:00,9.145,17.471905
2020-04-10 09:45:00,9.145,16.937908
2020-04-10 10:00:00,9.215,16.825378
2020-04-10 10:15:00,8.864,16.728401
2020-04-10 10:30:00,9.004,16.920712
2020-04-10 10:45:00,9.215,16.864487
2020-04-10 11:00:00,9.567,16.793625
2020-04-10 11:15:00,9.075,16.466719
2020-04-10 11:30:00,8.864,16.249668
2020-04-10 11:45:00,8.934,16.191105
2020-04-10 12:00:00,8.934,16.104567
2020-04-10 12:15:00,9.145,16.17398
2020-04-10 12:30:00,9.075,16.554714
2020-04-10 12:45:00,9.215,16.76715
2020-04-10 13:00:00,9.426,16.872616
2020-04-10 13:15:00,9.708,16.952824
2020-04-10 13:30:00,10.2,16.950504
2020-04-10 13:45:00,10.06,17.001423
2020-04-10 14:00:00,10.552,16.799587
2020-04-10 14:15:00,10.552,16.76715
2020-04-10 14:30:00,10.622,17.060078
2020-04-10 14:45:00,10.622,16.916626
2020-04-10 15:00:00,10.622,16.987057
2020-04-10 15:15:00,10.622,17.253315
2020-04-10 15:30:00,10.904,17.613064
2020-04-10 15:45:00,11.115,18.041283
2020-04-10 16:00:00,11.185,18.27407
2020-04-10 16:15:00,11.396,18.906467
2020-04-10 16:30:00,11.326,18.89812
2020-04-10 16:45:00,11.185,18.742231
2020-04-10 17:00:00,10.904,18.28091
2020-04-10 17:15:00,10.833,17.97173
2020-04-10 17:30:00,11.396,17.007547
2020-04-10 17:45:00,11.818,16.753746
2020-04-10 18:00:00,12.029,16.437672
2020-04-10 18:15:00,11.818,16.59832
2020-04-10 18:30:00,11.467,17.591766
2020-04-10 18:45:00,11.185,16.746487
2020-04-10 19:00:00,11.607,16.087109
2020-04-10 19:15:00,11.256,16.17697
2020-04-10 19:30:00,10.974,15.922906
2020-04-10 19:45:00,11.115,15.663955
2020-04-10 20:00:00,11.185,15.130652
2020-04-10 20:15:00,11.044,15.273703
2020-04-10 20:30:00,11.185,15.277879
2020-04-10 20:45:00,10.833,15.281879
2020-04-10 21:00:00,11.044,15.266084
2020-04-10 21:15:00,10.763,15.361961
2020-04-10 21:30:00,10.271,15.189284
2020-04-10 21:45:00,10.482,15.16855
2020-04-10 22:00:00,10.552,15.266073
2020-04-10 22:15:00,10.552,15.198035
2020-04-10 22:30:00,10.833,15.150208
2020-04-10 22:45:00,10.833,15.478584
2020-04-10 23:00:00,11.044,15.423507
2020-04-10 23:15:00,10.974,13.434517
2020-04-10 23:30:00,10.271,14.400797
2020-04-10 23:45:00,10.13,13.048416
2020-04-11 00:00:00,10.341,13.780994
2020-04-11 00:15:00,10.693,14.050216
2020-04-11 00:30:00,10.833,13.402519
2020-04-11 00:45:00,10.622,10.43036
2020-04-11 01:00:00,10.482,12.421603
2020-04-11 01:15:00,10.622,12.681476
2020-04-11 01:30:00,10.341,13.02286
2020-04-11 01:45:00,10.482,13.340992
2020-04-11 02:00:00,10.552,13.161558
2020-04-11 02:15:00,10.552,13.818503
2020-04-11 02:30:00,10.552,13.060282
2020-04-11 02:45:00,10.833,13.297468
2020-04-11 03:00:00,10.411,14.01688
2020-04-11 03:15:00,10.622,12.720398
2020-04-11 03:30:00,10.552,13.576011
2020-04-11 03:45:00,10.341,13.213007
2020-04-11 04:00:00,10.552,13.176463
2020-04-11 04:15:00,10.693,12.983236
2020-04-11 04:30:00,10.482,12.716949
2020-04-11 04:45:00,10.482,12.873405
2020-04-11 05:00:00,10.552,12.714491
2020-04-11 05:15:00,10.552,13.152084
2020-04-11 05:30:00,10.2,12.8837805
2020-04-11 05:45:00,10.13,12.517332
2020-04-11 06:00:00,9.778,12.786351
2020-04-11 06:15:00,10.06,12.647639
2020-04-11 06:30:00,10.13,12.921266
2020-04-11 06:45:00,10.271,12.141007
2020-04-11 07:00:00,9.919,13.521572
2020-04-11 07:15:00,10.341,13.305059
2020-04-11 07:30:00,10.763,13.343883
2020-04-11 07:45:00,10.482,13.447155
2020-04-11 08:00:00,9.919,13.626941
2020-04-11 08:15:00,9.497,14.627791
2020-04-11 08:30:00,9.638,15.29721
2020-04-11 08:45:00,9.919,15.842197
2020-04-11 09:00:00,9.708,15.594706
2020-04-11 09:15:00,9.708,15.215394
2020-04-11 09:30:00,10.06,15.784075
2020-04-11 09:45:00,9.989,16.220959
2020-04-11 10:00:00,10.341,16.153149
2020-04-11 10:15:00,10.13,15.575305
2020-04-11 10:30:00,10.13,16.034178
2020-04-11 10:45:00,10.2,16.218159
2020-04-11 11:00:00,10.13,16.267101
2020-04-11 11:15:00,10.271,16.245054
2020-04-11 11:30:00,9.989,16.242138
2020-04-11 11:45:00,10.271,16.336586
2020-04-11 12:00:00,10.271,16.566927
2020-04-11 12:15:00,10.271,16.342936
2020-04-11 12:30:00,10.482,16.568932
2020-04-11 12:45:00,10.482,16.795456
2020-04-11 13:00:00,10.341,16.335526
2020-04-11 13:15:00,10.482,16.695793
2020-04-11 13:30:00,10.693,17.044857
2020-04-11 13:45:00,11.115,16.987534
2020-04-11 14:00:00,10.974,16.942743
2020-04-11 14:15:00,10.974,16.882423
2020-04-11 14:30:00,11.044,16.825436
2020-04-11 14:45:00,10.833,16.982626
2020-04-11 15:00:00,10.974,17.228245
2020-04-11 15:15:00,11.115,17.007744
2020-04-11 15:30:00,10.974,16.929337
2020-04-11 15:45:00,10.974,17.373764
2020-04-11 16:00:00,10.763,17.186108
2020-04-11 16:15:00,10.622,17.39814
2020-04-11 16:30:00,10.552,17.429863
2020-04-11 16:45:00,10.271,17.390701
2020-04-11 17:00:00,9.778,17.061886
2020-04-11 17:15:00,9.919,16.831415
2020-04-11 17:30:00,9.919,16.745035
2020-04-11 17:45:00,9.426,16.664612
2020-04-11 18:00:00,9.426,16.727505
2020-04-11 18:15:00,9.145,16.747765
2020-04-11 18:30:00,9.075,16.872967
2020-04-11 18:45:00,8.864,16.752737
2020-04-11 19:00:00,8.723,16.7528
2020-04-11 19:15:00,8.512,16.821526
2020-04-11 19:30:00,8.442,16.764679
2020-04-11 19:45:00,8.09,16.698032
2020-04-11 20:00:00,7.879,16.530548
2020-04-11 20:15:00,8.02,16.402925
2020-04-11 20:30:00,7.879,16.270544
2020-04-11 20:45:00,7.879,16.596148
2020-04-11 21:00:00,7.668,16.877464
2020-04-11 21:15:00,7.738,16.921227
2020-04-11 21:30:00,7.527,16.720486
2020-04-11 21:45:00,7.527,16.60235
2020-04-11 22:00:00,7.386,16.007515
2020-04-11 22:15:00,7.386,16.103554
2020-04-11 22:30:00,7.246,16.334381
2020-04-11 22:45:00,6.964,15.72209
2020-04-11 23:00:00,6.964,14.761294
2020-04-11 23:15:00,6.894,13.512287
2020-04-11 23:30:00,7.035,13.693352
2020-04-11 23:45:00,7.105,14.094354
2020-04-12 00:00:00,6.964,14.387771
2020-04-12 00:15:00,6.894,14.797792
2020-04-12 00:30:00,6.964,14.66576
2020-04-12 00:45:00,6.753,13.684877
2020-04-12 01:00:00,6.613,13.82379
2020-04-12 01:15:00,6.542,13.202802
2020-04-12 01:30:00,6.613,13.137453
2020-04-12 01:45:00,6.472,13.547186
2020-04-12 02:00:00,6.613,13.262039
2020-04-12 02:15:00,6.331,13.824516
2020-04-12 02:30:00,6.402,14.490554
2020-04-12 02:45:00,6.261,12.542904
2020-04-12 03:00:00,6.05,12.774126
2020-04-12 03:15:00,6.191,13.274495
2020-04-12 03:30:00,6.05,13.147783
2020-04-12 03:45:00,6.261,13.0732155
2020-04-12 04:00:00,6.402,13.163214
2020-04-12 04:15:00,6.05,13.274475
2020-04-12 04:30:00,5.979,13.313055
2020-04-12 04:45:00,5.909,13.481658
2020-04-12 05:00:00,5.909,14.043815
2020-04-12 05:15:00,5.909,14.165192
2020-04-12 05:30:00,5.909,11.988812
2020-04-12 05:45:00,5.839,12.027437
2020-04-12 06:00:00,5.768,12.507809
2020-04-12 06:15:00,5.768,11.686523
2020-04-12 06:30:00,5.839,12.311037
2020-04-12 06:45:00,5.839,12.774771
2020-04-12 07:00:00,5.628,13.445791
2020-04-12 07:15:00,5.768,13.149834
2020-04-12 07:30:00,5.909,12.838844
2020-04-12 07:45:00,6.05,12.844957
2020-04-12 08:00:00,5.909,13.489771
2020-04-12 08:15:00,5.909,15.550252
2020-04-12 08:30:00,5.839,15.562587
2020-04-12 08:45:00,5.698,16.245037
2020-04-12 09:00:00,5.909,16.75853
2020-04-12 09:15:00,6.261,15.597777
2020-04-12 09:30:00,6.261,14.537347
2020-04-12 09:45:00,6.191,14.598219
2020-04-12 10:00:00,5.979,14.677138
2020-04-12 10:15:00,6.261,15.732733
2020-04-12 10:30:00,6.331,16.082336
2020-04-12 10:45:00,6.402,16.524628
2020-04-12 11:00:00,6.331,16.139233
2020-04-12 11:15:00,6.05,15.511428
2020-04-12 11:30:00,6.472,16.430218
2020-04-12 11:45:00,6.261,15.997191
2020-04-12 12:00:00,6.472,15.704099
2020-04-12 12:15:00,6.261,15.510535
2020-04-12 12:30:00,6.331,14.947483
2020-04-12 12:45:00,6.472,15.6814375
2020-04-12 13:00:00,6.05,15.521036
2020-04-12 13:15:00,6.261,16.702885
2020-04-12 13:30:00,6.331,17.545597
2020-04-12 13:45:00,6.261,16.721241
2020-04-12 14:00:00,6.542,16.880222
2020-04-12 14:15:00,6.472,16.372837
2020-04-12 14:30:00,6.472,16.248302
2020-04-12 14:45:00,6.402,16.4131
2020-04-12 15:00:00,6.472,15.935414
2020-04-12 15:15:00,6.683,16.039377
2020-04-12 15:30:00,6.542,16.541512
2020-04-12 15:45:00,6.402,17.024197
2020-04-12 16:00:00,6.331,16.929684
2020-04-12 16:15:00,6.261,16.764439
2020-04-12 16:30:00,6.05,16.30878
2020-04-12 16:45:00,6.05,17.234032
2020-04-12 17:00:00,5.768,16.908672
2020-04-12 17:15:00,5.628,15.055888
2020-04-12 17:30:00,5.909,14.3465805
2020-04-12 17:45:00,5.698,14.492634
2020-04-12 18:00:00,5.628,14.46745
2020-04-12 18:15:00,5.487,14.716929
2020-04-12 18:30:00,5.135,14.871917
2020-04-12 18:45:00,5.206,15.390969
2020-04-12 19:00:00,5.346,15.801513
2020-04-12 19:15:00,5.346,15.970918
2020-04-12 19:30:00,5.135,15.932971
2020-04-12 19:45:00,5.065,15.741617
2020-04-12 20:00:00,4.854,15.189769
2020-04-12 20:15:00,4.995,14.890014
2020-04-12 20:30:00,4.995,14.729842
2020-04-12 20:45:00,5.065,14.816363
2020-04-12 21:00:00,5.135,14.696725
2020-04-12 21:15:00,4.995,14.913925
2020-04-12 21:30:00,5.065,14.413454
2020-04-12 21:45:00,4.924,14.30824
2020-04-12 22:00:00,4.995,14.628907
2020-04-12 22:15:00,5.135,14.706499
2020-04-12 22:30:00,4.784,14.882073
2020-04-12 22:45:00,4.854,14.260812
2020-04-12 23:00:00,4.643,13.086237
2020-04-12 23:15:00,4.784,12.400045
2020-04-12 23:30:00,4.854,12.773904
2020-04-12 23:45:00,4.854,12.514586
2020-04-13 00:00:00,4.995,12.647566
2020-04-13 00:15:00,4.995,13.1918955
2020-04-13 00:30:00,4.784,13.296924
2020-04-13 00:45:00,4.924,13.241686
2020-04-13 01:00:00,4.924,13.035845
2020-04-13 01:15:00,4.854,12.938025
2020-04-13 01:30:00,4.924,11.919373
2020-04-13 01:45:00,4.854,12.559858
2020-04-13 02:00:00,4.784,13.602328
2020-04-13 02:15:00,4.713,13.453653
2020-04-13 02:30:00,4.995,12.856501
2020-04-13 02:45:00,5.065,12.087609
2020-04-13 03:00:00,4.854,13.354262
2020-04-13 03:15:00,4.784,13.516907
2020-04-13 03:30:00,4.784,12.935904
2020-04-13 03:45:00,4.854,12.177025
2020-04-13 04:00:00,4.854,11.660721
2020-04-13 04:15:00,4.995,12.228319
2020-04-13 04:30:00,4.854,11.359084
2020-04-13 04:45:00,4.854,10.701361
2020-04-13 05:00:00,4.784,10.398699
2020-04-13 05:15:00,4.854,10.987408
2020-04-13 05:30:00,4.713,10.322294
2020-04-13 05:45:00,4.713,10.216527
2020-04-13 06:00:00,4.713,9.9664135
2020-04-13 06:15:00,4.713,10.027452
2020-04-13 06:30:00,4.713,10.269456
2020-04-13 06:45:00,4.643,9.969452
2020-04-13 07:00:00,4.573,9.920984
2020-04-13 07:15:00,4.432,10.053295
2020-04-13 07:30:00,4.643,9.703673
2020-04-13 07:45:00,4.291,9.874287
2020-04-13 08:00:00,4.291,10.112818
2020-04-13 08:15:00,4.362,10.293924
2020-04-13 08:30:00,4.15,10.227589
2020-04-13 08:45:00,4.15,9.433378
2020-04-13 09:00:00,4.291,12.911141
2020-04-13 09:15:00,4.221,15.12617
2020-04-13 09:30:00,4.15,15.769547
2020-04-13 09:45:00,4.15,16.159779
2020-04-13 10:00:00,4.362,15.940604
2020-04-13 10:15:00,4.362,15.68846
2020-04-13 10:30:00,4.291,16.441883
2020-04-13 10:45:00,4.432,16.222818
2020-04-13 11:00:00,4.573,14.697508
2020-04-13 11:15:00,4.643,14.217586
2020-04-13 11:30:00,4.573,13.982271
2020-04-13 11:45:00,4.854,15.002231
2020-04-13 12:00:00,5.065,15.998595
2020-04-13 12:15:00,4.713,14.973594
2020-04-13 12:30:00,4.713,14.903516
2020-04-13 12:45:00,4.643,13.970643
2020-04-13 13:00:00,4.643,14.759735
2020-04-13 13:15:00,4.854,14.436224
2020-04-13 13:30:00,4.995,14.206886
2020-04-13 13:45:00,4.784,14.242066
2020-04-13 14:00:00,4.854,15.181903
2020-04-13 14:15:00,4.854,12.772859
2020-04-13 14:30:00,4.995,12.244408
2020-04-13 14:45:00,5.346,12.056738
2020-04-13 15:00:00,5.276,12.373583
2020-04-13 15:15:00,5.276,11.522007
2020-04-13 15:30:00,5.276,14.910769
2020-04-13 15:45:00,5.206,17.060776
2020-04-13 16:00:00,4.854,17.22462
2020-04-13 16:15:00,4.643,13.897899
2020-04-13 16:30:00,5.346,16.079182
2020-04-13 16:45:00,5.487,16.593746
2020-04-13 17:00:00,5.839,16.646828
2020-04-13 17:15:00,6.12,16.826916
2020-04-13 17:30:00,6.05,17.035442
2020-04-13 17:45:00,5.698,13.9889
2020-04-13 18:00:00,4.573,12.550421
2020-04-13 18:15:00,4.01,12.532401
2020-04-13 18:30:00,3.377,12.725256
2020-04-13 18:45:00,3.447,13.232605
2020-04-13 19:00:00,3.095,14.439724
2020-04-13 19:15:00,3.377,13.909827
2020-04-13 19:30:00,3.939,13.873005
2020-04-13 19:45:00,4.15,14.109758
2020-04-13 20:00:00,3.799,14.098957
2020-04-13 20:15:00,4.15,13.323304
2020-04-13 20:30:00,4.502,12.713469
2020-04-13 20:45:00,4.502,12.484012
2020-04-13 21:00:00,4.854,12.700838
2020-04-13 21:15:00,3.588,12.600783
2020-04-13 21:30:00,3.447,12.424354
2020-04-13 21:45:00,3.517,12.151371
2020-04-13 22:00:00,3.095,12.451736
2020-04-13 22:15:00,3.025,11.921455
2020-04-13 22:30:00,2.955,13.267136
2020-04-13 22:45:00,3.728,14.380238
2020-04-13 23:00:00,3.588,12.723827
2020-04-13 23:15:00,2.532,12.576469
2020-04-13 23:30:00,3.025,12.364458
2020-04-13 23:45:00,3.939,12.4502325
2020-04-14 00:00:00,4.291,12.524125
2020-04-14 00:15:00,4.643,12.611532
2020-04-14 00:30:00,5.135,11.617534
2020-04-14 00:45:00,4.854,12.7664795
2020-04-14 01:00:00,4.362,10.626559
2020-04-14 01:15:00,4.221,9.738079
2020-04-14 01:30:00,4.502,10.023206
2020-04-14 01:45:00,4.291,9.649484
2020-04-14 02:00:00,4.15,10.331792
2020-04-14 02:15:00,3.869,10.504519
2020-04-14 02:30:00,4.362,11.0166445
2020-04-14 02:45:00,4.362,11.759298
2020-04-14 03:00:00,4.643,11.387012
2020-04-14 03:15:00,4.854,11.694185
2020-04-14 03:30:00,5.065,11.157472
2020-04-14 03:45:00,5.065,10.891738
2020-04-14 04:00:00,5.206,11.364139
2020-04-14 04:15:00,4.995,10.721323
2020-04-14 04:30:00,4.432,9.882517
2020-04-14 04:45:00,4.502,9.601602
2020-04-14 05:00:00,4.854,10.002479
2020-04-14 05:15:00,5.065,10.372542
2020-04-14 05:30:00,5.206,10.306786
2020-04-14 05:45:00,5.135,9.393124
2020-04-14 06:00:00,5.206,10.137948
2020-04-14 06:15:00,4.784,10.260731
2020-04-14 06:30:00,4.502,9.387826
2020-04-14 06:45:00,4.784,8.9683075
2020-04-14 07:00:00,4.854,8.861555
2020-04-14 07:15:00,4.784,8.888449
2020-04-14 07:30:00,4.573,9.158501
2020-04-14 07:45:00,4.432,9.870009
2020-04-14 08:00:00,4.924,9.261547
2020-04-14 08:15:00,4.15,9.275582
2020-04-14 08:30:00,3.658,9.136906
2020-04-14 08:45:00,3.447,9.251974
2020-04-14 09:00:00,3.447,9.692236
2020-04-14 09:15:00,3.799,12.851946
2020-04-14 09:30:00,3.658,13.17401
2020-04-14 09:45:00,3.799,13.30636
2020-04-14 10:00:00,4.362,13.44632
2020-04-14 10:15:00,4.291,13.215566
2020-04-14 10:30:00,4.502,13.027337
2020-04-14 10:45:00,4.15,12.971104
2020-04-14 11:00:00,3.799,12.310717
2020-04-14 11:15:00,3.517,12.187145
2020-04-14 11:30:00,3.799,12.39389
2020-04-14 11:45:00,3.869,12.453006
2020-04-14 12:00:00,3.799,10.773268
2020-04-14 12:15:00,3.588,10.585128
2020-04-14 12:30:00,3.869,10.440356
2020-04-14 12:45:00,3.869,10.397623
2020-04-14 13:00:00,3.939,10.451578
2020-04-14 13:15:00,4.573,10.566303
2020-04-14 13:30:00,3.939,11.434829
2020-04-14 13:45:00,3.939,11.716503
2020-04-14 14:00:00,4.01,12.384826
2020-04-14 14:15:00,4.15,12.995527
2020-04-14 14:30:00,4.221,11.125128
2020-04-14 14:45:00,4.432,11.316064
2020-04-14 15:00:00,4.432,15.378927
2020-04-14 15:15:00,4.924,13.108255
2020-04-14 15:30:00,4.854,15.720607
2020-04-14 15:45:00,4.995,17.015236
2020-04-14 16:00:00,5.346,11.60914
2020-04-14 16:15:00,5.206,10.493074
2020-04-14 16:30:00,5.276,11.09447
2020-04-14 16:45:00,4.995,10.864867
2020-04-14 17:00:00,5.206,12.715282
2020-04-14 17:15:00,5.135,13.403217
2020-04-14 17:30:00,5.557,12.43474
2020-04-14 17:45:00,5.557,17.004341
2020-04-14 18:00:00,5.417,12.498314
2020-04-14 18:15:00,5.698,11.593951
2020-04-14 18:30:00,5.346,11.0965605
2020-04-14 18:45:00,5.206,10.77458
2020-04-14 19:00:00,5.065,10.53209
2020-04-14 19:15:00,5.276,10.956487
2020-04-14 19:30:00,5.135,10.630734
2020-04-14 19:45:00,4.995,11.449186
2020-04-14 20:00:00,4.924,12.023748
2020-04-14 20:15:00,4.502,11.774496
2020-04-14 20:30:00,4.221,11.619901
2020-04-14 20:45:00,3.799,11.2362385
2020-04-14 21:00:00,3.869,11.2969265
2020-04-14 21:15:00,4.15,11.280476
2020-04-14 21:30:00,4.291,10.674339
2020-04-14 21:45:00,4.432,11.1690645
2020-04-14 22:00:00,4.362,10.922804
2020-04-14 22:15:00,4.573,11.223445
2020-04-14 22:30:00,4.502,11.418858
2020-04-14 22:45:00,4.432,11.861119
2020-04-14 23:00:00,4.502,12.065937
2020-04-14 23:15:00,4.502,11.257928
2020-04-14 23:30:00,4.432,11.886165
2020-04-14 23:45:00,4.713,11.894428
2020-04-15 00:00:00,4.854,11.999802
2020-04-15 00:15:00,4.995,11.972158
2020-04-15 00:30:00,5.206,11.3754015
2020-04-15 00:45:00,5.206,12.858565
2020-04-15 01:00:00,5.346,11.090754
2020-04-15 01:15:00,5.135,10.1113825
2020-04-15 01:30:00,5.135,10.561638
2020-04-15 01:45:00,4.643,10.784411
2020-04-15 02:00:00,4.643,10.094016
2020-04-15 02:15:00,4.502,10.0006695
2020-04-15 02:30:00,4.854,10.193679
2020-04-15 02:45:00,4.924,10.617955
2020-04-15 03:00:00,4.854,9.040629
2020-04-15 03:15:00,5.346,9.754121
2020-04-15 03:30:00,4.995,10.518209
2020-04-15 03:45:00,5.065,10.947655
2020-04-15 04:00:00,5.135,8.801285
2020-04-15 04:15:00,5.206,9.044796
2020-04-15 04:30:00,5.276,8.7810135
2020-04-15 04:45:00,5.206,8.678319
2020-04-15 05:00:00,5.276,8.621645
2020-04-15 05:15:00,5.065,8.986312
2020-04-15 05:30:00,5.206,8.5898
2020-04-15 05:45:00,5.065,8.55842
2020-04-15 06:00:00,5.135,8.631557
2020-04-15 06:15:00,5.346,8.54034
2020-04-15 06:30:00,5.698,8.651881
2020-04-15 06:45:00,5.768,8.574813
2020-04-15 07:00:00,5.768,8.56034
2020-04-15 07:15:00,5.206,8.4042225
2020-04-15 07:30:00,4.432,8.570137
2020-04-15 07:45:00,4.854,8.965841
2020-04-15 08:00:00,4.854,9.339518
2020-04-15 08:15:00,4.995,13.73019
2020-04-15 08:30:00,5.065,14.18745
2020-04-15 08:45:00,5.557,14.24714
2020-04-15 09:00:00,5.979,14.940413
2020-04-15 09:15:00,5.979,15.173892
2020-04-15 09:30:00,6.191,15.418954
2020-04-15 09:45:00,6.12,16.112667
2020-04-15 10:00:00,6.261,16.30058
2020-04-15 10:15:00,6.613,16.673092
2020-04-15 10:30:00,6.402,16.850769
2020-04-15 10:45:00,6.472,16.851414
2020-04-15 11:00:00,6.191,17.090637
2020-04-15 11:15:00,6.261,17.210068
2020-04-15 11:30:00,6.472,17.325306
2020-04-15 11:45:00,6.613,17.278355
2020-04-15 12:00:00,6.613,17.219894
2020-04-15 12:15:00,6.402,17.090942
2020-04-15 12:30:00,6.472,17.487183
2020-04-15 12:45:00,6.753,18.402233
2020-04-15 13:00:00,6.824,18.778343
2020-04-15 13:15:00,7.105,18.745913
2020-04-15 13:30:00,7.668,19.014687
2020-04-15 13:45:00,7.949,19.282095
2020-04-15 14:00:00,8.301,19.205544
2020-04-15 14:15:00,8.371,19.281116
2020-04-15 14:30:00,8.442,19.31818
2020-04-15 14:45:00,8.864,19.455866
2020-04-15 15:00:00,8.723,19.555382
2020-04-15 15:15:00,9.497,19.601002
2020-04-15 15:30:00,9.004,19.852314
2020-04-15 15:45:00,8.934,19.820515
2020-04-15 16:00:00,9.426,19.673576
2020-04-15 16:15:00,9.075,19.85244
2020-04-15 16:30:00,9.075,20.091684
2020-04-15 16:45:00,9.286,20.189713
2020-04-15 17:00:00,9.356,19.721043
2020-04-15 17:15:00,9.426,18.99067
2020-04-15 17:30:00,8.723,17.855434
2020-04-15 17:45:00,8.864,17.003834
2020-04-15 18:00:00,8.723,17.209507
2020-04-15 18:15:00,8.301,16.92754
2020-04-15 18:30:00,8.02,16.616924
2020-04-15 18:45:00,8.02,14.283195
2020-04-15 19:00:00,7.809,12.631702
2020-04-15 19:15:00,7.316,11.7961235
2020-04-15 19:30:00,7.316,11.667881
2020-04-15 19:45:00,7.316,12.417007
2020-04-15 20:00:00,6.964,11.900696
2020-04-15 20:15:00,6.824,11.571488
2020-04-15 20:30:00,6.542,11.056326
2020-04-15 20:45:00,6.261,10.626488
2020-04-15 21:00:00,6.261,10.647064
2020-04-15 21:15:00,6.05,10.628884
2020-04-15 21:30:00,5.979,10.208832
2020-04-15 21:45:00,6.05,10.553004
2020-04-15 22:00:00,6.05,10.568662
2020-04-15 22:15:00,5.839,11.077538
2020-04-15 22:30:00,5.768,11.56907
2020-04-15 22:45:00,5.628,11.983801
2020-04-15 23:00:00,6.05,11.985979
2020-04-15 23:15:00,6.261,10.318243
2020-04-15 23:30:00,6.402,11.864509
2020-04-15 23:45:00,6.613,11.171004
2020-04-16 00:00:00,6.824,11.740255
2020-04-16 00:15:00,6.753,12.074227
2020-04-16 00:30:00,6.753,11.606906
2020-04-16 00:45:00,6.402,12.42021
2020-04-16 01:00:00,6.472,10.084258
2020-04-16 01:15:00,6.472,9.872863
2020-04-16 01:30:00,6.261,11.144913
2020-04-16 01:45:00,6.402,9.925767
2020-04-16 02:00:00,6.613,9.293928
2020-04-16 02:15:00,6.542,9.7930565
2020-04-16 02:30:00,6.613,10.264251
2020-04-16 02:45:00,6.542,10.01311
2020-04-16 03:00:00,6.542,10.174899
2020-04-16 03:15:00,6.402,10.131945
2020-04-16 03:30:00,6.613,9.937348
2020-04-16 03:45:00,6.472,9.679512
2020-04-16 04:00:00,6.402,10.142092
2020-04-16 04:15:00,6.402,9.511463
2020-04-16 04:30:00,6.402,9.538685
2020-04-16 04:45:00,6.05,8.991429
2020-04-16 05:00:00,5.909,8.990455
2020-04-16 05:15:00,6.191,9.035664
2020-04-16 05:30:00,6.191,9.021791
2020-04-16 05:45:00,6.261,8.80397
2020-04-16 06:00:00,6.191,8.873698
2020-04-16 06:15:00,6.331,9.020771
2020-04-16 06:30:00,6.331,9.170241
2020-04-16 06:45:00,6.12,9.103765
2020-04-16 07:00:00,6.331,8.837142
2020-04-16 07:15:00,6.331,8.905951
2020-04-16 07:30:00,6.472,8.993923
2020-04-16 07:45:00,6.472,8.785929
2020-04-16 08:00:00,6.542,9.649263
2020-04-16 08:15:00,6.753,9.95965
2020-04-16 08:30:00,6.402,10.437308
2020-04-16 08:45:00,6.472,12.339093
2020-04-16 09:00:00,6.683,12.472635
2020-04-16 09:15:00,6.542,13.230742
2020-04-16 09:30:00,6.894,13.029122
2020-04-16 09:45:00,6.964,14.018394
2020-04-16 10:00:00,6.964,15.516692
2020-04-16 10:15:00,7.035,15.563361
2020-04-16 10:30:00,7.175,16.226236
2020-04-16 10:45:00,7.386,16.920567
2020-04-16 11:00:00,7.316,15.73438
2020-04-16 11:15:00,7.246,15.543389
2020-04-16 11:30:00,6.964,15.621798
2020-04-16 11:45:00,6.964,15.750378
2020-04-16 12:00:00,6.964,17.162678
2020-04-16 12:15:00,6.964,17.21595
2020-04-16 12:30:00,7.105,17.132103
2020-04-16 12:45:00,6.964,16.824635
2020-04-16 13:00:00,7.246,16.205746
2020-04-16 13:15:00,7.316,16.121708
2020-04-16 13:30:00,7.668,17.286377
2020-04-16 13:45:00,7.949,17.496944
2020-04-16 14:00:00,8.02,17.260332
2020-04-16 14:15:00,7.949,15.677232
2020-04-16 14:30:00,8.02,16.398636
2020-04-16 14:45:00,8.231,17.835442
2020-04-16 15:00:00,8.653,17.675947
2020-04-16 15:15:00,8.442,17.089417
2020-04-16 15:30:00,8.442,17.973366
2020-04-16 15:45:00,8.934,18.32666
2020-04-16 16:00:00,9.004,18.74839
2020-04-16 16:15:00,8.864,18.70103
2020-04-16 16:30:00,9.286,18.900127
2020-04-16 16:45:00,8.653,19.01149
2020-04-16 17:00:00,8.512,19.07868
2020-04-16 17:15:00,8.16,18.527195
2020-04-16 17:30:00,7.809,16.998009
2020-04-16 17:45:00,7.949,16.53088
2020-04-16 18:00:00,7.738,17.030708
2020-04-16 18:15:00,7.527,17.056324
2020-04-16 18:30:00,7.457,15.617899
2020-04-16 18:45:00,7.668,15.227434
2020-04-16 19:00:00,7.668,15.266851
2020-04-16 19:15:00,7.527,15.502455
2020-04-16 19:30:00,7.316,14.83101
2020-04-16 19:45:00,7.105,15.119065
2020-04-16 20:00:00,6.894,14.992274
2020-04-16 20:15:00,6.894,15.273587
2020-04-16 20:30:00,6.894,15.460807
2020-04-16 20:45:00,7.105,15.539463
2020-04-16 21:00:00,6.824,15.702698
2020-04-16 21:15:00,6.894,15.573811
2020-04-16 21:30:00,6.824,15.12492
2020-04-16 21:45:00,6.824,15.392911
2020-04-16 22:00:00,6.894,15.802389
2020-04-16 22:15:00,6.683,16.146343
2020-04-16 22:30:00,6.613,15.865988
2020-04-16 22:45:00,6.331,15.828828
2020-04-16 23:00:00,6.191,15.627578
2020-04-16 23:15:00,6.05,14.845624
2020-04-16 23:30:00,5.839,12.527099
2020-04-16 23:45:00,5.909,11.590641
2020-04-17 00:00:00,5.909,11.824932
2020-04-17 00:15:00,6.191,12.755634
2020-04-17 00:30:00,6.12,14.600969
2020-04-17 00:45:00,6.191,15.137011
2020-04-17 01:00:00,6.261,14.65741
2020-04-17 01:15:00,6.05,14.737309
2020-04-17 01:30:00,6.05,15.806315
2020-04-17 01:45:00,6.191,15.784965
2020-04-17 02:00:00,6.261,15.0877075
2020-04-17 02:15:00,6.261,13.750154
2020-04-17 02:30:00,5.979,13.360262
2020-04-17 02:45:00,6.261,13.609293
2020-04-17 03:00:00,5.909,15.129963
2020-04-17 03:15:00,6.05,14.730233
2020-04-17 03:30:00,5.839,14.014909
2020-04-17 03:45:00,6.261,14.597112
2020-04-17 04:00:00,6.261,15.109149
2020-04-17 04:15:00,6.402,14.686546
2020-04-17 04:30:00,6.261,14.443265
2020-04-17 04:45:00,6.191,13.817637
2020-04-17 05:00:00,5.768,14.257595
2020-04-17 05:15:00,5.628,14.335067
2020-04-17 05:30:00,5.698,13.605359
2020-04-17 05:45:00,5.768,13.936646
2020-04-17 06:00:00,5.768,13.95637
2020-04-17 06:15:00,5.909,13.857136
2020-04-17 06:30:00,6.05,13.882782
2020-04-17 06:45:00,6.402,13.791725
2020-04-17 07:00:00,6.683,14.011962
2020-04-17 07:15:00,7.175,13.46653
2020-04-17 07:30:00,7.175,13.450386
2020-04-17 07:45:00,7.246,12.351343
2020-04-17 08:00:00,7.246,13.2055435
2020-04-17 08:15:00,6.894,14.725195
2020-04-17 08:30:00,7.246,15.755113
2020-04-17 08:45:00,7.668,16.157919
2020-04-17 09:00:00,8.16,16.731142
2020-04-17 09:15:00,8.09,18.128431
2020-04-17 09:30:00,8.442,18.575676
2020-04-17 09:45:00,8.582,18.269146
2020-04-17 10:00:00,8.864,17.507736
2020-04-17 10:15:00,8.653,16.86771
2020-04-17 10:30:00,8.16,17.782207
2020-04-17 10:45:00,8.442,17.862381
2020-04-17 11:00:00,7.879,17.982124
2020-04-17 11:15:00,7.879,17.703945
2020-04-17 11:30:00,7.879,17.457394
2020-04-17 11:45:00,7.809,17.194033
2020-04-17 12:00:00,8.09,17.274939
2020-04-17 12:15:00,8.301,17.113338
2020-04-17 12:30:00,8.231,17.272118
2020-04-17 12:45:00,8.723,17.303936
2020-04-17 13:00:00,8.934,17.388332
2020-04-17 13:15:00,9.004,17.175438
2020-04-17 13:30:00,9.356,17.216839
2020-04-17 13:45:00,9.708,17.093845
2020-04-17 14:00:00,9.567,17.222504
2020-04-17 14:15:00,10.341,17.089188
2020-04-17 14:30:00,10.341,17.119438
2020-04-17 14:45:00,10.06,17.436623
2020-04-17 15:00:00,10.271,17.732046
2020-04-17 15:15:00,10.622,18.393848
2020-04-17 15:30:00,10.833,18.922924
2020-04-17 15:45:00,11.185,19.165867
2020-04-17 16:00:00,10.904,19.249151
2020-04-17 16:15:00,11.326,19.425009
2020-04-17 16:30:00,11.115,19.534575
2020-04-17 16:45:00,11.185,19.692669
2020-04-17 17:00:00,10.904,19.404972
2020-04-17 17:15:00,10.833,19.561737
2020-04-17 17:30:00,10.693,19.106651
2020-04-17 17:45:00,10.552,17.998222
2020-04-17 18:00:00,10.622,17.280617
2020-04-17 18:15:00,10.271,16.963535
2020-04-17 18:30:00,9.638,17.383179
2020-04-17 18:45:00,9.215,17.544094
2020-04-17 19:00:00,8.934,16.455933
2020-04-17 19:15:00,8.793,16.081858
2020-04-17 19:30:00,8.582,15.553809
2020-04-17 19:45:00,8.231,15.26431
2020-04-17 20:00:00,8.09,15.075078
2020-04-17 20:15:00,8.301,15.309346
2020-04-17 20:30:00,8.442,15.276224
2020-04-17 20:45:00,8.231,15.284745
2020-04-17 21:00:00,8.16,15.243745
2020-04-17 21:15:00,8.09,15.205533
2020-04-17 21:30:00,8.16,15.239303
2020-04-17 21:45:00,8.02,15.189736
2020-04-17 22:00:00,7.949,15.135077
2020-04-17 22:15:00,7.879,15.158631
2020-04-17 22:30:00,7.809,15.195928
2020-04-17 22:45:00,7.668,15.524384
2020-04-17 23:00:00,7.668,15.704381
2020-04-17 23:15:00,7.809,15.585874
2020-04-17 23:30:00,7.668,15.478457
2020-04-17 23:45:00,7.386,14.695987
2020-04-18 00:00:00,7.457,15.136
2020-04-18 00:15:00,7.457,15.321342
2020-04-18 00:30:00,7.316,14.956947
2020-04-18 00:45:00,7.316,14.152386
2020-04-18 01:00:00,7.246,13.981795
2020-04-18 01:15:00,7.316,13.607958
2020-04-18 01:30:00,7.597,13.212456
2020-04-18 01:45:00,7.246,14.048846
2020-04-18 02:00:00,7.386,13.871793
2020-04-18 02:15:00,7.246,13.5758
2020-04-18 02:30:00,7.386,13.625088
2020-04-18 02:45:00,7.386,13.605406
2020-04-18 03:00:00,7.246,13.569956
2020-04-18 03:15:00,7.246,13.860976
2020-04-18 03:30:00,7.105,13.62569
2020-04-18 03:45:00,7.246,13.552776
2020-04-18 04:00:00,7.246,13.796373
2020-04-18 04:15:00,7.386,13.78689
2020-04-18 04:30:00,7.246,13.494377
2020-04-18 04:45:00,7.246,13.768659
2020-04-18 05:00:00,7.246,13.66345
2020-04-18 05:15:00,7.105,13.886146
2020-04-18 05:30:00,7.035,13.555693
2020-04-18 05:45:00,6.964,13.162808
2020-04-18 06:00:00,6.964,13.709873
2020-04-18 06:15:00,7.175,13.582711
2020-04-18 06:30:00,7.175,13.284477
2020-04-18 06:45:00,7.386,13.618695
2020-04-18 07:00:00,7.738,14.113545
2020-04-18 07:15:00,7.879,14.057422
2020-04-18 07:30:00,8.16,13.920488
2020-04-18 07:45:00,8.442,14.917321
2020-04-18 08:00:00,9.145,13.901067
2020-04-18 08:15:00,9.004,14.726146
2020-04-18 08:30:00,8.723,15.908431
2020-04-18 08:45:00,8.793,16.775764
2020-04-18 09:00:00,8.723,17.952038
2020-04-18 09:15:00,8.864,17.970928
2020-04-18 09:30:00,9.145,17.038506
2020-04-18 09:45:00,9.426,16.556019
2020-04-18 10:00:00,9.638,16.267887
2020-04-18 10:15:00,9.215,16.239014
2020-04-18 10:30:00,9.075,16.153057
2020-04-18 10:45:00,8.793,16.218164
2020-04-18 11:00:00,9.215,16.31731
2020-04-18 11:15:00,8.723,16.347193
2020-04-18 11:30:00,8.934,16.256432
2020-04-18 11:45:00,9.356,16.24786
2020-04-18 12:00:00,9.286,16.548851
2020-04-18 12:15:00,9.215,16.828499
2020-04-18 12:30:00,9.286,17.32405
2020-04-18 12:45:00,9.567,17.422253
2020-04-18 13:00:00,9.989,17.487125
2020-04-18 13:15:00,10.341,17.348085
2020-04-18 13:30:00,10.552,17.58366
2020-04-18 13:45:00,10.763,17.390938
2020-04-18 14:00:00,11.185,17.462713
2020-04-18 14:15:00,11.185,17.443596
2020-04-18 14:30:00,11.256,17.72932
2020-04-18 14:45:00,11.326,17.979136
2020-04-18 15:00:00,11.537,18.09523
2020-04-18 15:15:00,11.748,17.98727
2020-04-18 15:30:00,11.748,18.283737
2020-04-18 15:45:00,12.311,18.81279
2020-04-18 16:00:00,12.311,18.247875
2020-04-18 16:15:00,12.311,18.408308
2020-04-18 16:30:00,12.522,18.853645
2020-04-18 16:45:00,12.522,18.647774
2020-04-18 17:00:00,12.662,18.76699
2020-04-18 17:15:00,12.381,18.496933
2020-04-18 17:30:00,12.1,18.12699
2020-04-18 17:45:00,12.17,17.614065
2020-04-18 18:00:00,11.818,17.46885
2020-04-18 18:15:00,11.256,17.55957
2020-04-18 18:30:00,11.044,17.4324
2020-04-18 18:45:00,10.482,16.486553
2020-04-18 19:00:00,10.13,15.855275
2020-04-18 19:15:00,10.271,15.684646
2020-04-18 19:30:00,9.919,15.2519865
2020-04-18 19:45:00,9.849,14.89252
2020-04-18 20:00:00,9.989,14.76225
2020-04-18 20:15:00,9.989,14.839734
2020-04-18 20:30:00,9.778,14.739592
2020-04-18 20:45:00,9.638,14.784584
2020-04-18 21:00:00,9.356,14.718214
2020-04-18 21:15:00,9.356,14.812911
2020-04-18 21:30:00,9.286,14.68682
2020-04-18 21:45:00,9.004,14.633018
2020-04-18 22:00:00,9.004,14.68035
2020-04-18 22:15:00,9.075,14.526427
2020-04-18 22:30:00,9.075,14.92024
2020-04-18 22:45:00,9.004,14.984626
2020-04-18 23:00:00,8.934,14.764901
2020-04-18 23:15:00,8.793,14.033926
2020-04-18 23:30:00,8.723,13.98278
2020-04-18 23:45:00,8.582,14.049775
2020-04-19 00:00:00,8.512,14.588248
2020-04-19 00:15:00,8.301,15.382638
2020-04-19 00:30:00,8.442,15.242764
2020-04-19 00:45:00,8.442,14.865304
2020-04-19 01:00:00,8.442,14.282763
2020-04-19 01:15:00,8.371,14.104344
2020-04-19 01:30:00,8.442,13.88
2020-04-19 01:45:00,8.442,13.805737
2020-04-19 02:00:00,8.371,14.259359
2020-04-19 02:15:00,8.442,14.0473
2020-04-19 02:30:00,8.723,14.156701
2020-04-19 02:45:00,8.582,14.008843
2020-04-19 03:00:00,8.231,14.033502
2020-04-19 03:15:00,8.231,14.112993
2020-04-19 03:30:00,8.371,13.960315
2020-04-19 03:45:00,8.16,14.032257
2020-04-19 04:00:00,8.02,13.956035
2020-04-19 04:15:00,7.668,13.517159
2020-04-19 04:30:00,8.09,13.87524
2020-04-19 04:45:00,7.668,13.083248
2020-04-19 05:00:00,8.02,13.426142
2020-04-19 05:15:00,7.809,13.107249
2020-04-19 05:30:00,7.879,13.152626
2020-04-19 05:45:00,7.527,13.4031105
2020-04-19 06:00:00,7.527,13.365807
2020-04-19 06:15:00,7.457,12.855831
2020-04-19 06:30:00,7.738,13.670206
2020-04-19 06:45:00,7.738,13.0109215
2020-04-19 07:00:00,8.09,13.124191
2020-04-19 07:15:00,8.301,13.525633
2020-04-19 07:30:00,8.512,13.694483
2020-04-19 07:45:00,9.075,13.914872
2020-04-19 08:00:00,9.075,14.74323
2020-04-19 08:15:00,8.442,15.8522625
2020-04-19 08:30:00,8.512,16.481949
2020-04-19 08:45:00,8.723,17.696457
2020-04-19 09:00:00,9.286,18.017029
2020-04-19 09:15:00,9.567,17.715202
2020-04-19 09:30:00,9.778,18.075237
2020-04-19 09:45:00,9.989,17.874046
2020-04-19 10:00:00,9.919,17.029041
2020-04-19 10:15:00,10.06,17.083916
2020-04-19 10:30:00,10.271,17.13419
2020-04-19 10:45:00,9.849,17.221024
2020-04-19 11:00:00,9.778,17.148293
2020-04-19 11:15:00,9.708,17.054476
2020-04-19 11:30:00,10.06,17.074818
2020-04-19 11:45:00,10.341,16.704006
2020-04-19 12:00:00,10.271,16.96489
2020-04-19 12:15:00,10.552,17.158417
2020-04-19 12:30:00,10.341,17.686966
2020-04-19 12:45:00,10.904,17.820782
2020-04-19 13:00:00,11.044,17.732147
2020-04-19 13:15:00,11.537,17.683819
2020-04-19 13:30:00,12.17,17.828363
2020-04-19 13:45:00,12.381,18.119186
2020-04-19 14:00:00,11.889,18.368572
2020-04-19 14:15:00,12.029,18.397549
2020-04-19 14:30:00,12.24,18.629704
2020-04-19 14:45:00,12.1,18.79655
2020-04-19 15:00:00,12.592,18.887524
2020-04-19 15:15:00,12.592,19.12455
2020-04-19 15:30:00,12.522,19.181667
2020-04-19 15:45:00,12.522,19.179512
2020-04-19 16:00:00,12.522,19.043674
2020-04-19 16:15:00,13.014,19.182499
2020-04-19 16:30:00,13.085,19.325201
2020-04-19 16:45:00,12.522,19.288902
2020-04-19 17:00:00,12.17,19.109547
2020-04-19 17:15:00,11.889,18.892757
2020-04-19 17:30:00,11.467,17.991325
2020-04-19 17:45:00,12.17,17.587898
2020-04-19 18:00:00,11.607,17.591198
2020-04-19 18:15:00,11.396,18.136513
2020-04-19 18:30:00,11.044,18.18813
2020-04-19 18:45:00,10.763,17.341911
2020-04-19 19:00:00,10.411,17.025997
2020-04-19 19:15:00,10.552,16.890738
2020-04-19 19:30:00,10.271,16.567684
2020-04-19 19:45:00,9.849,16.064095
2020-04-19 20:00:00,9.849,15.224491
2020-04-19 20:15:00,9.567,15.050099
2020-04-19 20:30:00,9.426,14.99616
2020-04-19 20:45:00,9.497,15.129188
2020-04-19 21:00:00,9.356,15.207874
2020-04-19 21:15:00,9.286,15.02316
2020-04-19 21:30:00,9.286,14.733732
2020-04-19 21:45:00,9.004,14.966125
2020-04-19 22:00:00,8.934,14.915791
2020-04-19 22:15:00,9.075,14.999432
2020-04-19 22:30:00,9.075,15.078578
2020-04-19 22:45:00,8.653,15.112893
2020-04-19 23:00:00,8.512,14.750237
2020-04-19 23:15:00,8.582,13.642424
2020-04-19 23:30:00,8.653,13.864545
2020-04-19 23:45:00,8.582,13.773832
2020-04-20 00:00:00,8.512,14.379615
2020-04-20 00:15:00,8.723,15.867603
2020-04-20 00:30:00,8.934,15.422834
2020-04-20 00:45:00,8.723,14.025765
2020-04-20 01:00:00,8.653,14.055209
2020-04-20 01:15:00,8.864,13.875071
2020-04-20 01:30:00,8.934,14.0213
2020-04-20 01:45:00,8.934,13.737406
2020-04-20 02:00:00,8.793,13.781542
2020-04-20 02:15:00,8.934,14.193257
2020-04-20 02:30:00,8.864,14.585497
2020-04-20 02:45:00,9.075,14.985036
2020-04-20 03:00:00,8.371,15.036459
2020-04-20 03:15:00,8.09,15.436961
2020-04-20 03:30:00,8.231,15.063672
2020-04-20 03:45:00,8.16,15.312424
2020-04-20 04:00:00,8.301,15.255121
2020-04-20 04:15:00,8.371,14.817838
2020-04-20 04:30:00,8.02,14.940943
2020-04-20 04:45:00,8.02,14.846619
2020-04-20 05:00:00,8.09,14.716783
2020-04-20 05:15:00,7.879,14.627969
2020-04-20 05:30:00,8.301,14.533744
2020-04-20 05:45:00,8.371,13.520494
2020-04-20 06:00:00,8.371,13.506791
2020-04-20 06:15:00,8.231,12.525547
2020-04-20 06:30:00,8.793,11.471745
2020-04-20 06:45:00,8.864,11.805171
2020-04-20 07:00:00,9.145,14.8708315
2020-04-20 07:15:00,8.864,15.760571
2020-04-20 07:30:00,9.004,15.75542
2020-04-20 07:45:00,8.723,16.13779
2020-04-20 08:00:00,9.004,16.461685
2020-04-20 08:15:00,8.231,16.48873
2020-04-20 08:30:00,8.512,16.690823
2020-04-20 08:45:00,8.442,17.664932
2020-04-20 09:00:00,8.864,18.504368
2020-04-20 09:15:00,9.075,18.337822
2020-04-20 09:30:00,9.075,18.893473
2020-04-20 09:45:00,9.215,19.05717
2020-04-20 10:00:00,9.497,19.4511
2020-04-20 10:15:00,9.567,19.438158
2020-04-20 10:30:00,9.708,19.927326
2020-04-20 10:45:00,9.778,19.855701
2020-04-20 11:00:00,9.989,19.855602
2020-04-20 11:15:00,10.06,19.602856
2020-04-20 11:30:00,10.06,19.52356
2020-04-20 11:45:00,10.411,19.695946
2020-04-20 12:00:00,10.341,20.188953
2020-04-20 12:15:00,10.622,19.29023
2020-04-20 12:30:00,10.974,19.81528
2020-04-20 12:45:00,11.185,20.15224
2020-04-20 13:00:00,11.748,19.225075
2020-04-20 13:15:00,12.029,18.789642
2020-04-20 13:30:00,11.818,19.60847
2020-04-20 13:45:00,12.381,20.038364
2020-04-20 14:00:00,12.381,20.069073
2020-04-20 14:15:00,12.522,19.642136
2020-04-20 14:30:00,12.381,19.309628
2020-04-20 14:45:00,12.381,19.66703
2020-04-20 15:00:00,12.944,19.560863
2020-04-20 15:15:00,13.366,20.393883
2020-04-20 15:30:00,13.366,19.663841
2020-04-20 15:45:00,13.436,20.511042
2020-04-20 16:00:00,13.436,20.2751
2020-04-20 16:15:00,13.507,19.357437
2020-04-20 16:30:00,13.296,19.012257
2020-04-20 16:45:00,13.436,19.76168
2020-04-20 17:00:00,12.874,20.199104
2020-04-20 17:15:00,12.451,20.702991
2020-04-20 17:30:00,12.522,19.734379
2020-04-20 17:45:00,12.311,19.316544
2020-04-20 18:00:00,12.24,18.917553
2020-04-20 18:15:00,12.029,18.32344
2020-04-20 18:30:00,11.959,18.186817
2020-04-20 18:45:00,11.678,18.1777
2020-04-20 19:00:00,11.748,18.287334
2020-04-20 19:15:00,11.818,18.142296
2020-04-20 19:30:00,11.607,17.867989
2020-04-20 19:45:00,11.256,17.276506
2020-04-20 20:00:00,11.256,16.705093
2020-04-20 20:15:00,11.044,16.533047
2020-04-20 20:30:00,10.974,16.532637
2020-04-20 20:45:00,11.537,16.831795
2020-04-20 21:00:00,11.889,16.907482
2020-04-20 21:15:00,11.467,16.256115
2020-04-20 21:30:00,10.622,15.487959
2020-04-20 21:45:00,10.622,15.892476
2020-04-20 22:00:00,11.044,16.239315
2020-04-20 22:15:00,11.185,17.193577
2020-04-20 22:30:00,11.256,17.15521
2020-04-20 22:45:00,10.974,15.852283
2020-04-20 23:00:00,10.904,14.617135
2020-04-20 23:15:00,11.044,13.749698
2020-04-20 23:30:00,11.115,13.301
2020-04-20 23:45:00,11.185,13.228881
2020-04-21 00:00:00,10.974,13.606459
2020-04-21 00:15:00,10.974,14.249845
2020-04-21 00:30:00,11.185,14.904725
2020-04-21 00:45:00,10.974,13.393049
2020-04-21 01:00:00,10.904,13.187775
2020-04-21 01:15:00,11.185,12.585804
2020-04-21 01:30:00,11.185,12.820987
2020-04-21 01:45:00,11.256,12.824121
2020-04-21 02:00:00,11.326,13.555598
2020-04-21 02:15:00,11.256,14.93344
2020-04-21 02:30:00,10.833,14.613231
2020-04-21 02:45:00,10.622,14.662446
2020-04-21 03:00:00,10.341,13.748271
2020-04-21 03:15:00,10.622,13.807215
2020-04-21 03:30:00,10.974,13.908954
2020-04-21 03:45:00,10.552,15.142083
2020-04-21 04:00:00,9.567,14.748477
2020-04-21 04:15:00,10.13,14.413608
2020-04-21 04:30:00,10.13,14.27245
2020-04-21 04:45:00,10.2,14.438783
2020-04-21 05:00:00,10.271,14.315362
2020-04-21 05:15:00,10.2,13.84477
2020-04-21 05:30:00,10.13,13.556141
2020-04-21 05:45:00,10.271,12.842842
2020-04-21 06:00:00,10.341,12.1723
2020-04-21 06:15:00,10.271,11.385619
2020-04-21 06:30:00,10.271,10.896527
2020-04-21 06:45:00,10.622,10.668072
2020-04-21 07:00:00,10.341,10.851561
2020-04-21 07:15:00,10.271,10.963114
2020-04-21 07:30:00,10.06,13.746205
2020-04-21 07:45:00,9.919,13.353906
2020-04-21 08:00:00,10.06,14.482255
2020-04-21 08:15:00,10.06,15.004682
2020-04-21 08:30:00,10.341,14.489625
2020-04-21 08:45:00,10.271,15.335011
2020-04-21 09:00:00,10.622,15.820672
2020-04-21 09:15:00,10.693,14.925992
2020-04-21 09:30:00,10.693,14.901227
2020-04-21 09:45:00,10.904,13.942751
2020-04-21 10:00:00,10.763,15.598866
2020-04-21 10:15:00,10.622,15.501866
2020-04-21 10:30:00,10.833,15.665973
2020-04-21 10:45:00,10.552,15.817063
2020-04-21 11:00:00,10.482,16.320316
2020-04-21 11:15:00,10.482,15.639502
2020-04-21 11:30:00,10.904,16.902962
2020-04-21 11:45:00,10.833,15.084462
2020-04-21 12:00:00,11.256,16.278091
2020-04-21 12:15:00,11.044,16.816544
2020-04-21 12:30:00,11.326,16.354237
2020-04-21 12:45:00,11.537,18.19033
2020-04-21 13:00:00,11.256,18.031555
2020-04-21 13:15:00,11.256,17.997852
2020-04-21 13:30:00,11.256,18.2156
2020-04-21 13:45:00,10.693,17.996544
2020-04-21 14:00:00,9.778,17.502165
2020-04-21 14:15:00,9.849,17.393589
2020-04-21 14:30:00,9.849,17.38321
2020-04-21 14:45:00,9.849,17.56738
2020-04-21 15:00:00,10.271,17.242462
2020-04-21 15:15:00,10.411,17.329456
2020-04-21 15:30:00,9.919,17.74789
2020-04-21 15:45:00,9.989,17.540337
2020-04-21 16:00:00,9.849,17.768784
2020-04-21 16:15:00,9.567,17.884598
2020-04-21 16:30:00,9.708,17.884804
2020-04-21 16:45:00,9.426,17.949293
2020-04-21 17:00:00,9.567,16.821701
2020-04-21 17:15:00,9.497,16.850433
2020-04-21 17:30:00,9.215,16.715803
2020-04-21 17:45:00,9.215,16.51545
2020-04-21 18:00:00,9.426,16.591934
2020-04-21 18:15:00,9.286,16.924032
2020-04-21 18:30:00,9.286,16.987446
2020-04-21 18:45:00,9.567,17.197557
2020-04-21 19:00:00,9.356,17.465794
2020-04-21 19:15:00,9.497,17.46576
2020-04-21 19:30:00,9.497,17.278597
2020-04-21 19:45:00,9.426,17.30235
2020-04-21 20:00:00,9.497,16.894848
2020-04-21 20:15:00,9.145,16.639774
2020-04-21 20:30:00,9.075,16.325129
2020-04-21 20:45:00,9.075,16.07615
2020-04-21 21:00:00,9.004,15.578481
2020-04-21 21:15:00,9.075,15.546638
2020-04-21 21:30:00,9.215,15.111437
2020-04-21 21:45:00,9.215,14.572114
2020-04-21 22:00:00,9.215,15.192801
2020-04-21 22:15:00,9.356,15.256352
2020-04-21 22:30:00,9.426,15.140298
2020-04-21 22:45:00,9.356,13.512894
2020-04-21 23:00:00,9.145,12.852771
2020-04-21 23:15:00,9.426,12.810063
2020-04-21 23:30:00,9.567,12.623146
2020-04-21 23:45:00,9.426,12.814301
2020-04-22 00:00:00,9.567,13.015026
2020-04-22 00:15:00,9.638,13.353833
2020-04-22 00:30:00,9.778,15.108613
2020-04-22 00:45:00,9.567,15.06311
2020-04-22 01:00:00,9.708,14.574294
2020-04-22 01:15:00,9.567,14.508895
2020-04-22 01:30:00,9.638,14.627458
2020-04-22 01:45:00,9.708,14.625695
2020-04-22 02:00:00,9.638,14.345489
2020-04-22 02:15:00,9.778,14.625632
2020-04-22 02:30:00,9.567,14.789399
2020-04-22 02:45:00,9.708,14.645483
2020-04-22 03:00:00,9.708,14.158946
2020-04-22 03:15:00,10.13,13.919789
2020-04-22 03:30:00,9.989,14.461659
2020-04-22 03:45:00,8.723,14.775192
2020-04-22 04:00:00,7.035,15.106733
2020-04-22 04:15:00,6.753,14.695481
2020-04-22 04:30:00,6.894,14.51086
2020-04-22 04:45:00,7.879,15.248124
2020-04-22 05:00:00,8.653,14.905726
2020-04-22 05:15:00,8.864,14.591441
2020-04-22 05:30:00,8.934,14.387729
2020-04-22 05:45:00,9.075,13.984339
2020-04-22 06:00:00,9.356,12.742964
2020-04-22 06:15:00,8.16,11.602147
2020-04-22 06:30:00,8.16,11.815944
2020-04-22 06:45:00,8.301,11.05234
2020-04-22 07:00:00,8.512,10.0531025
2020-04-22 07:15:00,9.004,9.539654
2020-04-22 07:30:00,9.215,10.081057
2020-04-22 07:45:00,9.497,14.086426
2020-04-22 08:00:00,9.989,14.033229
2020-04-22 08:15:00,10.13,14.415917
2020-04-22 08:30:00,10.13,14.536615
2020-04-22 08:45:00,10.13,13.722425
2020-04-22 09:00:00,10.341,14.676616
2020-04-22 09:15:00,9.778,14.605811
2020-04-22 09:30:00,10.06,15.256429
2020-04-22 09:45:00,9.919,14.228941
2020-04-22 10:00:00,9.919,15.393605
2020-04-22 10:15:00,9.497,14.365536
2020-04-22 10:30:00,9.778,13.1785145
2020-04-22 10:45:00,9.638,15.553045
2020-04-22 11:00:00,9.426,15.144208
2020-04-22 11:15:00,9.426,15.263003
2020-04-22 11:30:00,9.708,15.755382
2020-04-22 11:45:00,9.286,15.729543
2020-04-22 12:00:00,9.638,15.801579
2020-04-22 12:15:00,9.356,15.914573
2020-04-22 12:30:00,9.708,16.20496
2020-04-22 12:45:00,9.145,15.967215
2020-04-22 13:00:00,9.497,14.373105
2020-04-22 13:15:00,9.778,15.061589
2020-04-22 13:30:00,9.638,15.539279
2020-04-22 13:45:00,9.567,15.319693
2020-04-22 14:00:00,9.356,15.215018
2020-04-22 14:15:00,9.638,15.409705
2020-04-22 14:30:00,9.426,16.520283
2020-04-22 14:45:00,9.708,17.872608
2020-04-22 15:00:00,9.919,18.45225
2020-04-22 15:15:00,9.567,17.561855
2020-04-22 15:30:00,9.567,17.424988
2020-04-22 15:45:00,9.849,17.427578
2020-04-22 16:00:00,10.06,18.869102
2020-04-22 16:15:00,10.341,17.014698
2020-04-22 16:30:00,10.482,17.030762
2020-04-22 16:45:00,10.552,16.402058
2020-04-22 17:00:00,10.271,16.39404
2020-04-22 17:15:00,10.622,17.049652
2020-04-22 17:30:00,10.622,17.819214
2020-04-22 17:45:00,10.622,17.839378
2020-04-22 18:00:00,10.06,17.679752
2020-04-22 18:15:00,9.989,16.676025
2020-04-22 18:30:00,10.411,16.02906
2020-04-22 18:45:00,10.341,15.9236555
2020-04-22 19:00:00,9.989,15.81632
2020-04-22 19:15:00,10.13,15.617898
2020-04-22 19:30:00,8.934,15.718192
2020-04-22 19:45:00,8.371,15.648391
2020-04-22 20:00:00,8.371,15.340799
2020-04-22 20:15:00,8.582,15.557324
2020-04-22 20:30:00,8.371,15.647166
2020-04-22 20:45:00,8.371,15.872041
2020-04-22 21:00:00,8.442,16.21894
2020-04-22 21:15:00,8.371,16.664495
2020-04-22 21:30:00,7.949,16.341726
2020-04-22 21:45:00,8.02,15.879004
2020-04-22 22:00:00,7.738,16.216227
2020-04-22 22:15:00,7.597,16.814795
2020-04-22 22:30:00,7.457,17.09311
2020-04-22 22:45:00,7.175,16.62304
2020-04-22 23:00:00,7.105,15.965746
2020-04-22 23:15:00,6.824,15.346992
2020-04-22 23:30:00,6.894,14.848815
2020-04-22 23:45:00,6.753,15.185454
2020-04-23 00:00:00,6.753,15.587428
2020-04-23 00:15:00,6.613,15.3220005
2020-04-23 00:30:00,6.683,14.406446
2020-04-23 00:45:00,6.261,14.585376
2020-04-23 01:00:00,6.402,14.619542
2020-04-23 01:15:00,6.12,14.920828
2020-04-23 01:30:00,6.12,14.8335285
2020-04-23 01:45:00,5.979,13.824234
2020-04-23 02:00:00,5.839,13.914262
2020-04-23 02:15:00,6.05,14.805196
2020-04-23 02:30:00,5.487,15.229478
2020-04-23 02:45:00,5.487,14.09826
2020-04-23 03:00:00,5.909,14.429916
2020-04-23 03:15:00,5.909,13.736139
2020-04-23 03:30:00,5.909,13.525538
2020-04-23 03:45:00,5.698,14.586585
2020-04-23 04:00:00,5.417,14.726645
2020-04-23 04:15:00,5.417,14.077209
2020-04-23 04:30:00,5.135,12.249573
2020-04-23 04:45:00,5.206,15.056777
2020-04-23 05:00:00,4.995,14.889379
2020-04-23 05:15:00,4.995,12.412494
2020-04-23 05:30:00,5.065,10.562205
2020-04-23 05:45:00,4.995,10.390308
2020-04-23 06:00:00,5.135,11.495102
2020-04-23 06:15:00,5.206,11.117285
2020-04-23 06:30:00,4.995,11.294359
2020-04-23 06:45:00,4.643,10.82573
2020-04-23 07:00:00,4.643,10.837244
2020-04-23 07:15:00,4.784,11.466354
2020-04-23 07:30:00,4.713,11.790186
2020-04-23 07:45:00,4.221,11.635462
2020-04-23 08:00:00,4.362,11.839365
2020-04-23 08:15:00,3.517,11.136058
2020-04-23 08:30:00,3.588,11.585958
2020-04-23 08:45:00,4.01,11.043177
2020-04-23 09:00:00,4.291,12.327625
2020-04-23 09:15:00,3.939,13.082079
2020-04-23 09:30:00,2.884,13.062532
2020-04-23 09:45:00,3.025,13.946656
2020-04-23 10:00:00,3.658,13.111736
2020-04-23 10:15:00,3.517,12.41183
2020-04-23 10:30:00,3.869,14.283228
2020-04-23 10:45:00,3.447,14.861749
2020-04-23 11:00:00,3.166,14.878231
2020-04-23 11:15:00,3.306,14.915263
2020-04-23 11:30:00,3.166,15.103937
2020-04-23 11:45:00,3.658,15.155531
2020-04-23 12:00:00,3.517,15.550465
2020-04-23 12:15:00,3.166,15.453529
2020-04-23 12:30:00,2.884,15.122328
2020-04-23 12:45:00,2.884,15.341588
2020-04-23 13:00:00,3.236,15.602133
2020-04-23 13:15:00,2.884,15.229806
2020-04-23 13:30:00,2.814,14.982461
2020-04-23 13:45:00,3.025,13.846145
2020-04-23 14:00:00,3.236,13.246038
2020-04-23 14:15:00,3.377,15.1427965
2020-04-23 14:30:00,3.377,15.531307
2020-04-23 14:45:00,3.236,14.892256
2020-04-23 15:00:00,3.728,14.746013
2020-04-23 15:15:00,3.095,14.914321
2020-04-23 15:30:00,3.728,14.631232
2020-04-23 15:45:00,4.291,15.052232
2020-04-23 16:00:00,5.206,15.452994
2020-04-23 16:15:00,5.276,15.478061
2020-04-23 16:30:00,5.206,15.239307
2020-04-23 16:45:00,5.065,15.813457
2020-04-23 17:00:00,5.698,15.914855
2020-04-23 17:15:00,5.346,15.530234
2020-04-23 17:30:00,5.276,15.401346
2020-04-23 17:45:00,5.276,15.58615
2020-04-23 18:00:00,5.206,15.599748
2020-04-23 18:15:00,5.417,15.85743
2020-04-23 18:30:00,5.346,15.986636
2020-04-23 18:45:00,5.276,16.064774
2020-04-23 19:00:00,5.557,16.094395
2020-04-23 19:15:00,5.768,16.227293
2020-04-23 19:30:00,6.05,16.046307
2020-04-23 19:45:00,5.487,16.067505
2020-04-23 20:00:00,4.643,15.761514
2020-04-23 20:15:00,4.08,16.024551
2020-04-23 20:30:00,4.784,16.263329
2020-04-23 20:45:00,4.995,16.125904
2020-04-23 21:00:00,5.487,16.060139
2020-04-23 21:15:00,5.768,15.630201
2020-04-23 21:30:00,6.261,15.536415
2020-04-23 21:45:00,6.402,15.592563
2020-04-23 22:00:00,6.05,15.395246
2020-04-23 22:15:00,4.995,15.2778
2020-04-23 22:30:00,4.643,15.436187
2020-04-23 22:45:00,4.643,15.594169
2020-04-23 23:00:00,5.135,15.498333
2020-04-23 23:15:00,5.065,14.512115
2020-04-23 23:30:00,5.206,13.975624
2020-04-23 23:45:00,5.909,14.296945
2020-04-24 00:00:00,6.261,14.647088
2020-04-24 00:15:00,6.331,15.519198
2020-04-24 00:30:00,6.402,15.508765
2020-04-24 00:45:00,6.402,15.330471
2020-04-24 01:00:00,6.402,15.570004
2020-04-24 01:15:00,6.12,15.261414
2020-04-24 01:30:00,6.05,15.3420315
2020-04-24 01:45:00,6.683,15.2193165
2020-04-24 02:00:00,6.613,15.48964
2020-04-24 02:15:00,6.472,15.468101
2020-04-24 02:30:00,5.979,15.506551
2020-04-24 02:45:00,6.191,15.931016
2020-04-24 03:00:00,6.261,15.771898
2020-04-24 03:15:00,6.331,15.320876
2020-04-24 03:30:00,6.331,15.300008
2020-04-24 03:45:00,6.683,16.154362
2020-04-24 04:00:00,6.683,16.379082
2020-04-24 04:15:00,6.683,15.674769
2020-04-24 04:30:00,6.753,14.880719
2020-04-24 04:45:00,6.261,14.520927
2020-04-24 05:00:00,6.331,16.297798
2020-04-24 05:15:00,6.261,15.538584
2020-04-24 05:30:00,6.613,15.141817
2020-04-24 05:45:00,7.316,14.734274
2020-04-24 06:00:00,6.753,15.4144125
2020-04-24 06:15:00,6.402,15.133628
2020-04-24 06:30:00,6.331,14.662223
2020-04-24 06:45:00,6.261,14.8370285
2020-04-24 07:00:00,6.542,14.6642475
2020-04-24 07:15:00,6.542,14.641198
2020-04-24 07:30:00,6.472,14.732741
2020-04-24 07:45:00,6.542,12.255882
2020-04-24 08:00:00,6.261,12.461166
2020-04-24 08:15:00,5.909,15.2499695
2020-04-24 08:30:00,5.557,14.286786
2020-04-24 08:45:00,5.839,11.553261
2020-04-24 09:00:00,6.964,12.563353
2020-04-24 09:15:00,6.753,14.09468
2020-04-24 09:30:00,6.331,16.63963
2020-04-24 09:45:00,6.261,17.349918
2020-04-24 10:00:00,6.472,17.882265
2020-04-24 10:15:00,6.613,18.012676
2020-04-24 10:30:00,7.035,18.000824
2020-04-24 10:45:00,7.105,17.731396
2020-04-24 11:00:00,7.105,18.406132
2020-04-24 11:15:00,7.035,18.977798
2020-04-24 11:30:00,7.386,18.792568
2020-04-24 11:45:00,7.527,19.384205
2020-04-24 12:00:00,7.175,19.437122
2020-04-24 12:15:00,7.668,19.311626
2020-04-24 12:30:00,7.175,19.65926
2020-04-24 12:45:00,8.02,19.81496
2020-04-24 13:00:00,8.02,19.80442
2020-04-24 13:15:00,7.809,19.58883
2020-04-24 13:30:00,8.16,19.955769
2020-04-24 13:45:00,7.879,20.747408
2020-04-24 14:00:00,8.16,19.939514
2020-04-24 14:15:00,8.442,18.601978
2020-04-24 14:30:00,8.231,19.057463
2020-04-24 14:45:00,8.09,18.314514
2020-04-24 15:00:00,8.653,19.299057
2020-04-24 15:15:00,8.16,18.82537
2020-04-24 15:30:00,8.301,18.14383
2020-04-24 15:45:00,7.949,18.874474
2020-04-24 16:00:00,8.231,17.40504
2020-04-24 16:15:00,8.301,17.466236
2020-04-24 16:30:00,8.371,15.558957
2020-04-24 16:45:00,8.301,15.645842
2020-04-24 17:00:00,7.668,16.062233
2020-04-24 17:15:00,8.09,16.170979
2020-04-24 17:30:00,8.512,16.16483
2020-04-24 17:45:00,8.582,15.768051
2020-04-24 18:00:00,8.442,15.109633
2020-04-24 18:15:00,8.02,15.207575
2020-04-24 18:30:00,7.949,15.138945
2020-04-24 18:45:00,8.09,15.104993
2020-04-24 19:00:00,7.949,15.17982
2020-04-24 19:15:00,7.738,15.195659
2020-04-24 19:30:00,7.879,14.995129
2020-04-24 19:45:00,7.949,14.989583
2020-04-24 20:00:00,7.809,14.973663
2020-04-24 20:15:00,7.809,15.177684
2020-04-24 20:30:00,7.668,15.184344
2020-04-24 20:45:00,7.668,15.155665
2020-04-24 21:00:00,7.738,15.171266
2020-04-24 21:15:00,7.738,15.314994
2020-04-24 21:30:00,7.527,15.341154
2020-04-24 21:45:00,7.457,15.224465
2020-04-24 22:00:00,7.386,15.22579
2020-04-24 22:15:00,7.527,15.446032
2020-04-24 22:30:00,7.527,15.406912
2020-04-24 22:45:00,7.527,15.68985
2020-04-24 23:00:00,7.668,15.862115
2020-04-24 23:15:00,7.316,15.754848
2020-04-24 23:30:00,7.316,15.914886
2020-04-24 23:45:00,7.386,15.745264
2020-04-25 00:00:00,7.457,15.741509
2020-04-25 00:15:00,7.597,15.750536
2020-04-25 00:30:00,7.738,15.466373
2020-04-25 00:45:00,7.246,15.838872
2020-04-25 01:00:00,7.316,15.981426
2020-04-25 01:15:00,7.386,15.125736
2020-04-25 01:30:00,7.668,15.456996
2020-04-25 01:45:00,7.246,15.944166
2020-04-25 02:00:00,7.809,15.880837
2020-04-25 02:15:00,8.16,15.665018
2020-04-25 02:30:00,8.231,15.363365
2020-04-25 02:45:00,7.879,14.939469
2020-04-25 03:00:00,7.527,16.3952
2020-04-25 03:15:00,7.105,15.921154
2020-04-25 03:30:00,6.894,15.47506
2020-04-25 03:45:00,6.542,15.151843
2020-04-25 04:00:00,6.542,15.569639
2020-04-25 04:15:00,6.472,15.651829
2020-04-25 04:30:00,7.035,14.7512245
2020-04-25 04:45:00,6.894,14.9725275
2020-04-25 05:00:00,7.035,14.7869425
2020-04-25 05:15:00,7.668,14.602248
2020-04-25 05:30:00,8.16,14.668492
2020-04-25 05:45:00,7.809,14.73456
2020-04-25 06:00:00,7.879,14.504897
2020-04-25 06:15:00,8.09,14.095767
2020-04-25 06:30:00,8.371,14.03435
2020-04-25 06:45:00,8.864,14.506336
2020-04-25 07:00:00,9.075,14.52247
2020-04-25 07:15:00,8.864,13.895179
2020-04-25 07:30:00,9.004,14.564085
2020-04-25 07:45:00,8.231,14.861913
2020-04-25 08:00:00,8.02,14.376354
2020-04-25 08:15:00,9.004,15.967559
2020-04-25 08:30:00,8.512,16.481892
2020-04-25 08:45:00,8.442,16.656818
2020-04-25 09:00:00,8.512,16.4835
2020-04-25 09:15:00,8.864,17.01862
2020-04-25 09:30:00,9.004,17.812122
2020-04-25 09:45:00,9.286,18.151958
2020-04-25 10:00:00,9.497,18.569859
2020-04-25 10:15:00,9.004,18.678501
2020-04-25 10:30:00,9.075,18.462622
2020-04-25 10:45:00,9.215,18.682602
2020-04-25 11:00:00,9.145,18.497042
2020-04-25 11:15:00,9.215,18.630077
2020-04-25 11:30:00,9.075,18.99345
2020-04-25 11:45:00,9.075,19.269123
2020-04-25 12:00:00,9.567,19.17028
2020-04-25 12:15:00,9.215,19.347149
2020-04-25 12:30:00,9.286,19.616165
2020-04-25 12:45:00,8.934,19.56916
2020-04-25 13:00:00,8.864,19.643898
2020-04-25 13:15:00,9.567,19.609165
2020-04-25 13:30:00,9.426,20.026688
2020-04-25 13:45:00,9.778,20.4911
2020-04-25 14:00:00,9.849,20.27602
2020-04-25 14:15:00,10.06,20.212595
2020-04-25 14:30:00,10.271,20.079115
2020-04-25 14:45:00,10.271,20.848015
2020-04-25 15:00:00,10.2,21.377373
2020-04-25 15:15:00,10.833,21.150993
2020-04-25 15:30:00,10.693,20.461496
2020-04-25 15:45:00,10.622,21.00792
2020-04-25 16:00:00,9.989,21.221523
2020-04-25 16:15:00,10.341,20.637234
2020-04-25 16:30:00,10.271,19.70918
2020-04-25 16:45:00,10.552,18.933525
2020-04-25 17:00:00,10.552,18.724434
2020-04-25 17:15:00,10.833,18.742205
2020-04-25 17:30:00,10.693,18.178062
2020-04-25 17:45:00,10.341,17.236034
2020-04-25 18:00:00,10.271,17.013615
2020-04-25 18:15:00,9.919,16.500673
2020-04-25 18:30:00,9.638,15.89854
2020-04-25 18:45:00,9.638,15.554404
2020-04-25 19:00:00,9.426,15.552205
2020-04-25 19:15:00,9.075,15.421736
2020-04-25 19:30:00,8.793,15.213389
2020-04-25 19:45:00,8.723,15.377058
2020-04-25 20:00:00,8.512,15.188104
2020-04-25 20:15:00,8.442,15.322932
2020-04-25 20:30:00,8.653,15.425432
2020-04-25 20:45:00,8.934,15.54836
2020-04-25 21:00:00,9.075,15.496093
2020-04-25 21:15:00,9.145,15.689645
2020-04-25 21:30:00,8.934,15.98736
2020-04-25 21:45:00,9.004,16.609318
2020-04-25 22:00:00,8.934,16.714846
2020-04-25 22:15:00,8.723,17.066902
2020-04-25 22:30:00,8.723,17.021585
2020-04-25 22:45:00,9.145,16.461552
2020-04-25 23:00:00,8.512,15.85167
2020-04-25 23:15:00,8.793,16.110405
2020-04-25 23:30:00,8.582,16.05968
2020-04-25 23:45:00,8.653,15.912879
2020-04-26 00:00:00,8.723,15.707295
2020-04-26 00:15:00,8.442,15.773839
2020-04-26 00:30:00,8.371,15.894298
2020-04-26 00:45:00,8.512,15.482517
2020-04-26 01:00:00,8.512,15.24535
2020-04-26 01:15:00,9.286,15.201724
2020-04-26 01:30:00,9.426,15.054872
2020-04-26 01:45:00,9.426,15.377173
2020-04-26 02:00:00,9.215,16.020557
2020-04-26 02:15:00,9.004,15.071711
2020-04-26 02:30:00,9.356,15.03743
2020-04-26 02:45:00,9.215,15.249443
2020-04-26 03:00:00,9.426,15.195735
2020-04-26 03:15:00,9.567,14.63961
2020-04-26 03:30:00,9.426,14.66826
2020-04-26 03:45:00,9.286,14.328749
2020-04-26 04:00:00,9.356,14.382262
2020-04-26 04:15:00,9.567,14.712056
2020-04-26 04:30:00,9.286,14.35245
2020-04-26 04:45:00,9.638,14.768109
2020-04-26 05:00:00,9.567,14.67676
2020-04-26 05:15:00,9.286,14.573121
2020-04-26 05:30:00,9.426,14.175525
2020-04-26 05:45:00,9.497,13.436384
2020-04-26 06:00:00,9.075,14.35654
2020-04-26 06:15:00,9.356,14.124238
2020-04-26 06:30:00,9.426,13.635338
2020-04-26 06:45:00,9.426,13.940264
2020-04-26 07:00:00,9.849,13.934506
2020-04-26 07:15:00,10.13,14.409966
2020-04-26 07:30:00,10.271,14.931395
2020-04-26 07:45:00,10.341,15.281356
2020-04-26 08:00:00,10.271,14.680569
2020-04-26 08:15:00,10.2,14.90533
2020-04-26 08:30:00,9.919,15.446043
2020-04-26 08:45:00,9.778,15.624871
2020-04-26 09:00:00,9.849,15.456685
2020-04-26 09:15:00,9.286,15.7583685
2020-04-26 09:30:00,9.286,15.542897
2020-04-26 09:45:00,9.849,16.136839
2020-04-26 10:00:00,9.989,16.973717
2020-04-26 10:15:00,10.06,17.110416
2020-04-26 10:30:00,10.482,17.636223
2020-04-26 10:45:00,10.552,17.958755
2020-04-26 11:00:00,10.693,17.358906
2020-04-26 11:15:00,10.482,18.284637
2020-04-26 11:30:00,10.06,18.516079
2020-04-26 11:45:00,10.2,18.776356
2020-04-26 12:00:00,10.833,19.295097
2020-04-26 12:15:00,10.833,19.179756
2020-04-26 12:30:00,10.833,18.737095
2020-04-26 12:45:00,11.044,18.34005
2020-04-26 13:00:00,10.622,18.893528
2020-04-26 13:15:00,10.974,19.105507
2020-04-26 13:30:00,10.411,19.465435
2020-04-26 13:45:00,11.185,19.615047
2020-04-26 14:00:00,11.115,19.222061
2020-04-26 14:15:00,11.185,19.014156
2020-04-26 14:30:00,10.271,19.544245
2020-04-26 14:45:00,10.763,20.54673
2020-04-26 15:00:00,10.482,20.76603
2020-04-26 15:15:00,11.256,20.677673
2020-04-26 15:30:00,11.678,20.872093
2020-04-26 15:45:00,11.256,21.338745
2020-04-26 16:00:00,11.607,21.405075
2020-04-26 16:15:00,11.678,21.352137
2020-04-26 16:30:00,11.044,21.170485
2020-04-26 16:45:00,11.467,20.917328
2020-04-26 17:00:00,11.326,20.135666
2020-04-26 17:15:00,10.763,19.874352
2020-04-26 17:30:00,10.2,19.462116
2020-04-26 17:45:00,9.989,19.312725
2020-04-26 18:00:00,10.06,18.565514
2020-04-26 18:15:00,9.849,18.13225
2020-04-26 18:30:00,10.13,17.9584
2020-04-26 18:45:00,9.989,17.605692
2020-04-26 19:00:00,10.341,17.596027
2020-04-26 19:15:00,10.2,17.334682
2020-04-26 19:30:00,10.13,16.512604
2020-04-26 19:45:00,10.06,15.724785
2020-04-26 20:00:00,9.778,15.217162
2020-04-26 20:15:00,9.426,14.988986
2020-04-26 20:30:00,9.286,14.772912
2020-04-26 20:45:00,9.849,14.68737
2020-04-26 21:00:00,10.13,14.663268
2020-04-26 21:15:00,10.13,14.834107
2020-04-26 21:30:00,9.989,14.790309
2020-04-26 21:45:00,9.989,14.820674
2020-04-26 22:00:00,10.482,15.044053
2020-04-26 22:15:00,10.2,15.181744
2020-04-26 22:30:00,9.919,15.368904
2020-04-26 22:45:00,9.849,15.740867
2020-04-26 23:00:00,9.849,16.63551
2020-04-26 23:15:00,10.13,17.160706
2020-04-26 23:30:00,10.13,16.010895
2020-04-26 23:45:00,10.271,15.338704
2020-04-27 00:00:00,9.778,15.176518
2020-04-27 00:15:00,9.708,15.382846
2020-04-27 00:30:00,9.638,15.657031
2020-04-27 00:45:00,9.567,14.94793
2020-04-27 01:00:00,9.919,15.86522
2020-04-27 01:15:00,10.06,15.112323
2020-04-27 01:30:00,9.989,15.931634
2020-04-27 01:45:00,9.849,16.161245
2020-04-27 02:00:00,9.919,15.913744
2020-04-27 02:15:00,9.849,15.780793
2020-04-27 02:30:00,9.567,15.540973
2020-04-27 02:45:00,9.778,16.32948
2020-04-27 03:00:00,9.426,16.254814
2020-04-27 03:15:00,9.567,16.1447
2020-04-27 03:30:00,9.708,15.605666
2020-04-27 03:45:00,9.075,16.20089
2020-04-27 04:00:00,9.497,16.01288
2020-04-27 04:15:00,9.708,15.958947
2020-04-27 04:30:00,9.919,16.11258
2020-04-27 04:45:00,9.638,15.85242
2020-04-27 05:00:00,9.638,15.809523
2020-04-27 05:15:00,9.426,15.736676
2020-04-27 05:30:00,9.426,15.678275
2020-04-27 05:45:00,9.567,15.757773
2020-04-27 06:00:00,9.778,15.177667
2020-04-27 06:15:00,9.708,14.828281
2020-04-27 06:30:00,9.708,13.99194
2020-04-27 06:45:00,10.06,13.868005
2020-04-27 07:00:00,10.341,14.758485
2020-04-27 07:15:00,10.482,15.248182
2020-04-27 07:30:00,10.904,15.141303
2020-04-27 07:45:00,10.833,15.781102
2020-04-27 08:00:00,11.185,16.179235
2020-04-27 08:15:00,10.974,16.77449
2020-04-27 08:30:00,10.974,17.68684
2020-04-27 08:45:00,11.115,19.080322
2020-04-27 09:00:00,11.256,19.23476
2020-04-27 09:15:00,11.396,19.220879
2020-04-27 09:30:00,11.326,19.258162
2020-04-27 09:45:00,11.326,19.470654
2020-04-27 10:00:00,11.678,19.785204
2020-04-27 10:15:00,11.607,19.770985
2020-04-27 10:30:00,11.537,19.767187
2020-04-27 10:45:00,11.115,19.673183
2020-04-27 11:00:00,11.326,19.718426
2020-04-27 11:15:00,11.326,19.6553
2020-04-27 11:30:00,11.607,19.779982
2020-04-27 11:45:00,11.889,19.980438
2020-04-27 12:00:00,11.607,20.458881
2020-04-27 12:15:00,12.1,20.948498
2020-04-27 12:30:00,12.17,21.203007
2020-04-27 12:45:00,12.451,21.285128
2020-04-27 13:00:00,12.733,21.25555
2020-04-27 13:15:00,12.803,21.262463
2020-04-27 13:30:00,12.944,21.329023
2020-04-27 13:45:00,13.085,21.326635
2020-04-27 14:00:00,13.085,21.294426
2020-04-27 14:15:00,13.647,21.361538
2020-04-27 14:30:00,13.788,21.3889
2020-04-27 14:45:00,13.858,21.360756
2020-04-27 15:00:00,13.999,21.430511
2020-04-27 15:15:00,13.999,21.609924
2020-04-27 15:30:00,13.647,21.655334
2020-04-27 15:45:00,14.069,21.621704
2020-04-27 16:00:00,14.21,21.561321
2020-04-27 16:15:00,14.069,21.536655
2020-04-27 16:30:00,14.069,21.53423
2020-04-27 16:45:00,14.21,21.496096
2020-04-27 17:00:00,13.999,20.86804
2020-04-27 17:15:00,13.788,20.488594
2020-04-27 17:30:00,13.929,19.525402
2020-04-27 17:45:00,14.14,18.649176
2020-04-27 18:00:00,13.718,18.284533
2020-04-27 18:15:00,13.225,18.319746
2020-04-27 18:30:00,12.874,18.201385
2020-04-27 18:45:00,12.592,17.91748
2020-04-27 19:00:00,12.451,17.513157
2020-04-27 19:15:00,11.889,17.305729
2020-04-27 19:30:00,11.678,17.225338
2020-04-27 19:45:00,11.678,17.044931
2020-04-27 20:00:00,11.678,16.353565
2020-04-27 20:15:00,11.467,16.377651
2020-04-27 20:30:00,11.256,16.518955
2020-04-27 20:45:00,11.185,16.670706
2020-04-27 21:00:00,11.326,16.680685
2020-04-27 21:15:00,11.396,16.626255
2020-04-27 21:30:00,11.326,16.749035
2020-04-27 21:45:00,11.185,17.11131
2020-04-27 22:00:00,11.044,17.291729
2020-04-27 22:15:00,11.256,17.442387
2020-04-27 22:30:00,11.185,17.61872
2020-04-27 22:45:00,11.185,17.527742
2020-04-27 23:00:00,10.974,17.336403
2020-04-27 23:15:00,11.185,17.59209
2020-04-27 23:30:00,11.185,17.560791
2020-04-27 23:45:00,11.185,17.022877
2020-04-28 00:00:00,10.833,16.313662
2020-04-28 00:15:00,10.833,16.478241
2020-04-28 00:30:00,10.833,15.966921
2020-04-28 00:45:00,10.693,15.5949
2020-04-28 01:00:00,10.693,15.73865
2020-04-28 01:15:00,10.763,15.587728
2020-04-28 01:30:00,10.833,15.8816805
2020-04-28 01:45:00,10.833,16.171734
2020-04-28 02:00:00,10.974,15.484622
2020-04-28 02:15:00,10.552,15.675177
2020-04-28 02:30:00,9.778,15.636701
2020-04-28 02:45:00,9.567,15.4925585
2020-04-28 03:00:00,9.567,15.660279
2020-04-28 03:15:00,9.567,14.991597
2020-04-28 03:30:00,9.708,15.323169
2020-04-28 03:45:00,9.567,15.295404
2020-04-28 04:00:00,9.567,15.499464
2020-04-28 04:15:00,9.638,14.973696
2020-04-28 04:30:00,9.426,15.15526
2020-04-28 04:45:00,9.567,15.7062025
2020-04-28 05:00:00,9.497,15.292829
2020-04-28 05:15:00,9.356,15.419089
2020-04-28 05:30:00,9.356,15.531267
2020-04-28 05:45:00,9.426,15.230693
2020-04-28 06:00:00,9.497,14.951029
2020-04-28 06:15:00,9.497,13.544717
2020-04-28 06:30:00,9.286,13.165883
2020-04-28 06:45:00,9.497,13.811925
2020-04-28 07:00:00,9.638,15.318329
2020-04-28 07:15:00,9.497,15.2113905
2020-04-28 07:30:00,9.778,15.00822
2020-04-28 07:45:00,9.919,15.030687
2020-04-28 08:00:00,10.2,15.186318
2020-04-28 08:15:00,10.13,15.55508
2020-04-28 08:30:00,10.13,16.03542
2020-04-28 08:45:00,9.919,16.871323
2020-04-28 09:00:00,10.06,18.4001
2020-04-28 09:15:00,10.411,18.617676
2020-04-28 09:30:00,10.482,18.747696
2020-04-28 09:45:00,10.833,18.975834
2020-04-28 10:00:00,10.833,18.81591
2020-04-28 10:15:00,11.044,18.761562
2020-04-28 10:30:00,10.974,19.404797
2020-04-28 10:45:00,10.833,19.66106
2020-04-28 11:00:00,10.833,19.94223
2020-04-28 11:15:00,10.904,20.041756
2020-04-28 11:30:00,10.974,20.330868
2020-04-28 11:45:00,11.326,20.707668
2020-04-28 12:00:00,11.326,20.794186
2020-04-28 12:15:00,11.537,20.969997
2020-04-28 12:30:00,11.467,20.775654
2020-04-28 12:45:00,11.748,20.641426
2020-04-28 13:00:00,11.818,20.479788
2020-04-28 13:15:00,12.311,20.358107
2020-04-28 13:30:00,12.381,20.296898
2020-04-28 13:45:00,12.522,20.34031
2020-04-28 14:00:00,12.803,20.326553
2020-04-28 14:15:00,12.874,20.47004
2020-04-28 14:30:00,13.155,20.500122
2020-04-28 14:45:00,13.225,20.790514
2020-04-28 15:00:00,13.225,20.6804
2020-04-28 15:15:00,13.366,20.803268
2020-04-28 15:30:00,13.999,20.90419
2020-04-28 15:45:00,13.788,21.21487
2020-04-28 16:00:00,13.929,21.210638
2020-04-28 16:15:00,13.577,21.193672
2020-04-28 16:30:00,14.069,21.125034
2020-04-28 16:45:00,13.788,21.154356
2020-04-28 17:00:00,13.085,20.492214
2020-04-28 17:15:00,13.014,19.44078
2020-04-28 17:30:00,12.944,18.762531
2020-04-28 17:45:00,12.733,18.411495
2020-04-28 18:00:00,12.592,18.381237
2020-04-28 18:15:00,12.311,18.54603
2020-04-28 18:30:00,12.381,18.300278
2020-04-28 18:45:00,11.959,18.19762
2020-04-28 19:00:00,11.818,18.088596
2020-04-28 19:15:00,11.748,17.96674
2020-04-28 19:30:00,11.537,17.55388
2020-04-28 19:45:00,11.326,16.867176
2020-04-28 20:00:00,11.537,16.226591
2020-04-28 20:15:00,11.396,16.073051
2020-04-28 20:30:00,11.326,16.149261
2020-04-28 20:45:00,11.185,16.257538
2020-04-28 21:00:00,11.115,16.222656
2020-04-28 21:15:00,10.904,15.822673
2020-04-28 21:30:00,10.833,15.579038
2020-04-28 21:45:00,10.833,15.585452
2020-04-28 22:00:00,10.833,15.37131
2020-04-28 22:15:00,10.763,15.40486
2020-04-28 22:30:00,10.833,15.33199
2020-04-28 22:45:00,10.833,15.08941
2020-04-28 23:00:00,10.693,15.365092
2020-04-28 23:15:00,10.833,14.658587
2020-04-28 23:30:00,10.974,14.99425
2020-04-28 23:45:00,10.904,15.413537
2020-04-29 00:00:00,10.904,15.592292
2020-04-29 00:15:00,11.185,16.22101
2020-04-29 00:30:00,11.326,15.807142
2020-04-29 00:45:00,11.326,15.347523
2020-04-29 01:00:00,11.607,15.575723
2020-04-29 01:15:00,11.396,15.322633
2020-04-29 01:30:00,11.537,15.906003
2020-04-29 01:45:00,11.678,15.402296
2020-04-29 02:00:00,11.607,15.04997
2020-04-29 02:15:00,11.467,14.828584
2020-04-29 02:30:00,11.467,14.078866
2020-04-29 02:45:00,11.326,14.670911
2020-04-29 03:00:00,11.185,15.23993
2020-04-29 03:15:00,11.326,15.156135
2020-04-29 03:30:00,11.537,15.358244
2020-04-29 03:45:00,11.326,15.775891
2020-04-29 04:00:00,11.748,15.71108
2020-04-29 04:15:00,11.467,15.907144
2020-04-29 04:30:00,11.678,15.659362
2020-04-29 04:45:00,11.537,15.465749
2020-04-29 05:00:00,11.607,15.422366
2020-04-29 05:15:00,11.537,14.716929
2020-04-29 05:30:00,11.607,14.848186
2020-04-29 05:45:00,11.607,14.658076
2020-04-29 06:00:00,11.326,14.388969
2020-04-29 06:15:00,11.467,13.291525
2020-04-29 06:30:00,11.537,12.987049
2020-04-29 06:45:00,11.818,13.0737705
2020-04-29 07:00:00,11.959,13.889232
2020-04-29 07:15:00,11.818,14.990238
2020-04-29 07:30:00,11.748,14.779578
2020-04-29 07:45:00,12.311,14.952469
2020-04-29 08:00:00,12.592,14.933791
2020-04-29 08:15:00,12.592,15.271182
2020-04-29 08:30:00,12.381,16.062416
2020-04-29 08:45:00,12.381,16.328812
2020-04-29 09:00:00,12.662,17.680952
2020-04-29 09:15:00,12.874,17.09298
2020-04-29 09:30:00,12.803,16.708828
2020-04-29 09:45:00,12.592,16.053745
2020-04-29 10:00:00,12.592,15.995618
2020-04-29 10:15:00,12.029,16.207748
2020-04-29 10:30:00,11.889,17.278362
2020-04-29 10:45:00,11.467,17.799633
2020-04-29 11:00:00,12.029,18.054138
2020-04-29 11:15:00,11.959,17.686478
2020-04-29 11:30:00,12.311,17.835323
2020-04-29 11:45:00,12.592,17.818008
2020-04-29 12:00:00,12.522,17.89938
2020-04-29 12:15:00,12.522,17.724812
2020-04-29 12:30:00,12.17,18.060501
2020-04-29 12:45:00,12.522,18.161648
2020-04-29 13:00:00,11.959,17.59768
2020-04-29 13:15:00,12.381,16.62981
2020-04-29 13:30:00,12.17,18.432674
2020-04-29 13:45:00,12.662,16.493298
2020-04-29 14:00:00,12.803,17.418827
2020-04-29 14:15:00,12.592,16.266228
2020-04-29 14:30:00,12.874,17.782799
2020-04-29 14:45:00,12.803,17.113846
2020-04-29 15:00:00,12.662,18.603527
2020-04-29 15:15:00,12.522,18.446032
2020-04-29 15:30:00,12.522,18.049217
2020-04-29 15:45:00,12.803,18.200218
2020-04-29 16:00:00,12.451,17.858414
2020-04-29 16:15:00,12.662,16.75621
2020-04-29 16:30:00,13.225,16.68037
2020-04-29 16:45:00,13.366,17.44419
2020-04-29 17:00:00,13.296,17.459728
2020-04-29 17:15:00,13.014,17.318344
2020-04-29 17:30:00,13.296,16.76252
2020-04-29 17:45:00,13.296,16.293873
2020-04-29 18:00:00,12.944,16.151657
2020-04-29 18:15:00,13.014,16.018738
2020-04-29 18:30:00,13.225,15.937038
2020-04-29 18:45:00,12.944,16.069328
2020-04-29 19:00:00,12.733,16.023891
2020-04-29 19:15:00,12.733,16.06707
2020-04-29 19:30:00,12.662,15.718293
2020-04-29 19:45:00,12.733,15.571766
2020-04-29 20:00:00,12.662,15.305764
2020-04-29 20:15:00,12.381,15.560494
2020-04-29 20:30:00,12.311,15.55834
2020-04-29 20:45:00,12.24,15.573799
2020-04-29 21:00:00,12.451,15.588849
2020-04-29 21:15:00,12.662,15.542636
2020-04-29 21:30:00,12.733,15.592599
2020-04-29 21:45:00,12.803,15.940478
2020-04-29 22:00:00,12.522,15.943509
2020-04-29 22:15:00,12.592,15.503765
2020-04-29 22:30:00,12.592,15.369155
2020-04-29 22:45:00,12.522,15.658928
2020-04-29 23:00:00,12.381,16.315102
2020-04-29 23:15:00,12.381,16.462666
2020-04-29 23:30:00,12.592,16.302773
2020-04-29 23:45:00,12.522,16.448318
2020-04-30 00:00:00,12.733,16.35973
2020-04-30 00:15:00,12.592,16.40561
2020-04-30 00:30:00,12.451,15.846596
2020-04-30 00:45:00,12.522,15.800938
2020-04-30 01:00:00,12.522,15.710196
2020-04-30 01:15:00,12.24,16.21267
2020-04-30 01:30:00,12.311,15.993817
2020-04-30 01:45:00,12.311,16.249275
2020-04-30 02:00:00,12.1,16.526073
2020-04-30 02:15:00,11.678,16.743557
2020-04-30 02:30:00,12.17,16.907284
2020-04-30 02:45:00,12.24,16.413662
2020-04-30 03:00:00,11.678,16.169827
2020-04-30 03:15:00,12.029,15.276771
2020-04-30 03:30:00,12.029,16.157372
2020-04-30 03:45:00,11.889,16.419231
2020-04-30 04:00:00,11.889,16.165913
2020-04-30 04:15:00,12.1,15.942835
2020-04-30 04:30:00,12.24,16.244244
2020-04-30 04:45:00,12.451,16.041504
2020-04-30 05:00:00,12.592,15.251111
2020-04-30 05:15:00,12.662,15.142141
2020-04-30 05:30:00,12.522,16.197464
2020-04-30 05:45:00,12.662,16.198727
2020-04-30 06:00:00,12.733,15.74778
2020-04-30 06:15:00,12.733,13.876885
2020-04-30 06:30:00,12.874,13.6314945
2020-04-30 06:45:00,12.874,14.671642
2020-04-30 07:00:00,12.944,14.768556
2020-04-30 07:15:00,13.014,14.526301
2020-04-30 07:30:00,12.874,15.06425
2020-04-30 07:45:00,12.592,15.134911
2020-04-30 08:00:00,12.874,15.180715
2020-04-30 08:15:00,12.733,15.601506
2020-04-30 08:30:00,12.944,16.128382
2020-04-30 08:45:00,12.874,17.2164
2020-04-30 09:00:00,12.522,17.507816
2020-04-30 09:15:00,12.451,18.332973
2020-04-30 09:30:00,12.874,18.79106
2020-04-30 09:45:00,13.436,17.980883
2020-04-30 10:00:00,13.718,17.576523
2020-04-30 10:15:00,13.788,17.641586
2020-04-30 10:30:00,13.436,18.57956
2020-04-30 10:45:00,13.718,18.425488
2020-04-30 11:00:00,13.647,18.833778
2020-04-30 11:15:00,14.069,18.66663
2020-04-30 11:30:00,14.069,17.755013
2020-04-30 11:45:00,14.421,18.002003
2020-04-30 12:00:00,14.562,18.25716
2020-04-30 12:15:00,14.14,18.066418
2020-04-30 12:30:00,14.984,18.374178
2020-04-30 12:45:00,15.054,18.670706
2020-04-30 13:00:00,14.843,18.741238
2020-04-30 13:15:00,15.195,18.572668
2020-04-30 13:30:00,14.773,18.646753
2020-04-30 13:45:00,14.914,18.56173
2020-04-30 14:00:00,15.054,18.557156
2020-04-30 14:15:00,14.984,17.732948
2020-04-30 14:30:00,15.195,18.61531
2020-04-30 14:45:00,15.476,18.114487
2020-04-30 15:00:00,15.898,18.312752
2020-04-30 15:15:00,16.321,17.5897
2020-04-30 15:30:00,16.461,17.934061
2020-04-30 15:45:00,16.321,18.385395
2020-04-30 16:00:00,16.813,19.127518
2020-04-30 16:15:00,16.461,18.177303
2020-04-30 16:30:00,16.109,19.586254
2020-04-30 16:45:00,16.25,19.68468
2020-04-30 17:00:00,15.828,18.804325
2020-04-30 17:15:00,15.758,18.578354
2020-04-30 17:30:00,15.336,17.47232
2020-04-30 17:45:00,14.984,17.384087
2020-04-30 18:00:00,14.773,16.542559
2020-04-30 18:15:00,14.562,15.719356
2020-04-30 18:30:00,14.351,15.082759
2020-04-30 18:45:00,14.421,14.643365
2020-04-30 19:00:00,14.491,13.995664
2020-04-30 19:15:00,14.351,13.766311
2020-04-30 19:30:00,14.351,13.4309635
2020-04-30 19:45:00,14.14,14.250554
2020-04-30 20:00:00,13.577,14.607586
2020-04-30 20:15:00,13.436,14.859576
2020-04-30 20:30:00,13.225,14.866338
2020-04-30 20:45:00,13.296,14.799277
2020-04-30 21:00:00,13.225,14.876132
2020-04-30 21:15:00,13.225,14.844289
2020-04-30 21:30:00,13.366,14.772353
2020-04-30 21:45:00,13.366,15.0858755
2020-04-30 22:00:00,13.507,15.448616
2020-04-30 22:15:00,13.436,16.035778
2020-04-30 22:30:00,13.225,16.347767
2020-04-30 22:45:00,13.366,16.477509
2020-04-30 23:00:00,13.366,16.118137
2020-04-30 23:15:00,13.225,15.815981
2020-04-30 23:30:00,13.296,16.005665
2020-04-30 23:45:00,13.296,15.718855
2020-05-01 00:00:00,13.436,15.992912
2020-05-01 00:15:00,13.507,15.834739
2020-05-01 00:30:00,13.507,15.300924
2020-05-01 00:45:00,13.436,15.570352
2020-05-01 01:00:00,13.436,15.564845
2020-05-01 01:15:00,13.507,15.895658
2020-05-01 01:30:00,13.366,16.118279
2020-05-01 01:45:00,13.366,16.057587
2020-05-01 02:00:00,13.577,15.7814245
2020-05-01 02:15:00,13.296,16.157318
2020-05-01 02:30:00,13.366,16.470541
2020-05-01 02:45:00,13.577,16.241302
2020-05-01 03:00:00,13.436,15.6279955
2020-05-01 03:15:00,13.155,15.816226
2020-05-01 03:30:00,12.944,15.277996
2020-05-01 03:45:00,13.014,15.299202
2020-05-01 04:00:00,13.085,15.795196
2020-05-01 04:15:00,13.507,16.279308
2020-05-01 04:30:00,13.225,15.797935
2020-05-01 04:45:00,13.296,15.263696
2020-05-01 05:00:00,13.647,14.890234
2020-05-01 05:15:00,13.788,15.018916
2020-05-01 05:30:00,13.647,14.698638
2020-05-01 05:45:00,13.647,14.97611
2020-05-01 06:00:00,13.788,15.206972
2020-05-01 06:15:00,13.507,15.284503
2020-05-01 06:30:00,13.999,14.56997
2020-05-01 06:45:00,13.999,13.705138
2020-05-01 07:00:00,13.999,14.264146
2020-05-01 07:15:00,13.999,14.489991
2020-05-01 07:30:00,14.14,14.638028
2020-05-01 07:45:00,14.28,14.787557
2020-05-01 08:00:00,14.069,14.839472
2020-05-01 08:15:00,13.718,14.2676325
2020-05-01 08:30:00,13.507,14.717111
2020-05-01 08:45:00,13.577,15.431872
2020-05-01 09:00:00,13.436,15.366689
2020-05-01 09:15:00,13.788,16.260784
2020-05-01 09:30:00,13.647,15.21518
2020-05-01 09:45:00,13.366,14.203036
2020-05-01 10:00:00,13.577,15.096692
2020-05-01 10:15:00,13.507,15.561823
2020-05-01 10:30:00,13.085,15.435851
2020-05-01 10:45:00,12.451,15.613516
2020-05-01 11:00:00,12.874,15.507563
2020-05-01 11:15:00,12.662,15.474309
2020-05-01 11:30:00,12.944,16.127632
2020-05-01 11:45:00,12.662,16.032879
2020-05-01 12:00:00,12.874,16.102592
2020-05-01 12:15:00,12.592,17.715729
2020-05-01 12:30:00,12.522,18.34473
2020-05-01 12:45:00,12.17,16.704662
2020-05-01 13:00:00,12.381,16.007988
2020-05-01 13:15:00,12.24,16.05083
2020-05-01 13:30:00,12.24,15.926334
2020-05-01 13:45:00,12.029,16.66566
2020-05-01 14:00:00,12.733,16.780598
2020-05-01 14:15:00,13.014,17.344852
2020-05-01 14:30:00,13.225,17.675934
2020-05-01 14:45:00,13.296,17.374165
2020-05-01 15:00:00,13.507,17.582537
2020-05-01 15:15:00,13.858,16.753149
2020-05-01 15:30:00,13.999,18.062256
2020-05-01 15:45:00,13.647,19.212658
2020-05-01 16:00:00,13.436,18.80753
2020-05-01 16:15:00,13.718,18.347355
2020-05-01 16:30:00,13.647,18.313087
2020-05-01 16:45:00,13.647,17.574402
2020-05-01 17:00:00,13.647,16.621498
2020-05-01 17:15:00,13.507,15.914915
2020-05-01 17:30:00,13.225,14.8818445
2020-05-01 17:45:00,7.668,14.493076
2020-05-01 18:00:00,7.527,14.080161
2020-05-01 18:15:00,7.809,13.83173
2020-05-01 18:30:00,6.402,13.565997
2020-05-01 18:45:00,5.698,13.3675
2020-05-01 19:00:00,5.768,13.129923
2020-05-01 19:15:00,5.979,13.024908
2020-05-01 19:30:00,6.824,13.027756
2020-05-01 19:45:00,6.824,13.73104
2020-05-01 20:00:00,8.02,13.952314
2020-05-01 20:15:00,9.426,14.178751
2020-05-01 20:30:00,9.919,14.016923
2020-05-01 20:45:00,9.849,13.976624
2020-05-01 21:00:00,9.778,13.987081
2020-05-01 21:15:00,10.271,13.889113
2020-05-01 21:30:00,10.552,13.295991
2020-05-01 21:45:00,10.763,13.700166
2020-05-01 22:00:00,10.833,14.104628
2020-05-01 22:15:00,10.693,14.138455
2020-05-01 22:30:00,10.482,14.273958
2020-05-01 22:45:00,10.622,14.82537
2020-05-01 23:00:00,10.482,15.570931
2020-05-01 23:15:00,10.271,15.258029
2020-05-01 23:30:00,10.341,15.81284
2020-05-01 23:45:00,10.833,15.926993
2020-05-02 00:00:00,10.482,15.78964
2020-05-02 00:15:00,10.341,15.328588
2020-05-02 00:30:00,10.411,14.906526
2020-05-02 00:45:00,10.622,14.575068
2020-05-02 01:00:00,10.341,14.553193
2020-05-02 01:15:00,10.271,14.155271
2020-05-02 01:30:00,10.622,14.309354
2020-05-02 01:45:00,10.482,14.155093
2020-05-02 02:00:00,10.2,14.746137
2020-05-02 02:15:00,9.778,14.584189
2020-05-02 02:30:00,9.497,14.327012
2020-05-02 02:45:00,9.356,14.459959
2020-05-02 03:00:00,10.06,14.195693
2020-05-02 03:15:00,10.13,14.541341
2020-05-02 03:30:00,9.497,14.1706705
2020-05-02 03:45:00,9.567,14.246649
2020-05-02 04:00:00,9.567,14.384019
2020-05-02 04:15:00,9.778,14.197291
2020-05-02 04:30:00,9.778,14.208942
2020-05-02 04:45:00,9.919,14.078757
2020-05-02 05:00:00,9.638,13.929282
2020-05-02 05:15:00,9.919,13.853607
2020-05-02 05:30:00,10.2,14.121492
2020-05-02 05:45:00,10.06,13.859098
2020-05-02 06:00:00,10.13,14.020213
2020-05-02 06:15:00,9.849,13.818843
2020-05-02 06:30:00,9.426,13.979484
2020-05-02 06:45:00,8.934,14.151322
2020-05-02 07:00:00,9.215,14.163434
2020-05-02 07:15:00,9.286,14.152743
2020-05-02 07:30:00,9.215,14.281604
2020-05-02 07:45:00,9.075,14.362352
2020-05-02 08:00:00,9.215,14.042647
2020-05-02 08:15:00,9.919,14.279283
2020-05-02 08:30:00,9.849,14.670646
2020-05-02 08:45:00,9.567,15.208037
2020-05-02 09:00:00,9.708,15.473374
2020-05-02 09:15:00,9.778,15.419899
2020-05-02 09:30:00,9.497,14.378171
2020-05-02 09:45:00,9.356,14.859876
2020-05-02 10:00:00,9.286,15.237794
2020-05-02 10:15:00,9.356,16.433437
2020-05-02 10:30:00,9.145,17.117844
2020-05-02 10:45:00,9.215,16.799107
2020-05-02 11:00:00,9.426,16.559818
2020-05-02 11:15:00,9.919,17.739918
2020-05-02 11:30:00,9.989,18.692066
2020-05-02 11:45:00,9.567,17.564758
2020-05-02 12:00:00,9.919,16.761395
2020-05-02 12:15:00,10.693,17.740692
2020-05-02 12:30:00,10.341,18.720478
2020-05-02 12:45:00,10.13,18.86451
2020-05-02 13:00:00,9.919,18.012695
2020-05-02 13:15:00,10.06,17.713118
2020-05-02 13:30:00,9.989,17.671036
2020-05-02 13:45:00,10.271,17.766823
2020-05-02 14:00:00,9.919,17.5443
2020-05-02 14:15:00,10.13,18.100292
2020-05-02 14:30:00,10.2,18.915966
2020-05-02 14:45:00,10.271,19.137508
2020-05-02 15:00:00,10.271,18.091368
2020-05-02 15:15:00,10.271,19.108315
2020-05-02 15:30:00,10.341,19.448044
2020-05-02 15:45:00,10.693,19.579414
2020-05-02 16:00:00,10.482,19.40696
2020-05-02 16:15:00,10.693,19.460999
2020-05-02 16:30:00,10.341,19.652134
2020-05-02 16:45:00,10.693,19.727661
2020-05-02 17:00:00,10.622,19.496899
2020-05-02 17:15:00,10.411,19.44997
2020-05-02 17:30:00,10.833,18.890007
2020-05-02 17:45:00,10.763,17.982508
2020-05-02 18:00:00,10.833,18.048138
2020-05-02 18:15:00,10.341,17.383
2020-05-02 18:30:00,10.271,16.305038
2020-05-02 18:45:00,10.271,15.167079
2020-05-02 19:00:00,10.06,14.854955
2020-05-02 19:15:00,10.271,14.809453
2020-05-02 19:30:00,10.13,14.65024
2020-05-02 19:45:00,9.919,14.552205
2020-05-02 20:00:00,10.13,14.42269
2020-05-02 20:15:00,9.778,14.410665
2020-05-02 20:30:00,9.638,14.343926
2020-05-02 20:45:00,9.638,14.357434
2020-05-02 21:00:00,9.075,14.317483
2020-05-02 21:15:00,8.653,14.526636
2020-05-02 21:30:00,8.16,14.568486
2020-05-02 21:45:00,8.371,14.463378
2020-05-02 22:00:00,8.02,14.497427
2020-05-02 22:15:00,7.879,14.582855
2020-05-02 22:30:00,7.809,14.474572
2020-05-02 22:45:00,7.738,14.429803
2020-05-02 23:00:00,7.738,14.577629
2020-05-02 23:15:00,8.02,14.961663
2020-05-02 23:30:00,8.301,15.09648
2020-05-02 23:45:00,8.442,15.183652
2020-05-03 00:00:00,8.231,15.484715
2020-05-03 00:15:00,8.371,15.863507
2020-05-03 00:30:00,8.02,15.729887
2020-05-03 00:45:00,7.949,14.900793
2020-05-03 01:00:00,7.809,14.847627
2020-05-03 01:15:00,8.16,14.82142
2020-05-03 01:30:00,8.02,15.266631
2020-05-03 01:45:00,8.301,15.440946
2020-05-03 02:00:00,8.231,15.360337
2020-05-03 02:15:00,8.16,15.289116
2020-05-03 02:30:00,8.371,15.250388
2020-05-03 02:45:00,8.442,15.910988
2020-05-03 03:00:00,8.723,15.677352
2020-05-03 03:15:00,8.723,15.641149
2020-05-03 03:30:00,8.371,15.323653
2020-05-03 03:45:00,8.582,15.100236
2020-05-03 04:00:00,8.582,15.03649
2020-05-03 04:15:00,8.442,15.43666
2020-05-03 04:30:00,8.371,14.849608
2020-05-03 04:45:00,8.442,15.120627
2020-05-03 05:00:00,8.371,14.647695
2020-05-03 05:15:00,8.231,15.1442375
2020-05-03 05:30:00,8.512,15.119393
2020-05-03 05:45:00,8.512,14.856566
2020-05-03 06:00:00,8.653,15.326768
2020-05-03 06:15:00,8.864,15.263378
2020-05-03 06:30:00,9.286,15.251793
2020-05-03 06:45:00,9.145,14.926654
2020-05-03 07:00:00,9.638,14.750003
2020-05-03 07:15:00,10.13,14.324383
2020-05-03 07:30:00,10.622,14.517133
2020-05-03 07:45:00,10.271,15.089227
2020-05-03 08:00:00,9.919,16.202412
2020-05-03 08:15:00,10.13,16.740505
2020-05-03 08:30:00,9.919,18.05968
2020-05-03 08:45:00,9.215,18.711643
2020-05-03 09:00:00,9.708,18.959564
2020-05-03 09:15:00,9.426,18.92535
2020-05-03 09:30:00,9.075,19.169277
2020-05-03 09:45:00,9.286,19.18219
2020-05-03 10:00:00,9.497,19.176971
2020-05-03 10:15:00,9.356,19.020767
2020-05-03 10:30:00,9.356,18.597366
2020-05-03 10:45:00,9.497,18.11729
2020-05-03 11:00:00,9.215,17.585815
2020-05-03 11:15:00,9.567,17.407635
2020-05-03 11:30:00,9.919,17.557142
2020-05-03 11:45:00,9.567,16.922556
2020-05-03 12:00:00,9.778,16.905998
2020-05-03 12:15:00,10.13,17.033577
2020-05-03 12:30:00,10.2,17.67057
2020-05-03 12:45:00,10.482,18.072746
2020-05-03 13:00:00,10.622,18.187325
2020-05-03 13:15:00,10.411,18.138065
2020-05-03 13:30:00,10.833,18.416836
2020-05-03 13:45:00,11.678,18.473537
2020-05-03 14:00:00,12.029,18.360283
2020-05-03 14:15:00,11.748,18.2822
2020-05-03 14:30:00,12.17,18.7048
2020-05-03 14:45:00,12.311,18.975298
2020-05-03 15:00:00,12.944,19.139305
2020-05-03 15:15:00,12.944,19.171177
2020-05-03 15:30:00,13.436,19.384933
2020-05-03 15:45:00,13.436,19.433876
2020-05-03 16:00:00,13.858,19.581694
2020-05-03 16:15:00,13.718,19.926136
2020-05-03 16:30:00,13.296,20.092598
2020-05-03 16:45:00,13.296,20.298935
2020-05-03 17:00:00,12.944,20.368338
2020-05-03 17:15:00,13.014,20.512356
2020-05-03 17:30:00,13.225,20.060274
2020-05-03 17:45:00,13.014,19.77925
2020-05-03 18:00:00,13.296,17.542576
2020-05-03 18:15:00,12.662,16.764263
2020-05-03 18:30:00,12.029,16.49477
2020-05-03 18:45:00,12.029,15.364216
2020-05-03 19:00:00,11.537,14.922239
2020-05-03 19:15:00,11.326,15.004833
2020-05-03 19:30:00,11.607,14.709044
2020-05-03 19:45:00,11.467,14.415217
2020-05-03 20:00:00,11.396,14.382432
2020-05-03 20:15:00,10.974,14.32922
2020-05-03 20:30:00,11.044,14.294656
2020-05-03 20:45:00,11.326,14.408492
2020-05-03 21:00:00,11.326,14.407214
2020-05-03 21:15:00,11.185,14.709823
2020-05-03 21:30:00,11.044,14.715642
2020-05-03 21:45:00,11.256,14.627033
2020-05-03 22:00:00,10.974,14.599797
2020-05-03 22:15:00,10.904,14.58329
2020-05-03 22:30:00,10.974,14.634513
2020-05-03 22:45:00,10.904,15.414508
2020-05-03 23:00:00,10.904,15.901816
2020-05-03 23:15:00,10.622,16.601734
2020-05-03 23:30:00,10.622,16.10732
2020-05-03 23:45:00,10.411,16.265007
2020-05-04 00:00:00,10.411,15.7232895
2020-05-04 00:15:00,10.271,16.035667
2020-05-04 00:30:00,10.482,16.12894
2020-05-04 00:45:00,10.271,16.195381
2020-05-04 01:00:00,10.341,15.952101
2020-05-04 01:15:00,10.13,15.998029
2020-05-04 01:30:00,10.06,16.770632
2020-05-04 01:45:00,10.13,16.538422
2020-05-04 02:00:00,10.13,16.36895
2020-05-04 02:15:00,10.271,16.509235
2020-05-04 02:30:00,10.06,16.967422
2020-05-04 02:45:00,10.13,16.822884
2020-05-04 03:00:00,10.06,16.961357
2020-05-04 03:15:00,10.06,16.541847
2020-05-04 03:30:00,10.271,16.380512
2020-05-04 03:45:00,10.2,16.394905
2020-05-04 04:00:00,10.2,15.987303
2020-05-04 04:15:00,10.341,15.828097
2020-05-04 04:30:00,10.2,16.584255
2020-05-04 04:45:00,10.06,16.818878
2020-05-04 05:00:00,10.271,16.952656
2020-05-04 05:15:00,9.919,16.120636
2020-05-04 05:30:00,10.271,16.184086
2020-05-04 05:45:00,10.341,15.922537
2020-05-04 06:00:00,10.2,15.880307
2020-05-04 06:15:00,10.622,15.413262
2020-05-04 06:30:00,10.341,15.56564
2020-05-04 06:45:00,10.693,16.093124
2020-05-04 07:00:00,11.044,16.169628
2020-05-04 07:15:00,11.185,15.878385
2020-05-04 07:30:00,11.256,15.434064
2020-05-04 07:45:00,11.607,15.217414
2020-05-04 08:00:00,11.537,15.729394
2020-05-04 08:15:00,12.17,16.425032
2020-05-04 08:30:00,11.678,17.05883
2020-05-04 08:45:00,11.185,18.578762
2020-05-04 09:00:00,10.974,19.120266
2020-05-04 09:15:00,11.537,19.111742
2020-05-04 09:30:00,11.326,19.418222
2020-05-04 09:45:00,11.396,19.753963
2020-05-04 10:00:00,11.326,19.964935
2020-05-04 10:15:00,11.467,20.034
2020-05-04 10:30:00,11.607,20.357296
2020-05-04 10:45:00,11.607,20.236
2020-05-04 11:00:00,12.029,20.021152
2020-05-04 11:15:00,11.959,19.950378
2020-05-04 11:30:00,12.311,20.05605
2020-05-04 11:45:00,12.17,20.222727
2020-05-04 12:00:00,12.311,20.297543
2020-05-04 12:15:00,12.451,20.138586
2020-05-04 12:30:00,12.733,20.08116
2020-05-04 12:45:00,12.522,20.14589
2020-05-04 13:00:00,13.155,20.211472
2020-05-04 13:15:00,13.647,20.290318
2020-05-04 13:30:00,13.929,20.183662
2020-05-04 13:45:00,13.999,20.205622
2020-05-04 14:00:00,14.21,20.04467
2020-05-04 14:15:00,13.999,19.987026
2020-05-04 14:30:00,14.069,20.213684
2020-05-04 14:45:00,14.14,20.680117
2020-05-04 15:00:00,14.491,20.102383
2020-05-04 15:15:00,15.054,20.37193
2020-05-04 15:30:00,15.195,20.659798
2020-05-04 15:45:00,15.687,21.112762
2020-05-04 16:00:00,15.547,20.775694
2020-05-04 16:15:00,14.914,20.702728
2020-05-04 16:30:00,14.843,20.099396
2020-05-04 16:45:00,14.351,19.904346
2020-05-04 17:00:00,13.788,19.95547
2020-05-04 17:15:00,13.507,18.538143
2020-05-04 17:30:00,13.718,19.197166
2020-05-04 17:45:00,13.788,18.78614
2020-05-04 18:00:00,13.507,17.474983
2020-05-04 18:15:00,13.507,16.360775
2020-05-04 18:30:00,13.085,15.9379635
2020-05-04 18:45:00,13.225,15.9957075
2020-05-04 19:00:00,12.662,15.610591
2020-05-04 19:15:00,12.592,15.514676
2020-05-04 19:30:00,12.592,15.180394
2020-05-04 19:45:00,12.522,15.222521
2020-05-04 20:00:00,12.662,15.223607
2020-05-04 20:15:00,12.662,15.461423
2020-05-04 20:30:00,12.592,15.426692
2020-05-04 20:45:00,12.733,15.33675
2020-05-04 21:00:00,12.662,15.255643
2020-05-04 21:15:00,12.662,15.357435
2020-05-04 21:30:00,12.944,15.237499
2020-05-04 21:45:00,12.592,15.175058
2020-05-04 22:00:00,12.451,15.087106
2020-05-04 22:15:00,12.451,15.088731
2020-05-04 22:30:00,12.592,15.352214
2020-05-04 22:45:00,12.381,15.316865
2020-05-04 23:00:00,12.522,15.699118
2020-05-04 23:15:00,12.381,16.710087
2020-05-04 23:30:00,12.381,16.464592
2020-05-04 23:45:00,12.311,15.888944
2020-05-05 00:00:00,11.959,15.377124
2020-05-05 00:15:00,11.818,15.817046
2020-05-05 00:30:00,11.959,16.216698
2020-05-05 00:45:00,12.311,15.742219
2020-05-05 01:00:00,12.24,15.490298
2020-05-05 01:15:00,12.029,15.8233185
2020-05-05 01:30:00,12.311,16.714317
2020-05-05 01:45:00,11.889,16.589993
2020-05-05 02:00:00,12.1,16.31617
2020-05-05 02:15:00,12.1,16.442844
2020-05-05 02:30:00,11.607,16.33559
2020-05-05 02:45:00,12.17,16.602219
2020-05-05 03:00:00,11.889,16.259544
2020-05-05 03:15:00,11.678,16.36625
2020-05-05 03:30:00,11.607,15.573758
2020-05-05 03:45:00,11.889,15.620688
2020-05-05 04:00:00,11.467,15.618348
2020-05-05 04:15:00,10.693,16.493887
2020-05-05 04:30:00,8.02,15.774005
2020-05-05 04:45:00,7.949,15.153497
2020-05-05 05:00:00,8.723,15.531364
2020-05-05 05:15:00,9.426,15.114799
2020-05-05 05:30:00,10.271,15.185164
2020-05-05 05:45:00,10.482,15.396367
2020-05-05 06:00:00,10.833,15.594928
2020-05-05 06:15:00,11.044,16.152374
2020-05-05 06:30:00,11.044,15.865516
2020-05-05 06:45:00,7.738,15.826872
2020-05-05 07:00:00,7.316,15.882298
2020-05-05 07:15:00,7.668,16.000706
2020-05-05 07:30:00,8.371,15.839548
2020-05-05 07:45:00,9.567,15.894334
2020-05-05 08:00:00,9.708,15.877929
2020-05-05 08:15:00,8.231,16.01479
2020-05-05 08:30:00,8.09,16.18409
2020-05-05 08:45:00,7.597,16.591751
2020-05-05 09:00:00,6.683,15.980169
2020-05-05 09:15:00,6.542,16.027248
2020-05-05 09:30:00,7.386,15.99797
2020-05-05 09:45:00,8.16,15.929997
2020-05-05 10:00:00,8.864,16.02478
2020-05-05 10:15:00,9.638,16.11081
2020-05-05 10:30:00,9.638,16.105526
2020-05-05 10:45:00,9.708,15.883226
2020-05-05 11:00:00,10.13,14.96351
2020-05-05 11:15:00,9.989,17.142624
2020-05-05 11:30:00,10.341,16.504337
2020-05-05 11:45:00,10.552,16.147541
2020-05-05 12:00:00,11.044,16.261497
2020-05-05 12:15:00,11.185,16.901005
2020-05-05 12:30:00,11.607,16.083084
2020-05-05 12:45:00,11.678,17.00748
2020-05-05 13:00:00,11.185,16.694302
2020-05-05 13:15:00,10.763,15.823423
2020-05-05 13:30:00,11.185,16.430729
2020-05-05 13:45:00,11.326,16.670002
2020-05-05 14:00:00,11.044,16.19908
2020-05-05 14:15:00,11.326,16.927376
2020-05-05 14:30:00,11.185,15.588451
2020-05-05 14:45:00,10.974,17.042473
2020-05-05 15:00:00,11.326,17.700321
2020-05-05 15:15:00,11.396,16.894842
2020-05-05 15:30:00,11.326,16.767614
2020-05-05 15:45:00,11.396,16.978111
2020-05-05 16:00:00,11.607,17.342804
2020-05-05 16:15:00,11.678,17.319746
2020-05-05 16:30:00,11.818,18.220268
2020-05-05 16:45:00,11.326,18.065548
2020-05-05 17:00:00,11.607,17.673801
2020-05-05 17:15:00,11.748,18.168861
2020-05-05 17:30:00,11.678,17.992912
2020-05-05 17:45:00,11.396,16.438637
2020-05-05 18:00:00,11.537,15.025157
2020-05-05 18:15:00,11.185,14.894822
2020-05-05 18:30:00,11.044,14.804641
2020-05-05 18:45:00,11.326,14.329183
2020-05-05 19:00:00,11.537,14.132201
2020-05-05 19:15:00,11.678,14.179769
2020-05-05 19:30:00,11.678,14.185181
2020-05-05 19:45:00,11.678,14.425413
2020-05-05 20:00:00,11.818,14.646321
2020-05-05 20:15:00,11.678,14.901115
2020-05-05 20:30:00,11.326,14.773242
2020-05-05 20:45:00,11.467,14.654437
2020-05-05 21:00:00,11.537,14.5294695
2020-05-05 21:15:00,11.467,14.495343
2020-05-05 21:30:00,11.185,14.402179
2020-05-05 21:45:00,11.326,14.314
2020-05-05 22:00:00,11.678,14.078882
2020-05-05 22:15:00,11.678,14.36573
2020-05-05 22:30:00,11.607,14.563103
2020-05-05 22:45:00,11.678,15.479335
2020-05-05 23:00:00,11.748,16.795551
2020-05-05 23:15:00,11.889,17.078598
2020-05-05 23:30:00,11.748,16.608124
2020-05-05 23:45:00,11.467,16.44859
2020-05-06 00:00:00,11.748,16.721317
2020-05-06 00:15:00,12.17,16.409027
2020-05-06 00:30:00,12.029,16.498531
2020-05-06 00:45:00,11.889,15.924632
2020-05-06 01:00:00,12.029,16.203484
2020-05-06 01:15:00,12.029,16.84486
2020-05-06 01:30:00,12.17,16.563618
2020-05-06 01:45:00,11.889,16.40889
2020-05-06 02:00:00,12.24,17.011356
2020-05-06 02:15:00,12.311,16.92735
2020-05-06 02:30:00,12.17,17.065876
2020-05-06 02:45:00,12.311,17.191448
2020-05-06 03:00:00,12.24,17.204605
2020-05-06 03:15:00,12.17,17.058468
2020-05-06 03:30:00,12.24,16.69978
2020-05-06 03:45:00,11.537,16.844055
2020-05-06 04:00:00,11.818,17.164822
2020-05-06 04:15:00,11.889,16.696442
2020-05-06 04:30:00,12.1,15.624936
2020-05-06 04:45:00,12.592,15.548337
2020-05-06 05:00:00,12.451,16.89304
2020-05-06 05:15:00,12.24,16.4172
2020-05-06 05:30:00,12.24,16.251759
2020-05-06 05:45:00,12.17,16.614605
2020-05-06 06:00:00,12.24,16.96986
2020-05-06 06:15:00,12.24,16.923103
2020-05-06 06:30:00,12.029,16.879553
2020-05-06 06:45:00,12.029,15.854734
2020-05-06 07:00:00,12.381,15.213311
2020-05-06 07:15:00,12.381,15.084769
2020-05-06 07:30:00,12.522,13.866568
2020-05-06 07:45:00,12.381,14.217604
2020-05-06 08:00:00,12.029,13.963214
2020-05-06 08:15:00,11.678,13.575604
2020-05-06 08:30:00,11.115,14.332936
2020-05-06 08:45:00,10.622,15.39376
2020-05-06 09:00:00,10.693,12.7502985
2020-05-06 09:15:00,11.044,12.7763
2020-05-06 09:30:00,11.326,13.676694
2020-05-06 09:45:00,11.678,13.5975895
2020-05-06 10:00:00,11.889,13.71635
2020-05-06 10:15:00,12.311,13.687426
2020-05-06 10:30:00,12.381,13.755666
2020-05-06 10:45:00,11.256,13.494556
2020-05-06 11:00:00,10.904,13.154652
2020-05-06 11:15:00,7.246,13.165928
2020-05-06 11:30:00,6.753,13.221546
2020-05-06 11:45:00,6.331,12.941722
2020-05-06 12:00:00,7.105,12.4581375
2020-05-06 12:15:00,8.512,13.288122
2020-05-06 12:30:00,8.582,13.889697
2020-05-06 12:45:00,8.723,13.39145
2020-05-06 13:00:00,8.934,14.707357
2020-05-06 13:15:00,9.075,14.107051
2020-05-06 13:30:00,7.316,14.390813
2020-05-06 13:45:00,8.371,13.33359
2020-05-06 14:00:00,9.286,13.082951
2020-05-06 14:15:00,9.638,13.58862
2020-05-06 14:30:00,9.356,12.685791
2020-05-06 14:45:00,9.075,12.788445
2020-05-06 15:00:00,9.075,12.7787895
2020-05-06 15:15:00,9.215,13.083808
2020-05-06 15:30:00,8.864,14.009021
2020-05-06 15:45:00,9.145,14.12395
2020-05-06 16:00:00,9.567,14.245795
2020-05-06 16:15:00,9.638,14.435302
2020-05-06 16:30:00,6.542,13.684097
2020-05-06 16:45:00,6.261,13.100155
2020-05-06 17:00:00,7.668,12.688179
2020-05-06 17:15:00,8.231,12.633958
2020-05-06 17:30:00,8.864,13.361944
2020-05-06 17:45:00,9.426,14.270141
2020-05-06 18:00:00,9.567,13.724593
2020-05-06 18:15:00,8.793,13.761159
2020-05-06 18:30:00,8.301,12.8833885
2020-05-06 18:45:00,9.075,12.289026
2020-05-06 19:00:00,8.934,12.204187
2020-05-06 19:15:00,9.215,12.141449
2020-05-06 19:30:00,8.934,12.466003
2020-05-06 19:45:00,6.824,12.643209
2020-05-06 20:00:00,5.698,12.785734
2020-05-06 20:15:00,6.472,13.3198805
2020-05-06 20:30:00,7.316,13.296904
2020-05-06 20:45:00,8.02,13.335205
2020-05-06 21:00:00,8.02,13.566705
2020-05-06 21:15:00,8.02,13.723745
2020-05-06 21:30:00,7.809,13.239659
2020-05-06 21:45:00,7.527,13.202705
2020-05-06 22:00:00,7.457,13.547141
2020-05-06 22:15:00,7.738,13.508471
2020-05-06 22:30:00,7.949,13.196739
2020-05-06 22:45:00,8.09,13.844279
2020-05-06 23:00:00,7.597,15.175502
2020-05-06 23:15:00,7.527,16.078667
2020-05-06 23:30:00,7.457,16.620293
2020-05-06 23:45:00,7.597,16.058277
2020-05-07 00:00:00,7.949,16.321705
2020-05-07 00:15:00,8.02,16.325401
2020-05-07 00:30:00,7.809,15.693608
2020-05-07 00:45:00,7.175,16.47556
2020-05-07 01:00:00,7.457,16.393784
2020-05-07 01:15:00,7.668,17.027935
2020-05-07 01:30:00,7.738,16.748627
2020-05-07 01:45:00,7.809,16.570984
2020-05-07 02:00:00,7.457,17.238335
2020-05-07 02:15:00,7.738,15.673165
2020-05-07 02:30:00,7.738,15.138991
2020-05-07 02:45:00,8.16,16.449461
2020-05-07 03:00:00,7.668,16.78621
2020-05-07 03:15:00,8.02,16.873074
2020-05-07 03:30:00,8.02,17.05695
2020-05-07 03:45:00,8.02,16.48518
2020-05-07 04:00:00,8.09,17.115013
2020-05-07 04:15:00,8.301,16.524265
2020-05-07 04:30:00,8.653,16.490555
2020-05-07 04:45:00,8.371,16.664368
2020-05-07 05:00:00,8.442,16.953785
2020-05-07 05:15:00,8.653,16.698914
2020-05-07 05:30:00,8.723,16.519402
2020-05-07 05:45:00,8.934,16.450249
2020-05-07 06:00:00,8.653,16.393185
2020-05-07 06:15:00,8.512,16.841118
2020-05-07 06:30:00,8.512,16.768162
2020-05-07 06:45:00,8.653,16.489967
2020-05-07 07:00:00,8.512,15.575765
2020-05-07 07:15:00,8.301,15.759377
2020-05-07 07:30:00,8.723,15.951468
2020-05-07 07:45:00,8.864,15.833217
2020-05-07 08:00:00,8.301,15.680369
2020-05-07 08:15:00,8.231,15.156574
2020-05-07 08:30:00,7.738,15.779342
2020-05-07 08:45:00,7.668,15.050511
2020-05-07 09:00:00,7.949,13.566402
2020-05-07 09:15:00,7.597,12.906736
2020-05-07 09:30:00,7.809,13.9557905
2020-05-07 09:45:00,8.371,13.554973
2020-05-07 10:00:00,8.16,12.974033
2020-05-07 10:15:00,8.512,13.608583
2020-05-07 10:30:00,8.371,13.496894
2020-05-07 10:45:00,8.301,13.636667
2020-05-07 11:00:00,8.231,13.433711
2020-05-07 11:15:00,8.301,13.328701
2020-05-07 11:30:00,8.301,12.882015
2020-05-07 11:45:00,8.301,13.573713
2020-05-07 12:00:00,8.723,13.43853
2020-05-07 12:15:00,8.231,12.946575
2020-05-07 12:30:00,8.301,14.197423
2020-05-07 12:45:00,8.231,13.88448
2020-05-07 13:00:00,8.231,15.113829
2020-05-07 13:15:00,8.301,14.49632
2020-05-07 13:30:00,8.512,13.554092
2020-05-07 13:45:00,7.809,12.942966
2020-05-07 14:00:00,8.16,13.108587
2020-05-07 14:15:00,8.02,13.665224
2020-05-07 14:30:00,8.02,14.098161
2020-05-07 14:45:00,8.02,13.97967
2020-05-07 15:00:00,7.738,14.2167845
2020-05-07 15:15:00,7.668,14.210004
2020-05-07 15:30:00,7.457,14.301475
2020-05-07 15:45:00,7.457,14.260341
2020-05-07 16:00:00,7.386,14.274151
2020-05-07 16:15:00,7.246,14.496915
2020-05-07 16:30:00,7.386,14.657855
2020-05-07 16:45:00,7.457,15.427138
2020-05-07 17:00:00,7.316,15.157487
2020-05-07 17:15:00,7.597,15.282342
2020-05-07 17:30:00,7.668,13.396544
2020-05-07 17:45:00,7.668,13.284325
2020-05-07 18:00:00,7.738,13.403452
2020-05-07 18:15:00,7.949,13.781624
2020-05-07 18:30:00,8.16,14.079649
2020-05-07 18:45:00,8.512,14.657578
2020-05-07 19:00:00,8.723,15.323431
2020-05-07 19:15:00,9.145,15.859996
2020-05-07 19:30:00,9.426,16.143381
2020-05-07 19:45:00,9.075,16.66505
2020-05-07 20:00:00,8.864,16.907288
2020-05-07 20:15:00,9.075,17.165321
2020-05-07 20:30:00,8.864,17.105064
2020-05-07 20:45:00,8.864,17.127659
2020-05-07 21:00:00,9.075,17.187954
2020-05-07 21:15:00,9.075,17.16295
2020-05-07 21:30:00,9.075,17.233345
2020-05-07 21:45:00,9.075,17.259434
2020-05-07 22:00:00,8.442,17.118484
2020-05-07 22:15:00,8.723,17.21609
2020-05-07 22:30:00,8.512,17.080137
2020-05-07 22:45:00,8.301,17.173517
2020-05-07 23:00:00,8.301,17.214308
2020-05-07 23:15:00,8.231,16.83221
2020-05-07 23:30:00,8.16,16.635979
2020-05-07 23:45:00,8.16,16.859814
2020-05-08 00:00:00,8.512,17.012451
2020-05-08 00:15:00,8.301,17.077091
2020-05-08 00:30:00,8.371,17.00588
2020-05-08 00:45:00,8.301,16.877113
2020-05-08 01:00:00,8.02,16.16349
2020-05-08 01:15:00,8.02,16.240501
2020-05-08 01:30:00,7.879,16.306293
2020-05-08 01:45:00,7.668,16.295263
2020-05-08 02:00:00,7.738,16.306995
2020-05-08 02:15:00,7.316,16.45937
2020-05-08 02:30:00,7.809,16.474857
2020-05-08 02:45:00,7.949,16.500484
2020-05-08 03:00:00,7.246,16.426363
2020-05-08 03:15:00,7.105,16.331936
2020-05-08 03:30:00,7.035,16.313385
2020-05-08 03:45:00,7.246,16.208939
2020-05-08 04:00:00,7.105,16.403809
2020-05-08 04:15:00,7.105,16.290863
2020-05-08 04:30:00,7.246,16.224737
2020-05-08 04:45:00,7.316,16.10376
2020-05-08 05:00:00,7.597,16.175518
2020-05-08 05:15:00,7.809,16.112936
2020-05-08 05:30:00,7.949,15.859872
2020-05-08 05:45:00,7.949,15.900746
2020-05-08 06:00:00,8.301,16.241093
2020-05-08 06:15:00,8.371,16.475409
2020-05-08 06:30:00,8.371,16.157848
2020-05-08 06:45:00,8.231,17.144981
2020-05-08 07:00:00,6.964,16.537079
2020-05-08 07:15:00,5.909,17.153112
2020-05-08 07:30:00,6.613,17.946167
2020-05-08 07:45:00,6.964,18.109531
2020-05-08 08:00:00,7.457,18.495884
2020-05-08 08:15:00,7.879,18.26721
2020-05-08 08:30:00,8.16,17.731636
2020-05-08 08:45:00,8.16,17.125261
2020-05-08 09:00:00,7.809,16.900776
2020-05-08 09:15:00,8.512,16.445164
2020-05-08 09:30:00,8.16,16.316566
2020-05-08 09:45:00,8.231,16.362808
2020-05-08 10:00:00,8.301,16.55888
2020-05-08 10:15:00,8.16,16.262272
2020-05-08 10:30:00,8.442,16.486307
2020-05-08 10:45:00,8.723,16.854973
2020-05-08 11:00:00,8.582,17.309605
2020-05-08 11:15:00,9.145,17.543488
2020-05-08 11:30:00,9.004,17.64978
2020-05-08 11:45:00,9.145,17.560032
2020-05-08 12:00:00,8.934,18.647802
2020-05-08 12:15:00,9.075,17.825306
2020-05-08 12:30:00,9.426,17.92482
2020-05-08 12:45:00,9.778,18.934635
2020-05-08 13:00:00,10.13,18.33625
2020-05-08 13:15:00,10.341,18.444946
2020-05-08 13:30:00,10.552,18.961304
2020-05-08 13:45:00,10.482,19.416924
2020-05-08 14:00:00,10.411,19.060532
2020-05-08 14:15:00,11.256,19.193062
2020-05-08 14:30:00,11.678,19.40271
2020-05-08 14:45:00,11.678,19.818703
2020-05-08 15:00:00,11.889,19.492645
2020-05-08 15:15:00,12.381,19.603117
2020-05-08 15:30:00,11.889,19.716858
2020-05-08 15:45:00,12.803,19.852985
2020-05-08 16:00:00,12.592,19.950981
2020-05-08 16:15:00,12.733,20.078362
2020-05-08 16:30:00,12.662,20.105255
2020-05-08 16:45:00,12.803,20.180054
2020-05-08 17:00:00,12.311,20.220018
2020-05-08 17:15:00,11.818,20.257183
2020-05-08 17:30:00,12.1,20.109138
2020-05-08 17:45:00,12.381,20.013128
2020-05-08 18:00:00,11.748,19.751974
2020-05-08 18:15:00,11.185,19.4437
2020-05-08 18:30:00,11.185,19.167068
2020-05-08 18:45:00,10.763,18.950375
2020-05-08 19:00:00,10.622,18.707172
2020-05-08 19:15:00,10.693,18.449558
2020-05-08 19:30:00,10.693,17.932102
2020-05-08 19:45:00,10.974,17.81253
2020-05-08 20:00:00,10.2,17.69424
2020-05-08 20:15:00,10.06,17.713215
2020-05-08 20:30:00,9.778,17.741718
2020-05-08 20:45:00,9.778,17.863485
2020-05-08 21:00:00,9.497,17.988583
2020-05-08 21:15:00,9.708,17.948286
2020-05-08 21:30:00,9.778,17.910606
2020-05-08 21:45:00,9.567,17.872543
2020-05-08 22:00:00,9.708,17.858871
2020-05-08 22:15:00,9.567,17.828293
2020-05-08 22:30:00,9.426,17.784885
2020-05-08 22:45:00,9.215,17.80777
2020-05-08 23:00:00,9.075,18.360477
2020-05-08 23:15:00,8.793,18.02987
2020-05-08 23:30:00,8.934,18.689472
2020-05-08 23:45:00,8.864,18.447512
2020-05-09 00:00:00,8.582,18.442432
2020-05-09 00:15:00,8.442,18.43264
2020-05-09 00:30:00,8.301,17.941273
2020-05-09 00:45:00,8.231,17.813217
2020-05-09 01:00:00,8.231,17.797043
2020-05-09 01:15:00,8.09,17.916637
2020-05-09 01:30:00,8.09,17.778252
2020-05-09 01:45:00,8.02,17.694817
2020-05-09 02:00:00,8.16,17.572916
2020-05-09 02:15:00,8.16,17.534176
2020-05-09 02:30:00,8.231,17.400581
2020-05-09 02:45:00,7.949,17.322735
2020-05-09 03:00:00,7.809,17.255882
2020-05-09 03:15:00,7.738,17.22567
2020-05-09 03:30:00,7.738,17.200893
2020-05-09 03:45:00,7.457,17.169357
2020-05-09 04:00:00,7.175,17.153877
2020-05-09 04:15:00,7.105,17.17331
2020-05-09 04:30:00,7.246,17.068035
2020-05-09 04:45:00,7.386,17.10664
2020-05-09 05:00:00,7.035,17.03761
2020-05-09 05:15:00,7.035,16.920633
2020-05-09 05:30:00,7.035,16.92557
2020-05-09 05:45:00,7.105,17.015411
2020-05-09 06:00:00,7.035,17.13686
2020-05-09 06:15:00,7.527,17.205933
2020-05-09 06:30:00,7.738,17.222145
2020-05-09 06:45:00,7.457,17.426281
2020-05-09 07:00:00,7.879,17.570717
2020-05-09 07:15:00,7.949,17.827667
2020-05-09 07:30:00,8.231,18.241112
2020-05-09 07:45:00,8.442,18.535032
2020-05-09 08:00:00,8.231,18.744244
2020-05-09 08:15:00,8.442,18.863724
2020-05-09 08:30:00,8.301,18.959368
2020-05-09 08:45:00,8.16,19.014248
2020-05-09 09:00:00,8.231,19.225746
2020-05-09 09:15:00,8.301,19.209774
2020-05-09 09:30:00,8.442,19.010567
2020-05-09 09:45:00,8.723,18.241306
2020-05-09 10:00:00,8.582,18.096527
2020-05-09 10:15:00,8.793,17.994526
2020-05-09 10:30:00,8.864,18.290163
2020-05-09 10:45:00,9.004,18.651058
2020-05-09 11:00:00,9.075,18.900976
2020-05-09 11:15:00,9.145,18.859295
2020-05-09 11:30:00,9.286,19.104221
2020-05-09 11:45:00,9.356,19.069138
2020-05-09 12:00:00,9.567,19.105026
2020-05-09 12:15:00,9.778,19.069973
2020-05-09 12:30:00,9.778,19.668587
2020-05-09 12:45:00,10.13,19.967896
2020-05-09 13:00:00,10.341,20.140312
2020-05-09 13:15:00,10.482,19.952232
2020-05-09 13:30:00,11.256,20.048988
2020-05-09 13:45:00,11.256,20.5785
2020-05-09 14:00:00,11.607,20.726486
2020-05-09 14:15:00,11.467,20.787533
2020-05-09 14:30:00,11.818,20.919865
2020-05-09 14:45:00,12.029,21.19352
2020-05-09 15:00:00,12.381,21.023663
2020-05-09 15:15:00,12.803,21.130814
2020-05-09 15:30:00,12.803,21.114754
2020-05-09 15:45:00,13.014,21.365139
2020-05-09 16:00:00,12.662,21.29557
2020-05-09 16:15:00,12.733,21.432367
2020-05-09 16:30:00,13.225,21.413677
2020-05-09 16:45:00,12.874,21.371456
2020-05-09 17:00:00,12.874,21.371021
2020-05-09 17:15:00,12.803,21.382885
2020-05-09 17:30:00,12.733,21.26344
2020-05-09 17:45:00,12.733,21.26133
2020-05-09 18:00:00,12.24,21.169525
2020-05-09 18:15:00,12.029,20.852772
2020-05-09 18:30:00,11.607,20.58902
2020-05-09 18:45:00,11.678,20.566952
2020-05-09 19:00:00,11.607,20.486572
2020-05-09 19:15:00,11.537,20.444237
2020-05-09 19:30:00,11.396,20.103191
2020-05-09 19:45:00,11.115,19.35382
2020-05-09 20:00:00,10.763,18.518429
2020-05-09 20:15:00,10.693,18.202415
2020-05-09 20:30:00,10.271,17.992928
2020-05-09 20:45:00,9.778,17.951744
2020-05-09 21:00:00,9.708,18.066807
2020-05-09 21:15:00,9.708,18.242247
2020-05-09 21:30:00,9.638,18.271137
2020-05-09 21:45:00,9.497,18.330605
2020-05-09 22:00:00,9.426,18.357693
2020-05-09 22:15:00,9.286,18.337536
2020-05-09 22:30:00,8.934,18.307632
2020-05-09 22:45:00,8.934,18.27599
2020-05-09 23:00:00,8.723,18.19534
2020-05-09 23:15:00,8.371,18.35268
2020-05-09 23:30:00,8.371,18.203995
2020-05-09 23:45:00,8.09,18.2427
2020-05-10 00:00:00,7.949,18.227467
2020-05-10 00:15:00,7.949,18.228687
2020-05-10 00:30:00,7.949,17.642166
2020-05-10 00:45:00,7.668,17.608513
2020-05-10 01:00:00,7.668,16.526363
2020-05-10 01:15:00,7.316,16.698013
2020-05-10 01:30:00,7.527,17.05223
2020-05-10 01:45:00,7.527,16.63974
2020-05-10 02:00:00,7.316,16.356285
2020-05-10 02:15:00,7.105,16.580647
2020-05-10 02:30:00,6.753,16.416122
2020-05-10 02:45:00,6.894,16.840946
2020-05-10 03:00:00,6.753,16.296951
2020-05-10 03:15:00,6.613,16.190525
2020-05-10 03:30:00,6.542,16.450642
2020-05-10 03:45:00,6.402,16.658443
2020-05-10 04:00:00,6.331,16.109848
2020-05-10 04:15:00,6.331,16.021086
2020-05-10 04:30:00,6.331,16.241482
2020-05-10 04:45:00,6.472,16.472084
2020-05-10 05:00:00,6.12,15.954784
2020-05-10 05:15:00,6.261,15.779891
2020-05-10 05:30:00,6.05,15.771417
2020-05-10 05:45:00,5.909,15.774301
2020-05-10 06:00:00,6.05,15.630006
2020-05-10 06:15:00,6.05,15.737056
2020-05-10 06:30:00,6.261,16.007126
2020-05-10 06:45:00,6.191,16.71942
2020-05-10 07:00:00,6.402,17.702827
2020-05-10 07:15:00,6.824,17.976833
2020-05-10 07:30:00,6.261,18.280613
2020-05-10 07:45:00,6.261,18.383009
2020-05-10 08:00:00,6.613,18.579597
2020-05-10 08:15:00,6.613,18.582924
2020-05-10 08:30:00,6.472,18.687729
2020-05-10 08:45:00,6.824,18.887646
2020-05-10 09:00:00,6.683,19.11774
2020-05-10 09:15:00,6.964,18.902306
2020-05-10 09:30:00,6.894,19.428902
2020-05-10 09:45:00,7.246,19.471125
2020-05-10 10:00:00,7.457,19.011688
2020-05-10 10:15:00,7.175,19.182457
2020-05-10 10:30:00,7.105,19.314249
2020-05-10 10:45:00,7.105,19.211407
2020-05-10 11:00:00,7.105,19.860878
2020-05-10 11:15:00,7.386,20.128075
2020-05-10 11:30:00,7.597,20.172672
2020-05-10 11:45:00,7.809,19.44039
2020-05-10 12:00:00,8.16,19.642635
2020-05-10 12:15:00,8.301,19.538923
2020-05-10 12:30:00,8.301,20.0043
2020-05-10 12:45:00,8.653,20.832035
2020-05-10 13:00:00,8.512,20.654083
2020-05-10 13:15:00,8.864,20.18588
2020-05-10 13:30:00,9.286,20.512573
2020-05-10 13:45:00,9.778,20.793266
2020-05-10 14:00:00,9.638,21.234364
2020-05-10 14:15:00,9.989,21.037796
2020-05-10 14:30:00,9.778,21.017914
2020-05-10 14:45:00,10.06,21.22142
2020-05-10 15:00:00,10.13,21.328932
2020-05-10 15:15:00,9.919,21.268295
2020-05-10 15:30:00,9.778,21.21737
2020-05-10 15:45:00,9.989,21.305065
2020-05-10 16:00:00,10.06,21.193737
2020-05-10 16:15:00,10.482,21.063427
2020-05-10 16:30:00,10.2,20.763346
2020-05-10 16:45:00,10.13,21.002537
2020-05-10 17:00:00,9.919,20.550758
2020-05-10 17:15:00,9.989,20.86377
2020-05-10 17:30:00,9.708,20.149399
2020-05-10 17:45:00,9.849,19.803696
2020-05-10 18:00:00,9.567,19.357555
2020-05-10 18:15:00,9.638,19.254778
2020-05-10 18:30:00,9.708,19.231384
2020-05-10 18:45:00,9.286,18.802486
2020-05-10 19:00:00,9.286,18.394676
2020-05-10 19:15:00,8.864,18.136265
2020-05-10 19:30:00,8.934,18.030481
2020-05-10 19:45:00,8.864,17.914665
2020-05-10 20:00:00,8.582,17.98088
2020-05-10 20:15:00,8.723,17.945263
2020-05-10 20:30:00,8.653,17.901276
2020-05-10 20:45:00,8.301,17.997768
2020-05-10 21:00:00,8.231,18.052254
2020-05-10 21:15:00,8.09,18.29449
2020-05-10 21:30:00,8.371,18.189178
2020-05-10 21:45:00,8.371,17.947216
2020-05-10 22:00:00,8.371,18.008945
2020-05-10 22:15:00,8.16,17.867619
2020-05-10 22:30:00,7.809,17.542107
2020-05-10 22:45:00,7.949,17.21629
2020-05-10 23:00:00,7.949,17.706562
2020-05-10 23:15:00,7.809,17.097073
2020-05-10 23:30:00,7.809,16.986423
2020-05-10 23:45:00,7.879,16.939404
2020-05-11 00:00:00,7.809,16.954689
2020-05-11 00:15:00,7.668,17.10022
2020-05-11 00:30:00,7.809,16.704685
2020-05-11 00:45:00,7.809,17.281368
2020-05-11 01:00:00,7.597,17.530195
2020-05-11 01:15:00,7.668,16.59594
2020-05-11 01:30:00,7.809,16.97509
2020-05-11 01:45:00,7.809,17.81913
2020-05-11 02:00:00,7.809,17.612076
2020-05-11 02:15:00,7.668,16.726559
2020-05-11 02:30:00,7.668,17.204557
2020-05-11 02:45:00,7.527,16.587181
2020-05-11 03:00:00,7.738,17.773994
2020-05-11 03:15:00,7.809,17.349525
2020-05-11 03:30:00,7.879,17.401493
2020-05-11 03:45:00,7.738,16.886349
2020-05-11 04:00:00,7.809,17.705637
2020-05-11 04:15:00,8.02,17.170734
2020-05-11 04:30:00,8.16,16.457134
2020-05-11 04:45:00,8.02,17.689598
2020-05-11 05:00:00,8.301,16.571053
2020-05-11 05:15:00,8.371,16.44177
2020-05-11 05:30:00,8.442,16.621738
2020-05-11 05:45:00,8.371,16.738876
2020-05-11 06:00:00,8.653,17.247112
2020-05-11 06:15:00,8.723,16.998453
2020-05-11 06:30:00,8.512,16.981857
2020-05-11 06:45:00,8.442,17.218605
2020-05-11 07:00:00,8.793,16.879566
2020-05-11 07:15:00,8.723,16.10427
2020-05-11 07:30:00,8.934,16.033987
2020-05-11 07:45:00,8.723,16.117102
2020-05-11 08:00:00,8.723,16.255974
2020-05-11 08:15:00,9.004,16.525429
2020-05-11 08:30:00,9.497,16.51926
2020-05-11 08:45:00,9.778,16.804989
2020-05-11 09:00:00,9.497,17.13996
2020-05-11 09:15:00,9.778,18.011568
2020-05-11 09:30:00,9.919,18.429134
2020-05-11 09:45:00,10.13,19.11021
2020-05-11 10:00:00,10.482,19.240131
2020-05-11 10:15:00,10.833,20.33414
2020-05-11 10:30:00,10.974,20.907375
2020-05-11 10:45:00,10.904,20.69828
2020-05-11 11:00:00,11.044,20.36018
2020-05-11 11:15:00,11.256,20.312428
2020-05-11 11:30:00,10.904,20.665947
2020-05-11 11:45:00,11.185,20.673946
2020-05-11 12:00:00,11.607,20.82724
2020-05-11 12:15:00,11.889,21.190987
2020-05-11 12:30:00,12.029,21.255592
2020-05-11 12:45:00,12.24,21.284481
2020-05-11 13:00:00,12.1,21.547432
2020-05-11 13:15:00,12.17,21.465675
2020-05-11 13:30:00,12.451,21.400406
2020-05-11 13:45:00,12.1,21.40615
2020-05-11 14:00:00,11.256,21.275047
2020-05-11 14:15:00,11.678,21.264011
2020-05-11 14:30:00,11.326,21.012331
2020-05-11 14:45:00,10.974,21.303738
2020-05-11 15:00:00,10.974,20.818527
2020-05-11 15:15:00,11.326,20.85944
2020-05-11 15:30:00,11.396,21.03789
2020-05-11 15:45:00,11.396,20.91679
2020-05-11 16:00:00,11.396,20.885223
2020-05-11 16:15:00,11.044,20.405165
2020-05-11 16:30:00,11.185,20.576744
2020-05-11 16:45:00,11.396,20.455666
2020-05-11 17:00:00,11.115,20.371117
2020-05-11 17:15:00,10.904,19.481289
2020-05-11 17:30:00,10.622,19.22553
2020-05-11 17:45:00,10.763,19.032457
2020-05-11 18:00:00,10.693,19.367258
2020-05-11 18:15:00,10.693,19.208385
2020-05-11 18:30:00,10.622,18.949787
2020-05-11 18:45:00,10.341,18.77496
2020-05-11 19:00:00,10.763,18.585405
2020-05-11 19:15:00,10.974,18.598866
2020-05-11 19:30:00,11.326,18.598133
2020-05-11 19:45:00,11.326,18.382668
2020-05-11 20:00:00,11.467,18.377993
2020-05-11 20:15:00,11.185,18.331741
2020-05-11 20:30:00,11.326,18.248825
2020-05-11 20:45:00,11.537,18.200594
2020-05-11 21:00:00,11.396,18.22868
2020-05-11 21:15:00,11.537,18.234064
2020-05-11 21:30:00,11.678,18.288536
2020-05-11 21:45:00,11.818,18.140553
2020-05-11 22:00:00,11.889,18.087906
2020-05-11 22:15:00,11.889,18.02645
2020-05-11 22:30:00,11.748,17.936543
2020-05-11 22:45:00,11.889,17.825443
2020-05-11 23:00:00,11.889,17.71986
2020-05-11 23:15:00,11.889,18.08715
2020-05-11 23:30:00,11.748,17.603493
2020-05-11 23:45:00,11.889,17.508816
2020-05-12 00:00:00,11.818,17.485615
2020-05-12 00:15:00,11.748,17.323227
2020-05-12 00:30:00,11.748,16.606232
2020-05-12 00:45:00,11.889,16.259441
2020-05-12 01:00:00,11.467,16.809614
2020-05-12 01:15:00,11.607,17.207264
2020-05-12 01:30:00,11.537,17.4604
2020-05-12 01:45:00,11.607,17.227028
2020-05-12 02:00:00,11.607,16.332157
2020-05-12 02:15:00,11.678,17.606213
2020-05-12 02:30:00,11.607,17.699604
2020-05-12 02:45:00,10.482,16.86541
2020-05-12 03:00:00,9.849,16.570206
2020-05-12 03:15:00,9.708,16.86079
2020-05-12 03:30:00,7.949,16.782024
2020-05-12 03:45:00,8.371,16.73285
2020-05-12 04:00:00,8.371,17.358242
2020-05-12 04:15:00,7.597,16.554333
2020-05-12 04:30:00,8.442,16.448885
2020-05-12 04:45:00,9.356,16.16029
2020-05-12 05:00:00,10.13,16.816978
2020-05-12 05:15:00,9.919,16.237423
2020-05-12 05:30:00,10.271,16.350594
2020-05-12 05:45:00,11.044,16.560787
2020-05-12 06:00:00,10.763,17.296165
2020-05-12 06:15:00,11.115,16.806774
2020-05-12 06:30:00,11.256,16.487999
2020-05-12 06:45:00,11.256,17.023743
2020-05-12 07:00:00,8.442,16.9291
2020-05-12 07:15:00,8.582,16.770767
2020-05-12 07:30:00,8.09,15.816349
2020-05-12 07:45:00,8.793,15.910743
2020-05-12 08:00:00,8.301,15.915496
2020-05-12 08:15:00,7.879,15.81992
2020-05-12 08:30:00,8.16,16.06955
2020-05-12 08:45:00,8.653,16.162521
2020-05-12 09:00:00,9.778,16.270054
2020-05-12 09:15:00,10.341,16.145676
2020-05-12 09:30:00,10.411,16.697834
2020-05-12 09:45:00,10.693,16.578142
2020-05-12 10:00:00,10.552,16.83553
2020-05-12 10:15:00,11.256,17.003204
2020-05-12 10:30:00,11.467,17.7683
2020-05-12 10:45:00,11.115,18.53464
2020-05-12 11:00:00,10.904,18.319328
2020-05-12 11:15:00,11.044,18.262518
2020-05-12 11:30:00,10.693,17.581848
2020-05-12 11:45:00,10.833,17.256283
2020-05-12 12:00:00,11.044,17.2345
2020-05-12 12:15:00,11.185,17.845364
2020-05-12 12:30:00,10.974,18.497408
2020-05-12 12:45:00,10.693,19.101562
2020-05-12 13:00:00,10.622,19.562927
2020-05-12 13:15:00,10.763,19.545227
2020-05-12 13:30:00,10.552,19.753098
2020-05-12 13:45:00,10.482,19.055119
2020-05-12 14:00:00,10.833,18.979391
2020-05-12 14:15:00,11.044,19.364843
2020-05-12 14:30:00,10.833,19.361898
2020-05-12 14:45:00,10.833,19.032824
2020-05-12 15:00:00,10.693,17.613743
2020-05-12 15:15:00,10.974,17.979645
2020-05-12 15:30:00,10.833,17.476944
2020-05-12 15:45:00,10.833,17.816193
2020-05-12 16:00:00,10.904,18.005354
2020-05-12 16:15:00,10.833,17.962177
2020-05-12 16:30:00,10.693,17.887901
2020-05-12 16:45:00,10.763,18.122007
2020-05-12 17:00:00,10.552,18.05122
2020-05-12 17:15:00,10.904,17.978409
2020-05-12 17:30:00,10.693,17.754135
2020-05-12 17:45:00,10.904,17.638096
2020-05-12 18:00:00,11.115,17.729546
2020-05-12 18:15:00,11.044,17.713737
2020-05-12 18:30:00,11.185,17.770061
2020-05-12 18:45:00,11.326,17.939835
2020-05-12 19:00:00,11.044,18.178616
2020-05-12 19:15:00,10.693,18.076263
2020-05-12 19:30:00,10.974,17.94106
2020-05-12 19:45:00,10.622,18.039852
2020-05-12 20:00:00,10.693,18.08743
2020-05-12 20:15:00,10.693,17.710526
2020-05-12 20:30:00,10.482,17.611034
2020-05-12 20:45:00,10.552,16.994736
2020-05-12 21:00:00,10.271,17.097706
2020-05-12 21:15:00,10.341,17.09858
2020-05-12 21:30:00,10.13,17.137852
2020-05-12 21:45:00,10.06,17.320858
2020-05-12 22:00:00,10.13,17.533968
2020-05-12 22:15:00,10.13,18.00055
2020-05-12 22:30:00,9.989,17.94563
2020-05-12 22:45:00,10.411,17.84706
2020-05-12 23:00:00,10.341,17.85651
2020-05-12 23:15:00,10.271,17.48616
2020-05-12 23:30:00,10.482,17.624943
2020-05-12 23:45:00,10.271,17.502354
2020-05-13 00:00:00,10.482,17.57264
2020-05-13 00:15:00,10.552,17.332829
2020-05-13 00:30:00,10.622,16.691692
2020-05-13 00:45:00,10.411,16.134861
2020-05-13 01:00:00,10.341,16.183817
2020-05-13 01:15:00,10.271,15.882307
2020-05-13 01:30:00,10.13,15.960739
2020-05-13 01:45:00,10.06,16.732254
2020-05-13 02:00:00,9.919,17.48853
2020-05-13 02:15:00,9.849,17.310959
2020-05-13 02:30:00,9.919,16.944859
2020-05-13 02:45:00,10.13,17.762667
2020-05-13 03:00:00,9.989,17.430264
2020-05-13 03:15:00,9.919,16.210445
2020-05-13 03:30:00,10.06,16.568436
2020-05-13 03:45:00,9.919,16.501259
2020-05-13 04:00:00,10.2,16.078821
2020-05-13 04:15:00,10.13,16.110432
2020-05-13 04:30:00,10.06,16.301521
2020-05-13 04:45:00,9.849,16.699812
2020-05-13 05:00:00,9.989,16.270382
2020-05-13 05:15:00,10.13,16.60281
2020-05-13 05:30:00,9.849,16.607635
2020-05-13 05:45:00,9.919,16.187798
2020-05-13 06:00:00,10.271,16.607697
2020-05-13 06:15:00,10.13,17.573013
2020-05-13 06:30:00,10.693,17.256237
2020-05-13 06:45:00,10.974,15.998731
2020-05-13 07:00:00,10.833,15.773344
2020-05-13 07:15:00,11.467,15.9389515
2020-05-13 07:30:00,11.185,16.47044
2020-05-13 07:45:00,10.482,16.874928
2020-05-13 08:00:00,10.552,16.890234
2020-05-13 08:15:00,10.974,17.131195
2020-05-13 08:30:00,11.256,17.545448
2020-05-13 08:45:00,11.537,17.898579
2020-05-13 09:00:00,11.326,18.499054
2020-05-13 09:15:00,11.326,18.260277
2020-05-13 09:30:00,11.537,17.939083
2020-05-13 09:45:00,11.185,17.860142
2020-05-13 10:00:00,11.537,18.661499
2020-05-13 10:15:00,11.678,18.536198
2020-05-13 10:30:00,11.818,18.794561
2020-05-13 10:45:00,12.1,19.064377
2020-05-13 11:00:00,12.381,19.204323
2020-05-13 11:15:00,12.24,19.249878
2020-05-13 11:30:00,12.311,19.38987
2020-05-13 11:45:00,12.311,19.439789
2020-05-13 12:00:00,12.451,19.333954
2020-05-13 12:15:00,12.592,19.569813
2020-05-13 12:30:00,12.451,19.878391
2020-05-13 12:45:00,12.874,20.240168
2020-05-13 13:00:00,13.085,21.047478
2020-05-13 13:15:00,13.296,20.826416
2020-05-13 13:30:00,13.647,20.635334
2020-05-13 13:45:00,13.507,20.776615
2020-05-13 14:00:00,13.366,20.822924
2020-05-13 14:15:00,14.421,20.830097
2020-05-13 14:30:00,13.788,20.894455
2020-05-13 14:45:00,14.421,21.015953
2020-05-13 15:00:00,14.491,21.029247
2020-05-13 15:15:00,14.632,21.00936
2020-05-13 15:30:00,14.984,21.098888
2020-05-13 15:45:00,15.265,21.193417
2020-05-13 16:00:00,15.265,21.298641
2020-05-13 16:15:00,15.265,21.315182
2020-05-13 16:30:00,15.406,21.288527
2020-05-13 16:45:00,15.828,21.333876
2020-05-13 17:00:00,15.547,21.360409
2020-05-13 17:15:00,15.125,21.284824
2020-05-13 17:30:00,15.617,21.181519
2020-05-13 17:45:00,15.125,20.816021
2020-05-13 18:00:00,14.421,20.869413
2020-05-13 18:15:00,14.14,20.269611
2020-05-13 18:30:00,13.788,19.153149
2020-05-13 18:45:00,13.436,18.336565
2020-05-13 19:00:00,13.436,17.755943
2020-05-13 19:15:00,13.366,17.440243
2020-05-13 19:30:00,13.225,17.362644
2020-05-13 19:45:00,13.436,17.550325
2020-05-13 20:00:00,13.296,17.625572
2020-05-13 20:15:00,13.296,17.605019
2020-05-13 20:30:00,13.296,17.535769
2020-05-13 20:45:00,13.085,17.54005
2020-05-13 21:00:00,12.944,17.517288
2020-05-13 21:15:00,12.874,17.5027
2020-05-13 21:30:00,12.803,17.404581
2020-05-13 21:45:00,13.014,17.467495
2020-05-13 22:00:00,12.662,17.060467
2020-05-13 22:15:00,12.592,16.95264
2020-05-13 22:30:00,12.381,17.007362
2020-05-13 22:45:00,12.24,16.869436
2020-05-13 23:00:00,12.522,16.93404
2020-05-13 23:15:00,12.311,16.689064
2020-05-13 23:30:00,12.311,16.894596
2020-05-13 23:45:00,12.451,16.814743
2020-05-14 00:00:00,12.451,16.869072
2020-05-14 00:15:00,12.662,17.182793
2020-05-14 00:30:00,12.662,16.785675
2020-05-14 00:45:00,12.522,17.845442
2020-05-14 01:00:00,12.522,17.76697
2020-05-14 01:15:00,12.733,17.875786
2020-05-14 01:30:00,12.451,17.600132
2020-05-14 01:45:00,12.522,17.558083
2020-05-14 02:00:00,12.733,17.834225
2020-05-14 02:15:00,12.733,17.821312
2020-05-14 02:30:00,12.592,17.702496
2020-05-14 02:45:00,12.733,17.750164
2020-05-14 03:00:00,12.733,17.731209
2020-05-14 03:15:00,12.733,17.617039
2020-05-14 03:30:00,12.381,17.886936
2020-05-14 03:45:00,12.733,17.804743
2020-05-14 04:00:00,12.592,17.718613
2020-05-14 04:15:00,12.451,17.835949
2020-05-14 04:30:00,12.733,17.711624
2020-05-14 04:45:00,12.381,17.843851
2020-05-14 05:00:00,12.451,17.840363
2020-05-14 05:15:00,12.803,17.788225
2020-05-14 05:30:00,12.733,17.70636
2020-05-14 05:45:00,13.014,17.638245
2020-05-14 06:00:00,12.733,17.659962
2020-05-14 06:15:00,12.733,17.61419
2020-05-14 06:30:00,12.803,17.673773
2020-05-14 06:45:00,12.592,17.7258
2020-05-14 07:00:00,12.451,16.508358
2020-05-14 07:15:00,12.733,16.44773
2020-05-14 07:30:00,12.592,16.92089
2020-05-14 07:45:00,13.014,16.968712
2020-05-14 08:00:00,13.225,17.342228
2020-05-14 08:15:00,12.733,17.561691
2020-05-14 08:30:00,13.155,17.83488
2020-05-14 08:45:00,13.366,18.29221
2020-05-14 09:00:00,13.366,18.911667
2020-05-14 09:15:00,13.436,18.882462
2020-05-14 09:30:00,13.507,19.245964
2020-05-14 09:45:00,13.155,19.466
2020-05-14 10:00:00,13.718,19.486355
2020-05-14 10:15:00,14.21,19.618881
2020-05-14 10:30:00,14.562,19.724602
2020-05-14 10:45:00,14.703,19.63403
2020-05-14 11:00:00,14.703,19.374084
2020-05-14 11:15:00,14.914,19.11417
2020-05-14 11:30:00,15.125,19.32444
2020-05-14 11:45:00,13.999,19.068417
2020-05-14 12:00:00,13.999,18.853745
2020-05-14 12:15:00,14.562,18.605705
2020-05-14 12:30:00,14.562,18.978306
2020-05-14 12:45:00,14.491,18.413837
2020-05-14 13:00:00,14.703,19.287563
2020-05-14 13:15:00,14.843,19.089123
2020-05-14 13:30:00,14.491,19.142376
2020-05-14 13:45:00,13.999,19.404844
2020-05-14 14:00:00,15.054,19.502403
2020-05-14 14:15:00,15.617,19.389797
2020-05-14 14:30:00,15.898,19.79467
2020-05-14 14:45:00,15.758,19.73232
2020-05-14 15:00:00,16.813,19.729944
2020-05-14 15:15:00,15.969,19.878395
2020-05-14 15:30:00,16.109,20.132572
2020-05-14 15:45:00,16.672,20.41737
2020-05-14 16:00:00,16.321,20.591215
2020-05-14 16:15:00,15.406,20.56107
2020-05-14 16:30:00,16.039,20.286518
2020-05-14 16:45:00,16.321,21.004581
2020-05-14 17:00:00,16.602,21.002659
2020-05-14 17:15:00,17.024,20.768791
2020-05-14 17:30:00,16.954,20.44999
2020-05-14 17:45:00,17.094,20.134556
2020-05-14 18:00:00,16.18,20.902405
2020-05-14 18:15:00,15.898,19.736872
2020-05-14 18:30:00,15.687,19.461674
2020-05-14 18:45:00,15.758,18.300797
2020-05-14 19:00:00,15.758,17.861084
2020-05-14 19:15:00,15.617,17.975552
2020-05-14 19:30:00,15.476,17.715538
2020-05-14 19:45:00,15.406,17.823643
2020-05-14 20:00:00,15.336,17.840912
2020-05-14 20:15:00,15.265,17.944252
2020-05-14 20:30:00,15.195,17.815441
2020-05-14 20:45:00,15.406,17.87339
2020-05-14 21:00:00,15.336,17.8898
2020-05-14 21:15:00,15.406,17.947796
2020-05-14 21:30:00,15.406,17.930325
2020-05-14 21:45:00,15.054,17.911724
2020-05-14 22:00:00,14.984,17.299843
2020-05-14 22:15:00,15.265,17.256985
2020-05-14 22:30:00,15.054,17.259823
2020-05-14 22:45:00,14.914,16.955784
2020-05-14 23:00:00,14.703,16.945164
2020-05-14 23:15:00,14.562,17.416695
2020-05-14 23:30:00,14.421,17.205605
2020-05-14 23:45:00,14.421,17.207901
2020-05-15 00:00:00,14.562,17.042185
2020-05-15 00:15:00,14.562,17.00345
2020-05-15 00:30:00,14.632,16.74134
2020-05-15 00:45:00,14.491,17.733252
2020-05-15 01:00:00,14.14,17.699005
2020-05-15 01:15:00,14.14,17.670265
2020-05-15 01:30:00,14.491,17.769966
2020-05-15 01:45:00,14.351,17.74282
2020-05-15 02:00:00,14.491,17.716919
2020-05-15 02:15:00,14.491,17.807251
2020-05-15 02:30:00,14.421,17.755266
2020-05-15 02:45:00,14.421,17.624825
2020-05-15 03:00:00,14.562,17.73238
2020-05-15 03:15:00,14.491,17.289993
2020-05-15 03:30:00,14.21,17.721546
2020-05-15 03:45:00,14.21,17.690945
2020-05-15 04:00:00,14.28,17.76486
2020-05-15 04:15:00,14.21,17.784206
2020-05-15 04:30:00,14.069,17.817719
2020-05-15 04:45:00,14.14,17.738071
2020-05-15 05:00:00,14.14,17.718067
2020-05-15 05:15:00,14.069,17.634571
2020-05-15 05:30:00,14.069,17.676292
2020-05-15 05:45:00,13.788,17.564842
2020-05-15 06:00:00,14.351,17.488121
2020-05-15 06:15:00,14.14,17.51852
2020-05-15 06:30:00,14.421,17.487778
2020-05-15 06:45:00,14.843,17.59294
2020-05-15 07:00:00,14.562,17.27943
2020-05-15 07:15:00,15.476,17.304012
2020-05-15 07:30:00,15.758,16.963242
2020-05-15 07:45:00,15.969,17.470894
2020-05-15 08:00:00,16.039,17.830341
2020-05-15 08:15:00,15.898,18.17296
2020-05-15 08:30:00,16.461,18.822113
2020-05-15 08:45:00,16.461,19.174318
2020-05-15 09:00:00,16.461,19.192379
2020-05-15 09:15:00,16.532,19.125956
2020-05-15 09:30:00,16.25,19.393047
2020-05-15 09:45:00,15.969,19.5239
2020-05-15 10:00:00,15.195,19.542885
2020-05-15 10:15:00,15.265,19.759174
2020-05-15 10:30:00,15.054,19.805279
2020-05-15 10:45:00,15.054,19.715899
2020-05-15 11:00:00,14.14,19.87134
2020-05-15 11:15:00,14.351,19.771832
2020-05-15 11:30:00,15.125,19.966633
2020-05-15 11:45:00,14.703,20.49253
2020-05-15 12:00:00,15.406,20.074636
2020-05-15 12:15:00,14.703,20.097221
2020-05-15 12:30:00,14.984,20.229622
2020-05-15 12:45:00,14.491,20.751217
2020-05-15 13:00:00,14.421,20.704361
2020-05-15 13:15:00,15.054,20.898941
2020-05-15 13:30:00,14.984,20.962181
2020-05-15 13:45:00,15.054,20.832838
2020-05-15 14:00:00,15.758,20.863125
2020-05-15 14:15:00,15.758,20.910973
2020-05-15 14:30:00,15.969,20.782482
2020-05-15 14:45:00,15.617,20.728638
2020-05-15 15:00:00,16.18,20.997564
2020-05-15 15:15:00,17.446,20.940088
2020-05-15 15:30:00,17.516,20.996647
2020-05-15 15:45:00,16.461,21.102772
2020-05-15 16:00:00,16.883,20.955406
2020-05-15 16:15:00,16.883,21.144714
2020-05-15 16:30:00,16.743,21.09924
2020-05-15 16:45:00,16.602,21.004929
2020-05-15 17:00:00,16.25,20.778831
2020-05-15 17:15:00,16.532,20.35564
2020-05-15 17:30:00,16.813,20.53032
2020-05-15 17:45:00,16.954,20.751764
2020-05-15 18:00:00,17.165,20.977451
2020-05-15 18:15:00,16.602,20.8016
2020-05-15 18:30:00,16.883,20.5999
2020-05-15 18:45:00,16.602,20.159489
2020-05-15 19:00:00,16.883,19.473827
2020-05-15 19:15:00,16.391,18.927404
2020-05-15 19:30:00,16.25,18.56882
2020-05-15 19:45:00,16.321,18.230984
2020-05-15 20:00:00,16.321,18.146046
2020-05-15 20:15:00,16.321,18.096022
2020-05-15 20:30:00,16.109,17.818428
2020-05-15 20:45:00,16.18,17.63007
2020-05-15 21:00:00,15.969,17.663914
2020-05-15 21:15:00,16.25,17.5668
2020-05-15 21:30:00,15.898,17.534117
2020-05-15 21:45:00,16.039,17.639088
2020-05-15 22:00:00,15.898,17.210026
2020-05-15 22:15:00,15.898,17.295353
2020-05-15 22:30:00,16.109,17.285025
2020-05-15 22:45:00,15.898,16.766785
2020-05-15 23:00:00,15.687,17.43015
2020-05-15 23:15:00,15.969,17.147612
2020-05-15 23:30:00,16.039,16.748657
2020-05-15 23:45:00,15.969,16.467312
2020-05-16 00:00:00,15.969,15.765828
2020-05-16 00:15:00,15.969,15.339028
2020-05-16 00:30:00,15.969,15.916665
2020-05-16 00:45:00,16.039,17.724426
2020-05-16 01:00:00,16.25,17.012663
2020-05-16 01:15:00,16.18,17.866753
2020-05-16 01:30:00,16.25,17.684265
2020-05-16 01:45:00,16.109,17.776897
2020-05-16 02:00:00,16.109,17.93678
2020-05-16 02:15:00,16.25,17.851624
2020-05-16 02:30:00,16.18,17.841312
2020-05-16 02:45:00,16.321,17.894146
2020-05-16 03:00:00,16.109,17.600046
2020-05-16 03:15:00,16.391,17.855904
2020-05-16 03:30:00,16.25,17.4664
2020-05-16 03:45:00,16.391,18.010818
2020-05-16 04:00:00,16.25,17.13145
2020-05-16 04:15:00,15.898,17.139664
2020-05-16 04:30:00,16.18,16.941647
2020-05-16 04:45:00,16.461,16.4119
2020-05-16 05:00:00,16.461,16.476461
2020-05-16 05:15:00,16.602,17.133747
2020-05-16 05:30:00,16.532,16.041115
2020-05-16 05:45:00,16.672,16.436527
2020-05-16 06:00:00,16.883,17.543272
2020-05-16 06:15:00,17.024,17.374588
2020-05-16 06:30:00,16.813,17.139221
2020-05-16 06:45:00,17.024,15.96831
2020-05-16 07:00:00,16.672,16.89196
2020-05-16 07:15:00,16.321,17.076294
2020-05-16 07:30:00,16.25,16.842834
2020-05-16 07:45:00,16.039,16.86262
2020-05-16 08:00:00,15.687,17.545639
2020-05-16 08:15:00,15.265,17.796072
2020-05-16 08:30:00,15.125,18.523834
2020-05-16 08:45:00,15.054,18.818024
2020-05-16 09:00:00,14.843,19.276493
2020-05-16 09:15:00,14.491,19.237926
2020-05-16 09:30:00,14.562,19.53535
2020-05-16 09:45:00,14.843,19.489445
2020-05-16 10:00:00,15.336,19.51269
2020-05-16 10:15:00,14.984,19.549984
2020-05-16 10:30:00,14.843,19.714123
2020-05-16 10:45:00,15.054,19.79311
2020-05-16 11:00:00,14.984,19.783201
2020-05-16 11:15:00,14.914,19.773972
2020-05-16 11:30:00,15.054,20.008423
2020-05-16 11:45:00,14.984,20.69337
2020-05-16 12:00:00,14.703,20.690193
2020-05-16 12:15:00,14.914,21.008396
2020-05-16 12:30:00,14.632,21.236637
2020-05-16 12:45:00,14.984,21.372746
2020-05-16 13:00:00,14.984,21.297253
2020-05-16 13:15:00,15.195,21.175865
2020-05-16 13:30:00,15.547,21.00182
2020-05-16 13:45:00,15.406,21.072548
2020-05-16 14:00:00,15.687,20.824074
2020-05-16 14:15:00,15.898,20.611492
2020-05-16 14:30:00,15.617,20.9729
2020-05-16 14:45:00,15.687,21.074017
2020-05-16 15:00:00,16.743,21.0744
2020-05-16 15:15:00,16.18,21.080696
2020-05-16 15:30:00,16.321,21.129871
2020-05-16 15:45:00,16.25,21.14832
2020-05-16 16:00:00,16.109,21.219273
2020-05-16 16:15:00,16.321,21.300472
2020-05-16 16:30:00,16.672,21.258595
2020-05-16 16:45:00,16.039,21.25514
2020-05-16 17:00:00,16.321,21.167
2020-05-16 17:15:00,15.758,21.078842
2020-05-16 17:30:00,15.758,20.908573
2020-05-16 17:45:00,15.758,20.889671
2020-05-16 18:00:00,15.828,20.833569
2020-05-16 18:15:00,15.265,20.600868
2020-05-16 18:30:00,15.265,20.021198
2020-05-16 18:45:00,15.406,19.353676
2020-05-16 19:00:00,15.547,18.889133
2020-05-16 19:15:00,16.109,18.631702
2020-05-16 19:30:00,15.828,18.30668
2020-05-16 19:45:00,15.969,17.886608
2020-05-16 20:00:00,16.321,17.623756
2020-05-16 20:15:00,16.602,17.070671
2020-05-16 20:30:00,16.461,16.520624
2020-05-16 20:45:00,16.391,16.59866
2020-05-16 21:00:00,16.039,17.13264
2020-05-16 21:15:00,16.25,17.113516
2020-05-16 21:30:00,16.602,16.886417
2020-05-16 21:45:00,16.602,17.421703
2020-05-16 22:00:00,16.672,16.938648
2020-05-16 22:15:00,16.602,16.978058
2020-05-16 22:30:00,15.125,16.922161
2020-05-16 22:45:00,14.843,16.318968
2020-05-16 23:00:00,15.054,16.974934
2020-05-16 23:15:00,15.547,16.31797
2020-05-16 23:30:00,15.898,16.41647
2020-05-16 23:45:00,15.547,16.470173
2020-05-17 00:00:00,16.109,15.747172
2020-05-17 00:15:00,15.898,15.775024
2020-05-17 00:30:00,16.391,16.111267
2020-05-17 00:45:00,16.672,17.159782
2020-05-17 01:00:00,16.602,17.259548
2020-05-17 01:15:00,14.843,17.62955
2020-05-17 01:30:00,14.843,17.431595
2020-05-17 01:45:00,14.914,17.442451
2020-05-17 02:00:00,14.632,17.488832
2020-05-17 02:15:00,13.296,17.601849
2020-05-17 02:30:00,8.371,17.583813
2020-05-17 02:45:00,10.622,17.36802
2020-05-17 03:00:00,12.24,17.753586
2020-05-17 03:15:00,13.788,16.677992
2020-05-17 03:30:00,14.14,16.544956
2020-05-17 03:45:00,10.552,17.398945
2020-05-17 04:00:00,9.708,17.088009
2020-05-17 04:15:00,8.864,16.683262
2020-05-17 04:30:00,9.708,16.29631
2020-05-17 04:45:00,8.653,16.687372
2020-05-17 05:00:00,8.653,16.827793
2020-05-17 05:15:00,10.271,16.102737
2020-05-17 05:30:00,10.552,16.943253
2020-05-17 05:45:00,10.482,16.5737
2020-05-17 06:00:00,9.989,16.829279
2020-05-17 06:15:00,10.833,16.634203
2020-05-17 06:30:00,11.467,16.490463
2020-05-17 06:45:00,12.17,16.970633
2020-05-17 07:00:00,10.974,16.002926
2020-05-17 07:15:00,10.552,15.542783
2020-05-17 07:30:00,8.512,15.408342
2020-05-17 07:45:00,7.949,15.661279
2020-05-17 08:00:00,8.09,15.916296
2020-05-17 08:15:00,8.231,15.823661
2020-05-17 08:30:00,9.286,15.68135
2020-05-17 08:45:00,9.919,15.865193
2020-05-17 09:00:00,11.326,16.706242
2020-05-17 09:15:00,11.185,17.581062
2020-05-17 09:30:00,11.818,18.109594
2020-05-17 09:45:00,12.311,18.206863
2020-05-17 10:00:00,12.381,18.095253
2020-05-17 10:15:00,12.1,18.093716
2020-05-17 10:30:00,12.522,18.396473
2020-05-17 10:45:00,12.381,18.69534
2020-05-17 11:00:00,13.155,19.189575
2020-05-17 11:15:00,13.085,19.246502
2020-05-17 11:30:00,12.874,19.69968
2020-05-17 11:45:00,12.522,20.057278
2020-05-17 12:00:00,12.522,19.56984
2020-05-17 12:15:00,12.944,20.303358
2020-05-17 12:30:00,12.592,20.304743
2020-05-17 12:45:00,12.733,20.764923
2020-05-17 13:00:00,13.014,20.714619
2020-05-17 13:15:00,13.225,20.475246
2020-05-17 13:30:00,13.577,21.117054
2020-05-17 13:45:00,13.718,20.948032
2020-05-17 14:00:00,13.507,20.739964
2020-05-17 14:15:00,13.929,21.04013
2020-05-17 14:30:00,13.788,20.925335
2020-05-17 14:45:00,13.858,21.127583
2020-05-17 15:00:00,13.507,21.235588
2020-05-17 15:15:00,13.718,21.195026
2020-05-17 15:30:00,13.647,21.17241
2020-05-17 15:45:00,14.069,21.339975
2020-05-17 16:00:00,13.999,21.24715
2020-05-17 16:15:00,13.647,21.388512
2020-05-17 16:30:00,13.296,21.328276
2020-05-17 16:45:00,13.929,21.39724
2020-05-17 17:00:00,13.788,21.095749
2020-05-17 17:15:00,13.647,21.182936
2020-05-17 17:30:00,14.14,21.080055
2020-05-17 17:45:00,14.14,20.175709
2020-05-17 18:00:00,14.14,19.430355
2020-05-17 18:15:00,14.14,18.870647
2020-05-17 18:30:00,14.14,18.338276
2020-05-17 18:45:00,13.718,18.153112
2020-05-17 19:00:00,13.788,17.886806
2020-05-17 19:15:00,13.788,17.715967
2020-05-17 19:30:00,13.718,17.639587
2020-05-17 19:45:00,13.507,17.524734
2020-05-17 20:00:00,13.507,17.562828
2020-05-17 20:15:00,13.436,17.533264
2020-05-17 20:30:00,13.296,17.509052
2020-05-17 20:45:00,13.225,17.514072
2020-05-17 21:00:00,13.155,17.598743
2020-05-17 21:15:00,13.296,17.617483
2020-05-17 21:30:00,13.436,17.593714
2020-05-17 21:45:00,13.225,17.662361
2020-05-17 22:00:00,13.436,17.83913
2020-05-17 22:15:00,13.155,17.969341
2020-05-17 22:30:00,12.874,17.881031
2020-05-17 22:45:00,13.225,17.992493
2020-05-17 23:00:00,13.366,17.923508
2020-05-17 23:15:00,12.874,17.61744
2020-05-17 23:30:00,13.155,17.53447
2020-05-17 23:45:00,13.085,16.812115
2020-05-18 00:00:00,12.944,17.058949
2020-05-18 00:15:00,12.803,16.810516
2020-05-18 00:30:00,12.944,16.729855
2020-05-18 00:45:00,12.662,18.043987
2020-05-18 01:00:00,12.944,17.614347
2020-05-18 01:15:00,13.155,17.981232
2020-05-18 01:30:00,13.225,17.644539
2020-05-18 01:45:00,13.366,17.884323
2020-05-18 02:00:00,13.366,17.42989
2020-05-18 02:15:00,13.225,17.018623
2020-05-18 02:30:00,13.014,17.068321
2020-05-18 02:45:00,12.944,17.891842
2020-05-18 03:00:00,13.085,17.043312
2020-05-18 03:15:00,13.014,16.92811
2020-05-18 03:30:00,13.085,17.791046
2020-05-18 03:45:00,13.366,18.222637
2020-05-18 04:00:00,13.085,16.814262
2020-05-18 04:15:00,12.944,16.762821
2020-05-18 04:30:00,13.085,17.006327
2020-05-18 04:45:00,12.733,17.57566
2020-05-18 05:00:00,12.803,16.652264
2020-05-18 05:15:00,12.803,16.560005
2020-05-18 05:30:00,13.085,17.851448
2020-05-18 05:45:00,13.155,17.832592
2020-05-18 06:00:00,13.014,17.737043
2020-05-18 06:15:00,13.014,17.791607
2020-05-18 06:30:00,12.944,17.72294
2020-05-18 06:45:00,13.085,16.554695
2020-05-18 07:00:00,12.944,16.780483
2020-05-18 07:15:00,12.451,16.569801
2020-05-18 07:30:00,12.733,16.768528
2020-05-18 07:45:00,12.733,17.27554
2020-05-18 08:00:00,12.874,18.193531
2020-05-18 08:15:00,12.733,18.653116
2020-05-18 08:30:00,12.944,19.007757
2020-05-18 08:45:00,12.592,19.228058
2020-05-18 09:00:00,12.522,18.891302
2020-05-18 09:15:00,12.451,19.267553
2020-05-18 09:30:00,12.451,19.533958
2020-05-18 09:45:00,12.662,18.570011
2020-05-18 10:00:00,12.522,18.189426
2020-05-18 10:15:00,12.592,17.840874
2020-05-18 10:30:00,12.592,18.368254
2020-05-18 10:45:00,12.662,18.716785
2020-05-18 11:00:00,12.733,19.065222
2020-05-18 11:15:00,12.592,20.184765
2020-05-18 11:30:00,12.662,20.598305
2020-05-18 11:45:00,12.662,20.84908
2020-05-18 12:00:00,12.803,21.12432
2020-05-18 12:15:00,12.874,21.307793
2020-05-18 12:30:00,12.944,21.339771
2020-05-18 12:45:00,13.014,21.466331
2020-05-18 13:00:00,12.592,21.453789
2020-05-18 13:15:00,12.592,21.313183
2020-05-18 13:30:00,12.662,21.199936
2020-05-18 13:45:00,12.874,21.263496
2020-05-18 14:00:00,12.874,21.042898
2020-05-18 14:15:00,12.522,21.25454
2020-05-18 14:30:00,12.17,21.44691
2020-05-18 14:45:00,12.451,21.435902
2020-05-18 15:00:00,12.733,21.350544
2020-05-18 15:15:00,12.803,21.371284
2020-05-18 15:30:00,12.311,21.264875
2020-05-18 15:45:00,12.592,20.607254
2020-05-18 16:00:00,9.426,20.333195
2020-05-18 16:15:00,5.557,19.75833
2020-05-18 16:30:00,6.402,19.332043
2020-05-18 16:45:00,7.035,19.110924
2020-05-18 17:00:00,8.09,18.909931
2020-05-18 17:15:00,6.683,18.73729
2020-05-18 17:30:00,6.542,18.70616
2020-05-18 17:45:00,6.753,18.944386
2020-05-18 18:00:00,6.331,18.807007
2020-05-18 18:15:00,6.261,18.386082
2020-05-18 18:30:00,5.698,18.155453
2020-05-18 18:45:00,5.417,17.927757
2020-05-18 19:00:00,5.346,17.782581
2020-05-18 19:15:00,5.346,17.98389
2020-05-18 19:30:00,5.628,17.880646
2020-05-18 19:45:00,5.909,18.053837
2020-05-18 20:00:00,6.402,18.404373
2020-05-18 20:15:00,7.809,18.598085
2020-05-18 20:30:00,8.301,18.599232
2020-05-18 20:45:00,8.442,18.397255
2020-05-18 21:00:00,8.301,18.449203
2020-05-18 21:15:00,8.371,18.44751
2020-05-18 21:30:00,8.582,18.212868
2020-05-18 21:45:00,8.723,18.174107
2020-05-18 22:00:00,8.653,18.038761
2020-05-18 22:15:00,8.582,18.022797
2020-05-18 22:30:00,8.301,17.98637
2020-05-18 22:45:00,8.512,17.95821
2020-05-18 23:00:00,8.512,17.948526
2020-05-18 23:15:00,8.09,17.858128
2020-05-18 23:30:00,8.02,17.82969
2020-05-18 23:45:00,8.371,17.809578
2020-05-19 00:00:00,8.512,17.53415
2020-05-19 00:15:00,8.653,17.706757
2020-05-19 00:30:00,8.582,17.115791
2020-05-19 00:45:00,8.582,16.905746
2020-05-19 01:00:00,8.512,16.953793
2020-05-19 01:15:00,8.301,17.596962
2020-05-19 01:30:00,8.02,17.51802
2020-05-19 01:45:00,8.231,17.741768
2020-05-19 02:00:00,8.231,17.743717
2020-05-19 02:15:00,8.16,17.607525
2020-05-19 02:30:00,8.16,17.697382
2020-05-19 02:45:00,8.512,17.753475
2020-05-19 03:00:00,8.512,17.639843
2020-05-19 03:15:00,8.301,17.664707
2020-05-19 03:30:00,7.879,17.326187
2020-05-19 03:45:00,8.301,17.766056
2020-05-19 04:00:00,7.809,17.031292
2020-05-19 04:15:00,7.949,17.182674
2020-05-19 04:30:00,7.597,17.393269
2020-05-19 04:45:00,7.597,16.379383
2020-05-19 05:00:00,7.738,17.682056
2020-05-19 05:15:00,7.879,16.937675
2020-05-19 05:30:00,7.949,17.350502
2020-05-19 05:45:00,7.668,17.684502
2020-05-19 06:00:00,7.738,17.754513
2020-05-19 06:15:00,7.879,17.680458
2020-05-19 06:30:00,7.809,17.552158
2020-05-19 06:45:00,8.02,17.591026
2020-05-19 07:00:00,7.949,17.318592
2020-05-19 07:15:00,8.02,16.613625
2020-05-19 07:30:00,7.809,16.216682
2020-05-19 07:45:00,7.949,17.450005
2020-05-19 08:00:00,7.879,17.474628
2020-05-19 08:15:00,7.949,17.369972
2020-05-19 08:30:00,7.879,16.668224
2020-05-19 08:45:00,6.683,16.133026
2020-05-19 09:00:00,7.105,16.141937
2020-05-19 09:15:00,5.346,15.708729
2020-05-19 09:30:00,6.05,15.738948
2020-05-19 09:45:00,7.105,15.776738
2020-05-19 10:00:00,7.597,15.811225
2020-05-19 10:15:00,7.457,15.909575
2020-05-19 10:30:00,7.597,16.044846
2020-05-19 10:45:00,7.457,16.794378
2020-05-19 11:00:00,7.457,17.255995
2020-05-19 11:15:00,7.457,17.442493
2020-05-19 11:30:00,7.597,18.011963
2020-05-19 11:45:00,7.738,18.15554
2020-05-19 12:00:00,7.809,17.797085
2020-05-19 12:15:00,7.949,17.61884
2020-05-19 12:30:00,7.949,17.19926
2020-05-19 12:45:00,8.02,16.817425
2020-05-19 13:00:00,7.879,16.963726
2020-05-19 13:15:00,8.02,17.040308
2020-05-19 13:30:00,7.949,17.158062
2020-05-19 13:45:00,8.02,17.003819
2020-05-19 14:00:00,8.02,16.958391
2020-05-19 14:15:00,7.668,15.764306
2020-05-19 14:30:00,7.668,15.7334795
2020-05-19 14:45:00,7.668,16.490135
2020-05-19 15:00:00,7.668,16.192005
2020-05-19 15:15:00,7.668,16.37276
2020-05-19 15:30:00,7.738,16.03755
2020-05-19 15:45:00,7.668,16.803019
2020-05-19 16:00:00,7.457,17.014774
2020-05-19 16:15:00,7.316,16.67259
2020-05-19 16:30:00,7.105,17.427889
2020-05-19 16:45:00,7.316,17.392967
2020-05-19 17:00:00,7.035,17.02774
2020-05-19 17:15:00,7.105,17.74068
2020-05-19 17:30:00,6.964,17.778645
2020-05-19 17:45:00,7.105,17.764816
2020-05-19 18:00:00,7.175,17.41399
2020-05-19 18:15:00,7.105,17.568735
2020-05-19 18:30:00,7.386,17.704128
2020-05-19 18:45:00,7.457,17.785969
2020-05-19 19:00:00,7.035,17.731136
2020-05-19 19:15:00,7.246,17.87244
2020-05-19 19:30:00,7.246,17.755962
2020-05-19 19:45:00,6.753,17.930813
2020-05-19 20:00:00,6.894,17.853725
2020-05-19 20:15:00,6.964,17.954327
2020-05-19 20:30:00,7.175,17.890457
2020-05-19 20:45:00,7.246,17.875679
2020-05-19 21:00:00,7.386,17.851456
2020-05-19 21:15:00,7.246,17.900108
2020-05-19 21:30:00,7.316,17.807117
2020-05-19 21:45:00,7.175,17.812378
2020-05-19 22:00:00,7.316,17.87835
2020-05-19 22:15:00,7.246,17.88234
2020-05-19 22:30:00,7.246,17.81783
2020-05-19 22:45:00,7.105,17.814602
2020-05-19 23:00:00,7.105,17.765171
2020-05-19 23:15:00,6.964,17.701809
2020-05-19 23:30:00,7.105,17.68403
2020-05-19 23:45:00,7.246,17.67812
2020-05-20 00:00:00,7.105,17.600151
2020-05-20 00:15:00,7.035,17.653519
2020-05-20 00:30:00,6.894,17.092754
2020-05-20 00:45:00,7.246,17.280191
2020-05-20 01:00:00,7.105,17.606632
2020-05-20 01:15:00,7.035,17.800207
2020-05-20 01:30:00,6.753,17.840752
2020-05-20 01:45:00,6.824,17.704746
2020-05-20 02:00:00,6.964,17.824656
2020-05-20 02:15:00,6.964,17.782772
2020-05-20 02:30:00,7.035,17.732998
2020-05-20 02:45:00,6.753,17.90353
2020-05-20 03:00:00,6.753,17.906132
2020-05-20 03:15:00,6.753,17.92754
2020-05-20 03:30:00,6.824,17.918793
2020-05-20 03:45:00,6.683,17.744392
2020-05-20 04:00:00,6.824,17.889843
2020-05-20 04:15:00,7.105,17.88993
2020-05-20 04:30:00,6.753,17.913342
2020-05-20 04:45:00,6.824,17.899849
2020-05-20 05:00:00,6.824,17.913065
2020-05-20 05:15:00,6.753,17.896687
2020-05-20 05:30:00,6.753,17.86267
2020-05-20 05:45:00,6.753,17.7951
2020-05-20 06:00:00,6.753,17.86914
2020-05-20 06:15:00,6.753,16.95568
2020-05-20 06:30:00,6.964,16.924026
2020-05-20 06:45:00,6.824,16.331003
2020-05-20 07:00:00,6.824,16.271809
2020-05-20 07:15:00,6.964,16.528292
2020-05-20 07:30:00,6.894,16.30259
2020-05-20 07:45:00,7.246,15.995189
2020-05-20 08:00:00,7.105,15.809716
2020-05-20 08:15:00,7.035,15.809344
2020-05-20 08:30:00,7.246,15.647757
2020-05-20 08:45:00,7.246,15.478914
2020-05-20 09:00:00,7.246,15.192126
2020-05-20 09:15:00,7.316,14.6909
2020-05-20 09:30:00,7.316,14.9986315
2020-05-20 09:45:00,7.457,15.03021
2020-05-20 10:00:00,7.386,15.102726
2020-05-20 10:15:00,6.964,15.0513525
2020-05-20 10:30:00,7.105,15.383977
2020-05-20 10:45:00,7.457,15.450391
2020-05-20 11:00:00,7.175,15.641933
2020-05-20 11:15:00,7.246,15.741587
2020-05-20 11:30:00,7.105,16.585335
2020-05-20 11:45:00,7.105,16.730148
2020-05-20 12:00:00,6.964,16.642456
2020-05-20 12:15:00,7.035,16.596237
2020-05-20 12:30:00,7.105,16.521786
2020-05-20 12:45:00,6.964,16.382458
2020-05-20 13:00:00,6.824,16.511696
2020-05-20 13:15:00,6.894,16.129238
2020-05-20 13:30:00,6.824,16.145395
2020-05-20 13:45:00,6.753,16.302921
2020-05-20 14:00:00,6.683,15.921836
2020-05-20 14:15:00,6.753,16.264633
2020-05-20 14:30:00,6.613,15.430863
2020-05-20 14:45:00,6.402,15.963633
2020-05-20 15:00:00,6.331,15.19033
2020-05-20 15:15:00,6.331,15.355612
2020-05-20 15:30:00,6.331,15.102285
2020-05-20 15:45:00,6.05,15.125798
2020-05-20 16:00:00,6.542,15.12877
2020-05-20 16:15:00,6.472,15.764088
2020-05-20 16:30:00,3.377,15.540317
2020-05-20 16:45:00,3.236,15.519317
2020-05-20 17:00:00,4.362,15.55093
2020-05-20 17:15:00,5.346,15.641999
2020-05-20 17:30:00,5.417,15.85983
2020-05-20 17:45:00,5.698,15.902195
2020-05-20 18:00:00,5.557,16.472752
2020-05-20 18:15:00,5.557,17.163727
2020-05-20 18:30:00,5.698,17.031517
2020-05-20 18:45:00,5.557,16.70466
2020-05-20 19:00:00,5.628,16.414598
2020-05-20 19:15:00,5.628,16.70069
2020-05-20 19:30:00,5.628,16.479912
2020-05-20 19:45:00,5.698,16.40506
2020-05-20 20:00:00,5.979,16.34381
2020-05-20 20:15:00,5.768,16.823387
2020-05-20 20:30:00,5.768,16.783062
2020-05-20 20:45:00,5.979,16.900814
2020-05-20 21:00:00,5.698,16.930214
2020-05-20 21:15:00,5.698,17.04578
2020-05-20 21:30:00,5.698,17.04095
2020-05-20 21:45:00,5.979,17.11908
2020-05-20 22:00:00,5.909,17.17186
2020-05-20 22:15:00,5.909,17.190712
2020-05-20 22:30:00,5.909,17.154202
2020-05-20 22:45:00,5.909,17.26064
2020-05-20 23:00:00,5.768,17.42986
2020-05-20 23:15:00,5.839,17.370705
2020-05-20 23:30:00,5.698,17.303207
2020-05-20 23:45:00,5.698,17.334309
2020-05-21 00:00:00,5.698,17.330254
2020-05-21 00:15:00,5.487,17.108925
2020-05-21 00:30:00,5.557,16.923782
2020-05-21 00:45:00,5.487,17.479149
2020-05-21 01:00:00,5.417,17.184116
2020-05-21 01:15:00,5.628,17.524216
2020-05-21 01:30:00,5.698,17.374084
2020-05-21 01:45:00,5.698,17.959259
2020-05-21 02:00:00,5.768,17.887844
2020-05-21 02:15:00,5.768,17.76043
2020-05-21 02:30:00,5.698,17.763996
2020-05-21 02:45:00,5.839,17.945887
2020-05-21 03:00:00,5.628,17.59261
2020-05-21 03:15:00,5.698,16.630901
2020-05-21 03:30:00,5.768,16.962303
2020-05-21 03:45:00,5.839,17.95565
2020-05-21 04:00:00,5.698,17.791538
2020-05-21 04:15:00,5.487,17.83205
2020-05-21 04:30:00,5.768,17.895802
2020-05-21 04:45:00,5.839,17.736612
2020-05-21 05:00:00,6.05,17.718613
2020-05-21 05:15:00,6.331,17.690222
2020-05-21 05:30:00,6.191,17.051361
2020-05-21 05:45:00,5.979,17.862732
2020-05-21 06:00:00,5.909,17.849731
2020-05-21 06:15:00,5.979,17.775127
2020-05-21 06:30:00,6.05,17.740818
2020-05-21 06:45:00,6.05,17.83085
2020-05-21 07:00:00,5.979,17.818779
2020-05-21 07:15:00,6.261,17.759132
2020-05-21 07:30:00,5.909,17.618885
2020-05-21 07:45:00,5.909,16.530493
2020-05-21 08:00:00,6.05,16.342113
2020-05-21 08:15:00,6.261,16.275959
2020-05-21 08:30:00,6.331,16.840233
2020-05-21 08:45:00,6.261,16.48094
2020-05-21 09:00:00,6.472,16.534294
2020-05-21 09:15:00,6.12,15.411258
2020-05-21 09:30:00,6.261,15.949552
2020-05-21 09:45:00,6.12,16.177345
2020-05-21 10:00:00,6.402,16.482025
2020-05-21 10:15:00,6.402,16.739159
2020-05-21 10:30:00,6.542,16.810448
2020-05-21 10:45:00,6.542,17.536533
2020-05-21 11:00:00,6.402,17.71231
2020-05-21 11:15:00,6.472,17.87762
2020-05-21 11:30:00,6.542,17.96059
2020-05-21 11:45:00,6.683,18.254635
2020-05-21 12:00:00,6.753,17.905113
2020-05-21 12:15:00,6.683,17.453043
2020-05-21 12:30:00,6.964,18.152023
2020-05-21 12:45:00,6.683,18.357693
2020-05-21 13:00:00,7.105,18.768253
2020-05-21 13:15:00,7.035,19.097202
2020-05-21 13:30:00,7.105,18.84761
2020-05-21 13:45:00,7.035,19.132622
2020-05-21 14:00:00,7.175,18.486437
2020-05-21 14:15:00,7.457,18.212933
2020-05-21 14:30:00,7.105,18.402378
2020-05-21 14:45:00,7.386,18.42543
2020-05-21 15:00:00,7.316,18.45143
2020-05-21 15:15:00,7.105,18.47938
2020-05-21 15:30:00,7.035,18.54584
2020-05-21 15:45:00,7.527,19.132915
2020-05-21 16:00:00,5.628,19.077305
2020-05-21 16:15:00,4.995,18.519005
2020-05-21 16:30:00,4.15,16.961815
2020-05-21 16:45:00,4.01,16.541862
2020-05-21 17:00:00,4.432,15.635545
2020-05-21 17:15:00,5.557,15.7130785
2020-05-21 17:30:00,6.191,15.999106
2020-05-21 17:45:00,6.261,18.119251
2020-05-21 18:00:00,6.472,18.788559
2020-05-21 18:15:00,6.542,17.82426
2020-05-21 18:30:00,6.402,17.722992
2020-05-21 18:45:00,6.402,16.845325
2020-05-21 19:00:00,6.472,15.825652
2020-05-21 19:15:00,6.542,16.06882
2020-05-21 19:30:00,6.683,16.142067
2020-05-21 19:45:00,6.683,16.182974
2020-05-21 20:00:00,6.894,16.206177
2020-05-21 20:15:00,6.683,17.007452
2020-05-21 20:30:00,6.683,16.998379
2020-05-21 20:45:00,6.613,17.228207
2020-05-21 21:00:00,6.613,17.301102
2020-05-21 21:15:00,6.613,17.421139
2020-05-21 21:30:00,6.753,17.412846
2020-05-21 21:45:00,6.964,17.603313
2020-05-21 22:00:00,6.894,17.660797
2020-05-21 22:15:00,6.964,17.613949
2020-05-21 22:30:00,6.894,17.424683
2020-05-21 22:45:00,6.613,17.534908
2020-05-21 23:00:00,6.683,17.58016
2020-05-21 23:15:00,6.894,17.358524
2020-05-21 23:30:00,7.105,17.243439
2020-05-21 23:45:00,7.175,16.939087
2020-05-22 00:00:00,6.964,16.655693
2020-05-22 00:15:00,6.964,18.156061
2020-05-22 00:30:00,7.105,17.064217
2020-05-22 00:45:00,7.246,17.206005
2020-05-22 01:00:00,7.316,17.074415
2020-05-22 01:15:00,7.175,16.511562
2020-05-22 01:30:00,7.386,17.590382
2020-05-22 01:45:00,7.316,17.596958
2020-05-22 02:00:00,7.457,17.862808
2020-05-22 02:15:00,7.457,16.631649
2020-05-22 02:30:00,7.738,16.692356
2020-05-22 02:45:00,7.809,16.44888
2020-05-22 03:00:00,7.879,16.49578
2020-05-22 03:15:00,8.02,16.490768
2020-05-22 03:30:00,8.231,16.345333
2020-05-22 03:45:00,8.16,16.309702
2020-05-22 04:00:00,8.301,16.178314
2020-05-22 04:15:00,8.371,17.650688
2020-05-22 04:30:00,8.512,17.66978
2020-05-22 04:45:00,9.004,17.886883
2020-05-22 05:00:00,9.004,17.825668
2020-05-22 05:15:00,8.934,17.888767
2020-05-22 05:30:00,8.793,17.878155
2020-05-22 05:45:00,8.864,17.737854
2020-05-22 06:00:00,9.145,17.708427
2020-05-22 06:15:00,8.934,17.681528
2020-05-22 06:30:00,7.949,17.646248
2020-05-22 06:45:00,7.035,17.680521
2020-05-22 07:00:00,7.457,17.751919
2020-05-22 07:15:00,7.668,17.737408
2020-05-22 07:30:00,7.105,17.766556
2020-05-22 07:45:00,6.964,17.967773
2020-05-22 08:00:00,6.824,18.356472
2020-05-22 08:15:00,6.824,18.559704
2020-05-22 08:30:00,7.246,18.502823
2020-05-22 08:45:00,6.753,17.73053
2020-05-22 09:00:00,6.683,17.462658
2020-05-22 09:15:00,6.683,17.63519
2020-05-22 09:30:00,6.402,17.383503
2020-05-22 09:45:00,6.472,18.052197
2020-05-22 10:00:00,6.402,17.856918
2020-05-22 10:15:00,6.753,17.818336
2020-05-22 10:30:00,6.964,17.280014
2020-05-22 10:45:00,5.346,17.671158
2020-05-22 11:00:00,3.728,17.639946
2020-05-22 11:15:00,3.869,16.841843
2020-05-22 11:30:00,4.221,17.287968
2020-05-22 11:45:00,4.643,17.349648
2020-05-22 12:00:00,4.15,18.27158
2020-05-22 12:15:00,5.206,17.994797
2020-05-22 12:30:00,6.402,18.510784
2020-05-22 12:45:00,6.542,18.695074
2020-05-22 13:00:00,6.542,19.109243
2020-05-22 13:15:00,7.035,18.563786
2020-05-22 13:30:00,6.261,19.06047
2020-05-22 13:45:00,6.472,18.925549
2020-05-22 14:00:00,6.964,19.682575
2020-05-22 14:15:00,6.05,19.37445
2020-05-22 14:30:00,5.346,18.155056
2020-05-22 14:45:00,5.557,18.836168
2020-05-22 15:00:00,6.261,17.955097
2020-05-22 15:15:00,6.683,18.103943
2020-05-22 15:30:00,6.191,17.97332
2020-05-22 15:45:00,6.402,19.01577
2020-05-22 16:00:00,6.12,18.813961
2020-05-22 16:15:00,6.613,19.234188
2020-05-22 16:30:00,6.261,19.564133
2020-05-22 16:45:00,6.683,19.780514
2020-05-22 17:00:00,6.894,19.85284
2020-05-22 17:15:00,7.175,19.710793
2020-05-22 17:30:00,6.613,19.619871
2020-05-22 17:45:00,6.331,19.297615
2020-05-22 18:00:00,6.261,19.540604
2020-05-22 18:15:00,6.402,18.952772
2020-05-22 18:30:00,6.542,18.789917
2020-05-22 18:45:00,6.683,18.70605
2020-05-22 19:00:00,7.035,18.574715
2020-05-22 19:15:00,7.386,18.706108
2020-05-22 19:30:00,7.597,18.568844
2020-05-22 19:45:00,7.738,18.255665
2020-05-22 20:00:00,7.527,18.238087
2020-05-22 20:15:00,7.457,18.362549
2020-05-22 20:30:00,7.668,18.282291
2020-05-22 20:45:00,7.457,18.17437
2020-05-22 21:00:00,7.738,18.289623
2020-05-22 21:15:00,7.879,18.498608
2020-05-22 21:30:00,7.809,18.397728
2020-05-22 21:45:00,7.809,17.463078
2020-05-22 22:00:00,7.809,17.859543
2020-05-22 22:15:00,7.457,17.571625
2020-05-22 22:30:00,6.964,17.763046
2020-05-22 22:45:00,7.035,17.588419
2020-05-22 23:00:00,6.753,17.434551
2020-05-22 23:15:00,6.261,17.297565
2020-05-22 23:30:00,6.402,17.422035
2020-05-22 23:45:00,6.824,16.879028
2020-05-23 00:00:00,7.105,17.672169
2020-05-23 00:15:00,6.824,17.971985
2020-05-23 00:30:00,6.894,17.337776
2020-05-23 00:45:00,6.753,17.070911
2020-05-23 01:00:00,6.613,17.602379
2020-05-23 01:15:00,6.261,17.607983
2020-05-23 01:30:00,6.683,17.67089
2020-05-23 01:45:00,6.753,17.689053
2020-05-23 02:00:00,6.824,17.664608
2020-05-23 02:15:00,6.753,17.584236
2020-05-23 02:30:00,6.402,17.561398
2020-05-23 02:45:00,6.472,17.699799
2020-05-23 03:00:00,6.472,17.681599
2020-05-23 03:15:00,7.035,17.688671
2020-05-23 03:30:00,7.668,17.552616
2020-05-23 03:45:00,7.457,17.734276
2020-05-23 04:00:00,7.597,17.125193
2020-05-23 04:15:00,7.738,17.426746
2020-05-23 04:30:00,7.668,17.483051
2020-05-23 04:45:00,7.175,17.073795
2020-05-23 05:00:00,6.894,17.5484
2020-05-23 05:15:00,7.527,17.62535
2020-05-23 05:30:00,7.597,17.587925
2020-05-23 05:45:00,7.668,17.609928
2020-05-23 06:00:00,7.668,17.548424
2020-05-23 06:15:00,7.738,17.44967
2020-05-23 06:30:00,8.16,17.341496
2020-05-23 06:45:00,8.793,17.237175
2020-05-23 07:00:00,9.215,16.37856
2020-05-23 07:15:00,9.215,16.509453
2020-05-23 07:30:00,9.708,16.972284
2020-05-23 07:45:00,9.356,17.764305
2020-05-23 08:00:00,9.849,18.291965
2020-05-23 08:15:00,9.919,18.575596
2020-05-23 08:30:00,9.849,19.010952
2020-05-23 08:45:00,9.004,19.114159
2020-05-23 09:00:00,9.004,19.238155
2020-05-23 09:15:00,9.075,19.463097
2020-05-23 09:30:00,8.934,19.719913
2020-05-23 09:45:00,9.215,19.808481
2020-05-23 10:00:00,9.286,19.800703
2020-05-23 10:15:00,9.286,19.89153
2020-05-23 10:30:00,9.638,20.058441
2020-05-23 10:45:00,9.497,20.126053
2020-05-23 11:00:00,9.567,20.033714
2020-05-23 11:15:00,9.286,19.999882
2020-05-23 11:30:00,9.497,20.373535
2020-05-23 11:45:00,9.145,20.73558
2020-05-23 12:00:00,9.215,20.845062
2020-05-23 12:15:00,9.356,21.002632
2020-05-23 12:30:00,9.286,21.253578
2020-05-23 12:45:00,9.215,21.539452
2020-05-23 13:00:00,9.215,21.64246
2020-05-23 13:15:00,9.497,21.61255
2020-05-23 13:30:00,10.06,21.587582
2020-05-23 13:45:00,9.919,21.542196
2020-05-23 14:00:00,10.482,21.63216
2020-05-23 14:15:00,10.341,21.642345
2020-05-23 14:30:00,10.763,21.48603
2020-05-23 14:45:00,11.537,21.47581
2020-05-23 15:00:00,11.959,21.549568
2020-05-23 15:15:00,11.678,21.54969
2020-05-23 15:30:00,11.748,21.526161
2020-05-23 15:45:00,12.1,21.56352
2020-05-23 16:00:00,11.678,21.541561
2020-05-23 16:15:00,11.467,21.512798
2020-05-23 16:30:00,12.029,21.478657
2020-05-23 16:45:00,11.818,21.475658
2020-05-23 17:00:00,11.678,21.437525
2020-05-23 17:15:00,11.537,21.447006
2020-05-23 17:30:00,11.467,21.406324
2020-05-23 17:45:00,11.818,21.00159
2020-05-23 18:00:00,11.467,20.982536
2020-05-23 18:15:00,11.256,20.993155
2020-05-23 18:30:00,10.552,20.519398
2020-05-23 18:45:00,10.482,20.353748
2020-05-23 19:00:00,9.919,20.29607
2020-05-23 19:15:00,9.849,20.127935
2020-05-23 19:30:00,9.638,19.585243
2020-05-23 19:45:00,9.567,19.182095
2020-05-23 20:00:00,9.497,19.056065
2020-05-23 20:15:00,9.567,18.990318
2020-05-23 20:30:00,9.286,18.783245
2020-05-23 20:45:00,9.497,18.677582
2020-05-23 21:00:00,9.426,18.719624
2020-05-23 21:15:00,9.497,18.802584
2020-05-23 21:30:00,9.145,19.010597
2020-05-23 21:45:00,9.215,19.380642
2020-05-23 22:00:00,9.286,19.568024
2020-05-23 22:15:00,9.286,19.211033
2020-05-23 22:30:00,9.215,19.030155
2020-05-23 22:45:00,8.934,18.686466
2020-05-23 23:00:00,8.793,18.43217
2020-05-23 23:15:00,8.723,18.373238
2020-05-23 23:30:00,8.723,18.302204
2020-05-23 23:45:00,8.512,18.033499
2020-05-24 00:00:00,8.442,17.980865
2020-05-24 00:15:00,8.512,17.240215
2020-05-24 00:30:00,8.582,17.685772
2020-05-24 00:45:00,8.582,17.375187
2020-05-24 01:00:00,8.723,16.784801
2020-05-24 01:15:00,8.371,17.400229
2020-05-24 01:30:00,8.653,16.302006
2020-05-24 01:45:00,8.301,16.42873
2020-05-24 02:00:00,8.371,16.127892
2020-05-24 02:15:00,8.371,16.329876
2020-05-24 02:30:00,8.371,16.164322
2020-05-24 02:45:00,8.231,16.406696
2020-05-24 03:00:00,8.301,16.338535
2020-05-24 03:15:00,8.301,16.835293
2020-05-24 03:30:00,8.16,16.56913
2020-05-24 03:45:00,8.231,16.36832
2020-05-24 04:00:00,8.231,16.79121
2020-05-24 04:15:00,8.02,16.26231
2020-05-24 04:30:00,7.949,16.158955
2020-05-24 04:45:00,8.231,15.899871
2020-05-24 05:00:00,8.16,15.914727
2020-05-24 05:15:00,8.442,15.831708
2020-05-24 05:30:00,8.301,15.764639
2020-05-24 05:45:00,8.09,15.714178
2020-05-24 06:00:00,8.512,15.531016
2020-05-24 06:15:00,8.723,15.4782095
2020-05-24 06:30:00,8.934,15.78324
2020-05-24 06:45:00,8.864,16.453932
2020-05-24 07:00:00,9.145,17.058178
2020-05-24 07:15:00,9.286,17.019157
2020-05-24 07:30:00,9.286,17.104862
2020-05-24 07:45:00,9.215,17.229565
2020-05-24 08:00:00,9.286,17.778126
2020-05-24 08:15:00,9.567,18.312428
2020-05-24 08:30:00,9.286,19.022541
2020-05-24 08:45:00,9.567,19.227062
2020-05-24 09:00:00,9.638,19.41843
2020-05-24 09:15:00,9.286,19.434471
2020-05-24 09:30:00,9.497,19.198387
2020-05-24 09:45:00,8.582,18.987846
2020-05-24 10:00:00,8.864,18.8181
2020-05-24 10:15:00,9.075,18.16689
2020-05-24 10:30:00,9.215,18.238678
2020-05-24 10:45:00,9.426,18.510817
2020-05-24 11:00:00,9.567,18.552425
2020-05-24 11:15:00,9.567,18.951859
2020-05-24 11:30:00,9.497,19.512917
2020-05-24 11:45:00,9.567,19.535633
2020-05-24 12:00:00,9.497,20.542465
2020-05-24 12:15:00,9.567,20.72018
2020-05-24 12:30:00,9.215,20.729677
2020-05-24 12:45:00,8.864,20.961918
2020-05-24 13:00:00,9.075,21.126385
2020-05-24 13:15:00,9.567,20.849598
2020-05-24 13:30:00,9.919,21.140888
2020-05-24 13:45:00,9.849,21.22311
2020-05-24 14:00:00,9.778,21.183449
2020-05-24 14:15:00,10.341,21.386257
2020-05-24 14:30:00,10.2,21.311779
2020-05-24 14:45:00,10.693,21.309189
2020-05-24 15:00:00,11.185,21.476429
2020-05-24 15:15:00,11.396,21.529705
2020-05-24 15:30:00,11.678,21.476315
2020-05-24 15:45:00,11.256,21.5449
2020-05-24 16:00:00,10.763,21.513454
2020-05-24 16:15:00,10.482,21.477695
2020-05-24 16:30:00,10.482,21.441574
2020-05-24 16:45:00,10.271,21.385857
2020-05-24 17:00:00,9.919,21.348465
2020-05-24 17:15:00,10.271,20.989456
2020-05-24 17:30:00,10.2,20.94516
2020-05-24 17:45:00,10.482,20.93139
2020-05-24 18:00:00,10.341,20.563251
2020-05-24 18:15:00,10.2,20.404806
2020-05-24 18:30:00,10.2,20.405075
2020-05-24 18:45:00,10.13,20.298164
2020-05-24 19:00:00,9.919,19.59729
2020-05-24 19:15:00,9.989,19.164299
2020-05-24 19:30:00,10.13,18.96236
2020-05-24 19:45:00,9.778,18.91357
2020-05-24 20:00:00,9.919,18.723373
2020-05-24 20:15:00,9.919,18.68063
2020-05-24 20:30:00,9.567,18.340443
2020-05-24 20:45:00,9.567,18.564922
2020-05-24 21:00:00,9.426,18.475584
2020-05-24 21:15:00,9.356,18.512728
2020-05-24 21:30:00,9.426,18.47279
2020-05-24 21:45:00,9.426,18.452126
2020-05-24 22:00:00,9.356,17.963165
2020-05-24 22:15:00,9.286,18.173641
2020-05-24 22:30:00,9.215,18.075813
2020-05-24 22:45:00,9.215,18.046352
2020-05-24 23:00:00,9.215,18.2499
2020-05-24 23:15:00,9.145,17.81908
2020-05-24 23:30:00,9.075,17.87822
2020-05-24 23:45:00,8.864,17.281242
2020-05-25 00:00:00,8.723,18.063469
2020-05-25 00:15:00,8.653,18.430517
2020-05-25 00:30:00,8.582,17.375244
2020-05-25 00:45:00,8.723,18.125355
2020-05-25 01:00:00,8.512,17.770966
2020-05-25 01:15:00,8.512,18.069813
2020-05-25 01:30:00,8.653,18.058117
2020-05-25 01:45:00,8.723,18.039091
2020-05-25 02:00:00,8.653,18.036219
2020-05-25 02:15:00,8.653,18.104805
2020-05-25 02:30:00,8.793,17.28289
2020-05-25 02:45:00,8.653,18.245838
2020-05-25 03:00:00,7.738,16.9295
2020-05-25 03:15:00,8.09,17.14988
2020-05-25 03:30:00,8.16,17.215504
2020-05-25 03:45:00,8.231,17.362476
2020-05-25 04:00:00,8.512,17.507523
2020-05-25 04:15:00,8.723,16.938503
2020-05-25 04:30:00,8.934,16.89483
2020-05-25 04:45:00,8.934,17.82829
2020-05-25 05:00:00,9.004,16.921011
2020-05-25 05:15:00,9.145,16.794197
2020-05-25 05:30:00,9.426,16.742023
2020-05-25 05:45:00,9.215,17.827087
2020-05-25 06:00:00,9.145,17.922398
2020-05-25 06:15:00,9.075,17.835003
2020-05-25 06:30:00,9.286,17.815186
2020-05-25 06:45:00,9.215,17.472927
2020-05-25 07:00:00,9.426,16.427067
2020-05-25 07:15:00,8.934,16.73573
2020-05-25 07:30:00,9.075,17.164894
2020-05-25 07:45:00,9.215,17.465143
2020-05-25 08:00:00,9.145,17.177246
2020-05-25 08:15:00,9.286,17.452366
2020-05-25 08:30:00,9.497,18.105442
2020-05-25 08:45:00,9.426,18.36541
2020-05-25 09:00:00,9.778,19.23087
2020-05-25 09:15:00,9.567,19.028938
2020-05-25 09:30:00,9.638,19.191399
2020-05-25 09:45:00,9.919,19.939547
2020-05-25 10:00:00,9.919,20.354046
2020-05-25 10:15:00,9.919,20.175129
2020-05-25 10:30:00,9.989,19.86827
2020-05-25 10:45:00,9.567,19.753277
2020-05-25 11:00:00,9.426,19.412811
2020-05-25 11:15:00,9.497,19.640644
2020-05-25 11:30:00,9.286,19.90504
2020-05-25 11:45:00,9.145,20.156775
2020-05-25 12:00:00,9.215,20.167389
2020-05-25 12:15:00,9.356,20.44241
2020-05-25 12:30:00,9.215,20.389757
2020-05-25 12:45:00,9.356,20.927984
2020-05-25 13:00:00,9.215,21.320484
2020-05-25 13:15:00,9.356,21.436245
2020-05-25 13:30:00,9.075,21.453842
2020-05-25 13:45:00,8.864,21.579342
2020-05-25 14:00:00,8.864,21.518478
2020-05-25 14:15:00,8.864,21.510376
2020-05-25 14:30:00,8.723,21.416615
2020-05-25 14:45:00,8.793,21.421291
2020-05-25 15:00:00,8.653,20.97306
2020-05-25 15:15:00,8.582,20.952251
2020-05-25 15:30:00,8.653,20.977638
2020-05-25 15:45:00,8.653,21.276276
2020-05-25 16:00:00,8.512,20.481209
2020-05-25 16:15:00,8.582,20.461388
2020-05-25 16:30:00,8.512,20.331648
2020-05-25 16:45:00,8.864,20.390709
2020-05-25 17:00:00,8.864,20.36073
2020-05-25 17:15:00,4.995,20.380112
2020-05-25 17:30:00,5.206,19.72448
2020-05-25 17:45:00,5.065,19.778843
2020-05-25 18:00:00,5.979,18.952251
2020-05-25 18:15:00,5.628,18.743782
2020-05-25 18:30:00,5.346,19.6055
2020-05-25 18:45:00,6.191,19.63935
2020-05-25 19:00:00,6.824,19.755768
2020-05-25 19:15:00,7.316,19.561234
2020-05-25 19:30:00,7.316,19.227104
2020-05-25 19:45:00,7.035,18.962185
2020-05-25 20:00:00,5.768,18.87818
2020-05-25 20:15:00,5.487,18.89328
2020-05-25 20:30:00,5.979,18.89743
2020-05-25 20:45:00,5.698,18.767666
2020-05-25 21:00:00,6.261,18.792545
2020-05-25 21:15:00,6.331,18.952103
2020-05-25 21:30:00,6.824,18.91816
2020-05-25 21:45:00,6.12,18.208996
2020-05-25 22:00:00,5.698,18.465992
2020-05-25 22:15:00,5.557,18.628368
2020-05-25 22:30:00,6.261,18.234657
2020-05-25 22:45:00,6.542,18.13095
2020-05-25 23:00:00,6.261,18.106342
2020-05-25 23:15:00,6.753,17.993084
2020-05-25 23:30:00,6.824,17.941185
2020-05-25 23:45:00,6.964,17.780193
2020-05-26 00:00:00,7.527,17.976398
2020-05-26 00:15:00,7.597,18.508911
2020-05-26 00:30:00,7.738,17.703304
2020-05-26 00:45:00,8.09,16.575792
2020-05-26 01:00:00,8.09,15.966699
2020-05-26 01:15:00,7.668,16.539051
2020-05-26 01:30:00,8.371,16.892536
2020-05-26 01:45:00,7.457,17.559116
2020-05-26 02:00:00,7.457,16.882643
2020-05-26 02:15:00,7.316,16.82468
2020-05-26 02:30:00,7.879,17.289022
2020-05-26 02:45:00,7.527,16.00056
2020-05-26 03:00:00,7.527,16.00798
2020-05-26 03:15:00,8.301,15.947018
2020-05-26 03:30:00,8.723,16.002247
2020-05-26 03:45:00,8.09,16.648836
2020-05-26 04:00:00,8.231,16.06226
2020-05-26 04:15:00,7.457,15.803808
2020-05-26 04:30:00,7.316,15.900668
2020-05-26 04:45:00,7.809,15.85237
2020-05-26 05:00:00,8.512,15.890324
2020-05-26 05:15:00,8.582,15.888571
2020-05-26 05:30:00,8.512,15.864034
2020-05-26 05:45:00,8.301,15.843024
2020-05-26 06:00:00,8.512,15.800321
2020-05-26 06:15:00,8.16,15.74074
2020-05-26 06:30:00,8.582,15.942622
2020-05-26 06:45:00,9.145,16.238625
2020-05-26 07:00:00,8.371,16.40512
2020-05-26 07:15:00,7.949,16.863373
2020-05-26 07:30:00,7.879,16.996975
2020-05-26 07:45:00,7.668,17.082138
2020-05-26 08:00:00,7.597,17.165455
2020-05-26 08:15:00,7.949,17.201166
2020-05-26 08:30:00,8.371,17.663013
2020-05-26 08:45:00,8.512,17.862965
2020-05-26 09:00:00,8.442,18.29021
2020-05-26 09:15:00,7.738,18.2855
2020-05-26 09:30:00,7.668,18.397938
2020-05-26 09:45:00,7.879,18.525188
2020-05-26 10:00:00,8.16,18.919395
2020-05-26 10:15:00,7.738,18.92496
2020-05-26 10:30:00,8.09,18.70079
2020-05-26 10:45:00,8.301,18.591204
2020-05-26 11:00:00,8.301,18.19748
2020-05-26 11:15:00,8.582,17.86996
2020-05-26 11:30:00,9.075,17.742462
2020-05-26 11:45:00,8.864,18.53129
2020-05-26 12:00:00,8.723,19.1399
2020-05-26 12:15:00,8.723,19.663586
2020-05-26 12:30:00,8.723,19.977959
2020-05-26 12:45:00,8.934,20.31213
2020-05-26 13:00:00,9.426,19.871344
2020-05-26 13:15:00,9.567,19.849934
2020-05-26 13:30:00,9.075,20.15448
2020-05-26 13:45:00,9.497,20.464325
2020-05-26 14:00:00,9.215,20.430054
2020-05-26 14:15:00,9.215,20.360188
2020-05-26 14:30:00,9.286,20.321293
2020-05-26 14:45:00,9.286,20.459644
2020-05-26 15:00:00,9.356,20.737247
2020-05-26 15:15:00,9.075,21.263618
2020-05-26 15:30:00,9.356,20.802685
2020-05-26 15:45:00,9.215,20.599255
2020-05-26 16:00:00,9.426,20.415539
2020-05-26 16:15:00,9.286,20.161718
2020-05-26 16:30:00,9.286,20.258598
2020-05-26 16:45:00,9.075,20.28712
2020-05-26 17:00:00,9.075,20.379517
2020-05-26 17:15:00,9.215,20.326681
2020-05-26 17:30:00,8.934,19.465858
2020-05-26 17:45:00,8.934,19.137806
2020-05-26 18:00:00,8.864,18.799482
2020-05-26 18:15:00,9.075,18.70316
2020-05-26 18:30:00,8.723,18.48359
2020-05-26 18:45:00,8.864,18.468346
2020-05-26 19:00:00,8.934,18.500607
2020-05-26 19:15:00,8.442,18.491848
2020-05-26 19:30:00,8.301,18.173521
2020-05-26 19:45:00,8.16,18.014545
2020-05-26 20:00:00,8.371,17.927181
2020-05-26 20:15:00,8.793,18.070053
2020-05-26 20:30:00,9.004,18.039745
2020-05-26 20:45:00,9.286,18.086033
2020-05-26 21:00:00,9.426,18.101994
2020-05-26 21:15:00,9.145,18.117126
2020-05-26 21:30:00,9.075,18.037792
2020-05-26 21:45:00,8.934,17.931696
2020-05-26 22:00:00,8.864,17.949806
2020-05-26 22:15:00,9.286,17.999565
2020-05-26 22:30:00,9.356,18.044884
2020-05-26 22:45:00,9.215,17.97089
2020-05-26 23:00:00,9.004,17.894382
2020-05-26 23:15:00,8.723,17.713627
2020-05-26 23:30:00,8.371,17.607048
2020-05-26 23:45:00,8.442,17.713978
2020-05-27 00:00:00,8.371,17.793865
2020-05-27 00:15:00,8.442,17.659626
2020-05-27 00:30:00,8.582,17.410755
2020-05-27 00:45:00,8.371,17.91475
2020-05-27 01:00:00,8.864,17.919422
2020-05-27 01:15:00,9.004,18.006752
2020-05-27 01:30:00,9.075,17.992723
2020-05-27 01:45:00,9.497,17.990475
2020-05-27 02:00:00,9.426,17.994299
2020-05-27 02:15:00,9.426,17.996845
2020-05-27 02:30:00,9.426,17.940372
2020-05-27 02:45:00,9.075,17.966736
2020-05-27 03:00:00,9.215,17.931595
2020-05-27 03:15:00,9.145,17.912197
2020-05-27 03:30:00,9.215,17.922153
2020-05-27 03:45:00,9.497,18.015398
2020-05-27 04:00:00,9.426,17.970541
2020-05-27 04:15:00,9.708,16.93845
2020-05-27 04:30:00,10.13,18.01714
2020-05-27 04:45:00,9.356,17.992828
2020-05-27 05:00:00,9.356,17.974216
2020-05-27 05:15:00,9.356,17.995432
2020-05-27 05:30:00,9.497,17.988087
2020-05-27 05:45:00,9.286,17.98143
2020-05-27 06:00:00,9.919,17.972202
2020-05-27 06:15:00,9.849,17.907856
2020-05-27 06:30:00,9.708,17.960773
2020-05-27 06:45:00,9.215,17.978926
2020-05-27 07:00:00,9.778,17.711258
2020-05-27 07:15:00,9.567,17.727198
2020-05-27 07:30:00,9.075,16.942663
2020-05-27 07:45:00,9.426,17.591896
2020-05-27 08:00:00,9.286,17.75135
2020-05-27 08:15:00,9.426,18.119743
2020-05-27 08:30:00,8.864,18.255796
2020-05-27 08:45:00,9.426,18.299284
2020-05-27 09:00:00,9.567,18.105911
2020-05-27 09:15:00,9.497,17.814352
2020-05-27 09:30:00,9.497,18.399319
2020-05-27 09:45:00,9.638,18.465176
2020-05-27 10:00:00,9.567,18.54293
2020-05-27 10:15:00,9.215,18.306583
2020-05-27 10:30:00,9.567,18.63961
2020-05-27 10:45:00,9.638,18.812656
2020-05-27 11:00:00,9.215,19.465471
2020-05-27 11:15:00,9.497,19.546288
2020-05-27 11:30:00,9.778,19.178867
2020-05-27 11:45:00,9.919,19.498692
2020-05-27 12:00:00,10.13,20.04068
2020-05-27 12:15:00,9.778,20.21082
2020-05-27 12:30:00,10.06,20.329996
2020-05-27 12:45:00,10.271,20.232826
2020-05-27 13:00:00,10.763,20.479502
2020-05-27 13:15:00,10.411,20.473644
2020-05-27 13:30:00,10.482,20.343884
2020-05-27 13:45:00,10.693,20.43032
2020-05-27 14:00:00,10.622,20.258398
2020-05-27 14:15:00,10.763,20.726383
2020-05-27 14:30:00,10.904,21.044727
2020-05-27 14:45:00,11.044,21.149086
2020-05-27 15:00:00,11.537,21.23243
2020-05-27 15:15:00,11.326,21.301651
2020-05-27 15:30:00,11.537,21.346882
2020-05-27 15:45:00,11.115,21.507631
2020-05-27 16:00:00,11.607,21.518574
2020-05-27 16:15:00,11.959,21.438755
2020-05-27 16:30:00,11.748,21.487476
2020-05-27 16:45:00,11.678,21.360617
2020-05-27 17:00:00,11.326,21.342184
2020-05-27 17:15:00,11.185,21.19114
2020-05-27 17:30:00,11.607,20.97623
2020-05-27 17:45:00,11.396,20.558292
2020-05-27 18:00:00,11.467,20.567421
2020-05-27 18:15:00,11.185,20.476292
2020-05-27 18:30:00,10.974,20.368298
2020-05-27 18:45:00,10.552,20.264633
2020-05-27 19:00:00,10.482,19.505157
2020-05-27 19:15:00,10.06,18.961458
2020-05-27 19:30:00,10.13,18.766438
2020-05-27 19:45:00,10.13,18.504467
2020-05-27 20:00:00,10.13,18.326027
2020-05-27 20:15:00,9.919,18.234337
2020-05-27 20:30:00,9.919,18.100334
2020-05-27 20:45:00,9.778,18.130402
2020-05-27 21:00:00,9.919,18.096626
2020-05-27 21:15:00,9.778,18.21915
2020-05-27 21:30:00,9.919,18.198221
2020-05-27 21:45:00,9.989,17.7361
2020-05-27 22:00:00,9.849,17.660955
2020-05-27 22:15:00,9.708,17.60307
2020-05-27 22:30:00,9.778,17.607655
2020-05-27 22:45:00,9.989,17.640556
2020-05-27 23:00:00,10.2,17.581963
2020-05-27 23:15:00,10.411,17.61258
2020-05-27 23:30:00,10.13,17.5915
2020-05-27 23:45:00,10.13,17.567215
2020-05-28 00:00:00,10.06,17.640553
2020-05-28 00:15:00,10.2,17.72363
2020-05-28 00:30:00,9.919,17.442978
2020-05-28 00:45:00,9.708,17.265747
2020-05-28 01:00:00,10.13,16.914772
2020-05-28 01:15:00,9.778,16.85756
2020-05-28 01:30:00,9.638,17.134624
2020-05-28 01:45:00,9.849,16.679207
2020-05-28 02:00:00,10.13,16.44595
2020-05-28 02:15:00,9.919,17.03114
2020-05-28 02:30:00,9.919,16.805466
2020-05-28 02:45:00,10.06,16.83205
2020-05-28 03:00:00,9.919,16.80085
2020-05-28 03:15:00,9.989,16.617203
2020-05-28 03:30:00,9.778,16.517866
2020-05-28 03:45:00,9.778,16.540375
2020-05-28 04:00:00,9.708,16.741299
2020-05-28 04:15:00,9.145,16.634533
2020-05-28 04:30:00,9.426,16.813477
2020-05-28 04:45:00,9.778,16.597528
2020-05-28 05:00:00,9.919,16.719433
2020-05-28 05:15:00,10.13,16.777317
2020-05-28 05:30:00,10.482,16.62429
2020-05-28 05:45:00,10.271,16.85888
2020-05-28 06:00:00,10.2,17.373047
2020-05-28 06:15:00,10.482,17.476639
2020-05-28 06:30:00,10.482,17.450436
2020-05-28 06:45:00,10.552,16.594725
2020-05-28 07:00:00,10.974,16.56609
2020-05-28 07:15:00,10.904,16.27493
2020-05-28 07:30:00,10.482,17.446522
2020-05-28 07:45:00,10.2,17.764294
2020-05-28 08:00:00,10.482,18.201054
2020-05-28 08:15:00,10.552,18.419685
2020-05-28 08:30:00,10.482,18.697157
2020-05-28 08:45:00,10.271,18.374493
2020-05-28 09:00:00,10.411,18.358028
2020-05-28 09:15:00,10.341,18.276104
2020-05-28 09:30:00,10.13,18.618229
2020-05-28 09:45:00,10.2,18.447691
2020-05-28 10:00:00,10.271,18.435318
2020-05-28 10:15:00,10.482,18.973938
2020-05-28 10:30:00,10.2,19.375114
2020-05-28 10:45:00,10.552,19.624054
2020-05-28 11:00:00,10.693,19.704506
2020-05-28 11:15:00,10.622,19.698318
2020-05-28 11:30:00,10.622,19.91542
2020-05-28 11:45:00,10.693,20.130554
2020-05-28 12:00:00,10.552,20.462238
2020-05-28 12:15:00,10.482,20.61483
2020-05-28 12:30:00,10.482,20.6744
2020-05-28 12:45:00,10.622,20.924294
2020-05-28 13:00:00,10.693,20.773026
2020-05-28 13:15:00,11.044,20.268066
2020-05-28 13:30:00,11.326,20.07454
2020-05-28 13:45:00,11.326,20.306602
2020-05-28 14:00:00,11.326,20.270504
2020-05-28 14:15:00,11.678,20.249485
2020-05-28 14:30:00,11.326,20.198368
2020-05-28 14:45:00,11.678,19.846678
2020-05-28 15:00:00,11.959,20.758781
2020-05-28 15:15:00,11.889,20.624744
2020-05-28 15:30:00,12.029,20.452461
2020-05-28 15:45:00,11.678,20.664314
2020-05-28 16:00:00,11.537,21.236546
2020-05-28 16:15:00,11.537,20.799458
2020-05-28 16:30:00,11.537,20.714634
2020-05-28 16:45:00,11.678,21.058628
2020-05-28 17:00:00,11.467,20.694496
2020-05-28 17:15:00,11.748,20.470669
2020-05-28 17:30:00,11.607,20.273674
2020-05-28 17:45:00,11.537,20.425219
2020-05-28 18:00:00,11.256,20.324558
2020-05-28 18:15:00,11.185,20.31211
2020-05-28 18:30:00,11.185,20.324991
2020-05-28 18:45:00,10.833,20.320858
2020-05-28 19:00:00,11.115,20.388187
2020-05-28 19:15:00,10.904,20.352457
2020-05-28 19:30:00,10.904,19.993046
2020-05-28 19:45:00,10.833,19.988945
2020-05-28 20:00:00,10.763,19.761417
2020-05-28 20:15:00,10.833,19.59439
2020-05-28 20:30:00,10.833,19.28069
2020-05-28 20:45:00,10.622,19.165852
2020-05-28 21:00:00,10.693,19.134602
2020-05-28 21:15:00,10.622,19.034344
2020-05-28 21:30:00,10.622,18.70496
2020-05-28 21:45:00,10.763,18.200298
2020-05-28 22:00:00,10.763,17.586016
2020-05-28 22:15:00,10.693,17.216686
2020-05-28 22:30:00,10.622,16.921984
2020-05-28 22:45:00,10.763,18.459892
2020-05-28 23:00:00,10.552,19.107288
2020-05-28 23:15:00,10.482,18.753826
2020-05-28 23:30:00,10.411,18.446682
2020-05-28 23:45:00,10.693,18.680012
2020-05-29 00:00:00,10.622,17.957987
2020-05-29 00:15:00,10.482,18.082716
2020-05-29 00:30:00,10.482,18.50234
2020-05-29 00:45:00,10.622,18.835617
2020-05-29 01:00:00,10.482,19.097279
2020-05-29 01:15:00,10.482,19.124851
2020-05-29 01:30:00,10.622,19.446701
2020-05-29 01:45:00,10.693,20.053616
2020-05-29 02:00:00,10.482,18.62614
2020-05-29 02:15:00,10.552,18.843563
2020-05-29 02:30:00,10.482,19.114677
2020-05-29 02:45:00,10.482,18.450302
2020-05-29 03:00:00,10.693,18.521206
2020-05-29 03:15:00,10.622,18.359642
2020-05-29 03:30:00,10.693,18.679123
2020-05-29 03:45:00,10.833,18.978657
2020-05-29 04:00:00,10.833,20.041302
2020-05-29 04:15:00,10.833,19.172497
2020-05-29 04:30:00,10.763,20.38813
2020-05-29 04:45:00,10.693,19.077686
2020-05-29 05:00:00,10.693,19.134089
2020-05-29 05:15:00,10.622,20.529572
2020-05-29 05:30:00,10.693,18.35652
2020-05-29 05:45:00,10.833,18.018333
2020-05-29 06:00:00,10.763,17.647346
2020-05-29 06:15:00,10.833,17.791447
2020-05-29 06:30:00,10.833,18.803823
2020-05-29 06:45:00,10.833,18.540257
2020-05-29 07:00:00,10.693,18.207512
2020-05-29 07:15:00,10.693,17.508474
2020-05-29 07:30:00,11.115,17.771103
2020-05-29 07:45:00,11.326,18.958393
2020-05-29 08:00:00,11.678,17.85556
2020-05-29 08:15:00,11.607,17.736515
2020-05-29 08:30:00,11.889,18.05394
2020-05-29 08:45:00,12.029,18.025604
2020-05-29 09:00:00,11.748,18.358334
2020-05-29 09:15:00,11.889,18.263197
2020-05-29 09:30:00,11.889,18.50259
2020-05-29 09:45:00,11.748,18.948816
2020-05-29 10:00:00,11.818,18.65596
2020-05-29 10:15:00,12.029,18.880306
2020-05-29 10:30:00,11.818,18.80412
2020-05-29 10:45:00,11.818,18.862791
2020-05-29 11:00:00,11.889,18.919113
2020-05-29 11:15:00,12.1,19.089104
2020-05-29 11:30:00,11.467,19.265076
2020-05-29 11:45:00,11.748,19.121952
2020-05-29 12:00:00,12.029,19.724815
2020-05-29 12:15:00,11.818,19.922298
2020-05-29 12:30:00,11.818,20.034761
2020-05-29 12:45:00,11.748,19.440742
2020-05-29 13:00:00,11.818,20.168718
2020-05-29 13:15:00,11.889,19.700352
2020-05-29 13:30:00,12.1,19.393711
2020-05-29 13:45:00,12.24,19.80048
2020-05-29 14:00:00,12.381,20.00246
2020-05-29 14:15:00,12.381,19.786316
2020-05-29 14:30:00,11.889,19.728241
2020-05-29 14:45:00,11.748,20.620483
2020-05-29 15:00:00,11.607,20.713799
2020-05-29 15:15:00,11.678,20.570988
2020-05-29 15:30:00,11.537,20.05462
2020-05-29 15:45:00,11.678,20.038733
2020-05-29 16:00:00,11.326,19.32539
2020-05-29 16:15:00,11.396,19.45578
2020-05-29 16:30:00,11.326,19.576626
2020-05-29 16:45:00,11.256,19.480238
2020-05-29 17:00:00,11.607,19.640461
2020-05-29 17:15:00,11.467,19.885674
2020-05-29 17:30:00,11.115,19.905891
2020-05-29 17:45:00,10.763,19.58149
2020-05-29 18:00:00,10.904,19.825298
2020-05-29 18:15:00,10.833,19.758785
2020-05-29 18:30:00,11.044,19.930016
2020-05-29 18:45:00,10.904,19.892715
2020-05-29 19:00:00,10.763,19.90215
2020-05-29 19:15:00,10.833,19.868282
2020-05-29 19:30:00,10.904,19.757256
2020-05-29 19:45:00,10.693,19.717026
2020-05-29 20:00:00,10.341,20.024746
2020-05-29 20:15:00,10.482,19.942245
2020-05-29 20:30:00,9.426,19.826237
2020-05-29 20:45:00,9.567,19.533825
2020-05-29 21:00:00,9.638,19.462162
2020-05-29 21:15:00,9.778,19.609777
2020-05-29 21:30:00,10.271,19.49141
2020-05-29 21:45:00,9.989,18.940725
2020-05-29 22:00:00,10.411,18.26391
2020-05-29 22:15:00,10.341,19.461178
2020-05-29 22:30:00,10.271,18.913734
2020-05-29 22:45:00,10.13,18.424824
2020-05-29 23:00:00,10.13,18.978224
2020-05-29 23:15:00,10.271,19.719446
2020-05-29 23:30:00,10.271,19.041767
2020-05-29 23:45:00,10.763,18.775095
2020-05-30 00:00:00,9.919,18.75393
2020-05-30 00:15:00,10.482,18.539688
2020-05-30 00:30:00,9.919,19.54687
2020-05-30 00:45:00,10.06,19.86792
2020-05-30 01:00:00,10.13,21.450424
2020-05-30 01:15:00,9.919,19.841858
2020-05-30 01:30:00,10.06,17.96231
2020-05-30 01:45:00,9.849,19.259636
2020-05-30 02:00:00,9.778,18.40274
2020-05-30 02:15:00,9.849,18.932598
2020-05-30 02:30:00,10.13,20.06889
2020-05-30 02:45:00,10.13,21.179768
2020-05-30 03:00:00,10.2,19.403824
2020-05-30 03:15:00,10.271,19.785217
2020-05-30 03:30:00,9.708,19.14299
2020-05-30 03:45:00,9.919,18.268303
2020-05-30 04:00:00,9.778,18.670992
2020-05-30 04:15:00,10.06,19.025976
2020-05-30 04:30:00,9.638,18.488129
2020-05-30 04:45:00,9.567,18.238758
2020-05-30 05:00:00,9.145,18.438461
2020-05-30 05:15:00,9.426,18.07447
2020-05-30 05:30:00,9.708,18.302624
2020-05-30 05:45:00,10.2,18.288422
2020-05-30 06:00:00,9.989,18.133942
2020-05-30 06:15:00,9.919,17.803322
2020-05-30 06:30:00,10.2,18.066399
2020-05-30 06:45:00,10.482,18.10171
2020-05-30 07:00:00,10.552,18.513336
2020-05-30 07:15:00,10.271,17.440384
2020-05-30 07:30:00,10.552,17.346521
2020-05-30 07:45:00,10.552,17.276606
2020-05-30 08:00:00,10.904,17.133232
2020-05-30 08:15:00,10.833,17.205906
2020-05-30 08:30:00,10.974,17.931309
2020-05-30 08:45:00,11.256,18.331371
2020-05-30 09:00:00,11.467,18.823093
2020-05-30 09:15:00,11.467,18.67374
2020-05-30 09:30:00,11.396,18.976456
2020-05-30 09:45:00,11.678,19.555836
2020-05-30 10:00:00,11.537,19.81222
2020-05-30 10:15:00,11.537,19.639717
2020-05-30 10:30:00,11.537,19.777044
2020-05-30 10:45:00,11.678,19.359554
2020-05-30 11:00:00,11.607,19.178059
2020-05-30 11:15:00,11.467,18.987701
2020-05-30 11:30:00,11.678,19.195396
2020-05-30 11:45:00,11.889,19.507664
2020-05-30 12:00:00,11.678,19.655678
2020-05-30 12:15:00,11.818,20.244114
2020-05-30 12:30:00,11.748,20.085419
2020-05-30 12:45:00,11.537,20.300537
2020-05-30 13:00:00,11.537,20.795654
2020-05-30 13:15:00,11.537,20.758755
2020-05-30 13:30:00,11.326,20.756586
2020-05-30 13:45:00,11.537,20.727959
2020-05-30 14:00:00,11.678,19.906673
2020-05-30 14:15:00,11.326,20.12233
2020-05-30 14:30:00,11.889,20.159536
2020-05-30 14:45:00,11.607,20.339264
2020-05-30 15:00:00,12.029,20.887913
2020-05-30 15:15:00,12.029,20.646431
2020-05-30 15:30:00,12.029,20.685621
2020-05-30 15:45:00,11.607,20.666647
2020-05-30 16:00:00,11.326,20.747196
2020-05-30 16:15:00,11.256,20.400366
2020-05-30 16:30:00,11.678,20.853931
2020-05-30 16:45:00,11.256,20.412735
2020-05-30 17:00:00,11.256,20.348877
2020-05-30 17:15:00,11.185,20.324852
2020-05-30 17:30:00,10.833,20.2919
2020-05-30 17:45:00,10.974,20.319057
2020-05-30 18:00:00,10.552,20.313423
2020-05-30 18:15:00,10.482,20.28189
2020-05-30 18:30:00,10.693,20.293968
2020-05-30 18:45:00,10.693,20.29809
2020-05-30 19:00:00,10.622,20.299667
2020-05-30 19:15:00,10.552,20.345345
2020-05-30 19:30:00,10.552,20.309238
2020-05-30 19:45:00,11.115,20.350185
2020-05-30 20:00:00,10.974,20.297878
2020-05-30 20:15:00,10.552,20.246971
2020-05-30 20:30:00,10.552,20.237068
2020-05-30 20:45:00,10.341,20.292782
2020-05-30 21:00:00,10.341,20.269104
2020-05-30 21:15:00,10.482,20.38358
2020-05-30 21:30:00,10.622,20.000336
2020-05-30 21:45:00,10.622,19.285694
2020-05-30 22:00:00,10.13,19.10432
2020-05-30 22:15:00,9.708,18.605818
2020-05-30 22:30:00,9.567,18.384068
2020-05-30 22:45:00,9.567,18.39449
2020-05-30 23:00:00,9.919,18.20961
2020-05-30 23:15:00,10.13,18.474491
2020-05-30 23:30:00,10.341,18.306898
2020-05-30 23:45:00,10.411,18.37024
2020-05-31 00:00:00,10.411,18.569958
2020-05-31 00:15:00,10.411,18.751482
2020-05-31 00:30:00,10.411,19.916595
2020-05-31 00:45:00,10.411,19.144367
2020-05-31 01:00:00,10.411,18.603176
2020-05-31 01:15:00,10.411,18.072182
2020-05-31 01:30:00,10.411,18.110386
2020-05-31 01:45:00,10.411,18.200531
2020-05-31 02:00:00,10.411,18.081146
2020-05-31 02:15:00,10.411,18.229435
2020-05-31 02:30:00,10.411,18.449198
2020-05-31 02:45:00,10.411,18.679668
2020-05-31 03:00:00,10.411,18.176392
2020-05-31 03:15:00,10.411,18.15425
2020-05-31 03:30:00,10.411,18.13816
2020-05-31 03:45:00,10.411,18.139729
2020-05-31 04:00:00,10.411,18.007639
2020-05-31 04:15:00,10.411,17.982552
2020-05-31 04:30:00,10.411,17.982956
2020-05-31 04:45:00,10.411,17.97751
2020-05-31 05:00:00,10.411,17.950052
2020-05-31 05:15:00,10.411,17.909351
2020-05-31 05:30:00,10.411,17.928133
2020-05-31 05:45:00,10.411,17.931555
2020-05-31 06:00:00,10.411,17.934868
2020-05-31 06:15:00,10.411,17.859322
2020-05-31 06:30:00,10.411,17.89344
2020-05-31 06:45:00,10.411,17.902456
2020-05-31 07:00:00,10.411,17.916298
2020-05-31 07:15:00,10.411,17.77274
2020-05-31 07:30:00,10.411,17.818363
2020-05-31 07:45:00,10.411,17.838432
2020-05-31 08:00:00,10.411,17.859413
2020-05-31 08:15:00,10.411,17.6089
2020-05-31 08:30:00,10.411,17.654324
2020-05-31 08:45:00,10.411,17.704617
2020-05-31 09:00:00,10.411,17.76181
2020-05-31 09:15:00,10.411,17.416111
2020-05-31 09:30:00,10.411,17.447147
2020-05-31 09:45:00,10.411,17.59259
2020-05-31 10:00:00,10.411,17.936256
2020-05-31 10:15:00,10.411,17.812952
2020-05-31 10:30:00,10.411,17.841473
2020-05-31 10:45:00,10.411,18.167114
2020-05-31 11:00:00,10.411,18.913013
2020-05-31 11:15:00,10.411,19.03632
2020-05-31 11:30:00,10.411,19.106525
2020-05-31 11:45:00,10.411,19.671806
2020-05-31 12:00:00,10.411,20.342684
2020-05-31 12:15:00,10.411,20.42443
2020-05-31 12:30:00,10.411,20.59803
2020-05-31 12:45:00,10.411,21.245617
2020-05-31 13:00:00,10.411,21.581715
2020-05-31 13:15:00,10.411,21.61979
2020-05-31 13:30:00,10.411,22.013485
2020-05-31 13:45:00,10.411,22.828312
2020-05-31 14:00:00,10.411,22.985985
2020-05-31 14:15:00,10.411,23.009632
2020-05-31 14:30:00,10.411,23.429108
2020-05-31 14:45:00,10.411,24.48096
2020-05-31 15:00:00,10.411,24.643768
2020-05-31 15:15:00,10.411,24.621624
2020-05-31 15:30:00,10.411,24.884464
2020-05-31 15:45:00,10.411,25.729263
2020-05-31 16:00:00,10.411,25.942833
2020-05-31 16:15:00,10.411,25.884048
2020-05-31 16:30:00,10.411,25.94485
2020-05-31 16:45:00,10.411,26.3116
2020-05-31 17:00:00,10.411,26.471336
2020-05-31 17:15:00,10.411,26.332817
2020-05-31 17:30:00,10.411,26.171108
2020-05-31 17:45:00,10.411,25.974514
2020-05-31 18:00:00,10.411,25.813602
2020-05-31 18:15:00,10.411,25.637524
2020-05-31 18:30:00,10.411,25.216526
2020-05-31 18:45:00,10.411,24.345173
2020-05-31 19:00:00,10.411,23.670277
2020-05-31 19:15:00,10.411,23.615211
2020-05-31 19:30:00,10.411,23.273563
2020-05-31 19:45:00,10.411,22.32277
2020-05-31 20:00:00,10.411,22.058914
2020-05-31 20:15:00,10.411,22.072746
2020-05-31 20:30:00,10.411,21.943218
2020-05-31 20:45:00,10.411,21.488764
2020-05-31 21:00:00,10.411,21.465855
2020-05-31 21:15:00,10.411,21.476242
2020-05-31 21:30:00,10.411,21.34415
2020-05-31 21:45:00,10.411,21.007004
2020-05-31 22:00:00,10.411,21.070122
2020-05-31 22:15:00,10.411,21.076395
2020-05-31 22:30:00,10.411,20.847752
2020-05-31 22:45:00,10.411,20.425983
2020-05-31 23:00:00,10.411,20.452969
2020-05-31 23:15:00,10.411,20.457954
2020-05-31 23:30:00,10.411,20.20375
2020-05-31 23:45:00,10.411,19.72088
2020-06-01 00:00:00,8.512,19.618744
2020-06-01 00:15:00,8.301,19.621971
2020-06-01 00:30:00,8.371,19.42165
2020-06-01 00:45:00,8.371,19.608952
2020-06-01 01:00:00,8.512,18.393667
2020-06-01 01:15:00,8.442,18.370304
2020-06-01 01:30:00,8.512,18.255226
2020-06-01 01:45:00,8.371,18.205574
2020-06-01 02:00:00,8.231,18.0994
2020-06-01 02:15:00,8.442,18.151344
2020-06-01 02:30:00,8.16,18.197544
2020-06-01 02:45:00,8.16,18.12151
2020-06-01 03:00:00,8.301,18.087399
2020-06-01 03:15:00,8.371,18.074299
2020-06-01 03:30:00,8.512,18.065504
2020-06-01 03:45:00,8.371,18.039677
2020-06-01 04:00:00,8.371,17.448952
2020-06-01 04:15:00,8.442,18.03573
2020-06-01 04:30:00,8.16,17.981644
2020-06-01 04:45:00,8.301,17.93938
2020-06-01 05:00:00,8.231,17.979553
2020-06-01 05:15:00,8.231,17.951565
2020-06-01 05:30:00,8.442,17.985495
2020-06-01 05:45:00,8.512,17.965986
2020-06-01 06:00:00,8.582,17.923206
2020-06-01 06:15:00,8.864,17.784687
2020-06-01 06:30:00,9.145,17.774506
2020-06-01 06:45:00,9.567,17.782671
2020-06-01 07:00:00,9.426,17.708897
2020-06-01 07:15:00,10.06,16.830036
2020-06-01 07:30:00,10.411,17.33471
2020-06-01 07:45:00,10.482,17.768133
2020-06-01 08:00:00,10.833,18.079506
2020-06-01 08:15:00,10.763,18.625626
2020-06-01 08:30:00,10.693,19.133476
2020-06-01 08:45:00,10.833,19.72438
2020-06-01 09:00:00,10.482,19.960693
2020-06-01 09:15:00,10.904,20.247253
2020-06-01 09:30:00,10.552,20.367859
2020-06-01 09:45:00,9.778,20.255716
2020-06-01 10:00:00,9.778,20.291805
2020-06-01 10:15:00,9.778,20.27842
2020-06-01 10:30:00,9.638,20.49464
2020-06-01 10:45:00,9.778,20.710491
2020-06-01 11:00:00,9.849,20.762836
2020-06-01 11:15:00,9.849,20.890533
2020-06-01 11:30:00,9.708,21.058977
2020-06-01 11:45:00,9.849,21.195415
2020-06-01 12:00:00,9.919,21.353218
2020-06-01 12:15:00,9.778,21.455902
2020-06-01 12:30:00,10.2,21.519672
2020-06-01 12:45:00,9.989,21.545197
2020-06-01 13:00:00,10.411,21.512188
2020-06-01 13:15:00,10.622,21.484833
2020-06-01 13:30:00,10.622,21.480907
2020-06-01 13:45:00,10.974,21.499449
2020-06-01 14:00:00,10.904,21.497541
2020-06-01 14:15:00,11.326,21.478851
2020-06-01 14:30:00,11.326,21.484661
2020-06-01 14:45:00,11.396,21.350174
2020-06-01 15:00:00,11.678,21.249752
2020-06-01 15:15:00,12.24,21.528263
2020-06-01 15:30:00,12.029,21.468784
2020-06-01 15:45:00,11.889,21.530083
2020-06-01 16:00:00,12.029,21.095915
2020-06-01 16:15:00,12.1,21.41079
2020-06-01 16:30:00,12.029,21.33616
2020-06-01 16:45:00,12.24,21.293213
2020-06-01 17:00:00,11.889,21.33627
2020-06-01 17:15:00,11.818,21.216747
2020-06-01 17:30:00,11.889,21.076279
2020-06-01 17:45:00,11.607,20.125797
2020-06-01 18:00:00,11.326,19.42889
2020-06-01 18:15:00,11.044,19.474178
2020-06-01 18:30:00,11.044,19.241547
2020-06-01 18:45:00,10.974,19.271816
2020-06-01 19:00:00,10.904,19.21828
2020-06-01 19:15:00,10.763,19.073637
2020-06-01 19:30:00,10.693,18.564384
2020-06-01 19:45:00,10.833,18.213167
2020-06-01 20:00:00,10.833,17.95374
2020-06-01 20:15:00,10.833,18.027103
2020-06-01 20:30:00,10.482,17.932365
2020-06-01 20:45:00,10.482,17.950954
2020-06-01 21:00:00,10.482,17.970562
2020-06-01 21:15:00,10.341,17.986256
2020-06-01 21:30:00,10.552,17.917873
2020-06-01 21:45:00,10.622,18.021126
2020-06-01 22:00:00,10.411,18.024193
2020-06-01 22:15:00,9.919,17.919846
2020-06-01 22:30:00,9.849,17.978415
2020-06-01 22:45:00,10.341,18.057983
2020-06-01 23:00:00,10.271,17.856426
2020-06-01 23:15:00,10.13,17.74104
2020-06-01 23:30:00,10.06,17.586334
2020-06-01 23:45:00,9.989,17.614017
2020-06-02 00:00:00,9.989,18.391567
2020-06-02 00:15:00,10.13,17.777393
2020-06-02 00:30:00,9.919,17.364296
2020-06-02 00:45:00,9.778,17.785976
2020-06-02 01:00:00,9.567,17.725716
2020-06-02 01:15:00,9.145,18.075827
2020-06-02 01:30:00,9.356,18.0373
2020-06-02 01:45:00,9.426,18.038345
2020-06-02 02:00:00,9.215,18.046307
2020-06-02 02:15:00,9.497,17.101093
2020-06-02 02:30:00,9.286,17.105778
2020-06-02 02:45:00,9.215,17.346874
2020-06-02 03:00:00,9.215,17.764511
2020-06-02 03:15:00,9.004,17.751492
2020-06-02 03:30:00,8.934,18.012661
2020-06-02 03:45:00,8.653,17.99385
2020-06-02 04:00:00,8.512,17.854393
2020-06-02 04:15:00,8.512,17.95662
2020-06-02 04:30:00,8.653,17.981556
2020-06-02 04:45:00,9.004,17.953716
2020-06-02 05:00:00,8.934,17.953678
2020-06-02 05:15:00,8.723,17.926456
2020-06-02 05:30:00,8.934,17.92337
2020-06-02 05:45:00,8.793,17.996063
2020-06-02 06:00:00,8.934,17.905148
2020-06-02 06:15:00,8.723,17.815926
2020-06-02 06:30:00,8.723,17.664112
2020-06-02 06:45:00,8.442,17.888433
2020-06-02 07:00:00,8.653,17.78381
2020-06-02 07:15:00,8.723,17.547894
2020-06-02 07:30:00,8.723,17.130993
2020-06-02 07:45:00,8.723,17.230198
2020-06-02 08:00:00,8.723,17.261982
2020-06-02 08:15:00,8.793,17.17425
2020-06-02 08:30:00,8.582,17.74232
2020-06-02 08:45:00,8.793,17.886707
2020-06-02 09:00:00,8.723,18.236526
2020-06-02 09:15:00,9.004,18.310062
2020-06-02 09:30:00,9.145,18.681292
2020-06-02 09:45:00,9.215,18.686363
2020-06-02 10:00:00,9.215,19.191109
2020-06-02 10:15:00,9.497,19.396126
2020-06-02 10:30:00,9.567,19.357067
2020-06-02 10:45:00,9.849,19.848932
2020-06-02 11:00:00,9.638,19.831234
2020-06-02 11:15:00,9.919,19.763962
2020-06-02 11:30:00,9.849,20.153236
2020-06-02 11:45:00,10.06,20.383839
2020-06-02 12:00:00,10.482,20.2948
2020-06-02 12:15:00,10.341,20.537952
2020-06-02 12:30:00,10.622,20.44218
2020-06-02 12:45:00,10.341,20.774206
2020-06-02 13:00:00,10.2,20.477943
2020-06-02 13:15:00,9.989,20.182808
2020-06-02 13:30:00,10.482,19.900013
2020-06-02 13:45:00,10.271,19.94344
2020-06-02 14:00:00,10.341,19.598927
2020-06-02 14:15:00,10.763,19.118546
2020-06-02 14:30:00,10.693,19.454594
2020-06-02 14:45:00,10.904,20.050425
2020-06-02 15:00:00,10.2,20.024445
2020-06-02 15:15:00,10.341,19.335976
2020-06-02 15:30:00,10.552,19.950798
2020-06-02 15:45:00,10.904,20.594543
2020-06-02 16:00:00,11.115,20.635284
2020-06-02 16:15:00,10.833,20.671366
2020-06-02 16:30:00,10.622,20.436142
2020-06-02 16:45:00,10.622,20.346361
2020-06-02 17:00:00,10.482,20.758224
2020-06-02 17:15:00,10.2,20.910774
2020-06-02 17:30:00,10.06,20.838993
2020-06-02 17:45:00,9.849,20.26141
2020-06-02 18:00:00,10.06,19.675419
2020-06-02 18:15:00,9.849,18.86155
2020-06-02 18:30:00,9.778,18.256277
2020-06-02 18:45:00,9.778,17.951283
2020-06-02 19:00:00,9.567,17.415909
2020-06-02 19:15:00,9.638,17.389832
2020-06-02 19:30:00,9.708,17.45501
2020-06-02 19:45:00,9.778,17.601639
2020-06-02 20:00:00,9.426,17.503574
2020-06-02 20:15:00,9.638,17.625328
2020-06-02 20:30:00,9.638,17.57951
2020-06-02 20:45:00,9.778,17.55516
2020-06-02 21:00:00,9.567,17.564957
2020-06-02 21:15:00,9.778,17.510273
2020-06-02 21:30:00,9.778,17.620539
2020-06-02 21:45:00,9.919,17.573917
2020-06-02 22:00:00,9.849,17.454685
2020-06-02 22:15:00,9.919,17.258015
2020-06-02 22:30:00,9.849,17.096563
2020-06-02 22:45:00,9.567,17.143196
2020-06-02 23:00:00,9.638,17.180248
2020-06-02 23:15:00,9.215,17.328957
2020-06-02 23:30:00,9.286,17.26567
2020-06-02 23:45:00,9.497,17.150005
2020-06-03 00:00:00,9.286,17.526608
2020-06-03 00:15:00,9.567,17.415058
2020-06-03 00:30:00,9.849,17.101782
2020-06-03 00:45:00,9.426,17.65665
2020-06-03 01:00:00,9.497,17.739372
2020-06-03 01:15:00,9.426,17.858488
2020-06-03 01:30:00,9.426,17.900562
2020-06-03 01:45:00,9.638,17.859413
2020-06-03 02:00:00,9.497,17.897717
2020-06-03 02:15:00,9.638,17.806309
2020-06-03 02:30:00,9.567,17.873034
2020-06-03 02:45:00,9.638,17.872555
2020-06-03 03:00:00,9.638,17.778103
2020-06-03 03:15:00,9.567,17.882359
2020-06-03 03:30:00,9.497,17.868156
2020-06-03 03:45:00,9.708,17.813221
2020-06-03 04:00:00,9.567,17.843327
2020-06-03 04:15:00,9.567,17.78264
2020-06-03 04:30:00,9.497,17.686283
2020-06-03 04:45:00,9.567,17.830238
2020-06-03 05:00:00,9.849,17.848665
2020-06-03 05:15:00,9.778,17.790606
2020-06-03 05:30:00,9.497,17.763025
2020-06-03 05:45:00,9.497,17.838009
2020-06-03 06:00:00,9.567,17.855024
2020-06-03 06:15:00,9.426,17.806263
2020-06-03 06:30:00,9.286,17.64061
2020-06-03 06:45:00,9.638,17.478378
2020-06-03 07:00:00,9.356,15.819711
2020-06-03 07:15:00,9.286,15.46914
2020-06-03 07:30:00,9.426,15.509433
2020-06-03 07:45:00,9.215,16.489883
2020-06-03 08:00:00,9.426,17.049767
2020-06-03 08:15:00,8.934,17.114042
2020-06-03 08:30:00,9.215,17.01223
2020-06-03 08:45:00,9.497,16.551086
2020-06-03 09:00:00,9.638,16.407429
2020-06-03 09:15:00,9.919,15.92802
2020-06-03 09:30:00,9.849,16.794659
2020-06-03 09:45:00,9.778,17.70533
2020-06-03 10:00:00,9.919,17.248909
2020-06-03 10:15:00,10.13,18.286842
2020-06-03 10:30:00,10.271,18.660076
2020-06-03 10:45:00,10.271,18.947655
2020-06-03 11:00:00,10.622,19.072186
2020-06-03 11:15:00,10.482,19.190105
2020-06-03 11:30:00,10.622,19.471912
2020-06-03 11:45:00,11.044,19.705097
2020-06-03 12:00:00,10.693,19.824883
2020-06-03 12:15:00,10.974,19.901188
2020-06-03 12:30:00,11.044,20.08459
2020-06-03 12:45:00,11.115,20.339088
2020-06-03 13:00:00,10.974,20.79159
2020-06-03 13:15:00,11.256,20.369532
2020-06-03 13:30:00,11.678,20.245125
2020-06-03 13:45:00,11.678,20.31296
2020-06-03 14:00:00,12.24,20.536648
2020-06-03 14:15:00,12.311,20.378626
2020-06-03 14:30:00,12.874,20.389973
2020-06-03 14:45:00,12.522,20.585207
2020-06-03 15:00:00,12.662,20.610416
2020-06-03 15:15:00,13.085,20.703686
2020-06-03 15:30:00,13.296,20.68975
2020-06-03 15:45:00,13.436,21.02293
2020-06-03 16:00:00,13.436,21.1014
2020-06-03 16:15:00,13.225,21.011166
2020-06-03 16:30:00,13.296,21.01181
2020-06-03 16:45:00,13.366,21.109814
2020-06-03 17:00:00,13.085,20.909363
2020-06-03 17:15:00,12.803,20.781105
2020-06-03 17:30:00,12.451,20.541328
2020-06-03 17:45:00,12.24,20.443699
2020-06-03 18:00:00,11.678,20.170033
2020-06-03 18:15:00,11.396,19.764019
2020-06-03 18:30:00,11.537,18.83242
2020-06-03 18:45:00,11.185,17.427315
2020-06-03 19:00:00,11.044,16.958784
2020-06-03 19:15:00,10.693,16.813854
2020-06-03 19:30:00,10.763,16.906994
2020-06-03 19:45:00,10.763,17.0993
2020-06-03 20:00:00,10.552,17.071335
2020-06-03 20:15:00,10.552,17.286434
2020-06-03 20:30:00,9.989,17.297626
2020-06-03 20:45:00,9.919,17.199024
2020-06-03 21:00:00,9.567,17.15195
2020-06-03 21:15:00,9.497,17.160744
2020-06-03 21:30:00,9.497,17.033491
2020-06-03 21:45:00,9.286,16.819466
2020-06-03 22:00:00,9.426,16.372044
2020-06-03 22:15:00,9.426,16.141449
2020-06-03 22:30:00,9.145,16.186825
2020-06-03 22:45:00,8.934,16.249622
2020-06-03 23:00:00,8.723,16.367786
2020-06-03 23:15:00,8.653,16.286564
2020-06-03 23:30:00,8.723,16.003525
2020-06-03 23:45:00,8.723,17.73755
2020-06-04 00:00:00,8.442,18.020042
2020-06-04 00:15:00,8.723,17.899734
2020-06-04 00:30:00,8.934,18.133923
2020-06-04 00:45:00,9.075,18.081707
2020-06-04 01:00:00,9.215,18.131592
2020-06-04 01:15:00,9.075,17.754978
2020-06-04 01:30:00,9.215,17.709377
2020-06-04 01:45:00,9.286,17.54678
2020-06-04 02:00:00,9.426,17.708408
2020-06-04 02:15:00,9.497,17.921383
2020-06-04 02:30:00,9.708,17.785975
2020-06-04 02:45:00,9.497,17.805424
2020-06-04 03:00:00,9.638,17.967066
2020-06-04 03:15:00,9.426,18.32003
2020-06-04 03:30:00,9.638,18.046745
2020-06-04 03:45:00,9.567,17.887722
2020-06-04 04:00:00,9.708,18.237453
2020-06-04 04:15:00,9.215,18.159336
2020-06-04 04:30:00,9.426,17.901493
2020-06-04 04:45:00,9.426,17.66544
2020-06-04 05:00:00,9.426,17.72934
2020-06-04 05:15:00,9.215,17.797497
2020-06-04 05:30:00,9.075,17.969887
2020-06-04 05:45:00,9.075,17.837654
2020-06-04 06:00:00,9.567,17.743992
2020-06-04 06:15:00,9.567,17.856678
2020-06-04 06:30:00,9.778,18.46505
2020-06-04 06:45:00,9.919,18.658495
2020-06-04 07:00:00,9.778,19.33665
2020-06-04 07:15:00,9.919,19.926651
2020-06-04 07:30:00,10.622,19.840614
2020-06-04 07:45:00,10.693,19.04253
2020-06-04 08:00:00,10.763,18.084377
2020-06-04 08:15:00,10.693,17.823666
2020-06-04 08:30:00,10.552,17.766262
2020-06-04 08:45:00,10.904,18.430965
2020-06-04 09:00:00,11.185,18.613937
2020-06-04 09:15:00,10.833,17.984184
2020-06-04 09:30:00,11.326,18.155838
2020-06-04 09:45:00,10.833,18.250359
2020-06-04 10:00:00,11.185,18.765396
2020-06-04 10:15:00,11.326,19.442764
2020-06-04 10:30:00,11.396,19.45865
2020-06-04 10:45:00,11.185,19.66375
2020-06-04 11:00:00,11.185,19.67374
2020-06-04 11:15:00,10.904,19.718994
2020-06-04 11:30:00,11.256,19.979095
2020-06-04 11:45:00,11.537,20.198223
2020-06-04 12:00:00,11.818,20.115137
2020-06-04 12:15:00,11.396,20.23299
2020-06-04 12:30:00,11.326,20.286266
2020-06-04 12:45:00,11.607,20.657955
2020-06-04 13:00:00,11.678,20.68135
2020-06-04 13:15:00,11.607,20.352919
2020-06-04 13:30:00,11.748,20.397911
2020-06-04 13:45:00,11.326,20.698069
2020-06-04 14:00:00,12.24,20.743908
2020-06-04 14:15:00,12.381,20.765331
2020-06-04 14:30:00,12.029,20.253876
2020-06-04 14:45:00,12.1,20.153778
2020-06-04 15:00:00,12.381,20.035358
2020-06-04 15:15:00,11.748,20.180773
2020-06-04 15:30:00,11.748,20.133324
2020-06-04 15:45:00,12.029,20.648655
2020-06-04 16:00:00,11.607,20.588802
2020-06-04 16:15:00,11.467,20.376877
2020-06-04 16:30:00,11.467,20.18821
2020-06-04 16:45:00,11.185,19.930958
2020-06-04 17:00:00,10.763,19.080664
2020-06-04 17:15:00,10.833,18.770294
2020-06-04 17:30:00,10.341,18.216091
2020-06-04 17:45:00,9.919,17.929468
2020-06-04 18:00:00,10.06,17.404778
2020-06-04 18:15:00,10.2,18.234215
2020-06-04 18:30:00,10.13,17.144382
2020-06-04 18:45:00,9.567,16.424942
2020-06-04 19:00:00,9.638,14.978843
2020-06-04 19:15:00,9.778,15.371273
2020-06-04 19:30:00,9.708,15.571103
2020-06-04 19:45:00,9.849,15.618327
2020-06-04 20:00:00,9.708,15.326661
2020-06-04 20:15:00,10.06,16.498669
2020-06-04 20:30:00,10.06,16.565529
2020-06-04 20:45:00,9.989,16.584202
2020-06-04 21:00:00,9.849,16.732315
2020-06-04 21:15:00,9.919,17.038517
2020-06-04 21:30:00,10.2,16.892094
2020-06-04 21:45:00,10.13,16.571095
2020-06-04 22:00:00,10.271,16.967617
2020-06-04 22:15:00,10.271,18.049301
2020-06-04 22:30:00,10.13,17.325912
2020-06-04 22:45:00,10.06,17.07787
2020-06-04 23:00:00,10.13,17.69693
2020-06-04 23:15:00,9.849,17.260979
2020-06-04 23:30:00,9.849,16.401281
2020-06-04 23:45:00,9.919,16.249195
2020-06-05 00:00:00,9.919,18.069073
2020-06-05 00:15:00,9.919,18.234768
2020-06-05 00:30:00,9.919,18.293358
2020-06-05 00:45:00,9.849,18.729538
2020-06-05 01:00:00,9.638,20.302929
2020-06-05 01:15:00,9.497,19.468723
2020-06-05 01:30:00,9.708,19.12808
2020-06-05 01:45:00,9.497,20.191189
2020-06-05 02:00:00,9.426,19.302658
2020-06-05 02:15:00,9.426,20.863323
2020-06-05 02:30:00,9.778,19.886944
2020-06-05 02:45:00,9.849,18.815472
2020-06-05 03:00:00,9.708,19.553585
2020-06-05 03:15:00,9.919,19.679836
2020-06-05 03:30:00,9.849,22.190948
2020-06-05 03:45:00,9.989,18.608644
2020-06-05 04:00:00,9.919,19.341328
2020-06-05 04:15:00,9.919,19.798042
2020-06-05 04:30:00,9.919,22.314022
2020-06-05 04:45:00,9.849,20.231274
2020-06-05 05:00:00,9.849,19.191597
2020-06-05 05:15:00,9.849,19.429993
2020-06-05 05:30:00,9.638,19.152441
2020-06-05 05:45:00,9.778,20.017048
2020-06-05 06:00:00,9.849,18.313707
2020-06-05 06:15:00,9.919,19.210773
2020-06-05 06:30:00,10.06,19.798992
2020-06-05 06:45:00,10.2,18.808971
2020-06-05 07:00:00,10.06,19.212658
2020-06-05 07:15:00,9.778,19.293652
2020-06-05 07:30:00,9.919,17.648876
2020-06-05 07:45:00,9.989,17.993195
2020-06-05 08:00:00,9.919,18.451378
2020-06-05 08:15:00,10.13,17.92181
2020-06-05 08:30:00,9.638,18.078796
2020-06-05 08:45:00,9.989,18.535686
2020-06-05 09:00:00,10.13,18.660187
2020-06-05 09:15:00,9.567,18.72505
2020-06-05 09:30:00,9.638,18.861034
2020-06-05 09:45:00,9.919,19.608532
2020-06-05 10:00:00,9.849,19.573954
2020-06-05 10:15:00,9.989,19.898373
2020-06-05 10:30:00,9.919,19.687225
2020-06-05 10:45:00,10.13,19.954872
2020-06-05 11:00:00,9.919,19.930195
2020-06-05 11:15:00,9.708,19.895035
2020-06-05 11:30:00,9.567,20.139042
2020-06-05 11:45:00,9.919,20.747734
2020-06-05 12:00:00,9.778,20.657137
2020-06-05 12:15:00,9.778,20.50865
2020-06-05 12:30:00,9.919,20.983326
2020-06-05 12:45:00,10.271,20.554089
2020-06-05 13:00:00,10.13,20.630653
2020-06-05 13:15:00,10.763,19.903463
2020-06-05 13:30:00,10.693,20.16959
2020-06-05 13:45:00,10.622,20.07428
2020-06-05 14:00:00,10.763,20.569061
2020-06-05 14:15:00,10.763,20.438374
2020-06-05 14:30:00,10.833,20.677227
2020-06-05 14:45:00,10.974,20.858845
2020-06-05 15:00:00,10.904,20.679272
2020-06-05 15:15:00,10.904,20.230694
2020-06-05 15:30:00,10.904,20.379278
2020-06-05 15:45:00,10.833,19.039383
2020-06-05 16:00:00,10.974,20.06995
2020-06-05 16:15:00,10.482,20.463978
2020-06-05 16:30:00,10.271,21.028366
2020-06-05 16:45:00,10.833,20.538342
2020-06-05 17:00:00,10.833,20.448898
2020-06-05 17:15:00,10.904,20.368477
2020-06-05 17:30:00,10.552,20.425451
2020-06-05 17:45:00,10.482,20.125698
2020-06-05 18:00:00,10.271,19.467197
2020-06-05 18:15:00,10.622,19.447056
2020-06-05 18:30:00,9.989,19.449509
2020-06-05 18:45:00,9.708,19.524605
2020-06-05 19:00:00,9.567,19.517448
2020-06-05 19:15:00,9.708,19.641344
2020-06-05 19:30:00,9.426,19.719463
2020-06-05 19:45:00,9.356,19.630276
2020-06-05 20:00:00,9.286,19.640411
2020-06-05 20:15:00,9.286,19.823288
2020-06-05 20:30:00,9.286,19.723675
2020-06-05 20:45:00,9.215,19.751427
2020-06-05 21:00:00,9.215,19.766983
2020-06-05 21:15:00,9.215,19.819134
2020-06-05 21:30:00,9.075,19.506096
2020-06-05 21:45:00,9.145,18.928745
2020-06-05 22:00:00,8.934,18.851315
2020-06-05 22:15:00,8.864,18.511133
2020-06-05 22:30:00,8.653,18.565216
2020-06-05 22:45:00,8.723,18.246807
2020-06-05 23:00:00,8.934,17.697704
2020-06-05 23:15:00,8.723,18.403687
2020-06-05 23:30:00,8.793,18.495146
2020-06-05 23:45:00,8.723,17.110413
2020-06-06 00:00:00,8.582,18.655033
2020-06-06 00:15:00,8.582,19.199997
2020-06-06 00:30:00,8.723,19.329123
2020-06-06 00:45:00,8.723,19.341824
2020-06-06 01:00:00,8.582,19.20418
2020-06-06 01:15:00,8.723,19.171604
2020-06-06 01:30:00,8.371,20.987488
2020-06-06 01:45:00,8.582,21.399101
2020-06-06 02:00:00,8.582,19.16809
2020-06-06 02:15:00,8.723,19.797787
2020-06-06 02:30:00,8.371,18.628895
2020-06-06 02:45:00,8.512,18.70903
2020-06-06 03:00:00,8.512,19.025871
2020-06-06 03:15:00,8.582,19.3307
2020-06-06 03:30:00,8.371,18.754612
2020-06-06 03:45:00,8.16,18.223957
2020-06-06 04:00:00,8.371,18.269867
2020-06-06 04:15:00,8.16,18.63478
2020-06-06 04:30:00,8.16,18.949242
2020-06-06 04:45:00,8.231,19.138496
2020-06-06 05:00:00,8.16,19.410807
2020-06-06 05:15:00,8.02,18.53896
2020-06-06 05:30:00,8.09,18.240585
2020-06-06 05:45:00,8.301,17.678936
2020-06-06 06:00:00,8.512,17.790234
2020-06-06 06:15:00,8.442,17.908081
2020-06-06 06:30:00,9.004,17.99932
2020-06-06 06:45:00,9.215,18.004269
2020-06-06 07:00:00,9.497,17.272316
2020-06-06 07:15:00,9.778,17.441578
2020-06-06 07:30:00,9.919,17.422085
2020-06-06 07:45:00,9.919,17.535412
2020-06-06 08:00:00,10.2,17.683933
2020-06-06 08:15:00,10.552,17.859509
2020-06-06 08:30:00,10.13,18.197842
2020-06-06 08:45:00,10.2,18.852943
2020-06-06 09:00:00,10.271,19.062046
2020-06-06 09:15:00,9.919,19.192644
2020-06-06 09:30:00,10.06,19.578148
2020-06-06 09:45:00,10.13,19.975872
2020-06-06 10:00:00,9.989,20.35677
2020-06-06 10:15:00,10.2,20.209223
2020-06-06 10:30:00,10.06,20.19868
2020-06-06 10:45:00,10.13,20.522184
2020-06-06 11:00:00,10.13,20.478848
2020-06-06 11:15:00,10.06,20.518398
2020-06-06 11:30:00,10.271,20.644451
2020-06-06 11:45:00,10.271,20.718637
2020-06-06 12:00:00,10.06,20.96148
2020-06-06 12:15:00,10.2,21.166418
2020-06-06 12:30:00,10.271,21.428211
2020-06-06 12:45:00,10.974,21.83017
2020-06-06 13:00:00,10.552,21.541683
2020-06-06 13:15:00,11.115,21.600395
2020-06-06 13:30:00,11.607,21.605957
2020-06-06 13:45:00,11.537,21.528566
2020-06-06 14:00:00,12.029,21.725769
2020-06-06 14:15:00,11.678,21.495342
2020-06-06 14:30:00,12.311,21.454536
2020-06-06 14:45:00,12.592,21.460146
2020-06-06 15:00:00,13.155,21.485767
2020-06-06 15:15:00,13.225,21.498272
2020-06-06 15:30:00,13.647,21.527777
2020-06-06 15:45:00,13.014,21.220167
2020-06-06 16:00:00,13.296,21.521545
2020-06-06 16:15:00,13.296,21.466213
2020-06-06 16:30:00,13.225,21.470428
2020-06-06 16:45:00,13.296,21.450035
2020-06-06 17:00:00,12.944,21.423855
2020-06-06 17:15:00,12.451,21.40424
2020-06-06 17:30:00,12.662,21.333647
2020-06-06 17:45:00,13.085,21.184822
2020-06-06 18:00:00,13.225,21.026184
2020-06-06 18:15:00,12.451,20.833748
2020-06-06 18:30:00,11.889,20.463795
2020-06-06 18:45:00,11.256,20.27599
2020-06-06 19:00:00,11.396,20.224926
2020-06-06 19:15:00,11.256,20.249298
2020-06-06 19:30:00,11.044,20.187943
2020-06-06 19:45:00,10.904,20.123344
2020-06-06 20:00:00,10.904,20.150507
2020-06-06 20:15:00,11.044,20.12379
2020-06-06 20:30:00,11.044,20.027046
2020-06-06 20:45:00,11.185,20.060589
2020-06-06 21:00:00,11.044,19.997738
2020-06-06 21:15:00,10.833,20.05061
2020-06-06 21:30:00,10.693,19.43525
2020-06-06 21:45:00,10.763,18.717945
2020-06-06 22:00:00,10.552,18.061195
2020-06-06 22:15:00,10.482,18.090565
2020-06-06 22:30:00,10.482,17.994854
2020-06-06 22:45:00,10.341,18.049644
2020-06-06 23:00:00,10.271,18.513214
2020-06-06 23:15:00,10.13,18.012964
2020-06-06 23:30:00,9.919,17.870148
2020-06-06 23:45:00,9.919,17.746788
2020-06-07 00:00:00,9.778,16.825996
2020-06-07 00:15:00,9.708,18.151222
2020-06-07 00:30:00,9.778,18.545368
2020-06-07 00:45:00,10.13,18.06581
2020-06-07 01:00:00,10.13,17.869068
2020-06-07 01:15:00,9.919,18.314514
2020-06-07 01:30:00,10.2,18.298502
2020-06-07 01:45:00,9.989,17.986507
2020-06-07 02:00:00,10.13,18.176123
2020-06-07 02:15:00,10.2,18.16613
2020-06-07 02:30:00,9.919,18.145796
2020-06-07 02:45:00,9.778,17.990406
2020-06-07 03:00:00,9.849,17.760984
2020-06-07 03:15:00,9.919,17.98153
2020-06-07 03:30:00,10.2,17.126339
2020-06-07 03:45:00,10.13,18.09636
2020-06-07 04:00:00,9.989,18.106682
2020-06-07 04:15:00,9.919,17.930676
2020-06-07 04:30:00,10.06,17.038055
2020-06-07 04:45:00,9.919,18.044498
2020-06-07 05:00:00,9.919,18.020813
2020-06-07 05:15:00,9.708,18.206898
2020-06-07 05:30:00,9.708,18.04972
2020-06-07 05:45:00,9.708,17.851004
2020-06-07 06:00:00,10.13,17.104465
2020-06-07 06:15:00,10.271,17.531483
2020-06-07 06:30:00,10.271,17.748646
2020-06-07 06:45:00,10.341,18.136799
2020-06-07 07:00:00,10.482,18.422447
2020-06-07 07:15:00,10.271,17.117939
2020-06-07 07:30:00,10.482,17.007679
2020-06-07 07:45:00,10.482,17.093887
2020-06-07 08:00:00,10.693,17.65355
2020-06-07 08:15:00,10.552,18.082523
2020-06-07 08:30:00,10.482,18.840086
2020-06-07 08:45:00,10.693,19.166012
2020-06-07 09:00:00,10.833,19.301737
2020-06-07 09:15:00,10.622,19.699362
2020-06-07 09:30:00,11.044,20.05131
2020-06-07 09:45:00,11.256,20.559254
2020-06-07 10:00:00,11.115,20.456535
2020-06-07 10:15:00,11.607,20.489372
2020-06-07 10:30:00,11.537,20.660107
2020-06-07 10:45:00,11.607,20.67157
2020-06-07 11:00:00,11.537,20.607143
2020-06-07 11:15:00,11.607,20.655226
2020-06-07 11:30:00,11.537,20.47779
2020-06-07 11:45:00,11.467,20.862812
2020-06-07 12:00:00,11.959,20.958181
2020-06-07 12:15:00,12.029,20.913818
2020-06-07 12:30:00,12.029,20.937923
2020-06-07 12:45:00,11.748,21.14384
2020-06-07 13:00:00,12.029,21.140873
2020-06-07 13:15:00,12.381,20.959694
2020-06-07 13:30:00,12.381,21.117567
2020-06-07 13:45:00,12.944,21.154427
2020-06-07 14:00:00,12.803,21.036674
2020-06-07 14:15:00,12.733,20.952663
2020-06-07 14:30:00,12.592,20.761986
2020-06-07 14:45:00,12.381,20.801567
2020-06-07 15:00:00,12.733,20.876625
2020-06-07 15:15:00,12.24,21.136658
2020-06-07 15:30:00,12.311,21.04192
2020-06-07 15:45:00,12.381,21.306374
2020-06-07 16:00:00,12.662,21.02978
2020-06-07 16:15:00,12.733,21.178577
2020-06-07 16:30:00,12.733,20.926117
2020-06-07 16:45:00,12.733,21.051208
2020-06-07 17:00:00,12.662,21.23574
2020-06-07 17:15:00,12.24,20.600706
2020-06-07 17:30:00,12.1,20.636602
2020-06-07 17:45:00,12.17,20.826036
2020-06-07 18:00:00,12.029,21.038261
2020-06-07 18:15:00,12.1,20.633587
2020-06-07 18:30:00,11.748,20.429966
2020-06-07 18:45:00,11.889,20.251114
2020-06-07 19:00:00,11.678,20.142746
2020-06-07 19:15:00,11.959,20.04206
2020-06-07 19:30:00,11.607,19.344278
2020-06-07 19:45:00,11.537,19.017853
2020-06-07 20:00:00,11.396,18.764442
2020-06-07 20:15:00,11.256,18.656565
2020-06-07 20:30:00,10.904,18.478884
2020-06-07 20:45:00,10.693,18.3767
2020-06-07 21:00:00,10.833,18.376575
2020-06-07 21:15:00,10.833,18.472218
2020-06-07 21:30:00,10.552,18.774662
2020-06-07 21:45:00,10.763,18.676373
2020-06-07 22:00:00,10.833,17.575195
2020-06-07 22:15:00,10.833,18.004398
2020-06-07 22:30:00,10.833,18.120972
2020-06-07 22:45:00,10.833,18.33281
2020-06-07 23:00:00,10.341,18.37232
2020-06-07 23:15:00,10.552,18.321121
2020-06-07 23:30:00,10.833,18.05492
2020-06-07 23:45:00,10.552,16.833954
2020-06-08 00:00:00,10.482,18.296457
2020-06-08 00:15:00,10.341,19.277622
2020-06-08 00:30:00,10.2,19.408646
2020-06-08 00:45:00,10.271,18.508228
2020-06-08 01:00:00,10.411,18.310772
2020-06-08 01:15:00,10.271,18.34811
2020-06-08 01:30:00,10.271,18.33236
2020-06-08 01:45:00,10.2,18.395477
2020-06-08 02:00:00,10.13,18.617445
2020-06-08 02:15:00,10.271,18.574928
2020-06-08 02:30:00,9.989,18.335894
2020-06-08 02:45:00,10.2,18.273401
2020-06-08 03:00:00,10.06,18.252178
2020-06-08 03:15:00,9.989,18.211838
2020-06-08 03:30:00,9.778,18.127392
2020-06-08 03:45:00,9.708,18.09533
2020-06-08 04:00:00,9.989,18.141748
2020-06-08 04:15:00,10.13,18.15908
2020-06-08 04:30:00,10.06,18.099737
2020-06-08 04:45:00,9.919,18.066692
2020-06-08 05:00:00,9.708,18.04734
2020-06-08 05:15:00,9.778,18.045841
2020-06-08 05:30:00,9.497,17.958244
2020-06-08 05:45:00,9.426,18.058123
2020-06-08 06:00:00,9.426,17.959812
2020-06-08 06:15:00,9.497,17.989037
2020-06-08 06:30:00,9.567,17.949306
2020-06-08 06:45:00,9.567,18.003147
2020-06-08 07:00:00,9.778,17.9781
2020-06-08 07:15:00,9.778,18.118088
2020-06-08 07:30:00,9.849,18.860329
2020-06-08 07:45:00,9.919,18.450974
2020-06-08 08:00:00,10.13,17.572533
2020-06-08 08:15:00,10.271,17.546066
2020-06-08 08:30:00,9.708,18.15263
2020-06-08 08:45:00,9.919,18.463446
2020-06-08 09:00:00,10.2,19.087307
2020-06-08 09:15:00,10.06,19.188066
2020-06-08 09:30:00,9.849,19.305132
2020-06-08 09:45:00,9.849,19.437717
2020-06-08 10:00:00,10.06,19.582008
2020-06-08 10:15:00,10.271,19.701477
2020-06-08 10:30:00,10.2,19.826992
2020-06-08 10:45:00,10.271,19.970963
2020-06-08 11:00:00,10.341,20.200287
2020-06-08 11:15:00,10.13,20.342293
2020-06-08 11:30:00,10.13,20.599878
2020-06-08 11:45:00,9.919,20.596912
2020-06-08 12:00:00,10.13,19.901215
2020-06-08 12:15:00,9.919,19.787071
2020-06-08 12:30:00,10.06,20.111103
2020-06-08 12:45:00,10.2,20.463978
2020-06-08 13:00:00,9.919,20.353588
2020-06-08 13:15:00,10.13,19.896446
2020-06-08 13:30:00,9.989,20.173073
2020-06-08 13:45:00,10.13,20.494926
2020-06-08 14:00:00,10.2,21.330845
2020-06-08 14:15:00,10.482,21.03513
2020-06-08 14:30:00,10.271,21.290401
2020-06-08 14:45:00,10.271,21.258675
2020-06-08 15:00:00,10.341,21.043291
2020-06-08 15:15:00,10.341,21.431767
2020-06-08 15:30:00,10.341,20.833752
2020-06-08 15:45:00,10.482,21.378555
2020-06-08 16:00:00,10.13,21.518942
2020-06-08 16:15:00,10.271,21.479656
2020-06-08 16:30:00,9.778,21.517874
2020-06-08 16:45:00,9.919,21.478706
2020-06-08 17:00:00,9.919,21.259315
2020-06-08 17:15:00,9.778,19.749493
2020-06-08 17:30:00,9.497,18.928925
2020-06-08 17:45:00,9.426,18.587254
2020-06-08 18:00:00,8.934,17.60308
2020-06-08 18:15:00,9.426,17.632854
2020-06-08 18:30:00,9.638,19.132492
2020-06-08 18:45:00,9.426,19.489918
2020-06-08 19:00:00,9.004,19.429348
2020-06-08 19:15:00,9.145,19.25954
2020-06-08 19:30:00,9.215,18.938583
2020-06-08 19:45:00,9.145,18.69505
2020-06-08 20:00:00,9.356,18.251633
2020-06-08 20:15:00,9.075,18.498695
2020-06-08 20:30:00,8.864,18.277893
2020-06-08 20:45:00,8.864,18.088879
2020-06-08 21:00:00,8.864,18.037344
2020-06-08 21:15:00,8.723,17.963686
2020-06-08 21:30:00,8.653,17.887388
2020-06-08 21:45:00,8.864,17.910244
2020-06-08 22:00:00,9.075,17.881485
2020-06-08 22:15:00,9.145,17.992199
2020-06-08 22:30:00,8.864,17.994173
2020-06-08 22:45:00,9.075,18.081032
2020-06-08 23:00:00,8.723,17.896717
2020-06-08 23:15:00,8.723,17.864483
2020-06-08 23:30:00,8.653,17.677128
2020-06-08 23:45:00,8.442,17.812908
2020-06-09 00:00:00,8.864,18.981361
2020-06-09 00:15:00,9.075,18.060379
2020-06-09 00:30:00,9.075,17.61858
2020-06-09 00:45:00,8.864,17.954357
2020-06-09 01:00:00,8.864,17.797512
2020-06-09 01:15:00,8.371,18.030708
2020-06-09 01:30:00,8.512,18.14043
2020-06-09 01:45:00,8.02,18.13633
2020-06-09 02:00:00,8.301,18.02565
2020-06-09 02:15:00,7.809,18.098423
2020-06-09 02:30:00,8.02,18.063942
2020-06-09 02:45:00,8.16,18.059397
2020-06-09 03:00:00,8.02,18.062943
2020-06-09 03:15:00,8.09,18.086487
2020-06-09 03:30:00,8.16,18.02156
2020-06-09 03:45:00,8.02,18.048584
2020-06-09 04:00:00,8.02,18.026596
2020-06-09 04:15:00,7.738,18.054382
2020-06-09 04:30:00,8.09,18.030533
2020-06-09 04:45:00,7.879,17.999731
2020-06-09 05:00:00,8.16,17.754528
2020-06-09 05:15:00,7.949,18.00159
2020-06-09 05:30:00,8.09,17.986565
2020-06-09 05:45:00,7.949,17.95203
2020-06-09 06:00:00,8.16,17.941025
2020-06-09 06:15:00,8.231,17.861923
2020-06-09 06:30:00,8.02,17.873951
2020-06-09 06:45:00,8.09,17.850708
2020-06-09 07:00:00,8.16,17.743004
2020-06-09 07:15:00,8.442,17.550745
2020-06-09 07:30:00,8.301,16.897427
2020-06-09 07:45:00,8.723,17.17763
2020-06-09 08:00:00,8.512,17.317564
2020-06-09 08:15:00,8.02,17.174515
2020-06-09 08:30:00,8.02,17.290466
2020-06-09 08:45:00,8.371,17.794556
2020-06-09 09:00:00,8.442,17.723495
2020-06-09 09:15:00,8.371,17.250866
2020-06-09 09:30:00,8.301,17.599644
2020-06-09 09:45:00,8.231,18.01478
2020-06-09 10:00:00,6.824,18.164782
2020-06-09 10:15:00,6.05,18.190775
2020-06-09 10:30:00,5.557,17.843824
2020-06-09 10:45:00,3.377,17.095623
2020-06-09 11:00:00,3.025,16.52504
2020-06-09 11:15:00,2.744,15.872521
2020-06-09 11:30:00,2.251,15.557986
2020-06-09 11:45:00,4.01,15.710231
2020-06-09 12:00:00,4.15,17.58332
2020-06-09 12:15:00,2.814,18.08988
2020-06-09 12:30:00,2.814,18.596094
2020-06-09 12:45:00,2.884,19.631287
2020-06-09 13:00:00,3.939,19.64059
2020-06-09 13:15:00,4.221,18.863117
2020-06-09 13:30:00,4.713,19.042332
2020-06-09 13:45:00,4.784,18.748152
2020-06-09 14:00:00,4.784,17.361912
2020-06-09 14:15:00,5.346,16.731712
2020-06-09 14:30:00,5.768,18.226608
2020-06-09 14:45:00,5.839,18.298164
2020-06-09 15:00:00,5.768,19.502663
2020-06-09 15:15:00,5.698,19.334946
2020-06-09 15:30:00,5.768,20.028255
2020-06-09 15:45:00,6.05,20.819418
2020-06-09 16:00:00,6.683,19.964819
2020-06-09 16:15:00,6.683,19.984138
2020-06-09 16:30:00,6.613,19.920212
2020-06-09 16:45:00,6.613,19.951647
2020-06-09 17:00:00,6.894,19.587118
2020-06-09 17:15:00,7.105,19.276619
2020-06-09 17:30:00,6.964,18.552425
2020-06-09 17:45:00,6.964,18.273613
2020-06-09 18:00:00,7.035,17.898094
2020-06-09 18:15:00,6.894,17.441082
2020-06-09 18:30:00,6.472,16.525864
2020-06-09 18:45:00,6.472,16.78165
2020-06-09 19:00:00,6.402,16.97519
2020-06-09 19:15:00,6.402,16.797783
2020-06-09 19:30:00,6.402,16.697231
2020-06-09 19:45:00,6.331,16.655914
2020-06-09 20:00:00,6.331,16.816128
2020-06-09 20:15:00,6.402,17.465656
2020-06-09 20:30:00,6.261,17.443985
2020-06-09 20:45:00,5.979,17.495089
2020-06-09 21:00:00,6.05,17.44971
2020-06-09 21:15:00,6.191,17.494171
2020-06-09 21:30:00,6.613,17.423336
2020-06-09 21:45:00,6.824,17.341702
2020-06-09 22:00:00,6.894,17.391521
2020-06-09 22:15:00,6.824,17.626484
2020-06-09 22:30:00,7.105,17.53806
2020-06-09 22:45:00,7.457,17.60555
2020-06-09 23:00:00,7.246,17.593819
2020-06-09 23:15:00,6.964,17.626163
2020-06-09 23:30:00,6.753,17.59946
2020-06-09 23:45:00,6.261,17.414585
2020-06-10 00:00:00,6.261,17.622467
2020-06-10 00:15:00,6.261,18.072601
2020-06-10 00:30:00,6.824,17.80465
2020-06-10 00:45:00,6.753,17.985916
2020-06-10 01:00:00,6.824,18.03389
2020-06-10 01:15:00,7.105,18.01414
2020-06-10 01:30:00,7.035,17.887253
2020-06-10 01:45:00,7.246,17.882822
2020-06-10 02:00:00,7.316,17.952177
2020-06-10 02:15:00,7.386,18.055355
2020-06-10 02:30:00,7.527,18.099556
2020-06-10 02:45:00,7.386,17.72145
2020-06-10 03:00:00,7.668,17.907597
2020-06-10 03:15:00,7.668,18.0528
2020-06-10 03:30:00,7.105,17.791088
2020-06-10 03:45:00,7.316,17.786367
2020-06-10 04:00:00,7.738,17.743752
2020-06-10 04:15:00,7.457,17.636383
2020-06-10 04:30:00,7.386,17.854893
2020-06-10 04:45:00,7.457,17.770351
2020-06-10 05:00:00,7.457,17.888653
2020-06-10 05:15:00,7.457,17.869213
2020-06-10 05:30:00,7.386,17.827774
2020-06-10 05:45:00,7.527,17.866749
2020-06-10 06:00:00,7.668,17.890263
2020-06-10 06:15:00,8.02,17.818409
2020-06-10 06:30:00,7.879,17.916695
2020-06-10 06:45:00,8.16,18.460003
2020-06-10 07:00:00,8.02,18.497044
2020-06-10 07:15:00,7.879,17.838306
2020-06-10 07:30:00,8.231,17.307047
2020-06-10 07:45:00,8.512,17.38121
2020-06-10 08:00:00,8.301,16.448063
2020-06-10 08:15:00,8.301,16.916473
2020-06-10 08:30:00,8.371,16.238937
2020-06-10 08:45:00,8.02,16.34546
2020-06-10 09:00:00,8.16,16.653248
2020-06-10 09:15:00,8.16,16.764503
2020-06-10 09:30:00,8.02,16.783936
2020-06-10 09:45:00,8.02,17.490372
2020-06-10 10:00:00,8.09,18.030376
2020-06-10 10:15:00,8.16,18.719585
2020-06-10 10:30:00,8.16,17.63023
2020-06-10 10:45:00,8.16,18.576874
2020-06-10 11:00:00,8.09,19.235622
2020-06-10 11:15:00,8.371,19.156075
2020-06-10 11:30:00,8.371,18.193205
2020-06-10 11:45:00,8.512,18.871155
2020-06-10 12:00:00,8.371,19.273432
2020-06-10 12:15:00,8.582,18.735184
2020-06-10 12:30:00,8.934,19.60175
2020-06-10 12:45:00,8.864,19.594845
2020-06-10 13:00:00,8.934,19.568314
2020-06-10 13:15:00,8.934,19.71095
2020-06-10 13:30:00,9.426,19.94646
2020-06-10 13:45:00,9.215,20.684956
2020-06-10 14:00:00,9.426,19.94463
2020-06-10 14:15:00,9.567,20.0442
2020-06-10 14:30:00,9.075,20.336674
2020-06-10 14:45:00,9.004,20.916178
2020-06-10 15:00:00,9.567,20.535334
2020-06-10 15:15:00,9.426,20.414972
2020-06-10 15:30:00,9.638,20.310585
2020-06-10 15:45:00,9.497,20.452377
2020-06-10 16:00:00,9.989,20.849176
2020-06-10 16:15:00,9.778,20.977528
2020-06-10 16:30:00,9.567,20.709385
2020-06-10 16:45:00,9.638,20.707355
2020-06-10 17:00:00,9.286,20.681192
2020-06-10 17:15:00,8.793,20.58345
2020-06-10 17:30:00,9.286,20.497593
2020-06-10 17:45:00,9.286,20.639086
2020-06-10 18:00:00,9.286,20.33992
2020-06-10 18:15:00,8.864,19.634653
2020-06-10 18:30:00,9.075,19.673717
2020-06-10 18:45:00,9.215,19.536936
2020-06-10 19:00:00,9.145,18.689651
2020-06-10 19:15:00,8.934,18.315777
2020-06-10 19:30:00,9.004,18.02055
2020-06-10 19:45:00,8.653,17.935266
2020-06-10 20:00:00,8.442,17.79879
2020-06-10 20:15:00,8.723,17.88341
2020-06-10 20:30:00,8.512,17.773088
2020-06-10 20:45:00,8.371,17.662434
2020-06-10 21:00:00,8.723,17.566734
2020-06-10 21:15:00,8.723,17.557068
2020-06-10 21:30:00,8.512,17.631924
2020-06-10 21:45:00,8.371,17.723207
2020-06-10 22:00:00,8.442,17.852068
2020-06-10 22:15:00,8.371,17.725872
2020-06-10 22:30:00,8.231,17.650066
2020-06-10 22:45:00,7.879,17.509567
2020-06-10 23:00:00,8.231,17.401516
2020-06-10 23:15:00,7.949,17.441055
2020-06-10 23:30:00,7.809,17.53547
2020-06-10 23:45:00,7.668,18.18494
2020-06-11 00:00:00,8.301,19.1039
2020-06-11 00:15:00,8.442,20.125248
2020-06-11 00:30:00,7.879,19.398233
2020-06-11 00:45:00,7.879,19.489359
2020-06-11 01:00:00,7.879,20.544155
2020-06-11 01:15:00,7.809,22.81641
2020-06-11 01:30:00,7.949,23.610142
2020-06-11 01:45:00,7.809,22.7389
2020-06-11 02:00:00,7.809,20.884079
2020-06-11 02:15:00,8.16,20.921303
2020-06-11 02:30:00,8.02,23.622364
2020-06-11 02:45:00,8.16,21.892536
2020-06-11 03:00:00,7.809,21.437325
2020-06-11 03:15:00,7.738,22.105862
2020-06-11 03:30:00,8.16,21.323826
2020-06-11 03:45:00,8.09,20.345894
2020-06-11 04:00:00,7.949,19.578001
2020-06-11 04:15:00,8.16,19.973114
2020-06-11 04:30:00,8.02,20.354927
2020-06-11 04:45:00,8.02,20.557446
2020-06-11 05:00:00,7.949,19.584663
2020-06-11 05:15:00,7.597,20.0826
2020-06-11 05:30:00,7.879,20.621185
2020-06-11 05:45:00,7.597,18.741442
2020-06-11 06:00:00,8.16,19.031456
2020-06-11 06:15:00,8.231,20.359177
2020-06-11 06:30:00,8.582,19.009357
2020-06-11 06:45:00,8.723,19.474277
2020-06-11 07:00:00,8.512,19.256657
2020-06-11 07:15:00,8.512,18.372463
2020-06-11 07:30:00,8.512,18.9803
2020-06-11 07:45:00,8.582,18.694363
2020-06-11 08:00:00,9.075,18.931229
2020-06-11 08:15:00,9.004,19.145712
2020-06-11 08:30:00,8.934,19.983074
2020-06-11 08:45:00,9.286,20.053284
2020-06-11 09:00:00,9.075,20.076931
2020-06-11 09:15:00,9.004,19.380009
2020-06-11 09:30:00,8.934,19.78913
2020-06-11 09:45:00,9.004,19.856709
2020-06-11 10:00:00,9.004,19.809229
2020-06-11 10:15:00,8.864,19.875065
2020-06-11 10:30:00,9.075,20.304443
2020-06-11 10:45:00,9.075,20.791374
2020-06-11 11:00:00,9.075,21.192883
2020-06-11 11:15:00,9.075,21.163448
2020-06-11 11:30:00,9.145,21.292774
2020-06-11 11:45:00,9.567,21.426746
2020-06-11 12:00:00,9.567,21.679104
2020-06-11 12:15:00,9.567,22.275097
2020-06-11 12:30:00,9.778,22.52047
2020-06-11 12:45:00,10.13,23.389324
2020-06-11 13:00:00,10.2,23.233696
2020-06-11 13:15:00,10.482,22.680267
2020-06-11 13:30:00,10.271,23.334538
2020-06-11 13:45:00,10.833,23.511833
2020-06-11 14:00:00,11.044,23.101334
2020-06-11 14:15:00,10.904,22.910221
2020-06-11 14:30:00,11.537,22.515804
2020-06-11 14:45:00,11.607,22.319351
2020-06-11 15:00:00,12.029,22.587696
2020-06-11 15:15:00,12.17,21.82508
2020-06-11 15:30:00,12.1,22.227348
2020-06-11 15:45:00,12.17,21.391647
2020-06-11 16:00:00,12.17,22.022095
2020-06-11 16:15:00,12.029,21.675617
2020-06-11 16:30:00,12.17,21.751831
2020-06-11 16:45:00,12.381,21.156364
2020-06-11 17:00:00,12.311,21.335094
2020-06-11 17:15:00,11.889,21.075748
2020-06-11 17:30:00,11.326,21.027933
2020-06-11 17:45:00,10.904,20.767532
2020-06-11 18:00:00,10.552,19.765038
2020-06-11 18:15:00,10.482,19.695515
2020-06-11 18:30:00,10.693,19.653381
2020-06-11 18:45:00,10.693,19.46792
2020-06-11 19:00:00,10.904,19.435581
2020-06-11 19:15:00,10.482,20.054085
2020-06-11 19:30:00,10.2,19.795536
2020-06-11 19:45:00,10.271,19.911701
2020-06-11 20:00:00,10.271,22.940083
2020-06-11 20:15:00,10.06,23.173798
2020-06-11 20:30:00,10.13,23.239563
2020-06-11 20:45:00,10.13,23.684128
2020-06-11 21:00:00,10.271,23.820168
2020-06-11 21:15:00,10.2,24.011158
2020-06-11 21:30:00,10.13,22.033508
2020-06-11 21:45:00,9.778,20.670702
2020-06-11 22:00:00,9.778,20.469105
2020-06-11 22:15:00,9.849,20.190285
2020-06-11 22:30:00,9.849,20.24918
2020-06-11 22:45:00,9.708,20.667873
2020-06-11 23:00:00,9.849,20.16889
2020-06-11 23:15:00,10.13,18.535812
2020-06-11 23:30:00,9.919,18.013939
2020-06-11 23:45:00,10.13,18.191683
2020-06-12 00:00:00,10.06,18.485558
2020-06-12 00:15:00,9.778,19.154541
2020-06-12 00:30:00,9.638,19.529346
2020-06-12 00:45:00,9.849,19.017143
2020-06-12 01:00:00,9.778,24.594097
2020-06-12 01:15:00,9.778,24.015297
2020-06-12 01:30:00,9.708,23.337845
2020-06-12 01:45:00,9.426,23.751995
2020-06-12 02:00:00,9.497,20.66863
2020-06-12 02:15:00,9.638,24.288002
2020-06-12 02:30:00,9.497,24.03035
2020-06-12 02:45:00,9.778,24.582699
2020-06-12 03:00:00,9.849,24.64153
2020-06-12 03:15:00,9.497,24.464844
2020-06-12 03:30:00,9.778,23.320705
2020-06-12 03:45:00,9.778,22.178284
2020-06-12 04:00:00,9.708,21.188938
2020-06-12 04:15:00,9.638,23.31218
2020-06-12 04:30:00,9.638,21.448334
2020-06-12 04:45:00,9.356,23.567081
2020-06-12 05:00:00,9.497,23.597763
2020-06-12 05:15:00,9.215,24.013409
2020-06-12 05:30:00,9.356,20.888569
2020-06-12 05:45:00,9.145,23.59671
2020-06-12 06:00:00,9.567,22.0424
2020-06-12 06:15:00,9.778,21.89169
2020-06-12 06:30:00,10.13,24.552078
2020-06-12 06:45:00,10.13,23.257439
2020-06-12 07:00:00,10.341,23.840157
2020-06-12 07:15:00,10.693,22.23845
2020-06-12 07:30:00,10.763,18.608086
2020-06-12 07:45:00,10.622,18.449825
2020-06-12 08:00:00,10.411,18.529373
2020-06-12 08:15:00,10.2,18.693226
2020-06-12 08:30:00,10.341,18.95763
2020-06-12 08:45:00,10.552,19.195358
2020-06-12 09:00:00,10.622,19.670158
2020-06-12 09:15:00,10.341,19.775974
2020-06-12 09:30:00,10.482,20.27692
2020-06-12 09:45:00,10.06,21.058846
2020-06-12 10:00:00,10.271,21.392365
2020-06-12 10:15:00,10.482,21.353798
2020-06-12 10:30:00,10.622,21.539062
2020-06-12 10:45:00,10.622,21.54908
2020-06-12 11:00:00,10.341,21.570896
2020-06-12 11:15:00,10.271,21.533993
2020-06-12 11:30:00,10.271,21.638306
2020-06-12 11:45:00,10.552,21.996838
2020-06-12 12:00:00,10.833,22.194824
2020-06-12 12:15:00,10.974,22.627037
2020-06-12 12:30:00,11.396,23.104267
2020-06-12 12:45:00,11.326,23.184837
2020-06-12 13:00:00,11.537,23.239216
2020-06-12 13:15:00,12.029,23.220322
2020-06-12 13:30:00,11.889,23.197353
2020-06-12 13:45:00,11.678,23.179798
2020-06-12 14:00:00,12.1,23.120178
2020-06-12 14:15:00,13.085,22.99487
2020-06-12 14:30:00,12.944,22.642048
2020-06-12 14:45:00,13.085,22.45166
2020-06-12 15:00:00,13.577,22.680748
2020-06-12 15:15:00,13.858,22.471237
2020-06-12 15:30:00,14.21,22.253815
2020-06-12 15:45:00,14.351,22.310444
2020-06-12 16:00:00,14.28,22.269032
2020-06-12 16:15:00,14.491,21.950306
2020-06-12 16:30:00,14.421,21.689938
2020-06-12 16:45:00,14.069,21.607826
2020-06-12 17:00:00,13.507,21.558144
2020-06-12 17:15:00,13.296,21.54744
2020-06-12 17:30:00,13.718,21.426815
2020-06-12 17:45:00,13.718,21.283775
2020-06-12 18:00:00,13.929,21.14326
2020-06-12 18:15:00,13.225,20.612839
2020-06-12 18:30:00,12.24,19.955914
2020-06-12 18:45:00,12.029,19.868809
2020-06-12 19:00:00,12.029,20.053413
2020-06-12 19:15:00,11.748,20.466103
2020-06-12 19:30:00,11.818,20.542122
2020-06-12 19:45:00,11.748,20.31004
2020-06-12 20:00:00,11.678,21.674053
2020-06-12 20:15:00,11.467,24.016579
2020-06-12 20:30:00,11.326,25.656353
2020-06-12 20:45:00,10.974,26.821144
2020-06-12 21:00:00,11.044,26.865013
2020-06-12 21:15:00,11.044,26.929104
2020-06-12 21:30:00,10.833,27.02098
2020-06-12 21:45:00,10.833,27.011753
2020-06-12 22:00:00,10.904,26.408981
2020-06-12 22:15:00,10.833,27.31068
2020-06-12 22:30:00,11.115,26.657394
2020-06-12 22:45:00,11.115,26.96531
2020-06-12 23:00:00,11.185,27.34034
2020-06-12 23:15:00,11.044,25.854626
2020-06-12 23:30:00,10.974,26.183228
2020-06-12 23:45:00,10.904,26.80859
2020-06-13 00:00:00,11.185,23.90757
2020-06-13 00:15:00,11.044,24.657242
2020-06-13 00:30:00,10.833,24.422016
2020-06-13 00:45:00,10.833,26.13593
2020-06-13 01:00:00,10.763,26.758709
2020-06-13 01:15:00,10.974,26.49091
2020-06-13 01:30:00,10.904,26.456532
2020-06-13 01:45:00,11.044,26.836418
2020-06-13 02:00:00,10.904,25.185322
2020-06-13 02:15:00,10.833,26.51643
2020-06-13 02:30:00,10.833,27.027622
2020-06-13 02:45:00,11.044,24.306335
2020-06-13 03:00:00,10.833,23.954842
2020-06-13 03:15:00,10.833,25.566616
2020-06-13 03:30:00,10.833,25.65651
2020-06-13 03:45:00,10.833,25.68322
2020-06-13 04:00:00,10.833,25.16631
2020-06-13 04:15:00,10.833,25.489002
2020-06-13 04:30:00,10.904,26.187881
2020-06-13 04:45:00,10.974,24.015057
2020-06-13 05:00:00,10.622,25.003613
2020-06-13 05:15:00,10.2,25.387154
2020-06-13 05:30:00,10.13,23.958279
2020-06-13 05:45:00,10.622,24.684975
2020-06-13 06:00:00,10.974,22.90519
2020-06-13 06:15:00,11.185,22.225079
2020-06-13 06:30:00,11.537,21.769096
2020-06-13 06:45:00,11.256,20.445404
2020-06-13 07:00:00,11.467,19.372585
2020-06-13 07:15:00,11.326,19.233269
2020-06-13 07:30:00,11.678,18.931576
2020-06-13 07:45:00,11.748,18.761024
2020-06-13 08:00:00,11.818,19.053864
2020-06-13 08:15:00,11.678,18.121151
2020-06-13 08:30:00,11.678,19.25903
2020-06-13 08:45:00,11.607,19.88844
2020-06-13 09:00:00,11.185,19.557018
2020-06-13 09:15:00,11.115,20.33303
2020-06-13 09:30:00,11.467,20.705652
2020-06-13 09:45:00,11.467,21.013493
2020-06-13 10:00:00,11.185,21.337444
2020-06-13 10:15:00,11.044,21.46864
2020-06-13 10:30:00,11.537,21.388199
2020-06-13 10:45:00,11.607,21.498697
2020-06-13 11:00:00,11.537,21.361706
2020-06-13 11:15:00,11.818,21.490017
2020-06-13 11:30:00,11.396,21.647194
2020-06-13 11:45:00,11.678,21.885548
2020-06-13 12:00:00,11.326,22.214828
2020-06-13 12:15:00,11.818,22.171345
2020-06-13 12:30:00,11.889,22.280865
2020-06-13 12:45:00,12.311,22.798058
2020-06-13 13:00:00,12.311,23.011814
2020-06-13 13:15:00,12.874,23.257198
2020-06-13 13:30:00,13.155,23.152618
2020-06-13 13:45:00,13.225,23.18692
2020-06-13 14:00:00,13.296,22.964329
2020-06-13 14:15:00,13.647,21.478031
2020-06-13 14:30:00,13.225,21.724152
2020-06-13 14:45:00,13.718,20.721792
2020-06-13 15:00:00,14.14,20.854527
2020-06-13 15:15:00,14.21,21.763668
2020-06-13 15:30:00,14.351,21.462337
2020-06-13 15:45:00,14.632,22.068283
2020-06-13 16:00:00,14.351,20.737736
2020-06-13 16:15:00,14.28,21.18301
2020-06-13 16:30:00,14.28,21.09066
2020-06-13 16:45:00,14.21,21.44062
2020-06-13 17:00:00,13.647,20.698414
2020-06-13 17:15:00,13.507,21.310848
2020-06-13 17:30:00,13.085,20.978985
2020-06-13 17:45:00,12.662,21.114063
2020-06-13 18:00:00,12.592,21.02478
2020-06-13 18:15:00,12.17,20.05008
2020-06-13 18:30:00,11.678,19.873215
2020-06-13 18:45:00,11.748,19.566639
2020-06-13 19:00:00,11.678,19.527294
2020-06-13 19:15:00,11.185,19.63483
2020-06-13 19:30:00,10.974,19.70779
2020-06-13 19:45:00,11.115,19.720337
2020-06-13 20:00:00,10.904,19.717804
2020-06-13 20:15:00,10.904,19.85413
2020-06-13 20:30:00,10.833,21.196333
2020-06-13 20:45:00,10.622,21.92519
2020-06-13 21:00:00,10.693,22.214966
2020-06-13 21:15:00,10.763,22.475052
2020-06-13 21:30:00,10.974,21.032387
2020-06-13 21:45:00,10.833,20.624138
2020-06-13 22:00:00,10.552,23.284924
2020-06-13 22:15:00,10.763,23.390228
2020-06-13 22:30:00,10.552,22.640621
2020-06-13 22:45:00,10.482,23.473656
2020-06-13 23:00:00,10.552,23.02901
2020-06-13 23:15:00,10.552,18.984749
2020-06-13 23:30:00,10.552,19.115099
2020-06-13 23:45:00,10.622,19.39291
2020-06-14 00:00:00,10.904,20.463615
2020-06-14 00:15:00,10.904,24.009575
2020-06-14 00:30:00,10.904,20.955326
2020-06-14 00:45:00,10.833,20.866793
2020-06-14 01:00:00,10.904,19.729202
2020-06-14 01:15:00,10.833,17.644981
2020-06-14 01:30:00,10.833,18.517263
2020-06-14 01:45:00,10.833,19.443161
2020-06-14 02:00:00,10.693,24.33667
2020-06-14 02:15:00,10.833,19.452908
2020-06-14 02:30:00,10.763,21.880825
2020-06-14 02:45:00,10.833,19.984194
2020-06-14 03:00:00,10.974,20.688797
2020-06-14 03:15:00,10.974,20.611816
2020-06-14 03:30:00,10.763,22.484085
2020-06-14 03:45:00,10.974,22.681156
2020-06-14 04:00:00,11.115,21.415066
2020-06-14 04:15:00,10.974,21.330261
2020-06-14 04:30:00,10.974,23.987099
2020-06-14 04:45:00,11.044,21.034937
2020-06-14 05:00:00,10.833,20.148956
2020-06-14 05:15:00,10.622,23.89119
2020-06-14 05:30:00,10.904,22.056705
2020-06-14 05:45:00,10.904,20.055515
2020-06-14 06:00:00,10.974,20.028673
2020-06-14 06:15:00,10.763,22.038754
2020-06-14 06:30:00,11.115,21.718372
2020-06-14 06:45:00,11.115,19.903229
2020-06-14 07:00:00,10.904,19.854887
2020-06-14 07:15:00,10.833,18.09816
2020-06-14 07:30:00,10.622,17.380768
2020-06-14 07:45:00,10.974,17.586765
2020-06-14 08:00:00,11.115,17.951235
2020-06-14 08:15:00,11.818,18.317825
2020-06-14 08:30:00,11.537,18.773895
2020-06-14 08:45:00,11.537,19.067425
2020-06-14 09:00:00,11.115,19.449085
2020-06-14 09:15:00,10.974,19.516838
2020-06-14 09:30:00,10.974,20.29496
2020-06-14 09:45:00,11.326,20.89878
2020-06-14 10:00:00,11.185,21.015423
2020-06-14 10:15:00,11.326,21.18948
2020-06-14 10:30:00,11.185,21.258469
2020-06-14 10:45:00,10.974,21.379513
2020-06-14 11:00:00,11.256,21.404835
2020-06-14 11:15:00,11.326,21.241562
2020-06-14 11:30:00,11.044,21.162506
2020-06-14 11:45:00,11.326,21.209785
2020-06-14 12:00:00,11.185,21.238125
2020-06-14 12:15:00,11.467,21.351877
2020-06-14 12:30:00,11.537,21.406513
2020-06-14 12:45:00,11.537,21.508675
2020-06-14 13:00:00,11.818,21.474096
2020-06-14 13:15:00,12.1,21.387428
2020-06-14 13:30:00,12.24,21.632103
2020-06-14 13:45:00,12.451,21.31755
2020-06-14 14:00:00,13.296,21.470549
2020-06-14 14:15:00,13.225,21.390354
2020-06-14 14:30:00,13.296,21.437473
2020-06-14 14:45:00,13.366,21.465176
2020-06-14 15:00:00,13.577,21.443432
2020-06-14 15:15:00,13.788,21.218094
2020-06-14 15:30:00,13.436,21.48014
2020-06-14 15:45:00,13.296,21.290173
2020-06-14 16:00:00,13.225,21.3947
2020-06-14 16:15:00,13.507,21.447578
2020-06-14 16:30:00,13.225,21.433567
2020-06-14 16:45:00,13.436,21.12146
2020-06-14 17:00:00,13.085,21.421024
2020-06-14 17:15:00,12.451,21.414917
2020-06-14 17:30:00,12.029,21.339108
2020-06-14 17:45:00,11.537,21.128325
2020-06-14 18:00:00,11.467,20.877457
2020-06-14 18:15:00,11.256,20.320984
2020-06-14 18:30:00,11.326,20.079536
2020-06-14 18:45:00,11.326,20.086464
2020-06-14 19:00:00,11.326,20.221916
2020-06-14 19:15:00,11.678,20.237934
2020-06-14 19:30:00,11.326,20.174316
2020-06-14 19:45:00,11.396,20.254795
2020-06-14 20:00:00,11.326,20.22155
2020-06-14 20:15:00,11.256,20.082783
2020-06-14 20:30:00,11.396,19.87366
2020-06-14 20:45:00,11.396,20.373764
2020-06-14 21:00:00,11.185,21.041622
2020-06-14 21:15:00,10.974,21.487015
2020-06-14 21:30:00,11.256,21.2523
2020-06-14 21:45:00,11.396,21.310148
2020-06-14 22:00:00,11.326,20.042156
2020-06-14 22:15:00,11.115,20.427216
2020-06-14 22:30:00,10.833,19.600103
2020-06-14 22:45:00,10.974,18.835226
2020-06-14 23:00:00,10.622,20.23399
2020-06-14 23:15:00,10.341,21.212425
2020-06-14 23:30:00,10.341,21.74398
2020-06-14 23:45:00,10.341,21.55025
2020-06-15 00:00:00,10.2,21.42571
2020-06-15 00:15:00,10.271,21.795914
2020-06-15 00:30:00,10.2,21.99044
2020-06-15 00:45:00,10.2,21.275074
2020-06-15 01:00:00,10.2,20.587154
2020-06-15 01:15:00,10.13,20.360619
2020-06-15 01:30:00,9.919,20.515877
2020-06-15 01:45:00,9.989,20.90374
2020-06-15 02:00:00,9.849,20.35707
2020-06-15 02:15:00,9.849,20.86134
2020-06-15 02:30:00,9.919,19.700535
2020-06-15 02:45:00,9.849,21.32267
2020-06-15 03:00:00,10.13,22.88768
2020-06-15 03:15:00,10.341,21.472878
2020-06-15 03:30:00,10.904,20.57911
2020-06-15 03:45:00,10.904,20.45707
2020-06-15 04:00:00,10.974,20.528008
2020-06-15 04:15:00,10.833,21.19595
2020-06-15 04:30:00,10.763,20.684954
2020-06-15 04:45:00,10.411,19.5084
2020-06-15 05:00:00,10.2,19.665096
2020-06-15 05:15:00,10.271,20.543488
2020-06-15 05:30:00,10.411,18.982239
2020-06-15 05:45:00,10.552,18.227497
2020-06-15 06:00:00,10.833,18.503708
2020-06-15 06:15:00,11.115,18.600578
2020-06-15 06:30:00,11.607,19.459751
2020-06-15 06:45:00,11.185,19.54358
2020-06-15 07:00:00,11.115,19.070198
2020-06-15 07:15:00,10.974,19.126804
2020-06-15 07:30:00,10.974,18.908957
2020-06-15 07:45:00,10.904,18.731968
2020-06-15 08:00:00,11.537,19.057034
2020-06-15 08:15:00,11.256,18.488281
2020-06-15 08:30:00,11.044,19.328835
2020-06-15 08:45:00,11.044,20.142365
2020-06-15 09:00:00,10.552,20.606441
2020-06-15 09:15:00,10.552,20.42693
2020-06-15 09:30:00,10.2,20.395096
2020-06-15 09:45:00,10.06,20.36789
2020-06-15 10:00:00,10.482,20.462765
2020-06-15 10:15:00,10.482,20.260288
2020-06-15 10:30:00,10.411,21.1259
2020-06-15 10:45:00,10.341,21.288025
2020-06-15 11:00:00,10.341,21.384392
2020-06-15 11:15:00,10.482,21.432964
2020-06-15 11:30:00,10.622,21.53463
2020-06-15 11:45:00,10.763,21.56297
2020-06-15 12:00:00,10.904,21.639881
2020-06-15 12:15:00,10.904,21.646141
2020-06-15 12:30:00,10.763,21.848633
2020-06-15 12:45:00,10.833,21.976925
2020-06-15 13:00:00,11.115,21.76893
2020-06-15 13:15:00,10.974,21.725048
2020-06-15 13:30:00,11.256,21.63198
2020-06-15 13:45:00,11.678,22.194511
2020-06-15 14:00:00,11.256,21.26136
2020-06-15 14:15:00,11.326,22.275753
2020-06-15 14:30:00,11.607,21.789951
2020-06-15 14:45:00,11.537,21.751549
2020-06-15 15:00:00,11.818,21.74915
2020-06-15 15:15:00,12.029,21.701965
2020-06-15 15:30:00,11.889,21.696938
2020-06-15 15:45:00,11.889,21.658186
2020-06-15 16:00:00,12.381,21.646194
2020-06-15 16:15:00,12.311,21.603714
2020-06-15 16:30:00,12.24,21.4814
2020-06-15 16:45:00,12.24,21.580822
2020-06-15 17:00:00,11.959,20.803497
2020-06-15 17:15:00,11.326,21.515606
2020-06-15 17:30:00,11.467,21.45084
2020-06-15 17:45:00,11.748,21.463583
2020-06-15 18:00:00,11.748,21.12125
2020-06-15 18:15:00,11.748,20.65186
2020-06-15 18:30:00,11.326,20.08633
2020-06-15 18:45:00,10.974,20.265839
2020-06-15 19:00:00,10.482,20.593845
2020-06-15 19:15:00,10.271,20.485725
2020-06-15 19:30:00,10.06,19.550385
2020-06-15 19:45:00,9.919,18.907404
2020-06-15 20:00:00,9.849,18.774353
2020-06-15 20:15:00,9.708,19.580444
2020-06-15 20:30:00,9.778,19.995815
2020-06-15 20:45:00,9.567,20.32894
2020-06-15 21:00:00,9.426,19.666025
2020-06-15 21:15:00,9.356,19.42755
2020-06-15 21:30:00,9.426,19.35775
2020-06-15 21:45:00,9.356,19.2836
2020-06-15 22:00:00,9.497,18.770538
2020-06-15 22:15:00,9.356,19.261303
2020-06-15 22:30:00,9.497,18.692379
2020-06-15 22:45:00,9.426,18.136684
2020-06-15 23:00:00,9.426,20.587963
2020-06-15 23:15:00,9.567,20.251736
2020-06-15 23:30:00,9.286,19.689243
2020-06-15 23:45:00,9.356,19.98362
2020-06-16 00:00:00,9.215,19.653835
2020-06-16 00:15:00,9.145,19.587402
2020-06-16 00:30:00,9.215,20.26802
2020-06-16 00:45:00,9.215,19.724298
2020-06-16 01:00:00,9.286,19.976467
2020-06-16 01:15:00,9.286,20.180313
2020-06-16 01:30:00,9.145,21.023035
2020-06-16 01:45:00,9.075,19.28587
2020-06-16 02:00:00,9.004,19.307575
2020-06-16 02:15:00,8.723,20.3718
2020-06-16 02:30:00,8.934,19.798717
2020-06-16 02:45:00,8.864,20.537209
2020-06-16 03:00:00,8.864,20.368511
2020-06-16 03:15:00,8.512,19.859959
2020-06-16 03:30:00,8.582,19.401623
2020-06-16 03:45:00,8.653,19.97744
2020-06-16 04:00:00,8.512,19.970943
2020-06-16 04:15:00,8.582,19.586292
2020-06-16 04:30:00,8.442,18.320543
2020-06-16 04:45:00,8.442,18.560913
2020-06-16 05:00:00,8.512,19.58036
2020-06-16 05:15:00,8.512,19.749266
2020-06-16 05:30:00,8.512,18.395813
2020-06-16 05:45:00,8.371,18.636421
2020-06-16 06:00:00,8.582,18.48433
2020-06-16 06:15:00,8.512,18.31724
2020-06-16 06:30:00,8.723,19.080597
2020-06-16 06:45:00,8.582,20.5864
2020-06-16 07:00:00,8.793,20.40363
2020-06-16 07:15:00,9.004,19.792156
2020-06-16 07:30:00,9.004,19.052868
2020-06-16 07:45:00,9.004,18.55849
2020-06-16 08:00:00,9.426,18.19347
2020-06-16 08:15:00,9.426,18.309362
2020-06-16 08:30:00,8.864,18.712967
2020-06-16 08:45:00,8.723,19.608152
2020-06-16 09:00:00,8.723,19.60625
2020-06-16 09:15:00,8.723,19.471779
2020-06-16 09:30:00,8.723,19.966679
2020-06-16 09:45:00,8.934,20.227955
2020-06-16 10:00:00,9.145,20.599209
2020-06-16 10:15:00,9.145,21.0082
2020-06-16 10:30:00,8.864,21.17831
2020-06-16 10:45:00,8.934,21.214867
2020-06-16 11:00:00,9.004,21.29604
2020-06-16 11:15:00,8.934,21.290436
2020-06-16 11:30:00,9.004,21.43349
2020-06-16 11:45:00,9.145,21.777325
2020-06-16 12:00:00,9.215,22.339596
2020-06-16 12:15:00,9.286,22.102242
2020-06-16 12:30:00,9.426,22.331486
2020-06-16 12:45:00,9.497,22.955425
2020-06-16 13:00:00,9.426,21.684185
2020-06-16 13:15:00,9.497,21.885715
2020-06-16 13:30:00,9.778,22.518616
2020-06-16 13:45:00,9.989,21.631687
2020-06-16 14:00:00,10.13,22.585373
2020-06-16 14:15:00,10.2,21.982445
2020-06-16 14:30:00,10.552,21.988514
2020-06-16 14:45:00,10.693,21.745117
2020-06-16 15:00:00,10.763,21.735184
2020-06-16 15:15:00,10.763,21.764277
2020-06-16 15:30:00,10.833,21.71588
2020-06-16 15:45:00,10.622,21.640705
2020-06-16 16:00:00,10.552,21.659096
2020-06-16 16:15:00,10.13,21.61333
2020-06-16 16:30:00,10.341,21.596798
2020-06-16 16:45:00,10.271,21.581469
2020-06-16 17:00:00,9.919,21.532793
2020-06-16 17:15:00,9.708,21.522745
2020-06-16 17:30:00,9.708,20.822956
2020-06-16 17:45:00,9.567,21.288939
2020-06-16 18:00:00,9.356,21.049091
2020-06-16 18:15:00,9.497,20.995201
2020-06-16 18:30:00,9.215,20.193085
2020-06-16 18:45:00,9.567,19.677485
2020-06-16 19:00:00,9.215,19.614395
2020-06-16 19:15:00,9.075,19.656166
2020-06-16 19:30:00,8.793,19.309372
2020-06-16 19:45:00,8.864,19.105152
2020-06-16 20:00:00,9.215,19.242336
2020-06-16 20:15:00,8.934,19.531483
2020-06-16 20:30:00,8.723,20.353275
2020-06-16 20:45:00,8.512,20.501038
2020-06-16 21:00:00,8.442,20.318998
2020-06-16 21:15:00,8.442,20.34643
2020-06-16 21:30:00,8.371,20.23214
2020-06-16 21:45:00,8.442,19.177853
2020-06-16 22:00:00,8.512,18.116337
2020-06-16 22:15:00,8.16,19.283466
2020-06-16 22:30:00,8.371,18.331165
2020-06-16 22:45:00,8.371,18.073387
2020-06-16 23:00:00,8.301,19.002287
2020-06-16 23:15:00,8.231,19.141037
2020-06-16 23:30:00,8.442,18.66296
2020-06-16 23:45:00,8.371,19.284306
2020-06-17 00:00:00,8.16,18.73071
2020-06-17 00:15:00,8.301,18.597157
2020-06-17 00:30:00,8.16,19.356339
2020-06-17 00:45:00,8.371,19.58524
2020-06-17 01:00:00,8.512,20.794395
2020-06-17 01:15:00,8.301,22.448627
2020-06-17 01:30:00,8.16,22.863995
2020-06-17 01:45:00,8.231,20.84655
2020-06-17 02:00:00,8.02,21.732399
2020-06-17 02:15:00,8.09,22.131699
2020-06-17 02:30:00,8.371,22.091927
2020-06-17 02:45:00,8.301,23.558952
2020-06-17 03:00:00,8.02,23.998169
2020-06-17 03:15:00,8.02,23.131592
2020-06-17 03:30:00,8.09,22.082466
2020-06-17 03:45:00,8.16,22.017101
2020-06-17 04:00:00,8.02,21.452984
2020-06-17 04:15:00,7.738,22.097885
2020-06-17 04:30:00,7.668,23.790928
2020-06-17 04:45:00,7.949,23.17588
2020-06-17 05:00:00,7.949,22.145199
2020-06-17 05:15:00,7.879,20.876663
2020-06-17 05:30:00,7.809,20.250202
2020-06-17 05:45:00,7.809,21.375256
2020-06-17 06:00:00,7.668,21.125404
2020-06-17 06:15:00,8.231,22.249031
2020-06-17 06:30:00,8.09,22.486649
2020-06-17 06:45:00,8.09,21.275429
2020-06-17 07:00:00,7.949,21.73038
2020-06-17 07:15:00,7.738,21.67638
2020-06-17 07:30:00,7.809,23.568848
2020-06-17 07:45:00,8.02,22.521664
2020-06-17 08:00:00,8.231,20.526535
2020-06-17 08:15:00,8.231,18.782602
2020-06-17 08:30:00,7.879,19.030441
2020-06-17 08:45:00,8.09,19.753101
2020-06-17 09:00:00,8.371,19.876747
2020-06-17 09:15:00,8.371,19.588833
2020-06-17 09:30:00,8.442,19.846043
2020-06-17 09:45:00,8.582,19.64693
2020-06-17 10:00:00,8.442,20.152515
2020-06-17 10:15:00,8.512,20.02829
2020-06-17 10:30:00,8.582,19.775772
2020-06-17 10:45:00,8.723,20.993366
2020-06-17 11:00:00,8.653,21.501343
2020-06-17 11:15:00,9.004,21.315762
2020-06-17 11:30:00,9.356,20.980236
2020-06-17 11:45:00,9.145,21.219854
2020-06-17 12:00:00,9.286,21.517414
2020-06-17 12:15:00,9.426,21.543056
2020-06-17 12:30:00,9.567,21.976463
2020-06-17 12:45:00,10.06,22.656868
2020-06-17 13:00:00,10.271,22.268162
2020-06-17 13:15:00,10.693,22.25991
2020-06-17 13:30:00,10.833,22.1996
2020-06-17 13:45:00,10.904,22.157066
2020-06-17 14:00:00,11.326,22.44231
2020-06-17 14:15:00,11.678,22.500526
2020-06-17 14:30:00,11.818,22.036613
2020-06-17 14:45:00,11.889,21.939533
2020-06-17 15:00:00,12.451,21.754295
2020-06-17 15:15:00,12.17,21.74042
2020-06-17 15:30:00,12.24,21.670948
2020-06-17 15:45:00,12.451,21.736977
2020-06-17 16:00:00,12.381,21.635624
2020-06-17 16:15:00,12.381,21.760704
2020-06-17 16:30:00,12.029,21.423725
2020-06-17 16:45:00,12.24,21.409185
2020-06-17 17:00:00,11.537,21.39854
2020-06-17 17:15:00,11.396,21.385338
2020-06-17 17:30:00,11.537,21.35461
2020-06-17 17:45:00,11.467,21.098217
2020-06-17 18:00:00,11.326,20.870304
2020-06-17 18:15:00,11.115,20.347942
2020-06-17 18:30:00,10.974,19.589554
2020-06-17 18:45:00,10.974,19.525528
2020-06-17 19:00:00,10.833,19.53592
2020-06-17 19:15:00,10.693,19.75496
2020-06-17 19:30:00,10.482,19.825314
2020-06-17 19:45:00,10.482,20.57351
2020-06-17 20:00:00,10.271,20.89956
2020-06-17 20:15:00,10.2,21.260765
2020-06-17 20:30:00,10.341,20.811405
2020-06-17 20:45:00,10.2,20.329433
2020-06-17 21:00:00,10.2,20.007278
2020-06-17 21:15:00,10.2,20.310528
2020-06-17 21:30:00,9.919,19.85734
2020-06-17 21:45:00,9.919,19.647858
2020-06-17 22:00:00,9.638,19.00108
2020-06-17 22:15:00,9.638,19.03542
2020-06-17 22:30:00,9.497,18.945553
2020-06-17 22:45:00,9.567,20.051676
2020-06-17 23:00:00,9.567,19.078304
2020-06-17 23:15:00,9.426,19.772953
2020-06-17 23:30:00,9.567,18.824821
2020-06-17 23:45:00,9.497,19.650257
2020-06-18 00:00:00,9.286,19.02327
2020-06-18 00:15:00,9.497,19.883036
2020-06-18 00:30:00,9.426,20.748562
2020-06-18 00:45:00,9.215,23.183346
2020-06-18 01:00:00,9.215,25.697609
2020-06-18 01:15:00,9.215,25.78352
2020-06-18 01:30:00,9.075,25.721684
2020-06-18 01:45:00,9.286,25.115032
2020-06-18 02:00:00,9.215,25.40466
2020-06-18 02:15:00,9.075,25.344234
2020-06-18 02:30:00,9.004,25.1055
2020-06-18 02:45:00,8.934,25.151363
2020-06-18 03:00:00,8.864,25.613777
2020-06-18 03:15:00,8.864,25.03144
2020-06-18 03:30:00,8.934,24.832428
2020-06-18 03:45:00,8.793,24.994678
2020-06-18 04:00:00,9.075,25.016762
2020-06-18 04:15:00,9.075,25.198223
2020-06-18 04:30:00,8.864,24.940304
2020-06-18 04:45:00,8.934,24.850945
2020-06-18 05:00:00,9.004,24.289162
2020-06-18 05:15:00,9.075,24.417381
2020-06-18 05:30:00,8.793,24.54065
2020-06-18 05:45:00,8.723,24.344097
2020-06-18 06:00:00,9.215,24.332283
2020-06-18 06:15:00,8.934,24.680305
2020-06-18 06:30:00,9.215,24.982872
2020-06-18 06:45:00,9.075,24.458492
2020-06-18 07:00:00,9.286,23.065205
2020-06-18 07:15:00,9.075,20.209679
2020-06-18 07:30:00,9.426,19.55431
2020-06-18 07:45:00,9.356,19.382755
2020-06-18 08:00:00,9.145,19.64848
2020-06-18 08:15:00,9.215,19.891731
2020-06-18 08:30:00,9.426,20.09856
2020-06-18 08:45:00,9.426,21.273788
2020-06-18 09:00:00,9.778,21.165321
2020-06-18 09:15:00,9.708,21.07806
2020-06-18 09:30:00,9.778,21.956123
2020-06-18 09:45:00,9.849,21.430649
2020-06-18 10:00:00,9.989,21.826931
2020-06-18 10:15:00,10.13,21.938644
2020-06-18 10:30:00,10.271,22.099087
2020-06-18 10:45:00,10.271,22.453068
2020-06-18 11:00:00,10.06,23.250866
2020-06-18 11:15:00,10.482,23.171452
2020-06-18 11:30:00,10.552,23.211075
2020-06-18 11:45:00,10.622,23.21629
2020-06-18 12:00:00,10.833,23.573448
2020-06-18 12:15:00,10.904,23.88137
2020-06-18 12:30:00,11.044,23.952175
2020-06-18 12:45:00,11.326,23.820786
2020-06-18 13:00:00,11.185,23.99361
2020-06-18 13:15:00,11.396,23.697987
2020-06-18 13:30:00,11.396,23.768936
2020-06-18 13:45:00,11.889,23.657795
2020-06-18 14:00:00,11.959,23.580894
2020-06-18 14:15:00,11.818,23.493763
2020-06-18 14:30:00,12.522,23.655048
2020-06-18 14:45:00,12.381,23.263134
2020-06-18 15:00:00,13.085,23.346256
2020-06-18 15:15:00,13.085,23.69257
2020-06-18 15:30:00,12.733,23.661198
2020-06-18 15:45:00,12.803,23.322495
2020-06-18 16:00:00,11.959,23.091873
2020-06-18 16:15:00,12.1,23.033428
2020-06-18 16:30:00,12.1,22.518925
2020-06-18 16:45:00,12.1,21.901455
2020-06-18 17:00:00,12.029,21.643719
2020-06-18 17:15:00,11.748,21.430653
2020-06-18 17:30:00,11.818,21.340454
2020-06-18 17:45:00,12.029,19.814556
2020-06-18 18:00:00,12.029,21.462189
2020-06-18 18:15:00,12.029,22.064743
2020-06-18 18:30:00,11.748,21.871006
2020-06-18 18:45:00,11.818,21.865147
2020-06-18 19:00:00,11.818,22.98708
2020-06-18 19:15:00,11.326,23.735943
2020-06-18 19:30:00,11.185,24.835045
2020-06-18 19:45:00,10.763,25.906067
2020-06-18 20:00:00,10.622,27.91394
2020-06-18 20:15:00,10.552,27.31791
2020-06-18 20:30:00,10.271,25.267448
2020-06-18 20:45:00,10.13,22.750393
2020-06-18 21:00:00,10.2,22.27929
2020-06-18 21:15:00,10.2,22.384235
2020-06-18 21:30:00,10.13,22.574024
2020-06-18 21:45:00,10.271,21.927193
2020-06-18 22:00:00,10.13,21.712376
2020-06-18 22:15:00,10.271,21.739758
2020-06-18 22:30:00,10.271,24.638477
2020-06-18 22:45:00,10.06,25.524776
2020-06-18 23:00:00,10.271,24.519798
2020-06-18 23:15:00,9.849,24.251736
2020-06-18 23:30:00,9.567,23.767529
2020-06-18 23:45:00,9.638,24.005737
2020-06-19 00:00:00,9.778,24.202644
2020-06-19 00:15:00,9.567,24.292606
2020-06-19 00:30:00,9.567,24.072357
2020-06-19 00:45:00,9.426,25.281853
2020-06-19 01:00:00,9.215,24.949394
2020-06-19 01:15:00,9.215,26.251041
2020-06-19 01:30:00,9.215,25.314808
2020-06-19 01:45:00,9.426,25.136677
2020-06-19 02:00:00,9.215,24.698303
2020-06-19 02:15:00,9.215,25.91206
2020-06-19 02:30:00,9.215,24.662163
2020-06-19 02:45:00,9.215,24.234692
2020-06-19 03:00:00,9.075,24.341305
2020-06-19 03:15:00,9.004,22.732529
2020-06-19 03:30:00,9.004,22.282902
2020-06-19 03:45:00,9.004,22.213116
2020-06-19 04:00:00,9.004,21.562641
2020-06-19 04:15:00,9.075,20.871483
2020-06-19 04:30:00,9.356,20.29499
2020-06-19 04:45:00,9.356,20.62069
2020-06-19 05:00:00,9.145,20.302189
2020-06-19 05:15:00,9.004,20.848778
2020-06-19 05:30:00,8.864,21.326271
2020-06-19 05:45:00,9.215,21.538147
2020-06-19 06:00:00,9.638,21.312254
2020-06-19 06:15:00,9.497,22.404724
2020-06-19 06:30:00,9.708,22.867249
2020-06-19 06:45:00,9.497,22.410011
2020-06-19 07:00:00,9.497,21.410896
2020-06-19 07:15:00,9.567,20.492527
2020-06-19 07:30:00,9.567,19.511326
2020-06-19 07:45:00,9.356,19.633204
2020-06-19 08:00:00,9.075,19.65761
2020-06-19 08:15:00,9.145,19.704884
2020-06-19 08:30:00,9.286,19.79943
2020-06-19 08:45:00,9.356,19.391815
2020-06-19 09:00:00,9.356,20.439293
2020-06-19 09:15:00,9.567,21.431267
2020-06-19 09:30:00,9.567,21.365108
2020-06-19 09:45:00,9.849,20.277967
2020-06-19 10:00:00,9.778,21.491467
2020-06-19 10:15:00,10.13,21.193148
2020-06-19 10:30:00,10.13,21.48399
2020-06-19 10:45:00,10.13,21.372156
2020-06-19 11:00:00,9.849,21.241383
2020-06-19 11:15:00,9.989,21.29206
2020-06-19 11:30:00,9.778,21.082653
2020-06-19 11:45:00,9.638,21.41737
2020-06-19 12:00:00,10.13,22.371323
2020-06-19 12:15:00,9.778,22.03254
2020-06-19 12:30:00,10.13,22.832863
2020-06-19 12:45:00,9.849,22.45409
2020-06-19 13:00:00,9.778,22.807522
2020-06-19 13:15:00,9.426,23.098465
2020-06-19 13:30:00,9.215,22.353588
2020-06-19 13:45:00,5.839,22.044601
2020-06-19 14:00:00,5.557,22.068272
2020-06-19 14:15:00,5.487,22.743874
2020-06-19 14:30:00,5.698,22.906052
2020-06-19 14:45:00,4.995,21.334185
2020-06-19 15:00:00,5.628,21.408981
2020-06-19 15:15:00,4.995,23.10693
2020-06-19 15:30:00,5.206,21.86568
2020-06-19 15:45:00,4.924,19.851818
2020-06-19 16:00:00,4.643,20.105022
2020-06-19 16:15:00,6.261,20.657936
2020-06-19 16:30:00,6.683,21.69258
2020-06-19 16:45:00,5.417,23.654392
2020-06-19 17:00:00,5.276,23.783054
2020-06-19 17:15:00,6.05,22.858788
2020-06-19 17:30:00,6.261,23.816502
2020-06-19 17:45:00,6.824,26.048485
2020-06-19 18:00:00,6.683,27.413422
2020-06-19 18:15:00,6.472,28.134441
2020-06-19 18:30:00,6.402,27.208824
2020-06-19 18:45:00,6.753,25.328487
2020-06-19 19:00:00,6.753,23.730675
2020-06-19 19:15:00,6.613,23.072483
2020-06-19 19:30:00,6.894,23.1554
2020-06-19 19:45:00,6.964,22.358276
2020-06-19 20:00:00,7.105,25.469536
2020-06-19 20:15:00,5.135,22.479023
2020-06-19 20:30:00,4.854,22.161678
2020-06-19 20:45:00,4.573,22.01701
2020-06-19 21:00:00,4.573,21.97572
2020-06-19 21:15:00,4.643,21.68229
2020-06-19 21:30:00,5.065,21.178957
2020-06-19 21:45:00,5.417,21.994854
2020-06-19 22:00:00,5.135,24.359005
2020-06-19 22:15:00,5.557,28.181236
2020-06-19 22:30:00,5.417,27.970982
2020-06-19 22:45:00,6.191,28.107906
2020-06-19 23:00:00,5.909,28.135464
2020-06-19 23:15:00,6.191,27.963284
2020-06-19 23:30:00,6.613,26.389496
2020-06-19 23:45:00,6.964,25.398067
2020-06-20 00:00:00,6.542,25.22388
2020-06-20 00:15:00,6.613,25.41653
2020-06-20 00:30:00,6.964,25.337833
2020-06-20 00:45:00,7.246,26.91048
2020-06-20 01:00:00,7.316,27.296219
2020-06-20 01:15:00,7.386,27.270779
2020-06-20 01:30:00,7.105,27.580608
2020-06-20 01:45:00,7.035,27.455112
2020-06-20 02:00:00,6.964,27.509907
2020-06-20 02:15:00,7.246,27.416988
2020-06-20 02:30:00,7.316,27.05186
2020-06-20 02:45:00,6.964,27.234001
2020-06-20 03:00:00,7.105,26.294262
2020-06-20 03:15:00,7.316,26.848076
2020-06-20 03:30:00,7.316,26.99997
2020-06-20 03:45:00,7.316,26.26424
2020-06-20 04:00:00,7.105,26.481232
2020-06-20 04:15:00,7.105,26.261692
2020-06-20 04:30:00,7.035,25.666962
2020-06-20 04:45:00,7.175,25.285686
2020-06-20 05:00:00,7.105,25.515179
2020-06-20 05:15:00,7.386,25.407196
2020-06-20 05:30:00,7.035,25.671734
2020-06-20 05:45:00,6.894,25.982056
2020-06-20 06:00:00,7.316,26.011208
2020-06-20 06:15:00,7.316,26.050335
2020-06-20 06:30:00,7.316,25.5643
2020-06-20 06:45:00,7.316,25.623512
2020-06-20 07:00:00,7.457,26.14143
2020-06-20 07:15:00,7.457,26.13839
2020-06-20 07:30:00,7.316,26.019547
2020-06-20 07:45:00,7.386,25.622864
2020-06-20 08:00:00,7.105,25.953655
2020-06-20 08:15:00,6.964,27.157387
2020-06-20 08:30:00,7.105,27.636585
2020-06-20 08:45:00,7.035,27.299812
2020-06-20 09:00:00,7.457,27.223309
2020-06-20 09:15:00,7.809,26.171192
2020-06-20 09:30:00,7.738,23.805668
2020-06-20 09:45:00,7.668,20.420628
2020-06-20 10:00:00,8.09,19.079739
2020-06-20 10:15:00,7.597,19.48012
2020-06-20 10:30:00,7.668,20.225864
2020-06-20 10:45:00,8.16,21.06985
2020-06-20 11:00:00,8.09,21.165462
2020-06-20 11:15:00,8.371,21.16104
2020-06-20 11:30:00,8.16,20.332497
2020-06-20 11:45:00,8.16,20.387753
2020-06-20 12:00:00,8.512,21.662308
2020-06-20 12:15:00,8.442,22.283035
2020-06-20 12:30:00,8.723,21.709986
2020-06-20 12:45:00,8.582,21.588863
2020-06-20 13:00:00,8.371,21.608147
2020-06-20 13:15:00,8.231,22.087444
2020-06-20 13:30:00,8.512,22.00542
2020-06-20 13:45:00,8.442,23.016712
2020-06-20 14:00:00,8.934,21.751804
2020-06-20 14:15:00,8.864,22.284729
2020-06-20 14:30:00,8.934,21.283234
2020-06-20 14:45:00,8.864,21.760757
2020-06-20 15:00:00,8.723,21.383104
2020-06-20 15:15:00,8.723,21.308418
2020-06-20 15:30:00,8.723,21.878258
2020-06-20 15:45:00,8.723,22.096466
2020-06-20 16:00:00,8.864,21.846329
2020-06-20 16:15:00,9.004,22.128971
2020-06-20 16:30:00,9.215,21.47854
2020-06-20 16:45:00,9.215,21.676048
2020-06-20 17:00:00,9.286,21.713017
2020-06-20 17:15:00,9.215,21.270348
2020-06-20 17:30:00,9.356,21.15147
2020-06-20 17:45:00,9.145,21.145535
2020-06-20 18:00:00,9.145,20.69545
2020-06-20 18:15:00,9.215,19.623909
2020-06-20 18:30:00,9.286,19.6343
2020-06-20 18:45:00,9.286,19.589958
2020-06-20 19:00:00,9.286,19.625402
2020-06-20 19:15:00,9.215,19.683502
2020-06-20 19:30:00,9.215,19.69942
2020-06-20 19:45:00,9.215,19.736713
2020-06-20 20:00:00,9.215,19.782997
2020-06-20 20:15:00,8.864,20.14183
2020-06-20 20:30:00,8.934,20.844769
2020-06-20 20:45:00,9.004,21.381176
2020-06-20 21:00:00,8.653,20.999466
2020-06-20 21:15:00,8.723,20.471054
2020-06-20 21:30:00,8.934,20.128979
2020-06-20 21:45:00,8.723,21.012749
2020-06-20 22:00:00,8.723,25.65002
2020-06-20 22:15:00,8.793,26.968586
2020-06-20 22:30:00,8.653,27.222134
2020-06-20 22:45:00,8.934,28.242748
2020-06-20 23:00:00,9.004,28.765553
2020-06-20 23:15:00,8.864,29.01072
2020-06-20 23:30:00,8.934,28.609406
2020-06-20 23:45:00,8.864,27.932125
2020-06-21 00:00:00,9.004,26.080189
2020-06-21 00:15:00,8.582,25.887043
2020-06-21 00:30:00,8.723,24.697926
2020-06-21 00:45:00,9.004,25.804482
2020-06-21 01:00:00,8.934,25.191242
2020-06-21 01:15:00,9.075,26.016975
2020-06-21 01:30:00,8.723,25.686504
2020-06-21 01:45:00,8.723,25.763802
2020-06-21 02:00:00,8.582,25.551823
2020-06-21 02:15:00,8.442,25.79802
2020-06-21 02:30:00,8.512,25.618858
2020-06-21 02:45:00,8.512,25.39721
2020-06-21 03:00:00,8.371,25.278679
2020-06-21 03:15:00,8.653,25.541191
2020-06-21 03:30:00,8.723,25.290512
2020-06-21 03:45:00,8.512,25.236183
2020-06-21 04:00:00,8.512,24.85828
2020-06-21 04:15:00,8.512,24.81807
2020-06-21 04:30:00,8.582,24.929226
2020-06-21 04:45:00,8.442,23.78786
2020-06-21 05:00:00,8.512,23.83303
2020-06-21 05:15:00,8.512,23.445984
2020-06-21 05:30:00,8.442,22.855556
2020-06-21 05:45:00,8.582,23.318314
2020-06-21 06:00:00,8.864,23.605083
2020-06-21 06:15:00,8.512,22.800453
2020-06-21 06:30:00,8.512,22.252552
2020-06-21 06:45:00,8.653,20.608597
2020-06-21 07:00:00,8.301,21.136852
2020-06-21 07:15:00,8.371,19.696232
2020-06-21 07:30:00,8.653,19.221912
2020-06-21 07:45:00,8.371,19.314327
2020-06-21 08:00:00,8.864,19.064144
2020-06-21 08:15:00,8.864,19.266838
2020-06-21 08:30:00,8.512,19.42374
2020-06-21 08:45:00,8.371,20.088701
2020-06-21 09:00:00,8.512,20.569775
2020-06-21 09:15:00,8.231,20.785168
2020-06-21 09:30:00,8.442,21.062004
2020-06-21 09:45:00,8.371,21.148487
2020-06-21 10:00:00,8.371,21.460712
2020-06-21 10:15:00,8.442,21.709179
2020-06-21 10:30:00,8.231,21.784248
2020-06-21 10:45:00,8.442,21.60897
2020-06-21 11:00:00,8.512,21.608158
2020-06-21 11:15:00,8.442,21.901901
2020-06-21 11:30:00,8.442,22.381527
2020-06-21 11:45:00,8.582,22.31234
2020-06-21 12:00:00,8.442,22.07473
2020-06-21 12:15:00,8.442,22.261238
2020-06-21 12:30:00,8.512,23.483555
2020-06-21 12:45:00,8.512,23.769989
2020-06-21 13:00:00,8.864,23.66119
2020-06-21 13:15:00,8.723,23.696404
2020-06-21 13:30:00,9.286,23.760254
2020-06-21 13:45:00,9.286,23.48478
2020-06-21 14:00:00,9.567,23.100533
2020-06-21 14:15:00,9.567,23.462173
2020-06-21 14:30:00,9.778,22.773746
2020-06-21 14:45:00,9.778,22.215767
2020-06-21 15:00:00,9.919,22.119938
2020-06-21 15:15:00,9.849,21.87315
2020-06-21 15:30:00,9.778,21.758705
2020-06-21 15:45:00,9.567,21.543247
2020-06-21 16:00:00,10.06,21.36412
2020-06-21 16:15:00,9.919,21.063622
2020-06-21 16:30:00,9.919,21.600965
2020-06-21 16:45:00,10.271,20.747284
2020-06-21 17:00:00,9.849,20.957783
2020-06-21 17:15:00,9.638,21.474304
2020-06-21 17:30:00,9.567,21.236748
2020-06-21 17:45:00,9.708,20.050133
2020-06-21 18:00:00,9.638,20.845985
2020-06-21 18:15:00,9.708,19.976688
2020-06-21 18:30:00,9.567,19.763706
2020-06-21 18:45:00,9.426,19.74575
2020-06-21 19:00:00,9.004,19.830002
2020-06-21 19:15:00,8.653,19.910095
2020-06-21 19:30:00,8.934,19.735851
2020-06-21 19:45:00,8.723,19.667948
2020-06-21 20:00:00,8.653,19.730808
2020-06-21 20:15:00,8.512,19.735569
2020-06-21 20:30:00,8.582,19.778858
2020-06-21 20:45:00,8.723,19.726727
2020-06-21 21:00:00,8.371,19.74775
2020-06-21 21:15:00,8.582,19.724686
2020-06-21 21:30:00,8.371,19.597218
2020-06-21 21:45:00,8.512,19.57317
2020-06-21 22:00:00,8.16,19.676426
2020-06-21 22:15:00,8.231,20.004421
2020-06-21 22:30:00,8.301,19.637928
2020-06-21 22:45:00,8.301,19.827206
2020-06-21 23:00:00,8.09,21.729027
2020-06-21 23:15:00,8.02,22.595966
2020-06-21 23:30:00,8.09,22.394066
2020-06-21 23:45:00,8.231,21.933632
2020-06-22 00:00:00,8.231,21.116629
2020-06-22 00:15:00,8.16,21.6176
2020-06-22 00:30:00,8.442,22.069714
2020-06-22 00:45:00,8.301,21.164219
2020-06-22 01:00:00,8.371,22.52842
2020-06-22 01:15:00,8.371,22.062912
2020-06-22 01:30:00,8.231,21.880592
2020-06-22 01:45:00,8.231,24.438194
2020-06-22 02:00:00,8.16,23.417187
2020-06-22 02:15:00,8.02,24.606369
2020-06-22 02:30:00,8.301,24.027805
2020-06-22 02:45:00,8.231,22.359898
2020-06-22 03:00:00,8.02,21.801245
2020-06-22 03:15:00,7.879,23.416649
2020-06-22 03:30:00,7.879,22.184052
2020-06-22 03:45:00,7.879,21.311619
2020-06-22 04:00:00,7.809,21.189737
2020-06-22 04:15:00,8.02,22.096249
2020-06-22 04:30:00,7.879,21.528484
2020-06-22 04:45:00,7.668,21.02911
2020-06-22 05:00:00,7.668,22.431232
2020-06-22 05:15:00,7.527,22.892422
2020-06-22 05:30:00,5.768,22.017487
2020-06-22 05:45:00,5.698,22.141682
2020-06-22 06:00:00,5.628,21.660345
2020-06-22 06:15:00,5.909,22.13676
2020-06-22 06:30:00,6.894,21.01241
2020-06-22 06:45:00,7.316,20.708874
2020-06-22 07:00:00,7.035,20.929707
2020-06-22 07:15:00,7.105,20.575142
2020-06-22 07:30:00,6.472,20.746208
2020-06-22 07:45:00,5.346,19.87322
2020-06-22 08:00:00,4.854,20.382732
2020-06-22 08:15:00,4.854,20.572002
2020-06-22 08:30:00,4.995,20.59097
2020-06-22 08:45:00,6.05,20.116972
2020-06-22 09:00:00,6.683,20.623417
2020-06-22 09:15:00,5.628,19.663292
2020-06-22 09:30:00,6.191,19.346592
2020-06-22 09:45:00,6.472,19.65099
2020-06-22 10:00:00,6.402,19.582945
2020-06-22 10:15:00,6.613,19.265274
2020-06-22 10:30:00,6.753,19.398518
2020-06-22 10:45:00,6.753,19.439816
2020-06-22 11:00:00,6.753,19.63218
2020-06-22 11:15:00,5.487,19.675743
2020-06-22 11:30:00,3.799,19.697287
2020-06-22 11:45:00,3.306,19.575142
2020-06-22 12:00:00,3.658,20.118282
2020-06-22 12:15:00,3.869,19.766653
2020-06-22 12:30:00,3.095,18.886112
2020-06-22 12:45:00,3.377,19.680758
2020-06-22 13:00:00,3.658,20.23191
2020-06-22 13:15:00,3.025,19.464897
2020-06-22 13:30:00,3.095,19.485882
2020-06-22 13:45:00,3.306,19.794655
2020-06-22 14:00:00,4.15,19.85305
2020-06-22 14:15:00,4.502,19.45327
2020-06-22 14:30:00,3.869,19.16942
2020-06-22 14:45:00,3.658,19.965523
2020-06-22 15:00:00,4.643,21.125147
2020-06-22 15:15:00,4.221,19.992619
2020-06-22 15:30:00,5.065,20.042892
2020-06-22 15:45:00,5.628,20.41349
2020-06-22 16:00:00,5.979,20.923458
2020-06-22 16:15:00,5.979,20.066536
2020-06-22 16:30:00,5.979,19.97089
2020-06-22 16:45:00,4.854,21.019459
2020-06-22 17:00:00,4.362,19.700726
2020-06-22 17:15:00,4.502,19.766317
2020-06-22 17:30:00,4.643,19.746376
2020-06-22 17:45:00,5.276,19.587822
2020-06-22 18:00:00,4.643,19.31829
2020-06-22 18:15:00,4.713,19.526382
2020-06-22 18:30:00,5.346,19.56799
2020-06-22 18:45:00,5.487,19.59945
2020-06-22 19:00:00,5.839,19.696434
2020-06-22 19:15:00,5.909,19.75245
2020-06-22 19:30:00,5.909,19.677002
2020-06-22 19:45:00,5.979,19.793697
2020-06-22 20:00:00,5.909,19.840939
2020-06-22 20:15:00,5.979,19.96951
2020-06-22 20:30:00,6.12,19.904388
2020-06-22 20:45:00,6.05,19.889385
2020-06-22 21:00:00,5.979,19.916912
2020-06-22 21:15:00,5.909,20.006008
2020-06-22 21:30:00,6.05,19.8046
2020-06-22 21:45:00,5.698,19.202469
2020-06-22 22:00:00,5.839,19.548
2020-06-22 22:15:00,5.839,20.585468
2020-06-22 22:30:00,5.628,19.852638
2020-06-22 22:45:00,5.839,19.640186
2020-06-22 23:00:00,5.839,19.008038
2020-06-22 23:15:00,5.628,18.96008
2020-06-22 23:30:00,5.276,19.458683
2020-06-22 23:45:00,5.346,19.323223
2020-06-23 00:00:00,5.346,19.965206
2020-06-23 00:15:00,5.206,20.348053
2020-06-23 00:30:00,5.276,19.950184
2020-06-23 00:45:00,5.487,20.122906
2020-06-23 01:00:00,5.417,18.519176
2020-06-23 01:15:00,5.487,18.964314
2020-06-23 01:30:00,5.487,19.250711
2020-06-23 01:45:00,5.417,20.274792
2020-06-23 02:00:00,5.417,20.8866
2020-06-23 02:15:00,5.417,21.01381
2020-06-23 02:30:00,5.346,20.67477
2020-06-23 02:45:00,5.487,21.76019
2020-06-23 03:00:00,5.768,20.572548
2020-06-23 03:15:00,5.839,19.67146
2020-06-23 03:30:00,5.768,20.524826
2020-06-23 03:45:00,5.909,19.748352
2020-06-23 04:00:00,5.909,19.885986
2020-06-23 04:15:00,6.261,19.421022
2020-06-23 04:30:00,6.191,19.07103
2020-06-23 04:45:00,6.05,21.261919
2020-06-23 05:00:00,6.261,19.829563
2020-06-23 05:15:00,6.331,19.741861
2020-06-23 05:30:00,6.402,18.848488
2020-06-23 05:45:00,6.472,18.243164
2020-06-23 06:00:00,6.683,18.676338
2020-06-23 06:15:00,6.753,18.377968
2020-06-23 06:30:00,6.542,19.081306
2020-06-23 06:45:00,6.683,20.55833
2020-06-23 07:00:00,6.472,20.132374
2020-06-23 07:15:00,6.542,22.414764
2020-06-23 07:30:00,6.542,21.226482
2020-06-23 07:45:00,6.613,20.899029
2020-06-23 08:00:00,6.402,23.20472
2020-06-23 08:15:00,6.402,23.438202
2020-06-23 08:30:00,6.613,22.879055
2020-06-23 08:45:00,6.753,22.130913
2020-06-23 09:00:00,6.964,21.518688
2020-06-23 09:15:00,7.035,22.435383
2020-06-23 09:30:00,6.964,22.05587
2020-06-23 09:45:00,7.597,19.376923
2020-06-23 10:00:00,7.527,19.918327
2020-06-23 10:15:00,7.879,21.620022
2020-06-23 10:30:00,8.09,21.712723
2020-06-23 10:45:00,7.879,21.739624
2020-06-23 11:00:00,7.738,21.711487
2020-06-23 11:15:00,7.809,21.630919
2020-06-23 11:30:00,7.597,21.695118
2020-06-23 11:45:00,7.668,21.520824
2020-06-23 12:00:00,7.809,21.344824
2020-06-23 12:15:00,7.668,21.428436
2020-06-23 12:30:00,7.809,21.46392
2020-06-23 12:45:00,7.879,21.462337
2020-06-23 13:00:00,7.668,21.5498
2020-06-23 13:15:00,7.738,21.613644
2020-06-23 13:30:00,7.949,21.560009
2020-06-23 13:45:00,8.02,21.582874
2020-06-23 14:00:00,8.16,21.689
2020-06-23 14:15:00,7.738,21.582329
2020-06-23 14:30:00,8.02,21.525839
2020-06-23 14:45:00,7.949,21.580246
2020-06-23 15:00:00,7.809,21.663158
2020-06-23 15:15:00,7.879,20.4803
2020-06-23 15:30:00,7.809,21.542175
2020-06-23 15:45:00,7.949,21.48765
2020-06-23 16:00:00,8.16,21.232658
2020-06-23 16:15:00,8.02,20.167091
2020-06-23 16:30:00,7.949,21.412434
2020-06-23 16:45:00,8.02,20.269753
2020-06-23 17:00:00,7.809,21.443775
2020-06-23 17:15:00,7.879,21.232597
2020-06-23 17:30:00,8.16,20.163952
2020-06-23 17:45:00,8.301,21.044853
2020-06-23 18:00:00,8.301,20.353668
2020-06-23 18:15:00,8.16,20.320774
2020-06-23 18:30:00,8.16,20.305387
2020-06-23 18:45:00,8.09,19.920359
2020-06-23 19:00:00,8.02,19.66425
2020-06-23 19:15:00,8.09,19.722008
2020-06-23 19:30:00,7.527,19.74297
2020-06-23 19:45:00,7.809,19.869614
2020-06-23 20:00:00,7.668,19.901527
2020-06-23 20:15:00,7.457,19.94683
2020-06-23 20:30:00,7.316,19.91086
2020-06-23 20:45:00,7.316,19.876652
2020-06-23 21:00:00,7.386,19.867313
2020-06-23 21:15:00,7.386,19.978897
2020-06-23 21:30:00,7.386,19.678839
2020-06-23 21:45:00,7.316,19.410347
2020-06-23 22:00:00,7.316,20.112576
2020-06-23 22:15:00,7.316,20.091557
2020-06-23 22:30:00,7.035,19.732647
2020-06-23 22:45:00,6.964,19.352085
2020-06-23 23:00:00,7.175,18.945839
2020-06-23 23:15:00,7.105,19.66658
2020-06-23 23:30:00,6.753,20.408413
2020-06-23 23:45:00,7.105,21.260174
2020-06-24 00:00:00,6.894,20.39671
2020-06-24 00:15:00,6.824,19.305405
2020-06-24 00:30:00,6.683,19.854645
2020-06-24 00:45:00,6.753,20.420135
2020-06-24 01:00:00,6.613,22.131847
2020-06-24 01:15:00,6.683,23.033352
2020-06-24 01:30:00,6.613,23.277794
2020-06-24 01:45:00,6.402,24.055542
2020-06-24 02:00:00,6.402,23.39497
2020-06-24 02:15:00,6.402,24.036236
2020-06-24 02:30:00,6.331,24.657951
2020-06-24 02:45:00,6.472,24.064941
2020-06-24 03:00:00,6.542,21.403534
2020-06-24 03:15:00,6.683,24.717083
2020-06-24 03:30:00,6.683,24.59245
2020-06-24 03:45:00,6.964,23.942406
2020-06-24 04:00:00,6.964,23.201721
2020-06-24 04:15:00,6.753,21.359726
2020-06-24 04:30:00,6.964,20.513103
2020-06-24 04:45:00,6.964,21.392498
2020-06-24 05:00:00,6.894,23.122433
2020-06-24 05:15:00,7.035,23.349312
2020-06-24 05:30:00,7.035,23.888062
2020-06-24 05:45:00,6.964,23.197735
2020-06-24 06:00:00,7.457,22.48795
2020-06-24 06:15:00,7.316,22.012917
2020-06-24 06:30:00,7.527,23.712143
2020-06-24 06:45:00,7.668,23.889217
2020-06-24 07:00:00,7.457,23.040089
2020-06-24 07:15:00,8.02,20.315865
2020-06-24 07:30:00,8.09,19.716728
2020-06-24 07:45:00,8.16,19.173698
2020-06-24 08:00:00,8.442,19.434093
2020-06-24 08:15:00,8.512,19.502182
2020-06-24 08:30:00,8.512,19.360983
2020-06-24 08:45:00,8.231,19.920307
2020-06-24 09:00:00,7.949,20.814627
2020-06-24 09:15:00,8.09,21.081455
2020-06-24 09:30:00,8.301,21.252975
2020-06-24 09:45:00,8.371,20.237652
2020-06-24 10:00:00,8.512,21.547176
2020-06-24 10:15:00,8.231,20.433678
2020-06-24 10:30:00,8.371,21.884579
2020-06-24 10:45:00,8.653,21.4445
2020-06-24 11:00:00,9.004,21.251986
2020-06-24 11:15:00,9.426,21.094465
2020-06-24 11:30:00,9.567,20.12503
2020-06-24 11:45:00,9.497,20.186256
2020-06-24 12:00:00,9.286,20.866356
2020-06-24 12:15:00,9.286,21.133377
2020-06-24 12:30:00,9.215,21.590279
2020-06-24 12:45:00,9.286,21.571352
2020-06-24 13:00:00,9.215,21.606697
2020-06-24 13:15:00,9.215,20.930164
2020-06-24 13:30:00,9.286,20.466187
2020-06-24 13:45:00,9.286,22.09562
2020-06-24 14:00:00,9.286,22.259396
2020-06-24 14:15:00,9.426,21.476963
2020-06-24 14:30:00,9.286,21.765423
2020-06-24 14:45:00,9.497,21.60606
2020-06-24 15:00:00,9.356,21.575432
2020-06-24 15:15:00,9.075,22.248928
2020-06-24 15:30:00,9.215,22.118362
2020-06-24 15:45:00,9.567,21.957115
2020-06-24 16:00:00,9.497,21.834946
2020-06-24 16:15:00,9.708,21.567083
2020-06-24 16:30:00,9.567,21.609486
2020-06-24 16:45:00,9.426,21.544487
2020-06-24 17:00:00,9.215,21.282024
2020-06-24 17:15:00,9.356,20.433811
2020-06-24 17:30:00,9.286,20.080349
2020-06-24 17:45:00,9.215,19.847984
2020-06-24 18:00:00,9.145,19.88077
2020-06-24 18:15:00,9.004,20.092628
2020-06-24 18:30:00,9.145,20.172485
2020-06-24 18:45:00,9.215,20.264158
2020-06-24 19:00:00,9.075,20.29838
2020-06-24 19:15:00,8.864,20.523426
2020-06-24 19:30:00,8.723,20.811008
2020-06-24 19:45:00,8.653,20.411057
2020-06-24 20:00:00,8.864,24.370502
2020-06-24 20:15:00,8.512,21.894173
2020-06-24 20:30:00,8.512,23.38182
2020-06-24 20:45:00,8.723,22.95271
2020-06-24 21:00:00,8.371,22.898293
2020-06-24 21:15:00,8.371,21.830673
2020-06-24 21:30:00,8.371,20.591713
2020-06-24 21:45:00,8.371,20.803371
2020-06-24 22:00:00,8.371,21.732628
2020-06-24 22:15:00,8.371,22.649544
2020-06-24 22:30:00,8.442,22.492558
2020-06-24 22:45:00,8.371,22.478516
2020-06-24 23:00:00,8.512,22.17503
2020-06-24 23:15:00,8.582,20.83382
2020-06-24 23:30:00,8.723,20.818527
2020-06-24 23:45:00,8.582,22.228966
2020-06-25 00:00:00,8.723,20.56108
2020-06-25 00:15:00,8.582,22.662628
2020-06-25 00:30:00,8.723,23.898235
2020-06-25 00:45:00,8.723,25.024254
2020-06-25 01:00:00,9.004,27.597435
2020-06-25 01:15:00,9.215,27.582554
2020-06-25 01:30:00,9.075,27.763172
2020-06-25 01:45:00,9.426,27.231564
2020-06-25 02:00:00,9.567,27.77053
2020-06-25 02:15:00,9.778,28.00196
2020-06-25 02:30:00,9.426,28.210289
2020-06-25 02:45:00,9.497,27.945568
2020-06-25 03:00:00,9.567,28.019955
2020-06-25 03:15:00,9.215,27.822315
2020-06-25 03:30:00,8.582,28.144878
2020-06-25 03:45:00,8.723,28.262608
2020-06-25 04:00:00,8.512,27.969784
2020-06-25 04:15:00,8.864,27.644947
2020-06-25 04:30:00,8.723,27.382908
2020-06-25 04:45:00,8.723,27.824814
2020-06-25 05:00:00,8.653,27.493591
2020-06-25 05:15:00,8.653,27.178009
2020-06-25 05:30:00,8.864,26.9371
2020-06-25 05:45:00,8.864,26.369999
2020-06-25 06:00:00,8.934,26.448029
2020-06-25 06:15:00,9.215,26.450901
2020-06-25 06:30:00,9.075,26.275902
2020-06-25 06:45:00,9.286,26.28445
2020-06-25 07:00:00,9.567,25.867706
2020-06-25 07:15:00,10.341,26.098576
2020-06-25 07:30:00,10.622,25.795593
2020-06-25 07:45:00,10.482,23.945545
2020-06-25 08:00:00,10.974,20.5373
2020-06-25 08:15:00,11.044,19.385921
2020-06-25 08:30:00,11.396,19.584408
2020-06-25 08:45:00,11.185,20.053715
2020-06-25 09:00:00,11.467,21.017231
2020-06-25 09:15:00,11.044,21.184437
2020-06-25 09:30:00,11.256,21.53814
2020-06-25 09:45:00,11.467,22.353165
2020-06-25 10:00:00,11.185,23.171154
2020-06-25 10:15:00,10.904,23.42984
2020-06-25 10:30:00,10.622,23.506279
2020-06-25 10:45:00,10.271,23.885124
2020-06-25 11:00:00,10.693,23.65503
2020-06-25 11:15:00,10.13,23.689186
2020-06-25 11:30:00,10.2,23.608982
2020-06-25 11:45:00,10.482,23.60254
2020-06-25 12:00:00,10.271,23.7929
2020-06-25 12:15:00,10.482,23.893284
2020-06-25 12:30:00,10.482,23.823616
2020-06-25 12:45:00,10.904,24.064209
2020-06-25 13:00:00,10.622,24.01685
2020-06-25 13:15:00,10.833,24.054432
2020-06-25 13:30:00,10.974,24.01714
2020-06-25 13:45:00,11.185,23.991566
2020-06-25 14:00:00,11.256,23.887196
2020-06-25 14:15:00,10.974,24.15419
2020-06-25 14:30:00,11.326,24.071945
2020-06-25 14:45:00,11.537,23.82737
2020-06-25 15:00:00,11.607,23.893818
2020-06-25 15:15:00,11.889,23.91225
2020-06-25 15:30:00,12.1,23.973133
2020-06-25 15:45:00,12.029,23.9286
2020-06-25 16:00:00,12.381,23.955418
2020-06-25 16:15:00,12.522,23.917145
2020-06-25 16:30:00,11.818,23.866024
2020-06-25 16:45:00,11.748,23.753635
2020-06-25 17:00:00,11.467,23.55642
2020-06-25 17:15:00,11.185,22.883179
2020-06-25 17:30:00,11.256,22.385098
2020-06-25 17:45:00,11.115,22.162582
2020-06-25 18:00:00,11.185,21.830128
2020-06-25 18:15:00,10.974,21.812828
2020-06-25 18:30:00,10.833,23.960037
2020-06-25 18:45:00,10.622,25.277153
2020-06-25 19:00:00,10.552,27.516392
2020-06-25 19:15:00,10.271,27.808899
2020-06-25 19:30:00,10.2,28.1282
2020-06-25 19:45:00,10.06,28.378963
2020-06-25 20:00:00,9.989,29.1111
2020-06-25 20:15:00,9.989,29.318432
2020-06-25 20:30:00,9.849,29.15483
2020-06-25 20:45:00,9.989,28.901741
2020-06-25 21:00:00,9.989,28.78603
2020-06-25 21:15:00,9.849,28.723003
2020-06-25 21:30:00,9.849,28.56459
2020-06-25 21:45:00,9.638,28.598381
2020-06-25 22:00:00,9.567,28.886997
2020-06-25 22:15:00,9.567,28.95433
2020-06-25 22:30:00,9.356,28.910278
2020-06-25 22:45:00,9.567,29.237164
2020-06-25 23:00:00,9.426,29.275776
2020-06-25 23:15:00,9.426,29.054745
2020-06-25 23:30:00,9.426,29.073807
2020-06-25 23:45:00,9.497,27.841736
2020-06-26 00:00:00,9.708,28.04895
2020-06-26 00:15:00,9.497,27.837486
2020-06-26 00:30:00,9.638,29.24747
2020-06-26 00:45:00,9.567,29.519367
2020-06-26 01:00:00,9.638,29.41098
2020-06-26 01:15:00,9.778,29.161629
2020-06-26 01:30:00,9.638,29.049599
2020-06-26 01:45:00,9.567,29.0397
2020-06-26 02:00:00,9.778,29.004902
2020-06-26 02:15:00,9.497,29.01289
2020-06-26 02:30:00,9.567,28.936909
2020-06-26 02:45:00,9.638,29.132778
2020-06-26 03:00:00,9.567,28.838959
2020-06-26 03:15:00,9.356,28.867672
2020-06-26 03:30:00,9.426,28.467579
2020-06-26 03:45:00,9.356,28.657963
2020-06-26 04:00:00,9.426,28.542305
2020-06-26 04:15:00,9.426,27.7956
2020-06-26 04:30:00,9.497,27.450195
2020-06-26 04:45:00,9.215,27.786716
2020-06-26 05:00:00,9.286,27.682762
2020-06-26 05:15:00,9.286,27.62185
2020-06-26 05:30:00,9.286,27.635632
2020-06-26 05:45:00,9.426,27.693985
2020-06-26 06:00:00,9.286,28.104305
2020-06-26 06:15:00,9.356,27.742405
2020-06-26 06:30:00,9.497,27.40702
2020-06-26 06:45:00,9.638,26.843956
2020-06-26 07:00:00,9.638,24.902222
2020-06-26 07:15:00,9.919,24.974545
2020-06-26 07:30:00,9.989,22.3154
2020-06-26 07:45:00,9.638,21.145912
2020-06-26 08:00:00,9.426,20.219843
2020-06-26 08:15:00,9.145,20.356567
2020-06-26 08:30:00,9.004,20.754677
2020-06-26 08:45:00,9.215,20.25341
2020-06-26 09:00:00,9.075,21.735325
2020-06-26 09:15:00,9.004,22.335865
2020-06-26 09:30:00,9.075,23.023457
2020-06-26 09:45:00,9.215,23.51342
2020-06-26 10:00:00,8.934,23.665714
2020-06-26 10:15:00,9.286,23.717587
2020-06-26 10:30:00,9.426,23.691696
2020-06-26 10:45:00,8.934,23.468895
2020-06-26 11:00:00,9.215,23.311451
2020-06-26 11:15:00,9.426,23.36375
2020-06-26 11:30:00,9.215,23.386318
2020-06-26 11:45:00,9.567,23.80611
2020-06-26 12:00:00,9.215,23.819813
2020-06-26 12:15:00,9.356,23.916294
2020-06-26 12:30:00,9.215,23.954067
2020-06-26 12:45:00,9.075,24.213875
2020-06-26 13:00:00,9.426,24.184467
2020-06-26 13:15:00,9.708,24.203995
2020-06-26 13:30:00,9.708,23.98135
2020-06-26 13:45:00,9.989,24.135906
2020-06-26 14:00:00,10.2,24.000412
2020-06-26 14:15:00,10.552,23.918362
2020-06-26 14:30:00,10.693,23.77404
2020-06-26 14:45:00,10.763,23.629677
2020-06-26 15:00:00,10.904,23.370758
2020-06-26 15:15:00,10.974,23.451836
2020-06-26 15:30:00,11.185,23.132141
2020-06-26 15:45:00,11.044,23.313412
2020-06-26 16:00:00,11.044,23.533146
2020-06-26 16:15:00,10.904,23.895443
2020-06-26 16:30:00,10.482,24.151867
2020-06-26 16:45:00,10.411,24.055836
2020-06-26 17:00:00,10.271,24.05075
2020-06-26 17:15:00,9.989,23.945946
2020-06-26 17:30:00,9.919,23.802547
2020-06-26 17:45:00,9.849,23.298664
2020-06-26 18:00:00,9.778,22.816559
2020-06-26 18:15:00,9.919,22.211506
2020-06-26 18:30:00,9.778,20.723106
2020-06-26 18:45:00,9.567,23.721989
2020-06-26 19:00:00,9.567,26.31348
2020-06-26 19:15:00,9.426,25.073837
2020-06-26 19:30:00,9.426,26.977936
2020-06-26 19:45:00,9.778,27.477448
