timestamp,actual,predicted
2020-02-01 16:15:00,14.053,12.974022191995289
2020-02-01 16:30:00,13.833,10.926263749356576
2020-02-01 16:45:00,13.3935,10.706258105793205
2020-02-01 17:00:00,12.954,9.057701839124444
2020-02-01 17:15:00,12.5145,9.148577488372856
2020-02-01 17:30:00,12.075,7.246502857997413
2020-02-01 17:45:00,11.6355,5.593423868236813
2020-02-01 18:00:00,11.1965,6.362355893831716
2020-02-01 18:15:00,10.757,4.580024483850961
2020-02-01 18:30:00,10.0975,5.087076204444419
2020-02-01 18:45:00,9.6585,6.14098366417342
2020-02-01 19:00:00,9.2185,8.55986564755134
2020-02-01 19:15:00,8.7795,9.630522057923933
2020-02-01 19:30:00,8.3395,7.379941890927834
2020-02-01 19:45:00,7.9005,8.280894744772052
2020-02-01 20:00:00,7.9005,8.060491091415525
2020-02-01 20:15:00,7.4605,6.693532760887275
2020-02-01 20:30:00,7.4605,7.052237326289355
2020-02-01 20:45:00,7.0215,6.323906788653032
2020-02-01 21:00:00,7.0215,5.1588204479930715
2020-02-01 21:15:00,7.0215,5.548440903783957
2020-02-01 21:30:00,6.8015,6.843365960278729
2020-02-01 21:45:00,6.582,6.92544579957619
2020-02-01 22:00:00,6.582,6.842939535796171
2020-02-01 22:15:00,6.582,6.239469477468225
2020-02-01 22:30:00,6.582,8.079041939787905
2020-02-01 22:45:00,6.582,7.176544536146803
2020-02-01 23:00:00,6.582,8.385380040587206
2020-02-01 23:15:00,6.582,8.393966583263994
2020-02-01 23:30:00,6.582,8.404335463125275
2020-02-01 23:45:00,6.582,6.979015523780017
2020-02-02 00:00:00,6.582,5.263821848182634
2020-02-02 00:15:00,6.3625,5.403665424582927
2020-02-02 00:30:00,6.3625,5.334170154754983
2020-02-02 00:45:00,6.3625,5.966346627304207
2020-02-02 01:00:00,6.3625,5.070291219714546
2020-02-02 01:15:00,6.1425,4.535327328891264
2020-02-02 01:30:00,6.1425,5.300799075792963
2020-02-02 01:45:00,6.1425,5.8883853595023306
2020-02-02 02:00:00,6.1425,6.638548358829373
2020-02-02 02:15:00,6.1425,7.489088655241455
2020-02-02 02:30:00,5.923,7.521492108795231
2020-02-02 02:45:00,5.923,7.223797749238311
2020-02-02 03:00:00,5.923,7.730246374272108
2020-02-02 03:15:00,5.923,7.745678900623084
2020-02-02 03:30:00,5.7035,7.557134129981927
2020-02-02 03:45:00,5.7035,7.283681965090166
2020-02-02 04:00:00,5.7035,6.978152213850671
2020-02-02 04:15:00,5.4835,7.195195516691095
2020-02-02 04:30:00,5.2635,7.579494019845231
2020-02-02 04:45:00,5.2635,7.520682555959477
2020-02-02 05:00:00,5.2635,7.03875064924559
2020-02-02 05:15:00,5.2635,7.299229957641042
2020-02-02 05:30:00,5.2635,7.31206566781453
2020-02-02 05:45:00,5.044,7.434960506527688
2020-02-02 06:00:00,5.044,6.863159508753901
2020-02-02 06:15:00,4.8245,6.637928775333248
2020-02-02 06:30:00,4.6045,4.816426346399809
2020-02-02 06:45:00,4.6045,5.004790287055296
2020-02-02 07:00:00,4.3845,5.936247249466827
2020-02-02 07:15:00,4.3845,5.405388143010175
2020-02-02 07:30:00,4.165,7.33107954897548
2020-02-02 07:45:00,3.9455,7.5373793868785715
2020-02-02 08:00:00,3.9455,7.884201558625971
2020-02-02 08:15:00,3.9455,7.685181179685257
2020-02-02 08:30:00,4.165,5.216585923545666
2020-02-02 08:45:00,4.6045,4.2324927343567875
2020-02-02 09:00:00,5.2635,4.994602004511082
2020-02-02 09:15:00,5.7035,8.337651364595475
2020-02-02 09:30:00,6.582,11.493687335938002
2020-02-02 09:45:00,7.4605,13.149326017580883
2020-02-02 10:00:00,8.3395,13.239565800772906
2020-02-02 10:15:00,9.4385,12.381862762366612
2020-02-02 10:30:00,10.537,10.802909049711944
2020-02-02 10:45:00,11.6355,10.24579581695615
2020-02-02 11:00:00,12.5145,9.114447525159312
2020-02-02 11:15:00,13.833,8.611362349279569
2020-02-02 11:30:00,14.7115,8.352893647812797
2020-02-02 11:45:00,15.371,6.92297800583418
2020-02-02 12:00:00,15.8105,7.01732020800946
2020-02-02 12:15:00,15.8105,6.661167860225484
2020-02-02 12:30:00,16.03,7.35484816455371
2020-02-02 12:45:00,15.8105,8.261925651642672
2020-02-02 13:00:00,15.371,8.372014423716317
2020-02-02 13:15:00,14.932,8.793513435064936
2020-02-02 13:30:00,14.492,9.19044482382399
2020-02-02 13:45:00,14.492,10.32380505615049
2020-02-02 14:00:00,14.492,11.40431049523926
2020-02-02 14:15:00,14.712,11.248291962324974
2020-02-02 14:30:00,15.1515,11.619554323990823
2020-02-02 14:45:00,15.591,12.987883599098913
2020-02-02 15:00:00,15.591,13.203471961317982
2020-02-02 15:15:00,15.8105,11.494154711435165
2020-02-02 15:30:00,15.8105,12.567815222933564
2020-02-02 15:45:00,15.371,12.102937830023603
2020-02-02 16:00:00,14.932,12.30453099457015
2020-02-02 16:15:00,14.712,14.835371610453162
2020-02-02 16:30:00,14.492,14.880263282050493
2020-02-02 16:45:00,14.053,15.159493972385395
2020-02-02 17:00:00,13.613,13.191831020060857
2020-02-02 17:15:00,13.3935,12.899573016810693
2020-02-02 17:30:00,12.954,12.750176456142242
2020-02-02 17:45:00,12.5145,11.727235002970437
2020-02-02 18:00:00,12.075,11.145561365552533
2020-02-02 18:15:00,11.6355,9.972575377531674
2020-02-02 18:30:00,11.1965,7.797821260868748
2020-02-02 18:45:00,10.757,7.783355174176103
2020-02-02 19:00:00,10.757,7.737668209099271
2020-02-02 19:15:00,10.3175,8.020660339169808
2020-02-02 19:30:00,10.3175,8.524827075485133
2020-02-02 19:45:00,9.878,9.246968185471555
2020-02-02 20:00:00,9.878,8.898712904458476
2020-02-02 20:15:00,9.878,9.018545221840403
2020-02-02 20:30:00,9.4385,8.656212575374587
2020-02-02 20:45:00,9.4385,7.933527002147523
2020-02-02 21:00:00,9.4385,8.143097039544223
2020-02-02 21:15:00,9.2185,8.317097503616319
2020-02-02 21:30:00,8.999,8.463501681934828
2020-02-02 21:45:00,8.999,8.457431022317301
2020-02-02 22:00:00,8.7795,8.555183290493657
2020-02-02 22:15:00,8.5595,8.372642924931089
2020-02-02 22:30:00,8.5595,8.328055860122793
2020-02-02 22:45:00,8.3395,8.477611349340133
2020-02-02 23:00:00,8.12,8.501030083676826
2020-02-02 23:15:00,8.12,8.69427744864091
2020-02-02 23:30:00,7.9005,9.110913025198938
2020-02-02 23:45:00,7.6805,8.779897646229703
2020-02-03 00:00:00,7.6805,8.718784927033157
2020-02-03 00:15:00,7.4605,9.480969067142006
2020-02-03 00:30:00,7.241,8.510936303154839
2020-02-03 00:45:00,7.0215,8.883151633703056
2020-02-03 01:00:00,7.0215,7.9044563689993925
2020-02-03 01:15:00,7.0215,7.239337079822987
2020-02-03 01:30:00,6.582,7.815364977627658
2020-02-03 01:45:00,6.582,7.061168481189013
2020-02-03 02:00:00,6.582,6.878519710431894
2020-02-03 02:15:00,6.1425,7.083226637291688
2020-02-03 02:30:00,6.1425,7.050509161078616
2020-02-03 02:45:00,5.923,6.927679442197513
2020-02-03 03:00:00,5.7035,7.251583482576205
2020-02-03 03:15:00,5.7035,6.551140555659157
2020-02-03 03:30:00,5.2635,7.6080861341691035
2020-02-03 03:45:00,5.2635,6.764642327277913
2020-02-03 04:00:00,4.8245,6.540479728038301
2020-02-03 04:15:00,4.8245,6.856234138815517
2020-02-03 04:30:00,4.3845,6.795691641926083
2020-02-03 04:45:00,4.3845,7.246196991273907
2020-02-03 05:00:00,3.9455,7.623638543316662
2020-02-03 05:15:00,3.9455,7.156600724267396
2020-02-03 05:30:00,3.5055,7.173787406082031
2020-02-03 05:45:00,3.286,6.85820109225727
2020-02-03 06:00:00,3.0665,7.320894769822134
2020-02-03 06:15:00,3.0665,7.188999873884266
2020-02-03 06:30:00,2.627,7.343395929041807
2020-02-03 06:45:00,2.627,7.390864507773707
2020-02-03 07:00:00,2.1875,6.524770893555669
2020-02-03 07:15:00,2.1875,6.837975281783539
2020-02-03 07:30:00,2.1875,7.625774794158161
2020-02-03 07:45:00,2.1875,8.063749382207932
2020-02-03 08:00:00,2.1875,7.932902135015356
2020-02-03 08:15:00,2.1875,7.4806257302130374
2020-02-03 08:30:00,2.627,7.825394384759218
2020-02-03 08:45:00,3.0665,6.313619835487229
2020-02-03 09:00:00,3.9455,4.6102061900538995
2020-02-03 09:15:00,4.8245,7.0541820880462645
2020-02-03 09:30:00,5.7035,8.31695529264853
2020-02-03 09:45:00,6.582,10.234400922148582
2020-02-03 10:00:00,7.241,13.765758687535193
2020-02-03 10:15:00,7.9005,12.598628906451266
2020-02-03 10:30:00,8.779,10.866505944475952
2020-02-03 10:45:00,9.658,10.48591749881175
2020-02-03 11:00:00,10.537,9.31475447194749
2020-02-03 11:15:00,11.416,10.312118782750256
2020-02-03 11:30:00,12.0755,9.901944514279174
2020-02-03 11:45:00,12.954,9.119989706133481
2020-02-03 12:00:00,13.6135,8.882868784464797
2020-02-03 12:15:00,13.833,7.514940420306037
2020-02-03 12:30:00,13.6135,8.142725437725469
2020-02-03 12:45:00,13.6135,9.297939679731071
2020-02-03 13:00:00,13.6135,7.565166019426238
2020-02-03 13:15:00,13.833,9.494660028347324
2020-02-03 13:30:00,14.2725,10.083772627494806
2020-02-03 13:45:00,14.9315,12.32137571379409
2020-02-03 14:00:00,14.9315,12.40800541034352
2020-02-03 14:15:00,14.7115,14.638328685025648
2020-02-03 14:30:00,13.833,14.521972853596417
2020-02-03 14:45:00,13.174,13.867650274098139
2020-02-03 15:00:00,12.954,13.42495782231082
2020-02-03 15:15:00,12.515,13.705775437455417
2020-02-03 15:30:00,12.075,14.291521124914725
2020-02-03 15:45:00,11.8555,14.642761036667327
2020-02-03 16:00:00,11.416,12.877862038587828
2020-02-03 16:15:00,10.9765,13.359052714468918
2020-02-03 16:30:00,10.537,12.839391785262215
2020-02-03 16:45:00,9.878,11.799153998791256
2020-02-03 17:00:00,9.658,11.377821175052185
2020-02-03 17:15:00,9.219,11.149248140015242
2020-02-03 17:30:00,8.999,10.622072010996302
2020-02-03 17:45:00,8.5595,10.122527225298134
2020-02-03 18:00:00,8.12,9.700546233756626
2020-02-03 18:15:00,7.9005,9.435863342850459
2020-02-03 18:30:00,7.6805,9.481004669946861
2020-02-03 18:45:00,7.4605,9.032526889618218
2020-02-03 19:00:00,7.241,9.543547017429407
2020-02-03 19:15:00,7.0215,8.96364364587818
2020-02-03 19:30:00,6.802,8.11780820293293
2020-02-03 19:45:00,6.582,8.594057923769164
2020-02-03 20:00:00,6.582,8.467008298064236
2020-02-03 20:15:00,6.1425,8.068902800190457
2020-02-03 20:30:00,6.1425,8.089587514562306
2020-02-03 20:45:00,5.7035,8.21394941471167
2020-02-03 21:00:00,5.7035,8.147828109564063
2020-02-03 21:15:00,5.7035,8.205185643234604
2020-02-03 21:30:00,5.2635,7.637941936630851
2020-02-03 21:45:00,5.2635,8.571171910113602
2020-02-03 22:00:00,5.2635,8.512218447797101
2020-02-03 22:15:00,5.044,8.442149457476258
2020-02-03 22:30:00,4.8245,8.453890869363086
2020-02-03 22:45:00,4.8245,8.45087313766449
2020-02-03 23:00:00,4.3845,8.654198649855203
2020-02-03 23:15:00,4.3845,8.777411992199102
2020-02-03 23:30:00,4.3845,9.999782917452592
2020-02-03 23:45:00,3.9455,8.594291062875975
2020-02-04 00:00:00,3.9455,8.533840518627906
2020-02-04 00:15:00,3.5055,9.814776952460244
2020-02-04 00:30:00,3.5055,8.111300314102884
2020-02-04 00:45:00,3.0665,8.19902767924828
2020-02-04 01:00:00,2.847,8.329363702288589
2020-02-04 01:15:00,2.627,7.990921996158409
2020-02-04 01:30:00,2.407,7.8972878730144025
2020-02-04 01:45:00,2.1875,7.721494063730501
2020-02-04 02:00:00,1.968,7.512473579526997
2020-02-04 02:15:00,1.7485,7.518595232293369
2020-02-04 02:30:00,1.7485,7.847018661581341
2020-02-04 02:45:00,1.3085,7.774807245693203
2020-02-04 03:00:00,1.3085,7.100043496605535
2020-02-04 03:15:00,1.089,6.965643843928304
2020-02-04 03:30:00,0.8695,6.721311477779641
2020-02-04 03:45:00,0.8695,6.637371632070237
2020-02-04 04:00:00,0.4295,6.633829208773734
2020-02-04 04:15:00,0.4295,6.554165005523542
2020-02-04 04:30:00,0.4295,6.865256716691908
2020-02-04 04:45:00,0.21,6.789295102694971
2020-02-04 05:00:00,-0.0095,6.484491180944849
2020-02-04 05:15:00,-0.0095,6.411701159690392
2020-02-04 05:30:00,-0.2295,6.81394669617912
2020-02-04 05:45:00,-0.2295,6.188876156286937
2020-02-04 06:00:00,-0.4495,6.463591135153607
2020-02-04 06:15:00,-0.4495,6.828888445530296
2020-02-04 06:30:00,-0.669,7.272353563027361
2020-02-04 06:45:00,-0.8885,7.327984962508669
2020-02-04 07:00:00,-0.8885,7.3947048126564034
2020-02-04 07:15:00,-1.1085,7.42221924862616
2020-02-04 07:30:00,-1.1085,7.461845189933016
2020-02-04 07:45:00,-1.1085,7.987835465317533
2020-02-04 08:00:00,-1.1085,8.271726147862081
2020-02-04 08:15:00,-0.669,7.241933326655212
2020-02-04 08:30:00,-0.2295,7.072576249708793
2020-02-04 08:45:00,0.21,6.728916034632076
2020-02-04 09:00:00,1.089,4.027272212746537
2020-02-04 09:15:00,1.968,3.1638397092408606
2020-02-04 09:30:00,3.0665,2.9400001190938725
2020-02-04 09:45:00,4.3845,3.2178622310230702
2020-02-04 10:00:00,5.044,3.3898950310511085
2020-02-04 10:15:00,6.1425,3.895653267091537
2020-02-04 10:30:00,7.2415,4.0257499306895985
2020-02-04 10:45:00,8.3395,3.51810285274293
2020-02-04 11:00:00,9.4385,3.5639624053787466
2020-02-04 11:15:00,10.0975,3.997600923815868
2020-02-04 11:30:00,10.7565,3.912477051363176
2020-02-04 11:45:00,11.416,4.125304069161423
2020-02-04 12:00:00,12.075,3.6929782841015903
2020-02-04 12:15:00,12.515,4.331592636061348
2020-02-04 12:30:00,12.7345,5.073087882619706
2020-02-04 12:45:00,13.174,5.293665649307383
2020-02-04 13:00:00,13.833,5.080428494034265
2020-02-04 13:15:00,14.0525,5.5656400633312355
2020-02-04 13:30:00,14.712,4.065849196465132
2020-02-04 13:45:00,14.712,4.075484529571823
2020-02-04 14:00:00,14.7115,7.288986913074205
2020-02-04 14:15:00,14.712,9.247397086886362
2020-02-04 14:30:00,14.4925,11.108143665471584
2020-02-04 14:45:00,14.712,12.615780891362329
2020-02-04 15:00:00,14.712,11.630836039657636
2020-02-04 15:15:00,14.712,10.834191981889864
2020-02-04 15:30:00,14.4925,10.69722359457045
2020-02-04 15:45:00,14.2725,10.342218255141374
2020-02-04 16:00:00,14.0525,10.905519068988953
2020-02-04 16:15:00,13.6135,10.81689338224776
2020-02-04 16:30:00,12.954,9.938629983771852
2020-02-04 16:45:00,12.5145,11.016302197562684
2020-02-04 17:00:00,12.295,11.212924689483451
2020-02-04 17:15:00,11.636,10.193742443063533
2020-02-04 17:30:00,10.9765,9.860339588144951
2020-02-04 17:45:00,10.537,8.948857916034623
2020-02-04 18:00:00,10.098,8.696594565790301
2020-02-04 18:15:00,9.658,7.848383843634579
2020-02-04 18:30:00,9.4385,8.41960005267145
2020-02-04 18:45:00,8.999,8.854378016426654
2020-02-04 19:00:00,8.7795,7.2852629493202565
2020-02-04 19:15:00,8.3395,8.139494357547516
2020-02-04 19:30:00,8.3395,6.457434515285543
2020-02-04 19:45:00,8.12,6.99020376817663
2020-02-04 20:00:00,8.12,7.7247112284563295
2020-02-04 20:15:00,7.6805,7.761739016455907
2020-02-04 20:30:00,7.6805,8.079476058300825
2020-02-04 20:45:00,7.6805,8.131593607761996
2020-02-04 21:00:00,7.6805,8.137988495751587
2020-02-04 21:15:00,7.461,7.392685167377363
2020-02-04 21:30:00,7.241,7.54360452505867
2020-02-04 21:45:00,7.241,8.162944455217037
2020-02-04 22:00:00,7.241,8.243678917431659
2020-02-04 22:15:00,7.0215,8.626817026107345
2020-02-04 22:30:00,6.8015,10.183466117821542
2020-02-04 22:45:00,6.582,8.280454459518818
2020-02-04 23:00:00,6.3625,9.23248831346152
2020-02-04 23:15:00,6.1425,8.771770585102574
2020-02-04 23:30:00,6.1425,8.566142733186858
2020-02-04 23:45:00,5.923,8.735403337443087
2020-02-05 00:00:00,5.7035,8.50188924628639
2020-02-05 00:15:00,5.2635,8.5156768212932
2020-02-05 00:30:00,5.044,8.471821596586055
2020-02-05 00:45:00,4.8245,8.379598871191373
2020-02-05 01:00:00,4.6045,8.105749401079581
2020-02-05 01:15:00,4.3845,7.8957686368552595
2020-02-05 01:30:00,4.165,7.608390572057059
2020-02-05 01:45:00,3.9455,7.384091891036701
2020-02-05 02:00:00,3.7255,7.189661830761667
2020-02-05 02:15:00,3.5055,8.073441012555264
2020-02-05 02:30:00,3.286,7.418846735994758
2020-02-05 02:45:00,3.0665,7.414204758593452
2020-02-05 03:00:00,3.0665,7.887462765202337
2020-02-05 03:15:00,2.627,7.5034870746295494
2020-02-05 03:30:00,2.627,7.4520118015982515
2020-02-05 03:45:00,2.627,7.178655244059546
2020-02-05 04:00:00,2.1875,7.1558885981319635
2020-02-05 04:15:00,2.1875,7.248351680536372
2020-02-05 04:30:00,2.1875,6.124855220293967
2020-02-05 04:45:00,1.7485,4.505547435381482
2020-02-05 05:00:00,1.7485,3.164082168460698
2020-02-05 05:15:00,1.3085,4.592371738882789
2020-02-05 05:30:00,1.3085,5.777364207249909
2020-02-05 05:45:00,1.3085,6.468139551383298
2020-02-05 06:00:00,1.3085,7.652859693506623
2020-02-05 06:15:00,0.8695,7.330726491386246
2020-02-05 06:30:00,0.8695,6.959405179060687
2020-02-05 06:45:00,0.8695,6.9327500987252195
2020-02-05 07:00:00,0.6495,4.90480012541783
2020-02-05 07:15:00,0.4295,3.944278554167167
2020-02-05 07:30:00,0.4295,4.846432571575731
2020-02-05 07:45:00,0.4295,10.309042187240587
2020-02-05 08:00:00,0.4295,14.016908890402823
2020-02-05 08:15:00,0.8695,18.686851029306148
2020-02-05 08:30:00,1.3085,24.610370044024414
2020-02-05 08:45:00,1.7485,26.313446647382644
2020-02-05 09:00:00,2.4075,26.48809999423268
2020-02-05 09:15:00,3.0665,27.996816470035927
2020-02-05 09:30:00,4.165,28.775943750974427
2020-02-05 09:45:00,4.824,33.294426406875026
2020-02-05 10:00:00,5.4835,29.97214366087057
2020-02-05 10:15:00,6.3625,28.242628076551856
2020-02-05 10:30:00,7.241,28.582428843964514
2020-02-05 10:45:00,8.12,25.43055546752471
2020-02-05 11:00:00,8.999,24.701961095689757
2020-02-05 11:15:00,10.0975,24.53722982590385
2020-02-05 11:30:00,10.757,18.73602883477329
2020-02-05 11:45:00,11.6355,11.511120758518464
2020-02-05 12:00:00,12.295,6.754591989055417
2020-02-05 12:15:00,12.7345,4.243891715544193
2020-02-05 12:30:00,12.9545,5.1833574996343295
2020-02-05 12:45:00,13.174,7.184495897722104
2020-02-05 13:00:00,13.6135,10.098863193470114
2020-02-05 13:15:00,14.492,11.873212346799265
2020-02-05 13:30:00,15.1515,13.716426146715088
2020-02-05 13:45:00,15.591,14.521961610078955
2020-02-05 14:00:00,16.25,14.292356136277379
2020-02-05 14:15:00,16.25,14.669969608512714
2020-02-05 14:30:00,16.25,15.26991503019673
2020-02-05 14:45:00,16.0305,15.987623297523152
2020-02-05 15:00:00,16.0305,15.805865055914744
2020-02-05 15:15:00,16.0305,15.921480239871759
2020-02-05 15:30:00,15.591,14.66335458540869
2020-02-05 15:45:00,15.371,14.341431611107707
2020-02-05 16:00:00,14.932,11.940472293936008
2020-02-05 16:15:00,14.492,11.864200656319998
2020-02-05 16:30:00,14.053,12.721226782973654
2020-02-05 16:45:00,13.3935,11.410217815310363
2020-02-05 17:00:00,12.954,12.060391218143545
2020-02-05 17:15:00,12.5145,13.463834178942053
2020-02-05 17:30:00,12.2945,13.181373790587559
2020-02-05 17:45:00,11.8555,11.947832613507192
2020-02-05 18:00:00,11.1965,11.865051804780903
2020-02-05 18:15:00,10.757,11.44434045072177
2020-02-05 18:30:00,10.3175,10.83574025655762
2020-02-05 18:45:00,9.878,9.559442157130746
2020-02-05 19:00:00,9.658,9.768767067333266
2020-02-05 19:15:00,9.219,8.879629659896597
2020-02-05 19:30:00,8.999,8.786605141175832
2020-02-05 19:45:00,8.5595,8.310336511083666
2020-02-05 20:00:00,8.34,8.643878074079417
2020-02-05 20:15:00,8.12,8.696248394061127
2020-02-05 20:30:00,7.6805,9.382927166582808
2020-02-05 20:45:00,7.6805,10.478062427585103
2020-02-05 21:00:00,7.241,11.150224826332217
2020-02-05 21:15:00,7.0215,11.8688078899275
2020-02-05 21:30:00,6.8015,11.262170335791291
2020-02-05 21:45:00,6.582,10.783756097184389
2020-02-05 22:00:00,6.3625,10.95673943022727
2020-02-05 22:15:00,6.1425,10.947329116711378
2020-02-05 22:30:00,5.923,9.453139932894297
2020-02-05 22:45:00,5.7035,8.904018429425594
2020-02-05 23:00:00,5.7035,9.215866480932396
2020-02-05 23:15:00,5.4835,8.515384448252153
2020-02-05 23:30:00,5.2635,8.969594349405849
2020-02-05 23:45:00,5.2635,9.475918356829446
2020-02-06 00:00:00,5.044,9.464089333555362
2020-02-06 00:15:00,4.8245,9.368240078240444
2020-02-06 00:30:00,4.8245,8.375423424913807
2020-02-06 00:45:00,4.8245,8.369239038515941
2020-02-06 01:00:00,4.6045,8.03651019335174
2020-02-06 01:15:00,4.3845,7.179378930697577
2020-02-06 01:30:00,4.3845,7.49517178239517
2020-02-06 01:45:00,4.3845,7.067898744121015
2020-02-06 02:00:00,4.165,7.8260186315568
2020-02-06 02:15:00,3.9455,7.640949726059245
2020-02-06 02:30:00,3.9455,7.246450011276552
2020-02-06 02:45:00,3.5055,7.579010282521253
2020-02-06 03:00:00,3.5055,7.231510661257602
2020-02-06 03:15:00,3.5055,7.194881709853838
2020-02-06 03:30:00,3.286,4.553116550929518
2020-02-06 03:45:00,3.0665,3.7968582979457843
2020-02-06 04:00:00,3.0665,4.9476051825215395
2020-02-06 04:15:00,2.8465,3.417664468497567
2020-02-06 04:30:00,2.627,4.363762606910489
2020-02-06 04:45:00,2.627,3.9644098763209117
2020-02-06 05:00:00,2.627,4.246396760603546
2020-02-06 05:15:00,2.1875,5.870962892799748
2020-02-06 05:30:00,2.1875,4.639804319700419
2020-02-06 05:45:00,2.1875,5.3054624134944435
2020-02-06 06:00:00,2.1875,4.685237061723969
2020-02-06 06:15:00,2.1875,3.4892393683343657
2020-02-06 06:30:00,1.968,5.436352349722757
2020-02-06 06:45:00,1.7485,6.169388297022262
2020-02-06 07:00:00,1.7485,7.4912819743643775
2020-02-06 07:15:00,1.7485,8.556068669407882
2020-02-06 07:30:00,1.7485,9.555049729477277
2020-02-06 07:45:00,1.7485,10.695699436465134
2020-02-06 08:00:00,1.968,10.360890895843653
2020-02-06 08:15:00,2.627,11.02634931365122
2020-02-06 08:30:00,2.847,11.023530468674624
2020-02-06 08:45:00,3.5055,10.537404551933893
2020-02-06 09:00:00,3.9455,10.954747129823362
2020-02-06 09:15:00,4.8245,10.152475427781887
2020-02-06 09:30:00,5.4835,9.053785916161646
2020-02-06 09:45:00,6.3625,9.233272932788033
2020-02-06 10:00:00,6.802,9.387343931099645
2020-02-06 10:15:00,7.4605,9.565813441336859
2020-02-06 10:30:00,8.12,8.720303338805085
2020-02-06 10:45:00,8.779,8.511617569237826
2020-02-06 11:00:00,9.4385,8.678597267307824
2020-02-06 11:15:00,10.3175,8.021174564507229
2020-02-06 11:30:00,11.196,8.573460591956781
2020-02-06 11:45:00,11.8555,8.233014216831409
2020-02-06 12:00:00,12.5145,8.416865834537676
2020-02-06 12:15:00,12.9545,9.358526914840098
2020-02-06 12:30:00,12.9545,9.286386116694311
2020-02-06 12:45:00,13.3935,9.701746879029065
2020-02-06 13:00:00,13.833,10.13187622531347
2020-02-06 13:15:00,14.2725,8.919634794833346
2020-02-06 13:30:00,14.9315,8.563171031206169
2020-02-06 13:45:00,15.591,9.012772671815979
2020-02-06 14:00:00,16.0305,9.032059971556
2020-02-06 14:15:00,16.25,10.017530201323849
2020-02-06 14:30:00,16.47,10.750620172964021
2020-02-06 14:45:00,16.25,10.359260905318243
2020-02-06 15:00:00,16.25,10.854599287081
2020-02-06 15:15:00,16.25,10.81811354981
2020-02-06 15:30:00,16.25,10.74938229077653
2020-02-06 15:45:00,15.8105,10.673159687489088
2020-02-06 16:00:00,15.371,10.834015555552115
2020-02-06 16:15:00,15.1515,10.601308832991776
2020-02-06 16:30:00,14.492,10.846771796280816
2020-02-06 16:45:00,13.833,10.353043797329384
2020-02-06 17:00:00,13.3935,9.442752230400789
2020-02-06 17:15:00,12.7345,9.158569850608835
2020-02-06 17:30:00,12.2945,9.732439076742322
2020-02-06 17:45:00,11.8555,9.96914441437417
2020-02-06 18:00:00,11.1965,10.218838804493972
2020-02-06 18:15:00,10.757,9.537575658045366
2020-02-06 18:30:00,10.3175,8.653500425256968
2020-02-06 18:45:00,9.658,8.069696807284904
2020-02-06 19:00:00,9.4385,5.875626681124557
2020-02-06 19:15:00,8.999,5.428967013046729
2020-02-06 19:30:00,8.5595,6.049521380837548
2020-02-06 19:45:00,8.34,6.182665084516054
2020-02-06 20:00:00,7.9,6.3374444032305055
2020-02-06 20:15:00,7.6805,6.74684254012419
2020-02-06 20:30:00,7.241,6.245351109607842
2020-02-06 20:45:00,7.021,5.984757417498764
2020-02-06 21:00:00,6.8015,5.402535752570236
2020-02-06 21:15:00,6.8015,6.532699816894305
2020-02-06 21:30:00,6.3625,6.8703628739108344
2020-02-06 21:45:00,6.3625,7.899643844225426
2020-02-06 22:00:00,6.3625,9.082739915419241
2020-02-06 22:15:00,6.1425,8.31508357455943
2020-02-06 22:30:00,5.923,7.924469850648893
2020-02-06 22:45:00,5.923,7.997537812905085
2020-02-06 23:00:00,5.7035,7.276142780557579
2020-02-06 23:15:00,5.7035,7.182283067934852
2020-02-06 23:30:00,5.4835,7.87772159542142
2020-02-06 23:45:00,5.4835,7.306086974500844
2020-02-07 00:00:00,5.2635,8.564558711858648
2020-02-07 00:15:00,5.2635,9.914391630876526
2020-02-07 00:30:00,5.044,10.28404828020815
2020-02-07 00:45:00,5.044,9.956326318348987
2020-02-07 01:00:00,4.8245,10.27384003369383
2020-02-07 01:15:00,4.8245,9.67537827073414
2020-02-07 01:30:00,4.6045,6.353472648140378
2020-02-07 01:45:00,4.6045,6.647359422520706
2020-02-07 02:00:00,4.6045,4.967278498009486
2020-02-07 02:15:00,4.3845,4.917711484973842
2020-02-07 02:30:00,4.165,4.3024331726324725
2020-02-07 02:45:00,4.165,5.683429263762593
2020-02-07 03:00:00,4.165,6.826815248872738
2020-02-07 03:15:00,3.9455,5.344020296304419
2020-02-07 03:30:00,3.7255,5.241885851663192
2020-02-07 03:45:00,3.7255,6.6977972189293045
2020-02-07 04:00:00,3.7255,5.2820262262524675
2020-02-07 04:15:00,3.7255,5.898838443022229
2020-02-07 04:30:00,3.5055,5.857102306106652
2020-02-07 04:45:00,3.286,4.553069106548942
2020-02-07 05:00:00,3.286,3.6995806482208735
2020-02-07 05:15:00,3.0665,5.162741201652503
2020-02-07 05:30:00,3.0665,8.278119825129348
2020-02-07 05:45:00,2.8465,12.042252036360736
2020-02-07 06:00:00,2.8465,22.02583505804856
2020-02-07 06:15:00,2.8465,19.421999755288343
2020-02-07 06:30:00,2.627,11.774696150460324
2020-02-07 06:45:00,2.627,11.437605097272295
2020-02-07 07:00:00,2.627,12.317876059154647
2020-02-07 07:15:00,2.627,11.302858034498996
2020-02-07 07:30:00,2.627,11.4571654267357
2020-02-07 07:45:00,2.8465,10.901687248468592
2020-02-07 08:00:00,3.066,8.87462227639897
2020-02-07 08:15:00,3.286,5.219198049280575
2020-02-07 08:30:00,3.7255,6.337608396175315
2020-02-07 08:45:00,4.165,6.1610731352416215
2020-02-07 09:00:00,4.385,5.662909673850197
2020-02-07 09:15:00,4.824,4.697789375891219
2020-02-07 09:30:00,5.264,4.040256970014667
2020-02-07 09:45:00,5.703,6.203686922828971
2020-02-07 10:00:00,6.3625,5.531552638615706
2020-02-07 10:15:00,7.021,2.6520100389987302
2020-02-07 10:30:00,7.461,3.432003131789577
2020-02-07 10:45:00,8.34,4.1056160063277245
2020-02-07 11:00:00,8.999,5.24285932858955
2020-02-07 11:15:00,9.878,6.076680301211437
2020-02-07 11:30:00,10.757,5.800051131294798
2020-02-07 11:45:00,11.636,4.209192268868256
2020-02-07 12:00:00,12.295,5.520037167605534
2020-02-07 12:15:00,12.734,5.079156690977077
2020-02-07 12:30:00,12.954,6.006922535647259
2020-02-07 12:45:00,13.3935,11.43731896750798
2020-02-07 13:00:00,13.3935,16.781878797657882
2020-02-07 13:15:00,13.833,21.136750045270812
2020-02-07 13:30:00,14.4925,21.830983719652703
2020-02-07 13:45:00,14.9315,23.674556982637288
2020-02-07 14:00:00,15.3715,23.66217982647425
2020-02-07 14:15:00,15.3715,24.046506884703568
2020-02-07 14:30:00,15.591,23.36913708169357
2020-02-07 14:45:00,15.591,23.830385866427875
2020-02-07 15:00:00,15.591,25.071274855397753
2020-02-07 15:15:00,15.591,24.439842174760127
2020-02-07 15:30:00,15.591,24.697545092437732
2020-02-07 15:45:00,15.3715,25.04233516471972
2020-02-07 16:00:00,15.3715,23.182590581469686
2020-02-07 16:15:00,14.9315,23.515741470189095
2020-02-07 16:30:00,14.712,23.987625909280936
2020-02-07 16:45:00,14.2725,24.122105701997217
2020-02-07 17:00:00,14.2725,24.70865653862941
2020-02-07 17:15:00,13.833,25.27520399542919
2020-02-07 17:30:00,13.613,25.143485405095632
2020-02-07 17:45:00,13.3935,24.92492130905715
2020-02-07 18:00:00,12.954,24.814344185322874
2020-02-07 18:15:00,12.5145,24.090464545575042
2020-02-07 18:30:00,12.295,24.54652305212278
2020-02-07 18:45:00,12.075,25.18518835629251
2020-02-07 19:00:00,11.6355,24.23245559097275
2020-02-07 19:15:00,11.1965,23.80690029640503
2020-02-07 19:30:00,11.1965,24.018048186010326
2020-02-07 19:45:00,10.757,23.81305206586326
2020-02-07 20:00:00,10.3175,24.662293501994103
2020-02-07 20:15:00,10.3175,24.99974299511748
2020-02-07 20:30:00,9.878,22.483160802406434
2020-02-07 20:45:00,9.4385,21.030145071029178
2020-02-07 21:00:00,9.4385,19.704096067687953
2020-02-07 21:15:00,8.999,17.322559529459525
2020-02-07 21:30:00,8.5595,16.778788556172387
2020-02-07 21:45:00,8.5595,16.88437948558967
2020-02-07 22:00:00,8.12,16.37856306691907
2020-02-07 22:15:00,7.9005,17.03983002002014
2020-02-07 22:30:00,7.6805,18.514617361964277
2020-02-07 22:45:00,7.4605,22.21808498882963
2020-02-07 23:00:00,7.241,23.55978988223809
2020-02-07 23:15:00,7.241,23.64165517207916
2020-02-07 23:30:00,7.0215,24.04622359730308
2020-02-07 23:45:00,6.8015,23.166148967777314
2020-02-08 00:00:00,6.8015,23.673167250150406
2020-02-08 00:15:00,6.582,22.777458805799583
2020-02-08 00:30:00,6.3625,23.324325237841595
2020-02-08 00:45:00,6.3625,24.622856778568934
2020-02-08 01:00:00,6.3625,24.003670466200916
2020-02-08 01:15:00,6.1425,24.99486517533376
2020-02-08 01:30:00,5.923,24.945590659449888
2020-02-08 01:45:00,5.7035,24.945590659449888
2020-02-08 02:00:00,5.4835,24.529760773717047
2020-02-08 02:15:00,5.2635,24.769065554370066
2020-02-08 02:30:00,5.044,24.899897531996327
2020-02-08 02:45:00,5.044,24.41584756372195
2020-02-08 03:00:00,5.044,24.799022957663645
2020-02-08 03:15:00,5.044,24.902739129328115
2020-02-08 03:30:00,4.6045,24.841241654361042
2020-02-08 03:45:00,4.6045,25.01351794889965
2020-02-08 04:00:00,4.3845,24.984554175021938
2020-02-08 04:15:00,4.165,24.984554175021938
2020-02-08 04:30:00,4.165,24.984554175021938
2020-02-08 04:45:00,3.9455,24.984554175021938
2020-02-08 05:00:00,3.7255,24.948337207984245
2020-02-08 05:15:00,3.5055,24.951666697424358
2020-02-08 05:30:00,3.5055,24.984554175021938
2020-02-08 05:45:00,3.286,24.984554175021938
2020-02-08 06:00:00,3.0665,24.948337207984245
2020-02-08 06:15:00,2.8465,25.016847580568644
2020-02-08 06:30:00,2.627,24.982917730695537
2020-02-08 06:45:00,2.627,24.272840585320985
2020-02-08 07:00:00,2.4075,24.079836998805053
2020-02-08 07:15:00,2.4075,24.22784250640302
2020-02-08 07:30:00,2.1875,22.895412554649315
2020-02-08 07:45:00,2.1875,22.71590071935417
2020-02-08 08:00:00,2.1875,23.724357537763243
2020-02-08 08:15:00,2.4075,23.043443658112054
2020-02-08 08:30:00,2.627,23.615007907059855
2020-02-08 08:45:00,3.5055,24.50470938627127
2020-02-08 09:00:00,3.9455,23.92951245646101
2020-02-08 09:15:00,4.8245,24.06406817377492
2020-02-08 09:30:00,5.4835,22.86653426348107
2020-02-08 09:45:00,6.3625,20.43973328439572
2020-02-08 10:00:00,7.0215,18.59372293272717
2020-02-08 10:15:00,7.9005,19.42209192238125
2020-02-08 10:30:00,8.5595,18.045345072879567
2020-02-08 10:45:00,9.4385,18.934654656912684
2020-02-08 11:00:00,10.3175,16.907077371594646
2020-02-08 11:15:00,11.416,17.168727178718946
2020-02-08 11:30:00,12.075,17.19830701463265
2020-02-08 11:45:00,13.174,16.746581219384368
2020-02-08 12:00:00,13.833,16.61286035751022
2020-02-08 12:15:00,14.2725,16.45666126181626
2020-02-08 12:30:00,14.492,15.164828720820003
2020-02-08 12:45:00,14.712,13.460762039677494
2020-02-08 13:00:00,14.9315,11.044791754877092
2020-02-08 13:15:00,15.591,9.040740521208628
2020-02-08 13:30:00,16.0305,9.449478329395175
2020-02-08 13:45:00,16.6895,10.02409998062821
2020-02-08 14:00:00,17.129,11.187805041502992
2020-02-08 14:15:00,17.568,10.5090484782998
2020-02-08 14:30:00,17.788,11.826681202734674
2020-02-08 14:45:00,18.0075,11.601123419217746
2020-02-08 15:00:00,18.2275,11.14424658584835
2020-02-08 15:15:00,18.4475,10.201598721962686
2020-02-08 15:30:00,18.2275,8.667871821058048
2020-02-08 15:45:00,18.2275,8.957859619950277
2020-02-08 16:00:00,18.008,9.819638866318623
2020-02-08 16:15:00,17.568,8.343357224485525
2020-02-08 16:30:00,17.3485,8.607860200178708
2020-02-08 16:45:00,16.909,8.365930532067663
2020-02-08 17:00:00,16.25,8.199312385238953
2020-02-08 17:15:00,15.8105,8.534591606369865
2020-02-08 17:30:00,15.3715,8.277283794994272
2020-02-08 17:45:00,14.9315,8.366601244172783
2020-02-08 18:00:00,14.4925,8.657376428090462
2020-02-08 18:15:00,14.0525,8.506548642063164
2020-02-08 18:30:00,13.6135,8.686993908908306
2020-02-08 18:45:00,13.1735,9.744982184528968
2020-02-08 19:00:00,12.7345,11.2792330280472
2020-02-08 19:15:00,12.075,12.854956895291593
2020-02-08 19:30:00,11.855,13.589068286434076
2020-02-08 19:45:00,11.416,14.262431957861109
2020-02-08 20:00:00,11.1965,14.105692496340462
2020-02-08 20:15:00,10.757,14.41949475159455
2020-02-08 20:30:00,10.3175,14.160913639169054
2020-02-08 20:45:00,10.3175,12.71419211287968
2020-02-08 21:00:00,9.878,15.744829736984581
2020-02-08 21:15:00,9.878,15.530055575603699
2020-02-08 21:30:00,9.4385,14.726499322354458
2020-02-08 21:45:00,9.4385,15.043191261093078
2020-02-08 22:00:00,9.2185,13.91810721822795
2020-02-08 22:15:00,8.999,11.043799750767848
2020-02-08 22:30:00,8.999,10.642777274137318
2020-02-08 22:45:00,8.999,10.093667988248438
2020-02-08 23:00:00,8.7795,9.317984793833915
2020-02-08 23:15:00,8.5595,8.450929378552004
2020-02-08 23:30:00,8.5595,8.159354492778414
2020-02-08 23:45:00,8.3395,7.919464127794441
2020-02-09 00:00:00,8.3395,7.799315434279026
2020-02-09 00:15:00,8.12,7.724113294308032
2020-02-09 00:30:00,7.9005,7.59502031678829
2020-02-09 00:45:00,7.6805,7.520985013505799
2020-02-09 01:00:00,7.6805,7.588212672189509
2020-02-09 01:15:00,7.6805,7.571173757941772
2020-02-09 01:30:00,7.6805,7.4732174126135185
2020-02-09 01:45:00,7.4605,7.508128793119627
2020-02-09 02:00:00,7.241,7.56659563296164
2020-02-09 02:15:00,7.241,7.4732174126135185
2020-02-09 02:30:00,7.241,7.508128793119627
2020-02-09 02:45:00,7.241,7.579677786641386
2020-02-09 03:00:00,7.241,7.493456955129797
2020-02-09 03:15:00,7.241,7.433890934103232
2020-02-09 03:30:00,7.241,7.433890934103232
2020-02-09 03:45:00,7.241,7.433890934103232
2020-02-09 04:00:00,7.241,7.433890934103232
2020-02-09 04:15:00,7.241,7.433890934103232
2020-02-09 04:30:00,7.241,7.433890934103232
2020-02-09 04:45:00,7.241,7.433890934103232
2020-02-09 05:00:00,7.241,7.433890934103232
2020-02-09 05:15:00,7.241,7.433890934103232
2020-02-09 05:30:00,7.241,7.433890934103232
2020-02-09 05:45:00,7.241,7.433890934103232
2020-02-09 06:00:00,7.241,7.42940520436913
2020-02-09 06:15:00,7.241,7.413651391586954
2020-02-09 06:30:00,7.241,7.508128793119627
2020-02-09 06:45:00,7.4605,7.56659563296164
2020-02-09 07:00:00,7.4605,7.4732174126135185
2020-02-09 07:15:00,7.4605,7.503643063385524
2020-02-09 07:30:00,7.6805,7.542973582664201
2020-02-09 07:45:00,7.6805,7.546335526971584
2020-02-09 08:00:00,7.6805,7.558168830175129
2020-02-09 08:15:00,7.9,7.578284422052921
2020-02-09 08:30:00,8.12,7.595877947359712
2020-02-09 08:45:00,8.12,7.5872910907287725
2020-02-09 09:00:00,8.34,8.037230011456113
2020-02-09 09:15:00,8.34,8.298587889117101
2020-02-09 09:30:00,8.779,8.432218014337817
2020-02-09 09:45:00,9.219,9.289633231836383
2020-02-09 10:00:00,9.4385,10.95331176449545
2020-02-09 10:15:00,9.878,12.215602561569328
2020-02-09 10:30:00,10.3175,12.78148305941631
2020-02-09 10:45:00,10.3175,14.187418414171857
2020-02-09 11:00:00,10.757,14.975260974770103
2020-02-09 11:15:00,11.1965,15.096118697870505
2020-02-09 11:30:00,11.6355,15.156118310657911
2020-02-09 11:45:00,11.855,15.452572848433736
2020-02-09 12:00:00,12.5145,15.42136633619976
2020-02-09 12:15:00,12.954,15.79182819754031
2020-02-09 12:30:00,13.833,17.023405022734245
2020-02-09 12:45:00,14.2725,18.888336971827552
2020-02-09 13:00:00,14.2725,21.72304244052515
2020-02-09 13:15:00,15.1515,23.569388596960838
2020-02-09 13:30:00,15.591,24.778427146743283
2020-02-09 13:45:00,16.0305,25.02310951768616
2020-02-09 14:00:00,16.6895,24.993035965597226
2020-02-09 14:15:00,16.6895,24.733167168986164
2020-02-09 14:30:00,17.1285,24.65321370786613
2020-02-09 14:45:00,17.3485,24.699220129371884
2020-02-09 15:00:00,17.3485,24.48378367201293
2020-02-09 15:15:00,17.5685,24.09411420864363
2020-02-09 15:30:00,17.5685,25.138163512081476
2020-02-09 15:45:00,17.5685,24.792991059672882
2020-02-09 16:00:00,17.5685,24.079910781059088
2020-02-09 16:15:00,17.5685,23.182363916921936
2020-02-09 16:30:00,17.3485,22.50028240856204
2020-02-09 16:45:00,17.3485,19.85172751976729
2020-02-09 17:00:00,16.909,19.372120671697186
2020-02-09 17:15:00,16.909,18.89949825819959
2020-02-09 17:30:00,16.909,19.031707692596537
2020-02-09 17:45:00,16.4695,17.884291003763774
2020-02-09 18:00:00,16.4695,16.254761678788803
2020-02-09 18:15:00,16.0305,16.87473228263961
2020-02-09 18:30:00,16.0305,16.71565034561763
2020-02-09 18:45:00,15.591,16.352663418068964
2020-02-09 19:00:00,15.591,16.620249021682813
2020-02-09 19:15:00,15.371,16.286569088563926
2020-02-09 19:30:00,15.1515,16.493540972364624
2020-02-09 19:45:00,15.1515,16.84245224107414
2020-02-09 20:00:00,14.932,17.780063262868502
2020-02-09 20:15:00,14.712,17.245354709693903
2020-02-09 20:30:00,14.712,18.109356214663062
2020-02-09 20:45:00,14.492,16.17778984483964
2020-02-09 21:00:00,14.2725,18.696646409321716
2020-02-09 21:15:00,14.2725,16.635662186889295
2020-02-09 21:30:00,13.833,16.247353497241942
2020-02-09 21:45:00,13.833,15.607508705201484
2020-02-09 22:00:00,13.833,14.320568379290764
2020-02-09 22:15:00,13.833,15.491758839774803
2020-02-09 22:30:00,13.3935,15.657244718192164
2020-02-09 22:45:00,13.3935,16.289269425160658
2020-02-09 23:00:00,13.3935,18.04165048455023
2020-02-09 23:15:00,13.3935,20.123933754372096
2020-02-09 23:30:00,13.174,19.64155265312078
2020-02-09 23:45:00,12.954,21.409552545462198
2020-02-10 00:00:00,12.954,21.75833265645539
2020-02-10 00:15:00,12.954,22.456989802415993
2020-02-10 00:30:00,12.954,22.27021532051103
2020-02-10 00:45:00,12.954,21.482686250044893
2020-02-10 01:00:00,12.734,21.560175086805526
2020-02-10 01:15:00,12.5145,21.928476044169223
2020-02-10 01:30:00,12.5145,22.655673508063938
2020-02-10 01:45:00,12.5145,22.806443243090897
2020-02-10 02:00:00,12.5145,23.573701369265127
2020-02-10 02:15:00,12.075,23.526683269669892
2020-02-10 02:30:00,12.075,22.63505987622059
2020-02-10 02:45:00,12.075,23.103477412483677
2020-02-10 03:00:00,12.075,23.19502648780043
2020-02-10 03:15:00,12.075,23.3998775192562
2020-02-10 03:30:00,11.855,23.569209803309096
2020-02-10 03:45:00,11.6355,24.111715193901627
2020-02-10 04:00:00,11.6355,24.047931445607187
2020-02-10 04:15:00,11.6355,24.164609942178927
2020-02-10 04:30:00,11.6355,24.42755240782979
2020-02-10 04:45:00,11.6355,24.039033104293875
2020-02-10 05:00:00,11.6355,24.081446855944534
2020-02-10 05:15:00,11.6355,24.392246285657922
2020-02-10 05:30:00,11.6355,24.493110288381313
2020-02-10 05:45:00,11.416,24.33489846462287
2020-02-10 06:00:00,11.416,24.843093609710877
2020-02-10 06:15:00,11.416,24.79163443497704
2020-02-10 06:30:00,11.416,24.51785212614122
2020-02-10 06:45:00,11.416,25.223357068982043
2020-02-10 07:00:00,11.416,25.108436992859172
2020-02-10 07:15:00,11.416,25.151803782542967
2020-02-10 07:30:00,10.977,25.051342086835543
2020-02-10 07:45:00,10.977,25.023066406442236
2020-02-10 08:00:00,10.977,24.911721722664716
2020-02-10 08:15:00,10.757,24.673511741798833
2020-02-10 08:30:00,10.537,24.975077606244945
2020-02-10 08:45:00,10.537,24.898944938370374
2020-02-10 09:00:00,10.537,25.049008511812122
2020-02-10 09:15:00,10.537,23.437905434262703
2020-02-10 09:30:00,10.537,24.442742378199497
2020-02-10 09:45:00,10.537,24.034560796377566
2020-02-10 10:00:00,10.757,23.313340976057116
2020-02-10 10:15:00,10.977,24.133920737126235
2020-02-10 10:30:00,10.977,24.283681020068613
2020-02-10 10:45:00,11.1965,21.98968236464736
2020-02-10 11:00:00,11.416,21.289421479365657
2020-02-10 11:15:00,12.075,19.671048621956096
2020-02-10 11:30:00,12.295,19.144898042333637
2020-02-10 11:45:00,12.734,20.30096688584593
2020-02-10 12:00:00,12.954,22.313432002528568
2020-02-10 12:15:00,13.3935,21.45647400918394
2020-02-10 12:30:00,13.613,23.373128733592228
2020-02-10 12:45:00,14.053,23.47099401021326
2020-02-10 13:00:00,14.4925,22.20689034438399
2020-02-10 13:15:00,14.9315,22.87407579779348
2020-02-10 13:30:00,15.1515,22.721063612380405
2020-02-10 13:45:00,15.3715,25.236936090536663
2020-02-10 14:00:00,15.1515,24.689109339978906
2020-02-10 14:15:00,15.1515,26.1679164982368
2020-02-10 14:30:00,14.932,26.24400092645998
2020-02-10 14:45:00,14.932,26.481055791243982
2020-02-10 15:00:00,14.932,26.604926554919373
2020-02-10 15:15:00,14.932,26.77384856032698
2020-02-10 15:30:00,14.932,26.655769671710548
2020-02-10 15:45:00,14.932,26.41127320323974
2020-02-10 16:00:00,14.932,26.21239769007318
2020-02-10 16:15:00,14.932,25.16922291558257
2020-02-10 16:30:00,14.712,24.338515503894527
2020-02-10 16:45:00,14.492,24.46151756376365
2020-02-10 17:00:00,14.492,23.57225311938115
2020-02-10 17:15:00,14.2725,21.513102231961746
2020-02-10 17:30:00,14.053,23.55085383327144
2020-02-10 17:45:00,13.833,20.79820627220774
2020-02-10 18:00:00,13.833,17.816307257611104
2020-02-10 18:15:00,13.3935,18.963561734187536
2020-02-10 18:30:00,13.174,16.134016136322558
2020-02-10 18:45:00,12.954,16.230522879675252
2020-02-10 19:00:00,12.5145,16.46884306672064
2020-02-10 19:15:00,12.295,16.58972675903572
2020-02-10 19:30:00,12.075,17.29937294198671
2020-02-10 19:45:00,11.855,17.788982682912454
2020-02-10 20:00:00,11.6355,16.287400498176044
2020-02-10 20:15:00,11.1965,17.618906378910133
2020-02-10 20:30:00,10.977,17.228949029607907
2020-02-10 20:45:00,10.757,16.640234826822333
2020-02-10 21:00:00,10.537,16.660660651176716
2020-02-10 21:15:00,10.3175,16.014873114808157
2020-02-10 21:30:00,9.878,15.49161484081378
2020-02-10 21:45:00,9.878,14.658110799919978
2020-02-10 22:00:00,9.4385,14.529626185728029
2020-02-10 22:15:00,9.4385,13.33957433088684
2020-02-10 22:30:00,8.999,16.828515105315507
2020-02-10 22:45:00,8.999,18.092600362472854
2020-02-10 23:00:00,8.5595,19.612642529902395
2020-02-10 23:15:00,8.5595,20.977904187707285
2020-02-10 23:30:00,8.3395,22.200869950810823
2020-02-10 23:45:00,8.12,23.083056939838276
2020-02-11 00:00:00,8.12,22.43817601162168
2020-02-11 00:15:00,7.9005,22.425347728217567
2020-02-11 00:30:00,7.6805,21.64823535836082
2020-02-11 00:45:00,7.6805,20.759427425637327
2020-02-11 01:00:00,7.6805,22.989830361484817
2020-02-11 01:15:00,7.241,23.72033725736275
2020-02-11 01:30:00,7.241,25.02839510476327
2020-02-11 01:45:00,7.241,23.585735961438576
2020-02-11 02:00:00,6.8015,22.544455128220243
2020-02-11 02:15:00,6.8015,22.190663718602277
2020-02-11 02:30:00,6.3625,17.769122716560982
2020-02-11 02:45:00,6.3625,16.546197796107403
2020-02-11 03:00:00,6.1425,16.77908315551626
2020-02-11 03:15:00,5.923,12.707753206225611
2020-02-11 03:30:00,5.7035,12.89600680010118
2020-02-11 03:45:00,5.4835,12.598961078665926
2020-02-11 04:00:00,5.2635,12.151006486355538
2020-02-11 04:15:00,5.044,12.900224827549781
2020-02-11 04:30:00,5.044,16.500686247750554
2020-02-11 04:45:00,4.8245,20.36723612887414
2020-02-11 05:00:00,4.6045,22.211180440276106
2020-02-11 05:15:00,4.3845,24.458397677377363
2020-02-11 05:30:00,4.165,24.638740799554355
2020-02-11 05:45:00,4.165,24.649115266363626
2020-02-11 06:00:00,3.9455,24.145331451103555
2020-02-11 06:15:00,3.7255,23.93102128438416
2020-02-11 06:30:00,3.7255,23.578926702330467
2020-02-11 06:45:00,3.7255,23.58744880995479
2020-02-11 07:00:00,3.5055,23.805090870746913
2020-02-11 07:15:00,3.5055,23.71954280950526
2020-02-11 07:30:00,3.286,24.7375683082418
2020-02-11 07:45:00,3.286,24.778078502734676
2020-02-11 08:00:00,3.286,24.778078502734676
2020-02-11 08:15:00,3.7255,24.72045244696698
2020-02-11 08:30:00,4.165,24.781453748591108
2020-02-11 08:45:00,4.6045,25.158945875925415
2020-02-11 09:00:00,5.044,25.311537517320644
2020-02-11 09:15:00,5.923,25.675767947387044
2020-02-11 09:30:00,6.8015,25.378394860246324
2020-02-11 09:45:00,7.241,24.37338567522711
2020-02-11 10:00:00,8.12,23.817498107085033
2020-02-11 10:15:00,8.999,24.13612919477745
2020-02-11 10:30:00,9.6585,24.02157737692492
2020-02-11 10:45:00,10.5375,23.31800524143371
2020-02-11 11:00:00,11.196,22.640376015268988
2020-02-11 11:15:00,12.075,22.46473070224677
2020-02-11 11:30:00,12.734,23.928995287717523
2020-02-11 11:45:00,13.3935,24.532110482806605
2020-02-11 12:00:00,14.2725,25.87322592465229
2020-02-11 12:15:00,14.9315,25.76109074092403
2020-02-11 12:30:00,15.1515,25.31356621640769
2020-02-11 12:45:00,15.5905,25.10228953175849
2020-02-11 13:00:00,16.25,25.02038132283294
2020-02-11 13:15:00,16.6895,24.85025429667053
2020-02-11 13:30:00,17.129,24.47166042096353
2020-02-11 13:45:00,17.568,24.691186226936665
2020-02-11 14:00:00,17.788,24.610912070879905
2020-02-11 14:15:00,18.0075,24.619947444399187
2020-02-11 14:30:00,18.2275,24.822510137565885
2020-02-11 14:45:00,18.4475,24.75839036892989
2020-02-11 15:00:00,18.4475,24.784423072687744
2020-02-11 15:15:00,18.667,25.003592042325394
2020-02-11 15:30:00,18.447,25.40278187368462
2020-02-11 15:45:00,18.2275,26.03120924273331
2020-02-11 16:00:00,18.008,26.33121219983624
2020-02-11 16:15:00,17.568,26.295797518366424
2020-02-11 16:30:00,17.129,26.243600537023912
2020-02-11 16:45:00,16.909,25.919013844160393
2020-02-11 17:00:00,16.6895,25.52337075535297
2020-02-11 17:15:00,16.25,25.86786398438588
2020-02-11 17:30:00,16.03,25.604948124915826
2020-02-11 17:45:00,15.591,25.83452874947863
2020-02-11 18:00:00,15.1515,26.031356859894846
2020-02-11 18:15:00,14.712,26.06407434122104
2020-02-11 18:30:00,14.4925,23.63886129766129
2020-02-11 18:45:00,14.2725,22.333413201345582
2020-02-11 19:00:00,13.833,20.97572335347634
2020-02-11 19:15:00,13.3935,19.388602260521203
2020-02-11 19:30:00,13.3935,18.313559987024114
2020-02-11 19:45:00,13.1735,20.76728948275822
2020-02-11 20:00:00,12.954,19.70161814166519
2020-02-11 20:15:00,12.7345,19.772553224530338
2020-02-11 20:30:00,12.5145,20.11014783415043
2020-02-11 20:45:00,12.2945,17.844692781850128
2020-02-11 21:00:00,12.075,17.122136148977635
2020-02-11 21:15:00,11.636,14.2484748209362
2020-02-11 21:30:00,11.416,13.810298303627423
2020-02-11 21:45:00,11.196,14.406502006851833
2020-02-11 22:00:00,10.9765,14.572132534385622
2020-02-11 22:15:00,10.757,16.320475292325717
2020-02-11 22:30:00,10.3175,17.445066122115314
2020-02-11 22:45:00,10.3175,18.0189985014668
2020-02-11 23:00:00,10.3175,19.06388475760553
2020-02-11 23:15:00,10.3175,18.10244195534024
2020-02-11 23:30:00,10.0975,18.62866994079375
2020-02-11 23:45:00,10.0975,18.25083770524142
2020-02-12 00:00:00,9.878,20.673605123272065
2020-02-12 00:15:00,9.6585,23.09656041998421
2020-02-12 00:30:00,9.6585,23.778535190084355
2020-02-12 00:45:00,9.4385,25.113886640389854
2020-02-12 01:00:00,9.2185,24.83179603647324
2020-02-12 01:15:00,8.999,24.863127222469824
2020-02-12 01:30:00,8.5595,24.80796458024334
2020-02-12 01:45:00,8.3395,24.707874273869198
2020-02-12 02:00:00,8.12,24.666727020240575
2020-02-12 02:15:00,7.6805,24.65190888459872
2020-02-12 02:30:00,7.461,24.65190888459872
2020-02-12 02:45:00,7.241,24.6239226639125
2020-02-12 03:00:00,6.8015,24.162943204980504
2020-02-12 03:15:00,6.3625,23.01761883218192
2020-02-12 03:30:00,6.3625,23.057039173854303
2020-02-12 03:45:00,5.923,22.262646385233
2020-02-12 04:00:00,5.923,21.807168970449524
2020-02-12 04:15:00,5.4835,21.97222148535762
2020-02-12 04:30:00,5.4835,21.471494900909416
2020-02-12 04:45:00,5.044,19.656991329531376
2020-02-12 05:00:00,5.044,17.167928334382626
2020-02-12 05:15:00,4.6045,15.268837017087133
2020-02-12 05:30:00,4.6045,12.984883972626799
2020-02-12 05:45:00,4.3845,17.73243108563851
2020-02-12 06:00:00,4.165,17.394213109345834
2020-02-12 06:15:00,4.165,20.709291960047373
2020-02-12 06:30:00,3.9455,23.924609776947722
2020-02-12 06:45:00,3.7255,24.51729287664615
2020-02-12 07:00:00,3.7255,24.136401731381632
2020-02-12 07:15:00,3.7255,24.201594091843727
2020-02-12 07:30:00,3.7255,24.167030558192586
2020-02-12 07:45:00,3.7255,24.10582479385185
2020-02-12 08:00:00,3.7255,24.07788179523657
2020-02-12 08:15:00,3.9455,23.937106853053752
2020-02-12 08:30:00,4.3845,23.92547640331692
2020-02-12 08:45:00,5.044,24.301525293548234
2020-02-12 09:00:00,5.923,24.62311992552959
2020-02-12 09:15:00,6.582,25.05391161246128
2020-02-12 09:30:00,7.4605,25.592112036089887
2020-02-12 09:45:00,8.3395,25.356043451761916
2020-02-12 10:00:00,8.999,25.405231520709037
2020-02-12 10:15:00,9.658,24.685633750712118
2020-02-12 10:30:00,10.537,25.116478227430793
2020-02-12 10:45:00,11.1965,25.35198948335471
2020-02-12 11:00:00,12.075,25.26971996045495
2020-02-12 11:15:00,12.7345,24.965865490203402
2020-02-12 11:30:00,13.6135,24.836566585785395
2020-02-12 11:45:00,14.492,24.50047397204883
2020-02-12 12:00:00,15.1515,24.352501231236328
2020-02-12 12:15:00,15.5905,24.457344193820678
2020-02-12 12:30:00,15.371,24.472677691701417
2020-02-12 12:45:00,15.591,24.809649713886884
2020-02-12 13:00:00,16.0305,24.809649713886884
2020-02-12 13:15:00,16.6895,24.809649713886884
2020-02-12 13:30:00,17.5685,24.809649713886884
2020-02-12 13:45:00,18.008,24.768327641333293
2020-02-12 14:00:00,18.4475,24.76913951939401
2020-02-12 14:15:00,18.447,24.771933137629105
2020-02-12 14:30:00,18.4475,24.66288617948455
2020-02-12 14:45:00,18.667,24.65752109336603
2020-02-12 15:00:00,18.8865,24.54396250875469
2020-02-12 15:15:00,18.8865,24.394788943876446
2020-02-12 15:30:00,18.667,24.263259263770237
2020-02-12 15:45:00,18.447,24.303006811959392
2020-02-12 16:00:00,18.2275,24.477523709222833
2020-02-12 16:15:00,18.008,24.898558954222732
2020-02-12 16:30:00,17.349,24.834274367919214
2020-02-12 16:45:00,17.129,24.44857115554144
2020-02-12 17:00:00,16.4695,24.90165529111375
2020-02-12 17:15:00,16.0305,25.062334533840417
2020-02-12 17:30:00,15.371,25.435446818963975
2020-02-12 17:45:00,14.932,26.343533353939222
2020-02-12 18:00:00,14.492,26.26224892975025
2020-02-12 18:15:00,13.833,25.25757462543368
2020-02-12 18:30:00,13.833,24.25768573770266
2020-02-12 18:45:00,13.3935,23.740874509753493
2020-02-12 19:00:00,13.1735,23.369426258682257
2020-02-12 19:15:00,12.7345,23.157809597530527
2020-02-12 19:30:00,12.7345,23.70389896159368
2020-02-12 19:45:00,12.2945,24.575418413483597
2020-02-12 20:00:00,12.075,23.5781378445241
2020-02-12 20:15:00,11.8555,21.28578764144996
2020-02-12 20:30:00,11.6355,19.484032791820095
2020-02-12 20:45:00,11.416,17.958178088672465
2020-02-12 21:00:00,11.1965,15.405119084305031
2020-02-12 21:15:00,10.977,18.9329303425938
2020-02-12 21:30:00,10.757,19.666821154719063
2020-02-12 21:45:00,10.537,21.858282889506366
2020-02-12 22:00:00,10.3175,24.51853566686498
2020-02-12 22:15:00,10.098,25.192002067235414
2020-02-12 22:30:00,9.878,24.96959849119615
2020-02-12 22:45:00,9.4385,25.462505824571853
2020-02-12 23:00:00,8.999,25.471048365643124
2020-02-12 23:15:00,8.999,25.94801576902291
2020-02-12 23:30:00,8.5595,25.800038298169337
2020-02-12 23:45:00,8.5595,25.40575873451739
2020-02-13 00:00:00,8.12,25.107097625383336
2020-02-13 00:15:00,8.12,24.84654775829281
2020-02-13 00:30:00,7.6805,24.810029256880686
2020-02-13 00:45:00,7.461,24.82115586814699
2020-02-13 01:00:00,7.241,24.76913951939401
2020-02-13 01:15:00,7.021,24.681602918971326
2020-02-13 01:30:00,6.8015,24.723312896053915
2020-02-13 01:45:00,6.8015,24.66288617948455
2020-02-13 02:00:00,6.3625,24.66288617948455
2020-02-13 02:15:00,6.3625,24.66288617948455
2020-02-13 02:30:00,5.923,24.66288617948455
2020-02-13 02:45:00,5.923,24.66288617948455
2020-02-13 03:00:00,5.7035,24.66288617948455
2020-02-13 03:15:00,5.4835,24.66288617948455
2020-02-13 03:30:00,5.4835,24.66288617948455
2020-02-13 03:45:00,5.044,24.66288617948455
2020-02-13 04:00:00,5.044,24.731396552068944
2020-02-13 04:15:00,4.8245,24.757163236699988
2020-02-13 04:30:00,4.6045,24.79456319362972
2020-02-13 04:45:00,4.6045,24.769594330681553
2020-02-13 05:00:00,4.6045,24.769594330681553
2020-02-13 05:15:00,4.3845,24.769594330681553
2020-02-13 05:30:00,4.165,24.769594330681553
2020-02-13 05:45:00,4.165,24.76410998204142
2020-02-13 06:00:00,3.9455,24.74701831309364
2020-02-13 06:15:00,3.7255,24.769594330681553
2020-02-13 06:30:00,3.7255,24.74701831309364
2020-02-13 06:45:00,3.7255,24.683472204220205
2020-02-13 07:00:00,3.5055,24.675317273466117
2020-02-13 07:15:00,3.5055,24.620305562659432
2020-02-13 07:30:00,3.5055,24.72051927781882
2020-02-13 07:45:00,3.5055,24.69642105461318
2020-02-13 08:00:00,3.7255,24.337571386782177
2020-02-13 08:15:00,4.165,24.183430493233242
2020-02-13 08:30:00,4.8245,24.129361571374844
2020-02-13 08:45:00,5.7035,24.369839867716635
2020-02-13 09:00:00,6.582,24.4421020905864
2020-02-13 09:15:00,7.461,24.96158046377199
2020-02-13 09:30:00,8.5595,25.265664937711268
2020-02-13 09:45:00,9.878,24.98496732659821
2020-02-13 10:00:00,10.757,25.057070400926257
2020-02-13 10:15:00,11.855,25.001379297885443
2020-02-13 10:30:00,12.954,25.088641612078465
2020-02-13 10:45:00,14.0525,24.859798861301215
2020-02-13 11:00:00,15.1515,24.717254535461755
2020-02-13 11:15:00,16.0305,24.715261161005916
2020-02-13 11:30:00,17.129,24.738323853392533
2020-02-13 11:45:00,18.2275,24.862381819855067
2020-02-13 12:00:00,18.887,24.818318010177382
2020-02-13 12:15:00,19.5455,24.77208535158682
2020-02-13 12:30:00,19.7655,24.57731641623498
2020-02-13 12:45:00,20.205,24.733179873168602
2020-02-13 13:00:00,20.8645,24.761948995922936
2020-02-13 13:15:00,21.743,25.04086938527605
2020-02-13 13:30:00,22.622,25.671694599872065
2020-02-13 13:45:00,23.2815,28.475819586915396
2020-02-13 14:00:00,23.721,32.05301548497611
2020-02-13 14:15:00,23.9405,33.15193375673326
2020-02-13 14:30:00,23.9405,33.647280810888766
2020-02-13 14:45:00,23.9405,33.716285128192844
2020-02-13 15:00:00,24.16,33.735463919925
2020-02-13 15:15:00,24.38,33.13272922066954
2020-02-13 15:30:00,24.1605,34.052518360679215
2020-02-13 15:45:00,23.9405,34.06695907422177
2020-02-13 16:00:00,23.7205,32.765750411639296
2020-02-13 16:15:00,23.2815,33.39403359065905
2020-02-13 16:30:00,22.8415,34.40676204020615
2020-02-13 16:45:00,22.4025,34.04723308053754
2020-02-13 17:00:00,22.1825,34.14135028134919
2020-02-13 17:15:00,21.523,34.681512195125705
2020-02-13 17:30:00,21.084,33.19067061115251
2020-02-13 17:45:00,21.084,34.94344282504993
2020-02-13 18:00:00,20.645,35.242430174267994
2020-02-13 18:15:00,20.205,33.74689344643296
2020-02-13 18:30:00,19.766,35.906198002360675
2020-02-13 18:45:00,19.326,35.20357517248903
2020-02-13 19:00:00,18.887,36.18408827590836
2020-02-13 19:15:00,18.447,36.086617793668296
2020-02-13 19:30:00,18.008,36.017855510643464
2020-02-13 19:45:00,17.568,36.3965310751043
2020-02-13 20:00:00,17.129,36.61047378430804
2020-02-13 20:15:00,16.909,37.523997018167094
2020-02-13 20:30:00,16.689,37.88061243698299
2020-02-13 20:45:00,16.25,38.01158777441167
2020-02-13 21:00:00,15.811,38.228322600945525
2020-02-13 21:15:00,15.371,38.37346071597578
2020-02-13 21:30:00,14.932,38.45792191581304
2020-02-13 21:45:00,14.492,36.019316233216564
2020-02-13 22:00:00,14.053,35.45188523082462
2020-02-13 22:15:00,13.833,35.63615191489719
2020-02-13 22:30:00,13.613,35.34851591717601
2020-02-13 22:45:00,13.174,35.391401275298556
2020-02-13 23:00:00,12.954,35.76994658202691
2020-02-13 23:15:00,12.954,35.758803002028756
2020-02-13 23:30:00,12.5145,35.697482928512024
2020-02-13 23:45:00,12.295,35.54731785832669
2020-02-14 00:00:00,12.075,34.28239275159928
2020-02-14 00:15:00,12.075,33.44624862539702
2020-02-14 00:30:00,11.855,32.07799537939929
2020-02-14 00:45:00,11.6355,32.80688040565072
2020-02-14 01:00:00,11.416,32.44848448325582
2020-02-14 01:15:00,11.1965,32.24894482547735
2020-02-14 01:30:00,11.1965,32.75982975287602
2020-02-14 01:45:00,11.416,32.443618666706655
2020-02-14 02:00:00,11.6355,31.826910368234056
2020-02-14 02:15:00,11.6355,31.873193914734777
2020-02-14 02:30:00,11.6355,31.402973321196093
2020-02-14 02:45:00,11.6355,30.213522415014925
2020-02-14 03:00:00,11.1965,31.690336126479316
2020-02-14 03:15:00,11.1965,32.44775437681953
2020-02-14 03:30:00,10.757,32.405554219361264
2020-02-14 03:45:00,10.757,32.437348946155275
2020-02-14 04:00:00,10.3175,32.7878454095839
2020-02-14 04:15:00,10.3175,32.16514402924417
2020-02-14 04:30:00,10.098,32.73099578991227
2020-02-14 04:45:00,9.878,31.629729071741327
2020-02-14 05:00:00,9.658,31.111324803502733
2020-02-14 05:15:00,9.4385,31.29708773105491
2020-02-14 05:30:00,9.4385,30.05899763766386
2020-02-14 05:45:00,9.4385,32.68496465884278
2020-02-14 06:00:00,9.219,32.53484038408046
2020-02-14 06:15:00,8.999,32.716786273138055
2020-02-14 06:30:00,8.999,29.325184614424778
2020-02-14 06:45:00,8.999,27.654168637018323
2020-02-14 07:00:00,8.779,26.650074114254284
2020-02-14 07:15:00,8.779,25.42827467304789
2020-02-14 07:30:00,8.779,27.865599889700967
2020-02-14 07:45:00,8.779,32.48787896882581
2020-02-14 08:00:00,8.999,29.579655034099776
2020-02-14 08:15:00,9.4385,28.061021360962368
2020-02-14 08:30:00,9.878,26.668849533130487
2020-02-14 08:45:00,10.5375,25.95231288837999
2020-02-14 09:00:00,11.6355,29.50015950978247
2020-02-14 09:15:00,12.5145,33.692977577136254
2020-02-14 09:30:00,13.3935,34.46801535527739
2020-02-14 09:45:00,14.712,34.95743923609387
2020-02-14 10:00:00,15.811,33.50822802268532
2020-02-14 10:15:00,16.909,29.726243219540173
2020-02-14 10:30:00,18.2275,27.85961620091386
2020-02-14 10:45:00,19.1065,25.017195936972875
2020-02-14 11:00:00,19.7655,23.930025865713425
2020-02-14 11:15:00,20.6445,23.762145505312606
2020-02-14 11:30:00,21.3035,23.949213325685484
2020-02-14 11:45:00,21.5235,24.211851194551475
2020-02-14 12:00:00,21.743,25.718499979071144
2020-02-14 12:15:00,21.963,27.056170820085036
2020-02-14 12:30:00,22.402,28.985631440690142
2020-02-14 12:45:00,23.2815,32.914816245118764
2020-02-14 13:00:00,24.38,32.95944214366907
2020-02-14 13:15:00,25.259,32.84186976691929
2020-02-14 13:30:00,25.918,32.845429278668945
2020-02-14 13:45:00,26.577,32.99558030686627
2020-02-14 14:00:00,26.577,32.85618256341437
2020-02-14 14:15:00,26.3575,32.58906856006869
2020-02-14 14:30:00,25.918,32.76940851666747
2020-02-14 14:45:00,25.479,32.93075063641676
2020-02-14 15:00:00,25.039,32.86701856386293
2020-02-14 15:15:00,24.8195,32.65370163972138
2020-02-14 15:30:00,24.6,32.852449215156426
2020-02-14 15:45:00,24.38,32.82286803794577
2020-02-14 16:00:00,24.16,32.83632950159983
2020-02-14 16:15:00,24.16,32.76518892475197
2020-02-14 16:30:00,24.16,32.731006345460216
2020-02-14 16:45:00,23.9405,34.408844162547666
2020-02-14 17:00:00,23.721,34.22230751574283
2020-02-14 17:15:00,23.721,34.39160660816188
2020-02-14 17:30:00,23.281,35.12658992765267
2020-02-14 17:45:00,23.281,34.65070599392928
2020-02-14 18:00:00,23.0615,35.84128056501546
2020-02-14 18:15:00,22.842,35.6970458455885
2020-02-14 18:30:00,22.402,35.46005264617987
2020-02-14 18:45:00,22.402,35.80197749141374
2020-02-14 19:00:00,21.963,35.418799694854165
2020-02-14 19:15:00,21.963,35.25661501322348
2020-02-14 19:30:00,21.523,35.24926464455794
2020-02-14 19:45:00,21.523,33.921069733302886
2020-02-14 20:00:00,21.523,34.95705251209321
2020-02-14 20:15:00,21.3035,35.323293521067015
2020-02-14 20:30:00,21.084,34.53822516897993
2020-02-14 20:45:00,21.084,36.29953388423306
2020-02-14 21:00:00,20.8645,36.27458355894727
2020-02-14 21:15:00,20.8645,36.29966556120697
2020-02-14 21:30:00,20.8645,36.98637373416852
2020-02-14 21:45:00,20.8645,36.93205974349583
2020-02-14 22:00:00,20.8645,36.498055823094866
2020-02-14 22:15:00,20.645,36.16888271001674
2020-02-14 22:30:00,20.645,36.14892077460851
2020-02-14 22:45:00,20.425,34.46727042099243
2020-02-14 23:00:00,20.425,33.99202599175673
2020-02-14 23:15:00,20.205,34.05375904248374
2020-02-14 23:30:00,20.205,33.00948482964554
2020-02-14 23:45:00,19.9855,33.787169920865054
2020-02-15 00:00:00,19.766,33.51892569236653
2020-02-15 00:15:00,19.326,33.67774564168013
2020-02-15 00:30:00,19.326,33.551530327149884
2020-02-15 00:45:00,18.887,33.45440713811739
2020-02-15 01:00:00,18.667,32.7421736813405
2020-02-15 01:15:00,18.447,32.68430228027059
2020-02-15 01:30:00,18.2275,32.29734828487337
2020-02-15 01:45:00,18.008,31.87204090902027
2020-02-15 02:00:00,17.568,31.008611812756257
2020-02-15 02:15:00,17.568,31.49218055576592
2020-02-15 02:30:00,17.129,32.97291536130803
2020-02-15 02:45:00,17.129,32.925504943494055
2020-02-15 03:00:00,16.689,32.04573281842553
2020-02-15 03:15:00,16.25,32.862007293253896
2020-02-15 03:30:00,16.25,32.388159055722454
2020-02-15 03:45:00,16.25,32.17165961777275
2020-02-15 04:00:00,15.811,33.003041462610206
2020-02-15 04:15:00,15.811,32.5715407864097
2020-02-15 04:30:00,15.591,32.631836228737065
2020-02-15 04:45:00,15.371,32.80084769464398
2020-02-15 05:00:00,15.371,32.601104644937216
2020-02-15 05:15:00,15.1515,32.731169674288196
2020-02-15 05:30:00,14.932,32.92328221026442
2020-02-15 05:45:00,14.932,32.91112564170859
2020-02-15 06:00:00,14.932,32.903634014951336
2020-02-15 06:15:00,14.492,32.789574080999024
2020-02-15 06:30:00,14.492,32.912263358144976
2020-02-15 06:45:00,14.2725,32.762696904252486
2020-02-15 07:00:00,14.2725,33.07184160330269
2020-02-15 07:15:00,14.053,31.618022864642857
2020-02-15 07:30:00,13.833,30.384235796960677
2020-02-15 07:45:00,13.833,28.262986092318783
2020-02-15 08:00:00,13.613,23.908905852626695
2020-02-15 08:15:00,13.613,22.64939963725332
2020-02-15 08:30:00,13.3935,24.264762474390416
2020-02-15 08:45:00,13.3935,24.520151487693546
2020-02-15 09:00:00,13.3935,24.16124785835458
2020-02-15 09:15:00,13.3935,24.23787935568204
2020-02-15 09:30:00,13.3935,23.48839585220299
2020-02-15 09:45:00,13.3935,23.871413703029337
2020-02-15 10:00:00,13.3935,24.593318708143403
2020-02-15 10:15:00,13.3935,24.52945103056799
2020-02-15 10:30:00,13.3935,24.700652659773368
2020-02-15 10:45:00,13.3935,24.320298500599975
2020-02-15 11:00:00,13.6135,23.347629532454928
2020-02-15 11:15:00,13.6135,24.42696002537739
2020-02-15 11:30:00,13.833,25.873770714342957
2020-02-15 11:45:00,13.833,28.72922176183688
2020-02-15 12:00:00,13.833,31.989779851815605
2020-02-15 12:15:00,13.833,30.434871276660008
2020-02-15 12:30:00,14.2725,32.424321698761716
2020-02-15 12:45:00,14.2725,29.11177473505578
2020-02-15 13:00:00,14.2725,31.67535231633898
2020-02-15 13:15:00,14.2725,33.96779419079947
2020-02-15 13:30:00,14.2725,31.773202269331396
2020-02-15 13:45:00,14.2725,34.085950048343506
2020-02-15 14:00:00,14.4925,33.60428081269425
2020-02-15 14:15:00,14.4925,32.79713762474139
2020-02-15 14:30:00,14.4925,33.45278394360553
2020-02-15 14:45:00,14.4925,34.13361688068585
2020-02-15 15:00:00,14.4925,35.774272204797725
2020-02-15 15:15:00,14.4925,36.29177526090611
2020-02-15 15:30:00,14.4925,36.58564414962542
2020-02-15 15:45:00,14.2725,35.718301944200356
2020-02-15 16:00:00,14.2725,35.49798369743352
2020-02-15 16:15:00,14.2725,32.72803461027439
2020-02-15 16:30:00,13.833,30.947000409704795
2020-02-15 16:45:00,13.613,28.197520828107663
2020-02-15 17:00:00,13.3935,24.90949958356362
2020-02-15 17:15:00,13.174,23.8792804068991
2020-02-15 17:30:00,12.954,23.002600449460488
2020-02-15 17:45:00,12.734,23.51610477198441
2020-02-15 18:00:00,12.5145,23.651174548903033
2020-02-15 18:15:00,12.5145,24.399517258558596
2020-02-15 18:30:00,12.5145,24.978770708211446
2020-02-15 18:45:00,12.5145,25.608941252609547
2020-02-15 19:00:00,12.5145,25.222262230247143
2020-02-15 19:15:00,12.5145,24.97623673148505
2020-02-15 19:30:00,12.5145,24.823615255001805
2020-02-15 19:45:00,12.5145,25.08472116132497
2020-02-15 20:00:00,12.2945,24.534395891737372
2020-02-15 20:15:00,12.075,24.580063925659367
2020-02-15 20:30:00,12.075,25.31375524801215
2020-02-15 20:45:00,12.075,24.7633332067542
2020-02-15 21:00:00,11.8555,24.426836063139913
2020-02-15 21:15:00,11.6355,24.51945017593841
2020-02-15 21:30:00,11.6355,24.108122865890877
2020-02-15 21:45:00,11.6355,23.860900461197343
2020-02-15 22:00:00,11.6355,23.84583365846586
2020-02-15 22:15:00,11.6355,24.959591726440546
2020-02-15 22:30:00,11.6355,25.526035449859727
2020-02-15 22:45:00,11.6355,25.501101456402846
2020-02-15 23:00:00,11.6355,26.09944066230818
2020-02-15 23:15:00,11.6355,23.64803507978451
2020-02-15 23:30:00,11.6355,23.766817765877168
2020-02-15 23:45:00,11.6355,24.21822840544792
2020-02-16 00:00:00,11.6355,25.00956436299877
2020-02-16 00:15:00,11.1965,26.382445633128295
2020-02-16 00:30:00,11.1965,28.59483103780359
2020-02-16 00:45:00,10.757,30.388642611097204
2020-02-16 01:00:00,10.757,28.10413295582823
2020-02-16 01:15:00,10.757,26.326694958408666
2020-02-16 01:30:00,10.757,26.095107710851057
2020-02-16 01:45:00,10.757,24.802392536722387
2020-02-16 02:00:00,10.757,24.054524878366454
2020-02-16 02:15:00,10.757,25.602463073397008
2020-02-16 02:30:00,10.757,26.8867702456775
2020-02-16 02:45:00,10.757,25.8187252815702
2020-02-16 03:00:00,10.757,26.883418565710976
2020-02-16 03:15:00,10.757,26.922791282754233
2020-02-16 03:30:00,10.757,25.195364244742603
2020-02-16 03:45:00,10.757,26.7153255097065
2020-02-16 04:00:00,10.757,24.959298372074212
2020-02-16 04:15:00,10.5375,24.334307728278034
2020-02-16 04:30:00,10.3175,23.62574148402088
2020-02-16 04:45:00,10.0975,23.08216037111944
2020-02-16 05:00:00,9.878,25.32540133656
2020-02-16 05:15:00,9.878,23.615817795271905
2020-02-16 05:30:00,9.878,24.406264675669387
2020-02-16 05:45:00,9.878,26.4143517724889
2020-02-16 06:00:00,9.878,24.965323544781217
2020-02-16 06:15:00,9.878,28.63191433836354
2020-02-16 06:30:00,9.878,29.045822698156307
2020-02-16 06:45:00,9.878,25.839884394569378
2020-02-16 07:00:00,9.878,25.900808794738623
2020-02-16 07:15:00,9.878,25.076242816397173
2020-02-16 07:30:00,9.878,24.469062365056335
2020-02-16 07:45:00,9.878,26.207473530449644
2020-02-16 08:00:00,10.098,24.568984539941916
2020-02-16 08:15:00,10.098,23.628673419763548
2020-02-16 08:30:00,10.098,23.278804625726146
2020-02-16 08:45:00,10.098,23.827377236993144
2020-02-16 09:00:00,10.3175,23.77867240331899
2020-02-16 09:15:00,10.537,24.040911940139825
2020-02-16 09:30:00,10.537,26.623967956371306
2020-02-16 09:45:00,10.757,25.737859087765578
2020-02-16 10:00:00,10.757,25.90806858866846
2020-02-16 10:15:00,10.977,24.716298175148157
2020-02-16 10:30:00,10.977,23.80030470436644
2020-02-16 10:45:00,11.416,23.548009717099013
2020-02-16 11:00:00,11.6355,23.967100529879975
2020-02-16 11:15:00,11.6355,23.967100529879975
2020-02-16 11:30:00,11.855,24.001413589688255
2020-02-16 11:45:00,12.075,23.91549748980397
2020-02-16 12:00:00,12.075,24.01000849415221
2020-02-16 12:15:00,12.295,23.660723626262627
2020-02-16 12:30:00,12.295,23.849421155847917
2020-02-16 12:45:00,12.295,23.916084351770227
2020-02-16 13:00:00,12.734,23.916084351770227
2020-02-16 13:15:00,12.734,23.930025865713425
2020-02-16 13:30:00,12.734,23.908758038568205
2020-02-16 13:45:00,13.174,24.312391953458132
2020-02-16 14:00:00,13.174,25.200497913750883
2020-02-16 14:15:00,13.174,26.54346642391586
2020-02-16 14:30:00,13.174,29.240305275892897
2020-02-16 14:45:00,13.3935,29.730456480151183
2020-02-16 15:00:00,13.3935,30.486436207119247
2020-02-16 15:15:00,13.613,30.371383927439737
2020-02-16 15:30:00,13.833,28.7621759599329
2020-02-16 15:45:00,13.833,31.554361670736046
2020-02-16 16:00:00,14.053,30.98045909476748
2020-02-16 16:15:00,14.053,29.998478435733535
2020-02-16 16:30:00,14.053,29.761722610716774
2020-02-16 16:45:00,14.2725,31.93407491918018
2020-02-16 17:00:00,14.2725,31.397213309880367
2020-02-16 17:15:00,14.2725,27.175749861868262
2020-02-16 17:30:00,14.2725,29.982310947468477
2020-02-16 17:45:00,14.2725,29.326314212716074
2020-02-16 18:00:00,14.2725,25.419386486347626
2020-02-16 18:15:00,14.2725,25.316304722513475
2020-02-16 18:30:00,14.2725,24.69063137597406
2020-02-16 18:45:00,14.053,23.830163505240836
2020-02-16 19:00:00,14.053,24.791525264864102
2020-02-16 19:15:00,13.833,24.88702305830056
2020-02-16 19:30:00,13.833,28.053844433984207
2020-02-16 19:45:00,13.613,30.15691819560594
2020-02-16 20:00:00,13.613,28.814439783803234
2020-02-16 20:15:00,13.613,34.242338491316396
2020-02-16 20:30:00,13.613,33.808450884142744
2020-02-16 20:45:00,13.613,35.05324546917514
2020-02-16 21:00:00,13.613,35.20084844889653
2020-02-16 21:15:00,13.613,35.74179009265795
2020-02-16 21:30:00,13.613,35.63554489581592
2020-02-16 21:45:00,13.613,32.2515931059176
2020-02-16 22:00:00,13.613,34.16428768944884
2020-02-16 22:15:00,13.613,32.914748188056336
2020-02-16 22:30:00,13.613,30.36996277045062
2020-02-16 22:45:00,13.613,30.33652715143467
2020-02-16 23:00:00,13.613,30.173397760747875
2020-02-16 23:15:00,13.613,30.53706659013681
2020-02-16 23:30:00,13.613,26.752155176480233
2020-02-16 23:45:00,13.613,26.758566180249822
2020-02-17 00:00:00,13.613,27.971402614978498
2020-02-17 00:15:00,13.613,27.018161942038624
2020-02-17 00:30:00,13.613,28.48250212353247
2020-02-17 00:45:00,13.613,28.217947041507525
2020-02-17 01:00:00,13.3935,26.614808090134474
2020-02-17 01:15:00,13.174,28.951696645200215
2020-02-17 01:30:00,13.174,23.936908535087596
2020-02-17 01:45:00,12.734,23.690919960415087
2020-02-17 02:00:00,12.734,27.469895784727488
2020-02-17 02:15:00,12.295,26.233713368206782
2020-02-17 02:30:00,12.075,27.949463096363047
2020-02-17 02:45:00,11.855,30.836506967047324
2020-02-17 03:00:00,11.416,30.892265669568964
2020-02-17 03:15:00,11.1965,29.590289485452562
2020-02-17 03:30:00,10.977,29.947903232868267
2020-02-17 03:45:00,10.757,25.700021709155198
2020-02-17 04:00:00,10.537,25.447449881489895
2020-02-17 04:15:00,10.3175,26.97913898234916
2020-02-17 04:30:00,10.098,25.787619228582436
2020-02-17 04:45:00,10.098,26.661349160833026
2020-02-17 05:00:00,10.098,26.86402312976786
2020-02-17 05:15:00,10.098,24.697486801686487
2020-02-17 05:30:00,10.098,25.431750919526085
2020-02-17 05:45:00,10.098,25.700880487495706
2020-02-17 06:00:00,9.878,23.672059299091114
2020-02-17 06:15:00,9.878,25.77655549825332
2020-02-17 06:30:00,9.658,26.223093004811414
2020-02-17 06:45:00,9.658,24.41100911160134
2020-02-17 07:00:00,9.219,25.051670033634984
2020-02-17 07:15:00,9.219,27.71021856128567
2020-02-17 07:30:00,9.219,24.565746251905345
2020-02-17 07:45:00,9.219,23.634705919364663
2020-02-17 08:00:00,9.219,22.806477521401078
2020-02-17 08:15:00,9.4385,23.208722957101582
2020-02-17 08:30:00,9.658,23.205766874050823
2020-02-17 08:45:00,10.098,23.81583686904744
2020-02-17 09:00:00,10.537,24.612073580296457
2020-02-17 09:15:00,10.977,25.921793462894122
2020-02-17 09:30:00,11.416,27.404228320712228
2020-02-17 09:45:00,12.075,24.229855418628688
2020-02-17 10:00:00,12.5145,23.35167051286679
2020-02-17 10:15:00,12.954,22.7786603400192
2020-02-17 10:30:00,13.613,23.883627653774308
2020-02-17 10:45:00,14.053,23.827316362656674
2020-02-17 11:00:00,14.712,23.814102143105234
2020-02-17 11:15:00,15.3715,23.89735299528733
2020-02-17 11:30:00,15.8105,24.255899979864285
2020-02-17 11:45:00,16.47,26.394381941047204
2020-02-17 12:00:00,16.909,27.460476139874533
2020-02-17 12:15:00,17.3485,29.235075994370245
2020-02-17 12:30:00,17.3485,30.028530523189698
2020-02-17 12:45:00,18.008,29.092696140433155
2020-02-17 13:00:00,18.667,29.451251737548507
2020-02-17 13:15:00,19.3265,29.784472249632007
2020-02-17 13:30:00,20.205,30.175227201875636
2020-02-17 13:45:00,20.6445,29.522646886736016
2020-02-17 14:00:00,21.084,27.1949696864319
2020-02-17 14:15:00,21.304,29.14556430580946
2020-02-17 14:30:00,21.304,27.258440112021454
2020-02-17 14:45:00,21.304,24.30698156441319
2020-02-17 15:00:00,21.743,27.991912654772886
2020-02-17 15:15:00,21.743,26.448957553363652
2020-02-17 15:30:00,21.5235,25.952375992195467
2020-02-17 15:45:00,21.084,30.046636043261312
2020-02-17 16:00:00,20.6445,30.184973644179152
2020-02-17 16:15:00,20.205,30.344807378062498
2020-02-17 16:30:00,19.766,30.04214523198512
2020-02-17 16:45:00,19.326,29.870864905618426
2020-02-17 17:00:00,18.667,28.728450662278973
2020-02-17 17:15:00,18.2275,30.446530772919907
2020-02-17 17:30:00,17.5685,30.498265567019644
2020-02-17 17:45:00,17.1285,27.156313716957396
2020-02-17 18:00:00,16.4695,27.432393899751798
2020-02-17 18:15:00,16.0305,25.76201973495448
2020-02-17 18:30:00,15.591,24.226654010203102
2020-02-17 18:45:00,15.1515,23.797731300571776
2020-02-17 19:00:00,14.712,23.74757034925583
2020-02-17 19:15:00,14.492,23.307609856228833
2020-02-17 19:30:00,14.2725,23.820559744723095
2020-02-17 19:45:00,13.833,24.490197969304962
2020-02-17 20:00:00,13.833,26.00130102362534
2020-02-17 20:15:00,13.613,27.21174543404692
2020-02-17 20:30:00,13.3935,30.386305932404124
2020-02-17 20:45:00,13.3935,33.1942971315988
2020-02-17 21:00:00,13.3935,30.7351427135568
2020-02-17 21:15:00,13.3935,30.87802182297894
2020-02-17 21:30:00,13.3935,32.99215332205456
2020-02-17 21:45:00,13.3935,34.89339518661914
2020-02-17 22:00:00,13.3935,32.79376345934164
2020-02-17 22:15:00,13.3935,34.11308906845897
2020-02-17 22:30:00,13.174,31.43909548684191
2020-02-17 22:45:00,13.174,28.84549754309853
2020-02-17 23:00:00,12.954,29.777249987409547
2020-02-17 23:15:00,12.954,26.762253696777286
2020-02-17 23:30:00,12.954,26.484439557856696
2020-02-17 23:45:00,12.954,26.52483246725152
2020-02-18 00:00:00,12.954,24.440446568350755
2020-02-18 00:15:00,12.954,23.674957824233744
2020-02-18 00:30:00,12.954,22.801061847843428
2020-02-18 00:45:00,12.954,24.029316374748614
2020-02-18 01:00:00,12.734,24.5276828581969
2020-02-18 01:15:00,12.5145,26.172110111399377
2020-02-18 01:30:00,12.5145,29.008241415464706
2020-02-18 01:45:00,12.5145,26.164537704299885
2020-02-18 02:00:00,12.5145,26.652071413756687
2020-02-18 02:15:00,12.5145,25.905729147572124
2020-02-18 02:30:00,12.5145,24.627452074482232
2020-02-18 02:45:00,12.5145,27.979584596650845
2020-02-18 03:00:00,12.5145,24.46055607922314
2020-02-18 03:15:00,12.295,23.727951545443656
2020-02-18 03:30:00,12.295,24.030200988190394
2020-02-18 03:45:00,12.295,24.786544249343184
2020-02-18 04:00:00,12.5145,24.3455711776927
2020-02-18 04:15:00,12.734,24.542545761125094
2020-02-18 04:30:00,12.734,25.136783654966525
2020-02-18 04:45:00,12.734,25.241485077074113
2020-02-18 05:00:00,12.734,24.201901676737055
2020-02-18 05:15:00,12.734,26.30602157293894
2020-02-18 05:30:00,12.734,26.398343393487284
2020-02-18 05:45:00,12.734,25.74318817842356
2020-02-18 06:00:00,12.734,24.61578493301465
2020-02-18 06:15:00,12.734,23.115712574720746
2020-02-18 06:30:00,12.734,24.417559935469157
2020-02-18 06:45:00,12.734,24.83833985757536
2020-02-18 07:00:00,12.734,25.40348176065621
2020-02-18 07:15:00,12.734,27.14782167972928
2020-02-18 07:30:00,12.734,25.649910737757317
2020-02-18 07:45:00,12.734,26.20970219394292
2020-02-18 08:00:00,12.734,23.749360860415877
2020-02-18 08:15:00,12.734,23.209606363634723
2020-02-18 08:30:00,12.734,22.83129832169359
2020-02-18 08:45:00,12.734,24.040337320826023
2020-02-18 09:00:00,12.734,24.50057838223766
2020-02-18 09:15:00,12.954,25.542631512576286
2020-02-18 09:30:00,12.954,25.490885054281303
2020-02-18 09:45:00,13.174,24.603294208622888
2020-02-18 10:00:00,13.174,23.135410933658203
2020-02-18 10:15:00,13.3935,23.70720350564376
2020-02-18 10:30:00,13.613,23.90163940714484
2020-02-18 10:45:00,13.613,23.947994685252095
2020-02-18 11:00:00,13.833,25.26522349867482
2020-02-18 11:15:00,13.833,27.9254668622376
2020-02-18 11:30:00,14.2725,31.410090483693907
2020-02-18 11:45:00,14.2725,33.3581169791583
2020-02-18 12:00:00,14.2725,31.434403779266574
2020-02-18 12:15:00,14.2725,30.651408596649787
2020-02-18 12:30:00,14.2725,31.783120679652292
2020-02-18 12:45:00,14.2725,30.76231971398029
2020-02-18 13:00:00,14.2725,30.01613456008946
2020-02-18 13:15:00,14.2725,32.24530141666518
2020-02-18 13:30:00,14.053,32.40169897455194
2020-02-18 13:45:00,14.053,32.39285952720946
2020-02-18 14:00:00,14.053,34.230243677573306
2020-02-18 14:15:00,13.833,31.815765816892995
2020-02-18 14:30:00,13.3935,31.548165070646938
2020-02-18 14:45:00,12.734,28.70843725955115
2020-02-18 15:00:00,12.295,25.38919679039751
2020-02-18 15:15:00,12.075,25.406125852186552
2020-02-18 15:30:00,11.855,25.530585526088824
2020-02-18 15:45:00,11.416,27.891494633764477
2020-02-18 16:00:00,11.416,32.791925946303394
2020-02-18 16:15:00,11.1965,34.2489271045203
2020-02-18 16:30:00,11.1965,33.318686727243566
2020-02-18 16:45:00,11.1965,34.56876203230992
2020-02-18 17:00:00,11.1965,28.712932666927713
2020-02-18 17:15:00,11.1965,26.710292449776436
2020-02-18 17:30:00,10.757,28.389945691500383
2020-02-18 17:45:00,10.757,25.964742011366727
2020-02-18 18:00:00,10.757,28.57432277456359
2020-02-18 18:15:00,10.5375,33.70210879028226
2020-02-18 18:30:00,10.5375,35.105263597673066
2020-02-18 18:45:00,10.5375,36.079302516635046
2020-02-18 19:00:00,10.5375,36.4388126612367
2020-02-18 19:15:00,10.5375,36.79108596015025
2020-02-18 19:30:00,10.5375,33.75091793161375
2020-02-18 19:45:00,10.5375,34.49615197764004
2020-02-18 20:00:00,10.5375,33.95487154438869
2020-02-18 20:15:00,10.5375,34.757767627461526
2020-02-18 20:30:00,10.5375,36.44003631846221
2020-02-18 20:45:00,10.5375,36.86465394770877
2020-02-18 21:00:00,10.5375,37.375426038144646
2020-02-18 21:15:00,10.5375,37.69768527453516
2020-02-18 21:30:00,10.5375,37.36571308966399
2020-02-18 21:45:00,10.5375,36.08910489574722
2020-02-18 22:00:00,10.5375,35.67628579596815
2020-02-18 22:15:00,10.5375,36.41783456083291
2020-02-18 22:30:00,10.3175,35.984891267157096
2020-02-18 22:45:00,10.3175,35.6182338522335
2020-02-18 23:00:00,10.3175,33.92946156732838
2020-02-18 23:15:00,10.3175,33.75205242684011
2020-02-18 23:30:00,10.3175,32.02879818298312
2020-02-18 23:45:00,10.3175,30.934436696256782
2020-02-19 00:00:00,10.3175,31.80265819204327
2020-02-19 00:15:00,10.3175,31.124720717039974
2020-02-19 00:30:00,10.3175,30.736419804573885
2020-02-19 00:45:00,10.3175,30.872484383977774
2020-02-19 01:00:00,10.3175,29.57740415861246
2020-02-19 01:15:00,10.3175,30.018955251747663
2020-02-19 01:30:00,10.3175,29.598086142567755
2020-02-19 01:45:00,10.3175,28.899926710275967
2020-02-19 02:00:00,10.3175,27.359980944578176
2020-02-19 02:15:00,10.3175,28.30136890186277
2020-02-19 02:30:00,10.3175,27.824192594629118
2020-02-19 02:45:00,10.3175,27.956536966026654
2020-02-19 03:00:00,10.3175,29.79811311092048
2020-02-19 03:15:00,10.3175,29.884117259356312
2020-02-19 03:30:00,10.3175,30.203907445921818
2020-02-19 03:45:00,10.3175,30.500350165615554
2020-02-19 04:00:00,10.3175,30.470721376123613
2020-02-19 04:15:00,10.3175,29.05638222924772
2020-02-19 04:30:00,10.3175,28.770208722904144
2020-02-19 04:45:00,9.878,28.05794985473823
2020-02-19 05:00:00,9.878,27.493751262189754
2020-02-19 05:15:00,9.878,30.653247212891028
2020-02-19 05:30:00,9.878,30.398721496479585
2020-02-19 05:45:00,9.878,30.734089067634418
2020-02-19 06:00:00,9.878,30.893815356015278
2020-02-19 06:15:00,9.878,30.042769158056675
2020-02-19 06:30:00,10.098,26.56062416785427
2020-02-19 06:45:00,10.098,29.193523921352487
2020-02-19 07:00:00,10.3175,27.749228313218847
2020-02-19 07:15:00,10.3175,26.655640848131192
2020-02-19 07:30:00,10.3175,31.23535043410573
2020-02-19 07:45:00,10.3175,30.041007816148674
2020-02-19 08:00:00,10.3175,26.891057869065037
2020-02-19 08:15:00,10.3175,25.584082936833575
2020-02-19 08:30:00,10.3175,24.715592816822827
2020-02-19 08:45:00,10.098,24.73326030117915
2020-02-19 09:00:00,9.878,25.90515415301228
2020-02-19 09:15:00,9.878,26.918774350544815
2020-02-19 09:30:00,9.878,30.968482884370996
2020-02-19 09:45:00,9.4385,29.601078446239764
2020-02-19 10:00:00,9.4385,27.020252842866046
2020-02-19 10:15:00,9.4385,25.496021423888546
2020-02-19 10:30:00,9.4385,23.204290477050158
2020-02-19 10:45:00,9.4385,23.85630119564034
2020-02-19 11:00:00,9.4385,23.89412683797115
2020-02-19 11:15:00,9.4385,23.728961006853993
2020-02-19 11:30:00,9.4385,23.965541731516115
2020-02-19 11:45:00,9.4385,23.875964567844346
2020-02-19 12:00:00,9.4385,24.618811193255123
2020-02-19 12:15:00,9.4385,24.2725531739457
2020-02-19 12:30:00,9.4385,24.050419899349148
2020-02-19 12:45:00,9.4385,23.64431283984289
2020-02-19 13:00:00,9.4385,25.167284798605646
2020-02-19 13:15:00,9.4385,27.562982157737334
2020-02-19 13:30:00,9.4385,30.45814688776291
2020-02-19 13:45:00,9.658,35.5721172616284
2020-02-19 14:00:00,9.878,36.24460525920045
2020-02-19 14:15:00,9.878,35.77400860978222
2020-02-19 14:30:00,9.878,35.68175682291334
2020-02-19 14:45:00,10.098,35.7643088116606
2020-02-19 15:00:00,10.3175,35.570659213759846
2020-02-19 15:15:00,10.3175,35.95174402638752
2020-02-19 15:30:00,10.3175,35.79417206630615
2020-02-19 15:45:00,10.757,35.77386567548025
2020-02-19 16:00:00,10.757,33.19349302827621
2020-02-19 16:15:00,10.757,33.68414113952672
2020-02-19 16:30:00,10.977,35.21815383195903
2020-02-19 16:45:00,10.977,34.87203600929529
2020-02-19 17:00:00,11.1965,36.327668706901754
2020-02-19 17:15:00,11.1965,36.80899382935734
2020-02-19 17:30:00,11.1965,37.266003467799415
2020-02-19 17:45:00,11.1965,37.42682348900406
2020-02-19 18:00:00,11.416,37.689192122269766
2020-02-19 18:15:00,11.416,36.762582029087845
2020-02-19 18:30:00,11.416,37.260354093117556
2020-02-19 18:45:00,11.416,37.896085749592544
2020-02-19 19:00:00,11.416,37.47240591898177
2020-02-19 19:15:00,11.416,37.50667520092964
2020-02-19 19:30:00,11.416,36.70322524922347
2020-02-19 19:45:00,11.416,36.441528308171094
2020-02-19 20:00:00,11.416,36.63674465090678
2020-02-19 20:15:00,11.416,37.134439966726426
2020-02-19 20:30:00,11.416,37.136767052172644
2020-02-19 20:45:00,11.416,37.34445457614434
2020-02-19 21:00:00,11.416,36.8522552244418
2020-02-19 21:15:00,11.416,36.11461073790473
2020-02-19 21:30:00,11.416,34.92323543335199
2020-02-19 21:45:00,11.416,35.6624559720783
2020-02-19 22:00:00,11.6355,32.517197775097735
2020-02-19 22:15:00,11.6355,28.516785199582333
2020-02-19 22:30:00,11.855,30.53231286510838
2020-02-19 22:45:00,11.855,29.245015100417827
2020-02-19 23:00:00,11.855,29.035590817028844
2020-02-19 23:15:00,12.075,31.970924106232147
2020-02-19 23:30:00,12.075,31.055892473818577
2020-02-19 23:45:00,12.075,32.36211277816899
2020-02-20 00:00:00,12.075,33.335773992277964
2020-02-20 00:15:00,12.075,33.10775965501538
2020-02-20 00:30:00,12.075,33.195830142436506
2020-02-20 00:45:00,12.075,31.52325356325051
2020-02-20 01:00:00,12.075,32.56163717838074
2020-02-20 01:15:00,12.075,32.25279487880866
2020-02-20 01:30:00,12.075,30.715985557729613
2020-02-20 01:45:00,12.075,31.68049114587371
2020-02-20 02:00:00,12.075,32.40373256993693
2020-02-20 02:15:00,12.075,32.400312440362946
2020-02-20 02:30:00,12.075,31.029959965309715
2020-02-20 02:45:00,12.075,31.750337108899082
2020-02-20 03:00:00,11.855,32.688278505060914
2020-02-20 03:15:00,11.855,31.84378672609804
2020-02-20 03:30:00,11.855,31.868689291482823
2020-02-20 03:45:00,11.855,32.02869383141401
2020-02-20 04:00:00,11.855,32.2633197897072
2020-02-20 04:15:00,11.855,31.424705317034338
2020-02-20 04:30:00,11.855,31.223886687690076
2020-02-20 04:45:00,11.855,29.612934782041936
2020-02-20 05:00:00,11.6355,28.823411075399683
2020-02-20 05:15:00,11.6355,30.366022709873867
2020-02-20 05:30:00,11.6355,29.230152421378758
2020-02-20 05:45:00,11.6355,31.096046698637664
2020-02-20 06:00:00,11.416,30.645704575134516
2020-02-20 06:15:00,11.416,30.787074748950587
2020-02-20 06:30:00,11.1965,30.917898665955857
2020-02-20 06:45:00,10.977,30.347690549270407
2020-02-20 07:00:00,10.757,30.66654640028368
2020-02-20 07:15:00,10.757,30.142378549563613
2020-02-20 07:30:00,10.757,30.16947788021059
2020-02-20 07:45:00,10.757,30.708331323808483
2020-02-20 08:00:00,10.757,27.005824912278705
2020-02-20 08:15:00,10.757,27.633687101331695
2020-02-20 08:30:00,10.757,28.368658494729104
2020-02-20 08:45:00,10.757,27.572034846201927
2020-02-20 09:00:00,10.757,30.227104128226014
2020-02-20 09:15:00,10.757,33.898218051369575
2020-02-20 09:30:00,10.757,32.469510815481016
2020-02-20 09:45:00,10.757,34.525144825960155
2020-02-20 10:00:00,10.757,35.208300764287785
2020-02-20 10:15:00,10.5375,33.274076234630805
2020-02-20 10:30:00,10.3175,31.998170567557267
2020-02-20 10:45:00,10.3175,33.368931563030046
2020-02-20 11:00:00,10.0975,34.81941962430741
2020-02-20 11:15:00,10.0975,34.7153439929184
2020-02-20 11:30:00,10.0975,36.552860200811025
2020-02-20 11:45:00,10.0975,38.16534631493064
2020-02-20 12:00:00,10.0975,37.8435734023931
2020-02-20 12:15:00,10.0975,37.621299048729924
2020-02-20 12:30:00,10.0975,37.98945495922707
2020-02-20 12:45:00,10.0975,38.00309415375296
2020-02-20 13:00:00,10.0975,37.4612313539552
2020-02-20 13:15:00,10.0975,37.56195029769789
2020-02-20 13:30:00,9.878,37.98502281240781
2020-02-20 13:45:00,9.6585,38.124430552217774
2020-02-20 14:00:00,9.6585,38.01053298709817
2020-02-20 14:15:00,9.6585,38.046564893029846
2020-02-20 14:30:00,9.6585,38.330964926889074
2020-02-20 14:45:00,9.6585,37.00890060624754
2020-02-20 15:00:00,9.6585,37.94965141586733
2020-02-20 15:15:00,9.6585,37.802333870502636
2020-02-20 15:30:00,9.6585,37.46042039200961
2020-02-20 15:45:00,9.6585,38.07567432585423
2020-02-20 16:00:00,9.6585,38.38408254889542
2020-02-20 16:15:00,9.6585,37.09377731873835
2020-02-20 16:30:00,9.4385,37.81765669586704
2020-02-20 16:45:00,9.4385,37.69652902340473
2020-02-20 17:00:00,9.4385,37.93210411185291
2020-02-20 17:15:00,9.4385,38.534364875498774
2020-02-20 17:30:00,9.219,38.299195758576055
2020-02-20 17:45:00,8.999,37.89269130977752
2020-02-20 18:00:00,8.999,37.9330190662857
2020-02-20 18:15:00,8.999,38.05750049307536
2020-02-20 18:30:00,8.5595,38.04153204814822
2020-02-20 18:45:00,8.5595,38.697969872590505
2020-02-20 19:00:00,8.5595,38.77677616196045
2020-02-20 19:15:00,8.5595,39.18157248991608
2020-02-20 19:30:00,8.5595,36.275945257136094
2020-02-20 19:45:00,8.5595,35.91079546023132
2020-02-20 20:00:00,8.5595,36.41299686242951
2020-02-20 20:15:00,8.5595,37.50223928323703
2020-02-20 20:30:00,8.3395,38.439882519585176
2020-02-20 20:45:00,8.3395,39.21050794482025
2020-02-20 21:00:00,8.3395,38.77379159254708
2020-02-20 21:15:00,8.3395,39.0937107973516
2020-02-20 21:30:00,8.3395,38.594282140836384
2020-02-20 21:45:00,8.3395,38.3202132176732
2020-02-20 22:00:00,8.3395,39.15613930902518
2020-02-20 22:15:00,8.3395,37.31797877924391
2020-02-20 22:30:00,8.3395,37.63303634007638
2020-02-20 22:45:00,8.5595,37.55414563770581
2020-02-20 23:00:00,8.5595,36.97224868710039
2020-02-20 23:15:00,8.5595,35.52118596499068
2020-02-20 23:30:00,8.7795,35.39762698941255
2020-02-20 23:45:00,8.7795,34.96377799391913
2020-02-21 00:00:00,8.7795,34.72308835665233
2020-02-21 00:15:00,8.999,34.10775475923558
2020-02-21 00:30:00,8.999,34.245379140244864
2020-02-21 00:45:00,8.999,33.1022961550182
2020-02-21 01:00:00,8.999,33.28411874637312
2020-02-21 01:15:00,8.999,33.005042142318096
2020-02-21 01:30:00,8.999,32.006108981942226
2020-02-21 01:45:00,9.219,32.03224500440437
2020-02-21 02:00:00,9.219,31.629992813586206
2020-02-21 02:15:00,9.4385,29.16171435529035
2020-02-21 02:30:00,9.4385,29.978569052828718
2020-02-21 02:45:00,9.658,26.81802507863368
2020-02-21 03:00:00,9.658,24.619293249039707
2020-02-21 03:15:00,9.658,25.789706432821834
2020-02-21 03:30:00,9.658,26.177988761502622
2020-02-21 03:45:00,9.658,24.661037664594975
2020-02-21 04:00:00,9.658,24.358457023676632
2020-02-21 04:15:00,9.658,23.85826289685895
2020-02-21 04:30:00,9.4385,23.396251390026023
2020-02-21 04:45:00,9.4385,25.25603798716338
2020-02-21 05:00:00,9.4385,25.770714283802754
2020-02-21 05:15:00,9.4385,25.99806963491381
2020-02-21 05:30:00,9.4385,26.240805249749496
2020-02-21 05:45:00,9.4385,25.13842887445153
2020-02-21 06:00:00,9.4385,25.218238239340206
2020-02-21 06:15:00,9.4385,25.39293320352007
2020-02-21 06:30:00,9.4385,25.324119958710828
2020-02-21 06:45:00,9.4385,27.78549627134309
2020-02-21 07:00:00,9.4385,26.68207593137833
2020-02-21 07:15:00,9.4385,28.17226521378968
2020-02-21 07:30:00,9.4385,29.1240462811588
2020-02-21 07:45:00,9.4385,28.696337342413884
2020-02-21 08:00:00,9.4385,29.155188664564047
2020-02-21 08:15:00,9.658,28.102759972270004
2020-02-21 08:30:00,9.658,27.05622809522685
2020-02-21 08:45:00,9.878,26.25415679774983
2020-02-21 09:00:00,10.098,23.837741914557473
2020-02-21 09:15:00,10.098,24.062666677794766
2020-02-21 09:30:00,10.3175,23.80289983339585
2020-02-21 09:45:00,10.537,23.88714719107163
2020-02-21 10:00:00,10.757,23.969322043758805
2020-02-21 10:15:00,10.757,28.090370315316594
2020-02-21 10:30:00,10.757,33.74904771479637
2020-02-21 10:45:00,10.977,34.62549197785048
2020-02-21 11:00:00,10.977,36.38877274374352
2020-02-21 11:15:00,11.1965,37.48692811431158
2020-02-21 11:30:00,11.1965,37.56639706361008
2020-02-21 11:45:00,11.416,37.8817796542672
2020-02-21 12:00:00,11.416,37.515717461013715
2020-02-21 12:15:00,11.6355,37.60028026286047
2020-02-21 12:30:00,11.6355,37.6255831820774
2020-02-21 12:45:00,11.6355,37.759973198809426
2020-02-21 13:00:00,11.6355,38.273050284490054
2020-02-21 13:15:00,11.6355,38.6928549354686
2020-02-21 13:30:00,11.6355,37.781576571454835
2020-02-21 13:45:00,11.6355,36.97873832147172
2020-02-21 14:00:00,11.6355,37.86528659290609
2020-02-21 14:15:00,11.6355,37.760571921246864
2020-02-21 14:30:00,11.6355,38.92501274074578
2020-02-21 14:45:00,11.6355,38.2401033457895
2020-02-21 15:00:00,11.6355,37.862285440886104
2020-02-21 15:15:00,11.855,39.215963985688504
2020-02-21 15:30:00,11.855,38.973886680807624
2020-02-21 15:45:00,11.855,39.58855468036587
2020-02-21 16:00:00,11.855,40.18548266521224
2020-02-21 16:15:00,11.855,38.53554218680291
2020-02-21 16:30:00,11.855,39.53331723601504
2020-02-21 16:45:00,12.075,39.756101447788105
2020-02-21 17:00:00,12.075,39.367431731600895
2020-02-21 17:15:00,12.075,40.00880554620468
2020-02-21 17:30:00,12.075,40.06504743762183
2020-02-21 17:45:00,12.075,38.63956676519772
2020-02-21 18:00:00,12.075,39.735253689771326
2020-02-21 18:15:00,12.075,39.73759106998618
2020-02-21 18:30:00,12.075,39.8779037919637
2020-02-21 18:45:00,12.075,40.193591901445174
2020-02-21 19:00:00,12.075,40.436179102734144
2020-02-21 19:15:00,12.075,40.27308571325362
2020-02-21 19:30:00,12.075,40.11407392338049
2020-02-21 19:45:00,12.075,38.600024482985745
2020-02-21 20:00:00,12.075,38.3468735213086
2020-02-21 20:15:00,12.075,39.2260130293162
2020-02-21 20:30:00,12.075,38.957922164013645
2020-02-21 20:45:00,12.075,39.4925640286988
2020-02-21 21:00:00,12.075,39.58562946055375
2020-02-21 21:15:00,12.075,39.98925481653536
2020-02-21 21:30:00,12.075,39.840396495766555
2020-02-21 21:45:00,12.075,40.003043821479245
2020-02-21 22:00:00,12.075,39.366719592455595
2020-02-21 22:15:00,12.075,38.23853659737235
2020-02-21 22:30:00,12.075,38.462938856003795
2020-02-21 22:45:00,12.075,38.163749377538046
2020-02-21 23:00:00,12.075,37.66527757221595
2020-02-21 23:15:00,12.075,36.51588465990182
2020-02-21 23:30:00,11.8555,35.78579633512682
2020-02-21 23:45:00,11.8555,35.07005819504299
2020-02-22 00:00:00,11.6355,34.85382507719105
2020-02-22 00:15:00,11.6355,34.48885918987507
2020-02-22 00:30:00,11.6355,33.72481153810342
2020-02-22 00:45:00,11.6355,34.43074747751
2020-02-22 01:00:00,11.6355,33.596828587791734
2020-02-22 01:15:00,11.6355,33.133788207727655
2020-02-22 01:30:00,11.6355,33.23477277306639
2020-02-22 01:45:00,11.416,33.1004521833495
2020-02-22 02:00:00,11.1965,33.02727183960092
2020-02-22 02:15:00,11.1965,32.90745895709366
2020-02-22 02:30:00,11.1965,32.88655925366325
2020-02-22 02:45:00,11.1965,33.10140390906184
2020-02-22 03:00:00,11.1965,32.88600520890877
2020-02-22 03:15:00,11.1965,32.76126059968528
2020-02-22 03:30:00,11.1965,32.97473351219785
2020-02-22 03:45:00,10.9765,32.987484726926
2020-02-22 04:00:00,10.757,32.84723811846677
2020-02-22 04:15:00,10.757,32.86540725457614
2020-02-22 04:30:00,10.757,32.75804777567613
2020-02-22 04:45:00,10.757,32.97186955372075
2020-02-22 05:00:00,10.757,32.871006060723765
2020-02-22 05:15:00,10.757,32.90288666392089
2020-02-22 05:30:00,10.757,32.81835123799063
2020-02-22 05:45:00,10.757,32.72827483135179
2020-02-22 06:00:00,10.757,32.318156191913744
2020-02-22 06:15:00,10.757,32.462334396360866
2020-02-22 06:30:00,10.757,32.41171397709365
2020-02-22 06:45:00,10.757,32.47805972553971
2020-02-22 07:00:00,10.757,32.79742672266453
2020-02-22 07:15:00,10.757,32.703378489681825
2020-02-22 07:30:00,10.757,33.02392008459896
2020-02-22 07:45:00,10.757,33.33602953978374
2020-02-22 08:00:00,10.757,31.468978083841403
2020-02-22 08:15:00,10.757,31.09385397228342
2020-02-22 08:30:00,10.977,32.37770764374814
2020-02-22 08:45:00,11.1965,27.715059426609017
2020-02-22 09:00:00,11.6355,25.81232070668032
2020-02-22 09:15:00,12.075,28.82290913812979
2020-02-22 09:30:00,12.075,27.839265173530524
2020-02-22 09:45:00,12.5145,25.086630665253622
2020-02-22 10:00:00,13.174,24.589227379406694
2020-02-22 10:15:00,14.053,24.433447064982996
2020-02-22 10:30:00,14.492,22.79117165448453
2020-02-22 10:45:00,15.1515,24.149658004199548
2020-02-22 11:00:00,15.3715,24.064006517263092
2020-02-22 11:15:00,15.591,24.342714555791883
2020-02-22 11:30:00,16.0305,23.918547471110482
2020-02-22 11:45:00,16.0305,23.99219547609999
2020-02-22 12:00:00,16.4695,23.76402778868095
2020-02-22 12:15:00,17.1285,24.197502426806388
2020-02-22 12:30:00,17.3485,24.198882194357548
2020-02-22 12:45:00,17.5685,24.00890593338973
2020-02-22 13:00:00,18.0075,23.757651877067953
2020-02-22 13:15:00,18.2275,23.84011719470509
2020-02-22 13:30:00,18.667,23.85148509949563
2020-02-22 13:45:00,19.1065,25.779385772915045
2020-02-22 14:00:00,19.546,24.530323012227417
2020-02-22 14:15:00,19.766,24.43685860716877
2020-02-22 14:30:00,19.9855,25.019175698697406
2020-02-22 14:45:00,20.425,24.165564536077202
2020-02-22 15:00:00,20.8645,26.78747460763943
2020-02-22 15:15:00,20.8645,30.251674302171743
2020-02-22 15:30:00,20.6445,34.1620652954256
2020-02-22 15:45:00,20.6445,36.29142231658588
2020-02-22 16:00:00,20.425,36.322580074280985
2020-02-22 16:15:00,19.9855,35.956709761652675
2020-02-22 16:30:00,19.7655,36.258429549927676
2020-02-22 16:45:00,19.3265,34.333528372389
2020-02-22 17:00:00,18.8865,35.65046002167524
2020-02-22 17:15:00,18.667,35.691601777851346
2020-02-22 17:30:00,18.2275,31.71099794862213
2020-02-22 17:45:00,17.788,31.960807390716617
2020-02-22 18:00:00,17.568,33.049752005249005
2020-02-22 18:15:00,17.129,30.131016474320614
2020-02-22 18:30:00,16.689,29.576828566449535
2020-02-22 18:45:00,16.4695,32.706918999992936
2020-02-22 19:00:00,16.0305,33.42448992324142
2020-02-22 19:15:00,15.591,32.865463307189025
2020-02-22 19:30:00,15.371,29.18926412524211
2020-02-22 19:45:00,14.932,28.15957422949607
2020-02-22 20:00:00,14.712,24.52026057624331
2020-02-22 20:15:00,14.2725,24.741478973455337
2020-02-22 20:30:00,14.053,25.73752036023301
2020-02-22 20:45:00,13.833,25.960087889246363
2020-02-22 21:00:00,13.613,30.610291862887646
2020-02-22 21:15:00,13.3935,32.9730369746752
2020-02-22 21:30:00,12.954,31.102741801316828
2020-02-22 21:45:00,12.954,35.34799712575536
2020-02-22 22:00:00,12.734,35.37121025408172
2020-02-22 22:15:00,12.5145,36.89226462031703
2020-02-22 22:30:00,12.5145,34.75045281773509
2020-02-22 22:45:00,12.295,34.374398404385104
2020-02-22 23:00:00,12.075,33.93574816435027
2020-02-22 23:15:00,12.075,30.95984143514946
2020-02-22 23:30:00,12.075,33.78077343963977
2020-02-22 23:45:00,11.6355,34.05608786407403
2020-02-23 00:00:00,11.6355,33.7794492405353
2020-02-23 00:15:00,11.6355,34.446952888384445
2020-02-23 00:30:00,11.6355,32.6376378703914
2020-02-23 00:45:00,11.416,32.59026943613049
2020-02-23 01:00:00,11.1965,32.03913243574305
2020-02-23 01:15:00,11.1965,30.815879923379395
2020-02-23 01:30:00,10.757,31.412373073489807
2020-02-23 01:45:00,10.757,29.05743434521473
2020-02-23 02:00:00,10.757,30.239418145223468
2020-02-23 02:15:00,10.3175,29.321590864899125
2020-02-23 02:30:00,10.3175,27.723925505431016
2020-02-23 02:45:00,10.3175,30.310686833622704
2020-02-23 03:00:00,9.878,30.486141638722135
2020-02-23 03:15:00,9.878,28.99994748656438
2020-02-23 03:30:00,9.878,29.96588624607691
2020-02-23 03:45:00,9.878,30.78211148026073
2020-02-23 04:00:00,9.4385,29.07104467991526
2020-02-23 04:15:00,9.4385,31.043394998803063
2020-02-23 04:30:00,9.4385,30.157090661646556
2020-02-23 04:45:00,8.999,26.936906839543028
2020-02-23 05:00:00,8.999,25.18643265775779
2020-02-23 05:15:00,8.999,23.853267168639114
2020-02-23 05:30:00,8.5595,24.742601838138746
2020-02-23 05:45:00,8.5595,25.85068707840704
2020-02-23 06:00:00,8.5595,27.958100890219573
2020-02-23 06:15:00,8.5595,30.940898053258522
2020-02-23 06:30:00,8.5595,30.655764904202375
2020-02-23 06:45:00,8.5595,30.09597714308235
2020-02-23 07:00:00,8.5595,30.05489676678987
2020-02-23 07:15:00,8.5595,29.367504764810885
2020-02-23 07:30:00,8.5595,29.597283253336833
2020-02-23 07:45:00,8.5595,29.26727542702036
2020-02-23 08:00:00,8.779,26.062835901682742
2020-02-23 08:15:00,9.219,24.422279842279703
2020-02-23 08:30:00,9.658,23.501779967250606
2020-02-23 08:45:00,10.098,24.026805458631088
2020-02-23 09:00:00,10.757,25.113766110357044
2020-02-23 09:15:00,11.6355,27.256232197227764
2020-02-23 09:30:00,12.2945,28.3003349981283
2020-02-23 09:45:00,13.3935,32.049062131108
2020-02-23 10:00:00,14.2725,33.55324004802055
2020-02-23 10:15:00,15.3715,26.82705397925199
2020-02-23 10:30:00,16.0305,26.236980083229014
2020-02-23 10:45:00,16.689,24.813682098184344
2020-02-23 11:00:00,17.788,24.594539000329
2020-02-23 11:15:00,18.2275,26.755412815394347
2020-02-23 11:30:00,19.1065,28.90082408599868
2020-02-23 11:45:00,19.9855,35.66813825734785
2020-02-23 12:00:00,20.6445,35.49608619292422
2020-02-23 12:15:00,20.864,35.12015474063456
2020-02-23 12:30:00,21.084,35.714280850082886
2020-02-23 12:45:00,21.3035,34.87080280980551
2020-02-23 13:00:00,22.183,32.970416825493245
2020-02-23 13:15:00,22.8415,34.297813336610105
2020-02-23 13:30:00,23.281,34.08718733119095
2020-02-23 13:45:00,23.9405,33.26568114924852
2020-02-23 14:00:00,24.16,33.051724278906825
2020-02-23 14:15:00,24.5995,32.87162967794719
2020-02-23 14:30:00,25.039,32.20602990646008
2020-02-23 14:45:00,25.4785,31.716594260299193
2020-02-23 15:00:00,25.698,31.676950054070133
2020-02-23 15:15:00,25.918,32.91667500419388
2020-02-23 15:30:00,25.6985,31.71404418871186
2020-02-23 15:45:00,25.479,31.46223078296723
2020-02-23 16:00:00,25.259,31.748628726811987
2020-02-23 16:15:00,24.8195,31.364205612562127
2020-02-23 16:30:00,24.38,31.583284138374626
2020-02-23 16:45:00,24.16,31.148213260486894
2020-02-23 17:00:00,23.9405,32.90936136375148
2020-02-23 17:15:00,23.721,33.29583232484661
2020-02-23 17:30:00,23.281,33.360917409315476
2020-02-23 17:45:00,22.842,33.91647676388985
2020-02-23 18:00:00,22.622,34.173127444202564
2020-02-23 18:15:00,22.1825,34.908240063140134
2020-02-23 18:30:00,21.523,34.527818089836494
2020-02-23 18:45:00,21.084,34.611930930049525
2020-02-23 19:00:00,20.645,35.24131332593213
2020-02-23 19:15:00,19.9855,34.361550423846396
2020-02-23 19:30:00,19.546,33.53892267990934
2020-02-23 19:45:00,18.887,33.65948257845528
2020-02-23 20:00:00,18.447,34.463226373361294
2020-02-23 20:15:00,18.2275,34.008500510336226
2020-02-23 20:30:00,18.008,33.67230737197104
2020-02-23 20:45:00,17.568,35.026856720285544
2020-02-23 21:00:00,17.568,35.234986790939224
2020-02-23 21:15:00,17.129,35.611782836098115
2020-02-23 21:30:00,16.909,36.53331928576674
2020-02-23 21:45:00,16.689,37.034752247996295
2020-02-23 22:00:00,16.689,36.78459615057955
2020-02-23 22:15:00,16.689,35.816689205544705
2020-02-23 22:30:00,16.689,35.53728438647878
2020-02-23 22:45:00,16.4695,35.0613915195187
2020-02-23 23:00:00,16.4695,34.777049212621854
2020-02-23 23:15:00,16.4695,34.66946674123933
2020-02-23 23:30:00,16.4695,33.74351780392378
2020-02-23 23:45:00,16.4695,33.080001602356944
2020-02-24 00:00:00,16.4695,32.48340270965115
2020-02-24 00:15:00,16.25,32.75497592230919
2020-02-24 00:30:00,16.25,31.582660463981377
2020-02-24 00:45:00,16.25,31.142039790392275
2020-02-24 01:00:00,16.25,31.477590018071144
2020-02-24 01:15:00,16.25,31.00060401640447
2020-02-24 01:30:00,16.4695,30.78179733241592
2020-02-24 01:45:00,16.4695,30.667795304661375
2020-02-24 02:00:00,16.689,30.756814135267913
2020-02-24 02:15:00,16.689,31.49753841422373
2020-02-24 02:30:00,16.689,31.908982050607403
2020-02-24 02:45:00,16.689,32.46925029270146
2020-02-24 03:00:00,16.689,32.239820766324655
2020-02-24 03:15:00,16.689,32.81657627563771
2020-02-24 03:30:00,16.689,29.635941534991705
2020-02-24 03:45:00,16.689,25.477240834774587
2020-02-24 04:00:00,16.4695,27.54877468678405
2020-02-24 04:15:00,16.25,24.598050043802314
2020-02-24 04:30:00,16.25,26.9192215561455
2020-02-24 04:45:00,16.25,29.051275754838947
2020-02-24 05:00:00,16.25,27.861263244983412
2020-02-24 05:15:00,15.811,31.80358747848593
2020-02-24 05:30:00,15.811,30.593409401195842
2020-02-24 05:45:00,15.811,26.12732128252129
2020-02-24 06:00:00,15.811,24.95696331021758
2020-02-24 06:15:00,15.811,23.54363252098335
2020-02-24 06:30:00,15.811,23.80429932009469
2020-02-24 06:45:00,15.811,23.446250597719096
2020-02-24 07:00:00,15.591,23.521209050811425
2020-02-24 07:15:00,15.371,22.94506808544084
2020-02-24 07:30:00,15.371,23.94498573211205
2020-02-24 07:45:00,15.371,24.041408130788376
2020-02-24 08:00:00,15.371,23.44173243184031
2020-02-24 08:15:00,15.371,23.9108304576342
2020-02-24 08:30:00,15.371,23.502481797985144
2020-02-24 08:45:00,15.371,23.628700836854485
2020-02-24 09:00:00,15.591,23.77851902513024
2020-02-24 09:15:00,15.591,23.67011482342488
2020-02-24 09:30:00,15.811,23.745101754805425
2020-02-24 09:45:00,16.0305,24.28374226373649
2020-02-24 10:00:00,16.25,24.082361684251364
2020-02-24 10:15:00,16.4695,23.933323869214597
2020-02-24 10:30:00,16.4695,23.45866540015825
2020-02-24 10:45:00,16.909,23.81813597739018
2020-02-24 11:00:00,17.3485,23.81813597739018
2020-02-24 11:15:00,17.3485,23.82129881337304
2020-02-24 11:30:00,17.788,23.82129881337304
2020-02-24 11:45:00,18.008,23.696212167383397
2020-02-24 12:00:00,18.2275,24.35112754419641
2020-02-24 12:15:00,18.667,24.186378092404432
2020-02-24 12:30:00,18.887,24.36313676640776
2020-02-24 12:45:00,19.326,24.460158372045637
2020-02-24 13:00:00,19.766,24.4820704991477
2020-02-24 13:15:00,20.425,25.93998664936761
2020-02-24 13:30:00,20.8645,30.875956445858495
2020-02-24 13:45:00,21.3035,30.324776188635973
2020-02-24 14:00:00,21.743,33.12840720278105
2020-02-24 14:15:00,21.9625,32.33804842782676
2020-02-24 14:30:00,21.9625,32.90207604589624
2020-02-24 14:45:00,21.9625,35.18361456769477
2020-02-24 15:00:00,21.9625,35.67236160190059
2020-02-24 15:15:00,21.9625,35.20484845084578
2020-02-24 15:30:00,21.743,36.580977343633734
2020-02-24 15:45:00,21.5235,36.963918981597466
2020-02-24 16:00:00,21.3035,38.112987771574986
2020-02-24 16:15:00,20.8645,39.24871732701964
2020-02-24 16:30:00,20.8645,39.866338369799216
2020-02-24 16:45:00,20.8645,39.52575831383481
2020-02-24 17:00:00,20.425,39.93708523998542
2020-02-24 17:15:00,20.425,40.0903564722139
2020-02-24 17:30:00,20.425,38.54782774734242
2020-02-24 17:45:00,19.9855,38.43255959572115
2020-02-24 18:00:00,19.9855,36.11848400998717
2020-02-24 18:15:00,19.9855,37.95528063014816
2020-02-24 18:30:00,19.9855,37.404068137681534
2020-02-24 18:45:00,19.9855,37.915570252927026
2020-02-24 19:00:00,19.9855,38.20526838553133
2020-02-24 19:15:00,19.766,39.001168403012805
2020-02-24 19:30:00,19.766,37.813124113697796
2020-02-24 19:45:00,19.766,36.78497366571528
2020-02-24 20:00:00,19.546,37.11738407310614
2020-02-24 20:15:00,19.546,37.420389707915476
2020-02-24 20:30:00,19.546,37.20867088762042
2020-02-24 20:45:00,19.546,38.32979866425318
2020-02-24 21:00:00,19.326,39.47085212383932
2020-02-24 21:15:00,19.326,39.25991140588507
2020-02-24 21:30:00,19.326,38.43819404517056
2020-02-24 21:45:00,19.1065,38.35010917664066
2020-02-24 22:00:00,18.887,36.89436468261408
2020-02-24 22:15:00,18.887,35.000764220157535
2020-02-24 22:30:00,18.887,34.44434518060591
2020-02-24 22:45:00,18.447,30.606639876337432
2020-02-24 23:00:00,18.447,33.18165660655893
2020-02-24 23:15:00,18.2275,34.90971066602827
2020-02-24 23:30:00,18.008,33.734709320028315
2020-02-24 23:45:00,17.788,35.59400122667037
2020-02-25 00:00:00,17.788,35.64425353891022
2020-02-25 00:15:00,17.568,35.42699920307006
2020-02-25 00:30:00,17.3485,35.12057652177838
2020-02-25 00:45:00,17.129,33.36467810515044
2020-02-25 01:00:00,17.129,34.66171840131236
2020-02-25 01:15:00,17.129,33.775536785645016
2020-02-25 01:30:00,17.129,33.49899352702166
2020-02-25 01:45:00,16.909,33.837117451899715
2020-02-25 02:00:00,16.689,33.55993312297765
2020-02-25 02:15:00,16.689,32.77531161876594
2020-02-25 02:30:00,16.689,32.65229480378816
2020-02-25 02:45:00,16.689,30.31182085564897
2020-02-25 03:00:00,16.4695,26.77066500717216
2020-02-25 03:15:00,16.25,25.368149788312504
2020-02-25 03:30:00,16.25,25.321103850978623
2020-02-25 03:45:00,16.25,26.659350801181343
2020-02-25 04:00:00,15.811,28.760904410800677
2020-02-25 04:15:00,15.811,32.587360561936826
2020-02-25 04:30:00,15.811,33.35224863671071
2020-02-25 04:45:00,15.371,33.24481093247552
2020-02-25 05:00:00,15.371,31.894279370504123
2020-02-25 05:15:00,15.371,29.54584334574466
2020-02-25 05:30:00,15.371,26.35398005260379
2020-02-25 05:45:00,15.371,23.129508953901517
2020-02-25 06:00:00,14.932,23.25052043637051
2020-02-25 06:15:00,14.932,23.75698857615628
2020-02-25 06:30:00,14.932,23.315164732527997
2020-02-25 06:45:00,14.932,23.538612999566112
2020-02-25 07:00:00,14.932,23.211468421743156
2020-02-25 07:15:00,14.492,25.30951569243228
2020-02-25 07:30:00,14.492,27.07914776868951
2020-02-25 07:45:00,14.492,26.82866913357232
2020-02-25 08:00:00,14.492,29.75982158109565
2020-02-25 08:15:00,14.492,29.17654539515887
2020-02-25 08:30:00,14.492,31.927158246674946
2020-02-25 08:45:00,14.492,33.10492634202876
2020-02-25 09:00:00,14.932,31.589958731425117
2020-02-25 09:15:00,15.371,33.407745398258484
2020-02-25 09:30:00,15.591,32.7387145725362
2020-02-25 09:45:00,16.0305,34.477818052976474
2020-02-25 10:00:00,16.4695,34.911105958400235
2020-02-25 10:15:00,16.909,35.38770154022599
2020-02-25 10:30:00,16.909,35.43409993431979
2020-02-25 10:45:00,17.3485,36.1572285326422
2020-02-25 11:00:00,17.788,34.25836284561838
2020-02-25 11:15:00,18.2275,33.01998022631726
2020-02-25 11:30:00,18.8865,30.610537775089174
2020-02-25 11:45:00,19.3265,32.85265704101051
2020-02-25 12:00:00,19.7655,32.94208204497567
2020-02-25 12:15:00,20.2055,32.320560417383525
2020-02-25 12:30:00,20.6445,35.186428057020386
2020-02-25 12:45:00,20.864,36.28348377069164
2020-02-25 13:00:00,21.304,36.064568588107186
2020-02-25 13:15:00,21.304,36.42276827871884
2020-02-25 13:30:00,21.304,36.578685913236264
2020-02-25 13:45:00,21.5235,36.98270109952912
2020-02-25 14:00:00,21.743,37.26458579301231
2020-02-25 14:15:00,21.743,36.15816001041218
2020-02-25 14:30:00,21.9625,37.0164215030812
2020-02-25 14:45:00,21.9625,35.94234651467629
2020-02-25 15:00:00,21.9625,36.277108840372
2020-02-25 15:15:00,22.1825,36.243652283142374
2020-02-25 15:30:00,22.402,36.53990735795641
2020-02-25 15:45:00,22.402,36.21025114218858
2020-02-25 16:00:00,22.402,36.47678399918358
2020-02-25 16:15:00,22.1825,36.63413597716487
2020-02-25 16:30:00,22.1825,37.01108973233758
2020-02-25 16:45:00,21.743,37.12508349632545
2020-02-25 17:00:00,21.743,37.504162410426595
2020-02-25 17:15:00,21.304,37.89443200777365
2020-02-25 17:30:00,21.084,37.482107448637144
2020-02-25 17:45:00,20.6445,37.455667254750026
2020-02-25 18:00:00,20.425,37.14487614193428
2020-02-25 18:15:00,20.2055,36.80968129862144
2020-02-25 18:30:00,19.9855,37.2312225473054
2020-02-25 18:45:00,19.7655,38.220759323564785
2020-02-25 19:00:00,19.546,38.1234482110284
2020-02-25 19:15:00,19.3265,39.33847159497588
2020-02-25 19:30:00,19.1065,38.15169897829469
2020-02-25 19:45:00,18.667,36.78668574681207
2020-02-25 20:00:00,18.447,36.489362385667945
2020-02-25 20:15:00,18.008,36.481839047782586
2020-02-25 20:30:00,17.788,36.68585645291101
2020-02-25 20:45:00,17.3485,38.80755976189372
2020-02-25 21:00:00,17.129,39.35720005719349
2020-02-25 21:15:00,16.689,39.808454151620815
2020-02-25 21:30:00,16.25,39.94606734983666
2020-02-25 21:45:00,16.0305,37.84995822329735
2020-02-25 22:00:00,15.811,38.18539843160638
2020-02-25 22:15:00,15.371,37.45515957046939
2020-02-25 22:30:00,15.1515,37.328616133192426
2020-02-25 22:45:00,14.932,37.6168723922492
2020-02-25 23:00:00,14.712,37.76587096073951
2020-02-25 23:15:00,14.492,38.15356445267919
2020-02-25 23:30:00,14.2725,36.97028454944719
2020-02-25 23:45:00,14.053,36.240378708853555
2020-02-26 00:00:00,13.833,36.16603844885558
2020-02-26 00:15:00,13.613,35.626885490769375
2020-02-26 00:30:00,13.3935,35.37044337218943
2020-02-26 00:45:00,13.3935,35.44045422993388
2020-02-26 01:00:00,12.954,34.35250145100932
2020-02-26 01:15:00,12.954,33.80375723219219
2020-02-26 01:30:00,12.734,34.70867094884243
2020-02-26 01:45:00,12.734,33.51664711369413
2020-02-26 02:00:00,12.5145,34.47453733823921
2020-02-26 02:15:00,12.5145,33.86170798912488
2020-02-26 02:30:00,12.075,33.181475297064864
2020-02-26 02:45:00,12.075,29.867165051511623
2020-02-26 03:00:00,12.075,30.57530884034344
2020-02-26 03:15:00,11.6355,30.746070091586265
2020-02-26 03:30:00,11.6355,28.746883973696566
2020-02-26 03:45:00,11.416,31.441844507836375
2020-02-26 04:00:00,11.1965,32.505235768358666
2020-02-26 04:15:00,11.1965,31.304508404425054
2020-02-26 04:30:00,11.1965,31.53504082351349
2020-02-26 04:45:00,10.757,31.468687256700896
2020-02-26 05:00:00,10.757,31.21275801749447
2020-02-26 05:15:00,10.757,31.339422802967857
2020-02-26 05:30:00,10.537,31.041409330016908
2020-02-26 05:45:00,10.3175,31.268320321443447
2020-02-26 06:00:00,10.3175,32.914990061854915
2020-02-26 06:15:00,10.3175,32.78755184209042
2020-02-26 06:30:00,10.3175,31.736902191498682
2020-02-26 06:45:00,10.098,32.029750453979595
2020-02-26 07:00:00,10.098,34.23571558751701
2020-02-26 07:15:00,10.098,34.170716718274974
2020-02-26 07:30:00,10.098,32.59490766995466
2020-02-26 07:45:00,10.537,35.08783033647715
2020-02-26 08:00:00,10.757,31.781407438763846
2020-02-26 08:15:00,11.1965,29.96205590499013
2020-02-26 08:30:00,11.855,29.050875017448327
2020-02-26 08:45:00,12.295,30.691488979442727
2020-02-26 09:00:00,12.954,31.010489503752854
2020-02-26 09:15:00,13.833,30.41604621755471
2020-02-26 09:30:00,14.4925,34.115785225435665
2020-02-26 09:45:00,15.3715,34.33504404655251
2020-02-26 10:00:00,16.47,31.214179943711468
2020-02-26 10:15:00,17.1285,28.627266849997675
2020-02-26 10:30:00,18.0075,26.624422767664043
2020-02-26 10:45:00,18.667,23.03369942835991
2020-02-26 11:00:00,19.326,23.72965566761477
2020-02-26 11:15:00,20.2055,23.91513948735711
2020-02-26 11:30:00,21.084,23.812005040586737
2020-02-26 11:45:00,21.7435,23.76265698538098
2020-02-26 12:00:00,22.4025,23.61507003852659
2020-02-26 12:15:00,23.281,23.750923494759988
2020-02-26 12:30:00,23.501,23.684056337368077
2020-02-26 12:45:00,23.7205,23.97191573261147
2020-02-26 13:00:00,24.38,25.47006079800825
2020-02-26 13:15:00,25.039,27.630287940434506
2020-02-26 13:30:00,25.4785,30.069575235304043
2020-02-26 13:45:00,25.698,31.896899055939137
2020-02-26 14:00:00,26.1375,31.653925852937245
2020-02-26 14:15:00,26.577,27.8775488107209
2020-02-26 14:30:00,26.7965,26.87108870942243
2020-02-26 14:45:00,27.2365,25.120366985503477
2020-02-26 15:00:00,27.8955,23.936685067596677
2020-02-26 15:15:00,27.8955,24.782970754995578
2020-02-26 15:30:00,27.8955,29.38616129579524
2020-02-26 15:45:00,27.456,31.826146951994268
2020-02-26 16:00:00,27.456,30.146381464779083
2020-02-26 16:15:00,27.0165,33.078751093001124
2020-02-26 16:30:00,26.577,30.426277208569335
2020-02-26 16:45:00,26.357,28.03391693428252
2020-02-26 17:00:00,25.918,26.915535277903825
2020-02-26 17:15:00,25.259,23.612164100170236
2020-02-26 17:30:00,24.8195,23.622488356383734
2020-02-26 17:45:00,24.38,23.705044483450248
2020-02-26 18:00:00,23.9405,23.609076435004678
2020-02-26 18:15:00,23.501,23.457941927276792
2020-02-26 18:30:00,23.0615,23.677561552884217
2020-02-26 18:45:00,22.622,23.958239475941493
2020-02-26 19:00:00,22.1825,24.797441642044166
2020-02-26 19:15:00,21.743,26.614364035399642
2020-02-26 19:30:00,21.084,26.122206759313542
2020-02-26 19:45:00,20.8645,30.06719839145558
2020-02-26 20:00:00,20.425,27.791662703827296
2020-02-26 20:15:00,20.205,27.587827699731044
2020-02-26 20:30:00,19.766,29.136446610360295
2020-02-26 20:45:00,19.546,27.495490731680533
2020-02-26 21:00:00,19.326,32.77430106910344
2020-02-26 21:15:00,19.1065,27.067699597353627
2020-02-26 21:30:00,18.667,29.128140677449785
2020-02-26 21:45:00,18.4475,33.89454317853891
2020-02-26 22:00:00,18.2275,31.9839239323375
2020-02-26 22:15:00,17.788,29.395581614355457
2020-02-26 22:30:00,17.788,28.570635220152628
2020-02-26 22:45:00,17.5685,32.71798469614469
2020-02-26 23:00:00,17.3485,31.400185828501126
2020-02-26 23:15:00,17.3485,31.05301079532823
2020-02-26 23:30:00,17.3485,31.59941320250086
2020-02-26 23:45:00,17.3485,31.98718403603509
2020-02-27 00:00:00,16.909,32.8117131573127
2020-02-27 00:15:00,16.909,31.817373065940526
2020-02-27 00:30:00,16.909,30.74888438536651
2020-02-27 00:45:00,16.909,30.69744388798724
2020-02-27 01:00:00,16.909,29.391538459954965
2020-02-27 01:15:00,16.4695,29.6162345964273
2020-02-27 01:30:00,16.4695,24.651663017878317
2020-02-27 01:45:00,16.4695,25.517619002142506
2020-02-27 02:00:00,16.4695,24.39651666615729
2020-02-27 02:15:00,16.4695,23.711034418527102
2020-02-27 02:30:00,16.0305,23.75664066276552
2020-02-27 02:45:00,16.0305,24.034880257249753
2020-02-27 03:00:00,16.0305,23.895544016869852
2020-02-27 03:15:00,15.8105,24.023789589367322
2020-02-27 03:30:00,15.591,24.10787697212745
2020-02-27 03:45:00,15.591,24.584067905897875
2020-02-27 04:00:00,15.591,23.710084941529256
2020-02-27 04:15:00,15.371,24.581710159323407
2020-02-27 04:30:00,15.1515,27.400351213056855
2020-02-27 04:45:00,15.1515,23.52289650606268
2020-02-27 05:00:00,14.932,23.305809174360565
2020-02-27 05:15:00,14.932,28.25793685739689
2020-02-27 05:30:00,14.492,26.978802805854105
2020-02-27 05:45:00,14.492,28.833483460820524
2020-02-27 06:00:00,14.492,33.080261610300234
2020-02-27 06:15:00,14.053,33.21767604038259
2020-02-27 06:30:00,14.053,32.85596263499997
2020-02-27 06:45:00,14.053,30.01978582756884
2020-02-27 07:00:00,14.053,30.667422179471252
2020-02-27 07:15:00,14.053,30.126890809526397
2020-02-27 07:30:00,14.053,26.00227074218625
2020-02-27 07:45:00,14.053,33.24073062869088
2020-02-27 08:00:00,14.2725,30.536941002210593
2020-02-27 08:15:00,14.712,27.173719355208927
2020-02-27 08:30:00,15.1515,27.99173003552077
2020-02-27 08:45:00,15.811,25.94514196280201
2020-02-27 09:00:00,16.4695,26.756872354544946
2020-02-27 09:15:00,17.129,29.706637968931325
2020-02-27 09:30:00,18.008,35.35053895522229
2020-02-27 09:45:00,19.1065,36.685956662106115
2020-02-27 10:00:00,19.9855,35.375513173335214
2020-02-27 10:15:00,21.084,34.40149263346313
2020-02-27 10:30:00,22.1825,33.40391289512786
2020-02-27 10:45:00,22.8415,32.06361835430019
2020-02-27 11:00:00,23.9405,31.86367496640494
2020-02-27 11:15:00,24.8195,32.03573548710889
2020-02-27 11:30:00,25.6985,34.73355467728287
2020-02-27 11:45:00,26.577,34.971816713619155
2020-02-27 12:00:00,27.676,35.33677490746415
2020-02-27 12:15:00,28.115,35.815510044188144
2020-02-27 12:30:00,28.335,35.67065649282459
2020-02-27 12:45:00,28.5545,35.406945335879996
2020-02-27 13:00:00,28.994,35.20281092618652
2020-02-27 13:15:00,29.4335,34.89798461043601
2020-02-27 13:30:00,30.0925,35.1137808840212
2020-02-27 13:45:00,29.873,35.0358794166422
2020-02-27 14:00:00,29.653,34.945331272083386
2020-02-27 14:15:00,29.214,35.079179449673305
2020-02-27 14:30:00,28.7745,34.87101920391897
2020-02-27 14:45:00,28.115,34.85108680768618
2020-02-27 15:00:00,27.676,34.778023489961505
2020-02-27 15:15:00,27.0165,34.97788051206169
2020-02-27 15:30:00,26.577,34.64066702704671
2020-02-27 15:45:00,26.1375,35.883561380116454
2020-02-27 16:00:00,25.918,36.2184585472821
2020-02-27 16:15:00,25.6985,36.64344043182132
2020-02-27 16:30:00,25.479,37.41522244908298
2020-02-27 16:45:00,25.479,36.23497492672039
2020-02-27 17:00:00,25.039,37.20476836523952
2020-02-27 17:15:00,25.039,37.42435927108692
2020-02-27 17:30:00,25.039,37.19823945223977
2020-02-27 17:45:00,24.6,37.865510234961796
2020-02-27 18:00:00,23.721,37.99500045173081
2020-02-27 18:15:00,22.842,38.16365658580666
2020-02-27 18:30:00,22.1825,36.437747229149004
2020-02-27 18:45:00,21.3035,37.31000098831552
2020-02-27 19:00:00,20.8645,37.70494830575694
2020-02-27 19:15:00,20.425,37.3448699673723
2020-02-27 19:30:00,20.205,35.12458050722973
2020-02-27 19:45:00,19.766,30.526252481644743
2020-02-27 20:00:00,19.326,33.0045309647813
2020-02-27 20:15:00,18.887,27.843869552441745
2020-02-27 20:30:00,18.667,28.00824805381432
2020-02-27 20:45:00,18.2275,34.397324527763324
2020-02-27 21:00:00,18.008,27.367928574672266
2020-02-27 21:15:00,17.568,32.919744965005435
2020-02-27 21:30:00,17.129,33.1277626775393
2020-02-27 21:45:00,16.909,32.10470799486189
2020-02-27 22:00:00,16.689,36.29295821575518
2020-02-27 22:15:00,16.4695,33.71062264103419
2020-02-27 22:30:00,16.4695,34.18752922029346
2020-02-27 22:45:00,16.4695,34.7822151704321
2020-02-27 23:00:00,16.4695,34.15641312317152
2020-02-27 23:15:00,16.4695,35.20606316865414
2020-02-27 23:30:00,16.4695,35.44463716412181
2020-02-27 23:45:00,16.4695,34.49036378496119
2020-02-28 00:00:00,16.4695,34.22772692780122
2020-02-28 00:15:00,16.4695,34.42105366637532
2020-02-28 00:30:00,16.25,32.88950828349538
2020-02-28 00:45:00,16.25,33.090587692282526
2020-02-28 01:00:00,16.25,33.4745160670487
2020-02-28 01:15:00,16.25,32.70728731731964
2020-02-28 01:30:00,16.25,33.11820779787335
2020-02-28 01:45:00,16.25,33.126261457185585
2020-02-28 02:00:00,16.25,32.50793599028358
2020-02-28 02:15:00,16.0305,32.705984754856885
2020-02-28 02:30:00,16.0305,32.73870562062773
2020-02-28 02:45:00,16.0305,32.650694409872116
2020-02-28 03:00:00,15.8105,32.92258735549715
2020-02-28 03:15:00,15.8105,32.743654954626585
2020-02-28 03:30:00,15.8105,32.87346058764195
2020-02-28 03:45:00,15.8105,32.41657822888974
2020-02-28 04:00:00,15.8105,32.5435499909245
2020-02-28 04:15:00,15.8105,32.679214861795195
2020-02-28 04:30:00,15.8105,32.82457410282525
2020-02-28 04:45:00,15.8105,32.795874810410986
2020-02-28 05:00:00,15.8105,32.772648654902255
2020-02-28 05:15:00,15.591,32.74055523989111
2020-02-28 05:30:00,15.591,32.661123724196514
2020-02-28 05:45:00,15.591,32.733364104900595
2020-02-28 06:00:00,15.591,32.636597290263055
2020-02-28 06:15:00,15.591,32.59234772550348
2020-02-28 06:30:00,15.3715,31.61096963057734
2020-02-28 06:45:00,15.1515,30.54078320645023
2020-02-28 07:00:00,15.1515,30.228964556545474
2020-02-28 07:15:00,14.9315,29.04258351798293
2020-02-28 07:30:00,14.9315,27.133071635119716
2020-02-28 07:45:00,14.9315,25.68793239555443
2020-02-28 08:00:00,14.9315,23.48896987387411
2020-02-28 08:15:00,15.1515,22.691287243659477
2020-02-28 08:30:00,15.1515,21.814684684276305
2020-02-28 08:45:00,14.9315,22.96182958847856
2020-02-28 09:00:00,14.9315,25.438436871311804
2020-02-28 09:15:00,14.9315,29.807549241567298
2020-02-28 09:30:00,14.9315,35.265562974290944
2020-02-28 09:45:00,14.9315,35.26256673614894
2020-02-28 10:00:00,14.9315,36.10380396350399
2020-02-28 10:15:00,14.9315,35.13283232545841
2020-02-28 10:30:00,14.9315,35.60233098595914
2020-02-28 10:45:00,15.1515,35.685701178617556
2020-02-28 11:00:00,15.591,34.90892863574387
2020-02-28 11:15:00,16.0305,35.401645424522194
2020-02-28 11:30:00,16.4695,36.02949911929572
2020-02-28 11:45:00,16.4695,34.889051614254086
2020-02-28 12:00:00,16.689,31.45969960272068
2020-02-28 12:15:00,16.689,28.64259053072359
2020-02-28 12:30:00,16.689,28.469772420465997
2020-02-28 12:45:00,16.909,28.986427917485624
2020-02-28 13:00:00,16.909,29.48457440745794
2020-02-28 13:15:00,17.129,32.863670478959136
2020-02-28 13:30:00,17.568,33.1118623906253
2020-02-28 13:45:00,17.788,33.790813938018466
2020-02-28 14:00:00,17.788,34.91446959498379
2020-02-28 14:15:00,17.788,35.585651698362526
2020-02-28 14:30:00,18.008,37.93192836520562
2020-02-28 14:45:00,18.008,39.09637061057449
2020-02-28 15:00:00,18.2275,37.956947755168805
2020-02-28 15:15:00,18.2275,38.24950669310748
2020-02-28 15:30:00,18.447,38.12165546853885
2020-02-28 15:45:00,18.667,37.637127017115965
2020-02-28 16:00:00,19.3265,38.09907015081933
2020-02-28 16:15:00,19.3265,38.16018716093797
2020-02-28 16:30:00,19.546,38.17435368640015
2020-02-28 16:45:00,19.546,37.739672329908856
2020-02-28 17:00:00,19.546,37.55431343290831
2020-02-28 17:15:00,19.546,36.25497206890421
2020-02-28 17:30:00,19.546,36.78876838358854
2020-02-28 17:45:00,19.326,36.67563133253317
2020-02-28 18:00:00,19.326,36.85026716312198
2020-02-28 18:15:00,19.1065,36.954770133785175
2020-02-28 18:30:00,18.887,37.19166833964736
2020-02-28 18:45:00,18.667,36.70249524166192
2020-02-28 19:00:00,18.447,38.05176010481059
2020-02-28 19:15:00,18.447,38.23516451657061
2020-02-28 19:30:00,18.008,36.35354555711215
2020-02-28 19:45:00,18.008,36.72191672434348
2020-02-28 20:00:00,17.568,34.953422982495425
2020-02-28 20:15:00,17.568,35.83514891649252
2020-02-28 20:30:00,17.129,35.594375223864
2020-02-28 20:45:00,17.129,36.04901282916943
2020-02-28 21:00:00,16.689,37.638093318872535
2020-02-28 21:15:00,16.689,38.51499123831957
2020-02-28 21:30:00,16.25,38.49528253298494
2020-02-28 21:45:00,16.25,37.27592671060456
2020-02-28 22:00:00,15.811,37.5563492173505
2020-02-28 22:15:00,15.811,37.65863343334537
2020-02-28 22:30:00,15.591,37.649283202481996
2020-02-28 22:45:00,15.591,36.7335680352029
2020-02-28 23:00:00,15.591,35.90119272278193
2020-02-28 23:15:00,15.591,35.68804486990469
2020-02-28 23:30:00,15.811,35.653016328794564
2020-02-28 23:45:00,15.811,35.189304947223036
2020-03-01 00:00:00,15.811,35.54526266354402
2020-03-01 00:15:00,15.811,35.33755694470018
2020-03-01 00:30:00,15.811,34.87642956813907
2020-03-01 00:45:00,16.0305,34.47239035835784
2020-03-01 01:00:00,16.25,34.088098771334835
2020-03-01 01:15:00,16.25,33.59907623567854
2020-03-01 01:30:00,16.25,33.83918871903591
2020-03-01 01:45:00,16.25,33.3818766297891
2020-03-01 02:00:00,16.25,33.10880260614399
2020-03-01 02:15:00,16.25,33.381514511973585
2020-03-01 02:30:00,16.25,33.62976591454501
2020-03-01 02:45:00,16.25,33.07408646257179
2020-03-01 03:00:00,16.25,32.849181848832714
2020-03-01 03:15:00,16.25,33.1991096562647
2020-03-01 03:30:00,16.25,32.691694606590524
2020-03-01 03:45:00,16.25,32.5341847902429
2020-03-01 04:00:00,16.25,32.76054129561966
2020-03-01 04:15:00,16.25,32.48411362325832
2020-03-01 04:30:00,15.811,32.7410376364458
2020-03-01 04:45:00,15.811,32.6752889423352
2020-03-01 05:00:00,15.371,32.73506140175222
2020-03-01 05:15:00,15.371,32.5475442415624
2020-03-01 05:30:00,15.1515,32.40651954179373
2020-03-01 05:45:00,14.932,32.78204231884936
2020-03-01 06:00:00,14.492,32.827792418905425
2020-03-01 06:15:00,14.492,33.57495753304571
2020-03-01 06:30:00,14.2725,33.08795865261065
2020-03-01 06:45:00,14.053,32.82257304357383
2020-03-01 07:00:00,14.053,34.34500333161807
2020-03-01 07:15:00,14.053,33.757702435487026
2020-03-01 07:30:00,14.053,33.73064022235654
2020-03-01 07:45:00,14.053,33.47880279743233
2020-03-01 08:00:00,14.053,31.884397084934378
2020-03-01 08:15:00,14.492,31.20482865463641
2020-03-01 08:30:00,15.1515,31.457200963622896
2020-03-01 08:45:00,15.591,31.22053844776787
2020-03-01 09:00:00,16.25,32.59532996366708
2020-03-01 09:15:00,16.909,33.77023940278526
2020-03-01 09:30:00,17.568,32.438154173878004
2020-03-01 09:45:00,18.2275,32.33573627566142
2020-03-01 10:00:00,18.667,31.86437191973771
2020-03-01 10:15:00,18.8865,30.140831870408302
2020-03-01 10:30:00,19.1065,27.019837621962157
2020-03-01 10:45:00,19.3265,26.487656149090217
2020-03-01 11:00:00,19.546,24.018294530713046
2020-03-01 11:15:00,19.546,23.320871667055304
2020-03-01 11:30:00,19.3265,22.954088956254218
2020-03-01 11:45:00,19.3265,24.001992822613214
2020-03-01 12:00:00,18.8865,24.059901644116525
2020-03-01 12:15:00,18.8865,24.001413589688255
2020-03-01 12:30:00,18.8865,24.054431849033282
2020-03-01 12:45:00,18.8865,24.08874490884157
2020-03-01 13:00:00,18.8865,23.839954221907128
2020-03-01 13:15:00,18.8865,24.634786747017277
2020-03-01 13:30:00,18.8865,24.80656924413551
2020-03-01 13:45:00,18.8865,25.4736542130346
2020-03-01 14:00:00,18.4475,28.1762092077409
2020-03-01 14:15:00,18.4475,25.175638572117943
2020-03-01 14:30:00,18.2275,28.11199638357
2020-03-01 14:45:00,18.0075,28.503369315041073
2020-03-01 15:00:00,17.788,28.664489151345197
2020-03-01 15:15:00,17.5685,33.7344738370907
2020-03-01 15:30:00,17.3485,30.303753920908107
2020-03-01 15:45:00,17.3485,32.18961728655451
2020-03-01 16:00:00,17.1285,34.62263759496223
2020-03-01 16:15:00,16.909,32.54715873150613
2020-03-01 16:30:00,16.909,33.20343106596923
2020-03-01 16:45:00,16.909,36.65500011068022
2020-03-01 17:00:00,16.6895,36.37625983624774
2020-03-01 17:15:00,16.4695,38.099162657450144
2020-03-01 17:30:00,16.4695,39.7341812377974
2020-03-01 17:45:00,16.25,39.03088705881267
2020-03-01 18:00:00,16.0305,38.91624978595632
2020-03-01 18:15:00,16.0305,38.353887869753166
2020-03-01 18:30:00,16.0305,38.334312690109456
2020-03-01 18:45:00,16.0305,39.174750965584145
2020-03-01 19:00:00,15.591,39.61456822610209
2020-03-01 19:15:00,15.591,39.92520881631802
2020-03-01 19:30:00,15.591,37.11644174047857
2020-03-01 19:45:00,15.591,37.175021885095056
2020-03-01 20:00:00,15.1515,37.598509730902734
2020-03-01 20:15:00,15.1515,36.19399361160736
2020-03-01 20:30:00,15.1515,36.79065512033965
2020-03-01 20:45:00,14.712,38.63642686566016
2020-03-01 21:00:00,14.712,39.10989172811055
2020-03-01 21:15:00,14.2725,39.68090001959531
2020-03-01 21:30:00,14.2725,39.889830615228476
2020-03-01 21:45:00,14.2725,38.55560612253062
2020-03-01 22:00:00,14.2725,38.8553608697498
2020-03-01 22:15:00,14.2725,38.62229396000844
2020-03-01 22:30:00,14.2725,38.01812553474539
2020-03-01 22:45:00,14.2725,37.88353759425209
2020-03-01 23:00:00,14.2725,38.101191479058166
2020-03-01 23:15:00,14.2725,37.47925668850706
2020-03-01 23:30:00,14.0525,37.168981046836834
2020-03-01 23:45:00,13.833,36.16431242989635
2020-03-02 00:00:00,13.3935,36.145584719110666
2020-03-02 00:15:00,13.174,35.69206482669262
2020-03-02 00:30:00,12.954,35.6355922374098
2020-03-02 00:45:00,12.734,35.65611882946447
2020-03-02 01:00:00,12.5145,35.48641923933724
2020-03-02 01:15:00,12.075,34.70419550018193
2020-03-02 01:30:00,11.6355,34.31065381773257
2020-03-02 01:45:00,11.1965,34.85639098122199
2020-03-02 02:00:00,10.537,34.454166804391846
2020-03-02 02:15:00,10.098,33.93860182542768
2020-03-02 02:30:00,9.878,34.892952487909724
2020-03-02 02:45:00,9.878,34.120420430511516
2020-03-02 03:00:00,9.878,34.28429173386176
2020-03-02 03:15:00,9.878,34.292500935073456
2020-03-02 03:30:00,9.878,33.62642598397478
2020-03-02 03:45:00,9.878,33.327968754435794
2020-03-02 04:00:00,9.878,33.26000809280939
2020-03-02 04:15:00,9.6585,32.756895980844654
2020-03-02 04:30:00,9.6585,31.351207804543492
2020-03-02 04:45:00,9.6585,30.295931130841385
2020-03-02 05:00:00,9.878,27.383589310336962
2020-03-02 05:15:00,9.878,22.013267452534155
2020-03-02 05:30:00,9.878,22.72689977244782
2020-03-02 05:45:00,10.098,23.49872952745447
2020-03-02 06:00:00,10.098,24.719901672494142
2020-03-02 06:15:00,10.098,24.73648414770473
2020-03-02 06:30:00,10.098,24.771743321078066
2020-03-02 06:45:00,10.098,24.63361796328565
2020-03-02 07:00:00,10.098,24.549351736834048
2020-03-02 07:15:00,10.098,26.37803961804051
2020-03-02 07:30:00,10.098,30.433253303857487
2020-03-02 07:45:00,10.098,34.53840910467469
2020-03-02 08:00:00,10.098,34.79615963731954
2020-03-02 08:15:00,10.098,35.356227398999195
2020-03-02 08:30:00,10.098,35.16870658238193
2020-03-02 08:45:00,10.537,34.90320194057537
2020-03-02 09:00:00,10.537,34.557595657848616
2020-03-02 09:15:00,10.757,35.3956845068781
2020-03-02 09:30:00,10.977,36.0109896113759
2020-03-02 09:45:00,11.416,35.41071666650848
2020-03-02 10:00:00,11.855,35.64765504531405
2020-03-02 10:15:00,12.075,33.509821142529354
2020-03-02 10:30:00,12.5145,31.87734009465508
2020-03-02 10:45:00,12.734,33.5649500831239
2020-03-02 11:00:00,12.954,33.18371884950891
2020-03-02 11:15:00,12.954,33.68529656159243
2020-03-02 11:30:00,13.3935,36.38217477426795
2020-03-02 11:45:00,13.833,35.37510589324487
2020-03-02 12:00:00,13.833,31.71864725440343
2020-03-02 12:15:00,14.2725,29.51578203650594
2020-03-02 12:30:00,14.2725,26.933759276556493
2020-03-02 12:45:00,14.2725,24.282031762209787
2020-03-02 13:00:00,14.712,25.616895485741434
2020-03-02 13:15:00,14.712,28.00451598633908
2020-03-02 13:30:00,14.712,36.5799101944586
2020-03-02 13:45:00,15.1515,38.06373787769098
2020-03-02 14:00:00,15.3715,38.61711295375731
2020-03-02 14:15:00,15.591,39.954864271474534
2020-03-02 14:30:00,16.0305,39.83146163135578
2020-03-02 14:45:00,16.0305,39.40094784979474
2020-03-02 15:00:00,16.4695,38.634174817144526
2020-03-02 15:15:00,16.4695,38.72896618174416
2020-03-02 15:30:00,16.6895,38.533264801449796
2020-03-02 15:45:00,16.6895,38.28749797410206
2020-03-02 16:00:00,16.6895,38.123880579757234
2020-03-02 16:15:00,16.6895,38.312236603675224
2020-03-02 16:30:00,16.6895,38.380761342084035
2020-03-02 16:45:00,16.4695,38.43216148479156
2020-03-02 17:00:00,16.4695,38.13129929928672
2020-03-02 17:15:00,16.4695,38.467455252422724
2020-03-02 17:30:00,16.25,32.51389350481846
2020-03-02 17:45:00,16.25,32.52149492885879
2020-03-02 18:00:00,16.25,33.733084353347884
2020-03-02 18:15:00,16.25,31.58102266808014
2020-03-02 18:30:00,16.25,36.695599219849036
2020-03-02 18:45:00,16.25,37.66288025961947
2020-03-02 19:00:00,16.25,38.092102604796
2020-03-02 19:15:00,16.25,37.92484281908833
2020-03-02 19:30:00,16.25,32.08874721197581
2020-03-02 19:45:00,16.25,29.02107439373386
2020-03-02 20:00:00,16.25,27.196939996791635
2020-03-02 20:15:00,16.25,24.867683268906724
2020-03-02 20:30:00,16.25,28.444770491358366
2020-03-02 20:45:00,16.25,34.68895269031886
2020-03-02 21:00:00,16.25,37.636703443816224
2020-03-02 21:15:00,16.25,39.49278018618089
2020-03-02 21:30:00,15.811,39.44471031509113
2020-03-02 21:45:00,15.811,39.293575561604925
2020-03-02 22:00:00,15.811,38.8153309532354
2020-03-02 22:15:00,15.811,37.447216272134966
2020-03-02 22:30:00,15.811,39.11048473512413
2020-03-02 22:45:00,15.811,39.25202404374405
2020-03-02 23:00:00,15.591,39.469663053218824
2020-03-02 23:15:00,15.591,38.879502982716126
2020-03-02 23:30:00,15.591,38.72989925853177
2020-03-02 23:45:00,15.591,38.158928908869136
2020-03-03 00:00:00,15.1515,36.56199417566957
2020-03-03 00:15:00,15.1515,37.61825689822953
2020-03-03 00:30:00,14.712,36.3550081801599
2020-03-03 00:45:00,14.0525,35.39353945646615
2020-03-03 01:00:00,13.1735,35.591369424684636
2020-03-03 01:15:00,12.7345,35.1577744181332
2020-03-03 01:30:00,12.5145,35.07218545653601
2020-03-03 01:45:00,12.5145,35.06420068320435
2020-03-03 02:00:00,12.5145,35.15519169052536
2020-03-03 02:15:00,12.734,34.85568778365091
2020-03-03 02:30:00,12.734,34.322827651412574
2020-03-03 02:45:00,12.954,34.36908472933274
2020-03-03 03:00:00,12.954,34.56611019880715
2020-03-03 03:15:00,13.3935,34.25380202901098
2020-03-03 03:30:00,13.3935,34.39046774319524
2020-03-03 03:45:00,13.613,34.9259659747413
2020-03-03 04:00:00,13.613,34.28537504517297
2020-03-03 04:15:00,13.833,34.28861506349342
2020-03-03 04:30:00,14.053,34.98205557481136
2020-03-03 04:45:00,14.053,33.75218490986422
2020-03-03 05:00:00,14.053,34.24034825836364
2020-03-03 05:15:00,14.053,34.673542888557435
2020-03-03 05:30:00,14.2725,33.99172025259592
2020-03-03 05:45:00,14.492,34.351839387680656
2020-03-03 06:00:00,14.492,34.274350025715265
2020-03-03 06:15:00,14.492,35.03933950231326
2020-03-03 06:30:00,14.492,34.81278825639198
2020-03-03 06:45:00,14.712,35.224702023772885
2020-03-03 07:00:00,14.712,35.68983921988475
2020-03-03 07:15:00,14.712,35.34667553169984
2020-03-03 07:30:00,14.712,35.34215555371298
2020-03-03 07:45:00,14.9315,35.43850007610957
2020-03-03 08:00:00,14.9315,30.1952652705785
2020-03-03 08:15:00,14.9315,31.27518234969549
2020-03-03 08:30:00,14.9315,31.55869486225345
2020-03-03 08:45:00,14.9315,30.236179125623572
2020-03-03 09:00:00,15.1515,35.63070865908534
2020-03-03 09:15:00,15.3715,34.00175267976585
2020-03-03 09:30:00,15.8105,35.49466867839227
2020-03-03 09:45:00,16.03,34.12312251574719
2020-03-03 10:00:00,16.25,33.26867433212238
2020-03-03 10:15:00,16.6895,32.20545601155408
2020-03-03 10:30:00,17.1285,31.595579195080916
2020-03-03 10:45:00,17.788,34.91607030495105
2020-03-03 11:00:00,18.4475,32.19339632315055
2020-03-03 11:15:00,19.1065,35.61667039860627
2020-03-03 11:30:00,19.9855,36.58279269813248
2020-03-03 11:45:00,20.8645,37.5158901075579
2020-03-03 12:00:00,22.1825,38.23234868638444
2020-03-03 12:15:00,23.0615,37.977134687083726
2020-03-03 12:30:00,23.721,37.78312460015903
2020-03-03 12:45:00,24.6,37.43036125026594
2020-03-03 13:00:00,25.039,36.79814751089073
2020-03-03 13:15:00,25.4785,36.74695077627446
2020-03-03 13:30:00,25.698,36.22734737677302
2020-03-03 13:45:00,25.918,36.512486734631466
2020-03-03 14:00:00,26.357,35.2982279689872
2020-03-03 14:15:00,26.577,35.95265362326164
2020-03-03 14:30:00,27.456,35.433712243387006
2020-03-03 14:45:00,27.8955,35.019528615040755
2020-03-03 15:00:00,28.335,35.244498322119554
2020-03-03 15:15:00,28.7745,35.48044233038606
2020-03-03 15:30:00,28.7745,35.8547790125241
2020-03-03 15:45:00,28.555,35.624720833593
2020-03-03 16:00:00,28.335,36.0113819700513
2020-03-03 16:15:00,28.115,36.088583097403856
2020-03-03 16:30:00,27.8955,36.08729902503499
2020-03-03 16:45:00,27.676,36.63323907610405
2020-03-03 17:00:00,27.236,37.444512786500965
2020-03-03 17:15:00,27.0165,37.86548206985074
2020-03-03 17:30:00,26.577,38.105475014049226
2020-03-03 17:45:00,26.1375,38.24137436370035
2020-03-03 18:00:00,25.918,38.28748777288833
2020-03-03 18:15:00,25.6985,38.34632927652617
2020-03-03 18:30:00,25.259,38.1871829782917
2020-03-03 18:45:00,24.8195,38.28581615777066
2020-03-03 19:00:00,24.5995,38.38639958627649
2020-03-03 19:15:00,24.1605,38.164982924161514
2020-03-03 19:30:00,23.9405,38.062139559094256
2020-03-03 19:45:00,23.9405,36.97722131034368
2020-03-03 20:00:00,23.9405,36.937681546701334
2020-03-03 20:15:00,23.501,37.1288587998614
2020-03-03 20:30:00,23.281,36.65507440752953
2020-03-03 20:45:00,23.281,38.414016744002794
2020-03-03 21:00:00,23.281,38.367408762516355
2020-03-03 21:15:00,22.842,38.326671190372814
2020-03-03 21:30:00,22.842,38.31091310503096
2020-03-03 21:45:00,22.622,38.85220455600354
2020-03-03 22:00:00,22.622,38.21559311172744
2020-03-03 22:15:00,22.402,38.36869464325745
2020-03-03 22:30:00,22.402,39.386752941847114
2020-03-03 22:45:00,22.1825,39.62724153271442
2020-03-03 23:00:00,22.1825,40.14196395883225
2020-03-03 23:15:00,22.1825,40.38060568763162
2020-03-03 23:30:00,22.1825,38.857570964661726
2020-03-03 23:45:00,21.963,37.76180385943512
2020-03-04 00:00:00,21.963,37.93614309204704
2020-03-04 00:15:00,21.743,37.58059217341419
2020-03-04 00:30:00,21.523,35.778446775006564
2020-03-04 00:45:00,21.523,35.84516346494936
2020-03-04 01:00:00,21.523,35.79544316821525
2020-03-04 01:15:00,21.523,35.022366758964274
2020-03-04 01:30:00,21.523,34.89572849371221
2020-03-04 01:45:00,21.3035,34.87169595340064
2020-03-04 02:00:00,21.3035,34.48610631654229
2020-03-04 02:15:00,21.3035,34.433688868838985
2020-03-04 02:30:00,21.084,34.163751390813
2020-03-04 02:45:00,21.084,34.360409812213035
2020-03-04 03:00:00,20.8645,34.51497022974459
2020-03-04 03:15:00,20.8645,33.313429430691784
2020-03-04 03:30:00,20.8645,34.149475583293636
2020-03-04 03:45:00,20.645,34.24723422632906
2020-03-04 04:00:00,20.645,33.663700243093395
2020-03-04 04:15:00,20.645,33.53531500109609
2020-03-04 04:30:00,20.645,33.4477439778864
2020-03-04 04:45:00,20.645,32.18404252366668
2020-03-04 05:00:00,20.645,33.90612685267689
2020-03-04 05:15:00,20.645,33.548949094046215
2020-03-04 05:30:00,20.645,33.22944097728453
2020-03-04 05:45:00,20.645,34.24104362892288
2020-03-04 06:00:00,20.645,33.630759683024685
2020-03-04 06:15:00,20.645,34.321555499467614
2020-03-04 06:30:00,20.645,33.0565370665831
2020-03-04 06:45:00,20.645,32.51784924296077
2020-03-04 07:00:00,20.425,33.952938059612016
2020-03-04 07:15:00,20.425,34.29116164704848
2020-03-04 07:30:00,20.425,34.99036511629353
2020-03-04 07:45:00,20.425,35.12693816053522
2020-03-04 08:00:00,20.425,33.0600940233826
2020-03-04 08:15:00,20.425,34.62361219999738
2020-03-04 08:30:00,20.8645,34.72530020444143
2020-03-04 08:45:00,20.8645,34.811734134528244
2020-03-04 09:00:00,21.5235,35.73672201660849
2020-03-04 09:15:00,21.9625,36.39032261285365
2020-03-04 09:30:00,22.4025,35.031594999215095
2020-03-04 09:45:00,23.2815,34.738237353189234
2020-03-04 10:00:00,23.9405,34.967674493668326
2020-03-04 10:15:00,24.8195,33.16929547961717
2020-03-04 10:30:00,25.918,32.74116278239462
2020-03-04 10:45:00,27.0165,32.15575271740845
2020-03-04 11:00:00,27.8955,28.466697800456036
2020-03-04 11:15:00,28.9945,26.21518025826531
2020-03-04 11:30:00,29.873,31.941219070303166
2020-03-04 11:45:00,30.752,31.987646190719378
2020-03-04 12:00:00,31.8505,31.855412129300532
2020-03-04 12:15:00,32.7295,36.93719471068697
2020-03-04 12:30:00,33.169,37.339481014122775
2020-03-04 12:45:00,33.828,36.507400362662814
2020-03-04 13:00:00,34.927,36.43584184627927
2020-03-04 13:15:00,35.586,36.221236185329495
2020-03-04 13:30:00,36.4645,35.77425060975263
2020-03-04 13:45:00,36.4645,35.452845197800116
2020-03-04 14:00:00,36.6845,35.17287133533373
2020-03-04 14:15:00,36.465,34.62445256279214
2020-03-04 14:30:00,35.8055,34.16101576355695
2020-03-04 14:45:00,35.366,33.74674327018163
2020-03-04 15:00:00,34.707,34.170810947401904
2020-03-04 15:15:00,34.2675,34.65614266011451
2020-03-04 15:30:00,33.828,34.32838379447059
2020-03-04 15:45:00,33.6085,35.15048719286894
2020-03-04 16:00:00,33.169,35.652144260131834
2020-03-04 16:15:00,32.7295,35.498368719315366
2020-03-04 16:30:00,32.51,35.95624141735741
2020-03-04 16:45:00,32.07,36.037095065443374
2020-03-04 17:00:00,31.631,35.099471951891154
2020-03-04 17:15:00,31.191,35.42025830119045
2020-03-04 17:30:00,30.752,34.64282191862215
2020-03-04 17:45:00,30.312,33.760158157610896
2020-03-04 18:00:00,29.873,29.089860028168268
2020-03-04 18:15:00,29.434,24.53075407687589
2020-03-04 18:30:00,28.7745,22.799121282892493
2020-03-04 18:45:00,28.115,22.18577209440781
2020-03-04 19:00:00,27.236,21.847572050263754
2020-03-04 19:15:00,25.918,23.96061724893671
2020-03-04 19:30:00,24.8195,25.912823167441218
2020-03-04 19:45:00,23.501,27.25151975028234
2020-03-04 20:00:00,22.1825,32.57082662980718
2020-03-04 20:15:00,21.084,32.98848883032437
2020-03-04 20:30:00,20.205,28.82075505036861
2020-03-04 20:45:00,19.546,34.371793420232805
2020-03-04 21:00:00,18.667,36.75347928877193
2020-03-04 21:15:00,18.2275,36.16791161333133
2020-03-04 21:30:00,17.788,36.45989442739274
2020-03-04 21:45:00,17.3485,37.14690135691111
2020-03-04 22:00:00,16.689,37.707454895250045
2020-03-04 22:15:00,16.4695,37.81221290770213
2020-03-04 22:30:00,16.25,38.10732046734958
2020-03-04 22:45:00,15.811,38.37283981247898
2020-03-04 23:00:00,15.811,37.20969521896343
2020-03-04 23:15:00,15.371,36.342768285089605
2020-03-04 23:30:00,15.1515,35.47971883410276
2020-03-04 23:45:00,14.932,30.620520065708092
2020-03-05 00:00:00,14.492,30.610456310785672
2020-03-05 00:15:00,14.053,27.934118037065534
2020-03-05 00:30:00,13.833,23.598479205319094
2020-03-05 00:45:00,13.613,24.931134995607657
2020-03-05 01:00:00,13.174,27.665519308804253
2020-03-05 01:15:00,12.734,23.674472519803146
2020-03-05 01:30:00,12.295,23.33344472322254
2020-03-05 01:45:00,12.295,25.559321757372793
2020-03-05 02:00:00,12.295,21.670587419984066
2020-03-05 02:15:00,12.295,22.59048228211341
2020-03-05 02:30:00,12.295,21.249933022915354
2020-03-05 02:45:00,12.295,21.30615468727378
2020-03-05 03:00:00,12.075,25.279905484886374
2020-03-05 03:15:00,12.075,23.954402979754548
2020-03-05 03:30:00,12.075,26.242623037593642
2020-03-05 03:45:00,12.075,25.827329716864465
2020-03-05 04:00:00,11.855,22.80259555979662
2020-03-05 04:15:00,11.855,24.043822523160795
2020-03-05 04:30:00,11.855,24.469949981196145
2020-03-05 04:45:00,11.855,25.90454521765413
2020-03-05 05:00:00,11.6355,24.913712491413616
2020-03-05 05:15:00,11.416,23.31327030983284
2020-03-05 05:30:00,11.416,24.801582263508863
2020-03-05 05:45:00,11.416,26.03229969402076
2020-03-05 06:00:00,11.416,27.06664828450671
2020-03-05 06:15:00,11.416,26.962677231170403
2020-03-05 06:30:00,10.977,26.89941864412039
2020-03-05 06:45:00,10.977,24.722706707158583
2020-03-05 07:00:00,10.757,23.422779443048587
2020-03-05 07:15:00,10.537,23.048064801296686
2020-03-05 07:30:00,10.537,23.386965351497185
2020-03-05 07:45:00,10.537,23.57161687348715
2020-03-05 08:00:00,10.537,24.41772649038244
2020-03-05 08:15:00,10.537,24.454442376922906
2020-03-05 08:30:00,10.537,23.943087140686057
2020-03-05 08:45:00,10.537,23.78672712895242
2020-03-05 09:00:00,10.537,23.70963267585104
2020-03-05 09:15:00,10.757,23.269575772193708
2020-03-05 09:30:00,10.977,22.91016290979828
2020-03-05 09:45:00,11.1965,22.610971013042022
2020-03-05 10:00:00,11.1965,22.374056094966893
2020-03-05 10:15:00,11.6355,23.007155689982376
2020-03-05 10:30:00,11.8555,23.224455998685876
2020-03-05 10:45:00,12.075,23.10356403845326
2020-03-05 11:00:00,12.5145,23.136068981640165
2020-03-05 11:15:00,12.7345,23.253872601548835
2020-03-05 11:30:00,12.954,22.974825310622368
2020-03-05 11:45:00,13.833,23.03695345357874
2020-03-05 12:00:00,14.712,22.927486159389144
2020-03-05 12:15:00,16.03,23.331262166453953
2020-03-05 12:30:00,16.6895,22.6956388054733
2020-03-05 12:45:00,17.1285,22.916920400676116
2020-03-05 13:00:00,17.5685,22.350090594719845
2020-03-05 13:15:00,18.667,22.006296423446678
2020-03-05 13:30:00,20.2055,21.735429197781645
2020-03-05 13:45:00,20.8645,21.810832759299068
2020-03-05 14:00:00,21.5235,21.94265998790448
2020-03-05 14:15:00,22.1825,21.729280127457493
2020-03-05 14:30:00,23.0615,23.927919836269393
2020-03-05 14:45:00,23.9405,25.260058639710245
2020-03-05 15:00:00,24.6,28.628968123214744
2020-03-05 15:15:00,24.8195,34.4197225932385
2020-03-05 15:30:00,24.5995,35.53811127635062
2020-03-05 15:45:00,24.38,36.7222682239838
2020-03-05 16:00:00,24.16,37.08292478309864
2020-03-05 16:15:00,23.721,37.17042025181425
2020-03-05 16:30:00,23.501,37.321832353464046
2020-03-05 16:45:00,23.0615,36.96360701287292
2020-03-05 17:00:00,22.622,38.28624347205276
2020-03-05 17:15:00,22.1825,37.284206637677435
2020-03-05 17:30:00,21.9625,37.62713692531251
2020-03-05 17:45:00,21.3035,38.700983605345975
2020-03-05 18:00:00,20.8645,37.97568412098363
2020-03-05 18:15:00,20.425,37.9250489949303
2020-03-05 18:30:00,19.766,38.4060489317809
2020-03-05 18:45:00,19.326,39.55758561804787
2020-03-05 19:00:00,18.887,39.63177717832799
2020-03-05 19:15:00,18.447,39.67280315370246
2020-03-05 19:30:00,18.2275,38.61327799138835
2020-03-05 19:45:00,18.008,38.54882791479859
2020-03-05 20:00:00,17.788,38.708948628424956
2020-03-05 20:15:00,17.3485,39.389679758373
2020-03-05 20:30:00,17.129,39.691153217911406
2020-03-05 20:45:00,16.689,40.01942177065222
2020-03-05 21:00:00,16.689,40.33749340729903
2020-03-05 21:15:00,16.25,40.52611213356329
2020-03-05 21:30:00,16.25,40.492069948444936
2020-03-05 21:45:00,15.811,40.557045572910766
2020-03-05 22:00:00,15.811,39.29174669809864
2020-03-05 22:15:00,15.371,38.8461293017431
2020-03-05 22:30:00,15.371,38.98012660132538
2020-03-05 22:45:00,15.1515,39.941365069695934
2020-03-05 23:00:00,14.932,40.00564570180537
2020-03-05 23:15:00,14.932,40.00956438790796
2020-03-05 23:30:00,14.712,40.28422230956116
2020-03-05 23:45:00,14.492,38.44283827195019
2020-03-06 00:00:00,14.492,36.66241753069606
2020-03-06 00:15:00,14.2725,35.681194303804695
2020-03-06 00:30:00,14.053,35.6781384948926
2020-03-06 00:45:00,13.833,36.174504532324136
2020-03-06 01:00:00,13.613,36.31043143453299
2020-03-06 01:15:00,13.3935,37.133590770177825
2020-03-06 01:30:00,13.174,37.279900264135414
2020-03-06 01:45:00,13.174,36.539956236681725
2020-03-06 02:00:00,12.954,36.56609200088405
2020-03-06 02:15:00,12.734,35.2064656812705
2020-03-06 02:30:00,12.734,34.33410028589162
2020-03-06 02:45:00,12.5145,33.885036247318666
2020-03-06 03:00:00,12.295,33.99153313197703
2020-03-06 03:15:00,12.295,33.83731887622601
2020-03-06 03:30:00,12.075,33.395019129257975
2020-03-06 03:45:00,12.075,33.37830527623836
2020-03-06 04:00:00,11.855,33.38029970925362
2020-03-06 04:15:00,11.855,33.667371902001854
2020-03-06 04:30:00,11.6355,33.07220426512784
2020-03-06 04:45:00,11.416,33.127894611423834
2020-03-06 05:00:00,11.416,33.7173052941928
2020-03-06 05:15:00,11.1965,32.8176764476096
2020-03-06 05:30:00,11.1965,32.764863893115084
2020-03-06 05:45:00,11.1965,33.39070878926508
2020-03-06 06:00:00,11.1965,33.02493554218497
2020-03-06 06:15:00,11.1965,33.79013244131884
2020-03-06 06:30:00,11.1965,32.935394270160636
2020-03-06 06:45:00,10.977,34.78712181282528
2020-03-06 07:00:00,10.757,35.25537673770728
2020-03-06 07:15:00,10.757,35.71823164809991
2020-03-06 07:30:00,10.757,36.266709357693735
2020-03-06 07:45:00,10.757,36.95634109514255
2020-03-06 08:00:00,10.757,35.8042109706738
2020-03-06 08:15:00,10.757,35.68220832245212
2020-03-06 08:30:00,10.757,36.67377399451779
2020-03-06 08:45:00,10.9765,35.53155919860417
2020-03-06 09:00:00,11.416,37.83409170175633
2020-03-06 09:15:00,12.075,39.11383560543339
2020-03-06 09:30:00,12.734,39.13893153515399
2020-03-06 09:45:00,13.613,40.247871811491926
2020-03-06 10:00:00,14.2725,40.06416743747187
2020-03-06 10:15:00,15.1515,37.94615663895492
2020-03-06 10:30:00,15.8105,37.72968013176065
2020-03-06 10:45:00,16.47,37.55231636034412
2020-03-06 11:00:00,17.129,37.32593659548973
2020-03-06 11:15:00,17.5685,37.16145113127924
2020-03-06 11:30:00,18.0075,37.22370309316452
2020-03-06 11:45:00,18.4475,38.64868044286561
2020-03-06 12:00:00,18.4475,39.18773882976632
2020-03-06 12:15:00,18.4475,39.435033475654535
2020-03-06 12:30:00,18.2275,34.69920650780914
2020-03-06 12:45:00,18.008,34.319098488786274
2020-03-06 13:00:00,18.008,34.50128804842794
2020-03-06 13:15:00,17.788,35.85716026130142
2020-03-06 13:30:00,17.5685,36.492118033553545
2020-03-06 13:45:00,17.5685,37.99087904607524
2020-03-06 14:00:00,17.1285,38.39149489688614
2020-03-06 14:15:00,17.1285,38.61760035563706
2020-03-06 14:30:00,17.1285,38.91907680539717
2020-03-06 14:45:00,16.909,39.733664546299515
2020-03-06 15:00:00,16.909,39.85952557109992
2020-03-06 15:15:00,16.909,39.88681973040585
2020-03-06 15:30:00,16.6895,39.93881898683854
2020-03-06 15:45:00,16.6895,39.68196966093826
2020-03-06 16:00:00,16.4695,39.66561209407215
2020-03-06 16:15:00,16.4695,40.21312885792933
2020-03-06 16:30:00,16.4695,40.21202370430258
2020-03-06 16:45:00,16.25,40.04642720472243
2020-03-06 17:00:00,16.25,40.06701778860972
2020-03-06 17:15:00,16.25,40.05593773404572
2020-03-06 17:30:00,16.0305,37.68607052257179
2020-03-06 17:45:00,16.0305,35.956800331109456
2020-03-06 18:00:00,16.0305,32.857166745859956
2020-03-06 18:15:00,16.0305,30.294955132399302
2020-03-06 18:30:00,16.0305,29.16956087516612
2020-03-06 18:45:00,16.0305,30.811171024587523
2020-03-06 19:00:00,16.0305,34.627055290972656
2020-03-06 19:15:00,15.3715,34.48908701828854
2020-03-06 19:30:00,14.712,29.485683014525268
2020-03-06 19:45:00,14.2725,28.643284805406115
2020-03-06 20:00:00,13.833,26.269998708979344
2020-03-06 20:15:00,13.6135,25.22769093962554
2020-03-06 20:30:00,13.6135,26.935490313316777
2020-03-06 20:45:00,13.6135,31.018097533872243
2020-03-06 21:00:00,13.3935,31.66296349489962
2020-03-06 21:15:00,13.1735,33.399754107307864
2020-03-06 21:30:00,12.954,32.549695195701005
2020-03-06 21:45:00,12.7345,33.124588661048556
2020-03-06 22:00:00,12.5145,31.630500286468315
2020-03-06 22:15:00,12.2945,28.64781599054033
2020-03-06 22:30:00,12.075,32.16018644129041
2020-03-06 22:45:00,11.8555,26.278612041657006
2020-03-06 23:00:00,11.6355,26.0613733913331
2020-03-06 23:15:00,11.6355,25.60579887334176
2020-03-06 23:30:00,11.6355,23.94744338266478
2020-03-06 23:45:00,11.6355,23.41877898287931
2020-03-07 00:00:00,11.6355,22.826441970373608
2020-03-07 00:15:00,11.6355,23.171862389327472
2020-03-07 00:30:00,11.6355,27.60899633171545
2020-03-07 00:45:00,11.6355,33.79251085354085
2020-03-07 01:00:00,11.6355,34.30303579680228
2020-03-07 01:15:00,11.6355,36.81556431268691
2020-03-07 01:30:00,11.855,36.72526363382381
2020-03-07 01:45:00,11.855,36.78869151761727
2020-03-07 02:00:00,11.855,37.01566331907443
2020-03-07 02:15:00,11.855,37.36310190573767
2020-03-07 02:30:00,11.855,36.261842370675815
2020-03-07 02:45:00,11.6355,36.233292710087085
2020-03-07 03:00:00,11.1965,36.51119103353337
2020-03-07 03:15:00,11.1965,35.943716768625315
2020-03-07 03:30:00,11.1965,36.05826182560919
2020-03-07 03:45:00,10.757,36.19681936809541
2020-03-07 04:00:00,10.757,35.882345395009466
2020-03-07 04:15:00,10.757,35.55889210145474
2020-03-07 04:30:00,10.5375,35.9678729400441
2020-03-07 04:45:00,10.3175,35.69268162920932
2020-03-07 05:00:00,10.0975,30.62961494800844
2020-03-07 05:15:00,10.0975,28.717747945411546
2020-03-07 05:30:00,10.0975,29.285133336205472
2020-03-07 05:45:00,10.0975,25.59740967510748
2020-03-07 06:00:00,9.6585,29.281736799201802
2020-03-07 06:15:00,9.6585,35.818227540085005
2020-03-07 06:30:00,9.6585,36.59012828720035
2020-03-07 06:45:00,9.6585,36.799992179323915
2020-03-07 07:00:00,9.4385,31.097864139799658
2020-03-07 07:15:00,9.4385,28.652433019284125
2020-03-07 07:30:00,9.4385,27.372328763352357
2020-03-07 07:45:00,9.4385,24.319761789029783
2020-03-07 08:00:00,9.4385,24.38110567061803
2020-03-07 08:15:00,9.4385,23.755716757567555
2020-03-07 08:30:00,9.4385,23.23749042148256
2020-03-07 08:45:00,9.4385,24.465193494928652
2020-03-07 09:00:00,9.6585,26.21348764276106
2020-03-07 09:15:00,9.6585,32.229573581378894
2020-03-07 09:30:00,9.6585,39.846461429184394
2020-03-07 09:45:00,9.6585,40.991393374651906
2020-03-07 10:00:00,9.6585,40.67610908034941
2020-03-07 10:15:00,10.0975,37.99148588199937
2020-03-07 10:30:00,10.0975,36.95258494096087
2020-03-07 10:45:00,10.0975,36.39245453887313
2020-03-07 11:00:00,10.0975,35.2814118144001
2020-03-07 11:15:00,10.0975,36.36710581137535
2020-03-07 11:30:00,10.0975,36.75267245240226
2020-03-07 11:45:00,10.0975,38.353861411233375
2020-03-07 12:00:00,10.3175,39.18954322726842
2020-03-07 12:15:00,10.3175,40.03152974536608
2020-03-07 12:30:00,10.5375,38.978356442212544
2020-03-07 12:45:00,10.757,38.96571573963552
2020-03-07 13:00:00,10.757,38.15124759012836
2020-03-07 13:15:00,10.9765,39.12114064426732
2020-03-07 13:30:00,11.1965,39.514792130802185
2020-03-07 13:45:00,11.1965,40.190358936938466
2020-03-07 14:00:00,11.6355,40.62572760067566
2020-03-07 14:15:00,11.6355,40.04846143332995
2020-03-07 14:30:00,11.6355,40.0470105856308
2020-03-07 14:45:00,11.6355,39.906073504855485
2020-03-07 15:00:00,11.6355,39.66473699640695
2020-03-07 15:15:00,11.6355,40.43510520114089
2020-03-07 15:30:00,11.6355,40.700448468190025
2020-03-07 15:45:00,11.6355,40.827475444374805
2020-03-07 16:00:00,11.855,40.44470754004784
2020-03-07 16:15:00,11.855,44.34676728561063
2020-03-07 16:30:00,11.855,41.41140090275851
2020-03-07 16:45:00,11.855,40.63340678650034
2020-03-07 17:00:00,11.855,39.9340242482083
2020-03-07 17:15:00,11.855,38.41404359528033
2020-03-07 17:30:00,11.855,34.95229544442232
2020-03-07 17:45:00,11.855,34.00984411795631
2020-03-07 18:00:00,11.855,34.68172376601909
2020-03-07 18:15:00,11.855,36.32658472061999
2020-03-07 18:30:00,11.855,36.63534253122811
2020-03-07 18:45:00,11.855,38.50725355369895
2020-03-07 19:00:00,11.855,38.55505190859497
2020-03-07 19:15:00,11.855,37.035526423874025
2020-03-07 19:30:00,11.855,25.93883623148173
2020-03-07 19:45:00,11.855,26.914087507628203
2020-03-07 20:00:00,11.855,31.599872788474265
2020-03-07 20:15:00,12.075,29.13356502347543
2020-03-07 20:30:00,12.075,36.24812351024048
2020-03-07 20:45:00,12.075,39.8625702345672
2020-03-07 21:00:00,12.075,39.23339458731291
2020-03-07 21:15:00,12.295,39.882632510814496
2020-03-07 21:30:00,12.295,39.73685224350399
2020-03-07 21:45:00,12.295,39.67807703375415
2020-03-07 22:00:00,12.295,39.59952821096756
2020-03-07 22:15:00,12.295,39.82541115327624
2020-03-07 22:30:00,12.295,40.511046738258074
2020-03-07 22:45:00,12.295,40.30672861694341
2020-03-07 23:00:00,12.295,40.60577419070055
2020-03-07 23:15:00,12.5145,39.86749652709849
2020-03-07 23:30:00,12.5145,36.5872015686051
2020-03-07 23:45:00,12.734,36.73572390027161
2020-03-08 00:00:00,12.734,38.13547776169018
2020-03-08 00:15:00,12.734,37.25243093766785
2020-03-08 00:30:00,12.734,38.16312247871392
2020-03-08 00:45:00,12.734,38.166380368684344
2020-03-08 01:00:00,12.5145,37.95834519370401
2020-03-08 01:15:00,12.5145,36.11236191138415
2020-03-08 01:30:00,12.5145,36.848552517183215
2020-03-08 01:45:00,12.5145,36.89647428911792
2020-03-08 02:00:00,12.5145,35.56792616741874
2020-03-08 02:15:00,12.295,36.40880352843574
2020-03-08 02:30:00,12.075,35.40600692262129
2020-03-08 02:45:00,12.075,33.95654282974193
2020-03-08 03:00:00,12.075,35.229527918306516
2020-03-08 03:15:00,12.075,34.77702343741677
2020-03-08 03:30:00,12.075,35.12051626661283
2020-03-08 03:45:00,12.075,35.58597619400423
2020-03-08 04:00:00,12.075,35.731270810301446
2020-03-08 04:15:00,12.075,33.321459471979296
2020-03-08 04:30:00,12.075,28.948610471278023
2020-03-08 04:45:00,12.075,31.131547984387854
2020-03-08 05:00:00,11.6355,26.533546811702195
2020-03-08 05:15:00,11.6355,25.372202675090683
2020-03-08 05:30:00,11.6355,26.350209522742798
2020-03-08 05:45:00,11.6355,23.264005826389358
2020-03-08 06:00:00,11.6355,23.505952137161593
2020-03-08 06:15:00,11.6355,23.413301038104724
2020-03-08 06:30:00,11.6355,24.77646162696719
2020-03-08 06:45:00,11.6355,25.016196331535514
2020-03-08 07:00:00,11.6355,24.992688705132327
2020-03-08 07:15:00,11.6355,26.836539574779227
2020-03-08 07:30:00,11.6355,27.370634501236
2020-03-08 07:45:00,11.6355,30.938812887991094
2020-03-08 08:00:00,11.6355,28.458692089559104
2020-03-08 08:15:00,11.8555,30.832485372023744
2020-03-08 08:30:00,12.075,33.639436692511545
2020-03-08 08:45:00,12.075,35.18755997792157
2020-03-08 09:00:00,12.5145,38.77438090924295
2020-03-08 09:15:00,12.954,40.31630729207627
2020-03-08 09:30:00,12.954,40.204068108301335
2020-03-08 09:45:00,13.1735,40.7565277218424
2020-03-08 10:00:00,13.6135,39.456421009989114
2020-03-08 10:15:00,13.833,35.54341036183935
2020-03-08 10:30:00,14.0525,32.39025126722026
2020-03-08 10:45:00,14.712,30.11034148980684
2020-03-08 11:00:00,15.1515,27.05475891522409
2020-03-08 11:15:00,15.8105,29.564836940195978
2020-03-08 11:30:00,16.4695,34.58088354441394
2020-03-08 11:45:00,17.129,36.42742744824584
2020-03-08 12:00:00,17.5685,38.12717789374078
2020-03-08 12:15:00,18.0075,36.686671760804046
2020-03-08 12:30:00,18.2275,32.872024556702925
2020-03-08 12:45:00,18.667,31.551088688759712
2020-03-08 13:00:00,19.1065,32.07772082147984
2020-03-08 13:15:00,19.3265,32.95056564654661
2020-03-08 13:30:00,19.1065,35.72512808752141
2020-03-08 13:45:00,18.887,39.36379889288687
2020-03-08 14:00:00,18.887,39.672603265487176
2020-03-08 14:15:00,18.667,40.141829707056516
2020-03-08 14:30:00,18.2275,40.26347030902545
2020-03-08 14:45:00,18.2275,40.212702319852184
2020-03-08 15:00:00,18.2275,39.92084351835514
2020-03-08 15:15:00,18.0075,39.61501672617412
2020-03-08 15:30:00,18.0075,39.88436514110895
2020-03-08 15:45:00,18.0075,38.72290640833773
2020-03-08 16:00:00,17.788,37.95018535080431
2020-03-08 16:15:00,17.788,37.970016746251424
2020-03-08 16:30:00,17.788,36.39548595623834
2020-03-08 16:45:00,17.5685,38.16193370285436
2020-03-08 17:00:00,17.5685,37.89410238852086
2020-03-08 17:15:00,17.5685,38.400112692599144
2020-03-08 17:30:00,17.3485,38.98666129026555
2020-03-08 17:45:00,17.1285,39.06152959163477
2020-03-08 18:00:00,17.1285,38.67020954834861
2020-03-08 18:15:00,16.909,38.62015141928529
2020-03-08 18:30:00,16.909,38.5406490373532
2020-03-08 18:45:00,16.6895,39.18283352916208
2020-03-08 19:00:00,16.6895,39.037051382700085
2020-03-08 19:15:00,16.6895,39.774241510112574
2020-03-08 19:30:00,16.6895,36.18689672726414
2020-03-08 19:45:00,16.4695,30.792110109822698
2020-03-08 20:00:00,16.4695,30.109408309312595
2020-03-08 20:15:00,16.25,32.00068342253134
2020-03-08 20:30:00,16.0305,28.504472513779877
2020-03-08 20:45:00,16.0305,33.06751343929383
2020-03-08 21:00:00,15.811,38.991062353979025
2020-03-08 21:15:00,15.591,40.277138311936945
2020-03-08 21:30:00,15.371,40.76305650293448
2020-03-08 21:45:00,15.371,40.85251970124103
2020-03-08 22:00:00,15.1515,40.578007513076244
2020-03-08 22:15:00,14.932,40.63239332147834
2020-03-08 22:30:00,14.932,39.73660229702653
2020-03-08 22:45:00,14.712,37.468927577970106
2020-03-08 23:00:00,14.712,37.138065007327675
2020-03-08 23:15:00,14.492,36.308840866353044
2020-03-08 23:30:00,14.2725,34.780061169676294
2020-03-08 23:45:00,14.2725,35.48513133201265
2020-03-09 00:00:00,13.833,33.46851298144821
2020-03-09 00:15:00,13.613,35.656937437008445
2020-03-09 00:30:00,13.3935,34.75247619841519
2020-03-09 00:45:00,12.954,35.24860972605514
2020-03-09 01:00:00,12.734,33.453655573437054
2020-03-09 01:15:00,12.5145,33.2431712284359
2020-03-09 01:30:00,12.075,32.08315658096835
2020-03-09 01:45:00,12.075,34.11961473545413
2020-03-09 02:00:00,11.6355,35.12497407307239
2020-03-09 02:15:00,11.6355,34.049688058522854
2020-03-09 02:30:00,11.416,35.398328648667025
2020-03-09 02:45:00,11.1965,35.187533436246426
2020-03-09 03:00:00,11.1965,32.731836224795096
2020-03-09 03:15:00,10.757,34.40622063733947
2020-03-09 03:30:00,10.757,34.769144226702984
2020-03-09 03:45:00,10.537,34.59808612786603
2020-03-09 04:00:00,10.3175,34.59402490690156
2020-03-09 04:15:00,10.3175,32.400975089257464
2020-03-09 04:30:00,9.878,33.54160736733275
2020-03-09 04:45:00,9.878,27.770339685304904
2020-03-09 05:00:00,9.4385,26.29425708573215
2020-03-09 05:15:00,9.4385,29.709545071020862
2020-03-09 05:30:00,9.2185,27.351914365101205
2020-03-09 05:45:00,8.999,28.21156619681612
2020-03-09 06:00:00,8.999,34.93204404460729
2020-03-09 06:15:00,8.999,34.43293510109549
2020-03-09 06:30:00,8.5595,33.68900517057633
2020-03-09 06:45:00,8.5595,33.70124842161085
2020-03-09 07:00:00,8.5595,34.72833655905061
2020-03-09 07:15:00,8.5595,34.35231094966111
2020-03-09 07:30:00,8.5595,34.57137356380475
2020-03-09 07:45:00,8.5595,36.201618541256785
2020-03-09 08:00:00,8.999,31.50015076334874
2020-03-09 08:15:00,9.4385,32.94801850348709
2020-03-09 08:30:00,9.878,33.65753687450197
2020-03-09 08:45:00,10.3175,34.71458594043023
2020-03-09 09:00:00,10.9765,38.69981601246162
2020-03-09 09:15:00,11.6355,39.53245729587979
2020-03-09 09:30:00,12.5145,40.13141820394093
2020-03-09 09:45:00,13.3935,40.4524532014253
2020-03-09 10:00:00,14.2725,40.621775039207336
2020-03-09 10:15:00,15.1515,36.45400185473407
2020-03-09 10:30:00,16.0305,34.75967391839078
2020-03-09 10:45:00,16.689,32.45120545992367
2020-03-09 11:00:00,17.5685,32.38482347282488
2020-03-09 11:15:00,18.447,33.91805087870494
2020-03-09 11:30:00,19.1065,35.21370231695754
2020-03-09 11:45:00,19.546,37.90132738422498
2020-03-09 12:00:00,19.985,38.372392841567
2020-03-09 12:15:00,20.6445,39.45994298885625
2020-03-09 12:30:00,21.084,40.19825495146527
2020-03-09 12:45:00,21.084,40.166417985676325
2020-03-09 13:00:00,21.963,40.37871672816808
2020-03-09 13:15:00,22.4025,40.282157424666046
2020-03-09 13:30:00,23.2815,40.22260360802671
2020-03-09 13:45:00,23.501,40.07728064302864
2020-03-09 14:00:00,23.721,40.10868987295854
2020-03-09 14:15:00,23.9405,40.03692505928904
2020-03-09 14:30:00,24.38,40.07989641812957
2020-03-09 14:45:00,24.8195,39.36914720742382
2020-03-09 15:00:00,25.259,38.828070137905385
2020-03-09 15:15:00,25.259,39.566285664646244
2020-03-09 15:30:00,25.039,38.63593468485495
2020-03-09 15:45:00,24.5995,36.48731313432772
2020-03-09 16:00:00,24.1605,34.5171590791175
2020-03-09 16:15:00,23.9405,32.1155510160606
2020-03-09 16:30:00,23.721,32.46885695412119
2020-03-09 16:45:00,23.281,32.7039813075729
2020-03-09 17:00:00,22.842,32.88957829729085
2020-03-09 17:15:00,22.622,34.91173864264625
2020-03-09 17:30:00,21.9625,35.33705711037217
2020-03-09 17:45:00,21.5235,36.222295314737735
2020-03-09 18:00:00,21.084,36.576125139802244
2020-03-09 18:15:00,20.425,35.378211639118554
2020-03-09 18:30:00,19.766,33.28730924737253
2020-03-09 18:45:00,19.326,33.20019254946305
2020-03-09 19:00:00,18.667,36.091241028417876
2020-03-09 19:15:00,18.2275,34.20923396642879
2020-03-09 19:30:00,17.788,33.26407706794591
2020-03-09 19:45:00,17.568,35.17846412129675
2020-03-09 20:00:00,17.129,36.44697196325487
2020-03-09 20:15:00,16.689,37.114658658485574
2020-03-09 20:30:00,16.25,39.09237149920321
2020-03-09 20:45:00,15.811,40.08571322020957
2020-03-09 21:00:00,15.591,37.2627426272708
2020-03-09 21:15:00,15.371,39.79457959929963
2020-03-09 21:30:00,14.932,39.17789044789895
2020-03-09 21:45:00,14.932,39.1018895186116
2020-03-09 22:00:00,14.492,40.96180932601683
2020-03-09 22:15:00,14.492,41.06831427749585
2020-03-09 22:30:00,14.2725,39.593507189295885
2020-03-09 22:45:00,14.053,40.594782559315405
2020-03-09 23:00:00,14.053,40.19390831912888
2020-03-09 23:15:00,14.053,40.259146618358294
2020-03-09 23:30:00,13.833,40.88336631757212
2020-03-09 23:45:00,13.613,40.180194597404046
2020-03-10 00:00:00,13.613,39.022456949593
2020-03-10 00:15:00,13.613,39.30086339152298
2020-03-10 00:30:00,13.613,39.49237817210543
2020-03-10 00:45:00,13.613,37.63428282991965
2020-03-10 01:00:00,13.174,38.19963536802778
2020-03-10 01:15:00,13.174,38.04231590739928
2020-03-10 01:30:00,13.174,37.93340069406737
2020-03-10 01:45:00,12.954,37.825293672792135
2020-03-10 02:00:00,12.954,37.20059081736918
2020-03-10 02:15:00,12.734,37.11289321696638
2020-03-10 02:30:00,12.5145,37.66956144296728
2020-03-10 02:45:00,12.5145,37.14032739417557
2020-03-10 03:00:00,12.5145,37.369717500371635
2020-03-10 03:15:00,12.295,36.089199084086594
2020-03-10 03:30:00,12.295,35.499959585566764
2020-03-10 03:45:00,12.075,35.242298148130594
2020-03-10 04:00:00,12.075,34.39236160365453
2020-03-10 04:15:00,11.855,34.19142938311007
2020-03-10 04:30:00,11.855,34.741006964436494
2020-03-10 04:45:00,11.855,34.91668735640004
2020-03-10 05:00:00,11.416,34.88961509028706
2020-03-10 05:15:00,11.416,35.40797268626442
2020-03-10 05:30:00,11.1965,34.39427772350341
2020-03-10 05:45:00,10.977,34.96633694302395
2020-03-10 06:00:00,10.757,35.69348755001775
2020-03-10 06:15:00,10.757,34.7620450378649
2020-03-10 06:30:00,10.757,35.47253846082023
2020-03-10 06:45:00,10.537,30.650996995824052
2020-03-10 07:00:00,10.3175,30.600141387547957
2020-03-10 07:15:00,10.3175,31.97701912273389
2020-03-10 07:30:00,10.3175,26.969092844948158
2020-03-10 07:45:00,10.537,29.05128839136727
2020-03-10 08:00:00,10.977,26.310794479765867
2020-03-10 08:15:00,11.416,24.564613605445732
2020-03-10 08:30:00,11.855,27.42467079590039
2020-03-10 08:45:00,12.295,26.365263649157296
2020-03-10 09:00:00,13.174,28.60715795035367
2020-03-10 09:15:00,14.053,36.453629195492205
2020-03-10 09:30:00,14.9315,38.92033755532763
2020-03-10 09:45:00,16.25,38.662666856811484
2020-03-10 10:00:00,17.1285,39.53544644137909
2020-03-10 10:15:00,18.2275,35.344271298783426
2020-03-10 10:30:00,19.3265,31.544212344497467
2020-03-10 10:45:00,20.205,28.342265266506455
2020-03-10 11:00:00,21.084,24.400065074559027
2020-03-10 11:15:00,21.5235,24.447549343895027
2020-03-10 11:30:00,22.622,25.745045813912096
2020-03-10 11:45:00,23.0615,28.852334018558114
2020-03-10 12:00:00,23.9405,33.64663551189707
2020-03-10 12:15:00,24.5995,35.46252382215776
2020-03-10 12:30:00,24.5995,36.40002966630794
2020-03-10 12:45:00,24.819,35.659768416745386
2020-03-10 13:00:00,25.698,35.823410545684894
2020-03-10 13:15:00,26.577,37.508781047989956
2020-03-10 13:30:00,27.676,37.267972743162595
2020-03-10 13:45:00,28.1155,37.831691623465716
2020-03-10 14:00:00,28.555,37.507258647435876
2020-03-10 14:15:00,28.7745,36.30020497989931
2020-03-10 14:30:00,29.6535,38.11253746293255
2020-03-10 14:45:00,30.0925,36.87412802201496
2020-03-10 15:00:00,30.532,37.084775378422
2020-03-10 15:15:00,30.532,38.12717420005857
2020-03-10 15:30:00,30.312,38.211266645784846
2020-03-10 15:45:00,30.0925,38.37594972751881
2020-03-10 16:00:00,29.6535,37.905400213104926
2020-03-10 16:15:00,29.4335,37.93212989211029
2020-03-10 16:30:00,28.9945,38.46935265491415
2020-03-10 16:45:00,28.7745,38.81260235335521
2020-03-10 17:00:00,28.115,39.38826143803221
2020-03-10 17:15:00,27.676,38.606888779883626
2020-03-10 17:30:00,27.0165,39.07256677106038
2020-03-10 17:45:00,26.3575,38.51181792567354
2020-03-10 18:00:00,25.6985,35.378462383698384
2020-03-10 18:15:00,25.259,35.32018624158704
2020-03-10 18:30:00,24.8195,36.611628178890236
2020-03-10 18:45:00,24.38,37.07059902309584
2020-03-10 19:00:00,23.721,38.010181668786004
2020-03-10 19:15:00,23.281,36.80201189179876
2020-03-10 19:30:00,22.622,35.816715278831516
2020-03-10 19:45:00,22.1825,32.43114856253098
2020-03-10 20:00:00,21.743,30.941864859566365
2020-03-10 20:15:00,21.3035,32.511601021365074
2020-03-10 20:30:00,20.645,32.4149657045382
2020-03-10 20:45:00,20.205,32.46194717780827
2020-03-10 21:00:00,19.9855,34.61372967764888
2020-03-10 21:15:00,19.766,33.28852141598636
2020-03-10 21:30:00,19.326,32.2113803597197
2020-03-10 21:45:00,19.1065,31.249952940558533
2020-03-10 22:00:00,18.887,28.55274202750939
2020-03-10 22:15:00,18.447,26.60368105233458
2020-03-10 22:30:00,18.2275,24.835319761785797
2020-03-10 22:45:00,18.008,24.79754458624989
2020-03-10 23:00:00,17.568,27.83352045937942
2020-03-10 23:15:00,17.568,32.0399725838951
2020-03-10 23:30:00,17.3485,36.45148370975953
2020-03-10 23:45:00,17.129,35.53755859515168
2020-03-11 00:00:00,16.909,34.41141460529034
2020-03-11 00:15:00,16.689,29.59554678999196
2020-03-11 00:30:00,16.689,27.53946196307378
2020-03-11 00:45:00,16.689,28.7860027071924
2020-03-11 01:00:00,16.689,24.624389207615486
2020-03-11 01:15:00,16.689,29.298268698614866
2020-03-11 01:30:00,16.689,31.215429171609987
2020-03-11 01:45:00,16.689,27.469529619100268
2020-03-11 02:00:00,16.689,25.791649373245583
2020-03-11 02:15:00,16.689,26.910953207086322
2020-03-11 02:30:00,16.25,24.408271479241854
2020-03-11 02:45:00,16.25,24.918164409929037
2020-03-11 03:00:00,16.0305,23.588812745215893
2020-03-11 03:15:00,15.811,22.552771938182616
2020-03-11 03:30:00,15.371,22.058064015598113
2020-03-11 03:45:00,15.371,22.63938463475514
2020-03-11 04:00:00,14.932,22.91897003580482
2020-03-11 04:15:00,14.932,23.135817040580548
2020-03-11 04:30:00,14.492,24.027231860675915
2020-03-11 04:45:00,14.492,24.573710413692616
2020-03-11 05:00:00,14.2725,25.381915279686414
2020-03-11 05:15:00,14.053,25.58954840448789
2020-03-11 05:30:00,13.833,26.043655178243466
2020-03-11 05:45:00,13.833,24.56294496118049
2020-03-11 06:00:00,13.613,24.731570408150755
2020-03-11 06:15:00,13.613,26.380954846193063
2020-03-11 06:30:00,13.174,26.779588143128148
2020-03-11 06:45:00,13.174,25.414440561847563
2020-03-11 07:00:00,13.174,24.434368108646776
2020-03-11 07:15:00,13.174,24.319345504306526
2020-03-11 07:30:00,13.174,24.721473500819773
2020-03-11 07:45:00,13.3935,24.49559353975187
2020-03-11 08:00:00,14.053,24.232940161951852
2020-03-11 08:15:00,14.492,23.94285970767933
2020-03-11 08:30:00,15.371,23.94285970767933
2020-03-11 08:45:00,16.0305,23.972606207756083
2020-03-11 09:00:00,16.689,23.878211434940262
2020-03-11 09:15:00,17.568,23.8944557155796
2020-03-11 09:30:00,18.667,23.836496567464682
2020-03-11 09:45:00,19.3265,24.142159149313123
2020-03-11 10:00:00,20.425,24.186494868068003
2020-03-11 10:15:00,21.743,24.09679879727768
2020-03-11 10:30:00,22.8415,23.761357013782398
2020-03-11 10:45:00,23.9405,23.970684777598418
2020-03-11 11:00:00,24.8195,24.117695943094198
2020-03-11 11:15:00,25.918,24.149206142838285
2020-03-11 11:30:00,26.797,24.327905064466936
2020-03-11 11:45:00,27.8955,24.694191664870697
2020-03-11 12:00:00,28.994,24.569519882436897
2020-03-11 12:15:00,29.6535,24.42651144407709
2020-03-11 12:30:00,29.873,24.23262268903702
2020-03-11 12:45:00,30.3125,23.80820177727706
2020-03-11 13:00:00,30.972,24.145795352676178
2020-03-11 13:15:00,31.8505,24.6790368648042
2020-03-11 13:30:00,32.51,26.76238590070186
2020-03-11 13:45:00,32.7295,28.93038731680559
2020-03-11 14:00:00,32.9495,34.925253442134974
2020-03-11 14:15:00,33.169,35.51283456104214
2020-03-11 14:30:00,33.169,35.58172665953411
2020-03-11 14:45:00,33.6085,36.458629557229486
2020-03-11 15:00:00,34.048,36.061145321742465
2020-03-11 15:15:00,34.048,36.115224141921225
2020-03-11 15:30:00,33.8285,36.341520448038736
2020-03-11 15:45:00,33.169,36.41197083686641
2020-03-11 16:00:00,32.949,36.137469090177916
2020-03-11 16:15:00,32.7295,36.51955316923609
2020-03-11 16:30:00,32.29,36.64477280523805
2020-03-11 16:45:00,32.07,37.065312301028825
2020-03-11 17:00:00,31.631,35.44362886334855
2020-03-11 17:15:00,31.411,36.57203989230755
2020-03-11 17:30:00,30.9715,36.29271142450374
2020-03-11 17:45:00,30.532,32.672636974878834
2020-03-11 18:00:00,30.0925,32.65865736755545
2020-03-11 18:15:00,29.434,27.064403063121222
2020-03-11 18:30:00,28.7745,28.81520825594443
2020-03-11 18:45:00,28.115,31.14875439915891
2020-03-11 19:00:00,27.236,30.516667175643512
2020-03-11 19:15:00,26.797,35.89870386946994
2020-03-11 19:30:00,26.357,30.40868200847299
2020-03-11 19:45:00,25.6985,27.672372257280777
2020-03-11 20:00:00,25.259,24.671365462129245
2020-03-11 20:15:00,24.8195,20.966541155225165
2020-03-11 20:30:00,24.6,21.70312176702878
2020-03-11 20:45:00,24.16,22.167626243153453
2020-03-11 21:00:00,23.721,22.42115256927352
2020-03-11 21:15:00,23.281,24.31080657958107
2020-03-11 21:30:00,23.281,27.03471835190781
2020-03-11 21:45:00,23.281,30.132754486725258
2020-03-11 22:00:00,22.842,34.573057832036525
2020-03-11 22:15:00,22.842,35.564617704171546
2020-03-11 22:30:00,22.842,37.409073448346994
2020-03-11 22:45:00,22.842,37.97486755092849
2020-03-11 23:00:00,22.842,36.93096729612933
2020-03-11 23:15:00,22.622,35.42374922492133
2020-03-11 23:30:00,22.622,33.997379030746785
2020-03-11 23:45:00,22.402,34.46123128256134
2020-03-12 00:00:00,22.402,34.091604695692915
2020-03-12 00:15:00,22.1825,33.838474545366005
2020-03-12 00:30:00,22.1825,30.641300620055688
2020-03-12 00:45:00,21.963,30.303679020322427
2020-03-12 01:00:00,21.963,28.38493994276159
2020-03-12 01:15:00,21.523,26.98735172237935
2020-03-12 01:30:00,21.3035,24.76143437473861
2020-03-12 01:45:00,21.084,23.266324913033387
2020-03-12 02:00:00,20.645,22.832883243629137
2020-03-12 02:15:00,20.205,23.311434856822753
2020-03-12 02:30:00,19.9855,23.280190864741055
2020-03-12 02:45:00,19.766,23.68425105089092
2020-03-12 03:00:00,19.326,23.916365219132704
2020-03-12 03:15:00,18.887,22.660086005680384
2020-03-12 03:30:00,18.667,22.637660129524466
2020-03-12 03:45:00,18.447,22.39748363777729
2020-03-12 04:00:00,18.2275,22.254169491374817
2020-03-12 04:15:00,18.008,22.342646776929545
2020-03-12 04:30:00,17.568,22.538651112739498
2020-03-12 04:45:00,17.568,22.89997270492345
2020-03-12 05:00:00,17.3485,24.03560282904135
2020-03-12 05:15:00,17.129,24.133810131417825
2020-03-12 05:30:00,17.129,23.94152644458349
2020-03-12 05:45:00,17.129,23.911191231652705
2020-03-12 06:00:00,17.129,23.92217874250037
2020-03-12 06:15:00,17.129,23.90854664787105
2020-03-12 06:30:00,17.129,23.878211434940262
2020-03-12 06:45:00,17.129,23.964215105066515
2020-03-12 07:00:00,17.129,23.95027359112332
2020-03-12 07:15:00,17.129,24.050421988724075
2020-03-12 07:30:00,17.129,23.983976414625968
2020-03-12 07:45:00,17.568,24.00846913562949
2020-03-12 08:00:00,18.008,23.74046284929612
2020-03-12 08:15:00,18.447,23.996668861588002
2020-03-12 08:30:00,19.1065,24.077404672004057
2020-03-12 08:45:00,19.766,25.111460170244467
2020-03-12 09:00:00,20.205,26.808271715285265
2020-03-12 09:15:00,21.084,28.94676931733985
2020-03-12 09:30:00,21.9625,30.012902934309544
2020-03-12 09:45:00,23.2815,26.360867625022607
2020-03-12 10:00:00,24.38,23.334037755440193
2020-03-12 10:15:00,25.4785,23.67730665428017
2020-03-12 10:30:00,26.7965,24.027306045935326
2020-03-12 10:45:00,27.676,24.562774131694773
2020-03-12 11:00:00,28.335,24.54599229609853
2020-03-12 11:15:00,28.994,24.490222780475502
2020-03-12 11:30:00,29.6535,24.61630229147902
2020-03-12 11:45:00,30.752,24.651454238337546
2020-03-12 12:00:00,31.411,24.725403756774657
2020-03-12 12:15:00,32.07,24.715216912965065
2020-03-12 12:30:00,32.29,24.774190558216166
2020-03-12 12:45:00,32.7295,24.657012967133188
2020-03-12 13:00:00,33.608,24.705799768574693
2020-03-12 13:15:00,34.2675,24.730341971411853
2020-03-12 13:30:00,35.1465,25.262528920665886
2020-03-12 13:45:00,35.366,24.968797258047445
2020-03-12 14:00:00,35.8055,24.7037973659999
2020-03-12 14:15:00,36.245,24.1117391761815
2020-03-12 14:30:00,36.904,23.93588965691848
2020-03-12 14:45:00,37.344,23.37633030926617
2020-03-12 15:00:00,38.003,24.03097392788647
2020-03-12 15:15:00,38.003,23.261617815334144
2020-03-12 15:30:00,37.7835,23.89666489811601
2020-03-12 15:45:00,37.124,24.520117384791458
2020-03-12 16:00:00,36.6845,23.961882727295258
2020-03-12 16:15:00,36.245,23.81389470263791
2020-03-12 16:30:00,36.0255,24.864685486767673
2020-03-12 16:45:00,35.5855,24.47585607111001
2020-03-12 17:00:00,35.1465,23.72639956015114
2020-03-12 17:15:00,34.9265,25.8863899322772
2020-03-12 17:30:00,34.4875,30.515890209533275
2020-03-12 17:45:00,34.048,37.38212301810984
2020-03-12 18:00:00,33.6085,36.079141260290456
2020-03-12 18:15:00,32.949,37.380199516997465
2020-03-12 18:30:00,32.29,37.725482122179955
2020-03-12 18:45:00,31.631,36.82295695721962
2020-03-12 19:00:00,30.752,38.440786643776356
2020-03-12 19:15:00,30.0925,37.860455700160706
2020-03-12 19:30:00,29.434,31.711931342575035
2020-03-12 19:45:00,28.7745,30.36927278283479
2020-03-12 20:00:00,28.115,29.265819078464105
2020-03-12 20:15:00,27.676,26.263104784472155
2020-03-12 20:30:00,26.797,30.381869295104647
2020-03-12 20:45:00,26.357,36.65167784433163
2020-03-12 21:00:00,25.918,35.90425565660609
2020-03-12 21:15:00,25.479,37.30396209725184
2020-03-12 21:30:00,25.039,38.1235683537211
2020-03-12 21:45:00,24.6,38.68514599787073
2020-03-12 22:00:00,24.6,38.76164743703664
2020-03-12 22:15:00,24.16,37.87185900335266
2020-03-12 22:30:00,23.721,38.99126668250687
2020-03-12 22:45:00,23.721,38.33011705251842
2020-03-12 23:00:00,23.501,39.03202684316709
2020-03-12 23:15:00,23.281,38.05639960730572
2020-03-12 23:30:00,23.281,38.04624400525173
2020-03-12 23:45:00,22.842,37.45862138564369
2020-03-13 00:00:00,22.842,37.02873306451597
2020-03-13 00:15:00,22.842,36.272579899871765
2020-03-13 00:30:00,22.402,34.6985984009118
2020-03-13 00:45:00,22.402,33.06450659687713
2020-03-13 01:00:00,21.963,33.3674265211862
2020-03-13 01:15:00,21.963,34.37775298362275
2020-03-13 01:30:00,21.523,33.59675623338905
2020-03-13 01:45:00,21.523,34.43765603812855
2020-03-13 02:00:00,21.084,35.10296854445021
2020-03-13 02:15:00,21.084,34.385834844558126
2020-03-13 02:30:00,20.645,34.28943865838989
2020-03-13 02:45:00,20.645,34.29285621435036
2020-03-13 03:00:00,20.645,34.274404217676405
2020-03-13 03:15:00,20.425,34.542152246043045
2020-03-13 03:30:00,20.205,33.22886252611914
2020-03-13 03:45:00,20.205,34.76255172072187
2020-03-13 04:00:00,19.9855,34.605671060271284
2020-03-13 04:15:00,19.766,34.651116644687896
2020-03-13 04:30:00,19.766,35.02897591350867
2020-03-13 04:45:00,19.766,35.68748433418024
2020-03-13 05:00:00,19.766,35.409889849606536
2020-03-13 05:15:00,19.766,35.52527664114732
2020-03-13 05:30:00,19.766,35.78159989416795
2020-03-13 05:45:00,19.766,35.96796137465824
2020-03-13 06:00:00,19.546,33.32419479109963
2020-03-13 06:15:00,19.546,35.12210504479698
2020-03-13 06:30:00,19.326,34.77071815303201
2020-03-13 06:45:00,19.326,34.19972992256977
2020-03-13 07:00:00,19.1065,31.819325462261848
2020-03-13 07:15:00,19.1065,32.72480139788755
2020-03-13 07:30:00,19.1065,32.837390023372784
2020-03-13 07:45:00,19.326,32.98859784640054
2020-03-13 08:00:00,19.766,30.330132147193176
2020-03-13 08:15:00,20.645,28.298142306291254
2020-03-13 08:30:00,21.084,30.302835949246298
2020-03-13 08:45:00,21.743,26.803523967855355
2020-03-13 09:00:00,22.402,31.753086952445933
2020-03-13 09:15:00,23.0615,37.84842574477644
2020-03-13 09:30:00,24.1605,39.1270488579873
2020-03-13 09:45:00,25.259,39.06942439297504
2020-03-13 10:00:00,26.3575,39.388494428576095
2020-03-13 10:15:00,27.456,35.60757930193969
2020-03-13 10:30:00,28.7745,33.87496310797604
2020-03-13 10:45:00,29.6535,32.8797282128152
2020-03-13 11:00:00,30.312,27.496959530787187
2020-03-13 11:15:00,31.1915,28.97145208103761
2020-03-13 11:30:00,31.8505,25.551944885883575
2020-03-13 11:45:00,32.7295,24.410864843460093
2020-03-13 12:00:00,33.3885,25.928869359895707
2020-03-13 12:15:00,33.828,23.734345512885245
2020-03-13 12:30:00,34.2675,27.221807898330507
2020-03-13 12:45:00,34.4875,30.741970724389134
2020-03-13 13:00:00,35.586,32.92179209744874
2020-03-13 13:15:00,36.245,36.09144534355152
2020-03-13 13:30:00,37.124,36.27545781496998
2020-03-13 13:45:00,37.344,36.729147554183264
2020-03-13 14:00:00,37.7835,36.42816182019642
2020-03-13 14:15:00,38.4425,36.82389341183861
2020-03-13 14:30:00,38.882,36.926377560286696
2020-03-13 14:45:00,39.3215,37.33246426067926
2020-03-13 15:00:00,39.3215,37.44274557240965
2020-03-13 15:15:00,39.3215,36.938880001832835
2020-03-13 15:30:00,39.102,37.35448029613402
2020-03-13 15:45:00,38.662,35.97541294782746
2020-03-13 16:00:00,38.223,36.67915387538782
2020-03-13 16:15:00,37.783,37.029949704851084
2020-03-13 16:30:00,37.344,37.56312060177292
2020-03-13 16:45:00,36.904,37.91251619061806
2020-03-13 17:00:00,36.465,39.49457985111141
2020-03-13 17:15:00,36.025,38.89865183080669
2020-03-13 17:30:00,35.586,36.780592490844406
2020-03-13 17:45:00,35.366,37.93945846902636
2020-03-13 18:00:00,34.9265,38.27776236652372
2020-03-13 18:15:00,34.4875,38.35952424703961
2020-03-13 18:30:00,33.828,38.49682326123308
2020-03-13 18:45:00,33.389,39.61163203079352
2020-03-13 19:00:00,32.51,39.6499368504828
2020-03-13 19:15:00,32.07,38.437683015396715
2020-03-13 19:30:00,31.631,32.00208562126603
2020-03-13 19:45:00,30.752,29.204806126046435
2020-03-13 20:00:00,30.312,28.088026168711906
2020-03-13 20:15:00,29.873,25.445813958650437
2020-03-13 20:30:00,29.434,30.63323112900621
2020-03-13 20:45:00,29.214,37.17754517724889
2020-03-13 21:00:00,28.7745,38.9758321482473
2020-03-13 21:15:00,28.335,39.737038580473154
2020-03-13 21:30:00,28.115,39.756020331115
2020-03-13 21:45:00,27.676,39.29849737911478
2020-03-13 22:00:00,27.236,38.21605006319931
2020-03-13 22:15:00,26.797,37.80956292985219
2020-03-13 22:30:00,26.797,38.059678691907685
2020-03-13 22:45:00,26.357,37.47179848311789
2020-03-13 23:00:00,26.357,36.364102823342854
2020-03-13 23:15:00,25.918,35.507940623316145
2020-03-13 23:30:00,25.918,35.478825300101406
2020-03-13 23:45:00,25.6985,34.28157609813527
2020-03-14 00:00:00,25.479,33.7352675801004
2020-03-14 00:15:00,25.479,33.86308353389949
2020-03-14 00:30:00,25.039,33.11961782439389
2020-03-14 00:45:00,25.039,33.0132574820083
2020-03-14 01:00:00,24.8195,34.02471656484956
2020-03-14 01:15:00,24.6,34.0843369957003
2020-03-14 01:30:00,24.38,34.42059801887014
2020-03-14 01:45:00,24.16,33.73385268177781
2020-03-14 02:00:00,24.16,34.16982418179048
2020-03-14 02:15:00,24.16,34.53789951994052
2020-03-14 02:30:00,24.16,34.34160875729094
2020-03-14 02:45:00,23.721,34.397954073619665
2020-03-14 03:00:00,23.721,34.685606410284755
2020-03-14 03:15:00,23.721,33.62331748608612
2020-03-14 03:30:00,23.721,34.16424237106518
2020-03-14 03:45:00,23.721,34.290140575634716
2020-03-14 04:00:00,23.721,33.09329448864817
2020-03-14 04:15:00,23.501,33.51898945875514
2020-03-14 04:30:00,23.501,33.15649636850635
2020-03-14 04:45:00,23.501,33.78155455599985
2020-03-14 05:00:00,23.501,33.787430756711366
2020-03-14 05:15:00,23.501,33.679896668364286
2020-03-14 05:30:00,23.501,34.382387309527225
2020-03-14 05:45:00,23.501,33.01239342938052
2020-03-14 06:00:00,23.501,34.502289648614045
2020-03-14 06:15:00,23.501,33.82720693939097
2020-03-14 06:30:00,23.501,33.32492337013178
2020-03-14 06:45:00,23.501,34.72900367333283
2020-03-14 07:00:00,23.501,35.00260280719003
2020-03-14 07:15:00,23.721,35.16252767391258
2020-03-14 07:30:00,23.721,35.29002936158794
2020-03-14 07:45:00,23.721,34.4702380487161
2020-03-14 08:00:00,23.721,28.572314935183673
2020-03-14 08:15:00,23.281,28.144422940526894
2020-03-14 08:30:00,23.281,30.96409313611247
2020-03-14 08:45:00,23.501,29.172972256895424
2020-03-14 09:00:00,23.721,32.67730902140081
2020-03-14 09:15:00,23.9405,36.454352449731374
2020-03-14 09:30:00,24.16,36.892256474431484
2020-03-14 09:45:00,24.38,37.619840384763144
2020-03-14 10:00:00,24.8195,37.47287613963309
2020-03-14 10:15:00,25.039,32.067818671449054
2020-03-14 10:30:00,25.259,30.520554616223134
2020-03-14 10:45:00,25.479,26.993361468718057
2020-03-14 11:00:00,25.6985,24.109456618310382
2020-03-14 11:15:00,25.6985,23.97207691654085
2020-03-14 11:30:00,25.6985,24.068803016387257
2020-03-14 11:45:00,25.918,23.855820836400007
2020-03-14 12:00:00,26.3575,23.822274554210345
2020-03-14 12:15:00,26.577,25.14361553173472
2020-03-14 12:30:00,27.0165,27.85938863006998
2020-03-14 12:45:00,27.456,31.89510226546985
2020-03-14 13:00:00,27.456,37.58577322054857
2020-03-14 13:15:00,28.1155,37.73033177277033
2020-03-14 13:30:00,28.9945,36.02072267541867
2020-03-14 13:45:00,29.4335,36.29443082385904
2020-03-14 14:00:00,29.4335,35.09429342011586
2020-03-14 14:15:00,29.4335,33.38466385083711
2020-03-14 14:30:00,29.4335,30.07172420708137
2020-03-14 14:45:00,29.214,28.27024222013699
2020-03-14 15:00:00,28.9945,28.065682584030707
2020-03-14 15:15:00,28.9945,28.542751052591267
2020-03-14 15:30:00,28.5545,32.25335080412828
2020-03-14 15:45:00,28.1155,36.872148442839936
2020-03-14 16:00:00,28.1155,37.156268370235416
2020-03-14 16:15:00,27.6755,37.639321493147904
2020-03-14 16:30:00,27.6755,37.38700747547437
2020-03-14 16:45:00,27.6755,37.41543202257779
2020-03-14 17:00:00,27.456,39.00945814950394
2020-03-14 17:15:00,27.456,39.35693348305342
2020-03-14 17:30:00,27.456,38.679011095605105
2020-03-14 17:45:00,27.456,38.56199657636402
2020-03-14 18:00:00,27.2365,38.46043180203125
2020-03-14 18:15:00,27.2365,39.545540592770664
2020-03-14 18:30:00,27.2365,38.81009083563054
2020-03-14 18:45:00,27.0165,37.86581858443901
2020-03-14 19:00:00,27.0165,38.99690884331303
2020-03-14 19:15:00,27.0165,39.273191069561385
2020-03-14 19:30:00,26.7965,36.66421002412125
2020-03-14 19:45:00,26.7965,31.56052017713117
2020-03-14 20:00:00,26.577,33.92308995114646
2020-03-14 20:15:00,26.577,33.05418822510099
2020-03-14 20:30:00,26.577,32.784521505679315
2020-03-14 20:45:00,26.3575,38.577016601937586
2020-03-14 21:00:00,26.3575,39.161907814398596
2020-03-14 21:15:00,26.1375,39.65326997201367
2020-03-14 21:30:00,26.1375,39.850133822989186
2020-03-14 21:45:00,26.1375,39.823702472298834
2020-03-14 22:00:00,25.918,39.834472147844494
2020-03-14 22:15:00,25.918,38.615687665985334
2020-03-14 22:30:00,25.918,38.257047158876425
2020-03-14 22:45:00,25.6985,38.61680141707582
2020-03-14 23:00:00,25.6985,36.63094579831774
2020-03-14 23:15:00,25.6985,36.52953413407348
2020-03-14 23:30:00,25.6985,37.54780421405349
2020-03-14 23:45:00,25.6985,36.8618222753754
2020-03-15 00:00:00,25.6985,37.14766009241249
2020-03-15 00:15:00,25.479,36.489868379264415
2020-03-15 00:30:00,25.479,35.21105104710558
2020-03-15 00:45:00,25.479,35.500197102412386
2020-03-15 01:00:00,25.479,34.9316218978638
2020-03-15 01:15:00,25.479,34.473552896872356
2020-03-15 01:30:00,25.259,34.764195977539416
2020-03-15 01:45:00,25.039,35.02556427230854
2020-03-15 02:00:00,25.039,35.108503134768895
2020-03-15 02:15:00,25.039,35.25840601556163
2020-03-15 02:30:00,25.039,34.739528475481016
2020-03-15 02:45:00,24.8195,34.876960536637895
2020-03-15 03:00:00,24.8195,34.23677712540203
2020-03-15 03:15:00,24.6,33.76307407322412
2020-03-15 03:30:00,24.6,33.74469010067597
2020-03-15 03:45:00,24.6,33.07436119828151
2020-03-15 04:00:00,24.6,32.67522428798828
2020-03-15 04:15:00,24.38,33.66536586063539
2020-03-15 04:30:00,24.38,34.00172219364685
2020-03-15 04:45:00,24.38,34.36214126368208
2020-03-15 05:00:00,24.16,34.398070572510434
2020-03-15 05:15:00,24.16,33.93235702620425
2020-03-15 05:30:00,24.16,34.753737701134895
2020-03-15 05:45:00,24.16,34.881853051125475
2020-03-15 06:00:00,24.16,35.107817418455895
2020-03-15 06:15:00,24.16,35.149010004744575
2020-03-15 06:30:00,24.16,34.22231551855533
2020-03-15 06:45:00,24.16,35.38679620011347
2020-03-15 07:00:00,24.16,35.180428958453405
2020-03-15 07:15:00,24.16,35.82336868718828
2020-03-15 07:30:00,24.16,36.14107264359039
2020-03-15 07:45:00,24.16,35.682260296366344
2020-03-15 08:00:00,24.6,34.4652941380031
2020-03-15 08:15:00,24.6,35.00110930392996
2020-03-15 08:30:00,24.8195,34.969412351868904
2020-03-15 08:45:00,25.039,35.900013506936745
2020-03-15 09:00:00,25.259,36.75656252649988
2020-03-15 09:15:00,25.479,37.21132915673714
2020-03-15 09:30:00,25.6985,37.32209202523866
2020-03-15 09:45:00,26.1375,37.03917654504199
2020-03-15 10:00:00,26.577,36.088208824585905
2020-03-15 10:15:00,26.7965,34.569493998836144
2020-03-15 10:30:00,27.456,34.46367802611645
2020-03-15 10:45:00,27.8955,31.557028295706814
2020-03-15 11:00:00,28.555,28.907115186730024
2020-03-15 11:15:00,28.994,29.007815665984253
2020-03-15 11:30:00,29.214,29.677138442516107
2020-03-15 11:45:00,29.6535,34.604848369734974
2020-03-15 12:00:00,29.873,35.76111386411504
2020-03-15 12:15:00,30.0925,36.75273948933594
2020-03-15 12:30:00,30.312,37.61562004225573
2020-03-15 12:45:00,30.312,37.71988306155423
2020-03-15 13:00:00,31.191,37.66602774418118
2020-03-15 13:15:00,31.8505,37.56797729665334
2020-03-15 13:30:00,32.7295,37.434197945507485
2020-03-15 13:45:00,33.169,37.55929551257872
2020-03-15 14:00:00,33.828,37.47695660007725
2020-03-15 14:15:00,34.048,36.88323243616981
2020-03-15 14:30:00,34.707,36.85295719498278
2020-03-15 14:45:00,34.9265,36.99472942094192
2020-03-15 15:00:00,35.1465,36.29611624523496
2020-03-15 15:15:00,35.366,35.83516106621486
2020-03-15 15:30:00,35.366,36.52354061442351
2020-03-15 15:45:00,35.366,36.14024936105867
2020-03-15 16:00:00,35.366,36.20250436438076
2020-03-15 16:15:00,34.048,36.77471427088099
2020-03-15 16:30:00,32.7295,36.56928330780368
2020-03-15 16:45:00,31.6305,37.106894262961504
2020-03-15 17:00:00,30.752,37.79608228494625
2020-03-15 17:15:00,29.873,37.62935281522425
2020-03-15 17:30:00,29.434,36.19717884891137
2020-03-15 17:45:00,28.994,37.189452883095804
2020-03-15 18:00:00,28.994,37.11565990327846
2020-03-15 18:15:00,28.994,35.88068005102411
2020-03-15 18:30:00,28.335,37.99274304116079
2020-03-15 18:45:00,27.0165,38.2660285623391
2020-03-15 19:00:00,24.6,38.87674639351122
2020-03-15 19:15:00,22.622,37.05528405338941
2020-03-15 19:30:00,21.084,36.62256299070728
2020-03-15 19:45:00,20.2055,31.293588246792773
2020-03-15 20:00:00,19.546,27.165271039106226
2020-03-15 20:15:00,18.667,24.556074618884008
2020-03-15 20:30:00,18.2275,23.991522712644738
2020-03-15 20:45:00,17.788,23.81750474268849
2020-03-15 21:00:00,17.129,23.86315313859674
2020-03-15 21:15:00,16.689,23.732199321611052
2020-03-15 21:30:00,16.4695,24.63923237838772
2020-03-15 21:45:00,16.25,26.141322198385133
2020-03-15 22:00:00,15.811,27.32588305648152
2020-03-15 22:15:00,15.591,32.46832437615115
2020-03-15 22:30:00,15.1515,34.28549534649469
2020-03-15 22:45:00,14.712,36.19018970703938
2020-03-15 23:00:00,14.712,35.74385291522957
2020-03-15 23:15:00,14.492,37.01816033373655
2020-03-15 23:30:00,14.492,36.84834478135426
2020-03-15 23:45:00,14.492,36.544214653792984
2020-03-16 00:00:00,14.053,35.86416263100375
2020-03-16 00:15:00,14.053,35.75274798507737
2020-03-16 00:30:00,13.833,35.141887611134074
2020-03-16 00:45:00,13.613,34.64219469181852
2020-03-16 01:00:00,13.613,35.32129891401994
2020-03-16 01:15:00,13.3935,33.95291334811174
2020-03-16 01:30:00,13.174,35.16687569236792
2020-03-16 01:45:00,13.174,34.89865467307071
2020-03-16 02:00:00,12.954,34.678079365444496
2020-03-16 02:15:00,12.734,35.25774680487064
2020-03-16 02:30:00,12.734,34.05500196102328
2020-03-16 02:45:00,12.734,34.050278438122156
2020-03-16 03:00:00,12.734,33.809935174848846
2020-03-16 03:15:00,12.734,33.077813213092064
2020-03-16 03:30:00,12.954,34.12769255725001
2020-03-16 03:45:00,12.954,33.439419122251884
2020-03-16 04:00:00,12.954,33.356406576036825
2020-03-16 04:15:00,12.954,33.46021863072419
2020-03-16 04:30:00,12.954,33.10136553807387
2020-03-16 04:45:00,12.7345,33.207345965074744
2020-03-16 05:00:00,12.5145,33.16807733100653
2020-03-16 05:15:00,12.5145,33.172588818016465
2020-03-16 05:30:00,12.5145,32.913309474688795
2020-03-16 05:45:00,12.5145,32.85377764833248
2020-03-16 06:00:00,12.075,33.21206282377156
2020-03-16 06:15:00,11.6355,33.24143156681417
2020-03-16 06:30:00,11.6355,34.453891108635354
2020-03-16 06:45:00,11.416,33.58210427491416
2020-03-16 07:00:00,11.416,34.09764673041342
2020-03-16 07:15:00,10.977,34.87149954180144
2020-03-16 07:30:00,10.977,34.17413785158648
2020-03-16 07:45:00,10.757,34.52866137453885
2020-03-16 08:00:00,10.537,35.25063380747948
2020-03-16 08:15:00,10.537,33.770725283984326
2020-03-16 08:30:00,10.537,35.55142545874976
2020-03-16 08:45:00,10.537,36.303232198781984
2020-03-16 09:00:00,10.537,37.88421610090487
2020-03-16 09:15:00,10.537,38.97016344417891
2020-03-16 09:30:00,10.537,39.86214400863602
2020-03-16 09:45:00,10.757,39.48103754460878
2020-03-16 10:00:00,10.977,35.80755254398299
2020-03-16 10:15:00,11.1965,32.13419525978641
2020-03-16 10:30:00,11.1965,30.884404526446435
2020-03-16 10:45:00,11.416,28.564137961995478
2020-03-16 11:00:00,11.855,27.90716438479545
2020-03-16 11:15:00,12.295,31.145921644126986
2020-03-16 11:30:00,12.5145,31.080505379518698
2020-03-16 11:45:00,12.954,33.37639014242655
2020-03-16 12:00:00,13.3935,29.158385362929756
2020-03-16 12:15:00,13.6135,26.919821248817115
2020-03-16 12:30:00,13.833,25.21731497054376
2020-03-16 12:45:00,14.053,23.648097649108216
2020-03-16 13:00:00,14.2725,23.738681920342334
2020-03-16 13:15:00,14.2725,23.554600432280484
2020-03-16 13:30:00,14.492,23.366496208548078
2020-03-16 13:45:00,14.492,23.582249442219243
2020-03-16 14:00:00,14.932,23.616562502027527
2020-03-16 14:15:00,14.932,23.529347115506674
2020-03-16 14:30:00,15.1515,24.185354583819212
2020-03-16 14:45:00,15.371,24.838453424493363
2020-03-16 15:00:00,15.811,26.787805622910142
2020-03-16 15:15:00,16.25,30.76920597132431
2020-03-16 15:30:00,16.689,27.869049189068605
2020-03-16 15:45:00,16.909,33.44494098875357
2020-03-16 16:00:00,16.909,36.75121505940227
2020-03-16 16:15:00,16.909,37.76918232422632
2020-03-16 16:30:00,16.909,39.027982684588935
2020-03-16 16:45:00,16.909,40.10929242059876
2020-03-16 17:00:00,16.909,40.15529170965039
2020-03-16 17:15:00,16.4695,38.899475971514015
2020-03-16 17:30:00,16.4695,39.243300776918076
2020-03-16 17:45:00,16.4695,38.729206722793116
2020-03-16 18:00:00,16.25,37.499503634369056
2020-03-16 18:15:00,16.0305,38.14801347390103
2020-03-16 18:30:00,16.0305,38.42512652521451
2020-03-16 18:45:00,15.811,38.558222298686545
2020-03-16 19:00:00,15.591,39.29463147660934
2020-03-16 19:15:00,15.591,39.8770280132238
2020-03-16 19:30:00,15.591,34.03268472887082
2020-03-16 19:45:00,15.371,32.99185460817942
2020-03-16 20:00:00,15.371,29.094319295692774
2020-03-16 20:15:00,15.371,30.07394647128334
2020-03-16 20:30:00,15.1515,34.03671496688425
2020-03-16 20:45:00,14.932,33.93953159538821
2020-03-16 21:00:00,14.932,39.574561922507634
2020-03-16 21:15:00,14.932,40.498174446632774
2020-03-16 21:30:00,14.712,40.21176333334756
2020-03-16 21:45:00,14.492,40.46620994339524
2020-03-16 22:00:00,14.492,40.58209848481722
2020-03-16 22:15:00,14.492,40.2926858994503
2020-03-16 22:30:00,14.2725,39.735305863228845
2020-03-16 22:45:00,14.053,40.18750331858546
2020-03-16 23:00:00,13.613,40.01259032886494
2020-03-16 23:15:00,13.613,39.0150104809235
2020-03-16 23:30:00,13.3935,38.2748490682671
2020-03-16 23:45:00,13.174,38.22620289188679
2020-03-17 00:00:00,12.954,38.03577386768347
2020-03-17 00:15:00,12.734,37.82374197214542
2020-03-17 00:30:00,12.5145,37.945395333619715
2020-03-17 00:45:00,12.5145,36.947795923895214
2020-03-17 01:00:00,12.075,36.56756295032915
2020-03-17 01:15:00,12.075,36.10409098895293
2020-03-17 01:30:00,12.075,35.46028212146023
2020-03-17 01:45:00,12.075,35.53041960483627
2020-03-17 02:00:00,12.075,35.289376995608926
2020-03-17 02:15:00,11.6355,35.2605660066374
2020-03-17 02:30:00,11.6355,34.89142285045832
2020-03-17 02:45:00,11.6355,35.263098589922315
2020-03-17 03:00:00,11.6355,34.22387250994607
2020-03-17 03:15:00,11.416,33.143571819783624
2020-03-17 03:30:00,11.416,32.8372507853438
2020-03-17 03:45:00,11.416,28.865820233022
2020-03-17 04:00:00,11.1965,25.86322174981221
2020-03-17 04:15:00,11.1965,24.151588298629353
2020-03-17 04:30:00,11.1965,24.01371430603986
2020-03-17 04:45:00,11.1965,23.72364531993431
2020-03-17 05:00:00,11.1965,23.746097740363332
2020-03-17 05:15:00,11.1965,23.942879798876408
2020-03-17 05:30:00,11.1965,23.340492897422806
2020-03-17 05:45:00,11.1965,23.421417278404295
2020-03-17 06:00:00,11.1965,23.234236351499785
2020-03-17 06:15:00,11.1965,23.476847781732793
2020-03-17 06:30:00,11.1965,23.47902658465031
2020-03-17 06:45:00,11.1965,24.554258651666494
2020-03-17 07:00:00,11.1965,26.786646876981926
2020-03-17 07:15:00,11.416,29.928449610268366
2020-03-17 07:30:00,11.6355,29.737647497785535
2020-03-17 07:45:00,12.075,32.560568475003556
2020-03-17 08:00:00,12.295,32.4239320434074
2020-03-17 08:15:00,12.5145,31.786838302107892
2020-03-17 08:30:00,12.734,33.633742175124176
2020-03-17 08:45:00,13.3935,36.223295488483636
2020-03-17 09:00:00,13.833,36.502059254567165
2020-03-17 09:15:00,14.492,37.852432689787506
2020-03-17 09:30:00,15.1515,37.5986225986427
2020-03-17 09:45:00,15.591,37.94098550555153
2020-03-17 10:00:00,16.4695,37.88847842836195
2020-03-17 10:15:00,16.909,34.047907732023425
2020-03-17 10:30:00,17.5685,30.999290199228884
2020-03-17 10:45:00,18.667,28.694733988254132
2020-03-17 11:00:00,19.1065,23.680220854156428
2020-03-17 11:15:00,19.7655,23.537765448902523
2020-03-17 11:30:00,20.6445,24.669963591684997
2020-03-17 11:45:00,21.3035,27.942409160076604
2020-03-17 12:00:00,21.963,31.78852331162386
2020-03-17 12:15:00,22.622,34.12508521199751
2020-03-17 12:30:00,23.0615,37.08608143768616
2020-03-17 12:45:00,23.281,37.44217515503245
2020-03-17 13:00:00,23.2815,37.237940930927174
2020-03-17 13:15:00,23.0615,37.379527051496986
2020-03-17 13:30:00,23.0615,37.484402386044515
2020-03-17 13:45:00,22.842,37.71552541961445
2020-03-17 14:00:00,23.0615,37.252596612829635
2020-03-17 14:15:00,23.0615,37.1694512270393
2020-03-17 14:30:00,23.501,37.32211643648507
2020-03-17 14:45:00,23.721,37.12464187053918
2020-03-17 15:00:00,23.721,37.685991097554826
2020-03-17 15:15:00,23.721,36.733703473901826
2020-03-17 15:30:00,23.721,35.56358134206825
2020-03-17 15:45:00,23.721,36.732266020833656
2020-03-17 16:00:00,23.281,34.60796308060695
2020-03-17 16:15:00,23.281,34.09637290748904
2020-03-17 16:30:00,22.842,35.71736146470423
2020-03-17 16:45:00,22.842,36.5759383792094
2020-03-17 17:00:00,22.842,38.276588357486816
2020-03-17 17:15:00,22.622,38.77108159412344
2020-03-17 17:30:00,22.402,38.40563772538206
2020-03-17 17:45:00,22.1825,38.18839137283359
2020-03-17 18:00:00,21.743,37.56118812629914
2020-03-17 18:15:00,21.3035,39.14452404384471
2020-03-17 18:30:00,21.084,37.50727433807539
2020-03-17 18:45:00,20.8645,39.10718407436893
2020-03-17 19:00:00,20.425,39.29440621567953
2020-03-17 19:15:00,20.425,39.21636935802141
2020-03-17 19:30:00,20.205,35.746880728856674
2020-03-17 19:45:00,19.9855,31.272117843745814
2020-03-17 20:00:00,19.9855,33.62446724874822
2020-03-17 20:15:00,19.9855,31.848746584819597
2020-03-17 20:30:00,19.766,31.94849376823549
2020-03-17 20:45:00,19.546,38.8375859346179
2020-03-17 21:00:00,19.546,39.536812660449385
2020-03-17 21:15:00,19.326,39.91386559517864
2020-03-17 21:30:00,19.1065,39.78047964869524
2020-03-17 21:45:00,19.1065,39.85960956684662
2020-03-17 22:00:00,19.1065,39.74984129962082
2020-03-17 22:15:00,19.1065,39.21110440042001
2020-03-17 22:30:00,19.1065,39.312046503423595
2020-03-17 22:45:00,19.1065,38.65393111589903
2020-03-17 23:00:00,19.1065,38.35521671934001
2020-03-17 23:15:00,18.2275,38.22440439176592
2020-03-17 23:30:00,17.788,37.39220445758413
2020-03-17 23:45:00,17.3485,37.30418731165994
2020-03-18 00:00:00,17.3485,35.75474108570459
2020-03-18 00:15:00,16.909,35.660035574017144
2020-03-18 00:30:00,16.689,35.3476254351886
2020-03-18 00:45:00,16.4695,35.42124708092684
2020-03-18 01:00:00,16.4695,35.201667300115886
2020-03-18 01:15:00,16.4695,34.42486809897041
2020-03-18 01:30:00,16.25,33.609426710038186
2020-03-18 01:45:00,16.25,34.394932788941325
2020-03-18 02:00:00,16.25,34.52981564358639
2020-03-18 02:15:00,16.4695,33.9716403647868
2020-03-18 02:30:00,16.689,34.76696737408507
2020-03-18 02:45:00,16.689,35.032988233756534
2020-03-18 03:00:00,16.909,34.48371472741042
2020-03-18 03:15:00,16.909,34.561509787592904
2020-03-18 03:30:00,16.909,33.10232057010878
2020-03-18 03:45:00,17.129,33.79225532128489
2020-03-18 04:00:00,17.3485,32.617089591695525
2020-03-18 04:15:00,17.3485,30.284034275589597
2020-03-18 04:30:00,17.3485,32.04888657077699
2020-03-18 04:45:00,17.129,29.543870595356864
2020-03-18 05:00:00,16.909,29.44003381759023
2020-03-18 05:15:00,16.689,31.64592799020993
2020-03-18 05:30:00,16.689,32.9257943284627
2020-03-18 05:45:00,16.25,32.109338880042905
2020-03-18 06:00:00,16.0305,30.79265263820726
2020-03-18 06:15:00,16.0305,34.277513707327806
2020-03-18 06:30:00,16.0305,32.56421837877218
2020-03-18 06:45:00,16.0305,29.195977277491846
2020-03-18 07:00:00,16.0305,31.004585979688116
2020-03-18 07:15:00,16.0305,29.370917203878356
2020-03-18 07:30:00,16.0305,31.732986966193838
2020-03-18 07:45:00,16.0305,29.09876858401864
2020-03-18 08:00:00,16.25,26.67408564188135
2020-03-18 08:15:00,16.4695,26.862228440167154
2020-03-18 08:30:00,16.4695,23.304503015596257
2020-03-18 08:45:00,16.4695,22.6444070527458
2020-03-18 09:00:00,16.4695,23.638055280840913
2020-03-18 09:15:00,16.4695,27.242625207401492
2020-03-18 09:30:00,16.4695,33.348486560393276
2020-03-18 09:45:00,16.4695,36.42130840651871
2020-03-18 10:00:00,16.4695,29.56360493942356
2020-03-18 10:15:00,16.4695,29.12349089434007
2020-03-18 10:30:00,16.689,26.00291556063593
2020-03-18 10:45:00,16.689,23.98471665159929
2020-03-18 11:00:00,16.909,24.043866857824998
2020-03-18 11:15:00,16.909,25.58741293239596
2020-03-18 11:30:00,17.129,25.389149640253912
2020-03-18 11:45:00,17.3485,25.512307160680518
2020-03-18 12:00:00,17.3485,26.486668885627292
2020-03-18 12:15:00,17.568,24.11945901838095
2020-03-18 12:30:00,17.788,24.386536145339164
2020-03-18 12:45:00,17.788,24.18865300222514
2020-03-18 13:00:00,17.788,24.01385361368178
2020-03-18 13:15:00,18.0075,24.222205785290104
2020-03-18 13:30:00,18.0075,24.541564407911057
2020-03-18 13:45:00,18.0075,26.041927170322356
2020-03-18 14:00:00,17.788,26.527373211415917
2020-03-18 14:15:00,17.788,28.047243980451793
2020-03-18 14:30:00,17.788,35.78260841767055
2020-03-18 14:45:00,17.788,36.54577965558952
2020-03-18 15:00:00,17.788,38.270016428680485
2020-03-18 15:15:00,17.788,37.87475252710177
2020-03-18 15:30:00,17.788,38.88578457528408
2020-03-18 15:45:00,18.008,38.66403536743152
2020-03-18 16:00:00,18.008,39.08497590264521
2020-03-18 16:15:00,18.008,36.93349855651295
2020-03-18 16:30:00,17.788,38.59287978902681
2020-03-18 16:45:00,17.788,38.47524695925577
2020-03-18 17:00:00,17.5685,38.31573326770342
2020-03-18 17:15:00,17.1285,38.91543087010257
2020-03-18 17:30:00,17.1285,35.8159687453947
2020-03-18 17:45:00,16.909,35.95853405809728
2020-03-18 18:00:00,16.6895,33.86097418913052
2020-03-18 18:15:00,16.6895,30.413325530346537
2020-03-18 18:30:00,16.6895,29.94092668332609
2020-03-18 18:45:00,16.6895,34.051481318680324
2020-03-18 19:00:00,16.909,35.13661341384455
2020-03-18 19:15:00,16.909,37.06996941857806
2020-03-18 19:30:00,16.909,32.14489545854608
2020-03-18 19:45:00,16.909,29.89158140201229
2020-03-18 20:00:00,16.689,27.290697550004285
2020-03-18 20:15:00,16.689,26.630542188105135
2020-03-18 20:30:00,16.4695,28.87680395778232
2020-03-18 20:45:00,16.25,32.84510154470986
2020-03-18 21:00:00,16.25,38.23732902832582
2020-03-18 21:15:00,16.25,36.473418923448826
2020-03-18 21:30:00,16.0305,35.73537857932634
2020-03-18 21:45:00,16.0305,38.412692986072635
2020-03-18 22:00:00,16.25,37.87867923416597
2020-03-18 22:15:00,16.4695,38.33165011141296
2020-03-18 22:30:00,16.4695,39.32119259358403
2020-03-18 22:45:00,16.4695,39.67482180991637
2020-03-18 23:00:00,16.4695,39.6800076362246
2020-03-18 23:15:00,16.6895,38.63509383304411
2020-03-18 23:30:00,16.6895,38.54246734012991
2020-03-18 23:45:00,16.6895,38.23960004635366
2020-03-19 00:00:00,16.6895,38.205329529345214
2020-03-19 00:15:00,16.4695,36.38417290711255
2020-03-19 00:30:00,16.4695,36.534864353088885
2020-03-19 00:45:00,16.4695,36.266660423948686
2020-03-19 01:00:00,16.4695,35.538392144367066
2020-03-19 01:15:00,16.689,35.79296921491918
2020-03-19 01:30:00,16.689,30.569434971395037
2020-03-19 01:45:00,16.689,30.98266156633381
2020-03-19 02:00:00,16.25,26.821437450783062
2020-03-19 02:15:00,16.0305,25.67339515027557
2020-03-19 02:30:00,15.811,31.001658442259533
2020-03-19 02:45:00,15.811,32.389756848108064
2020-03-19 03:00:00,15.811,27.81652440286766
2020-03-19 03:15:00,15.811,28.240393519196143
2020-03-19 03:30:00,15.811,31.047376680835928
2020-03-19 03:45:00,15.811,28.71139445107051
2020-03-19 04:00:00,15.371,29.628771202049666
2020-03-19 04:15:00,15.371,32.596844983988
2020-03-19 04:30:00,15.371,32.58282593132045
2020-03-19 04:45:00,14.932,32.848825593628256
2020-03-19 05:00:00,14.932,31.711536885942817
2020-03-19 05:15:00,14.712,29.755331266066047
2020-03-19 05:30:00,14.492,32.63707398821091
2020-03-19 05:45:00,14.492,33.74265709009101
2020-03-19 06:00:00,14.492,32.53335165944817
2020-03-19 06:15:00,14.2725,32.11605803664371
2020-03-19 06:30:00,14.2725,34.42667485934387
2020-03-19 06:45:00,14.2725,30.586114228446508
2020-03-19 07:00:00,14.2725,32.56196075509565
2020-03-19 07:15:00,14.2725,34.57734921913844
2020-03-19 07:30:00,14.2725,33.3210357398088
2020-03-19 07:45:00,14.2725,34.92079929077345
2020-03-19 08:00:00,14.2725,28.85475401978912
2020-03-19 08:15:00,14.492,26.28695879314345
2020-03-19 08:30:00,14.492,23.661472032766973
2020-03-19 08:45:00,14.492,23.993830305941465
2020-03-19 09:00:00,14.712,25.852501569756637
2020-03-19 09:15:00,14.712,30.391845392947637
2020-03-19 09:30:00,14.712,36.72680006930876
2020-03-19 09:45:00,14.712,37.61929290211506
2020-03-19 10:00:00,14.9315,36.90557176571664
2020-03-19 10:15:00,15.1515,34.117345082159304
2020-03-19 10:30:00,15.1515,31.176142717230913
2020-03-19 10:45:00,15.1515,27.089979812336715
2020-03-19 11:00:00,15.1515,25.379919465212442
2020-03-19 11:15:00,15.3715,25.125175021988603
2020-03-19 11:30:00,15.591,25.24304815070443
2020-03-19 11:45:00,15.8105,28.919203329801693
2020-03-19 12:00:00,16.0305,33.37321027245938
2020-03-19 12:15:00,16.0305,36.477010711574934
2020-03-19 12:30:00,16.0305,37.07280327797946
2020-03-19 12:45:00,16.4695,36.06634234697242
2020-03-19 13:00:00,16.4695,37.784972819548244
2020-03-19 13:15:00,16.4695,37.65525299140368
2020-03-19 13:30:00,16.4695,38.27102301150792
2020-03-19 13:45:00,16.909,39.4570621085137
2020-03-19 14:00:00,16.909,39.655290621702804
2020-03-19 14:15:00,16.909,40.19544446006574
2020-03-19 14:30:00,17.129,40.138554118712214
2020-03-19 14:45:00,17.129,40.18717408405074
2020-03-19 15:00:00,17.129,40.52989204105372
2020-03-19 15:15:00,17.129,38.81366864851758
2020-03-19 15:30:00,17.129,37.2420335907385
2020-03-19 15:45:00,16.909,37.02227342925535
2020-03-19 16:00:00,16.909,34.50368059727868
2020-03-19 16:15:00,16.689,36.16580080915532
2020-03-19 16:30:00,16.689,37.084176452752516
2020-03-19 16:45:00,16.689,37.351313828825305
2020-03-19 17:00:00,16.689,37.51207663253707
2020-03-19 17:15:00,16.689,37.04827965266155
2020-03-19 17:30:00,16.689,31.77656617309427
2020-03-19 17:45:00,16.4695,28.544038236309408
2020-03-19 18:00:00,16.4695,29.414508732454795
2020-03-19 18:15:00,16.4695,27.664152095250696
2020-03-19 18:30:00,16.4695,32.55561972697371
2020-03-19 18:45:00,16.25,38.51908852651361
2020-03-19 19:00:00,16.25,38.96647028531174
2020-03-19 19:15:00,16.25,37.85487545621242
2020-03-19 19:30:00,16.25,33.635707585199945
2020-03-19 19:45:00,16.25,30.244326295222937
2020-03-19 20:00:00,16.25,29.6823686585603
2020-03-19 20:15:00,16.0305,28.473992272871627
2020-03-19 20:30:00,15.811,28.39221215028682
2020-03-19 20:45:00,15.591,32.450747872300575
2020-03-19 21:00:00,15.371,31.493664315504898
2020-03-19 21:15:00,15.371,35.087701344059155
2020-03-19 21:30:00,15.371,35.88552325544186
2020-03-19 21:45:00,15.371,38.478752492258266
2020-03-19 22:00:00,15.371,39.95321974589371
2020-03-19 22:15:00,15.371,39.50207019702663
2020-03-19 22:30:00,15.371,39.07754808522886
2020-03-19 22:45:00,15.591,39.10592092626892
2020-03-19 23:00:00,15.591,38.55408333417746
2020-03-19 23:15:00,15.591,39.306279617726794
2020-03-19 23:30:00,15.591,38.6838915508189
2020-03-19 23:45:00,15.591,38.07770580636346
2020-03-20 00:00:00,15.591,37.918836539901314
2020-03-20 00:15:00,15.1515,37.84377573849232
2020-03-20 00:30:00,15.1515,37.55013065858504
2020-03-20 00:45:00,14.712,37.930682240785096
2020-03-20 01:00:00,14.492,37.62597815552065
2020-03-20 01:15:00,14.2725,38.113667251199786
2020-03-20 01:30:00,14.2725,37.35558489915368
2020-03-20 01:45:00,14.2725,36.84756291175645
2020-03-20 02:00:00,14.2725,37.1010695832695
2020-03-20 02:15:00,13.833,36.61471268607393
2020-03-20 02:30:00,13.833,36.54825039241269
2020-03-20 02:45:00,13.833,36.10375482858838
2020-03-20 03:00:00,13.833,35.814872939117656
2020-03-20 03:15:00,13.3935,35.73589378284787
2020-03-20 03:30:00,13.3935,35.554076890054276
2020-03-20 03:45:00,13.1735,36.35062418794453
2020-03-20 04:00:00,13.1735,35.43240178302147
2020-03-20 04:15:00,12.954,35.41528703472504
2020-03-20 04:30:00,12.7345,35.657605023604326
2020-03-20 04:45:00,12.7345,35.51268662430691
2020-03-20 05:00:00,12.5145,34.50281506232736
2020-03-20 05:15:00,12.5145,34.628306751950056
2020-03-20 05:30:00,12.5145,34.076044461804926
2020-03-20 05:45:00,12.5145,30.75044002425647
2020-03-20 06:00:00,12.295,28.02498774651829
2020-03-20 06:15:00,12.295,29.51573755669382
2020-03-20 06:30:00,12.295,23.772132693548944
2020-03-20 06:45:00,11.855,23.94287300376517
2020-03-20 07:00:00,11.855,26.76009187257877
2020-03-20 07:15:00,11.855,24.81738250871622
2020-03-20 07:30:00,11.855,26.7838951803663
2020-03-20 07:45:00,11.855,30.016103584827576
2020-03-20 08:00:00,11.855,25.915188079027715
2020-03-20 08:15:00,11.855,24.694308042037456
2020-03-20 08:30:00,12.075,22.986922478916117
2020-03-20 08:45:00,12.075,21.67856814944024
2020-03-20 09:00:00,12.075,24.526638840394163
2020-03-20 09:15:00,11.8555,27.783102292639708
2020-03-20 09:30:00,11.6355,33.212087850435196
2020-03-20 09:45:00,11.6355,34.30105782944205
2020-03-20 10:00:00,11.6355,31.833080466024704
2020-03-20 10:15:00,11.6355,28.789386458558077
2020-03-20 10:30:00,11.6355,24.955171203583987
2020-03-20 10:45:00,11.6355,24.09787859204416
2020-03-20 11:00:00,11.6355,24.715395701212813
2020-03-20 11:15:00,11.6355,24.537433534021037
2020-03-20 11:30:00,11.6355,26.880678289266985
2020-03-20 11:45:00,11.6355,29.658354021367717
2020-03-20 12:00:00,11.855,29.40869016141354
2020-03-20 12:15:00,11.855,31.897418754774367
2020-03-20 12:30:00,12.075,31.503311690843883
2020-03-20 12:45:00,12.075,34.459518835202424
2020-03-20 13:00:00,12.295,35.910418795704395
2020-03-20 13:15:00,12.295,37.45204682800814
2020-03-20 13:30:00,12.295,39.22784120585972
2020-03-20 13:45:00,12.075,39.972826580599865
2020-03-20 14:00:00,12.075,39.992584982868514
2020-03-20 14:15:00,11.8555,40.69984167376193
2020-03-20 14:30:00,11.8555,40.918314878837876
2020-03-20 14:45:00,11.8555,40.64623781578627
2020-03-20 15:00:00,11.8555,40.26831461441394
2020-03-20 15:15:00,11.8555,40.280673959189826
2020-03-20 15:30:00,12.075,40.1554654236769
2020-03-20 15:45:00,12.075,40.71227827026992
2020-03-20 16:00:00,11.8555,40.5448294254918
2020-03-20 16:15:00,11.6355,40.58404463659299
2020-03-20 16:30:00,11.6355,40.22191316328781
2020-03-20 16:45:00,11.6355,39.622684426383564
2020-03-20 17:00:00,11.6355,39.66940796558757
2020-03-20 17:15:00,11.6355,39.25205719145632
2020-03-20 17:30:00,11.6355,38.75575138737973
2020-03-20 17:45:00,11.6355,39.493198140538915
2020-03-20 18:00:00,11.6355,38.28291548970447
2020-03-20 18:15:00,11.416,31.61841676260654
2020-03-20 18:30:00,11.416,33.839112861803606
2020-03-20 18:45:00,11.416,35.741285418464976
2020-03-20 19:00:00,11.416,35.23384784678627
2020-03-20 19:15:00,11.416,38.543002669329
2020-03-20 19:30:00,10.9765,38.7872996484825
2020-03-20 19:45:00,10.5375,27.11006944202717
2020-03-20 20:00:00,10.5375,31.40689932028806
2020-03-20 20:15:00,10.5375,33.362430620203284
2020-03-20 20:30:00,10.5375,29.86560172531167
2020-03-20 20:45:00,10.0975,37.51066741131076
2020-03-20 21:00:00,10.0975,40.21158404847058
2020-03-20 21:15:00,9.878,40.67377711417467
2020-03-20 21:30:00,9.878,39.69699713626311
2020-03-20 21:45:00,10.0975,39.88506151629042
2020-03-20 22:00:00,10.3175,40.34191356062624
2020-03-20 22:15:00,10.3175,40.830890914191095
2020-03-20 22:30:00,10.3175,37.585971412146776
2020-03-20 22:45:00,10.3175,40.075506942782745
2020-03-20 23:00:00,10.3175,39.64759965933467
2020-03-20 23:15:00,10.3175,38.97003918827184
2020-03-20 23:30:00,10.3175,38.97813477522532
2020-03-20 23:45:00,10.3175,38.72319618958539
2020-03-21 00:00:00,10.3175,38.854979742113905
2020-03-21 00:15:00,10.5375,39.07361900795177
2020-03-21 00:30:00,10.5375,38.252479696878616
2020-03-21 00:45:00,10.5375,39.025012936309494
2020-03-21 01:00:00,10.5375,37.857815840597226
2020-03-21 01:15:00,10.5375,38.22239601548024
2020-03-21 01:30:00,10.5375,37.745473312946714
2020-03-21 01:45:00,10.3175,37.96661792117855
2020-03-21 02:00:00,10.3175,37.82731291432101
2020-03-21 02:15:00,10.3175,37.44811325883266
2020-03-21 02:30:00,10.3175,37.59765822064312
2020-03-21 02:45:00,9.878,37.36899086777479
2020-03-21 03:00:00,9.878,37.18807650296534
2020-03-21 03:15:00,9.878,37.71395536634671
2020-03-21 03:30:00,9.878,37.272989751794356
2020-03-21 03:45:00,9.878,36.526399642003916
2020-03-21 04:00:00,9.878,35.69990904588244
2020-03-21 04:15:00,10.0975,36.177858272867965
2020-03-21 04:30:00,10.0975,36.317082363214006
2020-03-21 04:45:00,10.0975,36.81371403824279
2020-03-21 05:00:00,10.0975,37.74724445864836
2020-03-21 05:15:00,10.0975,37.89427544682886
2020-03-21 05:30:00,10.0975,37.08180913579887
2020-03-21 05:45:00,10.3175,36.95146750414995
2020-03-21 06:00:00,10.3175,36.15868641856806
2020-03-21 06:15:00,10.3175,35.30303010034087
2020-03-21 06:30:00,10.3175,33.55769523697804
2020-03-21 06:45:00,10.3175,34.0616712261776
2020-03-21 07:00:00,10.3175,34.23177404324377
2020-03-21 07:15:00,10.5375,34.06683378785588
2020-03-21 07:30:00,10.5375,37.11465140500715
2020-03-21 07:45:00,10.5375,38.42984043389891
2020-03-21 08:00:00,10.9765,34.385500729627545
2020-03-21 08:15:00,11.196,33.14189420106737
2020-03-21 08:30:00,11.196,34.75481298185785
2020-03-21 08:45:00,11.416,34.11261770735006
2020-03-21 09:00:00,11.8555,36.19247036822698
2020-03-21 09:15:00,12.2945,40.618981543489475
2020-03-21 09:30:00,12.7345,40.719729313596716
2020-03-21 09:45:00,13.1735,40.55292336726847
2020-03-21 10:00:00,13.6135,40.10590518459875
2020-03-21 10:15:00,13.6135,32.488076705821825
2020-03-21 10:30:00,14.0525,30.02343562615918
2020-03-21 10:45:00,14.2725,27.829968801639794
2020-03-21 11:00:00,14.2725,25.302730783448784
2020-03-21 11:15:00,14.2725,25.186950564975763
2020-03-21 11:30:00,14.2725,24.482574549688092
2020-03-21 11:45:00,14.2725,24.51098600644026
2020-03-21 12:00:00,14.492,29.815656495270183
2020-03-21 12:15:00,14.712,31.256966183268315
2020-03-21 12:30:00,15.1515,31.764150483011374
2020-03-21 12:45:00,15.591,38.61427177388573
2020-03-21 13:00:00,16.03,38.67814394173107
2020-03-21 13:15:00,16.47,39.115162290658105
2020-03-21 13:30:00,17.3485,39.82435477670647
2020-03-21 13:45:00,18.0075,38.280931606015315
2020-03-21 14:00:00,19.1065,38.17275655099456
2020-03-21 14:15:00,19.9855,36.21772175239324
2020-03-21 14:30:00,20.2055,37.107227663152564
2020-03-21 14:45:00,20.6445,35.98269025558424
2020-03-21 15:00:00,20.6445,36.65697185044449
2020-03-21 15:15:00,20.6445,36.57175926736933
2020-03-21 15:30:00,20.6445,38.440796875254705
2020-03-21 15:45:00,20.425,39.25412769435416
2020-03-21 16:00:00,20.425,39.06894814494436
2020-03-21 16:15:00,20.425,40.7961209838154
2020-03-21 16:30:00,20.425,40.914213614437536
2020-03-21 16:45:00,20.425,41.485533070050295
2020-03-21 17:00:00,20.425,41.391597864823
2020-03-21 17:15:00,20.425,41.400108330262164
2020-03-21 17:30:00,20.425,41.20299733303681
2020-03-21 17:45:00,20.2055,41.091121930738645
2020-03-21 18:00:00,19.9855,40.84145525305875
2020-03-21 18:15:00,19.546,40.55726179121557
2020-03-21 18:30:00,19.546,40.40806986496593
2020-03-21 18:45:00,19.1065,40.34343670234187
2020-03-21 19:00:00,18.667,40.79801915269593
2020-03-21 19:15:00,18.2275,40.94417596185501
2020-03-21 19:30:00,18.008,40.638567467460156
2020-03-21 19:45:00,17.568,40.971081800803326
2020-03-21 20:00:00,17.568,40.995502499693416
2020-03-21 20:15:00,17.129,39.84161434700208
2020-03-21 20:30:00,16.689,37.58077515388095
2020-03-21 20:45:00,16.4695,38.18681054960737
2020-03-21 21:00:00,16.25,37.94673828474221
2020-03-21 21:15:00,16.0305,37.87103880000425
2020-03-21 21:30:00,15.591,39.399397900469666
2020-03-21 21:45:00,15.371,39.43976441374287
2020-03-21 22:00:00,15.1515,38.54680690250148
2020-03-21 22:15:00,14.932,38.19832548882359
2020-03-21 22:30:00,14.712,38.12400342636472
2020-03-21 22:45:00,14.2725,38.32890076926813
2020-03-21 23:00:00,14.2725,36.664216093083866
2020-03-21 23:15:00,13.833,35.76402346534079
2020-03-21 23:30:00,13.833,36.081700690012575
2020-03-21 23:45:00,13.3935,34.06012623745392
2020-03-22 00:00:00,13.3935,33.496717437392604
2020-03-22 00:15:00,13.174,34.856419659498734
2020-03-22 00:30:00,12.954,34.1041551415316
2020-03-22 00:45:00,12.734,32.85827746305763
2020-03-22 01:00:00,12.5145,33.34006931542243
2020-03-22 01:15:00,12.5145,33.10097513430374
2020-03-22 01:30:00,12.075,33.36241692781136
2020-03-22 01:45:00,12.075,34.54256603137514
2020-03-22 02:00:00,12.075,35.4052286988671
2020-03-22 02:15:00,11.6355,34.13338697577038
2020-03-22 02:30:00,11.6355,34.70346215043534
2020-03-22 02:45:00,11.6355,34.4414351678068
2020-03-22 03:00:00,11.416,33.94819659965388
2020-03-22 03:15:00,11.1965,33.80801885138109
2020-03-22 03:30:00,11.1965,33.76624047623603
2020-03-22 03:45:00,11.1965,33.926336859368845
2020-03-22 04:00:00,10.757,33.31163597609697
2020-03-22 04:15:00,10.757,34.73861188835871
2020-03-22 04:30:00,10.757,34.129738716460345
2020-03-22 04:45:00,10.537,34.14773199140369
2020-03-22 05:00:00,10.3175,34.431572648228396
2020-03-22 05:15:00,10.3175,34.481274134952976
2020-03-22 05:30:00,10.3175,34.72492486201769
2020-03-22 05:45:00,10.098,34.30736601126126
2020-03-22 06:00:00,9.878,33.87545100447399
2020-03-22 06:15:00,9.878,34.793489906690574
2020-03-22 06:30:00,9.878,35.058023876818694
2020-03-22 06:45:00,9.878,36.11903320640226
2020-03-22 07:00:00,9.878,37.16016683749208
2020-03-22 07:15:00,9.878,37.637928248726595
2020-03-22 07:30:00,10.098,38.04772585797921
2020-03-22 07:45:00,10.537,38.05185137888646
2020-03-22 08:00:00,10.977,37.96234145447395
2020-03-22 08:15:00,11.6355,36.39172774979487
2020-03-22 08:30:00,12.295,37.82968354024736
2020-03-22 08:45:00,12.954,38.55669918890121
2020-03-22 09:00:00,13.613,39.134420619919474
2020-03-22 09:15:00,14.492,40.20760779546092
2020-03-22 09:30:00,15.371,41.125300625042726
2020-03-22 09:45:00,16.4695,41.12187596956599
2020-03-22 10:00:00,17.788,40.92939875534703
2020-03-22 10:15:00,18.8865,38.69861209366586
2020-03-22 10:30:00,19.9855,36.46592139924925
2020-03-22 10:45:00,20.8645,34.16056974701006
2020-03-22 11:00:00,21.5235,32.56403968981066
2020-03-22 11:15:00,22.402,30.48755461014736
2020-03-22 11:30:00,23.0615,32.44650535058438
2020-03-22 11:45:00,23.501,34.14510337667868
2020-03-22 12:00:00,24.1605,35.3186744451127
2020-03-22 12:15:00,24.819,36.521428948203635
2020-03-22 12:30:00,25.039,34.550927538142794
2020-03-22 12:45:00,25.698,34.828386978761095
2020-03-22 13:00:00,26.138,35.26634012240364
2020-03-22 13:15:00,26.797,33.47647658887591
2020-03-22 13:30:00,27.0165,34.562771034238054
2020-03-22 13:45:00,27.236,35.4728614822661
2020-03-22 14:00:00,27.456,36.59046059720855
2020-03-22 14:15:00,27.6755,37.62312362163592
2020-03-22 14:30:00,27.6755,38.508413631247336
2020-03-22 14:45:00,27.6755,36.30926566222642
2020-03-22 15:00:00,27.456,37.976928849381714
2020-03-22 15:15:00,27.0165,37.651692429064546
2020-03-22 15:30:00,27.0165,38.08113104790732
2020-03-22 15:45:00,26.797,36.66336088414553
2020-03-22 16:00:00,26.357,35.907226365916955
2020-03-22 16:15:00,26.1375,37.36152849221886
2020-03-22 16:30:00,25.918,37.27784050999385
2020-03-22 16:45:00,25.479,37.52739757653432
2020-03-22 17:00:00,25.039,38.331351517533825
2020-03-22 17:15:00,24.8195,37.63386877252536
2020-03-22 17:30:00,24.38,38.89090637588845
2020-03-22 17:45:00,24.16,39.39630407258271
2020-03-22 18:00:00,23.9405,39.31195197032432
2020-03-22 18:15:00,23.721,38.73587802318068
2020-03-22 18:30:00,23.281,40.120193490879124
2020-03-22 18:45:00,22.842,39.72775818891829
2020-03-22 19:00:00,22.402,40.04174954684859
2020-03-22 19:15:00,21.963,41.122503866771346
2020-03-22 19:30:00,21.743,38.54598726602729
2020-03-22 19:45:00,21.523,38.75230866486303
2020-03-22 20:00:00,21.084,38.86416518582174
2020-03-22 20:15:00,20.645,39.45141617126748
2020-03-22 20:30:00,20.645,39.922379981390556
2020-03-22 20:45:00,20.205,39.87717861865967
2020-03-22 21:00:00,20.205,40.79416864600703
2020-03-22 21:15:00,19.766,41.19680515249477
2020-03-22 21:30:00,19.766,40.8363131572119
2020-03-22 21:45:00,19.546,41.061253337573035
2020-03-22 22:00:00,19.326,41.15996045763401
2020-03-22 22:15:00,19.326,40.53214942113047
2020-03-22 22:30:00,19.326,39.79622096705244
2020-03-22 22:45:00,18.887,38.61779993764838
2020-03-22 23:00:00,18.887,38.38326841790626
2020-03-22 23:15:00,18.887,37.05267720249253
2020-03-22 23:30:00,18.887,37.258010340711444
2020-03-22 23:45:00,18.887,36.97336731325511
2020-03-23 00:00:00,18.887,36.409570146989466
2020-03-23 00:15:00,18.667,37.41793762175644
2020-03-23 00:30:00,18.447,36.987363374943506
2020-03-23 00:45:00,18.2275,37.21097185874278
2020-03-23 01:00:00,18.008,37.43899904508566
2020-03-23 01:15:00,17.788,37.529218162284224
2020-03-23 01:30:00,17.568,35.44540334245048
2020-03-23 01:45:00,17.3485,36.2265667181047
2020-03-23 02:00:00,17.129,35.76710754114676
2020-03-23 02:15:00,16.909,34.929043501001416
2020-03-23 02:30:00,16.689,34.80063005096728
2020-03-23 02:45:00,16.689,34.23745192547726
2020-03-23 03:00:00,16.25,34.101668870154
2020-03-23 03:15:00,16.25,34.01950530634681
2020-03-23 03:30:00,16.0305,33.939821197950174
2020-03-23 03:45:00,15.811,33.998743220239014
2020-03-23 04:00:00,15.591,34.08323598284657
2020-03-23 04:15:00,15.371,34.04251838009196
2020-03-23 04:30:00,15.371,34.209212736859705
2020-03-23 04:45:00,15.1515,34.16777514633133
2020-03-23 05:00:00,14.932,33.84123176508927
2020-03-23 05:15:00,14.932,34.21871330856213
2020-03-23 05:30:00,14.712,34.614569656915386
2020-03-23 05:45:00,14.712,34.78441428898995
2020-03-23 06:00:00,14.492,34.85329394447812
2020-03-23 06:15:00,14.492,36.271118227272275
2020-03-23 06:30:00,14.2725,36.04765747576336
2020-03-23 06:45:00,14.2725,37.08258422223532
2020-03-23 07:00:00,14.2725,37.568038070763606
2020-03-23 07:15:00,14.2725,37.52889924706169
2020-03-23 07:30:00,14.492,38.35853456356051
2020-03-23 07:45:00,15.371,38.242745317505275
2020-03-23 08:00:00,15.811,38.18925193406123
2020-03-23 08:15:00,16.25,36.94263553036248
2020-03-23 08:30:00,17.129,36.677422325841505
2020-03-23 08:45:00,17.568,33.639654507161
2020-03-23 09:00:00,18.447,35.052353579347134
2020-03-23 09:15:00,19.326,35.43061768459649
2020-03-23 09:30:00,20.205,35.60796305775117
2020-03-23 09:45:00,21.523,36.853778969698155
2020-03-23 10:00:00,22.842,36.08366417848099
2020-03-23 10:15:00,24.16,33.16893257988416
2020-03-23 10:30:00,25.259,32.66384164637017
2020-03-23 10:45:00,26.3575,32.12441928339273
2020-03-23 11:00:00,27.236,27.080788315214303
2020-03-23 11:15:00,27.8955,28.783790084029327
2020-03-23 11:30:00,28.774,30.265794015868217
2020-03-23 11:45:00,29.4335,32.80428605945425
2020-03-23 12:00:00,30.3125,33.42570667509969
2020-03-23 12:15:00,30.972,30.51588802241343
2020-03-23 12:30:00,31.1915,30.100417374779436
2020-03-23 12:45:00,31.631,32.81565250602355
2020-03-23 13:00:00,32.29,32.37275563137668
2020-03-23 13:15:00,33.1685,32.522624947339224
2020-03-23 13:30:00,33.828,37.207444643638986
2020-03-23 13:45:00,34.048,37.009097217715436
2020-03-23 14:00:00,34.707,35.726542194910124
2020-03-23 14:15:00,35.366,35.73802021321482
2020-03-23 14:30:00,35.8055,35.87005030117153
2020-03-23 14:45:00,36.025,35.72600662090767
2020-03-23 15:00:00,36.245,36.2884937234464
2020-03-23 15:15:00,36.245,36.9099769268229
2020-03-23 15:30:00,36.025,34.851432800462234
2020-03-23 15:45:00,35.5855,35.821701275246966
2020-03-23 16:00:00,35.1465,35.92850717940099
2020-03-23 16:15:00,34.707,35.994603912758734
2020-03-23 16:30:00,34.2675,36.729283273393484
2020-03-23 16:45:00,33.389,37.58042093678822
2020-03-23 17:00:00,32.7295,37.2521404111716
2020-03-23 17:15:00,32.07,37.15850707569564
2020-03-23 17:30:00,31.411,37.50251720751141
2020-03-23 17:45:00,30.7515,36.423909192557545
2020-03-23 18:00:00,30.0925,38.135896155248005
2020-03-23 18:15:00,29.6535,38.64525981706851
2020-03-23 18:30:00,28.9945,39.19441483275064
2020-03-23 18:45:00,28.335,40.20273229056263
2020-03-23 19:00:00,27.8955,40.42382470355873
2020-03-23 19:15:00,27.236,40.089679717860776
2020-03-23 19:30:00,26.797,37.8452402169
2020-03-23 19:45:00,26.357,35.891919948514065
2020-03-23 20:00:00,25.918,36.84631072817127
2020-03-23 20:15:00,25.479,37.15009889196397
2020-03-23 20:30:00,25.039,38.19942021375082
2020-03-23 20:45:00,24.6,39.88365584880137
2020-03-23 21:00:00,24.16,40.130309008996385
2020-03-23 21:15:00,23.721,40.12077686565224
2020-03-23 21:30:00,23.281,39.89579852437978
2020-03-23 21:45:00,23.0615,40.974390761890405
2020-03-23 22:00:00,22.842,39.16483097419724
2020-03-23 22:15:00,22.402,38.81020868315194
2020-03-23 22:30:00,22.402,40.2799397289867
2020-03-23 22:45:00,22.402,39.643319524038894
2020-03-23 23:00:00,22.1825,39.9691866049025
2020-03-23 23:15:00,22.1825,40.071221572084696
2020-03-23 23:30:00,21.963,40.20821924554657
2020-03-23 23:45:00,21.963,38.02430007508111
2020-03-24 00:00:00,21.963,36.69846208450622
2020-03-24 00:15:00,21.743,36.882305740660705
2020-03-24 00:30:00,21.523,35.26558440808434
2020-03-24 00:45:00,21.523,34.84701779892795
2020-03-24 01:00:00,21.523,35.08095645814214
2020-03-24 01:15:00,21.084,34.98574359544534
2020-03-24 01:30:00,21.084,35.36390418057185
2020-03-24 01:45:00,20.8645,34.78638183171771
2020-03-24 02:00:00,20.645,34.760592076771445
2020-03-24 02:15:00,20.645,34.234494435683494
2020-03-24 02:30:00,20.425,34.09837356931845
2020-03-24 02:45:00,20.425,34.26434168090464
2020-03-24 03:00:00,20.205,33.66830004188724
2020-03-24 03:15:00,20.205,33.82858432866925
2020-03-24 03:30:00,20.205,33.12818169200687
2020-03-24 03:45:00,19.9855,33.07187607558912
2020-03-24 04:00:00,19.9855,33.650149941497375
2020-03-24 04:15:00,19.9855,33.391106082838135
2020-03-24 04:30:00,19.9855,32.94555760167397
2020-03-24 04:45:00,19.9855,33.787001991400444
2020-03-24 05:00:00,19.9855,33.06665023394423
2020-03-24 05:15:00,19.9855,33.31927886657535
2020-03-24 05:30:00,19.9855,33.45262652455517
2020-03-24 05:45:00,19.766,33.58990410096535
2020-03-24 06:00:00,19.766,32.610716006326406
2020-03-24 06:15:00,19.766,32.802239641998604
2020-03-24 06:30:00,19.546,34.446379960502114
2020-03-24 06:45:00,19.546,34.83449757251861
2020-03-24 07:00:00,19.546,35.183750736729735
2020-03-24 07:15:00,19.766,35.47592245969127
2020-03-24 07:30:00,20.205,35.334939671761894
2020-03-24 07:45:00,20.645,35.661321929690104
2020-03-24 08:00:00,20.8645,34.38598304769506
2020-03-24 08:15:00,21.3035,34.23560546397225
2020-03-24 08:30:00,21.743,34.51261748674667
2020-03-24 08:45:00,22.1825,35.30863578298179
2020-03-24 09:00:00,22.842,35.16080417106862
2020-03-24 09:15:00,23.0615,36.23854784617327
2020-03-24 09:30:00,23.501,35.59925436636548
2020-03-24 09:45:00,23.9405,35.0953617058556
2020-03-24 10:00:00,24.38,34.13311812190147
2020-03-24 10:15:00,24.8195,33.2325975607579
2020-03-24 10:30:00,25.918,33.32334021776954
2020-03-24 10:45:00,26.577,32.83528499709144
2020-03-24 11:00:00,27.0165,32.662224561747735
2020-03-24 11:15:00,27.8955,32.82959785569521
2020-03-24 11:30:00,28.555,32.72719360169226
2020-03-24 11:45:00,29.214,32.93148530904206
2020-03-24 12:00:00,29.873,32.795505662349235
2020-03-24 12:15:00,30.752,32.69637487949385
2020-03-24 12:30:00,30.9715,34.139833801381904
2020-03-24 12:45:00,31.411,34.35685164231323
2020-03-24 13:00:00,32.0705,35.61302892920767
2020-03-24 13:15:00,32.9495,38.2985691202557
2020-03-24 13:30:00,33.389,37.97386786333201
2020-03-24 13:45:00,34.048,36.499041541943534
2020-03-24 14:00:00,34.707,37.94505428894767
2020-03-24 14:15:00,35.366,36.807234158786464
2020-03-24 14:30:00,35.5855,36.20871685089556
2020-03-24 14:45:00,36.245,36.649048113739056
2020-03-24 15:00:00,36.6845,36.227452697913044
2020-03-24 15:15:00,36.6845,35.637994709900354
2020-03-24 15:30:00,36.4645,36.00844919440083
2020-03-24 15:45:00,36.245,35.87996937306028
2020-03-24 16:00:00,36.025,36.04090220343769
2020-03-24 16:15:00,35.586,35.27224430638643
2020-03-24 16:30:00,35.366,35.10813985614345
2020-03-24 16:45:00,34.9265,34.7999128849407
2020-03-24 17:00:00,34.4875,34.738170887297215
2020-03-24 17:15:00,34.048,33.48719261630642
2020-03-24 17:30:00,33.6085,33.26949641377723
2020-03-24 17:45:00,33.169,32.539836331929706
2020-03-24 18:00:00,32.7295,30.639687126845843
2020-03-24 18:15:00,32.29,27.260529178805747
2020-03-24 18:30:00,31.8505,22.644100502211565
2020-03-24 18:45:00,31.411,21.904499048479575
2020-03-24 19:00:00,30.752,21.890323431693005
2020-03-24 19:15:00,30.312,21.824328742999786
2020-03-24 19:30:00,29.6535,21.89140612550137
2020-03-24 19:45:00,29.214,21.752666900752345
2020-03-24 20:00:00,28.7745,21.856754976707702
2020-03-24 20:15:00,28.115,21.774871965544534
2020-03-24 20:30:00,27.676,21.88358398045725
2020-03-24 20:45:00,27.236,21.626378723017172
2020-03-24 21:00:00,26.797,21.86635190540362
2020-03-24 21:15:00,26.357,23.546934348714778
2020-03-24 21:30:00,25.918,25.62691114528053
2020-03-24 21:45:00,25.479,30.62581664525657
2020-03-24 22:00:00,25.479,36.29693773911913
2020-03-24 22:15:00,25.039,36.13788740707139
2020-03-24 22:30:00,24.8195,36.52102328189614
2020-03-24 22:45:00,24.6,35.43383313363798
2020-03-24 23:00:00,24.38,35.53815462485726
2020-03-24 23:15:00,24.16,34.82152190374154
2020-03-24 23:30:00,23.9405,35.04813213899094
2020-03-24 23:45:00,23.721,35.36616448113124
2020-03-25 00:00:00,23.721,35.17211544295835
2020-03-25 00:15:00,23.501,35.07008943128303
2020-03-25 00:30:00,23.281,35.14308854785937
2020-03-25 00:45:00,23.0615,34.6527495657924
2020-03-25 01:00:00,22.842,34.46681028872692
2020-03-25 01:15:00,22.622,33.63028380298479
2020-03-25 01:30:00,22.402,33.947898757810634
2020-03-25 01:45:00,22.402,33.07273129052051
2020-03-25 02:00:00,21.963,33.616737639176655
2020-03-25 02:15:00,21.963,33.81626455885353
2020-03-25 02:30:00,21.963,32.69795999668412
2020-03-25 02:45:00,21.523,33.903356850471674
2020-03-25 03:00:00,21.3035,33.108044810821376
2020-03-25 03:15:00,21.084,32.60259198259256
2020-03-25 03:30:00,21.084,32.92528451442809
2020-03-25 03:45:00,21.084,32.67805542134731
2020-03-25 04:00:00,20.645,32.77442103608838
2020-03-25 04:15:00,20.645,32.76819850928119
2020-03-25 04:30:00,20.425,32.59036977459022
2020-03-25 04:45:00,20.205,32.71107675144143
2020-03-25 05:00:00,20.205,30.85119033521124
2020-03-25 05:15:00,19.9855,31.044553247586496
2020-03-25 05:30:00,19.766,30.5166716767171
2020-03-25 05:45:00,19.766,31.693988864752825
2020-03-25 06:00:00,19.766,33.5652293734881
2020-03-25 06:15:00,19.546,34.35513452920889
2020-03-25 06:30:00,19.546,34.11673793344554
2020-03-25 06:45:00,19.546,33.607171704196176
2020-03-25 07:00:00,19.546,34.9196182259594
2020-03-25 07:15:00,19.546,34.44350048107732
2020-03-25 07:30:00,19.766,34.103641068169374
2020-03-25 07:45:00,20.205,34.645414408903186
2020-03-25 08:00:00,20.8645,34.33779109996473
2020-03-25 08:15:00,21.523,33.07919266195249
2020-03-25 08:30:00,22.1825,33.76179505471146
2020-03-25 08:45:00,22.842,35.20600249976451
2020-03-25 09:00:00,23.281,35.70568128726761
2020-03-25 09:15:00,24.16,36.44608376599613
2020-03-25 09:30:00,24.8195,37.82603267112604
2020-03-25 09:45:00,25.6985,38.09617211987556
2020-03-25 10:00:00,26.577,38.34183512837672
2020-03-25 10:15:00,27.456,34.29620656822235
2020-03-25 10:30:00,28.115,33.50164395367003
2020-03-25 10:45:00,28.7745,33.23723682376539
2020-03-25 11:00:00,29.214,34.04861596360851
2020-03-25 11:15:00,29.6535,35.067417353147135
2020-03-25 11:30:00,30.0925,36.338124644307285
2020-03-25 11:45:00,30.3125,37.13550745904717
2020-03-25 12:00:00,30.7515,36.8980646942065
2020-03-25 12:15:00,31.411,36.7484238289293
2020-03-25 12:30:00,31.8505,36.17352896041514
2020-03-25 12:45:00,32.29,35.70159677184987
2020-03-25 13:00:00,32.7295,36.349952540826216
2020-03-25 13:15:00,33.169,36.0316544087575
2020-03-25 13:30:00,33.3885,34.85761722397846
2020-03-25 13:45:00,33.828,34.6321116748701
2020-03-25 14:00:00,34.707,34.08297798236012
2020-03-25 14:15:00,35.146,32.91161914082882
2020-03-25 14:30:00,35.586,32.84214678619541
2020-03-25 14:45:00,36.025,32.7958475233154
2020-03-25 15:00:00,36.465,32.84899872739268
2020-03-25 15:15:00,36.465,32.89250752381091
2020-03-25 15:30:00,36.465,34.84592637813402
2020-03-25 15:45:00,36.025,35.42410738291741
2020-03-25 16:00:00,35.8055,35.807826416461374
2020-03-25 16:15:00,35.1465,36.58722736484064
2020-03-25 16:30:00,34.707,36.90266852259124
2020-03-25 16:45:00,34.268,37.758630662224206
2020-03-25 17:00:00,33.828,38.420685481363286
2020-03-25 17:15:00,33.389,39.51140540079587
2020-03-25 17:30:00,32.949,38.781859952515454
2020-03-25 17:45:00,32.51,38.5530083150881
2020-03-25 18:00:00,31.8505,38.5994203207908
2020-03-25 18:15:00,31.411,38.59697249861072
2020-03-25 18:30:00,30.9715,38.94134841782058
2020-03-25 18:45:00,30.312,38.478199680907274
2020-03-25 19:00:00,29.873,36.11905201445028
2020-03-25 19:15:00,29.434,37.461206085859764
2020-03-25 19:30:00,28.994,34.549726362847856
2020-03-25 19:45:00,28.555,34.90879871601018
2020-03-25 20:00:00,28.115,37.155458137406185
2020-03-25 20:15:00,27.676,37.11688680192354
2020-03-25 20:30:00,27.236,38.40626717934053
2020-03-25 20:45:00,27.236,39.687073331034306
2020-03-25 21:00:00,26.797,39.80447807501932
2020-03-25 21:15:00,26.357,38.34844385395055
2020-03-25 21:30:00,25.918,39.64533537988735
2020-03-25 21:45:00,25.918,39.77053794656706
2020-03-25 22:00:00,25.479,39.21226815310664
2020-03-25 22:15:00,25.479,39.159101243712016
2020-03-25 22:30:00,25.039,38.54380382918475
2020-03-25 22:45:00,24.8195,37.62648544051064
2020-03-25 23:00:00,24.6,36.62377770925116
2020-03-25 23:15:00,24.6,35.70702923754206
2020-03-25 23:30:00,24.6,35.62327955481553
2020-03-25 23:45:00,24.16,35.001471146042846
2020-03-26 00:00:00,24.16,35.177767903945394
2020-03-26 00:15:00,23.9405,34.5663761003907
2020-03-26 00:30:00,23.721,34.40049017816598
2020-03-26 00:45:00,23.501,33.75325103830462
2020-03-26 01:00:00,23.281,34.381611461324916
2020-03-26 01:15:00,23.281,34.16632269087041
2020-03-26 01:30:00,22.842,33.7623927886914
2020-03-26 01:45:00,22.842,33.21686585958456
2020-03-26 02:00:00,22.622,33.680002084147624
2020-03-26 02:15:00,22.402,33.19263974431967
2020-03-26 02:30:00,22.1825,33.3728770503436
2020-03-26 02:45:00,21.963,32.876055761603595
2020-03-26 03:00:00,21.743,32.88149403198279
2020-03-26 03:15:00,21.523,33.85487106119973
2020-03-26 03:30:00,21.523,33.62240311060056
2020-03-26 03:45:00,21.3035,33.748796683573026
2020-03-26 04:00:00,21.084,33.218505047539566
2020-03-26 04:15:00,21.084,33.044320791581484
2020-03-26 04:30:00,20.8645,33.15858837397181
2020-03-26 04:45:00,20.645,33.42121755246671
2020-03-26 05:00:00,20.645,32.62869864721977
2020-03-26 05:15:00,20.425,33.51206582346238
2020-03-26 05:30:00,20.205,33.82019052733349
2020-03-26 05:45:00,19.9855,33.56374653159393
2020-03-26 06:00:00,19.9855,32.95350448970516
2020-03-26 06:15:00,19.9855,33.10679848893249
2020-03-26 06:30:00,19.766,34.14190676316993
2020-03-26 06:45:00,19.546,35.23763916990287
2020-03-26 07:00:00,19.546,35.64249221265374
2020-03-26 07:15:00,19.546,36.05655506008858
2020-03-26 07:30:00,19.9855,36.46666586989789
2020-03-26 07:45:00,20.205,36.40569322724365
2020-03-26 08:00:00,20.645,35.464060691026134
2020-03-26 08:15:00,21.523,35.00525302664639
2020-03-26 08:30:00,21.963,34.67421937282558
2020-03-26 08:45:00,22.622,35.77280697540198
2020-03-26 09:00:00,23.281,36.41759183775912
2020-03-26 09:15:00,24.16,37.03122651562001
2020-03-26 09:30:00,25.039,39.08784370994636
2020-03-26 09:45:00,26.357,38.56280691971746
2020-03-26 10:00:00,27.456,37.552550391705566
2020-03-26 10:15:00,28.555,36.16049014250884
2020-03-26 10:30:00,29.6535,35.46292171575958
2020-03-26 10:45:00,30.7515,34.66421950978006
2020-03-26 11:00:00,31.631,33.40504728936357
2020-03-26 11:15:00,32.5095,32.767823410280485
2020-03-26 11:30:00,33.169,34.73018161754654
2020-03-26 11:45:00,34.0475,33.034475528255186
2020-03-26 12:00:00,34.707,34.8626724441393
2020-03-26 12:15:00,35.1465,35.128797534038114
2020-03-26 12:30:00,35.1465,35.45269602617968
2020-03-26 12:45:00,35.1465,35.288685414288544
2020-03-26 13:00:00,34.9265,35.014611232358604
2020-03-26 13:15:00,34.707,34.92031036099961
2020-03-26 13:30:00,34.487,34.337541177911696
2020-03-26 13:45:00,34.2675,34.51433275859433
2020-03-26 14:00:00,33.8285,34.17533138013372
2020-03-26 14:15:00,33.6085,34.0280275915541
2020-03-26 14:30:00,33.389,34.37613364554804
2020-03-26 14:45:00,32.949,34.35357442382965
2020-03-26 15:00:00,32.7295,34.16811910321619
2020-03-26 15:15:00,32.7295,34.160420295460305
2020-03-26 15:30:00,32.7295,34.18017036783317
2020-03-26 15:45:00,32.949,33.28665777914924
2020-03-26 16:00:00,33.169,33.165081592823924
2020-03-26 16:15:00,33.389,33.05241721875587
2020-03-26 16:30:00,33.389,29.643853601947708
2020-03-26 16:45:00,33.389,27.7212588942006
2020-03-26 17:00:00,33.169,23.76010117187822
2020-03-26 17:15:00,33.169,23.691546024340237
2020-03-26 17:30:00,32.7295,23.81737997489502
2020-03-26 17:45:00,32.29,23.54012657627569
2020-03-26 18:00:00,32.0705,23.34886506127924
2020-03-26 18:15:00,31.8505,24.410953433261486
2020-03-26 18:30:00,31.191,28.29736261744213
2020-03-26 18:45:00,30.752,32.289494873872904
2020-03-26 19:00:00,30.312,38.84738568977156
2020-03-26 19:15:00,29.873,39.83187961233526
2020-03-26 19:30:00,29.434,38.683969026318884
2020-03-26 19:45:00,28.994,37.19407890758721
2020-03-26 20:00:00,28.555,37.69897168344634
2020-03-26 20:15:00,28.115,37.60006278164529
2020-03-26 20:30:00,27.676,37.5460293203472
2020-03-26 20:45:00,27.236,38.39088370395393
2020-03-26 21:00:00,26.797,39.472714969026214
2020-03-26 21:15:00,26.357,39.79855710637023
2020-03-26 21:30:00,26.1375,39.98702228302127
2020-03-26 21:45:00,25.918,38.91719843652329
2020-03-26 22:00:00,25.6985,40.395784389266716
2020-03-26 22:15:00,25.479,39.05552434283317
2020-03-26 22:30:00,25.479,38.44630637127895
2020-03-26 22:45:00,25.039,37.11812636074465
2020-03-26 23:00:00,25.039,37.385284078255395
2020-03-26 23:15:00,24.6,37.322924717311004
2020-03-26 23:30:00,24.6,35.777768323282864
2020-03-26 23:45:00,24.6,35.39385676046523
2020-03-27 00:00:00,24.16,35.19160145129163
2020-03-27 00:15:00,24.16,34.57499660817494
2020-03-27 00:30:00,24.16,33.83353099737814
2020-03-27 00:45:00,24.16,33.66858217709544
2020-03-27 01:00:00,23.721,34.15012915142128
2020-03-27 01:15:00,23.721,34.07855088861218
2020-03-27 01:30:00,23.721,33.688300863835316
2020-03-27 01:45:00,23.721,33.88660832300031
2020-03-27 02:00:00,23.281,33.870276167688004
2020-03-27 02:15:00,23.281,33.02878427094293
2020-03-27 02:30:00,23.281,33.882645789294074
2020-03-27 02:45:00,23.281,33.90205856479002
2020-03-27 03:00:00,23.281,33.640528477634405
2020-03-27 03:15:00,23.281,33.481422211286585
2020-03-27 03:30:00,23.0615,32.885017808234004
2020-03-27 03:45:00,22.842,33.552611358716916
2020-03-27 04:00:00,22.842,33.0104383889927
2020-03-27 04:15:00,22.402,33.52224073969404
2020-03-27 04:30:00,22.402,33.57206132235381
2020-03-27 04:45:00,22.1825,32.70741934314468
2020-03-27 05:00:00,21.963,33.52250759831953
2020-03-27 05:15:00,21.963,33.926304918332264
2020-03-27 05:30:00,21.523,34.075542361282956
2020-03-27 05:45:00,21.523,33.89873686061188
2020-03-27 06:00:00,21.523,33.34481965961331
2020-03-27 06:15:00,21.084,34.70460096454965
2020-03-27 06:30:00,21.084,35.12578257602648
2020-03-27 06:45:00,21.084,35.87777669912148
2020-03-27 07:00:00,21.084,34.81454620379694
2020-03-27 07:15:00,21.084,36.57572409336002
2020-03-27 07:30:00,21.3035,35.84756373595405
2020-03-27 07:45:00,21.963,35.52126047962329
2020-03-27 08:00:00,22.402,35.09987958486973
2020-03-27 08:15:00,22.622,34.01091020590955
2020-03-27 08:30:00,23.0615,35.108070444205424
2020-03-27 08:45:00,23.501,35.7409552555486
2020-03-27 09:00:00,24.1605,36.62497908426335
2020-03-27 09:15:00,24.8195,38.00691436646431
2020-03-27 09:30:00,25.4785,38.393749807459535
2020-03-27 09:45:00,26.577,38.17212792383373
2020-03-27 10:00:00,27.6755,37.88840169767592
2020-03-27 10:15:00,28.7745,36.00150136979674
2020-03-27 10:30:00,29.6535,35.224514103390995
2020-03-27 10:45:00,30.532,35.32244557088798
2020-03-27 11:00:00,31.411,35.061988225025246
2020-03-27 11:15:00,32.29,34.84305584158574
2020-03-27 11:30:00,32.949,34.64344903966594
2020-03-27 11:45:00,33.6085,33.36894563325333
2020-03-27 12:00:00,34.0475,34.30000728290819
2020-03-27 12:15:00,34.707,34.87149997645249
2020-03-27 12:30:00,34.707,34.763796208161935
2020-03-27 12:45:00,35.1465,35.7498111533844
2020-03-27 13:00:00,35.8055,34.91430652311791
2020-03-27 13:15:00,36.025,36.08209891229547
2020-03-27 13:30:00,36.465,36.15018706851701
2020-03-27 13:45:00,36.9045,36.03719648756287
2020-03-27 14:00:00,37.3435,36.59810012143819
2020-03-27 14:15:00,37.7835,35.46279543956431
2020-03-27 14:30:00,37.7835,36.159294839227314
2020-03-27 14:45:00,38.4425,36.00575421748875
2020-03-27 15:00:00,38.4425,35.26170645811467
2020-03-27 15:15:00,38.4425,36.27277604430006
2020-03-27 15:30:00,38.2225,35.79807882145436
2020-03-27 15:45:00,37.7835,35.95159604382176
2020-03-27 16:00:00,37.5635,36.23009367784381
2020-03-27 16:15:00,37.344,35.41404168220095
2020-03-27 16:30:00,37.124,36.20351110572584
2020-03-27 16:45:00,36.6845,36.18820081472571
2020-03-27 17:00:00,36.465,34.86625509455963
2020-03-27 17:15:00,36.025,36.179201746114714
2020-03-27 17:30:00,35.586,36.222160902362994
2020-03-27 17:45:00,35.146,37.072999942593434
2020-03-27 18:00:00,34.4875,36.985270906892204
2020-03-27 18:15:00,34.048,37.565371451959656
2020-03-27 18:30:00,33.6085,37.460237285023176
2020-03-27 18:45:00,33.169,37.934229521276734
2020-03-27 19:00:00,32.7295,38.8759620475132
2020-03-27 19:15:00,32.07,37.86923659085485
2020-03-27 19:30:00,31.8505,36.549943412092986
2020-03-27 19:45:00,31.411,37.07786846853425
2020-03-27 20:00:00,30.9715,36.44389225257909
2020-03-27 20:15:00,30.752,35.352590561505146
2020-03-27 20:30:00,30.532,36.68510356414726
2020-03-27 20:45:00,30.0925,38.25812899655531
2020-03-27 21:00:00,29.873,37.36180654097915
2020-03-27 21:15:00,29.6535,39.316150992637965
2020-03-27 21:30:00,29.214,39.81871125271752
2020-03-27 21:45:00,28.7745,39.43868727093896
2020-03-27 22:00:00,28.7745,37.69234309978844
2020-03-27 22:15:00,28.335,36.89545351855961
2020-03-27 22:30:00,28.335,35.44679234092702
2020-03-27 22:45:00,27.8955,35.56645762289079
2020-03-27 23:00:00,27.8955,36.042018551841224
2020-03-27 23:15:00,27.8955,36.845354525789666
2020-03-27 23:30:00,27.456,35.760372345988344
2020-03-27 23:45:00,27.456,35.40322406953021
2020-03-28 00:00:00,27.456,35.627294515974654
2020-03-28 00:15:00,27.456,34.6179076744645
2020-03-28 00:30:00,27.0165,34.45842710459447
2020-03-28 00:45:00,27.0165,33.88204564377786
2020-03-28 01:00:00,26.577,33.590851540108694
2020-03-28 01:15:00,26.577,34.037624452696186
2020-03-28 01:30:00,26.577,34.03121276931076
2020-03-28 01:45:00,26.3575,33.05000512770852
2020-03-28 02:00:00,26.1375,33.54054136448917
2020-03-28 02:15:00,26.1375,33.77540988967466
2020-03-28 02:30:00,26.1375,32.812845012009284
2020-03-28 02:45:00,25.918,33.0864590159326
2020-03-28 03:00:00,25.6985,33.05403642713781
2020-03-28 03:15:00,25.479,32.89483134040104
2020-03-28 03:30:00,25.259,33.56471633198438
2020-03-28 03:45:00,25.039,33.714554686439804
2020-03-28 04:00:00,25.039,33.06566085193919
2020-03-28 04:15:00,24.8195,32.935194079505365
2020-03-28 04:30:00,24.6,32.99963531816476
2020-03-28 04:45:00,24.6,32.98176631532641
2020-03-28 05:00:00,24.38,32.9002881956338
2020-03-28 05:15:00,24.16,32.94792545756316
2020-03-28 05:30:00,24.16,33.583260751173945
2020-03-28 05:45:00,24.16,33.78613187228677
2020-03-28 06:00:00,23.721,33.61096209627038
2020-03-28 06:15:00,23.721,33.19104733767055
2020-03-28 06:30:00,23.281,34.3262844723445
2020-03-28 06:45:00,23.281,34.42295482783867
2020-03-28 07:00:00,23.281,34.00282095022487
2020-03-28 07:15:00,23.281,34.5357887437102
2020-03-28 07:30:00,23.501,34.550526686990466
2020-03-28 07:45:00,23.9405,35.035039751844494
2020-03-28 08:00:00,24.38,31.22004220870916
2020-03-28 08:15:00,24.8195,31.220093313003627
2020-03-28 08:30:00,25.259,31.140400833630988
2020-03-28 08:45:00,25.6985,31.719154397952014
2020-03-28 09:00:00,26.3575,33.27687090561471
2020-03-28 09:15:00,27.0165,33.89118905104952
2020-03-28 09:30:00,28.1155,34.53993711024734
2020-03-28 09:45:00,29.214,34.73277553031971
2020-03-28 10:00:00,30.093,35.04534135512928
2020-03-28 10:15:00,31.1915,32.88796873287826
2020-03-28 10:30:00,32.0705,32.09074502525342
2020-03-28 10:45:00,32.949,29.139367961232335
2020-03-28 11:00:00,33.8285,24.496822188213972
2020-03-28 11:15:00,34.487,23.577845039606768
2020-03-28 11:30:00,35.1465,23.080888992398435
2020-03-28 11:45:00,35.8055,23.772828195437405
2020-03-28 12:00:00,36.4645,27.12930743647821
2020-03-28 12:15:00,37.124,28.33774316165642
2020-03-28 12:30:00,37.124,31.93613871762628
2020-03-28 12:45:00,37.5635,31.36307700829298
2020-03-28 13:00:00,38.4425,32.075775818143484
2020-03-28 13:15:00,39.1015,31.68935171191175
2020-03-28 13:30:00,39.541,31.352056858970354
2020-03-28 13:45:00,40.2,31.27093686143862
2020-03-28 14:00:00,41.079,31.13736196568019
2020-03-28 14:15:00,41.5185,31.12514631541853
2020-03-28 14:30:00,42.3975,30.957869562506975
2020-03-28 14:45:00,42.6175,30.926464380763132
2020-03-28 15:00:00,42.6175,31.63127879823633
2020-03-28 15:15:00,42.3975,31.944453146642513
2020-03-28 15:30:00,41.958,32.09865933088289
2020-03-28 15:45:00,41.2985,32.86423985015495
2020-03-28 16:00:00,41.079,32.578537605749446
2020-03-28 16:15:00,40.6395,33.51750144387586
2020-03-28 16:30:00,40.2,32.792195391286114
2020-03-28 16:45:00,39.541,32.88895155744914
2020-03-28 17:00:00,39.1015,33.78538873775566
2020-03-28 17:15:00,38.6625,32.78594472219065
2020-03-28 17:30:00,38.2225,33.705381555291034
2020-03-28 17:45:00,38.003,33.18922535325565
2020-03-28 18:00:00,37.5635,33.76868631809918
2020-03-28 18:15:00,37.124,33.21270514223431
2020-03-28 18:30:00,36.465,32.93065640782569
2020-03-28 18:45:00,35.8055,34.30478425035004
2020-03-28 19:00:00,34.9265,34.14695623249217
2020-03-28 19:15:00,34.268,33.94190891796252
2020-03-28 19:30:00,33.828,32.96061515366473
2020-03-28 19:45:00,32.949,31.958501850963827
2020-03-28 20:00:00,32.51,31.967514337009902
2020-03-28 20:15:00,32.07,32.660182051622535
2020-03-28 20:30:00,31.631,33.30545676651053
2020-03-28 20:45:00,31.191,34.187197177266334
2020-03-28 21:00:00,30.752,34.04581438453512
2020-03-28 21:15:00,30.312,34.91174636455785
2020-03-28 21:30:00,29.873,34.7702799929818
2020-03-28 21:45:00,29.6535,34.77802900390477
2020-03-28 22:00:00,29.434,34.494207588601036
2020-03-28 22:15:00,29.214,33.719773511688736
2020-03-28 22:30:00,28.994,33.23919834759605
2020-03-28 22:45:00,28.994,33.26647824447813
2020-03-28 23:00:00,28.555,32.62376825047106
2020-03-28 23:15:00,28.555,32.576072930877196
2020-03-28 23:30:00,28.555,32.68120483989635
2020-03-28 23:45:00,28.335,32.662071737794555
2020-03-29 00:00:00,28.115,32.61917383116387
2020-03-29 00:15:00,28.115,32.5217543734088
2020-03-29 00:30:00,28.115,32.59014445126288
2020-03-29 00:45:00,28.115,32.56927199139391
2020-03-29 01:00:00,28.115,32.57126735653292
2020-03-29 01:15:00,28.115,32.589143415312876
2020-03-29 01:30:00,27.8955,32.47041369753575
2020-03-29 01:45:00,27.8955,32.68404337151624
2020-03-29 02:00:00,27.8955,31.26322698610684
2020-03-29 02:15:00,27.8955,28.69828577444849
2020-03-29 02:30:00,27.8955,26.972296505083236
2020-03-29 02:45:00,27.8955,24.219124515566396
2020-03-29 03:00:00,27.676,24.745446724999173
2020-03-29 03:15:00,27.676,25.36219213379286
2020-03-29 03:30:00,27.456,26.40784322744253
2020-03-29 03:45:00,27.236,27.68400074676277
2020-03-29 04:00:00,27.0165,25.863270418078738
2020-03-29 04:15:00,26.797,25.88286969195203
2020-03-29 04:30:00,26.357,28.406724798692263
2020-03-29 04:45:00,25.918,32.61950239507554
2020-03-29 05:00:00,25.6985,32.706193713390306
2020-03-29 05:15:00,25.479,32.676711698596144
2020-03-29 05:30:00,25.259,32.72098503818537
2020-03-29 05:45:00,25.039,32.75368730785446
2020-03-29 06:00:00,24.8195,32.794550818113144
2020-03-29 06:15:00,24.6,32.66304595018069
2020-03-29 06:30:00,24.38,32.773996248972544
2020-03-29 06:45:00,24.38,32.97719715725275
2020-03-29 07:00:00,24.38,32.90054875931506
2020-03-29 07:15:00,24.38,33.04997215262558
2020-03-29 07:30:00,24.6,33.03864682978597
2020-03-29 07:45:00,25.039,33.30782198082765
2020-03-29 08:00:00,25.479,33.24293340764758
2020-03-29 08:15:00,25.6985,32.84309268768727
2020-03-29 08:30:00,26.1375,33.07339190220153
2020-03-29 08:45:00,26.577,32.46095826192011
2020-03-29 09:00:00,27.0165,32.569549876304656
2020-03-29 09:15:00,27.456,32.60417753134687
2020-03-29 09:30:00,28.115,32.74368152140712
2020-03-29 09:45:00,28.994,33.014000204200755
2020-03-29 10:00:00,30.0925,32.70924890983595
2020-03-29 10:15:00,31.191,30.5570992020476
2020-03-29 10:30:00,31.631,28.464315106217022
2020-03-29 10:45:00,32.29,25.60502447918552
2020-03-29 11:00:00,33.169,23.03731733511233
2020-03-29 11:15:00,33.8285,23.141591667193726
2020-03-29 11:30:00,34.2675,23.309394494678536
2020-03-29 11:45:00,34.707,23.123951872347593
2020-03-29 12:00:00,35.366,23.23416122182784
2020-03-29 12:15:00,36.025,23.003627413116156
2020-03-29 12:30:00,36.245,22.617714821535507
2020-03-29 12:45:00,36.6845,22.137299249581037
2020-03-29 13:00:00,37.124,22.35964599569109
2020-03-29 13:15:00,37.7835,22.05736428824731
2020-03-29 13:30:00,38.4425,22.54258444893241
2020-03-29 13:45:00,38.882,23.80910497133542
2020-03-29 14:00:00,39.3215,26.774888394650187
2020-03-29 14:15:00,39.98,26.570538854651513
2020-03-29 14:30:00,40.42,30.689974297283822
2020-03-29 14:45:00,40.42,32.165476383828455
2020-03-29 15:00:00,39.98,32.55260427877698
2020-03-29 15:15:00,39.541,32.54684031958496
2020-03-29 15:30:00,39.102,32.56457495473499
2020-03-29 15:45:00,38.662,32.630231998513985
2020-03-29 16:00:00,38.223,32.60855495540396
2020-03-29 16:15:00,37.783,32.71397597008205
2020-03-29 16:30:00,37.344,33.28517055049648
2020-03-29 16:45:00,36.904,33.46253450619437
2020-03-29 17:00:00,36.465,32.91819835338688
2020-03-29 17:15:00,36.025,33.81965102179817
2020-03-29 17:30:00,35.8055,33.81872781313212
2020-03-29 17:45:00,35.586,34.22635646547919
2020-03-29 18:00:00,35.146,34.1397433817937
2020-03-29 18:15:00,34.707,34.1047040107877
2020-03-29 18:30:00,34.268,34.38457564141207
2020-03-29 18:45:00,34.268,34.189065637691584
2020-03-29 19:00:00,33.828,34.3178435092086
2020-03-29 19:15:00,33.389,34.289239508449626
2020-03-29 19:30:00,33.389,33.36664055939875
2020-03-29 19:45:00,32.949,32.93572411489802
2020-03-29 20:00:00,32.51,34.228376114213
2020-03-29 20:15:00,32.51,34.21992665149133
2020-03-29 20:30:00,32.07,33.971910262714715
2020-03-29 20:45:00,31.8505,34.627236681232425
2020-03-29 21:00:00,31.631,34.19165595685069
2020-03-29 21:15:00,31.411,33.65005248096363
2020-03-29 21:30:00,30.9715,34.578678520587204
2020-03-29 21:45:00,30.752,34.555293315014424
2020-03-29 22:00:00,30.532,34.05894476478144
2020-03-29 22:15:00,30.312,33.95486643214653
2020-03-29 22:30:00,30.0925,33.699526929895164
2020-03-29 22:45:00,29.6535,33.85650515922061
2020-03-29 23:00:00,29.434,32.76756694201104
2020-03-29 23:15:00,29.214,32.94820449638455
2020-03-29 23:30:00,28.7745,33.11821867507793
2020-03-29 23:45:00,28.555,32.79844444359916
2020-03-30 00:00:00,28.115,32.73250926971706
2020-03-30 00:15:00,28.115,32.6869727109689
2020-03-30 00:30:00,27.8955,32.63482629900706
2020-03-30 00:45:00,27.676,32.71738749336131
2020-03-30 01:00:00,27.456,32.62296903985491
2020-03-30 01:15:00,27.236,32.64919275441208
2020-03-30 01:30:00,27.0165,32.533185859121815
2020-03-30 01:45:00,26.797,32.69155435213803
2020-03-30 02:00:00,26.577,32.5243894214933
2020-03-30 02:15:00,26.357,32.63102913708422
2020-03-30 02:30:00,25.918,32.63711749093935
2020-03-30 02:45:00,25.6985,32.529628796373885
2020-03-30 03:00:00,25.479,32.64276930160061
2020-03-30 03:15:00,25.259,32.65507425115731
2020-03-30 03:30:00,25.039,32.68624330141343
2020-03-30 03:45:00,24.8195,32.4588079960185
2020-03-30 04:00:00,24.8195,32.622415145387635
2020-03-30 04:15:00,24.6,32.51997405731405
2020-03-30 04:30:00,24.38,32.53707801332642
2020-03-30 04:45:00,24.16,32.510977354312885
2020-03-30 05:00:00,24.16,32.66124377485467
2020-03-30 05:15:00,23.9405,32.59053176343653
2020-03-30 05:30:00,23.721,32.592535004471436
2020-03-30 05:45:00,23.721,32.59846856908493
2020-03-30 06:00:00,23.721,32.559331780350085
2020-03-30 06:15:00,23.501,32.80879695927358
2020-03-30 06:30:00,23.281,32.81980644862272
2020-03-30 06:45:00,23.281,33.25047924552449
2020-03-30 07:00:00,23.281,32.710133418963835
2020-03-30 07:15:00,23.281,32.95898841438695
2020-03-30 07:30:00,23.0615,33.07074187717523
2020-03-30 07:45:00,23.0615,32.76162866581988
2020-03-30 08:00:00,23.0615,30.899676324020383
2020-03-30 08:15:00,23.0615,31.04815718910241
2020-03-30 08:30:00,23.281,31.394541155425284
2020-03-30 08:45:00,23.721,31.783326173250916
2020-03-30 09:00:00,24.16,33.48962581871259
2020-03-30 09:15:00,24.6,33.040804778498824
2020-03-30 09:30:00,24.8195,32.90764701222215
2020-03-30 09:45:00,25.039,32.81757619104583
2020-03-30 10:00:00,25.259,31.552307937031994
2020-03-30 10:15:00,25.479,30.380062874888093
2020-03-30 10:30:00,25.6985,27.881194156711715
2020-03-30 10:45:00,25.6985,23.127290782830908
2020-03-30 11:00:00,25.6985,22.469870689899828
2020-03-30 11:15:00,25.6985,23.249804323082994
2020-03-30 11:30:00,25.918,23.06042066184839
2020-03-30 11:45:00,26.1375,23.40112319503629
2020-03-30 12:00:00,26.577,24.65289138890153
2020-03-30 12:15:00,26.7965,26.419698007447018
2020-03-30 12:30:00,27.0165,25.130098447388608
2020-03-30 12:45:00,27.456,28.624685049776875
2020-03-30 13:00:00,27.8955,27.187974440938948
2020-03-30 13:15:00,28.335,27.718403021315805
2020-03-30 13:30:00,28.7745,33.47332145569028
2020-03-30 13:45:00,29.873,33.207085630764745
2020-03-30 14:00:00,31.191,33.214118358280096
2020-03-30 14:15:00,32.07,33.206713276158084
2020-03-30 14:30:00,32.949,32.9948175157498
2020-03-30 14:45:00,33.6085,33.02422558184747
2020-03-30 15:00:00,34.048,33.12930971082713
2020-03-30 15:15:00,34.4875,33.03041287217583
2020-03-30 15:30:00,34.4875,33.13895497734208
2020-03-30 15:45:00,34.4875,33.003123434038024
2020-03-30 16:00:00,34.2675,32.48689083088601
2020-03-30 16:15:00,34.2675,32.69291002718867
2020-03-30 16:30:00,34.2675,33.02210559743716
2020-03-30 16:45:00,33.8285,32.81631585979072
2020-03-30 17:00:00,33.6085,32.81408661215571
2020-03-30 17:15:00,33.169,32.999045354434784
2020-03-30 17:30:00,32.7295,33.146219735632414
2020-03-30 17:45:00,32.29,33.353298964021455
2020-03-30 18:00:00,32.07,31.668445177052536
2020-03-30 18:15:00,31.631,32.27183128422097
2020-03-30 18:30:00,31.191,32.91431968056301
2020-03-30 18:45:00,30.752,31.807295018968876
2020-03-30 19:00:00,30.532,33.04770429052693
2020-03-30 19:15:00,30.312,34.104845213433435
2020-03-30 19:30:00,29.873,30.52587203485011
2020-03-30 19:45:00,29.434,31.6086609906178
2020-03-30 20:00:00,29.434,31.684677466543928
2020-03-30 20:15:00,28.994,33.1910061423038
2020-03-30 20:30:00,28.994,33.88378964404076
2020-03-30 20:45:00,28.555,34.55174021377831
2020-03-30 21:00:00,28.335,35.037320468833535
2020-03-30 21:15:00,27.8955,34.98045913341812
2020-03-30 21:30:00,27.676,35.39665318725741
2020-03-30 21:45:00,27.456,34.52913779659358
2020-03-30 22:00:00,27.236,35.14243433038362
2020-03-30 22:15:00,27.0165,34.93237456143505
2020-03-30 22:30:00,27.0165,34.404929938447104
2020-03-30 22:45:00,26.577,34.58217932885455
2020-03-30 23:00:00,26.577,34.574452464630404
2020-03-30 23:15:00,26.577,32.938512812308836
2020-03-30 23:30:00,26.357,33.828266700144745
2020-03-30 23:45:00,26.1375,33.78023567555348
2020-03-31 00:00:00,26.1375,33.26268839781415
2020-03-31 00:15:00,26.1375,32.75562706708436
2020-03-31 00:30:00,26.1375,32.942865610427376
2020-03-31 00:45:00,26.1375,32.532550462032475
2020-03-31 01:00:00,26.1375,31.512990574615138
2020-03-31 01:15:00,26.1375,31.512990574615138
2020-03-31 01:30:00,26.1375,31.512990574615138
2020-03-31 01:45:00,26.1375,31.512990574615138
2020-03-31 02:00:00,26.1375,31.512990574615138
2020-03-31 02:15:00,26.1375,31.512990574615138
2020-03-31 02:30:00,26.1375,31.512990574615138
2020-03-31 02:45:00,26.1375,31.512990574615138
2020-03-31 03:00:00,26.1375,31.512990574615138
2020-03-31 03:15:00,26.1375,31.512990574615138
2020-03-31 03:30:00,26.1375,31.512990574615138
2020-03-31 03:45:00,26.1375,31.512990574615138
2020-03-31 04:00:00,26.1375,31.512990574615138
2020-03-31 04:15:00,26.1375,31.512990574615138
2020-03-31 04:30:00,26.1375,31.512990574615138
2020-03-31 04:45:00,26.1375,31.512990574615138
2020-03-31 05:00:00,26.1375,31.512990574615138
2020-03-31 05:15:00,26.1375,31.512990574615138
2020-03-31 05:30:00,26.1375,31.512990574615138
2020-03-31 05:45:00,26.1375,31.512990574615138
2020-03-31 06:00:00,26.1375,31.512990574615138
2020-03-31 06:15:00,26.1375,31.512990574615138
2020-03-31 06:30:00,26.1375,31.512990574615138
2020-03-31 06:45:00,26.1375,31.512990574615138
2020-03-31 07:00:00,26.1375,31.512990574615138
2020-03-31 07:15:00,26.1375,31.512990574615138
2020-03-31 07:30:00,26.1375,31.512990574615138
2020-03-31 07:45:00,26.1375,31.512990574615138
2020-03-31 08:00:00,26.1375,31.512990574615138
2020-03-31 08:15:00,26.1375,31.512990574615138
2020-03-31 08:30:00,26.1375,31.512990574615138
2020-03-31 08:45:00,26.1375,31.512990574615138
2020-03-31 09:00:00,26.1375,31.512990574615138
2020-03-31 09:15:00,26.1375,31.512990574615138
2020-03-31 09:30:00,26.1375,31.512990574615138
2020-03-31 09:45:00,26.1375,31.512990574615138
2020-03-31 10:00:00,26.1375,31.512990574615138
2020-03-31 10:15:00,26.1375,31.512990574615138
2020-03-31 10:30:00,26.1375,31.512990574615138
2020-03-31 10:45:00,26.1375,31.512990574615138
2020-03-31 11:00:00,26.1375,31.512990574615138
2020-03-31 11:15:00,26.1375,31.512990574615138
2020-03-31 11:30:00,26.1375,31.512990574615138
2020-03-31 11:45:00,26.1375,31.512990574615138
2020-03-31 12:00:00,26.1375,31.512990574615138
2020-03-31 12:15:00,26.1375,31.512990574615138
2020-03-31 12:30:00,26.1375,31.512990574615138
2020-03-31 12:45:00,26.1375,31.512990574615138
2020-03-31 13:00:00,26.1375,31.512990574615138
2020-03-31 13:15:00,26.1375,31.512990574615138
2020-03-31 13:30:00,26.1375,31.512990574615138
2020-03-31 13:45:00,26.1375,31.512990574615138
2020-03-31 14:00:00,26.1375,31.512990574615138
2020-03-31 14:15:00,26.1375,31.512990574615138
2020-03-31 14:30:00,26.1375,31.512990574615138
2020-03-31 14:45:00,26.1375,31.512990574615138
2020-03-31 15:00:00,26.1375,31.512990574615138
2020-03-31 15:15:00,26.1375,31.512990574615138
2020-03-31 15:30:00,26.1375,31.512990574615138
2020-03-31 15:45:00,26.1375,31.512990574615138
2020-03-31 16:00:00,26.1375,31.512990574615138
2020-03-31 16:15:00,26.1375,31.512990574615138
2020-03-31 16:30:00,26.1375,31.512990574615138
2020-03-31 16:45:00,26.1375,31.512990574615138
2020-03-31 17:00:00,26.1375,31.512990574615138
2020-03-31 17:15:00,26.1375,31.512990574615138
2020-03-31 17:30:00,26.1375,31.512990574615138
2020-03-31 17:45:00,26.1375,31.512990574615138
2020-03-31 18:00:00,26.1375,31.512990574615138
2020-03-31 18:15:00,26.1375,31.512990574615138
2020-03-31 18:30:00,26.1375,31.512990574615138
2020-03-31 18:45:00,26.1375,31.512990574615138
2020-03-31 19:00:00,26.1375,31.512990574615138
2020-03-31 19:15:00,26.1375,31.512990574615138
2020-03-31 19:30:00,26.1375,31.512990574615138
2020-03-31 19:45:00,26.1375,31.512990574615138
2020-03-31 20:00:00,26.1375,31.512990574615138
2020-03-31 20:15:00,26.1375,31.512990574615138
2020-03-31 20:30:00,26.1375,31.512990574615138
2020-03-31 20:45:00,26.1375,31.512990574615138
2020-03-31 21:00:00,26.1375,31.512990574615138
2020-03-31 21:15:00,26.1375,31.512990574615138
2020-03-31 21:30:00,26.1375,31.512990574615138
2020-03-31 21:45:00,26.1375,31.512990574615138
2020-03-31 22:00:00,26.1375,31.512990574615138
2020-03-31 22:15:00,26.1375,31.512990574615138
2020-03-31 22:30:00,26.1375,31.512990574615138
2020-03-31 22:45:00,26.1375,31.512990574615138
2020-03-31 23:00:00,26.1375,31.512990574615138
2020-03-31 23:15:00,26.1375,31.512990574615138
2020-03-31 23:30:00,26.1375,31.512990574615138
2020-03-31 23:45:00,26.1375,31.512990574615138
2020-04-01 00:00:00,27.676,31.512990574615138
2020-04-01 00:15:00,27.456,31.512990574615138
2020-04-01 00:30:00,27.236,32.0896292226023
2020-04-01 00:45:00,27.236,32.45649985647267
2020-04-01 01:00:00,27.0165,32.41416417412596
2020-04-01 01:15:00,26.797,32.76835433211765
2020-04-01 01:30:00,26.797,32.689175766160574
2020-04-01 01:45:00,26.357,32.66548697929785
2020-04-01 02:00:00,26.357,32.550817272285435
2020-04-01 02:15:00,26.1375,32.69586812793946
2020-04-01 02:30:00,25.918,32.725650787538434
2020-04-01 02:45:00,25.918,32.413784743192274
2020-04-01 03:00:00,25.6985,32.69046176425946
2020-04-01 03:15:00,25.479,32.670048461712
2020-04-01 03:30:00,25.479,32.389808067086115
2020-04-01 03:45:00,25.039,32.77513434789212
2020-04-01 04:00:00,25.039,32.42232890303957
2020-04-01 04:15:00,25.039,32.27864598766052
2020-04-01 04:30:00,24.8195,32.700852201273925
2020-04-01 04:45:00,24.6,32.887814034957735
2020-04-01 05:00:00,24.6,32.85330247137465
2020-04-01 05:15:00,24.6,32.63213271689654
2020-04-01 05:30:00,24.6,32.57255270167176
2020-04-01 05:45:00,24.38,32.783011652604536
2020-04-01 06:00:00,24.16,32.73050746927971
2020-04-01 06:15:00,24.16,32.8298748895945
2020-04-01 06:30:00,24.16,32.397296089085174
2020-04-01 06:45:00,24.16,32.13875155938739
2020-04-01 07:00:00,24.16,33.07652372664215
2020-04-01 07:15:00,24.16,32.1209705830948
2020-04-01 07:30:00,24.6,31.05200142273782
2020-04-01 07:45:00,25.039,33.1813787967016
2020-04-01 08:00:00,25.479,31.55389564615775
2020-04-01 08:15:00,26.1375,32.16897703733608
2020-04-01 08:30:00,27.0165,32.5812107915951
2020-04-01 08:45:00,27.676,32.50621338337826
2020-04-01 09:00:00,28.335,32.8505906974105
2020-04-01 09:15:00,28.994,32.83728540839669
2020-04-01 09:30:00,30.0925,32.76211369869141
2020-04-01 09:45:00,31.191,32.701207180081184
2020-04-01 10:00:00,32.07,33.06338798871624
2020-04-01 10:15:00,32.949,32.63572863177047
2020-04-01 10:30:00,34.048,29.95962486927998
2020-04-01 10:45:00,34.9265,28.671515021992967
2020-04-01 11:00:00,36.0255,25.124375252210026
2020-04-01 11:15:00,36.6845,24.230944967981124
2020-04-01 11:30:00,37.344,28.396276019009285
2020-04-01 11:45:00,38.223,31.881380643520917
2020-04-01 12:00:00,38.8815,33.131293281393724
2020-04-01 12:15:00,39.1015,33.135854222826026
2020-04-01 12:30:00,39.3215,33.142774491752604
2020-04-01 12:45:00,39.7605,32.9092010095945
2020-04-01 13:00:00,40.2005,31.975872563306062
2020-04-01 13:15:00,41.079,32.369400650407506
2020-04-01 13:30:00,41.299,32.488218445332365
2020-04-01 13:45:00,41.738,32.54440434022178
2020-04-01 14:00:00,42.3975,32.91148709096193
2020-04-01 14:15:00,42.837,32.6697199804378
2020-04-01 14:30:00,43.2765,32.64014908594374
2020-04-01 14:45:00,43.2765,32.707078347083915
2020-04-01 15:00:00,42.837,32.5212728505829
2020-04-01 15:15:00,42.1775,32.694981047277615
2020-04-01 15:30:00,41.5185,32.73364380467954
2020-04-01 15:45:00,41.079,32.65500991508945
2020-04-01 16:00:00,40.6395,32.87364561652281
2020-04-01 16:15:00,40.6395,32.80787663532166
2020-04-01 16:30:00,40.42,33.56879927726331
2020-04-01 16:45:00,40.42,33.02172115081556
2020-04-01 17:00:00,39.98,33.64590905171768
2020-04-01 17:15:00,39.541,34.13251624767229
2020-04-01 17:30:00,39.102,33.05120205174229
2020-04-01 17:45:00,38.662,34.13995791637492
2020-04-01 18:00:00,38.4425,34.544531774063536
2020-04-01 18:15:00,38.003,33.71345549157669
2020-04-01 18:30:00,37.5635,34.82458619427093
2020-04-01 18:45:00,37.124,34.62745752593038
2020-04-01 19:00:00,36.6845,35.18460024844322
2020-04-01 19:15:00,36.245,35.140678195158486
2020-04-01 19:30:00,35.8055,34.60666462946905
2020-04-01 19:45:00,35.586,32.77315977254229
2020-04-01 20:00:00,35.366,33.46345653785688
2020-04-01 20:15:00,34.9265,33.66608606362622
2020-04-01 20:30:00,34.707,33.48023386911459
2020-04-01 20:45:00,34.4875,34.528348608867695
2020-04-01 21:00:00,34.048,34.541625249358525
2020-04-01 21:15:00,34.048,34.619847215432266
2020-04-01 21:30:00,33.6085,34.980571045392345
2020-04-01 21:45:00,33.6085,34.702705554409135
2020-04-01 22:00:00,33.169,34.21350891357615
2020-04-01 22:15:00,33.169,34.19098033644575
2020-04-01 22:30:00,32.949,34.469531914666405
2020-04-01 22:45:00,32.7295,33.631254609302424
2020-04-01 23:00:00,32.7295,33.707950814480846
2020-04-01 23:15:00,32.7295,33.423862176937895
2020-04-01 23:30:00,32.51,32.722721864857505
2020-04-01 23:45:00,32.29,32.589736888633844
2020-04-02 00:00:00,32.29,31.0824286034034
2020-04-02 00:15:00,32.29,28.4555692325171
2020-04-02 00:30:00,32.07,26.692734387250315
2020-04-02 00:45:00,31.8505,25.671707838629167
2020-04-02 01:00:00,31.8505,26.11733232152398
2020-04-02 01:15:00,31.8505,29.727047763356968
2020-04-02 01:30:00,31.631,32.218110910069896
2020-04-02 01:45:00,31.411,32.154328151047345
2020-04-02 02:00:00,31.191,32.37580734059237
2020-04-02 02:15:00,30.9715,32.32656147871432
2020-04-02 02:30:00,30.9715,32.32277903545016
2020-04-02 02:45:00,30.9715,32.30738585390336
2020-04-02 03:00:00,30.752,32.30173219228903
2020-04-02 03:15:00,30.532,32.27935532239699
2020-04-02 03:30:00,30.532,32.255383903930536
2020-04-02 03:45:00,30.312,32.224398058785106
2020-04-02 04:00:00,30.312,32.31483170218542
2020-04-02 04:15:00,30.0925,32.31708868620888
2020-04-02 04:30:00,30.0925,32.528336325891715
2020-04-02 04:45:00,30.0925,32.436580679219155
2020-04-02 05:00:00,29.873,31.82152703439282
2020-04-02 05:15:00,29.873,31.933455457913986
2020-04-02 05:30:00,29.873,30.721064401638113
2020-04-02 05:45:00,29.6535,30.70666039024392
2020-04-02 06:00:00,29.6535,31.45959039603843
2020-04-02 06:15:00,29.6535,31.5736697216102
2020-04-02 06:30:00,29.6535,33.68400862384549
2020-04-02 06:45:00,29.6535,34.701737480374895
2020-04-02 07:00:00,29.6535,34.41113863334567
2020-04-02 07:15:00,29.6535,34.84619549411413
2020-04-02 07:30:00,29.6535,34.617736746070435
2020-04-02 07:45:00,29.6535,33.652465958148206
2020-04-02 08:00:00,29.6535,29.087152211950077
2020-04-02 08:15:00,29.6535,28.3124587818096
2020-04-02 08:30:00,29.873,30.222185093895312
2020-04-02 08:45:00,30.0925,30.23707771616635
2020-04-02 09:00:00,30.532,33.43342295162851
2020-04-02 09:15:00,30.532,36.05083064211256
2020-04-02 09:30:00,31.1915,35.31575654016514
2020-04-02 09:45:00,31.411,35.83469573185144
2020-04-02 10:00:00,31.8505,36.02105721588393
2020-04-02 10:15:00,32.5095,33.353445131636605
2020-04-02 10:30:00,33.3885,33.09164795366467
2020-04-02 10:45:00,34.048,31.581811662912806
2020-04-02 11:00:00,34.4875,25.853494197432
2020-04-02 11:15:00,35.146,26.93448046002659
2020-04-02 11:30:00,35.366,26.935189185494544
2020-04-02 11:45:00,35.8055,29.770893324061714
2020-04-02 12:00:00,36.245,33.057234512475375
2020-04-02 12:15:00,36.6845,35.388519814304544
2020-04-02 12:30:00,36.9045,35.614715477243365
2020-04-02 12:45:00,36.9045,35.96771550871517
2020-04-02 13:00:00,37.5635,35.75296001740909
2020-04-02 13:15:00,38.003,35.571278816294715
2020-04-02 13:30:00,38.4425,35.72464791084448
2020-04-02 13:45:00,38.662,35.49576538094892
2020-04-02 14:00:00,39.541,34.69841851301884
2020-04-02 14:15:00,39.9805,35.00394337756306
2020-04-02 14:30:00,40.42,34.58761875013324
2020-04-02 14:45:00,40.42,34.960324481343264
2020-04-02 15:00:00,40.6395,35.329272112827724
2020-04-02 15:15:00,40.859,34.92142863746003
2020-04-02 15:30:00,40.42,35.25706618071949
2020-04-02 15:45:00,40.2,35.69510182342232
2020-04-02 16:00:00,39.761,36.438752502295635
2020-04-02 16:15:00,39.321,36.48633642986054
2020-04-02 16:30:00,39.1015,37.26535960073958
2020-04-02 16:45:00,38.4425,37.97360773092144
2020-04-02 17:00:00,38.003,37.928776227408335
2020-04-02 17:15:00,37.7835,38.145317575893685
2020-04-02 17:30:00,37.3435,38.32182059582231
2020-04-02 17:45:00,36.9045,38.32467148046681
2020-04-02 18:00:00,36.6845,38.66273087995443
2020-04-02 18:15:00,36.4645,38.57088361724706
2020-04-02 18:30:00,36.0255,38.30438542414255
2020-04-02 18:45:00,35.8055,38.57559688199751
2020-04-02 19:00:00,35.366,38.534013998547934
2020-04-02 19:15:00,35.366,38.83031110327713
2020-04-02 19:30:00,34.9265,38.06572774980763
2020-04-02 19:45:00,34.9265,37.56566756209054
2020-04-02 20:00:00,34.707,37.18307138912726
2020-04-02 20:15:00,34.4875,36.18685944645069
2020-04-02 20:30:00,34.268,37.346624707207155
2020-04-02 20:45:00,34.048,37.72067865823437
2020-04-02 21:00:00,33.828,37.35920779915696
2020-04-02 21:15:00,33.6085,38.17418401863445
2020-04-02 21:30:00,33.389,39.155146551435806
2020-04-02 21:45:00,33.169,39.44398503950621
2020-04-02 22:00:00,32.949,38.743346944155114
2020-04-02 22:15:00,32.7295,38.6113825097568
2020-04-02 22:30:00,32.29,38.03761390649833
2020-04-02 22:45:00,32.29,36.68449279533376
2020-04-02 23:00:00,32.29,36.929923540058915
2020-04-02 23:15:00,32.07,37.0453086808005
2020-04-02 23:30:00,31.8505,36.76883659465381
2020-04-02 23:45:00,31.8505,36.840591163136466
2020-04-03 00:00:00,31.631,35.68115543410808
2020-04-03 00:15:00,31.411,35.83573038756354
2020-04-03 00:30:00,31.191,34.463562829542646
2020-04-03 00:45:00,31.191,33.76712737073306
2020-04-03 01:00:00,30.752,34.623447071380916
2020-04-03 01:15:00,30.752,34.16833011887007
2020-04-03 01:30:00,30.312,34.11165632375764
2020-04-03 01:45:00,30.312,33.82885998508199
2020-04-03 02:00:00,30.0925,33.36013239062408
2020-04-03 02:15:00,29.873,32.971218394679205
2020-04-03 02:30:00,29.873,32.841094881137586
2020-04-03 02:45:00,29.434,33.187289010530705
2020-04-03 03:00:00,29.434,32.616673690108264
2020-04-03 03:15:00,29.434,32.79659496119164
2020-04-03 03:30:00,29.214,32.83777019339739
2020-04-03 03:45:00,28.994,33.068327861415
2020-04-03 04:00:00,28.994,33.288488641702266
2020-04-03 04:15:00,28.994,32.704436670637534
2020-04-03 04:30:00,28.555,32.91157614229819
2020-04-03 04:45:00,28.555,33.017762564143695
2020-04-03 05:00:00,28.335,32.94004236659973
2020-04-03 05:15:00,28.115,33.43493676173638
2020-04-03 05:30:00,28.115,32.9416884859227
2020-04-03 05:45:00,27.8955,32.98082307027292
2020-04-03 06:00:00,27.676,34.30464515940948
2020-04-03 06:15:00,27.676,33.81132751791659
2020-04-03 06:30:00,27.676,34.86917955019018
2020-04-03 06:45:00,27.676,34.96732245417342
2020-04-03 07:00:00,27.676,34.574169462248655
2020-04-03 07:15:00,27.676,35.365393719753186
2020-04-03 07:30:00,27.8955,34.09448639957039
2020-04-03 07:45:00,28.1155,35.308369727100775
2020-04-03 08:00:00,28.5545,32.50336064284002
2020-04-03 08:15:00,29.214,29.946624270700777
2020-04-03 08:30:00,29.873,31.79675509425824
2020-04-03 08:45:00,30.3125,30.155345192731485
2020-04-03 09:00:00,30.7515,29.30399993992838
2020-04-03 09:15:00,31.6305,32.29892261027576
2020-04-03 09:30:00,32.5095,31.010016588983113
2020-04-03 09:45:00,33.3885,28.35517331978896
2020-04-03 10:00:00,34.487,28.018689276117964
2020-04-03 10:15:00,35.366,27.835107066674166
2020-04-03 10:30:00,36.245,28.63135940664149
2020-04-03 10:45:00,37.124,32.04271582122492
2020-04-03 11:00:00,37.7835,28.91940181976171
2020-04-03 11:15:00,38.4425,27.140003407235888
2020-04-03 11:30:00,39.1015,22.962676997690284
2020-04-03 11:45:00,39.7605,22.203955833732902
2020-04-03 12:00:00,40.2005,22.238542923300283
2020-04-03 12:15:00,40.8595,22.11707219212747
2020-04-03 12:30:00,41.079,22.570798139699924
2020-04-03 12:45:00,41.7385,22.415038361246545
2020-04-03 13:00:00,42.3975,22.443527755447924
2020-04-03 13:15:00,43.0565,22.157132826902917
2020-04-03 13:30:00,43.496,22.093643579241018
2020-04-03 13:45:00,43.936,22.080879123144364
2020-04-03 14:00:00,43.936,22.232211213010267
2020-04-03 14:15:00,44.375,22.801548876686777
2020-04-03 14:30:00,44.814,23.197089869796226
2020-04-03 14:45:00,45.034,23.592087012985196
2020-04-03 15:00:00,45.034,23.525862011075617
2020-04-03 15:15:00,45.2535,23.611938626025953
2020-04-03 15:30:00,45.034,22.839060121062275
2020-04-03 15:45:00,44.375,22.14238569835567
2020-04-03 16:00:00,43.936,21.916906742283743
2020-04-03 16:15:00,43.716,21.750237345651108
2020-04-03 16:30:00,43.496,22.53610712581758
2020-04-03 16:45:00,43.2765,25.249884383456934
2020-04-03 17:00:00,42.837,27.74511147567226
2020-04-03 17:15:00,42.617,32.82207093019479
2020-04-03 17:30:00,42.3975,28.433895887291833
2020-04-03 17:45:00,41.958,25.94237364008865
2020-04-03 18:00:00,41.5185,29.70667476070239
2020-04-03 18:15:00,40.859,27.882375576483618
2020-04-03 18:30:00,40.42,31.846116310793835
2020-04-03 18:45:00,39.7605,38.18844070013817
2020-04-03 19:00:00,39.102,38.399317730043734
2020-04-03 19:15:00,38.4425,38.478048238013116
2020-04-03 19:30:00,38.003,35.18736355649927
2020-04-03 19:45:00,37.5635,32.79331104611038
2020-04-03 20:00:00,36.904,33.34138966740727
2020-04-03 20:15:00,36.465,29.70364879690949
2020-04-03 20:30:00,36.025,24.923409662694596
2020-04-03 20:45:00,35.586,25.42220985703815
2020-04-03 21:00:00,35.146,25.21941436957253
2020-04-03 21:15:00,34.707,25.45583893349993
2020-04-03 21:30:00,34.268,28.1243080682445
2020-04-03 21:45:00,34.048,26.009776699637992
2020-04-03 22:00:00,33.828,26.264624640363127
2020-04-03 22:15:00,33.389,27.011299296389986
2020-04-03 22:30:00,33.389,23.762861931222744
2020-04-03 22:45:00,33.169,23.507853252475254
2020-04-03 23:00:00,32.949,23.126955909798372
2020-04-03 23:15:00,32.949,22.23169768158304
2020-04-03 23:30:00,32.51,22.451281537522295
2020-04-03 23:45:00,32.29,22.552305170650545
2020-04-04 00:00:00,32.07,22.44677796467783
2020-04-04 00:15:00,31.8505,22.58677666221514
2020-04-04 00:30:00,31.411,22.69234985781163
2020-04-04 00:45:00,30.9715,22.375214626446294
2020-04-04 01:00:00,30.532,22.38587003920578
2020-04-04 01:15:00,30.0925,22.333707583858203
2020-04-04 01:30:00,29.4335,22.634042860860607
2020-04-04 01:45:00,28.9945,22.66512437018265
2020-04-04 02:00:00,28.5545,22.393450568649616
2020-04-04 02:15:00,28.1155,23.51958368215318
2020-04-04 02:30:00,27.6755,25.850314563590864
2020-04-04 02:45:00,27.2365,25.53531728552004
2020-04-04 03:00:00,26.7965,24.973217160098375
2020-04-04 03:15:00,26.577,24.561590231783608
2020-04-04 03:30:00,26.1375,25.46374408041355
2020-04-04 03:45:00,25.6985,24.85387630589681
2020-04-04 04:00:00,25.259,28.760461015317432
2020-04-04 04:15:00,25.0395,28.68602866626742
2020-04-04 04:30:00,24.8195,28.646834967946695
2020-04-04 04:45:00,24.38,28.484212004610242
2020-04-04 05:00:00,23.9405,28.79380938515771
2020-04-04 05:15:00,23.501,28.459483997619362
2020-04-04 05:30:00,23.501,28.0549943073837
2020-04-04 05:45:00,23.0615,26.21085237660801
2020-04-04 06:00:00,22.622,25.340106860247868
2020-04-04 06:15:00,22.622,24.6685871654258
2020-04-04 06:30:00,22.1825,22.967600131284826
2020-04-04 06:45:00,21.743,22.40771749333432
2020-04-04 07:00:00,21.743,22.146230575936947
2020-04-04 07:15:00,21.5235,22.42882432356871
2020-04-04 07:30:00,21.3035,22.523473231630476
2020-04-04 07:45:00,20.8645,22.984228398975656
2020-04-04 08:00:00,20.8645,23.311555249603597
2020-04-04 08:15:00,20.425,23.315745228296166
2020-04-04 08:30:00,20.425,22.957677052947112
2020-04-04 08:45:00,20.205,22.542258085027182
2020-04-04 09:00:00,19.9855,22.884533205256897
2020-04-04 09:15:00,19.9855,22.99872793482776
2020-04-04 09:30:00,19.9855,22.833646801759993
2020-04-04 09:45:00,19.766,22.949718564561486
2020-04-04 10:00:00,19.766,22.993902170233877
2020-04-04 10:15:00,19.766,22.75666200778856
2020-04-04 10:30:00,19.766,23.97305846312396
2020-04-04 10:45:00,19.766,24.054431849033282
2020-04-04 11:00:00,19.766,24.054431849033282
2020-04-04 11:15:00,19.766,24.08874490884157
2020-04-04 11:30:00,19.766,24.08874490884157
2020-04-04 11:45:00,19.766,24.105408657264825
2020-04-04 12:00:00,19.766,23.928910978084378
2020-04-04 12:15:00,19.9855,24.091194903692266
2020-04-04 12:30:00,19.9855,24.201223425699027
2020-04-04 12:45:00,19.9855,24.498486643351445
2020-04-04 13:00:00,19.9855,24.509957112749643
2020-04-04 13:15:00,19.9855,24.62060031532216
2020-04-04 13:30:00,19.9855,24.345377136594614
2020-04-04 13:45:00,19.9855,24.190483129742468
2020-04-04 14:00:00,19.9855,24.094211559837007
2020-04-04 14:15:00,19.9855,24.109575922090524
2020-04-04 14:30:00,19.9855,24.017357184866732
2020-04-04 14:45:00,19.766,23.99525337137745
2020-04-04 15:00:00,19.766,24.068063943662608
2020-04-04 15:15:00,19.766,23.85382885324087
2020-04-04 15:30:00,19.766,24.266651536646112
2020-04-04 15:45:00,19.546,24.86614249088934
2020-04-04 16:00:00,19.546,26.391531623859542
2020-04-04 16:15:00,19.546,28.853891433945044
2020-04-04 16:30:00,19.546,32.620203910230515
2020-04-04 16:45:00,19.326,34.46066521398588
2020-04-04 17:00:00,19.1065,35.103565646930456
2020-04-04 17:15:00,19.1065,36.207025760480356
2020-04-04 17:30:00,19.1065,36.06929774326054
2020-04-04 17:45:00,19.1065,35.7419987610368
2020-04-04 18:00:00,19.1065,35.464574098951566
2020-04-04 18:15:00,19.1065,36.023614392013364
2020-04-04 18:30:00,19.1065,35.610711172701805
2020-04-04 18:45:00,19.1065,35.5954398859864
2020-04-04 19:00:00,19.1065,36.466097648511806
2020-04-04 19:15:00,19.1065,36.59441797031878
2020-04-04 19:30:00,19.1065,34.95076662104781
2020-04-04 19:45:00,19.1065,32.50364530901571
2020-04-04 20:00:00,19.1065,32.96759219472796
2020-04-04 20:15:00,19.1065,32.796562502756075
2020-04-04 20:30:00,19.1065,33.348904293171074
2020-04-04 20:45:00,19.1065,36.11555268512372
2020-04-04 21:00:00,19.1065,36.246847562517445
2020-04-04 21:15:00,19.1065,36.889727665677945
2020-04-04 21:30:00,19.1065,37.542156285468415
2020-04-04 21:45:00,18.8865,37.126727150360935
2020-04-04 22:00:00,18.667,36.70936007122425
2020-04-04 22:15:00,18.667,36.48501826459792
2020-04-04 22:30:00,18.667,35.92106689171651
2020-04-04 22:45:00,18.667,35.80969514283425
2020-04-04 23:00:00,18.667,35.679309671744164
2020-04-04 23:15:00,18.667,34.40404131978236
2020-04-04 23:30:00,18.667,34.43006123446057
2020-04-04 23:45:00,18.667,34.45010262988762
2020-04-05 00:00:00,18.667,34.18791004187305
2020-04-05 00:15:00,18.667,33.89815888438178
2020-04-05 00:30:00,18.667,33.22420284865005
2020-04-05 00:45:00,18.667,33.64560023173725
2020-04-05 01:00:00,18.667,33.49708227312563
2020-04-05 01:15:00,18.667,32.97987658928416
2020-04-05 01:30:00,18.667,33.023899034077985
2020-04-05 01:45:00,18.447,33.332877606114295
2020-04-05 02:00:00,18.447,32.715332240616
2020-04-05 02:15:00,18.447,32.76295892339016
2020-04-05 02:30:00,18.2275,33.040568687713986
2020-04-05 02:45:00,18.2275,32.78346860868172
2020-04-05 03:00:00,18.2275,32.756014009108426
2020-04-05 03:15:00,18.2275,32.80597410418954
2020-04-05 03:30:00,18.008,32.76005711471234
2020-04-05 03:45:00,17.788,32.695622167938886
2020-04-05 04:00:00,17.788,33.29647415521586
2020-04-05 04:15:00,17.568,32.760629573465714
2020-04-05 04:30:00,17.568,32.81415662795653
2020-04-05 04:45:00,17.568,32.88286701274243
2020-04-05 05:00:00,17.568,32.804358479715866
2020-04-05 05:15:00,17.568,33.23079252519201
2020-04-05 05:30:00,17.568,32.68644953978987
2020-04-05 05:45:00,17.568,32.830602900001765
2020-04-05 06:00:00,17.568,32.90460170274862
2020-04-05 06:15:00,17.568,32.93968175242812
2020-04-05 06:30:00,17.568,33.439365132757075
2020-04-05 06:45:00,17.3485,33.55119022881305
2020-04-05 07:00:00,17.3485,32.93510562340502
2020-04-05 07:15:00,17.3485,33.33754222227278
2020-04-05 07:30:00,17.129,33.90629131701971
2020-04-05 07:45:00,17.129,33.435986244302775
2020-04-05 08:00:00,17.129,32.00714068557837
2020-04-05 08:15:00,17.129,31.681569871382372
2020-04-05 08:30:00,17.129,29.295956382671438
2020-04-05 08:45:00,16.689,29.057943517254916
2020-04-05 09:00:00,16.4695,30.69033901016528
2020-04-05 09:15:00,16.0305,31.838201697733844
2020-04-05 09:30:00,15.811,33.51179825981493
2020-04-05 09:45:00,15.591,34.918523173462106
2020-04-05 10:00:00,15.371,31.770333119330523
2020-04-05 10:15:00,15.1515,29.814538312071043
2020-04-05 10:30:00,14.712,27.48606013865801
2020-04-05 10:45:00,14.492,23.821827527032262
2020-04-05 11:00:00,14.053,23.500430421151716
2020-04-05 11:15:00,13.613,24.302955178390214
2020-04-05 11:30:00,13.3935,27.13528612838871
2020-04-05 11:45:00,13.174,33.38808589845105
2020-04-05 12:00:00,12.954,35.77800844221202
2020-04-05 12:15:00,12.954,36.15311702500633
2020-04-05 12:30:00,12.954,35.74710899477429
2020-04-05 12:45:00,12.954,36.40173552313934
2020-04-05 13:00:00,12.954,35.99001105653599
2020-04-05 13:15:00,12.734,36.2464606103944
2020-04-05 13:30:00,12.5145,36.77405348217101
2020-04-05 13:45:00,12.5145,37.12933524835721
2020-04-05 14:00:00,12.295,37.22343967509047
2020-04-05 14:15:00,12.075,36.76949262093847
2020-04-05 14:30:00,12.075,36.58351512061236
2020-04-05 14:45:00,12.075,36.43166854012028
2020-04-05 15:00:00,12.075,36.29777801947418
2020-04-05 15:15:00,12.075,36.44189281881018
2020-04-05 15:30:00,11.8555,35.9804507348259
2020-04-05 15:45:00,11.6355,36.586750022427346
2020-04-05 16:00:00,11.6355,36.552374295523244
2020-04-05 16:15:00,11.6355,36.77556603353044
2020-04-05 16:30:00,11.416,37.0850323103679
2020-04-05 16:45:00,11.1965,37.22390295162468
2020-04-05 17:00:00,11.1965,36.420129917237816
2020-04-05 17:15:00,11.1965,36.671477967658156
2020-04-05 17:30:00,11.1965,36.91914085735275
2020-04-05 17:45:00,11.1965,36.73418079385509
2020-04-05 18:00:00,11.1965,36.84464663690882
2020-04-05 18:15:00,11.1965,37.82596850585454
2020-04-05 18:30:00,11.1965,36.781507612565306
2020-04-05 18:45:00,11.1965,34.13753185735356
2020-04-05 19:00:00,11.1965,36.17798695039641
2020-04-05 19:15:00,11.1965,36.05411493679779
2020-04-05 19:30:00,11.1965,36.59601167459014
2020-04-05 19:45:00,11.1965,35.23504009080948
2020-04-05 20:00:00,11.1965,34.45021799836375
2020-04-05 20:15:00,11.1965,32.746117109551115
2020-04-05 20:30:00,11.1965,34.591224980247375
2020-04-05 20:45:00,11.1965,34.950249657020585
2020-04-05 21:00:00,11.1965,35.83343342785237
2020-04-05 21:15:00,11.1965,37.341586661240086
2020-04-05 21:30:00,11.6355,35.41067605744554
2020-04-05 21:45:00,11.6355,33.984959328992176
2020-04-05 22:00:00,11.6355,31.88959001127092
2020-04-05 22:15:00,11.6355,27.181660978369408
2020-04-05 22:30:00,11.6355,30.626482784231026
2020-04-05 22:45:00,11.6355,28.313845391329558
2020-04-05 23:00:00,11.6355,27.03820981517805
2020-04-05 23:15:00,11.6355,29.231221697273234
2020-04-05 23:30:00,11.8555,24.79552725040514
2020-04-05 23:45:00,11.8555,22.48528874326006
2020-04-06 00:00:00,11.8555,23.052532672681693
2020-04-06 00:15:00,11.8555,23.685793374772654
2020-04-06 00:30:00,11.8555,23.88600078813112
2020-04-06 00:45:00,11.8555,27.3045382189636
2020-04-06 01:00:00,11.8555,30.362707379875637
2020-04-06 01:15:00,11.8555,34.90761573432017
2020-04-06 01:30:00,11.636,34.69968023633866
2020-04-06 01:45:00,11.636,34.410666295868936
2020-04-06 02:00:00,11.636,35.01235050996874
2020-04-06 02:15:00,11.636,34.321915808743896
2020-04-06 02:30:00,11.8555,34.729031600036144
2020-04-06 02:45:00,12.075,35.04026115012797
2020-04-06 03:00:00,12.2945,34.3510125908879
2020-04-06 03:15:00,12.5145,34.562551126111636
2020-04-06 03:30:00,12.7345,33.69937602178563
2020-04-06 03:45:00,12.954,33.189943060133174
2020-04-06 04:00:00,12.954,33.09545231065066
2020-04-06 04:15:00,12.954,32.7294378184644
2020-04-06 04:30:00,12.954,32.91781511252167
2020-04-06 04:45:00,12.954,33.52331402679555
2020-04-06 05:00:00,12.954,33.70576255683938
2020-04-06 05:15:00,12.954,33.7647557236093
2020-04-06 05:30:00,12.954,33.35992622126333
2020-04-06 05:45:00,12.954,34.160137836654535
2020-04-06 06:00:00,12.954,33.324553406101494
2020-04-06 06:15:00,12.954,33.12731297722234
2020-04-06 06:30:00,12.954,34.77507694776977
2020-04-06 06:45:00,12.954,33.653223899790696
2020-04-06 07:00:00,13.1735,32.456732548510104
2020-04-06 07:15:00,13.3935,31.771516049278524
2020-04-06 07:30:00,13.3935,30.12520917304105
2020-04-06 07:45:00,13.833,32.224382317908486
2020-04-06 08:00:00,14.2725,29.990671373438776
2020-04-06 08:15:00,14.712,27.17958891940715
2020-04-06 08:30:00,15.1515,32.35410443154487
2020-04-06 08:45:00,15.811,30.902908047747534
2020-04-06 09:00:00,16.4695,30.510718822226444
2020-04-06 09:15:00,16.909,35.57668946281625
2020-04-06 09:30:00,17.5685,36.65503564948067
2020-04-06 09:45:00,18.0075,36.66894023656804
2020-04-06 10:00:00,18.4475,37.00409758739389
2020-04-06 10:15:00,19.1065,35.25464052692377
2020-04-06 10:30:00,19.546,33.889390863379624
2020-04-06 10:45:00,20.425,34.36306924567439
2020-04-06 11:00:00,21.084,32.680557613229446
2020-04-06 11:15:00,22.1825,29.156022171606768
2020-04-06 11:30:00,22.8415,34.58264691458742
2020-04-06 11:45:00,23.501,35.76381950452159
2020-04-06 12:00:00,24.16,36.06427166309173
2020-04-06 12:15:00,24.5995,36.445140805408506
2020-04-06 12:30:00,25.039,36.813470172987444
2020-04-06 12:45:00,25.4785,36.33954295424739
2020-04-06 13:00:00,25.918,35.91793355401921
2020-04-06 13:15:00,26.1375,35.8213444545491
2020-04-06 13:30:00,26.1375,34.96920261080426
2020-04-06 13:45:00,26.3575,29.88367396158308
2020-04-06 14:00:00,26.577,27.121356337393326
2020-04-06 14:15:00,26.577,21.972928393218655
2020-04-06 14:30:00,26.138,22.94707778465062
2020-04-06 14:45:00,25.918,23.485153502035562
2020-04-06 15:00:00,25.698,23.485153502035562
2020-04-06 15:15:00,25.4785,23.485153502035562
2020-04-06 15:30:00,25.259,23.45084044222728
2020-04-06 15:45:00,25.0395,23.44410099099152
2020-04-06 16:00:00,25.0395,23.48829414676868
2020-04-06 16:15:00,24.8195,23.43570569692844
2020-04-06 16:30:00,24.8195,23.619189269965258
2020-04-06 16:45:00,24.5995,22.942588055568386
2020-04-06 17:00:00,24.38,22.171321846259204
2020-04-06 17:15:00,23.9405,21.661973541622825
2020-04-06 17:30:00,23.501,21.332741754395226
2020-04-06 17:45:00,22.8415,21.051459942477837
2020-04-06 18:00:00,22.4025,20.834489284690683
2020-04-06 18:15:00,21.9625,20.831700550483543
2020-04-06 18:30:00,21.304,20.719677519812194
2020-04-06 18:45:00,21.084,21.2205841241172
2020-04-06 19:00:00,20.6445,20.951093290302275
2020-04-06 19:15:00,20.2055,21.916162825656286
2020-04-06 19:30:00,19.9855,22.287470078990143
2020-04-06 19:45:00,19.7655,22.158648951806587
2020-04-06 20:00:00,19.546,22.384427068158274
2020-04-06 20:15:00,19.3265,22.612647658548457
2020-04-06 20:30:00,19.1065,22.64395716100798
2020-04-06 20:45:00,18.8865,22.965831628842814
2020-04-06 21:00:00,18.667,23.935092621402802
2020-04-06 21:15:00,18.4475,25.013798193266066
2020-04-06 21:30:00,18.2275,25.596392735726536
2020-04-06 21:45:00,18.2275,31.639626074073735
2020-04-06 22:00:00,18.2275,33.00106669761683
2020-04-06 22:15:00,18.2275,33.78495584589821
2020-04-06 22:30:00,18.0075,34.33703159546058
2020-04-06 22:45:00,17.788,34.287812002113945
2020-04-06 23:00:00,17.788,34.29178508162915
2020-04-06 23:15:00,17.788,34.333078693963856
2020-04-06 23:30:00,17.788,33.84847634597368
2020-04-06 23:45:00,17.788,33.20604536084974
2020-04-07 00:00:00,17.5685,33.272602863447325
2020-04-07 00:15:00,17.3485,33.04784215738333
2020-04-07 00:30:00,17.1285,32.93466313880536
2020-04-07 00:45:00,16.909,32.722749036484224
2020-04-07 01:00:00,16.6895,32.798656148555004
2020-04-07 01:15:00,16.4695,32.76207097608888
2020-04-07 01:30:00,16.4695,32.64767426507442
2020-04-07 01:45:00,16.25,34.15082378279384
2020-04-07 02:00:00,16.0305,34.21355485432787
2020-04-07 02:15:00,15.811,33.57632980325694
2020-04-07 02:30:00,15.811,33.97493038764891
2020-04-07 02:45:00,15.591,33.99052981042265
2020-04-07 03:00:00,15.371,33.62426388732419
2020-04-07 03:15:00,15.371,33.50204940193221
2020-04-07 03:30:00,14.932,33.11307349558058
2020-04-07 03:45:00,14.932,33.59993111942639
2020-04-07 04:00:00,14.712,33.995648693173095
2020-04-07 04:15:00,14.492,33.68841643196485
2020-04-07 04:30:00,14.2725,33.77776776264061
2020-04-07 04:45:00,14.2725,33.759869809521845
2020-04-07 05:00:00,14.0525,33.71460806936856
2020-04-07 05:15:00,13.833,33.91309135597605
2020-04-07 05:30:00,13.833,33.76101320319023
2020-04-07 05:45:00,13.833,34.62064130811483
2020-04-07 06:00:00,13.3935,33.855000897240465
2020-04-07 06:15:00,13.3935,33.456460312574904
2020-04-07 06:30:00,13.3935,34.30657517152317
2020-04-07 06:45:00,13.3935,33.839776075055234
2020-04-07 07:00:00,13.3935,34.50734424561553
2020-04-07 07:15:00,13.613,35.044279641592624
2020-04-07 07:30:00,14.053,34.57478356904843
2020-04-07 07:45:00,14.492,34.64152142107263
2020-04-07 08:00:00,14.932,34.452713057507026
2020-04-07 08:15:00,15.591,33.63303991966713
2020-04-07 08:30:00,16.0305,34.15308835136857
2020-04-07 08:45:00,16.4695,34.35719119377301
2020-04-07 09:00:00,16.6895,34.61784208159825
2020-04-07 09:15:00,17.3485,35.186558034250865
2020-04-07 09:30:00,18.0075,36.39600081861143
2020-04-07 09:45:00,18.667,35.384537650260086
2020-04-07 10:00:00,19.546,34.313372320860836
2020-04-07 10:15:00,20.6445,33.48211027076898
2020-04-07 10:30:00,21.084,29.2314506217852
2020-04-07 10:45:00,21.963,26.283510763699372
2020-04-07 11:00:00,22.4025,24.358482446936705
2020-04-07 11:15:00,22.842,25.62639401793142
2020-04-07 11:30:00,23.2815,28.30899223420617
2020-04-07 11:45:00,23.7205,32.48858441967879
2020-04-07 12:00:00,23.9405,37.69797307461879
2020-04-07 12:15:00,24.16,38.22897828357406
2020-04-07 12:30:00,23.94,38.18334599643258
2020-04-07 12:45:00,24.5995,37.691220912297354
2020-04-07 13:00:00,25.259,37.9871580215705
2020-04-07 13:15:00,25.259,37.51253050422766
2020-04-07 13:30:00,25.4785,35.98374810218984
2020-04-07 13:45:00,26.3575,36.44986951455389
2020-04-07 14:00:00,26.797,36.26484637870968
2020-04-07 14:15:00,27.236,36.16016062259772
2020-04-07 14:30:00,27.456,36.61553961237792
2020-04-07 14:45:00,27.676,36.65045175016097
2020-04-07 15:00:00,27.676,34.90339527944423
2020-04-07 15:15:00,27.676,35.84550103887728
2020-04-07 15:30:00,27.456,35.82433442663954
2020-04-07 15:45:00,27.017,34.2778919085675
2020-04-07 16:00:00,26.577,36.32067138773838
2020-04-07 16:15:00,26.3575,36.669097145191785
2020-04-07 16:30:00,25.918,36.94763798815089
2020-04-07 16:45:00,25.6985,37.91347099102464
2020-04-07 17:00:00,25.2585,38.02268983680826
2020-04-07 17:15:00,24.6,38.114955527432166
2020-04-07 17:30:00,24.38,38.2790018498792
2020-04-07 17:45:00,23.9405,38.340559887477156
2020-04-07 18:00:00,23.501,38.33420507237838
2020-04-07 18:15:00,23.0615,38.35861029186314
2020-04-07 18:30:00,22.622,38.12814374017735
2020-04-07 18:45:00,21.963,38.32723725516326
2020-04-07 19:00:00,21.523,38.62153455802492
2020-04-07 19:15:00,21.084,38.55803317333836
2020-04-07 19:30:00,20.645,38.32720283074331
2020-04-07 19:45:00,20.205,37.466926531583994
2020-04-07 20:00:00,19.766,36.742130646219465
2020-04-07 20:15:00,19.326,36.849046526482546
2020-04-07 20:30:00,18.887,37.25351247850308
2020-04-07 20:45:00,18.447,37.90509614297534
2020-04-07 21:00:00,18.2275,37.17090057133669
2020-04-07 21:15:00,18.008,37.92536092772624
2020-04-07 21:30:00,17.568,39.2634577034829
2020-04-07 21:45:00,17.3485,38.02757108168312
2020-04-07 22:00:00,17.129,39.49956218522231
2020-04-07 22:15:00,16.689,40.361526064859646
2020-04-07 22:30:00,16.689,39.821807641638586
2020-04-07 22:45:00,16.25,39.28070311908235
2020-04-07 23:00:00,16.25,38.584120367162804
2020-04-07 23:15:00,15.811,39.11508210134343
2020-04-07 23:30:00,15.811,38.29723264661782
2020-04-07 23:45:00,15.591,37.66756886471391
2020-04-08 00:00:00,15.371,37.99059936515229
2020-04-08 00:15:00,15.371,35.931923728689185
2020-04-08 00:30:00,14.932,36.88373423245426
2020-04-08 00:45:00,14.932,36.37846674841911
2020-04-08 01:00:00,14.932,34.61311906507469
2020-04-08 01:15:00,14.712,35.45170194740004
2020-04-08 01:30:00,14.492,35.46340260573334
2020-04-08 01:45:00,14.492,34.475312608488736
2020-04-08 02:00:00,14.492,34.764290862244216
2020-04-08 02:15:00,14.492,34.56641783427238
2020-04-08 02:30:00,14.492,33.968625047645624
2020-04-08 02:45:00,14.492,34.11238099150559
2020-04-08 03:00:00,14.492,33.69350524714358
2020-04-08 03:15:00,14.492,33.72818639356391
2020-04-08 03:30:00,14.492,33.82602007488497
2020-04-08 03:45:00,14.053,33.56069284923203
2020-04-08 04:00:00,14.053,33.47699478482717
2020-04-08 04:15:00,14.053,33.78640522773828
2020-04-08 04:30:00,14.053,33.859632324254314
2020-04-08 04:45:00,13.613,33.91504702153762
2020-04-08 05:00:00,13.613,33.37070330511185
2020-04-08 05:15:00,13.3935,33.73257525151023
2020-04-08 05:30:00,13.174,33.85600101243406
2020-04-08 05:45:00,13.174,33.805730681525105
2020-04-08 06:00:00,12.954,33.88500942987693
2020-04-08 06:15:00,12.954,34.59892667356529
2020-04-08 06:30:00,12.954,36.03924248093834
2020-04-08 06:45:00,12.954,36.11221554692796
2020-04-08 07:00:00,13.174,36.34980048368056
2020-04-08 07:15:00,13.833,36.98767857114961
2020-04-08 07:30:00,14.2725,36.12276354898085
2020-04-08 07:45:00,14.9315,35.831282578228034
2020-04-08 08:00:00,15.8105,34.672740010043476
2020-04-08 08:15:00,16.25,31.20588605574246
2020-04-08 08:30:00,17.1285,32.2774451772462
2020-04-08 08:45:00,17.5685,32.64454563726139
2020-04-08 09:00:00,18.2275,33.61116659948318
2020-04-08 09:15:00,18.8865,35.674207836784475
2020-04-08 09:30:00,19.9855,36.49158315370334
2020-04-08 09:45:00,20.864,35.92752112741406
2020-04-08 10:00:00,22.1825,35.85919464780339
2020-04-08 10:15:00,23.0615,35.48182648448473
2020-04-08 10:30:00,23.9405,35.149381639161824
2020-04-08 10:45:00,24.6,34.98389769325891
2020-04-08 11:00:00,25.259,33.325024833435876
2020-04-08 11:15:00,26.138,33.26846969443601
2020-04-08 11:30:00,26.577,32.45415657668127
2020-04-08 11:45:00,27.2365,32.33668414477562
2020-04-08 12:00:00,27.8955,31.626478906219752
2020-04-08 12:15:00,28.335,32.176666343213796
2020-04-08 12:30:00,28.5545,32.65316840317936
2020-04-08 12:45:00,29.4335,32.80622397371156
2020-04-08 13:00:00,30.3125,32.82951793156027
2020-04-08 13:15:00,30.752,32.83673037296166
2020-04-08 13:30:00,31.1915,32.647452481404386
2020-04-08 13:45:00,31.8505,32.71669786856892
2020-04-08 14:00:00,32.7295,32.62988333432153
2020-04-08 14:15:00,33.169,32.468261964853575
2020-04-08 14:30:00,33.6085,32.772505861461
2020-04-08 14:45:00,34.048,33.9838170446043
2020-04-08 15:00:00,34.2675,34.57741875005136
2020-04-08 15:15:00,34.2675,34.63130193864212
2020-04-08 15:30:00,34.048,34.66558060254518
2020-04-08 15:45:00,33.8285,33.93518729592039
2020-04-08 16:00:00,33.389,34.124769126430785
2020-04-08 16:15:00,32.949,34.7602311248258
2020-04-08 16:30:00,32.51,35.02494750875187
2020-04-08 16:45:00,32.29,35.79087225015873
2020-04-08 17:00:00,32.07,36.15330879655269
2020-04-08 17:15:00,31.411,35.39771511196091
2020-04-08 17:30:00,31.191,36.9186602336299
2020-04-08 17:45:00,30.752,36.799414619056556
2020-04-08 18:00:00,30.312,36.99316232896866
2020-04-08 18:15:00,29.6535,37.439649498032885
2020-04-08 18:30:00,29.214,37.36018963273739
2020-04-08 18:45:00,28.7745,37.733446503574505
2020-04-08 19:00:00,28.335,37.6292481420664
2020-04-08 19:15:00,27.8955,38.05846662506071
2020-04-08 19:30:00,27.676,38.344644195862756
2020-04-08 19:45:00,27.456,36.40451277832962
2020-04-08 20:00:00,27.236,36.26599179755458
2020-04-08 20:15:00,27.0165,36.62442328449213
2020-04-08 20:30:00,26.797,35.729231839138166
2020-04-08 20:45:00,26.577,35.67831944583965
2020-04-08 21:00:00,26.357,36.11512290410531
2020-04-08 21:15:00,26.357,35.62986694964426
2020-04-08 21:30:00,26.1375,35.01224111362904
2020-04-08 21:45:00,25.918,32.38511195773567
2020-04-08 22:00:00,25.918,30.896401381784393
2020-04-08 22:15:00,25.6985,28.325936925159976
2020-04-08 22:30:00,25.479,29.71423334999358
2020-04-08 22:45:00,25.259,26.494115337100503
2020-04-08 23:00:00,25.039,25.35095341781662
2020-04-08 23:15:00,24.6,25.390266446474307
2020-04-08 23:30:00,24.16,22.21738314931388
2020-04-08 23:45:00,23.721,22.512350658590044
2020-04-09 00:00:00,23.501,22.21235525558063
2020-04-09 00:15:00,23.281,22.026867858139727
2020-04-09 00:30:00,22.842,27.832963352241197
2020-04-09 00:45:00,22.402,27.867411608138774
2020-04-09 01:00:00,21.963,31.56385185801184
2020-04-09 01:15:00,21.743,32.960601345917155
2020-04-09 01:30:00,21.523,34.1764297728847
2020-04-09 01:45:00,21.084,33.82808826654178
2020-04-09 02:00:00,21.084,34.26768274746302
2020-04-09 02:15:00,21.084,33.7925025475084
2020-04-09 02:30:00,20.645,34.01844106356851
2020-04-09 02:45:00,20.645,34.064396229750436
2020-04-09 03:00:00,20.205,33.619580506196186
2020-04-09 03:15:00,20.205,33.66808276058654
2020-04-09 03:30:00,19.9855,33.674713109351124
2020-04-09 03:45:00,19.766,33.85502511534661
2020-04-09 04:00:00,19.766,33.71313850124719
2020-04-09 04:15:00,19.546,34.046607504415746
2020-04-09 04:30:00,19.326,33.938195263891814
2020-04-09 04:45:00,19.326,33.55982524959563
2020-04-09 05:00:00,18.887,33.81730966322943
2020-04-09 05:15:00,18.887,34.052601719604006
2020-04-09 05:30:00,18.667,34.011130843620194
2020-04-09 05:45:00,18.447,33.81470199532844
2020-04-09 06:00:00,18.447,34.01303346488501
2020-04-09 06:15:00,18.2275,33.61526580407061
2020-04-09 06:30:00,18.008,35.08147073328978
2020-04-09 06:45:00,18.008,35.382341320738455
2020-04-09 07:00:00,18.008,36.399442814355574
2020-04-09 07:15:00,18.447,34.87016160204442
2020-04-09 07:30:00,19.1065,36.2261087705976
2020-04-09 07:45:00,19.7655,36.010837405320146
2020-04-09 08:00:00,20.6445,33.75279294553178
2020-04-09 08:15:00,21.5235,34.20712211376974
2020-04-09 08:30:00,22.1825,35.157356938074344
2020-04-09 08:45:00,23.0615,35.52934878846744
2020-04-09 09:00:00,23.9405,36.53303489713395
2020-04-09 09:15:00,24.8195,37.421635580191214
2020-04-09 09:30:00,25.918,37.307842722573646
2020-04-09 09:45:00,27.236,35.45383912375598
2020-04-09 10:00:00,28.335,36.44471983273125
2020-04-09 10:15:00,29.4335,34.949886258743796
2020-04-09 10:30:00,30.3125,34.823092761938526
2020-04-09 10:45:00,31.411,32.77677192801456
2020-04-09 11:00:00,32.07,33.05069157628103
2020-04-09 11:15:00,32.5095,30.40258947470812
2020-04-09 11:30:00,33.169,26.532861463134726
2020-04-09 11:45:00,33.828,27.151626176905776
2020-04-09 12:00:00,34.2675,24.28728730848819
2020-04-09 12:15:00,34.707,25.129567372284093
2020-04-09 12:30:00,34.707,27.939924111536687
2020-04-09 12:45:00,35.366,29.00198744490831
2020-04-09 13:00:00,36.245,32.63718808512392
2020-04-09 13:15:00,36.4645,33.06370929320054
2020-04-09 13:30:00,37.124,32.90453373089808
2020-04-09 13:45:00,38.003,34.23818942452398
2020-04-09 14:00:00,38.4425,33.78902521761511
2020-04-09 14:15:00,39.3215,34.65420422125182
2020-04-09 14:30:00,39.7605,34.43430401037031
2020-04-09 14:45:00,39.7605,34.05746317885647
2020-04-09 15:00:00,39.9805,34.02341980256447
2020-04-09 15:15:00,39.9805,33.95052211890621
2020-04-09 15:30:00,39.7605,34.04689670965955
2020-04-09 15:45:00,39.1015,33.69142368679802
2020-04-09 16:00:00,38.882,33.85001743180167
2020-04-09 16:15:00,38.2225,34.59285580198794
2020-04-09 16:30:00,38.003,34.22726708966564
2020-04-09 16:45:00,37.7835,35.287617382305825
2020-04-09 17:00:00,37.124,35.72119142326013
2020-04-09 17:15:00,36.6845,34.75445198485496
2020-04-09 17:30:00,36.4645,36.32595927921891
2020-04-09 17:45:00,36.0255,36.15450562555705
2020-04-09 18:00:00,35.8055,36.20998498684291
2020-04-09 18:15:00,35.366,31.25083388757825
2020-04-09 18:30:00,34.9265,30.092331943368226
2020-04-09 18:45:00,34.4875,26.55285955552442
2020-04-09 19:00:00,33.828,27.019350297619386
2020-04-09 19:15:00,33.389,30.363588601529543
2020-04-09 19:30:00,32.949,30.14994867591368
2020-04-09 19:45:00,32.51,34.68785545310652
2020-04-09 20:00:00,32.07,35.10814632016482
2020-04-09 20:15:00,31.8505,35.90980189143305
2020-04-09 20:30:00,31.411,37.94078532818857
2020-04-09 20:45:00,30.9715,38.88901662898342
2020-04-09 21:00:00,30.9715,39.91028718013312
2020-04-09 21:15:00,30.532,39.863212440434
2020-04-09 21:30:00,30.0925,40.14436613641181
2020-04-09 21:45:00,30.0925,40.16301436632173
2020-04-09 22:00:00,29.6535,39.09798889446657
2020-04-09 22:15:00,29.6535,38.620531667414106
2020-04-09 22:30:00,29.214,37.5165900180401
2020-04-09 22:45:00,29.214,37.52237656349393
2020-04-09 23:00:00,29.214,37.45370689327183
2020-04-09 23:15:00,28.7745,37.82642348467154
2020-04-09 23:30:00,28.7745,37.64203946830321
2020-04-09 23:45:00,28.555,36.840801923688545
2020-04-10 00:00:00,28.115,36.21742056940199
2020-04-10 00:15:00,27.8955,35.30790691611843
2020-04-10 00:30:00,27.676,34.477424386357804
2020-04-10 00:45:00,27.236,33.87578815725207
2020-04-10 01:00:00,26.797,33.28090290986807
2020-04-10 01:15:00,26.357,33.71339872312684
2020-04-10 01:30:00,26.1375,34.54882227567875
2020-04-10 01:45:00,25.918,34.02051826707356
2020-04-10 02:00:00,25.918,33.90585932765192
2020-04-10 02:15:00,25.6985,34.23756607515339
2020-04-10 02:30:00,25.6985,33.49778304511949
2020-04-10 02:45:00,25.6985,33.073524805190736
2020-04-10 03:00:00,25.4785,33.586098619816006
2020-04-10 03:15:00,25.4785,33.57234950433414
2020-04-10 03:30:00,25.4785,32.756766326919035
2020-04-10 03:45:00,25.4785,32.96465540098976
2020-04-10 04:00:00,25.259,33.32035466498358
2020-04-10 04:15:00,25.259,32.78706976541337
2020-04-10 04:30:00,25.259,32.51749131544828
2020-04-10 04:45:00,25.039,32.71547607810958
2020-04-10 05:00:00,24.8195,32.636366819974874
2020-04-10 05:15:00,24.6,32.59635635441121
2020-04-10 05:30:00,24.16,32.748155541831956
2020-04-10 05:45:00,24.16,32.74039425906074
2020-04-10 06:00:00,23.721,32.80295548616768
2020-04-10 06:15:00,23.721,33.26643140507761
2020-04-10 06:30:00,23.501,33.23529481675101
2020-04-10 06:45:00,23.501,33.21190544109377
2020-04-10 07:00:00,23.501,33.60067647220779
2020-04-10 07:15:00,23.721,33.53913716867252
2020-04-10 07:30:00,24.38,32.25660984335628
2020-04-10 07:45:00,25.259,30.784105265596384
2020-04-10 08:00:00,25.918,28.429430732380485
2020-04-10 08:15:00,26.7965,23.905304311750218
2020-04-10 08:30:00,27.6755,22.891586950787183
2020-04-10 08:45:00,28.335,24.052765024929638
2020-04-10 09:00:00,28.9945,27.166776400424517
2020-04-10 09:15:00,29.873,30.74493248355619
2020-04-10 09:30:00,30.9715,33.90737400662985
2020-04-10 09:45:00,32.07,34.58227352072243
2020-04-10 10:00:00,33.169,33.256551007184385
2020-04-10 10:15:00,34.048,33.47803555851435
2020-04-10 10:30:00,34.9265,32.24069633555384
2020-04-10 10:45:00,35.586,31.064375111181786
2020-04-10 11:00:00,36.4645,29.125965822501897
2020-04-10 11:15:00,37.124,23.758315098000363
2020-04-10 11:30:00,37.5635,23.39562700450379
2020-04-10 11:45:00,38.2225,22.804769079470113
2020-04-10 12:00:00,38.442,23.668170834365192
2020-04-10 12:15:00,38.882,23.48100205083175
2020-04-10 12:30:00,38.662,23.528759353738124
2020-04-10 12:45:00,39.1015,23.604536826575533
2020-04-10 13:00:00,39.761,23.390288850382245
2020-04-10 13:15:00,39.7605,24.520183191304643
2020-04-10 13:30:00,40.2,25.26955638240751
2020-04-10 13:45:00,41.079,25.66744015366296
2020-04-10 14:00:00,41.5185,25.568391089688422
2020-04-10 14:15:00,41.958,24.922195960646608
2020-04-10 14:30:00,42.1775,25.76985729124418
2020-04-10 14:45:00,42.3975,26.686151024953237
2020-04-10 15:00:00,42.3975,26.15813962201519
2020-04-10 15:15:00,42.3975,24.65881523519288
2020-04-10 15:30:00,42.3975,25.618563232927876
2020-04-10 15:45:00,41.958,25.796542184774122
2020-04-10 16:00:00,41.5185,24.492173030149452
2020-04-10 16:15:00,41.079,23.82217821910522
2020-04-10 16:30:00,40.859,23.802351634699104
2020-04-10 16:45:00,40.42,23.94204960344057
2020-04-10 17:00:00,39.98,23.76826790520967
2020-04-10 17:15:00,39.541,23.098550300946346
2020-04-10 17:30:00,39.0775,23.458107130903485
2020-04-10 17:45:00,39.0775,24.399918445202008
2020-04-10 18:00:00,38.6375,25.624528949935744
2020-04-10 18:15:00,38.1985,25.758879256104123
2020-04-10 18:30:00,37.7585,27.039388438283815
2020-04-10 18:45:00,37.3195,25.526327404823764
2020-04-10 19:00:00,36.8795,24.169508725258027
2020-04-10 19:15:00,36.4405,25.477591509353292
2020-04-10 19:30:00,36.001,24.77738549665119
2020-04-10 19:45:00,35.3415,23.935748681242785
2020-04-10 20:00:00,34.6825,25.35129736588459
2020-04-10 20:15:00,34.2435,25.102688130563727
2020-04-10 20:30:00,33.8035,26.03250334944848
2020-04-10 20:45:00,33.1445,30.112544102953745
2020-04-10 21:00:00,32.9245,29.645177671291343
2020-04-10 21:15:00,32.705,28.992382395597204
2020-04-10 21:30:00,32.4855,30.38354097180691
2020-04-10 21:45:00,32.2655,29.698034886841388
2020-04-10 22:00:00,32.0455,32.25930927935291
2020-04-10 22:15:00,31.826,31.889916145691707
2020-04-10 22:30:00,31.6065,31.050281125716637
2020-04-10 22:45:00,31.3865,31.92101828387878
2020-04-10 23:00:00,31.167,32.12535784693808
2020-04-10 23:15:00,30.9475,26.82663492161485
2020-04-10 23:30:00,30.9475,29.464718096009353
2020-04-10 23:45:00,30.9475,27.289056606679207
2020-04-11 00:00:00,30.7275,25.68124550921978
2020-04-11 00:15:00,30.5075,22.631419648714946
2020-04-11 00:30:00,30.5075,24.908578990305664
2020-04-11 00:45:00,30.5075,25.460851828391355
2020-04-11 01:00:00,30.5075,24.772485249441875
2020-04-11 01:15:00,30.5075,27.243218344090767
2020-04-11 01:30:00,30.288,29.89556272196602
2020-04-11 01:45:00,30.0685,31.720875156596858
2020-04-11 02:00:00,30.0685,31.841023355902667
2020-04-11 02:15:00,29.8485,32.499969136713865
2020-04-11 02:30:00,29.629,32.38360967593931
2020-04-11 02:45:00,29.4095,32.616900193906226
2020-04-11 03:00:00,28.9695,32.79298202542456
2020-04-11 03:15:00,28.9695,32.00804741312616
2020-04-11 03:30:00,28.75,28.598225163032097
2020-04-11 03:45:00,28.5305,26.985618707593606
2020-04-11 04:00:00,28.3105,22.027489144108987
2020-04-11 04:15:00,28.3105,21.82667806475838
2020-04-11 04:30:00,28.0905,22.576787048065423
2020-04-11 04:45:00,27.871,24.896577371843648
2020-04-11 05:00:00,27.6515,22.827713068260664
2020-04-11 05:15:00,27.6515,24.023171689099268
2020-04-11 05:30:00,27.4315,25.40984238053818
2020-04-11 05:45:00,27.212,22.361725315028213
2020-04-11 06:00:00,27.212,22.72113823720736
2020-04-11 06:15:00,27.212,22.77496617194732
2020-04-11 06:30:00,26.7725,22.5775652382291
2020-04-11 06:45:00,26.7725,22.61131041639909
2020-04-11 07:00:00,26.7725,22.826551281708696
2020-04-11 07:15:00,27.212,23.046323763088562
2020-04-11 07:30:00,27.4315,23.05887065119822
2020-04-11 07:45:00,28.0905,23.085302082001323
2020-04-11 08:00:00,28.5305,22.77294671378132
2020-04-11 08:15:00,28.9695,22.798463879089244
2020-04-11 08:30:00,29.4095,22.842214566097862
2020-04-11 08:45:00,30.288,22.545022240469176
2020-04-11 09:00:00,31.167,22.88842975727329
2020-04-11 09:15:00,31.6065,22.84398370282658
2020-04-11 09:30:00,32.0455,22.95985126795005
2020-04-11 09:45:00,32.9245,23.79095516834519
2020-04-11 10:00:00,33.8035,27.477360129818653
2020-04-11 10:15:00,34.2435,25.19356658203886
2020-04-11 10:30:00,34.902,24.64338726399652
2020-04-11 10:45:00,35.5615,24.27973387549864
2020-04-11 11:00:00,36.001,24.011656358592962
2020-04-11 11:15:00,36.6605,23.249804323082994
2020-04-11 11:30:00,36.88,23.43629309984648
2020-04-11 11:45:00,37.3195,23.482139093817697
2020-04-11 12:00:00,37.9785,23.482139093817697
2020-04-11 12:15:00,38.418,23.482139093817697
2020-04-11 12:30:00,38.418,23.46493186573409
2020-04-11 12:45:00,39.077,23.652342921014437
2020-04-11 13:00:00,39.5165,23.34870879610768
2020-04-11 13:15:00,39.7365,23.66807234151436
2020-04-11 13:30:00,39.956,23.332485143910258
2020-04-11 13:45:00,39.956,23.97592075113853
2020-04-11 14:00:00,39.956,23.83914633563491
2020-04-11 14:15:00,39.5165,24.519222639573897
2020-04-11 14:30:00,39.5165,24.307997014336085
2020-04-11 14:45:00,39.5165,25.080308894123938
2020-04-11 15:00:00,39.297,25.831188145126468
2020-04-11 15:15:00,39.297,23.83265999671878
2020-04-11 15:30:00,38.8575,21.466319229069185
2020-04-11 15:45:00,38.418,21.368995571121097
2020-04-11 16:00:00,38.198,21.572934890186648
2020-04-11 16:15:00,37.759,21.45890260657053
2020-04-11 16:30:00,37.319,21.683781253943383
2020-04-11 16:45:00,36.66,21.206787372724463
2020-04-11 17:00:00,35.781,20.953056292689237
2020-04-11 17:15:00,35.342,20.99486034648793
2020-04-11 17:30:00,34.902,20.985864619487366
2020-04-11 17:45:00,34.2435,21.28902965256424
2020-04-11 18:00:00,33.584,21.665520845251205
2020-04-11 18:15:00,33.1445,22.093005154544485
2020-04-11 18:30:00,32.705,22.094029962466262
2020-04-11 18:45:00,32.2655,22.304469058601796
2020-04-11 19:00:00,32.0455,22.75915576104661
2020-04-11 19:15:00,31.6065,22.77376350112392
2020-04-11 19:30:00,31.167,22.850844746099675
2020-04-11 19:45:00,30.7275,22.750118844138786
2020-04-11 20:00:00,30.288,23.065145849446118
2020-04-11 20:15:00,30.068,23.072548700137457
2020-04-11 20:30:00,29.629,22.806751441502648
2020-04-11 20:45:00,29.4095,23.601924144998062
2020-04-11 21:00:00,28.9695,23.843827539309316
2020-04-11 21:15:00,28.9695,24.437942178318096
2020-04-11 21:30:00,28.5305,24.941320160410896
2020-04-11 21:45:00,28.5305,23.658897411561956
2020-04-11 22:00:00,28.0905,23.172406209966844
2020-04-11 22:15:00,28.0905,22.688286934907392
2020-04-11 22:30:00,28.0905,22.84889961301758
2020-04-11 22:45:00,28.0905,22.93346285091703
2020-04-11 23:00:00,27.871,23.091148728355275
2020-04-11 23:15:00,27.6515,23.256157344185358
2020-04-11 23:30:00,27.6515,23.348568201627224
2020-04-11 23:45:00,27.212,23.225410069098864
2020-04-12 00:00:00,27.212,23.82608539168549
2020-04-12 00:15:00,27.212,25.8048456399298
2020-04-12 00:30:00,26.9925,28.297210501043086
2020-04-12 00:45:00,26.7725,28.666985598219203
2020-04-12 01:00:00,26.7725,28.033650950790236
2020-04-12 01:15:00,26.5525,27.26457342920269
2020-04-12 01:30:00,26.5525,25.044098660466314
2020-04-12 01:45:00,26.333,22.778605362914554
2020-04-12 02:00:00,26.333,22.585909469531643
2020-04-12 02:15:00,26.333,25.263439188032567
2020-04-12 02:30:00,26.333,22.333655574441227
2020-04-12 02:45:00,26.1135,21.736713042460142
2020-04-12 03:00:00,25.8935,23.2594097273902
2020-04-12 03:15:00,25.8935,22.059393315069283
2020-04-12 03:30:00,25.674,23.010637237950373
2020-04-12 03:45:00,25.674,22.140385353099944
2020-04-12 04:00:00,25.674,21.741734927595406
2020-04-12 04:15:00,25.674,22.73232926148766
2020-04-12 04:30:00,25.674,22.504400319360393
2020-04-12 04:45:00,25.674,22.92700034007754
2020-04-12 05:00:00,25.674,22.243424118925947
2020-04-12 05:15:00,25.674,22.913363773187346
2020-04-12 05:30:00,25.4545,23.396637002127235
2020-04-12 05:45:00,25.4545,22.461600138567004
2020-04-12 06:00:00,25.4545,22.406295918206627
2020-04-12 06:15:00,25.4545,22.684422683223172
2020-04-12 06:30:00,25.2345,22.96796541374521
2020-04-12 06:45:00,25.0145,22.57621726237064
2020-04-12 07:00:00,25.0145,22.4012629135636
2020-04-12 07:15:00,25.0145,21.947932665372445
2020-04-12 07:30:00,25.0145,22.320738390254117
2020-04-12 07:45:00,25.0145,22.643448512339265
2020-04-12 08:00:00,25.2345,22.69247336041229
2020-04-12 08:15:00,25.2345,22.66603356102699
2020-04-12 08:30:00,25.2345,22.66545864945783
2020-04-12 08:45:00,25.4545,22.165975767366305
2020-04-12 09:00:00,25.4545,21.804607659135623
2020-04-12 09:15:00,25.4545,21.710393774405766
2020-04-12 09:30:00,25.674,22.040104847239096
2020-04-12 09:45:00,25.674,23.020386331475002
2020-04-12 10:00:00,25.674,22.77126099270531
2020-04-12 10:15:00,25.674,25.138386444792975
2020-04-12 10:30:00,25.674,25.037209690865453
2020-04-12 10:45:00,24.795,25.097364717942085
2020-04-12 11:00:00,23.4765,24.980576006247734
2020-04-12 11:15:00,23.037,24.987315457483493
2020-04-12 11:30:00,22.598,24.987315457483493
2020-04-12 11:45:00,22.378,25.003979205906756
2020-04-12 12:00:00,22.378,25.003979205906756
2020-04-12 12:15:00,23.2565,24.94794557780807
2020-04-12 12:30:00,23.916,24.922380764338364
2020-04-12 12:45:00,24.795,24.483306158176163
2020-04-12 13:00:00,25.674,24.9416388250491
2020-04-12 13:15:00,26.333,24.408637381247996
2020-04-12 13:30:00,26.5525,24.13729857841955
2020-04-12 13:45:00,26.5525,24.326194064331162
2020-04-12 14:00:00,26.7725,24.57163990805479
2020-04-12 14:15:00,26.7725,24.660002038625745
2020-04-12 14:30:00,26.7725,23.973214533677638
2020-04-12 14:45:00,26.7725,21.920239240692872
2020-04-12 15:00:00,26.7725,22.23648174195863
2020-04-12 15:15:00,26.7725,24.01119711387877
2020-04-12 15:30:00,26.553,24.690486639159655
2020-04-12 15:45:00,26.333,25.436778540629465
2020-04-12 16:00:00,26.333,25.021990817734313
2020-04-12 16:15:00,26.333,22.724431812761193
2020-04-12 16:30:00,26.333,22.57928381403259
2020-04-12 16:45:00,26.113,22.93099673993425
2020-04-12 17:00:00,25.8935,23.612722147994194
2020-04-12 17:15:00,25.8935,24.083592985269057
2020-04-12 17:30:00,25.8935,23.729990110795978
2020-04-12 17:45:00,25.8935,23.97730833637628
2020-04-12 18:00:00,25.8935,23.84697729174824
2020-04-12 18:15:00,25.8935,23.797014943457686
2020-04-12 18:30:00,25.674,24.001413589688255
2020-04-12 18:45:00,25.4545,23.936765316949185
2020-04-12 19:00:00,25.2345,23.87669789538064
2020-04-12 19:15:00,25.0145,23.909352271491898
2020-04-12 19:30:00,25.0145,24.04527532237011
2020-04-12 19:45:00,24.5755,23.45363886731159
2020-04-12 20:00:00,24.5755,22.792819907787752
2020-04-12 20:15:00,24.1355,23.1358155423572
2020-04-12 20:30:00,24.1355,23.28938985122947
2020-04-12 20:45:00,24.1355,23.03564446756067
2020-04-12 21:00:00,24.1355,22.40129405624744
2020-04-12 21:15:00,24.1355,22.10754536040864
2020-04-12 21:30:00,23.916,22.104372985320392
2020-04-12 21:45:00,23.916,22.010765911526036
2020-04-12 22:00:00,23.6965,22.15323746704585
2020-04-12 22:15:00,23.6965,22.20336288926884
2020-04-12 22:30:00,23.6965,22.67430482159826
2020-04-12 22:45:00,23.6965,23.213727342483697
2020-04-12 23:00:00,23.6965,24.719674667339174
2020-04-12 23:15:00,23.4765,28.01696927038088
2020-04-12 23:30:00,23.037,29.60670472570504
2020-04-12 23:45:00,23.037,26.159860614166117
2020-04-13 00:00:00,23.2565,25.30190644001326
2020-04-13 00:15:00,23.2565,24.2482040275272
2020-04-13 00:30:00,23.2565,21.238275488384943
2020-04-13 00:45:00,23.2565,21.823043869957377
2020-04-13 01:00:00,23.2565,21.742030349185875
2020-04-13 01:15:00,23.2565,21.7212426946779
2020-04-13 01:30:00,23.2565,22.022102237099563
2020-04-13 01:45:00,23.2565,22.1427031804332
2020-04-13 02:00:00,23.2565,21.798502436090846
2020-04-13 02:15:00,23.2565,21.99592417293705
2020-04-13 02:30:00,23.2565,22.091505867066115
2020-04-13 02:45:00,23.2565,21.3408863240925
2020-04-13 03:00:00,23.037,21.262955831759328
2020-04-13 03:15:00,23.037,21.3631889287548
2020-04-13 03:30:00,23.037,22.00559293741977
2020-04-13 03:45:00,22.8175,22.278740628737832
2020-04-13 04:00:00,22.8175,22.899006236720297
2020-04-13 04:15:00,22.8175,22.486601417048085
2020-04-13 04:30:00,22.598,22.45271917835586
2020-04-13 04:45:00,22.598,22.538848947609097
2020-04-13 05:00:00,22.598,22.322522276738585
2020-04-13 05:15:00,22.598,23.116523634091095
2020-04-13 05:30:00,22.598,22.495226172748794
2020-04-13 05:45:00,22.378,22.999950389103894
2020-04-13 06:00:00,22.378,23.341785900568038
2020-04-13 06:15:00,22.158,22.646618597237072
2020-04-13 06:30:00,21.719,22.537325794297754
2020-04-13 06:45:00,20.84,22.359629855812322
2020-04-13 07:00:00,19.961,22.631205156603798
2020-04-13 07:15:00,19.302,22.489884483783264
2020-04-13 07:30:00,18.862,22.589706708856855
2020-04-13 07:45:00,18.423,22.58324275931871
2020-04-13 08:00:00,18.203,22.26088257552886
2020-04-13 08:15:00,17.9835,21.735499915528305
2020-04-13 08:30:00,17.764,22.97518879964732
2020-04-13 08:45:00,17.764,22.352990097153782
2020-04-13 09:00:00,17.324,26.080945582509578
2020-04-13 09:15:00,17.324,28.764878423228264
2020-04-13 09:30:00,17.324,29.96067150002583
2020-04-13 09:45:00,17.324,32.68572203734267
2020-04-13 10:00:00,17.764,31.98572191362139
2020-04-13 10:15:00,18.6425,31.7196340192344
2020-04-13 10:30:00,19.3015,31.33145316044579
2020-04-13 10:45:00,19.961,30.480523938944398
2020-04-13 11:00:00,20.4005,29.6859366432002
2020-04-13 11:15:00,20.84,26.123551891762784
2020-04-13 11:30:00,21.2795,22.369645914235207
2020-04-13 11:45:00,21.7185,22.974685377853284
2020-04-13 12:00:00,21.7185,23.900393976533188
2020-04-13 12:15:00,22.1585,23.687321898920874
2020-04-13 12:30:00,22.378,24.260428663845243
2020-04-13 12:45:00,22.8175,23.848124326394853
2020-04-13 13:00:00,23.037,23.542149836746567
2020-04-13 13:15:00,23.4765,22.61029643560683
2020-04-13 13:30:00,23.4765,21.520761937513637
2020-04-13 13:45:00,23.916,22.071622727143602
2020-04-13 14:00:00,23.916,21.84836583459081
2020-04-13 14:15:00,24.1355,21.915599455464637
2020-04-13 14:30:00,24.1355,21.922968871983834
2020-04-13 14:45:00,24.1355,22.193539705194475
2020-04-13 15:00:00,24.3555,21.890766640143905
2020-04-13 15:15:00,24.795,21.978749337776662
2020-04-13 15:30:00,24.795,22.152658909200742
2020-04-13 15:45:00,24.3555,21.90201966008154
2020-04-13 16:00:00,24.3555,22.05378236302187
2020-04-13 16:15:00,24.3555,22.1400473709284
2020-04-13 16:30:00,24.3555,21.970074176660013
2020-04-13 16:45:00,24.3555,21.992333218981305
2020-04-13 17:00:00,24.3555,21.815493883172405
2020-04-13 17:15:00,24.3555,22.226590473451502
2020-04-13 17:30:00,24.3555,21.799410006994364
2020-04-13 17:45:00,24.3555,22.08698116000579
2020-04-13 18:00:00,24.3555,21.85344109887726
2020-04-13 18:15:00,24.3555,21.547605846045613
2020-04-13 18:30:00,24.1355,22.40568066283478
2020-04-13 18:45:00,23.4765,22.414960315573012
2020-04-13 19:00:00,23.037,22.440357308247496
2020-04-13 19:15:00,22.598,21.852343456069764
2020-04-13 19:30:00,22.158,22.177739038444635
2020-04-13 19:45:00,21.719,21.868867879930477
2020-04-13 20:00:00,21.499,22.118696265361525
2020-04-13 20:15:00,21.0595,21.906510138081966
2020-04-13 20:30:00,21.0595,21.626958664864144
2020-04-13 20:45:00,20.6205,21.513526001852092
2020-04-13 21:00:00,20.6205,21.440989508862625
2020-04-13 21:15:00,20.6205,21.40835994687213
2020-04-13 21:30:00,20.1805,21.61731152565843
2020-04-13 21:45:00,19.961,22.767018207923172
2020-04-13 22:00:00,19.7415,22.82562979584638
2020-04-13 22:15:00,19.7415,22.760694204991005
2020-04-13 22:30:00,19.7415,22.788859785913356
2020-04-13 22:45:00,19.961,23.447652070321286
2020-04-13 23:00:00,19.961,22.444152070834622
2020-04-13 23:15:00,19.961,22.457446866777566
2020-04-13 23:30:00,19.7415,22.617038159903434
2020-04-13 23:45:00,19.3015,22.137571595049835
2020-04-14 00:00:00,19.082,22.124387104511694
2020-04-14 00:15:00,19.082,22.265790543601643
2020-04-14 00:30:00,19.082,22.89505358676549
2020-04-14 00:45:00,19.082,22.670507100133218
2020-04-14 01:00:00,19.082,22.509155177064276
2020-04-14 01:15:00,18.6425,22.896077964641815
2020-04-14 01:30:00,18.6425,23.390219078990917
2020-04-14 01:45:00,18.6425,23.023098682207078
2020-04-14 02:00:00,18.203,23.189423568870733
2020-04-14 02:15:00,18.203,23.071911696960367
2020-04-14 02:30:00,18.203,23.04201229207842
2020-04-14 02:45:00,17.764,23.493068903176667
2020-04-14 03:00:00,17.764,23.851755400531168
2020-04-14 03:15:00,17.764,23.328306150977294
2020-04-14 03:30:00,17.764,23.291833615407885
2020-04-14 03:45:00,17.764,23.017490239921596
2020-04-14 04:00:00,17.764,23.58494591139718
2020-04-14 04:15:00,17.764,23.714250318692887
2020-04-14 04:30:00,17.764,23.589723620183555
2020-04-14 04:45:00,17.764,23.32071703856675
2020-04-14 05:00:00,17.764,23.244926962565774
2020-04-14 05:15:00,17.544,23.519162251362168
2020-04-14 05:30:00,17.1045,23.381603731982853
2020-04-14 05:45:00,16.665,23.600132025412645
2020-04-14 06:00:00,16.4455,24.045734217880252
2020-04-14 06:15:00,16.4455,24.195296213286614
2020-04-14 06:30:00,16.4455,25.201532009959287
2020-04-14 06:45:00,16.4455,26.749223843546744
2020-04-14 07:00:00,16.4455,22.311797979923647
2020-04-14 07:15:00,16.4455,21.47015825578347
2020-04-14 07:30:00,16.4455,22.892338078081067
2020-04-14 07:45:00,16.4455,22.322430961569076
2020-04-14 08:00:00,16.4455,21.934251548538544
2020-04-14 08:15:00,16.4455,22.039676778330936
2020-04-14 08:30:00,16.2255,22.443669137728005
2020-04-14 08:45:00,16.2255,21.922596586730087
2020-04-14 09:00:00,16.2255,22.489193481846087
2020-04-14 09:15:00,16.2255,23.955870965714094
2020-04-14 09:30:00,16.2255,25.13466666707537
2020-04-14 09:45:00,16.2255,27.3505600588969
2020-04-14 10:00:00,16.4455,28.84018956764273
2020-04-14 10:15:00,16.4455,28.49129544785317
2020-04-14 10:30:00,16.665,25.18643966517126
2020-04-14 10:45:00,16.8845,22.4603423934029
2020-04-14 11:00:00,16.8845,21.55826707959778
2020-04-14 11:15:00,16.8845,21.769036715223475
2020-04-14 11:30:00,17.1045,22.627963023037356
2020-04-14 11:45:00,17.1045,24.59283908771034
2020-04-14 12:00:00,17.1045,24.692029722421175
2020-04-14 12:15:00,17.1045,25.964807837029387
2020-04-14 12:30:00,17.1045,23.148820330588304
2020-04-14 12:45:00,17.324,21.844700099123575
2020-04-14 13:00:00,17.544,21.93694041077778
2020-04-14 13:15:00,17.544,22.827454756690866
2020-04-14 13:30:00,17.544,24.634950871058702
2020-04-14 13:45:00,17.544,26.104916203748427
2020-04-14 14:00:00,17.7635,28.169749561907818
2020-04-14 14:15:00,17.7635,26.274320729740964
2020-04-14 14:30:00,18.423,24.93111362976145
2020-04-14 14:45:00,19.302,23.743528103505938
2020-04-14 15:00:00,20.181,23.850013299177643
2020-04-14 15:15:00,20.181,24.295873587582403
2020-04-14 15:30:00,20.4005,24.83896047406841
2020-04-14 15:45:00,20.4005,23.360982091191445
2020-04-14 16:00:00,20.181,24.221032376163695
2020-04-14 16:15:00,20.181,23.038421019452077
2020-04-14 16:30:00,19.741,22.918522322522847
2020-04-14 16:45:00,19.302,24.00457499046707
2020-04-14 17:00:00,18.862,23.797594885541763
2020-04-14 17:15:00,18.862,23.98623288820552
2020-04-14 17:30:00,18.862,24.88534768757711
2020-04-14 17:45:00,18.862,23.350123382291542
2020-04-14 18:00:00,18.6425,22.829999930419856
2020-04-14 18:15:00,18.6425,22.020674940310542
2020-04-14 18:30:00,18.6425,22.058920149110133
2020-04-14 18:45:00,18.6425,21.893987001183447
2020-04-14 19:00:00,18.6425,21.27274201505057
2020-04-14 19:15:00,18.8625,21.90348993721278
2020-04-14 19:30:00,18.8625,22.485810965297752
2020-04-14 19:45:00,18.8625,22.437849148525473
2020-04-14 20:00:00,18.8625,22.794257912269014
2020-04-14 20:15:00,18.8625,23.227471889760366
2020-04-14 20:30:00,18.8625,22.533489555244714
2020-04-14 20:45:00,18.8625,21.9931276231782
2020-04-14 21:00:00,18.8625,21.50930661975739
2020-04-14 21:15:00,18.8625,21.03330550609909
2020-04-14 21:30:00,18.8625,20.888706313046292
2020-04-14 21:45:00,18.8625,20.741229538555157
2020-04-14 22:00:00,18.8625,20.723561802900917
2020-04-14 22:15:00,18.6425,20.801161771480324
2020-04-14 22:30:00,18.6425,20.826427092468734
2020-04-14 22:45:00,18.6425,20.8810352149841
2020-04-14 23:00:00,18.4225,21.499714277270535
2020-04-14 23:15:00,18.4225,22.00161335208457
2020-04-14 23:30:00,18.4225,22.22800404280618
2020-04-14 23:45:00,18.4225,22.367762096228716
2020-04-15 00:00:00,18.4225,23.305726184098933
2020-04-15 00:15:00,18.4225,23.00924825044638
2020-04-15 00:30:00,17.9835,22.022070638425596
2020-04-15 00:45:00,17.9835,22.051011541047355
2020-04-15 01:00:00,17.9835,21.935342787049898
2020-04-15 01:15:00,17.9835,22.212596081562385
2020-04-15 01:30:00,17.764,22.235466964413167
2020-04-15 01:45:00,17.764,21.99846781352379
2020-04-15 02:00:00,17.764,22.064337527123698
2020-04-15 02:15:00,17.764,21.727654175145386
2020-04-15 02:30:00,17.544,22.514178873720464
2020-04-15 02:45:00,17.544,22.685591105946326
2020-04-15 03:00:00,17.324,22.369706570558606
2020-04-15 03:15:00,17.324,22.2974121924987
2020-04-15 03:30:00,17.324,22.547129152102926
2020-04-15 03:45:00,17.324,22.534286474516325
2020-04-15 04:00:00,17.1045,22.193107417504184
2020-04-15 04:15:00,16.885,22.525632909974185
2020-04-15 04:30:00,16.665,22.061495726428404
2020-04-15 04:45:00,16.665,21.65943687991399
2020-04-15 05:00:00,16.445,22.23600672869362
2020-04-15 05:15:00,16.2255,21.840765774473137
2020-04-15 05:30:00,16.006,21.814930838802475
2020-04-15 05:45:00,15.7865,22.1008623077014
2020-04-15 06:00:00,15.7865,22.289414977444334
2020-04-15 06:15:00,15.5665,22.812069223619453
2020-04-15 06:30:00,15.5665,24.42348041567203
2020-04-15 06:45:00,15.5665,26.096998527204324
2020-04-15 07:00:00,15.5665,26.111333530573276
2020-04-15 07:15:00,15.7865,25.991681249295983
2020-04-15 07:30:00,16.2255,25.335239595266252
2020-04-15 07:45:00,16.8845,25.706360043601748
2020-04-15 08:00:00,17.544,25.504078595064527
2020-04-15 08:15:00,18.203,24.348409560020272
2020-04-15 08:30:00,18.8625,23.06634667325272
2020-04-15 08:45:00,19.5215,23.031626580777804
2020-04-15 09:00:00,20.4005,22.77666894779942
2020-04-15 09:15:00,21.2795,22.916391357710722
2020-04-15 09:30:00,21.9385,23.059760765881165
2020-04-15 09:45:00,23.2565,23.51138390472148
2020-04-15 10:00:00,24.1355,24.426482610801756
2020-04-15 10:15:00,25.4545,26.41268602766747
2020-04-15 10:30:00,26.333,26.84992816024077
2020-04-15 10:45:00,26.9925,24.612778483869796
2020-04-15 11:00:00,27.8715,24.926602044708698
2020-04-15 11:15:00,28.5305,24.377785652271402
2020-04-15 11:30:00,29.1895,24.213983542171757
2020-04-15 11:45:00,29.8485,24.25944511988276
2020-04-15 12:00:00,30.508,24.572988401333014
2020-04-15 12:15:00,31.167,24.294960058211363
2020-04-15 12:30:00,31.167,25.792612233267786
2020-04-15 12:45:00,31.8265,26.53733771574282
2020-04-15 13:00:00,32.4855,27.797933265199312
2020-04-15 13:15:00,32.705,28.8117100187042
2020-04-15 13:30:00,33.584,27.997796476105524
2020-04-15 13:45:00,34.2435,27.35115141598958
2020-04-15 14:00:00,35.122,25.525465275345844
2020-04-15 14:15:00,35.342,24.13806653149099
2020-04-15 14:30:00,35.5615,24.489683053910497
2020-04-15 14:45:00,36.001,24.81269914108368
2020-04-15 15:00:00,36.001,25.454023570381583
2020-04-15 15:15:00,36.001,26.870064920065584
2020-04-15 15:30:00,35.5615,27.175343323766324
2020-04-15 15:45:00,34.902,27.16430083464028
2020-04-15 16:00:00,34.4625,27.70230197707556
2020-04-15 16:15:00,33.804,26.17387292579073
2020-04-15 16:30:00,33.364,24.99118996028903
2020-04-15 16:45:00,32.705,25.395001694990928
2020-04-15 17:00:00,32.046,26.22260313329798
2020-04-15 17:15:00,31.6065,25.570725765332508
2020-04-15 17:30:00,31.167,25.351510877224808
2020-04-15 17:45:00,30.508,24.90977556846688
2020-04-15 18:00:00,30.068,24.75909558743618
2020-04-15 18:15:00,29.629,24.481976656629477
2020-04-15 18:30:00,29.1895,24.17116824577401
2020-04-15 18:45:00,28.3105,23.50072606830928
2020-04-15 19:00:00,27.871,22.11030878574316
2020-04-15 19:15:00,26.992,22.669733213411767
2020-04-15 19:30:00,26.333,22.81211233652026
2020-04-15 19:45:00,25.4545,22.991916873681856
2020-04-15 20:00:00,25.0145,22.90637864242433
2020-04-15 20:15:00,24.1355,23.031125265775835
2020-04-15 20:30:00,23.6965,23.111359795659656
2020-04-15 20:45:00,23.2565,23.06880732087462
2020-04-15 21:00:00,22.8175,22.969140366966656
2020-04-15 21:15:00,22.378,23.025647751019907
2020-04-15 21:30:00,21.9385,22.9203543320209
2020-04-15 21:45:00,21.499,22.886075968775074
2020-04-15 22:00:00,21.0595,22.872801389405943
2020-04-15 22:15:00,20.6205,22.587910395019033
2020-04-15 22:30:00,20.6205,22.495537900909707
2020-04-15 22:45:00,20.1805,22.521319930354885
2020-04-15 23:00:00,19.7415,22.434929121790145
2020-04-15 23:15:00,19.7415,22.53461673148682
2020-04-15 23:30:00,19.3015,22.55588408047209
2020-04-15 23:45:00,19.082,22.65026762397855
2020-04-16 00:00:00,18.8625,22.636468707417574
2020-04-16 00:15:00,18.4225,22.892177497417332
2020-04-16 00:30:00,18.4225,22.94771961371111
2020-04-16 00:45:00,18.203,23.76855730894607
2020-04-16 01:00:00,17.9835,24.808382670877492
2020-04-16 01:15:00,17.764,22.584243561991737
2020-04-16 01:30:00,17.544,22.598700212603468
2020-04-16 01:45:00,17.324,23.368879700711776
2020-04-16 02:00:00,17.1045,24.023381119707985
2020-04-16 02:15:00,17.1045,23.914209027350598
2020-04-16 02:30:00,16.885,24.249399968161836
2020-04-16 02:45:00,16.665,23.7577731060838
2020-04-16 03:00:00,16.665,23.94284681161778
2020-04-16 03:15:00,16.445,23.90408403761794
2020-04-16 03:30:00,16.2255,24.023529851320475
2020-04-16 03:45:00,16.2255,23.98291356642383
2020-04-16 04:00:00,16.006,23.844911906082746
2020-04-16 04:15:00,15.7865,24.200674971263684
2020-04-16 04:30:00,15.7865,23.972786490011085
2020-04-16 04:45:00,15.7865,24.09169894861151
2020-04-16 05:00:00,15.5665,24.317263119368036
2020-04-16 05:15:00,15.3465,23.23749351089199
2020-04-16 05:30:00,15.3465,23.04112768795583
2020-04-16 05:45:00,15.3465,23.089442498676917
2020-04-16 06:00:00,15.3465,22.87868486505233
2020-04-16 06:15:00,15.3465,23.28292707567434
2020-04-16 06:30:00,15.3465,23.247554304920854
2020-04-16 06:45:00,15.7865,23.127855190865397
2020-04-16 07:00:00,15.7865,22.3041270502567
2020-04-16 07:15:00,16.2255,22.910721083660416
2020-04-16 07:30:00,16.665,22.95671254973724
2020-04-16 07:45:00,17.1045,23.670366763868028
2020-04-16 08:00:00,17.544,23.611176898185928
2020-04-16 08:15:00,17.9835,23.523154395489016
2020-04-16 08:30:00,18.6425,23.631885073253482
2020-04-16 08:45:00,19.3015,23.464993371879682
2020-04-16 09:00:00,19.961,25.008289149675257
2020-04-16 09:15:00,20.6205,28.652575794278217
2020-04-16 09:30:00,21.0595,28.767128067514037
2020-04-16 09:45:00,21.499,27.89545951056228
2020-04-16 10:00:00,22.378,25.658641443975252
2020-04-16 10:15:00,23.037,24.19479684714369
2020-04-16 10:30:00,23.4765,24.170585223416722
2020-04-16 10:45:00,24.1355,24.135913812864846
2020-04-16 11:00:00,24.5755,24.086529698272347
2020-04-16 11:15:00,25.2345,24.19479684714369
2020-04-16 11:30:00,25.8935,23.994310961048555
2020-04-16 11:45:00,26.553,24.25944511988276
2020-04-16 12:00:00,26.7725,24.17615789984095
2020-04-16 12:15:00,26.7725,24.024607293463696
2020-04-16 12:30:00,26.7725,24.257754200593244
2020-04-16 12:45:00,26.9925,24.118917769497198
2020-04-16 13:00:00,27.4315,24.94868630852024
2020-04-16 13:15:00,27.651,24.948957681408007
2020-04-16 13:30:00,27.4315,25.600042747811504
2020-04-16 13:45:00,27.4315,26.268923707714936
2020-04-16 14:00:00,27.4315,27.898060551824592
2020-04-16 14:15:00,27.651,29.853994001731788
2020-04-16 14:30:00,28.091,29.81613640702051
2020-04-16 14:45:00,28.53,29.83523583190792
2020-04-16 15:00:00,29.1895,29.789004236751357
2020-04-16 15:15:00,29.1895,29.791798039234592
2020-04-16 15:30:00,29.629,29.811746062748266
2020-04-16 15:45:00,29.849,29.81400788107928
2020-04-16 16:00:00,29.849,29.847464718513887
2020-04-16 16:15:00,29.8485,29.87020219442288
2020-04-16 16:30:00,29.8485,29.84281663830819
2020-04-16 16:45:00,29.8485,29.78270647527015
2020-04-16 17:00:00,29.4095,29.69957892085571
2020-04-16 17:15:00,29.1895,29.804552659410817
2020-04-16 17:30:00,28.75,28.7160973379822
2020-04-16 17:45:00,28.5305,27.58638254929326
2020-04-16 18:00:00,28.091,24.91251853819515
2020-04-16 18:15:00,27.871,23.0091844913394
2020-04-16 18:30:00,27.4315,22.97172081684923
2020-04-16 18:45:00,26.7725,22.620017674211056
2020-04-16 19:00:00,26.1135,22.600648305070322
2020-04-16 19:15:00,25.4545,22.271106076334146
2020-04-16 19:30:00,24.795,22.391753448764394
2020-04-16 19:45:00,24.1355,22.632992346702547
2020-04-16 20:00:00,23.6965,23.836214920300563
2020-04-16 20:15:00,23.2565,27.33560697975497
2020-04-16 20:30:00,22.8175,30.806328778376322
2020-04-16 20:45:00,22.378,32.0268323234772
2020-04-16 21:00:00,21.9385,33.1679096547388
2020-04-16 21:15:00,21.499,31.210470386319457
2020-04-16 21:30:00,21.0595,32.07349820289787
2020-04-16 21:45:00,20.6205,31.18030190709427
2020-04-16 22:00:00,20.4005,29.30916698867131
2020-04-16 22:15:00,20.1805,30.477498292258602
2020-04-16 22:30:00,20.1805,29.827886112750107
2020-04-16 22:45:00,19.961,31.399995279198144
2020-04-16 23:00:00,19.961,30.835260453419572
2020-04-16 23:15:00,19.961,30.91711953216632
2020-04-16 23:30:00,19.961,30.9208851830977
2020-04-16 23:45:00,19.741,30.743113804695245
2020-04-17 00:00:00,19.5215,31.372106385694742
2020-04-17 00:15:00,19.5215,31.835101523047815
2020-04-17 00:30:00,19.5215,32.26752198957795
2020-04-17 00:45:00,19.5215,32.723409535538195
2020-04-17 01:00:00,19.5215,32.22341871652521
2020-04-17 01:15:00,19.5215,32.25346450221161
2020-04-17 01:30:00,19.3015,32.37448348244963
2020-04-17 01:45:00,18.8625,32.16155832018206
2020-04-17 02:00:00,18.8625,32.40479264670893
2020-04-17 02:15:00,18.6425,31.16743647593622
2020-04-17 02:30:00,18.4225,29.307280320495558
2020-04-17 02:45:00,18.4225,30.62529411426454
2020-04-17 03:00:00,18.203,32.691207356065114
2020-04-17 03:15:00,17.9835,32.70274726835713
2020-04-17 03:30:00,17.9835,32.99111886276274
2020-04-17 03:45:00,17.9835,33.132095048100496
2020-04-17 04:00:00,17.9835,32.68161201939167
2020-04-17 04:15:00,17.7635,32.84866424515384
2020-04-17 04:30:00,17.7635,32.76236159152131
2020-04-17 04:45:00,17.7635,33.025790142805484
2020-04-17 05:00:00,17.7635,32.71399195183763
2020-04-17 05:15:00,17.7635,32.69650274366969
2020-04-17 05:30:00,17.544,32.876554458275436
2020-04-17 05:45:00,17.544,33.5139673271946
2020-04-17 06:00:00,17.544,33.55596908368896
2020-04-17 06:15:00,17.544,32.93459624845869
2020-04-17 06:30:00,17.544,34.61468446955784
2020-04-17 06:45:00,17.544,33.30010010036447
2020-04-17 07:00:00,17.544,33.09383566504844
2020-04-17 07:15:00,17.7635,34.65268156681539
2020-04-17 07:30:00,18.203,34.36725005585399
2020-04-17 07:45:00,18.862,33.864568745826034
2020-04-17 08:00:00,19.302,33.60166824401853
2020-04-17 08:15:00,19.741,33.7935660023632
2020-04-17 08:30:00,20.4005,34.61645253504125
2020-04-17 08:45:00,21.0595,33.74031259144531
2020-04-17 09:00:00,21.9385,33.81386837079528
2020-04-17 09:15:00,22.3775,34.13343795225342
2020-04-17 09:30:00,23.2565,32.70245665970047
2020-04-17 09:45:00,24.1355,31.704548220967233
2020-04-17 10:00:00,25.0145,32.38284754984776
2020-04-17 10:15:00,26.1135,28.56110731489539
2020-04-17 10:30:00,26.9925,25.545116371623596
2020-04-17 10:45:00,27.871,24.876685599231216
2020-04-17 11:00:00,28.9695,22.456363675795
2020-04-17 11:15:00,29.629,22.73024561837615
2020-04-17 11:30:00,30.0685,22.698859795296073
2020-04-17 11:45:00,30.947,22.825244336689313
2020-04-17 12:00:00,31.387,22.824438468233602
2020-04-17 12:15:00,32.046,23.030242940963884
2020-04-17 12:30:00,32.046,26.308284817598064
2020-04-17 12:45:00,33.1445,27.526852504192117
2020-04-17 13:00:00,33.364,31.704477481269315
2020-04-17 13:15:00,34.2435,32.650529256024775
2020-04-17 13:30:00,35.122,32.732913985499586
2020-04-17 13:45:00,35.7815,32.97270372891668
2020-04-17 14:00:00,36.4405,32.89205386524494
2020-04-17 14:15:00,37.0995,32.73578409093298
2020-04-17 14:30:00,37.319,32.97616089438479
2020-04-17 14:45:00,37.539,32.72934102965914
2020-04-17 15:00:00,37.759,32.44751642705238
2020-04-17 15:15:00,37.759,33.83534343022954
2020-04-17 15:30:00,37.539,33.92937350381493
2020-04-17 15:45:00,36.8795,33.07073252813959
2020-04-17 16:00:00,36.2205,34.42960801540094
2020-04-17 16:15:00,35.7815,33.45215226330356
2020-04-17 16:30:00,35.3415,34.01158898847303
2020-04-17 16:45:00,34.9025,33.067688410857286
2020-04-17 17:00:00,34.463,32.23751835511743
2020-04-17 17:15:00,34.0235,34.221898361144476
2020-04-17 17:30:00,33.584,33.8051001045166
2020-04-17 17:45:00,32.9245,34.79984031660342
2020-04-17 18:00:00,32.2655,35.456085390217524
2020-04-17 18:15:00,31.826,35.01636956618386
2020-04-17 18:30:00,31.167,34.83669253857236
2020-04-17 18:45:00,30.5075,35.63631394148815
2020-04-17 19:00:00,30.0685,35.37900149286367
2020-04-17 19:15:00,29.629,35.748469780123926
2020-04-17 19:30:00,29.1895,36.691433025251754
2020-04-17 19:45:00,28.5305,36.27000646770924
2020-04-17 20:00:00,28.0905,36.12712107490776
2020-04-17 20:15:00,27.6515,35.43953098564483
2020-04-17 20:30:00,27.212,35.07281084299113
2020-04-17 20:45:00,26.7725,36.24015698499132
2020-04-17 21:00:00,26.333,36.23063205799805
2020-04-17 21:15:00,25.8935,36.393421275224334
2020-04-17 21:30:00,25.674,37.550088025030654
2020-04-17 21:45:00,25.4545,36.883991579613074
2020-04-17 22:00:00,25.2345,33.733798134446516
2020-04-17 22:15:00,25.2345,31.750094706590428
2020-04-17 22:30:00,25.0145,32.36812595853949
2020-04-17 22:45:00,24.795,32.044455814885325
2020-04-17 23:00:00,24.795,32.681681184547216
2020-04-17 23:15:00,24.795,35.135282628468076
2020-04-17 23:30:00,24.5755,33.9632552707442
2020-04-17 23:45:00,24.5755,34.50416991296655
2020-04-18 00:00:00,24.3555,34.99372821634528
2020-04-18 00:15:00,24.3555,33.94765131840534
2020-04-18 00:30:00,24.1355,33.626613593258405
2020-04-18 00:45:00,23.916,34.34549280282799
2020-04-18 01:00:00,23.916,33.368974124867094
2020-04-18 01:15:00,23.6965,33.03199671500017
2020-04-18 01:30:00,23.6965,32.92121745438775
2020-04-18 01:45:00,23.4765,32.84852216658522
2020-04-18 02:00:00,23.4765,33.51926000550495
2020-04-18 02:15:00,23.2565,32.77412167938532
2020-04-18 02:30:00,23.2565,32.75441696033134
2020-04-18 02:45:00,23.2565,33.10199851974284
2020-04-18 03:00:00,23.037,33.38956236220991
2020-04-18 03:15:00,22.8175,32.94518868957318
2020-04-18 03:30:00,22.8175,32.95438211517417
2020-04-18 03:45:00,22.378,32.92128168111148
2020-04-18 04:00:00,22.378,32.7694270497152
2020-04-18 04:15:00,21.9385,32.53411916005665
2020-04-18 04:30:00,21.9385,32.5159069050641
2020-04-18 04:45:00,21.9385,32.47148397990894
2020-04-18 05:00:00,21.499,32.38811712404506
2020-04-18 05:15:00,21.499,32.41228961736083
2020-04-18 05:30:00,21.499,32.48380896561784
2020-04-18 05:45:00,21.279,32.45692848017305
2020-04-18 06:00:00,21.0595,32.588093834559935
2020-04-18 06:15:00,21.0595,32.54709723053413
2020-04-18 06:30:00,21.0595,33.717778116023595
2020-04-18 06:45:00,21.0595,33.78640867963399
2020-04-18 07:00:00,21.2795,33.99357308592139
2020-04-18 07:15:00,21.7185,33.996181603945494
2020-04-18 07:30:00,22.1585,34.229588739175334
2020-04-18 07:45:00,22.378,34.41268689851386
2020-04-18 08:00:00,22.817,28.7501778690369
2020-04-18 08:15:00,23.4765,30.678832118794514
2020-04-18 08:30:00,24.3555,30.64288677539695
2020-04-18 08:45:00,24.795,29.79499406117741
2020-04-18 09:00:00,25.4545,33.365133921550864
2020-04-18 09:15:00,26.1135,32.750769403520174
2020-04-18 09:30:00,26.992,33.08436087725402
2020-04-18 09:45:00,27.871,34.21299200792404
2020-04-18 10:00:00,28.9695,33.032898960022905
2020-04-18 10:15:00,29.849,30.168423755710556
2020-04-18 10:30:00,30.7275,28.357906428673946
2020-04-18 10:45:00,32.046,24.98748656616372
2020-04-18 11:00:00,32.705,22.53386917523498
2020-04-18 11:15:00,33.1445,22.640039319518255
2020-04-18 11:30:00,33.804,22.610531221048216
2020-04-18 11:45:00,34.0235,22.675111709860566
2020-04-18 12:00:00,34.463,23.82491645345294
2020-04-18 12:15:00,34.902,23.473129807100786
2020-04-18 12:30:00,34.9025,23.89731103509501
2020-04-18 12:45:00,35.5615,23.340185747375703
2020-04-18 13:00:00,36.2205,25.31686200798804
2020-04-18 13:15:00,36.44,27.34820202243375
2020-04-18 13:30:00,37.3195,29.27178977289889
2020-04-18 13:45:00,37.7585,32.675696560436116
2020-04-18 14:00:00,38.418,33.08941159865323
2020-04-18 14:15:00,38.8575,33.5427393502958
2020-04-18 14:30:00,39.297,32.5526147875599
2020-04-18 14:45:00,39.297,32.65392533475082
2020-04-18 15:00:00,39.517,33.029655696802685
2020-04-18 15:15:00,39.517,32.997447136202155
2020-04-18 15:30:00,39.517,32.72131240148267
2020-04-18 15:45:00,39.0775,32.55077680332666
2020-04-18 16:00:00,38.8575,32.66106995393203
2020-04-18 16:15:00,38.198,34.08343353602231
2020-04-18 16:30:00,37.759,32.78833677315206
2020-04-18 16:45:00,37.539,33.2239794789573
2020-04-18 17:00:00,37.319,33.08818051452097
2020-04-18 17:15:00,36.88,35.53978459794967
2020-04-18 17:30:00,36.44,35.7642313663323
2020-04-18 17:45:00,36.001,35.710526006069855
2020-04-18 18:00:00,35.5615,36.727573205461155
2020-04-18 18:15:00,35.122,35.68359087452151
2020-04-18 18:30:00,34.9025,36.65963168200542
2020-04-18 18:45:00,34.2435,36.572952609130205
2020-04-18 19:00:00,33.584,37.09589505776821
2020-04-18 19:15:00,32.9245,37.48951720127052
2020-04-18 19:30:00,32.4855,35.95002766431715
2020-04-18 19:45:00,31.826,36.85040575872781
2020-04-18 20:00:00,31.3865,36.06139638120965
2020-04-18 20:15:00,30.7275,37.26030591566486
2020-04-18 20:30:00,30.288,37.27639370179479
2020-04-18 20:45:00,29.8485,37.830266034252446
2020-04-18 21:00:00,29.4095,38.678367331784884
2020-04-18 21:15:00,29.1895,38.639632448868284
2020-04-18 21:30:00,28.75,38.04821691928442
2020-04-18 21:45:00,28.75,38.150214627209735
2020-04-18 22:00:00,28.5305,37.81235831479012
2020-04-18 22:15:00,28.3105,36.93691104143054
2020-04-18 22:30:00,28.3105,37.07956854249362
2020-04-18 22:45:00,28.3105,36.42009010001573
2020-04-18 23:00:00,28.3105,36.37479194353783
2020-04-18 23:15:00,27.871,36.59634517547838
2020-04-18 23:30:00,27.871,35.51500617372401
2020-04-18 23:45:00,27.871,35.82572222670861
2020-04-19 00:00:00,27.871,35.258120351825
2020-04-19 00:15:00,27.871,33.42331160990719
2020-04-19 00:30:00,27.6515,33.736582735248824
2020-04-19 00:45:00,27.4315,33.26513705970787
2020-04-19 01:00:00,27.4315,33.56679503522561
2020-04-19 01:15:00,27.4315,32.77832074579507
2020-04-19 01:30:00,26.9925,32.919129051243935
2020-04-19 01:45:00,26.7725,34.01008933215367
2020-04-19 02:00:00,26.5525,33.85334725075743
2020-04-19 02:15:00,26.5525,33.89928833278105
2020-04-19 02:30:00,26.333,33.141795591470434
2020-04-19 02:45:00,25.8935,33.00038800929824
2020-04-19 03:00:00,25.4545,33.32121012712641
2020-04-19 03:15:00,25.0145,33.629586510567925
2020-04-19 03:30:00,25.0145,33.726210665649624
2020-04-19 03:45:00,24.5755,33.07735296931683
2020-04-19 04:00:00,24.5755,33.87076006138216
2020-04-19 04:15:00,24.1355,33.83372231203357
2020-04-19 04:30:00,24.1355,33.122407077438105
2020-04-19 04:45:00,23.6965,32.998657180996716
2020-04-19 05:00:00,23.6965,33.741041880130716
2020-04-19 05:15:00,23.2565,33.62380250655268
2020-04-19 05:30:00,23.2565,33.69954224843015
2020-04-19 05:45:00,23.2565,33.91439002820385
2020-04-19 06:00:00,22.8175,33.368529905427515
2020-04-19 06:15:00,22.8175,34.11785979932798
2020-04-19 06:30:00,22.8175,35.06658094690267
2020-04-19 06:45:00,23.037,34.726168728686794
2020-04-19 07:00:00,23.2565,34.97162982608381
2020-04-19 07:15:00,23.916,35.38565141211534
2020-04-19 07:30:00,24.3555,34.09376601159252
2020-04-19 07:45:00,24.795,35.25764773063221
2020-04-19 08:00:00,25.454,34.60277288485495
2020-04-19 08:15:00,25.894,32.3883801521679
2020-04-19 08:30:00,26.553,33.96870314964528
2020-04-19 08:45:00,27.2115,33.05636839022978
2020-04-19 09:00:00,28.0905,33.7290434830233
2020-04-19 09:15:00,28.9695,34.243010427217165
2020-04-19 09:30:00,29.629,35.021829399638484
2020-04-19 09:45:00,30.7275,35.30440319731598
2020-04-19 10:00:00,31.826,35.00942786535281
2020-04-19 10:15:00,32.925,32.99181789957187
2020-04-19 10:30:00,34.0235,32.06415260221203
2020-04-19 10:45:00,35.3415,32.085184454151175
2020-04-19 11:00:00,36.4405,27.051249966996807
2020-04-19 11:15:00,36.88,28.052017700898748
2020-04-19 11:30:00,37.539,31.328474000571212
2020-04-19 11:45:00,38.1985,32.922738681890785
2020-04-19 12:00:00,38.6375,31.178428844509416
2020-04-19 12:15:00,39.077,33.28662138043647
2020-04-19 12:30:00,39.077,33.81288417630369
2020-04-19 12:45:00,39.7365,34.00721952513127
2020-04-19 13:00:00,40.1755,33.72463786389049
2020-04-19 13:15:00,40.8345,33.95642173563913
2020-04-19 13:30:00,41.7135,33.59905191472509
2020-04-19 13:45:00,42.373,33.13070461478513
2020-04-19 14:00:00,42.8125,34.09216550336975
2020-04-19 14:15:00,43.252,34.17949032093413
2020-04-19 14:30:00,43.472,34.21501571139288
2020-04-19 14:45:00,43.6915,34.41104746141047
2020-04-19 15:00:00,43.911,34.7025214489456
2020-04-19 15:15:00,43.911,33.745890199655435
2020-04-19 15:30:00,43.472,33.26992594667796
2020-04-19 15:45:00,42.8125,33.500103502414404
2020-04-19 16:00:00,42.373,33.93457426499941
2020-04-19 16:15:00,41.9335,33.663719041712554
2020-04-19 16:30:00,41.494,31.77705532267543
2020-04-19 16:45:00,41.274,29.508429045461195
2020-04-19 17:00:00,40.835,26.7942299506073
2020-04-19 17:15:00,40.3955,23.048001614964523
2020-04-19 17:30:00,39.956,23.330200768923216
2020-04-19 17:45:00,39.7365,23.31647112834175
2020-04-19 18:00:00,39.297,23.261017690175446
2020-04-19 18:15:00,38.8575,23.35269853703704
2020-04-19 18:30:00,38.418,23.38701159684532
2020-04-19 18:45:00,37.7585,23.485878685321687
2020-04-19 19:00:00,37.0995,26.708529218013805
2020-04-19 19:15:00,36.66,31.146834571299546
2020-04-19 19:30:00,36.2205,36.221469794352316
2020-04-19 19:45:00,35.7815,36.1986554911745
2020-04-19 20:00:00,35.3415,35.88287407410733
2020-04-19 20:15:00,34.9025,36.449217864462284
2020-04-19 20:30:00,34.6825,36.58676094793482
2020-04-19 20:45:00,34.2435,36.78379500300975
2020-04-19 21:00:00,33.8035,37.672444103036895
2020-04-19 21:15:00,33.3645,37.62153913343013
2020-04-19 21:30:00,33.3645,38.11799965717268
2020-04-19 21:45:00,33.3645,37.16425817257678
2020-04-19 22:00:00,32.9245,38.10747919686194
2020-04-19 22:15:00,32.9245,37.92221431761057
2020-04-19 22:30:00,32.4855,36.86232488834613
2020-04-19 22:45:00,32.4855,36.419194616976256
2020-04-19 23:00:00,32.2655,36.06180459105509
2020-04-19 23:15:00,32.2655,34.07155387815172
2020-04-19 23:30:00,31.826,33.028362503719826
2020-04-19 23:45:00,31.826,34.372292903890454
2020-04-20 00:00:00,31.3865,33.84199766649742
2020-04-20 00:15:00,31.3865,34.76203850163707
2020-04-20 00:30:00,30.9475,33.44498705577686
2020-04-20 00:45:00,30.7275,33.326143050549504
2020-04-20 01:00:00,30.7275,34.238774428293944
2020-04-20 01:15:00,30.5075,33.49345063067559
2020-04-20 01:30:00,30.288,32.916475228343614
2020-04-20 01:45:00,30.288,34.23133436205674
2020-04-20 02:00:00,30.0685,33.19437218206003
2020-04-20 02:15:00,29.849,32.984237296523254
2020-04-20 02:30:00,29.849,33.414630092095805
2020-04-20 02:45:00,29.849,32.95719135195395
2020-04-20 03:00:00,29.629,32.88750164824168
2020-04-20 03:15:00,29.629,32.7796428689003
2020-04-20 03:30:00,29.1895,32.720025819196934
2020-04-20 03:45:00,29.1895,32.99224855918831
2020-04-20 04:00:00,28.9695,32.67819267541249
2020-04-20 04:15:00,28.75,32.70838641372369
2020-04-20 04:30:00,28.75,32.80321354826079
2020-04-20 04:45:00,28.3105,32.555309767948835
2020-04-20 05:00:00,28.3105,32.698559973444056
2020-04-20 05:15:00,27.871,32.82519583616474
2020-04-20 05:30:00,27.871,33.57577708706211
2020-04-20 05:45:00,27.6515,33.63410009992672
2020-04-20 06:00:00,27.212,33.129395870679446
2020-04-20 06:15:00,27.212,33.133425199331
2020-04-20 06:30:00,27.212,33.18249847746513
2020-04-20 06:45:00,27.212,33.11857445616963
2020-04-20 07:00:00,27.212,33.91665985355317
2020-04-20 07:15:00,27.6515,33.949999717066135
2020-04-20 07:30:00,28.0905,34.00933304496731
2020-04-20 07:45:00,28.75,34.248428807170896
2020-04-20 08:00:00,29.1895,31.176416145628423
2020-04-20 08:15:00,29.629,31.916969368893493
2020-04-20 08:30:00,30.0685,32.109318163506664
2020-04-20 08:45:00,30.7275,31.238077014017964
2020-04-20 09:00:00,31.1665,34.2388522027297
2020-04-20 09:15:00,31.6065,34.90606314961136
2020-04-20 09:30:00,32.2655,35.499340805197015
2020-04-20 09:45:00,32.9245,35.34306538270523
2020-04-20 10:00:00,33.8035,35.6999483536754
2020-04-20 10:15:00,34.683,32.527288148483514
2020-04-20 10:30:00,35.5615,32.82595306021488
2020-04-20 10:45:00,36.001,31.875302265082315
2020-04-20 11:00:00,36.88,29.313477533859878
2020-04-20 11:15:00,37.539,31.461845330076017
2020-04-20 11:30:00,37.9785,34.03748954027693
2020-04-20 11:45:00,38.198,34.096733160595214
2020-04-20 12:00:00,38.418,34.110364312431344
2020-04-20 12:15:00,38.638,34.02725554411217
2020-04-20 12:30:00,38.6375,31.820103930410017
2020-04-20 12:45:00,38.8575,34.34037396022781
2020-04-20 13:00:00,39.517,34.49632717093729
2020-04-20 13:15:00,39.517,34.6542884828286
2020-04-20 13:30:00,40.3955,34.79719698631483
2020-04-20 13:45:00,41.0545,36.07162944513756
2020-04-20 14:00:00,41.9335,35.46810930150687
2020-04-20 14:15:00,42.373,34.651321782396074
2020-04-20 14:30:00,42.1535,35.28066417571899
2020-04-20 14:45:00,41.9335,35.29861625791803
2020-04-20 15:00:00,41.494,35.56114369437187
2020-04-20 15:15:00,41.2745,35.557680937566296
2020-04-20 15:30:00,41.494,36.02990801188683
2020-04-20 15:45:00,41.714,35.7790001683996
2020-04-20 16:00:00,41.9335,36.045167307013564
2020-04-20 16:15:00,41.9335,36.094991250343725
2020-04-20 16:30:00,41.9335,36.26966414290698
2020-04-20 16:45:00,41.9335,36.19226437972295
2020-04-20 17:00:00,41.494,34.944961863360795
2020-04-20 17:15:00,41.494,36.69206839425738
2020-04-20 17:30:00,41.0545,36.445334642863
2020-04-20 17:45:00,40.3955,36.39550376225477
2020-04-20 18:00:00,39.956,37.469990106620486
2020-04-20 18:15:00,39.517,37.25672821313652
2020-04-20 18:30:00,39.297,37.10877674256621
2020-04-20 18:45:00,38.6375,37.3565307311284
2020-04-20 19:00:00,38.418,37.93027045355071
2020-04-20 19:15:00,37.9785,39.073894601794585
2020-04-20 19:30:00,37.539,39.56266067778711
2020-04-20 19:45:00,37.3195,38.37842024365654
2020-04-20 20:00:00,36.8795,39.66843856714656
2020-04-20 20:15:00,36.66,39.80642092518422
2020-04-20 20:30:00,36.4405,38.31239289672716
2020-04-20 20:45:00,36.001,38.23556632417319
2020-04-20 21:00:00,35.7815,37.8361744253021
2020-04-20 21:15:00,35.3415,37.51416315370189
2020-04-20 21:30:00,35.3415,36.13393759666187
2020-04-20 21:45:00,34.9025,37.22393001886351
2020-04-20 22:00:00,34.683,38.34519962132255
2020-04-20 22:15:00,34.243,37.05500101848186
2020-04-20 22:30:00,34.243,36.23525007853812
2020-04-20 22:45:00,33.804,37.23227875422978
2020-04-20 23:00:00,33.804,36.62628757060067
2020-04-20 23:15:00,33.584,35.77163041969756
2020-04-20 23:30:00,33.364,35.83154661783614
2020-04-20 23:45:00,33.1445,36.53934556278411
2020-04-21 00:00:00,32.925,35.515609118860375
2020-04-21 00:15:00,32.925,35.18337496612694
2020-04-21 00:30:00,32.925,34.74004778607516
2020-04-21 00:45:00,32.705,34.22910556769263
2020-04-21 01:00:00,32.485,34.28029132488036
2020-04-21 01:15:00,32.485,33.49263823025844
2020-04-21 01:30:00,32.485,33.74548154844296
2020-04-21 01:45:00,32.2655,33.621259723870146
2020-04-21 02:00:00,32.2655,33.53440429949719
2020-04-21 02:15:00,32.2655,33.424474670114094
2020-04-21 02:30:00,32.046,33.51851382447929
2020-04-21 02:45:00,31.826,33.5733047609862
2020-04-21 03:00:00,31.606,33.30755645471675
2020-04-21 03:15:00,31.606,33.1241034140519
2020-04-21 03:30:00,31.606,33.83961204843364
2020-04-21 03:45:00,31.606,33.8230044504845
2020-04-21 04:00:00,31.167,32.914037327609854
2020-04-21 04:15:00,31.167,32.85899812927613
2020-04-21 04:30:00,31.167,33.24478299166903
2020-04-21 04:45:00,30.7275,33.864895943175206
2020-04-21 05:00:00,30.508,33.46752495663913
2020-04-21 05:15:00,30.288,32.9587278504263
2020-04-21 05:30:00,30.288,33.096544733247825
2020-04-21 05:45:00,30.288,33.73274224218863
2020-04-21 06:00:00,29.849,33.81744721235074
2020-04-21 06:15:00,29.849,34.05803930514529
2020-04-21 06:30:00,29.849,34.73644382269502
2020-04-21 06:45:00,29.849,34.45873789092651
2020-04-21 07:00:00,29.849,34.9953940544784
2020-04-21 07:15:00,29.849,35.23932072942878
2020-04-21 07:30:00,29.849,34.16268763004523
2020-04-21 07:45:00,30.288,34.05505324466059
2020-04-21 08:00:00,30.288,33.18475528844917
2020-04-21 08:15:00,30.5075,32.20577328464257
2020-04-21 08:30:00,30.7275,32.406243020834864
2020-04-21 08:45:00,30.7275,32.581836936522876
2020-04-21 09:00:00,30.9475,32.03887326931886
2020-04-21 09:15:00,31.167,33.533993081239736
2020-04-21 09:30:00,31.3865,33.897056973576454
2020-04-21 09:45:00,31.606,33.61562180459067
2020-04-21 10:00:00,31.826,33.37957725443427
2020-04-21 10:15:00,31.826,32.55287065205042
2020-04-21 10:30:00,32.2655,32.39410310413377
2020-04-21 10:45:00,32.925,31.741801010971404
2020-04-21 11:00:00,33.364,31.66380841915945
2020-04-21 11:15:00,33.364,31.687949476430493
2020-04-21 11:30:00,33.364,34.425312449377834
2020-04-21 11:45:00,33.364,34.478484095875764
2020-04-21 12:00:00,33.364,32.2879442159499
2020-04-21 12:15:00,33.364,30.025876940401922
2020-04-21 12:30:00,33.364,26.960763724414935
2020-04-21 12:45:00,33.804,22.60308811170586
2020-04-21 13:00:00,34.463,22.15693579033216
2020-04-21 13:15:00,35.5615,24.19799258434907
2020-04-21 13:30:00,36.4405,27.835516604691442
2020-04-21 13:45:00,36.4405,31.52447578384476
2020-04-21 14:00:00,36.2205,32.5921813267287
2020-04-21 14:15:00,35.781,32.488272068522775
2020-04-21 14:30:00,35.122,32.79159520144859
2020-04-21 14:45:00,34.683,34.31739520763047
2020-04-21 15:00:00,34.243,35.18552466069601
2020-04-21 15:15:00,34.0235,35.634300391201165
2020-04-21 15:30:00,33.804,35.526804988141336
2020-04-21 15:45:00,33.584,35.80360610817601
2020-04-21 16:00:00,33.364,34.72740210901803
2020-04-21 16:15:00,33.364,35.193745505994606
2020-04-21 16:30:00,32.925,35.55998257516624
2020-04-21 16:45:00,32.925,35.948256545514035
2020-04-21 17:00:00,32.925,35.91139158940141
2020-04-21 17:15:00,32.925,36.68563250190127
2020-04-21 17:30:00,32.2655,36.89539657632742
2020-04-21 17:45:00,31.167,37.30685657174056
2020-04-21 18:00:00,30.9475,37.40299328962964
2020-04-21 18:15:00,30.7275,37.66869675457728
2020-04-21 18:30:00,30.5075,37.58636343210954
2020-04-21 18:45:00,30.5075,37.24721602338305
2020-04-21 19:00:00,30.5075,37.72940576054395
2020-04-21 19:15:00,30.5075,39.44550628076998
2020-04-21 19:30:00,30.7275,37.81914156802277
2020-04-21 19:45:00,30.7275,37.57594309744786
2020-04-21 20:00:00,30.7275,37.970836861688
2020-04-21 20:15:00,30.7275,38.998742671511295
2020-04-21 20:30:00,30.9475,39.630345979136415
2020-04-21 20:45:00,30.9475,39.988948187130056
2020-04-21 21:00:00,30.9475,40.33448363193488
2020-04-21 21:15:00,30.9475,39.50664558849328
2020-04-21 21:30:00,30.9475,39.01363111008026
2020-04-21 21:45:00,30.9475,39.28015829985383
2020-04-21 22:00:00,30.9475,38.9994440975342
2020-04-21 22:15:00,30.7275,38.99568543549734
2020-04-21 22:30:00,30.7275,39.15831701306569
2020-04-21 22:45:00,30.7275,39.16820274898416
2020-04-21 23:00:00,30.7275,39.400650835277055
2020-04-21 23:15:00,30.7275,39.052040630679194
2020-04-21 23:30:00,30.7275,38.48570532037033
2020-04-21 23:45:00,30.7275,38.54849692220661
2020-04-22 00:00:00,30.288,36.398354921947934
2020-04-22 00:15:00,29.849,37.26699776221878
2020-04-22 00:30:00,29.629,36.9519438574154
2020-04-22 00:45:00,29.629,36.55754415867025
2020-04-22 01:00:00,29.629,36.17674556589531
2020-04-22 01:15:00,29.629,36.309673158545024
2020-04-22 01:30:00,29.849,36.3300423185982
2020-04-22 01:45:00,29.849,36.27523185537261
2020-04-22 02:00:00,29.849,36.57163010177657
2020-04-22 02:15:00,29.849,36.47380136265945
2020-04-22 02:30:00,29.849,36.11670554140434
2020-04-22 02:45:00,29.849,34.22081696682217
2020-04-22 03:00:00,30.0685,35.727295618754816
2020-04-22 03:15:00,30.0685,35.29166485247778
2020-04-22 03:30:00,30.0685,34.74608319916783
2020-04-22 03:45:00,30.0685,34.117688804893525
2020-04-22 04:00:00,30.0685,33.284092904488
2020-04-22 04:15:00,30.0685,33.08444902906137
2020-04-22 04:30:00,29.629,32.895375793599136
2020-04-22 04:45:00,29.629,32.81497092889593
2020-04-22 05:00:00,28.0905,32.98537173439367
2020-04-22 05:15:00,27.212,32.610880673344624
2020-04-22 05:30:00,27.212,32.62257085476102
2020-04-22 05:45:00,26.7725,32.90852385217882
2020-04-22 06:00:00,26.553,32.675082297562916
2020-04-22 06:15:00,26.333,33.43415741475899
2020-04-22 06:30:00,26.333,33.491043058298665
2020-04-22 06:45:00,26.333,33.41610264984184
2020-04-22 07:00:00,26.113,33.64284941189759
2020-04-22 07:15:00,26.113,32.93183223733427
2020-04-22 07:30:00,25.8935,33.383009442843324
2020-04-22 07:45:00,25.8935,33.29214862838041
2020-04-22 08:00:00,26.1135,33.53079436847945
2020-04-22 08:15:00,26.333,33.05942372616838
2020-04-22 08:30:00,26.5525,32.87681411399642
2020-04-22 08:45:00,26.7725,32.870285465344494
2020-04-22 09:00:00,27.212,32.50490943035969
2020-04-22 09:15:00,27.651,33.954135226577606
2020-04-22 09:30:00,28.091,33.70915264772314
2020-04-22 09:45:00,28.3105,33.70013370452376
2020-04-22 10:00:00,28.53,33.30867938940075
2020-04-22 10:15:00,28.97,33.7584121641851
2020-04-22 10:30:00,29.409,33.273371357842706
2020-04-22 10:45:00,29.849,33.771175733153626
2020-04-22 11:00:00,30.508,33.30387514389285
2020-04-22 11:15:00,31.167,33.75668454384673
2020-04-22 11:30:00,32.046,34.47985760755311
2020-04-22 11:45:00,32.485,34.85556104046642
2020-04-22 12:00:00,33.1445,34.73888823620541
2020-04-22 12:15:00,33.584,36.869547614389816
2020-04-22 12:30:00,33.8035,36.44181473440788
2020-04-22 12:45:00,33.8035,37.64187073733884
2020-04-22 13:00:00,33.8035,39.688371425700105
2020-04-22 13:15:00,34.0235,38.71526767008291
2020-04-22 13:30:00,34.2435,38.39565308906204
2020-04-22 13:45:00,34.2435,37.7520721271939
2020-04-22 14:00:00,34.2435,37.614743699998
2020-04-22 14:15:00,34.463,37.156912231171056
2020-04-22 14:30:00,34.9025,37.195798929006564
2020-04-22 14:45:00,35.122,37.27189879231678
2020-04-22 15:00:00,35.5615,36.916631241143214
2020-04-22 15:15:00,36.001,35.62782920831829
2020-04-22 15:30:00,36.2205,35.98977975960653
2020-04-22 15:45:00,36.4405,35.5564928961309
2020-04-22 16:00:00,36.4405,35.4987044577948
2020-04-22 16:15:00,36.4405,36.25254339633662
2020-04-22 16:30:00,36.4405,36.44937839902374
2020-04-22 16:45:00,36.4405,36.7425667669259
2020-04-22 17:00:00,36.4405,38.85108746050751
2020-04-22 17:15:00,36.221,39.330086813766584
2020-04-22 17:30:00,36.001,37.160720944905194
2020-04-22 17:45:00,35.7815,37.926255310612426
2020-04-22 18:00:00,35.5615,39.17154398108737
2020-04-22 18:15:00,35.3415,37.65899334715542
2020-04-22 18:30:00,35.122,38.289193153533795
2020-04-22 18:45:00,34.6825,39.888854055899934
2020-04-22 19:00:00,34.463,39.77778862251975
2020-04-22 19:15:00,34.2435,40.03477913812328
2020-04-22 19:30:00,33.8035,38.00833787172581
2020-04-22 19:45:00,33.8035,37.564094076615106
2020-04-22 20:00:00,33.3645,37.14993296851469
2020-04-22 20:15:00,33.3645,37.27780838422537
2020-04-22 20:30:00,33.3645,37.32860292997331
2020-04-22 20:45:00,32.9245,36.81956622627591
2020-04-22 21:00:00,32.9245,38.047485788462104
2020-04-22 21:15:00,32.9245,38.0236108199998
2020-04-22 21:30:00,32.705,38.11819625522139
2020-04-22 21:45:00,32.4855,38.175802675853724
2020-04-22 22:00:00,32.4855,36.65723158337997
2020-04-22 22:15:00,32.0455,35.915633389309455
2020-04-22 22:30:00,32.0455,34.96333428972244
2020-04-22 22:45:00,31.826,35.61959846531646
2020-04-22 23:00:00,31.6065,36.01341831346287
2020-04-22 23:15:00,31.6065,36.85417868534326
2020-04-22 23:30:00,31.6065,37.17564420544787
2020-04-22 23:45:00,31.6065,36.81556125659727
2020-04-23 00:00:00,31.167,35.712638144613265
2020-04-23 00:15:00,31.167,34.60019892137995
2020-04-23 00:30:00,30.9475,34.34409574970952
2020-04-23 00:45:00,30.7275,33.71777407830339
2020-04-23 01:00:00,30.5075,33.62527674095618
2020-04-23 01:15:00,30.288,33.786411509821214
2020-04-23 01:30:00,29.8485,33.698859772789504
2020-04-23 01:45:00,29.629,33.684351338802685
2020-04-23 02:00:00,29.4095,33.64441693952919
2020-04-23 02:15:00,29.1895,32.96246473294225
2020-04-23 02:30:00,29.1895,33.2388703582132
2020-04-23 02:45:00,28.75,33.176650383092195
2020-04-23 03:00:00,28.75,33.26886905948898
2020-04-23 03:15:00,28.5305,32.90296775791596
2020-04-23 03:30:00,28.5305,32.92089414705099
2020-04-23 03:45:00,28.5305,33.312870765384915
2020-04-23 04:00:00,28.0905,33.08449537187496
2020-04-23 04:15:00,28.0905,32.613322256848626
2020-04-23 04:30:00,28.0905,32.969502645695876
2020-04-23 04:45:00,27.871,33.15420276523499
2020-04-23 05:00:00,27.6515,33.117205656016466
2020-04-23 05:15:00,27.6515,32.79602071160003
2020-04-23 05:30:00,27.4315,33.18720210071938
2020-04-23 05:45:00,27.4315,33.2300185224781
2020-04-23 06:00:00,27.212,33.36841538956907
2020-04-23 06:15:00,26.9925,34.09994190900628
2020-04-23 06:30:00,26.9925,34.390025119567746
2020-04-23 06:45:00,26.9925,34.36776125364167
2020-04-23 07:00:00,26.9925,35.412969060711966
2020-04-23 07:15:00,26.5525,34.55195483611699
2020-04-23 07:30:00,26.5525,34.73489197139331
2020-04-23 07:45:00,26.1135,34.535082298252405
2020-04-23 08:00:00,25.2345,33.18238245376202
2020-04-23 08:15:00,25.0145,33.326057177269256
2020-04-23 08:30:00,24.3555,32.961493276902644
2020-04-23 08:45:00,24.3555,32.76675196485481
2020-04-23 09:00:00,23.916,32.80570519019566
2020-04-23 09:15:00,23.4765,32.5345802785883
2020-04-23 09:30:00,23.257,33.556899354304825
2020-04-23 09:45:00,22.8175,32.362940466952594
2020-04-23 10:00:00,22.8175,31.61923356213265
2020-04-23 10:15:00,22.378,29.260590142509557
2020-04-23 10:30:00,22.378,25.542268507127176
2020-04-23 10:45:00,22.378,22.56939994577558
2020-04-23 11:00:00,21.9385,22.30975368984862
2020-04-23 11:15:00,21.719,22.890566695222834
2020-04-23 11:30:00,21.499,23.511502192678563
2020-04-23 11:45:00,21.499,24.852595857932442
2020-04-23 12:00:00,21.0595,26.223784327389502
2020-04-23 12:15:00,21.0595,25.67446724069827
2020-04-23 12:30:00,20.84,28.642457529271656
2020-04-23 12:45:00,20.6205,29.75547888401881
2020-04-23 13:00:00,20.6205,32.225928191364794
2020-04-23 13:15:00,20.6205,33.419516925823274
2020-04-23 13:30:00,20.6205,33.40285224068079
2020-04-23 13:45:00,20.6205,33.09685799071221
2020-04-23 14:00:00,20.6205,33.2869407949088
2020-04-23 14:15:00,20.6205,33.18601418017866
2020-04-23 14:30:00,20.6205,33.20766798332001
2020-04-23 14:45:00,20.6205,33.40025326077598
2020-04-23 15:00:00,20.6205,34.22452238398878
2020-04-23 15:15:00,20.6205,33.48913714450711
2020-04-23 15:30:00,20.6205,33.24414587400046
2020-04-23 15:45:00,20.6205,33.604665780830864
2020-04-23 16:00:00,20.6205,32.61785290732882
2020-04-23 16:15:00,20.6205,32.850400927474006
2020-04-23 16:30:00,20.6205,33.936984688578804
2020-04-23 16:45:00,21.0595,32.97407119660177
2020-04-23 17:00:00,21.0595,33.35658355641832
2020-04-23 17:15:00,21.0595,35.98529710354305
2020-04-23 17:30:00,21.2795,37.297068434998145
2020-04-23 17:45:00,21.2795,38.96860042758663
2020-04-23 18:00:00,21.2795,39.81451786239594
2020-04-23 18:15:00,21.499,38.81454670857381
2020-04-23 18:30:00,21.499,39.40525422309649
2020-04-23 18:45:00,21.499,39.74022403496712
2020-04-23 19:00:00,21.499,39.281043207823735
2020-04-23 19:15:00,21.7185,39.74557858128722
2020-04-23 19:30:00,21.7185,36.841078678955164
2020-04-23 19:45:00,21.2795,35.061867989439854
2020-04-23 20:00:00,21.0595,35.20492619526866
2020-04-23 20:15:00,21.0595,35.24832226133127
2020-04-23 20:30:00,21.0595,36.10204851313708
2020-04-23 20:45:00,21.0595,37.717407852004655
2020-04-23 21:00:00,21.0595,37.40747801147595
2020-04-23 21:15:00,21.0595,36.85409196516692
2020-04-23 21:30:00,21.0595,38.60953391203353
2020-04-23 21:45:00,21.0595,38.665599977788254
2020-04-23 22:00:00,21.2795,37.41247322369506
2020-04-23 22:15:00,21.2795,37.898569679741485
2020-04-23 22:30:00,21.2795,38.14047342787406
2020-04-23 22:45:00,21.2795,37.4828775689912
2020-04-23 23:00:00,21.499,36.12220904310194
2020-04-23 23:15:00,21.7185,37.219973918690926
2020-04-23 23:30:00,21.7185,36.36506771174526
2020-04-23 23:45:00,21.9385,36.31074584091163
2020-04-24 00:00:00,21.9385,35.33250566036279
2020-04-24 00:15:00,21.9385,34.63878713267452
2020-04-24 00:30:00,21.9385,35.023109333533725
2020-04-24 00:45:00,21.9385,34.808559174472585
2020-04-24 01:00:00,21.9385,34.15982868009064
2020-04-24 01:15:00,21.9385,33.8318844546961
2020-04-24 01:30:00,21.9385,33.72498414650904
2020-04-24 01:45:00,21.9385,33.5625391948306
2020-04-24 02:00:00,22.158,33.859804388420834
2020-04-24 02:15:00,22.158,32.176499938314706
2020-04-24 02:30:00,22.158,32.605624069477315
2020-04-24 02:45:00,21.719,34.33281792958924
2020-04-24 03:00:00,21.719,34.103283788477135
2020-04-24 03:15:00,21.719,33.4649591954115
2020-04-24 03:30:00,21.719,34.265433475041775
2020-04-24 03:45:00,21.719,33.63060544690391
2020-04-24 04:00:00,21.719,32.79720064305101
2020-04-24 04:15:00,21.9385,33.18518175021948
2020-04-24 04:30:00,21.9385,33.103605915168224
2020-04-24 04:45:00,21.9385,32.960443687601405
2020-04-24 05:00:00,21.9385,33.78248242733045
2020-04-24 05:15:00,21.9385,32.99353425141856
2020-04-24 05:30:00,21.9385,33.78005597741568
2020-04-24 05:45:00,21.7185,33.11379359899123
2020-04-24 06:00:00,21.499,34.084446530102824
2020-04-24 06:15:00,21.0595,34.22895195084482
2020-04-24 06:30:00,21.0595,32.50483754871026
2020-04-24 06:45:00,21.0595,34.57470326620465
2020-04-24 07:00:00,21.0595,34.56968108390011
2020-04-24 07:15:00,21.0595,34.47889388514091
2020-04-24 07:30:00,21.0595,34.62579554490593
2020-04-24 07:45:00,21.0595,34.386511232685805
2020-04-24 08:00:00,21.0595,33.92223724482599
2020-04-24 08:15:00,21.499,33.1650415660801
2020-04-24 08:30:00,21.499,33.45678615180092
2020-04-24 08:45:00,21.499,35.19664032165133
2020-04-24 09:00:00,21.9385,35.10751017616548
2020-04-24 09:15:00,22.378,36.11316819749272
2020-04-24 09:30:00,22.8175,34.92087741182129
2020-04-24 09:45:00,23.4765,35.593052084850484
2020-04-24 10:00:00,24.1355,34.4977049352842
2020-04-24 10:15:00,24.5755,31.16531888541114
2020-04-24 10:30:00,25.0145,31.32959606115698
2020-04-24 10:45:00,25.4545,28.03561546830024
2020-04-24 11:00:00,25.8935,24.429346538929146
2020-04-24 11:15:00,25.8935,25.215323292628014
2020-04-24 11:30:00,26.333,23.814497949535493
2020-04-24 11:45:00,26.7725,28.294341670259538
2020-04-24 12:00:00,27.212,25.566527691122154
2020-04-24 12:15:00,27.6515,25.936829016959503
2020-04-24 12:30:00,27.6515,26.736709845547978
2020-04-24 12:45:00,27.6515,27.577949423806825
2020-04-24 13:00:00,27.6515,26.742156896320413
2020-04-24 13:15:00,27.432,29.076922340072674
2020-04-24 13:30:00,27.432,33.55338436657664
2020-04-24 13:45:00,27.432,33.216584412632336
2020-04-24 14:00:00,27.432,33.052348353629824
2020-04-24 14:15:00,27.432,32.93322468072277
2020-04-24 14:30:00,27.432,33.136601351139845
2020-04-24 14:45:00,27.432,33.142461497583824
2020-04-24 15:00:00,27.432,32.80426300555397
2020-04-24 15:15:00,27.432,33.15023772419497
2020-04-24 15:30:00,27.432,33.05938612837192
2020-04-24 15:45:00,27.212,32.83008486352211
2020-04-24 16:00:00,27.212,32.50266885702794
2020-04-24 16:15:00,27.212,32.587513112230674
2020-04-24 16:30:00,26.992,31.424011147975815
2020-04-24 16:45:00,26.992,32.34351855826292
2020-04-24 17:00:00,26.992,31.882392590641622
2020-04-24 17:15:00,26.992,34.341377620069714
2020-04-24 17:30:00,26.7725,35.64688868334651
2020-04-24 17:45:00,26.7725,36.49341554454454
2020-04-24 18:00:00,26.7725,37.83443618291082
2020-04-24 18:15:00,26.5525,37.576456853578726
2020-04-24 18:30:00,26.333,37.658165153344704
2020-04-24 18:45:00,25.8935,38.04145449495484
2020-04-24 19:00:00,25.4545,37.31376586769918
2020-04-24 19:15:00,25.4545,37.30974758882014
2020-04-24 19:30:00,25.0145,36.28292498096383
2020-04-24 19:45:00,24.5755,35.650017600568965
2020-04-24 20:00:00,24.1355,36.880555373068674
2020-04-24 20:15:00,24.1355,36.66429248537612
2020-04-24 20:30:00,23.6965,36.49715970254117
2020-04-24 20:45:00,23.2565,37.76020475524294
2020-04-24 21:00:00,23.2565,38.41540495130356
2020-04-24 21:15:00,22.8175,39.02027884523272
2020-04-24 21:30:00,22.8175,38.211470871384854
2020-04-24 21:45:00,22.5975,36.8812681000784
2020-04-24 22:00:00,22.378,37.76315510411662
2020-04-24 22:15:00,22.378,36.282632374665475
2020-04-24 22:30:00,21.9385,35.25502157233913
2020-04-24 22:45:00,21.9385,36.917555439942035
2020-04-24 23:00:00,21.9385,36.304734776892026
2020-04-24 23:15:00,21.9385,35.33022613347634
2020-04-24 23:30:00,21.499,36.44807824999146
2020-04-24 23:45:00,21.499,35.13921740639103
2020-04-25 00:00:00,21.499,34.448536621239036
2020-04-25 00:15:00,21.499,34.66358227925652
2020-04-25 00:30:00,21.499,33.48131044326395
2020-04-25 00:45:00,21.499,33.79974710716214
2020-04-25 01:00:00,21.0595,33.38149749544782
2020-04-25 01:15:00,21.0595,33.09941461750379
2020-04-25 01:30:00,21.0595,33.047685657289435
2020-04-25 01:45:00,21.0595,32.89694956317254
2020-04-25 02:00:00,21.0595,32.94537313056277
2020-04-25 02:15:00,21.0595,32.825583727664814
2020-04-25 02:30:00,21.0595,32.672685972686914
2020-04-25 02:45:00,21.0595,33.05495297208404
2020-04-25 03:00:00,21.0595,32.81560072400423
2020-04-25 03:15:00,20.6205,32.78436079405521
2020-04-25 03:30:00,20.6205,32.001633859692156
2020-04-25 03:45:00,20.6205,31.60045861567532
2020-04-25 04:00:00,20.6205,31.2209785109336
2020-04-25 04:15:00,20.4005,31.08612498222981
2020-04-25 04:30:00,20.1805,30.874909713201493
2020-04-25 04:45:00,20.1805,30.90636208135032
2020-04-25 05:00:00,20.1805,31.577370643692902
2020-04-25 05:15:00,20.1805,31.81237798130318
2020-04-25 05:30:00,20.1805,32.23243394845406
2020-04-25 05:45:00,20.1805,32.78954063339599
2020-04-25 06:00:00,20.1805,32.68388063809005
2020-04-25 06:15:00,20.1805,33.03568757799603
2020-04-25 06:30:00,20.1805,33.566919806456504
2020-04-25 06:45:00,20.1805,34.453387183851206
2020-04-25 07:00:00,20.6205,33.99845167871318
2020-04-25 07:15:00,20.84,34.23693208851151
2020-04-25 07:30:00,21.279,33.8009424182429
2020-04-25 07:45:00,21.719,33.86225507911176
2020-04-25 08:00:00,22.378,33.42710950659013
2020-04-25 08:15:00,22.8175,32.990862977531215
2020-04-25 08:30:00,23.6965,33.9785557310773
2020-04-25 08:45:00,24.3555,34.391485364076516
2020-04-25 09:00:00,25.2345,35.15177899688942
2020-04-25 09:15:00,26.1135,35.30527796732279
2020-04-25 09:30:00,26.7725,35.886836156291615
2020-04-25 09:45:00,27.6515,36.169466818973724
2020-04-25 10:00:00,28.75,36.19559597431679
2020-04-25 10:15:00,29.8485,34.75283476184393
2020-04-25 10:30:00,31.167,34.04364673775722
2020-04-25 10:45:00,32.046,34.118154866160474
2020-04-25 11:00:00,33.1445,33.676989720833966
2020-04-25 11:15:00,33.584,34.74501176548433
2020-04-25 11:30:00,34.6825,35.551790296093145
2020-04-25 11:45:00,34.902,35.501998218493924
2020-04-25 12:00:00,34.4625,35.539291542460425
2020-04-25 12:15:00,34.243,35.067848706731425
2020-04-25 12:30:00,34.243,34.98170548657258
2020-04-25 12:45:00,34.463,34.88542614152061
2020-04-25 13:00:00,34.463,34.784613438444715
2020-04-25 13:15:00,34.6825,34.63621459660049
2020-04-25 13:30:00,35.5615,34.87396308461589
2020-04-25 13:45:00,36.66,33.853716118540014
2020-04-25 14:00:00,37.0995,34.80562367835523
2020-04-25 14:15:00,37.539,34.62720146570464
2020-04-25 14:30:00,37.9785,34.23406640670494
2020-04-25 14:45:00,38.418,34.24975740291328
2020-04-25 15:00:00,38.6375,33.30260573252541
2020-04-25 15:15:00,38.6375,34.443264802523075
2020-04-25 15:30:00,38.6375,34.93991943346825
2020-04-25 15:45:00,38.418,35.24429643328708
2020-04-25 16:00:00,37.9785,35.363168834992
2020-04-25 16:15:00,37.539,34.720614795476884
2020-04-25 16:30:00,37.0995,35.720579612875206
2020-04-25 16:45:00,36.66,35.33862474088826
2020-04-25 17:00:00,36.221,33.807639501605856
2020-04-25 17:15:00,35.5615,34.66820261204116
2020-04-25 17:30:00,35.122,35.47059273940014
2020-04-25 17:45:00,34.6825,35.074493697737644
2020-04-25 18:00:00,34.0235,36.53457553534925
2020-04-25 18:15:00,33.584,36.79750351968858
2020-04-25 18:30:00,33.1445,36.5667703549317
2020-04-25 18:45:00,32.4855,35.94823854355154
2020-04-25 19:00:00,32.0455,36.52995762010462
2020-04-25 19:15:00,31.167,35.867700775523765
2020-04-25 19:30:00,30.7275,34.847405956687425
2020-04-25 19:45:00,30.288,35.04829973210927
2020-04-25 20:00:00,29.8485,35.06438418357617
2020-04-25 20:15:00,29.4095,35.55720680477752
2020-04-25 20:30:00,28.9695,35.97387205605908
2020-04-25 20:45:00,28.5305,36.82125464480076
2020-04-25 21:00:00,28.0905,37.522785168825614
2020-04-25 21:15:00,27.6515,36.83349288449445
2020-04-25 21:30:00,27.6515,37.46934779996354
2020-04-25 21:45:00,27.212,37.57778707517216
2020-04-25 22:00:00,27.212,36.893308106825565
2020-04-25 22:15:00,26.992,35.80713487495141
2020-04-25 22:30:00,26.7725,35.970065647236616
2020-04-25 22:45:00,26.7725,35.177276111034686
2020-04-25 23:00:00,26.7725,34.805279015499195
2020-04-25 23:15:00,26.553,34.27411485987472
2020-04-25 23:30:00,26.333,34.282103451854326
2020-04-25 23:45:00,26.333,34.27700457421257
2020-04-26 00:00:00,26.333,33.67084686924168
2020-04-26 00:15:00,26.333,33.27106153826124
2020-04-26 00:30:00,26.113,33.323294289656246
2020-04-26 00:45:00,25.8935,33.537148511358005
2020-04-26 01:00:00,25.8935,33.387257045990864
2020-04-26 01:15:00,25.8935,33.4028917217208
2020-04-26 01:30:00,25.8935,33.39755242900059
2020-04-26 01:45:00,25.674,33.210589605403165
2020-04-26 02:00:00,25.674,33.57685643687757
2020-04-26 02:15:00,25.4545,32.97679359738192
2020-04-26 02:30:00,25.4545,32.99564431405492
2020-04-26 02:45:00,25.4545,33.70002782013442
2020-04-26 03:00:00,25.4545,32.734901894920526
2020-04-26 03:15:00,25.4545,32.698581805186016
2020-04-26 03:30:00,25.4545,32.96982966078087
2020-04-26 03:45:00,25.4545,32.725326638249115
2020-04-26 04:00:00,25.4545,32.73162681400046
2020-04-26 04:15:00,25.4545,32.731018794088
2020-04-26 04:30:00,25.4545,32.80187426619448
2020-04-26 04:45:00,25.2345,32.72673503725427
2020-04-26 05:00:00,25.2345,32.606752328401384
2020-04-26 05:15:00,25.0145,32.7784613747598
2020-04-26 05:30:00,25.0145,32.73271196576063
2020-04-26 05:45:00,25.0145,32.941338268831025
2020-04-26 06:00:00,25.0145,32.692069959241884
2020-04-26 06:15:00,25.0145,32.82165640613474
2020-04-26 06:30:00,25.0145,33.43991850819635
2020-04-26 06:45:00,25.0145,33.68089551731027
2020-04-26 07:00:00,25.0145,33.84977721891265
2020-04-26 07:15:00,25.0145,34.17743984219149
2020-04-26 07:30:00,25.2345,33.945458028763355
2020-04-26 07:45:00,25.2345,33.09576161667437
2020-04-26 08:00:00,25.4545,33.016218779971844
2020-04-26 08:15:00,25.674,33.07368351405674
2020-04-26 08:30:00,25.8935,33.61297579526943
2020-04-26 08:45:00,26.333,33.001325123468135
2020-04-26 09:00:00,26.5525,32.36671121238263
2020-04-26 09:15:00,26.9925,34.08345294324133
2020-04-26 09:30:00,27.212,33.46377452947644
2020-04-26 09:45:00,27.6515,33.531941371214856
2020-04-26 10:00:00,27.871,34.117195050195775
2020-04-26 10:15:00,28.5305,32.472782182396905
2020-04-26 10:30:00,28.9695,32.556740825701766
2020-04-26 10:45:00,29.4095,32.490536957032376
2020-04-26 11:00:00,29.8485,32.25887488215282
2020-04-26 11:15:00,30.5075,32.376057805985646
2020-04-26 11:30:00,31.167,32.663430484773734
2020-04-26 11:45:00,31.826,31.861140328597426
2020-04-26 12:00:00,32.2655,31.305396581745693
2020-04-26 12:15:00,32.9245,32.19459204738734
2020-04-26 12:30:00,33.584,32.41409751617121
2020-04-26 12:45:00,34.2435,33.615004534665374
2020-04-26 13:00:00,35.122,32.852328552278635
2020-04-26 13:15:00,35.5615,33.56655836364859
2020-04-26 13:30:00,36.001,33.9333132803895
2020-04-26 13:45:00,36.8795,33.37086418077778
2020-04-26 14:00:00,37.3195,33.85744551803842
2020-04-26 14:15:00,37.7585,33.1562381176078
2020-04-26 14:30:00,37.7585,33.006644090261986
2020-04-26 14:45:00,37.7585,32.823684507042195
2020-04-26 15:00:00,37.3195,33.50564450334413
2020-04-26 15:15:00,36.8795,33.414036427625724
2020-04-26 15:30:00,36.8795,32.672219657191775
2020-04-26 15:45:00,36.66,33.49738789008927
2020-04-26 16:00:00,36.66,33.94605008525325
2020-04-26 16:15:00,36.4405,33.769562937407024
2020-04-26 16:30:00,36.221,34.568854402470194
2020-04-26 16:45:00,36.001,33.88405929236441
2020-04-26 17:00:00,35.5615,34.63889345211756
2020-04-26 17:15:00,35.122,35.30773682912838
2020-04-26 17:30:00,34.9025,35.157800325181455
2020-04-26 17:45:00,34.463,35.88275065108427
2020-04-26 18:00:00,34.0235,36.53723797605297
2020-04-26 18:15:00,33.584,36.94009335069462
2020-04-26 18:30:00,33.3645,36.91878997043707
2020-04-26 18:45:00,33.1445,37.59643331556402
2020-04-26 19:00:00,32.705,37.452538751711444
2020-04-26 19:15:00,32.2655,37.75037803053072
2020-04-26 19:30:00,31.826,36.82370082559252
2020-04-26 19:45:00,31.6065,36.755799518716195
2020-04-26 20:00:00,31.3865,35.63601740677248
2020-04-26 20:15:00,30.9475,36.43651804251312
2020-04-26 20:30:00,30.5075,37.09011854255957
2020-04-26 20:45:00,30.5075,37.86663066573287
2020-04-26 21:00:00,30.0685,38.20152583400776
2020-04-26 21:15:00,29.8485,36.94761754810267
2020-04-26 21:30:00,29.629,37.78996907011454
2020-04-26 21:45:00,29.1895,36.57104614092209
2020-04-26 22:00:00,28.9695,35.980492624045425
2020-04-26 22:15:00,28.75,35.37928619490693
2020-04-26 22:30:00,28.5305,34.362361041685794
2020-04-26 22:45:00,28.5305,35.17277717332414
2020-04-26 23:00:00,28.0905,35.55424891001721
2020-04-26 23:15:00,28.0905,36.56423528265348
2020-04-26 23:30:00,27.871,35.77529162334066
2020-04-26 23:45:00,27.6515,35.157005187391796
2020-04-27 00:00:00,27.6515,34.620318003925036
2020-04-27 00:15:00,27.212,33.9441123840002
2020-04-27 00:30:00,27.212,33.512777013590124
2020-04-27 00:45:00,26.7725,33.57329754979397
2020-04-27 01:00:00,26.7725,33.002807991675475
2020-04-27 01:15:00,26.333,33.78068364874348
2020-04-27 01:30:00,26.333,34.30406165303326
2020-04-27 01:45:00,25.8935,32.9014391999963
2020-04-27 02:00:00,25.8935,33.2221767306315
2020-04-27 02:15:00,25.8935,32.854877179651986
2020-04-27 02:30:00,25.4545,32.51159463497499
2020-04-27 02:45:00,25.4545,32.621710551403325
2020-04-27 03:00:00,25.0145,32.28899202969204
2020-04-27 03:15:00,25.0145,32.732089016731706
2020-04-27 03:30:00,24.5755,32.74137143704559
2020-04-27 03:45:00,24.5755,32.78789916050936
2020-04-27 04:00:00,24.1355,32.886673353667625
2020-04-27 04:15:00,24.1355,32.69226746980732
2020-04-27 04:30:00,24.1355,32.867505303499456
2020-04-27 04:45:00,23.6965,32.981396886065404
2020-04-27 05:00:00,23.6965,32.77273991409975
2020-04-27 05:15:00,23.4765,32.69834069555498
2020-04-27 05:30:00,23.2565,32.848422009720984
2020-04-27 05:45:00,23.2565,32.67395655208701
2020-04-27 06:00:00,23.2565,32.71724697397959
2020-04-27 06:15:00,23.2565,32.83839456762645
2020-04-27 06:30:00,23.2565,32.89471313173377
2020-04-27 06:45:00,23.2565,34.14596514982761
2020-04-27 07:00:00,23.2565,34.570497534025975
2020-04-27 07:15:00,23.6965,33.28347957815528
2020-04-27 07:30:00,24.1355,34.333346124836204
2020-04-27 07:45:00,25.0145,33.69033794658669
2020-04-27 08:00:00,25.4545,30.54734147282962
2020-04-27 08:15:00,26.1135,32.29080162479807
2020-04-27 08:30:00,26.9925,32.85707489425957
2020-04-27 08:45:00,28.091,32.787053703574216
2020-04-27 09:00:00,28.97,35.09929890678955
2020-04-27 09:15:00,29.629,36.180977492215824
2020-04-27 09:30:00,30.5075,34.31657229366407
2020-04-27 09:45:00,31.6065,34.357869887031434
2020-04-27 10:00:00,32.4855,33.93749891963286
2020-04-27 10:15:00,33.364,32.50801805148278
2020-04-27 10:30:00,34.463,32.933999635648085
2020-04-27 10:45:00,35.5615,32.623916396083146
2020-04-27 11:00:00,36.6605,32.82109217399798
2020-04-27 11:15:00,37.3195,32.78356401226748
2020-04-27 11:30:00,37.759,34.35011952192106
2020-04-27 11:45:00,38.198,34.61463679434308
2020-04-27 12:00:00,38.8575,33.05074941274287
2020-04-27 12:15:00,39.5165,33.694469419376446
2020-04-27 12:30:00,39.7365,33.594683635652025
2020-04-27 12:45:00,40.176,32.87875181163612
2020-04-27 13:00:00,40.6155,33.59108452727894
2020-04-27 13:15:00,41.4945,33.61019735989598
2020-04-27 13:30:00,42.153,34.40655695360028
2020-04-27 13:45:00,42.593,34.385120904881155
2020-04-27 14:00:00,42.8125,34.613311242268324
2020-04-27 14:15:00,43.252,34.154414906174075
2020-04-27 14:30:00,43.252,33.52922262703885
2020-04-27 14:45:00,42.8125,33.90549723080164
2020-04-27 15:00:00,42.373,32.76027331161497
2020-04-27 15:15:00,42.1535,32.61301339224222
2020-04-27 15:30:00,42.1535,32.96708130174543
2020-04-27 15:45:00,41.9335,32.51742407988867
2020-04-27 16:00:00,41.7135,32.516316800429024
2020-04-27 16:15:00,41.494,32.73815774022861
2020-04-27 16:30:00,41.2745,32.614140774786414
2020-04-27 16:45:00,40.835,32.67384826436373
2020-04-27 17:00:00,40.3955,32.654272473421216
2020-04-27 17:15:00,39.956,34.08862039463225
2020-04-27 17:30:00,39.5165,35.586405399642864
2020-04-27 17:45:00,39.0775,36.14977085690002
2020-04-27 18:00:00,38.6375,36.88587176531722
2020-04-27 18:15:00,38.1985,36.644334416309015
2020-04-27 18:30:00,37.3195,37.23647854636267
2020-04-27 18:45:00,36.8795,37.5892005180821
2020-04-27 19:00:00,36.2205,36.154702035362135
2020-04-27 19:15:00,35.5615,36.399155439244005
2020-04-27 19:30:00,34.9025,35.69332292878667
2020-04-27 19:45:00,34.463,35.22138779552701
2020-04-27 20:00:00,33.8035,36.19436561404733
2020-04-27 20:15:00,33.3645,36.664742246824176
2020-04-27 20:30:00,32.9245,37.22582301038832
2020-04-27 20:45:00,32.4855,38.38086074594646
2020-04-27 21:00:00,32.0455,38.324404758415305
2020-04-27 21:15:00,31.6065,37.89803671237845
2020-04-27 21:30:00,31.167,38.34379033794893
2020-04-27 21:45:00,31.167,38.28291522609166
2020-04-27 22:00:00,30.7275,37.49098984364225
2020-04-27 22:15:00,30.5075,37.05691250167623
2020-04-27 22:30:00,30.288,35.602329083407874
2020-04-27 22:45:00,29.8485,34.84986650631446
2020-04-27 23:00:00,29.8485,35.81355726146956
2020-04-27 23:15:00,29.4095,35.902144577457776
2020-04-27 23:30:00,29.4095,34.81495596018768
2020-04-27 23:45:00,29.1895,34.966485529530225
2020-04-28 00:00:00,28.9695,34.55735345840887
2020-04-28 00:15:00,28.9695,33.75216601482843
2020-04-28 00:30:00,28.5305,33.69885938794829
2020-04-28 00:45:00,28.5305,33.3924272526157
2020-04-28 01:00:00,28.5305,33.12372199335936
2020-04-28 01:15:00,28.3105,33.19424104258191
2020-04-28 01:30:00,28.0905,32.7878067414826
2020-04-28 01:45:00,28.0905,32.68179025927687
2020-04-28 02:00:00,28.0905,32.77751149015823
2020-04-28 02:15:00,28.0905,32.570047621840615
2020-04-28 02:30:00,28.0905,32.831170922811836
2020-04-28 02:45:00,27.6515,32.978115293377485
2020-04-28 03:00:00,27.6515,32.565755363498226
2020-04-28 03:15:00,27.4315,32.63278300274373
2020-04-28 03:30:00,27.212,32.75180050904287
2020-04-28 03:45:00,26.9925,32.70210142773269
2020-04-28 04:00:00,26.9925,32.750592872901635
2020-04-28 04:15:00,26.9925,32.78541421829975
2020-04-28 04:30:00,26.5525,32.827463213809075
2020-04-28 04:45:00,26.5525,32.68103285527966
2020-04-28 05:00:00,26.5525,32.6728136731333
2020-04-28 05:15:00,26.333,32.67990570793838
2020-04-28 05:30:00,25.8935,32.7263868377191
2020-04-28 05:45:00,25.8935,32.62051701102319
2020-04-28 06:00:00,25.674,32.724905513699966
2020-04-28 06:15:00,25.674,33.427137646828456
2020-04-28 06:30:00,25.674,33.60779415433724
2020-04-28 06:45:00,25.674,33.48539592566137
2020-04-28 07:00:00,25.8935,33.04162362854007
2020-04-28 07:15:00,26.333,33.00062216885864
2020-04-28 07:30:00,26.7725,33.68477273315622
2020-04-28 07:45:00,26.9925,32.814305657200904
2020-04-28 08:00:00,27.651,32.74960498808978
2020-04-28 08:15:00,28.091,33.043697915195864
2020-04-28 08:30:00,28.97,33.71695466571849
2020-04-28 08:45:00,29.849,34.3025048805239
2020-04-28 09:00:00,30.508,34.989033156588754
2020-04-28 09:15:00,31.167,35.260606205179606
2020-04-28 09:30:00,31.826,35.66993362205676
2020-04-28 09:45:00,32.485,36.80898155465397
2020-04-28 10:00:00,33.364,35.05205498456123
2020-04-28 10:15:00,34.0235,34.278768721891204
2020-04-28 10:30:00,35.122,34.687035825751785
2020-04-28 10:45:00,35.5615,33.031676505776296
2020-04-28 11:00:00,36.44,32.671761683009045
2020-04-28 11:15:00,37.0995,33.45918451450594
2020-04-28 11:30:00,37.3195,32.97354534514438
2020-04-28 11:45:00,37.759,32.51845256651567
2020-04-28 12:00:00,38.198,33.67143855384846
2020-04-28 12:15:00,38.6375,34.89444018121099
2020-04-28 12:30:00,38.638,34.55266605789981
2020-04-28 12:45:00,39.0775,35.49446507728615
2020-04-28 13:00:00,39.5165,36.21358531550285
2020-04-28 13:15:00,40.3955,36.28738587692119
2020-04-28 13:30:00,41.0545,36.38749010070523
2020-04-28 13:45:00,41.7135,36.22610344396574
2020-04-28 14:00:00,42.1535,36.55977065021002
2020-04-28 14:15:00,42.5925,36.847596124237576
2020-04-28 14:30:00,42.8125,37.28411556660377
2020-04-28 14:45:00,43.252,35.83521475015344
2020-04-28 15:00:00,43.252,35.13210324131465
2020-04-28 15:15:00,43.252,36.30785770589058
2020-04-28 15:30:00,43.032,35.21782109254683
2020-04-28 15:45:00,42.8125,35.55201707407925
2020-04-28 16:00:00,42.373,36.03738249749365
2020-04-28 16:15:00,41.9335,35.15821084655892
2020-04-28 16:30:00,41.494,38.24584803936544
2020-04-28 16:45:00,41.0545,36.31374177334945
2020-04-28 17:00:00,40.615,37.625417829747676
2020-04-28 17:15:00,40.3955,38.751665625278484
2020-04-28 17:30:00,39.956,37.466498335329355
2020-04-28 17:45:00,39.517,36.75778434209162
2020-04-28 18:00:00,39.297,37.285995277804446
2020-04-28 18:15:00,38.8575,36.407739817285595
2020-04-28 18:30:00,38.418,36.86874055785929
2020-04-28 18:45:00,37.539,36.69267466847351
2020-04-28 19:00:00,37.0995,37.573436062682035
2020-04-28 19:15:00,36.66,35.153687886160625
2020-04-28 19:30:00,36.2205,35.4999268562675
2020-04-28 19:45:00,36.001,36.41064987368752
2020-04-28 20:00:00,35.7815,36.07631758732902
2020-04-28 20:15:00,35.3415,38.446195177938165
2020-04-28 20:30:00,35.122,39.25505934017501
2020-04-28 20:45:00,34.6825,39.675494762616054
2020-04-28 21:00:00,34.6825,40.16540856443702
2020-04-28 21:15:00,34.2435,40.183238241992605
2020-04-28 21:30:00,34.2435,40.2922914529018
2020-04-28 21:45:00,33.8035,40.00535183870725
2020-04-28 22:00:00,33.3645,37.95593394018871
2020-04-28 22:15:00,32.9245,37.34901503125656
2020-04-28 22:30:00,32.9245,37.54060426684516
2020-04-28 22:45:00,32.4855,36.548056392904634
2020-04-28 23:00:00,32.2655,36.37679403733461
2020-04-28 23:15:00,32.0455,36.239249298599894
2020-04-28 23:30:00,31.6065,35.49055820142637
2020-04-28 23:45:00,31.387,34.18441684712205
2020-04-29 00:00:00,31.167,33.67651928767556
2020-04-29 00:15:00,31.167,33.5483192850451
2020-04-29 00:30:00,30.7275,32.70764729528387
2020-04-29 00:45:00,30.7275,33.304127400380054
2020-04-29 01:00:00,30.7275,32.894872895264136
2020-04-29 01:15:00,30.288,32.81794107323689
2020-04-29 01:30:00,30.288,32.94061639193127
2020-04-29 01:45:00,30.288,32.670139522375145
2020-04-29 02:00:00,29.8485,32.70290733109762
2020-04-29 02:15:00,29.8485,32.827174256152674
2020-04-29 02:30:00,29.8485,33.336049980452756
2020-04-29 02:45:00,29.8485,32.67153678325927
2020-04-29 03:00:00,29.629,32.665928447849
2020-04-29 03:15:00,29.629,32.798729366195026
2020-04-29 03:30:00,29.4095,32.743942373814704
2020-04-29 03:45:00,29.1895,32.63030583470565
2020-04-29 04:00:00,29.1895,32.784712125518524
2020-04-29 04:15:00,28.9695,32.86058900639716
2020-04-29 04:30:00,28.9695,32.5778053788867
2020-04-29 04:45:00,28.75,32.503785281480326
2020-04-29 05:00:00,28.5305,32.36044878858168
2020-04-29 05:15:00,28.3105,32.382203074023835
2020-04-29 05:30:00,28.3105,32.33389338495696
2020-04-29 05:45:00,28.0905,32.472852029284596
2020-04-29 06:00:00,28.0905,33.114900861379134
2020-04-29 06:15:00,27.871,32.6291426564945
2020-04-29 06:30:00,27.871,32.58545805464016
2020-04-29 06:45:00,27.871,33.04438359950663
2020-04-29 07:00:00,27.871,32.864020373056626
2020-04-29 07:15:00,28.0905,32.746799025794594
2020-04-29 07:30:00,28.5305,32.54625106277276
2020-04-29 07:45:00,28.9695,32.34278312394144
2020-04-29 08:00:00,29.1895,32.18158870428285
2020-04-29 08:15:00,29.849,32.042129113038825
2020-04-29 08:30:00,30.288,32.241382286255224
2020-04-29 08:45:00,31.167,32.925306656235826
2020-04-29 09:00:00,31.826,32.856009518182766
2020-04-29 09:15:00,32.485,33.533425110223085
2020-04-29 09:30:00,33.1445,33.59455722653165
2020-04-29 09:45:00,33.584,33.48130910183311
2020-04-29 10:00:00,34.0235,34.16391236357958
2020-04-29 10:15:00,34.9025,33.87886372662755
2020-04-29 10:30:00,35.3415,33.232527645276676
2020-04-29 10:45:00,36.2205,33.56912727319608
2020-04-29 11:00:00,37.0995,34.01126604728358
2020-04-29 11:15:00,37.539,35.24918726574857
2020-04-29 11:30:00,37.7585,35.642407115716
2020-04-29 11:45:00,38.1985,36.390752665411085
2020-04-29 12:00:00,38.638,36.869567547376874
2020-04-29 12:15:00,39.077,36.62476329638127
2020-04-29 12:30:00,39.5165,36.67653294255115
2020-04-29 12:45:00,39.956,36.43972494676208
2020-04-29 13:00:00,40.6155,36.602213585436566
2020-04-29 13:15:00,41.0545,36.77360007253244
2020-04-29 13:30:00,41.0545,36.91878547515304
2020-04-29 13:45:00,41.0545,36.61669598787719
2020-04-29 14:00:00,41.0545,36.10193369540926
2020-04-29 14:15:00,40.835,36.27995841344352
2020-04-29 14:30:00,40.6155,36.13170395542508
2020-04-29 14:45:00,40.3955,34.700886362347404
2020-04-29 15:00:00,39.956,35.627880037551726
2020-04-29 15:15:00,39.517,35.339964945559664
2020-04-29 15:30:00,39.297,34.83350931869267
2020-04-29 15:45:00,39.077,35.35823817200522
2020-04-29 16:00:00,38.8575,35.41998788989271
2020-04-29 16:15:00,38.418,35.03204654635427
2020-04-29 16:30:00,38.418,34.866187120340435
2020-04-29 16:45:00,38.418,35.8265804417486
2020-04-29 17:00:00,37.9785,36.26183240548854
2020-04-29 17:15:00,37.9785,36.63756762409543
2020-04-29 17:30:00,37.7585,37.009946988778395
2020-04-29 17:45:00,37.539,37.44867371326884
2020-04-29 18:00:00,37.3195,37.270114196463645
2020-04-29 18:15:00,37.0995,37.49337010666334
2020-04-29 18:30:00,36.8795,38.09245916336214
2020-04-29 18:45:00,36.66,37.76999217826358
2020-04-29 19:00:00,36.2205,37.80111700010033
2020-04-29 19:15:00,36.001,37.25538390162851
2020-04-29 19:30:00,35.7815,36.99878686606607
2020-04-29 19:45:00,35.5615,37.03273413369793
2020-04-29 20:00:00,35.3415,38.12565634914222
2020-04-29 20:15:00,35.122,39.4471794497129
2020-04-29 20:30:00,34.9025,39.24167138504869
2020-04-29 20:45:00,34.463,40.29667641451576
2020-04-29 21:00:00,34.463,40.42799976558827
2020-04-29 21:15:00,34.0235,38.79237455802676
2020-04-29 21:30:00,34.0235,37.56768337114768
2020-04-29 21:45:00,33.584,36.41861000168923
2020-04-29 22:00:00,33.3645,35.27634870320215
2020-04-29 22:15:00,33.1445,34.33987348804725
2020-04-29 22:30:00,32.9245,34.042511445931765
2020-04-29 22:45:00,32.705,33.2064351873108
2020-04-29 23:00:00,32.705,33.013763587409684
2020-04-29 23:15:00,32.705,33.08867334434358
2020-04-29 23:30:00,32.4855,33.176585998440174
2020-04-29 23:45:00,32.4855,32.8232658466517
2020-04-30 00:00:00,32.2655,32.11936188613057
2020-04-30 00:15:00,32.2655,32.5176250131499
2020-04-30 00:30:00,32.0455,31.035601412755884
2020-04-30 00:45:00,31.826,30.924271478448382
2020-04-30 01:00:00,31.6065,32.71238492625079
2020-04-30 01:15:00,31.6065,31.961200392678073
2020-04-30 01:30:00,31.167,32.697033546919364
2020-04-30 01:45:00,31.167,32.88070582848548
2020-04-30 02:00:00,30.9475,32.96053393307413
2020-04-30 02:15:00,30.9475,31.733424696296673
2020-04-30 02:30:00,30.9475,31.13082484526668
2020-04-30 02:45:00,30.9475,30.96685727348422
2020-04-30 03:00:00,30.7275,29.06916508745646
2020-04-30 03:15:00,30.7275,31.2491868868252
2020-04-30 03:30:00,30.7275,32.047356501832695
2020-04-30 03:45:00,30.5075,31.71610423827496
2020-04-30 04:00:00,30.5075,32.99246858562005
2020-04-30 04:15:00,30.5075,32.74291602136517
2020-04-30 04:30:00,30.288,31.837536783443344
2020-04-30 04:45:00,30.288,29.34841253428869
2020-04-30 05:00:00,30.0685,27.571555385712
2020-04-30 05:15:00,29.8485,28.87581515829633
2020-04-30 05:30:00,29.8485,29.14124380168527
2020-04-30 05:45:00,29.629,30.224851945572173
2020-04-30 06:00:00,29.629,31.524782247621236
2020-04-30 06:15:00,29.629,29.92523782403268
2020-04-30 06:30:00,29.629,28.027834832474316
2020-04-30 06:45:00,29.629,27.818883111409527
2020-04-30 07:00:00,29.8485,23.165126988097388
2020-04-30 07:15:00,29.8485,24.159884472263016
2020-04-30 07:30:00,30.288,29.752256887007338
2020-04-30 07:45:00,30.7275,29.125434936498966
2020-04-30 08:00:00,31.167,29.950417855927032
2020-04-30 08:15:00,31.826,32.605855543430955
2020-04-30 08:30:00,32.2655,32.790924702455946
2020-04-30 08:45:00,32.4855,33.76984674760276
2020-04-30 09:00:00,32.9245,33.82043333179359
2020-04-30 09:15:00,33.584,33.73195911692841
2020-04-30 09:30:00,34.0235,34.20606184847226
2020-04-30 09:45:00,34.6825,34.73350564188272
2020-04-30 10:00:00,35.122,34.39505767620112
2020-04-30 10:15:00,35.5615,34.437266061673
2020-04-30 10:30:00,36.4405,33.641319683702754
2020-04-30 10:45:00,37.3195,34.343335064589915
2020-04-30 11:00:00,37.7585,35.66714632402154
2020-04-30 11:15:00,38.1985,37.446453319583206
2020-04-30 11:30:00,38.8575,38.791353157674855
2020-04-30 11:45:00,39.297,39.66585375250347
2020-04-30 12:00:00,39.736,40.25240255968583
2020-04-30 12:15:00,40.176,38.46590372039332
2020-04-30 12:30:00,40.615,38.099155054204
2020-04-30 12:45:00,41.2745,37.69004521689147
2020-04-30 13:00:00,41.494,36.27697732615196
2020-04-30 13:15:00,41.9335,35.054766712694786
2020-04-30 13:30:00,41.9335,37.1990817165678
2020-04-30 13:45:00,42.593,37.7015672334802
2020-04-30 14:00:00,42.593,35.79619545537327
2020-04-30 14:15:00,42.593,36.95062921792581
2020-04-30 14:30:00,42.593,38.05930027438258
2020-04-30 14:45:00,42.153,36.8067428688639
2020-04-30 15:00:00,41.9335,36.968384830128095
2020-04-30 15:15:00,41.714,37.88195437168398
2020-04-30 15:30:00,41.494,37.797118665804
2020-04-30 15:45:00,41.494,36.725507285938065
2020-04-30 16:00:00,41.494,37.560592665856035
2020-04-30 16:15:00,41.274,37.351859891260695
2020-04-30 16:30:00,41.274,36.0019472391041
2020-04-30 16:45:00,41.274,36.75172738962009
2020-04-30 17:00:00,40.835,38.273581638894385
2020-04-30 17:15:00,40.835,38.39838541388124
2020-04-30 17:30:00,40.3955,39.11359200026412
2020-04-30 17:45:00,40.3955,40.08956763833922
2020-04-30 18:00:00,39.956,38.55280553428479
2020-04-30 18:15:00,39.7365,37.766974800943004
2020-04-30 18:30:00,39.297,39.10902505294321
2020-04-30 18:45:00,39.077,39.11909419706881
2020-04-30 19:00:00,38.8575,39.21372938789829
2020-04-30 19:15:00,38.418,38.17663111861303
2020-04-30 19:30:00,37.9785,37.41383069195056
2020-04-30 19:45:00,37.539,36.62115830773436
2020-04-30 20:00:00,37.539,35.837073982890146
2020-04-30 20:15:00,37.0995,36.80564958603318
2020-04-30 20:30:00,36.8795,37.5179978372507
2020-04-30 20:45:00,36.66,38.5670429531151
2020-04-30 21:00:00,36.4405,38.21762984350979
2020-04-30 21:15:00,36.001,38.826064637639206
2020-04-30 21:30:00,36.001,39.67161897653398
2020-04-30 21:45:00,35.7815,39.333208994866574
2020-04-30 22:00:00,35.5615,40.14491084457859
2020-04-30 22:15:00,35.5615,38.914777733094006
2020-04-30 22:30:00,35.122,38.64392298902906
2020-04-30 22:45:00,35.122,38.11848568665789
2020-04-30 23:00:00,34.9025,37.703197335262104
2020-04-30 23:15:00,34.6825,36.16136619802481
2020-04-30 23:30:00,34.463,35.386531371409745
2020-04-30 23:45:00,34.463,34.510380126215296
2020-05-01 00:00:00,34.463,33.42674055606206
2020-05-01 00:15:00,34.2435,33.98239317170802
2020-05-01 00:30:00,34.2435,33.749754643751075
2020-05-01 00:45:00,34.2435,33.69144008584024
2020-05-01 01:00:00,34.0235,33.405098291109304
2020-05-01 01:15:00,33.8035,33.12316982960137
2020-05-01 01:30:00,33.8035,33.24554720394971
2020-05-01 01:45:00,33.8035,33.039467690366905
2020-05-01 02:00:00,33.8035,32.74458774515866
2020-05-01 02:15:00,33.584,33.687133502943375
2020-05-01 02:30:00,33.584,32.848455627097714
2020-05-01 02:45:00,33.3645,32.671562901426825
2020-05-01 03:00:00,33.3645,33.09535060488621
2020-05-01 03:15:00,33.1445,32.78796830923389
2020-05-01 03:30:00,32.9245,32.76355775265505
2020-05-01 03:45:00,32.9245,32.80426059992352
2020-05-01 04:00:00,32.4855,32.79369445716002
2020-05-01 04:15:00,32.4855,32.785798453850745
2020-05-01 04:30:00,32.4855,32.67126604821182
2020-05-01 04:45:00,32.0455,32.78660635515457
2020-05-01 05:00:00,32.0455,32.79451124930021
2020-05-01 05:15:00,32.0455,32.70530830231859
2020-05-01 05:30:00,31.826,32.85122443011554
2020-05-01 05:45:00,31.6065,32.85144035975015
2020-05-01 06:00:00,31.6065,32.75750988506171
2020-05-01 06:15:00,31.6065,33.68429478724037
2020-05-01 06:30:00,31.6065,33.35290517637648
2020-05-01 06:45:00,31.6065,33.93552802460425
2020-05-01 07:00:00,31.826,33.970487481387195
2020-05-01 07:15:00,32.2655,33.48978596699233
2020-05-01 07:30:00,32.4855,33.87118008335504
2020-05-01 07:45:00,32.705,33.39258685957633
2020-05-01 08:00:00,33.1445,32.48816482956673
2020-05-01 08:15:00,33.3645,32.72588481025584
2020-05-01 08:30:00,33.584,32.8774042102503
2020-05-01 08:45:00,33.8035,32.412281651420265
2020-05-01 09:00:00,34.0235,32.28646848707969
2020-05-01 09:15:00,34.2435,33.822232312353144
2020-05-01 09:30:00,34.463,33.87722307655502
2020-05-01 09:45:00,34.9025,34.83125843378601
2020-05-01 10:00:00,35.3415,35.1225285423869
2020-05-01 10:15:00,35.7815,33.673511002887075
2020-05-01 10:30:00,36.001,33.10920583335126
2020-05-01 10:45:00,36.001,31.67522496172851
2020-05-01 11:00:00,36.66,31.47327513474813
2020-05-01 11:15:00,37.3195,31.10512957226226
2020-05-01 11:30:00,37.3195,34.957119985902054
2020-05-01 11:45:00,37.3195,35.88248607495323
2020-05-01 12:00:00,37.3195,36.61931951182192
2020-05-01 12:15:00,37.7585,37.34720744406179
2020-05-01 12:30:00,38.1985,36.732629566234756
2020-05-01 12:45:00,38.1985,36.66678265122871
2020-05-01 13:00:00,38.1985,36.48085672126003
2020-05-01 13:15:00,38.1985,36.604338357972146
2020-05-01 13:30:00,38.1985,35.19013220161378
2020-05-01 13:45:00,38.1985,35.44593699816279
2020-05-01 14:00:00,38.1985,35.09134257505352
2020-05-01 14:15:00,38.418,35.118366890540386
2020-05-01 14:30:00,38.6375,34.41863732579314
2020-05-01 14:45:00,39.077,34.65501550961496
2020-05-01 15:00:00,39.7365,35.34903437879479
2020-05-01 15:15:00,40.1755,35.78533839839859
2020-05-01 15:30:00,40.1755,36.44301189628868
2020-05-01 15:45:00,40.1755,36.61440205551093
2020-05-01 16:00:00,39.7365,35.897473928964196
2020-05-01 16:15:00,39.297,35.082928824292466
2020-05-01 16:30:00,39.297,35.87653602601449
2020-05-01 16:45:00,39.0775,36.27297386864946
2020-05-01 17:00:00,38.6375,34.71390016136454
2020-05-01 17:15:00,38.1985,37.55546649627425
2020-05-01 17:30:00,37.7585,37.407085141593335
2020-05-01 17:45:00,37.3195,36.21717880573
2020-05-01 18:00:00,36.66,35.72530307199165
2020-05-01 18:15:00,36.2205,37.02380778181564
2020-05-01 18:30:00,35.7815,37.3522087768317
2020-05-01 18:45:00,34.6825,35.81252621689558
2020-05-01 19:00:00,33.3645,38.246953129494955
2020-05-01 19:15:00,32.9245,37.85438945790096
2020-05-01 19:30:00,32.2655,35.186276082982765
2020-05-01 19:45:00,31.6065,36.32519090207462
2020-05-01 20:00:00,31.6065,36.53320963410521
2020-05-01 20:15:00,31.3865,36.392761967990914
2020-05-01 20:30:00,31.3865,35.80176427933021
2020-05-01 20:45:00,31.3865,37.23695314529577
2020-05-01 21:00:00,31.3865,38.632899898660106
2020-05-01 21:15:00,31.3865,36.963295089686
2020-05-01 21:30:00,31.3865,37.306629950557216
2020-05-01 21:45:00,31.3865,38.262187465862326
2020-05-01 22:00:00,31.3865,36.7371523120776
2020-05-01 22:15:00,31.3865,35.531323496298384
2020-05-01 22:30:00,31.3865,36.709229794760425
2020-05-01 22:45:00,31.167,36.35394495471816
2020-05-01 23:00:00,30.508,36.663297394420674
2020-05-01 23:15:00,30.508,37.52641940173205
2020-05-01 23:30:00,30.7275,35.70335475110243
2020-05-01 23:45:00,30.7275,35.20849946781662
2020-05-02 00:00:00,30.7275,34.85984391978714
2020-05-02 00:15:00,30.7275,33.57585221873597
2020-05-02 00:30:00,30.7275,33.91770846571954
2020-05-02 00:45:00,30.7275,33.23488155366272
2020-05-02 01:00:00,30.7275,33.47551809395183
2020-05-02 01:15:00,30.7275,33.26919610815369
2020-05-02 01:30:00,30.7275,33.20488016446466
2020-05-02 01:45:00,30.7275,33.474556741515364
2020-05-02 02:00:00,30.7275,32.735615971362556
2020-05-02 02:15:00,30.288,33.06556961898138
2020-05-02 02:30:00,30.288,32.967736126955614
2020-05-02 02:45:00,30.288,32.929396048871205
2020-05-02 03:00:00,30.288,32.642794161504476
2020-05-02 03:15:00,30.288,32.7945094618028
2020-05-02 03:30:00,30.288,32.677347306255356
2020-05-02 03:45:00,30.288,32.73838520408419
2020-05-02 04:00:00,30.288,33.46272976967794
2020-05-02 04:15:00,30.288,32.728412028041056
2020-05-02 04:30:00,30.288,32.64001506450588
2020-05-02 04:45:00,30.288,33.07067841839196
2020-05-02 05:00:00,30.288,32.930971622759714
2020-05-02 05:15:00,30.288,32.80711972239854
2020-05-02 05:30:00,30.288,32.73932678897061
2020-05-02 05:45:00,30.288,32.94644290873688
2020-05-02 06:00:00,30.288,33.815974882381326
2020-05-02 06:15:00,30.0685,34.355943051529394
2020-05-02 06:30:00,30.0685,34.47972162548911
2020-05-02 06:45:00,30.0685,33.38106796824863
2020-05-02 07:00:00,30.0685,34.98575168566583
2020-05-02 07:15:00,30.0685,34.389953826957154
2020-05-02 07:30:00,30.0685,34.60393663898212
2020-05-02 07:45:00,30.288,33.55537704246884
2020-05-02 08:00:00,30.288,33.05174746426517
2020-05-02 08:15:00,30.288,33.560648031688565
2020-05-02 08:30:00,30.508,33.797106888053996
2020-05-02 08:45:00,30.7275,33.86979844498379
2020-05-02 09:00:00,30.7275,34.51310954665887
2020-05-02 09:15:00,30.7275,34.700581300056335
2020-05-02 09:30:00,30.947,35.94670030951636
2020-05-02 09:45:00,30.947,35.9250899540792
2020-05-02 10:00:00,31.6065,36.267777865052956
2020-05-02 10:15:00,32.2655,35.16599852581235
2020-05-02 10:30:00,32.4855,34.92492055350942
2020-05-02 10:45:00,33.1445,35.41229761658185
2020-05-02 11:00:00,33.584,34.451268411221136
2020-05-02 11:15:00,34.6825,34.74182643872201
2020-05-02 11:30:00,35.3415,35.502936270435114
2020-05-02 11:45:00,35.3415,35.945133252842176
2020-05-02 12:00:00,35.7815,35.854548516522996
2020-05-02 12:15:00,35.7815,35.825120433515465
2020-05-02 12:30:00,36.2205,36.53330631408128
2020-05-02 12:45:00,36.4405,37.16267873045287
2020-05-02 13:00:00,36.88,37.23704193350101
2020-05-02 13:15:00,37.0995,37.17590250034626
2020-05-02 13:30:00,37.539,37.69172259819903
2020-05-02 13:45:00,38.198,37.270600372276434
2020-05-02 14:00:00,38.198,37.20701310488904
2020-05-02 14:15:00,38.198,35.54734122147426
2020-05-02 14:30:00,38.418,35.177170158316926
2020-05-02 14:45:00,38.418,36.405444470619265
2020-05-02 15:00:00,38.1985,36.21337621771123
2020-05-02 15:15:00,37.9785,36.950489498651756
2020-05-02 15:30:00,37.7585,37.77989922878479
2020-05-02 15:45:00,37.3195,37.599518448891864
2020-05-02 16:00:00,36.8795,35.990701476290845
2020-05-02 16:15:00,36.4405,36.73959341873131
2020-05-02 16:30:00,36.001,36.71439866254846
2020-05-02 16:45:00,35.7815,35.405570777970155
2020-05-02 17:00:00,35.7815,36.016991456418324
2020-05-02 17:15:00,35.5615,37.53501859538489
2020-05-02 17:30:00,35.122,37.5244075121333
2020-05-02 17:45:00,35.122,37.47430226163552
2020-05-02 18:00:00,34.6825,37.81803549712838
2020-05-02 18:15:00,34.2435,37.65019353952771
2020-05-02 18:30:00,34.0235,37.3290551459271
2020-05-02 18:45:00,33.584,36.30589486394151
2020-05-02 19:00:00,33.1445,36.80804233549282
2020-05-02 19:15:00,32.705,36.75093090895269
2020-05-02 19:30:00,32.2655,35.08508473029431
2020-05-02 19:45:00,31.826,36.78112392668231
2020-05-02 20:00:00,31.3865,36.41221911720246
2020-05-02 20:15:00,31.167,37.71326272761256
2020-05-02 20:30:00,30.9475,38.78805393051619
2020-05-02 20:45:00,30.7275,39.16996848595591
2020-05-02 21:00:00,30.5075,38.77724680991181
2020-05-02 21:15:00,30.288,38.48151045189414
2020-05-02 21:30:00,29.8485,39.573482494156885
2020-05-02 21:45:00,29.8485,38.08485077516223
2020-05-02 22:00:00,29.629,35.76719506090239
2020-05-02 22:15:00,29.4095,35.51372906850845
2020-05-02 22:30:00,29.1895,34.330947494448914
2020-05-02 22:45:00,28.9695,34.56773518115599
2020-05-02 23:00:00,28.5305,34.849797656083666
2020-05-02 23:15:00,28.5305,35.74294964326525
2020-05-02 23:30:00,28.0905,34.713643865963554
2020-05-02 23:45:00,28.0905,35.054417250901544
2020-05-03 00:00:00,28.0905,36.15232694551086
2020-05-03 00:15:00,27.6515,34.34748045574365
2020-05-03 00:30:00,27.6515,34.10357422947059
2020-05-03 00:45:00,27.212,35.2136738427273
2020-05-03 01:00:00,26.7725,34.14304344890671
2020-05-03 01:15:00,26.333,33.724295547251124
2020-05-03 01:30:00,26.333,33.979857057965695
2020-05-03 01:45:00,25.8935,33.858336455116735
2020-05-03 02:00:00,25.4545,33.78602858487207
2020-05-03 02:15:00,25.2345,34.00208248939221
2020-05-03 02:30:00,25.0145,33.94644551800279
2020-05-03 02:45:00,24.795,33.6522357754478
2020-05-03 03:00:00,24.3555,33.25351460477203
2020-05-03 03:15:00,24.1355,33.661815435791596
2020-05-03 03:30:00,23.916,33.102091926352344
2020-05-03 03:45:00,23.6965,32.78332147181189
2020-05-03 04:00:00,23.4765,33.73063142860578
2020-05-03 04:15:00,23.2565,33.50070169315824
2020-05-03 04:30:00,23.037,33.01688374639069
2020-05-03 04:45:00,22.8175,32.981108161009004
2020-05-03 05:00:00,22.598,33.6499093921572
2020-05-03 05:15:00,22.378,33.54511191095737
2020-05-03 05:30:00,22.378,33.99445676884562
2020-05-03 05:45:00,22.158,33.164418669224126
2020-05-03 06:00:00,21.9385,34.63764736659854
2020-05-03 06:15:00,21.9385,33.4323195660817
2020-05-03 06:30:00,21.9385,32.95604963547847
2020-05-03 06:45:00,22.378,33.67212825224348
2020-05-03 07:00:00,22.5975,33.7623123095107
2020-05-03 07:15:00,23.037,34.34921480733694
2020-05-03 07:30:00,23.6965,33.91397121836385
2020-05-03 07:45:00,24.3555,34.27744063570186
2020-05-03 08:00:00,25.015,34.16777831345447
2020-05-03 08:15:00,25.674,33.28314719484364
2020-05-03 08:30:00,26.3335,33.28907158775571
2020-05-03 08:45:00,27.2115,33.0911352400057
2020-05-03 09:00:00,27.871,33.687944857746615
2020-05-03 09:15:00,28.5305,32.78343375208366
2020-05-03 09:30:00,29.1895,35.337831236157086
2020-05-03 09:45:00,29.849,33.41330273733527
2020-05-03 10:00:00,30.9475,34.59689330715901
2020-05-03 10:15:00,31.826,34.32853628085794
2020-05-03 10:30:00,33.1445,34.101135883242804
2020-05-03 10:45:00,34.0235,34.70177836251357
2020-05-03 11:00:00,34.902,34.42525643548723
2020-05-03 11:15:00,35.3415,35.50714990946726
2020-05-03 11:30:00,35.781,35.292419714347425
2020-05-03 11:45:00,36.4405,36.949775596246894
2020-05-03 12:00:00,36.88,36.489946964675966
2020-05-03 12:15:00,37.1,36.551267044826474
2020-05-03 12:30:00,37.3195,37.205114016013916
2020-05-03 12:45:00,37.7585,36.434014792291464
2020-05-03 13:00:00,38.198,37.77143732804952
2020-05-03 13:15:00,39.077,37.49767901619088
2020-05-03 13:30:00,39.5165,38.912178958074406
2020-05-03 13:45:00,40.1755,36.98355564301775
2020-05-03 14:00:00,40.6155,36.53313556320506
2020-05-03 14:15:00,41.0545,36.922570890419706
2020-05-03 14:30:00,41.2745,36.275799269772556
2020-05-03 14:45:00,41.2745,35.69190532807446
2020-05-03 15:00:00,41.2745,35.93016108601758
2020-05-03 15:15:00,41.2745,36.43648356105746
2020-05-03 15:30:00,41.2745,35.71200052187223
2020-05-03 15:45:00,40.6155,34.8180645714292
2020-05-03 16:00:00,40.1755,36.50428454832039
2020-05-03 16:15:00,39.5165,35.862085733601056
2020-05-03 16:30:00,39.2965,33.96041775992066
2020-05-03 16:45:00,38.8575,34.59126010346695
2020-05-03 17:00:00,38.198,35.91615716353144
2020-05-03 17:15:00,37.9785,36.990301189853895
2020-05-03 17:30:00,37.9785,36.890530443732814
2020-05-03 17:45:00,37.539,36.08636423847054
2020-05-03 18:00:00,37.3195,37.5117713833069
2020-05-03 18:15:00,36.8795,37.92570225991418
2020-05-03 18:30:00,36.4405,36.345676786673934
2020-05-03 18:45:00,36.001,38.35649466972708
2020-05-03 19:00:00,35.342,39.18129556159803
2020-05-03 19:15:00,34.6825,37.22113818372815
2020-05-03 19:30:00,33.8035,38.02514931751984
2020-05-03 19:45:00,33.3645,38.17634208249421
2020-05-03 20:00:00,32.9245,37.1050316262395
2020-05-03 20:15:00,32.4855,36.70937099894978
2020-05-03 20:30:00,31.826,37.56302672892933
2020-05-03 20:45:00,31.167,37.62837574947915
2020-05-03 21:00:00,30.7275,38.987260503598385
2020-05-03 21:15:00,30.288,39.73301446997826
2020-05-03 21:30:00,30.0685,40.0043720410235
2020-05-03 21:45:00,29.629,40.24112775251354
2020-05-03 22:00:00,29.4095,40.42915716596265
2020-05-03 22:15:00,28.9695,39.38242445124138
2020-05-03 22:30:00,28.75,38.90792704959865
2020-05-03 22:45:00,28.5305,40.10441460304408
2020-05-03 23:00:00,28.0905,38.4062797313592
2020-05-03 23:15:00,28.0905,37.31229233780608
2020-05-03 23:30:00,27.6515,37.926680562458
2020-05-03 23:45:00,27.6515,35.83762386168734
2020-05-04 00:00:00,27.212,34.50552893237241
2020-05-04 00:15:00,27.212,34.80510325725182
2020-05-04 00:30:00,26.7725,34.674759402851954
2020-05-04 00:45:00,26.7725,35.42234362100485
2020-05-04 01:00:00,26.333,34.765517753018585
2020-05-04 01:15:00,25.8935,35.02266786313293
2020-05-04 01:30:00,25.8935,34.961484919602164
2020-05-04 01:45:00,25.8935,33.336360372044275
2020-05-04 02:00:00,25.4545,33.64749374980974
2020-05-04 02:15:00,25.4545,34.064868110204536
2020-05-04 02:30:00,25.0145,32.95454162906157
2020-05-04 02:45:00,25.0145,33.67603859707685
2020-05-04 03:00:00,24.5755,33.23053586685778
2020-05-04 03:15:00,24.5755,33.48941880929603
2020-05-04 03:30:00,24.3555,33.748676212333436
2020-05-04 03:45:00,24.1355,32.79800792141006
2020-05-04 04:00:00,24.1355,32.86863144362764
2020-05-04 04:15:00,23.6965,33.04481095839559
2020-05-04 04:30:00,23.6965,32.703735158780276
2020-05-04 04:45:00,23.6965,33.040150992512885
2020-05-04 05:00:00,23.4765,32.87282697318704
2020-05-04 05:15:00,23.2565,32.96799758636078
2020-05-04 05:30:00,23.2565,33.6730201393307
2020-05-04 05:45:00,23.037,34.316578937505106
2020-05-04 06:00:00,22.8175,33.55558259134045
2020-05-04 06:15:00,22.8175,34.052462130151014
2020-05-04 06:30:00,22.8175,34.30163597862898
2020-05-04 06:45:00,23.2565,34.284160496793085
2020-05-04 07:00:00,23.6965,34.717320571198485
2020-05-04 07:15:00,24.1355,34.327855289055165
2020-05-04 07:30:00,24.5755,34.19839572384414
2020-05-04 07:45:00,25.2345,34.762223791978926
2020-05-04 08:00:00,25.894,33.22747909283797
2020-05-04 08:15:00,26.3335,33.27779616820473
2020-05-04 08:30:00,27.2115,33.55855332921781
2020-05-04 08:45:00,27.871,32.90021818959179
2020-05-04 09:00:00,28.75,33.86963658404201
2020-05-04 09:15:00,29.629,33.784544344150596
2020-05-04 09:30:00,30.0685,36.5375876093409
2020-05-04 09:45:00,30.947,35.583342747879854
2020-05-04 10:00:00,31.606,35.31777838767373
2020-05-04 10:15:00,32.925,35.11715671055425
2020-05-04 10:30:00,34.0235,32.880230404835004
2020-05-04 10:45:00,35.1225,32.293401253351895
2020-05-04 11:00:00,35.781,31.56404383275976
2020-05-04 11:15:00,36.2205,31.599387527426714
2020-05-04 11:30:00,36.66,32.97439065079107
2020-05-04 11:45:00,36.88,33.098767122012454
2020-05-04 12:00:00,37.0995,33.56641451516206
2020-05-04 12:15:00,37.539,34.82474542728105
2020-05-04 12:30:00,37.759,34.04604479233313
2020-05-04 12:45:00,38.198,34.46016482343086
2020-05-04 13:00:00,38.8575,34.809456972078955
2020-05-04 13:15:00,39.5165,32.283205679454085
2020-05-04 13:30:00,39.7365,33.44708545871563
2020-05-04 13:45:00,39.7365,35.00298482970861
2020-05-04 14:00:00,39.7365,35.38586458377941
2020-05-04 14:15:00,39.5165,35.925947910641824
2020-05-04 14:30:00,39.7365,35.5175224118271
2020-05-04 14:45:00,40.3955,34.02687013252531
2020-05-04 15:00:00,40.615,33.11524177943697
2020-05-04 15:15:00,40.615,31.83483173356071
2020-05-04 15:30:00,40.176,31.08256070568115
2020-05-04 15:45:00,39.9565,31.15813695565951
2020-05-04 16:00:00,39.7365,31.675829346827292
2020-05-04 16:15:00,39.517,34.468667783628824
2020-05-04 16:30:00,39.077,35.062627716935786
2020-05-04 16:45:00,38.8575,36.85977018991023
2020-05-04 17:00:00,38.418,37.42718591306388
2020-05-04 17:15:00,37.9785,37.01336611561949
2020-05-04 17:30:00,37.759,36.523706276973954
2020-05-04 17:45:00,37.319,36.96233622789516
2020-05-04 18:00:00,37.0995,37.0004534897503
2020-05-04 18:15:00,36.88,36.80853520220578
2020-05-04 18:30:00,36.44,36.873088043449144
2020-05-04 18:45:00,36.2205,37.24594772013227
2020-05-04 19:00:00,35.7815,37.55662639921544
2020-05-04 19:15:00,35.3415,38.83510325004271
2020-05-04 19:30:00,34.9025,37.73593151757965
2020-05-04 19:45:00,34.6825,37.59243262887726
2020-05-04 20:00:00,34.463,35.86154247873692
2020-05-04 20:15:00,34.2435,35.13993764822455
2020-05-04 20:30:00,34.0235,34.387811564245894
2020-05-04 20:45:00,33.8035,32.96870379441055
2020-05-04 21:00:00,33.584,35.06668414480653
2020-05-04 21:15:00,33.3645,35.28533394318765
2020-05-04 21:30:00,33.3645,35.64942256740696
2020-05-04 21:45:00,33.1445,37.36212395574448
2020-05-04 22:00:00,32.9245,37.75918702633165
2020-05-04 22:15:00,32.705,38.14148420300325
2020-05-04 22:30:00,32.2655,39.13586481649916
2020-05-04 22:45:00,32.0455,40.02058030562769
2020-05-04 23:00:00,31.826,39.24211993310351
2020-05-04 23:15:00,31.6065,38.483619093221215
2020-05-04 23:30:00,31.6065,37.240914508665774
2020-05-04 23:45:00,31.6065,36.914103285546226
2020-05-05 00:00:00,31.3865,35.81944501551622
2020-05-05 00:15:00,31.3865,34.58116728267863
2020-05-05 00:30:00,31.3865,34.86940185360488
2020-05-05 00:45:00,31.3865,34.50615003849118
2020-05-05 01:00:00,31.3865,34.05658704227466
2020-05-05 01:15:00,31.3865,33.859349929760576
2020-05-05 01:30:00,31.3865,33.73099992898248
2020-05-05 01:45:00,31.3865,32.96819009777047
2020-05-05 02:00:00,31.167,33.56947021564967
2020-05-05 02:15:00,30.9475,33.683714201740166
2020-05-05 02:30:00,30.9475,33.50561503795015
2020-05-05 02:45:00,30.288,34.12168581723484
2020-05-05 03:00:00,29.4095,33.04617477483428
2020-05-05 03:15:00,28.9695,33.01085680768095
2020-05-05 03:30:00,28.5305,33.53845295956644
2020-05-05 03:45:00,28.0905,33.153707163388525
2020-05-05 04:00:00,27.871,33.66560901398132
2020-05-05 04:15:00,27.6515,33.074505911869224
2020-05-05 04:30:00,27.4315,32.887424242775246
2020-05-05 04:45:00,27.4315,33.817874447530684
2020-05-05 05:00:00,27.4315,33.32118466778965
2020-05-05 05:15:00,27.4315,33.313197879346504
2020-05-05 05:30:00,27.212,33.041643248572015
2020-05-05 05:45:00,26.333,33.07984634053593
2020-05-05 06:00:00,26.1135,33.68272430913615
2020-05-05 06:15:00,25.894,34.25611470885943
2020-05-05 06:30:00,25.894,32.81833985140407
2020-05-05 06:45:00,26.1135,33.539327812039446
2020-05-05 07:00:00,26.333,34.149618993147136
2020-05-05 07:15:00,26.333,34.61214962354448
2020-05-05 07:30:00,25.894,33.40343536998483
2020-05-05 07:45:00,25.454,33.17583516764768
2020-05-05 08:00:00,25.015,33.01783765254556
2020-05-05 08:15:00,24.575,32.44582743907937
2020-05-05 08:30:00,24.136,33.58712209079875
2020-05-05 08:45:00,23.696,32.96567133710497
2020-05-05 09:00:00,23.4765,33.82134522736429
2020-05-05 09:15:00,23.4765,33.5199323583111
2020-05-05 09:30:00,23.257,33.05476795383029
2020-05-05 09:45:00,23.257,34.01017713729621
2020-05-05 10:00:00,23.257,33.98537050507846
2020-05-05 10:15:00,23.4765,33.02221299546649
2020-05-05 10:30:00,23.4765,33.37231127560255
2020-05-05 10:45:00,23.916,35.15803647416619
2020-05-05 11:00:00,24.3555,35.20481848170446
2020-05-05 11:15:00,24.575,35.9656147746139
2020-05-05 11:30:00,25.015,36.43236838285289
2020-05-05 11:45:00,25.454,38.32633593931159
2020-05-05 12:00:00,25.674,37.33568224755758
2020-05-05 12:15:00,26.1135,36.87630557010976
2020-05-05 12:30:00,26.553,38.288786686988914
2020-05-05 12:45:00,26.992,37.17353707976654
2020-05-05 13:00:00,27.651,36.978057760858825
2020-05-05 13:15:00,28.091,37.37446812822273
2020-05-05 13:30:00,28.3105,38.395163502525094
2020-05-05 13:45:00,28.53,37.02763099817638
2020-05-05 14:00:00,28.75,37.25839668374309
2020-05-05 14:15:00,28.53,37.440856178396025
2020-05-05 14:30:00,28.3105,36.88848841201723
2020-05-05 14:45:00,28.3105,36.92013396916942
2020-05-05 15:00:00,28.5305,36.64998212653638
2020-05-05 15:15:00,28.75,36.59818768171344
2020-05-05 15:30:00,29.1895,36.59881527975179
2020-05-05 15:45:00,29.1895,36.6890603708689
2020-05-05 16:00:00,29.1895,37.935677424537495
2020-05-05 16:15:00,29.629,37.96904852087701
2020-05-05 16:30:00,29.849,37.43549643676716
2020-05-05 16:45:00,30.0685,37.71471668991868
2020-05-05 17:00:00,30.0685,37.33809903162119
2020-05-05 17:15:00,30.5075,36.73424872116872
2020-05-05 17:30:00,30.5075,36.77522910142986
2020-05-05 17:45:00,30.5075,37.449822624248945
2020-05-05 18:00:00,30.5075,37.43596244045603
2020-05-05 18:15:00,30.5075,37.549004738958914
2020-05-05 18:30:00,30.5075,38.26077750703731
2020-05-05 18:45:00,30.5075,38.082409250018806
2020-05-05 19:00:00,30.5075,38.16762628329896
2020-05-05 19:15:00,30.5075,37.77244605918545
2020-05-05 19:30:00,30.5075,36.77731223383058
2020-05-05 19:45:00,30.5075,34.88176182627142
2020-05-05 20:00:00,30.5075,35.639257412815574
2020-05-05 20:15:00,30.5075,35.9387480233941
2020-05-05 20:30:00,30.5075,36.88875844615844
2020-05-05 20:45:00,30.5075,39.11747769852429
2020-05-05 21:00:00,30.5075,39.948319957354116
2020-05-05 21:15:00,30.5075,40.33727761614457
2020-05-05 21:30:00,30.5075,39.41919412800484
2020-05-05 21:45:00,30.5075,38.15043152465388
2020-05-05 22:00:00,30.5075,38.66372337406496
2020-05-05 22:15:00,30.7275,39.196448137651814
2020-05-05 22:30:00,30.7275,38.50747962205723
2020-05-05 22:45:00,30.9475,40.096143093906484
2020-05-05 23:00:00,30.9475,38.71553381408539
2020-05-05 23:15:00,30.9475,39.629508827455375
2020-05-05 23:30:00,30.5075,38.83595521085841
2020-05-05 23:45:00,30.288,36.89000200023813
2020-05-06 00:00:00,30.068,37.82916854773031
2020-05-06 00:15:00,29.629,36.525319576073265
2020-05-06 00:30:00,29.629,34.73899600532286
2020-05-06 00:45:00,29.629,34.94367891734363
2020-05-06 01:00:00,29.629,34.122748374568545
2020-05-06 01:15:00,29.4095,34.41815049301147
2020-05-06 01:30:00,29.629,34.28693449505699
2020-05-06 01:45:00,29.629,33.44891939462887
2020-05-06 02:00:00,29.629,34.20207191508235
2020-05-06 02:15:00,29.629,34.02909133458114
2020-05-06 02:30:00,29.849,33.55907298538007
2020-05-06 02:45:00,29.849,33.289817123943834
2020-05-06 03:00:00,29.849,33.07862959109637
2020-05-06 03:15:00,29.849,34.11467569028228
2020-05-06 03:30:00,29.629,33.551359147715736
2020-05-06 03:45:00,29.4095,33.982003289676776
2020-05-06 04:00:00,29.1895,33.41516683887867
2020-05-06 04:15:00,29.1895,33.01252924196128
2020-05-06 04:30:00,28.9695,33.969612627472394
2020-05-06 04:45:00,28.75,33.62109200115676
2020-05-06 05:00:00,28.75,33.55280595171684
2020-05-06 05:15:00,28.75,33.28796846778178
2020-05-06 05:30:00,28.75,32.93056223221066
2020-05-06 05:45:00,28.75,34.003962473958
2020-05-06 06:00:00,28.75,34.31761136827116
2020-05-06 06:15:00,29.1895,33.675023422789685
2020-05-06 06:30:00,29.1895,32.95603376887796
2020-05-06 06:45:00,29.1895,34.24104933342288
2020-05-06 07:00:00,29.629,34.57816982903579
2020-05-06 07:15:00,29.849,34.35244640540383
2020-05-06 07:30:00,30.0685,34.27415275441639
2020-05-06 07:45:00,30.288,33.87988561375212
2020-05-06 08:00:00,30.288,33.66196655908774
2020-05-06 08:15:00,30.7275,34.12012260661184
2020-05-06 08:30:00,30.7275,34.324044011597806
2020-05-06 08:45:00,30.7275,34.77696215362812
2020-05-06 09:00:00,30.288,35.30106371153181
2020-05-06 09:15:00,30.0685,35.86935233409631
2020-05-06 09:30:00,30.0685,34.766735753132345
2020-05-06 09:45:00,29.8485,36.31237636456022
2020-05-06 10:00:00,29.629,36.33772899813591
2020-05-06 10:15:00,29.629,34.36359960951893
2020-05-06 10:30:00,29.629,35.349503682049196
2020-05-06 10:45:00,29.629,35.21205029087385
2020-05-06 11:00:00,29.629,34.72330648724422
2020-05-06 11:15:00,29.629,35.60489568843941
2020-05-06 11:30:00,29.1895,37.51444097253276
2020-05-06 11:45:00,28.5305,36.739657942416144
2020-05-06 12:00:00,28.0905,37.089470679654575
2020-05-06 12:15:00,27.432,37.816656602186114
2020-05-06 12:30:00,27.432,36.96417221624214
2020-05-06 12:45:00,27.432,36.94785703526955
2020-05-06 13:00:00,27.432,37.07149709884501
2020-05-06 13:15:00,27.6515,38.40311119222575
2020-05-06 13:30:00,27.871,38.12934384427637
2020-05-06 13:45:00,28.0905,36.96203523776358
2020-05-06 14:00:00,28.5305,38.255332176614324
2020-05-06 14:15:00,28.75,37.77670717047019
2020-05-06 14:30:00,28.75,36.540457719888096
2020-05-06 14:45:00,28.75,37.00089763067919
2020-05-06 15:00:00,28.75,36.7380735490561
2020-05-06 15:15:00,28.9695,36.31871238895456
2020-05-06 15:30:00,29.1895,36.6052279506916
2020-05-06 15:45:00,29.4095,36.6570655315712
2020-05-06 16:00:00,29.629,36.07024894204291
2020-05-06 16:15:00,29.849,36.60985003789476
2020-05-06 16:30:00,30.0685,38.03212376394094
2020-05-06 16:45:00,30.0685,38.67478923675303
2020-05-06 17:00:00,30.0685,36.772169758672376
2020-05-06 17:15:00,29.4095,39.16745046109226
2020-05-06 17:30:00,29.4095,39.09623110933605
2020-05-06 17:45:00,29.4095,37.003510366031364
2020-05-06 18:00:00,29.4095,39.10283448203508
2020-05-06 18:15:00,29.4095,37.53790887973417
2020-05-06 18:30:00,29.629,36.584787182934605
2020-05-06 18:45:00,29.629,39.00931936426173
2020-05-06 19:00:00,29.629,36.76479582237894
2020-05-06 19:15:00,29.629,36.732626118064665
2020-05-06 19:30:00,29.849,36.25943973433295
2020-05-06 19:45:00,29.849,34.67042495318905
2020-05-06 20:00:00,29.629,34.84788186507043
2020-05-06 20:15:00,29.629,35.04135665005829
2020-05-06 20:30:00,29.409,34.96390278875899
2020-05-06 20:45:00,29.1895,34.60263773736218
2020-05-06 21:00:00,29.1895,36.57377300350403
2020-05-06 21:15:00,29.1895,37.15384805424772
2020-05-06 21:30:00,29.1895,37.80610986299057
2020-05-06 21:45:00,28.9695,39.88914032283812
2020-05-06 22:00:00,28.9695,39.36802428433122
2020-05-06 22:15:00,28.9695,38.5369407125959
2020-05-06 22:30:00,28.9695,38.26824179829217
2020-05-06 22:45:00,28.75,37.304886767418914
2020-05-06 23:00:00,28.5305,36.71355309458786
2020-05-06 23:15:00,28.0905,36.73366310662641
2020-05-06 23:30:00,28.0905,36.074370475282315
2020-05-06 23:45:00,27.871,35.567214797340604
2020-05-07 00:00:00,27.4315,36.064440477358325
2020-05-07 00:15:00,27.212,35.14014729779831
2020-05-07 00:30:00,26.9925,34.66624913978269
2020-05-07 00:45:00,26.7725,33.84974834539805
2020-05-07 01:00:00,26.5525,34.314871035401
2020-05-07 01:15:00,26.5525,33.72778512568004
2020-05-07 01:30:00,26.333,33.01629155196623
2020-05-07 01:45:00,26.333,33.32571669614869
2020-05-07 02:00:00,26.333,32.84143252121116
2020-05-07 02:15:00,26.1135,32.96504456373877
2020-05-07 02:30:00,26.1135,32.92899132218068
2020-05-07 02:45:00,25.8935,33.0634487109381
2020-05-07 03:00:00,25.8935,33.02192689971157
2020-05-07 03:15:00,25.674,33.04147989870163
2020-05-07 03:30:00,25.674,33.7299572190934
2020-05-07 03:45:00,25.674,33.53644649964736
2020-05-07 04:00:00,25.674,32.76995383747664
2020-05-07 04:15:00,25.674,32.736053731256874
2020-05-07 04:30:00,25.674,32.47301281049724
2020-05-07 04:45:00,25.4545,32.204712343214915
2020-05-07 05:00:00,25.4545,32.74886405067902
2020-05-07 05:15:00,25.4545,32.87734911466665
2020-05-07 05:30:00,25.4545,32.97335556037573
2020-05-07 05:45:00,25.4545,33.15296973808968
2020-05-07 06:00:00,25.4545,33.600417337989555
2020-05-07 06:15:00,25.4545,34.433642826450864
2020-05-07 06:30:00,25.4545,33.99412915205487
2020-05-07 06:45:00,25.4545,33.745277497755545
2020-05-07 07:00:00,25.4545,34.887845658327606
2020-05-07 07:15:00,25.4545,34.66319548203402
2020-05-07 07:30:00,25.4545,34.24261072980375
2020-05-07 07:45:00,25.4545,34.03414450273342
2020-05-07 08:00:00,25.4545,33.1885483101914
2020-05-07 08:15:00,25.2345,32.64758874976518
2020-05-07 08:30:00,25.2345,32.627954597255
2020-05-07 08:45:00,25.2345,32.639402692208044
2020-05-07 09:00:00,25.2345,33.92608121165812
2020-05-07 09:15:00,25.4545,32.87367949498958
2020-05-07 09:30:00,25.4545,33.36938029300879
2020-05-07 09:45:00,25.674,33.896627436886575
2020-05-07 10:00:00,25.8935,33.892429648169646
2020-05-07 10:15:00,25.8935,33.22169032594994
2020-05-07 10:30:00,26.1135,33.44358390753658
2020-05-07 10:45:00,26.1135,33.60998367035971
2020-05-07 11:00:00,26.1135,33.4200638965563
2020-05-07 11:15:00,26.333,33.35492771509384
2020-05-07 11:30:00,26.333,33.48162524365354
2020-05-07 11:45:00,26.333,32.862127912562315
2020-05-07 12:00:00,26.333,33.36332113150998
2020-05-07 12:15:00,26.333,33.731359359730185
2020-05-07 12:30:00,26.7725,34.415605708279564
2020-05-07 12:45:00,27.212,34.94816057426327
2020-05-07 13:00:00,27.212,33.945817392110506
2020-05-07 13:15:00,27.6515,35.26740068199444
2020-05-07 13:30:00,27.6515,35.05633872596841
2020-05-07 13:45:00,27.6515,33.8626504881337
2020-05-07 14:00:00,27.6515,33.92819856166379
2020-05-07 14:15:00,27.6515,33.623996334533174
2020-05-07 14:30:00,27.6515,34.22319332029618
2020-05-07 14:45:00,27.6515,34.08067608639384
2020-05-07 15:00:00,27.6515,34.50596279522767
2020-05-07 15:15:00,27.6515,34.63812857848324
2020-05-07 15:30:00,27.6515,34.06796780882533
2020-05-07 15:45:00,27.6515,34.851163348169
2020-05-07 16:00:00,27.6515,34.51437502594893
2020-05-07 16:15:00,27.871,34.52147367063416
2020-05-07 16:30:00,27.871,35.455799481543735
2020-05-07 16:45:00,27.871,35.95691524515481
2020-05-07 17:00:00,27.871,36.243697277989824
2020-05-07 17:15:00,27.871,35.74457764917538
2020-05-07 17:30:00,27.871,36.94596360844573
2020-05-07 17:45:00,27.871,37.4178816591761
2020-05-07 18:00:00,27.871,37.65124215037012
2020-05-07 18:15:00,27.871,37.78764495104702
2020-05-07 18:30:00,27.871,38.414997411859495
2020-05-07 18:45:00,27.871,36.74837788093089
2020-05-07 19:00:00,27.6515,35.76561427724857
2020-05-07 19:15:00,27.6515,35.609227488410205
2020-05-07 19:30:00,27.6515,34.580326792513844
2020-05-07 19:45:00,27.6515,33.249880887474724
2020-05-07 20:00:00,27.6515,32.72048624019139
2020-05-07 20:15:00,27.432,33.33087842913735
2020-05-07 20:30:00,27.432,31.92082219701986
2020-05-07 20:45:00,27.212,33.7477584359649
2020-05-07 21:00:00,27.212,34.99881558256877
2020-05-07 21:15:00,27.212,35.37377842510622
2020-05-07 21:30:00,27.212,36.582398276422865
2020-05-07 21:45:00,27.212,37.02847187717027
2020-05-07 22:00:00,26.7725,37.26130798770904
2020-05-07 22:15:00,26.7725,36.333624712598365
2020-05-07 22:30:00,26.7725,35.52294769773018
2020-05-07 22:45:00,26.7725,35.566485990898954
2020-05-07 23:00:00,26.7725,35.747508690934076
2020-05-07 23:15:00,26.7725,35.097551342329936
2020-05-07 23:30:00,26.7725,35.21188945668926
2020-05-07 23:45:00,26.7725,34.88131180022632
2020-05-08 00:00:00,26.5525,33.637528658257075
2020-05-08 00:15:00,26.5525,33.29269306857334
2020-05-08 00:30:00,26.333,33.07700302685873
2020-05-08 00:45:00,26.333,33.70277552502309
2020-05-08 01:00:00,26.333,32.9109766537783
2020-05-08 01:15:00,26.333,32.911574862040794
2020-05-08 01:30:00,26.333,33.34117712768334
2020-05-08 01:45:00,26.333,32.70509079231058
2020-05-08 02:00:00,26.333,32.73186962151392
2020-05-08 02:15:00,26.333,32.87866536757256
2020-05-08 02:30:00,26.333,33.44306791437845
2020-05-08 02:45:00,26.333,32.787906816909974
2020-05-08 03:00:00,26.333,32.74384041080309
2020-05-08 03:15:00,26.333,32.84563390598811
2020-05-08 03:30:00,26.333,32.78078410472309
2020-05-08 03:45:00,26.333,32.74462841723621
2020-05-08 04:00:00,26.333,33.572561304816155
2020-05-08 04:15:00,26.333,32.93468093783659
2020-05-08 04:30:00,26.333,32.88286970925493
2020-05-08 04:45:00,26.333,32.97650148204021
2020-05-08 05:00:00,26.333,32.66316001207985
2020-05-08 05:15:00,26.333,32.63791845601477
2020-05-08 05:30:00,25.8935,32.8168081553346
2020-05-08 05:45:00,25.8935,33.675774605530556
2020-05-08 06:00:00,25.8935,34.2547539662307
2020-05-08 06:15:00,25.8935,32.999805511064714
2020-05-08 06:30:00,25.8935,33.29701581932799
2020-05-08 06:45:00,25.8935,34.19017390005084
2020-05-08 07:00:00,25.8935,33.617138896543125
2020-05-08 07:15:00,25.8935,33.22235549820818
2020-05-08 07:30:00,26.1135,34.22581395227075
2020-05-08 07:45:00,26.333,33.2516005518275
2020-05-08 08:00:00,26.7725,31.97850742196673
2020-05-08 08:15:00,26.9925,32.411930052343415
2020-05-08 08:30:00,27.6515,33.22703996785536
2020-05-08 08:45:00,28.3105,32.859663980698684
2020-05-08 09:00:00,28.5305,32.67291094118113
2020-05-08 09:15:00,28.9695,33.237036559634326
2020-05-08 09:30:00,29.4095,33.2975734793214
2020-05-08 09:45:00,29.8485,31.623620137479886
2020-05-08 10:00:00,30.288,31.171221159047967
2020-05-08 10:15:00,30.7275,29.305459678787127
2020-05-08 10:30:00,31.167,28.15942250746536
2020-05-08 10:45:00,32.0455,31.902129293490425
2020-05-08 11:00:00,33.3645,30.261298547723587
2020-05-08 11:15:00,34.243,33.40308518019769
2020-05-08 11:30:00,35.122,32.85888445954658
2020-05-08 11:45:00,35.781,31.27441408936469
2020-05-08 12:00:00,36.66,33.23930630970241
2020-05-08 12:15:00,37.1,34.41377859953515
2020-05-08 12:30:00,37.539,34.64574567782565
2020-05-08 12:45:00,37.7585,34.721769878886974
2020-05-08 13:00:00,37.539,35.1669738894044
2020-05-08 13:15:00,37.539,35.07690136435637
2020-05-08 13:30:00,37.9785,34.80611500695061
2020-05-08 13:45:00,39.0775,33.51265194210226
2020-05-08 14:00:00,39.956,33.27705112541997
2020-05-08 14:15:00,40.835,33.03910003919413
2020-05-08 14:30:00,41.494,33.884643272402954
2020-05-08 14:45:00,41.714,32.82924542658393
2020-05-08 15:00:00,42.153,33.57118939318455
2020-05-08 15:15:00,42.153,35.18700840084702
2020-05-08 15:30:00,41.9335,34.77800191444723
2020-05-08 15:45:00,41.494,33.4439755847187
2020-05-08 16:00:00,41.0545,34.3048263036301
2020-05-08 16:15:00,40.6155,35.20801714591335
2020-05-08 16:30:00,39.956,33.900357297117516
2020-05-08 16:45:00,39.297,35.47032114649991
2020-05-08 17:00:00,38.8575,35.97720612459188
2020-05-08 17:15:00,38.418,35.825380933209644
2020-05-08 17:30:00,37.9785,37.87790946342211
2020-05-08 17:45:00,37.539,37.59531593798951
2020-05-08 18:00:00,37.0995,37.30057397360507
2020-05-08 18:15:00,36.66,37.8543342017182
2020-05-08 18:30:00,36.2205,37.85646391292335
2020-05-08 18:45:00,35.5615,37.68999244096057
2020-05-08 19:00:00,35.122,37.61120601470479
2020-05-08 19:15:00,34.463,38.12328456697246
2020-05-08 19:30:00,34.0235,37.122569499654524
2020-05-08 19:45:00,33.3645,35.334622983512446
2020-05-08 20:00:00,32.9245,35.6739501092221
2020-05-08 20:15:00,32.4855,34.13515351309781
2020-05-08 20:30:00,31.826,35.52459655176267
2020-05-08 20:45:00,31.3865,35.753670819441666
2020-05-08 21:00:00,30.9475,36.358273176358615
2020-05-08 21:15:00,30.5075,37.66308980658452
2020-05-08 21:30:00,30.0685,36.979746085601924
2020-05-08 21:45:00,29.8485,37.76474218653953
2020-05-08 22:00:00,29.4095,37.99047537295624
2020-05-08 22:15:00,29.1895,37.27432494517023
2020-05-08 22:30:00,28.75,37.17874076377101
2020-05-08 22:45:00,28.5305,36.477778532396115
2020-05-08 23:00:00,28.3105,35.614211234220555
2020-05-08 23:15:00,28.0905,36.03863791729147
2020-05-08 23:30:00,27.6515,35.52837015925921
2020-05-08 23:45:00,27.6515,35.650674774053634
2020-05-09 00:00:00,27.212,36.64525044035236
2020-05-09 00:15:00,26.9925,34.787999779239776
2020-05-09 00:30:00,26.7725,35.050935693678895
2020-05-09 00:45:00,26.7725,34.67327605157585
2020-05-09 01:00:00,26.333,34.065898070819955
2020-05-09 01:15:00,26.1135,34.01145065212443
2020-05-09 01:30:00,25.8935,33.647473914523864
2020-05-09 01:45:00,25.4545,33.25951411278178
2020-05-09 02:00:00,25.4545,33.228773918495726
2020-05-09 02:15:00,25.0145,32.880557322851836
2020-05-09 02:30:00,25.0145,33.714342820576036
2020-05-09 02:45:00,24.5755,34.04837402504149
2020-05-09 03:00:00,24.5755,32.757197032831336
2020-05-09 03:15:00,24.5755,33.01495068406994
2020-05-09 03:30:00,24.3555,33.21790530865197
2020-05-09 03:45:00,24.3555,33.35777385875573
2020-05-09 04:00:00,24.1355,33.40028466015225
2020-05-09 04:15:00,23.916,32.710363447387536
2020-05-09 04:30:00,23.6965,33.04002347954771
2020-05-09 04:45:00,23.4765,32.85320389019848
2020-05-09 05:00:00,23.2565,32.72018379660348
2020-05-09 05:15:00,22.8175,32.65976228974144
2020-05-09 05:30:00,22.598,32.748660540512006
2020-05-09 05:45:00,22.378,33.5440962870014
2020-05-09 06:00:00,22.378,34.050336274570384
2020-05-09 06:15:00,22.378,32.929478825102684
2020-05-09 06:30:00,22.378,32.901572753108006
2020-05-09 06:45:00,22.378,34.24572111135421
2020-05-09 07:00:00,22.5975,33.8784107358993
2020-05-09 07:15:00,23.037,32.87957345175895
2020-05-09 07:30:00,23.6965,33.320898101560296
2020-05-09 07:45:00,24.3555,33.817015795867356
2020-05-09 08:00:00,25.015,32.75654040017632
2020-05-09 08:15:00,25.894,32.82574504478641
2020-05-09 08:30:00,26.7725,32.31146598704068
2020-05-09 08:45:00,27.6515,31.999197195905463
2020-05-09 09:00:00,28.5305,31.915249619482
2020-05-09 09:15:00,29.4095,32.80770536993233
2020-05-09 09:30:00,30.2885,32.91671675265439
2020-05-09 09:45:00,31.167,31.946869974226352
2020-05-09 10:00:00,32.0455,33.66069390440539
2020-05-09 10:15:00,32.9245,31.93639977663099
2020-05-09 10:30:00,34.463,31.790530475124747
2020-05-09 10:45:00,35.3415,32.48883601305559
2020-05-09 11:00:00,36.2205,32.89825071028467
2020-05-09 11:15:00,36.66,31.800681110484266
2020-05-09 11:30:00,36.88,34.25338708940593
2020-05-09 11:45:00,37.3195,34.03974439314559
2020-05-09 12:00:00,37.3195,34.77661913202303
2020-05-09 12:15:00,37.7585,34.09971443477988
2020-05-09 12:30:00,37.759,34.96193758273846
2020-05-09 12:45:00,38.198,34.87772982963478
2020-05-09 13:00:00,39.5165,35.17373869529985
2020-05-09 13:15:00,40.176,35.62808305572365
2020-05-09 13:30:00,40.835,35.609624635852
2020-05-09 13:45:00,41.494,35.98288431722121
2020-05-09 14:00:00,41.9335,35.185713839885466
2020-05-09 14:15:00,42.373,35.52123538579553
2020-05-09 14:30:00,42.373,34.95350433986779
2020-05-09 14:45:00,42.593,34.98759567895483
2020-05-09 15:00:00,42.373,35.35340830431529
2020-05-09 15:15:00,41.9335,35.22184241103605
2020-05-09 15:30:00,41.494,35.68868813010205
2020-05-09 15:45:00,40.6155,36.3167738240284
2020-05-09 16:00:00,39.7365,35.32345343569821
2020-05-09 16:15:00,38.8575,34.87638058235154
2020-05-09 16:30:00,38.418,35.856306690152785
2020-05-09 16:45:00,37.7585,36.54063423440835
2020-05-09 17:00:00,37.0995,36.30544372244301
2020-05-09 17:15:00,36.66,37.03279363174816
2020-05-09 17:30:00,36.001,37.780159225538945
2020-05-09 17:45:00,35.5615,36.69310490251649
2020-05-09 18:00:00,35.122,36.51809077074416
2020-05-09 18:15:00,34.6825,36.778409794741755
2020-05-09 18:30:00,34.2435,36.216025099208345
2020-05-09 18:45:00,33.8035,35.554828613987574
2020-05-09 19:00:00,33.3645,36.964438237190976
2020-05-09 19:15:00,32.9245,35.53229704329303
2020-05-09 19:30:00,32.4855,34.52377571788507
2020-05-09 19:45:00,32.2655,34.53589503362095
2020-05-09 20:00:00,32.0455,34.37308389355029
2020-05-09 20:15:00,31.6065,34.734370839139466
2020-05-09 20:30:00,31.167,35.19234440810263
2020-05-09 20:45:00,30.7275,35.489395171309276
2020-05-09 21:00:00,30.5075,35.63160810762164
2020-05-09 21:15:00,30.288,34.47295063261965
2020-05-09 21:30:00,29.8485,32.30502044399627
2020-05-09 21:45:00,29.4095,32.985839682269294
2020-05-09 22:00:00,29.1895,33.91382519613855
2020-05-09 22:15:00,28.9695,32.95683654165023
2020-05-09 22:30:00,28.75,35.33823256746707
2020-05-09 22:45:00,28.5305,37.82305395684639
2020-05-09 23:00:00,28.3105,36.8469920464963
2020-05-09 23:15:00,28.0905,36.887990091351206
2020-05-09 23:30:00,27.871,36.45767221662138
2020-05-09 23:45:00,27.6515,35.15616823963866
2020-05-10 00:00:00,27.6515,34.95010195573719
2020-05-10 00:15:00,27.6515,34.54401925961314
2020-05-10 00:30:00,27.4315,34.65484540993282
2020-05-10 00:45:00,27.212,33.566402800753565
2020-05-10 01:00:00,27.212,34.06558644534866
2020-05-10 01:15:00,26.7725,33.63701150246147
2020-05-10 01:30:00,26.7725,32.690108608031174
2020-05-10 01:45:00,26.333,32.803975128402925
2020-05-10 02:00:00,26.333,32.78133692045267
2020-05-10 02:15:00,26.1135,32.66022039875629
2020-05-10 02:30:00,25.8935,32.70380599435329
2020-05-10 02:45:00,25.8935,32.70709335290858
2020-05-10 03:00:00,25.8935,32.68440252394714
2020-05-10 03:15:00,25.4545,32.59320638684165
2020-05-10 03:30:00,25.4545,32.59912551381935
2020-05-10 03:45:00,25.2345,32.712886513742674
2020-05-10 04:00:00,25.0145,32.7656770472357
2020-05-10 04:15:00,25.0145,32.694266538735505
2020-05-10 04:30:00,24.795,32.703632239047714
2020-05-10 04:45:00,24.5755,32.89132130729529
2020-05-10 05:00:00,24.5755,32.62637127131464
2020-05-10 05:15:00,24.5755,32.67706789721937
2020-05-10 05:30:00,24.5755,32.762452580034484
2020-05-10 05:45:00,24.1355,32.739622929796035
2020-05-10 06:00:00,24.1355,33.65833140131219
2020-05-10 06:15:00,24.1355,32.750999050466106
2020-05-10 06:30:00,24.1355,33.525009177461214
2020-05-10 06:45:00,24.1355,33.85044864707992
2020-05-10 07:00:00,24.1355,33.34855068494067
2020-05-10 07:15:00,24.5755,32.39252589176778
2020-05-10 07:30:00,24.795,33.72372709347522
2020-05-10 07:45:00,25.0145,32.647998574734885
2020-05-10 08:00:00,25.2345,32.457145455919296
2020-05-10 08:15:00,25.454,33.0287908100857
2020-05-10 08:30:00,25.674,31.866048182592134
2020-05-10 08:45:00,26.1135,32.276024922899914
2020-05-10 09:00:00,26.553,34.08902029132204
2020-05-10 09:15:00,26.992,32.74959202364144
2020-05-10 09:30:00,27.212,33.67961922394089
2020-05-10 09:45:00,27.651,34.44526833219522
2020-05-10 10:00:00,27.871,33.38387527881556
2020-05-10 10:15:00,28.75,32.35155664337586
2020-05-10 10:30:00,29.1895,32.37971809917678
2020-05-10 10:45:00,30.0685,32.10590435273049
2020-05-10 11:00:00,30.7275,32.77623351297182
2020-05-10 11:15:00,31.167,33.44282639700505
2020-05-10 11:30:00,31.3865,34.39888344359433
2020-05-10 11:45:00,31.6065,34.45023389235093
2020-05-10 12:00:00,31.826,34.48461126336789
2020-05-10 12:15:00,31.826,35.32788411996718
2020-05-10 12:30:00,31.826,35.07119311688668
2020-05-10 12:45:00,32.0455,34.29026107285062
2020-05-10 13:00:00,32.2655,34.74164817690569
2020-05-10 13:15:00,33.1445,34.42658293162879
2020-05-10 13:30:00,34.0235,33.99858826124777
2020-05-10 13:45:00,34.0235,33.339209239517814
2020-05-10 14:00:00,35.5615,33.308507781595864
2020-05-10 14:15:00,36.44,34.85554508848345
2020-05-10 14:30:00,37.0995,32.94624479042491
2020-05-10 14:45:00,37.539,32.992819155803964
2020-05-10 15:00:00,37.759,33.95883311297786
2020-05-10 15:15:00,37.9785,32.931758996536004
2020-05-10 15:30:00,37.9785,34.20712290013011
2020-05-10 15:45:00,37.539,33.709072305359214
2020-05-10 16:00:00,36.8795,34.54841626644982
2020-05-10 16:15:00,36.4405,34.52094268856309
2020-05-10 16:30:00,35.781,33.39811249059829
2020-05-10 16:45:00,35.342,33.64890090222854
2020-05-10 17:00:00,34.902,34.156902756889004
2020-05-10 17:15:00,34.2435,32.89030972996831
2020-05-10 17:30:00,33.8035,33.10553684761861
2020-05-10 17:45:00,33.3645,35.31431979225444
2020-05-10 18:00:00,32.9245,35.53340985173349
2020-05-10 18:15:00,32.4855,35.44193165292758
2020-05-10 18:30:00,32.0455,35.943108445771976
2020-05-10 18:45:00,31.6065,37.00280283932277
2020-05-10 19:00:00,31.167,37.570181765036544
2020-05-10 19:15:00,30.947,37.142420170403135
2020-05-10 19:30:00,30.7275,37.805188104814775
2020-05-10 19:45:00,30.288,36.09229576365069
2020-05-10 20:00:00,30.0685,35.395585044864134
2020-05-10 20:15:00,29.8485,35.31881695051106
2020-05-10 20:30:00,29.8485,35.357286915361584
2020-05-10 20:45:00,29.4095,35.442067238398444
2020-05-10 21:00:00,29.4095,35.87176393084592
2020-05-10 21:15:00,29.4095,36.796516787705706
2020-05-10 21:30:00,29.1895,36.80901950898528
2020-05-10 21:45:00,28.9695,36.72651795054562
2020-05-10 22:00:00,28.9695,37.13321882586935
2020-05-10 22:15:00,28.9695,37.11101975871847
2020-05-10 22:30:00,28.5305,37.1383327501591
2020-05-10 22:45:00,28.5305,36.7199740393775
2020-05-10 23:00:00,28.5305,36.73615791617802
2020-05-10 23:15:00,28.3105,36.40629803097205
2020-05-10 23:30:00,28.3105,34.65367501903617
2020-05-10 23:45:00,27.871,34.34963978173562
2020-05-11 00:00:00,27.871,33.751765118379055
2020-05-11 00:15:00,27.871,33.925629337152536
2020-05-11 00:30:00,27.4315,33.612647798720694
2020-05-11 00:45:00,27.4315,33.33367928476153
2020-05-11 01:00:00,27.4315,33.65176479340299
2020-05-11 01:15:00,27.4315,33.202920812278784
2020-05-11 01:30:00,27.4315,33.04378015625593
2020-05-11 01:45:00,27.212,32.89995133621349
2020-05-11 02:00:00,27.212,33.42589200536696
2020-05-11 02:15:00,26.9925,33.41790975274312
2020-05-11 02:30:00,26.9925,32.76101473491447
2020-05-11 02:45:00,26.7725,33.16056831011593
2020-05-11 03:00:00,26.7725,33.38252179140378
2020-05-11 03:15:00,26.7725,33.477948095484834
2020-05-11 03:30:00,26.7725,33.67296572292521
2020-05-11 03:45:00,26.553,33.04350686577832
2020-05-11 04:00:00,26.553,32.883202099489225
2020-05-11 04:15:00,26.333,33.0604691937824
2020-05-11 04:30:00,26.333,33.567102216747145
2020-05-11 04:45:00,26.333,33.725690718624655
2020-05-11 05:00:00,26.1135,32.71723217704112
2020-05-11 05:15:00,26.1135,33.16087324151572
2020-05-11 05:30:00,25.8935,33.26486375152033
2020-05-11 05:45:00,25.8935,33.443041181462284
2020-05-11 06:00:00,25.8935,33.80369768924108
2020-05-11 06:15:00,25.8935,34.30837082759004
2020-05-11 06:30:00,25.8935,34.21031727428127
2020-05-11 06:45:00,25.8935,33.15993724209819
2020-05-11 07:00:00,26.1135,33.71026374699738
2020-05-11 07:15:00,26.1135,34.17685292141682
2020-05-11 07:30:00,26.1135,34.47242152872646
2020-05-11 07:45:00,26.5525,35.007255381516146
2020-05-11 08:00:00,26.5525,33.95156181882608
2020-05-11 08:15:00,26.9925,33.58770847909885
2020-05-11 08:30:00,27.4315,33.75041559097653
2020-05-11 08:45:00,27.651,34.20770053574155
2020-05-11 09:00:00,28.3105,35.294574237440315
2020-05-11 09:15:00,28.75,35.722697611764396
2020-05-11 09:30:00,29.1895,37.9303531863045
2020-05-11 09:45:00,29.1895,37.55814427852155
2020-05-11 10:00:00,29.629,37.74663077836397
2020-05-11 10:15:00,29.629,36.911719114732314
2020-05-11 10:30:00,30.0685,35.51224307346085
2020-05-11 10:45:00,30.0685,34.67422260478032
2020-05-11 11:00:00,30.0685,33.886094009564005
2020-05-11 11:15:00,30.0685,34.98083283715907
2020-05-11 11:30:00,30.0685,34.258774228945
2020-05-11 11:45:00,30.288,34.720715326475975
2020-05-11 12:00:00,30.5075,35.092333792074314
2020-05-11 12:15:00,30.9475,34.54891715267521
2020-05-11 12:30:00,30.9475,34.51768535762219
2020-05-11 12:45:00,31.3865,34.67685262874614
2020-05-11 13:00:00,31.826,35.266930345063194
2020-05-11 13:15:00,32.2655,35.72404231269965
2020-05-11 13:30:00,32.9245,36.161948748823164
2020-05-11 13:45:00,33.584,35.6517894484895
2020-05-11 14:00:00,34.463,36.14131122970655
2020-05-11 14:15:00,34.6825,35.873373798268666
2020-05-11 14:30:00,35.122,34.30804270415364
2020-05-11 14:45:00,35.7815,35.236470262646826
2020-05-11 15:00:00,36.001,35.277931691710236
2020-05-11 15:15:00,36.4405,34.64005551817887
2020-05-11 15:30:00,36.4405,35.88165540758527
2020-05-11 15:45:00,36.4405,36.06438674800127
2020-05-11 16:00:00,36.4405,36.48505773156712
2020-05-11 16:15:00,36.4405,36.6249015192681
2020-05-11 16:30:00,36.2205,36.70530162336692
2020-05-11 16:45:00,36.001,38.661042258384086
2020-05-11 17:00:00,36.001,38.945726747635874
2020-05-11 17:15:00,35.5615,39.41639336372257
2020-05-11 17:30:00,35.5615,40.215438258513146
2020-05-11 17:45:00,35.3415,40.330107571616146
2020-05-11 18:00:00,35.122,38.9238129097793
2020-05-11 18:15:00,34.9025,39.97237140291543
2020-05-11 18:30:00,34.9025,40.1908261715012
2020-05-11 18:45:00,34.6825,39.9931262596798
2020-05-11 19:00:00,34.463,38.572560916271236
2020-05-11 19:15:00,34.463,39.39542391620675
2020-05-11 19:30:00,34.2435,38.20581053024935
2020-05-11 19:45:00,34.0235,36.952225974818695
2020-05-11 20:00:00,34.0235,37.39229698060597
2020-05-11 20:15:00,34.0235,36.98453369249971
2020-05-11 20:30:00,33.8035,36.841631947330676
2020-05-11 20:45:00,33.584,37.12534015271076
2020-05-11 21:00:00,33.584,37.503619787904434
2020-05-11 21:15:00,33.584,38.25046032939926
2020-05-11 21:30:00,33.584,39.7244154614982
2020-05-11 21:45:00,33.3645,38.25229604882954
2020-05-11 22:00:00,33.3645,37.069495730667995
2020-05-11 22:15:00,33.3645,37.41360528985502
2020-05-11 22:30:00,33.1445,36.67797671488961
2020-05-11 22:45:00,33.1445,36.95088500134598
2020-05-11 23:00:00,32.9245,37.33864797462419
2020-05-11 23:15:00,32.9245,36.254762259801495
2020-05-11 23:30:00,32.9245,37.28283822548808
2020-05-11 23:45:00,32.9245,36.49934381108485
2020-05-12 00:00:00,32.705,34.99957259950741
2020-05-12 00:15:00,32.4855,34.85073704503013
2020-05-12 00:30:00,32.4855,33.94787084081091
2020-05-12 00:45:00,32.2655,33.30242785132262
2020-05-12 01:00:00,32.2655,32.92128695151677
2020-05-12 01:15:00,32.2655,33.52745097597334
2020-05-12 01:30:00,32.0455,33.73001014793486
2020-05-12 01:45:00,32.0455,33.89395525040807
2020-05-12 02:00:00,31.826,33.90364659767957
2020-05-12 02:15:00,31.826,33.60261531341977
2020-05-12 02:30:00,31.826,33.23323954163815
2020-05-12 02:45:00,31.826,33.091294210877315
2020-05-12 03:00:00,31.3865,33.24434674277765
2020-05-12 03:15:00,30.7275,32.816045792318846
2020-05-12 03:30:00,30.068,33.6057350965479
2020-05-12 03:45:00,29.4095,32.8026462284139
2020-05-12 04:00:00,29.1895,32.8460272019216
2020-05-12 04:15:00,28.75,33.12580902292797
2020-05-12 04:30:00,28.53,33.33611426155282
2020-05-12 04:45:00,28.3105,33.60138011693488
2020-05-12 05:00:00,28.0905,32.71951268429777
2020-05-12 05:15:00,27.871,32.873754741030446
2020-05-12 05:30:00,27.871,33.0562081927625
2020-05-12 05:45:00,27.6515,32.741282248652254
2020-05-12 06:00:00,27.6515,32.91458340182422
2020-05-12 06:15:00,27.6515,33.533287758711246
2020-05-12 06:30:00,27.6515,33.014313381859914
2020-05-12 06:45:00,27.6515,32.8649381884349
2020-05-12 07:00:00,27.6515,33.06464898584732
2020-05-12 07:15:00,27.6515,33.94025010871077
2020-05-12 07:30:00,27.4315,33.362369911729154
2020-05-12 07:45:00,27.212,33.399308088916676
2020-05-12 08:00:00,26.7725,33.63617354508511
2020-05-12 08:15:00,26.7725,33.539658543304554
2020-05-12 08:30:00,26.7725,33.108448248680936
2020-05-12 08:45:00,26.553,32.6904788813515
2020-05-12 09:00:00,26.553,32.37381315338647
2020-05-12 09:15:00,26.553,31.782942623934215
2020-05-12 09:30:00,26.992,31.641126690553413
2020-05-12 09:45:00,27.212,33.030405883458
2020-05-12 10:00:00,27.6515,33.741933998115634
2020-05-12 10:15:00,28.0905,32.19191243609962
2020-05-12 10:30:00,28.3105,34.21187402885498
2020-05-12 10:45:00,28.75,34.297070953959064
2020-05-12 11:00:00,29.1895,34.294664953007256
2020-05-12 11:15:00,29.629,35.252952904300614
2020-05-12 11:30:00,30.0685,37.769127650539886
2020-05-12 11:45:00,30.0685,38.66003779761668
2020-05-12 12:00:00,30.288,37.729942220824164
2020-05-12 12:15:00,30.5075,38.040533966084304
2020-05-12 12:30:00,30.7275,37.41037866983784
2020-05-12 12:45:00,30.9475,36.81049208972327
2020-05-12 13:00:00,30.9475,36.70365841762194
2020-05-12 13:15:00,31.167,36.66316456525225
2020-05-12 13:30:00,31.6065,36.68398589334864
2020-05-12 13:45:00,31.6065,36.40089850936776
2020-05-12 14:00:00,32.0455,36.55916756521687
2020-05-12 14:15:00,32.0455,36.95235921135971
2020-05-12 14:30:00,32.0455,36.11497498949777
2020-05-12 14:45:00,32.0455,35.573302565497315
2020-05-12 15:00:00,32.0455,36.12615676833156
2020-05-12 15:15:00,32.2655,35.835317648135735
2020-05-12 15:30:00,32.2655,34.72124480175378
2020-05-12 15:45:00,32.2655,35.99600891640585
2020-05-12 16:00:00,32.4855,36.4543506196117
2020-05-12 16:15:00,32.4855,36.04829998464307
2020-05-12 16:30:00,32.4855,36.429896482362345
2020-05-12 16:45:00,32.4855,36.210004340607256
2020-05-12 17:00:00,32.2655,36.79258589555655
2020-05-12 17:15:00,32.2655,38.273710572713746
2020-05-12 17:30:00,32.046,37.42343617918285
2020-05-12 17:45:00,32.046,37.888074139957176
2020-05-12 18:00:00,32.046,39.25690299446641
2020-05-12 18:15:00,32.046,38.12092516840533
2020-05-12 18:30:00,31.826,37.28938371497904
2020-05-12 18:45:00,31.826,37.79365991870558
2020-05-12 19:00:00,31.826,38.33547780617534
2020-05-12 19:15:00,31.6065,37.1115815770751
2020-05-12 19:30:00,31.167,36.07436526861768
2020-05-12 19:45:00,31.167,36.13100027545976
2020-05-12 20:00:00,30.7275,36.75865560421434
2020-05-12 20:15:00,30.7275,36.912761129322305
2020-05-12 20:30:00,30.5075,37.4144315996291
2020-05-12 20:45:00,30.288,37.33204216158195
2020-05-12 21:00:00,30.0685,37.68844944636688
2020-05-12 21:15:00,30.0685,37.3949802748966
2020-05-12 21:30:00,29.8485,37.18351569713676
2020-05-12 21:45:00,29.8485,37.90334877629963
2020-05-12 22:00:00,29.629,37.664809817841714
2020-05-12 22:15:00,29.4095,37.690290746196155
2020-05-12 22:30:00,29.4095,37.75051114105609
2020-05-12 22:45:00,28.9695,36.56226453272904
2020-05-12 23:00:00,28.9695,36.90759234491326
2020-05-12 23:15:00,28.75,36.8240597367323
2020-05-12 23:30:00,28.5305,35.70761865671422
2020-05-12 23:45:00,28.5305,35.28539039442388
2020-05-13 00:00:00,28.5305,34.772431428805106
2020-05-13 00:15:00,28.5305,34.15783605216272
2020-05-13 00:30:00,28.5305,34.13308355204091
2020-05-13 00:45:00,28.5305,34.33679614966854
2020-05-13 01:00:00,28.3105,33.46654401177311
2020-05-13 01:15:00,28.0905,33.367718267984465
2020-05-13 01:30:00,28.0905,33.8490003739661
2020-05-13 01:45:00,28.0905,33.56177193215673
2020-05-13 02:00:00,27.871,33.373594355644215
2020-05-13 02:15:00,27.6515,32.949294300837806
2020-05-13 02:30:00,27.6515,32.972049574795925
2020-05-13 02:45:00,27.6515,32.95428095570826
2020-05-13 03:00:00,27.6515,32.75205614439549
2020-05-13 03:15:00,27.6515,32.8562539139219
2020-05-13 03:30:00,27.212,32.54368931304812
2020-05-13 03:45:00,27.212,32.682663075408996
2020-05-13 04:00:00,27.212,32.75779971876436
2020-05-13 04:15:00,27.212,32.72349330122294
2020-05-13 04:30:00,27.212,32.80565115194138
2020-05-13 04:45:00,27.212,32.69860544074683
2020-05-13 05:00:00,26.9925,32.77125858571967
2020-05-13 05:15:00,26.9925,32.78592074571091
2020-05-13 05:30:00,26.9925,32.675640070971575
2020-05-13 05:45:00,26.9925,32.79865434321413
2020-05-13 06:00:00,26.9925,33.05213861248242
2020-05-13 06:15:00,26.9925,33.48356537145002
2020-05-13 06:30:00,26.9925,33.2750370128099
2020-05-13 06:45:00,26.9925,33.44392780196785
2020-05-13 07:00:00,26.9925,33.27370858124221
2020-05-13 07:15:00,27.4315,32.990096338320974
2020-05-13 07:30:00,27.6515,33.74616733660587
2020-05-13 07:45:00,28.0905,32.69812283261126
2020-05-13 08:00:00,28.5305,32.95669936397097
2020-05-13 08:15:00,29.1895,32.875782840592606
2020-05-13 08:30:00,29.849,32.653961571739366
2020-05-13 08:45:00,30.508,33.78218883886136
2020-05-13 09:00:00,31.1665,33.02742596409227
2020-05-13 09:15:00,32.0455,34.436122574594854
2020-05-13 09:30:00,32.9245,32.75615288217446
2020-05-13 09:45:00,33.584,32.32224240894427
2020-05-13 10:00:00,34.243,33.095708284895515
2020-05-13 10:15:00,35.3415,31.188953429079838
2020-05-13 10:30:00,36.44,31.24683904862901
2020-05-13 10:45:00,37.759,33.108281888520835
2020-05-13 11:00:00,38.638,32.958409661546774
2020-05-13 11:15:00,39.517,33.831738136379535
2020-05-13 11:30:00,39.956,36.110443623496856
2020-05-13 11:45:00,40.176,37.84310422288992
2020-05-13 12:00:00,40.3955,38.14332929166099
2020-05-13 12:15:00,40.6155,39.715627170516406
2020-05-13 12:30:00,41.055,40.10073384503471
2020-05-13 12:45:00,41.274,37.15854749177236
2020-05-13 13:00:00,42.153,36.23585249041744
2020-05-13 13:15:00,42.593,35.0357596240976
2020-05-13 13:30:00,43.032,35.22015633897839
2020-05-13 13:45:00,43.252,34.80905338397633
2020-05-13 14:00:00,43.6915,34.68873457586004
2020-05-13 14:15:00,44.3505,37.586768641551195
2020-05-13 14:30:00,44.3505,38.94922298897638
2020-05-13 14:45:00,44.5705,37.55125048739814
2020-05-13 15:00:00,44.5705,39.36443424600678
2020-05-13 15:15:00,44.5705,39.582307307170375
2020-05-13 15:30:00,44.3505,38.92454275251756
2020-05-13 15:45:00,43.9115,39.55391803093857
2020-05-13 16:00:00,43.6915,36.78448902981757
2020-05-13 16:15:00,43.252,35.88188042846002
2020-05-13 16:30:00,43.032,36.441229104291686
2020-05-13 16:45:00,42.8125,37.36594607286026
2020-05-13 17:00:00,42.593,38.805678072503476
2020-05-13 17:15:00,42.153,38.12464037522865
2020-05-13 17:30:00,41.714,39.74350625506973
2020-05-13 17:45:00,41.274,39.49637970316586
2020-05-13 18:00:00,40.835,39.841672318187435
2020-05-13 18:15:00,40.6155,40.1238224999487
2020-05-13 18:30:00,40.1755,38.2215355191868
2020-05-13 18:45:00,39.7365,39.470084701614724
2020-05-13 19:00:00,39.297,39.698037489661466
2020-05-13 19:15:00,38.8575,37.68011021336219
2020-05-13 19:30:00,38.418,36.65530906915535
2020-05-13 19:45:00,37.9785,37.066188086735174
2020-05-13 20:00:00,37.539,36.56234947462877
2020-05-13 20:15:00,37.0995,35.55805753784776
2020-05-13 20:30:00,36.66,36.254351099316054
2020-05-13 20:45:00,36.2205,35.7357977304075
2020-05-13 21:00:00,36.001,36.682887581138935
2020-05-13 21:15:00,35.5615,36.79730084288185
2020-05-13 21:30:00,35.3415,38.68079343867872
2020-05-13 21:45:00,34.9025,39.26637313104127
2020-05-13 22:00:00,34.6825,37.9317255637313
2020-05-13 22:15:00,34.463,36.98999183643712
2020-05-13 22:30:00,34.2435,36.062212014571024
2020-05-13 22:45:00,34.2435,35.63838243676059
2020-05-13 23:00:00,34.0235,33.798940288780784
2020-05-13 23:15:00,34.0235,33.96153360858333
2020-05-13 23:30:00,33.8035,34.76040235602505
2020-05-13 23:45:00,33.8035,33.9617780102577
2020-05-14 00:00:00,33.8035,33.92735523013347
2020-05-14 00:15:00,33.584,33.935549140523804
2020-05-14 00:30:00,33.3645,34.22010976746916
2020-05-14 00:45:00,33.3645,33.16770871155135
2020-05-14 01:00:00,33.3645,33.604157306585584
2020-05-14 01:15:00,32.9245,34.08190033270113
2020-05-14 01:30:00,32.9245,33.93032750644925
2020-05-14 01:45:00,32.9245,33.68474084761356
2020-05-14 02:00:00,32.705,33.098249053578826
2020-05-14 02:15:00,32.705,33.45598897436106
2020-05-14 02:30:00,32.705,32.65325134145191
2020-05-14 02:45:00,32.705,32.36496622692688
2020-05-14 03:00:00,32.485,32.65099276962986
2020-05-14 03:15:00,32.485,32.32511636691968
2020-05-14 03:30:00,32.485,33.19785564032654
2020-05-14 03:45:00,32.2655,33.23394446472227
2020-05-14 04:00:00,32.2655,33.50804313869489
2020-05-14 04:15:00,32.2655,32.903378202995555
2020-05-14 04:30:00,32.2655,32.87362035341691
2020-05-14 04:45:00,32.046,32.943969620315336
2020-05-14 05:00:00,31.826,33.391858958701015
2020-05-14 05:15:00,31.826,33.39144674187453
2020-05-14 05:30:00,31.826,32.67861618156976
2020-05-14 05:45:00,31.606,32.80036671647551
2020-05-14 06:00:00,31.606,33.29176624559554
2020-05-14 06:15:00,31.606,33.78209999082882
2020-05-14 06:30:00,31.606,34.122645868011915
2020-05-14 06:45:00,31.826,34.10675047019557
2020-05-14 07:00:00,32.046,33.90565676598985
2020-05-14 07:15:00,32.485,34.157047718735406
2020-05-14 07:30:00,32.485,33.808068893395124
2020-05-14 07:45:00,32.925,33.433149635457944
2020-05-14 08:00:00,33.364,33.44941930728765
2020-05-14 08:15:00,34.0235,33.17436600981465
2020-05-14 08:30:00,34.6825,32.82994773283651
2020-05-14 08:45:00,35.342,34.19030750301701
2020-05-14 09:00:00,35.781,34.016331432376475
2020-05-14 09:15:00,36.4405,34.554307320093045
2020-05-14 09:30:00,37.0995,37.16993752361475
2020-05-14 09:45:00,37.539,37.662278943710334
2020-05-14 10:00:00,38.198,37.20743329054964
2020-05-14 10:15:00,38.8575,36.08909530965847
2020-05-14 10:30:00,39.9565,35.33116135554711
2020-05-14 10:45:00,40.8345,35.11735392714759
2020-05-14 11:00:00,41.7135,34.1528857252154
2020-05-14 11:15:00,41.9335,34.221999938658975
2020-05-14 11:30:00,42.153,36.43413215646321
2020-05-14 11:45:00,42.593,36.565175735054744
2020-05-14 12:00:00,42.8125,36.529166802329385
2020-05-14 12:15:00,43.4715,38.08252710019607
2020-05-14 12:30:00,43.911,39.148806957981606
2020-05-14 12:45:00,43.911,39.531495630357014
2020-05-14 13:00:00,43.911,40.01016557909562
2020-05-14 13:15:00,43.911,40.3206442992372
2020-05-14 13:30:00,43.911,40.28422230956116
2020-05-14 13:45:00,43.911,40.07271116534014
2020-05-14 14:00:00,43.911,39.44517184368218
2020-05-14 14:15:00,43.911,39.28042009724031
2020-05-14 14:30:00,43.911,39.991744175606485
2020-05-14 14:45:00,44.131,40.282263611660106
2020-05-14 15:00:00,44.351,40.55981775498878
2020-05-14 15:15:00,44.79,41.326344170552275
2020-05-14 15:30:00,45.449,41.45965739588946
2020-05-14 15:45:00,45.449,41.3295532795976
2020-05-14 16:00:00,45.449,40.59863090587516
2020-05-14 16:15:00,45.449,40.65057847665032
2020-05-14 16:30:00,45.2295,40.843771289936996
2020-05-14 16:45:00,45.2295,40.63777659401577
2020-05-14 17:00:00,44.79,41.32061788976864
2020-05-14 17:15:00,44.79,40.955598125853015
2020-05-14 17:30:00,44.5705,41.46083672227768
2020-05-14 17:45:00,44.351,40.748444864131734
2020-05-14 18:00:00,44.131,39.414528035839155
2020-05-14 18:15:00,43.911,40.40723286918847
2020-05-14 18:30:00,43.6915,40.44632350845686
2020-05-14 18:45:00,43.252,40.537452278762345
2020-05-14 19:00:00,43.252,40.70494282507463
2020-05-14 19:15:00,42.8125,40.67942561040135
2020-05-14 19:30:00,42.373,39.29668775471275
2020-05-14 19:45:00,41.9335,39.02821622135998
2020-05-14 20:00:00,41.7135,38.84067606383714
2020-05-14 20:15:00,41.494,39.80620217219753
2020-05-14 20:30:00,41.2745,40.17937482417434
2020-05-14 20:45:00,40.835,40.30693398486094
2020-05-14 21:00:00,40.6155,40.440806120315465
2020-05-14 21:15:00,40.3955,40.58959432796486
2020-05-14 21:30:00,40.1755,42.024957942223146
2020-05-14 21:45:00,39.956,41.52887671752662
2020-05-14 22:00:00,39.956,41.35729709438386
2020-05-14 22:15:00,39.956,41.49080498159002
2020-05-14 22:30:00,39.956,40.80628151192006
2020-05-14 22:45:00,39.517,40.7507236911888
2020-05-14 23:00:00,39.517,41.114562543832704
2020-05-14 23:15:00,39.517,41.260717145317834
2020-05-14 23:30:00,39.517,41.35194376973693
2020-05-14 23:45:00,39.297,39.76716932230775
2020-05-15 00:00:00,39.297,40.51074716058664
2020-05-15 00:15:00,39.077,40.39998153424876
2020-05-15 00:30:00,38.8575,38.861067310097816
2020-05-15 00:45:00,38.8575,38.98214075597569
2020-05-15 01:00:00,38.8575,37.50663017129763
2020-05-15 01:15:00,38.638,37.2709761581204
2020-05-15 01:30:00,38.418,36.95426748024215
2020-05-15 01:45:00,38.418,34.941947580486755
2020-05-15 02:00:00,38.198,35.293614761815554
2020-05-15 02:15:00,37.9785,36.5210611938408
2020-05-15 02:30:00,37.759,36.53558696304472
2020-05-15 02:45:00,37.759,36.50132516061885
2020-05-15 03:00:00,37.319,35.89979922942819
2020-05-15 03:15:00,37.319,35.37607008599884
2020-05-15 03:30:00,37.319,34.98005216741502
2020-05-15 03:45:00,37.0995,33.94275371089862
2020-05-15 04:00:00,36.88,33.926971735675394
2020-05-15 04:15:00,36.88,33.37848210875269
2020-05-15 04:30:00,36.88,33.37089536870846
2020-05-15 04:45:00,36.44,33.707719473177605
2020-05-15 05:00:00,36.44,34.12017939145462
2020-05-15 05:15:00,36.44,34.084480367360335
2020-05-15 05:30:00,36.44,33.13353990608546
2020-05-15 05:45:00,36.2205,33.7228594651804
2020-05-15 06:00:00,36.2205,34.02972087609309
2020-05-15 06:15:00,36.2205,34.7707811183463
2020-05-15 06:30:00,36.2205,35.9711092445324
2020-05-15 06:45:00,36.44,34.703795214151675
2020-05-15 07:00:00,36.44,34.46672249942078
2020-05-15 07:15:00,36.66,35.343365304833355
2020-05-15 07:30:00,36.88,34.96426323235458
2020-05-15 07:45:00,37.319,33.95167726082413
2020-05-15 08:00:00,37.9785,34.323317153818785
2020-05-15 08:15:00,38.6375,34.494966439610714
2020-05-15 08:30:00,39.0775,34.24235939739929
2020-05-15 08:45:00,39.7365,38.26316642645397
2020-05-15 09:00:00,40.3955,39.57310152446867
2020-05-15 09:15:00,41.0545,40.35608329202434
2020-05-15 09:30:00,41.494,40.724264179495236
2020-05-15 09:45:00,42.1535,41.71016895878764
2020-05-15 10:00:00,42.8125,41.8122481600394
2020-05-15 10:15:00,43.6915,40.81936853861785
2020-05-15 10:30:00,44.5705,39.24965628119113
2020-05-15 10:45:00,45.2295,39.35334248327012
2020-05-15 11:00:00,46.1085,39.678850485342494
2020-05-15 11:15:00,46.7675,41.261825553804236
2020-05-15 11:30:00,46.987,41.82884221013142
2020-05-15 11:45:00,47.207,42.88234538108257
2020-05-15 12:00:00,47.207,42.856182938122636
2020-05-15 12:15:00,47.4265,41.89441637544973
2020-05-15 12:30:00,47.4265,41.663321424327435
2020-05-15 12:45:00,47.207,43.09266971167741
2020-05-15 13:00:00,47.207,44.13738971188071
2020-05-15 13:15:00,47.427,45.07703346997662
2020-05-15 13:30:00,47.6465,45.19545442541384
2020-05-15 13:45:00,47.6465,45.294611623839764
2020-05-15 14:00:00,47.8665,45.298956459706055
2020-05-15 14:15:00,48.086,45.406660995848114
2020-05-15 14:30:00,48.3055,43.753522685545576
2020-05-15 14:45:00,48.3055,42.15319041850615
2020-05-15 15:00:00,48.3055,43.52424473300903
2020-05-15 15:15:00,48.3055,44.19403156665011
2020-05-15 15:30:00,48.3055,45.157472832774594
2020-05-15 15:45:00,48.3055,45.4762677775177
2020-05-15 16:00:00,48.086,45.09880744585103
2020-05-15 16:15:00,48.086,44.98649811020871
2020-05-15 16:30:00,47.866,44.77080925692166
2020-05-15 16:45:00,47.866,45.07631893783615
2020-05-15 17:00:00,47.6465,44.43752958694521
2020-05-15 17:15:00,47.427,44.98177894024114
2020-05-15 17:30:00,47.207,44.446931085520724
2020-05-15 17:45:00,46.987,45.14224612363458
2020-05-15 18:00:00,46.548,45.187117416355825
2020-05-15 18:15:00,46.548,45.39755147995106
2020-05-15 18:30:00,46.108,45.564990659942545
2020-05-15 18:45:00,45.8885,45.28358298653241
2020-05-15 19:00:00,45.4495,44.85565958488198
2020-05-15 19:15:00,45.2295,43.14045004307008
2020-05-15 19:30:00,44.79,41.763373154403745
2020-05-15 19:45:00,44.5705,41.17634472331561
2020-05-15 20:00:00,44.131,41.77952780100575
2020-05-15 20:15:00,43.911,41.390507494380095
2020-05-15 20:30:00,43.472,41.52396937383841
2020-05-15 20:45:00,43.472,42.350288619315805
2020-05-15 21:00:00,43.032,41.907505221962886
2020-05-15 21:15:00,42.593,41.93903682372221
2020-05-15 21:30:00,42.593,42.16653327365949
2020-05-15 21:45:00,42.593,41.45866739957363
2020-05-15 22:00:00,42.373,41.64098890765938
2020-05-15 22:15:00,42.153,41.56721360263652
2020-05-15 22:30:00,42.153,41.32453988745481
2020-05-15 22:45:00,42.153,41.32012028450573
2020-05-15 23:00:00,41.9335,41.05293196010185
2020-05-15 23:15:00,41.9335,40.54578734878915
2020-05-15 23:30:00,41.714,40.51264669555265
2020-05-15 23:45:00,41.714,39.76691666832037
2020-05-16 00:00:00,41.714,39.19439394920989
2020-05-16 00:15:00,41.494,37.299756291605355
2020-05-16 00:30:00,41.494,36.79077153514127
2020-05-16 00:45:00,41.274,36.76816675572099
2020-05-16 01:00:00,41.274,36.7908098036396
2020-05-16 01:15:00,41.0545,37.289916589709655
2020-05-16 01:30:00,41.0545,36.5406312693144
2020-05-16 01:45:00,40.835,36.6652112525049
2020-05-16 02:00:00,40.835,36.77793299090583
2020-05-16 02:15:00,40.835,35.87492277782889
2020-05-16 02:30:00,40.6155,36.685757629473336
2020-05-16 02:45:00,40.6155,35.764226291866514
2020-05-16 03:00:00,40.6155,34.96648890559542
2020-05-16 03:15:00,40.3955,35.003322799181305
2020-05-16 03:30:00,40.3955,34.241829968383364
2020-05-16 03:45:00,40.3955,34.72721650952863
2020-05-16 04:00:00,40.1755,34.258045345419966
2020-05-16 04:15:00,40.1755,35.20545470249624
2020-05-16 04:30:00,40.1755,35.32958946071676
2020-05-16 04:45:00,39.956,35.56917097084186
2020-05-16 05:00:00,39.956,35.50948410898204
2020-05-16 05:15:00,39.956,35.167253436636294
2020-05-16 05:30:00,39.956,35.52511995572734
2020-05-16 05:45:00,39.956,35.425949453369974
2020-05-16 06:00:00,39.956,35.810405224348386
2020-05-16 06:15:00,39.956,36.40633650734957
2020-05-16 06:30:00,39.956,35.164811077528086
2020-05-16 06:45:00,39.956,36.601341568176856
2020-05-16 07:00:00,39.956,36.44810183766624
2020-05-16 07:15:00,39.956,36.43566684846384
2020-05-16 07:30:00,39.956,36.811816245141465
2020-05-16 07:45:00,39.956,36.04337390417394
2020-05-16 08:00:00,40.1755,34.77934954855844
2020-05-16 08:15:00,40.3955,34.23101930830039
2020-05-16 08:30:00,40.8345,34.42977723132405
2020-05-16 08:45:00,41.494,36.62962636854233
2020-05-16 09:00:00,42.373,38.506051429594315
2020-05-16 09:15:00,42.8125,40.385214223425336
2020-05-16 09:30:00,43.252,42.88860303636349
2020-05-16 09:45:00,43.9115,44.49839791109265
2020-05-16 10:00:00,44.131,43.94624434204555
2020-05-16 10:15:00,45.01,41.82117169312162
2020-05-16 10:30:00,45.6685,41.18856708973971
2020-05-16 10:45:00,46.5475,40.78547947967665
2020-05-16 11:00:00,47.207,40.43452147908165
2020-05-16 11:15:00,47.6465,41.09205018944246
2020-05-16 11:30:00,47.866,42.45076315641245
2020-05-16 11:45:00,47.8665,43.81260185472976
2020-05-16 12:00:00,47.6465,44.13845239365597
2020-05-16 12:15:00,47.866,44.77446486775728
2020-05-16 12:30:00,48.3055,46.24908000619267
2020-05-16 12:45:00,48.5255,45.3934022507157
2020-05-16 13:00:00,49.185,45.765824171243004
2020-05-16 13:15:00,49.624,45.84527972605651
2020-05-16 13:30:00,49.844,45.34647140387172
2020-05-16 13:45:00,50.0635,45.21755151739232
2020-05-16 14:00:00,50.283,42.0828326042806
2020-05-16 14:15:00,50.7225,43.37540036550449
2020-05-16 14:30:00,50.7225,44.17912694750244
2020-05-16 14:45:00,50.7225,45.109421818871006
2020-05-16 15:00:00,50.503,45.459626193699386
2020-05-16 15:15:00,50.503,45.06095475469085
2020-05-16 15:30:00,50.0635,45.380941262845205
2020-05-16 15:45:00,49.844,45.35901048285529
2020-05-16 16:00:00,49.4045,48.0843715591761
2020-05-16 16:15:00,48.965,48.56803454398403
2020-05-16 16:30:00,48.5255,50.42362665333477
2020-05-16 16:45:00,48.5255,50.21362237755125
2020-05-16 17:00:00,48.306,48.850564811792076
2020-05-16 17:15:00,48.086,49.20290878406649
2020-05-16 17:30:00,47.866,49.397026662154026
2020-05-16 17:45:00,47.866,50.429723648306776
2020-05-16 18:00:00,47.6465,47.84465694016736
2020-05-16 18:15:00,47.427,47.398784059410026
2020-05-16 18:30:00,46.987,47.5339140112752
2020-05-16 18:45:00,46.7675,48.12863318308018
2020-05-16 19:00:00,46.548,46.035406963291685
2020-05-16 19:15:00,46.328,43.18860268124687
2020-05-16 19:30:00,45.8885,42.92815315966274
2020-05-16 19:45:00,45.669,42.28020954603389
2020-05-16 20:00:00,45.4495,41.88240550157454
2020-05-16 20:15:00,45.0095,44.330733150598235
2020-05-16 20:30:00,44.5705,45.58624403495026
2020-05-16 20:45:00,44.5705,48.130398796465975
2020-05-16 21:00:00,44.131,50.57034609164491
2020-05-16 21:15:00,43.9115,51.13113490356604
2020-05-16 21:30:00,43.6915,51.17084493197636
2020-05-16 21:45:00,43.4715,51.12568833308898
2020-05-16 22:00:00,43.252,50.90693286896754
2020-05-16 22:15:00,43.0325,49.50083561751469
2020-05-16 22:30:00,42.8125,46.97171319366327
2020-05-16 22:45:00,42.373,45.95035000556782
2020-05-16 23:00:00,42.373,45.54960902568727
2020-05-16 23:15:00,41.9335,44.601466266171116
2020-05-16 23:30:00,41.9335,44.995481179754506
2020-05-16 23:45:00,41.494,43.668632944137144
2020-05-17 00:00:00,41.494,42.25415401997338
2020-05-17 00:15:00,41.0545,42.41067948510991
2020-05-17 00:30:00,41.0545,41.149843295998366
2020-05-17 00:45:00,40.835,39.91180418441341
2020-05-17 01:00:00,40.6155,40.62629572849911
2020-05-17 01:15:00,40.1755,39.0726314883062
2020-05-17 01:30:00,39.956,39.42294787375605
2020-05-17 01:45:00,39.297,39.04104571709331
2020-05-17 02:00:00,38.8575,39.15191249694117
2020-05-17 02:15:00,38.8575,38.07846949964234
2020-05-17 02:30:00,38.418,36.376389649018485
2020-05-17 02:45:00,37.9785,36.023218992409134
2020-05-17 03:00:00,37.539,34.31766998743996
2020-05-17 03:15:00,36.001,33.138864887344354
2020-05-17 03:30:00,34.6825,33.589191649283045
2020-05-17 03:45:00,34.2435,33.375098757244125
2020-05-17 04:00:00,33.8035,32.99676498226919
2020-05-17 04:15:00,33.8035,33.01478862063862
2020-05-17 04:30:00,33.584,32.788201419393374
2020-05-17 04:45:00,33.364,32.73117635476924
2020-05-17 05:00:00,33.1445,32.696293900999024
2020-05-17 05:15:00,32.485,34.28654983170568
2020-05-17 05:30:00,32.046,34.48544337240883
2020-05-17 05:45:00,31.826,34.56729806021064
2020-05-17 06:00:00,31.3865,35.04702342127974
2020-05-17 06:15:00,30.9475,35.09950650802944
2020-05-17 06:30:00,30.7275,35.764010442919734
2020-05-17 06:45:00,30.5075,35.86154273253926
2020-05-17 07:00:00,30.5075,35.372713299505826
2020-05-17 07:15:00,30.7275,36.40190064600881
2020-05-17 07:30:00,31.167,35.58206874382963
2020-05-17 07:45:00,31.167,34.53016041421905
2020-05-17 08:00:00,31.167,34.58760138286523
2020-05-17 08:15:00,30.7275,33.88752298506036
2020-05-17 08:30:00,30.288,34.65855844901982
2020-05-17 08:45:00,29.849,35.47676210218586
2020-05-17 09:00:00,29.409,36.148259247007424
2020-05-17 09:15:00,29.409,38.55020578826379
2020-05-17 09:30:00,29.629,37.708227056780366
2020-05-17 09:45:00,30.288,37.301370097494015
2020-05-17 10:00:00,30.7275,37.250330834556124
2020-05-17 10:15:00,31.3865,35.01249471380355
2020-05-17 10:30:00,32.2655,34.10648286316832
2020-05-17 10:45:00,33.1445,33.53448514016821
2020-05-17 11:00:00,34.463,32.769719446950326
2020-05-17 11:15:00,35.781,33.717636140827125
2020-05-17 11:30:00,36.66,33.82183463150651
2020-05-17 11:45:00,37.319,35.05887561989582
2020-05-17 12:00:00,37.9785,34.598204084857244
2020-05-17 12:15:00,38.638,35.44861439898769
2020-05-17 12:30:00,39.297,35.683362800088034
2020-05-17 12:45:00,40.1755,36.58608438722798
2020-05-17 13:00:00,41.0545,37.307152346753625
2020-05-17 13:15:00,41.494,39.06902320958345
2020-05-17 13:30:00,41.9335,38.00466859967943
2020-05-17 13:45:00,42.153,37.76876942524829
2020-05-17 14:00:00,42.593,37.79644526985373
2020-05-17 14:15:00,43.032,38.6354812052842
2020-05-17 14:30:00,43.252,39.17492226277582
2020-05-17 14:45:00,43.6915,42.13599445080051
2020-05-17 15:00:00,43.6915,42.22263416236808
2020-05-17 15:15:00,43.6915,44.51416485750424
2020-05-17 15:30:00,43.6915,45.1827026744388
2020-05-17 15:45:00,43.6915,45.36429411753583
2020-05-17 16:00:00,43.472,45.737951220386066
2020-05-17 16:15:00,42.8125,45.53669084599377
2020-05-17 16:30:00,42.593,45.340486281596604
2020-05-17 16:45:00,42.373,45.15978381969559
2020-05-17 17:00:00,42.1535,45.21268484080341
2020-05-17 17:15:00,41.9335,45.15735920893733
2020-05-17 17:30:00,41.7135,41.404797729749994
2020-05-17 17:45:00,41.494,42.50836170891678
2020-05-17 18:00:00,41.2745,43.56175764380273
2020-05-17 18:15:00,41.0545,43.76473154633469
2020-05-17 18:30:00,40.835,43.970803963777634
2020-05-17 18:45:00,40.6155,44.86169328382865
2020-05-17 19:00:00,40.6155,44.836308594841526
2020-05-17 19:15:00,40.1755,44.642337847979306
2020-05-17 19:30:00,40.1755,42.64395912463278
2020-05-17 19:45:00,39.7365,42.079276221942294
2020-05-17 20:00:00,39.7365,41.42404779669174
2020-05-17 20:15:00,39.297,40.57144491743179
2020-05-17 20:30:00,39.297,41.563835867127715
2020-05-17 20:45:00,39.0775,41.54753568376331
2020-05-17 21:00:00,38.8575,41.391790375864744
2020-05-17 21:15:00,38.6375,44.58922798430306
2020-05-17 21:30:00,38.418,44.08297921710214
2020-05-17 21:45:00,38.1985,45.848512039949405
2020-05-17 22:00:00,37.9785,45.08256438958184
2020-05-17 22:15:00,37.9785,44.73282016981747
2020-05-17 22:30:00,37.7585,43.416465242199926
2020-05-17 22:45:00,37.539,41.961478285560396
2020-05-17 23:00:00,37.539,43.14447256045263
2020-05-17 23:15:00,37.539,41.17253424024626
2020-05-17 23:30:00,37.0995,40.77733038540637
2020-05-17 23:45:00,37.0995,40.79383815608465
2020-05-18 00:00:00,36.8795,38.70350189637147
2020-05-18 00:15:00,36.8795,37.94320951867321
2020-05-18 00:30:00,36.66,38.87375633783522
2020-05-18 00:45:00,36.66,38.664913699846686
2020-05-18 01:00:00,36.4405,38.55598905809611
2020-05-18 01:15:00,36.4405,38.320813358919075
2020-05-18 01:30:00,36.2205,37.08963434774789
2020-05-18 01:45:00,36.2205,37.36202723772106
2020-05-18 02:00:00,36.2205,37.165590394145994
2020-05-18 02:15:00,36.001,37.325120239001045
2020-05-18 02:30:00,36.001,38.09217807934722
2020-05-18 02:45:00,35.7815,37.84185635877007
2020-05-18 03:00:00,35.7815,36.19567926565407
2020-05-18 03:15:00,35.5615,37.24795056839977
2020-05-18 03:30:00,35.5615,36.2516114048633
2020-05-18 03:45:00,35.3415,34.77804164163486
2020-05-18 04:00:00,35.3415,36.267922850883075
2020-05-18 04:15:00,35.122,36.02094452353568
2020-05-18 04:30:00,35.122,35.32372535742944
2020-05-18 04:45:00,35.122,34.46803285323195
2020-05-18 05:00:00,35.122,35.14468553465683
2020-05-18 05:15:00,35.122,35.3118770111893
2020-05-18 05:30:00,34.9025,35.518323423491985
2020-05-18 05:45:00,34.9025,36.14318888647959
2020-05-18 06:00:00,34.9025,35.34217709419371
2020-05-18 06:15:00,34.9025,35.12931702681923
2020-05-18 06:30:00,35.122,36.49144847079369
2020-05-18 06:45:00,35.122,34.73884433263108
2020-05-18 07:00:00,35.5615,34.62028504872772
2020-05-18 07:15:00,35.5615,36.47699108151293
2020-05-18 07:30:00,36.001,36.32632771200445
2020-05-18 07:45:00,36.4405,35.481596023041156
2020-05-18 08:00:00,36.8795,35.22782926590886
2020-05-18 08:15:00,37.3195,35.12960681537799
2020-05-18 08:30:00,37.539,35.22177840124563
2020-05-18 08:45:00,37.9785,38.405145906355656
2020-05-18 09:00:00,38.1985,39.330684500009355
2020-05-18 09:15:00,38.1985,40.13366622029525
2020-05-18 09:30:00,38.6375,40.51060164256474
2020-05-18 09:45:00,39.0775,41.136491043892576
2020-05-18 10:00:00,39.956,40.92176156334628
2020-05-18 10:15:00,40.3955,40.53718714336255
2020-05-18 10:30:00,41.2745,40.462773974597
2020-05-18 10:45:00,41.7135,41.54503835850339
2020-05-18 11:00:00,42.1535,41.53071503574976
2020-05-18 11:15:00,42.5925,41.565327857090814
2020-05-18 11:30:00,42.8125,43.29395637402236
2020-05-18 11:45:00,42.8125,44.19866229836181
2020-05-18 12:00:00,42.8125,44.63368176945857
2020-05-18 12:15:00,42.8125,45.17348855052987
2020-05-18 12:30:00,43.0325,45.49631201647108
2020-05-18 12:45:00,43.6915,45.69398316366553
2020-05-18 13:00:00,44.3505,48.14826288279917
2020-05-18 13:15:00,44.3505,48.93782556040728
2020-05-18 13:30:00,44.79,49.25740278560919
2020-05-18 13:45:00,45.2295,49.28970148505952
2020-05-18 14:00:00,45.2295,47.073771042354316
2020-05-18 14:15:00,45.2295,48.59100191414397
2020-05-18 14:30:00,45.2295,48.3052106140966
2020-05-18 14:45:00,45.2295,47.948962492315644
2020-05-18 15:00:00,45.2295,46.631692019785106
2020-05-18 15:15:00,44.79,45.6827606260376
2020-05-18 15:30:00,44.3505,46.60339310881859
2020-05-18 15:45:00,44.131,46.668355268493855
2020-05-18 16:00:00,43.4715,46.65407805496691
2020-05-18 16:15:00,42.8125,46.72728496811032
2020-05-18 16:30:00,42.373,45.66849344743717
2020-05-18 16:45:00,41.909,45.172634243008346
2020-05-18 17:00:00,39.2725,45.13061483480599
2020-05-18 17:15:00,34.6585,45.12234872152962
2020-05-18 17:30:00,33.12,44.541847974817436
2020-05-18 17:45:00,32.461,43.577859525080754
2020-05-18 18:00:00,32.461,42.900739894890286
2020-05-18 18:15:00,32.461,41.008910511409645
2020-05-18 18:30:00,32.0215,40.709332702792366
2020-05-18 18:45:00,31.582,40.63029960592157
2020-05-18 19:00:00,31.1425,39.07476126320673
2020-05-18 19:15:00,30.9225,37.990429136892296
2020-05-18 19:30:00,30.703,37.78682681096474
2020-05-18 19:45:00,30.4835,37.03707099661167
2020-05-18 20:00:00,30.2635,38.21731688661371
2020-05-18 20:15:00,29.824,39.0387467488198
2020-05-18 20:30:00,29.824,39.51620495105053
2020-05-18 20:45:00,29.6045,40.537883205786486
2020-05-18 21:00:00,29.6045,40.855954998269205
2020-05-18 21:15:00,29.6045,40.36506548653117
2020-05-18 21:30:00,30.044,40.27903358036037
2020-05-18 21:45:00,30.044,40.46453038322884
2020-05-18 22:00:00,30.2635,40.53478462136925
2020-05-18 22:15:00,30.2635,40.29683171524023
2020-05-18 22:30:00,30.2635,39.46235782687191
2020-05-18 22:45:00,30.2635,40.12100156594895
2020-05-18 23:00:00,30.2635,38.283134761484575
2020-05-18 23:15:00,30.2635,38.810725638565216
2020-05-18 23:30:00,30.703,38.08595326692121
2020-05-18 23:45:00,30.703,37.33706642864179
2020-05-19 00:00:00,30.703,38.19418684309858
2020-05-19 00:15:00,31.1425,37.38556805178404
2020-05-19 00:30:00,31.1425,35.7423642638732
2020-05-19 00:45:00,31.1425,35.2083666047667
2020-05-19 01:00:00,31.1425,34.74807501152137
2020-05-19 01:15:00,31.362,33.26025978815475
2020-05-19 01:30:00,31.362,34.227735710368805
2020-05-19 01:45:00,31.362,33.71137042503036
2020-05-19 02:00:00,31.362,33.49770637700941
2020-05-19 02:15:00,31.362,33.66354685626281
2020-05-19 02:30:00,31.362,33.16229165158745
2020-05-19 02:45:00,31.362,32.78790038191649
2020-05-19 03:00:00,31.362,32.549018927574615
2020-05-19 03:15:00,31.362,32.5418685795455
2020-05-19 03:30:00,31.1425,33.73552690220496
2020-05-19 03:45:00,31.1425,32.72388731920445
2020-05-19 04:00:00,30.703,32.66410028515278
2020-05-19 04:15:00,30.703,32.89390137660773
2020-05-19 04:30:00,30.703,32.390145215099174
2020-05-19 04:45:00,30.2635,32.50907588664658
2020-05-19 05:00:00,30.2635,32.50617969624774
2020-05-19 05:15:00,29.824,33.14832997987038
2020-05-19 05:30:00,29.824,32.458008240781574
2020-05-19 05:45:00,29.6045,32.57453381504923
2020-05-19 06:00:00,29.385,33.48667812139396
2020-05-19 06:15:00,29.385,32.4966235509758
2020-05-19 06:30:00,29.385,34.04363917929976
2020-05-19 06:45:00,29.385,33.79461019166235
2020-05-19 07:00:00,29.165,33.29255560880815
2020-05-19 07:15:00,28.945,33.66869604503979
2020-05-19 07:30:00,28.945,33.50093196020745
2020-05-19 07:45:00,28.945,33.72348618725827
2020-05-19 08:00:00,28.945,33.18595390023033
2020-05-19 08:15:00,28.945,32.92372222046452
2020-05-19 08:30:00,28.945,33.67517550578042
2020-05-19 08:45:00,28.945,34.45265945453529
2020-05-19 09:00:00,28.945,33.87051669195103
2020-05-19 09:15:00,29.165,35.0904583080378
2020-05-19 09:30:00,29.165,37.300989546865274
2020-05-19 09:45:00,29.385,35.92445802313154
2020-05-19 10:00:00,29.385,38.238470908188795
2020-05-19 10:15:00,29.824,37.02387184861182
2020-05-19 10:30:00,30.2635,35.403873014961164
2020-05-19 10:45:00,30.4835,35.59155268467414
2020-05-19 11:00:00,30.9225,34.552609428788635
2020-05-19 11:15:00,31.1425,35.06640165587074
2020-05-19 11:30:00,31.3625,37.05678375417539
2020-05-19 11:45:00,31.3625,38.30755006641994
2020-05-19 12:00:00,31.3625,39.14414813549206
2020-05-19 12:15:00,31.3625,38.842921334572445
2020-05-19 12:30:00,31.3625,38.27302138635198
2020-05-19 12:45:00,31.3625,37.74869690099538
2020-05-19 13:00:00,31.3625,37.51609172136333
2020-05-19 13:15:00,31.3625,37.95210663019857
2020-05-19 13:30:00,31.3625,37.93381204216486
2020-05-19 13:45:00,31.3625,37.482181227274815
2020-05-19 14:00:00,31.3625,38.8718733988101
2020-05-19 14:15:00,31.3625,38.316485771277186
2020-05-19 14:30:00,31.3625,37.789127700305734
2020-05-19 14:45:00,31.1425,37.072425570785455
2020-05-19 15:00:00,31.1425,36.14432349129179
2020-05-19 15:15:00,31.1425,35.91329493831165
2020-05-19 15:30:00,31.1425,34.871920573910835
2020-05-19 15:45:00,31.1425,35.9320630362567
2020-05-19 16:00:00,31.1425,35.867598221195394
2020-05-19 16:15:00,31.1425,36.378791121615805
2020-05-19 16:30:00,31.1425,37.07880072177739
2020-05-19 16:45:00,31.1425,38.53351323139512
2020-05-19 17:00:00,31.1425,37.22266199421021
2020-05-19 17:15:00,31.1425,37.59336520086825
2020-05-19 17:30:00,31.1425,37.988069006646654
2020-05-19 17:45:00,30.9225,37.19474847186572
2020-05-19 18:00:00,30.703,39.00367209306501
2020-05-19 18:15:00,30.703,37.823751374147825
2020-05-19 18:30:00,30.4835,36.43056213651036
2020-05-19 18:45:00,30.2635,38.14168685170053
2020-05-19 19:00:00,30.2635,36.62187062255545
2020-05-19 19:15:00,30.2635,36.13467501281238
2020-05-19 19:30:00,30.2635,36.31504347479702
2020-05-19 19:45:00,30.2635,36.32308122988464
2020-05-19 20:00:00,30.0435,35.25447046386229
2020-05-19 20:15:00,29.824,36.62440018342735
2020-05-19 20:30:00,29.824,38.14942416119045
2020-05-19 20:45:00,29.824,39.03974311499693
2020-05-19 21:00:00,29.824,40.03961807640985
2020-05-19 21:15:00,29.824,40.535977566135806
2020-05-19 21:30:00,29.824,40.670231168898844
2020-05-19 21:45:00,29.6045,40.694641873679515
2020-05-19 22:00:00,29.385,40.508718592933725
2020-05-19 22:15:00,29.385,40.48218766261923
2020-05-19 22:30:00,29.385,40.54329547114415
2020-05-19 22:45:00,29.385,38.67353129148247
2020-05-19 23:00:00,29.385,38.28409780286361
2020-05-19 23:15:00,29.385,37.998484144255876
2020-05-19 23:30:00,29.385,37.608348046922934
2020-05-19 23:45:00,29.385,37.71355105568838
2020-05-20 00:00:00,29.385,37.19213925478949
2020-05-20 00:15:00,29.385,36.192444983169075
2020-05-20 00:30:00,29.385,35.42958803840531
2020-05-20 00:45:00,29.165,34.89984458657077
2020-05-20 01:00:00,29.165,34.145760170915345
2020-05-20 01:15:00,29.165,34.075298307394
2020-05-20 01:30:00,29.165,34.19238129933378
2020-05-20 01:45:00,29.165,34.167912037180756
2020-05-20 02:00:00,28.945,34.13672139955042
2020-05-20 02:15:00,28.945,34.24367478284303
2020-05-20 02:30:00,28.945,34.35397888680197
2020-05-20 02:45:00,28.945,33.97466815782115
2020-05-20 03:00:00,28.945,33.61972336370788
2020-05-20 03:15:00,28.945,33.2732271781053
2020-05-20 03:30:00,28.945,32.910350306736056
2020-05-20 03:45:00,28.945,33.2387569819517
2020-05-20 04:00:00,28.945,33.30197368897232
2020-05-20 04:15:00,28.945,33.47422361285615
2020-05-20 04:30:00,28.7255,33.1444776590577
2020-05-20 04:45:00,28.506,32.861879569767616
2020-05-20 05:00:00,28.506,32.86653010405252
2020-05-20 05:15:00,28.506,32.72749706435448
2020-05-20 05:30:00,28.506,33.468738793870976
2020-05-20 05:45:00,28.506,33.95706050109538
2020-05-20 06:00:00,28.506,34.39733726059039
2020-05-20 06:15:00,28.506,33.776180075752556
2020-05-20 06:30:00,28.506,33.630468777778596
2020-05-20 06:45:00,28.506,33.82858330953208
2020-05-20 07:00:00,28.506,34.228860890765176
2020-05-20 07:15:00,28.506,33.44124914996908
2020-05-20 07:30:00,28.506,33.322828184982086
2020-05-20 07:45:00,28.506,33.04221953734312
2020-05-20 08:00:00,28.506,32.19869418073129
2020-05-20 08:15:00,28.506,32.68504760199274
2020-05-20 08:30:00,28.506,33.423973715543376
2020-05-20 08:45:00,28.506,34.18271305093946
2020-05-20 09:00:00,28.506,33.74125261972863
2020-05-20 09:15:00,28.506,34.74527505237428
2020-05-20 09:30:00,28.506,34.90797559972371
2020-05-20 09:45:00,28.506,34.730705295275015
2020-05-20 10:00:00,28.506,35.87062687750959
2020-05-20 10:15:00,28.506,34.10607122713641
2020-05-20 10:30:00,28.7255,33.943441997544234
2020-05-20 10:45:00,28.7255,34.102019265282955
2020-05-20 11:00:00,28.7255,33.947082156110255
2020-05-20 11:15:00,28.945,34.17069301514952
2020-05-20 11:30:00,28.945,37.159664442454
2020-05-20 11:45:00,28.945,38.322799468393356
2020-05-20 12:00:00,28.945,37.7561018656396
2020-05-20 12:15:00,28.945,39.11219339383167
2020-05-20 12:30:00,28.945,38.2670669325705
2020-05-20 12:45:00,28.945,38.60203816183583
2020-05-20 13:00:00,28.945,38.34708342016258
2020-05-20 13:15:00,28.945,39.47654500982064
2020-05-20 13:30:00,28.945,38.780496318036604
2020-05-20 13:45:00,28.945,39.65518465571913
2020-05-20 14:00:00,28.945,39.364824630783275
2020-05-20 14:15:00,28.945,38.4682575596523
2020-05-20 14:30:00,28.945,37.96898170041017
2020-05-20 14:45:00,28.945,37.54459659130842
2020-05-20 15:00:00,28.7255,37.622829551735414
2020-05-20 15:15:00,28.506,37.28767150888367
2020-05-20 15:30:00,28.506,36.70619094797002
2020-05-20 15:45:00,28.506,37.11840588300342
2020-05-20 16:00:00,28.506,36.76901416337027
2020-05-20 16:15:00,28.0665,36.44045083384783
2020-05-20 16:30:00,28.0665,37.218084169859296
2020-05-20 16:45:00,28.0665,38.67936142806195
2020-05-20 17:00:00,28.0665,39.256798499846845
2020-05-20 17:15:00,27.8465,39.73800661171062
2020-05-20 17:30:00,27.8465,39.538890252843686
2020-05-20 17:45:00,27.627,38.842999848581115
2020-05-20 18:00:00,27.627,38.520111439800296
2020-05-20 18:15:00,27.1875,38.527890543515255
2020-05-20 18:30:00,26.5285,38.88988514807125
2020-05-20 18:45:00,26.5285,38.468842072261126
2020-05-20 19:00:00,26.5285,38.17100247144576
2020-05-20 19:15:00,26.5285,36.40297034638055
2020-05-20 19:30:00,26.5285,34.972370378595926
2020-05-20 19:45:00,26.5285,30.401099708934904
2020-05-20 20:00:00,26.5285,31.940579471353928
2020-05-20 20:15:00,26.5285,32.17545575806987
2020-05-20 20:30:00,26.5285,31.564215383545545
2020-05-20 20:45:00,26.5285,38.227321152844986
2020-05-20 21:00:00,26.5285,38.287576457620716
2020-05-20 21:15:00,26.5285,38.33092159439107
2020-05-20 21:30:00,26.748,39.48120998351044
2020-05-20 21:45:00,26.748,39.556215967266375
2020-05-20 22:00:00,26.748,38.561231536809714
2020-05-20 22:15:00,26.748,38.81602953093159
2020-05-20 22:30:00,26.748,37.256410009397236
2020-05-20 22:45:00,26.748,37.15204835456329
2020-05-20 23:00:00,26.748,37.35916551193661
2020-05-20 23:15:00,26.748,37.17496765408395
2020-05-20 23:30:00,26.748,35.16426089331637
2020-05-20 23:45:00,26.748,35.42954194875142
2020-05-21 00:00:00,26.748,34.71888408515075
2020-05-21 00:15:00,26.748,34.13479936765769
2020-05-21 00:30:00,26.748,34.07154084747588
2020-05-21 00:45:00,26.5285,33.29572791097053
2020-05-21 01:00:00,26.5285,33.41583504094425
2020-05-21 01:15:00,26.3085,33.79027827461592
2020-05-21 01:30:00,26.3085,33.69488220889213
2020-05-21 01:45:00,26.3085,32.84707687846035
2020-05-21 02:00:00,26.3085,33.09784768776136
2020-05-21 02:15:00,26.3085,33.01792691222884
2020-05-21 02:30:00,26.0885,32.712814862380654
2020-05-21 02:45:00,25.869,33.02770186506301
2020-05-21 03:00:00,25.869,33.3273135233532
2020-05-21 03:15:00,25.869,33.33219042418294
2020-05-21 03:30:00,25.869,33.32021520828606
2020-05-21 03:45:00,25.869,32.86480450479428
2020-05-21 04:00:00,25.869,33.65469935040456
2020-05-21 04:15:00,25.869,33.57680416749715
2020-05-21 04:30:00,25.869,33.04138516464886
2020-05-21 04:45:00,25.869,32.919705091972354
2020-05-21 05:00:00,25.869,33.03192031875412
2020-05-21 05:15:00,25.6495,32.915614448575546
2020-05-21 05:30:00,25.6495,33.19324008775285
2020-05-21 05:45:00,25.43,33.35331611233357
2020-05-21 06:00:00,25.43,33.43289477403242
2020-05-21 06:15:00,25.43,34.44492294284079
2020-05-21 06:30:00,25.43,34.69534297399237
2020-05-21 06:45:00,25.43,34.90509217645527
2020-05-21 07:00:00,25.43,35.04462431828792
2020-05-21 07:15:00,25.43,34.86481356739742
2020-05-21 07:30:00,25.43,34.716420581896614
2020-05-21 07:45:00,25.6495,34.26607089463646
2020-05-21 08:00:00,25.6495,33.77473327920988
2020-05-21 08:15:00,25.6495,33.549841531556574
2020-05-21 08:30:00,25.869,33.0280580118057
2020-05-21 08:45:00,25.869,33.39947721000812
2020-05-21 09:00:00,26.0885,32.75929067131908
2020-05-21 09:15:00,26.0885,32.747435606222105
2020-05-21 09:30:00,26.3085,32.22182043934236
2020-05-21 09:45:00,26.5285,31.56228905811871
2020-05-21 10:00:00,26.9675,31.297705359599743
2020-05-21 10:15:00,26.9675,30.774212504782234
2020-05-21 10:30:00,27.1875,30.713907587293754
2020-05-21 10:45:00,27.4075,30.84677823280406
2020-05-21 11:00:00,27.627,30.69224267681231
2020-05-21 11:15:00,27.8465,30.672371252893345
2020-05-21 11:30:00,27.8465,30.676859849356834
2020-05-21 11:45:00,28.0665,30.633150669199367
2020-05-21 12:00:00,28.2865,31.308835906670605
2020-05-21 12:15:00,28.7255,31.869879812701722
2020-05-21 12:30:00,28.7255,32.246462842143686
2020-05-21 12:45:00,29.165,32.77908875988489
2020-05-21 13:00:00,29.165,32.7400372135666
2020-05-21 13:15:00,29.6045,32.52221761724969
2020-05-21 13:30:00,29.6045,32.54193460969741
2020-05-21 13:45:00,29.6045,32.66634387713001
2020-05-21 14:00:00,29.824,31.863131846112136
2020-05-21 14:15:00,29.824,31.406601689033796
2020-05-21 14:30:00,29.824,32.4203301517829
2020-05-21 14:45:00,29.824,32.645305589258925
2020-05-21 15:00:00,29.824,32.713353059953725
2020-05-21 15:15:00,29.824,32.63892261140248
2020-05-21 15:30:00,29.6045,32.735617329650125
2020-05-21 15:45:00,29.6045,32.66326261180214
2020-05-21 16:00:00,29.6045,32.69473672741171
2020-05-21 16:15:00,29.6045,32.79186868760107
2020-05-21 16:30:00,29.385,32.70203146315264
2020-05-21 16:45:00,29.385,32.57317078670077
2020-05-21 17:00:00,29.385,32.74913329334581
2020-05-21 17:15:00,29.385,32.550237925479514
2020-05-21 17:30:00,29.165,33.226763798582525
2020-05-21 17:45:00,28.7255,32.78261501657333
2020-05-21 18:00:00,28.0665,32.58199905272185
2020-05-21 18:15:00,27.4075,33.39804516108408
2020-05-21 18:30:00,27.4075,32.81665849186745
2020-05-21 18:45:00,27.4075,32.68723798830371
2020-05-21 19:00:00,27.627,32.82984883671342
2020-05-21 19:15:00,27.8465,32.58996262601964
2020-05-21 19:30:00,28.0665,32.72191316722244
2020-05-21 19:45:00,28.0665,32.199940583648555
2020-05-21 20:00:00,28.506,32.59716870033506
2020-05-21 20:15:00,28.506,32.44949390403589
2020-05-21 20:30:00,28.506,31.771083566971065
2020-05-21 20:45:00,28.506,32.460801430152195
2020-05-21 21:00:00,28.945,32.747883939808695
2020-05-21 21:15:00,28.945,32.70451677315094
2020-05-21 21:30:00,28.945,33.157404316043184
2020-05-21 21:45:00,28.945,32.690788111432134
2020-05-21 22:00:00,28.945,32.60198263450787
2020-05-21 22:15:00,28.945,32.80711310791206
2020-05-21 22:30:00,28.945,32.77136638381016
2020-05-21 22:45:00,28.945,33.27638128025088
2020-05-21 23:00:00,28.945,33.44370594580645
2020-05-21 23:15:00,28.945,33.63095456798211
2020-05-21 23:30:00,28.945,33.29627781599011
2020-05-21 23:45:00,29.165,33.27463330226252
2020-05-22 00:00:00,29.165,33.008967241169366
2020-05-22 00:15:00,29.165,32.817682186192684
2020-05-22 00:30:00,29.165,32.96722543575217
2020-05-22 00:45:00,29.165,32.559772828484064
2020-05-22 01:00:00,29.165,32.6547522417615
2020-05-22 01:15:00,29.165,32.85473529263357
2020-05-22 01:30:00,29.165,32.5891855481689
2020-05-22 01:45:00,29.165,32.60098421072866
2020-05-22 02:00:00,29.165,32.88226836486408
2020-05-22 02:15:00,29.165,32.781042374629465
2020-05-22 02:30:00,29.165,32.7358952866705
2020-05-22 02:45:00,29.165,32.91377242414195
2020-05-22 03:00:00,29.165,32.70026826497795
2020-05-22 03:15:00,29.165,32.86702789295267
2020-05-22 03:30:00,29.165,32.84130615215585
2020-05-22 03:45:00,29.165,32.52953210226958
2020-05-22 04:00:00,29.165,32.78705894007156
2020-05-22 04:15:00,28.9455,33.4938211368549
2020-05-22 04:30:00,28.9455,33.61667399788034
2020-05-22 04:45:00,28.9455,32.84647236434235
2020-05-22 05:00:00,28.9455,32.89747827706477
2020-05-22 05:15:00,28.9455,32.90058268667335
2020-05-22 05:30:00,28.9455,32.88270387454703
2020-05-22 05:45:00,29.165,32.79972959158971
2020-05-22 06:00:00,29.165,32.53569921897745
2020-05-22 06:15:00,29.165,32.731566885909004
2020-05-22 06:30:00,29.165,32.87139879373644
2020-05-22 06:45:00,29.165,32.832344444813685
2020-05-22 07:00:00,29.385,32.654141550317426
2020-05-22 07:15:00,29.385,32.683940997698286
2020-05-22 07:30:00,29.385,32.80978774943515
2020-05-22 07:45:00,29.385,32.79813141754751
2020-05-22 08:00:00,28.945,33.02500432575034
2020-05-22 08:15:00,28.945,32.994913464415845
2020-05-22 08:30:00,28.945,32.23368047247266
2020-05-22 08:45:00,28.945,32.65664320462076
2020-05-22 09:00:00,28.945,32.65902753489648
2020-05-22 09:15:00,29.165,32.580524598874554
2020-05-22 09:30:00,29.165,32.55954513283129
2020-05-22 09:45:00,29.165,33.33043769440393
2020-05-22 10:00:00,28.9455,32.861102552762794
2020-05-22 10:15:00,28.9455,29.932994752213382
2020-05-22 10:30:00,28.7255,28.990849743171133
2020-05-22 10:45:00,28.7255,24.84474815268645
2020-05-22 11:00:00,28.506,25.23762397998079
2020-05-22 11:15:00,28.506,24.860430914175886
2020-05-22 11:30:00,28.506,24.34861196558165
2020-05-22 11:45:00,28.0665,24.134830923888696
2020-05-22 12:00:00,27.627,24.467987101084734
2020-05-22 12:15:00,26.748,24.386384297303007
2020-05-22 12:30:00,25.869,25.62665396755828
2020-05-22 12:45:00,25.649,28.179601683472253
2020-05-22 13:00:00,25.4295,26.427380762693666
2020-05-22 13:15:00,25.21,25.684275714963643
2020-05-22 13:30:00,24.9905,26.50275821578093
2020-05-22 13:45:00,24.9905,28.152320234708352
2020-05-22 14:00:00,24.9905,30.465793700406543
2020-05-22 14:15:00,25.21,30.09518371601923
2020-05-22 14:30:00,25.21,30.3511189530794
2020-05-22 14:45:00,25.43,29.806404496475473
2020-05-22 15:00:00,25.43,28.965886147353295
2020-05-22 15:15:00,25.6495,30.330356070723475
2020-05-22 15:30:00,25.6495,30.292017803716757
2020-05-22 15:45:00,26.089,30.88997562172312
2020-05-22 16:00:00,26.089,32.17110318720678
2020-05-22 16:15:00,26.089,32.504356416848545
2020-05-22 16:30:00,26.089,32.61990321140499
2020-05-22 16:45:00,26.089,32.52683284395494
2020-05-22 17:00:00,26.089,32.61341593184098
2020-05-22 17:15:00,25.869,32.60320967645873
2020-05-22 17:30:00,25.869,32.59888953724762
2020-05-22 17:45:00,25.869,32.53691960479837
2020-05-22 18:00:00,25.869,32.61053279007582
2020-05-22 18:15:00,25.869,32.682897209313616
2020-05-22 18:30:00,25.869,32.67936670902285
2020-05-22 18:45:00,25.869,32.88847593985535
2020-05-22 19:00:00,26.0885,33.11969685539256
2020-05-22 19:15:00,26.0885,32.83989111349721
2020-05-22 19:30:00,26.0885,32.939429514206104
2020-05-22 19:45:00,26.3085,32.43218102961676
2020-05-22 20:00:00,26.5285,30.673609055342293
2020-05-22 20:15:00,26.5285,31.6290973970769
2020-05-22 20:30:00,26.5285,31.88090222852122
2020-05-22 20:45:00,26.5285,32.17382319393612
2020-05-22 21:00:00,26.5285,32.66629054859789
2020-05-22 21:15:00,26.5285,32.71545899961754
2020-05-22 21:30:00,26.5285,32.80820381172814
2020-05-22 21:45:00,26.9675,32.621455815279994
2020-05-22 22:00:00,26.9675,32.461508702263856
2020-05-22 22:15:00,26.9675,32.485604495755894
2020-05-22 22:30:00,26.9675,32.29730364957222
2020-05-22 22:45:00,26.9675,32.23593772198846
2020-05-22 23:00:00,26.9675,32.39355439047751
2020-05-22 23:15:00,26.9675,32.212011549820794
2020-05-22 23:30:00,26.9675,32.30533387084963
2020-05-22 23:45:00,26.9675,32.283911198038346
2020-05-23 00:00:00,26.9675,32.2051218034273
2020-05-23 00:15:00,26.9675,32.24001722875503
2020-05-23 00:30:00,26.9675,32.267814161680256
2020-05-23 00:45:00,26.9675,32.20607408469127
2020-05-23 01:00:00,26.748,32.29554383816037
2020-05-23 01:15:00,26.748,32.39864918411665
2020-05-23 01:30:00,26.748,32.330691974594245
2020-05-23 01:45:00,26.748,32.25321156222504
2020-05-23 02:00:00,26.748,32.3417188522063
2020-05-23 02:15:00,26.5285,32.21362766156572
2020-05-23 02:30:00,26.3085,32.13665386990717
2020-05-23 02:45:00,26.3085,32.23888186870922
2020-05-23 03:00:00,25.869,32.25264762365189
2020-05-23 03:15:00,25.869,32.37869447108298
2020-05-23 03:30:00,25.43,32.31833284002391
2020-05-23 03:45:00,25.43,32.240801661458896
2020-05-23 04:00:00,25.43,32.318696800790796
2020-05-23 04:15:00,24.99,32.2687140209264
2020-05-23 04:30:00,24.99,32.18061840827651
2020-05-23 04:45:00,24.7705,32.23476256611715
2020-05-23 05:00:00,24.551,32.294731032779616
2020-05-23 05:15:00,24.551,32.671041518923964
2020-05-23 05:30:00,24.551,32.90998762828741
2020-05-23 05:45:00,24.551,32.24143232265165
2020-05-23 06:00:00,24.331,32.072576745654935
2020-05-23 06:15:00,24.331,32.14195330771386
2020-05-23 06:30:00,24.331,32.34644347841675
2020-05-23 06:45:00,24.551,32.385451608776336
2020-05-23 07:00:00,24.551,32.401346920893474
2020-05-23 07:15:00,24.99,32.29621604300219
2020-05-23 07:30:00,25.6495,32.2724983635786
2020-05-23 07:45:00,26.089,32.3876696229227
2020-05-23 08:00:00,26.748,32.72908422003362
2020-05-23 08:15:00,27.627,33.15721226354459
2020-05-23 08:30:00,28.286,32.99466743618972
2020-05-23 08:45:00,29.165,32.645042398395184
2020-05-23 09:00:00,29.824,32.60423330026693
2020-05-23 09:15:00,30.703,32.588278875042626
2020-05-23 09:30:00,31.582,32.58403598618919
2020-05-23 09:45:00,32.2415,32.46232146395239
2020-05-23 10:00:00,33.12,33.01470947338884
2020-05-23 10:15:00,34.2185,33.450784611282266
2020-05-23 10:30:00,35.3175,32.82387323289821
2020-05-23 10:45:00,36.1965,32.41134292508599
2020-05-23 11:00:00,37.0755,32.22133283437442
2020-05-23 11:15:00,37.954,32.37468065656774
2020-05-23 11:30:00,38.613,32.445684150500696
2020-05-23 11:45:00,38.833,32.41134292508599
2020-05-23 12:00:00,38.833,32.42388041364398
2020-05-23 12:15:00,39.2725,32.35002306214123
2020-05-23 12:30:00,39.2725,32.441511285958754
2020-05-23 12:45:00,39.9315,32.47876473870925
2020-05-23 13:00:00,40.5905,32.39347985271765
2020-05-23 13:15:00,41.0305,32.5092678717911
2020-05-23 13:30:00,41.6895,32.493128975864806
2020-05-23 13:45:00,41.909,31.230293498656863
2020-05-23 14:00:00,42.129,32.28341941645156
2020-05-23 14:15:00,42.129,32.439976221549166
2020-05-23 14:30:00,42.129,31.21279770559213
2020-05-23 14:45:00,42.3485,31.129570983292943
2020-05-23 15:00:00,42.3485,30.77726434600538
2020-05-23 15:15:00,42.3485,30.596396639725754
2020-05-23 15:30:00,41.909,30.82983271336731
2020-05-23 15:45:00,41.0305,30.630275282695624
2020-05-23 16:00:00,40.3715,30.687709328466628
2020-05-23 16:15:00,39.712,32.01065979239901
2020-05-23 16:30:00,39.2725,32.09740536779537
2020-05-23 16:45:00,38.613,32.352438582411736
2020-05-23 17:00:00,38.174,32.49720184298162
2020-05-23 17:15:00,37.734,32.61705410175111
2020-05-23 17:30:00,37.295,32.376250536043464
2020-05-23 17:45:00,36.8555,32.61477008162832
2020-05-23 18:00:00,36.6355,32.54126611115323
2020-05-23 18:15:00,36.1965,32.42009560770593
2020-05-23 18:30:00,35.9765,32.450217271407205
2020-05-23 18:45:00,35.537,32.56084782348773
2020-05-23 19:00:00,35.0975,32.398688737840146
2020-05-23 19:15:00,34.4385,32.3510859443539
2020-05-23 19:30:00,33.7795,32.443238036465836
2020-05-23 19:45:00,33.12,32.4163857588265
2020-05-23 20:00:00,32.681,32.29131787830479
2020-05-23 20:15:00,32.241,32.43070647326886
2020-05-23 20:30:00,31.802,32.33846404570225
2020-05-23 20:45:00,31.1425,32.26190464158443
2020-05-23 21:00:00,30.703,32.42172061593884
2020-05-23 21:15:00,30.2635,32.447990981206644
2020-05-23 21:30:00,29.824,32.42157526860198
2020-05-23 21:45:00,29.6045,32.60215100368354
2020-05-23 22:00:00,29.165,32.403588531760356
2020-05-23 22:15:00,28.945,32.3784061255579
2020-05-23 22:30:00,28.7255,32.578316468737256
2020-05-23 22:45:00,28.506,31.218998520185526
2020-05-23 23:00:00,28.286,31.320234139542396
2020-05-23 23:15:00,28.0665,31.50397392504816
2020-05-23 23:30:00,27.847,31.202644008723908
2020-05-23 23:45:00,27.627,32.3218464669502
2020-05-24 00:00:00,27.407,32.27279552392198
2020-05-24 00:15:00,27.1875,32.573929221009344
2020-05-24 00:30:00,27.1875,32.484228965204245
2020-05-24 00:45:00,26.968,32.555350463072756
2020-05-24 01:00:00,26.748,32.61139511535205
2020-05-24 01:15:00,26.748,33.14106391426784
2020-05-24 01:30:00,26.528,32.908600970382544
2020-05-24 01:45:00,26.528,32.84333284017449
2020-05-24 02:00:00,26.3085,32.839835864058315
2020-05-24 02:15:00,26.3085,32.86202573731166
2020-05-24 02:30:00,26.089,32.86327855988534
2020-05-24 02:45:00,25.869,32.61795303454112
2020-05-24 03:00:00,25.869,32.65119011150617
2020-05-24 03:15:00,25.869,32.63989115855928
2020-05-24 03:30:00,25.43,32.658852767005264
2020-05-24 03:45:00,25.43,33.457168508517796
2020-05-24 04:00:00,25.43,33.36521440987761
2020-05-24 04:15:00,25.21,32.92474464113845
2020-05-24 04:30:00,24.99,32.94303763543695
2020-05-24 04:45:00,24.99,33.49942360318747
2020-05-24 05:00:00,24.7705,33.67992606605005
2020-05-24 05:15:00,24.7705,32.840452092030375
2020-05-24 05:30:00,24.551,32.620975994420384
2020-05-24 05:45:00,24.551,33.453001726632145
2020-05-24 06:00:00,24.551,33.18852529169261
2020-05-24 06:15:00,24.551,32.70161800315628
2020-05-24 06:30:00,24.99,33.32872351889743
2020-05-24 06:45:00,25.21,32.80911015317887
2020-05-24 07:00:00,25.6495,32.91388823196269
2020-05-24 07:15:00,26.089,33.128471759270255
2020-05-24 07:30:00,26.968,33.04215919916058
2020-05-24 07:45:00,27.407,32.927680304331865
2020-05-24 08:00:00,27.847,32.94214186109744
2020-05-24 08:15:00,28.5055,33.057164811569166
2020-05-24 08:30:00,28.9455,32.95811128652919
2020-05-24 08:45:00,29.6045,32.81235793640721
2020-05-24 09:00:00,30.2635,32.38622611452969
2020-05-24 09:15:00,30.923,32.281220693529455
2020-05-24 09:30:00,31.582,31.641293390542696
2020-05-24 09:45:00,32.241,31.314697729733815
2020-05-24 10:00:00,32.461,32.082384820394886
2020-05-24 10:15:00,32.461,32.38418186878686
2020-05-24 10:30:00,32.461,32.296330902318445
2020-05-24 10:45:00,32.241,32.38800205891715
2020-05-24 11:00:00,31.582,32.40628884516518
2020-05-24 11:15:00,31.362,32.28200607258845
2020-05-24 11:30:00,31.362,32.3789986709209
2020-05-24 11:45:00,31.582,41.197857621465225
2020-05-24 12:00:00,31.802,38.691289146381884
2020-05-24 12:15:00,32.461,36.46197057504083
2020-05-24 12:30:00,33.5595,40.804876945840455
2020-05-24 12:45:00,34.878,36.7284549291618
2020-05-24 13:00:00,35.9765,34.81247770052216
2020-05-24 13:15:00,36.6355,35.77552345626053
2020-05-24 13:30:00,37.0755,33.05518769486238
2020-05-24 13:45:00,37.734,32.875288534553256
2020-05-24 14:00:00,38.3935,33.699247670285644
2020-05-24 14:15:00,38.833,34.11655074411355
2020-05-24 14:30:00,39.2725,33.81942132167811
2020-05-24 14:45:00,39.4925,33.29204898231102
2020-05-24 15:00:00,39.4925,34.381733194961285
2020-05-24 15:15:00,39.0525,35.60902171402894
2020-05-24 15:30:00,38.833,35.16322648706364
2020-05-24 15:45:00,38.1735,34.267349127252686
2020-05-24 16:00:00,37.7345,36.26893428853152
2020-05-24 16:15:00,37.5145,35.15013086377975
2020-05-24 16:30:00,37.295,35.20031314847361
2020-05-24 16:45:00,36.8555,37.49494224619966
2020-05-24 17:00:00,36.6355,36.631280206872404
2020-05-24 17:15:00,36.1965,37.10963044247358
2020-05-24 17:30:00,35.9765,36.717375846302325
2020-05-24 17:45:00,35.9765,35.71409995494756
2020-05-24 18:00:00,35.537,36.94633976729446
2020-05-24 18:15:00,35.537,36.53468611300566
2020-05-24 18:30:00,35.0975,36.884631420218376
2020-05-24 18:45:00,34.878,36.54010755535189
2020-05-24 19:00:00,34.878,37.99743154032804
2020-05-24 19:15:00,34.878,36.415827025342914
2020-05-24 19:30:00,34.658,34.78321815437092
2020-05-24 19:45:00,34.658,34.92796336795547
2020-05-24 20:00:00,34.4385,34.86356997251979
2020-05-24 20:15:00,34.219,34.87011823699541
2020-05-24 20:30:00,34.219,35.33833515062361
2020-05-24 20:45:00,33.779,36.44861222772203
2020-05-24 21:00:00,33.779,36.867588676729575
2020-05-24 21:15:00,33.779,36.87465072647695
2020-05-24 21:30:00,33.779,38.46635463121151
2020-05-24 21:45:00,33.5595,37.69600219588762
2020-05-24 22:00:00,33.34,37.07866722342711
2020-05-24 22:15:00,33.34,37.28568503814218
2020-05-24 22:30:00,33.34,36.28648808589408
2020-05-24 22:45:00,33.34,36.17481789405458
2020-05-24 23:00:00,32.461,35.4081641610013
2020-05-24 23:15:00,31.8015,35.71379551514983
2020-05-24 23:30:00,30.703,35.74639279802599
2020-05-24 23:45:00,30.2635,35.684147465398944
2020-05-25 00:00:00,29.824,34.71715835674559
2020-05-25 00:15:00,29.6045,34.70557664605736
2020-05-25 00:30:00,29.6045,34.12444487164581
2020-05-25 00:45:00,29.3845,33.94430711314151
2020-05-25 01:00:00,29.3845,33.71846931758875
2020-05-25 01:15:00,29.3845,33.56318819649182
2020-05-25 01:30:00,29.3845,33.59470785976281
2020-05-25 01:45:00,29.3845,33.64272812390456
2020-05-25 02:00:00,29.3845,33.500898344528046
2020-05-25 02:15:00,29.3845,32.845710493372835
2020-05-25 02:30:00,29.3845,32.89770764077698
2020-05-25 02:45:00,29.3845,32.826149487483676
2020-05-25 03:00:00,29.6045,32.68190050585159
2020-05-25 03:15:00,29.6045,33.43397829637506
2020-05-25 03:30:00,29.6045,33.24267429808267
2020-05-25 03:45:00,29.6045,32.8359187749837
2020-05-25 04:00:00,29.6045,33.62398790838508
2020-05-25 04:15:00,29.6045,32.797188657927684
2020-05-25 04:30:00,29.6045,33.30914562955097
2020-05-25 04:45:00,29.6045,33.32225459922006
2020-05-25 05:00:00,29.6045,32.87031367418933
2020-05-25 05:15:00,29.6045,32.754703293119185
2020-05-25 05:30:00,29.6045,32.84284081162631
2020-05-25 05:45:00,29.6045,32.78783321281826
2020-05-25 06:00:00,29.6045,32.959564894288285
2020-05-25 06:15:00,29.6045,33.03830811091293
2020-05-25 06:30:00,29.6045,33.20559067091448
2020-05-25 06:45:00,29.6045,33.473658900766196
2020-05-25 07:00:00,29.824,33.41524442171165
2020-05-25 07:15:00,29.824,33.29728484154598
2020-05-25 07:30:00,30.2635,33.64275363628804
2020-05-25 07:45:00,30.2635,32.986717352431135
2020-05-25 08:00:00,30.4835,33.1363233130522
2020-05-25 08:15:00,30.703,33.3413971113383
2020-05-25 08:30:00,30.703,32.73377245215174
2020-05-25 08:45:00,30.703,33.71369808826001
2020-05-25 09:00:00,30.9225,33.90154371873115
2020-05-25 09:15:00,31.3625,33.907781482020376
2020-05-25 09:30:00,31.8015,35.68882784329914
2020-05-25 09:45:00,31.8015,35.46137640503739
2020-05-25 10:00:00,31.8015,35.61573715916668
2020-05-25 10:15:00,31.8015,34.685577544053146
2020-05-25 10:30:00,31.8015,34.11448280499755
2020-05-25 10:45:00,31.8015,33.70190825876359
2020-05-25 11:00:00,31.582,33.62542612025431
2020-05-25 11:15:00,31.582,33.40047091539594
2020-05-25 11:30:00,31.362,32.939956973356374
2020-05-25 11:45:00,31.362,34.57008370950722
2020-05-25 12:00:00,31.362,34.952698354176135
2020-05-25 12:15:00,31.362,35.34637106696743
2020-05-25 12:30:00,31.582,35.85542022534264
2020-05-25 12:45:00,31.802,35.51347310695396
2020-05-25 13:00:00,32.241,36.020695038819305
2020-05-25 13:15:00,32.681,35.002634402492774
2020-05-25 13:30:00,33.34,34.74591645551319
2020-05-25 13:45:00,33.779,35.7084556489342
2020-05-25 14:00:00,34.219,35.1716498082359
2020-05-25 14:15:00,34.219,33.794344924155126
2020-05-25 14:30:00,34.219,34.35765316672733
2020-05-25 14:45:00,33.999,33.938359790873065
2020-05-25 15:00:00,33.779,35.14862544312528
2020-05-25 15:15:00,33.779,35.820554435124826
2020-05-25 15:30:00,33.779,35.33119880758275
2020-05-25 15:45:00,33.5595,34.018966107067634
2020-05-25 16:00:00,33.34,35.550825773128835
2020-05-25 16:15:00,33.12,35.13650729941719
2020-05-25 16:30:00,33.12,36.40507426561781
2020-05-25 16:45:00,33.12,37.77729362841153
2020-05-25 17:00:00,33.12,37.00062343689116
2020-05-25 17:15:00,33.12,37.90512987445618
2020-05-25 17:30:00,32.9005,35.90046822806989
2020-05-25 17:45:00,31.362,37.33550434074925
2020-05-25 18:00:00,29.385,38.71544522057248
2020-05-25 18:15:00,28.2865,38.9265491588217
2020-05-25 18:30:00,28.0665,39.57316923472524
2020-05-25 18:45:00,27.627,37.99011488840266
2020-05-25 19:00:00,26.9675,39.048053072069656
2020-05-25 19:15:00,26.748,37.65128234795517
2020-05-25 19:30:00,26.748,35.68105758504897
2020-05-25 19:45:00,26.748,35.98410081121195
2020-05-25 20:00:00,27.1875,35.94006798599962
2020-05-25 20:15:00,27.1875,35.57027803810012
2020-05-25 20:30:00,27.1875,36.457291387910246
2020-05-25 20:45:00,27.1875,38.20238720987006
2020-05-25 21:00:00,27.1875,37.74139578595557
2020-05-25 21:15:00,27.1875,38.191837768825344
2020-05-25 21:30:00,27.1875,38.13771007103556
2020-05-25 21:45:00,27.1875,36.00311313192406
2020-05-25 22:00:00,27.1875,35.617156300157795
2020-05-25 22:15:00,26.968,35.76555313961504
2020-05-25 22:30:00,26.968,35.68109093549239
2020-05-25 22:45:00,26.748,36.099354071674355
2020-05-25 23:00:00,26.528,36.90527207092059
2020-05-25 23:15:00,26.528,36.372318089576204
2020-05-25 23:30:00,26.528,36.130586234377446
2020-05-25 23:45:00,26.528,34.97971683029688
2020-05-26 00:00:00,26.528,34.010929979768676
2020-05-26 00:15:00,26.528,34.38328977838818
2020-05-26 00:30:00,26.528,34.10888500954586
2020-05-26 00:45:00,26.528,34.10206529470677
2020-05-26 01:00:00,26.748,34.25238859868734
2020-05-26 01:15:00,26.748,33.48310232296553
2020-05-26 01:30:00,26.748,33.49802152434998
2020-05-26 01:45:00,26.748,33.57304559648636
2020-05-26 02:00:00,26.9675,33.06299179968345
2020-05-26 02:15:00,27.1875,33.08895754520165
2020-05-26 02:30:00,27.1875,33.03456282266008
2020-05-26 02:45:00,27.1875,33.07530597245534
2020-05-26 03:00:00,27.1875,33.0010825318636
2020-05-26 03:15:00,27.1875,32.71803365682161
2020-05-26 03:30:00,27.1875,33.394149166755724
2020-05-26 03:45:00,27.1875,32.671366940613765
2020-05-26 04:00:00,27.1875,32.79500813852652
2020-05-26 04:15:00,27.1875,33.13037442259643
2020-05-26 04:30:00,27.1875,32.93387049534739
2020-05-26 04:45:00,27.1875,32.79236382414904
2020-05-26 05:00:00,27.1875,32.90764933601753
2020-05-26 05:15:00,27.1875,32.85757292357341
2020-05-26 05:30:00,27.1875,32.89095225672553
2020-05-26 05:45:00,27.1875,33.4967353019821
2020-05-26 06:00:00,27.1875,33.64030870914953
2020-05-26 06:15:00,27.407,33.86157271498177
2020-05-26 06:30:00,27.407,33.75711010167982
2020-05-26 06:45:00,27.407,33.08999034110885
2020-05-26 07:00:00,27.407,34.148324823698935
2020-05-26 07:15:00,27.627,33.96951194853834
2020-05-26 07:30:00,27.627,33.934530258292845
2020-05-26 07:45:00,27.627,33.34045071275895
2020-05-26 08:00:00,27.627,33.578127122146554
2020-05-26 08:15:00,27.847,33.74724747236892
2020-05-26 08:30:00,28.0665,33.40348956936914
2020-05-26 08:45:00,28.286,33.98524242104313
2020-05-26 09:00:00,28.506,34.39612679702441
2020-05-26 09:15:00,28.506,34.93453225351301
2020-05-26 09:30:00,28.7255,33.450839405590955
2020-05-26 09:45:00,28.945,34.83220436581864
2020-05-26 10:00:00,28.945,33.94660372988754
2020-05-26 10:15:00,28.945,32.755279155106486
2020-05-26 10:30:00,29.385,34.45880979015213
2020-05-26 10:45:00,29.385,34.067947687050705
2020-05-26 11:00:00,29.385,32.99073458947742
2020-05-26 11:15:00,29.824,34.11314284295669
2020-05-26 11:30:00,29.824,35.08670054847768
2020-05-26 11:45:00,30.2635,37.766735653230086
2020-05-26 12:00:00,30.2635,36.937632118579444
2020-05-26 12:15:00,30.703,36.849716489490135
2020-05-26 12:30:00,30.703,36.39556275821175
2020-05-26 12:45:00,31.1425,36.42042062682103
2020-05-26 13:00:00,31.582,36.09665156191955
2020-05-26 13:15:00,32.0215,36.21907369976925
2020-05-26 13:30:00,32.2415,36.803894877932485
2020-05-26 13:45:00,32.461,35.82405678097004
2020-05-26 14:00:00,32.6805,36.68305767941085
2020-05-26 14:15:00,32.6805,36.166136669509335
2020-05-26 14:30:00,33.1205,35.67009264737746
2020-05-26 14:45:00,33.1205,35.04213563738306
2020-05-26 15:00:00,33.34,35.161515561966766
2020-05-26 15:15:00,33.5595,35.54719579415171
2020-05-26 15:30:00,33.5595,35.29124741062885
2020-05-26 15:45:00,33.5595,35.79993419491964
2020-05-26 16:00:00,33.34,35.884454224826804
2020-05-26 16:15:00,33.34,37.65249092007231
2020-05-26 16:30:00,33.34,36.86722033542079
2020-05-26 16:45:00,33.34,37.198077717467
2020-05-26 17:00:00,33.34,39.781316192530134
2020-05-26 17:15:00,33.34,39.78556077994597
2020-05-26 17:30:00,33.34,39.926799276486776
2020-05-26 17:45:00,33.12,39.29107928660992
2020-05-26 18:00:00,32.9005,37.41522582600118
2020-05-26 18:15:00,32.9005,37.86328313027289
2020-05-26 18:30:00,32.9005,35.87075646430822
2020-05-26 18:45:00,32.681,34.80056539059182
2020-05-26 19:00:00,32.461,36.62565258720618
2020-05-26 19:15:00,32.461,36.55547939874257
2020-05-26 19:30:00,32.241,35.19891740034213
2020-05-26 19:45:00,32.241,35.80333057559082
2020-05-26 20:00:00,32.0215,36.80476243936291
2020-05-26 20:15:00,31.802,36.52997003773972
2020-05-26 20:30:00,31.802,35.96205049330493
2020-05-26 20:45:00,31.802,35.664581865645346
2020-05-26 21:00:00,31.802,36.654274304770965
2020-05-26 21:15:00,31.582,36.71512965073599
2020-05-26 21:30:00,31.582,36.57409000802308
2020-05-26 21:45:00,31.582,37.63959130040936
2020-05-26 22:00:00,31.582,37.54200732936998
2020-05-26 22:15:00,31.582,36.05015827313696
2020-05-26 22:30:00,31.582,35.515109081803544
2020-05-26 22:45:00,31.582,36.3673871936643
2020-05-26 23:00:00,31.582,35.04197603525423
2020-05-26 23:15:00,31.1425,35.90206508138248
2020-05-26 23:30:00,31.1425,34.92007065649584
2020-05-26 23:45:00,31.1425,35.221591300720654
2020-05-27 00:00:00,31.1425,34.73288718855398
2020-05-27 00:15:00,31.1425,33.599466365613544
2020-05-27 00:30:00,30.703,34.01628068560532
2020-05-27 00:45:00,30.703,34.13245563436515
2020-05-27 01:00:00,30.703,33.069752911253865
2020-05-27 01:15:00,30.703,33.5356379776982
2020-05-27 01:30:00,30.703,33.5784792517626
2020-05-27 01:45:00,30.703,33.309795683310185
2020-05-27 02:00:00,30.483,33.42773882424741
2020-05-27 02:15:00,30.483,33.081994350984374
2020-05-27 02:30:00,30.483,33.59934637129495
2020-05-27 02:45:00,30.2635,33.11659254852808
2020-05-27 03:00:00,30.2635,33.29536540142472
2020-05-27 03:15:00,30.2635,33.027548821017994
2020-05-27 03:30:00,30.2635,32.84043486716354
2020-05-27 03:45:00,30.2635,33.08406049829491
2020-05-27 04:00:00,30.2635,32.12800026581956
2020-05-27 04:15:00,30.2635,32.97706414732208
2020-05-27 04:30:00,30.2635,33.290358259408855
2020-05-27 04:45:00,30.2635,32.23798878193736
2020-05-27 05:00:00,30.044,33.40829685096978
2020-05-27 05:15:00,30.044,31.885777000523706
2020-05-27 05:30:00,30.044,32.686242753159746
2020-05-27 05:45:00,30.044,33.38090144925072
2020-05-27 06:00:00,30.044,32.8345181726934
2020-05-27 06:15:00,30.044,33.32217180596836
2020-05-27 06:30:00,30.044,33.4439115024505
2020-05-27 06:45:00,30.044,33.954341391784915
2020-05-27 07:00:00,30.044,33.29068682102661
2020-05-27 07:15:00,30.2635,33.58372656617953
2020-05-27 07:30:00,30.2635,34.52932665454028
2020-05-27 07:45:00,30.2635,34.11947244958024
2020-05-27 08:00:00,30.2635,34.584301470310535
2020-05-27 08:15:00,30.2635,33.295211424770024
2020-05-27 08:30:00,29.824,33.050016326803835
2020-05-27 08:45:00,29.6045,33.96136506834976
2020-05-27 09:00:00,29.6045,33.28043038694357
2020-05-27 09:15:00,29.6045,34.76085508362504
2020-05-27 09:30:00,29.824,35.1730152445547
2020-05-27 09:45:00,29.824,34.53488285177384
2020-05-27 10:00:00,29.824,34.80415297210711
2020-05-27 10:15:00,30.2635,33.3575896299616
2020-05-27 10:30:00,30.4835,34.209902004751484
2020-05-27 10:45:00,30.9225,34.238902516849826
2020-05-27 11:00:00,31.1425,33.48847303446025
2020-05-27 11:15:00,31.3625,32.914506435907555
2020-05-27 11:30:00,31.8015,34.348091655326066
2020-05-27 11:45:00,32.2415,35.442999912182216
2020-05-27 12:00:00,32.461,35.63777476854279
2020-05-27 12:15:00,32.6805,36.12684925261359
2020-05-27 12:30:00,33.1205,36.795143300031185
2020-05-27 12:45:00,33.5595,36.87737069466354
2020-05-27 13:00:00,34.219,35.57949876725615
2020-05-27 13:15:00,34.8775,36.41039881236885
2020-05-27 13:30:00,35.0975,36.26883608960976
2020-05-27 13:45:00,35.3175,35.20007412911202
2020-05-27 14:00:00,35.7565,36.22912268099552
2020-05-27 14:15:00,35.7565,35.97707051366607
2020-05-27 14:30:00,36.6355,34.52678055876648
2020-05-27 14:45:00,37.7345,34.8289660527899
2020-05-27 15:00:00,38.174,35.24142754376227
2020-05-27 15:15:00,38.3935,34.14266140228354
2020-05-27 15:30:00,38.3935,34.328812555530924
2020-05-27 15:45:00,38.613,35.626396872036906
2020-05-27 16:00:00,38.613,35.74848226458767
2020-05-27 16:15:00,38.613,36.661127898469275
2020-05-27 16:30:00,38.613,36.6897655178631
2020-05-27 16:45:00,39.053,37.27601362861037
2020-05-27 17:00:00,39.053,37.208571294518045
2020-05-27 17:15:00,39.053,36.46354598844552
2020-05-27 17:30:00,39.053,37.68203424367416
2020-05-27 17:45:00,38.613,35.98665216145751
2020-05-27 18:00:00,38.3935,36.87335256019106
2020-05-27 18:15:00,38.174,36.79808860079936
2020-05-27 18:30:00,37.7345,36.5909817636694
2020-05-27 18:45:00,37.515,37.84028165379618
2020-05-27 19:00:00,37.075,36.78089459202715
2020-05-27 19:15:00,36.8555,37.92651723944608
2020-05-27 19:30:00,36.416,36.273854604499995
2020-05-27 19:45:00,35.9765,35.73391156448716
2020-05-27 20:00:00,35.757,35.309077129980665
2020-05-27 20:15:00,35.317,35.73638758859572
2020-05-27 20:30:00,35.0975,36.66003263054744
2020-05-27 20:45:00,34.878,35.92614256124043
2020-05-27 21:00:00,34.658,35.53258630161786
2020-05-27 21:15:00,34.4385,36.4230114522379
2020-05-27 21:30:00,34.219,35.42262565200355
2020-05-27 21:45:00,33.999,35.21001610662604
2020-05-27 22:00:00,33.5595,35.46712958989114
2020-05-27 22:15:00,33.34,34.845304053393605
2020-05-27 22:30:00,33.12,35.30905889208467
2020-05-27 22:45:00,32.9005,34.59444942922461
2020-05-27 23:00:00,32.681,33.61305512118074
2020-05-27 23:15:00,32.461,34.25500710097084
2020-05-27 23:30:00,32.241,34.10404607273401
2020-05-27 23:45:00,32.0215,33.96907649847212
2020-05-28 00:00:00,32.0215,33.43176824152981
2020-05-28 00:15:00,32.0215,33.48876570014837
2020-05-28 00:30:00,31.582,33.24899834167927
2020-05-28 00:45:00,31.582,33.59046891209744
2020-05-28 01:00:00,31.582,33.45132320815534
2020-05-28 01:15:00,31.362,33.708682536628714
2020-05-28 01:30:00,31.1425,33.15809604706002
2020-05-28 01:45:00,31.1425,33.11895392756493
2020-05-28 02:00:00,31.1425,33.40868293006573
2020-05-28 02:15:00,30.923,32.799587034757714
2020-05-28 02:30:00,30.703,32.9375149803897
2020-05-28 02:45:00,30.703,32.842509121369794
2020-05-28 03:00:00,30.703,32.808434251227546
2020-05-28 03:15:00,30.703,32.9281713444795
2020-05-28 03:30:00,30.703,32.786717711591
2020-05-28 03:45:00,30.483,33.00725224060129
2020-05-28 04:00:00,30.2635,31.71159219752965
2020-05-28 04:15:00,30.2635,30.51087733075131
2020-05-28 04:30:00,30.2635,26.9718174151387
2020-05-28 04:45:00,30.2635,24.171782517475307
2020-05-28 05:00:00,30.2635,23.52227408555563
2020-05-28 05:15:00,30.044,26.681582034847604
2020-05-28 05:30:00,29.824,30.340910019446028
2020-05-28 05:45:00,29.824,33.0427340345381
2020-05-28 06:00:00,29.824,33.12807826535027
2020-05-28 06:15:00,29.824,33.16159702948949
2020-05-28 06:30:00,29.824,33.63067937491114
2020-05-28 06:45:00,30.2635,33.25491924480651
2020-05-28 07:00:00,30.2635,34.07770134237623
2020-05-28 07:15:00,30.703,34.18783390811054
2020-05-28 07:30:00,30.923,33.711581083742736
2020-05-28 07:45:00,31.362,34.23689277489741
2020-05-28 08:00:00,31.802,34.0011501099064
2020-05-28 08:15:00,32.241,33.008778879688855
2020-05-28 08:30:00,32.681,33.4259697524676
2020-05-28 08:45:00,33.12,33.064784021675514
2020-05-28 09:00:00,33.5595,33.64867513544985
2020-05-28 09:15:00,33.779,34.04898359142253
2020-05-28 09:30:00,33.999,32.98093739247406
2020-05-28 09:45:00,34.219,33.041626220892475
2020-05-28 10:00:00,34.4385,34.25853457747532
2020-05-28 10:15:00,34.878,33.026708463226456
2020-05-28 10:30:00,35.0975,32.653983513739206
2020-05-28 10:45:00,35.0975,33.811602465591015
2020-05-28 11:00:00,35.537,33.80134724906477
2020-05-28 11:15:00,35.537,33.6976523951846
2020-05-28 11:30:00,36.196,34.95581917373335
2020-05-28 11:45:00,37.075,35.091341623982494
2020-05-28 12:00:00,37.7345,34.35826229631012
2020-05-28 12:15:00,37.7345,34.249506094177
2020-05-28 12:30:00,38.174,34.57801363559026
2020-05-28 12:45:00,38.3935,35.35945871427204
2020-05-28 13:00:00,38.3935,33.45633172851262
2020-05-28 13:15:00,38.3935,35.93828093431655
2020-05-28 13:30:00,38.3935,35.72507855849521
2020-05-28 13:45:00,38.613,34.78702249259486
2020-05-28 14:00:00,38.613,35.91941825299586
2020-05-28 14:15:00,38.613,34.935293513736696
2020-05-28 14:30:00,38.833,36.145854780209895
2020-05-28 14:45:00,39.053,38.10103554855722
2020-05-28 15:00:00,39.053,37.07691425703366
2020-05-28 15:15:00,39.053,36.422300604975135
2020-05-28 15:30:00,39.053,38.66599024258668
2020-05-28 15:45:00,39.053,38.072691585156655
2020-05-28 16:00:00,39.053,37.77958074857684
2020-05-28 16:15:00,39.053,37.48874284430067
2020-05-28 16:30:00,39.053,38.91313454605795
2020-05-28 16:45:00,39.053,37.31377715050764
2020-05-28 17:00:00,39.053,37.169476704957745
2020-05-28 17:15:00,39.053,38.46022298533761
2020-05-28 17:30:00,38.833,37.927512171690324
2020-05-28 17:45:00,38.613,37.60799859094739
2020-05-28 18:00:00,38.174,39.265083698306405
2020-05-28 18:15:00,37.954,37.82229280435454
2020-05-28 18:30:00,37.7345,37.69475518581165
2020-05-28 18:45:00,37.515,38.32151573141323
2020-05-28 19:00:00,37.075,39.14763977022967
2020-05-28 19:15:00,36.8555,39.76707598030254
2020-05-28 19:30:00,36.636,38.31424950371691
2020-05-28 19:45:00,36.416,37.9158529146588
2020-05-28 20:00:00,36.196,37.05454247602431
2020-05-28 20:15:00,35.9765,35.95359267899521
2020-05-28 20:30:00,35.757,36.476761601615145
2020-05-28 20:45:00,35.757,36.92836350334529
2020-05-28 21:00:00,35.537,38.03077542460444
2020-05-28 21:15:00,35.317,39.70134685442872
2020-05-28 21:30:00,35.0975,39.905855993771006
2020-05-28 21:45:00,34.878,40.11694913892289
2020-05-28 22:00:00,34.878,40.33163664338786
2020-05-28 22:15:00,34.658,38.815135571303635
2020-05-28 22:30:00,34.658,37.267422432926246
2020-05-28 22:45:00,34.658,37.273570805215556
2020-05-28 23:00:00,34.4385,37.10100125672217
2020-05-28 23:15:00,34.4385,36.839971702045126
2020-05-28 23:30:00,34.219,36.41548730629792
2020-05-28 23:45:00,34.219,36.88409194357504
2020-05-29 00:00:00,33.999,35.43742162446337
2020-05-29 00:15:00,33.999,33.879286186889985
2020-05-29 00:30:00,33.779,33.91518398468264
2020-05-29 00:45:00,33.779,33.74252735716036
2020-05-29 01:00:00,33.779,33.746388299924824
2020-05-29 01:15:00,33.5595,33.37617218296345
2020-05-29 01:30:00,33.34,33.53734784690709
2020-05-29 01:45:00,33.34,33.63820532409634
2020-05-29 02:00:00,33.34,33.63821565398175
2020-05-29 02:15:00,33.34,33.62760069502177
2020-05-29 02:30:00,33.12,32.98574830803057
2020-05-29 02:45:00,32.9005,32.81316247521777
2020-05-29 03:00:00,32.9005,33.3974342195486
2020-05-29 03:15:00,32.9005,33.40509157440125
2020-05-29 03:30:00,32.9005,33.24670493103909
2020-05-29 03:45:00,32.9005,33.37805977631925
2020-05-29 04:00:00,32.9005,32.86412032748831
2020-05-29 04:15:00,32.681,33.39365104368353
2020-05-29 04:30:00,32.681,33.60165901558345
2020-05-29 04:45:00,32.461,32.85317825508586
2020-05-29 05:00:00,32.461,33.37930882501136
2020-05-29 05:15:00,32.461,33.38533532446534
2020-05-29 05:30:00,32.461,32.671271467201784
2020-05-29 05:45:00,32.461,33.53874789222918
2020-05-29 06:00:00,32.461,33.80311735487067
2020-05-29 06:15:00,32.461,33.95174922373558
2020-05-29 06:30:00,32.461,34.32581680369909
2020-05-29 06:45:00,32.461,34.11357428972489
2020-05-29 07:00:00,32.461,33.89835315424335
2020-05-29 07:15:00,32.9005,33.74882016205059
2020-05-29 07:30:00,32.9005,34.48967787097981
2020-05-29 07:45:00,33.12,33.76149209238676
2020-05-29 08:00:00,33.34,33.15628977359764
2020-05-29 08:15:00,33.779,33.532416946978444
2020-05-29 08:30:00,34.219,33.0881984492206
2020-05-29 08:45:00,34.219,33.10025581069802
2020-05-29 09:00:00,34.658,34.59978626535347
2020-05-29 09:15:00,34.8775,35.82718866229077
2020-05-29 09:30:00,35.0975,35.90863030474465
2020-05-29 09:45:00,35.0975,35.811715340937944
2020-05-29 10:00:00,35.0975,34.730614037926344
2020-05-29 10:15:00,35.0975,34.19704476512196
2020-05-29 10:30:00,34.878,33.053249149257404
2020-05-29 10:45:00,34.878,32.526983754253635
2020-05-29 11:00:00,35.317,32.68581777534032
2020-05-29 11:15:00,35.537,32.55323530048099
2020-05-29 11:30:00,35.757,32.82571632232266
2020-05-29 11:45:00,36.196,32.64590173235842
2020-05-29 12:00:00,36.196,32.47621666749937
2020-05-29 12:15:00,36.196,32.547993759474195
2020-05-29 12:30:00,36.196,33.91441693720135
2020-05-29 12:45:00,36.636,35.927163372153096
2020-05-29 13:00:00,36.636,35.63020951835325
2020-05-29 13:15:00,36.636,38.64580193683432
2020-05-29 13:30:00,36.8555,38.546947262713914
2020-05-29 13:45:00,37.075,38.57880893156182
2020-05-29 14:00:00,37.075,38.53805626859411
2020-05-29 14:15:00,37.075,37.67144060484855
2020-05-29 14:30:00,37.515,38.363173230780625
2020-05-29 14:45:00,37.515,38.68732331305178
2020-05-29 15:00:00,37.7345,36.73070012025603
2020-05-29 15:15:00,37.7345,39.17545317286617
2020-05-29 15:30:00,37.7345,39.135366057558606
2020-05-29 15:45:00,37.7345,38.25050774697867
2020-05-29 16:00:00,37.7345,35.72120987836981
2020-05-29 16:15:00,37.7345,37.697390643881135
2020-05-29 16:30:00,37.7345,37.166602907283405
2020-05-29 16:45:00,37.515,37.19104456844526
2020-05-29 17:00:00,37.295,36.64864265377836
2020-05-29 17:15:00,37.295,37.33027193138434
2020-05-29 17:30:00,37.075,36.95984211754863
2020-05-29 17:45:00,37.075,35.325132116048295
2020-05-29 18:00:00,36.8555,37.169328456003164
2020-05-29 18:15:00,36.636,36.69057130455483
2020-05-29 18:30:00,36.636,35.75372645434213
2020-05-29 18:45:00,36.416,38.74561418668426
2020-05-29 19:00:00,36.196,37.730803533800746
2020-05-29 19:15:00,35.9765,37.21856017177816
2020-05-29 19:30:00,35.9765,37.92092134632601
2020-05-29 19:45:00,35.757,37.72566517216517
2020-05-29 20:00:00,35.537,37.11197446071414
2020-05-29 20:15:00,35.537,37.362008237296116
2020-05-29 20:30:00,35.0975,37.54985592109192
2020-05-29 20:45:00,34.658,37.83613940583186
2020-05-29 21:00:00,34.658,39.74560514228176
2020-05-29 21:15:00,34.219,38.41289225030093
2020-05-29 21:30:00,33.779,39.77785607304289
2020-05-29 21:45:00,33.779,40.236273943990476
2020-05-29 22:00:00,33.779,38.48932618212864
2020-05-29 22:15:00,33.779,38.67584660217194
2020-05-29 22:30:00,33.779,38.65133066261231
2020-05-29 22:45:00,33.779,38.07009625582964
2020-05-29 23:00:00,33.779,38.19081487477122
2020-05-29 23:15:00,33.779,37.6194878800885
2020-05-29 23:30:00,33.779,35.80681167765038
2020-05-29 23:45:00,33.779,35.441889596914976
2020-05-30 00:00:00,33.779,34.801981018994844
2020-05-30 00:15:00,33.779,33.371577007622406
2020-05-30 00:30:00,33.779,34.25767947463522
2020-05-30 00:45:00,33.34,33.97347887694912
2020-05-30 01:00:00,33.34,33.38574837964589
2020-05-30 01:15:00,33.34,33.709317552599906
2020-05-30 01:30:00,32.681,33.68229215381675
2020-05-30 01:45:00,32.0215,33.01714762126655
2020-05-30 02:00:00,31.582,33.063571352560885
2020-05-30 02:15:00,31.362,33.42908361847283
2020-05-30 02:30:00,31.582,32.93285498979444
2020-05-30 02:45:00,31.582,32.70605882741345
2020-05-30 03:00:00,31.802,32.844781090444215
2020-05-30 03:15:00,31.802,32.814029406621536
2020-05-30 03:30:00,31.802,33.051912019278774
2020-05-30 03:45:00,32.0215,32.76582363402011
2020-05-30 04:00:00,32.0215,32.69991748927601
2020-05-30 04:15:00,32.0215,33.45652713262554
2020-05-30 04:30:00,32.0215,33.12682089726322
2020-05-30 04:45:00,32.0215,33.22922916173387
2020-05-30 05:00:00,32.0215,32.83690701206165
2020-05-30 05:15:00,32.0215,33.433645346958
2020-05-30 05:30:00,32.0215,33.352644161407966
2020-05-30 05:45:00,32.0215,33.741814314092196
2020-05-30 06:00:00,32.0215,33.39886997718175
2020-05-30 06:15:00,32.0215,33.29882612292938
2020-05-30 06:30:00,32.2415,33.94482479600255
2020-05-30 06:45:00,32.461,33.292502139119286
2020-05-30 07:00:00,32.461,33.57184951903379
2020-05-30 07:15:00,32.6805,33.351085326841535
2020-05-30 07:30:00,32.6805,33.65017350649938
2020-05-30 07:45:00,32.9005,33.99586430438604
2020-05-30 08:00:00,32.9005,32.94850987931703
2020-05-30 08:15:00,33.34,32.998698529006546
2020-05-30 08:30:00,33.34,33.013740748790966
2020-05-30 08:45:00,33.779,33.632076891826145
2020-05-30 09:00:00,33.779,33.84624090766638
2020-05-30 09:15:00,34.219,34.52601492931886
2020-05-30 09:30:00,34.4385,35.07654796237106
2020-05-30 09:45:00,34.658,36.22755342815399
2020-05-30 10:00:00,35.0975,36.45554842517778
2020-05-30 10:15:00,35.0975,34.796877855997785
2020-05-30 10:30:00,35.537,34.36094005327746
2020-05-30 10:45:00,35.757,33.90809877035821
2020-05-30 11:00:00,36.196,33.74573883267375
2020-05-30 11:15:00,36.636,33.89254600115731
2020-05-30 11:30:00,36.8555,35.07094522298369
2020-05-30 11:45:00,37.295,35.757982715280264
2020-05-30 12:00:00,37.295,37.029792879590765
2020-05-30 12:15:00,37.7345,37.888637238991336
2020-05-30 12:30:00,37.954,37.156785036924326
2020-05-30 12:45:00,38.174,37.689603878320376
2020-05-30 13:00:00,38.174,37.655668748578634
2020-05-30 13:15:00,38.174,37.136743749662465
2020-05-30 13:30:00,38.174,37.25865679175495
2020-05-30 13:45:00,38.174,38.2459906357236
2020-05-30 14:00:00,38.174,36.962694924391734
2020-05-30 14:15:00,38.174,36.829349406279725
2020-05-30 14:30:00,38.174,35.599468934698926
2020-05-30 14:45:00,38.3935,35.19013743753964
2020-05-30 15:00:00,38.833,35.868384917831655
2020-05-30 15:15:00,39.2725,38.513466934036565
2020-05-30 15:30:00,39.4925,37.05230484566186
2020-05-30 15:45:00,39.712,38.919665663010235
2020-05-30 16:00:00,39.712,39.11695136784792
2020-05-30 16:15:00,39.712,38.93711676078984
2020-05-30 16:30:00,39.712,38.639683488709885
2020-05-30 16:45:00,39.712,39.32090457070219
2020-05-30 17:00:00,39.712,40.312333071032114
2020-05-30 17:15:00,39.2725,39.280284896410784
2020-05-30 17:30:00,39.053,38.635299524072266
2020-05-30 17:45:00,38.613,39.97687512797003
2020-05-30 18:00:00,38.3935,40.021493348044494
2020-05-30 18:15:00,37.954,39.614761137381144
2020-05-30 18:30:00,37.7345,40.29167342378252
2020-05-30 18:45:00,37.515,40.28846496321108
2020-05-30 19:00:00,37.295,40.23000688205122
2020-05-30 19:15:00,36.8555,38.81858265724436
2020-05-30 19:30:00,36.636,37.19714276219033
2020-05-30 19:45:00,36.416,36.909479207148124
2020-05-30 20:00:00,35.9765,37.1936563890789
2020-05-30 20:15:00,35.757,36.99055167848715
2020-05-30 20:30:00,35.537,37.76448744234646
2020-05-30 20:45:00,35.317,38.07912540489274
2020-05-30 21:00:00,35.317,37.961264616312214
2020-05-30 21:15:00,35.0975,39.48397400382771
2020-05-30 21:30:00,34.878,39.65220008018772
2020-05-30 21:45:00,34.878,38.06898677932122
2020-05-30 22:00:00,34.658,38.527245529504484
2020-05-30 22:15:00,34.658,38.01082501266956
2020-05-30 22:30:00,34.219,36.28631562187575
2020-05-30 22:45:00,33.999,36.94008808243054
2020-05-30 23:00:00,33.999,36.123343483634244
2020-05-30 23:15:00,33.779,35.613440255364814
2020-05-30 23:30:00,33.779,35.241415856714916
2020-05-30 23:45:00,33.779,35.474299766062465
2020-05-31 00:00:00,33.779,35.42688476127901
2020-05-31 00:15:00,33.779,34.40006776147233
2020-05-31 00:30:00,33.779,34.56801685904082
2020-05-31 00:45:00,33.779,34.65692334141407
2020-05-31 01:00:00,33.779,34.014110561354336
2020-05-31 01:15:00,33.779,34.014110561354336
2020-05-31 01:30:00,33.779,34.014110561354336
2020-05-31 01:45:00,33.779,34.014110561354336
2020-05-31 02:00:00,33.779,34.014110561354336
2020-05-31 02:15:00,33.779,34.014110561354336
2020-05-31 02:30:00,33.779,34.014110561354336
2020-05-31 02:45:00,33.779,34.014110561354336
2020-05-31 03:00:00,33.779,34.014110561354336
2020-05-31 03:15:00,33.779,34.014110561354336
2020-05-31 03:30:00,33.779,34.014110561354336
2020-05-31 03:45:00,33.779,34.014110561354336
2020-05-31 04:00:00,33.779,34.014110561354336
2020-05-31 04:15:00,33.779,34.014110561354336
2020-05-31 04:30:00,33.779,34.014110561354336
2020-05-31 04:45:00,33.779,34.014110561354336
2020-05-31 05:00:00,33.779,34.014110561354336
2020-05-31 05:15:00,33.779,34.014110561354336
2020-05-31 05:30:00,33.779,34.014110561354336
2020-05-31 05:45:00,33.779,34.014110561354336
2020-05-31 06:00:00,33.779,34.014110561354336
2020-05-31 06:15:00,33.779,34.014110561354336
2020-05-31 06:30:00,33.779,34.014110561354336
2020-05-31 06:45:00,33.779,34.014110561354336
2020-05-31 07:00:00,33.779,34.014110561354336
2020-05-31 07:15:00,33.779,34.014110561354336
2020-05-31 07:30:00,33.779,34.014110561354336
2020-05-31 07:45:00,33.779,34.014110561354336
2020-05-31 08:00:00,33.779,34.014110561354336
2020-05-31 08:15:00,33.779,34.014110561354336
2020-05-31 08:30:00,33.779,34.014110561354336
2020-05-31 08:45:00,33.779,34.014110561354336
2020-05-31 09:00:00,33.779,34.014110561354336
2020-05-31 09:15:00,33.779,34.014110561354336
2020-05-31 09:30:00,33.779,34.014110561354336
2020-05-31 09:45:00,33.779,34.014110561354336
2020-05-31 10:00:00,33.779,34.014110561354336
2020-05-31 10:15:00,33.779,34.014110561354336
2020-05-31 10:30:00,33.779,34.014110561354336
2020-05-31 10:45:00,33.779,34.014110561354336
2020-05-31 11:00:00,33.779,34.014110561354336
2020-05-31 11:15:00,33.779,34.014110561354336
2020-05-31 11:30:00,33.779,34.014110561354336
2020-05-31 11:45:00,33.779,34.014110561354336
2020-05-31 12:00:00,33.779,34.014110561354336
2020-05-31 12:15:00,33.779,34.014110561354336
2020-05-31 12:30:00,33.779,34.014110561354336
2020-05-31 12:45:00,33.779,34.014110561354336
2020-05-31 13:00:00,33.779,34.014110561354336
2020-05-31 13:15:00,33.779,34.014110561354336
2020-05-31 13:30:00,33.779,34.014110561354336
2020-05-31 13:45:00,33.779,34.014110561354336
2020-05-31 14:00:00,33.779,34.014110561354336
2020-05-31 14:15:00,33.779,34.014110561354336
2020-05-31 14:30:00,33.779,34.014110561354336
2020-05-31 14:45:00,33.779,34.014110561354336
2020-05-31 15:00:00,33.779,34.014110561354336
2020-05-31 15:15:00,33.779,34.014110561354336
2020-05-31 15:30:00,33.779,34.014110561354336
2020-05-31 15:45:00,33.779,34.014110561354336
2020-05-31 16:00:00,33.779,34.014110561354336
2020-05-31 16:15:00,33.779,34.014110561354336
2020-05-31 16:30:00,33.779,34.014110561354336
2020-05-31 16:45:00,33.779,34.014110561354336
2020-05-31 17:00:00,33.779,34.014110561354336
2020-05-31 17:15:00,33.779,34.014110561354336
2020-05-31 17:30:00,33.779,34.014110561354336
2020-05-31 17:45:00,33.779,34.014110561354336
2020-05-31 18:00:00,33.779,34.014110561354336
2020-05-31 18:15:00,33.779,34.014110561354336
2020-05-31 18:30:00,33.779,34.014110561354336
2020-05-31 18:45:00,33.779,34.014110561354336
2020-05-31 19:00:00,33.779,34.014110561354336
2020-05-31 19:15:00,33.779,34.014110561354336
2020-05-31 19:30:00,33.779,34.014110561354336
2020-05-31 19:45:00,33.779,34.014110561354336
2020-05-31 20:00:00,33.779,34.014110561354336
2020-05-31 20:15:00,33.779,34.014110561354336
2020-05-31 20:30:00,33.779,34.014110561354336
2020-05-31 20:45:00,33.779,34.014110561354336
2020-05-31 21:00:00,33.779,34.014110561354336
2020-05-31 21:15:00,33.779,34.014110561354336
2020-05-31 21:30:00,33.779,34.014110561354336
2020-05-31 21:45:00,33.779,34.014110561354336
2020-05-31 22:00:00,33.779,34.014110561354336
2020-05-31 22:15:00,33.779,34.014110561354336
2020-05-31 22:30:00,33.779,34.014110561354336
2020-05-31 22:45:00,33.779,34.014110561354336
2020-05-31 23:00:00,33.779,34.014110561354336
2020-05-31 23:15:00,33.779,34.014110561354336
2020-05-31 23:30:00,33.779,34.014110561354336
2020-05-31 23:45:00,33.779,34.014110561354336
2020-06-01 00:00:00,28.9205,34.014110561354336
2020-06-01 00:15:00,28.9205,34.014110561354336
2020-06-01 00:30:00,28.4815,33.78443374168803
2020-06-01 00:45:00,28.4815,33.13988174699674
2020-06-01 01:00:00,28.4815,33.16592591666596
2020-06-01 01:15:00,28.042,32.873427046710326
2020-06-01 01:30:00,28.042,32.659792469235256
2020-06-01 01:45:00,28.042,32.73200388525076
2020-06-01 02:00:00,27.6025,32.772036246044344
2020-06-01 02:15:00,27.6025,32.62359256915873
2020-06-01 02:30:00,27.6025,32.767438617820154
2020-06-01 02:45:00,27.1635,32.74044184260465
2020-06-01 03:00:00,27.1635,32.817392803170605
2020-06-01 03:15:00,27.1635,33.04297507839825
2020-06-01 03:30:00,27.1635,33.08374150699542
2020-06-01 03:45:00,26.7235,31.834082208421403
2020-06-01 04:00:00,26.7235,29.56299878814354
2020-06-01 04:15:00,26.7235,27.688692384118667
2020-06-01 04:30:00,26.2845,22.026331617340627
2020-06-01 04:45:00,26.2845,23.047910600070544
2020-06-01 05:00:00,26.2845,26.152290157078063
2020-06-01 05:15:00,26.2845,27.989404769899554
2020-06-01 05:30:00,25.8445,31.487639642229443
2020-06-01 05:45:00,25.8445,32.72853852247273
2020-06-01 06:00:00,25.8445,32.95074804626474
2020-06-01 06:15:00,25.8445,32.7371776357643
2020-06-01 06:30:00,25.8445,32.66447686599324
2020-06-01 06:45:00,26.0645,32.69215571791134
2020-06-01 07:00:00,26.2845,32.77455830024322
2020-06-01 07:15:00,26.7235,32.772343657055245
2020-06-01 07:30:00,27.1635,32.68316544306288
2020-06-01 07:45:00,27.8225,32.69693110019359
2020-06-01 08:00:00,28.701,32.65006902242126
2020-06-01 08:15:00,29.36,32.552462548194924
2020-06-01 08:30:00,30.239,32.5452513262127
2020-06-01 08:45:00,31.118,32.578525282600886
2020-06-01 09:00:00,32.217,32.923372039884654
2020-06-01 09:15:00,33.0955,32.96009053010833
2020-06-01 09:30:00,33.315,32.965456192604044
2020-06-01 09:45:00,33.9745,32.99064869201998
2020-06-01 10:00:00,34.1945,32.94685035029868
2020-06-01 10:15:00,35.0735,32.88439597845581
2020-06-01 10:30:00,36.172,33.03491254423195
2020-06-01 10:45:00,36.831,33.20071554617156
2020-06-01 11:00:00,37.2705,33.555716857067715
2020-06-01 11:15:00,38.369,33.78476867708655
2020-06-01 11:30:00,39.6875,33.40527981780264
2020-06-01 11:45:00,40.347,33.8993941515966
2020-06-01 12:00:00,40.786,33.74239499603897
2020-06-01 12:15:00,41.2255,32.98484473674485
2020-06-01 12:30:00,41.4455,33.19426435864718
2020-06-01 12:45:00,41.665,36.32156604093419
2020-06-01 13:00:00,42.3245,36.40913876537671
2020-06-01 13:15:00,42.9835,36.477832154991034
2020-06-01 13:30:00,42.764,36.60640899103117
2020-06-01 13:45:00,42.764,36.72293082132733
2020-06-01 14:00:00,42.9835,35.41834645153517
2020-06-01 14:15:00,43.4225,35.433105614802635
2020-06-01 14:30:00,43.6425,35.00103877634006
2020-06-01 14:45:00,43.203,35.46814315261122
2020-06-01 15:00:00,42.983,36.16229922903248
2020-06-01 15:15:00,42.983,35.45562832593492
2020-06-01 15:30:00,42.7635,35.842007191206285
2020-06-01 15:45:00,42.3245,36.494431340871174
2020-06-01 16:00:00,41.8845,36.81823917699084
2020-06-01 16:15:00,41.4455,35.796409262976155
2020-06-01 16:30:00,40.9815,37.00303956062177
2020-06-01 16:45:00,40.9815,36.5347735573645
2020-06-01 17:00:00,40.762,36.11011253099896
2020-06-01 17:15:00,40.542,35.431004058872986
2020-06-01 17:30:00,40.322,34.989813835447826
2020-06-01 17:45:00,40.1025,35.186329764518874
2020-06-01 18:00:00,39.663,33.31273177370046
2020-06-01 18:15:00,39.2235,34.12863587918396
2020-06-01 18:30:00,38.784,34.88312035408724
2020-06-01 18:45:00,38.3445,33.7653123575797
2020-06-01 19:00:00,37.9055,34.216146592012635
2020-06-01 19:15:00,37.466,36.04158316971202
2020-06-01 19:30:00,37.466,35.84095732884639
2020-06-01 19:45:00,37.0265,35.61785205903634
2020-06-01 20:00:00,36.587,36.0676897652867
2020-06-01 20:15:00,36.1475,36.611387086217796
2020-06-01 20:30:00,35.928,36.94139797753145
2020-06-01 20:45:00,35.488,37.06155893991731
2020-06-01 21:00:00,35.049,37.64945909049469
2020-06-01 21:15:00,34.829,36.946712678263815
2020-06-01 21:30:00,34.609,36.62566569549621
2020-06-01 21:45:00,34.609,37.76935285076895
2020-06-01 22:00:00,34.17,36.45595009023566
2020-06-01 22:15:00,34.17,37.24732521018735
2020-06-01 22:30:00,34.17,39.093413527712386
2020-06-01 22:45:00,34.17,37.66125029494646
2020-06-01 23:00:00,33.95,38.12688416808419
2020-06-01 23:15:00,33.73,37.77543056498412
2020-06-01 23:30:00,33.73,36.07126001640881
2020-06-01 23:45:00,33.5105,35.821750188660026
2020-06-02 00:00:00,33.291,35.831741583780136
2020-06-02 00:15:00,33.0715,33.9567262664233
2020-06-02 00:30:00,32.852,34.15516193938582
2020-06-02 00:45:00,32.852,33.845023888234664
2020-06-02 01:00:00,32.852,33.46839847162933
2020-06-02 01:15:00,32.632,33.69630831330692
2020-06-02 01:30:00,32.412,33.79020385873135
2020-06-02 01:45:00,32.1925,32.95956952310856
2020-06-02 02:00:00,31.973,33.39725110512803
2020-06-02 02:15:00,31.753,33.55332906983959
2020-06-02 02:30:00,31.753,33.296619630419215
2020-06-02 02:45:00,31.3135,32.88882888218392
2020-06-02 03:00:00,31.3135,32.79194427631834
2020-06-02 03:15:00,31.3135,32.7766009287584
2020-06-02 03:30:00,31.3135,33.36752026427735
2020-06-02 03:45:00,31.094,32.77272613329152
2020-06-02 04:00:00,30.874,32.58778177739485
2020-06-02 04:15:00,30.874,32.8806163500018
2020-06-02 04:30:00,30.874,32.70676018874283
2020-06-02 04:45:00,30.654,33.16415175474813
2020-06-02 05:00:00,30.4345,33.51606994972517
2020-06-02 05:15:00,30.4345,32.73775288883944
2020-06-02 05:30:00,30.4345,32.920377154763365
2020-06-02 05:45:00,30.215,32.99907389861352
2020-06-02 06:00:00,30.215,33.199718715751565
2020-06-02 06:15:00,30.215,32.57616096264929
2020-06-02 06:30:00,30.215,32.594593849313746
2020-06-02 06:45:00,30.215,33.598734624147355
2020-06-02 07:00:00,30.215,32.59807983091084
2020-06-02 07:15:00,30.215,32.677289553023954
2020-06-02 07:30:00,30.654,33.59596149997677
2020-06-02 07:45:00,31.3135,33.2648810011011
2020-06-02 08:00:00,31.5335,32.65137704648435
2020-06-02 08:15:00,32.1925,33.044198391530664
2020-06-02 08:30:00,32.632,33.06362475742357
2020-06-02 08:45:00,33.071,32.974592771083465
2020-06-02 09:00:00,33.511,32.64194445376008
2020-06-02 09:15:00,33.7305,33.56674683433924
2020-06-02 09:30:00,34.3895,33.522338134171534
2020-06-02 09:45:00,34.6095,33.70715568228234
2020-06-02 10:00:00,34.829,32.935465152616025
2020-06-02 10:15:00,35.2685,32.89889939106556
2020-06-02 10:30:00,35.9275,32.95552195676548
2020-06-02 10:45:00,36.3675,32.715216749448665
2020-06-02 11:00:00,36.8065,32.63529230190473
2020-06-02 11:15:00,37.0265,32.686322485900526
2020-06-02 11:30:00,37.0265,32.534635055718155
2020-06-02 11:45:00,37.0265,32.65627829194646
2020-06-02 12:00:00,37.466,32.59795882121143
2020-06-02 12:15:00,38.125,32.766044663481885
2020-06-02 12:30:00,38.564,32.761445274845634
2020-06-02 12:45:00,38.564,32.783702488281634
2020-06-02 13:00:00,39.004,35.01283879708599
2020-06-02 13:15:00,39.004,35.41406901266348
2020-06-02 13:30:00,38.5645,35.9464435633616
2020-06-02 13:45:00,38.345,36.628373403798754
2020-06-02 14:00:00,38.345,36.5329825681973
2020-06-02 14:15:00,38.345,36.61790162170461
2020-06-02 14:30:00,38.5645,36.04011543760648
2020-06-02 14:45:00,38.5645,36.30559749731698
2020-06-02 15:00:00,38.5645,36.45539746396354
2020-06-02 15:15:00,38.125,35.951942454275375
2020-06-02 15:30:00,37.6855,36.41399659727021
2020-06-02 15:45:00,37.466,35.94323255270071
2020-06-02 16:00:00,37.0265,36.32267598542246
2020-06-02 16:15:00,37.0265,36.27748550216072
2020-06-02 16:30:00,37.0265,36.32880244079238
2020-06-02 16:45:00,37.0265,37.23231863733634
2020-06-02 17:00:00,37.0265,36.90509300302317
2020-06-02 17:15:00,36.8065,36.97859239536995
2020-06-02 17:30:00,36.8065,37.64100200113816
2020-06-02 17:45:00,36.8065,36.16454841841298
2020-06-02 18:00:00,36.3675,37.398657741587904
2020-06-02 18:15:00,35.9275,37.31101597349755
2020-06-02 18:30:00,35.9275,36.90513713102897
2020-06-02 18:45:00,35.708,37.55033111954597
2020-06-02 19:00:00,35.4885,37.47226944073298
2020-06-02 19:15:00,35.2685,37.617322676350526
2020-06-02 19:30:00,35.2685,36.30830814152072
2020-06-02 19:45:00,34.829,35.660798325160755
2020-06-02 20:00:00,34.829,35.368990297469516
2020-06-02 20:15:00,34.609,35.05330368792307
2020-06-02 20:30:00,34.3895,34.94748914590377
2020-06-02 20:45:00,34.17,36.04388825061908
2020-06-02 21:00:00,34.17,36.82461291526769
2020-06-02 21:15:00,33.73,37.80949014392995
2020-06-02 21:30:00,33.73,38.143611827920026
2020-06-02 21:45:00,33.291,38.79702626555681
2020-06-02 22:00:00,33.291,38.92791716776174
2020-06-02 22:15:00,33.291,38.518021245963126
2020-06-02 22:30:00,33.0715,38.66045254333415
2020-06-02 22:45:00,32.852,39.55059909159718
2020-06-02 23:00:00,32.852,39.18438366257092
2020-06-02 23:15:00,32.632,38.6689914839077
2020-06-02 23:30:00,32.632,37.85160010936336
2020-06-02 23:45:00,32.632,36.14882854817798
2020-06-03 00:00:00,32.412,35.04591322590703
2020-06-03 00:15:00,32.412,33.62771439389052
2020-06-03 00:30:00,32.1925,33.672197079316206
2020-06-03 00:45:00,32.1925,32.79281258914758
2020-06-03 01:00:00,32.1925,32.656870195385956
2020-06-03 01:15:00,31.973,33.00354168938657
2020-06-03 01:30:00,31.973,32.783167856907355
2020-06-03 01:45:00,31.753,32.80532125250733
2020-06-03 02:00:00,31.753,32.73621510680359
2020-06-03 02:15:00,31.533,32.59638614455917
2020-06-03 02:30:00,31.533,32.63597923236094
2020-06-03 02:45:00,31.533,32.627648424157876
2020-06-03 03:00:00,31.533,32.42001533195665
2020-06-03 03:15:00,31.533,31.955830317767138
2020-06-03 03:30:00,31.3135,32.64098343509928
2020-06-03 03:45:00,31.3135,32.800744217225485
2020-06-03 04:00:00,31.094,32.949505613479595
2020-06-03 04:15:00,31.094,32.9413608451329
2020-06-03 04:30:00,30.874,33.46284653943678
2020-06-03 04:45:00,30.654,32.882972078788804
2020-06-03 05:00:00,30.654,32.73374428892652
2020-06-03 05:15:00,30.215,33.7159019569049
2020-06-03 05:30:00,30.215,32.83058486791558
2020-06-03 05:45:00,30.215,33.69422297312666
2020-06-03 06:00:00,30.215,33.83472632470294
2020-06-03 06:15:00,30.215,33.516614273478254
2020-06-03 06:30:00,30.215,33.90847677794134
2020-06-03 06:45:00,30.215,33.35706163572544
2020-06-03 07:00:00,30.654,33.38768773878577
2020-06-03 07:15:00,30.874,33.69617439486963
2020-06-03 07:30:00,31.3135,32.819974581509186
2020-06-03 07:45:00,31.753,33.70707019160337
2020-06-03 08:00:00,32.1925,33.74700618114632
2020-06-03 08:15:00,32.4125,32.836935741653946
2020-06-03 08:30:00,32.8515,33.39986406800397
2020-06-03 08:45:00,32.8515,33.14526652886041
2020-06-03 09:00:00,33.291,33.575335139923524
2020-06-03 09:15:00,33.7305,34.70592408779797
2020-06-03 09:30:00,34.3895,34.680137231700066
2020-06-03 09:45:00,35.2685,34.40427660093904
2020-06-03 10:00:00,35.708,35.54658779590462
2020-06-03 10:15:00,36.587,34.65180261903108
2020-06-03 10:30:00,37.905,34.41216791983681
2020-06-03 10:45:00,38.5645,35.098637079310386
2020-06-03 11:00:00,39.443,34.50496844748933
2020-06-03 11:15:00,40.1025,35.37523145594422
2020-06-03 11:30:00,40.542,36.586666259051206
2020-06-03 11:45:00,40.7615,36.64277113088956
2020-06-03 12:00:00,40.542,37.41100133467115
2020-06-03 12:15:00,40.7615,37.721745704820925
2020-06-03 12:30:00,41.201,37.292774366590905
2020-06-03 12:45:00,41.421,37.66289487150869
2020-06-03 13:00:00,42.3,37.47081406654425
2020-06-03 13:15:00,42.7395,38.69388365766748
2020-06-03 13:30:00,43.1785,38.39391260911655
2020-06-03 13:45:00,43.8375,38.11345891872589
2020-06-03 14:00:00,44.2775,37.93852649167872
2020-06-03 14:15:00,44.497,37.31960277191307
2020-06-03 14:30:00,44.9365,37.07749063770361
2020-06-03 14:45:00,44.9365,36.636286690984235
2020-06-03 15:00:00,44.9365,38.638231103221464
2020-06-03 15:15:00,44.717,38.6667259726756
2020-06-03 15:30:00,44.717,38.40432567763248
2020-06-03 15:45:00,44.0575,38.439954393981694
2020-06-03 16:00:00,43.179,38.66241260934349
2020-06-03 16:15:00,42.739,40.2709311603629
2020-06-03 16:30:00,41.8605,39.2265010072939
2020-06-03 16:45:00,41.201,40.47000609828845
2020-06-03 17:00:00,40.542,40.24934859919388
2020-06-03 17:15:00,39.883,39.325974488856055
2020-06-03 17:30:00,39.2235,40.36180204395349
2020-06-03 17:45:00,38.5645,40.29040459937038
2020-06-03 18:00:00,38.125,39.09435902280507
2020-06-03 18:15:00,37.6855,39.15852592040252
2020-06-03 18:30:00,37.0265,37.92937547090779
2020-06-03 18:45:00,36.587,38.93157076760351
2020-06-03 19:00:00,36.3675,38.0203164172539
2020-06-03 19:15:00,35.9275,37.395488086003475
2020-06-03 19:30:00,35.4885,36.687756169221196
2020-06-03 19:45:00,35.2685,35.86690335887719
2020-06-03 20:00:00,34.829,34.80684915869623
2020-06-03 20:15:00,34.6095,33.74560809940798
2020-06-03 20:30:00,34.3895,33.38401896141282
2020-06-03 20:45:00,34.17,33.270982679389
2020-06-03 21:00:00,33.95,34.625390556656576
2020-06-03 21:15:00,33.73,34.057637428237825
2020-06-03 21:30:00,33.5105,34.261802833254286
2020-06-03 21:45:00,33.291,35.64377299911844
2020-06-03 22:00:00,33.0715,35.43005801651307
2020-06-03 22:15:00,32.852,36.286537229154064
2020-06-03 22:30:00,32.632,36.36062512242893
2020-06-03 22:45:00,32.412,36.97582848011009
2020-06-03 23:00:00,32.1925,37.40389208892707
2020-06-03 23:15:00,31.973,36.677897263862796
2020-06-03 23:30:00,31.753,37.07098636620472
2020-06-03 23:45:00,31.533,36.174044394950364
2020-06-04 00:00:00,31.533,34.82200061589625
2020-06-04 00:15:00,31.3135,34.49101839963644
2020-06-04 00:30:00,31.094,35.152634700975916
2020-06-04 00:45:00,31.094,34.66986897993141
2020-06-04 01:00:00,31.094,33.95099659804583
2020-06-04 01:15:00,31.094,34.40054374995967
2020-06-04 01:30:00,30.874,33.257230558416836
2020-06-04 01:45:00,30.654,33.682488589475625
2020-06-04 02:00:00,30.654,33.68322933874837
2020-06-04 02:15:00,30.4345,33.44634505506606
2020-06-04 02:30:00,30.215,33.53204140309537
2020-06-04 02:45:00,30.215,33.8721258824529
2020-06-04 03:00:00,30.215,33.55820348759607
2020-06-04 03:15:00,29.775,33.53001652597613
2020-06-04 03:30:00,29.775,33.54876181696035
2020-06-04 03:45:00,29.336,33.41828877844067
2020-06-04 04:00:00,29.336,32.915720022075995
2020-06-04 04:15:00,29.116,33.604923548484074
2020-06-04 04:30:00,28.896,32.85822456356729
2020-06-04 04:45:00,28.896,33.76110681416308
2020-06-04 05:00:00,28.457,33.78922198203847
2020-06-04 05:15:00,28.457,33.35293448952904
2020-06-04 05:30:00,28.457,33.471441319735675
2020-06-04 05:45:00,28.018,33.450073548757054
2020-06-04 06:00:00,28.018,33.83652756274459
2020-06-04 06:15:00,28.018,33.67849814958512
2020-06-04 06:30:00,28.018,33.58250330681596
2020-06-04 06:45:00,28.457,34.056774116755584
2020-06-04 07:00:00,28.457,33.245921299358905
2020-06-04 07:15:00,28.896,34.203863106018225
2020-06-04 07:30:00,28.896,34.03759442011067
2020-06-04 07:45:00,29.336,33.102867155777155
2020-06-04 08:00:00,29.775,33.23787464936931
2020-06-04 08:15:00,30.215,33.05931931296393
2020-06-04 08:30:00,31.094,33.04006451546659
2020-06-04 08:45:00,31.533,33.63619003885621
2020-06-04 09:00:00,32.1925,33.655333482813894
2020-06-04 09:15:00,32.852,33.689386580296436
2020-06-04 09:30:00,33.291,32.942263471895295
2020-06-04 09:45:00,34.17,33.53351077222122
2020-06-04 10:00:00,35.049,34.3008428829299
2020-06-04 10:15:00,36.1475,32.61418427551549
2020-06-04 10:30:00,36.807,32.93275529444784
2020-06-04 10:45:00,38.125,33.58758687166682
2020-06-04 11:00:00,39.443,32.483923163907455
2020-06-04 11:15:00,40.1025,33.55146598330778
2020-06-04 11:30:00,40.9815,32.855448751991496
2020-06-04 11:45:00,41.2015,33.03312348654684
2020-06-04 12:00:00,41.641,33.124696627899105
2020-06-04 12:15:00,41.8605,32.581668689695285
2020-06-04 12:30:00,42.5195,32.876910332284794
2020-06-04 12:45:00,42.959,32.45578531397793
2020-06-04 13:00:00,43.3985,32.40747286484828
2020-06-04 13:15:00,44.497,32.55022858201586
2020-06-04 13:30:00,45.1565,32.464839218744096
2020-06-04 13:45:00,45.8155,32.390281037970894
2020-06-04 14:00:00,46.475,32.469788464644566
2020-06-04 14:15:00,46.6945,32.51865771374383
2020-06-04 14:30:00,47.134,32.3748296036234
2020-06-04 14:45:00,47.134,32.313060973535514
2020-06-04 15:00:00,46.9145,32.32698073282979
2020-06-04 15:15:00,46.6945,32.36206157186141
2020-06-04 15:30:00,45.8155,32.36413671883695
2020-06-04 15:45:00,44.9365,33.33700676132335
2020-06-04 16:00:00,44.2775,32.557591530666656
2020-06-04 16:15:00,43.3985,35.7613370254601
2020-06-04 16:30:00,42.959,34.697953034967654
2020-06-04 16:45:00,42.3,34.82751319620055
2020-06-04 17:00:00,41.6405,34.5868751143963
2020-06-04 17:15:00,40.9815,33.96745154838603
2020-06-04 17:30:00,40.542,34.283747002262345
2020-06-04 17:45:00,39.883,36.37526803005978
2020-06-04 18:00:00,39.443,37.39342818392046
2020-06-04 18:15:00,39.004,37.205362042974926
2020-06-04 18:30:00,38.564,37.91894655644535
2020-06-04 18:45:00,37.9055,38.19475920008356
2020-06-04 19:00:00,37.466,37.019001107487824
2020-06-04 19:15:00,37.0265,37.606844432111664
2020-06-04 19:30:00,36.587,36.791133809225386
2020-06-04 19:45:00,36.367,36.08969082304193
2020-06-04 20:00:00,36.1475,36.35107382224836
2020-06-04 20:15:00,35.928,35.84666752332974
2020-06-04 20:30:00,35.928,35.32395255188687
2020-06-04 20:45:00,35.488,36.15197774138429
2020-06-04 21:00:00,35.488,35.92127153719191
2020-06-04 21:15:00,35.049,36.26907651427009
2020-06-04 21:30:00,35.049,38.096763359674306
2020-06-04 21:45:00,34.609,38.134406957058296
2020-06-04 22:00:00,34.609,37.61097613781088
2020-06-04 22:15:00,34.609,36.78586478198317
2020-06-04 22:30:00,34.17,35.973178142244215
2020-06-04 22:45:00,34.17,35.061994429782516
2020-06-04 23:00:00,33.73,34.355017840329126
2020-06-04 23:15:00,33.73,34.83178249387356
2020-06-04 23:30:00,33.73,34.179656436639625
2020-06-04 23:45:00,33.291,34.009708095241315
2020-06-05 00:00:00,33.291,34.184013195919164
2020-06-05 00:15:00,33.0715,34.694758990161056
2020-06-05 00:30:00,32.852,34.896342861480825
2020-06-05 00:45:00,32.852,34.50145002641173
2020-06-05 01:00:00,32.852,35.247315383433474
2020-06-05 01:15:00,32.632,34.624241525525214
2020-06-05 01:30:00,32.412,33.95036211472351
2020-06-05 01:45:00,32.412,33.86447980152294
2020-06-05 02:00:00,32.412,33.65413230728356
2020-06-05 02:15:00,32.412,33.81671528034
2020-06-05 02:30:00,32.412,33.474982567112946
2020-06-05 02:45:00,31.973,33.60967837019977
2020-06-05 03:00:00,31.973,33.77943583313213
2020-06-05 03:15:00,31.973,33.815653839005826
2020-06-05 03:30:00,31.973,33.58202748154485
2020-06-05 03:45:00,31.753,33.244939899331854
2020-06-05 04:00:00,31.533,33.17338441683327
2020-06-05 04:15:00,31.533,33.42185339272945
2020-06-05 04:30:00,31.533,33.31483529495922
2020-06-05 04:45:00,31.533,33.438468194670136
2020-06-05 05:00:00,31.533,32.93477603407017
2020-06-05 05:15:00,31.533,33.00366770620732
2020-06-05 05:30:00,31.3135,33.52793152867674
2020-06-05 05:45:00,31.3135,33.83603087556316
2020-06-05 06:00:00,31.3135,33.31976615662027
2020-06-05 06:15:00,31.3135,33.347649055389034
2020-06-05 06:30:00,31.533,33.001033757300064
2020-06-05 06:45:00,31.533,33.358888074459216
2020-06-05 07:00:00,31.973,33.94926398661019
2020-06-05 07:15:00,31.973,33.059850616424136
2020-06-05 07:30:00,32.412,33.78038703758477
2020-06-05 07:45:00,32.412,33.71479535582876
2020-06-05 08:00:00,32.852,33.62053614394891
2020-06-05 08:15:00,33.0715,32.063056729358294
2020-06-05 08:30:00,33.291,32.352076399911525
2020-06-05 08:45:00,33.73,32.90577899670182
2020-06-05 09:00:00,33.95,32.01842463164249
2020-06-05 09:15:00,34.829,33.572686824971576
2020-06-05 09:30:00,34.829,32.71323038379869
2020-06-05 09:45:00,35.049,33.00437447033668
2020-06-05 10:00:00,35.049,32.554441654227716
2020-06-05 10:15:00,35.2685,29.975954717571582
2020-06-05 10:30:00,35.708,28.854482533985927
2020-06-05 10:45:00,35.928,24.933128655594356
2020-06-05 11:00:00,36.587,24.129323446166257
2020-06-05 11:15:00,37.2465,23.50606904108652
2020-06-05 11:30:00,38.3445,23.621056656080818
2020-06-05 11:45:00,38.564,24.394735850773042
2020-06-05 12:00:00,38.564,22.528450936339432
2020-06-05 12:15:00,39.004,23.284412409491658
2020-06-05 12:30:00,39.004,23.734532261183833
2020-06-05 12:45:00,39.004,24.143959813570763
2020-06-05 13:00:00,38.784,23.419080056084514
2020-06-05 13:15:00,38.784,23.067492924267825
2020-06-05 13:30:00,38.784,25.65336418665279
2020-06-05 13:45:00,38.784,28.12264225159173
2020-06-05 14:00:00,39.004,28.394678637825198
2020-06-05 14:15:00,39.663,31.398148375919448
2020-06-05 14:30:00,39.883,30.775178053855104
2020-06-05 14:45:00,39.663,29.893895137280403
2020-06-05 15:00:00,39.2235,30.899280965520802
2020-06-05 15:15:00,39.0035,26.71921467519405
2020-06-05 15:30:00,38.5645,25.641314886092687
2020-06-05 15:45:00,38.5645,28.039795404599197
2020-06-05 16:00:00,38.345,28.32489907834756
2020-06-05 16:15:00,38.125,26.351665153633885
2020-06-05 16:30:00,37.6855,26.973162560351643
2020-06-05 16:45:00,37.466,26.75356577845402
2020-06-05 17:00:00,37.2465,26.706659318786087
2020-06-05 17:15:00,37.2465,30.192821813390196
2020-06-05 17:30:00,36.8065,27.230545131868315
2020-06-05 17:45:00,36.3675,27.363434645538298
2020-06-05 18:00:00,36.3675,26.238959058016047
2020-06-05 18:15:00,35.9275,28.933418595344946
2020-06-05 18:30:00,35.9275,28.765711909628518
2020-06-05 18:45:00,35.708,30.7509955393396
2020-06-05 19:00:00,35.2685,35.890373992202775
2020-06-05 19:15:00,35.2685,36.0852397306062
2020-06-05 19:30:00,34.829,35.761201717752414
2020-06-05 19:45:00,34.609,34.0799410101349
2020-06-05 20:00:00,34.3895,36.10689958230285
2020-06-05 20:15:00,34.17,36.14020977396651
2020-06-05 20:30:00,33.95,36.31241270988371
2020-06-05 20:45:00,33.73,37.25745039537058
2020-06-05 21:00:00,33.5105,36.86051305667922
2020-06-05 21:15:00,33.291,36.78767417087127
2020-06-05 21:30:00,33.0715,37.005188044022425
2020-06-05 21:45:00,32.852,37.495622675431946
2020-06-05 22:00:00,32.852,37.909940904272226
2020-06-05 22:15:00,32.412,37.949743662835075
2020-06-05 22:30:00,32.412,37.82516182301872
2020-06-05 22:45:00,32.412,37.34320974296858
2020-06-05 23:00:00,31.973,38.57207090040177
2020-06-05 23:15:00,31.973,38.293014887017094
2020-06-05 23:30:00,31.753,37.82932801149723
2020-06-05 23:45:00,31.753,37.23907870213223
2020-06-06 00:00:00,31.753,36.48311953498614
2020-06-06 00:15:00,31.533,35.263795977778905
2020-06-06 00:30:00,31.533,34.617057303146076
2020-06-06 00:45:00,31.533,34.436740168841474
2020-06-06 01:00:00,31.533,33.850712200728275
2020-06-06 01:15:00,31.3135,34.35030992907049
2020-06-06 01:30:00,31.094,34.24709601535667
2020-06-06 01:45:00,31.094,33.606789539942376
2020-06-06 02:00:00,30.654,33.37383626758563
2020-06-06 02:15:00,30.654,33.97725317282625
2020-06-06 02:30:00,30.4345,33.1834127049304
2020-06-06 02:45:00,30.215,32.97556822509306
2020-06-06 03:00:00,30.215,32.69248699138239
2020-06-06 03:15:00,29.995,32.062543815564595
2020-06-06 03:30:00,29.775,32.41432655475326
2020-06-06 03:45:00,29.775,32.20813232477057
2020-06-06 04:00:00,29.336,32.64250961293034
2020-06-06 04:15:00,29.336,32.822289266219734
2020-06-06 04:30:00,29.336,33.068354552806056
2020-06-06 04:45:00,28.896,32.78916949025325
2020-06-06 05:00:00,28.896,32.945657473918914
2020-06-06 05:15:00,28.896,32.81911674010034
2020-06-06 05:30:00,28.457,32.904117867406484
2020-06-06 05:45:00,28.457,33.610209925512805
2020-06-06 06:00:00,28.457,32.9658891756306
2020-06-06 06:15:00,28.457,33.58625835013746
2020-06-06 06:30:00,28.457,33.818996337143496
2020-06-06 06:45:00,28.896,33.04415707590771
2020-06-06 07:00:00,29.336,34.782799484025574
2020-06-06 07:15:00,29.775,34.626742888936754
2020-06-06 07:30:00,30.215,33.23829801703716
2020-06-06 07:45:00,30.874,32.54157806494695
2020-06-06 08:00:00,31.5335,29.34132838564395
2020-06-06 08:15:00,32.1925,26.42052042578049
2020-06-06 08:30:00,32.8515,28.145096687298388
2020-06-06 08:45:00,33.5105,27.890585654025948
2020-06-06 09:00:00,34.3895,28.799523360172167
2020-06-06 09:15:00,35.2685,33.6940513489695
2020-06-06 09:30:00,35.708,34.94659470409067
2020-06-06 09:45:00,36.807,35.140659990714525
2020-06-06 10:00:00,37.0265,36.06980885644608
2020-06-06 10:15:00,38.345,35.823625929380874
2020-06-06 10:30:00,39.004,35.82046030284865
2020-06-06 10:45:00,39.883,35.96945159721093
2020-06-06 11:00:00,40.762,35.9497752382756
2020-06-06 11:15:00,41.641,36.30362172721531
2020-06-06 11:30:00,42.3,38.09617544396628
2020-06-06 11:45:00,42.5195,38.73984448492657
2020-06-06 12:00:00,42.3,38.06505171359822
2020-06-06 12:15:00,42.5195,38.46350053467101
2020-06-06 12:30:00,42.959,37.93390386774313
2020-06-06 12:45:00,43.1785,39.162039262877016
2020-06-06 13:00:00,43.398,39.109777444274414
2020-06-06 13:15:00,44.0575,39.768808451061666
2020-06-06 13:30:00,44.497,40.399531364384885
2020-06-06 13:45:00,44.717,40.9620766751918
2020-06-06 14:00:00,44.9365,40.06072978663883
2020-06-06 14:15:00,45.1565,39.79264489602291
2020-06-06 14:30:00,44.9365,39.16688697119231
2020-06-06 14:45:00,44.9365,38.6953306858486
2020-06-06 15:00:00,45.156,38.842111387998315
2020-06-06 15:15:00,44.9365,38.70253062246783
2020-06-06 15:30:00,44.717,39.42502413062231
2020-06-06 15:45:00,44.4975,39.054905038019115
2020-06-06 16:00:00,43.838,38.40833663087972
2020-06-06 16:15:00,43.3985,39.178429955966244
2020-06-06 16:30:00,43.1785,39.2533677025112
2020-06-06 16:45:00,42.7395,39.92669667130087
2020-06-06 17:00:00,42.7395,40.02769999739719
2020-06-06 17:15:00,42.2995,40.362138381291814
2020-06-06 17:30:00,42.08,40.89962833033914
2020-06-06 17:45:00,41.8605,40.5569568747438
2020-06-06 18:00:00,41.641,40.41768929805976
2020-06-06 18:15:00,41.421,40.39416511351955
2020-06-06 18:30:00,40.9815,40.27381619715827
2020-06-06 18:45:00,40.7615,40.20179832048064
2020-06-06 19:00:00,40.3225,40.29866581741011
2020-06-06 19:15:00,40.1025,40.259252575751034
2020-06-06 19:30:00,39.663,37.91103658532757
2020-06-06 19:45:00,39.2235,37.31168867723009
2020-06-06 20:00:00,38.784,37.33431502302978
2020-06-06 20:15:00,38.564,38.3071310591861
2020-06-06 20:30:00,38.3445,39.052060781680325
2020-06-06 20:45:00,37.9055,40.328302001003095
2020-06-06 21:00:00,37.686,40.333998035833055
2020-06-06 21:15:00,37.466,40.38731948939222
2020-06-06 21:30:00,37.246,40.472501669463526
2020-06-06 21:45:00,37.0265,40.37908671556519
2020-06-06 22:00:00,36.807,40.472321115867786
2020-06-06 22:15:00,36.587,40.428855820643435
2020-06-06 22:30:00,36.3675,39.12622402657355
2020-06-06 22:45:00,36.1475,40.84698213240444
2020-06-06 23:00:00,36.1475,40.44030811307051
2020-06-06 23:15:00,36.1475,38.657795551208444
2020-06-06 23:30:00,35.9275,38.939580303557726
2020-06-06 23:45:00,35.708,40.01048422098685
2020-06-07 00:00:00,35.708,38.36602826897676
2020-06-07 00:15:00,35.4885,38.16621318144325
2020-06-07 00:30:00,35.4885,38.60959470087587
2020-06-07 00:45:00,35.0485,37.498509957104865
2020-06-07 01:00:00,35.0485,35.70698170422812
2020-06-07 01:15:00,35.0485,34.74766740298811
2020-06-07 01:30:00,34.829,33.219057069599
2020-06-07 01:45:00,34.6095,33.756950257100414
2020-06-07 02:00:00,34.6095,33.678797068606954
2020-06-07 02:15:00,34.6095,33.25310296827132
2020-06-07 02:30:00,34.6095,32.88117292207558
2020-06-07 02:45:00,34.6095,32.50046279888539
2020-06-07 03:00:00,34.6095,31.97963899951573
2020-06-07 03:15:00,34.3895,32.642490157667915
2020-06-07 03:30:00,34.3895,32.52079984113354
2020-06-07 03:45:00,34.3895,31.57264286822863
2020-06-07 04:00:00,34.3895,31.902417394715254
2020-06-07 04:15:00,33.95,31.92370611878056
2020-06-07 04:30:00,33.95,31.294070191575006
2020-06-07 04:45:00,33.95,31.2059429720966
2020-06-07 05:00:00,33.95,31.612286314870083
2020-06-07 05:15:00,33.73,32.55464076569759
2020-06-07 05:30:00,33.5105,31.294300926519266
2020-06-07 05:45:00,33.5105,31.27816145491284
2020-06-07 06:00:00,33.5105,33.21109012540331
2020-06-07 06:15:00,33.5105,33.03244944650782
2020-06-07 06:30:00,33.5105,32.867605148102456
2020-06-07 06:45:00,33.73,33.95812065307878
2020-06-07 07:00:00,33.73,33.71943575651329
2020-06-07 07:15:00,34.17,33.42590949293148
2020-06-07 07:30:00,34.609,34.65541896385636
2020-06-07 07:45:00,34.829,34.62137061430925
2020-06-07 08:00:00,35.4885,32.22143022425711
2020-06-07 08:15:00,35.708,33.79583298731245
2020-06-07 08:30:00,36.1475,33.18940020346707
2020-06-07 08:45:00,36.587,32.73695697971405
2020-06-07 09:00:00,37.4655,33.76445016238244
2020-06-07 09:15:00,38.125,34.136081942946
2020-06-07 09:30:00,39.004,35.596133090880194
2020-06-07 09:45:00,39.883,36.259196873410126
2020-06-07 10:00:00,40.3225,35.482158320455774
2020-06-07 10:15:00,41.2015,36.00856649634154
2020-06-07 10:30:00,42.08,35.973446820052466
2020-06-07 10:45:00,42.959,36.357735916860015
2020-06-07 11:00:00,43.3985,36.49528705463107
2020-06-07 11:15:00,44.277,37.228010144544946
2020-06-07 11:30:00,44.497,40.18886557836357
2020-06-07 11:45:00,44.7165,39.44123579993372
2020-06-07 12:00:00,44.9365,41.1931376604464
2020-06-07 12:15:00,44.9365,42.63629581225261
2020-06-07 12:30:00,45.8155,41.59617550629826
2020-06-07 12:45:00,46.255,42.465148091590294
2020-06-07 13:00:00,46.475,43.03603216729855
2020-06-07 13:15:00,46.6945,42.75200852792138
2020-06-07 13:30:00,47.134,43.4362393818592
2020-06-07 13:45:00,47.134,44.1832788295445
2020-06-07 14:00:00,46.6945,43.292805987999095
2020-06-07 14:15:00,47.1335,43.639444653222476
2020-06-07 14:30:00,47.3535,44.01392947298008
2020-06-07 14:45:00,47.134,44.07935718179024
2020-06-07 15:00:00,46.475,43.228892671900454
2020-06-07 15:15:00,46.035,42.7171888143863
2020-06-07 15:30:00,45.8155,42.394254938172935
2020-06-07 15:45:00,45.376,42.011596205584276
2020-06-07 16:00:00,44.9365,42.08703801157549
2020-06-07 16:15:00,44.497,41.28076679904351
2020-06-07 16:30:00,44.0575,40.71545675914428
2020-06-07 16:45:00,44.0575,40.45006793823441
2020-06-07 17:00:00,43.8375,41.71964578408721
2020-06-07 17:15:00,43.618,41.01970972054376
2020-06-07 17:30:00,43.618,41.18899196938571
2020-06-07 17:45:00,43.3985,41.29615908624157
2020-06-07 18:00:00,43.3985,41.198609575336995
2020-06-07 18:15:00,43.1785,40.104008922955884
2020-06-07 18:30:00,42.7395,40.60899070483943
2020-06-07 18:45:00,42.3,40.43506587197867
2020-06-07 19:00:00,42.3,40.36347710225753
2020-06-07 19:15:00,41.8605,40.39488787339731
2020-06-07 19:30:00,41.641,38.525382065429795
2020-06-07 19:45:00,41.421,37.93683285464506
2020-06-07 20:00:00,40.9815,38.17659668504227
2020-06-07 20:15:00,40.9815,38.23837927682532
2020-06-07 20:30:00,40.542,39.42355849469019
2020-06-07 20:45:00,40.3225,40.65320699141033
2020-06-07 21:00:00,40.1025,40.46023092721621
2020-06-07 21:15:00,40.1025,41.60638667830447
2020-06-07 21:30:00,40.1025,40.85136899474242
2020-06-07 21:45:00,39.663,40.151119237496424
2020-06-07 22:00:00,39.663,40.569455482081835
2020-06-07 22:15:00,39.663,40.35862072013799
2020-06-07 22:30:00,39.663,38.65849661559721
2020-06-07 22:45:00,39.443,39.769538674269164
2020-06-07 23:00:00,39.443,38.78435462116895
2020-06-07 23:15:00,39.2235,37.94468739531639
2020-06-07 23:30:00,39.004,40.14884753410407
2020-06-07 23:45:00,39.004,38.977389814796176
2020-06-08 00:00:00,38.784,37.68229165289664
2020-06-08 00:15:00,38.564,37.51512129758033
2020-06-08 00:30:00,38.3445,37.180150195833264
2020-06-08 00:45:00,38.125,34.97671823379954
2020-06-08 01:00:00,37.9055,35.34454747643016
2020-06-08 01:15:00,37.686,34.907444593386295
2020-06-08 01:30:00,37.686,34.436412337186184
2020-06-08 01:45:00,37.246,34.4738176098695
2020-06-08 02:00:00,37.246,34.41847769145672
2020-06-08 02:15:00,37.246,34.128924570342505
2020-06-08 02:30:00,36.807,34.076678385333295
2020-06-08 02:45:00,36.807,34.39298912442118
2020-06-08 03:00:00,36.807,34.20765836463661
2020-06-08 03:15:00,36.807,34.01830617611125
2020-06-08 03:30:00,36.807,33.954358999112024
2020-06-08 03:45:00,36.367,34.14164880735548
2020-06-08 04:00:00,36.367,33.924696413557506
2020-06-08 04:15:00,36.1475,33.35486131092337
2020-06-08 04:30:00,35.928,34.148111122052356
2020-06-08 04:45:00,35.708,33.94864283308201
2020-06-08 05:00:00,35.488,34.12849804625858
2020-06-08 05:15:00,35.488,33.28299888555457
2020-06-08 05:30:00,35.2685,33.01075436347499
2020-06-08 05:45:00,35.2685,34.12415222258004
2020-06-08 06:00:00,35.2685,33.784464794064164
2020-06-08 06:15:00,35.049,34.64095785660674
2020-06-08 06:30:00,34.829,34.33682791530575
2020-06-08 06:45:00,34.829,34.64361936935875
2020-06-08 07:00:00,34.829,33.878785094136575
2020-06-08 07:15:00,34.829,33.195260402703894
2020-06-08 07:30:00,35.2685,33.315040506106975
2020-06-08 07:45:00,35.708,33.8195094243882
2020-06-08 08:00:00,35.928,32.45550204576351
2020-06-08 08:15:00,36.1475,32.03910137125394
2020-06-08 08:30:00,36.1475,32.74308188958137
2020-06-08 08:45:00,36.587,32.44490379799652
2020-06-08 09:00:00,37.2465,34.758812135587064
2020-06-08 09:15:00,38.345,36.872977694079275
2020-06-08 09:30:00,38.784,35.67496789013391
2020-06-08 09:45:00,39.4435,37.68582909770888
2020-06-08 10:00:00,39.663,38.91315602333703
2020-06-08 10:15:00,39.663,36.76825762021145
2020-06-08 10:30:00,39.663,37.295891062711
2020-06-08 10:45:00,39.663,37.60998651628601
2020-06-08 11:00:00,39.883,37.081033115198096
2020-06-08 11:15:00,39.883,37.259428358465975
2020-06-08 11:30:00,39.883,36.60831121525606
2020-06-08 11:45:00,40.1025,37.11394480137916
2020-06-08 12:00:00,40.322,36.42955552110314
2020-06-08 12:15:00,40.762,35.59473528264457
2020-06-08 12:30:00,40.9815,36.583675399883546
2020-06-08 12:45:00,41.201,36.99311714310811
2020-06-08 13:00:00,41.421,38.44469242773137
2020-06-08 13:15:00,41.421,37.92358674401944
2020-06-08 13:30:00,42.0805,37.94238629644621
2020-06-08 13:45:00,42.5195,38.41805670865633
2020-06-08 14:00:00,42.739,36.7541665433557
2020-06-08 14:15:00,43.3985,35.945766769620334
2020-06-08 14:30:00,43.618,35.96143016282718
2020-06-08 14:45:00,44.277,34.11284472877538
2020-06-08 15:00:00,44.717,33.212613559436925
2020-06-08 15:15:00,44.9365,33.594481966722036
2020-06-08 15:30:00,44.9365,34.44611433972968
2020-06-08 15:45:00,44.717,36.68853089433173
2020-06-08 16:00:00,44.0575,37.44728288510806
2020-06-08 16:15:00,43.618,35.89079073643019
2020-06-08 16:30:00,42.959,38.91859653171165
2020-06-08 16:45:00,42.5195,38.95502472500729
2020-06-08 17:00:00,42.0805,36.78158738442617
2020-06-08 17:15:00,41.6405,39.40045536725022
2020-06-08 17:30:00,40.9815,38.59122662694617
2020-06-08 17:45:00,40.542,37.50017444410493
2020-06-08 18:00:00,39.663,36.63429592884986
2020-06-08 18:15:00,39.2235,37.333801605256276
2020-06-08 18:30:00,38.784,36.3812391011415
2020-06-08 18:45:00,37.905,36.22355910397176
2020-06-08 19:00:00,37.466,35.69024414440789
2020-06-08 19:15:00,37.0265,36.55044822589939
2020-06-08 19:30:00,36.587,34.57395360858573
2020-06-08 19:45:00,36.3675,34.853822377151616
2020-06-08 20:00:00,36.1475,35.969575280866614
2020-06-08 20:15:00,35.9275,35.59218338300429
2020-06-08 20:30:00,35.9275,36.68980809326123
2020-06-08 20:45:00,35.4885,38.153890593650544
2020-06-08 21:00:00,35.4885,38.79770850697043
2020-06-08 21:15:00,35.4885,39.151357219411075
2020-06-08 21:30:00,35.4885,38.83364753031528
2020-06-08 21:45:00,35.4885,39.904504316303914
2020-06-08 22:00:00,35.4885,40.02534814100639
2020-06-08 22:15:00,35.4885,39.93553829802458
2020-06-08 22:30:00,35.4885,39.17004444127321
2020-06-08 22:45:00,35.4885,39.994741197464855
2020-06-08 23:00:00,35.4885,40.14425223886099
2020-06-08 23:15:00,35.4885,39.984546872234205
2020-06-08 23:30:00,35.2685,38.8102567959588
2020-06-08 23:45:00,35.2685,37.72339491735446
2020-06-09 00:00:00,35.2685,38.03326840837294
2020-06-09 00:15:00,35.2685,37.55932557046104
2020-06-09 00:30:00,35.0485,36.67995547163855
2020-06-09 00:45:00,34.6095,37.515026786167134
2020-06-09 01:00:00,34.6095,35.34090233697813
2020-06-09 01:15:00,34.3895,35.0667722314924
2020-06-09 01:30:00,34.1695,35.17676069581583
2020-06-09 01:45:00,34.1695,34.27584738492217
2020-06-09 02:00:00,33.95,33.29468023075604
2020-06-09 02:15:00,33.95,33.82441654333037
2020-06-09 02:30:00,33.95,34.24855185014225
2020-06-09 02:45:00,33.7305,32.82620642111309
2020-06-09 03:00:00,33.5105,34.25884408147406
2020-06-09 03:15:00,32.1925,34.28722476548341
2020-06-09 03:30:00,31.533,32.899911149122396
2020-06-09 03:45:00,31.533,33.09590570914539
2020-06-09 04:00:00,31.533,33.414911563031374
2020-06-09 04:15:00,31.753,32.57194473218781
2020-06-09 04:30:00,31.753,32.70719327508959
2020-06-09 04:45:00,31.973,33.37538456445996
2020-06-09 05:00:00,32.1925,32.84053681397045
2020-06-09 05:15:00,32.1925,32.64243987529097
2020-06-09 05:30:00,32.1925,33.2882719861957
2020-06-09 05:45:00,32.412,33.55545325869692
2020-06-09 06:00:00,32.412,33.584357675357694
2020-06-09 06:15:00,32.412,33.646612514789446
2020-06-09 06:30:00,32.632,33.81092553152139
2020-06-09 06:45:00,32.632,33.81375623642113
2020-06-09 07:00:00,32.852,33.08269340233842
2020-06-09 07:15:00,32.852,32.93594219142844
2020-06-09 07:30:00,33.0715,32.81901079439254
2020-06-09 07:45:00,33.291,32.75869410970963
2020-06-09 08:00:00,33.291,32.1149307749587
2020-06-09 08:15:00,33.5105,32.415606019410944
2020-06-09 08:30:00,33.5105,32.3978899104542
2020-06-09 08:45:00,33.73,31.80955927619014
2020-06-09 09:00:00,33.73,33.43444211124883
2020-06-09 09:15:00,33.73,33.317780534069136
2020-06-09 09:30:00,33.73,33.794713979031826
2020-06-09 09:45:00,33.291,35.06279318934548
2020-06-09 10:00:00,32.852,33.293727589671555
2020-06-09 10:15:00,32.632,33.483283040619106
2020-06-09 10:30:00,31.753,33.787500509778084
2020-06-09 10:45:00,30.874,32.92870673313454
2020-06-09 11:00:00,30.4345,32.784728052034744
2020-06-09 11:15:00,29.775,32.824168225081245
2020-06-09 11:30:00,28.896,34.54141913150001
2020-06-09 11:45:00,28.2375,35.77768987596752
2020-06-09 12:00:00,27.578,35.124146020214134
2020-06-09 12:15:00,26.919,36.252630340324146
2020-06-09 12:30:00,26.699,36.179244653395266
2020-06-09 12:45:00,26.699,35.19821225692899
2020-06-09 13:00:00,26.699,34.93122929517506
2020-06-09 13:15:00,26.4795,33.548077267901164
2020-06-09 13:30:00,26.4795,34.80343766642351
2020-06-09 13:45:00,26.4795,34.81575528760421
2020-06-09 14:00:00,26.26,32.750454780164404
2020-06-09 14:15:00,26.26,34.59706910509769
2020-06-09 14:30:00,26.26,34.619249593082756
2020-06-09 14:45:00,26.699,33.79714697351479
2020-06-09 15:00:00,26.919,34.0686609461314
2020-06-09 15:15:00,27.3585,33.411572490386376
2020-06-09 15:30:00,28.018,33.376325651896245
2020-06-09 15:45:00,28.457,33.06075308497045
2020-06-09 16:00:00,28.6765,33.55051515724839
2020-06-09 16:15:00,28.896,32.5210292278951
2020-06-09 16:30:00,28.896,32.69041009838274
2020-06-09 16:45:00,29.116,34.85870824086495
2020-06-09 17:00:00,29.5555,34.86413075791673
2020-06-09 17:15:00,29.5555,35.7960989856018
2020-06-09 17:30:00,29.5555,36.441114902643214
2020-06-09 17:45:00,29.7755,35.39408887061806
2020-06-09 18:00:00,29.995,36.04560546971074
2020-06-09 18:15:00,29.995,35.24204689397698
2020-06-09 18:30:00,29.995,35.09428826681264
2020-06-09 18:45:00,29.995,34.68669388083712
2020-06-09 19:00:00,29.995,34.5927158812678
2020-06-09 19:15:00,29.995,34.60653047878615
2020-06-09 19:30:00,29.995,34.422243038397546
2020-06-09 19:45:00,29.995,33.59139710951157
2020-06-09 20:00:00,29.995,33.558196660002025
2020-06-09 20:15:00,29.995,33.53116773910713
2020-06-09 20:30:00,29.995,34.6632333825661
2020-06-09 20:45:00,29.995,35.29856992213665
2020-06-09 21:00:00,29.995,35.66130736703207
2020-06-09 21:15:00,29.995,36.47323615428432
2020-06-09 21:30:00,29.995,37.13071207767446
2020-06-09 21:45:00,29.775,37.328938988534205
2020-06-09 22:00:00,29.775,36.42732916771646
2020-06-09 22:15:00,29.775,36.99779707504269
2020-06-09 22:30:00,29.775,36.48726325958119
2020-06-09 22:45:00,29.775,35.88323639939219
2020-06-09 23:00:00,29.775,35.08444067816209
2020-06-09 23:15:00,29.5555,35.303020139414635
2020-06-09 23:30:00,29.5555,35.41408507512118
2020-06-09 23:45:00,29.5555,33.80291706623343
2020-06-10 00:00:00,29.5555,33.49786739974754
2020-06-10 00:15:00,29.5555,34.227287435171135
2020-06-10 00:30:00,29.336,33.896484215298976
2020-06-10 00:45:00,29.336,33.51806141310719
2020-06-10 01:00:00,29.336,33.216796605619336
2020-06-10 01:15:00,29.336,33.101328124855186
2020-06-10 01:30:00,29.336,33.627907129903754
2020-06-10 01:45:00,29.336,32.53558013981186
2020-06-10 02:00:00,28.896,32.567305181187685
2020-06-10 02:15:00,28.896,33.370896069221246
2020-06-10 02:30:00,28.896,32.55560292990309
2020-06-10 02:45:00,28.896,32.40344806506656
2020-06-10 03:00:00,28.896,32.68043963313217
2020-06-10 03:15:00,28.896,33.22833120058361
2020-06-10 03:30:00,28.896,32.51007489696336
2020-06-10 03:45:00,28.896,32.37789826107108
2020-06-10 04:00:00,28.896,32.58936530743002
2020-06-10 04:15:00,28.896,32.341808006347094
2020-06-10 04:30:00,28.457,32.384589274062506
2020-06-10 04:45:00,28.457,32.380080615574016
2020-06-10 05:00:00,28.457,32.531542677359575
2020-06-10 05:15:00,28.457,32.965594322747464
2020-06-10 05:30:00,28.2375,32.56475434702877
2020-06-10 05:45:00,28.2375,32.43165091739731
2020-06-10 06:00:00,28.2375,32.683957381340164
2020-06-10 06:15:00,28.2375,33.16864203429755
2020-06-10 06:30:00,28.2375,33.5459716311624
2020-06-10 06:45:00,28.2375,33.58425336777608
2020-06-10 07:00:00,28.457,32.94765479841119
2020-06-10 07:15:00,28.6765,33.50345009872171
2020-06-10 07:30:00,29.116,33.09733696214806
2020-06-10 07:45:00,29.5555,32.8131031333869
2020-06-10 08:00:00,29.775,32.97535952757825
2020-06-10 08:15:00,30.4345,32.60693323509381
2020-06-10 08:30:00,30.874,32.62104844565277
2020-06-10 08:45:00,31.3135,33.83584247007941
2020-06-10 09:00:00,31.753,33.66969681629492
2020-06-10 09:15:00,32.1925,34.68162390809157
2020-06-10 09:30:00,32.1925,33.5215489459945
2020-06-10 09:45:00,32.632,33.25332725796623
2020-06-10 10:00:00,32.632,33.76179883189851
2020-06-10 10:15:00,32.632,32.31613618144722
2020-06-10 10:30:00,33.0715,32.43934551826112
2020-06-10 10:45:00,33.291,32.48040810858725
2020-06-10 11:00:00,33.5105,32.527352964858
2020-06-10 11:15:00,33.7305,32.794762927580095
2020-06-10 11:30:00,33.95,34.56887723700363
2020-06-10 11:45:00,34.1695,35.230639903403585
2020-06-10 12:00:00,34.6095,35.727617684645864
2020-06-10 12:15:00,35.0485,36.03354051142069
2020-06-10 12:30:00,35.2685,36.02282435839602
2020-06-10 12:45:00,35.708,35.77841523376188
2020-06-10 13:00:00,36.587,35.291604009626376
2020-06-10 13:15:00,37.0265,35.786409700427015
2020-06-10 13:30:00,37.2465,36.02770760408491
2020-06-10 13:45:00,37.6855,36.33164418186841
2020-06-10 14:00:00,39.0035,36.94768668506829
2020-06-10 14:15:00,39.4435,36.56130018351957
2020-06-10 14:30:00,39.663,36.94732391932909
2020-06-10 14:45:00,39.663,36.81025884494894
2020-06-10 15:00:00,39.663,36.810069709232884
2020-06-10 15:15:00,39.2235,37.38397083818159
2020-06-10 15:30:00,38.564,37.10575919584127
2020-06-10 15:45:00,38.125,36.07150227325037
2020-06-10 16:00:00,37.9055,36.46287369574465
2020-06-10 16:15:00,37.9055,37.497758278989046
2020-06-10 16:30:00,37.9055,38.43179425506012
2020-06-10 16:45:00,37.686,37.70446739642534
2020-06-10 17:00:00,37.686,37.55309371709962
2020-06-10 17:15:00,37.686,39.06132701440538
2020-06-10 17:30:00,37.246,37.68684460465208
2020-06-10 17:45:00,37.0265,37.91950231346669
2020-06-10 18:00:00,36.807,38.42513470796471
2020-06-10 18:15:00,36.587,38.09814721054012
2020-06-10 18:30:00,36.367,37.845935375357584
2020-06-10 18:45:00,36.1475,37.55905487500203
2020-06-10 19:00:00,35.708,37.457302375212116
2020-06-10 19:15:00,35.708,37.519110755975504
2020-06-10 19:30:00,35.2685,35.88160863223986
2020-06-10 19:45:00,35.049,35.884020043374086
2020-06-10 20:00:00,34.609,36.72594646265366
2020-06-10 20:15:00,34.17,37.38718807636392
2020-06-10 20:30:00,34.17,37.77551972616568
2020-06-10 20:45:00,33.73,38.05417882431659
2020-06-10 21:00:00,33.291,39.605177952183
2020-06-10 21:15:00,33.291,39.79715681655271
2020-06-10 21:30:00,32.852,37.29358668077357
2020-06-10 21:45:00,32.632,38.11191996569723
2020-06-10 22:00:00,32.412,38.02805799082956
2020-06-10 22:15:00,31.973,37.610759911283665
2020-06-10 22:30:00,31.753,38.97125123035457
2020-06-10 22:45:00,31.533,38.03178487156455
2020-06-10 23:00:00,31.533,37.55995352140524
2020-06-10 23:15:00,31.3135,38.49849305495012
2020-06-10 23:30:00,31.094,37.1213097459489
2020-06-10 23:45:00,31.094,35.94408686440054
2020-06-11 00:00:00,31.094,35.42107685392469
2020-06-11 00:15:00,30.654,35.58669581034906
2020-06-11 00:30:00,30.654,35.38353720975299
2020-06-11 00:45:00,30.654,33.64060383924093
2020-06-11 01:00:00,30.4345,34.142633602267516
2020-06-11 01:15:00,30.215,34.015369664964226
2020-06-11 01:30:00,30.215,32.88108361928728
2020-06-11 01:45:00,30.215,34.1123763240479
2020-06-11 02:00:00,29.995,33.649016332273284
2020-06-11 02:15:00,29.775,32.99325802060931
2020-06-11 02:30:00,29.775,33.40298878675541
2020-06-11 02:45:00,29.5555,32.82312252771778
2020-06-11 03:00:00,29.336,33.399571858922386
2020-06-11 03:15:00,29.336,32.704374525149554
2020-06-11 03:30:00,29.116,32.710396195555106
2020-06-11 03:45:00,28.896,33.57825927926262
2020-06-11 04:00:00,28.896,32.70585251261721
2020-06-11 04:15:00,28.896,32.62950494066507
2020-06-11 04:30:00,28.896,32.823150511201284
2020-06-11 04:45:00,28.896,32.75357406514124
2020-06-11 05:00:00,28.6765,32.851618930852354
2020-06-11 05:15:00,28.6765,32.8489239390666
2020-06-11 05:30:00,28.6765,32.75706890247548
2020-06-11 05:45:00,28.6765,33.398599147852806
2020-06-11 06:00:00,28.6765,33.45229769114885
2020-06-11 06:15:00,28.6765,33.54990647566152
2020-06-11 06:30:00,28.896,33.63408454636161
2020-06-11 06:45:00,28.896,33.105796019519566
2020-06-11 07:00:00,29.336,33.93196162376827
2020-06-11 07:15:00,29.775,33.882952484883305
2020-06-11 07:30:00,30.215,32.88165460727478
2020-06-11 07:45:00,30.654,33.75805671140403
2020-06-11 08:00:00,31.3135,33.102724162744856
2020-06-11 08:15:00,31.973,32.9581018189222
2020-06-11 08:30:00,32.632,33.22061923121449
2020-06-11 08:45:00,33.5105,34.052858029811794
2020-06-11 09:00:00,34.1695,35.00868170400125
2020-06-11 09:15:00,34.829,36.8305057166056
2020-06-11 09:30:00,35.4885,35.34592535764644
2020-06-11 09:45:00,36.3675,37.54563352529615
2020-06-11 10:00:00,36.807,35.59994601566169
2020-06-11 10:15:00,37.686,34.08486841627216
2020-06-11 10:30:00,38.564,35.129713805404506
2020-06-11 10:45:00,39.663,33.990625604910605
2020-06-11 11:00:00,40.542,34.00209661482702
2020-06-11 11:15:00,41.421,35.08967397779246
2020-06-11 11:30:00,42.0805,36.66829446457079
2020-06-11 11:45:00,42.739,36.46155778592197
2020-06-11 12:00:00,42.959,36.80231433341014
2020-06-11 12:15:00,43.179,38.82933881721274
2020-06-11 12:30:00,43.6185,38.97022922189765
2020-06-11 12:45:00,44.277,39.12879968376481
2020-06-11 13:00:00,44.9365,40.279980286390476
2020-06-11 13:15:00,45.376,39.03509933027798
2020-06-11 13:30:00,46.035,38.99512681777466
2020-06-11 13:45:00,46.6945,39.220153276144956
2020-06-11 14:00:00,47.134,38.775336111169395
2020-06-11 14:15:00,47.3535,39.126712578856186
2020-06-11 14:30:00,47.5735,38.48843013146084
2020-06-11 14:45:00,47.5735,36.6758094727982
2020-06-11 15:00:00,47.354,36.471273801317444
2020-06-11 15:15:00,46.6945,37.299927505610285
2020-06-11 15:30:00,46.4745,37.21713672811355
2020-06-11 15:45:00,46.0355,38.36576439992761
2020-06-11 16:00:00,45.5955,37.93381699168917
2020-06-11 16:15:00,45.376,37.59507583699523
2020-06-11 16:30:00,44.9365,39.62909068869765
2020-06-11 16:45:00,44.497,39.90912842525907
2020-06-11 17:00:00,44.0575,40.59940257955063
2020-06-11 17:15:00,43.618,40.22497646530168
2020-06-11 17:30:00,43.398,40.36027787741656
2020-06-11 17:45:00,43.1785,41.80975172624739
2020-06-11 18:00:00,42.7395,41.272000676958335
2020-06-11 18:15:00,42.3,39.9192047849361
2020-06-11 18:30:00,41.8605,40.45731058220417
2020-06-11 18:45:00,41.421,40.36247987168452
2020-06-11 19:00:00,40.9815,40.01882215923079
2020-06-11 19:15:00,40.542,38.969635777726566
2020-06-11 19:30:00,40.1025,37.7282361265442
2020-06-11 19:45:00,39.663,37.537798204741094
2020-06-11 20:00:00,39.2235,35.40162016718736
2020-06-11 20:15:00,39.2235,35.29238300761234
2020-06-11 20:30:00,38.784,35.605928259664616
2020-06-11 20:45:00,38.3445,36.28827209180583
2020-06-11 21:00:00,38.3445,36.673971720470085
2020-06-11 21:15:00,37.9055,37.093631015310734
2020-06-11 21:30:00,37.686,39.128439725194234
2020-06-11 21:45:00,37.466,39.57550757637569
2020-06-11 22:00:00,37.0265,39.68119182732387
2020-06-11 22:15:00,36.807,39.238212246744276
2020-06-11 22:30:00,36.587,39.58985917508811
2020-06-11 22:45:00,36.367,37.80570368489472
2020-06-11 23:00:00,36.1475,39.588093073444135
2020-06-11 23:15:00,35.928,39.44569600120233
2020-06-11 23:30:00,35.708,39.09932557936666
2020-06-11 23:45:00,35.488,39.06159120572993
2020-06-12 00:00:00,35.488,39.285204954997305
2020-06-12 00:15:00,35.2685,38.53361774485266
2020-06-12 00:30:00,35.049,37.767775437505854
2020-06-12 00:45:00,34.829,37.148209985928844
2020-06-12 01:00:00,34.829,35.460936985380094
2020-06-12 01:15:00,34.609,34.75791998219701
2020-06-12 01:30:00,34.609,34.034980471479926
2020-06-12 01:45:00,34.609,34.017931547127716
2020-06-12 02:00:00,34.3895,33.673080546396925
2020-06-12 02:15:00,34.3895,33.72982311248092
2020-06-12 02:30:00,34.17,33.73499551576714
2020-06-12 02:45:00,34.17,33.78165787865514
2020-06-12 03:00:00,33.95,33.535586835101924
2020-06-12 03:15:00,33.73,33.756009229817344
2020-06-12 03:30:00,33.5105,33.84310125032833
2020-06-12 03:45:00,33.291,33.46575557594838
2020-06-12 04:00:00,33.291,33.87693022571543
2020-06-12 04:15:00,33.291,33.76304319450979
2020-06-12 04:30:00,33.0715,32.864555881451864
2020-06-12 04:45:00,32.852,33.40931419599604
2020-06-12 05:00:00,32.852,33.38984020081988
2020-06-12 05:15:00,32.852,33.374874236334925
2020-06-12 05:30:00,32.412,33.623085974155764
2020-06-12 05:45:00,32.412,33.46734854970842
2020-06-12 06:00:00,32.412,35.68138862600336
2020-06-12 06:15:00,32.412,34.81420290979823
2020-06-12 06:30:00,32.412,34.861491749595395
2020-06-12 06:45:00,32.852,34.52179916343811
2020-06-12 07:00:00,33.291,36.549845656797295
2020-06-12 07:15:00,33.73,35.74163967326976
2020-06-12 07:30:00,34.17,34.91729567565701
2020-06-12 07:45:00,34.3895,34.94828619058589
2020-06-12 08:00:00,35.0485,33.26981372940149
2020-06-12 08:15:00,35.4885,33.37420838825492
2020-06-12 08:30:00,36.1475,33.102796601997944
2020-06-12 08:45:00,36.807,33.485709390286715
2020-06-12 09:00:00,37.4655,38.752253401135405
2020-06-12 09:15:00,38.3445,39.0429922119973
2020-06-12 09:30:00,38.7845,40.46398290109713
2020-06-12 09:45:00,39.663,41.15527867340563
2020-06-12 10:00:00,40.1025,41.832784790719316
2020-06-12 10:15:00,40.9815,40.14250172421368
2020-06-12 10:30:00,42.08,39.33497763547812
2020-06-12 10:45:00,42.959,39.26797707236303
2020-06-12 11:00:00,43.838,39.50281543356736
2020-06-12 11:15:00,44.9365,39.97984215548903
2020-06-12 11:30:00,45.5955,40.59526332048708
2020-06-12 11:45:00,45.8155,41.473771434406764
2020-06-12 12:00:00,46.0355,41.32862415276551
2020-06-12 12:15:00,46.255,42.282071547323234
2020-06-12 12:30:00,46.6945,42.57785713601186
2020-06-12 12:45:00,47.354,43.69170503036259
2020-06-12 13:00:00,48.0125,44.347201344783116
2020-06-12 13:15:00,48.452,44.45996878568146
2020-06-12 13:30:00,49.111,44.09492816751789
2020-06-12 13:45:00,49.5505,44.33669463250312
2020-06-12 14:00:00,49.9905,44.72264611279558
2020-06-12 14:15:00,50.21,44.78252851839914
2020-06-12 14:30:00,50.43,45.28800947367805
2020-06-12 14:45:00,50.6495,45.11328964151319
2020-06-12 15:00:00,50.4295,44.093631933356505
2020-06-12 15:15:00,50.4295,45.09388714545499
2020-06-12 15:30:00,50.21,44.95858347952466
2020-06-12 15:45:00,49.7705,45.56298067110303
2020-06-12 16:00:00,49.1115,45.810091355474974
2020-06-12 16:15:00,48.672,44.667904239694934
2020-06-12 16:30:00,48.0125,45.58068694470914
2020-06-12 16:45:00,47.793,45.26343879256716
2020-06-12 17:00:00,47.3535,45.15829536647147
2020-06-12 17:15:00,47.3535,44.89302536208265
2020-06-12 17:30:00,47.134,44.831684612258805
2020-06-12 17:45:00,46.9145,44.44343988104
2020-06-12 18:00:00,46.6945,42.441427086736944
2020-06-12 18:15:00,46.255,43.03793715367466
2020-06-12 18:30:00,45.8155,41.08852168825436
2020-06-12 18:45:00,45.1565,41.45201326984557
2020-06-12 19:00:00,44.7165,40.96733876527595
2020-06-12 19:15:00,44.2775,39.502320334776336
2020-06-12 19:30:00,43.618,39.02901629203158
2020-06-12 19:45:00,43.1785,38.78160133373921
2020-06-12 20:00:00,42.7395,39.92089502792476
2020-06-12 20:15:00,42.0805,39.96629599683982
2020-06-12 20:30:00,41.421,40.6367741950053
2020-06-12 20:45:00,40.9815,42.220828619562575
2020-06-12 21:00:00,40.542,42.409797791807115
2020-06-12 21:15:00,40.1025,43.32854648961878
2020-06-12 21:30:00,39.883,41.62911732983282
2020-06-12 21:45:00,39.663,41.86478169973214
2020-06-12 22:00:00,39.2235,42.72441524466605
2020-06-12 22:15:00,39.004,42.612888822912936
2020-06-12 22:30:00,38.564,42.59947125742783
2020-06-12 22:45:00,38.3445,43.1843462529419
2020-06-12 23:00:00,38.125,42.52360076944069
2020-06-12 23:15:00,37.9055,41.20435539229114
2020-06-12 23:30:00,37.686,40.55635923564518
2020-06-12 23:45:00,37.466,41.0664004821392
2020-06-13 00:00:00,37.246,40.77530568263672
2020-06-13 00:15:00,36.807,39.834275094160716
2020-06-13 00:30:00,36.587,39.8828853299177
2020-06-13 00:45:00,36.367,38.87064036200256
2020-06-13 01:00:00,36.1475,38.442523175602936
2020-06-13 01:15:00,35.928,38.726424903311774
2020-06-13 01:30:00,35.928,38.03130139213628
2020-06-13 01:45:00,35.488,38.10464287261056
2020-06-13 02:00:00,35.488,36.670440546346796
2020-06-13 02:15:00,35.049,37.68265588477461
2020-06-13 02:30:00,35.049,37.324810105921635
2020-06-13 02:45:00,34.609,37.34347825731959
2020-06-13 03:00:00,34.609,36.470841497031685
2020-06-13 03:15:00,34.3895,37.061286605158244
2020-06-13 03:30:00,34.17,35.95288211150254
2020-06-13 03:45:00,33.95,35.713870692009365
2020-06-13 04:00:00,33.73,35.020657967528834
2020-06-13 04:15:00,33.5105,33.88626503864423
2020-06-13 04:30:00,33.291,34.364947467833
2020-06-13 04:45:00,33.0715,34.02106992078563
2020-06-13 05:00:00,32.852,33.65912667554858
2020-06-13 05:15:00,32.852,33.80344031011272
2020-06-13 05:30:00,32.632,33.83542905717617
2020-06-13 05:45:00,32.632,34.44018641969213
2020-06-13 06:00:00,32.632,36.49792721792418
2020-06-13 06:15:00,32.632,35.368071772716945
2020-06-13 06:30:00,32.632,35.06966590249145
2020-06-13 06:45:00,32.852,36.21640933994421
2020-06-13 07:00:00,33.291,34.12099625098759
2020-06-13 07:15:00,33.73,34.21054550640913
2020-06-13 07:30:00,34.17,34.28851711381251
2020-06-13 07:45:00,34.829,33.53674816822356
2020-06-13 08:00:00,35.4885,33.60844210987542
2020-06-13 08:15:00,36.1475,33.48167033495199
2020-06-13 08:30:00,36.807,35.53188403023932
2020-06-13 08:45:00,37.6855,39.05068166011524
2020-06-13 09:00:00,38.3445,40.37046828120997
2020-06-13 09:15:00,39.2235,40.93449279308067
2020-06-13 09:30:00,39.663,43.02426598386925
2020-06-13 09:45:00,40.322,42.098445694216664
2020-06-13 10:00:00,40.542,42.501568701280554
2020-06-13 10:15:00,41.421,40.652250151443084
2020-06-13 10:30:00,42.3,40.42052084337539
2020-06-13 10:45:00,43.179,40.45436995010435
2020-06-13 11:00:00,44.497,40.216135993084194
2020-06-13 11:15:00,45.376,40.41057966667905
2020-06-13 11:30:00,46.0355,40.444691187142695
2020-06-13 11:45:00,46.255,40.45186643430696
2020-06-13 12:00:00,46.4745,41.34820262521561
2020-06-13 12:15:00,46.914,42.777125920395164
2020-06-13 12:30:00,47.5735,43.93671518571148
2020-06-13 12:45:00,48.232,44.727221082909715
2020-06-13 13:00:00,48.8915,44.94049921862896
2020-06-13 13:15:00,49.111,46.263935514362494
2020-06-13 13:30:00,49.331,46.476190222851216
2020-06-13 13:45:00,49.9905,47.07297801944721
2020-06-13 14:00:00,50.21,46.46507753553897
2020-06-13 14:15:00,50.43,46.490883186524
2020-06-13 14:30:00,50.43,46.68775294869987
2020-06-13 14:45:00,50.21,46.81481303265896
2020-06-13 15:00:00,49.1115,47.264809219209994
2020-06-13 15:15:00,48.892,47.38382101396159
2020-06-13 15:30:00,48.892,47.23671860241491
2020-06-13 15:45:00,48.452,46.40818140241225
2020-06-13 16:00:00,48.2325,46.03126616786071
2020-06-13 16:15:00,47.793,46.87398521106036
2020-06-13 16:30:00,47.3535,46.90578357179813
2020-06-13 16:45:00,46.914,47.317858794026584
2020-06-13 17:00:00,46.914,46.85818994515067
2020-06-13 17:15:00,46.6945,46.32910631153154
2020-06-13 17:30:00,46.255,45.888460258322745
2020-06-13 17:45:00,46.0355,45.20248440770157
2020-06-13 18:00:00,45.5955,44.88675540273454
2020-06-13 18:15:00,45.376,44.77888480985336
2020-06-13 18:30:00,45.1565,44.10913132113208
2020-06-13 18:45:00,44.7165,43.73977258942646
2020-06-13 19:00:00,44.2775,43.01107099000727
2020-06-13 19:15:00,43.8375,41.75128049814927
2020-06-13 19:30:00,43.3985,40.874554248102726
2020-06-13 19:45:00,42.7395,40.696976997177394
2020-06-13 20:00:00,42.3,41.33858776095612
2020-06-13 20:15:00,41.8605,40.99535912190301
2020-06-13 20:30:00,41.421,43.305353614044286
2020-06-13 20:45:00,40.9815,44.20271742674508
2020-06-13 21:00:00,40.542,44.84239382972392
2020-06-13 21:15:00,40.1025,44.99710260021887
2020-06-13 21:30:00,39.883,45.05674766169442
2020-06-13 21:45:00,39.663,45.0202446266566
2020-06-13 22:00:00,39.2235,42.45243420970023
2020-06-13 22:15:00,39.2235,43.29518476305419
2020-06-13 22:30:00,39.004,43.12712258382786
2020-06-13 22:45:00,38.564,43.532104081341124
2020-06-13 23:00:00,38.564,44.02111580052323
2020-06-13 23:15:00,38.125,43.406405967821236
2020-06-13 23:30:00,38.125,42.45419022492726
2020-06-13 23:45:00,38.125,40.57911746585626
2020-06-14 00:00:00,37.686,41.408541901866776
2020-06-14 00:15:00,37.686,41.130696441506046
2020-06-14 00:30:00,37.246,40.40432720702059
2020-06-14 00:45:00,37.246,40.01541499160703
2020-06-14 01:00:00,36.807,39.2643804223599
2020-06-14 01:15:00,36.807,40.05630030177164
2020-06-14 01:30:00,36.587,40.01575371095674
2020-06-14 01:45:00,36.367,39.067797808165
2020-06-14 02:00:00,36.367,38.50632771337863
2020-06-14 02:15:00,36.1475,36.77844603652651
2020-06-14 02:30:00,35.928,37.026435233372894
2020-06-14 02:45:00,35.708,36.035016030076335
2020-06-14 03:00:00,35.488,36.80687089054427
2020-06-14 03:15:00,35.2685,36.29740031867407
2020-06-14 03:30:00,35.049,36.803913738912414
2020-06-14 03:45:00,34.829,36.01560073846445
2020-06-14 04:00:00,34.829,35.46590294758448
2020-06-14 04:15:00,34.609,36.1777501115743
2020-06-14 04:30:00,34.609,36.68698438797412
2020-06-14 04:45:00,34.17,34.413407325191315
2020-06-14 05:00:00,34.17,34.53808643682675
2020-06-14 05:15:00,34.17,36.206352165653115
2020-06-14 05:30:00,33.95,36.25024510122507
2020-06-14 05:45:00,33.73,37.067390244348424
2020-06-14 06:00:00,33.73,36.66474184150198
2020-06-14 06:15:00,33.73,36.08419364768166
2020-06-14 06:30:00,33.73,36.717296549164715
2020-06-14 06:45:00,33.95,36.964777081839465
2020-06-14 07:00:00,34.17,36.00469185039094
2020-06-14 07:15:00,34.609,36.109202165465454
2020-06-14 07:30:00,35.049,35.28780820268717
2020-06-14 07:45:00,35.488,33.602774077366035
2020-06-14 08:00:00,36.1475,34.68649179109103
2020-06-14 08:15:00,36.8065,34.531175593252186
2020-06-14 08:30:00,37.466,38.81151592992591
2020-06-14 08:45:00,38.125,39.863530665470805
2020-06-14 09:00:00,38.784,41.795214804043894
2020-06-14 09:15:00,39.663,43.46767796969665
2020-06-14 09:30:00,40.542,44.79578258996558
2020-06-14 09:45:00,41.2015,43.26312155022601
2020-06-14 10:00:00,41.8605,40.81894334537462
2020-06-14 10:15:00,42.7395,38.903500526990946
2020-06-14 10:30:00,43.838,37.695875914356776
2020-06-14 10:45:00,44.717,36.64413201182538
2020-06-14 11:00:00,45.596,36.70904621319165
2020-06-14 11:15:00,46.475,37.19483805415837
2020-06-14 11:30:00,47.354,37.25004197298579
2020-06-14 11:45:00,47.793,38.63198474167426
2020-06-14 12:00:00,48.2325,39.48865191820581
2020-06-14 12:15:00,48.4525,40.94271883158724
2020-06-14 12:30:00,48.672,41.298116893090985
2020-06-14 12:45:00,49.5505,39.917507377615735
2020-06-14 13:00:00,49.9905,38.423508076456315
2020-06-14 13:15:00,50.4295,37.86357459344849
2020-06-14 13:30:00,50.6495,36.549841095335815
2020-06-14 13:45:00,49.99,38.18434421578686
2020-06-14 14:00:00,49.551,38.79268420245158
2020-06-14 14:15:00,49.551,40.20296449029994
2020-06-14 14:30:00,49.551,40.14446469332661
2020-06-14 14:45:00,49.331,40.19710236374718
2020-06-14 15:00:00,49.1115,40.256708935360614
2020-06-14 15:15:00,49.1115,41.09768868951883
2020-06-14 15:30:00,49.331,40.097524084946365
2020-06-14 15:45:00,49.331,40.186294864086726
2020-06-14 16:00:00,48.6715,42.497726449757906
2020-06-14 16:15:00,48.2325,41.493125552330156
2020-06-14 16:30:00,47.3535,40.75417061709392
2020-06-14 16:45:00,46.9145,40.65870181515052
2020-06-14 17:00:00,46.4745,40.62349642216285
2020-06-14 17:15:00,46.255,40.41992684485303
2020-06-14 17:30:00,46.0355,40.21210591631657
2020-06-14 17:45:00,45.5955,41.42546218198435
2020-06-14 18:00:00,44.7165,41.41001203796951
2020-06-14 18:15:00,44.0575,40.97875727641317
2020-06-14 18:30:00,43.8375,41.57208942595807
2020-06-14 18:45:00,43.3985,41.8296297752543
2020-06-14 19:00:00,42.959,41.48176333558085
2020-06-14 19:15:00,42.7395,41.020253977144996
2020-06-14 19:30:00,42.3,40.273292308455694
2020-06-14 19:45:00,41.8605,40.176103394697634
2020-06-14 20:00:00,41.421,41.140673901531734
2020-06-14 20:15:00,40.9815,43.331697916499316
2020-06-14 20:30:00,40.762,43.89241339130394
2020-06-14 20:45:00,40.322,45.129702172831
2020-06-14 21:00:00,40.1025,45.33338150324907
2020-06-14 21:15:00,39.883,45.402823064394006
2020-06-14 21:30:00,39.443,44.80628643964356
2020-06-14 21:45:00,39.443,44.76422149380813
2020-06-14 22:00:00,39.004,43.237244782656035
2020-06-14 22:15:00,39.004,45.70418449395115
2020-06-14 22:30:00,39.004,47.79230641372976
2020-06-14 22:45:00,39.004,48.08741725933182
2020-06-14 23:00:00,38.784,48.72468141174912
2020-06-14 23:15:00,38.784,50.081743514137685
2020-06-14 23:30:00,38.564,50.119995703818994
2020-06-14 23:45:00,38.564,50.62596091469123
2020-06-15 00:00:00,38.564,50.14811442920562
2020-06-15 00:15:00,38.125,44.72285900420396
2020-06-15 00:30:00,38.125,45.54520136515813
2020-06-15 00:45:00,38.125,45.34652574837287
2020-06-15 01:00:00,37.9055,45.95611865241475
2020-06-15 01:15:00,37.686,45.302181621879
2020-06-15 01:30:00,37.686,45.270695059015786
2020-06-15 01:45:00,37.466,43.28547751341405
2020-06-15 02:00:00,37.246,41.46895969340903
2020-06-15 02:15:00,36.807,42.19866625585549
2020-06-15 02:30:00,36.587,42.58982871097435
2020-06-15 02:45:00,36.367,41.644539702096395
2020-06-15 03:00:00,36.1475,41.6354978651726
2020-06-15 03:15:00,35.928,40.640141892756546
2020-06-15 03:30:00,35.488,40.59464946195401
2020-06-15 03:45:00,35.488,40.463245016268516
2020-06-15 04:00:00,35.2685,40.31408877901446
2020-06-15 04:15:00,35.049,40.32592989629392
2020-06-15 04:30:00,35.049,38.09023701426843
2020-06-15 04:45:00,34.609,38.2508788951933
2020-06-15 05:00:00,34.609,39.15074339138093
2020-06-15 05:15:00,34.3895,39.16736612661072
2020-06-15 05:30:00,34.17,39.861603078870885
2020-06-15 05:45:00,34.17,40.27582336044304
2020-06-15 06:00:00,34.17,40.46801237922194
2020-06-15 06:15:00,34.17,40.86297456967772
2020-06-15 06:30:00,34.17,41.14214428180312
2020-06-15 06:45:00,34.17,41.902641527714145
2020-06-15 07:00:00,34.609,41.89434895119536
2020-06-15 07:15:00,34.829,41.61496570448134
2020-06-15 07:30:00,35.2685,42.08828290991888
2020-06-15 07:45:00,35.928,42.32938240351895
2020-06-15 08:00:00,36.1475,40.579896001858415
2020-06-15 08:15:00,36.587,40.68113642066749
2020-06-15 08:30:00,37.2465,41.125091465080146
2020-06-15 08:45:00,37.6855,41.62105411120024
2020-06-15 09:00:00,38.5645,43.4749071002822
2020-06-15 09:15:00,39.0035,45.24961066940754
2020-06-15 09:30:00,39.663,45.73439959733073
2020-06-15 09:45:00,40.3225,45.98932229211044
2020-06-15 10:00:00,40.9815,46.09225108689823
2020-06-15 10:15:00,41.641,44.36236242503006
2020-06-15 10:30:00,42.3,44.91535209866586
2020-06-15 10:45:00,43.1785,44.4937088406247
2020-06-15 11:00:00,44.277,45.102474691053
2020-06-15 11:15:00,44.9365,45.34203785066379
2020-06-15 11:30:00,45.596,47.557441982921056
2020-06-15 11:45:00,46.035,49.79210115233941
2020-06-15 12:00:00,46.255,50.596221566618745
2020-06-15 12:15:00,46.475,52.24942619800049
2020-06-15 12:30:00,46.6945,52.31857505034933
2020-06-15 12:45:00,46.9145,52.46546883861803
2020-06-15 13:00:00,46.9145,52.52107033289032
2020-06-15 13:15:00,46.6945,53.14961875195889
2020-06-15 13:30:00,47.134,53.406510688050254
2020-06-15 13:45:00,47.354,53.4166746950499
2020-06-15 14:00:00,47.354,52.91355341190156
2020-06-15 14:15:00,47.793,49.69255100094797
2020-06-15 14:30:00,48.0125,48.03562405396701
2020-06-15 14:45:00,48.0125,49.747411050414414
2020-06-15 15:00:00,48.0125,49.83330703043405
2020-06-15 15:15:00,47.793,50.50198680443539
2020-06-15 15:30:00,47.793,48.211800130625576
2020-06-15 15:45:00,47.793,45.77741186403427
2020-06-15 16:00:00,47.3535,44.806685951910225
2020-06-15 16:15:00,47.134,44.367872923096606
2020-06-15 16:30:00,46.9145,44.67482259452507
2020-06-15 16:45:00,46.6945,45.06963389499673
2020-06-15 17:00:00,46.255,47.914510529266764
2020-06-15 17:15:00,45.8155,46.34563843926756
2020-06-15 17:30:00,45.376,49.290440195410966
2020-06-15 17:45:00,45.376,49.83087373039366
2020-06-15 18:00:00,44.9365,49.19128052587418
2020-06-15 18:15:00,44.9365,47.21639917287197
2020-06-15 18:30:00,44.497,47.11089611498846
2020-06-15 18:45:00,44.0575,47.216339596152096
2020-06-15 19:00:00,43.618,47.44735217044927
2020-06-15 19:15:00,43.1785,46.33366028547761
2020-06-15 19:30:00,42.7395,44.54427297070294
2020-06-15 19:45:00,42.7395,44.39533859627046
2020-06-15 20:00:00,42.3,45.14429691153624
2020-06-15 20:15:00,41.8605,46.87765587447271
2020-06-15 20:30:00,41.421,46.53665376012107
2020-06-15 20:45:00,40.9815,49.02139318400336
2020-06-15 21:00:00,40.762,50.206622005241385
2020-06-15 21:15:00,40.542,51.176772870229556
2020-06-15 21:30:00,40.322,52.04291115522398
2020-06-15 21:45:00,39.883,52.14526982486241
2020-06-15 22:00:00,39.883,52.818371317242665
2020-06-15 22:15:00,39.663,52.85659010749468
2020-06-15 22:30:00,39.443,52.57167951021869
2020-06-15 22:45:00,39.2235,52.55309921746425
2020-06-15 23:00:00,39.004,51.70454323489312
2020-06-15 23:15:00,38.784,51.28381101010234
2020-06-15 23:30:00,38.784,50.565982845620745
2020-06-15 23:45:00,38.564,50.0816389556824
2020-06-16 00:00:00,38.3445,48.88540431373672
2020-06-16 00:15:00,38.3445,48.49709510679764
2020-06-16 00:30:00,38.125,47.036481653423856
2020-06-16 00:45:00,37.9055,46.56205502402133
2020-06-16 01:00:00,37.9055,46.43020313229992
2020-06-16 01:15:00,37.686,45.454399143747125
2020-06-16 01:30:00,37.466,44.09707395737187
2020-06-16 01:45:00,37.246,44.01245939999907
2020-06-16 02:00:00,37.246,44.70314245999811
2020-06-16 02:15:00,37.0265,43.46747872867653
2020-06-16 02:30:00,36.807,41.73509548659988
2020-06-16 02:45:00,36.807,41.50139340749703
2020-06-16 03:00:00,36.367,42.258244524329854
2020-06-16 03:15:00,36.367,42.932012492001284
2020-06-16 03:30:00,35.928,42.76025587534354
2020-06-16 03:45:00,35.928,40.784940755123834
2020-06-16 04:00:00,35.708,40.70356377829848
2020-06-16 04:15:00,35.488,40.18436154427871
2020-06-16 04:30:00,35.488,40.80535451541065
2020-06-16 04:45:00,35.049,40.25480893993745
2020-06-16 05:00:00,35.049,39.06410601678295
2020-06-16 05:15:00,34.829,40.41816230476988
2020-06-16 05:30:00,34.609,41.45997090292299
2020-06-16 05:45:00,34.609,39.606386219449824
2020-06-16 06:00:00,34.609,40.535018520556235
2020-06-16 06:15:00,34.609,42.09134444295228
2020-06-16 06:30:00,34.609,41.29064460095673
2020-06-16 06:45:00,34.609,41.02964020087018
2020-06-16 07:00:00,34.609,39.88514053919426
2020-06-16 07:15:00,34.609,41.729502478003496
2020-06-16 07:30:00,34.829,40.50334583076256
2020-06-16 07:45:00,34.829,38.90701368801356
2020-06-16 08:00:00,34.829,39.50006926961194
2020-06-16 08:15:00,35.0485,38.64256001918435
2020-06-16 08:30:00,35.2685,39.80850555596224
2020-06-16 08:45:00,35.4885,40.522522341917146
2020-06-16 09:00:00,36.1475,42.050302072206065
2020-06-16 09:15:00,36.587,42.24284202976137
2020-06-16 09:30:00,37.0265,43.578801805830274
2020-06-16 09:45:00,37.466,42.976074394045455
2020-06-16 10:00:00,37.9055,43.821877848201275
2020-06-16 10:15:00,38.125,41.899662121727026
2020-06-16 10:30:00,38.784,41.447007880865655
2020-06-16 10:45:00,39.2235,41.31078224390761
2020-06-16 11:00:00,39.883,41.46945802680192
2020-06-16 11:15:00,40.322,43.15113661638603
2020-06-16 11:30:00,40.9815,44.79112311720339
2020-06-16 11:45:00,41.421,45.51335797484943
2020-06-16 12:00:00,41.641,45.63205462222411
2020-06-16 12:15:00,41.8605,45.50439405718348
2020-06-16 12:30:00,41.8605,45.4206366995726
2020-06-16 12:45:00,42.3,45.08070384719401
2020-06-16 13:00:00,42.5195,43.59891329357861
2020-06-16 13:15:00,42.7395,44.22048002985355
2020-06-16 13:30:00,42.7395,44.56471831327045
2020-06-16 13:45:00,43.3985,45.71728252239801
2020-06-16 14:00:00,43.618,46.82649015393768
2020-06-16 14:15:00,43.8375,47.40042069249214
2020-06-16 14:30:00,43.8375,48.111433809313596
2020-06-16 14:45:00,43.618,47.755961964950714
2020-06-16 15:00:00,43.3985,47.94009545341526
2020-06-16 15:15:00,43.1785,47.40998491620986
2020-06-16 15:30:00,43.1785,47.75646370578394
2020-06-16 15:45:00,43.1785,46.998816492136676
2020-06-16 16:00:00,43.1785,46.55902907586072
2020-06-16 16:15:00,43.1785,45.9498610249107
2020-06-16 16:30:00,42.959,45.935113810600235
2020-06-16 16:45:00,42.52,45.48517653504843
2020-06-16 17:00:00,42.52,45.31203061767791
2020-06-16 17:15:00,42.08,46.49557334599505
2020-06-16 17:30:00,41.8605,45.6396805998131
2020-06-16 17:45:00,41.641,44.20546276054654
2020-06-16 18:00:00,41.201,44.03196638013982
2020-06-16 18:15:00,40.762,40.75617577600941
2020-06-16 18:30:00,40.322,39.79792499354312
2020-06-16 18:45:00,39.883,40.2658158034706
2020-06-16 19:00:00,39.443,40.17135669479949
2020-06-16 19:15:00,39.004,40.03834079370848
2020-06-16 19:30:00,39.004,38.4946042673686
2020-06-16 19:45:00,38.564,38.08335170208675
2020-06-16 20:00:00,38.125,38.32893206996933
2020-06-16 20:15:00,37.9055,37.72543994664196
2020-06-16 20:30:00,37.686,39.311231510687186
2020-06-16 20:45:00,37.466,39.9073602884099
2020-06-16 21:00:00,37.0265,40.43512981154165
2020-06-16 21:15:00,36.587,40.37358218659636
2020-06-16 21:30:00,36.587,40.55446883543024
2020-06-16 21:45:00,36.3675,41.48483785052291
2020-06-16 22:00:00,36.1475,44.4428847690062
2020-06-16 22:15:00,36.1475,41.5817636167224
2020-06-16 22:30:00,35.928,45.18708370660733
2020-06-16 22:45:00,35.708,47.239027526998036
2020-06-16 23:00:00,35.708,47.614718468656704
2020-06-16 23:15:00,35.708,46.06497798721973
2020-06-16 23:30:00,35.488,45.031589076026336
2020-06-16 23:45:00,35.488,44.395898697648086
2020-06-17 00:00:00,35.488,44.47963428646691
2020-06-17 00:15:00,35.488,44.783545053721895
2020-06-17 00:30:00,35.049,43.71059109416199
2020-06-17 00:45:00,35.049,41.885690023143376
2020-06-17 01:00:00,35.049,41.342637728446384
2020-06-17 01:15:00,35.049,41.65972182543274
2020-06-17 01:30:00,35.049,41.625284772927415
2020-06-17 01:45:00,34.609,39.894805421384724
2020-06-17 02:00:00,34.609,39.25672997183938
2020-06-17 02:15:00,34.3895,38.404422502935624
2020-06-17 02:30:00,34.17,37.92100912764326
2020-06-17 02:45:00,34.17,40.68161812632009
2020-06-17 03:00:00,34.17,40.61154487820893
2020-06-17 03:15:00,33.73,40.31598799684429
2020-06-17 03:30:00,33.73,40.01469599788402
2020-06-17 03:45:00,33.73,38.34389471781455
2020-06-17 04:00:00,33.291,39.64871133074442
2020-06-17 04:15:00,33.291,37.928602356280415
2020-06-17 04:30:00,33.291,37.26728829574115
2020-06-17 04:45:00,33.0715,37.0241775771505
2020-06-17 05:00:00,32.852,35.72813507484746
2020-06-17 05:15:00,32.852,34.800581025796255
2020-06-17 05:30:00,32.852,34.64168717561589
2020-06-17 05:45:00,32.852,33.98681406837344
2020-06-17 06:00:00,32.632,33.44897677901472
2020-06-17 06:15:00,32.632,33.88135792266707
2020-06-17 06:30:00,32.412,34.32016205175322
2020-06-17 06:45:00,32.412,35.53604203668045
2020-06-17 07:00:00,32.412,37.0481012263921
2020-06-17 07:15:00,32.412,37.24392979069806
2020-06-17 07:30:00,32.412,37.784599045826766
2020-06-17 07:45:00,32.632,38.294670451142935
2020-06-17 08:00:00,32.852,36.5912496133642
2020-06-17 08:15:00,33.291,35.46183991963356
2020-06-17 08:30:00,33.5105,35.66732585546906
2020-06-17 08:45:00,33.73,35.54376901333351
2020-06-17 09:00:00,34.17,35.91967788743491
2020-06-17 09:15:00,34.609,35.41806118811437
2020-06-17 09:30:00,35.2685,36.48937640404201
2020-06-17 09:45:00,35.708,37.62366133422384
2020-06-17 10:00:00,36.367,36.693779994185775
2020-06-17 10:15:00,37.466,37.145104748925796
2020-06-17 10:30:00,38.564,37.49279129307276
2020-06-17 10:45:00,39.4435,37.52949441972904
2020-06-17 11:00:00,40.3225,40.241801111900536
2020-06-17 11:15:00,40.9815,41.10955762156243
2020-06-17 11:30:00,41.6405,40.74254796118042
2020-06-17 11:45:00,41.8605,41.03712820512997
2020-06-17 12:00:00,42.08,40.60113909401216
2020-06-17 12:15:00,42.3,39.996362250210694
2020-06-17 12:30:00,43.1785,37.17871784980252
2020-06-17 12:45:00,43.618,37.02884461776341
2020-06-17 13:00:00,43.8375,35.59921494245368
2020-06-17 13:15:00,44.2775,34.75286168514937
2020-06-17 13:30:00,44.7165,35.871020810847114
2020-06-17 13:45:00,44.9365,37.54893071393636
2020-06-17 14:00:00,45.376,38.73444489984102
2020-06-17 14:15:00,45.5955,37.74162330255168
2020-06-17 14:30:00,45.8155,37.895282944117845
2020-06-17 14:45:00,46.0355,37.66741886209228
2020-06-17 15:00:00,46.255,36.94666095433412
2020-06-17 15:15:00,46.255,38.539783135533746
2020-06-17 15:30:00,46.255,38.89927056024393
2020-06-17 15:45:00,45.8155,39.35197798148069
2020-06-17 16:00:00,45.1565,40.29319249485801
2020-06-17 16:15:00,44.7165,40.640355801282254
2020-06-17 16:30:00,44.497,38.78849788883198
2020-06-17 16:45:00,44.0575,38.212913423738804
2020-06-17 17:00:00,43.6185,37.89885999040103
2020-06-17 17:15:00,43.3985,37.993547518730765
2020-06-17 17:30:00,43.179,38.976708653712734
2020-06-17 17:45:00,42.959,38.153099569312424
2020-06-17 18:00:00,42.739,40.680872056023915
2020-06-17 18:15:00,42.3,43.5178308863187
2020-06-17 18:30:00,42.3,44.664602474442766
2020-06-17 18:45:00,42.0805,44.85051250815506
2020-06-17 19:00:00,41.421,45.36743318507625
2020-06-17 19:15:00,41.421,45.68351282397528
2020-06-17 19:30:00,40.9815,42.61890483513893
2020-06-17 19:45:00,40.762,41.85666145706218
2020-06-17 20:00:00,40.542,42.04972368173237
2020-06-17 20:15:00,40.322,41.58847146748931
2020-06-17 20:30:00,40.1025,41.38737167207519
2020-06-17 20:45:00,39.883,41.87497891760504
2020-06-17 21:00:00,39.663,41.97679830527605
2020-06-17 21:15:00,39.443,45.703556724329935
2020-06-17 21:30:00,39.443,46.431016950904066
2020-06-17 21:45:00,39.2235,47.45719167277085
2020-06-17 22:00:00,39.004,47.07598105702027
2020-06-17 22:15:00,39.004,45.53187430167678
2020-06-17 22:30:00,38.564,45.248252359652255
2020-06-17 22:45:00,38.3445,44.436159632494196
2020-06-17 23:00:00,38.3445,43.65524059525505
2020-06-17 23:15:00,38.3445,43.978796738878586
2020-06-17 23:30:00,38.125,44.456964629010585
2020-06-17 23:45:00,37.9055,45.63087219136973
2020-06-18 00:00:00,37.9055,45.8657321211065
2020-06-18 00:15:00,37.9055,44.15530899947953
2020-06-18 00:30:00,37.686,42.68696310453116
2020-06-18 00:45:00,37.466,41.92717780994126
2020-06-18 01:00:00,37.466,41.249845177841266
2020-06-18 01:15:00,37.466,40.68490871329454
2020-06-18 01:30:00,37.246,38.985925976212826
2020-06-18 01:45:00,37.0265,40.27848824157066
2020-06-18 02:00:00,37.0265,40.17829348148049
2020-06-18 02:15:00,36.587,39.83511770203428
2020-06-18 02:30:00,36.587,40.42540557071616
2020-06-18 02:45:00,36.367,38.74800517571743
2020-06-18 03:00:00,36.1475,38.50718388253828
2020-06-18 03:15:00,36.1475,38.313166067270025
2020-06-18 03:30:00,36.1475,37.87891411137644
2020-06-18 03:45:00,35.9275,38.569733998917066
2020-06-18 04:00:00,35.708,37.93474177297866
2020-06-18 04:15:00,35.4885,38.0001184062375
2020-06-18 04:30:00,35.4885,38.202727663442396
2020-06-18 04:45:00,35.2685,36.53807475837856
2020-06-18 05:00:00,35.0485,36.139690261174955
2020-06-18 05:15:00,35.0485,37.078852035736794
2020-06-18 05:30:00,35.0485,36.7083604330201
2020-06-18 05:45:00,34.829,38.28095309784718
2020-06-18 06:00:00,34.829,38.65940609897243
2020-06-18 06:15:00,34.829,38.321853189841185
2020-06-18 06:30:00,34.829,39.32016621465497
2020-06-18 06:45:00,34.829,39.01893647026843
2020-06-18 07:00:00,34.829,38.38935675570813
2020-06-18 07:15:00,35.049,38.448113681289506
2020-06-18 07:30:00,35.2685,38.290536290672456
2020-06-18 07:45:00,35.488,37.508653973550615
2020-06-18 08:00:00,35.928,37.02129913095244
2020-06-18 08:15:00,36.587,35.46346121725559
2020-06-18 08:30:00,37.0265,35.180971769292306
2020-06-18 08:45:00,37.466,35.75141928923975
2020-06-18 09:00:00,37.9055,40.01314887305103
2020-06-18 09:15:00,38.5645,40.27588349408153
2020-06-18 09:30:00,39.0035,38.34820323688417
2020-06-18 09:45:00,39.663,40.69329302891377
2020-06-18 10:00:00,40.1025,41.53541455775387
2020-06-18 10:15:00,40.9815,39.55541354655864
2020-06-18 10:30:00,41.8605,40.484727615818784
2020-06-18 10:45:00,43.1785,39.39701178019925
2020-06-18 11:00:00,44.0575,39.84232572243248
2020-06-18 11:15:00,45.376,38.62957893898938
2020-06-18 11:30:00,46.035,38.03961505034738
2020-06-18 11:45:00,46.475,37.94197864342536
2020-06-18 12:00:00,46.475,39.03185629109521
2020-06-18 12:15:00,46.9145,39.3599473777307
2020-06-18 12:30:00,46.9145,38.79995720582657
2020-06-18 12:45:00,47.134,40.03439752186678
2020-06-18 13:00:00,47.134,39.19637433309306
2020-06-18 13:15:00,47.5735,39.7831861699202
2020-06-18 13:30:00,47.354,39.9207619859111
2020-06-18 13:45:00,46.914,39.99520654215256
2020-06-18 14:00:00,46.6945,41.76006970086419
2020-06-18 14:15:00,46.9145,40.71424235503937
2020-06-18 14:30:00,47.134,40.59838216673783
2020-06-18 14:45:00,47.793,40.36260681897664
2020-06-18 15:00:00,48.2325,41.98040604069635
2020-06-18 15:15:00,48.2325,41.104097178069736
2020-06-18 15:30:00,48.013,40.938383861799096
2020-06-18 15:45:00,47.573,40.79156275806952
2020-06-18 16:00:00,47.573,40.42940435104822
2020-06-18 16:15:00,47.3535,40.68536183920872
2020-06-18 16:30:00,46.6945,41.286703118841984
2020-06-18 16:45:00,46.475,40.92476761410013
2020-06-18 17:00:00,46.035,41.38398145465658
2020-06-18 17:15:00,45.8155,41.47697281709605
2020-06-18 17:30:00,45.596,41.03362774872884
2020-06-18 17:45:00,45.156,41.10176242452202
2020-06-18 18:00:00,44.9365,40.076475985727484
2020-06-18 18:15:00,44.717,38.98153790481868
2020-06-18 18:30:00,44.277,39.92485868129448
2020-06-18 18:45:00,44.277,38.668853872382236
2020-06-18 19:00:00,43.838,39.35073474242642
2020-06-18 19:15:00,43.838,40.11621958158604
2020-06-18 19:30:00,43.618,39.97555394879517
2020-06-18 19:45:00,43.1785,40.15529170965039
2020-06-18 20:00:00,43.1785,40.29866581741011
2020-06-18 20:15:00,42.7395,40.245777148202706
2020-06-18 20:30:00,42.7395,40.821973644117065
2020-06-18 20:45:00,42.52,40.546218867692055
2020-06-18 21:00:00,42.3,40.45014636868478
2020-06-18 21:15:00,42.08,40.84261621311707
2020-06-18 21:30:00,41.8605,41.062076131971274
2020-06-18 21:45:00,41.641,41.28693045696479
2020-06-18 22:00:00,41.421,41.196142766385975
2020-06-18 22:15:00,41.421,41.337283234005554
2020-06-18 22:30:00,40.9815,42.22415104803899
2020-06-18 22:45:00,40.9815,41.31299128176445
2020-06-18 23:00:00,40.762,41.608510372742266
2020-06-18 23:15:00,40.542,41.60892916274343
2020-06-18 23:30:00,40.542,40.151565662038166
2020-06-18 23:45:00,40.542,40.41592506214498
2020-06-19 00:00:00,40.322,38.785539860841645
2020-06-19 00:15:00,40.322,38.06632553916524
2020-06-19 00:30:00,40.1025,40.02071588908979
2020-06-19 00:45:00,39.883,39.66058681255051
2020-06-19 01:00:00,39.883,39.736192027305286
2020-06-19 01:15:00,39.443,38.9676794384434
2020-06-19 01:30:00,39.443,39.950878091440096
2020-06-19 01:45:00,39.443,40.1971902353798
2020-06-19 02:00:00,39.443,40.466179924479306
2020-06-19 02:15:00,39.2235,40.263705420894716
2020-06-19 02:30:00,39.2235,40.450473440006625
2020-06-19 02:45:00,39.2235,40.65252682346972
2020-06-19 03:00:00,39.2235,40.311965027005584
2020-06-19 03:15:00,39.004,40.33328587751988
2020-06-19 03:30:00,38.784,38.683566987629334
2020-06-19 03:45:00,38.784,39.54848233126058
2020-06-19 04:00:00,38.784,38.9313786607324
2020-06-19 04:15:00,38.3445,39.39260716457046
2020-06-19 04:30:00,38.3445,40.195474862613196
2020-06-19 04:45:00,38.3445,38.52458016221848
2020-06-19 05:00:00,37.9055,37.15302362578721
2020-06-19 05:15:00,37.9055,37.71267979553354
2020-06-19 05:30:00,37.9055,38.21394440388177
2020-06-19 05:45:00,37.686,38.93525899370789
2020-06-19 06:00:00,37.466,38.56375365216827
2020-06-19 06:15:00,37.466,39.82664136306063
2020-06-19 06:30:00,37.466,38.400661712223645
2020-06-19 06:45:00,37.466,39.395429460449236
2020-06-19 07:00:00,37.466,39.78271232784284
2020-06-19 07:15:00,37.686,39.27798513577579
2020-06-19 07:30:00,37.686,40.24449945157632
2020-06-19 07:45:00,38.125,40.35945581613472
2020-06-19 08:00:00,38.125,38.6703814659012
2020-06-19 08:15:00,38.564,38.510481037517934
2020-06-19 08:30:00,39.004,40.4953498273937
2020-06-19 08:45:00,39.443,43.246767938571004
2020-06-19 09:00:00,39.883,45.61375667029276
2020-06-19 09:15:00,40.1025,47.39463323174354
2020-06-19 09:30:00,40.322,48.828337090437685
2020-06-19 09:45:00,40.762,47.20898682680925
2020-06-19 10:00:00,41.201,46.57436601108286
2020-06-19 10:15:00,41.421,44.99959374755542
2020-06-19 10:30:00,41.421,42.0049432554969
2020-06-19 10:45:00,41.641,41.070267145009
2020-06-19 11:00:00,41.641,40.81768345427476
2020-06-19 11:15:00,41.641,40.71065820000623
2020-06-19 11:30:00,41.641,41.18670108727293
2020-06-19 11:45:00,41.641,43.113027490596345
2020-06-19 12:00:00,41.641,43.2874845819592
2020-06-19 12:15:00,41.641,42.82588491777754
2020-06-19 12:30:00,41.641,43.69321492372628
2020-06-19 12:45:00,41.641,44.652114656710836
2020-06-19 13:00:00,41.641,43.66227503043811
2020-06-19 13:15:00,41.641,44.51903010923453
2020-06-19 13:30:00,41.8605,44.731231692823954
2020-06-19 13:45:00,41.641,48.10445587396147
2020-06-19 14:00:00,40.9815,48.61959468720766
2020-06-19 14:15:00,39.663,51.42464651615801
2020-06-19 14:30:00,37.9055,50.0103062651311
2020-06-19 14:45:00,37.246,48.3594593222779
2020-06-19 15:00:00,36.807,48.141078033886494
2020-06-19 15:15:00,36.807,48.65756022418112
2020-06-19 15:30:00,36.367,48.86641933512108
2020-06-19 15:45:00,36.367,47.514937255279435
2020-06-19 16:00:00,36.367,46.38693652429824
2020-06-19 16:15:00,35.708,45.970021413729086
2020-06-19 16:30:00,35.049,46.99453969832904
2020-06-19 16:45:00,34.609,47.609678267616815
2020-06-19 17:00:00,34.17,48.9943985899357
2020-06-19 17:15:00,33.73,47.08055991198638
2020-06-19 17:30:00,33.291,46.2074620242183
2020-06-19 17:45:00,32.852,42.499076648642166
2020-06-19 18:00:00,32.1925,40.144703878117056
2020-06-19 18:15:00,31.5335,40.71223291486247
2020-06-19 18:30:00,31.0935,39.90772700936588
2020-06-19 18:45:00,30.6545,38.2971495305442
2020-06-19 19:00:00,30.4345,39.438935493375716
2020-06-19 19:15:00,30.2145,37.85720927855123
2020-06-19 19:30:00,30.2145,37.311911473184814
2020-06-19 19:45:00,30.4345,37.90006546010615
2020-06-19 20:00:00,30.654,37.575392664609545
2020-06-19 20:15:00,30.874,37.701130937137265
2020-06-19 20:30:00,31.094,39.273303383584675
2020-06-19 20:45:00,31.094,38.860420737886145
2020-06-19 21:00:00,31.094,40.08385564569736
2020-06-19 21:15:00,31.094,40.741799188299105
2020-06-19 21:30:00,31.094,43.3928460050981
2020-06-19 21:45:00,31.094,44.613005961675945
2020-06-19 22:00:00,31.094,45.9094333369526
2020-06-19 22:15:00,31.094,45.739053852216664
2020-06-19 22:30:00,31.094,45.41085127716815
2020-06-19 22:45:00,31.094,44.53960717507792
2020-06-19 23:00:00,31.3135,45.468376324236935
2020-06-19 23:15:00,31.533,47.23635494675189
2020-06-19 23:30:00,31.753,47.039658231182365
2020-06-19 23:45:00,31.973,46.99293305072265
2020-06-20 00:00:00,32.1925,46.91704694211625
2020-06-20 00:15:00,32.1925,44.014706807277285
2020-06-20 00:30:00,32.1925,43.570914433239814
2020-06-20 00:45:00,31.973,41.9345019904879
2020-06-20 01:00:00,31.973,40.966709618388876
2020-06-20 01:15:00,31.973,41.59101005687473
2020-06-20 01:30:00,31.973,40.60114943936378
2020-06-20 01:45:00,31.973,42.02993460110695
2020-06-20 02:00:00,31.973,41.62173851901443
2020-06-20 02:15:00,31.753,39.488972395745414
2020-06-20 02:30:00,31.753,40.772487630254396
2020-06-20 02:45:00,31.753,40.78767942315194
2020-06-20 03:00:00,31.753,39.140199415983915
2020-06-20 03:15:00,31.9725,38.953311582913415
2020-06-20 03:30:00,31.9725,40.723122259906404
2020-06-20 03:45:00,32.1925,40.25316316289387
2020-06-20 04:00:00,32.1925,40.10699412938663
2020-06-20 04:15:00,32.1925,40.195908409890926
2020-06-20 04:30:00,32.1925,39.36199942968154
2020-06-20 04:45:00,32.1925,39.4919806511196
2020-06-20 05:00:00,32.1925,38.488183313340706
2020-06-20 05:15:00,32.412,37.2186233699352
2020-06-20 05:30:00,32.412,39.06630347186711
2020-06-20 05:45:00,32.632,40.030231626716656
2020-06-20 06:00:00,32.632,40.55993803124256
2020-06-20 06:15:00,32.632,39.32619303740435
2020-06-20 06:30:00,32.632,38.86356113682694
2020-06-20 06:45:00,32.632,39.36847572240585
2020-06-20 07:00:00,32.632,40.088609471834985
2020-06-20 07:15:00,32.632,40.79034918294009
2020-06-20 07:30:00,32.852,39.58933418058848
2020-06-20 07:45:00,32.852,41.276400304729435
2020-06-20 08:00:00,33.291,39.263124812941136
2020-06-20 08:15:00,33.291,38.57816949183222
2020-06-20 08:30:00,33.73,38.32464555167603
2020-06-20 08:45:00,33.73,36.00550587885422
2020-06-20 09:00:00,34.17,36.17550308199815
2020-06-20 09:15:00,34.17,34.720765574841
2020-06-20 09:30:00,34.609,33.15465659237375
2020-06-20 09:45:00,34.829,33.62223102249062
2020-06-20 10:00:00,35.049,32.78693471042028
2020-06-20 10:15:00,35.2685,32.47426265887768
2020-06-20 10:30:00,35.488,32.32361678741101
2020-06-20 10:45:00,35.488,32.416804718996204
2020-06-20 11:00:00,35.488,32.472152557977246
2020-06-20 11:15:00,35.708,32.42127235811018
2020-06-20 11:30:00,35.928,32.52232655113262
2020-06-20 11:45:00,36.367,32.47553812759557
2020-06-20 12:00:00,36.587,32.42709967838125
2020-06-20 12:15:00,37.0265,32.5306793060028
2020-06-20 12:30:00,37.466,32.49490906941351
2020-06-20 12:45:00,38.3445,32.55967633262576
2020-06-20 13:00:00,38.5645,32.62086993681981
2020-06-20 13:15:00,38.784,32.42127235811018
2020-06-20 13:30:00,38.784,32.52164188233232
2020-06-20 13:45:00,38.784,32.88492436346515
2020-06-20 14:00:00,39.2235,32.75930691821747
2020-06-20 14:15:00,39.2235,32.89176634417454
2020-06-20 14:30:00,39.2235,32.938277112364815
2020-06-20 14:45:00,39.2235,32.70780911627257
2020-06-20 15:00:00,39.883,32.9943170126946
2020-06-20 15:15:00,40.1025,32.944714790011474
2020-06-20 15:30:00,40.1025,32.65535458963654
2020-06-20 15:45:00,40.1025,32.8238555271681
2020-06-20 16:00:00,40.1025,32.74281661538695
2020-06-20 16:15:00,39.883,32.75862469779749
2020-06-20 16:30:00,39.663,32.461050585539034
2020-06-20 16:45:00,39.443,32.40434320556834
2020-06-20 17:00:00,39.443,32.80022043124714
2020-06-20 17:15:00,39.2235,33.26666487547181
2020-06-20 17:30:00,39.004,33.91710010760599
2020-06-20 17:45:00,38.784,36.685324289395254
2020-06-20 18:00:00,38.564,38.24419544580431
2020-06-20 18:15:00,38.3445,39.4555910398667
2020-06-20 18:30:00,38.125,39.24579860900565
2020-06-20 18:45:00,37.9055,40.35093958813791
2020-06-20 19:00:00,37.686,40.511756638017665
2020-06-20 19:15:00,37.466,37.25792180186913
2020-06-20 19:30:00,37.246,38.45605465054145
2020-06-20 19:45:00,37.0265,37.9236844295331
2020-06-20 20:00:00,36.587,37.95585024443641
2020-06-20 20:15:00,36.587,38.72137646922294
2020-06-20 20:30:00,36.587,39.89550998805824
2020-06-20 20:45:00,36.1475,40.87288263600595
2020-06-20 21:00:00,36.1475,41.13673050400209
2020-06-20 21:15:00,35.708,41.549776621343796
2020-06-20 21:30:00,35.488,42.36432608255443
2020-06-20 21:45:00,35.2685,44.58225305600733
2020-06-20 22:00:00,35.049,45.36001853115941
2020-06-20 22:15:00,34.609,44.21032304510799
2020-06-20 22:30:00,34.609,44.04295301216807
2020-06-20 22:45:00,34.17,45.06331901508988
2020-06-20 23:00:00,34.17,44.249484921341164
2020-06-20 23:15:00,34.17,44.29193206397531
2020-06-20 23:30:00,33.95,43.93403129574097
2020-06-20 23:45:00,33.73,41.95520198574363
2020-06-21 00:00:00,33.73,40.75944297594646
2020-06-21 00:15:00,33.73,39.99188553048761
2020-06-21 00:30:00,33.5105,39.734196671372686
2020-06-21 00:45:00,33.291,39.44786214562541
2020-06-21 01:00:00,33.291,39.5961367965632
2020-06-21 01:15:00,33.291,38.11627789063917
2020-06-21 01:30:00,33.0715,37.93606916321023
2020-06-21 01:45:00,32.852,37.51787014976666
2020-06-21 02:00:00,32.852,37.008096049457194
2020-06-21 02:15:00,32.632,36.06009732014591
2020-06-21 02:30:00,32.412,35.17237832081555
2020-06-21 02:45:00,32.412,34.18369087612536
2020-06-21 03:00:00,32.412,32.87116860578523
2020-06-21 03:15:00,32.1925,32.648816498573844
2020-06-21 03:30:00,31.973,32.5825082854561
2020-06-21 03:45:00,31.973,32.65607360382609
2020-06-21 04:00:00,31.533,32.745873979378906
2020-06-21 04:15:00,31.533,33.0642910645972
2020-06-21 04:30:00,31.3135,32.71094389009107
2020-06-21 04:45:00,31.094,32.78470906395291
2020-06-21 05:00:00,30.874,32.727163677542016
2020-06-21 05:15:00,30.654,32.57075447147428
2020-06-21 05:30:00,30.654,32.65164900678011
2020-06-21 05:45:00,30.654,32.63936398386666
2020-06-21 06:00:00,30.4345,32.62763621141856
2020-06-21 06:15:00,30.4345,33.250278743447375
2020-06-21 06:30:00,30.4345,35.170834807075565
2020-06-21 06:45:00,30.4345,36.34018832439104
2020-06-21 07:00:00,30.654,36.70619211456342
2020-06-21 07:15:00,31.094,35.535367468369756
2020-06-21 07:30:00,31.533,36.962375689025166
2020-06-21 07:45:00,32.1925,36.42978265235736
2020-06-21 08:00:00,32.852,35.58021495922546
2020-06-21 08:15:00,33.0715,35.11398086094041
2020-06-21 08:30:00,33.5105,34.99107826212876
2020-06-21 08:45:00,33.95,38.53288593020966
2020-06-21 09:00:00,34.3895,39.08990266792587
2020-06-21 09:15:00,34.829,39.899129818337876
2020-06-21 09:30:00,35.2685,40.510018871029885
2020-06-21 09:45:00,35.708,39.231532947409406
2020-06-21 10:00:00,36.367,38.791821902835565
2020-06-21 10:15:00,36.807,38.36711742685819
2020-06-21 10:30:00,36.807,36.58752060320998
2020-06-21 10:45:00,37.246,35.631979039148426
2020-06-21 11:00:00,38.3445,37.19675102332998
2020-06-21 11:15:00,39.2235,38.18998114317046
2020-06-21 11:30:00,39.883,38.50271067470701
2020-06-21 11:45:00,40.542,39.67400137336565
2020-06-21 12:00:00,40.542,40.711414104457404
2020-06-21 12:15:00,40.3225,41.364705387391126
2020-06-21 12:30:00,40.1025,41.91976196401257
2020-06-21 12:45:00,40.542,42.044880007811955
2020-06-21 13:00:00,40.9815,42.15252456196104
2020-06-21 13:15:00,41.6405,42.29465595584009
2020-06-21 13:30:00,42.5195,41.71599069750339
2020-06-21 13:45:00,43.1785,42.21161870865792
2020-06-21 14:00:00,43.618,42.271614566805106
2020-06-21 14:15:00,44.0575,42.45517301912219
2020-06-21 14:30:00,44.497,42.958816499805955
2020-06-21 14:45:00,44.497,42.03989942540455
2020-06-21 15:00:00,44.2775,40.469598300626515
2020-06-21 15:15:00,44.277,41.35496571475508
2020-06-21 15:30:00,44.0575,41.825672065200024
2020-06-21 15:45:00,43.618,42.10132143820036
2020-06-21 16:00:00,43.179,43.17572327527936
2020-06-21 16:15:00,42.5195,42.07966372378106
2020-06-21 16:30:00,42.3,41.783236157239266
2020-06-21 16:45:00,41.8605,42.81075261118388
2020-06-21 17:00:00,41.8605,43.95597405147981
2020-06-21 17:15:00,41.641,44.60073367807557
2020-06-21 17:30:00,41.421,45.07118658454773
2020-06-21 17:45:00,40.957,43.07972213573637
2020-06-21 18:00:00,40.5175,43.20256368309473
2020-06-21 18:15:00,40.2975,43.10853662012486
2020-06-21 18:30:00,39.8585,43.04580922759077
2020-06-21 18:45:00,39.8585,41.15343712334729
2020-06-21 19:00:00,39.419,41.087261794226315
2020-06-21 19:15:00,38.9795,39.78151669944543
2020-06-21 19:30:00,38.9795,38.26615043340181
2020-06-21 19:45:00,38.54,38.17151696659477
2020-06-21 20:00:00,38.3205,38.14057604219995
2020-06-21 20:15:00,38.1005,39.10546827967622
2020-06-21 20:30:00,38.1005,41.66858904213473
2020-06-21 20:45:00,37.881,42.14475394933687
2020-06-21 21:00:00,37.6615,43.29176920211378
2020-06-21 21:15:00,37.4415,43.73104310019917
2020-06-21 21:30:00,37.2215,43.912232318592125
2020-06-21 21:45:00,37.2215,43.958834345320824
2020-06-21 22:00:00,37.002,43.27902139063232
2020-06-21 22:15:00,36.7825,42.459598013624266
2020-06-21 22:30:00,36.7825,41.30404313245378
2020-06-21 22:45:00,36.7825,41.24993276439865
2020-06-21 23:00:00,36.7825,42.40751755271878
2020-06-21 23:15:00,36.7825,42.493151738921455
2020-06-21 23:30:00,36.5625,41.37528855818989
2020-06-21 23:45:00,36.5625,41.20489956975538
2020-06-22 00:00:00,36.5625,41.509813998477384
2020-06-22 00:15:00,36.3425,40.63783659738633
2020-06-22 00:30:00,36.3425,39.512582747955015
2020-06-22 00:45:00,36.3425,40.53448449416544
2020-06-22 01:00:00,36.123,39.10725751295483
2020-06-22 01:15:00,35.9035,38.7068271877866
2020-06-22 01:30:00,35.6835,38.999909946267245
2020-06-22 01:45:00,35.6835,38.75008021255194
2020-06-22 02:00:00,35.244,38.39527965494793
2020-06-22 02:15:00,34.8045,36.97705256295638
2020-06-22 02:30:00,34.8045,35.58315453251081
2020-06-22 02:45:00,34.8045,36.56653760333912
2020-06-22 03:00:00,34.8045,35.26445766756708
2020-06-22 03:15:00,34.8045,36.00190696669161
2020-06-22 03:30:00,34.8045,35.18754546001625
2020-06-22 03:45:00,34.8045,34.74410450771707
2020-06-22 04:00:00,34.585,34.74339323914978
2020-06-22 04:15:00,34.3655,34.82271083742604
2020-06-22 04:30:00,34.3655,34.51326528507918
2020-06-22 04:45:00,34.3655,35.265175588721576
2020-06-22 05:00:00,34.3655,34.725570651111035
2020-06-22 05:15:00,34.1455,33.75259139765451
2020-06-22 05:30:00,33.9255,33.921314029465115
2020-06-22 05:45:00,33.9255,34.487440961956516
2020-06-22 06:00:00,33.706,35.5412964927485
2020-06-22 06:15:00,33.4865,35.832955631503395
2020-06-22 06:30:00,32.6075,35.61665843303759
2020-06-22 06:45:00,31.7285,36.853960595904375
2020-06-22 07:00:00,31.289,35.09604087054009
2020-06-22 07:15:00,31.0695,34.096247017293265
2020-06-22 07:30:00,30.8495,35.07266075284925
2020-06-22 07:45:00,30.8495,33.80959618096651
2020-06-22 08:00:00,30.6295,33.700890436464725
2020-06-22 08:15:00,30.6295,33.29908760001753
2020-06-22 08:30:00,30.6295,33.940160298002645
2020-06-22 08:45:00,30.6295,38.08035239341969
2020-06-22 09:00:00,30.1905,38.30952465501647
2020-06-22 09:15:00,29.9705,38.204142122800256
2020-06-22 09:30:00,29.5315,36.58368538493004
2020-06-22 09:45:00,29.5315,36.81200190629345
2020-06-22 10:00:00,29.5315,36.87495331829418
2020-06-22 10:15:00,29.0915,35.21473900358828
2020-06-22 10:30:00,28.872,34.375764094877795
2020-06-22 10:45:00,28.872,34.917821594577944
2020-06-22 11:00:00,28.6525,33.999381191890976
2020-06-22 11:15:00,28.872,34.32098201443207
2020-06-22 11:30:00,29.0915,35.2943137801935
2020-06-22 11:45:00,29.0915,35.70633963397509
2020-06-22 12:00:00,29.3115,34.88626776259282
2020-06-22 12:15:00,29.3115,36.17955072550933
2020-06-22 12:30:00,29.3115,36.446463630847134
2020-06-22 12:45:00,28.872,36.53107399837827
2020-06-22 13:00:00,28.433,36.56481857905888
2020-06-22 13:15:00,27.993,36.72885632517572
2020-06-22 13:30:00,27.993,36.82861314979312
2020-06-22 13:45:00,27.7735,38.510953130835624
2020-06-22 14:00:00,27.554,38.65813041317238
2020-06-22 14:15:00,27.554,39.04506718656828
2020-06-22 14:30:00,27.7735,37.12655387142761
2020-06-22 14:45:00,28.213,36.75280790817399
2020-06-22 15:00:00,28.6525,37.027087814277245
2020-06-22 15:15:00,28.6525,37.92687014469423
2020-06-22 15:30:00,28.6525,36.78024511748366
2020-06-22 15:45:00,28.4325,37.013419145887184
2020-06-22 16:00:00,28.213,36.953969674039364
2020-06-22 16:15:00,28.213,36.30186403120752
2020-06-22 16:30:00,28.213,35.88256561226158
2020-06-22 16:45:00,28.213,36.85933891728066
2020-06-22 17:00:00,27.7735,37.75689496456104
2020-06-22 17:15:00,27.5535,37.153916098808914
2020-06-22 17:30:00,27.334,37.048163548335225
2020-06-22 17:45:00,27.1145,37.70032197318987
2020-06-22 18:00:00,27.1145,37.60682644774322
2020-06-22 18:15:00,26.8945,37.675385127180405
2020-06-22 18:30:00,26.8945,37.42847225931146
2020-06-22 18:45:00,27.114,37.44459443951316
2020-06-22 19:00:00,27.334,36.29836886899584
2020-06-22 19:15:00,27.7735,36.589838842535116
2020-06-22 19:30:00,27.7735,35.79791052027321
2020-06-22 19:45:00,28.213,36.18432753369307
2020-06-22 20:00:00,28.213,39.05626004692229
2020-06-22 20:15:00,28.213,39.089646307294615
2020-06-22 20:30:00,28.6525,39.16443425590021
2020-06-22 20:45:00,28.6525,39.71238316417886
2020-06-22 21:00:00,28.6525,40.41726486480539
2020-06-22 21:15:00,28.4325,39.423082350817374
2020-06-22 21:30:00,27.9935,39.14759023960696
2020-06-22 21:45:00,27.9935,38.78660689503919
2020-06-22 22:00:00,27.9935,38.87646974657436
2020-06-22 22:15:00,27.9935,38.691978870365375
2020-06-22 22:30:00,27.9935,38.70735229324926
2020-06-22 22:45:00,27.9935,39.14361196294045
2020-06-22 23:00:00,27.9935,38.8237945390385
2020-06-22 23:15:00,27.9935,39.40229135273053
2020-06-22 23:30:00,27.9935,37.870398587064074
2020-06-22 23:45:00,27.9935,37.03170213232537
2020-06-23 00:00:00,27.9935,37.041521655983864
2020-06-23 00:15:00,27.9935,36.479813247302644
2020-06-23 00:30:00,27.9935,37.53165194503813
2020-06-23 00:45:00,27.9935,36.96590795663695
2020-06-23 01:00:00,27.9935,36.51863618684153
2020-06-23 01:15:00,27.9935,36.01688760920126
2020-06-23 01:30:00,27.9935,35.94355440447522
2020-06-23 01:45:00,27.9935,35.21218700822513
2020-06-23 02:00:00,27.9935,34.384506860289356
2020-06-23 02:15:00,27.9935,35.88806538500044
2020-06-23 02:30:00,27.9935,35.98080962792398
2020-06-23 02:45:00,27.9935,36.752855405605445
2020-06-23 03:00:00,27.9935,34.761201528803696
2020-06-23 03:15:00,27.9935,34.63430328469052
2020-06-23 03:30:00,27.9935,36.34869948876307
2020-06-23 03:45:00,28.213,36.250032166585456
2020-06-23 04:00:00,28.213,36.66325475965752
2020-06-23 04:15:00,28.213,33.62395283045081
2020-06-23 04:30:00,28.4325,33.3856661128896
2020-06-23 04:45:00,28.4325,33.57211167115896
2020-06-23 05:00:00,28.4325,33.925884146997056
2020-06-23 05:15:00,28.4325,33.69974927426926
2020-06-23 05:30:00,28.4325,33.610558650932646
2020-06-23 05:45:00,28.4325,34.35065600630274
2020-06-23 06:00:00,28.4325,36.011522133372345
2020-06-23 06:15:00,28.6525,35.223804958188474
2020-06-23 06:30:00,28.6525,34.62751923056502
2020-06-23 06:45:00,28.872,36.05230338942634
2020-06-23 07:00:00,28.872,35.53035351409896
2020-06-23 07:15:00,28.872,34.44506133175491
2020-06-23 07:30:00,28.872,35.10301396482478
2020-06-23 07:45:00,29.092,34.47541266898508
2020-06-23 08:00:00,29.3115,33.17666792979845
2020-06-23 08:15:00,29.531,33.72145326774031
2020-06-23 08:30:00,29.751,34.90416970772798
2020-06-23 08:45:00,29.971,35.957114308664025
2020-06-23 09:00:00,30.41,37.38074720836011
2020-06-23 09:15:00,30.8495,37.722628377013216
2020-06-23 09:30:00,31.289,38.23437217832821
2020-06-23 09:45:00,31.7285,37.56085035682962
2020-06-23 10:00:00,32.3875,37.10542807522515
2020-06-23 10:15:00,32.8275,36.08876782993935
2020-06-23 10:30:00,33.047,34.97135245519539
2020-06-23 10:45:00,33.486,34.484554848170134
2020-06-23 11:00:00,34.1455,33.56779324441297
2020-06-23 11:15:00,35.0245,33.4128051497621
2020-06-23 11:30:00,35.9035,35.82750449552724
2020-06-23 11:45:00,36.5625,38.55139546507128
2020-06-23 12:00:00,36.7825,38.58271315224166
2020-06-23 12:15:00,36.7825,39.137620759218635
2020-06-23 12:30:00,36.5625,38.80711719659071
2020-06-23 12:45:00,36.123,39.06042607489732
2020-06-23 13:00:00,36.123,38.95417044149062
2020-06-23 13:15:00,36.343,38.66695135126055
2020-06-23 13:30:00,36.782,38.823469208395245
2020-06-23 13:45:00,37.002,38.78401083806356
2020-06-23 14:00:00,37.4415,38.97625311805388
2020-06-23 14:15:00,37.881,36.72775304192302
2020-06-23 14:30:00,37.881,36.00498978283841
2020-06-23 14:45:00,37.881,37.371852486458565
2020-06-23 15:00:00,37.881,37.67678691896479
2020-06-23 15:15:00,37.4415,38.754071655250826
2020-06-23 15:30:00,37.2215,38.74540778480197
2020-06-23 15:45:00,37.002,38.55634903959716
2020-06-23 16:00:00,37.002,38.761217842726786
2020-06-23 16:15:00,36.782,38.52904296339134
2020-06-23 16:30:00,36.5625,36.368112599921915
2020-06-23 16:45:00,36.5625,36.65773437386245
2020-06-23 17:00:00,36.5625,37.542427959676566
2020-06-23 17:15:00,36.5625,38.32481930902457
2020-06-23 17:30:00,36.5625,38.75860097458847
2020-06-23 17:45:00,36.5625,38.2114818255341
2020-06-23 18:00:00,36.123,38.11694241329167
2020-06-23 18:15:00,35.903,38.800810759256784
2020-06-23 18:30:00,35.6835,39.4149882437496
2020-06-23 18:45:00,35.6835,38.175656617841796
2020-06-23 19:00:00,35.6835,37.5684086894172
2020-06-23 19:15:00,35.244,37.161173022511555
2020-06-23 19:30:00,34.8045,35.15312742860168
2020-06-23 19:45:00,34.8045,35.49633966564263
2020-06-23 20:00:00,34.3655,38.35571289483285
2020-06-23 20:15:00,34.3655,38.36823187245995
2020-06-23 20:30:00,34.3655,38.9877576511625
2020-06-23 20:45:00,34.1455,40.35331479080723
2020-06-23 21:00:00,33.9255,40.26681435723911
2020-06-23 21:15:00,33.706,40.33298350454731
2020-06-23 21:30:00,33.706,40.27590022320828
2020-06-23 21:45:00,33.706,40.35850771652527
2020-06-23 22:00:00,33.2665,39.95995081482584
2020-06-23 22:15:00,33.2665,39.430392778318016
2020-06-23 22:30:00,33.047,37.80258666684544
2020-06-23 22:45:00,33.047,38.84227103559486
2020-06-23 23:00:00,32.8275,39.28723885537557
2020-06-23 23:15:00,32.6075,39.2984927024721
2020-06-23 23:30:00,32.6075,38.5565162935451
2020-06-23 23:45:00,32.388,37.20467020044917
2020-06-24 00:00:00,32.168,36.78490826368345
2020-06-24 00:15:00,32.168,35.245137552526145
2020-06-24 00:30:00,32.168,33.723619063579136
2020-06-24 00:45:00,31.9485,34.9008683642335
2020-06-24 01:00:00,31.7285,34.46443257979744
2020-06-24 01:15:00,31.7285,34.37388917939917
2020-06-24 01:30:00,31.5085,34.27477821886737
2020-06-24 01:45:00,31.5085,34.5113203754254
2020-06-24 02:00:00,31.289,34.1303686705535
2020-06-24 02:15:00,31.289,34.123841825741486
2020-06-24 02:30:00,31.0695,34.17611863982234
2020-06-24 02:45:00,30.8495,33.949733702602934
2020-06-24 03:00:00,30.8495,34.16998230237507
2020-06-24 03:15:00,30.8495,33.433297916438825
2020-06-24 03:30:00,30.8495,34.225804244391306
2020-06-24 03:45:00,30.63,34.08996403185882
2020-06-24 04:00:00,30.41,33.70866108746078
2020-06-24 04:15:00,30.41,33.85138371111586
2020-06-24 04:30:00,30.41,33.8211626937239
2020-06-24 04:45:00,30.41,33.149271234267296
2020-06-24 05:00:00,30.19,33.02114287193539
2020-06-24 05:15:00,30.19,33.088513137956845
2020-06-24 05:30:00,29.9705,32.84948583348588
2020-06-24 05:45:00,29.9705,32.70710381796813
2020-06-24 06:00:00,29.9705,33.3860078807804
2020-06-24 06:15:00,29.9705,32.74371513005002
2020-06-24 06:30:00,30.1905,32.88694413930456
2020-06-24 06:45:00,30.1905,33.50217170906818
2020-06-24 07:00:00,30.6295,33.850014040089384
2020-06-24 07:15:00,30.8495,34.58214936702671
2020-06-24 07:30:00,31.0695,35.32241140656082
2020-06-24 07:45:00,31.7285,35.573432935820406
2020-06-24 08:00:00,32.388,34.61602387238966
2020-06-24 08:15:00,32.827,34.745165174399204
2020-06-24 08:30:00,33.4865,35.211506268887675
2020-06-24 08:45:00,33.926,37.45038632590875
2020-06-24 09:00:00,34.365,38.486533954867284
2020-06-24 09:15:00,35.024,39.341511779840836
2020-06-24 09:30:00,35.6835,38.35844586138974
2020-06-24 09:45:00,36.343,37.100699991999896
2020-06-24 10:00:00,36.782,38.714459099633714
2020-06-24 10:15:00,37.222,38.26868885839828
2020-06-24 10:30:00,37.222,36.819077772381846
2020-06-24 10:45:00,38.54,37.543265658377734
2020-06-24 11:00:00,39.6385,36.97424272263672
2020-06-24 11:15:00,39.858,36.359962697759705
2020-06-24 11:30:00,39.858,37.88467330958276
2020-06-24 11:45:00,39.858,40.03736051004427
2020-06-24 12:00:00,39.858,40.48481459594676
2020-06-24 12:15:00,39.858,40.73685395345732
2020-06-24 12:30:00,40.5175,41.35758649689645
2020-06-24 12:45:00,40.298,41.20467138732149
2020-06-24 13:00:00,39.858,41.45590937603295
2020-06-24 13:15:00,39.199,42.11429088532954
2020-06-24 13:30:00,39.199,42.311368213127224
2020-06-24 13:45:00,38.76,42.19194758977927
2020-06-24 14:00:00,38.76,40.70008524026069
2020-06-24 14:15:00,38.54,41.67904359629218
2020-06-24 14:30:00,38.54,41.55830839630592
2020-06-24 14:45:00,38.54,41.33123837635982
2020-06-24 15:00:00,38.3205,41.793732748075385
2020-06-24 15:15:00,38.3205,40.10735629925333
2020-06-24 15:30:00,38.3205,39.29688647531076
2020-06-24 15:45:00,38.54,39.008170744841564
2020-06-24 16:00:00,38.54,39.68325554668403
2020-06-24 16:15:00,38.76,40.50766081485637
2020-06-24 16:30:00,38.9795,41.59904537807209
2020-06-24 16:45:00,38.9795,42.927805157748644
2020-06-24 17:00:00,38.7595,44.30188003163129
2020-06-24 17:15:00,38.54,44.619633328653364
2020-06-24 17:30:00,38.54,44.482009204109154
2020-06-24 17:45:00,38.101,44.52000645863364
2020-06-24 18:00:00,38.101,41.30659863202599
2020-06-24 18:15:00,38.101,40.438889720742715
2020-06-24 18:30:00,38.101,41.1786444504639
2020-06-24 18:45:00,37.661,39.848543635678006
2020-06-24 19:00:00,37.661,38.88497347591631
2020-06-24 19:15:00,37.222,39.11233280698811
2020-06-24 19:30:00,37.222,38.037748641139544
2020-06-24 19:45:00,36.782,37.83014387804796
2020-06-24 20:00:00,36.782,39.38244826594012
2020-06-24 20:15:00,36.782,41.59391139504442
2020-06-24 20:30:00,36.782,42.880359364598014
2020-06-24 20:45:00,36.343,43.75921263342117
2020-06-24 21:00:00,36.343,44.60716474196695
2020-06-24 21:15:00,36.123,42.160090827932464
2020-06-24 21:30:00,35.903,42.95870069450463
2020-06-24 21:45:00,35.903,42.99254022195679
2020-06-24 22:00:00,35.464,42.98633780375167
2020-06-24 22:15:00,35.464,43.03214503100937
2020-06-24 22:30:00,35.464,42.72995035610018
2020-06-24 22:45:00,35.464,42.6449271172318
2020-06-24 23:00:00,35.464,42.51819026499246
2020-06-24 23:15:00,35.464,42.65428538198203
2020-06-24 23:30:00,35.464,41.177421375906825
2020-06-24 23:45:00,35.464,42.246798312584
2020-06-25 00:00:00,35.464,41.72628807716544
2020-06-25 00:15:00,35.464,40.9057016597776
2020-06-25 00:30:00,35.464,40.69254926707178
2020-06-25 00:45:00,35.464,39.84417789225997
2020-06-25 01:00:00,35.464,38.932743969361574
2020-06-25 01:15:00,35.464,38.920346983728116
2020-06-25 01:30:00,35.024,38.098433535492404
2020-06-25 01:45:00,35.024,39.6274459187559
2020-06-25 02:00:00,35.024,39.21971440564627
2020-06-25 02:15:00,35.024,39.554052664552934
2020-06-25 02:30:00,35.024,38.99088410043545
2020-06-25 02:45:00,35.024,37.90700349723649
2020-06-25 03:00:00,34.585,37.578998339479234
2020-06-25 03:15:00,34.585,37.06944978480595
2020-06-25 03:30:00,34.585,38.32178232157279
2020-06-25 03:45:00,34.365,36.65827986161206
2020-06-25 04:00:00,34.1455,35.58547230360441
2020-06-25 04:15:00,34.1455,35.37515064182757
2020-06-25 04:30:00,34.1455,35.56724389893563
2020-06-25 04:45:00,34.1455,36.247519041052996
2020-06-25 05:00:00,34.1455,34.932258308874935
2020-06-25 05:15:00,34.1455,35.57208570964009
2020-06-25 05:30:00,34.1455,34.357998603171055
2020-06-25 05:45:00,34.1455,37.70317882252537
2020-06-25 06:00:00,34.3655,36.761190764553284
2020-06-25 06:15:00,34.3655,35.08595422730156
2020-06-25 06:30:00,34.585,35.1590595172928
2020-06-25 06:45:00,34.8045,33.61448394464605
2020-06-25 07:00:00,35.024,33.60061767889836
2020-06-25 07:15:00,35.244,32.77245649082089
2020-06-25 07:30:00,35.464,33.62002329524625
2020-06-25 07:45:00,35.6835,33.82819211406586
2020-06-25 08:00:00,35.903,32.78511614518947
2020-06-25 08:15:00,36.5625,32.98468438250345
2020-06-25 08:30:00,36.7825,33.30735081754855
2020-06-25 08:45:00,37.2215,33.55066616745189
2020-06-25 09:00:00,38.1005,35.47538674131433
2020-06-25 09:15:00,38.76,37.39128922074236
2020-06-25 09:30:00,39.6385,38.35713156724496
2020-06-25 09:45:00,40.2975,38.92458500393968
2020-06-25 10:00:00,40.957,38.21658919053708
2020-06-25 10:15:00,42.0555,37.88554481138057
2020-06-25 10:30:00,43.3745,38.36936390495675
2020-06-25 10:45:00,44.2525,39.0074569757782
2020-06-25 11:00:00,44.4725,39.0738356950515
2020-06-25 11:15:00,45.3515,39.256248020470345
2020-06-25 11:30:00,46.011,39.607706956003106
2020-06-25 11:45:00,46.45,40.54370107058983
2020-06-25 12:00:00,46.4505,40.09937417186917
2020-06-25 12:15:00,46.89,40.8645483445877
2020-06-25 12:30:00,47.549,41.85435263236913
2020-06-25 12:45:00,47.9885,41.869193609178495
2020-06-25 13:00:00,48.6475,44.574382848612935
2020-06-25 13:15:00,49.0865,45.28503275282136
2020-06-25 13:30:00,49.5265,44.74896354194445
2020-06-25 13:45:00,49.966,44.96955507039486
2020-06-25 14:00:00,50.625,44.94772575558054
2020-06-25 14:15:00,50.625,43.36954857337719
2020-06-25 14:30:00,50.8445,42.353590189864036
2020-06-25 14:45:00,50.8445,43.869790107010445
2020-06-25 15:00:00,50.625,43.41046694836411
2020-06-25 15:15:00,50.625,42.32014006232044
2020-06-25 15:30:00,50.625,41.5625036307234
2020-06-25 15:45:00,49.966,43.79220080065663
2020-06-25 16:00:00,49.746,44.28925708058775
2020-06-25 16:15:00,49.5265,42.68375641865418
2020-06-25 16:30:00,49.0865,44.785995324359405
2020-06-25 16:45:00,49.0865,45.232385882878056
2020-06-25 17:00:00,48.867,45.743521578205254
2020-06-25 17:15:00,48.647,44.67663180725144
2020-06-25 17:30:00,48.4275,45.47425062680235
2020-06-25 17:45:00,48.208,43.830107402487194
2020-06-25 18:00:00,47.9885,42.64344076662827
2020-06-25 18:15:00,47.549,42.04091392519897
2020-06-25 18:30:00,47.329,42.52271662442619
2020-06-25 18:45:00,46.89,42.52960095562225
2020-06-25 19:00:00,46.45,42.44389689951199
2020-06-25 19:15:00,46.011,42.729892105238676
2020-06-25 19:30:00,45.571,42.32715174523259
2020-06-25 19:45:00,45.132,42.55736760517172
2020-06-25 20:00:00,44.692,42.895972247286316
2020-06-25 20:15:00,44.4725,41.97141070187453
2020-06-25 20:30:00,44.033,43.778610886053094
2020-06-25 20:45:00,43.8135,47.563655453890355
2020-06-25 21:00:00,43.8135,49.918677520555306
2020-06-25 21:15:00,43.3495,50.91030728856114
2020-06-25 21:30:00,43.3495,49.83656632324669
2020-06-25 21:45:00,43.13,48.555806152416814
2020-06-25 22:00:00,42.9105,47.66521421875509
2020-06-25 22:15:00,42.9105,45.38272086899303
2020-06-25 22:30:00,42.6905,44.714904281494405
2020-06-25 22:45:00,42.4705,46.64438931973765
2020-06-25 23:00:00,42.4705,46.84444007080727
2020-06-25 23:15:00,42.4705,47.677421230814765
2020-06-25 23:30:00,42.251,47.934840553516054
2020-06-25 23:45:00,42.251,45.58328670423806
2020-06-26 00:00:00,42.251,43.955319896068616
2020-06-26 00:15:00,42.031,43.19655231344245
2020-06-26 00:30:00,41.8115,43.6078038050682
2020-06-26 00:45:00,41.8115,43.28711121791136
2020-06-26 01:00:00,41.8115,42.34470967930588
2020-06-26 01:15:00,41.372,41.791804754803636
2020-06-26 01:30:00,41.372,41.53706740079697
2020-06-26 01:45:00,41.372,40.872096521326135
2020-06-26 02:00:00,40.9325,39.14783836249989
2020-06-26 02:15:00,40.9325,40.281252284281436
2020-06-26 02:30:00,40.493,40.22776247073318
2020-06-26 02:45:00,40.493,40.02683116050928
2020-06-26 03:00:00,40.493,40.61291556120639
2020-06-26 03:15:00,40.2735,38.73746171052768
2020-06-26 03:30:00,40.2735,37.57900327106772
2020-06-26 03:45:00,40.0535,37.87474529097235
2020-06-26 04:00:00,40.0535,37.94290675326133
2020-06-26 04:15:00,40.0535,38.8156006886247
2020-06-26 04:30:00,39.834,39.92410934905987
2020-06-26 04:45:00,39.834,38.77380290533641
2020-06-26 05:00:00,39.6145,37.22229828737297
2020-06-26 05:15:00,39.6145,36.29188282086474
2020-06-26 05:30:00,39.6145,34.9610362133315
2020-06-26 05:45:00,39.6145,35.14834520380747
2020-06-26 06:00:00,39.6145,34.47941561433017
2020-06-26 06:15:00,39.6145,34.10290586442801
2020-06-26 06:30:00,39.6145,34.4264997831606
2020-06-26 06:45:00,39.6145,33.922382264467494
2020-06-26 07:00:00,39.6145,34.68994814098446
2020-06-26 07:15:00,40.0535,35.177882283089865
2020-06-26 07:30:00,40.0535,38.90470452438525
2020-06-26 07:45:00,40.7125,39.773112986883824
2020-06-26 08:00:00,41.1525,39.544933635284956
2020-06-26 08:15:00,41.372,37.94275724811614
2020-06-26 08:30:00,41.592,40.016373706620875
2020-06-26 08:45:00,42.031,41.09119774581013
2020-06-26 09:00:00,42.6905,44.562536276788656
2020-06-26 09:15:00,43.13,45.55648139972358
2020-06-26 09:30:00,43.5695,45.61438370084586
2020-06-26 09:45:00,44.2285,45.96358178612716
2020-06-26 10:00:00,44.448,46.05977284442942
2020-06-26 10:15:00,44.888,45.496067895567016
2020-06-26 10:30:00,45.547,45.59299526085491
2020-06-26 10:45:00,46.206,45.10853825499395
2020-06-26 11:00:00,46.6455,45.010690100945126
2020-06-26 11:15:00,46.6455,45.11494060879593
2020-06-26 11:30:00,46.6455,47.507298019629076
2020-06-26 11:45:00,46.206,48.94812289002221
2020-06-26 12:00:00,45.9865,50.3253362025924
2020-06-26 12:15:00,46.206,51.65215695736119
2020-06-26 12:30:00,46.4255,51.138284690857205
2020-06-26 12:45:00,46.8655,52.56971062569787
2020-06-26 13:00:00,46.8655,53.364246995208546
2020-06-26 13:15:00,46.8655,53.85465163673655
2020-06-26 13:30:00,47.085,54.87519687234285
2020-06-26 13:45:00,47.085,54.411427583317604
2020-06-26 14:00:00,47.085,54.036099880208965
2020-06-26 14:15:00,47.085,52.218018243178086
2020-06-26 14:30:00,47.085,49.899185454488446
2020-06-26 14:45:00,47.085,48.90082798579053
2020-06-26 15:00:00,47.085,46.641980599996565
2020-06-26 15:15:00,47.7445,45.63500271517697
2020-06-26 15:30:00,47.964,45.460399811174504
2020-06-26 15:45:00,48.1835,45.872498159059084
2020-06-26 16:00:00,48.1835,45.85542144696864
2020-06-26 16:15:00,48.1835,46.17672468429928
2020-06-26 16:30:00,48.1835,45.670872158354996
2020-06-26 16:45:00,48.1835,46.04220994538562
2020-06-26 17:00:00,48.1835,45.793403747971865
2020-06-26 17:15:00,48.1835,45.78606604851946
2020-06-26 17:30:00,47.7445,46.07548942245568
2020-06-26 17:45:00,47.3045,48.215072760078534
2020-06-26 18:00:00,46.8655,48.56464960174235
2020-06-26 18:15:00,46.8655,49.801476647618024
2020-06-26 18:30:00,46.4255,51.47430441322658
2020-06-26 18:45:00,45.9865,51.17368400739185
2020-06-26 19:00:00,45.9865,51.32864913635049
2020-06-26 19:15:00,45.5465,51.19365274244704
2020-06-26 19:30:00,45.5465,45.06338379581996
2020-06-26 19:45:00,45.327,46.18285571708129
