timestamp,actual,predicted
2020-02-01 16:15:00,3.799,8.706767
2020-02-01 16:30:00,3.517,8.553013
2020-02-01 16:45:00,3.377,8.433861
2020-02-01 17:00:00,3.588,8.397281
2020-02-01 17:15:00,3.658,8.459799
2020-02-01 17:30:00,3.517,8.580069
2020-02-01 17:45:00,3.447,8.542286
2020-02-01 18:00:00,3.799,8.520652
2020-02-01 18:15:00,3.799,8.567771
2020-02-01 18:30:00,3.588,8.653727
2020-02-01 18:45:00,3.236,8.597593
2020-02-01 19:00:00,3.588,8.622053
2020-02-01 19:15:00,3.658,8.699803
2020-02-01 19:30:00,3.517,8.836252
2020-02-01 19:45:00,3.306,8.935297
2020-02-01 20:00:00,3.306,9.084682
2020-02-01 20:15:00,3.377,9.2766695
2020-02-01 20:30:00,3.306,9.414571
2020-02-01 20:45:00,3.588,9.415293
2020-02-01 21:00:00,3.658,9.406521
2020-02-01 21:15:00,4.221,9.401444
2020-02-01 21:30:00,4.08,9.447753
2020-02-01 21:45:00,4.291,9.326029
2020-02-01 22:00:00,4.291,9.286353
2020-02-01 22:15:00,4.15,9.253004
2020-02-01 22:30:00,4.15,9.418158
2020-02-01 22:45:00,4.08,9.337545
2020-02-01 23:00:00,3.939,9.448542
2020-02-01 23:15:00,4.08,9.498511
2020-02-01 23:30:00,3.939,9.602539
2020-02-01 23:45:00,3.588,9.609135
2020-02-02 00:00:00,3.799,9.507926
2020-02-02 00:15:00,3.799,9.5582075
2020-02-02 00:30:00,4.15,7.691067
2020-02-02 00:45:00,4.08,8.376636
2020-02-02 01:00:00,4.362,7.974572
2020-02-02 01:15:00,4.502,6.903308
2020-02-02 01:30:00,4.502,7.002878
2020-02-02 01:45:00,4.643,7.0400195
2020-02-02 02:00:00,4.643,7.059259
2020-02-02 02:15:00,4.573,7.0593977
2020-02-02 02:30:00,4.432,7.109937
2020-02-02 02:45:00,4.291,7.1610985
2020-02-02 03:00:00,4.221,7.1437874
2020-02-02 03:15:00,4.291,7.127299
2020-02-02 03:30:00,4.362,7.3463144
2020-02-02 03:45:00,4.291,7.3659286
2020-02-02 04:00:00,4.08,7.368469
2020-02-02 04:15:00,3.869,7.5046635
2020-02-02 04:30:00,3.939,7.484412
2020-02-02 04:45:00,3.799,7.335957
2020-02-02 05:00:00,3.869,7.329519
2020-02-02 05:15:00,4.01,7.416769
2020-02-02 05:30:00,4.08,7.5186367
2020-02-02 05:45:00,4.15,7.480566
2020-02-02 06:00:00,3.939,7.568293
2020-02-02 06:15:00,3.728,7.641954
2020-02-02 06:30:00,3.939,7.688602
2020-02-02 06:45:00,3.588,7.6216063
2020-02-02 07:00:00,3.728,7.5778246
2020-02-02 07:15:00,3.517,7.6104484
2020-02-02 07:30:00,3.728,7.6884723
2020-02-02 07:45:00,3.588,7.7721057
2020-02-02 08:00:00,3.869,7.843199
2020-02-02 08:15:00,3.799,7.9308786
2020-02-02 08:30:00,3.939,8.136991
2020-02-02 08:45:00,4.291,8.089264
2020-02-02 09:00:00,4.432,8.067581
2020-02-02 09:15:00,4.01,8.10109
2020-02-02 09:30:00,3.728,8.103214
2020-02-02 09:45:00,3.658,8.017561
2020-02-02 10:00:00,3.377,8.022337
2020-02-02 10:15:00,3.236,7.9293485
2020-02-02 10:30:00,3.236,7.889111
2020-02-02 10:45:00,3.799,7.785341
2020-02-02 11:00:00,4.08,7.7661686
2020-02-02 11:15:00,3.447,7.8431807
2020-02-02 11:30:00,3.588,7.9348803
2020-02-02 11:45:00,3.588,7.996864
2020-02-02 12:00:00,3.588,8.100105
2020-02-02 12:15:00,3.728,8.189909
2020-02-02 12:30:00,3.236,8.270356
2020-02-02 12:45:00,3.236,8.089338
2020-02-02 13:00:00,3.447,7.954579
2020-02-02 13:15:00,3.236,8.127443
2020-02-02 13:30:00,2.884,8.320879
2020-02-02 13:45:00,3.095,8.381085
2020-02-02 14:00:00,3.306,8.386365
2020-02-02 14:15:00,3.166,8.34013
2020-02-02 14:30:00,3.939,8.4286175
2020-02-02 14:45:00,3.728,8.466567
2020-02-02 15:00:00,3.869,8.463608
2020-02-02 15:15:00,3.588,8.478214
2020-02-02 15:30:00,3.799,8.5211935
2020-02-02 15:45:00,3.799,8.399419
2020-02-02 16:00:00,3.306,8.365075
2020-02-02 16:15:00,3.588,8.330272
2020-02-02 16:30:00,3.377,8.2941
2020-02-02 16:45:00,3.306,8.1653185
2020-02-02 17:00:00,3.517,8.152976
2020-02-02 17:15:00,3.306,8.192217
2020-02-02 17:30:00,3.236,8.251311
2020-02-02 17:45:00,2.744,8.197328
2020-02-02 18:00:00,2.321,8.158638
2020-02-02 18:15:00,1.829,8.162074
2020-02-02 18:30:00,2.11,8.226998
2020-02-02 18:45:00,1.829,8.208429
2020-02-02 19:00:00,2.04,8.2235
2020-02-02 19:15:00,1.829,8.295828
2020-02-02 19:30:00,1.97,8.419796
2020-02-02 19:45:00,1.899,8.414735
2020-02-02 20:00:00,1.899,8.494144
2020-02-02 20:15:00,2.11,8.59622
2020-02-02 20:30:00,1.97,8.675313
2020-02-02 20:45:00,2.321,8.679484
2020-02-02 21:00:00,2.462,8.729657
2020-02-02 21:15:00,2.181,8.7281275
2020-02-02 21:30:00,2.04,8.780333
2020-02-02 21:45:00,2.04,8.691905
2020-02-02 22:00:00,2.532,8.676481
2020-02-02 22:15:00,2.673,8.890112
2020-02-02 22:30:00,2.11,9.052751
2020-02-02 22:45:00,1.407,9.1098385
2020-02-02 23:00:00,2.04,9.185259
2020-02-02 23:15:00,2.11,9.298349
2020-02-02 23:30:00,1.899,9.50378
2020-02-02 23:45:00,1.548,9.645273
2020-02-03 00:00:00,2.04,9.84779
2020-02-03 00:15:00,1.829,10.079466
2020-02-03 00:30:00,2.11,8.499148
2020-02-03 00:45:00,1.688,9.355501
2020-02-03 01:00:00,0.844,8.981954
2020-02-03 01:15:00,0.0,7.891127
2020-02-03 01:30:00,0.633,8.030404
2020-02-03 01:45:00,0.844,8.076731
2020-02-03 02:00:00,0.703,8.03568
2020-02-03 02:15:00,0.492,8.104347
2020-02-03 02:30:00,0.0,8.201585
2020-02-03 02:45:00,0.0,8.171302
2020-02-03 03:00:00,0.703,8.249884
2020-02-03 03:15:00,1.266,8.198527
2020-02-03 03:30:00,1.196,8.288101
2020-02-03 03:45:00,1.196,8.339434
2020-02-03 04:00:00,1.337,8.267321
2020-02-03 04:15:00,1.337,8.19914
2020-02-03 04:30:00,1.196,8.104371
2020-02-03 04:45:00,0.774,8.019953
2020-02-03 05:00:00,0.774,8.074638
2020-02-03 05:15:00,1.055,8.1420355
2020-02-03 05:30:00,0.844,8.31931
2020-02-03 05:45:00,0.563,8.199618
2020-02-03 06:00:00,0.0,8.223516
2020-02-03 06:15:00,0.492,8.312254
2020-02-03 06:30:00,0.0,8.364229
2020-02-03 06:45:00,0.0,8.362504
2020-02-03 07:00:00,0.0,8.396417
2020-02-03 07:15:00,0.0,8.391519
2020-02-03 07:30:00,0.0,8.495627
2020-02-03 07:45:00,0.0,8.638423
2020-02-03 08:00:00,0.0,8.782766
2020-02-03 08:15:00,0.633,9.029495
2020-02-03 08:30:00,0.915,9.333784
2020-02-03 08:45:00,1.126,9.483844
2020-02-03 09:00:00,0.774,9.626504
2020-02-03 09:15:00,1.055,9.52073
2020-02-03 09:30:00,1.126,9.421499
2020-02-03 09:45:00,1.196,9.382071
2020-02-03 10:00:00,1.407,9.383441
2020-02-03 10:15:00,1.407,9.511324
2020-02-03 10:30:00,1.477,9.560987
2020-02-03 10:45:00,1.548,9.666534
2020-02-03 11:00:00,2.04,9.804028
2020-02-03 11:15:00,1.618,9.814237
2020-02-03 11:30:00,1.055,9.875452
2020-02-03 11:45:00,1.337,9.778887
2020-02-03 12:00:00,1.266,9.759824
2020-02-03 12:15:00,1.337,9.72183
2020-02-03 12:30:00,1.266,9.619382
2020-02-03 12:45:00,1.407,9.461948
2020-02-03 13:00:00,1.97,9.425559
2020-02-03 13:15:00,2.04,9.525299
2020-02-03 13:30:00,2.673,9.619329
2020-02-03 13:45:00,3.588,9.551584
2020-02-03 14:00:00,3.447,9.53402
2020-02-03 14:15:00,3.728,9.418698
2020-02-03 14:30:00,3.588,9.476761
2020-02-03 14:45:00,3.588,9.524168
2020-02-03 15:00:00,3.447,9.489886
2020-02-03 15:15:00,3.377,9.536043
2020-02-03 15:30:00,3.517,9.559095
2020-02-03 15:45:00,3.658,9.442915
2020-02-03 16:00:00,3.658,9.276246
2020-02-03 16:15:00,3.095,9.214207
2020-02-03 16:30:00,3.166,9.221261
2020-02-03 16:45:00,3.025,9.237126
2020-02-03 17:00:00,3.236,9.295389
2020-02-03 17:15:00,2.884,9.407469
2020-02-03 17:30:00,2.814,9.502878
2020-02-03 17:45:00,2.814,9.473738
2020-02-03 18:00:00,2.462,9.556253
2020-02-03 18:15:00,2.181,9.698208
2020-02-03 18:30:00,2.462,9.881552
2020-02-03 18:45:00,2.392,9.915317
2020-02-03 19:00:00,2.392,10.055843
2020-02-03 19:15:00,2.181,10.248995
2020-02-03 19:30:00,2.11,10.314237
2020-02-03 19:45:00,1.759,10.275656
2020-02-03 20:00:00,1.688,10.313091
2020-02-03 20:15:00,1.618,10.312899
2020-02-03 20:30:00,1.337,10.479186
2020-02-03 20:45:00,1.477,10.482788
2020-02-03 21:00:00,1.266,10.51673
2020-02-03 21:15:00,0.985,10.549905
2020-02-03 21:30:00,1.407,10.571083
2020-02-03 21:45:00,1.899,10.382147
2020-02-03 22:00:00,2.181,10.299604
2020-02-03 22:15:00,2.04,10.186837
2020-02-03 22:30:00,1.337,10.19827
2020-02-03 22:45:00,0.844,10.122644
2020-02-03 23:00:00,0.774,10.0234375
2020-02-03 23:15:00,0.915,10.070678
2020-02-03 23:30:00,1.337,10.194846
2020-02-03 23:45:00,1.688,10.1073065
2020-02-04 00:00:00,1.899,10.027188
2020-02-04 00:15:00,1.829,10.003269
2020-02-04 00:30:00,1.829,8.043225
2020-02-04 00:45:00,1.759,8.766485
2020-02-04 01:00:00,1.829,8.129936
2020-02-04 01:15:00,2.04,6.9277716
2020-02-04 01:30:00,2.251,6.967724
2020-02-04 01:45:00,2.462,6.8705034
2020-02-04 02:00:00,2.251,6.9358354
2020-02-04 02:15:00,2.04,7.0327897
2020-02-04 02:30:00,2.181,7.1516857
2020-02-04 02:45:00,2.181,7.149791
2020-02-04 03:00:00,2.04,7.1189713
2020-02-04 03:15:00,2.181,7.0175295
2020-02-04 03:30:00,2.251,7.079358
2020-02-04 03:45:00,2.11,6.978361
2020-02-04 04:00:00,2.181,6.9881277
2020-02-04 04:15:00,2.04,7.0851736
2020-02-04 04:30:00,2.04,7.1028337
2020-02-04 04:45:00,2.251,7.0303583
2020-02-04 05:00:00,2.392,7.080486
2020-02-04 05:15:00,2.181,7.091728
2020-02-04 05:30:00,2.04,7.062687
2020-02-04 05:45:00,2.04,7.033626
2020-02-04 06:00:00,1.688,7.0247693
2020-02-04 06:15:00,1.899,7.0485845
2020-02-04 06:30:00,1.97,7.0894995
2020-02-04 06:45:00,1.618,7.079941
2020-02-04 07:00:00,1.548,7.2116737
2020-02-04 07:15:00,1.337,7.218507
2020-02-04 07:30:00,1.266,7.47229
2020-02-04 07:45:00,1.688,7.5630393
2020-02-04 08:00:00,1.899,7.70906
2020-02-04 08:15:00,2.532,7.9452963
2020-02-04 08:30:00,2.392,8.24005
2020-02-04 08:45:00,2.673,8.284661
2020-02-04 09:00:00,2.673,8.444532
2020-02-04 09:15:00,2.884,8.452728
2020-02-04 09:30:00,2.744,8.38086
2020-02-04 09:45:00,2.603,8.404622
2020-02-04 10:00:00,2.884,8.410907
2020-02-04 10:15:00,3.166,8.523188
2020-02-04 10:30:00,3.447,8.704943
2020-02-04 10:45:00,3.517,8.837237
2020-02-04 11:00:00,3.799,8.885554
2020-02-04 11:15:00,3.306,8.930971
2020-02-04 11:30:00,3.588,9.004438
2020-02-04 11:45:00,3.588,9.032397
2020-02-04 12:00:00,2.955,9.085255
2020-02-04 12:15:00,2.532,9.245303
2020-02-04 12:30:00,2.603,9.377049
2020-02-04 12:45:00,2.673,9.373967
2020-02-04 13:00:00,3.377,9.434645
2020-02-04 13:15:00,3.939,9.404948
2020-02-04 13:30:00,4.08,9.582517
2020-02-04 13:45:00,4.573,9.533724
2020-02-04 14:00:00,4.432,9.597511
2020-02-04 14:15:00,4.643,9.863555
2020-02-04 14:30:00,4.291,9.811322
2020-02-04 14:45:00,4.573,9.760866
2020-02-04 15:00:00,3.869,9.683957
2020-02-04 15:15:00,4.15,9.678936
2020-02-04 15:30:00,4.15,9.629245
2020-02-04 15:45:00,4.291,9.40345
2020-02-04 16:00:00,4.15,9.374634
2020-02-04 16:15:00,4.08,9.3277645
2020-02-04 16:30:00,4.01,9.326405
2020-02-04 16:45:00,4.291,9.255813
2020-02-04 17:00:00,4.15,9.215966
2020-02-04 17:15:00,3.939,9.171091
2020-02-04 17:30:00,4.15,9.2006855
2020-02-04 17:45:00,3.869,9.143405
2020-02-04 18:00:00,3.236,9.195058
2020-02-04 18:15:00,3.306,9.228487
2020-02-04 18:30:00,3.306,9.343891
2020-02-04 18:45:00,3.025,9.356679
2020-02-04 19:00:00,2.884,9.423853
2020-02-04 19:15:00,2.884,9.576802
2020-02-04 19:30:00,2.532,9.700663
2020-02-04 19:45:00,2.532,9.716333
2020-02-04 20:00:00,2.462,9.785955
2020-02-04 20:15:00,2.251,9.84856
2020-02-04 20:30:00,2.462,10.013821
2020-02-04 20:45:00,2.744,10.0433235
2020-02-04 21:00:00,3.447,10.064188
2020-02-04 21:15:00,3.799,10.129254
2020-02-04 21:30:00,3.728,10.185701
2020-02-04 21:45:00,4.01,10.150151
2020-02-04 22:00:00,4.08,10.237869
2020-02-04 22:15:00,4.15,10.464439
2020-02-04 22:30:00,3.799,10.64067
2020-02-04 22:45:00,3.939,10.646466
2020-02-04 23:00:00,3.588,10.617374
2020-02-04 23:15:00,4.15,10.695141
2020-02-04 23:30:00,3.939,10.916628
2020-02-04 23:45:00,3.869,11.033917
2020-02-05 00:00:00,4.291,11.112805
2020-02-05 00:15:00,3.658,11.28335
2020-02-05 00:30:00,3.095,9.505663
2020-02-05 00:45:00,3.236,10.137663
2020-02-05 01:00:00,3.799,9.644159
2020-02-05 01:15:00,3.447,8.407034
2020-02-05 01:30:00,3.447,8.482297
2020-02-05 01:45:00,3.447,8.354267
2020-02-05 02:00:00,3.166,8.206784
2020-02-05 02:15:00,3.588,8.306952
2020-02-05 02:30:00,3.869,8.332916
2020-02-05 02:45:00,3.728,8.276325
2020-02-05 03:00:00,4.08,8.267487
2020-02-05 03:15:00,4.08,8.175997
2020-02-05 03:30:00,3.658,8.185531
2020-02-05 03:45:00,3.447,8.025412
2020-02-05 04:00:00,3.095,8.022007
2020-02-05 04:15:00,3.447,8.014369
2020-02-05 04:30:00,3.658,8.125032
2020-02-05 04:45:00,3.517,8.273252
2020-02-05 05:00:00,3.588,8.249713
2020-02-05 05:15:00,3.095,8.31031
2020-02-05 05:30:00,3.095,8.290558
2020-02-05 05:45:00,2.884,8.147672
2020-02-05 06:00:00,2.884,8.171558
2020-02-05 06:15:00,2.955,8.147885
2020-02-05 06:30:00,3.095,8.329128
2020-02-05 06:45:00,3.095,8.339893
2020-02-05 07:00:00,3.025,8.407455
2020-02-05 07:15:00,3.236,8.4893875
2020-02-05 07:30:00,3.517,8.5076885
2020-02-05 07:45:00,3.799,8.540551
2020-02-05 08:00:00,3.588,8.540121
2020-02-05 08:15:00,3.728,8.669176
2020-02-05 08:30:00,3.799,8.861536
2020-02-05 08:45:00,3.799,8.8901005
2020-02-05 09:00:00,3.447,8.941789
2020-02-05 09:15:00,3.799,8.996749
2020-02-05 09:30:00,3.658,9.098864
2020-02-05 09:45:00,3.166,9.016381
2020-02-05 10:00:00,2.884,8.991013
2020-02-05 10:15:00,2.955,8.910204
2020-02-05 10:30:00,2.744,8.945676
2020-02-05 10:45:00,3.517,8.897068
2020-02-05 11:00:00,3.869,8.923232
2020-02-05 11:15:00,3.095,8.951641
2020-02-05 11:30:00,2.884,9.063813
2020-02-05 11:45:00,3.025,9.134036
2020-02-05 12:00:00,2.884,9.1696005
2020-02-05 12:15:00,2.955,9.310505
2020-02-05 12:30:00,2.814,9.356485
2020-02-05 12:45:00,2.955,9.361756
2020-02-05 13:00:00,3.306,9.355899
2020-02-05 13:15:00,4.08,9.542522
2020-02-05 13:30:00,4.362,9.6822195
2020-02-05 13:45:00,4.643,9.774226
2020-02-05 14:00:00,4.502,9.935238
2020-02-05 14:15:00,4.502,9.96171
2020-02-05 14:30:00,4.502,9.996417
2020-02-05 14:45:00,4.573,9.83049
2020-02-05 15:00:00,4.01,9.755227
2020-02-05 15:15:00,3.869,9.649286
2020-02-05 15:30:00,4.432,9.615317
2020-02-05 15:45:00,4.362,9.488208
2020-02-05 16:00:00,4.08,9.416849
2020-02-05 16:15:00,4.432,9.414976
2020-02-05 16:30:00,4.291,9.4321
2020-02-05 16:45:00,4.995,9.294926
2020-02-05 17:00:00,5.206,9.226643
2020-02-05 17:15:00,4.995,9.240752
2020-02-05 17:30:00,5.135,9.25379
2020-02-05 17:45:00,4.432,9.235266
2020-02-05 18:00:00,4.291,9.285824
2020-02-05 18:15:00,4.08,9.251134
2020-02-05 18:30:00,4.08,9.324333
2020-02-05 18:45:00,4.01,9.272816
2020-02-05 19:00:00,4.291,9.290625
2020-02-05 19:15:00,3.869,9.356471
2020-02-05 19:30:00,3.869,9.419704
2020-02-05 19:45:00,3.799,9.415095
2020-02-05 20:00:00,3.939,9.480314
2020-02-05 20:15:00,3.728,9.589306
2020-02-05 20:30:00,4.01,9.783431
2020-02-05 20:45:00,4.291,9.792196
2020-02-05 21:00:00,4.221,9.878824
2020-02-05 21:15:00,3.799,9.96012
2020-02-05 21:30:00,4.08,10.068944
2020-02-05 21:45:00,4.01,10.088935
2020-02-05 22:00:00,4.291,10.165354
2020-02-05 22:15:00,4.362,10.3237095
2020-02-05 22:30:00,4.01,10.628064
2020-02-05 22:45:00,3.728,10.679484
2020-02-05 23:00:00,3.799,10.721567
2020-02-05 23:15:00,4.01,10.7505455
2020-02-05 23:30:00,4.08,10.8295765
2020-02-05 23:45:00,4.08,10.790213
2020-02-06 00:00:00,3.939,10.883928
2020-02-06 00:15:00,4.15,11.039345
2020-02-06 00:30:00,4.15,9.241661
2020-02-06 00:45:00,4.15,9.953293
2020-02-06 01:00:00,4.221,9.2928295
2020-02-06 01:15:00,4.15,8.008677
2020-02-06 01:30:00,4.01,7.9207087
2020-02-06 01:45:00,4.221,7.8305907
2020-02-06 02:00:00,3.799,7.789075
2020-02-06 02:15:00,3.869,7.832642
2020-02-06 02:30:00,4.01,7.9630146
2020-02-06 02:45:00,3.799,7.9322786
2020-02-06 03:00:00,3.517,7.9417973
2020-02-06 03:15:00,3.728,7.8969774
2020-02-06 03:30:00,3.728,7.9401417
2020-02-06 03:45:00,3.447,7.8113117
2020-02-06 04:00:00,4.291,7.7385163
2020-02-06 04:15:00,4.01,7.81299
2020-02-06 04:30:00,4.01,7.8884172
2020-02-06 04:45:00,3.799,7.8762116
2020-02-06 05:00:00,4.01,7.829423
2020-02-06 05:15:00,3.799,7.749011
2020-02-06 05:30:00,3.939,7.7389135
2020-02-06 05:45:00,4.15,7.785086
2020-02-06 06:00:00,4.01,7.7139516
2020-02-06 06:15:00,3.588,7.724799
2020-02-06 06:30:00,3.447,7.7434964
2020-02-06 06:45:00,2.673,7.6137495
2020-02-06 07:00:00,1.548,7.582655
2020-02-06 07:15:00,1.266,7.553567
2020-02-06 07:30:00,1.126,7.750654
2020-02-06 07:45:00,1.196,7.7900667
2020-02-06 08:00:00,1.196,7.8591175
2020-02-06 08:15:00,1.266,8.036654
2020-02-06 08:30:00,1.407,8.1027775
2020-02-06 08:45:00,1.196,8.175427
2020-02-06 09:00:00,1.126,8.360067
2020-02-06 09:15:00,1.055,8.536919
2020-02-06 09:30:00,1.337,8.718711
2020-02-06 09:45:00,1.266,8.674911
2020-02-06 10:00:00,1.477,8.532566
2020-02-06 10:15:00,1.829,8.428243
2020-02-06 10:30:00,1.759,8.340312
2020-02-06 10:45:00,1.618,8.222502
2020-02-06 11:00:00,1.688,8.295486
2020-02-06 11:15:00,1.688,8.3127775
2020-02-06 11:30:00,1.759,8.48796
2020-02-06 11:45:00,1.688,8.591516
2020-02-06 12:00:00,1.759,8.640168
2020-02-06 12:15:00,2.181,8.730945
2020-02-06 12:30:00,2.392,8.744266
2020-02-06 12:45:00,2.462,8.709299
2020-02-06 13:00:00,2.462,8.75821
2020-02-06 13:15:00,3.447,8.877058
2020-02-06 13:30:00,4.291,9.021459
2020-02-06 13:45:00,4.291,8.982057
2020-02-06 14:00:00,4.502,9.107094
2020-02-06 14:15:00,4.15,9.207177
2020-02-06 14:30:00,4.291,9.233533
2020-02-06 14:45:00,4.15,9.018022
2020-02-06 15:00:00,3.799,8.781103
2020-02-06 15:15:00,3.517,8.735583
2020-02-06 15:30:00,3.447,8.818378
2020-02-06 15:45:00,2.814,8.731613
2020-02-06 16:00:00,2.673,8.718583
2020-02-06 16:15:00,2.603,8.5641985
2020-02-06 16:30:00,2.532,8.358243
2020-02-06 16:45:00,2.603,8.174242
2020-02-06 17:00:00,2.673,8.105066
2020-02-06 17:15:00,2.955,8.130881
2020-02-06 17:30:00,2.884,8.238547
2020-02-06 17:45:00,2.603,8.212039
2020-02-06 18:00:00,2.603,8.25375
2020-02-06 18:15:00,2.603,8.308774
2020-02-06 18:30:00,2.673,8.395439
2020-02-06 18:45:00,2.603,8.449269
2020-02-06 19:00:00,2.251,8.545965
2020-02-06 19:15:00,2.181,8.750638
2020-02-06 19:30:00,2.462,8.960769
2020-02-06 19:45:00,2.532,8.950371
2020-02-06 20:00:00,2.181,9.002825
2020-02-06 20:15:00,2.251,9.043306
2020-02-06 20:30:00,2.532,9.196885
2020-02-06 20:45:00,2.603,9.219194
2020-02-06 21:00:00,2.532,9.335062
2020-02-06 21:15:00,2.744,9.448498
2020-02-06 21:30:00,2.532,9.576544
2020-02-06 21:45:00,2.532,9.519904
2020-02-06 22:00:00,2.603,9.606758
2020-02-06 22:15:00,2.532,9.683445
2020-02-06 22:30:00,2.392,9.942385
2020-02-06 22:45:00,2.321,10.062611
2020-02-06 23:00:00,2.251,10.102716
2020-02-06 23:15:00,2.181,10.255477
2020-02-06 23:30:00,2.321,10.469195
2020-02-06 23:45:00,2.11,10.421104
2020-02-07 00:00:00,1.829,10.438084
2020-02-07 00:15:00,2.11,10.479708
2020-02-07 00:30:00,2.11,8.467423
2020-02-07 00:45:00,2.04,9.251805
2020-02-07 01:00:00,2.04,8.705771
2020-02-07 01:15:00,1.829,7.5871696
2020-02-07 01:30:00,1.899,7.6703033
2020-02-07 01:45:00,2.181,7.565229
2020-02-07 02:00:00,1.97,7.516782
2020-02-07 02:15:00,1.899,7.4441957
2020-02-07 02:30:00,1.829,7.548028
2020-02-07 02:45:00,2.181,7.4887877
2020-02-07 03:00:00,2.462,7.531721
2020-02-07 03:15:00,2.11,7.5566998
2020-02-07 03:30:00,1.97,7.4459124
2020-02-07 03:45:00,2.04,7.3675766
2020-02-07 04:00:00,2.251,7.271811
2020-02-07 04:15:00,2.532,7.3120937
2020-02-07 04:30:00,2.321,7.5095
2020-02-07 04:45:00,2.181,7.465396
2020-02-07 05:00:00,2.321,7.4022517
2020-02-07 05:15:00,2.181,7.366374
2020-02-07 05:30:00,2.11,7.3999767
2020-02-07 05:45:00,2.251,7.3031015
2020-02-07 06:00:00,2.462,7.2723207
2020-02-07 06:15:00,2.532,7.113542
2020-02-07 06:30:00,2.814,7.0403337
2020-02-07 06:45:00,2.744,6.871789
2020-02-07 07:00:00,2.603,6.8866816
2020-02-07 07:15:00,2.884,7.034551
2020-02-07 07:30:00,2.673,7.0852947
2020-02-07 07:45:00,2.744,7.140442
2020-02-07 08:00:00,2.884,7.282727
2020-02-07 08:15:00,3.166,7.4874063
2020-02-07 08:30:00,3.236,7.7520924
2020-02-07 08:45:00,3.588,7.819541
2020-02-07 09:00:00,3.588,7.838394
2020-02-07 09:15:00,3.166,7.881617
2020-02-07 09:30:00,3.658,7.946545
2020-02-07 09:45:00,3.869,8.013368
2020-02-07 10:00:00,4.15,8.155668
2020-02-07 10:15:00,4.643,8.177787
2020-02-07 10:30:00,4.643,8.404323
2020-02-07 10:45:00,4.291,8.38828
2020-02-07 11:00:00,4.502,8.348079
2020-02-07 11:15:00,4.784,8.533439
2020-02-07 11:30:00,4.573,8.562513
2020-02-07 11:45:00,3.939,8.515371
2020-02-07 12:00:00,4.01,8.622533
2020-02-07 12:15:00,3.869,8.515539
2020-02-07 12:30:00,4.362,8.4929695
2020-02-07 12:45:00,4.362,8.44184
2020-02-07 13:00:00,4.291,8.409356
2020-02-07 13:15:00,4.362,8.541092
2020-02-07 13:30:00,4.643,8.626004
2020-02-07 13:45:00,4.713,8.591465
2020-02-07 14:00:00,4.573,8.592863
2020-02-07 14:15:00,4.643,8.652615
2020-02-07 14:30:00,4.854,8.592997
2020-02-07 14:45:00,4.643,8.434362
2020-02-07 15:00:00,4.924,8.390844
2020-02-07 15:15:00,4.643,8.346269
2020-02-07 15:30:00,4.924,8.44634
2020-02-07 15:45:00,4.643,8.3148
2020-02-07 16:00:00,4.643,8.239042
2020-02-07 16:15:00,4.713,8.202141
2020-02-07 16:30:00,4.784,8.105927
2020-02-07 16:45:00,4.784,7.983989
2020-02-07 17:00:00,5.065,7.9740067
2020-02-07 17:15:00,5.206,8.018152
2020-02-07 17:30:00,5.065,8.11772
2020-02-07 17:45:00,4.995,8.080748
2020-02-07 18:00:00,4.995,8.099671
2020-02-07 18:15:00,5.206,8.144615
2020-02-07 18:30:00,4.854,8.205325
2020-02-07 18:45:00,4.924,8.198237
2020-02-07 19:00:00,5.135,8.247695
2020-02-07 19:15:00,5.417,8.330902
2020-02-07 19:30:00,4.995,8.431271
2020-02-07 19:45:00,5.065,8.378569
2020-02-07 20:00:00,5.135,8.447163
2020-02-07 20:15:00,4.995,8.536936
2020-02-07 20:30:00,4.995,8.6790905
2020-02-07 20:45:00,4.854,8.731011
2020-02-07 21:00:00,4.643,8.828633
2020-02-07 21:15:00,4.854,8.939865
2020-02-07 21:30:00,4.573,9.059006
2020-02-07 21:45:00,4.573,9.083231
2020-02-07 22:00:00,4.643,9.128955
2020-02-07 22:15:00,4.502,9.2734995
2020-02-07 22:30:00,4.573,9.579369
2020-02-07 22:45:00,3.728,9.650433
2020-02-07 23:00:00,3.588,9.705253
2020-02-07 23:15:00,3.236,9.764028
2020-02-07 23:30:00,2.744,9.830532
2020-02-07 23:45:00,2.321,9.690942
2020-02-08 00:00:00,1.899,9.663241
2020-02-08 00:15:00,1.899,9.613529
2020-02-08 00:30:00,1.688,7.709741
2020-02-08 00:45:00,1.688,8.447655
2020-02-08 01:00:00,2.11,7.793128
2020-02-08 01:15:00,2.884,6.6613154
2020-02-08 01:30:00,3.166,6.6266828
2020-02-08 01:45:00,3.447,6.366167
2020-02-08 02:00:00,4.15,6.3807616
2020-02-08 02:15:00,4.01,6.2851863
2020-02-08 02:30:00,4.15,6.2444315
2020-02-08 02:45:00,3.658,6.1943197
2020-02-08 03:00:00,4.221,6.1084414
2020-02-08 03:15:00,3.658,6.1885853
2020-02-08 03:30:00,3.517,6.1998262
2020-02-08 03:45:00,3.869,6.080709
2020-02-08 04:00:00,3.728,6.0694213
2020-02-08 04:15:00,4.08,6.0462995
2020-02-08 04:30:00,3.658,6.2207766
2020-02-08 04:45:00,3.728,6.3264527
2020-02-08 05:00:00,3.588,6.3728824
2020-02-08 05:15:00,3.588,6.497423
2020-02-08 05:30:00,3.658,6.629982
2020-02-08 05:45:00,3.588,6.5298333
2020-02-08 06:00:00,3.728,6.525438
2020-02-08 06:15:00,3.517,6.56633
2020-02-08 06:30:00,2.955,6.6371512
2020-02-08 06:45:00,2.955,6.6291227
2020-02-08 07:00:00,3.166,6.701
2020-02-08 07:15:00,3.588,6.8304996
2020-02-08 07:30:00,3.447,7.0238867
2020-02-08 07:45:00,3.166,7.1544485
2020-02-08 08:00:00,3.025,7.3345327
2020-02-08 08:15:00,2.744,7.4986196
2020-02-08 08:30:00,2.321,7.723033
2020-02-08 08:45:00,2.11,7.8754473
2020-02-08 09:00:00,2.181,7.8961067
2020-02-08 09:15:00,2.181,7.9301133
2020-02-08 09:30:00,2.462,7.977974
2020-02-08 09:45:00,2.462,7.9570084
2020-02-08 10:00:00,2.532,8.010808
2020-02-08 10:15:00,2.532,7.957981
2020-02-08 10:30:00,2.814,8.037845
2020-02-08 10:45:00,3.166,7.9754853
2020-02-08 11:00:00,2.884,7.967568
2020-02-08 11:15:00,3.236,7.9270115
2020-02-08 11:30:00,3.166,7.86514
2020-02-08 11:45:00,3.236,7.8021355
2020-02-08 12:00:00,3.025,7.70193
2020-02-08 12:15:00,2.884,7.8163185
2020-02-08 12:30:00,3.025,7.967175
2020-02-08 12:45:00,3.025,7.986034
2020-02-08 13:00:00,2.884,8.205664
2020-02-08 13:15:00,3.095,8.394631
2020-02-08 13:30:00,3.799,8.589413
2020-02-08 13:45:00,3.658,8.728134
2020-02-08 14:00:00,3.939,8.8110285
2020-02-08 14:15:00,4.08,8.714562
2020-02-08 14:30:00,4.08,8.839663
2020-02-08 14:45:00,3.939,8.757492
2020-02-08 15:00:00,3.588,8.689648
2020-02-08 15:15:00,3.517,8.800089
2020-02-08 15:30:00,3.447,8.783736
2020-02-08 15:45:00,3.306,8.647435
2020-02-08 16:00:00,3.447,8.603964
2020-02-08 16:15:00,3.517,8.413794
2020-02-08 16:30:00,3.588,8.239418
2020-02-08 16:45:00,3.377,7.977089
2020-02-08 17:00:00,3.869,7.839954
2020-02-08 17:15:00,3.588,7.810271
2020-02-08 17:30:00,3.658,7.814687
2020-02-08 17:45:00,3.588,7.705601
2020-02-08 18:00:00,3.377,7.65447
2020-02-08 18:15:00,3.095,7.657414
2020-02-08 18:30:00,3.025,7.733156
2020-02-08 18:45:00,2.884,7.7012634
2020-02-08 19:00:00,2.814,7.716181
2020-02-08 19:15:00,2.532,7.786265
2020-02-08 19:30:00,2.532,7.9491234
2020-02-08 19:45:00,2.673,8.022615
2020-02-08 20:00:00,2.744,8.186428
2020-02-08 20:15:00,2.884,8.389808
2020-02-08 20:30:00,2.814,8.822628
2020-02-08 20:45:00,2.884,9.03046
2020-02-08 21:00:00,2.884,9.268929
2020-02-08 21:15:00,2.884,9.5107975
2020-02-08 21:30:00,2.884,9.406759
2020-02-08 21:45:00,2.673,9.381347
2020-02-08 22:00:00,2.814,9.428016
2020-02-08 22:15:00,2.673,9.518641
2020-02-08 22:30:00,2.744,9.667122
2020-02-08 22:45:00,2.744,9.610632
2020-02-08 23:00:00,2.603,9.594219
2020-02-08 23:15:00,2.532,9.631844
2020-02-08 23:30:00,2.744,9.477718
2020-02-08 23:45:00,2.814,9.342304
2020-02-09 00:00:00,2.814,9.263633
2020-02-09 00:15:00,2.884,9.22215
2020-02-09 00:30:00,2.744,7.3629174
2020-02-09 00:45:00,2.955,7.854905
2020-02-09 01:00:00,2.603,7.27907
2020-02-09 01:15:00,2.532,5.985752
2020-02-09 01:30:00,2.673,5.9325294
2020-02-09 01:45:00,2.814,5.908019
2020-02-09 02:00:00,2.955,5.856394
2020-02-09 02:15:00,2.744,5.8933506
2020-02-09 02:30:00,2.814,5.905541
2020-02-09 02:45:00,2.884,5.775292
2020-02-09 03:00:00,2.884,5.775524
2020-02-09 03:15:00,3.236,5.7937727
2020-02-09 03:30:00,3.025,5.932891
2020-02-09 03:45:00,3.095,5.9631243
2020-02-09 04:00:00,3.377,5.943546
2020-02-09 04:15:00,3.517,6.0340137
2020-02-09 04:30:00,3.095,6.1470423
2020-02-09 04:45:00,3.306,6.0368896
2020-02-09 05:00:00,3.306,6.091875
2020-02-09 05:15:00,3.095,6.1395254
2020-02-09 05:30:00,3.166,6.232459
2020-02-09 05:45:00,3.095,6.28076
2020-02-09 06:00:00,3.306,6.3732834
2020-02-09 06:15:00,3.236,6.4325967
2020-02-09 06:30:00,3.236,6.47652
2020-02-09 06:45:00,3.377,6.407274
2020-02-09 07:00:00,3.306,6.3871126
2020-02-09 07:15:00,3.166,6.4297843
2020-02-09 07:30:00,2.955,6.639517
2020-02-09 07:45:00,2.955,6.81189
2020-02-09 08:00:00,3.377,6.9452176
2020-02-09 08:15:00,3.447,6.986788
2020-02-09 08:30:00,3.166,7.0904894
2020-02-09 08:45:00,3.377,7.047679
2020-02-09 09:00:00,3.588,7.1193366
2020-02-09 09:15:00,3.799,7.2928925
2020-02-09 09:30:00,3.728,7.4052176
2020-02-09 09:45:00,3.447,7.5542755
2020-02-09 10:00:00,3.728,7.658141
2020-02-09 10:15:00,4.01,7.8292823
2020-02-09 10:30:00,4.362,7.913987
2020-02-09 10:45:00,4.291,7.8128257
2020-02-09 11:00:00,4.643,7.8569465
2020-02-09 11:15:00,4.713,7.8923635
2020-02-09 11:30:00,5.206,8.056296
2020-02-09 11:45:00,5.276,8.017309
2020-02-09 12:00:00,5.698,7.9604225
2020-02-09 12:15:00,5.698,8.018187
2020-02-09 12:30:00,5.557,8.033087
2020-02-09 12:45:00,5.698,8.044125
2020-02-09 13:00:00,5.487,8.119001
2020-02-09 13:15:00,5.909,8.124925
2020-02-09 13:30:00,6.261,8.1050625
2020-02-09 13:45:00,5.909,8.041069
2020-02-09 14:00:00,5.768,8.06178
2020-02-09 14:15:00,5.417,8.0706005
2020-02-09 14:30:00,5.628,8.192599
2020-02-09 14:45:00,5.698,8.109589
2020-02-09 15:00:00,5.768,8.035744
2020-02-09 15:15:00,4.995,8.122256
2020-02-09 15:30:00,5.206,8.158777
2020-02-09 15:45:00,5.698,8.092177
2020-02-09 16:00:00,5.768,8.02448
2020-02-09 16:15:00,5.768,7.9160733
2020-02-09 16:30:00,6.261,7.9228425
2020-02-09 16:45:00,6.261,7.870094
2020-02-09 17:00:00,5.768,7.8890142
2020-02-09 17:15:00,5.557,7.964381
2020-02-09 17:30:00,5.417,8.018116
2020-02-09 17:45:00,5.839,8.009091
2020-02-09 18:00:00,5.628,8.104368
2020-02-09 18:15:00,5.698,8.2071705
2020-02-09 18:30:00,5.698,8.358041
2020-02-09 18:45:00,5.557,8.343822
2020-02-09 19:00:00,5.346,8.385452
2020-02-09 19:15:00,5.487,8.557735
2020-02-09 19:30:00,5.698,8.719932
2020-02-09 19:45:00,5.839,8.8466015
2020-02-09 20:00:00,5.839,9.033731
2020-02-09 20:15:00,5.839,9.129905
2020-02-09 20:30:00,5.979,9.241758
2020-02-09 20:45:00,5.628,9.232065
2020-02-09 21:00:00,5.698,9.265139
2020-02-09 21:15:00,5.628,9.508244
2020-02-09 21:30:00,5.487,9.59842
2020-02-09 21:45:00,5.557,9.525056
2020-02-09 22:00:00,5.417,9.560289
2020-02-09 22:15:00,5.698,9.480626
2020-02-09 22:30:00,5.487,9.727953
2020-02-09 22:45:00,5.557,9.786204
2020-02-09 23:00:00,5.768,9.77003
2020-02-09 23:15:00,5.979,9.708872
2020-02-09 23:30:00,5.487,9.715165
2020-02-09 23:45:00,6.05,9.680046
2020-02-10 00:00:00,5.839,9.685707
2020-02-10 00:15:00,6.05,9.818014
2020-02-10 00:30:00,5.979,8.065034
2020-02-10 00:45:00,5.979,8.793966
2020-02-10 01:00:00,5.909,8.230398
2020-02-10 01:15:00,5.979,7.0571795
2020-02-10 01:30:00,6.05,7.0463047
2020-02-10 01:45:00,5.909,6.893054
2020-02-10 02:00:00,6.191,6.867616
2020-02-10 02:15:00,6.05,6.7545395
2020-02-10 02:30:00,5.698,6.7940392
2020-02-10 02:45:00,5.768,6.7221446
2020-02-10 03:00:00,5.698,6.7313285
2020-02-10 03:15:00,5.979,6.8446984
2020-02-10 03:30:00,5.979,6.8971047
2020-02-10 03:45:00,5.487,6.8128033
2020-02-10 04:00:00,4.713,6.8492274
2020-02-10 04:15:00,4.713,6.8466983
2020-02-10 04:30:00,4.643,6.9030566
2020-02-10 04:45:00,4.995,6.8777103
2020-02-10 05:00:00,4.643,6.964957
2020-02-10 05:15:00,3.799,7.085145
2020-02-10 05:30:00,2.673,7.1623163
2020-02-10 05:45:00,2.744,7.12687
2020-02-10 06:00:00,3.095,7.1436057
2020-02-10 06:15:00,2.884,7.1402287
2020-02-10 06:30:00,2.532,7.2672415
2020-02-10 06:45:00,2.462,7.2375402
2020-02-10 07:00:00,2.814,7.216804
2020-02-10 07:15:00,2.884,7.3304534
2020-02-10 07:30:00,2.884,7.4466085
2020-02-10 07:45:00,3.236,7.5767255
2020-02-10 08:00:00,3.447,7.7361155
2020-02-10 08:15:00,3.236,7.9363737
2020-02-10 08:30:00,2.884,8.272063
2020-02-10 08:45:00,2.955,8.544476
2020-02-10 09:00:00,2.321,8.7138405
2020-02-10 09:15:00,2.392,9.041435
2020-02-10 09:30:00,2.532,9.199505
2020-02-10 09:45:00,2.321,9.201698
2020-02-10 10:00:00,1.899,9.245244
2020-02-10 10:15:00,1.759,9.182909
2020-02-10 10:30:00,2.251,9.239437
2020-02-10 10:45:00,2.251,9.200038
2020-02-10 11:00:00,2.251,9.277784
2020-02-10 11:15:00,2.814,9.357571
2020-02-10 11:30:00,2.744,9.350247
2020-02-10 11:45:00,3.306,9.233723
2020-02-10 12:00:00,3.025,9.186903
2020-02-10 12:15:00,2.884,9.096304
2020-02-10 12:30:00,3.095,9.166943
2020-02-10 12:45:00,3.166,9.096263
2020-02-10 13:00:00,3.025,9.084624
2020-02-10 13:15:00,3.377,9.082243
2020-02-10 13:30:00,3.377,9.146153
2020-02-10 13:45:00,3.588,9.163254
2020-02-10 14:00:00,3.939,9.103244
2020-02-10 14:15:00,3.869,9.1034565
2020-02-10 14:30:00,3.517,9.147031
2020-02-10 14:45:00,3.447,9.059944
2020-02-10 15:00:00,3.236,9.068239
2020-02-10 15:15:00,3.377,9.059316
2020-02-10 15:30:00,3.377,9.011452
2020-02-10 15:45:00,3.447,8.840209
2020-02-10 16:00:00,3.728,8.670563
2020-02-10 16:15:00,4.01,8.5497875
2020-02-10 16:30:00,3.869,8.548878
2020-02-10 16:45:00,4.15,8.485103
2020-02-10 17:00:00,4.15,8.580942
2020-02-10 17:15:00,4.08,8.66982
2020-02-10 17:30:00,3.799,8.81084
2020-02-10 17:45:00,3.869,8.816839
2020-02-10 18:00:00,4.221,8.845301
2020-02-10 18:15:00,4.01,8.909875
2020-02-10 18:30:00,3.728,8.964348
2020-02-10 18:45:00,3.799,8.945647
2020-02-10 19:00:00,3.728,9.033619
2020-02-10 19:15:00,3.588,9.182203
2020-02-10 19:30:00,3.658,9.314581
2020-02-10 19:45:00,3.728,9.346828
2020-02-10 20:00:00,3.799,9.399613
2020-02-10 20:15:00,4.15,9.480284
2020-02-10 20:30:00,4.01,9.636443
2020-02-10 20:45:00,4.221,9.6491165
2020-02-10 21:00:00,3.869,9.733909
2020-02-10 21:15:00,3.939,9.863107
2020-02-10 21:30:00,4.08,10.053682
2020-02-10 21:45:00,3.799,10.252144
2020-02-10 22:00:00,3.095,10.498366
2020-02-10 22:15:00,2.392,10.804024
2020-02-10 22:30:00,1.829,10.99313
2020-02-10 22:45:00,1.548,10.960147
2020-02-10 23:00:00,1.337,11.014055
2020-02-10 23:15:00,1.477,11.131038
2020-02-10 23:30:00,1.829,11.179205
2020-02-10 23:45:00,2.392,11.1103
2020-02-11 00:00:00,2.532,11.038397
2020-02-11 00:15:00,2.462,10.989733
2020-02-11 00:30:00,2.673,8.981533
2020-02-11 00:45:00,3.025,9.511736
2020-02-11 01:00:00,3.095,8.739155
2020-02-11 01:15:00,3.588,7.2958465
2020-02-11 01:30:00,4.15,7.2723503
2020-02-11 01:45:00,4.15,6.987103
2020-02-11 02:00:00,4.291,6.8228583
2020-02-11 02:15:00,4.221,6.80774
2020-02-11 02:30:00,3.799,6.8273096
2020-02-11 02:45:00,3.939,6.7563925
2020-02-11 03:00:00,3.939,6.646057
2020-02-11 03:15:00,3.658,6.4948845
2020-02-11 03:30:00,3.799,6.4506865
2020-02-11 03:45:00,3.799,6.3197784
2020-02-11 04:00:00,3.869,6.2768846
2020-02-11 04:15:00,3.728,6.28576
2020-02-11 04:30:00,3.236,6.3291454
2020-02-11 04:45:00,3.377,6.2759743
2020-02-11 05:00:00,3.658,6.3054543
2020-02-11 05:15:00,3.588,6.3550963
2020-02-11 05:30:00,3.095,6.4502487
2020-02-11 05:45:00,2.955,6.3850794
2020-02-11 06:00:00,2.673,6.4252415
2020-02-11 06:15:00,2.744,6.495632
2020-02-11 06:30:00,3.025,6.608268
2020-02-11 06:45:00,2.884,6.589179
2020-02-11 07:00:00,3.095,6.651236
2020-02-11 07:15:00,3.588,6.767985
2020-02-11 07:30:00,3.588,6.91319
2020-02-11 07:45:00,3.728,7.05437
2020-02-11 08:00:00,4.08,7.2095375
2020-02-11 08:15:00,4.08,7.3552723
2020-02-11 08:30:00,4.291,7.5558553
2020-02-11 08:45:00,3.799,7.506762
2020-02-11 09:00:00,3.377,7.627804
2020-02-11 09:15:00,3.447,7.7383685
2020-02-11 09:30:00,3.447,7.803289
2020-02-11 09:45:00,3.095,7.934289
2020-02-11 10:00:00,2.814,7.9636073
2020-02-11 10:15:00,2.673,8.166422
2020-02-11 10:30:00,2.955,8.385874
2020-02-11 10:45:00,3.095,8.307262
2020-02-11 11:00:00,3.377,8.364068
2020-02-11 11:15:00,3.306,8.416288
2020-02-11 11:30:00,3.236,8.503303
2020-02-11 11:45:00,3.025,8.55516
2020-02-11 12:00:00,2.955,8.568869
2020-02-11 12:15:00,2.814,8.603561
2020-02-11 12:30:00,3.025,8.614442
2020-02-11 12:45:00,3.095,8.523138
2020-02-11 13:00:00,2.744,8.604352
2020-02-11 13:15:00,2.673,8.593957
2020-02-11 13:30:00,3.166,8.751989
2020-02-11 13:45:00,3.236,8.739948
2020-02-11 14:00:00,3.447,8.747249
2020-02-11 14:15:00,3.517,8.770999
2020-02-11 14:30:00,3.588,8.747049
2020-02-11 14:45:00,3.447,8.63338
2020-02-11 15:00:00,3.095,8.5919285
2020-02-11 15:15:00,3.025,8.544741
2020-02-11 15:30:00,3.025,8.584285
2020-02-11 15:45:00,3.236,8.437617
2020-02-11 16:00:00,3.095,8.279791
2020-02-11 16:15:00,2.744,8.206942
2020-02-11 16:30:00,2.884,8.077504
2020-02-11 16:45:00,2.814,7.915354
2020-02-11 17:00:00,2.462,7.81811
2020-02-11 17:15:00,2.392,7.768498
2020-02-11 17:30:00,2.181,7.788259
2020-02-11 17:45:00,2.04,7.7236376
2020-02-11 18:00:00,1.97,7.7054906
2020-02-11 18:15:00,2.462,7.71859
2020-02-11 18:30:00,2.744,7.7570086
2020-02-11 18:45:00,2.955,7.691454
2020-02-11 19:00:00,3.095,7.6988416
2020-02-11 19:15:00,3.025,7.778033
2020-02-11 19:30:00,2.673,7.8965955
2020-02-11 19:45:00,2.11,7.9218035
2020-02-11 20:00:00,1.899,8.0504
2020-02-11 20:15:00,2.11,8.211699
2020-02-11 20:30:00,2.462,8.418247
2020-02-11 20:45:00,2.884,8.515815
2020-02-11 21:00:00,2.744,8.653895
2020-02-11 21:15:00,2.673,8.826457
2020-02-11 21:30:00,2.884,8.984867
2020-02-11 21:45:00,3.025,8.983342
2020-02-11 22:00:00,3.658,9.060835
2020-02-11 22:15:00,3.728,9.188897
2020-02-11 22:30:00,3.447,9.310113
2020-02-11 22:45:00,3.447,9.383026
2020-02-11 23:00:00,3.166,9.356595
2020-02-11 23:15:00,3.025,9.337441
2020-02-11 23:30:00,3.025,9.398592
2020-02-11 23:45:00,3.095,9.343352
2020-02-12 00:00:00,3.095,9.325562
2020-02-12 00:15:00,2.884,9.263875
2020-02-12 00:30:00,3.306,7.2767005
2020-02-12 00:45:00,3.236,7.831834
2020-02-12 01:00:00,3.095,7.165004
2020-02-12 01:15:00,2.884,5.8810945
2020-02-12 01:30:00,2.814,5.921352
2020-02-12 01:45:00,2.955,5.7497616
2020-02-12 02:00:00,2.744,5.721014
2020-02-12 02:15:00,3.095,5.687886
2020-02-12 02:30:00,3.025,5.6911283
2020-02-12 02:45:00,2.532,5.6674147
2020-02-12 03:00:00,2.744,5.558395
2020-02-12 03:15:00,2.673,5.617402
2020-02-12 03:30:00,2.744,5.6530495
2020-02-12 03:45:00,2.744,5.5375223
2020-02-12 04:00:00,2.884,5.5485225
2020-02-12 04:15:00,2.744,5.586976
2020-02-12 04:30:00,2.814,5.6474323
2020-02-12 04:45:00,3.025,5.5974774
2020-02-12 05:00:00,2.884,5.6057262
2020-02-12 05:15:00,3.025,5.6337776
2020-02-12 05:30:00,2.884,5.7359605
2020-02-12 05:45:00,2.884,5.709217
2020-02-12 06:00:00,2.673,5.786892
2020-02-12 06:15:00,3.025,5.86736
2020-02-12 06:30:00,2.744,6.052234
2020-02-12 06:45:00,2.181,6.159821
2020-02-12 07:00:00,2.532,6.185022
2020-02-12 07:15:00,2.392,6.301607
2020-02-12 07:30:00,2.11,6.437903
2020-02-12 07:45:00,1.759,6.506616
2020-02-12 08:00:00,1.618,6.6490335
2020-02-12 08:15:00,1.126,6.8199997
2020-02-12 08:30:00,1.196,7.0570636
2020-02-12 08:45:00,1.266,7.126057
2020-02-12 09:00:00,1.759,7.253666
2020-02-12 09:15:00,1.407,7.359036
2020-02-12 09:30:00,1.337,7.521735
2020-02-12 09:45:00,1.337,7.623949
2020-02-12 10:00:00,1.055,7.7094054
2020-02-12 10:15:00,1.196,7.817792
2020-02-12 10:30:00,1.477,7.9912014
2020-02-12 10:45:00,1.759,8.0632925
2020-02-12 11:00:00,1.618,8.227989
2020-02-12 11:15:00,1.337,8.478962
2020-02-12 11:30:00,1.196,8.6379795
2020-02-12 11:45:00,1.126,8.7342005
2020-02-12 12:00:00,1.337,8.856189
2020-02-12 12:15:00,1.407,8.944566
2020-02-12 12:30:00,1.337,9.204532
2020-02-12 12:45:00,1.688,9.206024
2020-02-12 13:00:00,1.899,9.380751
2020-02-12 13:15:00,2.814,9.519605
2020-02-12 13:30:00,2.814,9.699922
2020-02-12 13:45:00,2.814,9.725494
2020-02-12 14:00:00,3.236,9.748213
2020-02-12 14:15:00,2.884,9.800746
2020-02-12 14:30:00,2.814,9.891317
2020-02-12 14:45:00,2.955,9.799088
2020-02-12 15:00:00,2.603,9.71476
2020-02-12 15:15:00,2.462,9.658163
2020-02-12 15:30:00,2.11,9.577543
2020-02-12 15:45:00,2.181,9.40735
2020-02-12 16:00:00,2.532,9.269083
2020-02-12 16:15:00,2.321,9.143986
2020-02-12 16:30:00,2.532,9.042984
2020-02-12 16:45:00,2.181,8.788582
2020-02-12 17:00:00,2.181,8.595376
2020-02-12 17:15:00,2.181,8.449667
2020-02-12 17:30:00,2.181,8.363771
2020-02-12 17:45:00,2.744,8.211
2020-02-12 18:00:00,2.532,8.147723
2020-02-12 18:15:00,2.744,8.126005
2020-02-12 18:30:00,2.814,8.15896
2020-02-12 18:45:00,3.236,8.07219
2020-02-12 19:00:00,3.095,8.06975
2020-02-12 19:15:00,3.236,8.143489
2020-02-12 19:30:00,3.236,8.206131
2020-02-12 19:45:00,3.306,8.209481
2020-02-12 20:00:00,3.517,8.281577
2020-02-12 20:15:00,3.658,8.369311
2020-02-12 20:30:00,3.869,8.560306
2020-02-12 20:45:00,3.869,8.639378
2020-02-12 21:00:00,3.799,8.752973
2020-02-12 21:15:00,3.799,8.87709
2020-02-12 21:30:00,3.799,9.044166
2020-02-12 21:45:00,3.799,9.083055
2020-02-12 22:00:00,3.799,9.159826
2020-02-12 22:15:00,3.869,9.246848
2020-02-12 22:30:00,3.869,9.32107
2020-02-12 22:45:00,4.08,9.2509165
2020-02-12 23:00:00,4.15,9.22266
2020-02-12 23:15:00,4.291,9.2086
2020-02-12 23:30:00,4.362,9.221747
2020-02-12 23:45:00,4.291,9.073743
2020-02-13 00:00:00,4.291,8.994847
2020-02-13 00:15:00,4.15,8.926705
2020-02-13 00:30:00,4.362,6.8939204
2020-02-13 00:45:00,4.432,7.409731
2020-02-13 01:00:00,4.291,6.683871
2020-02-13 01:15:00,4.432,5.350054
2020-02-13 01:30:00,3.588,5.325784
2020-02-13 01:45:00,3.658,5.1965337
2020-02-13 02:00:00,4.08,5.1479936
2020-02-13 02:15:00,3.939,5.138652
2020-02-13 02:30:00,3.236,5.162646
2020-02-13 02:45:00,3.447,5.0836062
2020-02-13 03:00:00,3.306,5.084405
2020-02-13 03:15:00,3.095,5.103924
2020-02-13 03:30:00,3.588,5.1714916
2020-02-13 03:45:00,3.306,5.1234045
2020-02-13 04:00:00,3.799,5.114362
2020-02-13 04:15:00,3.306,5.1604404
2020-02-13 04:30:00,3.236,5.2384825
2020-02-13 04:45:00,3.095,5.224616
2020-02-13 05:00:00,3.447,5.265167
2020-02-13 05:15:00,3.236,5.329551
2020-02-13 05:30:00,3.447,5.4361525
2020-02-13 05:45:00,3.869,5.433959
2020-02-13 06:00:00,3.588,5.488895
2020-02-13 06:15:00,3.658,5.569884
2020-02-13 06:30:00,3.658,5.677678
2020-02-13 06:45:00,3.517,5.6847115
2020-02-13 07:00:00,3.306,5.7595005
2020-02-13 07:15:00,2.955,5.8682737
2020-02-13 07:30:00,3.095,6.029108
2020-02-13 07:45:00,3.447,6.084752
2020-02-13 08:00:00,3.588,6.215252
2020-02-13 08:15:00,4.08,6.378643
2020-02-13 08:30:00,4.15,6.6095057
2020-02-13 08:45:00,4.08,6.707402
2020-02-13 09:00:00,4.08,6.7955017
2020-02-13 09:15:00,4.502,6.8933473
2020-02-13 09:30:00,4.784,6.976588
2020-02-13 09:45:00,4.995,6.9633303
2020-02-13 10:00:00,4.924,7.0362306
2020-02-13 10:15:00,5.276,7.1549597
2020-02-13 10:30:00,5.417,7.306251
2020-02-13 10:45:00,5.487,7.3594356
2020-02-13 11:00:00,5.698,7.406016
2020-02-13 11:15:00,5.346,7.5114636
2020-02-13 11:30:00,5.346,7.6392307
2020-02-13 11:45:00,5.206,7.659625
2020-02-13 12:00:00,4.995,7.8162875
2020-02-13 12:15:00,5.346,7.973132
2020-02-13 12:30:00,5.417,8.176233
2020-02-13 12:45:00,4.995,8.232061
2020-02-13 13:00:00,4.995,8.334967
2020-02-13 13:15:00,5.909,8.4144125
2020-02-13 13:30:00,5.909,8.469904
2020-02-13 13:45:00,5.768,8.500193
2020-02-13 14:00:00,5.768,8.50821
2020-02-13 14:15:00,6.05,8.63227
2020-02-13 14:30:00,5.839,8.720941
2020-02-13 14:45:00,5.979,8.649876
2020-02-13 15:00:00,6.191,8.663857
2020-02-13 15:15:00,6.472,8.643631
2020-02-13 15:30:00,6.472,8.581689
2020-02-13 15:45:00,6.331,8.395036
2020-02-13 16:00:00,6.331,8.256958
2020-02-13 16:15:00,6.05,8.141314
2020-02-13 16:30:00,6.12,8.059917
2020-02-13 16:45:00,6.472,7.862107
2020-02-13 17:00:00,6.05,7.7539268
2020-02-13 17:15:00,5.839,7.6814117
2020-02-13 17:30:00,6.261,7.6686316
2020-02-13 17:45:00,6.613,7.5776424
2020-02-13 18:00:00,6.613,7.5416207
2020-02-13 18:15:00,6.402,7.5516524
2020-02-13 18:30:00,5.909,7.607589
2020-02-13 18:45:00,6.05,7.5511074
2020-02-13 19:00:00,6.05,7.571052
2020-02-13 19:15:00,6.261,7.640873
2020-02-13 19:30:00,6.472,7.691806
2020-02-13 19:45:00,6.12,7.6621614
2020-02-13 20:00:00,5.698,7.7119555
2020-02-13 20:15:00,5.909,7.793911
2020-02-13 20:30:00,6.261,7.969593
2020-02-13 20:45:00,6.05,8.028409
2020-02-13 21:00:00,6.12,8.132726
2020-02-13 21:15:00,6.05,8.263649
2020-02-13 21:30:00,6.191,8.4161215
2020-02-13 21:45:00,6.331,8.444151
2020-02-13 22:00:00,6.05,8.521898
2020-02-13 22:15:00,6.261,8.589264
2020-02-13 22:30:00,6.191,8.680074
2020-02-13 22:45:00,6.261,8.626287
2020-02-13 23:00:00,6.472,8.597404
2020-02-13 23:15:00,6.613,8.594933
2020-02-13 23:30:00,6.261,8.60155
2020-02-13 23:45:00,6.12,8.490404
2020-02-14 00:00:00,6.402,8.437828
2020-02-14 00:15:00,6.402,8.391888
2020-02-14 00:30:00,5.979,6.418894
2020-02-14 00:45:00,6.261,7.012005
2020-02-14 01:00:00,6.472,6.3654494
2020-02-14 01:15:00,6.331,5.1145926
2020-02-14 01:30:00,6.05,5.1247325
2020-02-14 01:45:00,5.487,5.0181518
2020-02-14 02:00:00,5.557,4.97278
2020-02-14 02:15:00,5.909,4.9524612
2020-02-14 02:30:00,6.12,4.969752
2020-02-14 02:45:00,6.12,4.8946123
2020-02-14 03:00:00,6.402,4.893938
2020-02-14 03:15:00,6.331,4.9305706
2020-02-14 03:30:00,6.191,5.000607
2020-02-14 03:45:00,6.05,4.9642324
2020-02-14 04:00:00,6.261,4.9920487
2020-02-14 04:15:00,6.12,5.0420947
2020-02-14 04:30:00,5.909,5.1247773
2020-02-14 04:45:00,5.839,5.0916033
2020-02-14 05:00:00,5.557,5.1287394
2020-02-14 05:15:00,5.557,5.2083936
2020-02-14 05:30:00,5.557,5.3141994
2020-02-14 05:45:00,5.698,5.3244877
2020-02-14 06:00:00,5.628,5.3908906
2020-02-14 06:15:00,5.346,5.472493
2020-02-14 06:30:00,5.206,5.5916567
2020-02-14 06:45:00,4.924,5.604873
2020-02-14 07:00:00,4.924,5.6682434
2020-02-14 07:15:00,5.346,5.768017
2020-02-14 07:30:00,5.768,5.915451
2020-02-14 07:45:00,5.768,5.970955
2020-02-14 08:00:00,5.909,6.0915723
2020-02-14 08:15:00,6.12,6.2369347
2020-02-14 08:30:00,6.402,6.4500093
2020-02-14 08:45:00,6.261,6.5288105
2020-02-14 09:00:00,6.472,6.6366034
2020-02-14 09:15:00,6.753,6.7591777
2020-02-14 09:30:00,6.753,6.8430376
2020-02-14 09:45:00,6.964,6.806244
2020-02-14 10:00:00,6.753,6.839406
2020-02-14 10:15:00,7.105,6.9116793
2020-02-14 10:30:00,7.316,7.0359583
2020-02-14 10:45:00,7.105,7.0342298
2020-02-14 11:00:00,6.964,7.0595827
2020-02-14 11:15:00,7.105,7.0785694
2020-02-14 11:30:00,6.472,7.109639
2020-02-14 11:45:00,6.542,7.120381
2020-02-14 12:00:00,6.753,7.20744
2020-02-14 12:15:00,6.613,7.3817983
2020-02-14 12:30:00,7.035,7.577827
2020-02-14 12:45:00,7.316,7.587638
2020-02-14 13:00:00,7.668,7.6984696
2020-02-14 13:15:00,7.879,7.768127
2020-02-14 13:30:00,7.386,7.8011885
2020-02-14 13:45:00,7.457,7.679285
2020-02-14 14:00:00,7.386,7.5738688
2020-02-14 14:15:00,7.668,7.5317755
2020-02-14 14:30:00,7.527,7.592202
2020-02-14 14:45:00,7.668,7.5518117
2020-02-14 15:00:00,7.457,7.55955
2020-02-14 15:15:00,7.457,7.593072
2020-02-14 15:30:00,7.386,7.6154895
2020-02-14 15:45:00,7.316,7.519656
2020-02-14 16:00:00,7.457,7.4801974
2020-02-14 16:15:00,7.316,7.475808
2020-02-14 16:30:00,7.105,7.537862
2020-02-14 16:45:00,7.457,7.5325227
2020-02-14 17:00:00,7.457,7.5971813
2020-02-14 17:15:00,6.894,7.7049904
2020-02-14 17:30:00,6.753,7.8437266
2020-02-14 17:45:00,6.261,7.8496847
2020-02-14 18:00:00,6.402,7.906176
2020-02-14 18:15:00,6.683,7.9529824
2020-02-14 18:30:00,6.753,8.025783
2020-02-14 18:45:00,7.105,8.01218
2020-02-14 19:00:00,7.105,8.0601
2020-02-14 19:15:00,7.105,8.166327
2020-02-14 19:30:00,7.668,8.270593
2020-02-14 19:45:00,7.386,8.248114
2020-02-14 20:00:00,7.316,8.246436
2020-02-14 20:15:00,6.824,8.265984
2020-02-14 20:30:00,7.316,8.32817
2020-02-14 20:45:00,7.386,8.299611
2020-02-14 21:00:00,7.316,8.348282
2020-02-14 21:15:00,7.316,8.395751
2020-02-14 21:30:00,7.316,8.502564
2020-02-14 21:45:00,7.386,8.466071
2020-02-14 22:00:00,7.175,8.485613
2020-02-14 22:15:00,7.527,8.509416
2020-02-14 22:30:00,6.964,8.518968
2020-02-14 22:45:00,6.964,8.434562
2020-02-14 23:00:00,6.683,8.398388
2020-02-14 23:15:00,6.964,8.394793
2020-02-14 23:30:00,7.175,8.414072
2020-02-14 23:45:00,7.035,8.312948
2020-02-15 00:00:00,7.386,8.257131
2020-02-15 00:15:00,7.105,8.224399
2020-02-15 00:30:00,6.191,6.3166842
2020-02-15 00:45:00,5.557,6.939237
2020-02-15 01:00:00,5.909,6.330421
2020-02-15 01:15:00,5.557,5.120582
2020-02-15 01:30:00,5.206,5.1223545
2020-02-15 01:45:00,4.432,5.0308766
2020-02-15 02:00:00,3.799,4.9996905
2020-02-15 02:15:00,3.869,4.9983287
2020-02-15 02:30:00,3.588,5.036788
2020-02-15 02:45:00,3.869,4.979641
2020-02-15 03:00:00,3.728,4.9794493
2020-02-15 03:15:00,3.377,5.0142584
2020-02-15 03:30:00,3.377,5.064894
2020-02-15 03:45:00,3.447,5.029611
2020-02-15 04:00:00,3.236,5.052221
2020-02-15 04:15:00,3.447,5.1053495
2020-02-15 04:30:00,3.517,5.2067432
2020-02-15 04:45:00,3.377,5.1962824
2020-02-15 05:00:00,3.588,5.248473
2020-02-15 05:15:00,3.447,5.334014
2020-02-15 05:30:00,3.447,5.455404
2020-02-15 05:45:00,3.377,5.4652576
2020-02-15 06:00:00,3.447,5.5330467
2020-02-15 06:15:00,3.095,5.6274242
2020-02-15 06:30:00,3.236,5.735874
2020-02-15 06:45:00,3.095,5.7459335
2020-02-15 07:00:00,3.236,5.822534
2020-02-15 07:15:00,3.236,5.9333696
2020-02-15 07:30:00,3.025,6.099514
2020-02-15 07:45:00,3.166,6.163373
2020-02-15 08:00:00,2.884,6.2956
2020-02-15 08:15:00,2.884,6.470687
2020-02-15 08:30:00,3.095,6.6869817
2020-02-15 08:45:00,2.744,6.789128
2020-02-15 09:00:00,2.884,6.9150743
2020-02-15 09:15:00,3.025,7.0518303
2020-02-15 09:30:00,3.166,7.1861224
2020-02-15 09:45:00,3.236,7.1903505
2020-02-15 10:00:00,2.884,7.2553525
2020-02-15 10:15:00,2.884,7.342017
2020-02-15 10:30:00,3.025,7.465349
2020-02-15 10:45:00,2.955,7.4676695
2020-02-15 11:00:00,2.814,7.507531
2020-02-15 11:15:00,2.884,7.5790653
2020-02-15 11:30:00,2.955,7.672091
2020-02-15 11:45:00,2.884,7.65908
2020-02-15 12:00:00,2.814,7.6893106
2020-02-15 12:15:00,3.095,7.717122
2020-02-15 12:30:00,2.955,7.7757425
2020-02-15 12:45:00,2.955,7.7119856
2020-02-15 13:00:00,3.095,7.716834
2020-02-15 13:15:00,3.095,7.7483788
2020-02-15 13:30:00,2.955,7.823604
2020-02-15 13:45:00,3.166,7.808081
2020-02-15 14:00:00,3.095,7.851689
2020-02-15 14:15:00,3.236,7.9084477
2020-02-15 14:30:00,3.306,7.9899287
2020-02-15 14:45:00,3.236,7.9583263
2020-02-15 15:00:00,3.166,7.9882145
2020-02-15 15:15:00,3.306,8.057745
2020-02-15 15:30:00,3.728,8.162512
2020-02-15 15:45:00,3.517,8.155199
2020-02-15 16:00:00,3.658,8.219803
2020-02-15 16:15:00,3.658,8.319076
2020-02-15 16:30:00,3.447,8.45105
2020-02-15 16:45:00,3.588,8.478037
2020-02-15 17:00:00,3.236,8.546857
2020-02-15 17:15:00,3.166,8.638959
2020-02-15 17:30:00,2.814,8.753549
2020-02-15 17:45:00,2.744,8.745062
2020-02-15 18:00:00,2.603,8.784621
2020-02-15 18:15:00,2.532,8.8527
2020-02-15 18:30:00,2.673,8.947586
2020-02-15 18:45:00,2.462,8.907855
2020-02-15 19:00:00,2.532,8.953471
2020-02-15 19:15:00,2.814,9.046387
2020-02-15 19:30:00,2.814,9.15741
2020-02-15 19:45:00,2.884,9.197314
2020-02-15 20:00:00,3.025,9.24246
2020-02-15 20:15:00,3.095,9.307788
2020-02-15 20:30:00,3.025,9.412097
2020-02-15 20:45:00,3.306,9.383807
2020-02-15 21:00:00,3.236,9.435362
2020-02-15 21:15:00,3.166,9.499377
2020-02-15 21:30:00,3.306,9.575665
2020-02-15 21:45:00,3.377,9.521772
2020-02-15 22:00:00,3.447,9.506783
2020-02-15 22:15:00,3.588,9.535622
2020-02-15 22:30:00,3.377,9.576943
2020-02-15 22:45:00,3.447,9.511457
2020-02-15 23:00:00,3.306,9.468483
2020-02-15 23:15:00,3.236,9.4230385
2020-02-15 23:30:00,3.306,9.419869
2020-02-15 23:45:00,3.447,9.294568
2020-02-16 00:00:00,3.025,9.21921
2020-02-16 00:15:00,3.517,9.168402
2020-02-16 00:30:00,3.447,7.227359
2020-02-16 00:45:00,3.588,7.817494
2020-02-16 01:00:00,3.447,7.1793103
2020-02-16 01:15:00,3.447,5.9055424
2020-02-16 01:30:00,3.377,5.846472
2020-02-16 01:45:00,3.588,5.7057695
2020-02-16 02:00:00,3.306,5.627564
2020-02-16 02:15:00,3.236,5.59011
2020-02-16 02:30:00,3.306,5.6014566
2020-02-16 02:45:00,3.447,5.520174
2020-02-16 03:00:00,3.658,5.493025
2020-02-16 03:15:00,3.306,5.499628
2020-02-16 03:30:00,3.447,5.539155
2020-02-16 03:45:00,3.447,5.474085
2020-02-16 04:00:00,3.447,5.4840846
2020-02-16 04:15:00,3.447,5.5329657
2020-02-16 04:30:00,3.236,5.6281996
2020-02-16 04:45:00,3.306,5.6044817
2020-02-16 05:00:00,3.306,5.6414285
2020-02-16 05:15:00,3.095,5.702741
2020-02-16 05:30:00,3.306,5.7919235
2020-02-16 05:45:00,3.588,5.797426
2020-02-16 06:00:00,3.799,5.858908
2020-02-16 06:15:00,3.939,5.9459896
2020-02-16 06:30:00,3.377,6.0697956
2020-02-16 06:45:00,3.447,6.0757303
2020-02-16 07:00:00,4.15,6.136998
2020-02-16 07:15:00,3.377,6.239242
2020-02-16 07:30:00,3.025,6.3723593
2020-02-16 07:45:00,3.095,6.4091907
2020-02-16 08:00:00,3.095,6.5157523
2020-02-16 08:15:00,3.728,6.6631985
2020-02-16 08:30:00,3.799,6.846182
2020-02-16 08:45:00,3.447,6.9070826
2020-02-16 09:00:00,3.517,6.9945107
2020-02-16 09:15:00,3.306,7.0827036
2020-02-16 09:30:00,3.236,7.201195
2020-02-16 09:45:00,3.306,7.191857
2020-02-16 10:00:00,3.377,7.230245
2020-02-16 10:15:00,3.728,7.3046546
2020-02-16 10:30:00,3.799,7.3941164
2020-02-16 10:45:00,3.799,7.3569393
2020-02-16 11:00:00,4.432,7.3662148
2020-02-16 11:15:00,4.854,7.4091578
2020-02-16 11:30:00,4.432,7.4845195
2020-02-16 11:45:00,4.573,7.458038
2020-02-16 12:00:00,5.135,7.4921656
2020-02-16 12:15:00,5.417,7.5227895
2020-02-16 12:30:00,5.206,7.566772
2020-02-16 12:45:00,5.276,7.504574
2020-02-16 13:00:00,5.417,7.5017376
2020-02-16 13:15:00,5.346,7.5486555
2020-02-16 13:30:00,5.487,7.6156006
2020-02-16 13:45:00,5.557,7.5717154
2020-02-16 14:00:00,5.698,7.58957
2020-02-16 14:15:00,5.698,7.6269956
2020-02-16 14:30:00,5.557,7.692478
2020-02-16 14:45:00,5.698,7.64914
2020-02-16 15:00:00,5.698,7.6503754
2020-02-16 15:15:00,5.979,7.6834707
2020-02-16 15:30:00,5.487,7.7371674
2020-02-16 15:45:00,5.557,7.681272
2020-02-16 16:00:00,5.557,7.681776
2020-02-16 16:15:00,5.135,7.7166986
2020-02-16 16:30:00,4.924,7.7759724
2020-02-16 16:45:00,5.135,7.728551
2020-02-16 17:00:00,5.206,7.759655
2020-02-16 17:15:00,5.065,7.811916
2020-02-16 17:30:00,5.276,7.9034004
2020-02-16 17:45:00,5.487,7.881444
2020-02-16 18:00:00,5.417,7.920714
2020-02-16 18:15:00,5.417,7.9966993
2020-02-16 18:30:00,5.346,8.10567
2020-02-16 18:45:00,5.417,8.117944
2020-02-16 19:00:00,5.135,8.201155
2020-02-16 19:15:00,5.206,8.34017
2020-02-16 19:30:00,5.135,8.518547
2020-02-16 19:45:00,4.924,8.5817375
2020-02-16 20:00:00,4.924,8.661702
2020-02-16 20:15:00,5.065,8.745716
2020-02-16 20:30:00,4.924,8.85698
2020-02-16 20:45:00,4.995,8.867087
2020-02-16 21:00:00,4.995,8.9508915
2020-02-16 21:15:00,5.135,9.038174
2020-02-16 21:30:00,5.135,9.14342
2020-02-16 21:45:00,5.206,9.096982
2020-02-16 22:00:00,4.924,9.065896
2020-02-16 22:15:00,4.995,9.065142
2020-02-16 22:30:00,4.854,9.100628
2020-02-16 22:45:00,4.995,9.014234
2020-02-16 23:00:00,5.135,8.998659
2020-02-16 23:15:00,4.924,8.99177
2020-02-16 23:30:00,4.713,8.9876585
2020-02-16 23:45:00,4.713,8.87704
2020-02-17 00:00:00,4.573,8.806304
2020-02-17 00:15:00,4.502,8.751627
2020-02-17 00:30:00,4.291,6.8990088
2020-02-17 00:45:00,4.15,7.587833
2020-02-17 01:00:00,4.01,7.026261
2020-02-17 01:15:00,3.869,5.854216
2020-02-17 01:30:00,3.939,5.8657837
2020-02-17 01:45:00,4.362,5.771329
2020-02-17 02:00:00,4.15,5.72708
2020-02-17 02:15:00,4.15,5.7121634
2020-02-17 02:30:00,4.573,5.7531986
2020-02-17 02:45:00,4.643,5.681918
2020-02-17 03:00:00,4.995,5.672981
2020-02-17 03:15:00,4.854,5.700878
2020-02-17 03:30:00,4.854,5.747964
2020-02-17 03:45:00,4.643,5.696536
2020-02-17 04:00:00,4.362,5.715232
2020-02-17 04:15:00,4.291,5.7580895
2020-02-17 04:30:00,4.221,5.8408394
2020-02-17 04:45:00,4.15,5.8275766
2020-02-17 05:00:00,4.221,5.8758073
2020-02-17 05:15:00,3.799,5.9642687
2020-02-17 05:30:00,3.588,6.075521
2020-02-17 05:45:00,3.447,6.0707273
2020-02-17 06:00:00,3.377,6.1198444
2020-02-17 06:15:00,3.025,6.188072
2020-02-17 06:30:00,2.744,6.3073673
2020-02-17 06:45:00,2.181,6.3258996
2020-02-17 07:00:00,2.04,6.404956
2020-02-17 07:15:00,2.251,6.518595
2020-02-17 07:30:00,2.11,6.6812572
2020-02-17 07:45:00,2.181,6.753503
2020-02-17 08:00:00,2.251,6.917539
2020-02-17 08:15:00,2.181,7.1145444
2020-02-17 08:30:00,1.759,7.3921776
2020-02-17 08:45:00,1.759,7.5212083
2020-02-17 09:00:00,1.829,7.6526704
2020-02-17 09:15:00,2.04,7.7612715
2020-02-17 09:30:00,2.321,7.811882
2020-02-17 09:45:00,2.392,7.7304196
2020-02-17 10:00:00,2.181,7.7029514
2020-02-17 10:15:00,2.392,7.7618985
2020-02-17 10:30:00,2.744,7.8992267
2020-02-17 10:45:00,2.814,7.9374566
2020-02-17 11:00:00,2.955,8.049601
2020-02-17 11:15:00,2.884,8.174016
2020-02-17 11:30:00,2.744,8.308786
2020-02-17 11:45:00,2.603,8.354709
2020-02-17 12:00:00,2.884,8.433554
2020-02-17 12:15:00,2.955,8.556467
2020-02-17 12:30:00,2.884,8.769034
2020-02-17 12:45:00,3.025,8.854961
2020-02-17 13:00:00,3.377,9.003729
2020-02-17 13:15:00,3.799,9.150268
2020-02-17 13:30:00,3.939,9.264612
2020-02-17 13:45:00,4.291,9.292352
2020-02-17 14:00:00,4.291,9.347889
2020-02-17 14:15:00,4.291,9.408784
2020-02-17 14:30:00,4.291,9.484138
2020-02-17 14:45:00,4.15,9.389608
2020-02-17 15:00:00,4.221,9.350569
2020-02-17 15:15:00,4.15,9.318058
2020-02-17 15:30:00,4.291,9.292885
2020-02-17 15:45:00,4.15,9.141673
2020-02-17 16:00:00,4.15,9.011975
2020-02-17 16:15:00,4.01,8.902081
2020-02-17 16:30:00,4.08,8.804979
2020-02-17 16:45:00,3.728,8.607228
2020-02-17 17:00:00,3.236,8.47703
2020-02-17 17:15:00,3.236,8.388119
2020-02-17 17:30:00,3.095,8.339932
2020-02-17 17:45:00,2.884,8.220917
2020-02-17 18:00:00,2.744,8.18129
2020-02-17 18:15:00,2.673,8.204228
2020-02-17 18:30:00,2.744,8.287428
2020-02-17 18:45:00,2.603,8.268558
2020-02-17 19:00:00,2.603,8.313182
2020-02-17 19:15:00,2.673,8.400998
2020-02-17 19:30:00,2.392,8.472035
2020-02-17 19:45:00,2.532,8.4649105
2020-02-17 20:00:00,2.603,8.514821
2020-02-17 20:15:00,2.532,8.599152
2020-02-17 20:30:00,2.532,8.773445
2020-02-17 20:45:00,2.251,8.820764
2020-02-17 21:00:00,2.532,8.915144
2020-02-17 21:15:00,2.181,9.032582
2020-02-17 21:30:00,2.181,9.157435
2020-02-17 21:45:00,2.181,9.164415
2020-02-17 22:00:00,2.462,9.207895
2020-02-17 22:15:00,2.532,9.239674
2020-02-17 22:30:00,2.532,9.3041725
2020-02-17 22:45:00,2.392,9.238762
2020-02-17 23:00:00,2.392,9.241969
2020-02-17 23:15:00,2.11,9.255467
2020-02-17 23:30:00,2.181,9.262509
2020-02-17 23:45:00,2.181,9.154312
2020-02-18 00:00:00,2.11,9.090385
2020-02-18 00:15:00,2.251,9.053974
2020-02-18 00:30:00,2.251,7.062945
2020-02-18 00:45:00,2.251,7.6235886
2020-02-18 01:00:00,2.181,6.947093
2020-02-18 01:15:00,2.251,5.65254
2020-02-18 01:30:00,2.532,5.657448
2020-02-18 01:45:00,2.462,5.5610647
2020-02-18 02:00:00,2.251,5.516448
2020-02-18 02:15:00,2.251,5.506125
2020-02-18 02:30:00,2.321,5.523652
2020-02-18 02:45:00,2.321,5.4509807
2020-02-18 03:00:00,2.532,5.4547186
2020-02-18 03:15:00,2.462,5.474874
2020-02-18 03:30:00,2.673,5.5391035
2020-02-18 03:45:00,2.673,5.482143
2020-02-18 04:00:00,3.095,5.496674
2020-02-18 04:15:00,3.588,5.5330615
2020-02-18 04:30:00,3.939,5.613193
2020-02-18 04:45:00,4.08,5.588505
2020-02-18 05:00:00,3.799,5.6304827
2020-02-18 05:15:00,3.166,5.7073255
2020-02-18 05:30:00,3.588,5.8132997
2020-02-18 05:45:00,3.447,5.8123913
2020-02-18 06:00:00,2.251,5.862973
2020-02-18 06:15:00,2.392,5.9464307
2020-02-18 06:30:00,2.673,6.0557456
2020-02-18 06:45:00,3.306,6.0651064
2020-02-18 07:00:00,4.15,6.139181
2020-02-18 07:15:00,4.15,6.24812
2020-02-18 07:30:00,4.573,6.4032187
2020-02-18 07:45:00,4.432,6.4371986
2020-02-18 08:00:00,4.291,6.5533714
2020-02-18 08:15:00,4.15,6.699831
2020-02-18 08:30:00,4.643,6.937258
2020-02-18 08:45:00,4.573,7.086543
2020-02-18 09:00:00,4.854,7.2717304
2020-02-18 09:15:00,4.784,7.467354
2020-02-18 09:30:00,4.924,7.608422
2020-02-18 09:45:00,4.995,7.6026616
2020-02-18 10:00:00,5.065,7.646837
2020-02-18 10:15:00,4.995,7.7009373
2020-02-18 10:30:00,4.643,7.782982
2020-02-18 10:45:00,4.643,7.7430763
2020-02-18 11:00:00,4.995,7.759515
2020-02-18 11:15:00,5.206,7.799341
2020-02-18 11:30:00,5.417,7.8739176
2020-02-18 11:45:00,5.628,7.8358893
2020-02-18 12:00:00,4.643,7.838051
2020-02-18 12:15:00,4.221,7.8716893
2020-02-18 12:30:00,4.573,7.9365067
2020-02-18 12:45:00,4.221,7.914033
2020-02-18 13:00:00,4.502,7.9376736
2020-02-18 13:15:00,4.432,8.014288
2020-02-18 13:30:00,3.588,8.10709
2020-02-18 13:45:00,3.306,8.097733
2020-02-18 14:00:00,2.744,8.152039
2020-02-18 14:15:00,2.181,8.231392
2020-02-18 14:30:00,1.829,8.3470545
2020-02-18 14:45:00,1.688,8.380862
2020-02-18 15:00:00,2.392,8.469114
2020-02-18 15:15:00,2.251,8.593702
2020-02-18 15:30:00,2.321,8.751984
2020-02-18 15:45:00,2.532,8.754679
2020-02-18 16:00:00,3.025,8.801143
2020-02-18 16:15:00,1.688,8.856789
2020-02-18 16:30:00,2.321,8.935606
2020-02-18 16:45:00,1.548,8.90372
2020-02-18 17:00:00,1.548,8.931173
2020-02-18 17:15:00,1.97,8.983892
2020-02-18 17:30:00,2.462,9.0643635
2020-02-18 17:45:00,2.04,9.047665
2020-02-18 18:00:00,2.04,9.0876875
2020-02-18 18:15:00,2.532,9.145519
2020-02-18 18:30:00,2.532,9.250662
2020-02-18 18:45:00,2.532,9.249957
2020-02-18 19:00:00,2.673,9.309764
2020-02-18 19:15:00,2.814,9.422651
2020-02-18 19:30:00,1.97,9.493932
2020-02-18 19:45:00,2.181,9.433747
2020-02-18 20:00:00,2.603,9.411816
2020-02-18 20:15:00,2.11,9.431132
2020-02-18 20:30:00,2.181,9.54812
2020-02-18 20:45:00,1.688,9.557154
2020-02-18 21:00:00,2.251,9.612482
2020-02-18 21:15:00,2.532,9.690523
2020-02-18 21:30:00,1.688,9.729005
2020-02-18 21:45:00,1.829,9.662948
2020-02-18 22:00:00,2.04,9.628214
2020-02-18 22:15:00,2.11,9.576374
2020-02-18 22:30:00,1.618,9.609299
2020-02-18 22:45:00,1.337,9.472752
2020-02-18 23:00:00,1.337,9.412515
2020-02-18 23:15:00,1.688,9.385395
2020-02-18 23:30:00,2.181,9.352311
2020-02-18 23:45:00,2.462,9.220795
2020-02-19 00:00:00,2.04,9.134821
2020-02-19 00:15:00,1.337,9.084346
2020-02-19 00:30:00,2.462,7.057816
2020-02-19 00:45:00,2.532,7.5825872
2020-02-19 01:00:00,2.321,6.875217
2020-02-19 01:15:00,2.603,5.558661
2020-02-19 01:30:00,2.955,5.562532
2020-02-19 01:45:00,2.884,5.4561043
2020-02-19 02:00:00,2.955,5.418504
2020-02-19 02:15:00,3.447,5.417685
2020-02-19 02:30:00,3.588,5.460141
2020-02-19 02:45:00,3.517,5.4049034
2020-02-19 03:00:00,3.728,5.404561
2020-02-19 03:15:00,3.799,5.430825
2020-02-19 03:30:00,3.939,5.4955044
2020-02-19 03:45:00,3.588,5.447703
2020-02-19 04:00:00,3.236,5.4728127
2020-02-19 04:15:00,3.236,5.529067
2020-02-19 04:30:00,2.884,5.6163383
2020-02-19 04:45:00,2.884,5.6026926
2020-02-19 05:00:00,2.955,5.6343036
2020-02-19 05:15:00,3.236,5.692215
2020-02-19 05:30:00,3.588,5.784482
2020-02-19 05:45:00,3.447,5.773843
2020-02-19 06:00:00,3.095,5.8174458
2020-02-19 06:15:00,3.236,5.892231
2020-02-19 06:30:00,2.955,5.9988413
2020-02-19 06:45:00,2.603,6.000041
2020-02-19 07:00:00,2.392,6.0643044
2020-02-19 07:15:00,2.884,6.1583877
2020-02-19 07:30:00,3.095,6.2913113
2020-02-19 07:45:00,3.377,6.3301787
2020-02-19 08:00:00,2.392,6.4191437
2020-02-19 08:15:00,2.251,6.557767
2020-02-19 08:30:00,2.04,6.800182
2020-02-19 08:45:00,1.759,6.928244
2020-02-19 09:00:00,1.548,7.118353
2020-02-19 09:15:00,1.688,7.3226695
2020-02-19 09:30:00,1.407,7.487097
2020-02-19 09:45:00,0.915,7.534916
2020-02-19 10:00:00,0.563,7.6149383
2020-02-19 10:15:00,1.196,7.7092104
2020-02-19 10:30:00,0.774,7.811325
2020-02-19 10:45:00,0.844,7.789625
2020-02-19 11:00:00,0.774,7.8366847
2020-02-19 11:15:00,0.915,7.906576
2020-02-19 11:30:00,1.477,8.004622
2020-02-19 11:45:00,2.04,7.991129
2020-02-19 12:00:00,2.392,8.026192
2020-02-19 12:15:00,2.11,8.076098
2020-02-19 12:30:00,2.181,8.182855
2020-02-19 12:45:00,2.04,8.169562
2020-02-19 13:00:00,2.11,8.223045
2020-02-19 13:15:00,1.97,8.3264065
2020-02-19 13:30:00,1.97,8.428897
2020-02-19 13:45:00,2.603,8.409056
2020-02-19 14:00:00,2.955,8.411407
2020-02-19 14:15:00,3.306,8.454227
2020-02-19 14:30:00,3.588,8.527956
2020-02-19 14:45:00,3.166,8.490486
2020-02-19 15:00:00,2.955,8.50544
2020-02-19 15:15:00,3.095,8.539286
2020-02-19 15:30:00,3.166,8.611301
2020-02-19 15:45:00,3.095,8.583827
2020-02-19 16:00:00,2.884,8.618994
2020-02-19 16:15:00,2.955,8.682916
2020-02-19 16:30:00,2.955,8.7731285
2020-02-19 16:45:00,2.744,8.758183
2020-02-19 17:00:00,3.025,8.796634
2020-02-19 17:15:00,3.025,8.849277
2020-02-19 17:30:00,2.884,8.935916
2020-02-19 17:45:00,2.955,8.892677
2020-02-19 18:00:00,3.025,8.913274
2020-02-19 18:15:00,3.377,8.945752
2020-02-19 18:30:00,3.588,9.031321
2020-02-19 18:45:00,3.588,9.026531
2020-02-19 19:00:00,3.517,9.079281
2020-02-19 19:15:00,3.377,9.18622
2020-02-19 19:30:00,3.236,9.245628
2020-02-19 19:45:00,3.236,9.181979
2020-02-19 20:00:00,3.306,9.192455
2020-02-19 20:15:00,3.799,9.22318
2020-02-19 20:30:00,3.658,9.358542
2020-02-19 20:45:00,3.728,9.3737755
2020-02-19 21:00:00,3.658,9.423097
2020-02-19 21:15:00,3.799,9.49648
2020-02-19 21:30:00,3.658,9.562982
2020-02-19 21:45:00,3.447,9.520355
2020-02-19 22:00:00,3.447,9.488003
2020-02-19 22:15:00,3.658,9.499181
2020-02-19 22:30:00,3.869,9.535541
2020-02-19 22:45:00,3.588,9.448324
2020-02-19 23:00:00,3.728,9.412614
2020-02-19 23:15:00,3.658,9.369873
2020-02-19 23:30:00,3.588,9.351273
2020-02-19 23:45:00,3.939,9.218878
2020-02-20 00:00:00,3.799,9.141155
2020-02-20 00:15:00,3.869,9.094922
2020-02-20 00:30:00,3.799,7.068943
2020-02-20 00:45:00,3.517,7.606281
2020-02-20 01:00:00,4.08,6.9055805
2020-02-20 01:15:00,4.01,5.5938325
2020-02-20 01:30:00,3.728,5.590289
2020-02-20 01:45:00,3.447,5.47954
2020-02-20 02:00:00,3.447,5.4382296
2020-02-20 02:15:00,3.658,5.427473
2020-02-20 02:30:00,3.588,5.4467163
2020-02-20 02:45:00,3.658,5.367877
2020-02-20 03:00:00,3.658,5.3510776
2020-02-20 03:15:00,3.236,5.368845
2020-02-20 03:30:00,3.588,5.4454036
2020-02-20 03:45:00,3.447,5.406446
2020-02-20 04:00:00,3.236,5.4194164
2020-02-20 04:15:00,3.236,5.4487195
2020-02-20 04:30:00,3.306,5.5044746
2020-02-20 04:45:00,3.588,5.464052
2020-02-20 05:00:00,3.517,5.48297
2020-02-20 05:15:00,3.166,5.5429015
2020-02-20 05:30:00,3.095,5.6351604
2020-02-20 05:45:00,2.814,5.6203456
2020-02-20 06:00:00,2.814,5.6637
2020-02-20 06:15:00,2.884,5.7396574
2020-02-20 06:30:00,2.603,5.8512316
2020-02-20 06:45:00,2.603,5.859542
2020-02-20 07:00:00,2.462,5.93682
2020-02-20 07:15:00,2.251,6.042836
2020-02-20 07:30:00,2.532,6.191483
2020-02-20 07:45:00,2.532,6.245646
2020-02-20 08:00:00,2.673,6.3597727
2020-02-20 08:15:00,2.744,6.523062
2020-02-20 08:30:00,2.673,6.7802305
2020-02-20 08:45:00,2.603,6.922301
2020-02-20 09:00:00,2.673,7.126916
2020-02-20 09:15:00,2.462,7.351795
2020-02-20 09:30:00,2.462,7.509352
2020-02-20 09:45:00,2.603,7.550392
2020-02-20 10:00:00,1.97,7.6254373
2020-02-20 10:15:00,1.829,7.720167
2020-02-20 10:30:00,0.844,7.837447
2020-02-20 10:45:00,0.774,7.835267
2020-02-20 11:00:00,0.703,7.895172
2020-02-20 11:15:00,0.774,7.979759
2020-02-20 11:30:00,0.0,8.084562
2020-02-20 11:45:00,0.0,8.0901985
2020-02-20 12:00:00,0.0,8.1179905
2020-02-20 12:15:00,0.492,8.159193
2020-02-20 12:30:00,0.0,8.228517
2020-02-20 12:45:00,0.0,8.176024
2020-02-20 13:00:00,0.0,8.200085
2020-02-20 13:15:00,0.0,8.273589
2020-02-20 13:30:00,0.0,8.376963
2020-02-20 13:45:00,0.0,8.362983
2020-02-20 14:00:00,0.0,8.394013
2020-02-20 14:15:00,0.492,8.455669
2020-02-20 14:30:00,0.0,8.53666
2020-02-20 14:45:00,0.0,8.501277
2020-02-20 15:00:00,0.633,8.520874
2020-02-20 15:15:00,0.0,8.59017
2020-02-20 15:30:00,0.492,8.683832
2020-02-20 15:45:00,0.0,8.679993
2020-02-20 16:00:00,0.0,8.741277
2020-02-20 16:15:00,0.0,8.776516
2020-02-20 16:30:00,0.0,8.895435
2020-02-20 16:45:00,0.0,8.894722
2020-02-20 17:00:00,0.0,8.926359
2020-02-20 17:15:00,0.0,9.015002
2020-02-20 17:30:00,0.0,9.087519
2020-02-20 17:45:00,0.0,9.041229
2020-02-20 18:00:00,0.0,9.064107
2020-02-20 18:15:00,0.0,9.100151
2020-02-20 18:30:00,0.0,9.182022
2020-02-20 18:45:00,-0.633,9.1597
2020-02-20 19:00:00,0.0,9.208176
2020-02-20 19:15:00,0.0,9.302067
2020-02-20 19:30:00,-0.633,9.391398
2020-02-20 19:45:00,0.0,9.369693
2020-02-20 20:00:00,0.0,9.354415
2020-02-20 20:15:00,0.0,9.371223
2020-02-20 20:30:00,0.915,9.493188
2020-02-20 20:45:00,1.407,9.516155
2020-02-20 21:00:00,1.899,9.60169
2020-02-20 21:15:00,2.04,9.68651
2020-02-20 21:30:00,1.97,9.754069
2020-02-20 21:45:00,2.744,9.725724
2020-02-20 22:00:00,2.181,9.721708
2020-02-20 22:15:00,2.11,9.727025
2020-02-20 22:30:00,2.04,9.766412
2020-02-20 22:45:00,2.04,9.668343
2020-02-20 23:00:00,2.321,9.624485
2020-02-20 23:15:00,2.532,9.601636
2020-02-20 23:30:00,2.744,9.60159
2020-02-20 23:45:00,2.673,9.473541
2020-02-21 00:00:00,2.532,9.403896
2020-02-21 00:15:00,2.251,9.364504
2020-02-21 00:30:00,2.321,7.4091187
2020-02-21 00:45:00,2.744,7.98718
2020-02-21 01:00:00,2.462,7.320181
2020-02-21 01:15:00,2.532,6.035859
2020-02-21 01:30:00,2.462,5.9986086
2020-02-21 01:45:00,2.532,5.887366
2020-02-21 02:00:00,2.814,5.8234406
2020-02-21 02:15:00,2.744,5.8002305
2020-02-21 02:30:00,2.532,5.809161
2020-02-21 02:45:00,2.532,5.709079
2020-02-21 03:00:00,2.462,5.683911
2020-02-21 03:15:00,2.673,5.6800036
2020-02-21 03:30:00,2.744,5.728608
2020-02-21 03:45:00,2.673,5.6697636
2020-02-21 04:00:00,2.603,5.6757827
2020-02-21 04:15:00,2.814,5.726976
2020-02-21 04:30:00,2.814,5.7993956
2020-02-21 04:45:00,2.814,5.76429
2020-02-21 05:00:00,2.532,5.7862453
2020-02-21 05:15:00,2.603,5.816018
2020-02-21 05:30:00,2.532,5.8887877
2020-02-21 05:45:00,2.321,5.8538327
2020-02-21 06:00:00,2.462,5.864834
2020-02-21 06:15:00,2.251,5.922391
2020-02-21 06:30:00,2.392,6.0252676
2020-02-21 06:45:00,2.532,6.0119786
2020-02-21 07:00:00,2.673,6.07712
2020-02-21 07:15:00,2.744,6.1633587
2020-02-21 07:30:00,2.744,6.2960205
2020-02-21 07:45:00,2.603,6.3397717
2020-02-21 08:00:00,2.814,6.4385805
2020-02-21 08:15:00,3.025,6.5960665
2020-02-21 08:30:00,2.884,6.8402805
2020-02-21 08:45:00,2.884,6.9733434
2020-02-21 09:00:00,2.744,7.1449738
2020-02-21 09:15:00,2.884,7.320546
2020-02-21 09:30:00,2.955,7.4356265
2020-02-21 09:45:00,2.814,7.408991
2020-02-21 10:00:00,2.744,7.427216
2020-02-21 10:15:00,3.166,7.4754324
2020-02-21 10:30:00,3.095,7.5560617
2020-02-21 10:45:00,3.025,7.5518003
2020-02-21 11:00:00,2.884,7.5988493
2020-02-21 11:15:00,2.884,7.6450815
2020-02-21 11:30:00,2.673,7.710902
2020-02-21 11:45:00,2.603,7.67037
2020-02-21 12:00:00,2.603,7.674206
2020-02-21 12:15:00,2.532,7.7345552
2020-02-21 12:30:00,2.744,7.830359
2020-02-21 12:45:00,2.955,7.822155
2020-02-21 13:00:00,2.744,7.8889337
2020-02-21 13:15:00,2.744,8.012537
2020-02-21 13:30:00,2.744,8.149682
2020-02-21 13:45:00,2.532,8.189682
2020-02-21 14:00:00,2.532,8.268593
2020-02-21 14:15:00,2.884,8.3677435
2020-02-21 14:30:00,2.884,8.474341
2020-02-21 14:45:00,3.095,8.443588
2020-02-21 15:00:00,2.955,8.473592
2020-02-21 15:15:00,3.166,8.532891
2020-02-21 15:30:00,3.236,8.638191
2020-02-21 15:45:00,2.814,8.630212
2020-02-21 16:00:00,2.884,8.693491
2020-02-21 16:15:00,2.744,8.740806
2020-02-21 16:30:00,3.166,8.825353
2020-02-21 16:45:00,3.025,8.811884
2020-02-21 17:00:00,3.166,8.817047
2020-02-21 17:15:00,3.306,8.862078
2020-02-21 17:30:00,3.166,8.935895
2020-02-21 17:45:00,3.306,8.87463
2020-02-21 18:00:00,3.236,8.885868
2020-02-21 18:15:00,3.517,8.934303
2020-02-21 18:30:00,3.658,9.003447
2020-02-21 18:45:00,3.799,8.966626
2020-02-21 19:00:00,3.869,8.974443
2020-02-21 19:15:00,4.15,9.029087
2020-02-21 19:30:00,3.939,9.069569
2020-02-21 19:45:00,4.221,8.996205
2020-02-21 20:00:00,4.221,9.003908
2020-02-21 20:15:00,4.854,9.05056
2020-02-21 20:30:00,4.854,9.1621065
2020-02-21 20:45:00,5.206,9.200261
2020-02-21 21:00:00,5.346,9.253099
2020-02-21 21:15:00,5.065,9.297641
2020-02-21 21:30:00,4.854,9.41476
2020-02-21 21:45:00,4.995,9.389289
2020-02-21 22:00:00,5.346,9.446095
2020-02-21 22:15:00,5.206,9.51303
2020-02-21 22:30:00,4.924,9.552616
2020-02-21 22:45:00,4.995,9.465663
2020-02-21 23:00:00,5.206,9.423071
2020-02-21 23:15:00,5.276,9.404487
2020-02-21 23:30:00,4.995,9.406673
2020-02-21 23:45:00,5.206,9.293182
2020-02-22 00:00:00,5.206,9.230025
2020-02-22 00:15:00,5.065,9.176389
2020-02-22 00:30:00,5.557,7.2449856
2020-02-22 00:45:00,5.557,7.852195
2020-02-22 01:00:00,5.487,7.208026
2020-02-22 01:15:00,5.487,5.973469
2020-02-22 01:30:00,5.065,5.963891
2020-02-22 01:45:00,5.135,5.8458433
2020-02-22 02:00:00,5.206,5.806692
2020-02-22 02:15:00,5.206,5.7996435
2020-02-22 02:30:00,5.206,5.822604
2020-02-22 02:45:00,5.276,5.74995
2020-02-22 03:00:00,4.854,5.733423
2020-02-22 03:15:00,5.135,5.7439966
2020-02-22 03:30:00,5.417,5.7936506
2020-02-22 03:45:00,4.924,5.7354774
2020-02-22 04:00:00,4.924,5.7418947
2020-02-22 04:15:00,4.924,5.8014116
2020-02-22 04:30:00,5.135,5.880047
2020-02-22 04:45:00,5.135,5.8417897
2020-02-22 05:00:00,4.995,5.858698
2020-02-22 05:15:00,5.206,5.9111886
2020-02-22 05:30:00,4.924,6.0006704
2020-02-22 05:45:00,4.854,5.9881597
2020-02-22 06:00:00,4.784,6.0267987
2020-02-22 06:15:00,4.784,6.10774
2020-02-22 06:30:00,4.713,6.2223015
2020-02-22 06:45:00,4.784,6.237751
2020-02-22 07:00:00,4.784,6.3133554
2020-02-22 07:15:00,4.924,6.4064407
2020-02-22 07:30:00,4.924,6.541692
2020-02-22 07:45:00,4.995,6.5694933
2020-02-22 08:00:00,5.206,6.669588
2020-02-22 08:15:00,5.417,6.8065157
2020-02-22 08:30:00,5.557,6.974822
2020-02-22 08:45:00,5.557,7.015929
2020-02-22 09:00:00,5.276,7.087207
2020-02-22 09:15:00,5.206,7.17191
2020-02-22 09:30:00,4.924,7.272739
2020-02-22 09:45:00,4.854,7.2550936
2020-02-22 10:00:00,4.643,7.29338
2020-02-22 10:15:00,4.995,7.346553
2020-02-22 10:30:00,4.854,7.4438453
2020-02-22 10:45:00,5.065,7.4224715
2020-02-22 11:00:00,5.346,7.51234
2020-02-22 11:15:00,4.995,7.653112
2020-02-22 11:30:00,5.206,7.782688
2020-02-22 11:45:00,5.065,7.783885
2020-02-22 12:00:00,4.924,7.7726865
2020-02-22 12:15:00,4.573,7.793262
2020-02-22 12:30:00,4.502,7.8881817
2020-02-22 12:45:00,4.643,7.965162
2020-02-22 13:00:00,4.362,8.133007
2020-02-22 13:15:00,4.502,8.32521
2020-02-22 13:30:00,4.854,8.519842
2020-02-22 13:45:00,5.346,8.376073
2020-02-22 14:00:00,5.557,8.350713
2020-02-22 14:15:00,5.206,8.465063
2020-02-22 14:30:00,4.784,8.610607
2020-02-22 14:45:00,4.854,8.779434
2020-02-22 15:00:00,4.784,8.8558235
2020-02-22 15:15:00,4.713,8.92721
2020-02-22 15:30:00,4.432,8.96417
2020-02-22 15:45:00,4.432,8.789341
2020-02-22 16:00:00,4.432,8.718555
2020-02-22 16:15:00,4.573,8.635044
2020-02-22 16:30:00,4.362,8.580035
2020-02-22 16:45:00,4.432,8.468875
2020-02-22 17:00:00,4.432,8.429961
2020-02-22 17:15:00,4.432,8.430958
2020-02-22 17:30:00,4.502,8.4408455
2020-02-22 17:45:00,4.643,8.331725
2020-02-22 18:00:00,5.557,8.272719
2020-02-22 18:15:00,5.346,8.259856
2020-02-22 18:30:00,4.995,8.315164
2020-02-22 18:45:00,4.854,8.289945
2020-02-22 19:00:00,4.643,8.3240185
2020-02-22 19:15:00,4.643,8.402249
2020-02-22 19:30:00,4.643,8.5123005
2020-02-22 19:45:00,4.643,8.506496
2020-02-22 20:00:00,4.854,8.558006
2020-02-22 20:15:00,4.573,8.631188
2020-02-22 20:30:00,4.924,8.7483635
2020-02-22 20:45:00,5.417,8.769193
2020-02-22 21:00:00,5.417,8.832267
2020-02-22 21:15:00,5.206,8.910941
2020-02-22 21:30:00,5.557,9.0030775
2020-02-22 21:45:00,5.276,8.959882
2020-02-22 22:00:00,5.276,8.958266
2020-02-22 22:15:00,5.417,8.974157
2020-02-22 22:30:00,5.487,9.008891
2020-02-22 22:45:00,5.839,8.916404
2020-02-22 23:00:00,5.698,8.87667
2020-02-22 23:15:00,5.909,8.871914
2020-02-22 23:30:00,5.768,8.888442
2020-02-22 23:45:00,5.276,8.791653
2020-02-23 00:00:00,5.698,8.746982
2020-02-23 00:15:00,5.417,8.725215
2020-02-23 00:30:00,5.698,6.812846
2020-02-23 00:45:00,5.346,7.4531035
2020-02-23 01:00:00,4.995,6.847941
2020-02-23 01:15:00,5.135,5.6314864
2020-02-23 01:30:00,4.995,5.654084
2020-02-23 01:45:00,4.924,5.5881205
2020-02-23 02:00:00,4.995,5.583786
2020-02-23 02:15:00,5.206,5.619769
2020-02-23 02:30:00,5.346,5.689999
2020-02-23 02:45:00,5.206,5.6462684
2020-02-23 03:00:00,5.276,5.664139
2020-02-23 03:15:00,4.924,5.7078037
2020-02-23 03:30:00,4.643,5.795486
2020-02-23 03:45:00,4.643,5.7624106
2020-02-23 04:00:00,4.502,5.785964
2020-02-23 04:15:00,4.854,5.8332357
2020-02-23 04:30:00,4.854,5.899814
2020-02-23 04:45:00,4.502,5.8775053
2020-02-23 05:00:00,4.502,5.911434
2020-02-23 05:15:00,4.784,5.9744616
2020-02-23 05:30:00,4.643,6.0769877
2020-02-23 05:45:00,4.573,6.0694537
2020-02-23 06:00:00,4.221,6.111955
2020-02-23 06:15:00,4.291,6.1799874
2020-02-23 06:30:00,3.939,6.284883
2020-02-23 06:45:00,3.939,6.295157
2020-02-23 07:00:00,3.939,6.3783565
2020-02-23 07:15:00,4.08,6.5014763
2020-02-23 07:30:00,4.432,6.6603317
2020-02-23 07:45:00,4.643,6.714836
2020-02-23 08:00:00,4.854,6.837564
2020-02-23 08:15:00,4.854,6.989959
2020-02-23 08:30:00,4.713,7.1423573
2020-02-23 08:45:00,4.995,7.1555686
2020-02-23 09:00:00,4.643,7.2043095
2020-02-23 09:15:00,4.924,7.2801547
2020-02-23 09:30:00,5.698,7.402975
2020-02-23 09:45:00,5.979,7.4350314
2020-02-23 10:00:00,5.839,7.549482
2020-02-23 10:15:00,5.417,7.690066
2020-02-23 10:30:00,5.487,7.8606973
2020-02-23 10:45:00,5.628,7.9278593
2020-02-23 11:00:00,5.768,8.057973
2020-02-23 11:15:00,5.487,8.20932
2020-02-23 11:30:00,5.346,8.456061
2020-02-23 11:45:00,5.417,8.5717325
2020-02-23 12:00:00,5.628,8.763029
2020-02-23 12:15:00,5.909,8.997043
2020-02-23 12:30:00,5.698,9.213695
2020-02-23 12:45:00,5.417,9.368388
2020-02-23 13:00:00,4.854,9.482492
2020-02-23 13:15:00,6.331,9.613755
2020-02-23 13:30:00,7.386,9.746907
2020-02-23 13:45:00,7.879,9.787272
2020-02-23 14:00:00,8.371,9.848985
2020-02-23 14:15:00,8.16,9.9284115
2020-02-23 14:30:00,7.386,9.9827
2020-02-23 14:45:00,7.316,9.8853
2020-02-23 15:00:00,6.894,9.866367
2020-02-23 15:15:00,6.824,9.804146
2020-02-23 15:30:00,6.824,9.786556
2020-02-23 15:45:00,6.964,9.623729
2020-02-23 16:00:00,7.386,9.503579
2020-02-23 16:15:00,7.316,9.394801
2020-02-23 16:30:00,6.824,9.29625
2020-02-23 16:45:00,6.964,9.059156
2020-02-23 17:00:00,7.105,8.867412
2020-02-23 17:15:00,7.527,8.71591
2020-02-23 17:30:00,8.09,8.635103
2020-02-23 17:45:00,8.02,8.456569
2020-02-23 18:00:00,7.738,8.358834
2020-02-23 18:15:00,7.738,8.326619
2020-02-23 18:30:00,7.457,8.33523
2020-02-23 18:45:00,6.964,8.249907
2020-02-23 19:00:00,6.894,8.202993
2020-02-23 19:15:00,6.824,8.190816
2020-02-23 19:30:00,6.753,8.225597
2020-02-23 19:45:00,6.613,8.179027
2020-02-23 20:00:00,6.12,8.210548
2020-02-23 20:15:00,6.05,8.270843
2020-02-23 20:30:00,5.979,8.370656
2020-02-23 20:45:00,5.557,8.364923
2020-02-23 21:00:00,5.768,8.40972
2020-02-23 21:15:00,5.909,8.474947
2020-02-23 21:30:00,5.698,8.558658
2020-02-23 21:45:00,5.698,8.52413
2020-02-23 22:00:00,5.346,8.531965
2020-02-23 22:15:00,5.417,8.568916
2020-02-23 22:30:00,5.206,8.622347
2020-02-23 22:45:00,5.346,8.558792
2020-02-23 23:00:00,5.135,8.561787
2020-02-23 23:15:00,5.628,8.575694
2020-02-23 23:30:00,5.487,8.616485
2020-02-23 23:45:00,5.487,8.529778
2020-02-24 00:00:00,5.487,8.474479
2020-02-24 00:15:00,5.346,8.456473
2020-02-24 00:30:00,5.698,6.6043615
2020-02-24 00:45:00,5.135,7.300539
2020-02-24 01:00:00,4.995,6.768453
2020-02-24 01:15:00,4.784,5.6108303
2020-02-24 01:30:00,4.854,5.6503983
2020-02-24 01:45:00,4.995,5.5884657
2020-02-24 02:00:00,5.065,5.5882883
2020-02-24 02:15:00,5.065,5.616455
2020-02-24 02:30:00,4.924,5.6653156
2020-02-24 02:45:00,4.924,5.6221156
2020-02-24 03:00:00,4.924,5.634461
2020-02-24 03:15:00,4.432,5.678864
2020-02-24 03:30:00,4.432,5.7598934
2020-02-24 03:45:00,4.713,5.7292595
2020-02-24 04:00:00,4.854,5.7543154
2020-02-24 04:15:00,4.502,5.8150997
2020-02-24 04:30:00,4.502,5.9088
2020-02-24 04:45:00,4.784,5.910364
2020-02-24 05:00:00,4.854,5.9556646
2020-02-24 05:15:00,5.487,6.037616
2020-02-24 05:30:00,5.557,6.1518145
2020-02-24 05:45:00,5.768,6.133753
2020-02-24 06:00:00,5.417,6.1832337
2020-02-24 06:15:00,5.417,6.265932
2020-02-24 06:30:00,5.346,6.38061
2020-02-24 06:45:00,4.643,6.4061456
2020-02-24 07:00:00,4.362,6.481015
2020-02-24 07:15:00,4.784,6.5932927
2020-02-24 07:30:00,4.291,6.7423887
2020-02-24 07:45:00,4.643,6.777961
2020-02-24 08:00:00,5.135,6.8855124
2020-02-24 08:15:00,5.206,7.0250144
2020-02-24 08:30:00,5.346,7.262273
2020-02-24 08:45:00,5.276,7.404714
2020-02-24 09:00:00,5.346,7.577534
2020-02-24 09:15:00,5.839,7.7421093
2020-02-24 09:30:00,6.191,7.8201814
2020-02-24 09:45:00,6.402,7.737829
2020-02-24 10:00:00,6.331,7.7535076
2020-02-24 10:15:00,6.472,7.8038807
2020-02-24 10:30:00,6.191,7.909766
2020-02-24 10:45:00,5.487,7.878832
2020-02-24 11:00:00,5.206,7.8803825
2020-02-24 11:15:00,5.135,7.9062867
2020-02-24 11:30:00,5.206,7.94416
2020-02-24 11:45:00,4.784,7.853698
2020-02-24 12:00:00,4.573,7.841682
2020-02-24 12:15:00,4.221,7.8740716
2020-02-24 12:30:00,4.291,7.9365096
2020-02-24 12:45:00,4.291,7.8978686
2020-02-24 13:00:00,4.362,7.9097114
2020-02-24 13:15:00,4.291,7.9343133
2020-02-24 13:30:00,4.573,8.010196
2020-02-24 13:45:00,4.432,7.9821696
2020-02-24 14:00:00,4.995,7.992754
2020-02-24 14:15:00,4.924,8.038196
2020-02-24 14:30:00,4.995,8.090393
2020-02-24 14:45:00,4.643,8.021112
2020-02-24 15:00:00,4.995,8.005759
2020-02-24 15:15:00,4.643,8.017019
2020-02-24 15:30:00,4.573,8.069803
2020-02-24 15:45:00,4.502,8.035874
2020-02-24 16:00:00,4.432,8.051258
2020-02-24 16:15:00,4.502,8.092714
2020-02-24 16:30:00,4.643,8.153615
2020-02-24 16:45:00,4.362,8.0958805
2020-02-24 17:00:00,4.784,8.107049
2020-02-24 17:15:00,4.713,8.170198
2020-02-24 17:30:00,4.924,8.276006
2020-02-24 17:45:00,5.698,8.253092
2020-02-24 18:00:00,5.979,8.261147
2020-02-24 18:15:00,5.417,8.283796
2020-02-24 18:30:00,5.628,8.353561
2020-02-24 18:45:00,5.839,8.310712
2020-02-24 19:00:00,5.768,8.319965
2020-02-24 19:15:00,5.628,8.358135
2020-02-24 19:30:00,5.839,8.36111
2020-02-24 19:45:00,5.628,8.26869
2020-02-24 20:00:00,5.628,8.247204
2020-02-24 20:15:00,5.065,8.244883
2020-02-24 20:30:00,4.995,8.324282
2020-02-24 20:45:00,5.346,8.281425
2020-02-24 21:00:00,5.487,8.288266
2020-02-24 21:15:00,5.487,8.33072
2020-02-24 21:30:00,5.839,8.386771
2020-02-24 21:45:00,5.206,8.3335495
2020-02-24 22:00:00,4.362,8.339065
2020-02-24 22:15:00,4.502,8.354776
2020-02-24 22:30:00,4.643,8.409078
2020-02-24 22:45:00,4.713,8.352132
2020-02-24 23:00:00,4.643,8.333163
2020-02-24 23:15:00,4.221,8.3401575
2020-02-24 23:30:00,4.502,8.365576
2020-02-24 23:45:00,4.643,8.284649
2020-02-25 00:00:00,3.869,8.264267
2020-02-25 00:15:00,3.658,8.263512
2020-02-25 00:30:00,3.588,6.296301
2020-02-25 00:45:00,3.939,6.88306
2020-02-25 01:00:00,3.869,6.228443
2020-02-25 01:15:00,3.939,4.9647636
2020-02-25 01:30:00,3.588,5.0023174
2020-02-25 01:45:00,3.588,4.932074
2020-02-25 02:00:00,3.306,4.929147
2020-02-25 02:15:00,3.306,4.9677505
2020-02-25 02:30:00,3.306,5.047127
2020-02-25 02:45:00,3.306,5.0214925
2020-02-25 03:00:00,3.447,5.0426617
2020-02-25 03:15:00,3.588,5.102753
2020-02-25 03:30:00,3.447,5.1981106
2020-02-25 03:45:00,3.517,5.1751666
2020-02-25 04:00:00,3.306,5.2274284
2020-02-25 04:15:00,3.095,5.2992325
2020-02-25 04:30:00,2.744,5.400838
2020-02-25 04:45:00,2.814,5.3918123
2020-02-25 05:00:00,2.744,5.433694
2020-02-25 05:15:00,2.532,5.502747
2020-02-25 05:30:00,2.673,5.6100736
2020-02-25 05:45:00,2.884,5.6047664
2020-02-25 06:00:00,3.166,5.6610165
2020-02-25 06:15:00,3.869,5.7440557
2020-02-25 06:30:00,3.728,5.8570013
2020-02-25 06:45:00,3.306,5.8629208
2020-02-25 07:00:00,4.08,5.919553
2020-02-25 07:15:00,4.362,6.0023794
2020-02-25 07:30:00,4.291,6.153574
2020-02-25 07:45:00,3.799,6.2172594
2020-02-25 08:00:00,3.658,6.3508472
2020-02-25 08:15:00,3.588,6.5343585
2020-02-25 08:30:00,3.025,6.7665443
2020-02-25 08:45:00,2.955,6.874778
2020-02-25 09:00:00,2.814,7.0324893
2020-02-25 09:15:00,2.884,7.2149067
2020-02-25 09:30:00,3.095,7.340632
2020-02-25 09:45:00,3.306,7.347507
2020-02-25 10:00:00,3.306,7.3996334
2020-02-25 10:15:00,3.447,7.4907722
2020-02-25 10:30:00,3.728,7.631497
2020-02-25 10:45:00,3.939,7.6486797
2020-02-25 11:00:00,4.432,7.7130547
2020-02-25 11:15:00,4.713,7.75892
2020-02-25 11:30:00,4.995,7.8172283
2020-02-25 11:45:00,5.135,7.783476
2020-02-25 12:00:00,5.206,7.8258524
2020-02-25 12:15:00,5.065,7.8947096
2020-02-25 12:30:00,4.713,7.992141
2020-02-25 12:45:00,4.784,8.009633
2020-02-25 13:00:00,4.995,8.069729
2020-02-25 13:15:00,4.854,8.135549
2020-02-25 13:30:00,4.784,8.237889
2020-02-25 13:45:00,4.995,8.188363
2020-02-25 14:00:00,5.276,8.177653
2020-02-25 14:15:00,5.206,8.210023
2020-02-25 14:30:00,5.276,8.25229
2020-02-25 14:45:00,5.417,8.193998
2020-02-25 15:00:00,5.206,8.164936
2020-02-25 15:15:00,4.995,8.196294
2020-02-25 15:30:00,4.924,8.263929
2020-02-25 15:45:00,4.995,8.207557
2020-02-25 16:00:00,4.854,8.216641
2020-02-25 16:15:00,4.995,8.219916
2020-02-25 16:30:00,5.065,8.316105
2020-02-25 16:45:00,5.206,8.313334
2020-02-25 17:00:00,5.557,8.357579
2020-02-25 17:15:00,5.698,8.438833
2020-02-25 17:30:00,5.768,8.50273
2020-02-25 17:45:00,6.191,8.481576
2020-02-25 18:00:00,5.979,8.535328
2020-02-25 18:15:00,5.698,8.572952
2020-02-25 18:30:00,5.909,8.576908
2020-02-25 18:45:00,5.135,8.486473
2020-02-25 19:00:00,4.995,8.4482765
2020-02-25 19:15:00,4.784,8.460585
2020-02-25 19:30:00,5.206,8.449755
2020-02-25 19:45:00,5.276,8.333602
2020-02-25 20:00:00,5.346,8.276409
2020-02-25 20:15:00,5.276,8.232957
2020-02-25 20:30:00,5.206,8.289658
2020-02-25 20:45:00,5.276,8.24472
2020-02-25 21:00:00,5.206,8.264054
2020-02-25 21:15:00,5.276,8.311667
2020-02-25 21:30:00,5.276,8.395307
2020-02-25 21:45:00,5.206,8.359403
2020-02-25 22:00:00,5.135,8.375217
2020-02-25 22:15:00,5.135,8.434573
2020-02-25 22:30:00,4.995,8.51854
2020-02-25 22:45:00,4.854,8.54587
2020-02-25 23:00:00,4.924,8.589046
2020-02-25 23:15:00,4.995,8.639426
2020-02-25 23:30:00,5.065,8.782304
2020-02-25 23:45:00,5.065,8.708742
2020-02-26 00:00:00,5.135,8.759551
2020-02-26 00:15:00,4.854,8.893601
2020-02-26 00:30:00,4.924,7.0352488
2020-02-26 00:45:00,5.065,7.704362
2020-02-26 01:00:00,4.643,7.086155
2020-02-26 01:15:00,4.713,5.852666
2020-02-26 01:30:00,4.573,5.90867
2020-02-26 01:45:00,4.502,5.814023
2020-02-26 02:00:00,4.502,5.8949823
2020-02-26 02:15:00,4.713,5.900873
2020-02-26 02:30:00,4.643,6.0006695
2020-02-26 02:45:00,4.643,6.0121884
2020-02-26 03:00:00,4.573,6.0363145
2020-02-26 03:15:00,4.573,6.093425
2020-02-26 03:30:00,4.713,6.1970863
2020-02-26 03:45:00,4.643,6.0864
2020-02-26 04:00:00,4.643,6.0452147
2020-02-26 04:15:00,4.573,6.0924997
2020-02-26 04:30:00,4.573,6.1651154
2020-02-26 04:45:00,4.502,6.2136497
2020-02-26 05:00:00,4.502,6.2004
2020-02-26 05:15:00,4.502,6.319412
2020-02-26 05:30:00,4.502,6.3966646
2020-02-26 05:45:00,4.291,6.398673
2020-02-26 06:00:00,4.15,6.4767942
2020-02-26 06:15:00,4.291,6.509718
2020-02-26 06:30:00,4.15,6.5340242
2020-02-26 06:45:00,4.432,6.4068627
2020-02-26 07:00:00,4.573,6.4625053
2020-02-26 07:15:00,4.713,6.504037
2020-02-26 07:30:00,4.643,6.543628
2020-02-26 07:45:00,4.643,6.5690565
2020-02-26 08:00:00,4.713,6.4971075
2020-02-26 08:15:00,4.924,6.6087375
2020-02-26 08:30:00,5.206,6.8013635
2020-02-26 08:45:00,5.487,6.8151627
2020-02-26 09:00:00,5.346,6.9275393
2020-02-26 09:15:00,5.206,7.028279
2020-02-26 09:30:00,5.417,7.0442424
2020-02-26 09:45:00,5.979,7.1015325
2020-02-26 10:00:00,6.191,7.2573533
2020-02-26 10:15:00,6.261,7.3574657
2020-02-26 10:30:00,6.261,7.5496397
2020-02-26 10:45:00,6.331,7.6671257
2020-02-26 11:00:00,6.331,7.8848963
2020-02-26 11:15:00,6.261,8.078329
2020-02-26 11:30:00,6.331,8.287463
2020-02-26 11:45:00,6.05,8.351148
2020-02-26 12:00:00,5.979,8.384288
2020-02-26 12:15:00,5.979,8.575428
2020-02-26 12:30:00,5.909,8.760769
2020-02-26 12:45:00,6.261,8.886751
2020-02-26 13:00:00,6.753,9.057625
2020-02-26 13:15:00,6.753,9.2101145
2020-02-26 13:30:00,7.597,9.378336
2020-02-26 13:45:00,8.16,9.223501
2020-02-26 14:00:00,7.809,9.205593
2020-02-26 14:15:00,8.442,9.276993
2020-02-26 14:30:00,8.442,9.326305
2020-02-26 14:45:00,8.442,9.340998
2020-02-26 15:00:00,8.16,9.482286
2020-02-26 15:15:00,8.301,9.498703
2020-02-26 15:30:00,8.09,9.487555
2020-02-26 15:45:00,8.301,9.312099
2020-02-26 16:00:00,8.231,9.076643
2020-02-26 16:15:00,8.16,8.856754
2020-02-26 16:30:00,8.02,8.7263
2020-02-26 16:45:00,8.442,8.487121
2020-02-26 17:00:00,8.371,8.341575
2020-02-26 17:15:00,8.512,8.221068
2020-02-26 17:30:00,8.723,8.123749
2020-02-26 17:45:00,8.653,7.921251
2020-02-26 18:00:00,8.16,7.7622094
2020-02-26 18:15:00,7.879,7.6588483
2020-02-26 18:30:00,7.809,7.6390905
2020-02-26 18:45:00,7.527,7.571885
2020-02-26 19:00:00,7.316,7.548236
2020-02-26 19:15:00,7.316,7.572122
2020-02-26 19:30:00,6.613,7.58099
2020-02-26 19:45:00,6.402,7.478183
2020-02-26 20:00:00,6.402,7.444026
2020-02-26 20:15:00,6.331,7.435539
2020-02-26 20:30:00,6.12,7.5191197
2020-02-26 20:45:00,6.12,7.5038114
2020-02-26 21:00:00,6.12,7.522212
2020-02-26 21:15:00,5.979,7.5641065
2020-02-26 21:30:00,5.909,7.6627097
2020-02-26 21:45:00,6.05,7.5803437
2020-02-26 22:00:00,5.768,7.663892
2020-02-26 22:15:00,5.909,7.718046
2020-02-26 22:30:00,5.839,7.7730184
2020-02-26 22:45:00,6.05,7.74179
2020-02-26 23:00:00,5.839,7.643647
2020-02-26 23:15:00,5.839,7.651139
2020-02-26 23:30:00,5.909,7.6186094
2020-02-26 23:45:00,5.839,7.5938687
2020-02-27 00:00:00,5.698,7.663535
2020-02-27 00:15:00,5.346,7.6775103
2020-02-27 00:30:00,5.346,5.839775
2020-02-27 00:45:00,4.995,6.481928
2020-02-27 01:00:00,5.417,5.910683
2020-02-27 01:15:00,5.839,4.715344
2020-02-27 01:30:00,5.557,4.711154
2020-02-27 01:45:00,5.839,4.6069326
2020-02-27 02:00:00,5.768,4.5636015
2020-02-27 02:15:00,5.698,4.527091
2020-02-27 02:30:00,5.487,4.6299605
2020-02-27 02:45:00,5.206,4.5698338
2020-02-27 03:00:00,5.346,4.5717983
2020-02-27 03:15:00,5.346,4.680553
2020-02-27 03:30:00,5.206,4.704988
2020-02-27 03:45:00,5.135,4.744641
2020-02-27 04:00:00,5.628,4.8510475
2020-02-27 04:15:00,5.557,4.913766
2020-02-27 04:30:00,5.346,5.02188
2020-02-27 04:45:00,4.995,5.002852
2020-02-27 05:00:00,4.995,5.0428624
2020-02-27 05:15:00,5.206,5.1326103
2020-02-27 05:30:00,5.276,5.270869
2020-02-27 05:45:00,5.346,5.303253
2020-02-27 06:00:00,5.206,5.4091253
2020-02-27 06:15:00,5.065,5.465351
2020-02-27 06:30:00,5.206,5.5970945
2020-02-27 06:45:00,5.206,5.574458
2020-02-27 07:00:00,5.135,5.624317
2020-02-27 07:15:00,5.065,5.7425246
2020-02-27 07:30:00,4.995,5.767055
2020-02-27 07:45:00,5.487,5.872381
2020-02-27 08:00:00,5.557,6.009962
2020-02-27 08:15:00,5.417,6.240214
2020-02-27 08:30:00,5.206,6.4835467
2020-02-27 08:45:00,5.065,6.489624
2020-02-27 09:00:00,5.135,6.5500197
2020-02-27 09:15:00,4.995,6.5903273
2020-02-27 09:30:00,4.995,6.7051535
2020-02-27 09:45:00,5.135,6.7782717
2020-02-27 10:00:00,5.346,6.854937
2020-02-27 10:15:00,5.417,7.0524783
2020-02-27 10:30:00,5.557,7.2514567
2020-02-27 10:45:00,5.557,7.344372
2020-02-27 11:00:00,5.346,7.395417
2020-02-27 11:15:00,5.698,7.539961
2020-02-27 11:30:00,5.698,7.7886157
2020-02-27 11:45:00,5.768,7.90137
2020-02-27 12:00:00,6.331,8.078701
2020-02-27 12:15:00,6.472,8.21635
2020-02-27 12:30:00,6.894,8.359784
2020-02-27 12:45:00,7.105,8.406335
2020-02-27 13:00:00,7.457,8.421869
2020-02-27 13:15:00,7.527,8.341149
2020-02-27 13:30:00,7.175,8.226794
2020-02-27 13:45:00,6.964,8.016518
2020-02-27 14:00:00,7.246,8.011905
2020-02-27 14:15:00,6.964,8.022689
2020-02-27 14:30:00,6.613,8.048096
2020-02-27 14:45:00,6.964,7.8962336
2020-02-27 15:00:00,7.316,7.8191376
2020-02-27 15:15:00,7.527,7.868301
2020-02-27 15:30:00,7.597,7.880914
2020-02-27 15:45:00,7.457,7.780092
2020-02-27 16:00:00,7.668,7.6449175
2020-02-27 16:15:00,7.316,7.578211
2020-02-27 16:30:00,7.316,7.5311475
2020-02-27 16:45:00,7.246,7.4435973
2020-02-27 17:00:00,7.316,7.442517
2020-02-27 17:15:00,7.175,7.4840565
2020-02-27 17:30:00,6.261,7.5533323
2020-02-27 17:45:00,6.191,7.4747343
2020-02-27 18:00:00,5.698,7.4199467
2020-02-27 18:15:00,4.995,7.372603
2020-02-27 18:30:00,5.065,7.3639817
2020-02-27 18:45:00,5.346,7.2658076
2020-02-27 19:00:00,4.854,7.269766
2020-02-27 19:15:00,4.291,7.3399158
2020-02-27 19:30:00,4.291,7.3809986
2020-02-27 19:45:00,3.306,7.296953
2020-02-27 20:00:00,3.166,7.2658033
2020-02-27 20:15:00,2.744,7.2500906
2020-02-27 20:30:00,2.04,7.3191304
2020-02-27 20:45:00,1.899,7.274229
2020-02-27 21:00:00,1.829,7.2866116
2020-02-27 21:15:00,1.618,7.32701
2020-02-27 21:30:00,1.407,7.3816977
2020-02-27 21:45:00,1.337,7.370989
2020-02-27 22:00:00,1.477,7.3823833
2020-02-27 22:15:00,1.759,7.480117
2020-02-27 22:30:00,2.321,7.592062
2020-02-27 22:45:00,2.181,7.6016574
2020-02-27 23:00:00,2.392,7.73924
2020-02-27 23:15:00,2.673,7.786541
2020-02-27 23:30:00,2.673,7.9266996
2020-02-27 23:45:00,2.673,7.8710756
2020-02-28 00:00:00,2.392,7.907782
2020-02-28 00:15:00,3.025,7.9811687
2020-02-28 00:30:00,2.392,6.074197
2020-02-28 00:45:00,2.673,6.832731
2020-02-28 01:00:00,2.884,6.2617664
2020-02-28 01:15:00,3.377,5.059898
2020-02-28 01:30:00,3.377,5.1235547
2020-02-28 01:45:00,3.588,4.977703
2020-02-28 02:00:00,3.588,4.9424205
2020-02-28 02:15:00,3.588,4.9882455
2020-02-28 02:30:00,3.306,5.138906
2020-02-28 02:45:00,3.166,5.0923753
2020-02-28 03:00:00,3.377,5.048145
2020-02-28 03:15:00,3.447,5.0842085
2020-02-28 03:30:00,3.306,5.2010326
2020-02-28 03:45:00,2.814,5.2312417
2020-02-28 04:00:00,2.744,5.270303
2020-02-28 04:15:00,2.673,5.3258343
2020-02-28 04:30:00,2.744,5.3783026
2020-02-28 04:45:00,3.166,5.285959
2020-02-28 05:00:00,3.166,5.3508515
2020-02-28 05:15:00,2.884,5.413113
2020-02-28 05:30:00,2.744,5.48779
2020-02-28 05:45:00,2.884,5.565119
2020-02-28 06:00:00,3.095,5.6404095
2020-02-28 06:15:00,2.673,5.788319
2020-02-28 06:30:00,2.392,5.900776
2020-02-28 06:45:00,2.673,5.7946863
2020-02-28 07:00:00,3.025,5.9213877
2020-02-28 07:15:00,3.095,6.0008106
2020-02-28 07:30:00,2.603,6.153825
2020-02-28 07:45:00,2.04,6.274144
2020-02-28 08:00:00,2.11,6.302134
2020-02-28 08:15:00,1.688,6.3904815
2020-02-28 08:30:00,1.266,6.6274357
2020-02-28 08:45:00,1.477,6.8162107
2020-02-28 09:00:00,1.266,7.0872407
2020-02-28 09:15:00,1.477,7.2368298
2020-02-28 09:30:00,2.11,7.3203754
2020-02-28 09:45:00,2.462,7.243042
2020-02-28 10:00:00,2.04,7.239539
2020-02-28 10:15:00,1.688,7.381979
2020-02-28 10:30:00,1.829,7.5612154
2020-02-28 10:45:00,1.829,7.6370616
2020-02-28 11:00:00,1.97,7.7390523
2020-02-28 11:15:00,2.321,7.855375
2020-02-28 11:30:00,2.462,7.9793043
2020-02-28 11:45:00,2.603,7.990507
2020-02-28 12:00:00,2.744,7.9992123
2020-02-28 12:15:00,2.884,8.059243
2020-02-28 12:30:00,3.306,8.042101
2020-02-28 12:45:00,3.166,7.918006
2020-02-28 13:00:00,3.025,7.8786287
2020-02-28 13:15:00,3.025,7.8836646
2020-02-28 13:30:00,3.166,7.9492354
2020-02-28 13:45:00,3.166,7.9329786
2020-02-28 14:00:00,3.025,8.031537
2020-02-28 14:15:00,3.447,8.039487
2020-02-28 14:30:00,3.306,8.121107
2020-02-28 14:45:00,3.799,8.150005
2020-02-28 15:00:00,3.869,8.231309
2020-02-28 15:15:00,3.658,8.458893
2020-02-28 15:30:00,4.15,8.590837
2020-02-28 15:45:00,4.221,8.558433
2020-02-28 16:00:00,4.502,8.516121
2020-02-28 16:15:00,4.854,8.48811
2020-02-28 16:30:00,4.924,8.498559
2020-02-28 16:45:00,4.995,8.388699
2020-02-28 17:00:00,5.206,8.345666
2020-02-28 17:15:00,5.346,8.364947
2020-02-28 17:30:00,5.346,8.394569
2020-02-28 17:45:00,5.909,8.335511
2020-02-28 18:00:00,5.839,8.314927
2020-02-28 18:15:00,5.768,8.294786
2020-02-28 18:30:00,5.557,8.315988
2020-02-28 18:45:00,5.909,8.256444
2020-02-28 19:00:00,5.768,8.246879
2020-02-28 19:15:00,5.487,8.2799015
2020-02-28 19:30:00,5.628,8.280809
2020-02-28 19:45:00,5.487,8.220963
2020-02-28 20:00:00,5.276,8.226595
2020-02-28 20:15:00,5.135,8.236617
2020-02-28 20:30:00,5.206,8.32112
2020-02-28 20:45:00,5.206,8.26186
2020-02-28 21:00:00,4.995,8.235118
2020-02-28 21:15:00,5.206,8.210809
2020-02-28 21:30:00,5.276,8.209593
2020-02-28 21:45:00,5.417,8.083545
2020-02-28 22:00:00,5.698,7.9645147
2020-02-28 22:15:00,5.698,7.9628363
2020-02-28 22:30:00,6.05,8.017387
2020-02-28 22:45:00,6.12,8.019317
2020-02-28 23:00:00,5.979,8.108187
2020-02-28 23:15:00,5.909,8.113984
2020-02-28 23:30:00,6.12,8.159268
2020-02-28 23:45:00,6.05,8.057576
2020-03-01 00:00:00,5.487,8.0910845
2020-03-01 00:15:00,5.557,8.1801605
2020-03-01 00:30:00,5.346,7.2449803
2020-03-01 00:45:00,5.487,8.791575
2020-03-01 01:00:00,5.346,9.008968
2020-03-01 01:15:00,5.909,8.562126
2020-03-01 01:30:00,5.909,8.622104
2020-03-01 01:45:00,5.698,8.592271
2020-03-01 02:00:00,5.628,8.668216
2020-03-01 02:15:00,5.628,8.769565
2020-03-01 02:30:00,5.909,8.896587
2020-03-01 02:45:00,6.12,8.947109
2020-03-01 03:00:00,5.768,8.937476
2020-03-01 03:15:00,5.628,8.991587
2020-03-01 03:30:00,5.417,9.06543
2020-03-01 03:45:00,5.206,9.046562
2020-03-01 04:00:00,4.924,9.151904
2020-03-01 04:15:00,5.417,9.195339
2020-03-01 04:30:00,5.768,9.2727995
2020-03-01 04:45:00,5.979,9.202335
2020-03-01 05:00:00,5.698,9.240478
2020-03-01 05:15:00,5.557,9.397841
2020-03-01 05:30:00,5.206,9.500115
2020-03-01 05:45:00,5.698,9.52965
2020-03-01 06:00:00,5.839,9.576807
2020-03-01 06:15:00,5.698,9.533385
2020-03-01 06:30:00,5.417,9.595041
2020-03-01 06:45:00,4.502,9.607406
2020-03-01 07:00:00,4.15,9.563649
2020-03-01 07:15:00,4.573,9.624943
2020-03-01 07:30:00,4.713,9.767608
2020-03-01 07:45:00,4.502,9.699816
2020-03-01 08:00:00,4.362,9.859798
2020-03-01 08:15:00,4.432,10.077816
2020-03-01 08:30:00,4.221,10.188208
2020-03-01 08:45:00,5.065,10.251619
2020-03-01 09:00:00,4.573,10.314705
2020-03-01 09:15:00,4.643,10.461842
2020-03-01 09:30:00,4.573,10.6652975
2020-03-01 09:45:00,4.573,10.786739
2020-03-01 10:00:00,4.432,10.879173
2020-03-01 10:15:00,4.291,10.947617
2020-03-01 10:30:00,4.502,11.109116
2020-03-01 10:45:00,4.573,11.155082
2020-03-01 11:00:00,4.573,11.296331
2020-03-01 11:15:00,4.784,11.447903
2020-03-01 11:30:00,4.502,11.576744
2020-03-01 11:45:00,4.502,11.655154
2020-03-01 12:00:00,4.221,11.843624
2020-03-01 12:15:00,4.221,12.001191
2020-03-01 12:30:00,4.01,12.157802
2020-03-01 12:45:00,3.939,12.190899
2020-03-01 13:00:00,3.517,12.175722
2020-03-01 13:15:00,3.799,12.19009
2020-03-01 13:30:00,3.588,12.253884
2020-03-01 13:45:00,3.306,12.193907
2020-03-01 14:00:00,3.236,12.26077
2020-03-01 14:15:00,3.236,12.2975025
2020-03-01 14:30:00,3.447,12.369074
2020-03-01 14:45:00,3.236,12.230995
2020-03-01 15:00:00,3.095,12.145536
2020-03-01 15:15:00,3.095,12.198709
2020-03-01 15:30:00,3.095,12.249369
2020-03-01 15:45:00,3.025,12.318762
2020-03-01 16:00:00,2.884,12.257434
2020-03-01 16:15:00,2.955,12.292818
2020-03-01 16:30:00,2.814,12.395341
2020-03-01 16:45:00,2.673,12.298761
2020-03-01 17:00:00,2.603,12.337593
2020-03-01 17:15:00,2.532,12.451145
2020-03-01 17:30:00,2.744,12.506396
2020-03-01 17:45:00,2.603,12.48973
2020-03-01 18:00:00,2.955,12.51366
2020-03-01 18:15:00,2.884,12.529555
2020-03-01 18:30:00,2.884,12.496975
2020-03-01 18:45:00,2.603,12.310875
2020-03-01 19:00:00,2.462,12.156378
2020-03-01 19:15:00,2.462,12.04001
2020-03-01 19:30:00,2.532,12.042258
2020-03-01 19:45:00,2.603,11.957556
2020-03-01 20:00:00,2.744,11.924401
2020-03-01 20:15:00,2.673,11.890484
2020-03-01 20:30:00,1.829,11.871229
2020-03-01 20:45:00,1.829,11.74622
2020-03-01 21:00:00,2.11,11.659725
2020-03-01 21:15:00,2.673,11.625467
2020-03-01 21:30:00,2.532,11.654036
2020-03-01 21:45:00,2.392,11.64122
2020-03-01 22:00:00,2.321,11.667391
2020-03-01 22:15:00,2.673,11.77053
2020-03-01 22:30:00,2.673,11.953202
2020-03-01 22:45:00,2.673,11.944859
2020-03-01 23:00:00,2.673,12.027471
2020-03-01 23:15:00,2.321,12.027197
2020-03-01 23:30:00,2.321,12.042862
2020-03-01 23:45:00,2.251,11.98537
2020-03-02 00:00:00,2.181,12.104746
2020-03-02 00:15:00,2.11,12.285023
2020-03-02 00:30:00,2.251,10.544803
2020-03-02 00:45:00,1.829,11.327556
2020-03-02 01:00:00,0.0,10.740735
2020-03-02 01:15:00,1.055,9.613025
2020-03-02 01:30:00,1.266,9.736895
2020-03-02 01:45:00,1.477,9.728949
2020-03-02 02:00:00,0.844,9.805765
2020-03-02 02:15:00,-0.633,9.852903
2020-03-02 02:30:00,-0.563,9.88528
2020-03-02 02:45:00,0.0,9.779954
2020-03-02 03:00:00,-0.492,9.816214
2020-03-02 03:15:00,0.0,9.921313
2020-03-02 03:30:00,0.0,10.061833
2020-03-02 03:45:00,0.0,10.053551
2020-03-02 04:00:00,0.985,10.11923
2020-03-02 04:15:00,1.477,10.206589
2020-03-02 04:30:00,1.407,10.195637
2020-03-02 04:45:00,1.829,10.202233
2020-03-02 05:00:00,2.04,10.179113
2020-03-02 05:15:00,2.04,10.151731
2020-03-02 05:30:00,2.04,10.290779
2020-03-02 05:45:00,2.04,10.207763
2020-03-02 06:00:00,2.04,10.25617
2020-03-02 06:15:00,1.97,10.320548
2020-03-02 06:30:00,2.04,10.422106
2020-03-02 06:45:00,1.899,10.474481
2020-03-02 07:00:00,1.688,10.471626
2020-03-02 07:15:00,1.829,10.581992
2020-03-02 07:30:00,1.759,10.690868
2020-03-02 07:45:00,1.899,10.689819
2020-03-02 08:00:00,1.759,10.847525
2020-03-02 08:15:00,1.829,10.9594345
2020-03-02 08:30:00,1.899,11.211185
2020-03-02 08:45:00,1.899,11.389994
2020-03-02 09:00:00,1.899,11.558796
2020-03-02 09:15:00,2.181,11.753307
2020-03-02 09:30:00,2.11,11.847953
2020-03-02 09:45:00,2.462,11.760782
2020-03-02 10:00:00,2.321,11.678095
2020-03-02 10:15:00,2.321,11.570068
2020-03-02 10:30:00,2.532,11.634754
2020-03-02 10:45:00,2.321,11.659402
2020-03-02 11:00:00,2.321,11.746639
2020-03-02 11:15:00,2.532,11.759682
2020-03-02 11:30:00,2.673,11.7325325
2020-03-02 11:45:00,2.603,11.593901
2020-03-02 12:00:00,2.884,11.564386
2020-03-02 12:15:00,2.955,11.644521
2020-03-02 12:30:00,3.166,11.711208
2020-03-02 12:45:00,2.955,11.682841
2020-03-02 13:00:00,3.166,11.672007
2020-03-02 13:15:00,2.814,11.69091
2020-03-02 13:30:00,3.095,11.809368
2020-03-02 13:45:00,3.095,11.711958
2020-03-02 14:00:00,3.166,11.800564
2020-03-02 14:15:00,3.236,11.902601
2020-03-02 14:30:00,3.236,11.996638
2020-03-02 14:45:00,3.377,12.076851
2020-03-02 15:00:00,3.236,12.145372
2020-03-02 15:15:00,3.447,12.198935
2020-03-02 15:30:00,3.588,12.319257
2020-03-02 15:45:00,3.728,12.252502
2020-03-02 16:00:00,3.728,12.198528
2020-03-02 16:15:00,3.517,12.208607
2020-03-02 16:30:00,3.728,12.229
2020-03-02 16:45:00,3.869,12.172054
2020-03-02 17:00:00,3.658,12.144302
2020-03-02 17:15:00,3.658,12.1234045
2020-03-02 17:30:00,3.728,12.121618
2020-03-02 17:45:00,3.939,12.031229
2020-03-02 18:00:00,4.15,12.018624
2020-03-02 18:15:00,4.15,12.034872
2020-03-02 18:30:00,4.221,12.074087
2020-03-02 18:45:00,4.362,11.963896
2020-03-02 19:00:00,4.362,11.922638
2020-03-02 19:15:00,4.15,11.914442
2020-03-02 19:30:00,4.08,11.859549
2020-03-02 19:45:00,4.01,11.734377
2020-03-02 20:00:00,4.15,11.676801
2020-03-02 20:15:00,4.15,11.655804
2020-03-02 20:30:00,4.221,11.732797
2020-03-02 20:45:00,3.939,11.687845
2020-03-02 21:00:00,4.15,11.670273
2020-03-02 21:15:00,4.221,11.68599
2020-03-02 21:30:00,4.432,11.662549
2020-03-02 21:45:00,4.291,11.563936
2020-03-02 22:00:00,4.502,11.572719
2020-03-02 22:15:00,4.573,11.691289
2020-03-02 22:30:00,4.573,12.003133
2020-03-02 22:45:00,4.713,12.021882
2020-03-02 23:00:00,4.08,12.060817
2020-03-02 23:15:00,4.15,12.177491
2020-03-02 23:30:00,3.447,12.235001
2020-03-02 23:45:00,1.477,12.289839
2020-03-03 00:00:00,1.196,12.328822
2020-03-03 00:15:00,1.337,12.451706
2020-03-03 00:30:00,1.618,10.707869
2020-03-03 00:45:00,1.337,11.444025
2020-03-03 01:00:00,1.477,10.957724
2020-03-03 01:15:00,1.618,9.689317
2020-03-03 01:30:00,3.095,9.732995
2020-03-03 01:45:00,3.306,9.722146
2020-03-03 02:00:00,3.517,9.756468
2020-03-03 02:15:00,4.01,9.844843
2020-03-03 02:30:00,4.502,9.944142
2020-03-03 02:45:00,4.995,9.843277
2020-03-03 03:00:00,4.924,9.824957
2020-03-03 03:15:00,5.206,9.882078
2020-03-03 03:30:00,5.065,9.965569
2020-03-03 03:45:00,5.276,9.956815
2020-03-03 04:00:00,5.065,10.062568
2020-03-03 04:15:00,4.995,10.148987
2020-03-03 04:30:00,4.784,10.282436
2020-03-03 04:45:00,5.346,10.298627
2020-03-03 05:00:00,4.995,10.249104
2020-03-03 05:15:00,4.502,10.335802
2020-03-03 05:30:00,4.643,10.3403635
2020-03-03 05:45:00,4.502,10.332878
2020-03-03 06:00:00,4.221,10.422945
2020-03-03 06:15:00,4.291,10.527249
2020-03-03 06:30:00,4.221,10.55253
2020-03-03 06:45:00,4.291,10.522484
2020-03-03 07:00:00,4.432,10.614003
2020-03-03 07:15:00,4.221,10.663895
2020-03-03 07:30:00,4.502,10.8368
2020-03-03 07:45:00,4.502,10.956528
2020-03-03 08:00:00,4.643,11.089516
2020-03-03 08:15:00,4.432,11.221315
2020-03-03 08:30:00,4.995,11.454069
2020-03-03 08:45:00,5.135,11.507153
2020-03-03 09:00:00,5.206,11.551685
2020-03-03 09:15:00,5.839,11.720383
2020-03-03 09:30:00,5.698,11.836356
2020-03-03 09:45:00,5.839,11.810938
2020-03-03 10:00:00,5.698,11.93689
2020-03-03 10:15:00,5.909,11.967371
2020-03-03 10:30:00,6.331,12.046324
2020-03-03 10:45:00,6.542,11.980152
2020-03-03 11:00:00,6.824,11.961239
2020-03-03 11:15:00,7.316,12.063336
2020-03-03 11:30:00,7.457,12.206913
2020-03-03 11:45:00,7.316,12.289582
2020-03-03 12:00:00,6.964,12.387255
2020-03-03 12:15:00,7.175,12.520885
2020-03-03 12:30:00,7.175,12.534939
2020-03-03 12:45:00,7.668,12.445262
2020-03-03 13:00:00,7.597,12.411242
2020-03-03 13:15:00,7.668,12.432404
2020-03-03 13:30:00,7.527,12.650301
2020-03-03 13:45:00,7.316,12.738683
2020-03-03 14:00:00,8.02,12.9025
2020-03-03 14:15:00,8.371,12.899364
2020-03-03 14:30:00,7.809,12.965077
2020-03-03 14:45:00,7.738,12.968088
2020-03-03 15:00:00,7.668,12.936165
2020-03-03 15:15:00,7.316,13.018736
2020-03-03 15:30:00,7.386,12.963885
2020-03-03 15:45:00,7.738,12.870675
2020-03-03 16:00:00,7.527,12.853077
2020-03-03 16:15:00,7.457,12.704365
2020-03-03 16:30:00,7.597,12.553482
2020-03-03 16:45:00,7.457,12.238842
2020-03-03 17:00:00,7.457,12.112018
2020-03-03 17:15:00,6.964,12.038933
2020-03-03 17:30:00,6.964,12.017733
2020-03-03 17:45:00,6.824,11.922413
2020-03-03 18:00:00,6.964,11.914719
2020-03-03 18:15:00,6.613,11.858033
2020-03-03 18:30:00,6.542,11.897942
2020-03-03 18:45:00,6.472,11.775082
2020-03-03 19:00:00,6.331,11.682017
2020-03-03 19:15:00,6.261,11.729523
2020-03-03 19:30:00,6.402,11.717233
2020-03-03 19:45:00,6.542,11.629486
2020-03-03 20:00:00,6.331,11.578741
2020-03-03 20:15:00,6.402,11.554473
2020-03-03 20:30:00,6.331,11.585805
2020-03-03 20:45:00,6.613,11.461406
2020-03-03 21:00:00,6.191,11.399696
2020-03-03 21:15:00,6.402,11.43453
2020-03-03 21:30:00,6.05,11.4606495
2020-03-03 21:45:00,5.909,11.374069
2020-03-03 22:00:00,5.768,11.332991
2020-03-03 22:15:00,5.979,11.223455
2020-03-03 22:30:00,5.768,11.265549
2020-03-03 22:45:00,5.628,11.112349
2020-03-03 23:00:00,5.487,11.051083
2020-03-03 23:15:00,5.417,11.084461
2020-03-03 23:30:00,5.557,11.081411
2020-03-03 23:45:00,5.839,11.095854
2020-03-04 00:00:00,5.909,11.227275
2020-03-04 00:15:00,5.909,11.42775
2020-03-04 00:30:00,5.839,9.538491
2020-03-04 00:45:00,5.628,10.246149
2020-03-04 01:00:00,5.768,9.64735
2020-03-04 01:15:00,5.417,8.43775
2020-03-04 01:30:00,5.346,8.626835
2020-03-04 01:45:00,5.206,8.584543
2020-03-04 02:00:00,5.065,8.644917
2020-03-04 02:15:00,5.135,8.68495
2020-03-04 02:30:00,5.206,8.784566
2020-03-04 02:45:00,5.135,8.798505
2020-03-04 03:00:00,5.135,8.811554
2020-03-04 03:15:00,4.924,8.857672
2020-03-04 03:30:00,4.995,8.934351
2020-03-04 03:45:00,4.854,8.89896
2020-03-04 04:00:00,5.135,8.966461
2020-03-04 04:15:00,4.995,9.039601
2020-03-04 04:30:00,4.995,9.137636
2020-03-04 04:45:00,5.135,9.12817
2020-03-04 05:00:00,5.065,9.084408
2020-03-04 05:15:00,4.784,9.095413
2020-03-04 05:30:00,4.854,9.160858
2020-03-04 05:45:00,4.854,9.200916
2020-03-04 06:00:00,4.784,9.287102
2020-03-04 06:15:00,4.713,9.402072
2020-03-04 06:30:00,4.643,9.573314
2020-03-04 06:45:00,4.784,9.555288
2020-03-04 07:00:00,5.065,9.617644
2020-03-04 07:15:00,5.065,9.771817
2020-03-04 07:30:00,5.135,9.948509
2020-03-04 07:45:00,5.417,10.135269
2020-03-04 08:00:00,5.628,10.248203
2020-03-04 08:15:00,5.698,10.330939
2020-03-04 08:30:00,5.839,10.552083
2020-03-04 08:45:00,6.261,10.58045
2020-03-04 09:00:00,6.472,10.751808
2020-03-04 09:15:00,6.472,10.964149
2020-03-04 09:30:00,7.105,11.122387
2020-03-04 09:45:00,8.16,11.160919
2020-03-04 10:00:00,8.09,11.264787
2020-03-04 10:15:00,8.582,11.425238
2020-03-04 10:30:00,8.723,11.536364
2020-03-04 10:45:00,9.004,11.519584
2020-03-04 11:00:00,9.145,11.722853
2020-03-04 11:15:00,9.356,11.865797
2020-03-04 11:30:00,9.426,12.019051
2020-03-04 11:45:00,9.286,12.085282
2020-03-04 12:00:00,9.708,12.162157
2020-03-04 12:15:00,9.426,12.254627
2020-03-04 12:30:00,9.638,12.494235
2020-03-04 12:45:00,9.215,12.496523
2020-03-04 13:00:00,9.497,12.581841
2020-03-04 13:15:00,9.356,12.675585
2020-03-04 13:30:00,8.793,12.744591
2020-03-04 13:45:00,9.004,12.674319
2020-03-04 14:00:00,8.723,12.55385
2020-03-04 14:15:00,9.075,12.426634
2020-03-04 14:30:00,8.16,12.450645
2020-03-04 14:45:00,8.02,12.378016
2020-03-04 15:00:00,7.879,12.4155245
2020-03-04 15:15:00,7.809,12.414147
2020-03-04 15:30:00,7.809,12.430801
2020-03-04 15:45:00,7.597,12.267864
2020-03-04 16:00:00,7.457,12.128593
2020-03-04 16:15:00,7.246,12.0365715
2020-03-04 16:30:00,6.964,11.959364
2020-03-04 16:45:00,6.683,11.835247
2020-03-04 17:00:00,6.613,11.811033
2020-03-04 17:15:00,5.979,11.828742
2020-03-04 17:30:00,5.346,11.868472
2020-03-04 17:45:00,5.417,11.806248
2020-03-04 18:00:00,5.206,11.755538
2020-03-04 18:15:00,4.854,11.739115
2020-03-04 18:30:00,4.713,11.76667
2020-03-04 18:45:00,4.784,11.657724
2020-03-04 19:00:00,4.502,11.608445
2020-03-04 19:15:00,3.447,11.581659
2020-03-04 19:30:00,1.899,11.541181
2020-03-04 19:45:00,1.829,11.4303875
2020-03-04 20:00:00,1.548,11.384376
2020-03-04 20:15:00,1.337,11.32915
2020-03-04 20:30:00,0.844,11.331242
2020-03-04 20:45:00,0.492,11.207874
2020-03-04 21:00:00,0.0,11.143572
2020-03-04 21:15:00,0.703,11.143343
2020-03-04 21:30:00,1.829,11.080641
2020-03-04 21:45:00,2.884,10.952757
2020-03-04 22:00:00,3.588,10.914567
2020-03-04 22:15:00,1.618,11.018435
2020-03-04 22:30:00,1.266,11.293822
2020-03-04 22:45:00,1.055,11.317055
2020-03-04 23:00:00,1.337,11.397402
2020-03-04 23:15:00,0.915,11.443848
2020-03-04 23:30:00,1.337,11.532281
2020-03-04 23:45:00,0.703,11.558697
2020-03-05 00:00:00,0.774,11.570034
2020-03-05 00:15:00,0.985,11.800962
2020-03-05 00:30:00,0.774,10.035826
2020-03-05 00:45:00,0.492,10.785832
2020-03-05 01:00:00,0.0,10.326971
2020-03-05 01:15:00,0.422,9.082858
2020-03-05 01:30:00,2.181,9.23066
2020-03-05 01:45:00,2.955,9.305338
2020-03-05 02:00:00,1.97,9.340956
2020-03-05 02:15:00,2.251,9.453894
2020-03-05 02:30:00,2.251,9.572198
2020-03-05 02:45:00,2.321,9.555811
2020-03-05 03:00:00,2.251,9.631919
2020-03-05 03:15:00,2.04,9.614918
2020-03-05 03:30:00,2.04,9.650591
2020-03-05 03:45:00,1.688,9.728388
2020-03-05 04:00:00,1.407,9.842657
2020-03-05 04:15:00,1.829,9.970884
2020-03-05 04:30:00,1.899,10.026108
2020-03-05 04:45:00,1.688,9.955397
2020-03-05 05:00:00,1.337,9.941711
2020-03-05 05:15:00,1.829,9.960557
2020-03-05 05:30:00,1.829,10.092835
2020-03-05 05:45:00,2.11,10.059666
2020-03-05 06:00:00,2.321,10.131517
2020-03-05 06:15:00,2.532,10.208377
2020-03-05 06:30:00,2.673,10.212668
2020-03-05 06:45:00,2.673,10.113867
2020-03-05 07:00:00,2.532,10.111863
2020-03-05 07:15:00,2.392,10.166674
2020-03-05 07:30:00,2.181,10.364739
2020-03-05 07:45:00,1.829,10.451265
2020-03-05 08:00:00,1.899,10.538982
2020-03-05 08:15:00,1.337,10.72098
2020-03-05 08:30:00,1.477,11.053143
2020-03-05 08:45:00,1.759,11.26899
2020-03-05 09:00:00,1.97,11.569305
2020-03-05 09:15:00,2.392,11.960676
2020-03-05 09:30:00,2.532,12.22891
2020-03-05 09:45:00,3.025,12.323425
2020-03-05 10:00:00,2.884,12.531368
2020-03-05 10:15:00,2.744,12.593535
2020-03-05 10:30:00,2.744,12.760816
2020-03-05 10:45:00,3.166,12.714891
2020-03-05 11:00:00,3.588,12.770805
2020-03-05 11:15:00,3.588,12.767329
2020-03-05 11:30:00,3.377,12.874533
2020-03-05 11:45:00,3.517,12.815962
2020-03-05 12:00:00,3.728,12.750173
2020-03-05 12:15:00,4.432,12.754331
2020-03-05 12:30:00,4.08,12.853871
2020-03-05 12:45:00,4.15,12.914254
2020-03-05 13:00:00,3.939,12.910338
2020-03-05 13:15:00,4.502,13.077935
2020-03-05 13:30:00,5.206,13.156002
2020-03-05 13:45:00,4.854,13.396544
2020-03-05 14:00:00,5.206,13.80183
2020-03-05 14:15:00,5.135,14.00352
2020-03-05 14:30:00,4.995,14.228113
2020-03-05 14:45:00,4.924,14.295671
2020-03-05 15:00:00,4.854,14.412869
2020-03-05 15:15:00,4.502,14.40424
2020-03-05 15:30:00,4.432,14.3544855
2020-03-05 15:45:00,4.502,14.172313
2020-03-05 16:00:00,4.502,14.018132
2020-03-05 16:15:00,4.15,14.096689
2020-03-05 16:30:00,4.573,14.080175
2020-03-05 16:45:00,4.784,13.7893715
2020-03-05 17:00:00,4.291,13.564696
2020-03-05 17:15:00,4.432,13.439161
2020-03-05 17:30:00,4.784,13.34452
2020-03-05 17:45:00,5.135,13.10263
2020-03-05 18:00:00,4.924,12.915691
2020-03-05 18:15:00,5.276,12.682532
2020-03-05 18:30:00,5.065,12.595332
2020-03-05 18:45:00,4.643,12.485397
2020-03-05 19:00:00,4.713,12.428722
2020-03-05 19:15:00,4.291,12.405376
2020-03-05 19:30:00,4.01,12.310736
2020-03-05 19:45:00,3.799,12.122374
2020-03-05 20:00:00,3.588,12.013495
2020-03-05 20:15:00,3.447,11.923184
2020-03-05 20:30:00,3.236,11.943195
2020-03-05 20:45:00,3.236,11.846766
2020-03-05 21:00:00,3.377,11.813941
2020-03-05 21:15:00,3.095,11.782302
2020-03-05 21:30:00,3.025,11.768077
2020-03-05 21:45:00,3.236,11.673878
2020-03-05 22:00:00,3.306,11.650635
2020-03-05 22:15:00,3.166,11.6594
2020-03-05 22:30:00,2.814,11.747311
2020-03-05 22:45:00,3.025,11.696582
2020-03-05 23:00:00,3.025,11.748027
2020-03-05 23:15:00,3.025,11.840856
2020-03-05 23:30:00,2.955,11.964947
2020-03-05 23:45:00,3.025,11.90727
2020-03-06 00:00:00,3.025,12.026509
2020-03-06 00:15:00,3.025,12.215655
2020-03-06 00:30:00,2.744,10.484365
2020-03-06 00:45:00,2.814,11.302885
2020-03-06 01:00:00,2.673,10.86566
2020-03-06 01:15:00,2.603,9.732887
2020-03-06 01:30:00,2.673,9.860218
2020-03-06 01:45:00,2.603,9.863252
2020-03-06 02:00:00,2.392,10.013069
2020-03-06 02:15:00,2.251,10.224184
2020-03-06 02:30:00,2.11,10.439037
2020-03-06 02:45:00,2.04,10.468364
2020-03-06 03:00:00,1.899,10.524547
2020-03-06 03:15:00,2.04,10.569676
2020-03-06 03:30:00,1.97,10.658979
2020-03-06 03:45:00,1.899,10.634037
2020-03-06 04:00:00,2.11,10.685096
2020-03-06 04:15:00,2.11,10.6947
2020-03-06 04:30:00,1.759,10.783833
2020-03-06 04:45:00,1.829,10.758018
2020-03-06 05:00:00,1.97,10.74412
2020-03-06 05:15:00,1.899,10.797754
2020-03-06 05:30:00,2.181,10.836557
2020-03-06 05:45:00,2.321,10.768856
2020-03-06 06:00:00,2.462,10.714709
2020-03-06 06:15:00,2.532,10.733171
2020-03-06 06:30:00,2.251,10.745683
2020-03-06 06:45:00,2.181,10.752186
2020-03-06 07:00:00,1.97,10.835313
2020-03-06 07:15:00,1.899,10.840524
2020-03-06 07:30:00,1.618,10.992006
2020-03-06 07:45:00,1.618,11.070263
2020-03-06 08:00:00,1.407,11.134714
2020-03-06 08:15:00,1.337,11.2746935
2020-03-06 08:30:00,1.407,11.469336
2020-03-06 08:45:00,1.266,11.462914
2020-03-06 09:00:00,1.407,11.511512
2020-03-06 09:15:00,1.688,11.6532345
2020-03-06 09:30:00,1.829,11.856894
2020-03-06 09:45:00,2.04,11.805222
2020-03-06 10:00:00,2.181,11.870344
2020-03-06 10:15:00,2.04,11.99432
2020-03-06 10:30:00,1.829,12.089355
2020-03-06 10:45:00,1.618,12.191179
2020-03-06 11:00:00,1.829,12.327036
2020-03-06 11:15:00,2.181,12.441486
2020-03-06 11:30:00,2.532,12.570641
2020-03-06 11:45:00,2.392,12.374825
2020-03-06 12:00:00,2.251,12.353641
2020-03-06 12:15:00,2.251,12.24943
2020-03-06 12:30:00,2.673,12.187286
2020-03-06 12:45:00,2.181,12.08815
2020-03-06 13:00:00,2.321,12.016342
2020-03-06 13:15:00,2.321,12.043318
2020-03-06 13:30:00,2.181,12.143995
2020-03-06 13:45:00,2.603,12.123143
2020-03-06 14:00:00,2.532,12.104626
2020-03-06 14:15:00,2.884,12.218575
2020-03-06 14:30:00,2.884,12.267002
2020-03-06 14:45:00,3.095,12.292259
2020-03-06 15:00:00,3.025,12.426386
2020-03-06 15:15:00,2.814,12.527211
2020-03-06 15:30:00,2.744,12.691775
2020-03-06 15:45:00,2.744,12.726271
2020-03-06 16:00:00,2.955,12.777377
2020-03-06 16:15:00,2.814,12.827346
2020-03-06 16:30:00,2.884,12.79723
2020-03-06 16:45:00,2.603,12.669579
2020-03-06 17:00:00,2.884,12.539546
2020-03-06 17:15:00,3.095,12.375674
2020-03-06 17:30:00,2.955,12.271497
2020-03-06 17:45:00,3.095,12.094965
2020-03-06 18:00:00,2.814,11.998208
2020-03-06 18:15:00,2.673,11.910738
2020-03-06 18:30:00,2.603,11.881248
2020-03-06 18:45:00,2.181,11.728289
2020-03-06 19:00:00,2.11,11.608812
2020-03-06 19:15:00,1.548,11.542227
2020-03-06 19:30:00,1.407,11.487075
2020-03-06 19:45:00,1.829,11.326355
2020-03-06 20:00:00,1.829,11.23999
2020-03-06 20:15:00,2.744,11.209551
2020-03-06 20:30:00,3.166,11.247979
2020-03-06 20:45:00,3.095,11.173884
2020-03-06 21:00:00,1.477,11.152346
2020-03-06 21:15:00,1.337,11.16903
2020-03-06 21:30:00,0.703,11.231196
2020-03-06 21:45:00,1.126,11.226947
2020-03-06 22:00:00,1.759,11.325551
2020-03-06 22:15:00,1.829,11.435358
2020-03-06 22:30:00,1.899,11.640493
2020-03-06 22:45:00,1.899,11.524193
2020-03-06 23:00:00,1.829,11.484449
2020-03-06 23:15:00,2.04,11.578157
2020-03-06 23:30:00,1.829,11.673338
2020-03-06 23:45:00,2.181,11.790724
2020-03-07 00:00:00,1.97,12.0608635
2020-03-07 00:15:00,1.829,12.393876
2020-03-07 00:30:00,1.97,10.889733
2020-03-07 00:45:00,1.899,11.755327
2020-03-07 01:00:00,1.899,11.398151
2020-03-07 01:15:00,1.548,10.420462
2020-03-07 01:30:00,1.759,10.561098
2020-03-07 01:45:00,1.618,10.690892
2020-03-07 02:00:00,0.774,10.86343
2020-03-07 02:15:00,-0.703,11.080275
2020-03-07 02:30:00,-0.633,11.293373
2020-03-07 02:45:00,-0.774,11.227461
2020-03-07 03:00:00,-0.844,11.222994
2020-03-07 03:15:00,-0.633,11.25068
2020-03-07 03:30:00,-0.492,11.205044
2020-03-07 03:45:00,-0.703,11.073161
2020-03-07 04:00:00,-0.633,10.966898
2020-03-07 04:15:00,-0.844,10.947669
2020-03-07 04:30:00,-0.915,11.036421
2020-03-07 04:45:00,-0.985,11.055318
2020-03-07 05:00:00,-0.915,11.170029
2020-03-07 05:15:00,-0.844,11.154058
2020-03-07 05:30:00,-0.844,11.138653
2020-03-07 05:45:00,0.0,11.032956
2020-03-07 06:00:00,0.0,11.051562
2020-03-07 06:15:00,0.0,11.08054
2020-03-07 06:30:00,0.0,11.120575
2020-03-07 06:45:00,0.0,11.089374
2020-03-07 07:00:00,-0.492,11.073453
2020-03-07 07:15:00,-0.563,11.150017
2020-03-07 07:30:00,-0.844,11.173622
2020-03-07 07:45:00,-0.915,11.225018
2020-03-07 08:00:00,-0.774,11.334487
2020-03-07 08:15:00,0.0,11.509776
2020-03-07 08:30:00,-0.563,11.829038
2020-03-07 08:45:00,0.0,11.829784
2020-03-07 09:00:00,-0.563,11.9065
2020-03-07 09:15:00,0.0,11.893855
2020-03-07 09:30:00,0.0,11.952562
2020-03-07 09:45:00,0.0,12.131629
2020-03-07 10:00:00,0.0,12.310396
2020-03-07 10:15:00,-0.633,12.51149
2020-03-07 10:30:00,0.0,12.736184
2020-03-07 10:45:00,0.844,12.755129
2020-03-07 11:00:00,1.196,12.848319
2020-03-07 11:15:00,1.196,12.94142
2020-03-07 11:30:00,1.407,13.06632
2020-03-07 11:45:00,0.0,13.019537
2020-03-07 12:00:00,0.0,13.109677
2020-03-07 12:15:00,0.0,13.226963
2020-03-07 12:30:00,0.492,13.450787
2020-03-07 12:45:00,0.844,13.537621
2020-03-07 13:00:00,0.633,13.597376
2020-03-07 13:15:00,0.985,13.6756
2020-03-07 13:30:00,1.266,13.398343
2020-03-07 13:45:00,1.618,13.247625
2020-03-07 14:00:00,1.829,13.265722
2020-03-07 14:15:00,1.196,13.349169
2020-03-07 14:30:00,0.985,13.563232
2020-03-07 14:45:00,1.266,13.588196
2020-03-07 15:00:00,1.548,13.640611
2020-03-07 15:15:00,1.829,13.706888
2020-03-07 15:30:00,2.181,13.721546
2020-03-07 15:45:00,1.97,13.5748415
2020-03-07 16:00:00,1.829,13.468774
2020-03-07 16:15:00,1.688,13.446378
2020-03-07 16:30:00,1.618,13.475422
2020-03-07 16:45:00,1.688,13.468641
2020-03-07 17:00:00,1.688,13.481531
2020-03-07 17:15:00,1.97,13.502635
2020-03-07 17:30:00,2.04,13.508689
2020-03-07 17:45:00,1.899,13.410358
2020-03-07 18:00:00,2.11,13.484312
2020-03-07 18:15:00,2.392,13.569588
2020-03-07 18:30:00,2.321,13.704378
2020-03-07 18:45:00,2.11,13.698181
2020-03-07 19:00:00,1.829,13.682205
2020-03-07 19:15:00,1.97,13.69553
2020-03-07 19:30:00,2.462,13.710841
2020-03-07 19:45:00,1.829,13.609932
2020-03-07 20:00:00,2.181,13.661639
2020-03-07 20:15:00,2.181,13.675416
2020-03-07 20:30:00,2.181,13.651331
2020-03-07 20:45:00,2.251,13.575737
2020-03-07 21:00:00,2.181,13.469991
2020-03-07 21:15:00,1.97,13.430797
2020-03-07 21:30:00,2.392,13.422068
2020-03-07 21:45:00,2.462,13.341983
2020-03-07 22:00:00,2.04,13.302946
2020-03-07 22:15:00,2.04,13.303027
2020-03-07 22:30:00,2.955,13.407213
2020-03-07 22:45:00,3.236,13.286917
2020-03-07 23:00:00,2.744,13.195147
2020-03-07 23:15:00,2.462,13.178001
2020-03-07 23:30:00,2.955,13.168636
2020-03-07 23:45:00,3.025,13.104599
2020-03-08 00:00:00,2.673,13.1227665
2020-03-08 00:15:00,2.884,13.1941595
2020-03-08 00:30:00,2.744,11.462417
2020-03-08 00:45:00,2.744,12.347584
2020-03-08 01:00:00,2.532,12.013745
2020-03-08 01:15:00,2.955,11.050549
2020-03-08 01:30:00,3.166,11.270168
2020-03-08 01:45:00,2.603,11.351921
2020-03-08 02:00:00,2.744,11.489712
2020-03-08 02:15:00,2.814,11.58626
2020-03-08 02:30:00,3.095,11.816292
2020-03-08 02:45:00,3.728,11.905794
2020-03-08 03:00:00,4.221,11.990497
2020-03-08 03:15:00,3.377,12.02709
2020-03-08 03:30:00,3.447,12.084203
2020-03-08 03:45:00,3.728,12.025148
2020-03-08 04:00:00,3.799,12.051704
2020-03-08 04:15:00,4.01,12.119553
2020-03-08 04:30:00,3.939,12.288356
2020-03-08 04:45:00,4.15,12.345404
2020-03-08 05:00:00,4.15,12.362298
2020-03-08 05:15:00,4.08,12.391537
2020-03-08 05:30:00,4.08,12.346573
2020-03-08 05:45:00,3.095,12.303599
2020-03-08 06:00:00,2.884,12.267044
2020-03-08 06:15:00,2.884,12.362507
2020-03-08 06:30:00,3.728,12.585803
2020-03-08 06:45:00,3.728,12.667921
2020-03-08 07:00:00,4.01,12.800804
2020-03-08 07:15:00,3.447,12.913101
2020-03-08 07:30:00,3.728,13.110153
2020-03-08 07:45:00,3.658,13.176604
2020-03-08 08:00:00,3.377,13.161312
2020-03-08 08:15:00,3.095,13.266925
2020-03-08 08:30:00,3.166,13.429914
2020-03-08 08:45:00,3.236,13.43366
2020-03-08 09:00:00,3.377,13.602505
2020-03-08 09:15:00,3.306,13.714569
2020-03-08 09:30:00,4.01,13.763637
2020-03-08 09:45:00,3.095,13.748519
2020-03-08 10:00:00,3.658,13.787584
2020-03-08 10:15:00,3.658,13.963313
2020-03-08 10:30:00,3.728,14.133318
2020-03-08 10:45:00,4.15,14.110441
2020-03-08 11:00:00,4.15,14.152191
2020-03-08 11:15:00,4.15,14.207907
2020-03-08 11:30:00,4.573,14.445287
2020-03-08 11:45:00,3.939,14.5235195
2020-03-08 12:00:00,4.502,14.662722
2020-03-08 12:15:00,4.362,14.708677
2020-03-08 12:30:00,4.502,14.682117
2020-03-08 12:45:00,4.713,14.62711
2020-03-08 13:00:00,4.854,14.689391
2020-03-08 13:15:00,4.924,14.849559
2020-03-08 13:30:00,4.502,14.894839
2020-03-08 13:45:00,5.135,14.696457
2020-03-08 14:00:00,5.417,14.407478
2020-03-08 14:15:00,5.065,14.404919
2020-03-08 14:30:00,4.854,14.486939
2020-03-08 14:45:00,4.502,14.412254
2020-03-08 15:00:00,4.573,14.31028
2020-03-08 15:15:00,4.291,14.13756
2020-03-08 15:30:00,4.291,14.119537
2020-03-08 15:45:00,4.291,13.92278
2020-03-08 16:00:00,4.573,13.874398
2020-03-08 16:15:00,4.643,13.771975
2020-03-08 16:30:00,4.362,13.624486
2020-03-08 16:45:00,4.854,13.4698925
2020-03-08 17:00:00,4.502,13.382192
2020-03-08 17:15:00,4.432,13.319155
2020-03-08 17:30:00,4.502,13.265833
2020-03-08 17:45:00,4.713,13.17619
2020-03-08 18:00:00,4.713,13.178448
2020-03-08 18:15:00,4.995,13.221561
2020-03-08 18:30:00,5.206,13.212908
2020-03-08 18:45:00,4.713,13.086551
2020-03-08 19:00:00,4.713,13.031641
2020-03-08 19:15:00,4.573,13.012704
2020-03-08 19:30:00,4.502,13.054248
2020-03-08 19:45:00,4.784,12.969323
2020-03-08 20:00:00,4.713,12.975884
2020-03-08 20:15:00,4.784,13.042233
2020-03-08 20:30:00,4.784,13.145713
2020-03-08 20:45:00,4.854,13.113326
2020-03-08 21:00:00,5.065,13.123235
2020-03-08 21:15:00,4.995,13.188779
2020-03-08 21:30:00,4.854,13.29196
2020-03-08 21:45:00,4.713,13.39311
2020-03-08 22:00:00,4.713,13.490405
2020-03-08 22:15:00,4.643,13.624238
2020-03-08 22:30:00,3.939,13.768955
2020-03-08 22:45:00,4.291,13.794961
2020-03-08 23:00:00,4.643,13.949772
2020-03-08 23:15:00,4.573,14.0514555
2020-03-08 23:30:00,4.924,14.077667
2020-03-08 23:45:00,4.573,14.064781
2020-03-09 00:00:00,4.502,14.200128
2020-03-09 00:15:00,4.784,14.368298
2020-03-09 00:30:00,5.487,12.662014
2020-03-09 00:45:00,5.417,13.511517
2020-03-09 01:00:00,5.206,13.1706
2020-03-09 01:15:00,5.206,12.119541
2020-03-09 01:30:00,4.995,12.372114
2020-03-09 01:45:00,4.854,12.513624
2020-03-09 02:00:00,4.924,12.645887
2020-03-09 02:15:00,5.206,12.915695
2020-03-09 02:30:00,5.276,13.107971
2020-03-09 02:45:00,5.206,13.086634
2020-03-09 03:00:00,5.276,13.165838
2020-03-09 03:15:00,4.573,13.186199
2020-03-09 03:30:00,4.713,13.271307
2020-03-09 03:45:00,4.502,13.251912
2020-03-09 04:00:00,4.15,13.329742
2020-03-09 04:15:00,4.362,13.490311
2020-03-09 04:30:00,4.362,13.63256
2020-03-09 04:45:00,4.502,13.668588
2020-03-09 05:00:00,4.15,13.703867
2020-03-09 05:15:00,4.15,13.690898
2020-03-09 05:30:00,3.939,13.74637
2020-03-09 05:45:00,3.939,13.713769
2020-03-09 06:00:00,3.799,13.723074
2020-03-09 06:15:00,3.728,13.719681
2020-03-09 06:30:00,3.869,13.874226
2020-03-09 06:45:00,3.799,13.899245
2020-03-09 07:00:00,4.01,13.875379
2020-03-09 07:15:00,4.432,13.904684
2020-03-09 07:30:00,4.502,13.943176
2020-03-09 07:45:00,4.432,13.8717
2020-03-09 08:00:00,4.643,13.878825
2020-03-09 08:15:00,4.432,13.979754
2020-03-09 08:30:00,3.869,14.110474
2020-03-09 08:45:00,4.291,14.18242
2020-03-09 09:00:00,4.08,14.205095
2020-03-09 09:15:00,4.573,14.335169
2020-03-09 09:30:00,4.854,14.348789
2020-03-09 09:45:00,5.417,14.358099
2020-03-09 10:00:00,5.698,14.45512
2020-03-09 10:15:00,5.698,14.603323
2020-03-09 10:30:00,5.768,14.759651
2020-03-09 10:45:00,5.698,14.7846775
2020-03-09 11:00:00,5.698,15.029589
2020-03-09 11:15:00,5.979,15.4483
2020-03-09 11:30:00,5.768,16.0667
2020-03-09 11:45:00,5.346,16.669184
2020-03-09 12:00:00,5.206,17.10735
2020-03-09 12:15:00,5.346,17.386385
2020-03-09 12:30:00,5.206,17.709469
2020-03-09 12:45:00,4.995,17.909578
2020-03-09 13:00:00,5.487,18.223635
2020-03-09 13:15:00,5.768,18.313576
2020-03-09 13:30:00,6.683,18.293015
2020-03-09 13:45:00,6.683,17.957623
2020-03-09 14:00:00,6.613,17.779646
2020-03-09 14:15:00,6.613,17.641327
2020-03-09 14:30:00,6.542,17.520819
2020-03-09 14:45:00,6.824,17.122744
2020-03-09 15:00:00,6.964,16.902092
2020-03-09 15:15:00,6.261,16.580925
2020-03-09 15:30:00,6.542,16.309288
2020-03-09 15:45:00,6.753,15.82262
2020-03-09 16:00:00,6.964,15.365044
2020-03-09 16:15:00,6.331,15.13823
2020-03-09 16:30:00,7.035,14.8765545
2020-03-09 16:45:00,6.753,14.733816
2020-03-09 17:00:00,7.035,14.555096
2020-03-09 17:15:00,6.964,14.462453
2020-03-09 17:30:00,7.105,14.393399
2020-03-09 17:45:00,7.035,14.179942
2020-03-09 18:00:00,6.613,14.072189
2020-03-09 18:15:00,6.472,14.003597
2020-03-09 18:30:00,6.05,13.949836
2020-03-09 18:45:00,5.839,13.878264
2020-03-09 19:00:00,5.698,13.85574
2020-03-09 19:15:00,5.557,13.856131
2020-03-09 19:30:00,5.557,13.8909235
2020-03-09 19:45:00,5.557,13.7204
2020-03-09 20:00:00,5.487,13.655576
2020-03-09 20:15:00,5.417,13.622182
2020-03-09 20:30:00,5.276,13.770805
2020-03-09 20:45:00,5.346,13.817816
2020-03-09 21:00:00,5.135,13.878738
2020-03-09 21:15:00,5.206,14.014922
2020-03-09 21:30:00,5.206,14.108545
2020-03-09 21:45:00,5.206,14.059402
2020-03-09 22:00:00,5.346,14.113863
2020-03-09 22:15:00,5.276,14.29435
2020-03-09 22:30:00,5.206,14.515177
2020-03-09 22:45:00,5.065,14.517002
2020-03-09 23:00:00,4.784,14.546523
2020-03-09 23:15:00,4.713,14.812903
2020-03-09 23:30:00,4.643,14.956167
2020-03-09 23:45:00,4.713,15.094281
2020-03-10 00:00:00,4.854,15.200492
2020-03-10 00:15:00,4.784,15.137394
2020-03-10 00:30:00,4.784,13.218876
2020-03-10 00:45:00,5.065,13.949382
2020-03-10 01:00:00,5.065,13.328911
2020-03-10 01:15:00,4.643,12.257822
2020-03-10 01:30:00,4.854,12.409706
2020-03-10 01:45:00,4.573,12.402279
2020-03-10 02:00:00,4.643,12.551342
2020-03-10 02:15:00,4.502,12.57725
2020-03-10 02:30:00,4.502,12.5999365
2020-03-10 02:45:00,4.643,12.628164
2020-03-10 03:00:00,4.784,12.654308
2020-03-10 03:15:00,4.432,12.791517
2020-03-10 03:30:00,4.713,13.013934
2020-03-10 03:45:00,4.643,13.067472
2020-03-10 04:00:00,4.643,13.056263
2020-03-10 04:15:00,4.573,12.955063
2020-03-10 04:30:00,4.643,12.881845
2020-03-10 04:45:00,4.643,12.819246
2020-03-10 05:00:00,4.502,12.767607
2020-03-10 05:15:00,4.573,12.735733
2020-03-10 05:30:00,4.291,12.741322
2020-03-10 05:45:00,4.502,12.67263
2020-03-10 06:00:00,4.432,12.700489
2020-03-10 06:15:00,4.432,12.741312
2020-03-10 06:30:00,4.291,12.666871
2020-03-10 06:45:00,4.432,12.615401
2020-03-10 07:00:00,4.573,12.683999
2020-03-10 07:15:00,4.713,12.796108
2020-03-10 07:30:00,4.924,12.972249
2020-03-10 07:45:00,5.417,13.005276
2020-03-10 08:00:00,5.276,13.0175705
2020-03-10 08:15:00,5.206,13.054227
2020-03-10 08:30:00,5.487,13.238562
2020-03-10 08:45:00,5.417,13.298443
2020-03-10 09:00:00,5.557,13.405106
2020-03-10 09:15:00,6.05,13.486843
2020-03-10 09:30:00,6.753,13.572475
2020-03-10 09:45:00,6.894,13.631165
2020-03-10 10:00:00,6.964,13.670702
2020-03-10 10:15:00,6.753,13.770045
2020-03-10 10:30:00,6.753,14.014826
2020-03-10 10:45:00,6.613,14.139901
2020-03-10 11:00:00,6.472,14.320294
2020-03-10 11:15:00,6.542,14.425372
2020-03-10 11:30:00,6.05,14.625603
2020-03-10 11:45:00,6.261,14.719071
2020-03-10 12:00:00,6.542,14.878859
2020-03-10 12:15:00,6.472,15.017004
2020-03-10 12:30:00,6.894,15.179979
2020-03-10 12:45:00,7.175,15.152748
2020-03-10 13:00:00,7.246,15.141794
2020-03-10 13:15:00,8.371,15.246932
2020-03-10 13:30:00,9.075,15.421299
2020-03-10 13:45:00,9.426,15.531864
2020-03-10 14:00:00,9.356,15.624115
2020-03-10 14:15:00,9.286,15.618414
2020-03-10 14:30:00,9.286,15.623562
2020-03-10 14:45:00,9.286,15.586346
2020-03-10 15:00:00,8.512,15.695749
2020-03-10 15:15:00,9.145,15.908561
2020-03-10 15:30:00,8.934,16.028913
2020-03-10 15:45:00,9.145,15.919926
2020-03-10 16:00:00,9.356,15.661854
2020-03-10 16:15:00,9.286,15.397175
2020-03-10 16:30:00,9.638,15.247913
2020-03-10 16:45:00,9.215,14.985648
2020-03-10 17:00:00,9.708,14.809517
2020-03-10 17:15:00,9.778,14.694313
2020-03-10 17:30:00,9.497,14.5569315
2020-03-10 17:45:00,9.215,14.270284
2020-03-10 18:00:00,8.864,14.068593
2020-03-10 18:15:00,8.512,13.883583
2020-03-10 18:30:00,8.231,13.82481
2020-03-10 18:45:00,8.09,13.634365
2020-03-10 19:00:00,8.02,13.551582
2020-03-10 19:15:00,7.809,13.513876
2020-03-10 19:30:00,7.809,13.449644
2020-03-10 19:45:00,7.316,13.316036
2020-03-10 20:00:00,7.035,13.220449
2020-03-10 20:15:00,6.964,13.163257
2020-03-10 20:30:00,6.964,13.218081
2020-03-10 20:45:00,6.894,13.164078
2020-03-10 21:00:00,6.824,13.149658
2020-03-10 21:15:00,6.683,13.139769
2020-03-10 21:30:00,6.542,13.151199
2020-03-10 21:45:00,6.613,13.053602
2020-03-10 22:00:00,6.613,13.137881
2020-03-10 22:15:00,6.613,13.359886
2020-03-10 22:30:00,6.402,13.561726
2020-03-10 22:45:00,6.191,13.624898
2020-03-10 23:00:00,6.402,13.79009
2020-03-10 23:15:00,6.542,14.113428
2020-03-10 23:30:00,6.472,14.672703
2020-03-10 23:45:00,6.472,14.942604
2020-03-11 00:00:00,6.683,15.253403
2020-03-11 00:15:00,6.824,15.709968
2020-03-11 00:30:00,6.894,14.174276
2020-03-11 00:45:00,6.753,15.127155
2020-03-11 01:00:00,6.824,14.609681
2020-03-11 01:15:00,6.964,13.510069
2020-03-11 01:30:00,6.964,13.610238
2020-03-11 01:45:00,6.964,13.731044
2020-03-11 02:00:00,6.894,13.969465
2020-03-11 02:15:00,6.753,14.017782
2020-03-11 02:30:00,6.894,13.949123
2020-03-11 02:45:00,6.964,13.799732
2020-03-11 03:00:00,6.894,13.685178
2020-03-11 03:15:00,6.824,13.630296
2020-03-11 03:30:00,6.824,13.687987
2020-03-11 03:45:00,6.402,13.6592655
2020-03-11 04:00:00,6.331,13.548147
2020-03-11 04:15:00,6.472,13.557266
2020-03-11 04:30:00,6.331,13.538206
2020-03-11 04:45:00,6.261,13.53471
2020-03-11 05:00:00,6.331,13.680807
2020-03-11 05:15:00,6.191,13.694984
2020-03-11 05:30:00,6.331,13.916272
2020-03-11 05:45:00,6.472,13.891102
2020-03-11 06:00:00,6.613,13.89331
2020-03-11 06:15:00,6.824,14.004193
2020-03-11 06:30:00,6.824,14.12142
2020-03-11 06:45:00,5.698,14.187281
2020-03-11 07:00:00,5.628,14.231238
2020-03-11 07:15:00,5.628,14.400304
2020-03-11 07:30:00,5.557,14.604564
2020-03-11 07:45:00,5.839,14.6425
2020-03-11 08:00:00,5.839,14.755901
2020-03-11 08:15:00,5.698,14.766445
2020-03-11 08:30:00,5.628,14.82513
2020-03-11 08:45:00,5.839,14.752732
2020-03-11 09:00:00,5.698,14.608202
2020-03-11 09:15:00,6.261,14.620032
2020-03-11 09:30:00,6.894,14.602884
2020-03-11 09:45:00,7.105,14.437304
2020-03-11 10:00:00,7.035,14.544472
2020-03-11 10:15:00,6.824,14.569778
2020-03-11 10:30:00,6.683,14.632728
2020-03-11 10:45:00,6.613,14.73234
2020-03-11 11:00:00,6.683,14.819988
2020-03-11 11:15:00,6.824,14.973415
2020-03-11 11:30:00,7.246,15.239742
2020-03-11 11:45:00,7.527,15.139874
2020-03-11 12:00:00,7.738,15.014586
2020-03-11 12:15:00,7.668,14.873633
2020-03-11 12:30:00,7.738,14.827542
2020-03-11 12:45:00,8.16,14.695265
2020-03-11 13:00:00,8.301,14.727621
2020-03-11 13:15:00,9.356,14.925312
2020-03-11 13:30:00,10.06,14.891916
2020-03-11 13:45:00,10.482,14.830212
2020-03-11 14:00:00,10.341,14.715811
2020-03-11 14:15:00,10.482,14.770182
2020-03-11 14:30:00,10.482,15.026878
2020-03-11 14:45:00,9.919,15.027056
2020-03-11 15:00:00,9.919,15.071972
2020-03-11 15:15:00,10.13,15.15012
2020-03-11 15:30:00,10.271,15.126066
2020-03-11 15:45:00,10.271,14.985193
2020-03-11 16:00:00,9.708,14.921638
2020-03-11 16:15:00,9.919,14.769999
2020-03-11 16:30:00,9.638,14.626017
2020-03-11 16:45:00,9.708,14.442053
2020-03-11 17:00:00,9.708,14.303799
2020-03-11 17:15:00,9.356,14.212542
2020-03-11 17:30:00,9.497,14.095743
2020-03-11 17:45:00,9.426,13.857328
2020-03-11 18:00:00,8.934,13.642911
2020-03-11 18:15:00,8.864,13.42835
2020-03-11 18:30:00,8.723,13.341628
2020-03-11 18:45:00,8.793,13.154868
2020-03-11 19:00:00,8.512,13.029174
2020-03-11 19:15:00,8.371,12.960481
2020-03-11 19:30:00,8.16,12.876552
2020-03-11 19:45:00,8.301,12.71881
2020-03-11 20:00:00,8.371,12.61484
2020-03-11 20:15:00,8.16,12.513744
2020-03-11 20:30:00,8.512,12.490461
2020-03-11 20:45:00,7.949,12.382739
2020-03-11 21:00:00,7.879,12.342068
2020-03-11 21:15:00,7.879,12.373841
2020-03-11 21:30:00,7.738,12.452282
2020-03-11 21:45:00,7.668,12.418132
2020-03-11 22:00:00,7.527,12.60173
2020-03-11 22:15:00,7.457,12.915338
2020-03-11 22:30:00,7.386,13.3162365
2020-03-11 22:45:00,7.246,13.586831
2020-03-11 23:00:00,7.668,13.828373
2020-03-11 23:15:00,7.809,14.133994
2020-03-11 23:30:00,7.879,14.449119
2020-03-11 23:45:00,7.809,14.745781
2020-03-12 00:00:00,8.02,15.048573
2020-03-12 00:15:00,8.02,15.471235
2020-03-12 00:30:00,7.668,13.93658
2020-03-12 00:45:00,8.02,14.908145
2020-03-12 01:00:00,7.949,14.632469
2020-03-12 01:15:00,7.809,13.555925
2020-03-12 01:30:00,7.809,13.680869
2020-03-12 01:45:00,7.597,13.793489
2020-03-12 02:00:00,7.597,13.897622
2020-03-12 02:15:00,7.809,13.973005
2020-03-12 02:30:00,7.879,14.088089
2020-03-12 02:45:00,7.668,14.138462
2020-03-12 03:00:00,7.668,14.022074
2020-03-12 03:15:00,7.738,14.036453
2020-03-12 03:30:00,7.597,13.996994
2020-03-12 03:45:00,7.668,13.944581
2020-03-12 04:00:00,7.949,14.073801
2020-03-12 04:15:00,7.949,14.214855
2020-03-12 04:30:00,7.949,14.428184
2020-03-12 04:45:00,8.02,14.538313
2020-03-12 05:00:00,8.16,14.620716
2020-03-12 05:15:00,7.809,14.638706
2020-03-12 05:30:00,7.809,14.677172
2020-03-12 05:45:00,7.738,14.635764
2020-03-12 06:00:00,7.668,14.648832
2020-03-12 06:15:00,7.597,14.854943
2020-03-12 06:30:00,7.527,14.947648
2020-03-12 06:45:00,7.457,14.801743
2020-03-12 07:00:00,7.457,14.745867
2020-03-12 07:15:00,7.668,14.685585
2020-03-12 07:30:00,7.527,14.81484
2020-03-12 07:45:00,7.597,14.799745
2020-03-12 08:00:00,8.02,14.677003
2020-03-12 08:15:00,8.442,14.629331
2020-03-12 08:30:00,8.653,14.622439
2020-03-12 08:45:00,8.512,14.558041
2020-03-12 09:00:00,8.301,14.521114
2020-03-12 09:15:00,8.231,14.480054
2020-03-12 09:30:00,8.301,14.474438
2020-03-12 09:45:00,8.723,14.299763
2020-03-12 10:00:00,8.864,14.070682
2020-03-12 10:15:00,8.934,13.86795
2020-03-12 10:30:00,8.864,13.865291
2020-03-12 10:45:00,8.723,13.818076
2020-03-12 11:00:00,8.723,13.904603
2020-03-12 11:15:00,8.864,13.943979
2020-03-12 11:30:00,8.864,13.97673
2020-03-12 11:45:00,8.934,13.949959
2020-03-12 12:00:00,9.004,13.908955
2020-03-12 12:15:00,9.145,13.948189
2020-03-12 12:30:00,9.426,13.984457
2020-03-12 12:45:00,9.567,13.881361
2020-03-12 13:00:00,9.356,14.018074
2020-03-12 13:15:00,10.06,14.391889
2020-03-12 13:30:00,11.115,14.813322
2020-03-12 13:45:00,11.044,15.232779
2020-03-12 14:00:00,10.552,15.624291
2020-03-12 14:15:00,10.271,15.66834
2020-03-12 14:30:00,10.763,15.613441
2020-03-12 14:45:00,9.989,15.262706
2020-03-12 15:00:00,10.13,15.110643
2020-03-12 15:15:00,10.13,15.044084
2020-03-12 15:30:00,10.13,15.047237
2020-03-12 15:45:00,10.482,14.928438
2020-03-12 16:00:00,10.482,14.81322
2020-03-12 16:15:00,10.622,14.660334
2020-03-12 16:30:00,10.411,14.443277
2020-03-12 16:45:00,11.115,14.139532
2020-03-12 17:00:00,11.185,13.792547
2020-03-12 17:15:00,10.13,13.499805
2020-03-12 17:30:00,10.552,13.286063
2020-03-12 17:45:00,11.044,12.987551
2020-03-12 18:00:00,10.974,12.761517
2020-03-12 18:15:00,10.693,12.563118
2020-03-12 18:30:00,10.13,12.374579
2020-03-12 18:45:00,10.13,12.1706505
2020-03-12 19:00:00,9.919,12.043793
2020-03-12 19:15:00,10.06,11.97339
2020-03-12 19:30:00,9.919,11.902561
2020-03-12 19:45:00,10.06,11.694127
2020-03-12 20:00:00,9.849,11.594208
2020-03-12 20:15:00,9.778,11.550072
2020-03-12 20:30:00,9.778,11.593195
2020-03-12 20:45:00,9.708,11.535622
2020-03-12 21:00:00,9.426,11.506457
2020-03-12 21:15:00,9.497,11.4978895
2020-03-12 21:30:00,9.497,11.555785
2020-03-12 21:45:00,9.426,11.548178
2020-03-12 22:00:00,9.286,11.635109
2020-03-12 22:15:00,9.356,11.8191805
2020-03-12 22:30:00,9.215,12.154393
2020-03-12 22:45:00,9.286,12.425313
2020-03-12 23:00:00,9.215,12.828449
2020-03-12 23:15:00,9.145,13.305914
2020-03-12 23:30:00,9.356,13.87639
2020-03-12 23:45:00,9.215,14.186228
2020-03-13 00:00:00,9.004,14.434343
2020-03-13 00:15:00,8.723,14.726327
2020-03-13 00:30:00,8.934,13.233244
2020-03-13 00:45:00,9.215,14.151579
2020-03-13 01:00:00,8.723,13.847432
2020-03-13 01:15:00,8.723,12.975911
2020-03-13 01:30:00,9.075,13.153368
2020-03-13 01:45:00,9.145,13.23087
2020-03-13 02:00:00,8.864,13.4072075
2020-03-13 02:15:00,9.004,13.633079
2020-03-13 02:30:00,8.934,13.739691
2020-03-13 02:45:00,8.864,13.754087
2020-03-13 03:00:00,8.793,13.741172
2020-03-13 03:15:00,8.864,13.663874
2020-03-13 03:30:00,8.723,13.682711
2020-03-13 03:45:00,8.301,13.621825
2020-03-13 04:00:00,8.723,13.64276
2020-03-13 04:15:00,8.653,13.804513
2020-03-13 04:30:00,8.723,13.9517
2020-03-13 04:45:00,8.723,13.82132
2020-03-13 05:00:00,8.723,13.931142
2020-03-13 05:15:00,8.512,14.041332
2020-03-13 05:30:00,8.512,14.038105
2020-03-13 05:45:00,8.723,14.016693
2020-03-13 06:00:00,8.582,14.172095
2020-03-13 06:15:00,8.653,14.441891
2020-03-13 06:30:00,8.582,14.641336
2020-03-13 06:45:00,8.582,14.694038
2020-03-13 07:00:00,8.231,14.777784
2020-03-13 07:15:00,8.231,14.856989
2020-03-13 07:30:00,8.231,14.949272
2020-03-13 07:45:00,8.301,14.670875
2020-03-13 08:00:00,8.16,14.499073
2020-03-13 08:15:00,8.582,14.442194
2020-03-13 08:30:00,8.793,14.404244
2020-03-13 08:45:00,8.653,14.372381
2020-03-13 09:00:00,9.286,14.376311
2020-03-13 09:15:00,9.567,14.318794
2020-03-13 09:30:00,10.482,14.237255
2020-03-13 09:45:00,10.904,14.008019
2020-03-13 10:00:00,10.974,13.905147
2020-03-13 10:15:00,11.044,13.775361
2020-03-13 10:30:00,10.974,13.826973
2020-03-13 10:45:00,10.974,13.928833
2020-03-13 11:00:00,10.833,14.009668
2020-03-13 11:15:00,11.115,14.135531
2020-03-13 11:30:00,10.904,14.334204
2020-03-13 11:45:00,11.115,14.291658
2020-03-13 12:00:00,10.904,14.267506
2020-03-13 12:15:00,11.326,14.263272
2020-03-13 12:30:00,11.115,14.184065
2020-03-13 12:45:00,11.326,14.188727
2020-03-13 13:00:00,11.607,14.2389345
2020-03-13 13:15:00,12.24,14.430995
2020-03-13 13:30:00,12.451,14.648371
2020-03-13 13:45:00,13.085,14.595693
2020-03-13 14:00:00,12.662,14.64127
2020-03-13 14:15:00,12.944,14.607376
2020-03-13 14:30:00,12.874,14.606123
2020-03-13 14:45:00,11.467,14.496077
2020-03-13 15:00:00,11.748,14.534957
2020-03-13 15:15:00,12.17,14.683818
2020-03-13 15:30:00,11.889,14.717623
2020-03-13 15:45:00,11.818,14.5480385
2020-03-13 16:00:00,11.326,14.337875
2020-03-13 16:15:00,11.326,14.190551
2020-03-13 16:30:00,11.256,14.112791
2020-03-13 16:45:00,11.115,13.909391
2020-03-13 17:00:00,11.537,13.784864
2020-03-13 17:15:00,12.451,13.692658
2020-03-13 17:30:00,12.803,13.685804
2020-03-13 17:45:00,12.592,13.522818
2020-03-13 18:00:00,12.311,13.398628
2020-03-13 18:15:00,12.24,13.304737
2020-03-13 18:30:00,11.818,13.221711
2020-03-13 18:45:00,12.029,13.071365
2020-03-13 19:00:00,11.889,12.997704
2020-03-13 19:15:00,11.678,12.965358
2020-03-13 19:30:00,11.537,12.939623
2020-03-13 19:45:00,11.467,12.84519
2020-03-13 20:00:00,11.326,12.812598
2020-03-13 20:15:00,11.044,12.781187
2020-03-13 20:30:00,11.185,12.7967615
2020-03-13 20:45:00,10.904,12.675799
2020-03-13 21:00:00,11.044,12.624788
2020-03-13 21:15:00,10.763,12.643126
2020-03-13 21:30:00,10.904,12.751685
2020-03-13 21:45:00,10.763,12.787856
2020-03-13 22:00:00,10.904,12.919019
2020-03-13 22:15:00,10.763,13.136097
2020-03-13 22:30:00,10.833,13.457425
2020-03-13 22:45:00,10.833,13.637733
2020-03-13 23:00:00,10.622,13.885895
2020-03-13 23:15:00,10.622,14.131445
2020-03-13 23:30:00,10.552,14.292779
2020-03-13 23:45:00,10.763,14.437173
2020-03-14 00:00:00,10.622,14.605991
2020-03-14 00:15:00,10.622,15.059202
2020-03-14 00:30:00,10.833,13.669052
2020-03-14 00:45:00,10.482,14.773329
2020-03-14 01:00:00,10.482,14.482864
2020-03-14 01:15:00,10.693,13.545677
2020-03-14 01:30:00,10.552,13.792926
2020-03-14 01:45:00,10.271,13.914619
2020-03-14 02:00:00,10.693,14.103674
2020-03-14 02:15:00,10.552,14.217159
2020-03-14 02:30:00,10.622,14.396443
2020-03-14 02:45:00,10.622,14.468895
2020-03-14 03:00:00,10.763,14.563194
2020-03-14 03:15:00,10.974,14.707751
2020-03-14 03:30:00,10.974,14.769164
2020-03-14 03:45:00,10.552,14.657892
2020-03-14 04:00:00,10.763,14.528226
2020-03-14 04:15:00,10.763,14.485005
2020-03-14 04:30:00,10.271,14.5412655
2020-03-14 04:45:00,10.622,14.414473
2020-03-14 05:00:00,9.989,14.6088085
2020-03-14 05:15:00,10.271,14.670996
2020-03-14 05:30:00,10.13,14.565837
2020-03-14 05:45:00,10.341,14.407869
2020-03-14 06:00:00,10.622,14.287737
2020-03-14 06:15:00,10.622,14.321249
2020-03-14 06:30:00,10.411,14.424538
2020-03-14 06:45:00,10.482,14.379223
2020-03-14 07:00:00,10.2,14.297055
2020-03-14 07:15:00,10.13,14.393404
2020-03-14 07:30:00,10.271,14.736696
2020-03-14 07:45:00,9.989,14.853018
2020-03-14 08:00:00,10.482,14.904711
2020-03-14 08:15:00,10.622,14.853973
2020-03-14 08:30:00,10.271,14.926584
2020-03-14 08:45:00,10.622,14.8995495
2020-03-14 09:00:00,10.833,14.9369135
2020-03-14 09:15:00,10.693,14.93885
2020-03-14 09:30:00,10.622,15.081788
2020-03-14 09:45:00,10.693,15.039276
2020-03-14 10:00:00,10.763,14.896946
2020-03-14 10:15:00,10.552,14.748229
2020-03-14 10:30:00,10.2,14.624157
2020-03-14 10:45:00,10.763,14.451204
2020-03-14 11:00:00,10.763,14.434563
2020-03-14 11:15:00,10.693,14.4137745
2020-03-14 11:30:00,10.904,14.431694
2020-03-14 11:45:00,10.904,14.3333
2020-03-14 12:00:00,10.833,14.253961
2020-03-14 12:15:00,10.693,14.116412
2020-03-14 12:30:00,10.622,13.943608
2020-03-14 12:45:00,10.411,13.702763
2020-03-14 13:00:00,9.497,13.540592
2020-03-14 13:15:00,10.06,13.606434
2020-03-14 13:30:00,10.552,13.806631
2020-03-14 13:45:00,10.974,13.816911
2020-03-14 14:00:00,10.622,13.829557
2020-03-14 14:15:00,10.552,13.734067
2020-03-14 14:30:00,10.693,13.709165
2020-03-14 14:45:00,10.763,13.649546
2020-03-14 15:00:00,10.693,13.728077
2020-03-14 15:15:00,10.552,13.779515
2020-03-14 15:30:00,10.763,13.790455
2020-03-14 15:45:00,10.552,13.8010845
2020-03-14 16:00:00,10.763,13.736877
2020-03-14 16:15:00,10.482,13.70636
2020-03-14 16:30:00,9.919,13.688368
2020-03-14 16:45:00,9.919,13.472051
2020-03-14 17:00:00,10.2,13.380553
2020-03-14 17:15:00,10.06,13.342225
2020-03-14 17:30:00,10.271,13.34859
2020-03-14 17:45:00,10.271,13.230387
2020-03-14 18:00:00,10.482,13.137642
2020-03-14 18:15:00,10.411,13.050808
2020-03-14 18:30:00,10.13,12.966431
2020-03-14 18:45:00,10.06,12.780159
2020-03-14 19:00:00,9.778,12.695999
2020-03-14 19:15:00,9.919,12.671995
2020-03-14 19:30:00,9.778,12.7311
2020-03-14 19:45:00,9.849,12.672148
2020-03-14 20:00:00,9.638,12.674249
2020-03-14 20:15:00,9.638,12.697483
2020-03-14 20:30:00,9.356,12.727021
2020-03-14 20:45:00,9.215,12.618307
2020-03-14 21:00:00,9.497,12.600286
2020-03-14 21:15:00,9.708,12.612688
2020-03-14 21:30:00,9.567,12.688681
2020-03-14 21:45:00,9.426,12.7509
2020-03-14 22:00:00,9.567,12.922564
2020-03-14 22:15:00,9.638,13.215297
2020-03-14 22:30:00,9.426,13.623682
2020-03-14 22:45:00,9.356,13.85944
2020-03-14 23:00:00,9.426,14.127527
2020-03-14 23:15:00,9.356,14.36825
2020-03-14 23:30:00,9.497,14.581227
2020-03-14 23:45:00,9.567,14.803329
2020-03-15 00:00:00,9.708,15.070919
2020-03-15 00:15:00,9.567,15.452784
2020-03-15 00:30:00,9.778,14.011458
2020-03-15 00:45:00,9.567,14.845165
2020-03-15 01:00:00,9.708,14.409141
2020-03-15 01:15:00,9.426,13.405968
2020-03-15 01:30:00,9.215,13.521908
2020-03-15 01:45:00,9.778,13.638169
2020-03-15 02:00:00,9.567,13.731623
2020-03-15 02:15:00,9.567,13.909283
2020-03-15 02:30:00,9.567,14.136911
2020-03-15 02:45:00,9.497,14.209256
2020-03-15 03:00:00,9.497,14.238703
2020-03-15 03:15:00,9.638,14.342817
2020-03-15 03:30:00,9.778,14.406717
2020-03-15 03:45:00,9.567,14.41826
2020-03-15 04:00:00,9.638,14.501852
2020-03-15 04:15:00,9.638,14.577936
2020-03-15 04:30:00,9.497,14.653144
2020-03-15 04:45:00,9.497,14.727976
2020-03-15 05:00:00,9.778,14.816233
2020-03-15 05:15:00,9.778,14.782665
2020-03-15 05:30:00,10.2,14.771147
2020-03-15 05:45:00,9.989,14.572021
2020-03-15 06:00:00,9.919,14.561959
2020-03-15 06:15:00,9.849,14.608158
2020-03-15 06:30:00,9.708,14.630062
2020-03-15 06:45:00,9.567,14.638184
2020-03-15 07:00:00,9.638,14.654749
2020-03-15 07:15:00,9.849,14.58036
2020-03-15 07:30:00,9.708,14.612687
2020-03-15 07:45:00,9.919,14.552608
2020-03-15 08:00:00,10.13,14.549225
2020-03-15 08:15:00,10.06,14.645318
2020-03-15 08:30:00,10.13,14.812629
2020-03-15 08:45:00,10.482,14.73674
2020-03-15 09:00:00,10.13,14.578339
2020-03-15 09:15:00,10.482,14.539434
2020-03-15 09:30:00,10.06,14.492989
2020-03-15 09:45:00,10.13,14.313054
2020-03-15 10:00:00,9.919,14.214553
2020-03-15 10:15:00,9.708,14.097242
2020-03-15 10:30:00,9.356,14.204552
2020-03-15 10:45:00,9.567,14.239039
2020-03-15 11:00:00,9.708,14.294594
2020-03-15 11:15:00,9.778,14.325888
2020-03-15 11:30:00,10.06,14.294496
2020-03-15 11:45:00,9.919,14.154382
2020-03-15 12:00:00,10.622,14.112537
2020-03-15 12:15:00,10.552,14.048666
2020-03-15 12:30:00,10.622,14.070552
2020-03-15 12:45:00,10.974,13.889971
2020-03-15 13:00:00,10.833,13.861843
2020-03-15 13:15:00,10.974,13.901704
2020-03-15 13:30:00,10.552,14.00689
2020-03-15 13:45:00,10.482,14.031778
2020-03-15 14:00:00,10.904,14.093359
2020-03-15 14:15:00,10.833,14.177094
2020-03-15 14:30:00,11.467,14.128489
2020-03-15 14:45:00,11.326,13.957693
2020-03-15 15:00:00,10.833,14.018192
2020-03-15 15:15:00,11.044,13.999439
2020-03-15 15:30:00,11.678,14.040085
2020-03-15 15:45:00,11.326,13.94875
2020-03-15 16:00:00,11.678,13.813105
2020-03-15 16:15:00,12.029,13.864508
2020-03-15 16:30:00,11.818,13.808788
2020-03-15 16:45:00,11.678,13.6737795
2020-03-15 17:00:00,11.889,13.62167
2020-03-15 17:15:00,11.959,13.628977
2020-03-15 17:30:00,11.748,13.66563
2020-03-15 17:45:00,11.678,13.56552
2020-03-15 18:00:00,11.607,13.515536
2020-03-15 18:15:00,11.256,13.468135
2020-03-15 18:30:00,8.723,13.4501095
2020-03-15 18:45:00,8.653,13.338078
2020-03-15 19:00:00,7.668,13.313433
2020-03-15 19:15:00,2.955,13.314512
2020-03-15 19:30:00,2.603,13.356124
2020-03-15 19:45:00,2.462,13.261282
2020-03-15 20:00:00,2.321,13.1699095
2020-03-15 20:15:00,1.688,13.082484
2020-03-15 20:30:00,1.618,13.006355
2020-03-15 20:45:00,1.196,12.81917
2020-03-15 21:00:00,0.985,12.718319
2020-03-15 21:15:00,1.126,12.660822
2020-03-15 21:30:00,1.407,12.580993
2020-03-15 21:45:00,1.407,12.48797
2020-03-15 22:00:00,2.884,12.525519
2020-03-15 22:15:00,2.251,12.815737
2020-03-15 22:30:00,1.618,13.210276
2020-03-15 22:45:00,1.548,13.420601
2020-03-15 23:00:00,1.688,13.783599
2020-03-15 23:15:00,2.04,14.124849
2020-03-15 23:30:00,2.603,14.557671
2020-03-15 23:45:00,2.532,14.954212
2020-03-16 00:00:00,2.744,15.278776
2020-03-16 00:15:00,2.392,15.58889
2020-03-16 00:30:00,2.181,14.099635
2020-03-16 00:45:00,2.181,14.981475
2020-03-16 01:00:00,2.251,14.733248
2020-03-16 01:15:00,2.181,13.818226
2020-03-16 01:30:00,2.181,13.989474
2020-03-16 01:45:00,2.04,13.961052
2020-03-16 02:00:00,1.829,14.093441
2020-03-16 02:15:00,1.759,14.296979
2020-03-16 02:30:00,2.04,14.48154
2020-03-16 02:45:00,2.181,14.638697
2020-03-16 03:00:00,2.603,14.743198
2020-03-16 03:15:00,3.025,14.798066
2020-03-16 03:30:00,3.306,14.744807
2020-03-16 03:45:00,3.588,14.699393
2020-03-16 04:00:00,3.377,14.732199
2020-03-16 04:15:00,3.095,14.681185
2020-03-16 04:30:00,3.095,14.85703
2020-03-16 04:45:00,3.025,14.950529
2020-03-16 05:00:00,3.166,14.971672
2020-03-16 05:15:00,3.236,14.979811
2020-03-16 05:30:00,3.025,14.944521
2020-03-16 05:45:00,3.025,14.835368
2020-03-16 06:00:00,3.306,14.944389
2020-03-16 06:15:00,3.377,15.091825
2020-03-16 06:30:00,2.532,15.089286
2020-03-16 06:45:00,2.744,14.962869
2020-03-16 07:00:00,2.744,14.894617
2020-03-16 07:15:00,1.688,14.865403
2020-03-16 07:30:00,1.407,15.000668
2020-03-16 07:45:00,1.97,15.095434
2020-03-16 08:00:00,1.899,15.097616
2020-03-16 08:15:00,2.04,15.099102
2020-03-16 08:30:00,2.181,15.223147
2020-03-16 08:45:00,2.603,15.235288
2020-03-16 09:00:00,2.11,15.24368
2020-03-16 09:15:00,2.11,15.185265
2020-03-16 09:30:00,1.477,15.185265
2020-03-16 09:45:00,1.688,14.97455
2020-03-16 10:00:00,2.11,14.795781
2020-03-16 10:15:00,2.744,14.603919
2020-03-16 10:30:00,2.603,14.52895
2020-03-16 10:45:00,2.603,14.372241
2020-03-16 11:00:00,3.025,14.27967
2020-03-16 11:15:00,3.166,14.236476
2020-03-16 11:30:00,3.447,14.260561
2020-03-16 11:45:00,3.306,14.218682
2020-03-16 12:00:00,3.658,14.125602
2020-03-16 12:15:00,4.15,14.075881
2020-03-16 12:30:00,3.799,14.100956
2020-03-16 12:45:00,3.799,14.006452
2020-03-16 13:00:00,4.01,14.016369
2020-03-16 13:15:00,3.869,14.101969
2020-03-16 13:30:00,3.588,14.109813
2020-03-16 13:45:00,3.588,14.076756
2020-03-16 14:00:00,3.799,14.125133
2020-03-16 14:15:00,4.08,14.09733
2020-03-16 14:30:00,4.01,14.086796
2020-03-16 14:45:00,4.15,14.027737
2020-03-16 15:00:00,3.869,14.058151
2020-03-16 15:15:00,4.15,14.141369
2020-03-16 15:30:00,4.08,14.32712
2020-03-16 15:45:00,4.221,14.257072
2020-03-16 16:00:00,4.291,14.281477
2020-03-16 16:15:00,4.502,14.285669
2020-03-16 16:30:00,4.573,14.310387
2020-03-16 16:45:00,4.502,14.314903
2020-03-16 17:00:00,4.502,14.320054
2020-03-16 17:15:00,4.573,14.368565
2020-03-16 17:30:00,4.502,14.405577
2020-03-16 17:45:00,4.573,14.303698
2020-03-16 18:00:00,4.784,14.250339
2020-03-16 18:15:00,4.854,14.23144
2020-03-16 18:30:00,5.065,14.218021
2020-03-16 18:45:00,5.065,14.120667
2020-03-16 19:00:00,4.995,14.052359
2020-03-16 19:15:00,5.065,14.025546
2020-03-16 19:30:00,5.065,13.975645
2020-03-16 19:45:00,4.995,13.808594
2020-03-16 20:00:00,5.206,13.716558
2020-03-16 20:15:00,5.346,13.657755
2020-03-16 20:30:00,5.628,13.682454
2020-03-16 20:45:00,5.487,13.597485
2020-03-16 21:00:00,5.346,13.56436
2020-03-16 21:15:00,5.346,13.553157
2020-03-16 21:30:00,5.276,13.555605
2020-03-16 21:45:00,5.065,13.472986
2020-03-16 22:00:00,4.924,13.436712
2020-03-16 22:15:00,4.924,13.527638
2020-03-16 22:30:00,4.643,13.793136
2020-03-16 22:45:00,4.924,13.817955
2020-03-16 23:00:00,4.15,14.002873
2020-03-16 23:15:00,4.01,14.098804
2020-03-16 23:30:00,3.517,14.278939
2020-03-16 23:45:00,3.447,14.48868
2020-03-17 00:00:00,3.377,14.72389
2020-03-17 00:15:00,3.447,15.072282
2020-03-17 00:30:00,3.166,13.336035
2020-03-17 00:45:00,3.095,14.090973
2020-03-17 01:00:00,3.166,13.5822935
2020-03-17 01:15:00,3.236,12.434674
2020-03-17 01:30:00,3.377,12.705685
2020-03-17 01:45:00,2.884,12.737309
2020-03-17 02:00:00,2.744,12.818098
2020-03-17 02:15:00,2.955,12.994492
2020-03-17 02:30:00,3.095,13.086077
2020-03-17 02:45:00,2.884,13.093467
2020-03-17 03:00:00,3.025,13.043193
2020-03-17 03:15:00,3.025,12.993525
2020-03-17 03:30:00,2.884,13.035084
2020-03-17 03:45:00,2.884,12.979849
2020-03-17 04:00:00,2.814,13.109146
2020-03-17 04:15:00,2.673,13.282315
2020-03-17 04:30:00,2.814,13.46821
2020-03-17 04:45:00,2.673,13.432543
2020-03-17 05:00:00,2.744,13.464718
2020-03-17 05:15:00,2.532,13.542719
2020-03-17 05:30:00,2.884,13.587411
2020-03-17 05:45:00,2.673,13.661442
2020-03-17 06:00:00,2.744,13.681815
2020-03-17 06:15:00,2.814,13.668163
2020-03-17 06:30:00,2.603,13.798929
2020-03-17 06:45:00,2.532,13.790924
2020-03-17 07:00:00,2.321,13.868011
2020-03-17 07:15:00,2.532,14.07441
2020-03-17 07:30:00,2.744,14.21966
2020-03-17 07:45:00,2.884,14.352213
2020-03-17 08:00:00,2.814,14.507124
2020-03-17 08:15:00,2.884,14.568859
2020-03-17 08:30:00,2.884,14.560955
2020-03-17 08:45:00,2.884,14.520923
2020-03-17 09:00:00,3.095,14.6147175
2020-03-17 09:15:00,3.306,14.928478
2020-03-17 09:30:00,3.799,15.135208
2020-03-17 09:45:00,3.939,15.085199
2020-03-17 10:00:00,3.869,14.986803
2020-03-17 10:15:00,4.291,15.050531
2020-03-17 10:30:00,4.362,15.191236
2020-03-17 10:45:00,4.291,15.078134
2020-03-17 11:00:00,4.432,15.025793
2020-03-17 11:15:00,4.713,14.908869
2020-03-17 11:30:00,4.854,14.889885
2020-03-17 11:45:00,5.206,14.829443
2020-03-17 12:00:00,5.135,14.741383
2020-03-17 12:15:00,5.346,14.643909
2020-03-17 12:30:00,5.276,14.559539
2020-03-17 12:45:00,5.487,14.369686
2020-03-17 13:00:00,5.276,14.145808
2020-03-17 13:15:00,5.417,14.097871
2020-03-17 13:30:00,5.768,14.178108
2020-03-17 13:45:00,6.05,14.037241
2020-03-17 14:00:00,6.12,14.092562
2020-03-17 14:15:00,6.191,14.136194
2020-03-17 14:30:00,6.191,14.2165785
2020-03-17 14:45:00,6.402,14.177116
2020-03-17 15:00:00,6.472,14.175533
2020-03-17 15:15:00,6.824,14.1912365
2020-03-17 15:30:00,6.402,14.233478
2020-03-17 15:45:00,6.12,14.200845
2020-03-17 16:00:00,6.05,14.230594
2020-03-17 16:15:00,5.979,14.182812
2020-03-17 16:30:00,5.839,14.088757
2020-03-17 16:45:00,5.839,13.988102
2020-03-17 17:00:00,5.839,13.984022
2020-03-17 17:15:00,5.768,13.987577
2020-03-17 17:30:00,5.698,13.995954
2020-03-17 17:45:00,5.839,13.902338
2020-03-17 18:00:00,5.768,13.879316
2020-03-17 18:15:00,5.698,13.886285
2020-03-17 18:30:00,5.768,13.914476
2020-03-17 18:45:00,5.628,13.810488
2020-03-17 19:00:00,5.628,13.732998
2020-03-17 19:15:00,5.698,13.755241
2020-03-17 19:30:00,5.557,13.742098
2020-03-17 19:45:00,5.417,13.607467
2020-03-17 20:00:00,5.487,13.55908
2020-03-17 20:15:00,5.698,13.4412565
2020-03-17 20:30:00,5.487,13.442202
2020-03-17 20:45:00,5.557,13.360402
2020-03-17 21:00:00,5.487,13.321493
2020-03-17 21:15:00,5.276,13.298667
2020-03-17 21:30:00,5.628,13.280242
2020-03-17 21:45:00,5.557,13.245971
2020-03-17 22:00:00,5.276,13.297894
2020-03-17 22:15:00,4.924,13.389992
2020-03-17 22:30:00,3.517,13.561907
2020-03-17 22:45:00,3.095,13.551035
2020-03-17 23:00:00,3.517,13.687093
2020-03-17 23:15:00,4.362,13.981785
2020-03-17 23:30:00,4.502,14.41984
2020-03-17 23:45:00,4.643,14.79713
2020-03-18 00:00:00,4.713,15.1424055
2020-03-18 00:15:00,4.573,15.569985
2020-03-18 00:30:00,4.713,14.1228485
2020-03-18 00:45:00,4.854,15.082997
2020-03-18 01:00:00,4.854,14.703629
2020-03-18 01:15:00,5.065,13.682964
2020-03-18 01:30:00,5.206,13.9802065
2020-03-18 01:45:00,5.557,14.107513
2020-03-18 02:00:00,5.557,14.274291
2020-03-18 02:15:00,5.487,14.378333
2020-03-18 02:30:00,5.628,14.463526
2020-03-18 02:45:00,5.979,14.471308
2020-03-18 03:00:00,5.909,14.59701
2020-03-18 03:15:00,6.191,14.71903
2020-03-18 03:30:00,6.12,14.870745
2020-03-18 03:45:00,6.261,14.7388525
2020-03-18 04:00:00,4.924,14.619083
2020-03-18 04:15:00,4.15,14.708824
2020-03-18 04:30:00,3.728,14.890429
2020-03-18 04:45:00,3.869,14.939056
2020-03-18 05:00:00,3.799,14.956316
2020-03-18 05:15:00,3.447,14.986832
2020-03-18 05:30:00,3.939,15.128188
2020-03-18 05:45:00,5.206,15.264872
2020-03-18 06:00:00,5.839,15.471558
2020-03-18 06:15:00,6.331,15.602156
2020-03-18 06:30:00,7.105,15.626081
2020-03-18 06:45:00,7.668,15.502922
2020-03-18 07:00:00,7.738,15.499074
2020-03-18 07:15:00,7.809,15.497216
2020-03-18 07:30:00,8.231,15.571455
2020-03-18 07:45:00,8.16,15.542304
2020-03-18 08:00:00,8.09,15.540175
2020-03-18 08:15:00,7.879,15.640758
2020-03-18 08:30:00,8.09,15.802601
2020-03-18 08:45:00,7.738,15.691118
2020-03-18 09:00:00,7.105,15.475869
2020-03-18 09:15:00,6.542,15.256867
2020-03-18 09:30:00,5.979,15.088956
2020-03-18 09:45:00,6.331,14.982554
2020-03-18 10:00:00,7.597,14.936949
2020-03-18 10:15:00,7.809,14.832247
2020-03-18 10:30:00,7.809,14.817671
2020-03-18 10:45:00,8.09,14.675016
2020-03-18 11:00:00,7.949,14.517209
2020-03-18 11:15:00,6.964,14.449005
2020-03-18 11:30:00,7.105,14.363171
2020-03-18 11:45:00,6.894,14.101525
2020-03-18 12:00:00,6.964,14.031235
2020-03-18 12:15:00,7.316,13.920107
2020-03-18 12:30:00,7.597,13.87899
2020-03-18 12:45:00,7.809,13.741685
2020-03-18 13:00:00,7.809,13.706755
2020-03-18 13:15:00,6.894,13.710094
2020-03-18 13:30:00,6.261,13.704637
2020-03-18 13:45:00,5.839,13.702132
2020-03-18 14:00:00,6.261,13.792999
2020-03-18 14:15:00,5.487,13.865019
2020-03-18 14:30:00,4.854,13.998967
2020-03-18 14:45:00,5.276,13.942267
2020-03-18 15:00:00,5.698,13.979545
2020-03-18 15:15:00,5.979,14.075314
2020-03-18 15:30:00,5.909,14.220017
2020-03-18 15:45:00,5.839,14.165055
2020-03-18 16:00:00,5.487,14.18954
2020-03-18 16:15:00,5.206,14.19428
2020-03-18 16:30:00,4.995,14.208152
2020-03-18 16:45:00,5.206,14.1285715
2020-03-18 17:00:00,5.417,14.139095
2020-03-18 17:15:00,5.768,14.188582
2020-03-18 17:30:00,5.768,14.272081
2020-03-18 17:45:00,5.698,14.271705
2020-03-18 18:00:00,5.979,14.251732
2020-03-18 18:15:00,6.12,14.196138
2020-03-18 18:30:00,6.12,14.142563
2020-03-18 18:45:00,6.261,13.966514
2020-03-18 19:00:00,5.487,13.831455
2020-03-18 19:15:00,4.15,13.789584
2020-03-18 19:30:00,3.939,13.733344
2020-03-18 19:45:00,4.15,13.612984
2020-03-18 20:00:00,4.432,13.508108
2020-03-18 20:15:00,5.346,13.464846
2020-03-18 20:30:00,5.839,13.481832
2020-03-18 20:45:00,6.05,13.366646
2020-03-18 21:00:00,5.979,13.3358135
2020-03-18 21:15:00,6.191,13.349305
2020-03-18 21:30:00,6.613,13.319338
2020-03-18 21:45:00,6.191,13.171916
2020-03-18 22:00:00,5.979,13.17706
2020-03-18 22:15:00,5.839,13.260035
2020-03-18 22:30:00,5.628,13.530784
2020-03-18 22:45:00,5.839,13.677125
2020-03-18 23:00:00,5.768,13.849799
2020-03-18 23:15:00,5.839,14.17728
2020-03-18 23:30:00,6.472,14.482058
2020-03-18 23:45:00,6.753,14.715065
2020-03-19 00:00:00,5.909,14.971323
2020-03-19 00:15:00,5.628,15.235388
2020-03-19 00:30:00,5.698,13.520072
2020-03-19 00:45:00,6.05,14.256179
2020-03-19 01:00:00,6.12,13.902863
2020-03-19 01:15:00,6.402,12.792725
2020-03-19 01:30:00,6.331,13.009312
2020-03-19 01:45:00,6.191,13.155001
2020-03-19 02:00:00,6.753,13.330986
2020-03-19 02:15:00,6.753,13.4672365
2020-03-19 02:30:00,5.065,13.60829
2020-03-19 02:45:00,4.362,13.628794
2020-03-19 03:00:00,4.854,13.640766
2020-03-19 03:15:00,5.206,13.795986
2020-03-19 03:30:00,5.839,13.913332
2020-03-19 03:45:00,4.924,13.893305
2020-03-19 04:00:00,4.784,13.861841
2020-03-19 04:15:00,3.447,13.888055
2020-03-19 04:30:00,4.15,14.1404505
2020-03-19 04:45:00,3.939,14.331647
2020-03-19 05:00:00,4.362,14.410982
2020-03-19 05:15:00,4.924,14.63213
2020-03-19 05:30:00,5.628,14.839197
2020-03-19 05:45:00,5.839,14.840948
2020-03-19 06:00:00,5.839,15.217851
2020-03-19 06:15:00,4.643,15.301186
2020-03-19 06:30:00,4.643,15.300266
2020-03-19 06:45:00,4.924,15.1800785
2020-03-19 07:00:00,4.854,15.097009
2020-03-19 07:15:00,4.502,15.286606
2020-03-19 07:30:00,4.713,15.527258
2020-03-19 07:45:00,4.643,15.647674
2020-03-19 08:00:00,4.854,15.879955
2020-03-19 08:15:00,4.784,15.972803
2020-03-19 08:30:00,5.065,16.105843
2020-03-19 08:45:00,4.995,16.07794
2020-03-19 09:00:00,5.276,16.01075
2020-03-19 09:15:00,5.557,16.21306
2020-03-19 09:30:00,5.839,16.316013
2020-03-19 09:45:00,5.346,16.177837
2020-03-19 10:00:00,5.557,15.983249
2020-03-19 10:15:00,5.276,15.729556
2020-03-19 10:30:00,4.854,15.606144
2020-03-19 10:45:00,4.995,15.436535
2020-03-19 11:00:00,5.135,15.408972
2020-03-19 11:15:00,5.206,15.375
2020-03-19 11:30:00,5.557,15.35076
2020-03-19 11:45:00,5.768,15.186539
2020-03-19 12:00:00,6.261,14.941418
2020-03-19 12:15:00,5.628,14.640025
2020-03-19 12:30:00,5.628,14.44072
2020-03-19 12:45:00,5.346,14.111022
2020-03-19 13:00:00,5.206,13.899895
2020-03-19 13:15:00,5.346,13.852687
2020-03-19 13:30:00,5.698,13.789899
2020-03-19 13:45:00,5.417,13.663921
2020-03-19 14:00:00,5.346,13.65269
2020-03-19 14:15:00,5.628,13.554377
2020-03-19 14:30:00,5.979,13.610687
2020-03-19 14:45:00,5.346,13.602537
2020-03-19 15:00:00,5.417,13.722487
2020-03-19 15:15:00,5.135,13.863561
2020-03-19 15:30:00,4.784,13.989709
2020-03-19 15:45:00,4.854,13.979133
2020-03-19 16:00:00,5.065,13.998698
2020-03-19 16:15:00,5.628,14.034764
2020-03-19 16:30:00,5.276,14.090683
2020-03-19 16:45:00,5.276,14.082024
2020-03-19 17:00:00,6.05,14.081458
2020-03-19 17:15:00,5.768,14.188598
2020-03-19 17:30:00,4.854,14.249677
2020-03-19 17:45:00,3.306,14.246761
2020-03-19 18:00:00,3.166,14.31106
2020-03-19 18:15:00,3.799,14.326033
2020-03-19 18:30:00,3.869,14.363666
2020-03-19 18:45:00,4.08,14.271224
2020-03-19 19:00:00,3.869,14.271742
2020-03-19 19:15:00,3.658,14.286337
2020-03-19 19:30:00,4.08,14.258099
2020-03-19 19:45:00,4.502,14.091265
2020-03-19 20:00:00,4.643,13.978718
2020-03-19 20:15:00,4.713,13.870971
2020-03-19 20:30:00,5.065,13.848143
2020-03-19 20:45:00,5.346,13.718284
2020-03-19 21:00:00,4.573,13.626616
2020-03-19 21:15:00,4.995,13.57102
2020-03-19 21:30:00,5.065,13.50082
2020-03-19 21:45:00,5.065,13.327976
2020-03-19 22:00:00,4.643,13.234914
2020-03-19 22:15:00,4.643,13.359367
2020-03-19 22:30:00,4.502,13.6221695
2020-03-19 22:45:00,3.658,13.718649
2020-03-19 23:00:00,4.08,13.879934
2020-03-19 23:15:00,4.15,14.136488
2020-03-19 23:30:00,4.291,14.57378
2020-03-19 23:45:00,3.236,14.925141
2020-03-20 00:00:00,3.095,15.267195
2020-03-20 00:15:00,2.814,15.644446
2020-03-20 00:30:00,3.025,14.222551
2020-03-20 00:45:00,3.377,15.367924
2020-03-20 01:00:00,3.236,15.313947
2020-03-20 01:15:00,3.166,14.5688
2020-03-20 01:30:00,3.658,14.96081
2020-03-20 01:45:00,4.01,15.076536
2020-03-20 02:00:00,4.01,15.087469
2020-03-20 02:15:00,4.221,15.231623
2020-03-20 02:30:00,4.15,15.451284
2020-03-20 02:45:00,3.799,15.407095
2020-03-20 03:00:00,3.728,15.399181
2020-03-20 03:15:00,4.15,15.407316
2020-03-20 03:30:00,4.221,15.51638
2020-03-20 03:45:00,4.291,15.449239
2020-03-20 04:00:00,4.291,15.385604
2020-03-20 04:15:00,3.728,15.441593
2020-03-20 04:30:00,4.01,15.558221
2020-03-20 04:45:00,4.291,15.554401
2020-03-20 05:00:00,4.643,15.572632
2020-03-20 05:15:00,4.01,15.634533
2020-03-20 05:30:00,3.799,15.707878
2020-03-20 05:45:00,4.502,15.673504
2020-03-20 06:00:00,4.432,15.65949
2020-03-20 06:15:00,4.01,15.5870075
2020-03-20 06:30:00,3.799,15.711519
2020-03-20 06:45:00,3.447,15.696028
2020-03-20 07:00:00,3.166,15.76835
2020-03-20 07:15:00,3.447,15.9240055
2020-03-20 07:30:00,3.306,16.123638
2020-03-20 07:45:00,3.095,16.246902
2020-03-20 08:00:00,2.955,16.264656
2020-03-20 08:15:00,2.814,16.303753
2020-03-20 08:30:00,2.462,16.258652
2020-03-20 08:45:00,2.884,16.137283
2020-03-20 09:00:00,3.728,16.161648
2020-03-20 09:15:00,3.095,16.121624
2020-03-20 09:30:00,3.377,16.135782
2020-03-20 09:45:00,3.728,15.9971485
2020-03-20 10:00:00,4.15,15.809146
2020-03-20 10:15:00,4.08,15.597136
2020-03-20 10:30:00,3.869,15.447677
2020-03-20 10:45:00,4.221,15.335095
2020-03-20 11:00:00,3.588,15.249466
2020-03-20 11:15:00,3.728,15.20601
2020-03-20 11:30:00,4.08,15.253618
2020-03-20 11:45:00,3.728,15.198988
2020-03-20 12:00:00,3.869,15.118834
2020-03-20 12:15:00,3.447,15.075703
2020-03-20 12:30:00,3.166,15.098997
2020-03-20 12:45:00,3.447,15.012196
2020-03-20 13:00:00,3.447,14.989293
2020-03-20 13:15:00,3.377,15.0248575
2020-03-20 13:30:00,3.658,15.141328
2020-03-20 13:45:00,3.869,15.171736
2020-03-20 14:00:00,3.517,15.311651
2020-03-20 14:15:00,3.517,15.472013
2020-03-20 14:30:00,3.517,15.506254
2020-03-20 14:45:00,3.236,15.3857
2020-03-20 15:00:00,3.517,15.328382
2020-03-20 15:15:00,2.814,15.349476
2020-03-20 15:30:00,3.095,15.419584
2020-03-20 15:45:00,2.955,15.347231
2020-03-20 16:00:00,3.095,15.359497
2020-03-20 16:15:00,2.603,15.300488
2020-03-20 16:30:00,2.884,15.227347
2020-03-20 16:45:00,2.321,15.099712
2020-03-20 17:00:00,2.462,15.094167
2020-03-20 17:15:00,2.181,15.132519
2020-03-20 17:30:00,1.899,15.258317
2020-03-20 17:45:00,2.744,15.181938
2020-03-20 18:00:00,2.532,15.11746
2020-03-20 18:15:00,3.236,15.024138
2020-03-20 18:30:00,3.447,14.958011
2020-03-20 18:45:00,3.658,14.830078
2020-03-20 19:00:00,2.884,14.765937
2020-03-20 19:15:00,2.392,14.770875
2020-03-20 19:30:00,2.744,14.712858
2020-03-20 19:45:00,2.884,14.551355
2020-03-20 20:00:00,2.532,14.447946
2020-03-20 20:15:00,2.532,14.382044
2020-03-20 20:30:00,3.025,14.394529
2020-03-20 20:45:00,3.236,14.293435
2020-03-20 21:00:00,2.603,14.255703
2020-03-20 21:15:00,3.236,14.226139
2020-03-20 21:30:00,3.166,14.242178
2020-03-20 21:45:00,3.447,14.117418
2020-03-20 22:00:00,3.377,14.101925
2020-03-20 22:15:00,3.236,14.028221
2020-03-20 22:30:00,2.744,14.094225
2020-03-20 22:45:00,2.955,14.071764
2020-03-20 23:00:00,3.377,14.182278
2020-03-20 23:15:00,2.955,14.43338
2020-03-20 23:30:00,2.603,14.697215
2020-03-20 23:45:00,2.884,14.857962
2020-03-21 00:00:00,3.447,15.100308
2020-03-21 00:15:00,3.447,15.366305
2020-03-21 00:30:00,3.095,13.700624
2020-03-21 00:45:00,2.814,14.575695
2020-03-21 01:00:00,2.744,14.162054
2020-03-21 01:15:00,2.744,13.34593
2020-03-21 01:30:00,2.744,13.56245
2020-03-21 01:45:00,2.884,13.555813
2020-03-21 02:00:00,3.447,13.707691
2020-03-21 02:15:00,3.728,13.771669
2020-03-21 02:30:00,3.799,14.006637
2020-03-21 02:45:00,4.15,13.978334
2020-03-21 03:00:00,3.799,13.859748
2020-03-21 03:15:00,3.447,13.872409
2020-03-21 03:30:00,3.236,13.8534975
2020-03-21 03:45:00,4.01,13.821925
2020-03-21 04:00:00,3.869,13.935929
2020-03-21 04:15:00,3.939,13.94053
2020-03-21 04:30:00,4.15,14.1186
2020-03-21 04:45:00,3.939,14.069458
2020-03-21 05:00:00,4.08,14.048939
2020-03-21 05:15:00,3.728,14.006905
2020-03-21 05:30:00,4.502,14.061802
2020-03-21 05:45:00,4.08,13.958231
2020-03-21 06:00:00,3.939,14.007946
2020-03-21 06:15:00,4.221,14.055281
2020-03-21 06:30:00,4.15,14.17793
2020-03-21 06:45:00,3.658,14.124735
2020-03-21 07:00:00,4.01,14.197734
2020-03-21 07:15:00,3.517,14.317936
2020-03-21 07:30:00,4.08,14.521961
2020-03-21 07:45:00,4.362,14.485592
2020-03-21 08:00:00,4.291,14.504459
2020-03-21 08:15:00,4.502,14.714785
2020-03-21 08:30:00,3.588,14.886215
2020-03-21 08:45:00,3.447,14.926517
2020-03-21 09:00:00,3.166,14.8792
2020-03-21 09:15:00,3.799,14.840609
2020-03-21 09:30:00,4.291,14.923397
2020-03-21 09:45:00,4.573,14.935006
2020-03-21 10:00:00,5.417,15.026672
2020-03-21 10:15:00,4.573,14.972722
2020-03-21 10:30:00,4.784,14.9454365
2020-03-21 10:45:00,5.135,14.874748
2020-03-21 11:00:00,5.206,14.922829
2020-03-21 11:15:00,5.276,15.019594
2020-03-21 11:30:00,5.135,15.112904
2020-03-21 11:45:00,5.206,14.941097
2020-03-21 12:00:00,5.065,14.847388
2020-03-21 12:15:00,5.346,14.767923
2020-03-21 12:30:00,5.346,14.808571
2020-03-21 12:45:00,5.768,14.695232
2020-03-21 13:00:00,6.191,14.671382
2020-03-21 13:15:00,6.683,14.847023
2020-03-21 13:30:00,6.683,15.050648
2020-03-21 13:45:00,6.753,15.353855
2020-03-21 14:00:00,5.909,15.427252
2020-03-21 14:15:00,6.191,15.516359
2020-03-21 14:30:00,6.402,15.572892
2020-03-21 14:45:00,6.402,15.267605
2020-03-21 15:00:00,6.683,15.283047
2020-03-21 15:15:00,6.542,15.407885
2020-03-21 15:30:00,6.964,15.597578
2020-03-21 15:45:00,7.035,15.623582
2020-03-21 16:00:00,6.683,15.484499
2020-03-21 16:15:00,7.105,15.477422
2020-03-21 16:30:00,6.613,15.382058
2020-03-21 16:45:00,6.472,15.193476
2020-03-21 17:00:00,6.402,15.0448265
2020-03-21 17:15:00,6.261,14.826647
2020-03-21 17:30:00,6.331,14.751247
2020-03-21 17:45:00,6.542,14.610676
2020-03-21 18:00:00,6.894,14.494536
2020-03-21 18:15:00,6.964,14.413145
2020-03-21 18:30:00,6.753,14.349936
2020-03-21 18:45:00,6.964,14.206479
2020-03-21 19:00:00,7.035,14.137519
2020-03-21 19:15:00,7.035,14.087569
2020-03-21 19:30:00,7.035,14.073706
2020-03-21 19:45:00,7.035,13.924692
2020-03-21 20:00:00,6.753,13.82971
2020-03-21 20:15:00,6.964,13.77492
2020-03-21 20:30:00,6.613,13.795154
2020-03-21 20:45:00,6.753,13.71526
2020-03-21 21:00:00,6.753,13.708926
2020-03-21 21:15:00,6.753,13.718132
2020-03-21 21:30:00,6.683,13.748871
2020-03-21 21:45:00,6.542,13.72603
2020-03-21 22:00:00,6.683,13.8115835
2020-03-21 22:15:00,6.964,13.942414
2020-03-21 22:30:00,7.105,14.185634
2020-03-21 22:45:00,7.386,14.259836
2020-03-21 23:00:00,6.683,14.421552
2020-03-21 23:15:00,6.472,14.757038
2020-03-21 23:30:00,6.824,15.144442
2020-03-21 23:45:00,6.402,15.442579
2020-03-22 00:00:00,6.613,15.6868305
2020-03-22 00:15:00,6.753,15.940802
2020-03-22 00:30:00,6.261,14.295437
2020-03-22 00:45:00,6.331,15.252391
2020-03-22 01:00:00,6.331,14.907673
2020-03-22 01:15:00,6.472,13.819698
2020-03-22 01:30:00,6.472,13.944067
2020-03-22 01:45:00,6.753,13.967499
2020-03-22 02:00:00,6.753,14.019375
2020-03-22 02:15:00,6.542,14.040285
2020-03-22 02:30:00,6.753,14.095867
2020-03-22 02:45:00,6.613,13.989833
2020-03-22 03:00:00,6.261,14.101925
2020-03-22 03:15:00,6.05,14.158117
2020-03-22 03:30:00,6.261,14.181095
2020-03-22 03:45:00,6.261,14.135814
2020-03-22 04:00:00,6.261,14.123577
2020-03-22 04:15:00,6.191,14.182361
2020-03-22 04:30:00,6.753,14.265533
2020-03-22 04:45:00,6.613,14.33605
2020-03-22 05:00:00,6.472,14.392363
2020-03-22 05:15:00,6.402,14.435245
2020-03-22 05:30:00,6.683,14.553522
2020-03-22 05:45:00,6.402,14.625818
2020-03-22 06:00:00,6.472,14.791607
2020-03-22 06:15:00,6.05,14.877818
2020-03-22 06:30:00,5.839,15.062943
2020-03-22 06:45:00,6.12,15.147729
2020-03-22 07:00:00,6.12,15.263424
2020-03-22 07:15:00,6.331,15.364746
2020-03-22 07:30:00,6.542,15.4437065
2020-03-22 07:45:00,7.035,15.482675
2020-03-22 08:00:00,6.964,15.650288
2020-03-22 08:15:00,7.386,15.864943
2020-03-22 08:30:00,7.457,15.976587
2020-03-22 08:45:00,7.668,15.928208
2020-03-22 09:00:00,7.949,15.875198
2020-03-22 09:15:00,7.949,15.785197
2020-03-22 09:30:00,8.582,15.84948
2020-03-22 09:45:00,9.075,15.911676
2020-03-22 10:00:00,8.512,15.884557
2020-03-22 10:15:00,8.442,15.967724
2020-03-22 10:30:00,8.02,15.960152
2020-03-22 10:45:00,7.809,15.786919
2020-03-22 11:00:00,7.457,15.814047
2020-03-22 11:15:00,7.527,15.800636
2020-03-22 11:30:00,7.949,15.882828
2020-03-22 11:45:00,8.09,15.802839
2020-03-22 12:00:00,8.16,15.823154
2020-03-22 12:15:00,8.512,15.828694
2020-03-22 12:30:00,8.934,15.714855
2020-03-22 12:45:00,9.075,15.455179
2020-03-22 13:00:00,9.426,15.203058
2020-03-22 13:15:00,9.286,15.212623
2020-03-22 13:30:00,9.215,15.26029
2020-03-22 13:45:00,8.864,15.219257
2020-03-22 14:00:00,9.004,15.206401
2020-03-22 14:15:00,9.215,15.118332
2020-03-22 14:30:00,9.638,15.166746
2020-03-22 14:45:00,8.653,15.077593
2020-03-22 15:00:00,8.512,15.131796
2020-03-22 15:15:00,8.442,15.157428
2020-03-22 15:30:00,8.512,15.153437
2020-03-22 15:45:00,8.512,15.059019
2020-03-22 16:00:00,8.793,14.953321
2020-03-22 16:15:00,8.442,14.881436
2020-03-22 16:30:00,7.809,14.834452
2020-03-22 16:45:00,8.16,14.649275
2020-03-22 17:00:00,8.582,14.709963
2020-03-22 17:15:00,8.864,14.818528
2020-03-22 17:30:00,8.864,14.934912
2020-03-22 17:45:00,9.567,14.859156
2020-03-22 18:00:00,9.708,14.75118
2020-03-22 18:15:00,9.567,14.666013
2020-03-22 18:30:00,9.215,14.618887
2020-03-22 18:45:00,9.215,14.464809
2020-03-22 19:00:00,9.215,14.36296
2020-03-22 19:15:00,8.723,14.313776
2020-03-22 19:30:00,8.653,14.330542
2020-03-22 19:45:00,8.442,14.229855
2020-03-22 20:00:00,8.512,14.140205
2020-03-22 20:15:00,8.231,14.072905
2020-03-22 20:30:00,8.16,14.046545
2020-03-22 20:45:00,8.371,13.912882
2020-03-22 21:00:00,8.371,13.86936
2020-03-22 21:15:00,8.653,13.858173
2020-03-22 21:30:00,8.582,13.833216
2020-03-22 21:45:00,8.512,13.81827
2020-03-22 22:00:00,8.512,13.864475
2020-03-22 22:15:00,8.16,14.004761
2020-03-22 22:30:00,8.371,14.180815
2020-03-22 22:45:00,8.442,14.190115
2020-03-22 23:00:00,8.371,14.373778
2020-03-22 23:15:00,8.16,14.733076
2020-03-22 23:30:00,8.301,15.172915
2020-03-22 23:45:00,8.371,15.539494
2020-03-23 00:00:00,8.442,15.913767
2020-03-23 00:15:00,8.301,16.283985
2020-03-23 00:30:00,8.653,14.645874
2020-03-23 00:45:00,8.442,15.641775
2020-03-23 01:00:00,8.16,15.38102
2020-03-23 01:15:00,8.371,14.369201
2020-03-23 01:30:00,8.442,14.752078
2020-03-23 01:45:00,8.231,15.020455
2020-03-23 02:00:00,8.301,15.296187
2020-03-23 02:15:00,8.371,15.445767
2020-03-23 02:30:00,8.301,15.406389
2020-03-23 02:45:00,8.653,15.345129
2020-03-23 03:00:00,8.723,15.332684
2020-03-23 03:15:00,8.723,15.450311
2020-03-23 03:30:00,8.442,15.603788
2020-03-23 03:45:00,8.723,15.519091
2020-03-23 04:00:00,8.301,15.58459
2020-03-23 04:15:00,8.371,15.618341
2020-03-23 04:30:00,7.879,15.841532
2020-03-23 04:45:00,8.371,15.925585
2020-03-23 05:00:00,8.02,15.979789
2020-03-23 05:15:00,8.16,16.119408
2020-03-23 05:30:00,8.371,16.186703
2020-03-23 05:45:00,8.582,16.342232
2020-03-23 06:00:00,8.16,16.394836
2020-03-23 06:15:00,7.949,16.456177
2020-03-23 06:30:00,7.809,16.47522
2020-03-23 06:45:00,7.879,16.430674
2020-03-23 07:00:00,8.231,16.58757
2020-03-23 07:15:00,9.075,16.74783
2020-03-23 07:30:00,8.934,16.896025
2020-03-23 07:45:00,8.934,16.874926
2020-03-23 08:00:00,8.582,16.797459
2020-03-23 08:15:00,8.723,16.777946
2020-03-23 08:30:00,8.512,16.730545
2020-03-23 08:45:00,8.864,16.549595
2020-03-23 09:00:00,8.231,16.5196
2020-03-23 09:15:00,8.653,16.61848
2020-03-23 09:30:00,9.778,16.631454
2020-03-23 09:45:00,9.989,16.41064
2020-03-23 10:00:00,9.919,16.302681
2020-03-23 10:15:00,10.271,16.071836
2020-03-23 10:30:00,10.06,16.070509
2020-03-23 10:45:00,9.849,16.20506
2020-03-23 11:00:00,9.989,16.164665
2020-03-23 11:15:00,9.778,16.145706
2020-03-23 11:30:00,9.497,16.293598
2020-03-23 11:45:00,9.567,16.267035
2020-03-23 12:00:00,9.708,16.285759
2020-03-23 12:15:00,9.778,16.41386
2020-03-23 12:30:00,9.778,16.429613
2020-03-23 12:45:00,10.13,16.362074
2020-03-23 13:00:00,10.271,16.338383
2020-03-23 13:15:00,10.622,16.361778
2020-03-23 13:30:00,11.537,16.595938
2020-03-23 13:45:00,10.974,16.697424
2020-03-23 14:00:00,11.607,16.757324
2020-03-23 14:15:00,12.029,16.775265
2020-03-23 14:30:00,12.451,16.748482
2020-03-23 14:45:00,12.24,16.681793
2020-03-23 15:00:00,12.522,16.737097
2020-03-23 15:15:00,12.662,16.704594
2020-03-23 15:30:00,12.733,16.671886
2020-03-23 15:45:00,12.874,16.436121
2020-03-23 16:00:00,12.381,16.206272
2020-03-23 16:15:00,12.381,16.035423
2020-03-23 16:30:00,12.662,15.890205
2020-03-23 16:45:00,12.522,15.684547
2020-03-23 17:00:00,12.733,15.468689
2020-03-23 17:15:00,12.803,15.257294
2020-03-23 17:30:00,12.944,15.125017
2020-03-23 17:45:00,12.451,14.901239
2020-03-23 18:00:00,12.029,14.754585
2020-03-23 18:15:00,11.678,14.665501
2020-03-23 18:30:00,11.185,14.659287
2020-03-23 18:45:00,10.974,14.53787
2020-03-23 19:00:00,10.833,14.523079
2020-03-23 19:15:00,10.904,14.570906
2020-03-23 19:30:00,10.904,14.525921
2020-03-23 19:45:00,10.833,14.387301
2020-03-23 20:00:00,10.622,14.308645
2020-03-23 20:15:00,10.13,14.265565
2020-03-23 20:30:00,9.708,14.32482
2020-03-23 20:45:00,9.426,14.2723
2020-03-23 21:00:00,9.426,14.271245
2020-03-23 21:15:00,8.934,14.274797
2020-03-23 21:30:00,9.215,14.269939
2020-03-23 21:45:00,9.215,14.080139
2020-03-23 22:00:00,9.004,13.943195
2020-03-23 22:15:00,8.934,14.058667
2020-03-23 22:30:00,9.215,14.240452
2020-03-23 22:45:00,9.426,14.393103
2020-03-23 23:00:00,9.286,14.621062
2020-03-23 23:15:00,9.215,14.837378
2020-03-23 23:30:00,9.286,15.294034
2020-03-23 23:45:00,8.934,15.5690155
2020-03-24 00:00:00,9.145,15.940645
2020-03-24 00:15:00,9.075,16.437172
2020-03-24 00:30:00,9.286,14.927936
2020-03-24 00:45:00,9.215,15.889535
2020-03-24 01:00:00,9.497,15.646415
2020-03-24 01:15:00,9.708,14.870982
2020-03-24 01:30:00,9.989,15.198367
2020-03-24 01:45:00,10.06,15.419855
2020-03-24 02:00:00,9.849,15.584721
2020-03-24 02:15:00,9.638,15.60391
2020-03-24 02:30:00,9.286,15.701695
2020-03-24 02:45:00,9.286,15.664799
2020-03-24 03:00:00,9.286,15.662092
2020-03-24 03:15:00,9.215,15.742896
2020-03-24 03:30:00,9.075,15.82776
2020-03-24 03:45:00,9.286,15.847267
2020-03-24 04:00:00,9.356,15.806459
2020-03-24 04:15:00,9.778,15.841315
2020-03-24 04:30:00,9.567,16.00122
2020-03-24 04:45:00,9.497,15.972231
2020-03-24 05:00:00,9.075,15.864507
2020-03-24 05:15:00,9.215,15.990634
2020-03-24 05:30:00,8.934,16.152359
2020-03-24 05:45:00,9.004,16.245941
2020-03-24 06:00:00,9.004,16.336157
2020-03-24 06:15:00,9.004,16.348238
2020-03-24 06:30:00,9.145,16.344969
2020-03-24 06:45:00,9.778,16.341242
2020-03-24 07:00:00,10.622,16.53313
2020-03-24 07:15:00,9.989,16.64349
2020-03-24 07:30:00,9.286,16.754715
2020-03-24 07:45:00,9.567,16.828798
2020-03-24 08:00:00,9.497,16.862074
2020-03-24 08:15:00,9.638,17.026642
2020-03-24 08:30:00,9.778,17.162785
2020-03-24 08:45:00,9.849,17.022923
2020-03-24 09:00:00,9.849,16.95205
2020-03-24 09:15:00,9.708,17.029856
2020-03-24 09:30:00,9.778,17.032616
2020-03-24 09:45:00,9.919,16.870525
2020-03-24 10:00:00,9.919,16.747879
2020-03-24 10:15:00,10.06,16.607117
2020-03-24 10:30:00,9.989,16.666946
2020-03-24 10:45:00,10.271,16.41264
2020-03-24 11:00:00,10.271,16.189476
2020-03-24 11:15:00,10.13,16.046814
2020-03-24 11:30:00,10.622,15.973244
2020-03-24 11:45:00,10.693,15.871365
2020-03-24 12:00:00,10.693,15.831493
2020-03-24 12:15:00,10.482,15.689996
2020-03-24 12:30:00,10.341,15.533585
2020-03-24 12:45:00,10.482,15.481738
2020-03-24 13:00:00,10.693,15.56877
2020-03-24 13:15:00,11.044,15.630084
2020-03-24 13:30:00,11.185,15.828403
2020-03-24 13:45:00,11.959,15.753272
2020-03-24 14:00:00,11.678,15.766375
2020-03-24 14:15:00,12.029,15.925451
2020-03-24 14:30:00,12.24,16.07661
2020-03-24 14:45:00,12.733,16.049679
2020-03-24 15:00:00,12.733,16.024935
2020-03-24 15:15:00,12.662,15.993766
2020-03-24 15:30:00,12.592,16.008995
2020-03-24 15:45:00,12.803,15.882464
2020-03-24 16:00:00,12.944,15.821718
2020-03-24 16:15:00,13.014,15.785923
2020-03-24 16:30:00,13.085,15.753078
2020-03-24 16:45:00,13.085,15.628551
2020-03-24 17:00:00,13.296,15.518222
2020-03-24 17:15:00,13.085,15.458067
2020-03-24 17:30:00,13.085,15.375897
2020-03-24 17:45:00,12.592,15.209564
2020-03-24 18:00:00,12.662,15.091633
2020-03-24 18:15:00,12.522,15.012489
2020-03-24 18:30:00,12.1,14.94744
2020-03-24 18:45:00,12.1,14.805563
2020-03-24 19:00:00,12.029,14.734128
2020-03-24 19:15:00,11.678,14.692299
2020-03-24 19:30:00,11.537,14.618168
2020-03-24 19:45:00,11.678,14.431933
2020-03-24 20:00:00,11.467,14.321631
2020-03-24 20:15:00,11.678,14.264517
2020-03-24 20:30:00,11.467,14.312552
2020-03-24 20:45:00,11.256,14.264974
2020-03-24 21:00:00,11.115,14.267668
2020-03-24 21:15:00,11.185,14.269269
2020-03-24 21:30:00,11.326,14.314813
2020-03-24 21:45:00,10.974,14.295471
2020-03-24 22:00:00,10.974,14.328792
2020-03-24 22:15:00,10.974,14.436699
2020-03-24 22:30:00,10.833,14.572963
2020-03-24 22:45:00,10.833,14.597569
2020-03-24 23:00:00,10.622,14.81325
2020-03-24 23:15:00,10.833,15.073421
2020-03-24 23:30:00,10.833,15.392917
2020-03-24 23:45:00,10.552,15.782759
2020-03-25 00:00:00,10.693,16.08123
2020-03-25 00:15:00,10.271,16.354517
2020-03-25 00:30:00,10.13,14.607625
2020-03-25 00:45:00,9.989,15.160694
2020-03-25 01:00:00,9.778,14.681494
2020-03-25 01:15:00,9.497,13.499153
2020-03-25 01:30:00,9.426,13.621328
2020-03-25 01:45:00,9.286,13.637249
2020-03-25 02:00:00,9.286,13.738752
2020-03-25 02:15:00,9.426,13.783937
2020-03-25 02:30:00,9.778,14.006635
2020-03-25 02:45:00,10.13,14.123127
2020-03-25 03:00:00,10.552,14.3898735
2020-03-25 03:15:00,10.341,14.433685
2020-03-25 03:30:00,10.2,14.485929
2020-03-25 03:45:00,10.06,14.507874
2020-03-25 04:00:00,10.341,14.543965
2020-03-25 04:15:00,10.271,14.768387
2020-03-25 04:30:00,10.622,14.873029
2020-03-25 04:45:00,10.622,14.962868
2020-03-25 05:00:00,10.693,15.172867
2020-03-25 05:15:00,10.622,15.284515
2020-03-25 05:30:00,10.341,15.390941
2020-03-25 05:45:00,10.622,15.348682
2020-03-25 06:00:00,10.411,15.275156
2020-03-25 06:15:00,10.482,15.279766
2020-03-25 06:30:00,10.13,15.342844
2020-03-25 06:45:00,9.989,15.216728
2020-03-25 07:00:00,9.989,15.10144
2020-03-25 07:15:00,10.2,15.018646
2020-03-25 07:30:00,10.2,15.0516615
2020-03-25 07:45:00,10.341,15.113533
2020-03-25 08:00:00,10.622,15.127625
2020-03-25 08:15:00,10.904,15.098695
2020-03-25 08:30:00,10.974,15.219666
2020-03-25 08:45:00,10.974,15.219507
2020-03-25 09:00:00,10.974,15.296646
2020-03-25 09:15:00,10.763,15.359052
2020-03-25 09:30:00,10.341,15.50259
2020-03-25 09:45:00,10.2,15.59612
2020-03-25 10:00:00,10.271,15.631685
2020-03-25 10:15:00,10.693,15.734028
2020-03-25 10:30:00,11.044,15.8663025
2020-03-25 10:45:00,10.482,15.72441
2020-03-25 11:00:00,9.989,15.772953
2020-03-25 11:15:00,10.13,15.770121
2020-03-25 11:30:00,10.2,15.802083
2020-03-25 11:45:00,10.411,15.798649
2020-03-25 12:00:00,10.622,15.653937
2020-03-25 12:15:00,10.833,15.547842
2020-03-25 12:30:00,10.833,15.402419
2020-03-25 12:45:00,10.482,15.12685
2020-03-25 13:00:00,10.341,15.087208
2020-03-25 13:15:00,10.622,15.060902
2020-03-25 13:30:00,10.904,15.118254
2020-03-25 13:45:00,10.341,15.119247
2020-03-25 14:00:00,10.763,15.014096
2020-03-25 14:15:00,10.622,14.952485
2020-03-25 14:30:00,10.622,14.950538
2020-03-25 14:45:00,10.974,14.904922
2020-03-25 15:00:00,10.904,14.969079
2020-03-25 15:15:00,11.044,15.118791
2020-03-25 15:30:00,10.974,15.238981
2020-03-25 15:45:00,10.693,15.185804
2020-03-25 16:00:00,10.833,15.146986
2020-03-25 16:15:00,10.552,15.191608
2020-03-25 16:30:00,11.044,15.145168
2020-03-25 16:45:00,10.833,15.013611
2020-03-25 17:00:00,10.974,14.963725
2020-03-25 17:15:00,11.326,14.941118
2020-03-25 17:30:00,11.326,14.909729
2020-03-25 17:45:00,11.396,14.715655
2020-03-25 18:00:00,11.467,14.585232
2020-03-25 18:15:00,11.537,14.440231
2020-03-25 18:30:00,10.974,14.392111
2020-03-25 18:45:00,10.693,14.26888
2020-03-25 19:00:00,10.341,14.19265
2020-03-25 19:15:00,10.482,14.124222
2020-03-25 19:30:00,10.552,14.071669
2020-03-25 19:45:00,10.482,13.91746
2020-03-25 20:00:00,10.622,13.830132
2020-03-25 20:15:00,10.622,13.788878
2020-03-25 20:30:00,10.763,13.827725
2020-03-25 20:45:00,10.552,13.788227
2020-03-25 21:00:00,10.552,13.815086
2020-03-25 21:15:00,10.271,13.837512
2020-03-25 21:30:00,10.271,13.798868
2020-03-25 21:45:00,10.552,13.76519
2020-03-25 22:00:00,10.482,13.742991
2020-03-25 22:15:00,10.271,13.871755
2020-03-25 22:30:00,10.482,14.094452
2020-03-25 22:45:00,10.411,14.048358
2020-03-25 23:00:00,10.482,14.216689
2020-03-25 23:15:00,10.482,14.468536
2020-03-25 23:30:00,10.482,14.894547
2020-03-25 23:45:00,10.06,15.318452
2020-03-26 00:00:00,10.13,15.716426
2020-03-26 00:15:00,10.271,16.289707
2020-03-26 00:30:00,10.341,14.847185
2020-03-26 00:45:00,10.06,15.784523
2020-03-26 01:00:00,9.919,15.417873
2020-03-26 01:15:00,10.13,14.37081
2020-03-26 01:30:00,10.271,14.666183
2020-03-26 01:45:00,10.622,14.856507
2020-03-26 02:00:00,10.833,15.064817
2020-03-26 02:15:00,10.763,15.292986
2020-03-26 02:30:00,10.763,15.45192
2020-03-26 02:45:00,10.833,15.597429
2020-03-26 03:00:00,10.341,15.625193
2020-03-26 03:15:00,10.13,15.682514
2020-03-26 03:30:00,9.989,15.744692
2020-03-26 03:45:00,9.989,15.878835
2020-03-26 04:00:00,10.06,15.988634
2020-03-26 04:15:00,10.622,16.235523
2020-03-26 04:30:00,10.833,16.31363
2020-03-26 04:45:00,10.622,16.310196
2020-03-26 05:00:00,10.763,16.271925
2020-03-26 05:15:00,10.763,16.244545
2020-03-26 05:30:00,10.693,16.497179
2020-03-26 05:45:00,10.763,16.635296
2020-03-26 06:00:00,10.763,16.698944
2020-03-26 06:15:00,10.693,16.870872
2020-03-26 06:30:00,10.271,16.969372
2020-03-26 06:45:00,10.482,16.907923
2020-03-26 07:00:00,10.763,16.91272
2020-03-26 07:15:00,11.044,16.875103
2020-03-26 07:30:00,11.185,16.932112
2020-03-26 07:45:00,10.974,16.963884
2020-03-26 08:00:00,11.044,16.986313
2020-03-26 08:15:00,11.185,17.007421
2020-03-26 08:30:00,11.607,17.127033
2020-03-26 08:45:00,11.185,17.059605
2020-03-26 09:00:00,10.622,17.225275
2020-03-26 09:15:00,10.763,17.336397
2020-03-26 09:30:00,11.044,17.321781
2020-03-26 09:45:00,11.326,17.302876
2020-03-26 10:00:00,11.607,17.184502
2020-03-26 10:15:00,11.678,17.1805
2020-03-26 10:30:00,10.833,17.18817
2020-03-26 10:45:00,10.833,17.182482
2020-03-26 11:00:00,10.2,17.26112
2020-03-26 11:15:00,10.482,17.24427
2020-03-26 11:30:00,10.552,17.29974
2020-03-26 11:45:00,10.482,17.216522
2020-03-26 12:00:00,11.115,17.111265
2020-03-26 12:15:00,11.678,17.08487
2020-03-26 12:30:00,11.537,17.122232
2020-03-26 12:45:00,11.678,17.058022
2020-03-26 13:00:00,12.24,17.090454
2020-03-26 13:15:00,12.803,17.29555
2020-03-26 13:30:00,13.436,17.41976
2020-03-26 13:45:00,13.155,17.451746
2020-03-26 14:00:00,13.507,17.442274
2020-03-26 14:15:00,13.436,17.42178
2020-03-26 14:30:00,13.366,17.448195
2020-03-26 14:45:00,13.647,17.393116
2020-03-26 15:00:00,13.366,17.366447
2020-03-26 15:15:00,13.436,17.380041
2020-03-26 15:30:00,13.858,17.451664
2020-03-26 15:45:00,13.858,17.272121
2020-03-26 16:00:00,13.788,17.129417
2020-03-26 16:15:00,13.858,16.965357
2020-03-26 16:30:00,13.436,16.749231
2020-03-26 16:45:00,13.647,16.500946
2020-03-26 17:00:00,13.718,16.363195
2020-03-26 17:15:00,13.647,16.212265
2020-03-26 17:30:00,13.788,16.119936
2020-03-26 17:45:00,13.858,15.946623
2020-03-26 18:00:00,13.647,15.817072
2020-03-26 18:15:00,12.733,15.7030325
2020-03-26 18:30:00,12.592,15.630165
2020-03-26 18:45:00,12.451,15.451222
2020-03-26 19:00:00,12.451,15.335979
2020-03-26 19:15:00,12.17,15.279864
2020-03-26 19:30:00,12.17,15.236252
2020-03-26 19:45:00,11.678,15.059158
2020-03-26 20:00:00,11.748,14.94443
2020-03-26 20:15:00,11.678,14.856895
2020-03-26 20:30:00,11.818,14.874048
2020-03-26 20:45:00,11.537,14.783259
2020-03-26 21:00:00,11.607,14.736723
2020-03-26 21:15:00,11.185,14.689941
2020-03-26 21:30:00,11.185,14.67516
2020-03-26 21:45:00,11.115,14.586106
2020-03-26 22:00:00,11.044,14.602061
2020-03-26 22:15:00,11.185,14.7052355
2020-03-26 22:30:00,11.185,14.941603
2020-03-26 22:45:00,10.693,15.04351
2020-03-26 23:00:00,10.833,15.213954
2020-03-26 23:15:00,10.622,15.585295
2020-03-26 23:30:00,10.693,16.068687
2020-03-26 23:45:00,10.693,16.357908
2020-03-27 00:00:00,10.622,16.68428
2020-03-27 00:15:00,10.482,16.923548
2020-03-27 00:30:00,10.552,15.442175
2020-03-27 00:45:00,10.693,16.342722
2020-03-27 01:00:00,10.693,16.016182
2020-03-27 01:15:00,10.974,14.964752
2020-03-27 01:30:00,10.552,15.021084
2020-03-27 01:45:00,10.341,15.094156
2020-03-27 02:00:00,10.341,15.272366
2020-03-27 02:15:00,10.552,15.434188
2020-03-27 02:30:00,10.552,15.5215845
2020-03-27 02:45:00,10.622,15.408227
2020-03-27 03:00:00,10.622,15.28723
2020-03-27 03:15:00,10.622,15.2765465
2020-03-27 03:30:00,10.552,15.174668
2020-03-27 03:45:00,10.622,15.131011
2020-03-27 04:00:00,10.482,14.950359
2020-03-27 04:15:00,9.989,14.910892
2020-03-27 04:30:00,10.06,15.121637
2020-03-27 04:45:00,10.482,15.091125
2020-03-27 05:00:00,10.271,15.254923
2020-03-27 05:15:00,10.411,15.272001
2020-03-27 05:30:00,10.622,15.414926
2020-03-27 05:45:00,10.482,15.530025
2020-03-27 06:00:00,10.482,15.696936
2020-03-27 06:15:00,10.552,15.983465
2020-03-27 06:30:00,10.482,16.151596
2020-03-27 06:45:00,10.13,16.17499
2020-03-27 07:00:00,10.341,16.191238
2020-03-27 07:15:00,10.693,16.126226
2020-03-27 07:30:00,11.256,16.195026
2020-03-27 07:45:00,11.256,16.195889
2020-03-27 08:00:00,11.326,16.258467
2020-03-27 08:15:00,11.396,16.41111
2020-03-27 08:30:00,11.607,16.558037
2020-03-27 08:45:00,11.678,16.548733
2020-03-27 09:00:00,11.044,16.46038
2020-03-27 09:15:00,11.256,16.441864
2020-03-27 09:30:00,12.17,16.293531
2020-03-27 09:45:00,12.029,16.030003
2020-03-27 10:00:00,11.889,16.02912
2020-03-27 10:15:00,11.889,16.029404
2020-03-27 10:30:00,12.24,16.267757
2020-03-27 10:45:00,12.24,16.221588
2020-03-27 11:00:00,12.029,16.245918
2020-03-27 11:15:00,11.678,16.31921
2020-03-27 11:30:00,12.17,16.192421
2020-03-27 11:45:00,11.467,16.197779
2020-03-27 12:00:00,11.537,16.322859
2020-03-27 12:15:00,11.467,16.39565
2020-03-27 12:30:00,11.748,16.621063
2020-03-27 12:45:00,11.818,16.587389
2020-03-27 13:00:00,11.537,16.538383
2020-03-27 13:15:00,12.522,16.560843
2020-03-27 13:30:00,12.733,16.713144
2020-03-27 13:45:00,13.296,16.703484
2020-03-27 14:00:00,13.014,16.749493
2020-03-27 14:15:00,12.733,16.69598
2020-03-27 14:30:00,13.225,16.666328
2020-03-27 14:45:00,12.803,16.605074
2020-03-27 15:00:00,13.085,16.564314
2020-03-27 15:15:00,13.225,16.528582
2020-03-27 15:30:00,13.647,16.429716
2020-03-27 15:45:00,13.085,16.16003
2020-03-27 16:00:00,13.577,15.9797325
2020-03-27 16:15:00,13.296,15.850458
2020-03-27 16:30:00,13.436,15.759578
2020-03-27 16:45:00,13.436,15.574728
2020-03-27 17:00:00,13.647,15.486956
2020-03-27 17:15:00,13.718,15.539092
2020-03-27 17:30:00,13.436,15.517265
2020-03-27 17:45:00,13.507,15.329891
2020-03-27 18:00:00,12.874,15.169528
2020-03-27 18:15:00,12.381,15.045793
2020-03-27 18:30:00,12.029,15.020628
2020-03-27 18:45:00,11.818,14.904905
2020-03-27 19:00:00,11.537,14.844567
2020-03-27 19:15:00,11.256,14.830326
2020-03-27 19:30:00,11.115,14.856219
2020-03-27 19:45:00,11.044,14.725837
2020-03-27 20:00:00,10.833,14.618759
2020-03-27 20:15:00,10.693,14.485608
2020-03-27 20:30:00,10.693,14.375387
2020-03-27 20:45:00,10.833,14.245249
2020-03-27 21:00:00,10.482,14.188041
2020-03-27 21:15:00,10.271,14.177624
2020-03-27 21:30:00,10.271,14.262896
2020-03-27 21:45:00,10.411,14.232
2020-03-27 22:00:00,10.2,14.296807
2020-03-27 22:15:00,10.06,14.389994
2020-03-27 22:30:00,9.989,14.440405
2020-03-27 22:45:00,9.989,14.4336815
2020-03-27 23:00:00,9.708,14.568224
2020-03-27 23:15:00,9.426,14.879288
2020-03-27 23:30:00,9.497,15.422035
2020-03-27 23:45:00,9.426,15.865884
2020-03-28 00:00:00,9.497,16.219143
2020-03-28 00:15:00,9.426,16.562668
2020-03-28 00:30:00,9.215,15.024628
2020-03-28 00:45:00,9.004,15.966959
2020-03-28 01:00:00,8.864,15.579537
2020-03-28 01:15:00,8.864,14.638414
2020-03-28 01:30:00,9.004,14.905985
2020-03-28 01:45:00,8.653,15.05647
2020-03-28 02:00:00,8.864,15.116211
2020-03-28 02:15:00,8.864,15.202643
2020-03-28 02:30:00,8.793,15.225357
2020-03-28 02:45:00,9.215,15.212828
2020-03-28 03:00:00,8.934,15.253607
2020-03-28 03:15:00,8.723,15.283724
2020-03-28 03:30:00,8.793,15.250557
2020-03-28 03:45:00,8.723,15.019155
2020-03-28 04:00:00,8.442,14.953333
2020-03-28 04:15:00,8.371,15.034359
2020-03-28 04:30:00,8.512,15.176722
2020-03-28 04:45:00,8.723,15.168487
2020-03-28 05:00:00,8.582,15.258546
2020-03-28 05:15:00,8.512,15.377208
2020-03-28 05:30:00,8.512,15.539328
2020-03-28 05:45:00,8.442,15.62973
2020-03-28 06:00:00,8.16,15.751125
2020-03-28 06:15:00,8.301,16.11583
2020-03-28 06:30:00,8.582,16.415422
2020-03-28 06:45:00,8.512,16.644363
2020-03-28 07:00:00,8.934,16.86069
2020-03-28 07:15:00,9.426,16.782818
2020-03-28 07:30:00,9.778,16.788183
2020-03-28 07:45:00,9.778,16.634321
2020-03-28 08:00:00,9.849,16.850883
2020-03-28 08:15:00,9.849,17.22298
2020-03-28 08:30:00,10.13,17.352516
2020-03-28 08:45:00,10.271,17.214142
2020-03-28 09:00:00,9.989,17.080807
2020-03-28 09:15:00,9.919,17.044432
2020-03-28 09:30:00,10.974,16.931042
2020-03-28 09:45:00,11.185,16.551575
2020-03-28 10:00:00,11.115,16.411106
2020-03-28 10:15:00,11.115,16.35574
2020-03-28 10:30:00,10.833,16.523441
2020-03-28 10:45:00,10.482,16.480885
2020-03-28 11:00:00,10.341,16.444767
2020-03-28 11:15:00,10.341,16.399021
2020-03-28 11:30:00,10.552,16.537762
2020-03-28 11:45:00,10.13,16.495958
2020-03-28 12:00:00,9.919,16.589853
2020-03-28 12:15:00,9.849,16.597725
2020-03-28 12:30:00,10.552,16.61031
2020-03-28 12:45:00,10.622,16.62608
2020-03-28 13:00:00,10.833,16.513882
2020-03-28 13:15:00,11.678,16.564463
2020-03-28 13:30:00,11.396,16.5583
2020-03-28 13:45:00,11.467,16.625082
2020-03-28 14:00:00,12.1,16.63279
2020-03-28 14:15:00,12.1,16.679068
2020-03-28 14:30:00,12.381,16.73301
2020-03-28 14:45:00,12.592,16.610237
2020-03-28 15:00:00,12.592,16.60415
2020-03-28 15:15:00,12.803,16.559479
2020-03-28 15:30:00,12.874,16.466433
2020-03-28 15:45:00,12.944,16.199898
2020-03-28 16:00:00,13.085,16.068657
2020-03-28 16:15:00,13.085,15.890477
2020-03-28 16:30:00,12.592,15.822029
2020-03-28 16:45:00,12.874,15.678131
2020-03-28 17:00:00,13.085,15.575033
2020-03-28 17:15:00,13.366,15.438591
2020-03-28 17:30:00,12.733,15.366072
2020-03-28 17:45:00,12.451,15.2276535
2020-03-28 18:00:00,12.24,15.132149
2020-03-28 18:15:00,12.17,15.077826
2020-03-28 18:30:00,11.748,15.082249
2020-03-28 18:45:00,11.537,14.969963
2020-03-28 19:00:00,11.326,14.902542
2020-03-28 19:15:00,11.396,14.852749
2020-03-28 19:30:00,11.185,14.812431
2020-03-28 19:45:00,11.185,14.653581
2020-03-28 20:00:00,10.904,14.535782
2020-03-28 20:15:00,10.833,14.475833
2020-03-28 20:30:00,10.552,14.455846
2020-03-28 20:45:00,10.2,14.321328
2020-03-28 21:00:00,9.849,14.258129
2020-03-28 21:15:00,9.919,14.215201
2020-03-28 21:30:00,9.989,14.190035
2020-03-28 21:45:00,9.849,14.072359
2020-03-28 22:00:00,9.497,14.025624
2020-03-28 22:15:00,9.638,14.0439205
2020-03-28 22:30:00,9.638,14.145046
2020-03-28 22:45:00,9.638,14.223585
2020-03-28 23:00:00,9.567,14.403022
2020-03-28 23:15:00,9.426,14.69222
2020-03-28 23:30:00,9.567,15.055473
2020-03-28 23:45:00,9.426,15.406813
2020-03-29 00:00:00,9.497,15.838392
2020-03-29 00:15:00,9.145,16.435389
2020-03-29 00:30:00,9.215,15.162088
2020-03-29 00:45:00,9.004,16.039268
2020-03-29 01:00:00,9.075,15.647276
2020-03-29 01:15:00,9.145,14.597593
2020-03-29 01:30:00,9.075,14.862318
2020-03-29 01:45:00,9.356,15.067972
2020-03-29 02:00:00,9.286,15.277105
2020-03-29 02:15:00,9.356,15.450474
2020-03-29 02:30:00,9.567,15.698684
2020-03-29 02:45:00,9.497,15.833047
2020-03-29 03:00:00,9.567,15.962771
2020-03-29 03:15:00,9.567,16.188156
2020-03-29 03:30:00,9.356,16.34534
2020-03-29 03:45:00,9.075,16.318424
2020-03-29 04:00:00,9.075,16.48254
2020-03-29 04:15:00,9.075,16.584959
2020-03-29 04:30:00,8.864,16.742973
2020-03-29 04:45:00,8.723,16.763657
2020-03-29 05:00:00,8.582,16.871456
2020-03-29 05:15:00,8.512,17.067245
2020-03-29 05:30:00,8.16,17.155727
2020-03-29 05:45:00,8.371,17.163511
2020-03-29 06:00:00,8.16,17.3736
2020-03-29 06:15:00,7.949,17.368393
2020-03-29 06:30:00,8.02,17.454792
2020-03-29 06:45:00,8.16,17.524017
2020-03-29 07:00:00,8.02,17.494377
2020-03-29 07:15:00,8.231,17.522896
2020-03-29 07:30:00,8.442,17.64629
2020-03-29 07:45:00,8.512,17.737137
2020-03-29 08:00:00,8.653,17.98097
2020-03-29 08:15:00,8.582,18.16735
2020-03-29 08:30:00,8.723,18.223164
2020-03-29 08:45:00,8.442,18.092224
2020-03-29 09:00:00,8.512,17.975382
2020-03-29 09:15:00,8.653,17.816994
2020-03-29 09:30:00,8.512,17.72448
2020-03-29 09:45:00,8.653,17.539661
2020-03-29 10:00:00,9.145,17.465378
2020-03-29 10:15:00,9.567,17.39869
2020-03-29 10:30:00,9.145,17.386917
2020-03-29 10:45:00,8.864,17.22711
2020-03-29 11:00:00,8.864,17.122293
2020-03-29 11:15:00,8.723,17.055368
2020-03-29 11:30:00,8.864,17.095474
2020-03-29 11:45:00,8.864,16.862753
2020-03-29 12:00:00,9.145,16.654707
2020-03-29 12:15:00,9.075,16.578194
2020-03-29 12:30:00,9.145,16.527514
2020-03-29 12:45:00,9.356,16.520182
2020-03-29 13:00:00,9.638,16.656223
2020-03-29 13:15:00,9.638,16.833336
2020-03-29 13:30:00,10.2,16.91047
2020-03-29 13:45:00,10.13,16.972307
2020-03-29 14:00:00,10.13,16.989552
2020-03-29 14:15:00,10.13,17.175661
2020-03-29 14:30:00,10.482,17.285912
2020-03-29 14:45:00,10.271,17.118576
2020-03-29 15:00:00,10.693,17.071728
2020-03-29 15:15:00,10.552,16.86208
2020-03-29 15:30:00,10.411,16.84742
2020-03-29 15:45:00,10.271,16.683813
2020-03-29 16:00:00,10.482,16.504827
2020-03-29 16:15:00,10.06,16.380106
2020-03-29 16:30:00,10.411,16.25589
2020-03-29 16:45:00,10.552,16.071243
2020-03-29 17:00:00,10.341,15.945644
2020-03-29 17:15:00,10.13,15.864636
2020-03-29 17:30:00,10.13,15.853222
2020-03-29 17:45:00,9.638,15.778749
2020-03-29 18:00:00,9.638,15.72028
2020-03-29 18:15:00,9.567,15.719778
2020-03-29 18:30:00,9.567,15.691957
2020-03-29 18:45:00,9.426,15.568386
2020-03-29 19:00:00,9.356,15.511453
2020-03-29 19:15:00,9.356,15.459646
2020-03-29 19:30:00,9.286,15.518665
2020-03-29 19:45:00,9.497,15.444317
2020-03-29 20:00:00,9.426,15.43233
2020-03-29 20:15:00,9.004,15.436639
2020-03-29 20:30:00,8.934,15.461062
2020-03-29 20:45:00,8.653,15.368372
2020-03-29 21:00:00,8.231,15.326184
2020-03-29 21:15:00,8.371,15.30872
2020-03-29 21:30:00,7.949,15.299597
2020-03-29 21:45:00,7.879,15.252546
2020-03-29 22:00:00,7.809,15.342786
2020-03-29 22:15:00,7.457,15.351259
2020-03-29 22:30:00,7.738,15.602343
2020-03-29 22:45:00,7.597,15.601036
2020-03-29 23:00:00,7.316,15.644856
2020-03-29 23:15:00,7.316,15.99095
2020-03-29 23:30:00,7.105,16.292627
2020-03-29 23:45:00,6.824,16.55292
2020-03-30 00:00:00,6.613,16.8349
2020-03-30 00:15:00,6.683,17.229696
2020-03-30 00:30:00,6.753,15.837056
2020-03-30 00:45:00,6.753,16.80584
2020-03-30 01:00:00,6.824,16.563124
2020-03-30 01:15:00,6.613,15.617619
2020-03-30 01:30:00,6.331,15.8855915
2020-03-30 01:45:00,6.472,15.913893
2020-03-30 02:00:00,6.472,16.058376
2020-03-30 02:15:00,5.979,16.251274
2020-03-30 02:30:00,6.05,16.320747
2020-03-30 02:45:00,6.05,16.38055
2020-03-30 03:00:00,6.12,16.487118
2020-03-30 03:15:00,6.261,16.64202
2020-03-30 03:30:00,6.12,16.813478
2020-03-30 03:45:00,6.402,16.732569
2020-03-30 04:00:00,6.12,16.691143
2020-03-30 04:15:00,6.05,16.74361
2020-03-30 04:30:00,6.05,16.754768
2020-03-30 04:45:00,5.909,16.93093
2020-03-30 05:00:00,5.839,17.10264
2020-03-30 05:15:00,5.768,17.254034
2020-03-30 05:30:00,5.276,17.463232
2020-03-30 05:45:00,4.995,17.340542
2020-03-30 06:00:00,5.276,17.490438
2020-03-30 06:15:00,5.135,17.636585
2020-03-30 06:30:00,5.065,17.635347
2020-03-30 06:45:00,5.065,17.703016
2020-03-30 07:00:00,5.206,17.70776
2020-03-30 07:15:00,5.135,17.637177
2020-03-30 07:30:00,5.417,17.75626
2020-03-30 07:45:00,5.417,17.718658
2020-03-30 08:00:00,5.557,17.65073
2020-03-30 08:15:00,5.557,17.829918
2020-03-30 08:30:00,5.276,18.037388
2020-03-30 08:45:00,5.698,17.948385
2020-03-30 09:00:00,5.768,17.92883
2020-03-30 09:15:00,6.191,17.747807
2020-03-30 09:30:00,6.261,17.752914
2020-03-30 09:45:00,6.331,17.653814
2020-03-30 10:00:00,6.261,17.546513
2020-03-30 10:15:00,6.402,17.633892
2020-03-30 10:30:00,6.05,17.777184
2020-03-30 10:45:00,6.12,17.723028
2020-03-30 11:00:00,6.261,17.666592
2020-03-30 11:15:00,6.402,17.60679
2020-03-30 11:30:00,6.402,17.513494
2020-03-30 11:45:00,6.472,17.313292
2020-03-30 12:00:00,6.331,17.21114
2020-03-30 12:15:00,6.542,16.994211
2020-03-30 12:30:00,6.402,16.83355
2020-03-30 12:45:00,6.683,16.576324
2020-03-30 13:00:00,7.035,16.310455
2020-03-30 13:15:00,6.613,16.103626
2020-03-30 13:30:00,6.964,16.051262
2020-03-30 13:45:00,6.964,16.00943
2020-03-30 14:00:00,7.035,16.085804
2020-03-30 14:15:00,7.175,16.205233
2020-03-30 14:30:00,7.457,16.212
2020-03-30 14:45:00,7.386,16.07914
2020-03-30 15:00:00,7.386,16.044662
2020-03-30 15:15:00,7.457,16.054264
2020-03-30 15:30:00,6.894,16.211252
2020-03-30 15:45:00,7.457,16.148853
2020-03-30 16:00:00,7.316,16.09256
2020-03-30 16:15:00,7.386,16.0713
2020-03-30 16:30:00,7.668,16.103027
2020-03-30 16:45:00,7.668,16.043558
2020-03-30 17:00:00,7.809,16.053478
2020-03-30 17:15:00,7.597,16.055782
2020-03-30 17:30:00,6.894,16.110582
2020-03-30 17:45:00,7.035,16.013054
2020-03-30 18:00:00,6.683,15.947576
2020-03-30 18:15:00,6.472,15.949157
2020-03-30 18:30:00,6.05,15.895992
2020-03-30 18:45:00,5.909,15.746931
2020-03-30 19:00:00,5.768,15.671827
2020-03-30 19:15:00,5.839,15.608665
2020-03-30 19:30:00,6.191,15.535048
2020-03-30 19:45:00,6.402,15.35651
2020-03-30 20:00:00,6.331,15.246345
2020-03-30 20:15:00,6.402,15.157892
2020-03-30 20:30:00,6.402,15.139612
2020-03-30 20:45:00,6.472,14.996916
2020-03-30 21:00:00,6.402,14.932818
2020-03-30 21:15:00,6.542,14.931999
2020-03-30 21:30:00,6.261,14.875026
2020-03-30 21:45:00,6.472,14.765097
2020-03-30 22:00:00,6.261,14.72953
2020-03-30 22:15:00,6.261,14.764677
2020-03-30 22:30:00,6.12,15.049784
2020-03-30 22:45:00,5.979,15.114503
2020-03-30 23:00:00,5.979,15.3194065
2020-03-30 23:15:00,5.839,15.691414
2020-03-30 23:30:00,5.839,16.10367
2020-03-30 23:45:00,5.768,16.484386
2020-03-31 00:00:00,5.768,16.807713
2020-03-31 00:15:00,5.768,17.20108
2020-03-31 00:30:00,5.768,15.555451
2020-03-31 00:45:00,5.768,16.400509
2020-03-31 01:00:00,5.768,16.183163
2020-03-31 01:15:00,5.768,15.247512
2020-03-31 01:30:00,5.768,15.5399475
2020-03-31 01:45:00,5.768,15.701045
2020-03-31 02:00:00,5.768,15.899324
2020-03-31 02:15:00,5.768,16.083303
2020-03-31 02:30:00,5.768,16.257088
2020-03-31 02:45:00,5.768,16.291683
2020-03-31 03:00:00,5.768,16.374125
2020-03-31 03:15:00,5.768,16.468533
2020-03-31 03:30:00,5.768,16.596329
2020-03-31 03:45:00,5.768,16.61509
2020-03-31 04:00:00,5.768,16.661848
2020-03-31 04:15:00,5.768,16.737469
2020-03-31 04:30:00,5.768,16.844395
2020-03-31 04:45:00,5.768,16.841846
2020-03-31 05:00:00,5.768,16.894886
2020-03-31 05:15:00,5.768,16.976364
2020-03-31 05:30:00,5.768,17.088644
2020-03-31 05:45:00,5.768,17.090914
2020-03-31 06:00:00,5.768,17.148315
2020-03-31 06:15:00,5.768,17.233662
2020-03-31 06:30:00,5.768,17.349216
2020-03-31 06:45:00,5.768,17.354149
2020-03-31 07:00:00,5.768,17.413704
2020-03-31 07:15:00,5.768,17.500656
2020-03-31 07:30:00,5.768,17.617186
2020-03-31 07:45:00,5.768,17.622444
2020-03-31 08:00:00,5.768,17.681799
2020-03-31 08:15:00,5.768,17.76799
2020-03-31 08:30:00,5.768,17.942318
2020-03-31 08:45:00,5.768,18.00449
2020-03-31 09:00:00,5.768,18.119421
2020-03-31 09:15:00,5.768,18.259232
2020-03-31 09:30:00,5.768,18.370697
2020-03-31 09:45:00,5.768,18.369675
2020-03-31 10:00:00,5.768,18.42177
2020-03-31 10:15:00,5.768,18.499702
2020-03-31 10:30:00,5.768,18.605476
2020-03-31 10:45:00,5.768,18.598274
2020-03-31 11:00:00,5.768,18.643806
2020-03-31 11:15:00,5.768,18.714802
2020-03-31 11:30:00,5.768,18.813248
2020-03-31 11:45:00,5.768,18.798359
2020-03-31 12:00:00,5.768,18.835926
2020-03-31 12:15:00,5.768,18.898708
2020-03-31 12:30:00,5.768,18.988691
2020-03-31 12:45:00,5.768,18.96513
2020-03-31 13:00:00,5.768,18.993874
2020-03-31 13:15:00,5.768,19.047718
2020-03-31 13:30:00,5.768,19.128681
2020-03-31 13:45:00,5.768,19.096054
2020-03-31 14:00:00,5.768,19.115719
2020-03-31 14:15:00,5.768,19.160515
2020-03-31 14:30:00,5.768,19.23251
2020-03-31 14:45:00,5.768,19.191044
2020-03-31 15:00:00,5.768,19.201988
2020-03-31 15:15:00,5.768,19.238241
2020-03-31 15:30:00,5.768,19.301937
2020-03-31 15:45:00,5.768,19.252455
2020-03-31 16:00:00,5.768,19.255638
2020-03-31 16:15:00,5.768,19.284435
2020-03-31 16:30:00,5.768,19.341064
2020-03-31 16:45:00,5.768,19.28494
2020-03-31 17:00:00,5.768,19.281845
2020-03-31 17:15:00,5.768,19.304783
2020-03-31 17:30:00,5.768,19.356058
2020-03-31 17:45:00,5.768,19.295118
2020-03-31 18:00:00,5.768,19.287659
2020-03-31 18:15:00,5.768,19.306732
2020-03-31 18:30:00,5.768,19.354729
2020-03-31 18:45:00,5.768,19.29113
2020-03-31 19:00:00,5.768,19.281513
2020-03-31 19:15:00,5.768,19.29898
2020-03-31 19:30:00,5.768,19.286812
2020-03-31 19:45:00,5.768,19.16394
2020-03-31 20:00:00,5.768,19.096405
2020-03-31 20:15:00,5.768,19.057936
2020-03-31 20:30:00,5.768,19.106358
2020-03-31 20:45:00,5.768,19.04446
2020-03-31 21:00:00,5.768,19.037592
2020-03-31 21:15:00,5.768,19.058895
2020-03-31 21:30:00,5.768,19.110985
2020-03-31 21:45:00,5.768,19.053335
2020-03-31 22:00:00,5.768,19.051182
2020-03-31 22:15:00,5.768,19.07767
2020-03-31 22:30:00,5.768,19.135448
2020-03-31 22:45:00,5.768,19.08398
2020-03-31 23:00:00,5.768,19.08839
2020-03-31 23:15:00,5.768,19.121813
2020-03-31 23:30:00,5.768,19.18692
2020-03-31 23:45:00,5.768,19.143139
2020-04-01 00:00:00,9.004,19.155514
2020-04-01 00:15:00,9.215,19.197151
2020-04-01 00:30:00,9.286,17.802944
2020-04-01 00:45:00,9.215,19.063526
2020-04-01 01:00:00,9.215,19.156248
2020-04-01 01:15:00,9.075,18.712666
2020-04-01 01:30:00,8.934,18.883501
2020-04-01 01:45:00,9.286,18.880219
2020-04-01 02:00:00,9.004,18.853825
2020-04-01 02:15:00,9.215,18.897453
2020-04-01 02:30:00,8.934,19.1577
2020-04-01 02:45:00,8.864,19.1356
2020-04-01 03:00:00,8.653,18.965837
2020-04-01 03:15:00,8.723,18.942898
2020-04-01 03:30:00,8.934,18.949484
2020-04-01 03:45:00,9.215,18.931934
2020-04-01 04:00:00,9.215,18.854258
2020-04-01 04:15:00,9.286,18.683094
2020-04-01 04:30:00,9.638,18.700142
2020-04-01 04:45:00,9.567,18.563465
2020-04-01 05:00:00,9.215,18.617304
2020-04-01 05:15:00,9.215,18.557636
2020-04-01 05:30:00,9.215,18.625113
2020-04-01 05:45:00,9.426,18.655178
2020-04-01 06:00:00,9.426,18.543423
2020-04-01 06:15:00,9.567,18.675306
2020-04-01 06:30:00,9.567,18.72103
2020-04-01 06:45:00,9.426,18.661629
2020-04-01 07:00:00,9.567,18.813211
2020-04-01 07:15:00,9.286,18.930244
2020-04-01 07:30:00,10.06,19.085718
2020-04-01 07:45:00,10.06,19.076445
2020-04-01 08:00:00,10.2,19.029335
2020-04-01 08:15:00,10.482,19.06705
2020-04-01 08:30:00,10.833,19.207298
2020-04-01 08:45:00,10.622,19.185955
2020-04-01 09:00:00,10.693,19.253077
2020-04-01 09:15:00,10.693,19.219173
2020-04-01 09:30:00,10.974,19.264473
2020-04-01 09:45:00,10.974,19.207129
2020-04-01 10:00:00,11.115,19.23
2020-04-01 10:15:00,10.904,19.316475
2020-04-01 10:30:00,11.185,19.344524
2020-04-01 10:45:00,11.044,19.264637
2020-04-01 11:00:00,10.974,19.273125
2020-04-01 11:15:00,10.693,19.316034
2020-04-01 11:30:00,10.763,19.550148
2020-04-01 11:45:00,10.763,19.622997
2020-04-01 12:00:00,10.763,19.692362
2020-04-01 12:15:00,11.256,19.780365
2020-04-01 12:30:00,11.326,19.777618
2020-04-01 12:45:00,11.326,19.50211
2020-04-01 13:00:00,11.607,19.365824
2020-04-01 13:15:00,12.029,19.340326
2020-04-01 13:30:00,11.326,19.386555
2020-04-01 13:45:00,10.904,19.430244
2020-04-01 14:00:00,11.256,19.414978
2020-04-01 14:15:00,11.818,19.415653
2020-04-01 14:30:00,12.311,19.544928
2020-04-01 14:45:00,12.24,19.452513
2020-04-01 15:00:00,12.944,19.408644
2020-04-01 15:15:00,12.662,19.331085
2020-04-01 15:30:00,12.592,19.15595
2020-04-01 15:45:00,12.733,19.072363
2020-04-01 16:00:00,12.733,18.96579
2020-04-01 16:15:00,12.874,18.878996
2020-04-01 16:30:00,12.944,18.867752
2020-04-01 16:45:00,12.24,18.775177
2020-04-01 17:00:00,11.818,18.75757
2020-04-01 17:15:00,11.818,18.818771
2020-04-01 17:30:00,12.17,18.82085
2020-04-01 17:45:00,12.17,18.684511
2020-04-01 18:00:00,11.748,18.547554
2020-04-01 18:15:00,11.115,18.413563
2020-04-01 18:30:00,11.185,18.364487
2020-04-01 18:45:00,10.974,18.239357
2020-04-01 19:00:00,10.763,18.171833
2020-04-01 19:15:00,10.763,18.147474
2020-04-01 19:30:00,10.763,18.037064
2020-04-01 19:45:00,10.763,17.80565
2020-04-01 20:00:00,10.693,17.642805
2020-04-01 20:15:00,10.622,17.508389
2020-04-01 20:30:00,10.622,17.499084
2020-04-01 20:45:00,10.763,17.399256
2020-04-01 21:00:00,10.552,17.34086
2020-04-01 21:15:00,10.833,17.332518
2020-04-01 21:30:00,11.044,17.29579
2020-04-01 21:45:00,10.622,17.09927
2020-04-01 22:00:00,10.482,17.087965
2020-04-01 22:15:00,10.271,17.211727
2020-04-01 22:30:00,10.622,17.49287
2020-04-01 22:45:00,10.13,17.542786
2020-04-01 23:00:00,10.13,17.67212
2020-04-01 23:15:00,10.271,17.84714
2020-04-01 23:30:00,9.849,18.19263
2020-04-01 23:45:00,9.989,18.551167
2020-04-02 00:00:00,9.708,18.89628
2020-04-02 00:15:00,9.778,19.471897
2020-04-02 00:30:00,10.06,17.929028
2020-04-02 00:45:00,9.849,18.960423
2020-04-02 01:00:00,10.2,18.645414
2020-04-02 01:15:00,10.06,17.647865
2020-04-02 01:30:00,10.552,17.874668
2020-04-02 01:45:00,10.552,18.168018
2020-04-02 02:00:00,10.482,18.371004
2020-04-02 02:15:00,10.271,18.642702
2020-04-02 02:30:00,10.833,18.78347
2020-04-02 02:45:00,10.974,18.87333
2020-04-02 03:00:00,10.833,18.853607
2020-04-02 03:15:00,10.552,19.026842
2020-04-02 03:30:00,10.411,19.083061
2020-04-02 03:45:00,10.271,19.013063
2020-04-02 04:00:00,10.341,19.049126
2020-04-02 04:15:00,10.2,19.112812
2020-04-02 04:30:00,10.482,19.169693
2020-04-02 04:45:00,10.341,19.160069
2020-04-02 05:00:00,10.341,19.236677
2020-04-02 05:15:00,10.271,19.455353
2020-04-02 05:30:00,10.411,19.637554
2020-04-02 05:45:00,10.06,19.720226
2020-04-02 06:00:00,10.06,19.872839
2020-04-02 06:15:00,9.989,19.848072
2020-04-02 06:30:00,10.2,19.891136
2020-04-02 06:45:00,10.482,19.727196
2020-04-02 07:00:00,10.482,19.593906
2020-04-02 07:15:00,10.411,19.637985
2020-04-02 07:30:00,10.06,19.626932
2020-04-02 07:45:00,9.919,19.66359
2020-04-02 08:00:00,9.638,19.822002
2020-04-02 08:15:00,9.567,19.68391
2020-04-02 08:30:00,9.778,19.58444
2020-04-02 08:45:00,10.13,19.446154
2020-04-02 09:00:00,10.552,19.333307
2020-04-02 09:15:00,10.271,19.271704
2020-04-02 09:30:00,10.482,19.229397
2020-04-02 09:45:00,10.482,19.138893
2020-04-02 10:00:00,10.482,18.966763
2020-04-02 10:15:00,10.13,18.925396
2020-04-02 10:30:00,10.2,18.964539
2020-04-02 10:45:00,10.13,19.00563
2020-04-02 11:00:00,10.13,19.101765
2020-04-02 11:15:00,10.13,19.19278
2020-04-02 11:30:00,10.13,19.260262
2020-04-02 11:45:00,10.06,19.16063
2020-04-02 12:00:00,10.2,19.192394
2020-04-02 12:15:00,10.271,19.10701
2020-04-02 12:30:00,10.974,19.030796
2020-04-02 12:45:00,11.396,18.849583
2020-04-02 13:00:00,11.678,18.88334
2020-04-02 13:15:00,11.748,19.016857
2020-04-02 13:30:00,12.029,19.10374
2020-04-02 13:45:00,12.311,19.068787
2020-04-02 14:00:00,12.029,18.958643
2020-04-02 14:15:00,12.24,18.91659
2020-04-02 14:30:00,12.17,18.89265
2020-04-02 14:45:00,12.24,18.756828
2020-04-02 15:00:00,12.1,18.655111
2020-04-02 15:15:00,12.17,18.568878
2020-04-02 15:30:00,12.24,18.620869
2020-04-02 15:45:00,12.24,18.499155
2020-04-02 16:00:00,12.17,18.437054
2020-04-02 16:15:00,12.24,18.404678
2020-04-02 16:30:00,11.748,18.346691
2020-04-02 16:45:00,11.607,18.211142
2020-04-02 17:00:00,12.029,18.190329
2020-04-02 17:15:00,11.818,18.108934
2020-04-02 17:30:00,11.115,18.065084
2020-04-02 17:45:00,10.763,17.906855
2020-04-02 18:00:00,11.256,17.827759
2020-04-02 18:15:00,11.044,17.767075
2020-04-02 18:30:00,10.693,17.707165
2020-04-02 18:45:00,11.185,17.566708
2020-04-02 19:00:00,10.974,17.45825
2020-04-02 19:15:00,10.552,17.407822
2020-04-02 19:30:00,10.622,17.328444
2020-04-02 19:45:00,10.482,17.129211
2020-04-02 20:00:00,10.552,16.993073
2020-04-02 20:15:00,10.693,16.91031
2020-04-02 20:30:00,10.552,16.924238
2020-04-02 20:45:00,10.341,16.82999
2020-04-02 21:00:00,10.2,16.802639
2020-04-02 21:15:00,10.13,16.797113
2020-04-02 21:30:00,10.2,16.80781
2020-04-02 21:45:00,10.271,16.691479
2020-04-02 22:00:00,10.341,16.691475
2020-04-02 22:15:00,10.271,16.748735
2020-04-02 22:30:00,10.06,16.94801
2020-04-02 22:45:00,9.849,17.098305
2020-04-02 23:00:00,9.849,17.284964
2020-04-02 23:15:00,9.356,17.55511
2020-04-02 23:30:00,9.356,17.996939
2020-04-02 23:45:00,9.286,18.125252
2020-04-03 00:00:00,9.426,18.222557
2020-04-03 00:15:00,9.497,18.47529
2020-04-03 00:30:00,9.426,16.817127
2020-04-03 00:45:00,9.497,17.74784
2020-04-03 01:00:00,9.356,17.49772
2020-04-03 01:15:00,9.426,16.474876
2020-04-03 01:30:00,9.215,16.771189
2020-04-03 01:45:00,9.145,16.965223
2020-04-03 02:00:00,9.215,17.082174
2020-04-03 02:15:00,9.075,17.254963
2020-04-03 02:30:00,9.004,17.477154
2020-04-03 02:45:00,9.004,17.567663
2020-04-03 03:00:00,9.145,17.784859
2020-04-03 03:15:00,9.426,18.03923
2020-04-03 03:30:00,9.286,18.200882
2020-04-03 03:45:00,9.286,18.17863
2020-04-03 04:00:00,9.145,18.249634
2020-04-03 04:15:00,9.497,18.277525
2020-04-03 04:30:00,9.215,18.361225
2020-04-03 04:45:00,9.075,18.460861
2020-04-03 05:00:00,9.426,18.603739
2020-04-03 05:15:00,9.638,18.803028
2020-04-03 05:30:00,9.778,18.94372
2020-04-03 05:45:00,9.286,18.952387
2020-04-03 06:00:00,9.286,19.082188
2020-04-03 06:15:00,9.286,19.041391
2020-04-03 06:30:00,9.426,19.051424
2020-04-03 06:45:00,9.286,18.96841
2020-04-03 07:00:00,9.497,18.895956
2020-04-03 07:15:00,9.708,19.061012
2020-04-03 07:30:00,9.638,19.225786
2020-04-03 07:45:00,9.778,19.079441
2020-04-03 08:00:00,9.849,19.225943
2020-04-03 08:15:00,10.06,19.17792
2020-04-03 08:30:00,10.271,19.277428
2020-04-03 08:45:00,10.271,19.136677
2020-04-03 09:00:00,10.693,19.006107
2020-04-03 09:15:00,10.13,19.033335
2020-04-03 09:30:00,10.622,18.970184
2020-04-03 09:45:00,11.326,18.950478
2020-04-03 10:00:00,11.396,18.925991
2020-04-03 10:15:00,11.326,18.964775
2020-04-03 10:30:00,11.115,19.154964
2020-04-03 10:45:00,11.044,19.053017
2020-04-03 11:00:00,11.326,18.984238
2020-04-03 11:15:00,11.326,18.93478
2020-04-03 11:30:00,11.185,19.024485
2020-04-03 11:45:00,11.185,19.06788
2020-04-03 12:00:00,11.396,19.123995
2020-04-03 12:15:00,11.185,19.14235
2020-04-03 12:30:00,11.678,19.061066
2020-04-03 12:45:00,11.889,18.791433
2020-04-03 13:00:00,11.326,18.625467
2020-04-03 13:15:00,11.537,18.727537
2020-04-03 13:30:00,12.381,18.739655
2020-04-03 13:45:00,12.522,18.81274
2020-04-03 14:00:00,12.733,18.961294
2020-04-03 14:15:00,13.155,18.942873
2020-04-03 14:30:00,13.014,18.993319
2020-04-03 14:45:00,13.014,18.852448
2020-04-03 15:00:00,12.944,18.706606
2020-04-03 15:15:00,13.647,18.675774
2020-04-03 15:30:00,13.577,18.81011
2020-04-03 15:45:00,13.507,18.743309
2020-04-03 16:00:00,13.436,18.68937
2020-04-03 16:15:00,13.577,18.590626
2020-04-03 16:30:00,13.788,18.483036
2020-04-03 16:45:00,13.999,18.378756
2020-04-03 17:00:00,13.718,18.325722
2020-04-03 17:15:00,13.085,18.260777
2020-04-03 17:30:00,13.155,18.174408
2020-04-03 17:45:00,12.803,18.007866
2020-04-03 18:00:00,12.24,17.895353
2020-04-03 18:15:00,12.24,17.850485
2020-04-03 18:30:00,12.381,17.787766
2020-04-03 18:45:00,12.311,17.645842
2020-04-03 19:00:00,12.17,17.627987
2020-04-03 19:15:00,11.748,17.574986
2020-04-03 19:30:00,12.029,17.477413
2020-04-03 19:45:00,11.889,17.228983
2020-04-03 20:00:00,11.607,17.026289
2020-04-03 20:15:00,11.818,16.977955
2020-04-03 20:30:00,11.537,17.022028
2020-04-03 20:45:00,11.678,16.94275
2020-04-03 21:00:00,11.326,16.911398
2020-04-03 21:15:00,11.326,16.91095
2020-04-03 21:30:00,11.467,16.894981
2020-04-03 21:45:00,11.326,16.768242
2020-04-03 22:00:00,10.974,16.761627
2020-04-03 22:15:00,11.326,16.854534
2020-04-03 22:30:00,11.044,17.02126
2020-04-03 22:45:00,11.185,17.180134
2020-04-03 23:00:00,10.904,17.430946
2020-04-03 23:15:00,10.833,17.891987
2020-04-03 23:30:00,10.552,18.674694
2020-04-03 23:45:00,10.552,19.233685
2020-04-04 00:00:00,9.919,19.610271
2020-04-04 00:15:00,9.004,19.778515
2020-04-04 00:30:00,8.723,18.154636
2020-04-04 00:45:00,8.723,19.114868
2020-04-04 01:00:00,8.864,18.934319
2020-04-04 01:15:00,8.582,17.887255
2020-04-04 01:30:00,9.075,17.978523
2020-04-04 01:45:00,9.145,17.99144
2020-04-04 02:00:00,8.934,18.130938
2020-04-04 02:15:00,8.16,18.264427
2020-04-04 02:30:00,8.371,18.212944
2020-04-04 02:45:00,8.512,18.095846
2020-04-04 03:00:00,7.809,18.04991
2020-04-04 03:15:00,7.597,17.96412
2020-04-04 03:30:00,7.386,18.085678
2020-04-04 03:45:00,6.753,18.109808
2020-04-04 04:00:00,6.824,18.30819
2020-04-04 04:15:00,6.753,18.517073
2020-04-04 04:30:00,6.402,18.733992
2020-04-04 04:45:00,6.894,18.628193
2020-04-04 05:00:00,7.105,18.579224
2020-04-04 05:15:00,6.683,18.741901
2020-04-04 05:30:00,6.753,18.999573
2020-04-04 05:45:00,6.894,19.090538
2020-04-04 06:00:00,6.613,19.138252
2020-04-04 06:15:00,6.613,19.166103
2020-04-04 06:30:00,5.909,19.230286
2020-04-04 06:45:00,6.05,19.131561
2020-04-04 07:00:00,5.135,18.983955
2020-04-04 07:15:00,5.276,18.872427
2020-04-04 07:30:00,5.206,18.943146
2020-04-04 07:45:00,5.417,18.778671
2020-04-04 08:00:00,5.346,18.83964
2020-04-04 08:15:00,5.346,18.848219
2020-04-04 08:30:00,5.065,18.956291
2020-04-04 08:45:00,5.346,18.964
2020-04-04 09:00:00,5.065,18.88306
2020-04-04 09:15:00,5.346,18.77919
2020-04-04 09:30:00,5.276,18.592968
2020-04-04 09:45:00,4.995,18.328518
2020-04-04 10:00:00,5.276,18.083183
2020-04-04 10:15:00,5.206,18.098724
2020-04-04 10:30:00,5.065,18.105265
2020-04-04 10:45:00,4.784,17.950993
2020-04-04 11:00:00,5.276,17.923138
2020-04-04 11:15:00,5.346,17.819176
2020-04-04 11:30:00,4.995,17.80375
2020-04-04 11:45:00,5.557,17.756798
2020-04-04 12:00:00,5.065,17.65019
2020-04-04 12:15:00,5.206,17.441408
2020-04-04 12:30:00,4.995,17.361279
2020-04-04 12:45:00,4.784,17.13136
2020-04-04 13:00:00,4.573,17.027273
2020-04-04 13:15:00,4.784,17.021126
2020-04-04 13:30:00,4.713,17.060501
2020-04-04 13:45:00,4.643,16.991634
2020-04-04 14:00:00,4.291,16.99115
2020-04-04 14:15:00,4.291,17.100424
2020-04-04 14:30:00,4.221,17.165527
2020-04-04 14:45:00,4.08,17.108305
2020-04-04 15:00:00,4.432,17.083836
2020-04-04 15:15:00,4.221,17.210026
2020-04-04 15:30:00,4.221,17.334866
2020-04-04 15:45:00,4.15,17.299002
2020-04-04 16:00:00,4.221,17.336485
2020-04-04 16:15:00,4.362,17.366077
2020-04-04 16:30:00,3.869,17.399494
2020-04-04 16:45:00,3.588,17.33273
2020-04-04 17:00:00,4.08,17.360058
2020-04-04 17:15:00,4.15,17.341324
2020-04-04 17:30:00,4.01,17.35949
2020-04-04 17:45:00,3.939,17.307358
2020-04-04 18:00:00,3.799,17.284683
2020-04-04 18:15:00,3.939,17.275923
2020-04-04 18:30:00,3.869,17.250193
2020-04-04 18:45:00,3.799,17.08736
2020-04-04 19:00:00,3.658,16.992264
2020-04-04 19:15:00,3.588,16.91845
2020-04-04 19:30:00,3.728,16.90396
2020-04-04 19:45:00,3.799,16.82061
2020-04-04 20:00:00,3.799,16.821201
2020-04-04 20:15:00,3.799,16.871643
2020-04-04 20:30:00,3.939,16.895369
2020-04-04 20:45:00,3.869,16.783817
2020-04-04 21:00:00,3.799,16.711134
2020-04-04 21:15:00,3.799,16.659512
2020-04-04 21:30:00,3.939,16.663673
2020-04-04 21:45:00,3.799,16.582884
2020-04-04 22:00:00,3.869,16.624659
2020-04-04 22:15:00,3.939,16.754677
2020-04-04 22:30:00,4.01,16.976896
2020-04-04 22:45:00,3.799,17.040249
2020-04-04 23:00:00,3.939,17.196991
2020-04-04 23:15:00,3.869,17.272495
2020-04-04 23:30:00,4.291,17.585468
2020-04-04 23:45:00,3.799,17.780146
2020-04-05 00:00:00,3.658,17.939428
2020-04-05 00:15:00,3.799,18.280201
2020-04-05 00:30:00,4.15,16.68462
2020-04-05 00:45:00,4.01,17.698929
2020-04-05 01:00:00,3.799,17.493103
2020-04-05 01:15:00,3.728,16.501116
2020-04-05 01:30:00,3.799,16.641232
2020-04-05 01:45:00,3.939,16.6506
2020-04-05 02:00:00,3.869,16.769617
2020-04-05 02:15:00,3.869,17.045322
2020-04-05 02:30:00,3.869,17.324093
2020-04-05 02:45:00,3.799,17.357513
2020-04-05 03:00:00,3.799,17.370518
2020-04-05 03:15:00,4.08,17.400774
2020-04-05 03:30:00,4.221,17.443022
2020-04-05 03:45:00,4.432,17.362686
2020-04-05 04:00:00,4.362,17.26758
2020-04-05 04:15:00,3.799,17.408846
2020-04-05 04:30:00,3.658,17.718319
2020-04-05 04:45:00,3.588,17.803808
2020-04-05 05:00:00,3.658,17.924603
2020-04-05 05:15:00,3.799,18.065983
2020-04-05 05:30:00,4.08,18.172243
2020-04-05 05:45:00,3.939,18.084225
2020-04-05 06:00:00,4.221,18.259178
2020-04-05 06:15:00,3.799,18.307384
2020-04-05 06:30:00,3.939,18.386711
2020-04-05 06:45:00,3.517,18.279041
2020-04-05 07:00:00,3.517,18.18315
2020-04-05 07:15:00,3.588,18.213627
2020-04-05 07:30:00,3.447,18.255074
2020-04-05 07:45:00,2.884,18.308159
2020-04-05 08:00:00,3.095,18.309998
2020-04-05 08:15:00,2.744,18.313728
2020-04-05 08:30:00,2.673,18.389957
2020-04-05 08:45:00,0.0,18.19748
2020-04-05 09:00:00,0.422,18.179014
2020-04-05 09:15:00,0.0,18.097862
2020-04-05 09:30:00,0.0,17.994427
2020-04-05 09:45:00,0.0,17.923811
2020-04-05 10:00:00,0.0,17.837973
2020-04-05 10:15:00,0.0,17.697573
2020-04-05 10:30:00,-0.563,17.694101
2020-04-05 10:45:00,-0.703,17.601982
2020-04-05 11:00:00,-0.633,17.518261
2020-04-05 11:15:00,-0.844,17.488668
2020-04-05 11:30:00,-0.633,17.558012
2020-04-05 11:45:00,-0.633,17.412731
2020-04-05 12:00:00,-0.703,17.349424
2020-04-05 12:15:00,0.0,17.32668
2020-04-05 12:30:00,-0.774,17.308018
2020-04-05 12:45:00,0.0,17.234806
2020-04-05 13:00:00,0.0,17.224972
2020-04-05 13:15:00,0.0,17.185833
2020-04-05 13:30:00,-0.492,17.269352
2020-04-05 13:45:00,-0.563,17.210657
2020-04-05 14:00:00,-0.633,17.209328
2020-04-05 14:15:00,-0.985,17.188795
2020-04-05 14:30:00,-1.196,17.236776
2020-04-05 14:45:00,-0.633,17.15072
2020-04-05 15:00:00,-0.915,17.073141
2020-04-05 15:15:00,-1.548,17.191692
2020-04-05 15:30:00,-0.985,17.21588
2020-04-05 15:45:00,-0.844,17.06452
2020-04-05 16:00:00,0.0,16.969376
2020-04-05 16:15:00,-0.774,16.92495
2020-04-05 16:30:00,0.0,16.921787
2020-04-05 16:45:00,0.0,16.899395
2020-04-05 17:00:00,0.563,16.952017
2020-04-05 17:15:00,0.915,16.966335
2020-04-05 17:30:00,1.548,16.993294
2020-04-05 17:45:00,1.618,16.919323
2020-04-05 18:00:00,1.759,16.918339
2020-04-05 18:15:00,1.759,16.90842
2020-04-05 18:30:00,1.829,16.909645
2020-04-05 18:45:00,0.844,16.754137
2020-04-05 19:00:00,0.563,16.65327
2020-04-05 19:15:00,0.492,16.595812
2020-04-05 19:30:00,0.492,16.642567
2020-04-05 19:45:00,0.0,16.596298
2020-04-05 20:00:00,0.0,16.604193
2020-04-05 20:15:00,0.0,16.596647
2020-04-05 20:30:00,0.985,16.630077
2020-04-05 20:45:00,1.759,16.546808
2020-04-05 21:00:00,2.04,16.522337
2020-04-05 21:15:00,2.321,16.554853
2020-04-05 21:30:00,0.844,16.599094
2020-04-05 21:45:00,0.703,16.507088
2020-04-05 22:00:00,0.492,16.464567
2020-04-05 22:15:00,0.844,16.398233
2020-04-05 22:30:00,0.844,16.504423
2020-04-05 22:45:00,0.985,16.582102
2020-04-05 23:00:00,1.126,16.74185
2020-04-05 23:15:00,1.829,17.049326
2020-04-05 23:30:00,0.0,17.34858
2020-04-05 23:45:00,0.0,17.485725
2020-04-06 00:00:00,0.985,17.631489
2020-04-06 00:15:00,1.126,17.828917
2020-04-06 00:30:00,0.0,16.187206
2020-04-06 00:45:00,0.0,16.96128
2020-04-06 01:00:00,0.0,16.720676
2020-04-06 01:15:00,1.266,15.721188
2020-04-06 01:30:00,1.126,15.863318
2020-04-06 01:45:00,0.633,15.982791
2020-04-06 02:00:00,0.563,16.013807
2020-04-06 02:15:00,0.563,16.048409
2020-04-06 02:30:00,0.915,16.104288
2020-04-06 02:45:00,1.337,15.882961
2020-04-06 03:00:00,1.97,15.862024
2020-04-06 03:15:00,1.829,15.922004
2020-04-06 03:30:00,2.181,15.965422
2020-04-06 03:45:00,2.321,16.039808
2020-04-06 04:00:00,2.392,16.185291
2020-04-06 04:15:00,2.04,16.3513
2020-04-06 04:30:00,1.618,16.354877
2020-04-06 04:45:00,1.407,16.290081
2020-04-06 05:00:00,1.477,16.239319
2020-04-06 05:15:00,1.407,16.372372
2020-04-06 05:30:00,1.055,16.522081
2020-04-06 05:45:00,1.055,16.459242
2020-04-06 06:00:00,1.337,16.57151
2020-04-06 06:15:00,1.477,16.582361
2020-04-06 06:30:00,1.126,16.621063
2020-04-06 06:45:00,0.915,16.557652
2020-04-06 07:00:00,1.055,16.519928
2020-04-06 07:15:00,1.266,16.476778
2020-04-06 07:30:00,1.196,16.544819
2020-04-06 07:45:00,0.844,16.552969
2020-04-06 08:00:00,1.055,16.660107
2020-04-06 08:15:00,1.477,16.808277
2020-04-06 08:30:00,1.899,17.07724
2020-04-06 08:45:00,1.618,17.200527
2020-04-06 09:00:00,1.337,17.452387
2020-04-06 09:15:00,1.337,17.735937
2020-04-06 09:30:00,1.759,18.017145
2020-04-06 09:45:00,1.548,18.263515
2020-04-06 10:00:00,1.829,18.648788
2020-04-06 10:15:00,2.11,19.018816
2020-04-06 10:30:00,2.814,19.410376
2020-04-06 10:45:00,3.166,19.6292
2020-04-06 11:00:00,3.095,19.678804
2020-04-06 11:15:00,3.658,19.86861
2020-04-06 11:30:00,3.728,20.368446
2020-04-06 11:45:00,3.869,20.714104
2020-04-06 12:00:00,4.01,21.189545
2020-04-06 12:15:00,4.15,21.58641
2020-04-06 12:30:00,4.432,21.863138
2020-04-06 12:45:00,4.573,21.970596
2020-04-06 13:00:00,4.643,22.109793
2020-04-06 13:15:00,4.784,22.28593
2020-04-06 13:30:00,5.206,22.489065
2020-04-06 13:45:00,5.417,22.360935
2020-04-06 14:00:00,4.995,22.21674
2020-04-06 14:15:00,4.995,21.983435
2020-04-06 14:30:00,5.346,21.955
2020-04-06 14:45:00,5.206,22.043947
2020-04-06 15:00:00,4.995,22.002834
2020-04-06 15:15:00,5.417,21.754543
2020-04-06 15:30:00,5.628,21.70015
2020-04-06 15:45:00,5.628,21.339321
2020-04-06 16:00:00,5.346,20.970068
2020-04-06 16:15:00,5.698,20.636978
2020-04-06 16:30:00,5.768,20.394598
2020-04-06 16:45:00,5.206,20.23512
2020-04-06 17:00:00,5.487,20.052393
2020-04-06 17:15:00,5.065,19.910843
2020-04-06 17:30:00,5.135,19.738571
2020-04-06 17:45:00,5.487,19.359734
2020-04-06 18:00:00,5.346,19.066113
2020-04-06 18:15:00,5.346,18.81495
2020-04-06 18:30:00,5.487,18.586681
2020-04-06 18:45:00,5.276,18.324512
2020-04-06 19:00:00,5.346,18.15301
2020-04-06 19:15:00,5.417,18.041464
2020-04-06 19:30:00,5.557,17.897032
2020-04-06 19:45:00,5.487,17.617947
2020-04-06 20:00:00,5.346,17.397602
2020-04-06 20:15:00,5.065,17.2792
2020-04-06 20:30:00,4.713,17.243359
2020-04-06 20:45:00,4.995,17.096151
2020-04-06 21:00:00,4.221,17.026222
2020-04-06 21:15:00,4.854,17.00285
2020-04-06 21:30:00,4.854,16.990839
2020-04-06 21:45:00,5.135,16.947775
2020-04-06 22:00:00,5.276,16.915586
2020-04-06 22:15:00,5.206,17.048107
2020-04-06 22:30:00,4.995,17.116062
2020-04-06 22:45:00,4.432,17.213043
2020-04-06 23:00:00,4.854,17.55514
2020-04-06 23:15:00,4.502,17.95998
2020-04-06 23:30:00,4.502,18.391684
2020-04-06 23:45:00,4.713,18.563082
2020-04-07 00:00:00,4.502,18.832481
2020-04-07 00:15:00,4.291,19.079336
2020-04-07 00:30:00,4.573,17.438646
2020-04-07 00:45:00,4.502,18.394897
2020-04-07 01:00:00,4.221,18.027048
2020-04-07 01:15:00,4.15,17.064713
2020-04-07 01:30:00,4.08,17.39783
2020-04-07 01:45:00,4.221,17.525112
2020-04-07 02:00:00,4.15,17.642744
2020-04-07 02:15:00,3.869,17.883884
2020-04-07 02:30:00,3.728,17.983196
2020-04-07 02:45:00,4.291,17.96997
2020-04-07 03:00:00,4.221,18.019905
2020-04-07 03:15:00,4.291,18.133327
2020-04-07 03:30:00,4.15,18.375763
2020-04-07 03:45:00,3.939,18.426477
2020-04-07 04:00:00,4.221,18.433083
2020-04-07 04:15:00,4.15,18.485125
2020-04-07 04:30:00,4.362,18.628977
2020-04-07 04:45:00,4.15,18.63108
2020-04-07 05:00:00,4.15,18.684742
2020-04-07 05:15:00,3.939,18.782562
2020-04-07 05:30:00,3.939,18.874165
2020-04-07 05:45:00,3.939,18.967115
2020-04-07 06:00:00,3.728,19.031027
2020-04-07 06:15:00,3.728,19.14378
2020-04-07 06:30:00,4.221,19.057451
2020-04-07 06:45:00,4.573,19.024485
2020-04-07 07:00:00,4.995,19.016098
2020-04-07 07:15:00,5.346,19.150703
2020-04-07 07:30:00,5.206,19.339277
2020-04-07 07:45:00,4.995,19.50287
2020-04-07 08:00:00,4.221,19.62687
2020-04-07 08:15:00,4.15,19.89091
2020-04-07 08:30:00,4.502,20.168774
2020-04-07 08:45:00,4.573,20.261053
2020-04-07 09:00:00,3.728,20.417583
2020-04-07 09:15:00,3.447,20.580097
2020-04-07 09:30:00,4.502,20.877892
2020-04-07 09:45:00,4.854,21.018465
2020-04-07 10:00:00,5.346,21.321228
2020-04-07 10:15:00,4.713,21.738586
2020-04-07 10:30:00,4.08,22.158798
2020-04-07 10:45:00,3.869,22.49318
2020-04-07 11:00:00,3.306,22.863676
2020-04-07 11:15:00,3.447,23.217758
2020-04-07 11:30:00,3.588,23.584736
2020-04-07 11:45:00,3.447,23.81033
2020-04-07 12:00:00,3.236,24.155096
2020-04-07 12:15:00,3.447,24.38278
2020-04-07 12:30:00,3.447,24.69607
2020-04-07 12:45:00,3.517,24.796335
2020-04-07 13:00:00,3.517,24.863285
2020-04-07 13:15:00,4.432,25.024448
2020-04-07 13:30:00,4.221,25.282576
2020-04-07 13:45:00,4.643,25.357077
2020-04-07 14:00:00,4.502,25.555307
2020-04-07 14:15:00,4.643,25.64543
2020-04-07 14:30:00,4.854,25.60094
2020-04-07 14:45:00,4.995,25.48477
2020-04-07 15:00:00,4.995,25.323961
2020-04-07 15:15:00,5.487,25.229818
2020-04-07 15:30:00,5.346,25.165926
2020-04-07 15:45:00,5.065,24.897501
2020-04-07 16:00:00,5.276,24.659819
2020-04-07 16:15:00,5.417,24.404211
2020-04-07 16:30:00,5.698,24.125313
2020-04-07 16:45:00,5.909,23.683832
2020-04-07 17:00:00,5.768,23.218666
2020-04-07 17:15:00,5.979,22.744225
2020-04-07 17:30:00,5.979,22.332275
2020-04-07 17:45:00,5.979,21.810444
2020-04-07 18:00:00,6.05,21.364271
2020-04-07 18:15:00,5.839,20.929398
2020-04-07 18:30:00,5.768,20.492813
2020-04-07 18:45:00,5.698,19.948357
2020-04-07 19:00:00,5.698,19.510277
2020-04-07 19:15:00,5.276,19.161932
2020-04-07 19:30:00,5.557,18.839561
2020-04-07 19:45:00,5.276,18.441689
2020-04-07 20:00:00,5.346,18.145174
2020-04-07 20:15:00,5.206,17.96608
2020-04-07 20:30:00,4.924,17.883785
2020-04-07 20:45:00,4.924,17.677896
2020-04-07 21:00:00,4.924,17.550856
2020-04-07 21:15:00,5.065,17.44995
2020-04-07 21:30:00,5.065,17.471502
2020-04-07 21:45:00,4.924,17.484642
2020-04-07 22:00:00,4.854,17.60296
2020-04-07 22:15:00,4.854,17.76404
2020-04-07 22:30:00,4.995,17.86335
2020-04-07 22:45:00,5.135,17.88298
2020-04-07 23:00:00,5.065,18.1314
2020-04-07 23:15:00,4.854,18.514042
2020-04-07 23:30:00,4.502,18.895044
2020-04-07 23:45:00,4.995,19.119392
2020-04-08 00:00:00,4.573,19.212431
2020-04-08 00:15:00,4.362,19.493122
2020-04-08 00:30:00,4.362,17.806755
2020-04-08 00:45:00,4.502,18.470503
2020-04-08 01:00:00,4.713,17.80125
2020-04-08 01:15:00,4.502,16.18348
2020-04-08 01:30:00,4.713,15.955919
2020-04-08 01:45:00,4.643,15.904059
2020-04-08 02:00:00,4.502,15.91576
2020-04-08 02:15:00,4.502,16.039494
2020-04-08 02:30:00,4.573,16.108812
2020-04-08 02:45:00,4.643,16.035616
2020-04-08 03:00:00,4.502,16.052698
2020-04-08 03:15:00,4.854,15.856877
2020-04-08 03:30:00,4.713,15.821502
2020-04-08 03:45:00,4.643,15.772495
2020-04-08 04:00:00,4.502,15.835247
2020-04-08 04:15:00,4.502,16.192888
2020-04-08 04:30:00,4.713,16.527512
2020-04-08 04:45:00,4.291,16.570213
2020-04-08 05:00:00,4.643,16.606747
2020-04-08 05:15:00,4.502,16.822416
2020-04-08 05:30:00,4.432,16.936682
2020-04-08 05:45:00,4.291,16.842836
2020-04-08 06:00:00,4.573,16.745338
2020-04-08 06:15:00,4.643,16.840782
2020-04-08 06:30:00,4.573,17.08492
2020-04-08 06:45:00,5.135,17.068314
2020-04-08 07:00:00,5.698,17.121914
2020-04-08 07:15:00,5.698,17.088911
2020-04-08 07:30:00,5.698,17.18909
2020-04-08 07:45:00,6.05,17.223116
2020-04-08 08:00:00,5.768,17.372519
2020-04-08 08:15:00,5.487,17.49321
2020-04-08 08:30:00,5.206,17.743195
2020-04-08 08:45:00,5.698,17.928894
2020-04-08 09:00:00,5.628,18.24039
2020-04-08 09:15:00,4.784,18.399979
2020-04-08 09:30:00,4.502,18.53626
2020-04-08 09:45:00,5.487,18.546778
2020-04-08 10:00:00,5.417,18.680109
2020-04-08 10:15:00,5.768,19.01179
2020-04-08 10:30:00,5.206,19.27177
2020-04-08 10:45:00,5.487,19.595467
2020-04-08 11:00:00,5.698,19.866474
2020-04-08 11:15:00,5.417,20.162228
2020-04-08 11:30:00,5.417,20.585732
2020-04-08 11:45:00,5.276,20.895458
2020-04-08 12:00:00,5.628,21.157207
2020-04-08 12:15:00,5.909,21.44482
2020-04-08 12:30:00,5.909,21.616709
2020-04-08 12:45:00,5.909,21.574907
2020-04-08 13:00:00,6.261,21.587181
2020-04-08 13:15:00,6.331,21.619507
2020-04-08 13:30:00,6.683,21.83218
2020-04-08 13:45:00,6.894,21.864824
2020-04-08 14:00:00,7.105,21.840454
2020-04-08 14:15:00,7.246,21.72245
2020-04-08 14:30:00,7.527,21.639587
2020-04-08 14:45:00,7.527,21.482658
2020-04-08 15:00:00,7.668,21.440681
2020-04-08 15:15:00,7.668,21.381252
2020-04-08 15:30:00,7.738,21.29301
2020-04-08 15:45:00,7.879,21.036057
2020-04-08 16:00:00,7.809,20.760765
2020-04-08 16:15:00,8.371,20.497936
2020-04-08 16:30:00,8.231,20.219501
2020-04-08 16:45:00,7.949,19.822353
2020-04-08 17:00:00,7.879,19.508724
2020-04-08 17:15:00,7.457,19.177431
2020-04-08 17:30:00,7.738,18.886452
2020-04-08 17:45:00,7.879,18.415154
2020-04-08 18:00:00,7.597,18.01294
2020-04-08 18:15:00,7.457,17.632093
2020-04-08 18:30:00,7.738,17.297262
2020-04-08 18:45:00,8.02,16.910583
2020-04-08 19:00:00,8.231,16.582085
2020-04-08 19:15:00,8.371,16.311699
2020-04-08 19:30:00,8.16,16.016214
2020-04-08 19:45:00,8.09,15.650959
2020-04-08 20:00:00,8.301,15.362141
2020-04-08 20:15:00,8.301,15.14263
2020-04-08 20:30:00,8.371,15.014227
2020-04-08 20:45:00,8.16,14.825517
2020-04-08 21:00:00,7.879,14.715229
2020-04-08 21:15:00,7.668,14.6254225
2020-04-08 21:30:00,7.597,14.540622
2020-04-08 21:45:00,7.738,14.406302
2020-04-08 22:00:00,7.738,14.347384
2020-04-08 22:15:00,7.668,14.507201
2020-04-08 22:30:00,7.457,14.792955
2020-04-08 22:45:00,7.316,14.911766
2020-04-08 23:00:00,7.246,15.136335
2020-04-08 23:15:00,7.175,15.490472
2020-04-08 23:30:00,7.105,16.007904
2020-04-08 23:45:00,7.035,16.283936
2020-04-09 00:00:00,7.386,16.616425
2020-04-09 00:15:00,7.386,17.014761
2020-04-09 00:30:00,7.457,15.493032
2020-04-09 00:45:00,7.668,16.26708
2020-04-09 01:00:00,7.668,15.802723
2020-04-09 01:15:00,7.738,14.740435
2020-04-09 01:30:00,7.879,15.037933
2020-04-09 01:45:00,7.949,15.142719
2020-04-09 02:00:00,7.738,15.272486
2020-04-09 02:15:00,7.738,15.360306
2020-04-09 02:30:00,7.738,15.4450245
2020-04-09 02:45:00,7.809,15.451961
2020-04-09 03:00:00,7.457,15.556614
2020-04-09 03:15:00,7.457,15.678817
2020-04-09 03:30:00,7.457,15.7843
2020-04-09 03:45:00,6.894,15.81484
2020-04-09 04:00:00,7.457,15.739937
2020-04-09 04:15:00,7.457,15.773535
2020-04-09 04:30:00,7.457,16.077772
2020-04-09 04:45:00,7.175,16.092731
2020-04-09 05:00:00,7.246,16.141802
2020-04-09 05:15:00,7.386,16.364532
2020-04-09 05:30:00,7.386,16.38794
2020-04-09 05:45:00,7.316,16.50582
2020-04-09 06:00:00,6.894,16.725649
2020-04-09 06:15:00,6.964,16.74974
2020-04-09 06:30:00,7.527,16.948511
2020-04-09 06:45:00,7.457,16.899902
2020-04-09 07:00:00,8.02,16.899244
2020-04-09 07:15:00,8.371,16.843212
2020-04-09 07:30:00,8.864,16.867779
2020-04-09 07:45:00,9.075,16.753075
2020-04-09 08:00:00,8.653,16.785877
2020-04-09 08:15:00,7.809,16.99039
2020-04-09 08:30:00,8.301,17.176352
2020-04-09 08:45:00,9.075,17.370615
2020-04-09 09:00:00,9.426,17.645393
2020-04-09 09:15:00,8.723,17.80325
2020-04-09 09:30:00,9.075,18.045132
2020-04-09 09:45:00,9.778,18.078247
2020-04-09 10:00:00,10.552,18.30141
2020-04-09 10:15:00,9.849,18.523317
2020-04-09 10:30:00,9.778,18.77291
2020-04-09 10:45:00,9.567,19.077732
2020-04-09 11:00:00,9.778,19.331905
2020-04-09 11:15:00,9.497,19.50147
2020-04-09 11:30:00,9.145,19.70573
2020-04-09 11:45:00,9.075,19.641262
2020-04-09 12:00:00,9.286,19.54927
2020-04-09 12:15:00,9.778,19.202164
2020-04-09 12:30:00,9.989,19.043495
2020-04-09 12:45:00,10.13,18.879446
2020-04-09 13:00:00,9.989,18.658653
2020-04-09 13:15:00,10.482,18.52377
2020-04-09 13:30:00,11.044,18.425589
2020-04-09 13:45:00,11.326,18.176151
2020-04-09 14:00:00,11.326,17.999472
2020-04-09 14:15:00,11.467,17.888992
2020-04-09 14:30:00,11.185,17.812511
2020-04-09 14:45:00,10.693,17.631777
2020-04-09 15:00:00,10.904,17.580189
2020-04-09 15:15:00,11.396,17.618755
2020-04-09 15:30:00,11.607,17.612703
2020-04-09 15:45:00,11.959,17.404928
2020-04-09 16:00:00,12.1,17.271286
2020-04-09 16:15:00,12.662,17.155134
2020-04-09 16:30:00,12.381,17.1017
2020-04-09 16:45:00,12.733,16.868658
2020-04-09 17:00:00,12.451,16.66256
2020-04-09 17:15:00,12.522,16.42715
2020-04-09 17:30:00,12.733,16.207085
2020-04-09 17:45:00,12.381,15.946768
2020-04-09 18:00:00,12.029,15.7542
2020-04-09 18:15:00,11.326,15.608479
2020-04-09 18:30:00,10.974,15.497755
2020-04-09 18:45:00,10.833,15.284447
2020-04-09 19:00:00,10.482,15.126984
2020-04-09 19:15:00,10.341,15.023626
2020-04-09 19:30:00,10.13,14.892635
2020-04-09 19:45:00,10.13,14.713235
2020-04-09 20:00:00,9.919,14.617882
2020-04-09 20:15:00,10.06,14.543309
2020-04-09 20:30:00,10.13,14.540153
2020-04-09 20:45:00,9.919,14.459672
2020-04-09 21:00:00,9.708,14.400522
2020-04-09 21:15:00,9.638,14.419341
2020-04-09 21:30:00,9.638,14.510111
2020-04-09 21:45:00,9.426,14.536549
2020-04-09 22:00:00,9.497,14.609344
2020-04-09 22:15:00,9.215,14.810815
2020-04-09 22:30:00,9.356,14.958342
2020-04-09 22:45:00,9.215,15.053844
2020-04-09 23:00:00,9.215,15.44693
2020-04-09 23:15:00,8.864,15.951368
2020-04-09 23:30:00,8.723,16.703865
2020-04-09 23:45:00,8.864,17.21319
2020-04-10 00:00:00,8.864,17.57949
2020-04-10 00:15:00,8.934,17.882065
2020-04-10 00:30:00,9.004,16.116467
2020-04-10 00:45:00,8.723,17.008999
2020-04-10 01:00:00,8.723,16.701569
2020-04-10 01:15:00,8.934,15.728991
2020-04-10 01:30:00,8.512,16.050674
2020-04-10 01:45:00,8.934,16.061811
2020-04-10 02:00:00,8.653,16.416332
2020-04-10 02:15:00,8.301,16.525196
2020-04-10 02:30:00,8.371,16.540741
2020-04-10 02:45:00,8.512,16.410097
2020-04-10 03:00:00,8.723,16.5313
2020-04-10 03:15:00,8.723,16.606224
2020-04-10 03:30:00,8.512,16.67152
2020-04-10 03:45:00,8.512,16.8558
2020-04-10 04:00:00,8.442,16.919064
2020-04-10 04:15:00,8.442,16.951618
2020-04-10 04:30:00,8.442,17.190228
2020-04-10 04:45:00,8.512,17.274397
2020-04-10 05:00:00,8.582,17.24863
2020-04-10 05:15:00,8.864,17.253521
2020-04-10 05:30:00,8.934,17.342445
2020-04-10 05:45:00,9.004,17.451279
2020-04-10 06:00:00,8.653,17.439852
2020-04-10 06:15:00,8.723,17.554722
2020-04-10 06:30:00,8.723,17.840128
2020-04-10 06:45:00,9.075,17.927074
2020-04-10 07:00:00,9.215,18.075535
2020-04-10 07:15:00,9.849,18.123688
2020-04-10 07:30:00,10.411,18.03833
2020-04-10 07:45:00,10.482,17.944763
2020-04-10 08:00:00,9.919,17.701935
2020-04-10 08:15:00,9.567,17.656654
2020-04-10 08:30:00,10.271,17.78173
2020-04-10 08:45:00,10.622,17.866169
2020-04-10 09:00:00,10.482,17.973595
2020-04-10 09:15:00,9.567,17.98296
2020-04-10 09:30:00,9.145,17.858356
2020-04-10 09:45:00,9.145,17.596424
2020-04-10 10:00:00,9.215,17.445488
2020-04-10 10:15:00,8.864,17.38794
2020-04-10 10:30:00,9.004,17.422943
2020-04-10 10:45:00,9.215,17.304102
2020-04-10 11:00:00,9.567,17.253857
2020-04-10 11:15:00,9.075,17.272003
2020-04-10 11:30:00,8.864,17.238823
2020-04-10 11:45:00,8.934,17.159506
2020-04-10 12:00:00,8.934,17.248926
2020-04-10 12:15:00,9.145,17.285517
2020-04-10 12:30:00,9.075,17.429752
2020-04-10 12:45:00,9.215,17.325415
2020-04-10 13:00:00,9.426,17.195713
2020-04-10 13:15:00,9.708,17.237373
2020-04-10 13:30:00,10.2,17.268003
2020-04-10 13:45:00,10.06,17.354053
2020-04-10 14:00:00,10.552,17.515684
2020-04-10 14:15:00,10.552,17.602327
2020-04-10 14:30:00,10.622,17.727026
2020-04-10 14:45:00,10.622,17.625952
2020-04-10 15:00:00,10.622,17.5905
2020-04-10 15:15:00,10.622,17.554691
2020-04-10 15:30:00,10.904,17.525045
2020-04-10 15:45:00,11.115,17.336746
2020-04-10 16:00:00,11.185,17.290123
2020-04-10 16:15:00,11.396,17.263475
2020-04-10 16:30:00,11.326,17.235718
2020-04-10 16:45:00,11.185,17.147873
2020-04-10 17:00:00,10.904,16.940136
2020-04-10 17:15:00,10.833,16.722174
2020-04-10 17:30:00,11.396,16.655897
2020-04-10 17:45:00,11.818,16.523628
2020-04-10 18:00:00,12.029,16.402483
2020-04-10 18:15:00,11.818,16.319336
2020-04-10 18:30:00,11.467,16.194454
2020-04-10 18:45:00,11.185,16.00235
2020-04-10 19:00:00,11.607,15.871876
2020-04-10 19:15:00,11.256,15.770063
2020-04-10 19:30:00,10.974,15.659993
2020-04-10 19:45:00,11.115,15.4183655
2020-04-10 20:00:00,11.185,15.248736
2020-04-10 20:15:00,11.044,15.151693
2020-04-10 20:30:00,11.185,15.175291
2020-04-10 20:45:00,10.833,15.065981
2020-04-10 21:00:00,11.044,15.036122
2020-04-10 21:15:00,10.763,15.053228
2020-04-10 21:30:00,10.271,15.1135025
2020-04-10 21:45:00,10.482,15.0925455
2020-04-10 22:00:00,10.552,15.130708
2020-04-10 22:15:00,10.552,15.217878
2020-04-10 22:30:00,10.833,15.383401
2020-04-10 22:45:00,10.833,15.435931
2020-04-10 23:00:00,11.044,15.672377
2020-04-10 23:15:00,10.974,15.8873205
2020-04-10 23:30:00,10.271,16.449715
2020-04-10 23:45:00,10.13,16.792355
2020-04-11 00:00:00,10.341,17.05784
2020-04-11 00:15:00,10.693,17.45203
2020-04-11 00:30:00,10.833,15.627982
2020-04-11 00:45:00,10.622,16.491968
2020-04-11 01:00:00,10.482,16.242352
2020-04-11 01:15:00,10.622,15.226814
2020-04-11 01:30:00,10.341,15.473849
2020-04-11 01:45:00,10.482,15.721687
2020-04-11 02:00:00,10.552,15.81638
2020-04-11 02:15:00,10.552,15.955582
2020-04-11 02:30:00,10.552,15.998072
2020-04-11 02:45:00,10.833,15.912911
2020-04-11 03:00:00,10.411,15.973484
2020-04-11 03:15:00,10.622,15.979952
2020-04-11 03:30:00,10.552,16.020187
2020-04-11 03:45:00,10.341,16.143984
2020-04-11 04:00:00,10.552,16.299076
2020-04-11 04:15:00,10.693,16.361498
2020-04-11 04:30:00,10.482,16.588037
2020-04-11 04:45:00,10.482,16.649874
2020-04-11 05:00:00,10.552,16.694237
2020-04-11 05:15:00,10.552,16.872313
2020-04-11 05:30:00,10.2,17.110165
2020-04-11 05:45:00,10.13,17.271215
2020-04-11 06:00:00,9.778,17.433174
2020-04-11 06:15:00,10.06,17.663235
2020-04-11 06:30:00,10.13,17.949272
2020-04-11 06:45:00,10.271,17.960894
2020-04-11 07:00:00,9.919,17.96641
2020-04-11 07:15:00,10.341,17.986664
2020-04-11 07:30:00,10.763,18.078436
2020-04-11 07:45:00,10.482,17.942425
2020-04-11 08:00:00,9.919,17.815678
2020-04-11 08:15:00,9.497,17.634104
2020-04-11 08:30:00,9.638,17.584715
2020-04-11 08:45:00,9.919,17.457745
2020-04-11 09:00:00,9.708,17.413197
2020-04-11 09:15:00,9.708,17.318382
2020-04-11 09:30:00,10.06,17.282848
2020-04-11 09:45:00,9.989,17.036322
2020-04-11 10:00:00,10.341,16.755783
2020-04-11 10:15:00,10.13,16.571596
2020-04-11 10:30:00,10.13,16.495623
2020-04-11 10:45:00,10.2,16.440248
2020-04-11 11:00:00,10.13,16.41029
2020-04-11 11:15:00,10.271,16.57354
2020-04-11 11:30:00,9.989,16.69982
2020-04-11 11:45:00,10.271,16.608261
2020-04-11 12:00:00,10.271,16.610418
2020-04-11 12:15:00,10.271,16.422823
2020-04-11 12:30:00,10.482,16.206913
2020-04-11 12:45:00,10.482,16.142157
2020-04-11 13:00:00,10.341,16.20111
2020-04-11 13:15:00,10.482,16.390612
2020-04-11 13:30:00,10.693,16.611168
2020-04-11 13:45:00,11.115,16.533484
2020-04-11 14:00:00,10.974,16.533663
2020-04-11 14:15:00,10.974,16.511293
2020-04-11 14:30:00,11.044,16.604836
2020-04-11 14:45:00,10.833,16.611755
2020-04-11 15:00:00,10.974,16.648071
2020-04-11 15:15:00,11.115,16.743073
2020-04-11 15:30:00,10.974,16.824583
2020-04-11 15:45:00,10.974,16.814867
2020-04-11 16:00:00,10.763,16.805775
2020-04-11 16:15:00,10.622,16.755962
2020-04-11 16:30:00,10.552,16.748611
2020-04-11 16:45:00,10.271,16.632267
2020-04-11 17:00:00,9.778,16.56894
2020-04-11 17:15:00,9.919,16.565569
2020-04-11 17:30:00,9.919,16.597755
2020-04-11 17:45:00,9.426,16.543694
2020-04-11 18:00:00,9.426,16.495384
2020-04-11 18:15:00,9.145,16.456512
2020-04-11 18:30:00,9.075,16.407429
2020-04-11 18:45:00,8.864,16.26453
2020-04-11 19:00:00,8.723,16.19658
2020-04-11 19:15:00,8.512,16.15605
2020-04-11 19:30:00,8.442,16.18047
2020-04-11 19:45:00,8.09,16.065666
2020-04-11 20:00:00,7.879,16.030216
2020-04-11 20:15:00,8.02,16.027979
2020-04-11 20:30:00,7.879,16.060514
2020-04-11 20:45:00,7.879,15.955407
2020-04-11 21:00:00,7.668,15.890871
2020-04-11 21:15:00,7.738,15.809067
2020-04-11 21:30:00,7.527,15.661808
2020-04-11 21:45:00,7.527,15.5150585
2020-04-11 22:00:00,7.386,15.473698
2020-04-11 22:15:00,7.386,15.684395
2020-04-11 22:30:00,7.246,15.897276
2020-04-11 22:45:00,6.964,16.035902
2020-04-11 23:00:00,6.964,16.270645
2020-04-11 23:15:00,6.894,16.665249
2020-04-11 23:30:00,7.035,17.198917
2020-04-11 23:45:00,7.105,17.417767
2020-04-12 00:00:00,6.964,17.460327
2020-04-12 00:15:00,6.894,17.51202
2020-04-12 00:30:00,6.964,15.718879
2020-04-12 00:45:00,6.753,16.635117
2020-04-12 01:00:00,6.613,16.419933
2020-04-12 01:15:00,6.542,15.307959
2020-04-12 01:30:00,6.613,15.4305725
2020-04-12 01:45:00,6.472,15.384674
2020-04-12 02:00:00,6.613,15.371641
2020-04-12 02:15:00,6.331,15.323524
2020-04-12 02:30:00,6.402,15.236586
2020-04-12 02:45:00,6.261,15.127414
2020-04-12 03:00:00,6.05,15.170926
2020-04-12 03:15:00,6.191,15.264782
2020-04-12 03:30:00,6.05,15.484822
2020-04-12 03:45:00,6.261,15.501614
2020-04-12 04:00:00,6.402,15.513284
2020-04-12 04:15:00,6.05,15.59996
2020-04-12 04:30:00,5.979,15.837421
2020-04-12 04:45:00,5.909,15.914091
2020-04-12 05:00:00,5.909,15.986726
2020-04-12 05:15:00,5.909,16.04256
2020-04-12 05:30:00,5.909,16.127016
2020-04-12 05:45:00,5.839,16.291195
2020-04-12 06:00:00,5.768,16.40741
2020-04-12 06:15:00,5.768,16.570337
2020-04-12 06:30:00,5.839,16.790684
2020-04-12 06:45:00,5.839,16.84864
2020-04-12 07:00:00,5.628,16.94926
2020-04-12 07:15:00,5.768,17.106232
2020-04-12 07:30:00,5.909,17.144447
2020-04-12 07:45:00,6.05,17.149502
2020-04-12 08:00:00,5.909,17.193352
2020-04-12 08:15:00,5.909,17.26386
2020-04-12 08:30:00,5.839,17.449575
2020-04-12 08:45:00,5.698,17.42888
2020-04-12 09:00:00,5.909,17.571941
2020-04-12 09:15:00,6.261,17.581928
2020-04-12 09:30:00,6.261,17.46897
2020-04-12 09:45:00,6.191,17.32698
2020-04-12 10:00:00,5.979,17.312431
2020-04-12 10:15:00,6.261,17.329363
2020-04-12 10:30:00,6.331,17.375454
2020-04-12 10:45:00,6.402,17.252045
2020-04-12 11:00:00,6.331,17.075891
2020-04-12 11:15:00,6.05,16.992197
2020-04-12 11:30:00,6.472,17.026783
2020-04-12 11:45:00,6.261,16.91085
2020-04-12 12:00:00,6.472,16.875385
2020-04-12 12:15:00,6.261,16.81947
2020-04-12 12:30:00,6.331,16.639557
2020-04-12 12:45:00,6.472,16.37408
2020-04-12 13:00:00,6.05,16.208397
2020-04-12 13:15:00,6.261,16.120853
2020-04-12 13:30:00,6.331,16.244274
2020-04-12 13:45:00,6.261,16.106333
2020-04-12 14:00:00,6.542,16.01399
2020-04-12 14:15:00,6.472,16.031328
2020-04-12 14:30:00,6.472,16.01458
2020-04-12 14:45:00,6.402,15.915962
2020-04-12 15:00:00,6.472,15.90376
2020-04-12 15:15:00,6.683,15.938775
2020-04-12 15:30:00,6.542,16.04508
2020-04-12 15:45:00,6.402,16.01825
2020-04-12 16:00:00,6.331,15.988826
2020-04-12 16:15:00,6.261,15.953316
2020-04-12 16:30:00,6.05,15.8572035
2020-04-12 16:45:00,6.05,15.726355
2020-04-12 17:00:00,5.768,15.708812
2020-04-12 17:15:00,5.628,15.762103
2020-04-12 17:30:00,5.909,15.913308
2020-04-12 17:45:00,5.698,15.887985
2020-04-12 18:00:00,5.628,15.861634
2020-04-12 18:15:00,5.487,15.807044
2020-04-12 18:30:00,5.135,15.762491
2020-04-12 18:45:00,5.206,15.570152
2020-04-12 19:00:00,5.346,15.468175
2020-04-12 19:15:00,5.346,15.431463
2020-04-12 19:30:00,5.135,15.395879
2020-04-12 19:45:00,5.065,15.311434
2020-04-12 20:00:00,4.854,15.263334
2020-04-12 20:15:00,4.995,15.239131
2020-04-12 20:30:00,4.995,15.248767
2020-04-12 20:45:00,5.065,15.131159
2020-04-12 21:00:00,5.135,15.064286
2020-04-12 21:15:00,4.995,15.042053
2020-04-12 21:30:00,5.065,15.0736065
2020-04-12 21:45:00,4.924,15.049719
2020-04-12 22:00:00,4.995,15.118915
2020-04-12 22:15:00,5.135,15.243134
2020-04-12 22:30:00,4.784,15.442282
2020-04-12 22:45:00,4.854,15.626028
2020-04-12 23:00:00,4.643,15.883682
2020-04-12 23:15:00,4.784,16.266195
2020-04-12 23:30:00,4.854,16.713886
2020-04-12 23:45:00,4.854,16.799892
2020-04-13 00:00:00,4.995,16.906755
2020-04-13 00:15:00,4.995,16.970388
2020-04-13 00:30:00,4.784,15.294694
2020-04-13 00:45:00,4.924,16.141617
2020-04-13 01:00:00,4.924,15.816831
2020-04-13 01:15:00,4.854,14.930765
2020-04-13 01:30:00,4.924,15.145461
2020-04-13 01:45:00,4.854,15.249178
2020-04-13 02:00:00,4.784,15.310411
2020-04-13 02:15:00,4.713,15.356468
2020-04-13 02:30:00,4.995,15.4316635
2020-04-13 02:45:00,5.065,15.4493
2020-04-13 03:00:00,4.854,15.48049
2020-04-13 03:15:00,4.784,15.617042
2020-04-13 03:30:00,4.784,15.752806
2020-04-13 03:45:00,4.854,15.819297
2020-04-13 04:00:00,4.854,15.952208
2020-04-13 04:15:00,4.995,16.12138
2020-04-13 04:30:00,4.854,16.450354
2020-04-13 04:45:00,4.854,16.489174
2020-04-13 05:00:00,4.784,16.587404
2020-04-13 05:15:00,4.854,16.651112
2020-04-13 05:30:00,4.713,16.764969
2020-04-13 05:45:00,4.713,16.894203
2020-04-13 06:00:00,4.713,17.015644
2020-04-13 06:15:00,4.713,17.107325
2020-04-13 06:30:00,4.713,17.312027
2020-04-13 06:45:00,4.643,17.389738
2020-04-13 07:00:00,4.573,17.37213
2020-04-13 07:15:00,4.432,17.552414
2020-04-13 07:30:00,4.643,17.564383
2020-04-13 07:45:00,4.291,17.459625
2020-04-13 08:00:00,4.291,17.523315
2020-04-13 08:15:00,4.362,17.59153
2020-04-13 08:30:00,4.15,17.811005
2020-04-13 08:45:00,4.15,17.976017
2020-04-13 09:00:00,4.291,18.127542
2020-04-13 09:15:00,4.221,18.198206
2020-04-13 09:30:00,4.15,18.261143
2020-04-13 09:45:00,4.15,18.136627
2020-04-13 10:00:00,4.362,18.051022
2020-04-13 10:15:00,4.362,17.71799
2020-04-13 10:30:00,4.291,17.569374
2020-04-13 10:45:00,4.432,17.405434
2020-04-13 11:00:00,4.573,17.27193
2020-04-13 11:15:00,4.643,17.370964
2020-04-13 11:30:00,4.573,17.370577
2020-04-13 11:45:00,4.854,17.187796
2020-04-13 12:00:00,5.065,17.058601
2020-04-13 12:15:00,4.713,16.928185
2020-04-13 12:30:00,4.713,16.815985
2020-04-13 12:45:00,4.643,16.556005
2020-04-13 13:00:00,4.643,16.428482
2020-04-13 13:15:00,4.854,16.315365
2020-04-13 13:30:00,4.995,16.374367
2020-04-13 13:45:00,4.784,16.331696
2020-04-13 14:00:00,4.854,16.41079
2020-04-13 14:15:00,4.854,16.505762
2020-04-13 14:30:00,4.995,16.618265
2020-04-13 14:45:00,5.346,16.593666
2020-04-13 15:00:00,5.276,16.68369
2020-04-13 15:15:00,5.276,16.727661
2020-04-13 15:30:00,5.276,16.743732
2020-04-13 15:45:00,5.206,16.74357
2020-04-13 16:00:00,4.854,16.63387
2020-04-13 16:15:00,4.643,16.699013
2020-04-13 16:30:00,5.346,16.824385
2020-04-13 16:45:00,5.487,16.819862
2020-04-13 17:00:00,5.839,16.913296
2020-04-13 17:15:00,6.12,16.88875
2020-04-13 17:30:00,6.05,16.859089
2020-04-13 17:45:00,5.698,16.783768
2020-04-13 18:00:00,4.573,16.735556
2020-04-13 18:15:00,4.01,16.688251
2020-04-13 18:30:00,3.377,16.655304
2020-04-13 18:45:00,3.447,16.431911
2020-04-13 19:00:00,3.095,16.333933
2020-04-13 19:15:00,3.377,16.283688
2020-04-13 19:30:00,3.939,16.18104
2020-04-13 19:45:00,4.15,16.007145
2020-04-13 20:00:00,3.799,15.866606
2020-04-13 20:15:00,4.15,15.800545
2020-04-13 20:30:00,4.502,15.820732
2020-04-13 20:45:00,4.502,15.736704
2020-04-13 21:00:00,4.854,15.707426
2020-04-13 21:15:00,3.588,15.677185
2020-04-13 21:30:00,3.447,15.746628
2020-04-13 21:45:00,3.517,15.683516
2020-04-13 22:00:00,3.095,15.67473
2020-04-13 22:15:00,3.025,15.728587
2020-04-13 22:30:00,2.955,15.887337
2020-04-13 22:45:00,3.728,16.054811
2020-04-13 23:00:00,3.588,16.21319
2020-04-13 23:15:00,2.532,16.48689
2020-04-13 23:30:00,3.025,16.891628
2020-04-13 23:45:00,3.939,16.92289
2020-04-14 00:00:00,4.291,17.273642
2020-04-14 00:15:00,4.643,17.443867
2020-04-14 00:30:00,5.135,15.632171
2020-04-14 00:45:00,4.854,16.492647
2020-04-14 01:00:00,4.362,15.927701
2020-04-14 01:15:00,4.221,14.983179
2020-04-14 01:30:00,4.502,15.154886
2020-04-14 01:45:00,4.291,15.181282
2020-04-14 02:00:00,4.15,15.381281
2020-04-14 02:15:00,3.869,15.521929
2020-04-14 02:30:00,4.362,15.746801
2020-04-14 02:45:00,4.362,15.762928
2020-04-14 03:00:00,4.643,15.748475
2020-04-14 03:15:00,4.854,15.833729
2020-04-14 03:30:00,5.065,15.847646
2020-04-14 03:45:00,5.065,15.815901
2020-04-14 04:00:00,5.206,15.898233
2020-04-14 04:15:00,4.995,15.933938
2020-04-14 04:30:00,4.432,16.108131
2020-04-14 04:45:00,4.502,16.123045
2020-04-14 05:00:00,4.854,16.103403
2020-04-14 05:15:00,5.065,16.122894
2020-04-14 05:30:00,5.206,16.237839
2020-04-14 05:45:00,5.135,16.133642
2020-04-14 06:00:00,5.206,16.133688
2020-04-14 06:15:00,4.784,16.203472
2020-04-14 06:30:00,4.502,16.308863
2020-04-14 06:45:00,4.784,16.441133
2020-04-14 07:00:00,4.854,16.558662
2020-04-14 07:15:00,4.784,16.656153
2020-04-14 07:30:00,4.573,16.678389
2020-04-14 07:45:00,4.432,16.656937
2020-04-14 08:00:00,4.924,16.858889
2020-04-14 08:15:00,4.15,16.897717
2020-04-14 08:30:00,3.658,17.131657
2020-04-14 08:45:00,3.447,17.176506
2020-04-14 09:00:00,3.447,17.26258
2020-04-14 09:15:00,3.799,17.508593
2020-04-14 09:30:00,3.658,17.59269
2020-04-14 09:45:00,3.799,17.477764
2020-04-14 10:00:00,4.362,17.462118
2020-04-14 10:15:00,4.291,17.390545
2020-04-14 10:30:00,4.502,17.391956
2020-04-14 10:45:00,4.15,17.278013
2020-04-14 11:00:00,3.799,17.188911
2020-04-14 11:15:00,3.517,17.200754
2020-04-14 11:30:00,3.799,17.240417
2020-04-14 11:45:00,3.869,17.195742
2020-04-14 12:00:00,3.799,17.165535
2020-04-14 12:15:00,3.588,17.046028
2020-04-14 12:30:00,3.869,16.928127
2020-04-14 12:45:00,3.869,16.641369
2020-04-14 13:00:00,3.939,16.46254
2020-04-14 13:15:00,4.573,16.361109
2020-04-14 13:30:00,3.939,16.331778
2020-04-14 13:45:00,3.939,16.315998
2020-04-14 14:00:00,4.01,16.292116
2020-04-14 14:15:00,4.15,16.30362
2020-04-14 14:30:00,4.221,16.417183
2020-04-14 14:45:00,4.432,16.32594
2020-04-14 15:00:00,4.432,16.333115
2020-04-14 15:15:00,4.924,16.319191
2020-04-14 15:30:00,4.854,16.43859
2020-04-14 15:45:00,4.995,16.430847
2020-04-14 16:00:00,5.346,16.437454
2020-04-14 16:15:00,5.206,16.490662
2020-04-14 16:30:00,5.276,16.510265
2020-04-14 16:45:00,4.995,16.447369
2020-04-14 17:00:00,5.206,16.469637
2020-04-14 17:15:00,5.135,16.453232
2020-04-14 17:30:00,5.557,16.479385
2020-04-14 17:45:00,5.557,16.402933
2020-04-14 18:00:00,5.417,16.326916
2020-04-14 18:15:00,5.698,16.28307
2020-04-14 18:30:00,5.346,16.21989
2020-04-14 18:45:00,5.206,16.073969
2020-04-14 19:00:00,5.065,16.002087
2020-04-14 19:15:00,5.276,15.970062
2020-04-14 19:30:00,5.135,15.909899
2020-04-14 19:45:00,4.995,15.718924
2020-04-14 20:00:00,4.924,15.566896
2020-04-14 20:15:00,4.502,15.476155
2020-04-14 20:30:00,4.221,15.48763
2020-04-14 20:45:00,3.799,15.433399
2020-04-14 21:00:00,3.869,15.4318285
2020-04-14 21:15:00,4.15,15.422991
2020-04-14 21:30:00,4.291,15.358282
2020-04-14 21:45:00,4.432,15.235245
2020-04-14 22:00:00,4.362,15.281311
2020-04-14 22:15:00,4.573,15.524579
2020-04-14 22:30:00,4.502,15.790232
2020-04-14 22:45:00,4.432,15.960054
2020-04-14 23:00:00,4.502,16.23388
2020-04-14 23:15:00,4.502,16.541077
2020-04-14 23:30:00,4.432,17.03134
2020-04-14 23:45:00,4.713,17.20443
2020-04-15 00:00:00,4.854,17.387434
2020-04-15 00:15:00,4.995,17.709625
2020-04-15 00:30:00,5.206,15.958534
2020-04-15 00:45:00,5.206,16.770878
2020-04-15 01:00:00,5.346,16.234234
2020-04-15 01:15:00,5.135,15.08407
2020-04-15 01:30:00,5.135,15.380733
2020-04-15 01:45:00,4.643,15.461039
2020-04-15 02:00:00,4.643,15.530038
2020-04-15 02:15:00,4.502,15.657675
2020-04-15 02:30:00,4.854,15.636765
2020-04-15 02:45:00,4.924,15.57435
2020-04-15 03:00:00,4.854,15.634799
2020-04-15 03:15:00,5.346,15.560394
2020-04-15 03:30:00,4.995,15.616251
2020-04-15 03:45:00,5.065,15.636981
2020-04-15 04:00:00,5.135,15.629332
2020-04-15 04:15:00,5.206,15.782788
2020-04-15 04:30:00,5.276,15.824272
2020-04-15 04:45:00,5.206,15.768433
2020-04-15 05:00:00,5.276,15.76105
2020-04-15 05:15:00,5.065,15.816375
2020-04-15 05:30:00,5.206,15.999324
2020-04-15 05:45:00,5.065,16.01683
2020-04-15 06:00:00,5.135,16.081158
2020-04-15 06:15:00,5.346,16.202429
2020-04-15 06:30:00,5.698,16.425518
2020-04-15 06:45:00,5.768,16.518976
2020-04-15 07:00:00,5.768,16.62922
2020-04-15 07:15:00,5.206,16.604164
2020-04-15 07:30:00,4.432,16.664047
2020-04-15 07:45:00,4.854,16.643978
2020-04-15 08:00:00,4.854,16.837912
2020-04-15 08:15:00,4.995,16.968508
2020-04-15 08:30:00,5.065,17.185173
2020-04-15 08:45:00,5.557,17.138388
2020-04-15 09:00:00,5.979,17.112368
2020-04-15 09:15:00,5.979,17.163332
2020-04-15 09:30:00,6.191,17.201307
2020-04-15 09:45:00,6.12,17.28564
2020-04-15 10:00:00,6.261,17.224312
2020-04-15 10:15:00,6.613,17.330194
2020-04-15 10:30:00,6.402,17.471403
2020-04-15 10:45:00,6.472,17.432865
2020-04-15 11:00:00,6.191,17.52007
2020-04-15 11:15:00,6.261,17.660603
2020-04-15 11:30:00,6.472,17.716745
2020-04-15 11:45:00,6.613,17.682007
2020-04-15 12:00:00,6.613,17.718193
2020-04-15 12:15:00,6.402,17.772942
2020-04-15 12:30:00,6.472,17.878233
2020-04-15 12:45:00,6.753,17.744816
2020-04-15 13:00:00,6.824,17.812355
2020-04-15 13:15:00,7.105,17.886385
2020-04-15 13:30:00,7.668,17.958103
2020-04-15 13:45:00,7.949,18.03952
2020-04-15 14:00:00,8.301,18.112154
2020-04-15 14:15:00,8.371,18.215906
2020-04-15 14:30:00,8.442,18.190557
2020-04-15 14:45:00,8.864,18.04242
2020-04-15 15:00:00,8.723,17.953773
2020-04-15 15:15:00,9.497,17.834259
2020-04-15 15:30:00,9.004,17.897188
2020-04-15 15:45:00,8.934,17.717873
2020-04-15 16:00:00,9.426,17.554764
2020-04-15 16:15:00,9.075,17.526386
2020-04-15 16:30:00,9.075,17.42778
2020-04-15 16:45:00,9.286,17.251572
2020-04-15 17:00:00,9.356,17.063644
2020-04-15 17:15:00,9.426,16.836529
2020-04-15 17:30:00,8.723,16.696512
2020-04-15 17:45:00,8.864,16.471796
2020-04-15 18:00:00,8.723,16.28013
2020-04-15 18:15:00,8.301,16.130835
2020-04-15 18:30:00,8.02,16.03191
2020-04-15 18:45:00,8.02,15.851351
2020-04-15 19:00:00,7.809,15.741119
2020-04-15 19:15:00,7.316,15.640312
2020-04-15 19:30:00,7.316,15.511625
2020-04-15 19:45:00,7.316,15.285802
2020-04-15 20:00:00,6.964,15.122368
2020-04-15 20:15:00,6.824,15.030054
2020-04-15 20:30:00,6.542,15.021534
2020-04-15 20:45:00,6.261,14.913996
2020-04-15 21:00:00,6.261,14.868686
2020-04-15 21:15:00,6.05,14.830275
2020-04-15 21:30:00,5.979,14.777221
2020-04-15 21:45:00,6.05,14.673191
2020-04-15 22:00:00,6.05,14.659434
2020-04-15 22:15:00,5.839,14.871083
2020-04-15 22:30:00,5.768,15.159355
2020-04-15 22:45:00,5.628,15.267842
2020-04-15 23:00:00,6.05,15.44961
2020-04-15 23:15:00,6.261,15.758032
2020-04-15 23:30:00,6.402,16.166645
2020-04-15 23:45:00,6.613,16.295717
2020-04-16 00:00:00,6.824,16.663734
2020-04-16 00:15:00,6.753,16.943598
2020-04-16 00:30:00,6.753,15.23902
2020-04-16 00:45:00,6.402,16.056343
2020-04-16 01:00:00,6.472,15.5045
2020-04-16 01:15:00,6.472,14.451954
2020-04-16 01:30:00,6.261,14.6355915
2020-04-16 01:45:00,6.402,14.80464
2020-04-16 02:00:00,6.613,15.082146
2020-04-16 02:15:00,6.542,15.314074
2020-04-16 02:30:00,6.613,15.499904
2020-04-16 02:45:00,6.542,15.562501
2020-04-16 03:00:00,6.542,15.592659
2020-04-16 03:15:00,6.402,15.696564
2020-04-16 03:30:00,6.613,15.911713
2020-04-16 03:45:00,6.472,15.793861
2020-04-16 04:00:00,6.402,15.832221
2020-04-16 04:15:00,6.402,15.89827
2020-04-16 04:30:00,6.402,15.92281
2020-04-16 04:45:00,6.05,15.980477
2020-04-16 05:00:00,5.909,16.084042
2020-04-16 05:15:00,6.191,16.10135
2020-04-16 05:30:00,6.191,16.203289
2020-04-16 05:45:00,6.261,16.085537
2020-04-16 06:00:00,6.191,15.970093
2020-04-16 06:15:00,6.331,15.996361
2020-04-16 06:30:00,6.331,16.154922
2020-04-16 06:45:00,6.12,16.27417
2020-04-16 07:00:00,6.331,16.403475
2020-04-16 07:15:00,6.331,16.374296
2020-04-16 07:30:00,6.472,16.349598
2020-04-16 07:45:00,6.472,16.26616
2020-04-16 08:00:00,6.542,16.434784
2020-04-16 08:15:00,6.753,16.718678
2020-04-16 08:30:00,6.402,16.98257
2020-04-16 08:45:00,6.472,17.12666
2020-04-16 09:00:00,6.683,17.243649
2020-04-16 09:15:00,6.542,17.362219
2020-04-16 09:30:00,6.894,17.325996
2020-04-16 09:45:00,6.964,17.234322
2020-04-16 10:00:00,6.964,17.322063
2020-04-16 10:15:00,7.035,17.40643
2020-04-16 10:30:00,7.175,17.466873
2020-04-16 10:45:00,7.386,17.322367
2020-04-16 11:00:00,7.316,17.1266
2020-04-16 11:15:00,7.246,17.127258
2020-04-16 11:30:00,6.964,17.185062
2020-04-16 11:45:00,6.964,17.119328
2020-04-16 12:00:00,6.964,17.1525
2020-04-16 12:15:00,6.964,17.039919
2020-04-16 12:30:00,7.105,16.925331
2020-04-16 12:45:00,6.964,16.62159
2020-04-16 13:00:00,7.246,16.427277
2020-04-16 13:15:00,7.316,16.359163
2020-04-16 13:30:00,7.668,16.354918
2020-04-16 13:45:00,7.949,16.347347
2020-04-16 14:00:00,8.02,16.204418
2020-04-16 14:15:00,7.949,16.100574
2020-04-16 14:30:00,8.02,16.206284
2020-04-16 14:45:00,8.231,16.1531
2020-04-16 15:00:00,8.653,16.186169
2020-04-16 15:15:00,8.442,16.248264
2020-04-16 15:30:00,8.442,16.32566
2020-04-16 15:45:00,8.934,16.382229
2020-04-16 16:00:00,9.004,16.450804
2020-04-16 16:15:00,8.864,16.531908
2020-04-16 16:30:00,9.286,16.55813
2020-04-16 16:45:00,8.653,16.449121
2020-04-16 17:00:00,8.512,16.451864
2020-04-16 17:15:00,8.16,16.463589
2020-04-16 17:30:00,7.809,16.483541
2020-04-16 17:45:00,7.949,16.379814
2020-04-16 18:00:00,7.738,16.313616
2020-04-16 18:15:00,7.527,16.24892
2020-04-16 18:30:00,7.457,16.20787
2020-04-16 18:45:00,7.668,16.034628
2020-04-16 19:00:00,7.668,15.8898735
2020-04-16 19:15:00,7.527,15.803819
2020-04-16 19:30:00,7.316,15.72282
2020-04-16 19:45:00,7.105,15.608641
2020-04-16 20:00:00,6.894,15.525927
2020-04-16 20:15:00,6.894,15.459927
2020-04-16 20:30:00,6.894,15.495525
2020-04-16 20:45:00,7.105,15.415573
2020-04-16 21:00:00,6.824,15.370399
2020-04-16 21:15:00,6.894,15.403578
2020-04-16 21:30:00,6.824,15.481039
2020-04-16 21:45:00,6.824,15.346106
2020-04-16 22:00:00,6.894,15.4365425
2020-04-16 22:15:00,6.683,15.493935
2020-04-16 22:30:00,6.613,15.786299
2020-04-16 22:45:00,6.331,16.053234
2020-04-16 23:00:00,6.191,16.319153
2020-04-16 23:15:00,6.05,16.606678
2020-04-16 23:30:00,5.839,16.991405
2020-04-16 23:45:00,5.909,17.2001
2020-04-17 00:00:00,5.909,17.36124
2020-04-17 00:15:00,6.191,17.722801
2020-04-17 00:30:00,6.12,16.15799
2020-04-17 00:45:00,6.191,17.225431
2020-04-17 01:00:00,6.261,17.027422
2020-04-17 01:15:00,6.05,16.024532
2020-04-17 01:30:00,6.05,16.295319
2020-04-17 01:45:00,6.191,16.423365
2020-04-17 02:00:00,6.261,16.49739
2020-04-17 02:15:00,6.261,16.642475
2020-04-17 02:30:00,5.979,16.738218
2020-04-17 02:45:00,6.261,16.637072
2020-04-17 03:00:00,5.909,16.594807
2020-04-17 03:15:00,6.05,16.585808
2020-04-17 03:30:00,5.839,16.640705
2020-04-17 03:45:00,6.261,16.557198
2020-04-17 04:00:00,6.261,16.52417
2020-04-17 04:15:00,6.402,16.605473
2020-04-17 04:30:00,6.261,16.671053
2020-04-17 04:45:00,6.191,16.643248
2020-04-17 05:00:00,5.768,16.636734
2020-04-17 05:15:00,5.628,16.617315
2020-04-17 05:30:00,5.698,16.75602
2020-04-17 05:45:00,5.768,16.774597
2020-04-17 06:00:00,5.768,16.879723
2020-04-17 06:15:00,5.909,17.055632
2020-04-17 06:30:00,6.05,17.33572
2020-04-17 06:45:00,6.402,17.302063
2020-04-17 07:00:00,6.683,17.236933
2020-04-17 07:15:00,7.175,17.236996
2020-04-17 07:30:00,7.175,17.215197
2020-04-17 07:45:00,7.246,17.400742
2020-04-17 08:00:00,7.246,17.548565
2020-04-17 08:15:00,6.894,17.497608
2020-04-17 08:30:00,7.246,17.743523
2020-04-17 08:45:00,7.668,17.694328
2020-04-17 09:00:00,8.16,17.848658
2020-04-17 09:15:00,8.09,18.05671
2020-04-17 09:30:00,8.442,18.191025
2020-04-17 09:45:00,8.582,18.102966
2020-04-17 10:00:00,8.864,18.03183
2020-04-17 10:15:00,8.653,17.859568
2020-04-17 10:30:00,8.16,17.603043
2020-04-17 10:45:00,8.442,17.361423
2020-04-17 11:00:00,7.879,17.384377
2020-04-17 11:15:00,7.879,17.521818
2020-04-17 11:30:00,7.879,17.552805
2020-04-17 11:45:00,7.809,17.422272
2020-04-17 12:00:00,8.09,17.346365
2020-04-17 12:15:00,8.301,17.183426
2020-04-17 12:30:00,8.231,17.01959
2020-04-17 12:45:00,8.723,16.932056
2020-04-17 13:00:00,8.934,16.801344
2020-04-17 13:15:00,9.004,16.943836
2020-04-17 13:30:00,9.356,17.225716
2020-04-17 13:45:00,9.708,17.312943
2020-04-17 14:00:00,9.567,17.466576
2020-04-17 14:15:00,10.341,17.399555
2020-04-17 14:30:00,10.341,17.422821
2020-04-17 14:45:00,10.06,17.435549
2020-04-17 15:00:00,10.271,17.486404
2020-04-17 15:15:00,10.622,17.821213
2020-04-17 15:30:00,10.833,17.961075
2020-04-17 15:45:00,11.185,17.849855
2020-04-17 16:00:00,10.904,17.713339
2020-04-17 16:15:00,11.326,17.620914
2020-04-17 16:30:00,11.115,17.56332
2020-04-17 16:45:00,11.185,17.430761
2020-04-17 17:00:00,10.904,17.311422
2020-04-17 17:15:00,10.833,17.208351
2020-04-17 17:30:00,10.693,17.113573
2020-04-17 17:45:00,10.552,16.913754
2020-04-17 18:00:00,10.622,16.763004
2020-04-17 18:15:00,10.271,16.581898
2020-04-17 18:30:00,9.638,16.475147
2020-04-17 18:45:00,9.215,16.303108
2020-04-17 19:00:00,8.934,16.204361
2020-04-17 19:15:00,8.793,16.17832
2020-04-17 19:30:00,8.582,16.082085
2020-04-17 19:45:00,8.231,15.846996
2020-04-17 20:00:00,8.09,15.68672
2020-04-17 20:15:00,8.301,15.568594
2020-04-17 20:30:00,8.442,15.55126
2020-04-17 20:45:00,8.231,15.380551
2020-04-17 21:00:00,8.16,15.286129
2020-04-17 21:15:00,8.09,15.309675
2020-04-17 21:30:00,8.16,15.274424
2020-04-17 21:45:00,8.02,15.280758
2020-04-17 22:00:00,7.949,15.388853
2020-04-17 22:15:00,7.879,15.494003
2020-04-17 22:30:00,7.809,15.753574
2020-04-17 22:45:00,7.668,15.805756
2020-04-17 23:00:00,7.668,15.907351
2020-04-17 23:15:00,7.809,16.15347
2020-04-17 23:30:00,7.668,16.512878
2020-04-17 23:45:00,7.386,16.61284
2020-04-18 00:00:00,7.457,16.833643
2020-04-18 00:15:00,7.457,17.064262
2020-04-18 00:30:00,7.316,15.38628
2020-04-18 00:45:00,7.316,16.357517
2020-04-18 01:00:00,7.246,16.062752
2020-04-18 01:15:00,7.316,15.029026
2020-04-18 01:30:00,7.597,15.23885
2020-04-18 01:45:00,7.246,15.317547
2020-04-18 02:00:00,7.386,15.464408
2020-04-18 02:15:00,7.246,15.636158
2020-04-18 02:30:00,7.386,15.722612
2020-04-18 02:45:00,7.386,15.66661
2020-04-18 03:00:00,7.246,15.835088
2020-04-18 03:15:00,7.246,15.937805
2020-04-18 03:30:00,7.105,16.162754
2020-04-18 03:45:00,7.246,16.152992
2020-04-18 04:00:00,7.246,16.261002
2020-04-18 04:15:00,7.386,16.44871
2020-04-18 04:30:00,7.246,16.544357
2020-04-18 04:45:00,7.246,16.539583
2020-04-18 05:00:00,7.246,16.599644
2020-04-18 05:15:00,7.105,16.627508
2020-04-18 05:30:00,7.035,16.813738
2020-04-18 05:45:00,6.964,16.903126
2020-04-18 06:00:00,6.964,17.139744
2020-04-18 06:15:00,7.175,17.292109
2020-04-18 06:30:00,7.175,17.451637
2020-04-18 06:45:00,7.386,17.606817
2020-04-18 07:00:00,7.738,17.654816
2020-04-18 07:15:00,7.879,17.77256
2020-04-18 07:30:00,8.16,17.857265
2020-04-18 07:45:00,8.442,17.646278
2020-04-18 08:00:00,9.145,17.496567
2020-04-18 08:15:00,9.004,17.485016
2020-04-18 08:30:00,8.723,17.43014
2020-04-18 08:45:00,8.793,17.396824
2020-04-18 09:00:00,8.723,17.347836
2020-04-18 09:15:00,8.864,17.28717
2020-04-18 09:30:00,9.145,17.178265
2020-04-18 09:45:00,9.426,17.019276
2020-04-18 10:00:00,9.638,16.90936
2020-04-18 10:15:00,9.215,16.911547
2020-04-18 10:30:00,9.075,17.141418
2020-04-18 10:45:00,8.793,17.211433
2020-04-18 11:00:00,9.215,17.281874
2020-04-18 11:15:00,8.723,17.369684
2020-04-18 11:30:00,8.934,17.432499
2020-04-18 11:45:00,9.356,17.406042
2020-04-18 12:00:00,9.286,17.479584
2020-04-18 12:15:00,9.215,17.541418
2020-04-18 12:30:00,9.286,17.693409
2020-04-18 12:45:00,9.567,17.645092
2020-04-18 13:00:00,9.989,17.633179
2020-04-18 13:15:00,10.341,17.668142
2020-04-18 13:30:00,10.552,17.774673
2020-04-18 13:45:00,10.763,17.770815
2020-04-18 14:00:00,11.185,17.837261
2020-04-18 14:15:00,11.185,17.892813
2020-04-18 14:30:00,11.256,17.974735
2020-04-18 14:45:00,11.326,17.920197
2020-04-18 15:00:00,11.537,17.841137
2020-04-18 15:15:00,11.748,17.733984
2020-04-18 15:30:00,11.748,17.710285
2020-04-18 15:45:00,12.311,17.596899
2020-04-18 16:00:00,12.311,17.41764
2020-04-18 16:15:00,12.311,17.41773
2020-04-18 16:30:00,12.522,17.290718
2020-04-18 16:45:00,12.522,17.013351
2020-04-18 17:00:00,12.662,16.962784
2020-04-18 17:15:00,12.381,16.756699
2020-04-18 17:30:00,12.1,16.641602
2020-04-18 17:45:00,12.17,16.487587
2020-04-18 18:00:00,11.818,16.40317
2020-04-18 18:15:00,11.256,16.352306
2020-04-18 18:30:00,11.044,16.357357
2020-04-18 18:45:00,10.482,16.23154
2020-04-18 19:00:00,10.13,16.142162
2020-04-18 19:15:00,10.271,16.103489
2020-04-18 19:30:00,9.919,16.057318
2020-04-18 19:45:00,9.849,15.886404
2020-04-18 20:00:00,9.989,15.80872
2020-04-18 20:15:00,9.989,15.794895
2020-04-18 20:30:00,9.778,15.810335
2020-04-18 20:45:00,9.638,15.676217
2020-04-18 21:00:00,9.356,15.620195
2020-04-18 21:15:00,9.356,15.59828
2020-04-18 21:30:00,9.286,15.559349
2020-04-18 21:45:00,9.004,15.551882
2020-04-18 22:00:00,9.004,15.617626
2020-04-18 22:15:00,9.075,15.76388
2020-04-18 22:30:00,9.075,16.04969
2020-04-18 22:45:00,9.004,16.188705
2020-04-18 23:00:00,8.934,16.399128
2020-04-18 23:15:00,8.793,16.669773
2020-04-18 23:30:00,8.723,17.070536
2020-04-18 23:45:00,8.582,17.251204
2020-04-19 00:00:00,8.512,17.389294
2020-04-19 00:15:00,8.301,17.627325
2020-04-19 00:30:00,8.442,16.059559
2020-04-19 00:45:00,8.442,17.11596
2020-04-19 01:00:00,8.442,16.873333
2020-04-19 01:15:00,8.371,15.929794
2020-04-19 01:30:00,8.442,16.173326
2020-04-19 01:45:00,8.442,16.217064
2020-04-19 02:00:00,8.371,16.365452
2020-04-19 02:15:00,8.442,16.508091
2020-04-19 02:30:00,8.723,16.500645
2020-04-19 02:45:00,8.582,16.343254
2020-04-19 03:00:00,8.231,16.356207
2020-04-19 03:15:00,8.231,16.396305
2020-04-19 03:30:00,8.371,16.527628
2020-04-19 03:45:00,8.16,16.52581
2020-04-19 04:00:00,8.02,16.605698
2020-04-19 04:15:00,7.668,16.723698
2020-04-19 04:30:00,8.09,16.76132
2020-04-19 04:45:00,7.668,16.76576
2020-04-19 05:00:00,8.02,16.700983
2020-04-19 05:15:00,7.809,16.712725
2020-04-19 05:30:00,7.879,16.848736
2020-04-19 05:45:00,7.527,16.862026
2020-04-19 06:00:00,7.527,16.96402
2020-04-19 06:15:00,7.457,17.110796
2020-04-19 06:30:00,7.738,17.194805
2020-04-19 06:45:00,7.738,17.194374
2020-04-19 07:00:00,8.09,17.182463
2020-04-19 07:15:00,8.301,17.291313
2020-04-19 07:30:00,8.512,17.3777
2020-04-19 07:45:00,9.075,17.492155
2020-04-19 08:00:00,9.075,17.675343
2020-04-19 08:15:00,8.442,17.83567
2020-04-19 08:30:00,8.512,18.065895
2020-04-19 08:45:00,8.723,17.960377
2020-04-19 09:00:00,9.286,17.779991
2020-04-19 09:15:00,9.567,17.819447
2020-04-19 09:30:00,9.778,17.878998
2020-04-19 09:45:00,9.989,17.739573
2020-04-19 10:00:00,9.919,17.805986
2020-04-19 10:15:00,10.06,17.810247
2020-04-19 10:30:00,10.271,17.84637
2020-04-19 10:45:00,9.849,17.938614
2020-04-19 11:00:00,9.778,17.939941
2020-04-19 11:15:00,9.708,17.884129
2020-04-19 11:30:00,10.06,17.88778
2020-04-19 11:45:00,10.341,17.737255
2020-04-19 12:00:00,10.271,17.772236
2020-04-19 12:15:00,10.552,17.86166
2020-04-19 12:30:00,10.341,17.938253
2020-04-19 12:45:00,10.904,17.93674
2020-04-19 13:00:00,11.044,17.87806
2020-04-19 13:15:00,11.537,17.91608
2020-04-19 13:30:00,12.17,18.060059
2020-04-19 13:45:00,12.381,18.100693
2020-04-19 14:00:00,11.889,18.120638
2020-04-19 14:15:00,12.029,18.126694
2020-04-19 14:30:00,12.24,18.167862
2020-04-19 14:45:00,12.1,18.019258
2020-04-19 15:00:00,12.592,18.026924
2020-04-19 15:15:00,12.592,18.034376
2020-04-19 15:30:00,12.522,17.940905
2020-04-19 15:45:00,12.522,17.708097
2020-04-19 16:00:00,12.522,17.54971
2020-04-19 16:15:00,13.014,17.49035
2020-04-19 16:30:00,13.085,17.440983
2020-04-19 16:45:00,12.522,17.298904
2020-04-19 17:00:00,12.17,17.176128
2020-04-19 17:15:00,11.889,17.049652
2020-04-19 17:30:00,11.467,16.917248
2020-04-19 17:45:00,12.17,16.712399
2020-04-19 18:00:00,11.607,16.517
2020-04-19 18:15:00,11.396,16.40192
2020-04-19 18:30:00,11.044,16.34687
2020-04-19 18:45:00,10.763,16.156403
2020-04-19 19:00:00,10.411,16.03659
2020-04-19 19:15:00,10.552,15.97175
2020-04-19 19:30:00,10.271,15.935128
2020-04-19 19:45:00,9.849,15.818294
2020-04-19 20:00:00,9.849,15.752823
2020-04-19 20:15:00,9.567,15.716062
2020-04-19 20:30:00,9.426,15.710613
2020-04-19 20:45:00,9.497,15.598736
2020-04-19 21:00:00,9.356,15.576273
2020-04-19 21:15:00,9.286,15.616355
2020-04-19 21:30:00,9.286,15.687612
2020-04-19 21:45:00,9.004,15.565926
2020-04-19 22:00:00,8.934,15.5626135
2020-04-19 22:15:00,9.075,15.655763
2020-04-19 22:30:00,9.075,15.897614
2020-04-19 22:45:00,8.653,16.135681
2020-04-19 23:00:00,8.512,16.513157
2020-04-19 23:15:00,8.582,16.93674
2020-04-19 23:30:00,8.653,17.499207
2020-04-19 23:45:00,8.582,17.697996
2020-04-20 00:00:00,8.512,17.877384
2020-04-20 00:15:00,8.723,18.263792
2020-04-20 00:30:00,8.934,16.765759
2020-04-20 00:45:00,8.723,17.812202
2020-04-20 01:00:00,8.653,17.623022
2020-04-20 01:15:00,8.864,16.816025
2020-04-20 01:30:00,8.934,17.208654
2020-04-20 01:45:00,8.934,17.37663
2020-04-20 02:00:00,8.793,17.484737
2020-04-20 02:15:00,8.934,17.48523
2020-04-20 02:30:00,8.864,17.50379
2020-04-20 02:45:00,9.075,17.438025
2020-04-20 03:00:00,8.371,17.337868
2020-04-20 03:15:00,8.09,17.234426
2020-04-20 03:30:00,8.231,17.279135
2020-04-20 03:45:00,8.16,17.281214
2020-04-20 04:00:00,8.301,17.337566
2020-04-20 04:15:00,8.371,17.52895
2020-04-20 04:30:00,8.02,17.728598
2020-04-20 04:45:00,8.02,17.793941
2020-04-20 05:00:00,8.09,17.88111
2020-04-20 05:15:00,7.879,17.96739
2020-04-20 05:30:00,8.301,18.076616
2020-04-20 05:45:00,8.371,18.15727
2020-04-20 06:00:00,8.371,18.441216
2020-04-20 06:15:00,8.231,18.707985
2020-04-20 06:30:00,8.793,19.031893
2020-04-20 06:45:00,8.864,19.048656
2020-04-20 07:00:00,9.145,18.983486
2020-04-20 07:15:00,8.864,18.866148
2020-04-20 07:30:00,9.004,18.91742
2020-04-20 07:45:00,8.723,18.780771
2020-04-20 08:00:00,9.004,18.837404
2020-04-20 08:15:00,8.231,18.867409
2020-04-20 08:30:00,8.512,18.872166
2020-04-20 08:45:00,8.442,18.792616
2020-04-20 09:00:00,8.864,18.6256
2020-04-20 09:15:00,9.075,18.562386
2020-04-20 09:30:00,9.075,18.47994
2020-04-20 09:45:00,9.215,18.355625
2020-04-20 10:00:00,9.497,18.379108
2020-04-20 10:15:00,9.567,18.358133
2020-04-20 10:30:00,9.708,18.444204
2020-04-20 10:45:00,9.778,18.325693
2020-04-20 11:00:00,9.989,18.28121
2020-04-20 11:15:00,10.06,18.298584
2020-04-20 11:30:00,10.06,18.278702
2020-04-20 11:45:00,10.411,18.246674
2020-04-20 12:00:00,10.341,18.243492
2020-04-20 12:15:00,10.622,18.141106
2020-04-20 12:30:00,10.974,18.112667
2020-04-20 12:45:00,11.185,18.00239
2020-04-20 13:00:00,11.748,17.93756
2020-04-20 13:15:00,12.029,17.981985
2020-04-20 13:30:00,11.818,18.143677
2020-04-20 13:45:00,12.381,18.12009
2020-04-20 14:00:00,12.381,17.919262
2020-04-20 14:15:00,12.522,17.786247
2020-04-20 14:30:00,12.381,17.724691
2020-04-20 14:45:00,12.381,17.638515
2020-04-20 15:00:00,12.944,17.833393
2020-04-20 15:15:00,13.366,17.918833
2020-04-20 15:30:00,13.366,18.078512
2020-04-20 15:45:00,13.436,18.054329
2020-04-20 16:00:00,13.436,17.901949
2020-04-20 16:15:00,13.507,17.841347
2020-04-20 16:30:00,13.296,17.767017
2020-04-20 16:45:00,13.436,17.663094
2020-04-20 17:00:00,12.874,17.64438
2020-04-20 17:15:00,12.451,17.669893
2020-04-20 17:30:00,12.522,17.675009
2020-04-20 17:45:00,12.311,17.565826
2020-04-20 18:00:00,12.24,17.471416
2020-04-20 18:15:00,12.029,17.392693
2020-04-20 18:30:00,11.959,17.317436
2020-04-20 18:45:00,11.678,17.105656
2020-04-20 19:00:00,11.748,16.97755
2020-04-20 19:15:00,11.818,16.889923
2020-04-20 19:30:00,11.607,16.795073
2020-04-20 19:45:00,11.256,16.611269
2020-04-20 20:00:00,11.256,16.481836
2020-04-20 20:15:00,11.044,16.396435
2020-04-20 20:30:00,10.974,16.404903
2020-04-20 20:45:00,11.537,16.24988
2020-04-20 21:00:00,11.889,16.189396
2020-04-20 21:15:00,11.467,16.20134
2020-04-20 21:30:00,10.622,16.156815
2020-04-20 21:45:00,10.622,16.07383
2020-04-20 22:00:00,11.044,15.95892
2020-04-20 22:15:00,11.185,16.025242
2020-04-20 22:30:00,11.256,16.393072
2020-04-20 22:45:00,10.974,16.63607
2020-04-20 23:00:00,10.904,17.033672
2020-04-20 23:15:00,11.044,17.367292
2020-04-20 23:30:00,11.115,17.737156
2020-04-20 23:45:00,11.185,17.997467
2020-04-21 00:00:00,10.974,18.259125
2020-04-21 00:15:00,10.974,18.604551
2020-04-21 00:30:00,11.185,16.957642
2020-04-21 00:45:00,10.974,17.833427
2020-04-21 01:00:00,10.904,17.559357
2020-04-21 01:15:00,11.185,16.602716
2020-04-21 01:30:00,11.185,16.934729
2020-04-21 01:45:00,11.256,17.025003
2020-04-21 02:00:00,11.326,17.049603
2020-04-21 02:15:00,11.256,16.972704
2020-04-21 02:30:00,10.833,17.00552
2020-04-21 02:45:00,10.622,17.10867
2020-04-21 03:00:00,10.341,17.291964
2020-04-21 03:15:00,10.622,17.515404
2020-04-21 03:30:00,10.974,17.524998
2020-04-21 03:45:00,10.552,17.332203
2020-04-21 04:00:00,9.567,17.290367
2020-04-21 04:15:00,10.13,17.214085
2020-04-21 04:30:00,10.13,17.257633
2020-04-21 04:45:00,10.2,17.288982
2020-04-21 05:00:00,10.271,17.312092
2020-04-21 05:15:00,10.2,17.506763
2020-04-21 05:30:00,10.13,17.746166
2020-04-21 05:45:00,10.271,17.839716
2020-04-21 06:00:00,10.341,17.947361
2020-04-21 06:15:00,10.271,18.013012
2020-04-21 06:30:00,10.271,18.096899
2020-04-21 06:45:00,10.622,18.077911
2020-04-21 07:00:00,10.341,18.172716
2020-04-21 07:15:00,10.271,18.26261
2020-04-21 07:30:00,10.06,18.223877
2020-04-21 07:45:00,9.919,18.057508
2020-04-21 08:00:00,10.06,17.996017
2020-04-21 08:15:00,10.06,18.123343
2020-04-21 08:30:00,10.341,18.310188
2020-04-21 08:45:00,10.271,18.258965
2020-04-21 09:00:00,10.622,18.349953
2020-04-21 09:15:00,10.693,18.384796
2020-04-21 09:30:00,10.693,18.380941
2020-04-21 09:45:00,10.904,18.211494
2020-04-21 10:00:00,10.763,18.019087
2020-04-21 10:15:00,10.622,17.881924
2020-04-21 10:30:00,10.833,17.912954
2020-04-21 10:45:00,10.552,17.863897
2020-04-21 11:00:00,10.482,17.774464
2020-04-21 11:15:00,10.482,17.597008
2020-04-21 11:30:00,10.904,17.502789
2020-04-21 11:45:00,10.833,17.358932
2020-04-21 12:00:00,11.256,17.23453
2020-04-21 12:15:00,11.044,17.174923
2020-04-21 12:30:00,11.326,17.115705
2020-04-21 12:45:00,11.537,16.917469
2020-04-21 13:00:00,11.256,16.780594
2020-04-21 13:15:00,11.256,16.831554
2020-04-21 13:30:00,11.256,16.842234
2020-04-21 13:45:00,10.693,16.747276
2020-04-21 14:00:00,9.778,16.75788
2020-04-21 14:15:00,9.849,16.825573
2020-04-21 14:30:00,9.849,16.88825
2020-04-21 14:45:00,9.849,16.840034
2020-04-21 15:00:00,10.271,16.877808
2020-04-21 15:15:00,10.411,16.93092
2020-04-21 15:30:00,9.919,17.032875
2020-04-21 15:45:00,9.989,16.966259
2020-04-21 16:00:00,9.849,16.967873
2020-04-21 16:15:00,9.567,16.943424
2020-04-21 16:30:00,9.708,17.00184
2020-04-21 16:45:00,9.426,17.012226
2020-04-21 17:00:00,9.567,17.096937
2020-04-21 17:15:00,9.497,17.173065
2020-04-21 17:30:00,9.215,17.232262
2020-04-21 17:45:00,9.215,17.121803
2020-04-21 18:00:00,9.426,17.065289
2020-04-21 18:15:00,9.286,16.987396
2020-04-21 18:30:00,9.286,16.945925
2020-04-21 18:45:00,9.567,16.831396
2020-04-21 19:00:00,9.356,16.771511
2020-04-21 19:15:00,9.497,16.759472
2020-04-21 19:30:00,9.497,16.684525
2020-04-21 19:45:00,9.426,16.50515
2020-04-21 20:00:00,9.497,16.356436
2020-04-21 20:15:00,9.145,16.23566
2020-04-21 20:30:00,9.075,16.204632
2020-04-21 20:45:00,9.075,16.075336
2020-04-21 21:00:00,9.004,16.040527
2020-04-21 21:15:00,9.075,16.041107
2020-04-21 21:30:00,9.215,16.073738
2020-04-21 21:45:00,9.215,15.998056
2020-04-21 22:00:00,9.215,15.956312
2020-04-21 22:15:00,9.356,16.034485
2020-04-21 22:30:00,9.426,16.235298
2020-04-21 22:45:00,9.356,16.25413
2020-04-21 23:00:00,9.145,16.498096
2020-04-21 23:15:00,9.426,16.883987
2020-04-21 23:30:00,9.567,17.252985
2020-04-21 23:45:00,9.426,17.546354
2020-04-22 00:00:00,9.567,17.802559
2020-04-22 00:15:00,9.638,17.877941
2020-04-22 00:30:00,9.778,16.227423
2020-04-22 00:45:00,9.567,17.1688
2020-04-22 01:00:00,9.708,16.786865
2020-04-22 01:15:00,9.567,15.81123
2020-04-22 01:30:00,9.638,16.161673
2020-04-22 01:45:00,9.708,16.210701
2020-04-22 02:00:00,9.638,16.387999
2020-04-22 02:15:00,9.778,16.526556
2020-04-22 02:30:00,9.567,16.53709
2020-04-22 02:45:00,9.708,16.457952
2020-04-22 03:00:00,9.708,16.496487
2020-04-22 03:15:00,10.13,16.620527
2020-04-22 03:30:00,9.989,16.76168
2020-04-22 03:45:00,8.723,16.648554
2020-04-22 04:00:00,7.035,16.55433
2020-04-22 04:15:00,6.753,16.5758
2020-04-22 04:30:00,6.894,16.596817
2020-04-22 04:45:00,7.879,16.501122
2020-04-22 05:00:00,8.653,16.534504
2020-04-22 05:15:00,8.864,16.60748
2020-04-22 05:30:00,8.934,16.670637
2020-04-22 05:45:00,9.075,16.694809
2020-04-22 06:00:00,9.356,16.678038
2020-04-22 06:15:00,8.16,16.722675
2020-04-22 06:30:00,8.16,16.868666
2020-04-22 06:45:00,8.301,16.977985
2020-04-22 07:00:00,8.512,17.078173
2020-04-22 07:15:00,9.004,17.13832
2020-04-22 07:30:00,9.215,17.201965
2020-04-22 07:45:00,9.497,17.1195
2020-04-22 08:00:00,9.989,17.156982
2020-04-22 08:15:00,10.13,17.316145
2020-04-22 08:30:00,10.13,17.612116
2020-04-22 08:45:00,10.13,17.72581
2020-04-22 09:00:00,10.341,17.764692
2020-04-22 09:15:00,9.778,17.909214
2020-04-22 09:30:00,10.06,17.854744
2020-04-22 09:45:00,9.919,17.759462
2020-04-22 10:00:00,9.919,17.750225
2020-04-22 10:15:00,9.497,17.727028
2020-04-22 10:30:00,9.778,17.784061
2020-04-22 10:45:00,9.638,17.68517
2020-04-22 11:00:00,9.426,17.622284
2020-04-22 11:15:00,9.426,17.72115
2020-04-22 11:30:00,9.708,17.822498
2020-04-22 11:45:00,9.286,17.71653
2020-04-22 12:00:00,9.638,17.67822
2020-04-22 12:15:00,9.356,17.606922
2020-04-22 12:30:00,9.708,17.560963
2020-04-22 12:45:00,9.145,17.36884
2020-04-22 13:00:00,9.497,17.263556
2020-04-22 13:15:00,9.778,17.248095
2020-04-22 13:30:00,9.638,17.276085
2020-04-22 13:45:00,9.567,17.353987
2020-04-22 14:00:00,9.356,17.351492
2020-04-22 14:15:00,9.638,17.359867
2020-04-22 14:30:00,9.426,17.349697
2020-04-22 14:45:00,9.708,17.185139
2020-04-22 15:00:00,9.919,17.180058
2020-04-22 15:15:00,9.567,17.119919
2020-04-22 15:30:00,9.567,17.139956
2020-04-22 15:45:00,9.849,17.034658
2020-04-22 16:00:00,10.06,16.968536
2020-04-22 16:15:00,10.341,16.899683
2020-04-22 16:30:00,10.482,16.816475
2020-04-22 16:45:00,10.552,16.684135
2020-04-22 17:00:00,10.271,16.569836
2020-04-22 17:15:00,10.622,16.524063
2020-04-22 17:30:00,10.622,16.589853
2020-04-22 17:45:00,10.622,16.460928
2020-04-22 18:00:00,10.06,16.421648
2020-04-22 18:15:00,9.989,16.415087
2020-04-22 18:30:00,10.411,16.436712
2020-04-22 18:45:00,10.341,16.363058
2020-04-22 19:00:00,9.989,16.360704
2020-04-22 19:15:00,10.13,16.411886
2020-04-22 19:30:00,8.934,16.45717
2020-04-22 19:45:00,8.371,16.358025
2020-04-22 20:00:00,8.371,16.295818
2020-04-22 20:15:00,8.582,16.284456
2020-04-22 20:30:00,8.371,16.351547
2020-04-22 20:45:00,8.371,16.251171
2020-04-22 21:00:00,8.442,16.241371
2020-04-22 21:15:00,8.371,16.250078
2020-04-22 21:30:00,7.949,16.341751
2020-04-22 21:45:00,8.02,16.365143
2020-04-22 22:00:00,7.738,16.444656
2020-04-22 22:15:00,7.597,16.521545
2020-04-22 22:30:00,7.457,16.689726
2020-04-22 22:45:00,7.175,16.762218
2020-04-22 23:00:00,7.105,16.888256
2020-04-22 23:15:00,6.824,17.179039
2020-04-22 23:30:00,6.894,17.527142
2020-04-22 23:45:00,6.753,17.653606
2020-04-23 00:00:00,6.753,17.836933
2020-04-23 00:15:00,6.613,18.056889
2020-04-23 00:30:00,6.683,16.327362
2020-04-23 00:45:00,6.261,17.19523
2020-04-23 01:00:00,6.402,16.722107
2020-04-23 01:15:00,6.12,15.615295
2020-04-23 01:30:00,6.12,15.853691
2020-04-23 01:45:00,5.979,15.953533
2020-04-23 02:00:00,5.839,16.084318
2020-04-23 02:15:00,6.05,16.134308
2020-04-23 02:30:00,5.487,16.28297
2020-04-23 02:45:00,5.487,16.30726
2020-04-23 03:00:00,5.909,16.427189
2020-04-23 03:15:00,5.909,16.474512
2020-04-23 03:30:00,5.909,16.628717
2020-04-23 03:45:00,5.698,16.654427
2020-04-23 04:00:00,5.417,16.665642
2020-04-23 04:15:00,5.417,16.64199
2020-04-23 04:30:00,5.135,16.647419
2020-04-23 04:45:00,5.206,16.62436
2020-04-23 05:00:00,4.995,16.669865
2020-04-23 05:15:00,4.995,16.877796
2020-04-23 05:30:00,5.065,17.015368
2020-04-23 05:45:00,4.995,17.00864
2020-04-23 06:00:00,5.135,16.892574
2020-04-23 06:15:00,5.206,16.982933
2020-04-23 06:30:00,4.995,16.998652
2020-04-23 06:45:00,4.643,16.9276
2020-04-23 07:00:00,4.643,17.153328
2020-04-23 07:15:00,4.784,17.397331
2020-04-23 07:30:00,4.713,17.685589
2020-04-23 07:45:00,4.221,17.799942
2020-04-23 08:00:00,4.362,17.754827
2020-04-23 08:15:00,3.517,17.77289
2020-04-23 08:30:00,3.588,18.046612
2020-04-23 08:45:00,4.01,18.108818
2020-04-23 09:00:00,4.291,18.219673
2020-04-23 09:15:00,3.939,18.339397
2020-04-23 09:30:00,2.884,18.3832
2020-04-23 09:45:00,3.025,18.31548
2020-04-23 10:00:00,3.658,18.326725
2020-04-23 10:15:00,3.517,18.179382
2020-04-23 10:30:00,3.869,18.127064
2020-04-23 10:45:00,3.447,18.036959
2020-04-23 11:00:00,3.166,17.937098
2020-04-23 11:15:00,3.306,17.959576
2020-04-23 11:30:00,3.166,17.987698
2020-04-23 11:45:00,3.658,17.885923
2020-04-23 12:00:00,3.517,17.881311
2020-04-23 12:15:00,3.166,17.770327
2020-04-23 12:30:00,2.884,17.698393
2020-04-23 12:45:00,2.884,17.456932
2020-04-23 13:00:00,3.236,17.345396
2020-04-23 13:15:00,2.884,17.22402
2020-04-23 13:30:00,2.814,17.096544
2020-04-23 13:45:00,3.025,17.007946
2020-04-23 14:00:00,3.236,16.930576
2020-04-23 14:15:00,3.377,16.978178
2020-04-23 14:30:00,3.377,17.089558
2020-04-23 14:45:00,3.236,17.02128
2020-04-23 15:00:00,3.728,17.035513
2020-04-23 15:15:00,3.095,17.056156
2020-04-23 15:30:00,3.728,17.123936
2020-04-23 15:45:00,4.291,17.047573
2020-04-23 16:00:00,5.206,17.004408
2020-04-23 16:15:00,5.276,16.944874
2020-04-23 16:30:00,5.206,17.004814
2020-04-23 16:45:00,5.065,16.970749
2020-04-23 17:00:00,5.698,16.999603
2020-04-23 17:15:00,5.346,17.05817
2020-04-23 17:30:00,5.276,17.066994
2020-04-23 17:45:00,5.276,16.993053
2020-04-23 18:00:00,5.206,16.969997
2020-04-23 18:15:00,5.417,16.944757
2020-04-23 18:30:00,5.346,16.932434
2020-04-23 18:45:00,5.276,16.789762
2020-04-23 19:00:00,5.557,16.724604
2020-04-23 19:15:00,5.768,16.723766
2020-04-23 19:30:00,6.05,16.716333
2020-04-23 19:45:00,5.487,16.590544
2020-04-23 20:00:00,4.643,16.500257
2020-04-23 20:15:00,4.08,16.41354
2020-04-23 20:30:00,4.784,16.408543
2020-04-23 20:45:00,4.995,16.24617
2020-04-23 21:00:00,5.487,16.180588
2020-04-23 21:15:00,5.768,16.142494
2020-04-23 21:30:00,6.261,16.154348
2020-04-23 21:45:00,6.402,16.041689
2020-04-23 22:00:00,6.05,16.027033
2020-04-23 22:15:00,4.995,16.166653
2020-04-23 22:30:00,4.643,16.430773
2020-04-23 22:45:00,4.643,16.590687
2020-04-23 23:00:00,5.135,16.765982
2020-04-23 23:15:00,5.065,17.029161
2020-04-23 23:30:00,5.206,17.345346
2020-04-23 23:45:00,5.909,17.489235
2020-04-24 00:00:00,6.261,17.690903
2020-04-24 00:15:00,6.331,17.9856
2020-04-24 00:30:00,6.402,16.39302
2020-04-24 00:45:00,6.402,17.47081
2020-04-24 01:00:00,6.402,17.146036
2020-04-24 01:15:00,6.12,16.119453
2020-04-24 01:30:00,6.05,16.284855
2020-04-24 01:45:00,6.683,16.304901
2020-04-24 02:00:00,6.613,16.363953
2020-04-24 02:15:00,6.472,16.404652
2020-04-24 02:30:00,5.979,16.464838
2020-04-24 02:45:00,6.191,16.488564
2020-04-24 03:00:00,6.261,16.599218
2020-04-24 03:15:00,6.331,16.755383
2020-04-24 03:30:00,6.331,16.803663
2020-04-24 03:45:00,6.683,16.840473
2020-04-24 04:00:00,6.683,16.962929
2020-04-24 04:15:00,6.683,17.167892
2020-04-24 04:30:00,6.753,17.299803
2020-04-24 04:45:00,6.261,17.233389
2020-04-24 05:00:00,6.331,17.210777
2020-04-24 05:15:00,6.261,17.365736
2020-04-24 05:30:00,6.613,17.560362
2020-04-24 05:45:00,7.316,17.504402
2020-04-24 06:00:00,6.753,17.591444
2020-04-24 06:15:00,6.402,17.59708
2020-04-24 06:30:00,6.331,17.80442
2020-04-24 06:45:00,6.261,17.805706
2020-04-24 07:00:00,6.542,17.866913
2020-04-24 07:15:00,6.542,17.944878
2020-04-24 07:30:00,6.472,17.94785
2020-04-24 07:45:00,6.542,18.03053
2020-04-24 08:00:00,6.261,18.13488
2020-04-24 08:15:00,5.909,18.263834
2020-04-24 08:30:00,5.557,18.493898
2020-04-24 08:45:00,5.839,18.67303
2020-04-24 09:00:00,6.964,18.740574
2020-04-24 09:15:00,6.753,18.632
2020-04-24 09:30:00,6.331,18.742046
2020-04-24 09:45:00,6.261,18.769371
2020-04-24 10:00:00,6.472,18.83989
2020-04-24 10:15:00,6.613,18.994629
2020-04-24 10:30:00,7.035,19.003185
2020-04-24 10:45:00,7.105,18.962475
2020-04-24 11:00:00,7.105,19.101686
2020-04-24 11:15:00,7.035,19.390755
2020-04-24 11:30:00,7.386,19.697372
2020-04-24 11:45:00,7.527,19.884037
2020-04-24 12:00:00,7.175,19.779596
2020-04-24 12:15:00,7.668,19.703667
2020-04-24 12:30:00,7.175,19.819899
2020-04-24 12:45:00,8.02,19.83968
2020-04-24 13:00:00,8.02,20.194248
2020-04-24 13:15:00,7.809,20.204494
2020-04-24 13:30:00,8.16,20.490982
2020-04-24 13:45:00,7.879,20.538315
2020-04-24 14:00:00,8.16,20.32228
2020-04-24 14:15:00,8.442,19.869156
2020-04-24 14:30:00,8.231,19.492233
2020-04-24 14:45:00,8.09,19.324091
2020-04-24 15:00:00,8.653,19.22713
2020-04-24 15:15:00,8.16,19.140352
2020-04-24 15:30:00,8.301,19.07882
2020-04-24 15:45:00,7.949,18.864023
2020-04-24 16:00:00,8.231,18.596434
2020-04-24 16:15:00,8.301,18.417067
2020-04-24 16:30:00,8.371,18.237564
2020-04-24 16:45:00,8.301,18.07458
2020-04-24 17:00:00,7.668,18.026024
2020-04-24 17:15:00,8.09,17.9419
2020-04-24 17:30:00,8.512,17.820543
2020-04-24 17:45:00,8.582,17.662338
2020-04-24 18:00:00,8.442,17.581512
2020-04-24 18:15:00,8.02,17.512468
2020-04-24 18:30:00,7.949,17.47841
2020-04-24 18:45:00,8.09,17.322998
2020-04-24 19:00:00,7.949,17.270397
2020-04-24 19:15:00,7.738,17.283606
2020-04-24 19:30:00,7.879,17.165668
2020-04-24 19:45:00,7.949,16.939075
2020-04-24 20:00:00,7.809,16.756561
2020-04-24 20:15:00,7.809,16.611156
2020-04-24 20:30:00,7.668,16.66079
2020-04-24 20:45:00,7.668,16.587004
2020-04-24 21:00:00,7.738,16.54964
2020-04-24 21:15:00,7.738,16.561193
2020-04-24 21:30:00,7.527,16.581356
2020-04-24 21:45:00,7.457,16.592527
2020-04-24 22:00:00,7.386,16.544006
2020-04-24 22:15:00,7.527,16.503693
2020-04-24 22:30:00,7.527,16.569893
2020-04-24 22:45:00,7.527,16.48396
2020-04-24 23:00:00,7.668,16.775393
2020-04-24 23:15:00,7.316,17.122187
2020-04-24 23:30:00,7.316,17.553528
2020-04-24 23:45:00,7.386,17.78431
2020-04-25 00:00:00,7.457,17.894451
2020-04-25 00:15:00,7.597,18.113045
2020-04-25 00:30:00,7.738,16.37865
2020-04-25 00:45:00,7.246,17.361774
2020-04-25 01:00:00,7.316,17.294582
2020-04-25 01:15:00,7.386,16.50901
2020-04-25 01:30:00,7.668,16.90791
2020-04-25 01:45:00,7.246,17.076733
2020-04-25 02:00:00,7.809,17.21972
2020-04-25 02:15:00,8.16,17.316984
2020-04-25 02:30:00,8.231,17.473875
2020-04-25 02:45:00,7.879,17.5363
2020-04-25 03:00:00,7.527,17.522417
2020-04-25 03:15:00,7.105,17.6482
2020-04-25 03:30:00,6.894,17.667917
2020-04-25 03:45:00,6.542,17.64296
2020-04-25 04:00:00,6.542,17.461756
2020-04-25 04:15:00,6.472,17.34769
2020-04-25 04:30:00,7.035,17.332005
2020-04-25 04:45:00,6.894,17.115118
2020-04-25 05:00:00,7.035,17.07171
2020-04-25 05:15:00,7.668,17.136005
2020-04-25 05:30:00,8.16,17.222723
2020-04-25 05:45:00,7.809,17.234121
2020-04-25 06:00:00,7.879,17.325718
2020-04-25 06:15:00,8.09,17.39356
2020-04-25 06:30:00,8.371,17.429893
2020-04-25 06:45:00,8.864,17.415554
2020-04-25 07:00:00,9.075,17.617912
2020-04-25 07:15:00,8.864,17.738152
2020-04-25 07:30:00,9.004,17.62715
2020-04-25 07:45:00,8.231,17.65297
2020-04-25 08:00:00,8.02,17.640152
2020-04-25 08:15:00,9.004,17.721844
2020-04-25 08:30:00,8.512,17.807243
2020-04-25 08:45:00,8.442,17.745956
2020-04-25 09:00:00,8.512,17.881832
2020-04-25 09:15:00,8.864,18.02796
2020-04-25 09:30:00,9.004,18.184212
2020-04-25 09:45:00,9.286,18.34475
2020-04-25 10:00:00,9.497,18.559254
2020-04-25 10:15:00,9.004,18.778423
2020-04-25 10:30:00,9.075,18.900377
2020-04-25 10:45:00,9.215,18.80024
2020-04-25 11:00:00,9.145,18.818659
2020-04-25 11:15:00,9.215,19.10078
2020-04-25 11:30:00,9.075,19.46791
2020-04-25 11:45:00,9.075,19.793348
2020-04-25 12:00:00,9.567,19.86444
2020-04-25 12:15:00,9.215,20.015879
2020-04-25 12:30:00,9.286,20.335636
2020-04-25 12:45:00,8.934,20.390518
2020-04-25 13:00:00,8.864,20.446934
2020-04-25 13:15:00,9.567,20.5234
2020-04-25 13:30:00,9.426,20.755886
2020-04-25 13:45:00,9.778,20.901905
2020-04-25 14:00:00,9.849,21.009129
2020-04-25 14:15:00,10.06,21.001125
2020-04-25 14:30:00,10.271,21.10579
2020-04-25 14:45:00,10.271,20.963776
2020-04-25 15:00:00,10.2,20.827747
2020-04-25 15:15:00,10.833,20.518211
2020-04-25 15:30:00,10.693,20.249866
2020-04-25 15:45:00,10.622,20.106508
2020-04-25 16:00:00,9.989,20.0994
2020-04-25 16:15:00,10.341,19.917974
2020-04-25 16:30:00,10.271,19.56592
2020-04-25 16:45:00,10.552,19.085455
2020-04-25 17:00:00,10.552,18.793434
2020-04-25 17:15:00,10.833,18.545425
2020-04-25 17:30:00,10.693,18.353737
2020-04-25 17:45:00,10.341,18.02917
2020-04-25 18:00:00,10.271,17.840809
2020-04-25 18:15:00,9.919,17.746922
2020-04-25 18:30:00,9.638,17.702652
2020-04-25 18:45:00,9.638,17.523432
2020-04-25 19:00:00,9.426,17.381863
2020-04-25 19:15:00,9.075,17.329365
2020-04-25 19:30:00,8.793,17.327023
2020-04-25 19:45:00,8.723,17.269297
2020-04-25 20:00:00,8.512,17.204288
2020-04-25 20:15:00,8.442,17.213013
2020-04-25 20:30:00,8.653,17.279528
2020-04-25 20:45:00,8.934,17.213158
2020-04-25 21:00:00,9.075,17.218834
2020-04-25 21:15:00,9.145,17.295803
2020-04-25 21:30:00,8.934,17.384565
2020-04-25 21:45:00,9.004,17.371637
2020-04-25 22:00:00,8.934,17.444916
2020-04-25 22:15:00,8.723,17.553938
2020-04-25 22:30:00,8.723,17.688637
2020-04-25 22:45:00,9.145,17.752047
2020-04-25 23:00:00,8.512,17.890408
2020-04-25 23:15:00,8.793,18.177053
2020-04-25 23:30:00,8.582,18.52248
2020-04-25 23:45:00,8.653,18.632273
2020-04-26 00:00:00,8.723,18.759659
2020-04-26 00:15:00,8.442,18.843987
2020-04-26 00:30:00,8.371,17.179148
2020-04-26 00:45:00,8.512,18.059673
2020-04-26 01:00:00,8.512,17.725231
2020-04-26 01:15:00,9.286,16.76334
2020-04-26 01:30:00,9.426,16.935558
2020-04-26 01:45:00,9.426,17.123556
2020-04-26 02:00:00,9.215,17.29616
2020-04-26 02:15:00,9.004,17.410635
2020-04-26 02:30:00,9.356,17.522663
2020-04-26 02:45:00,9.215,17.40459
2020-04-26 03:00:00,9.426,17.437298
2020-04-26 03:15:00,9.567,17.482264
2020-04-26 03:30:00,9.426,17.41117
2020-04-26 03:45:00,9.286,17.34058
2020-04-26 04:00:00,9.356,17.389381
2020-04-26 04:15:00,9.567,17.439034
2020-04-26 04:30:00,9.286,17.54929
2020-04-26 04:45:00,9.638,17.536102
2020-04-26 05:00:00,9.567,17.591518
2020-04-26 05:15:00,9.286,17.663462
2020-04-26 05:30:00,9.426,17.64841
2020-04-26 05:45:00,9.497,17.518011
2020-04-26 06:00:00,9.075,17.56731
2020-04-26 06:15:00,9.356,17.709373
2020-04-26 06:30:00,9.426,17.895285
2020-04-26 06:45:00,9.426,17.83485
2020-04-26 07:00:00,9.849,17.92733
2020-04-26 07:15:00,10.13,17.921051
2020-04-26 07:30:00,10.271,18.015516
2020-04-26 07:45:00,10.341,18.04065
2020-04-26 08:00:00,10.271,18.053284
2020-04-26 08:15:00,10.2,18.128714
2020-04-26 08:30:00,9.919,18.449427
2020-04-26 08:45:00,9.778,18.58531
2020-04-26 09:00:00,9.849,18.57395
2020-04-26 09:15:00,9.286,18.664001
2020-04-26 09:30:00,9.286,18.779459
2020-04-26 09:45:00,9.849,18.697386
2020-04-26 10:00:00,9.989,18.657955
2020-04-26 10:15:00,10.06,18.830946
2020-04-26 10:30:00,10.482,19.018005
2020-04-26 10:45:00,10.552,19.126514
2020-04-26 11:00:00,10.693,19.136507
2020-04-26 11:15:00,10.482,19.333233
2020-04-26 11:30:00,10.06,19.403084
2020-04-26 11:45:00,10.2,19.321861
2020-04-26 12:00:00,10.833,19.423857
2020-04-26 12:15:00,10.833,19.14827
2020-04-26 12:30:00,10.833,19.024305
2020-04-26 12:45:00,11.044,18.984047
2020-04-26 13:00:00,10.622,19.245136
2020-04-26 13:15:00,10.974,19.55386
2020-04-26 13:30:00,10.411,19.834103
2020-04-26 13:45:00,11.185,19.822075
2020-04-26 14:00:00,11.115,19.944914
2020-04-26 14:15:00,11.185,20.17275
2020-04-26 14:30:00,10.271,20.507957
2020-04-26 14:45:00,10.763,20.667702
2020-04-26 15:00:00,10.482,20.65244
2020-04-26 15:15:00,11.256,20.6236
2020-04-26 15:30:00,11.678,20.6735
2020-04-26 15:45:00,11.256,20.698187
2020-04-26 16:00:00,11.607,20.623785
2020-04-26 16:15:00,11.678,20.388454
2020-04-26 16:30:00,11.044,20.26548
2020-04-26 16:45:00,11.467,20.11013
2020-04-26 17:00:00,11.326,19.99629
2020-04-26 17:15:00,10.763,19.953999
2020-04-26 17:30:00,10.2,19.72468
2020-04-26 17:45:00,9.989,19.363884
2020-04-26 18:00:00,10.06,19.035124
2020-04-26 18:15:00,9.849,18.75348
2020-04-26 18:30:00,10.13,18.532127
2020-04-26 18:45:00,9.989,18.233353
2020-04-26 19:00:00,10.341,18.009441
2020-04-26 19:15:00,10.2,17.865358
2020-04-26 19:30:00,10.13,17.705227
2020-04-26 19:45:00,10.06,17.424803
2020-04-26 20:00:00,9.778,17.242783
2020-04-26 20:15:00,9.426,17.062092
2020-04-26 20:30:00,9.286,17.027529
2020-04-26 20:45:00,9.849,16.878126
2020-04-26 21:00:00,10.13,16.79874
2020-04-26 21:15:00,10.13,16.774548
2020-04-26 21:30:00,9.989,16.762596
2020-04-26 21:45:00,9.989,16.695848
2020-04-26 22:00:00,10.482,16.71793
2020-04-26 22:15:00,10.2,16.719114
2020-04-26 22:30:00,9.919,16.842606
2020-04-26 22:45:00,9.849,16.8493
2020-04-26 23:00:00,9.849,16.876596
2020-04-26 23:15:00,10.13,17.075512
2020-04-26 23:30:00,10.13,17.494276
2020-04-26 23:45:00,10.271,17.703907
2020-04-27 00:00:00,9.778,18.054474
2020-04-27 00:15:00,9.708,18.409798
2020-04-27 00:30:00,9.638,16.759958
2020-04-27 00:45:00,9.567,17.80968
2020-04-27 01:00:00,9.919,17.486668
2020-04-27 01:15:00,10.06,16.552671
2020-04-27 01:30:00,9.989,16.81917
2020-04-27 01:45:00,9.849,17.047531
2020-04-27 02:00:00,9.919,17.283783
2020-04-27 02:15:00,9.849,17.222538
2020-04-27 02:30:00,9.567,17.226501
2020-04-27 02:45:00,9.778,17.172552
2020-04-27 03:00:00,9.426,17.332003
2020-04-27 03:15:00,9.567,17.474638
2020-04-27 03:30:00,9.708,17.614712
2020-04-27 03:45:00,9.075,17.71688
2020-04-27 04:00:00,9.497,17.811453
2020-04-27 04:15:00,9.708,17.942268
2020-04-27 04:30:00,9.919,17.992945
2020-04-27 04:45:00,9.638,18.022623
2020-04-27 05:00:00,9.638,18.114662
2020-04-27 05:15:00,9.426,18.194637
2020-04-27 05:30:00,9.426,18.240782
2020-04-27 05:45:00,9.567,18.370407
2020-04-27 06:00:00,9.778,18.46491
2020-04-27 06:15:00,9.708,18.698364
2020-04-27 06:30:00,9.708,18.980606
2020-04-27 06:45:00,10.06,19.059824
2020-04-27 07:00:00,10.341,19.116922
2020-04-27 07:15:00,10.482,19.114538
2020-04-27 07:30:00,10.904,19.254135
2020-04-27 07:45:00,10.833,19.1841
2020-04-27 08:00:00,11.185,19.285433
2020-04-27 08:15:00,10.974,19.437422
2020-04-27 08:30:00,10.974,19.33182
2020-04-27 08:45:00,11.115,19.44819
2020-04-27 09:00:00,11.256,19.619106
2020-04-27 09:15:00,11.396,19.828188
2020-04-27 09:30:00,11.326,19.948187
2020-04-27 09:45:00,11.326,19.881016
2020-04-27 10:00:00,11.678,20.081028
2020-04-27 10:15:00,11.607,20.27726
2020-04-27 10:30:00,11.537,20.546291
2020-04-27 10:45:00,11.115,20.734222
2020-04-27 11:00:00,11.326,20.974337
2020-04-27 11:15:00,11.326,21.201853
2020-04-27 11:30:00,11.607,21.526966
2020-04-27 11:45:00,11.889,21.737244
2020-04-27 12:00:00,11.607,21.977497
2020-04-27 12:15:00,12.1,22.182852
2020-04-27 12:30:00,12.17,22.363144
2020-04-27 12:45:00,12.451,22.388588
2020-04-27 13:00:00,12.733,22.400837
2020-04-27 13:15:00,12.803,22.564716
2020-04-27 13:30:00,12.944,22.807158
2020-04-27 13:45:00,13.085,22.82759
2020-04-27 14:00:00,13.085,22.897297
2020-04-27 14:15:00,13.647,22.949505
2020-04-27 14:30:00,13.788,23.036743
2020-04-27 14:45:00,13.858,22.948807
2020-04-27 15:00:00,13.999,22.913282
2020-04-27 15:15:00,13.999,22.91868
2020-04-27 15:30:00,13.647,22.873798
2020-04-27 15:45:00,14.069,22.511833
2020-04-27 16:00:00,14.21,22.03723
2020-04-27 16:15:00,14.069,21.522917
2020-04-27 16:30:00,14.069,21.13998
2020-04-27 16:45:00,14.21,20.776531
2020-04-27 17:00:00,13.999,20.470852
2020-04-27 17:15:00,13.788,20.21262
2020-04-27 17:30:00,13.929,19.967928
2020-04-27 17:45:00,14.14,19.5842
2020-04-27 18:00:00,13.718,19.260693
2020-04-27 18:15:00,13.225,18.981615
2020-04-27 18:30:00,12.874,18.747208
2020-04-27 18:45:00,12.592,18.494837
2020-04-27 19:00:00,12.451,18.381989
2020-04-27 19:15:00,11.889,18.349401
2020-04-27 19:30:00,11.678,18.331179
2020-04-27 19:45:00,11.678,18.173779
2020-04-27 20:00:00,11.678,18.026802
2020-04-27 20:15:00,11.467,17.910244
2020-04-27 20:30:00,11.256,17.907112
2020-04-27 20:45:00,11.185,17.792225
2020-04-27 21:00:00,11.326,17.742603
2020-04-27 21:15:00,11.396,17.748905
2020-04-27 21:30:00,11.326,17.728466
2020-04-27 21:45:00,11.185,17.567928
2020-04-27 22:00:00,11.044,17.516329
2020-04-27 22:15:00,11.256,17.491299
2020-04-27 22:30:00,11.185,17.558125
2020-04-27 22:45:00,11.185,17.727236
2020-04-27 23:00:00,10.974,17.88096
2020-04-27 23:15:00,11.185,18.100685
2020-04-27 23:30:00,11.185,18.471235
2020-04-27 23:45:00,11.185,18.676544
2020-04-28 00:00:00,10.833,18.936445
2020-04-28 00:15:00,10.833,19.231915
2020-04-28 00:30:00,10.833,17.56068
2020-04-28 00:45:00,10.693,18.357285
2020-04-28 01:00:00,10.693,17.944483
2020-04-28 01:15:00,10.763,16.810703
2020-04-28 01:30:00,10.833,17.039143
2020-04-28 01:45:00,10.833,17.12901
2020-04-28 02:00:00,10.974,17.139296
2020-04-28 02:15:00,10.552,17.337347
2020-04-28 02:30:00,9.778,17.504147
2020-04-28 02:45:00,9.567,17.625235
2020-04-28 03:00:00,9.567,17.79467
2020-04-28 03:15:00,9.567,17.936733
2020-04-28 03:30:00,9.708,18.236134
2020-04-28 03:45:00,9.567,18.253494
2020-04-28 04:00:00,9.567,18.27671
2020-04-28 04:15:00,9.638,18.406736
2020-04-28 04:30:00,9.426,18.584446
2020-04-28 04:45:00,9.567,18.569109
2020-04-28 05:00:00,9.497,18.633175
2020-04-28 05:15:00,9.356,18.68153
2020-04-28 05:30:00,9.356,18.799404
2020-04-28 05:45:00,9.426,18.783676
2020-04-28 06:00:00,9.497,18.783604
2020-04-28 06:15:00,9.497,18.877998
2020-04-28 06:30:00,9.286,18.948338
2020-04-28 06:45:00,9.497,18.80811
2020-04-28 07:00:00,9.638,18.79603
2020-04-28 07:15:00,9.497,18.826124
2020-04-28 07:30:00,9.778,18.883404
2020-04-28 07:45:00,9.919,18.875214
2020-04-28 08:00:00,10.2,18.808811
2020-04-28 08:15:00,10.13,18.843735
2020-04-28 08:30:00,10.13,18.998377
2020-04-28 08:45:00,9.919,19.038351
2020-04-28 09:00:00,10.06,19.24063
2020-04-28 09:15:00,10.411,19.500135
2020-04-28 09:30:00,10.482,19.71117
2020-04-28 09:45:00,10.833,19.83321
2020-04-28 10:00:00,10.833,19.993214
2020-04-28 10:15:00,11.044,20.020985
2020-04-28 10:30:00,10.974,20.044426
2020-04-28 10:45:00,10.833,19.863277
2020-04-28 11:00:00,10.833,19.807384
2020-04-28 11:15:00,10.904,19.781048
2020-04-28 11:30:00,10.974,19.774319
2020-04-28 11:45:00,11.326,19.702791
2020-04-28 12:00:00,11.326,19.692802
2020-04-28 12:15:00,11.537,19.748487
2020-04-28 12:30:00,11.467,19.743423
2020-04-28 12:45:00,11.748,19.57439
2020-04-28 13:00:00,11.818,19.401493
2020-04-28 13:15:00,12.311,19.28928
2020-04-28 13:30:00,12.381,19.273022
2020-04-28 13:45:00,12.522,19.209234
2020-04-28 14:00:00,12.803,19.205027
2020-04-28 14:15:00,12.874,19.250103
2020-04-28 14:30:00,13.155,19.299126
2020-04-28 14:45:00,13.225,19.189766
2020-04-28 15:00:00,13.225,19.127857
2020-04-28 15:15:00,13.366,19.167582
2020-04-28 15:30:00,13.999,19.267075
2020-04-28 15:45:00,13.788,19.199648
2020-04-28 16:00:00,13.929,19.178583
2020-04-28 16:15:00,13.577,19.102194
2020-04-28 16:30:00,14.069,19.007927
2020-04-28 16:45:00,13.788,18.867285
2020-04-28 17:00:00,13.085,18.81687
2020-04-28 17:15:00,13.014,18.745914
2020-04-28 17:30:00,12.944,18.727978
2020-04-28 17:45:00,12.733,18.499075
2020-04-28 18:00:00,12.592,18.344452
2020-04-28 18:15:00,12.311,18.205772
2020-04-28 18:30:00,12.381,18.109585
2020-04-28 18:45:00,11.959,17.936287
2020-04-28 19:00:00,11.818,17.791906
2020-04-28 19:15:00,11.748,17.654533
2020-04-28 19:30:00,11.537,17.55615
2020-04-28 19:45:00,11.326,17.358229
2020-04-28 20:00:00,11.537,17.220781
2020-04-28 20:15:00,11.396,17.149883
2020-04-28 20:30:00,11.326,17.106548
2020-04-28 20:45:00,11.185,16.980982
2020-04-28 21:00:00,11.115,16.900232
2020-04-28 21:15:00,10.904,16.92686
2020-04-28 21:30:00,10.833,16.926493
2020-04-28 21:45:00,10.833,16.773315
2020-04-28 22:00:00,10.833,16.692245
2020-04-28 22:15:00,10.763,16.547546
2020-04-28 22:30:00,10.833,16.596375
2020-04-28 22:45:00,10.833,16.65005
2020-04-28 23:00:00,10.693,16.863636
2020-04-28 23:15:00,10.833,17.293228
2020-04-28 23:30:00,10.974,17.725979
2020-04-28 23:45:00,10.904,17.82469
2020-04-29 00:00:00,10.904,17.893166
2020-04-29 00:15:00,11.185,18.016306
2020-04-29 00:30:00,11.326,16.242989
2020-04-29 00:45:00,11.326,17.196224
2020-04-29 01:00:00,11.607,16.859198
2020-04-29 01:15:00,11.396,15.910564
2020-04-29 01:30:00,11.537,16.302816
2020-04-29 01:45:00,11.678,16.540958
2020-04-29 02:00:00,11.607,16.837059
2020-04-29 02:15:00,11.467,17.08798
2020-04-29 02:30:00,11.467,17.121452
2020-04-29 02:45:00,11.326,17.21054
2020-04-29 03:00:00,11.185,17.265522
2020-04-29 03:15:00,11.326,17.365368
2020-04-29 03:30:00,11.537,17.572891
2020-04-29 03:45:00,11.326,17.672121
2020-04-29 04:00:00,11.748,17.692612
2020-04-29 04:15:00,11.467,17.795649
2020-04-29 04:30:00,11.678,17.8663
2020-04-29 04:45:00,11.537,17.792854
2020-04-29 05:00:00,11.607,17.863565
2020-04-29 05:15:00,11.537,17.89359
2020-04-29 05:30:00,11.607,18.002056
2020-04-29 05:45:00,11.607,17.990845
2020-04-29 06:00:00,11.326,18.019762
2020-04-29 06:15:00,11.467,18.23312
2020-04-29 06:30:00,11.537,18.396988
2020-04-29 06:45:00,11.818,18.343826
2020-04-29 07:00:00,11.959,18.280005
2020-04-29 07:15:00,11.818,18.173859
2020-04-29 07:30:00,11.748,18.25982
2020-04-29 07:45:00,12.311,18.15575
2020-04-29 08:00:00,12.592,18.075264
2020-04-29 08:15:00,12.592,18.090702
2020-04-29 08:30:00,12.381,18.201548
2020-04-29 08:45:00,12.381,18.269438
2020-04-29 09:00:00,12.662,18.313051
2020-04-29 09:15:00,12.874,18.471533
2020-04-29 09:30:00,12.803,18.4906
2020-04-29 09:45:00,12.592,18.334743
2020-04-29 10:00:00,12.592,18.373875
2020-04-29 10:15:00,12.029,18.312582
2020-04-29 10:30:00,11.889,18.436419
2020-04-29 10:45:00,11.467,18.475033
2020-04-29 11:00:00,12.029,18.481419
2020-04-29 11:15:00,11.959,18.542591
2020-04-29 11:30:00,12.311,18.561426
2020-04-29 11:45:00,12.592,18.51933
2020-04-29 12:00:00,12.522,18.552418
2020-04-29 12:15:00,12.522,18.509523
2020-04-29 12:30:00,12.17,18.482067
2020-04-29 12:45:00,12.522,18.33311
2020-04-29 13:00:00,11.959,18.270107
2020-04-29 13:15:00,12.381,18.23943
2020-04-29 13:30:00,12.17,18.380333
2020-04-29 13:45:00,12.662,18.201893
2020-04-29 14:00:00,12.803,18.114883
2020-04-29 14:15:00,12.592,18.183884
2020-04-29 14:30:00,12.874,18.224625
2020-04-29 14:45:00,12.803,18.164974
2020-04-29 15:00:00,12.662,18.266117
2020-04-29 15:15:00,12.522,18.230238
2020-04-29 15:30:00,12.522,18.25335
2020-04-29 15:45:00,12.803,18.160263
2020-04-29 16:00:00,12.451,18.08642
2020-04-29 16:15:00,12.662,18.036552
2020-04-29 16:30:00,13.225,18.019835
2020-04-29 16:45:00,13.366,17.930828
2020-04-29 17:00:00,13.296,17.877779
2020-04-29 17:15:00,13.014,17.830177
2020-04-29 17:30:00,13.296,17.827833
2020-04-29 17:45:00,13.296,17.717398
2020-04-29 18:00:00,12.944,17.616568
2020-04-29 18:15:00,13.014,17.52604
2020-04-29 18:30:00,13.225,17.445087
2020-04-29 18:45:00,12.944,17.273146
2020-04-29 19:00:00,12.733,17.194904
2020-04-29 19:15:00,12.733,17.15802
2020-04-29 19:30:00,12.662,17.087536
2020-04-29 19:45:00,12.733,16.911972
2020-04-29 20:00:00,12.662,16.812328
2020-04-29 20:15:00,12.381,16.717115
2020-04-29 20:30:00,12.311,16.71576
2020-04-29 20:45:00,12.24,16.569107
2020-04-29 21:00:00,12.451,16.508812
2020-04-29 21:15:00,12.662,16.54443
2020-04-29 21:30:00,12.733,16.573954
2020-04-29 21:45:00,12.803,16.469398
2020-04-29 22:00:00,12.522,16.40536
2020-04-29 22:15:00,12.592,16.415615
2020-04-29 22:30:00,12.592,16.584631
2020-04-29 22:45:00,12.522,16.722319
2020-04-29 23:00:00,12.381,16.960688
2020-04-29 23:15:00,12.381,17.290392
2020-04-29 23:30:00,12.592,17.682606
2020-04-29 23:45:00,12.522,17.983116
2020-04-30 00:00:00,12.733,18.296635
2020-04-30 00:15:00,12.592,18.503122
2020-04-30 00:30:00,12.451,16.695404
2020-04-30 00:45:00,12.522,17.481798
2020-04-30 01:00:00,12.522,17.142212
2020-04-30 01:15:00,12.24,16.250414
2020-04-30 01:30:00,12.311,16.676468
2020-04-30 01:45:00,12.311,16.87416
2020-04-30 02:00:00,12.1,17.036228
2020-04-30 02:15:00,11.678,17.224134
2020-04-30 02:30:00,12.17,17.35056
2020-04-30 02:45:00,12.24,17.389208
2020-04-30 03:00:00,11.678,17.482681
2020-04-30 03:15:00,12.029,17.613932
2020-04-30 03:30:00,12.029,17.869373
2020-04-30 03:45:00,11.889,17.941608
2020-04-30 04:00:00,11.889,18.05207
2020-04-30 04:15:00,12.1,18.137823
2020-04-30 04:30:00,12.24,18.15833
2020-04-30 04:45:00,12.451,18.11717
2020-04-30 05:00:00,12.592,18.16409
2020-04-30 05:15:00,12.662,18.290134
2020-04-30 05:30:00,12.522,18.326628
2020-04-30 05:45:00,12.662,18.293835
2020-04-30 06:00:00,12.733,18.484478
2020-04-30 06:15:00,12.733,18.687517
2020-04-30 06:30:00,12.874,18.768623
2020-04-30 06:45:00,12.874,18.673128
2020-04-30 07:00:00,12.944,18.475182
2020-04-30 07:15:00,13.014,18.403122
2020-04-30 07:30:00,12.874,18.412952
2020-04-30 07:45:00,12.592,18.439913
2020-04-30 08:00:00,12.874,18.576805
2020-04-30 08:15:00,12.733,18.688158
2020-04-30 08:30:00,12.944,18.753048
2020-04-30 08:45:00,12.874,18.653399
2020-04-30 09:00:00,12.522,18.781254
2020-04-30 09:15:00,12.451,18.949612
2020-04-30 09:30:00,12.874,18.999605
2020-04-30 09:45:00,13.436,18.765646
2020-04-30 10:00:00,13.718,18.669579
2020-04-30 10:15:00,13.788,18.660229
2020-04-30 10:30:00,13.436,18.667725
2020-04-30 10:45:00,13.718,18.575436
2020-04-30 11:00:00,13.647,18.569902
2020-04-30 11:15:00,14.069,18.498663
2020-04-30 11:30:00,14.069,18.522747
2020-04-30 11:45:00,14.421,18.298325
2020-04-30 12:00:00,14.562,18.213638
2020-04-30 12:15:00,14.14,18.162968
2020-04-30 12:30:00,14.984,18.127026
2020-04-30 12:45:00,15.054,18.111721
2020-04-30 13:00:00,14.843,17.945837
2020-04-30 13:15:00,15.195,17.94309
2020-04-30 13:30:00,14.773,17.994328
2020-04-30 13:45:00,14.914,17.876305
2020-04-30 14:00:00,15.054,17.966114
2020-04-30 14:15:00,14.984,17.908564
2020-04-30 14:30:00,15.195,18.002293
2020-04-30 14:45:00,15.476,17.814129
2020-04-30 15:00:00,15.898,17.659883
2020-04-30 15:15:00,16.321,17.788296
2020-04-30 15:30:00,16.461,17.786612
2020-04-30 15:45:00,16.321,17.734138
2020-04-30 16:00:00,16.813,17.68867
2020-04-30 16:15:00,16.461,17.649391
2020-04-30 16:30:00,16.109,17.644573
2020-04-30 16:45:00,16.25,17.527908
2020-04-30 17:00:00,15.828,17.39072
2020-04-30 17:15:00,15.758,17.289783
2020-04-30 17:30:00,15.336,17.227213
2020-04-30 17:45:00,14.984,17.088894
2020-04-30 18:00:00,14.773,17.000217
2020-04-30 18:15:00,14.562,16.915592
2020-04-30 18:30:00,14.351,16.877201
2020-04-30 18:45:00,14.421,16.69462
2020-04-30 19:00:00,14.491,16.56154
2020-04-30 19:15:00,14.351,16.462471
2020-04-30 19:30:00,14.351,16.354603
2020-04-30 19:45:00,14.14,16.185753
2020-04-30 20:00:00,13.577,16.10055
2020-04-30 20:15:00,13.436,16.097666
2020-04-30 20:30:00,13.225,16.207878
2020-04-30 20:45:00,13.296,16.155788
2020-04-30 21:00:00,13.225,16.188656
2020-04-30 21:15:00,13.225,16.228119
2020-04-30 21:30:00,13.366,16.230928
2020-04-30 21:45:00,13.366,16.108698
2020-04-30 22:00:00,13.507,16.133047
2020-04-30 22:15:00,13.436,16.333706
2020-04-30 22:30:00,13.225,16.683128
2020-04-30 22:45:00,13.366,16.951616
2020-04-30 23:00:00,13.366,17.166014
2020-04-30 23:15:00,13.225,17.514803
2020-04-30 23:30:00,13.296,17.953506
2020-04-30 23:45:00,13.296,18.324326
2020-05-01 00:00:00,13.436,18.615044
2020-05-01 00:15:00,13.507,19.009224
2020-05-01 00:30:00,13.507,17.817295
2020-05-01 00:45:00,13.436,19.124104
2020-05-01 01:00:00,13.436,19.369555
2020-05-01 01:15:00,13.507,18.892902
2020-05-01 01:30:00,13.366,19.182781
2020-05-01 01:45:00,13.366,19.27695
2020-05-01 02:00:00,13.577,19.238123
2020-05-01 02:15:00,13.296,19.263239
2020-05-01 02:30:00,13.366,19.324512
2020-05-01 02:45:00,13.577,19.209414
2020-05-01 03:00:00,13.436,19.140303
2020-05-01 03:15:00,13.155,19.119213
2020-05-01 03:30:00,12.944,19.19197
2020-05-01 03:45:00,13.014,19.096056
2020-05-01 04:00:00,13.085,19.072407
2020-05-01 04:15:00,13.507,19.099102
2020-05-01 04:30:00,13.225,19.187683
2020-05-01 04:45:00,13.296,19.109243
2020-05-01 05:00:00,13.647,19.140944
2020-05-01 05:15:00,13.788,19.118324
2020-05-01 05:30:00,13.647,19.091734
2020-05-01 05:45:00,13.647,19.095325
2020-05-01 06:00:00,13.788,19.209354
2020-05-01 06:15:00,13.507,19.318825
2020-05-01 06:30:00,13.999,19.585495
2020-05-01 06:45:00,13.999,19.5471
2020-05-01 07:00:00,13.999,19.555107
2020-05-01 07:15:00,13.999,19.622957
2020-05-01 07:30:00,14.14,19.596195
2020-05-01 07:45:00,14.28,19.60128
2020-05-01 08:00:00,14.069,19.624058
2020-05-01 08:15:00,13.718,19.692837
2020-05-01 08:30:00,13.507,19.819187
2020-05-01 08:45:00,13.577,19.821865
2020-05-01 09:00:00,13.436,19.84794
2020-05-01 09:15:00,13.788,19.8049
2020-05-01 09:30:00,13.647,19.821766
2020-05-01 09:45:00,13.366,19.663956
2020-05-01 10:00:00,13.577,19.490206
2020-05-01 10:15:00,13.507,19.276987
2020-05-01 10:30:00,13.085,19.219866
2020-05-01 10:45:00,12.451,19.082859
2020-05-01 11:00:00,12.874,19.044903
2020-05-01 11:15:00,12.662,19.052887
2020-05-01 11:30:00,12.944,19.086872
2020-05-01 11:45:00,12.662,19.038471
2020-05-01 12:00:00,12.874,19.046942
2020-05-01 12:15:00,12.592,19.173271
2020-05-01 12:30:00,12.522,19.247515
2020-05-01 12:45:00,12.17,19.11919
2020-05-01 13:00:00,12.381,19.020205
2020-05-01 13:15:00,12.24,19.070915
2020-05-01 13:30:00,12.24,19.166473
2020-05-01 13:45:00,12.029,19.187191
2020-05-01 14:00:00,12.733,19.269415
2020-05-01 14:15:00,13.014,19.360874
2020-05-01 14:30:00,13.225,19.4325
2020-05-01 14:45:00,13.296,19.289997
2020-05-01 15:00:00,13.507,19.25275
2020-05-01 15:15:00,13.858,19.231989
2020-05-01 15:30:00,13.999,19.338385
2020-05-01 15:45:00,13.647,19.381477
2020-05-01 16:00:00,13.436,19.261265
2020-05-01 16:15:00,13.718,19.180447
2020-05-01 16:30:00,13.647,19.107313
2020-05-01 16:45:00,13.647,18.946997
2020-05-01 17:00:00,13.647,18.90503
2020-05-01 17:15:00,13.507,18.933865
2020-05-01 17:30:00,13.225,18.94543
2020-05-01 17:45:00,7.668,18.874863
2020-05-01 18:00:00,7.527,18.83313
2020-05-01 18:15:00,7.809,18.750462
2020-05-01 18:30:00,6.402,18.685295
2020-05-01 18:45:00,5.698,18.519844
2020-05-01 19:00:00,5.768,18.419886
2020-05-01 19:15:00,5.979,18.395432
2020-05-01 19:30:00,6.824,18.339602
2020-05-01 19:45:00,6.824,18.174446
2020-05-01 20:00:00,8.02,18.096844
2020-05-01 20:15:00,9.426,18.043182
2020-05-01 20:30:00,9.919,18.073454
2020-05-01 20:45:00,9.849,17.955362
2020-05-01 21:00:00,9.778,17.916245
2020-05-01 21:15:00,10.271,17.86795
2020-05-01 21:30:00,10.552,17.876877
2020-05-01 21:45:00,10.763,17.863405
2020-05-01 22:00:00,10.833,17.87386
2020-05-01 22:15:00,10.693,18.215878
2020-05-01 22:30:00,10.482,18.494318
2020-05-01 22:45:00,10.622,18.680326
2020-05-01 23:00:00,10.482,19.057327
2020-05-01 23:15:00,10.271,19.305971
2020-05-01 23:30:00,10.341,19.589912
2020-05-01 23:45:00,10.833,19.70146
2020-05-02 00:00:00,10.482,19.78112
2020-05-02 00:15:00,10.341,19.940048
2020-05-02 00:30:00,10.411,18.316713
2020-05-02 00:45:00,10.622,19.177351
2020-05-02 01:00:00,10.341,18.801308
2020-05-02 01:15:00,10.271,17.848974
2020-05-02 01:30:00,10.622,17.97207
2020-05-02 01:45:00,10.482,17.970963
2020-05-02 02:00:00,10.2,18.08665
2020-05-02 02:15:00,9.778,18.19637
2020-05-02 02:30:00,9.497,18.340467
2020-05-02 02:45:00,9.356,18.29596
2020-05-02 03:00:00,10.06,18.27766
2020-05-02 03:15:00,10.13,18.261963
2020-05-02 03:30:00,9.497,18.41502
2020-05-02 03:45:00,9.567,18.391224
2020-05-02 04:00:00,9.567,18.459148
2020-05-02 04:15:00,9.778,18.589024
2020-05-02 04:30:00,9.778,18.66433
2020-05-02 04:45:00,9.919,18.741114
2020-05-02 05:00:00,9.638,18.764338
2020-05-02 05:15:00,9.919,18.752838
2020-05-02 05:30:00,10.2,18.747158
2020-05-02 05:45:00,10.06,18.84496
2020-05-02 06:00:00,10.13,18.955082
2020-05-02 06:15:00,9.849,19.101833
2020-05-02 06:30:00,9.426,19.232256
2020-05-02 06:45:00,8.934,19.210434
2020-05-02 07:00:00,9.215,19.333445
2020-05-02 07:15:00,9.286,19.400352
2020-05-02 07:30:00,9.215,19.563202
2020-05-02 07:45:00,9.075,19.538792
2020-05-02 08:00:00,9.215,19.672962
2020-05-02 08:15:00,9.919,19.773577
2020-05-02 08:30:00,9.849,19.74189
2020-05-02 08:45:00,9.567,19.762344
2020-05-02 09:00:00,9.708,19.78175
2020-05-02 09:15:00,9.778,19.885012
2020-05-02 09:30:00,9.497,19.965536
2020-05-02 09:45:00,9.356,19.846756
2020-05-02 10:00:00,9.286,19.633698
2020-05-02 10:15:00,9.356,19.386366
2020-05-02 10:30:00,9.145,19.405449
2020-05-02 10:45:00,9.215,19.303762
2020-05-02 11:00:00,9.426,19.376621
2020-05-02 11:15:00,9.919,19.437548
2020-05-02 11:30:00,9.989,19.49488
2020-05-02 11:45:00,9.567,19.54371
2020-05-02 12:00:00,9.919,19.56363
2020-05-02 12:15:00,10.693,19.67383
2020-05-02 12:30:00,10.341,19.648077
2020-05-02 12:45:00,10.13,19.387215
2020-05-02 13:00:00,9.919,19.273123
2020-05-02 13:15:00,10.06,19.191696
2020-05-02 13:30:00,9.989,19.251842
2020-05-02 13:45:00,10.271,19.249443
2020-05-02 14:00:00,9.919,19.405375
2020-05-02 14:15:00,10.13,19.593838
2020-05-02 14:30:00,10.2,19.810852
2020-05-02 14:45:00,10.271,19.789448
2020-05-02 15:00:00,10.271,19.754646
2020-05-02 15:15:00,10.271,19.770565
2020-05-02 15:30:00,10.341,19.762611
2020-05-02 15:45:00,10.693,19.70508
2020-05-02 16:00:00,10.482,19.658035
2020-05-02 16:15:00,10.693,19.654245
2020-05-02 16:30:00,10.341,19.732403
2020-05-02 16:45:00,10.693,19.586885
2020-05-02 17:00:00,10.622,19.435532
2020-05-02 17:15:00,10.411,19.29025
2020-05-02 17:30:00,10.833,19.194017
2020-05-02 17:45:00,10.763,19.032536
2020-05-02 18:00:00,10.833,18.925732
2020-05-02 18:15:00,10.341,18.873142
2020-05-02 18:30:00,10.271,18.832855
2020-05-02 18:45:00,10.271,18.674227
2020-05-02 19:00:00,10.06,18.588648
2020-05-02 19:15:00,10.271,18.550655
2020-05-02 19:30:00,10.13,18.505404
2020-05-02 19:45:00,9.919,18.363823
2020-05-02 20:00:00,10.13,18.325508
2020-05-02 20:15:00,9.778,18.320633
2020-05-02 20:30:00,9.638,18.390348
2020-05-02 20:45:00,9.638,18.32195
2020-05-02 21:00:00,9.075,18.343477
2020-05-02 21:15:00,8.653,18.38501
2020-05-02 21:30:00,8.16,18.395079
2020-05-02 21:45:00,8.371,18.353996
2020-05-02 22:00:00,8.02,18.319557
2020-05-02 22:15:00,7.879,18.309095
2020-05-02 22:30:00,7.809,18.510597
2020-05-02 22:45:00,7.738,18.53368
2020-05-02 23:00:00,7.738,18.696991
2020-05-02 23:15:00,8.02,19.035103
2020-05-02 23:30:00,8.301,19.445202
2020-05-02 23:45:00,8.442,19.686495
2020-05-03 00:00:00,8.231,19.92889
2020-05-03 00:15:00,8.371,20.140196
2020-05-03 00:30:00,8.02,18.4272
2020-05-03 00:45:00,7.949,19.251015
2020-05-03 01:00:00,7.809,18.886395
2020-05-03 01:15:00,8.16,18.024618
2020-05-03 01:30:00,8.02,18.426445
2020-05-03 01:45:00,8.301,18.77784
2020-05-03 02:00:00,8.231,18.984388
2020-05-03 02:15:00,8.16,19.171871
2020-05-03 02:30:00,8.371,19.442144
2020-05-03 02:45:00,8.442,19.467354
2020-05-03 03:00:00,8.723,19.670012
2020-05-03 03:15:00,8.723,19.895628
2020-05-03 03:30:00,8.371,19.985569
2020-05-03 03:45:00,8.582,20.092928
2020-05-03 04:00:00,8.582,20.069761
2020-05-03 04:15:00,8.442,20.111893
2020-05-03 04:30:00,8.371,20.300209
2020-05-03 04:45:00,8.442,20.18312
2020-05-03 05:00:00,8.371,20.195908
2020-05-03 05:15:00,8.231,20.15193
2020-05-03 05:30:00,8.512,20.374153
2020-05-03 05:45:00,8.512,20.25658
2020-05-03 06:00:00,8.653,20.293476
2020-05-03 06:15:00,8.864,20.480349
2020-05-03 06:30:00,9.286,20.525345
2020-05-03 06:45:00,9.145,20.539213
2020-05-03 07:00:00,9.638,20.530535
2020-05-03 07:15:00,10.13,20.583263
2020-05-03 07:30:00,10.622,20.609856
2020-05-03 07:45:00,10.271,20.59075
2020-05-03 08:00:00,9.919,20.62636
2020-05-03 08:15:00,10.13,20.619265
2020-05-03 08:30:00,9.919,20.681273
2020-05-03 08:45:00,9.215,20.6903
2020-05-03 09:00:00,9.708,20.693272
2020-05-03 09:15:00,9.426,20.573053
2020-05-03 09:30:00,9.075,20.479893
2020-05-03 09:45:00,9.286,20.358658
2020-05-03 10:00:00,9.497,20.26508
2020-05-03 10:15:00,9.356,20.295588
2020-05-03 10:30:00,9.356,20.34683
2020-05-03 10:45:00,9.497,20.322521
2020-05-03 11:00:00,9.215,20.240944
2020-05-03 11:15:00,9.567,20.174316
2020-05-03 11:30:00,9.919,20.240343
2020-05-03 11:45:00,9.567,20.190474
2020-05-03 12:00:00,9.778,20.43328
2020-05-03 12:15:00,10.13,20.634357
2020-05-03 12:30:00,10.2,20.792484
2020-05-03 12:45:00,10.482,20.787458
2020-05-03 13:00:00,10.622,20.844051
2020-05-03 13:15:00,10.411,20.85116
2020-05-03 13:30:00,10.833,20.904795
2020-05-03 13:45:00,11.678,20.888033
2020-05-03 14:00:00,12.029,20.837236
2020-05-03 14:15:00,11.748,20.78427
2020-05-03 14:30:00,12.17,20.840277
2020-05-03 14:45:00,12.311,20.793484
2020-05-03 15:00:00,12.944,20.845839
2020-05-03 15:15:00,12.944,20.860584
2020-05-03 15:30:00,13.436,20.90893
2020-05-03 15:45:00,13.436,20.758854
2020-05-03 16:00:00,13.858,20.602877
2020-05-03 16:15:00,13.718,20.490604
2020-05-03 16:30:00,13.296,20.381607
2020-05-03 16:45:00,13.296,20.160957
2020-05-03 17:00:00,12.944,20.010612
2020-05-03 17:15:00,13.014,19.928118
2020-05-03 17:30:00,13.225,19.93377
2020-05-03 17:45:00,13.014,19.835396
2020-05-03 18:00:00,13.296,19.734114
2020-05-03 18:15:00,12.662,19.630276
2020-05-03 18:30:00,12.029,19.400875
2020-05-03 18:45:00,12.029,19.052803
2020-05-03 19:00:00,11.537,18.929619
2020-05-03 19:15:00,11.326,18.95029
2020-05-03 19:30:00,11.607,19.062199
2020-05-03 19:45:00,11.467,19.032928
2020-05-03 20:00:00,11.396,19.085583
2020-05-03 20:15:00,10.974,19.090376
2020-05-03 20:30:00,11.044,19.06411
2020-05-03 20:45:00,11.326,18.894415
2020-05-03 21:00:00,11.326,18.79164
2020-05-03 21:15:00,11.185,18.717882
2020-05-03 21:30:00,11.044,18.704252
2020-05-03 21:45:00,11.256,18.660387
2020-05-03 22:00:00,10.974,18.728378
2020-05-03 22:15:00,10.904,18.892788
2020-05-03 22:30:00,10.974,19.051163
2020-05-03 22:45:00,10.904,19.182877
2020-05-03 23:00:00,10.904,19.349075
2020-05-03 23:15:00,10.622,19.56138
2020-05-03 23:30:00,10.622,20.01107
2020-05-03 23:45:00,10.411,20.28125
2020-05-04 00:00:00,10.411,20.501848
2020-05-04 00:15:00,10.271,20.731777
2020-05-04 00:30:00,10.482,19.193407
2020-05-04 00:45:00,10.271,20.27055
2020-05-04 01:00:00,10.341,19.971317
2020-05-04 01:15:00,10.13,19.002066
2020-05-04 01:30:00,10.06,19.209621
2020-05-04 01:45:00,10.13,19.337635
2020-05-04 02:00:00,10.13,19.608385
2020-05-04 02:15:00,10.271,19.84227
2020-05-04 02:30:00,10.06,20.08775
2020-05-04 02:45:00,10.13,20.08277
2020-05-04 03:00:00,10.06,20.271961
2020-05-04 03:15:00,10.06,20.393406
2020-05-04 03:30:00,10.271,20.374367
2020-05-04 03:45:00,10.2,20.289307
2020-05-04 04:00:00,10.2,20.197353
2020-05-04 04:15:00,10.341,20.287249
2020-05-04 04:30:00,10.2,20.400528
2020-05-04 04:45:00,10.06,20.537624
2020-05-04 05:00:00,10.271,20.712845
2020-05-04 05:15:00,9.919,20.958927
2020-05-04 05:30:00,10.271,21.003868
2020-05-04 05:45:00,10.341,21.275118
2020-05-04 06:00:00,10.2,21.357155
2020-05-04 06:15:00,10.622,21.488493
2020-05-04 06:30:00,10.341,21.659924
2020-05-04 06:45:00,10.693,21.563768
2020-05-04 07:00:00,11.044,21.612806
2020-05-04 07:15:00,11.185,21.73346
2020-05-04 07:30:00,11.256,21.84525
2020-05-04 07:45:00,11.607,21.877552
2020-05-04 08:00:00,11.537,21.857864
2020-05-04 08:15:00,12.17,21.940552
2020-05-04 08:30:00,11.678,21.916641
2020-05-04 08:45:00,11.185,21.875854
2020-05-04 09:00:00,10.974,21.887314
2020-05-04 09:15:00,11.537,21.875782
2020-05-04 09:30:00,11.326,21.965523
2020-05-04 09:45:00,11.396,21.865164
2020-05-04 10:00:00,11.326,21.817932
2020-05-04 10:15:00,11.467,21.670273
2020-05-04 10:30:00,11.607,21.550463
2020-05-04 10:45:00,11.607,21.265263
2020-05-04 11:00:00,12.029,21.261189
2020-05-04 11:15:00,11.959,21.317722
2020-05-04 11:30:00,12.311,21.403866
2020-05-04 11:45:00,12.17,21.511238
2020-05-04 12:00:00,12.311,21.457355
2020-05-04 12:15:00,12.451,21.412468
2020-05-04 12:30:00,12.733,21.399063
2020-05-04 12:45:00,12.522,21.206566
2020-05-04 13:00:00,13.155,21.156626
2020-05-04 13:15:00,13.647,21.042841
2020-05-04 13:30:00,13.929,21.060612
2020-05-04 13:45:00,13.999,21.023783
2020-05-04 14:00:00,14.21,21.169111
2020-05-04 14:15:00,13.999,21.252447
2020-05-04 14:30:00,14.069,21.244757
2020-05-04 14:45:00,14.14,21.101479
2020-05-04 15:00:00,14.491,21.061207
2020-05-04 15:15:00,15.054,21.11504
2020-05-04 15:30:00,15.195,21.23869
2020-05-04 15:45:00,15.687,21.10045
2020-05-04 16:00:00,15.547,20.926746
2020-05-04 16:15:00,14.914,20.85706
2020-05-04 16:30:00,14.843,20.795197
2020-05-04 16:45:00,14.351,20.537048
2020-05-04 17:00:00,13.788,20.418674
2020-05-04 17:15:00,13.507,20.22573
2020-05-04 17:30:00,13.718,20.08007
2020-05-04 17:45:00,13.788,19.904804
2020-05-04 18:00:00,13.507,19.755005
2020-05-04 18:15:00,13.507,19.632698
2020-05-04 18:30:00,13.085,19.466576
2020-05-04 18:45:00,13.225,19.22303
2020-05-04 19:00:00,12.662,19.061811
2020-05-04 19:15:00,12.592,18.967981
2020-05-04 19:30:00,12.592,18.870007
2020-05-04 19:45:00,12.522,18.63995
2020-05-04 20:00:00,12.662,18.497412
2020-05-04 20:15:00,12.662,18.416
2020-05-04 20:30:00,12.592,18.42104
2020-05-04 20:45:00,12.733,18.295677
2020-05-04 21:00:00,12.662,18.249603
2020-05-04 21:15:00,12.662,18.260807
2020-05-04 21:30:00,12.944,18.369812
2020-05-04 21:45:00,12.592,18.342329
2020-05-04 22:00:00,12.451,18.357327
2020-05-04 22:15:00,12.451,18.441156
2020-05-04 22:30:00,12.592,18.523134
2020-05-04 22:45:00,12.381,18.635448
2020-05-04 23:00:00,12.522,18.955738
2020-05-04 23:15:00,12.381,19.341587
2020-05-04 23:30:00,12.381,19.80064
2020-05-04 23:45:00,12.311,20.011564
2020-05-05 00:00:00,11.959,20.087639
2020-05-05 00:15:00,11.818,20.147476
2020-05-05 00:30:00,11.959,18.421803
2020-05-05 00:45:00,12.311,19.373646
2020-05-05 01:00:00,12.24,19.085344
2020-05-05 01:15:00,12.029,18.10227
2020-05-05 01:30:00,12.311,18.440256
2020-05-05 01:45:00,11.889,18.749819
2020-05-05 02:00:00,12.1,19.000538
2020-05-05 02:15:00,12.1,19.02478
2020-05-05 02:30:00,11.607,19.16681
2020-05-05 02:45:00,12.17,19.069849
2020-05-05 03:00:00,11.889,19.200323
2020-05-05 03:15:00,11.678,19.452793
2020-05-05 03:30:00,11.607,19.564587
2020-05-05 03:45:00,11.889,19.628426
2020-05-05 04:00:00,11.467,19.653965
2020-05-05 04:15:00,10.693,19.714626
2020-05-05 04:30:00,8.02,19.90305
2020-05-05 04:45:00,7.949,19.919315
2020-05-05 05:00:00,8.723,19.741938
2020-05-05 05:15:00,9.426,19.769474
2020-05-05 05:30:00,10.271,19.823074
2020-05-05 05:45:00,10.482,19.744003
2020-05-05 06:00:00,10.833,19.86169
2020-05-05 06:15:00,11.044,20.01439
2020-05-05 06:30:00,11.044,20.216528
2020-05-05 06:45:00,7.738,20.226475
2020-05-05 07:00:00,7.316,20.37211
2020-05-05 07:15:00,7.668,20.546656
2020-05-05 07:30:00,8.371,20.649647
2020-05-05 07:45:00,9.567,20.68955
2020-05-05 08:00:00,9.708,20.851685
2020-05-05 08:15:00,8.231,21.12231
2020-05-05 08:30:00,8.09,21.463272
2020-05-05 08:45:00,7.597,21.580175
2020-05-05 09:00:00,6.683,21.612465
2020-05-05 09:15:00,6.542,21.650745
2020-05-05 09:30:00,7.386,21.608688
2020-05-05 09:45:00,8.16,21.367054
2020-05-05 10:00:00,8.864,21.187782
2020-05-05 10:15:00,9.638,21.110043
2020-05-05 10:30:00,9.638,20.980366
2020-05-05 10:45:00,9.708,20.747908
2020-05-05 11:00:00,10.13,20.525885
2020-05-05 11:15:00,9.989,20.345995
2020-05-05 11:30:00,10.341,20.244959
2020-05-05 11:45:00,10.552,20.05509
2020-05-05 12:00:00,11.044,19.930912
2020-05-05 12:15:00,11.185,19.824448
2020-05-05 12:30:00,11.607,19.695772
2020-05-05 12:45:00,11.678,19.422255
2020-05-05 13:00:00,11.185,19.386168
2020-05-05 13:15:00,10.763,19.336712
2020-05-05 13:30:00,11.185,19.45006
2020-05-05 13:45:00,11.326,19.485374
2020-05-05 14:00:00,11.044,19.424103
2020-05-05 14:15:00,11.326,19.456562
2020-05-05 14:30:00,11.185,19.521479
2020-05-05 14:45:00,10.974,19.465038
2020-05-05 15:00:00,11.326,19.445969
2020-05-05 15:15:00,11.396,19.435165
2020-05-05 15:30:00,11.326,19.50216
2020-05-05 15:45:00,11.396,19.492075
2020-05-05 16:00:00,11.607,19.500574
2020-05-05 16:15:00,11.678,19.527891
2020-05-05 16:30:00,11.818,19.544989
2020-05-05 16:45:00,11.326,19.434338
2020-05-05 17:00:00,11.607,19.435146
2020-05-05 17:15:00,11.748,19.468273
2020-05-05 17:30:00,11.678,19.515966
2020-05-05 17:45:00,11.396,19.455727
2020-05-05 18:00:00,11.537,19.41012
2020-05-05 18:15:00,11.185,19.356136
2020-05-05 18:30:00,11.044,19.352064
2020-05-05 18:45:00,11.326,19.191341
2020-05-05 19:00:00,11.537,19.06892
2020-05-05 19:15:00,11.678,18.980347
2020-05-05 19:30:00,11.678,18.818981
2020-05-05 19:45:00,11.678,18.598282
2020-05-05 20:00:00,11.818,18.45811
2020-05-05 20:15:00,11.678,18.358753
2020-05-05 20:30:00,11.326,18.335014
2020-05-05 20:45:00,11.467,18.209293
2020-05-05 21:00:00,11.537,18.134045
2020-05-05 21:15:00,11.467,18.09258
2020-05-05 21:30:00,11.185,18.077946
2020-05-05 21:45:00,11.326,17.968678
2020-05-05 22:00:00,11.678,18.039722
2020-05-05 22:15:00,11.678,18.27753
2020-05-05 22:30:00,11.607,18.590824
2020-05-05 22:45:00,11.678,18.74783
2020-05-05 23:00:00,11.748,18.964266
2020-05-05 23:15:00,11.889,19.244274
2020-05-05 23:30:00,11.748,19.582256
2020-05-05 23:45:00,11.467,19.83574
2020-05-06 00:00:00,11.748,20.012705
2020-05-06 00:15:00,12.17,20.380066
2020-05-06 00:30:00,12.029,18.876663
2020-05-06 00:45:00,11.889,19.731571
2020-05-06 01:00:00,12.029,19.434925
2020-05-06 01:15:00,12.029,18.559193
2020-05-06 01:30:00,12.17,18.814342
2020-05-06 01:45:00,11.889,18.806225
2020-05-06 02:00:00,12.24,18.896355
2020-05-06 02:15:00,12.311,19.040455
2020-05-06 02:30:00,12.17,19.208763
2020-05-06 02:45:00,12.311,19.25806
2020-05-06 03:00:00,12.24,19.320314
2020-05-06 03:15:00,12.17,19.358398
2020-05-06 03:30:00,12.24,19.494387
2020-05-06 03:45:00,11.537,19.40461
2020-05-06 04:00:00,11.818,19.430023
2020-05-06 04:15:00,11.889,19.517096
2020-05-06 04:30:00,12.1,19.5295
2020-05-06 04:45:00,12.592,19.493002
2020-05-06 05:00:00,12.451,19.373936
2020-05-06 05:15:00,12.24,19.443893
2020-05-06 05:30:00,12.24,19.518122
2020-05-06 05:45:00,12.17,19.45269
2020-05-06 06:00:00,12.24,19.404694
2020-05-06 06:15:00,12.24,19.403622
2020-05-06 06:30:00,12.029,19.603748
2020-05-06 06:45:00,12.029,19.41265
2020-05-06 07:00:00,12.381,19.34304
2020-05-06 07:15:00,12.381,19.292854
2020-05-06 07:30:00,12.522,19.24969
2020-05-06 07:45:00,12.381,19.244297
2020-05-06 08:00:00,12.029,19.231192
2020-05-06 08:15:00,11.678,19.322533
2020-05-06 08:30:00,11.115,19.62659
2020-05-06 08:45:00,10.622,19.69702
2020-05-06 09:00:00,10.693,19.805737
2020-05-06 09:15:00,11.044,19.932056
2020-05-06 09:30:00,11.326,19.982641
2020-05-06 09:45:00,11.678,20.03107
2020-05-06 10:00:00,11.889,20.23917
2020-05-06 10:15:00,12.311,20.225285
2020-05-06 10:30:00,12.381,20.181978
2020-05-06 10:45:00,11.256,20.102016
2020-05-06 11:00:00,10.904,20.031162
2020-05-06 11:15:00,7.246,20.031807
2020-05-06 11:30:00,6.753,20.120333
2020-05-06 11:45:00,6.331,20.057352
2020-05-06 12:00:00,7.105,20.040882
2020-05-06 12:15:00,8.512,19.972187
2020-05-06 12:30:00,8.582,19.793077
2020-05-06 12:45:00,8.723,19.536139
2020-05-06 13:00:00,8.934,19.336035
2020-05-06 13:15:00,9.075,19.27799
2020-05-06 13:30:00,7.316,19.289965
2020-05-06 13:45:00,8.371,19.242653
2020-05-06 14:00:00,9.286,19.238806
2020-05-06 14:15:00,9.638,19.306812
2020-05-06 14:30:00,9.356,19.419369
2020-05-06 14:45:00,9.075,19.401293
2020-05-06 15:00:00,9.075,19.455631
2020-05-06 15:15:00,9.215,19.537325
2020-05-06 15:30:00,8.864,19.579771
2020-05-06 15:45:00,9.145,19.490381
2020-05-06 16:00:00,9.567,19.467169
2020-05-06 16:15:00,9.638,19.409477
2020-05-06 16:30:00,6.542,19.433228
2020-05-06 16:45:00,6.261,19.342585
2020-05-06 17:00:00,7.668,19.270376
2020-05-06 17:15:00,8.231,19.246647
2020-05-06 17:30:00,8.864,19.204369
2020-05-06 17:45:00,9.426,19.02888
2020-05-06 18:00:00,9.567,18.929853
2020-05-06 18:15:00,8.793,18.863518
2020-05-06 18:30:00,8.301,18.856228
2020-05-06 18:45:00,9.075,18.700888
2020-05-06 19:00:00,8.934,18.63093
2020-05-06 19:15:00,9.215,18.612535
2020-05-06 19:30:00,8.934,18.604902
2020-05-06 19:45:00,6.824,18.486755
2020-05-06 20:00:00,5.698,18.414616
2020-05-06 20:15:00,6.472,18.36447
2020-05-06 20:30:00,7.316,18.385265
2020-05-06 20:45:00,8.02,18.311953
2020-05-06 21:00:00,8.02,18.267769
2020-05-06 21:15:00,8.02,18.270891
2020-05-06 21:30:00,7.809,18.305262
2020-05-06 21:45:00,7.527,18.298992
2020-05-06 22:00:00,7.457,18.43018
2020-05-06 22:15:00,7.738,18.5818
2020-05-06 22:30:00,7.949,18.803577
2020-05-06 22:45:00,8.09,18.784637
2020-05-06 23:00:00,7.597,18.880823
2020-05-06 23:15:00,7.527,19.046726
2020-05-06 23:30:00,7.457,19.31669
2020-05-06 23:45:00,7.597,19.49036
2020-05-07 00:00:00,7.949,19.631586
2020-05-07 00:15:00,8.02,19.903673
2020-05-07 00:30:00,7.809,18.25888
2020-05-07 00:45:00,7.175,19.1925
2020-05-07 01:00:00,7.457,18.840693
2020-05-07 01:15:00,7.668,17.74833
2020-05-07 01:30:00,7.738,17.970016
2020-05-07 01:45:00,7.809,18.031734
2020-05-07 02:00:00,7.457,17.932117
2020-05-07 02:15:00,7.738,18.105314
2020-05-07 02:30:00,7.738,18.323338
2020-05-07 02:45:00,8.16,18.613533
2020-05-07 03:00:00,7.668,18.852798
2020-05-07 03:15:00,8.02,18.806065
2020-05-07 03:30:00,8.02,18.831528
2020-05-07 03:45:00,8.02,18.767498
2020-05-07 04:00:00,8.09,18.809978
2020-05-07 04:15:00,8.301,19.004225
2020-05-07 04:30:00,8.653,19.031233
2020-05-07 04:45:00,8.371,19.072203
2020-05-07 05:00:00,8.442,19.153044
2020-05-07 05:15:00,8.653,19.121195
2020-05-07 05:30:00,8.723,19.184713
2020-05-07 05:45:00,8.934,19.08117
2020-05-07 06:00:00,8.653,19.094925
2020-05-07 06:15:00,8.512,19.22076
2020-05-07 06:30:00,8.512,19.24559
2020-05-07 06:45:00,8.653,19.220034
2020-05-07 07:00:00,8.512,19.187046
2020-05-07 07:15:00,8.301,19.115063
2020-05-07 07:30:00,8.723,19.160397
2020-05-07 07:45:00,8.864,19.17104
2020-05-07 08:00:00,8.301,19.24406
2020-05-07 08:15:00,8.231,19.442154
2020-05-07 08:30:00,7.738,19.690329
2020-05-07 08:45:00,7.668,19.792044
2020-05-07 09:00:00,7.949,19.931555
2020-05-07 09:15:00,7.597,20.010715
2020-05-07 09:30:00,7.809,20.111103
2020-05-07 09:45:00,8.371,20.050186
2020-05-07 10:00:00,8.16,19.99965
2020-05-07 10:15:00,8.512,19.92786
2020-05-07 10:30:00,8.371,19.875858
2020-05-07 10:45:00,8.301,19.816317
2020-05-07 11:00:00,8.231,19.69366
2020-05-07 11:15:00,8.301,19.687166
2020-05-07 11:30:00,8.301,19.63671
2020-05-07 11:45:00,8.301,19.439747
2020-05-07 12:00:00,8.723,19.414028
2020-05-07 12:15:00,8.231,19.283237
2020-05-07 12:30:00,8.301,19.336283
2020-05-07 12:45:00,8.231,19.249084
2020-05-07 13:00:00,8.231,19.085169
2020-05-07 13:15:00,8.301,19.118183
2020-05-07 13:30:00,8.512,19.213154
2020-05-07 13:45:00,7.809,19.205582
2020-05-07 14:00:00,8.16,19.253326
2020-05-07 14:15:00,8.02,19.358452
2020-05-07 14:30:00,8.02,19.415565
2020-05-07 14:45:00,8.02,19.348776
2020-05-07 15:00:00,7.738,19.414518
2020-05-07 15:15:00,7.668,19.569603
2020-05-07 15:30:00,7.457,19.74442
2020-05-07 15:45:00,7.457,19.774853
2020-05-07 16:00:00,7.386,19.816765
2020-05-07 16:15:00,7.246,19.800451
2020-05-07 16:30:00,7.386,19.93743
2020-05-07 16:45:00,7.457,19.868326
2020-05-07 17:00:00,7.316,19.880056
2020-05-07 17:15:00,7.597,20.083393
2020-05-07 17:30:00,7.668,20.318989
2020-05-07 17:45:00,7.668,20.626162
2020-05-07 18:00:00,7.738,20.78152
2020-05-07 18:15:00,7.949,20.806423
2020-05-07 18:30:00,8.16,20.842236
2020-05-07 18:45:00,8.512,20.800846
2020-05-07 19:00:00,8.723,20.863182
2020-05-07 19:15:00,9.145,21.012682
2020-05-07 19:30:00,9.426,21.119747
2020-05-07 19:45:00,9.075,21.103483
2020-05-07 20:00:00,8.864,21.138786
2020-05-07 20:15:00,9.075,21.161932
2020-05-07 20:30:00,8.864,21.224812
2020-05-07 20:45:00,8.864,21.120625
2020-05-07 21:00:00,9.075,21.102718
2020-05-07 21:15:00,9.075,21.157907
2020-05-07 21:30:00,9.075,21.204199
2020-05-07 21:45:00,9.075,21.161816
2020-05-07 22:00:00,8.442,21.124943
2020-05-07 22:15:00,8.723,21.083267
2020-05-07 22:30:00,8.512,21.16147
2020-05-07 22:45:00,8.301,21.188885
2020-05-07 23:00:00,8.301,21.279713
2020-05-07 23:15:00,8.231,21.387278
2020-05-07 23:30:00,8.16,21.650425
2020-05-07 23:45:00,8.16,21.728344
2020-05-08 00:00:00,8.512,21.828661
2020-05-08 00:15:00,8.301,22.046143
2020-05-08 00:30:00,8.371,20.336876
2020-05-08 00:45:00,8.301,21.220545
2020-05-08 01:00:00,8.02,20.883976
2020-05-08 01:15:00,8.02,19.917322
2020-05-08 01:30:00,7.879,20.21408
2020-05-08 01:45:00,7.668,20.35905
2020-05-08 02:00:00,7.738,20.420166
2020-05-08 02:15:00,7.316,20.624628
2020-05-08 02:30:00,7.809,20.812042
2020-05-08 02:45:00,7.949,20.83023
2020-05-08 03:00:00,7.246,20.895899
2020-05-08 03:15:00,7.105,20.879612
2020-05-08 03:30:00,7.035,20.939955
2020-05-08 03:45:00,7.246,20.943844
2020-05-08 04:00:00,7.105,21.06957
2020-05-08 04:15:00,7.105,21.043339
2020-05-08 04:30:00,7.246,21.121193
2020-05-08 04:45:00,7.316,21.130627
2020-05-08 05:00:00,7.597,21.176212
2020-05-08 05:15:00,7.809,21.313738
2020-05-08 05:30:00,7.949,21.367937
2020-05-08 05:45:00,7.949,21.357788
2020-05-08 06:00:00,8.301,21.602257
2020-05-08 06:15:00,8.371,21.705738
2020-05-08 06:30:00,8.371,21.733593
2020-05-08 06:45:00,8.231,21.644707
2020-05-08 07:00:00,6.964,21.4866
2020-05-08 07:15:00,5.909,21.407772
2020-05-08 07:30:00,6.613,21.251364
2020-05-08 07:45:00,6.964,20.92418
2020-05-08 08:00:00,7.457,20.601154
2020-05-08 08:15:00,7.879,20.337889
2020-05-08 08:30:00,8.16,20.288023
2020-05-08 08:45:00,8.16,20.114317
2020-05-08 09:00:00,7.809,19.986591
2020-05-08 09:15:00,8.512,19.873997
2020-05-08 09:30:00,8.16,19.76532
2020-05-08 09:45:00,8.231,19.599688
2020-05-08 10:00:00,8.301,19.535322
2020-05-08 10:15:00,8.16,19.523314
2020-05-08 10:30:00,8.442,19.580196
2020-05-08 10:45:00,8.723,19.531073
2020-05-08 11:00:00,8.582,19.57452
2020-05-08 11:15:00,9.145,19.678514
2020-05-08 11:30:00,9.004,19.883774
2020-05-08 11:45:00,9.145,19.997063
2020-05-08 12:00:00,8.934,20.351547
2020-05-08 12:15:00,9.075,20.71833
2020-05-08 12:30:00,9.426,20.962692
2020-05-08 12:45:00,9.778,21.098585
2020-05-08 13:00:00,10.13,20.990429
2020-05-08 13:15:00,10.341,20.961964
2020-05-08 13:30:00,10.552,21.060928
2020-05-08 13:45:00,10.482,20.983807
2020-05-08 14:00:00,10.411,20.97138
2020-05-08 14:15:00,11.256,21.001684
2020-05-08 14:30:00,11.678,21.15065
2020-05-08 14:45:00,11.678,21.16407
2020-05-08 15:00:00,11.889,21.207682
2020-05-08 15:15:00,12.381,21.14217
2020-05-08 15:30:00,11.889,21.125357
2020-05-08 15:45:00,12.803,21.075024
2020-05-08 16:00:00,12.592,20.964125
2020-05-08 16:15:00,12.733,20.976694
2020-05-08 16:30:00,12.662,20.928133
2020-05-08 16:45:00,12.803,20.772636
2020-05-08 17:00:00,12.311,20.686031
2020-05-08 17:15:00,11.818,20.61667
2020-05-08 17:30:00,12.1,20.564484
2020-05-08 17:45:00,12.381,20.40372
2020-05-08 18:00:00,11.748,20.269608
2020-05-08 18:15:00,11.185,20.175243
2020-05-08 18:30:00,11.185,20.137278
2020-05-08 18:45:00,10.763,19.989681
2020-05-08 19:00:00,10.622,19.937153
2020-05-08 19:15:00,10.693,19.908861
2020-05-08 19:30:00,10.693,19.860376
2020-05-08 19:45:00,10.974,19.71837
2020-05-08 20:00:00,10.2,19.633339
2020-05-08 20:15:00,10.06,19.592587
2020-05-08 20:30:00,9.778,19.633726
2020-05-08 20:45:00,9.778,19.578411
2020-05-08 21:00:00,9.497,19.585085
2020-05-08 21:15:00,9.708,19.621897
2020-05-08 21:30:00,9.778,19.704706
2020-05-08 21:45:00,9.567,19.660847
2020-05-08 22:00:00,9.708,19.670683
2020-05-08 22:15:00,9.567,19.71597
2020-05-08 22:30:00,9.426,19.79638
2020-05-08 22:45:00,9.215,19.810516
2020-05-08 23:00:00,9.075,19.857666
2020-05-08 23:15:00,8.793,19.93678
2020-05-08 23:30:00,8.934,20.054321
2020-05-08 23:45:00,8.864,20.000578
2020-05-09 00:00:00,8.582,20.038542
2020-05-09 00:15:00,8.442,20.101454
2020-05-09 00:30:00,8.301,18.280098
2020-05-09 00:45:00,8.231,19.012886
2020-05-09 01:00:00,8.231,18.503548
2020-05-09 01:15:00,8.09,17.378984
2020-05-09 01:30:00,8.09,17.47432
2020-05-09 01:45:00,8.02,17.44988
2020-05-09 02:00:00,8.16,17.490765
2020-05-09 02:15:00,8.16,17.540878
2020-05-09 02:30:00,8.231,17.620567
2020-05-09 02:45:00,7.949,17.590866
2020-05-09 03:00:00,7.809,17.617458
2020-05-09 03:15:00,7.738,17.683224
2020-05-09 03:30:00,7.738,17.778904
2020-05-09 03:45:00,7.457,17.768011
2020-05-09 04:00:00,7.175,17.810951
2020-05-09 04:15:00,7.105,17.899937
2020-05-09 04:30:00,7.246,18.008408
2020-05-09 04:45:00,7.386,18.016195
2020-05-09 05:00:00,7.035,18.082336
2020-05-09 05:15:00,7.035,18.149916
2020-05-09 05:30:00,7.035,18.265316
2020-05-09 05:45:00,7.105,18.301212
2020-05-09 06:00:00,7.035,18.405222
2020-05-09 06:15:00,7.527,18.540043
2020-05-09 06:30:00,7.738,18.725552
2020-05-09 06:45:00,7.457,18.763088
2020-05-09 07:00:00,7.879,18.841263
2020-05-09 07:15:00,7.949,18.947044
2020-05-09 07:30:00,8.231,19.063131
2020-05-09 07:45:00,8.442,19.067438
2020-05-09 08:00:00,8.231,19.128998
2020-05-09 08:15:00,8.442,19.245808
2020-05-09 08:30:00,8.301,19.426304
2020-05-09 08:45:00,8.16,19.487066
2020-05-09 09:00:00,8.231,19.618977
2020-05-09 09:15:00,8.301,19.737532
2020-05-09 09:30:00,8.442,19.915733
2020-05-09 09:45:00,8.723,19.9666
2020-05-09 10:00:00,8.582,20.056675
2020-05-09 10:15:00,8.793,20.14533
2020-05-09 10:30:00,8.864,20.321384
2020-05-09 10:45:00,9.004,20.428135
2020-05-09 11:00:00,9.075,20.626965
2020-05-09 11:15:00,9.145,20.931938
2020-05-09 11:30:00,9.286,21.153883
2020-05-09 11:45:00,9.356,21.175573
2020-05-09 12:00:00,9.567,21.243744
2020-05-09 12:15:00,9.778,21.402613
2020-05-09 12:30:00,9.778,21.547699
2020-05-09 12:45:00,10.13,21.630949
2020-05-09 13:00:00,10.341,21.64738
2020-05-09 13:15:00,10.482,21.725523
2020-05-09 13:30:00,11.256,21.826263
2020-05-09 13:45:00,11.256,21.789104
2020-05-09 14:00:00,11.607,21.85405
2020-05-09 14:15:00,11.467,21.877392
2020-05-09 14:30:00,11.818,21.917671
2020-05-09 14:45:00,12.029,21.668343
2020-05-09 15:00:00,12.381,21.538506
2020-05-09 15:15:00,12.803,21.454197
2020-05-09 15:30:00,12.803,21.395885
2020-05-09 15:45:00,13.014,21.463144
2020-05-09 16:00:00,12.662,21.391373
2020-05-09 16:15:00,12.733,21.360846
2020-05-09 16:30:00,13.225,21.33749
2020-05-09 16:45:00,12.874,21.16252
2020-05-09 17:00:00,12.874,21.034725
2020-05-09 17:15:00,12.803,20.913881
2020-05-09 17:30:00,12.733,20.829124
2020-05-09 17:45:00,12.733,20.664164
2020-05-09 18:00:00,12.24,20.562344
2020-05-09 18:15:00,12.029,20.506172
2020-05-09 18:30:00,11.607,20.486834
2020-05-09 18:45:00,11.678,20.355015
2020-05-09 19:00:00,11.607,20.281319
2020-05-09 19:15:00,11.537,20.23992
2020-05-09 19:30:00,11.396,20.222645
2020-05-09 19:45:00,11.115,20.117767
2020-05-09 20:00:00,10.763,20.112118
2020-05-09 20:15:00,10.693,20.16861
2020-05-09 20:30:00,10.271,20.306349
2020-05-09 20:45:00,9.778,20.33296
2020-05-09 21:00:00,9.708,20.393734
2020-05-09 21:15:00,9.708,20.476446
2020-05-09 21:30:00,9.638,20.575163
2020-05-09 21:45:00,9.497,20.5286
2020-05-09 22:00:00,9.426,20.53217
2020-05-09 22:15:00,9.286,20.547396
2020-05-09 22:30:00,8.934,20.775764
2020-05-09 22:45:00,8.934,20.83053
2020-05-09 23:00:00,8.723,20.939627
2020-05-09 23:15:00,8.371,21.12737
2020-05-09 23:30:00,8.371,21.085777
2020-05-09 23:45:00,8.09,21.060804
2020-05-10 00:00:00,7.949,21.10383
2020-05-10 00:15:00,7.949,21.157755
2020-05-10 00:30:00,7.949,19.301708
2020-05-10 00:45:00,7.668,20.012651
2020-05-10 01:00:00,7.668,19.499798
2020-05-10 01:15:00,7.316,18.372187
2020-05-10 01:30:00,7.527,18.465633
2020-05-10 01:45:00,7.527,18.447935
2020-05-10 02:00:00,7.316,18.490948
2020-05-10 02:15:00,7.105,18.529972
2020-05-10 02:30:00,6.753,18.594427
2020-05-10 02:45:00,6.894,18.558172
2020-05-10 03:00:00,6.753,18.623201
2020-05-10 03:15:00,6.613,18.710438
2020-05-10 03:30:00,6.542,18.816973
2020-05-10 03:45:00,6.402,18.82924
2020-05-10 04:00:00,6.331,18.89626
2020-05-10 04:15:00,6.331,19.002783
2020-05-10 04:30:00,6.331,19.144077
2020-05-10 04:45:00,6.472,19.14128
2020-05-10 05:00:00,6.12,19.230995
2020-05-10 05:15:00,6.261,19.347599
2020-05-10 05:30:00,6.05,19.488503
2020-05-10 05:45:00,5.909,19.533733
2020-05-10 06:00:00,6.05,19.644108
2020-05-10 06:15:00,6.05,19.741465
2020-05-10 06:30:00,6.261,19.880335
2020-05-10 06:45:00,6.191,19.850574
2020-05-10 07:00:00,6.402,19.879112
2020-05-10 07:15:00,6.824,19.955639
2020-05-10 07:30:00,6.261,20.077637
2020-05-10 07:45:00,6.261,20.153534
2020-05-10 08:00:00,6.613,20.26439
2020-05-10 08:15:00,6.613,20.418552
2020-05-10 08:30:00,6.472,20.62037
2020-05-10 08:45:00,6.824,20.648407
2020-05-10 09:00:00,6.683,20.74088
2020-05-10 09:15:00,6.964,20.887165
2020-05-10 09:30:00,6.894,21.13535
2020-05-10 09:45:00,7.246,21.277195
2020-05-10 10:00:00,7.457,21.437206
2020-05-10 10:15:00,7.175,21.65194
2020-05-10 10:30:00,7.105,21.845917
2020-05-10 10:45:00,7.105,21.866032
2020-05-10 11:00:00,7.105,21.964172
2020-05-10 11:15:00,7.386,22.19945
2020-05-10 11:30:00,7.597,22.245647
2020-05-10 11:45:00,7.809,22.316536
2020-05-10 12:00:00,8.16,22.513964
2020-05-10 12:15:00,8.301,22.60626
2020-05-10 12:30:00,8.301,22.722973
2020-05-10 12:45:00,8.653,22.707672
2020-05-10 13:00:00,8.512,22.836575
2020-05-10 13:15:00,8.864,22.734331
2020-05-10 13:30:00,9.286,22.882189
2020-05-10 13:45:00,9.778,23.075249
2020-05-10 14:00:00,9.638,23.195843
2020-05-10 14:15:00,9.989,23.161709
2020-05-10 14:30:00,9.778,23.405525
2020-05-10 14:45:00,10.06,23.440205
2020-05-10 15:00:00,10.13,23.457373
2020-05-10 15:15:00,9.919,23.516228
2020-05-10 15:30:00,9.778,23.432217
2020-05-10 15:45:00,9.989,23.271746
2020-05-10 16:00:00,10.06,23.15157
2020-05-10 16:15:00,10.482,22.963974
2020-05-10 16:30:00,10.2,22.989885
2020-05-10 16:45:00,10.13,22.849365
2020-05-10 17:00:00,9.919,22.76871
2020-05-10 17:15:00,9.989,22.791126
2020-05-10 17:30:00,9.708,22.69133
2020-05-10 17:45:00,9.849,22.494171
2020-05-10 18:00:00,9.567,22.32291
2020-05-10 18:15:00,9.638,22.13064
2020-05-10 18:30:00,9.708,22.030733
2020-05-10 18:45:00,9.286,21.831688
2020-05-10 19:00:00,9.286,21.706854
2020-05-10 19:15:00,8.864,21.649792
2020-05-10 19:30:00,8.934,21.630669
2020-05-10 19:45:00,8.864,21.49657
2020-05-10 20:00:00,8.582,21.425545
2020-05-10 20:15:00,8.723,21.38952
2020-05-10 20:30:00,8.653,21.387337
2020-05-10 20:45:00,8.301,21.309675
2020-05-10 21:00:00,8.231,21.271809
2020-05-10 21:15:00,8.09,21.29837
2020-05-10 21:30:00,8.371,21.2653
2020-05-10 21:45:00,8.371,21.144726
2020-05-10 22:00:00,8.371,21.170433
2020-05-10 22:15:00,8.16,21.199245
2020-05-10 22:30:00,7.809,21.63541
2020-05-10 22:45:00,7.949,21.788933
2020-05-10 23:00:00,7.949,21.997593
2020-05-10 23:15:00,7.809,22.497007
2020-05-10 23:30:00,7.809,22.869793
2020-05-10 23:45:00,7.879,23.178886
2020-05-11 00:00:00,7.809,23.51546
2020-05-11 00:15:00,7.668,23.69703
2020-05-11 00:30:00,7.809,22.071335
2020-05-11 00:45:00,7.809,23.057695
2020-05-11 01:00:00,7.597,22.822138
2020-05-11 01:15:00,7.668,22.106773
2020-05-11 01:30:00,7.809,22.37737
2020-05-11 01:45:00,7.809,22.48565
2020-05-11 02:00:00,7.809,22.612337
2020-05-11 02:15:00,7.668,22.544159
2020-05-11 02:30:00,7.668,22.536829
2020-05-11 02:45:00,7.527,22.54503
2020-05-11 03:00:00,7.738,22.603508
2020-05-11 03:15:00,7.809,22.933308
2020-05-11 03:30:00,7.879,23.067461
2020-05-11 03:45:00,7.738,23.080902
2020-05-11 04:00:00,7.809,23.112785
2020-05-11 04:15:00,8.02,23.013027
2020-05-11 04:30:00,8.16,23.185398
2020-05-11 04:45:00,8.02,23.163813
2020-05-11 05:00:00,8.301,23.176245
2020-05-11 05:15:00,8.371,23.314192
2020-05-11 05:30:00,8.442,23.41182
2020-05-11 05:45:00,8.371,23.341127
2020-05-11 06:00:00,8.653,23.245878
2020-05-11 06:15:00,8.723,23.225605
2020-05-11 06:30:00,8.512,23.347113
2020-05-11 06:45:00,8.442,23.371471
2020-05-11 07:00:00,8.793,23.430458
2020-05-11 07:15:00,8.723,23.456902
2020-05-11 07:30:00,8.934,23.477734
2020-05-11 07:45:00,8.723,23.41231
2020-05-11 08:00:00,8.723,23.628801
2020-05-11 08:15:00,9.004,23.757809
2020-05-11 08:30:00,9.497,23.98979
2020-05-11 08:45:00,9.778,24.023722
2020-05-11 09:00:00,9.497,24.083977
2020-05-11 09:15:00,9.778,24.209146
2020-05-11 09:30:00,9.919,24.194456
2020-05-11 09:45:00,10.13,24.092207
2020-05-11 10:00:00,10.482,23.993742
2020-05-11 10:15:00,10.833,23.841106
2020-05-11 10:30:00,10.974,23.969893
2020-05-11 10:45:00,10.904,23.919943
2020-05-11 11:00:00,11.044,23.913929
2020-05-11 11:15:00,11.256,23.952955
2020-05-11 11:30:00,10.904,24.01299
2020-05-11 11:45:00,11.185,23.86846
2020-05-11 12:00:00,11.607,23.762905
2020-05-11 12:15:00,11.889,23.586617
2020-05-11 12:30:00,12.029,23.434624
2020-05-11 12:45:00,12.24,23.432974
2020-05-11 13:00:00,12.1,23.499554
2020-05-11 13:15:00,12.17,23.673563
2020-05-11 13:30:00,12.451,23.76352
2020-05-11 13:45:00,12.1,23.695393
2020-05-11 14:00:00,11.256,23.72441
2020-05-11 14:15:00,11.678,23.772985
2020-05-11 14:30:00,11.326,23.813364
2020-05-11 14:45:00,10.974,23.770382
2020-05-11 15:00:00,10.974,23.808191
2020-05-11 15:15:00,11.326,23.893812
2020-05-11 15:30:00,11.396,24.05308
2020-05-11 15:45:00,11.396,24.078508
2020-05-11 16:00:00,11.396,24.009127
2020-05-11 16:15:00,11.044,23.982721
2020-05-11 16:30:00,11.185,23.90979
2020-05-11 16:45:00,11.396,23.789501
2020-05-11 17:00:00,11.115,23.820826
2020-05-11 17:15:00,10.904,23.866133
2020-05-11 17:30:00,10.622,23.965815
2020-05-11 17:45:00,10.763,23.807924
2020-05-11 18:00:00,10.693,23.650455
2020-05-11 18:15:00,10.693,23.489962
2020-05-11 18:30:00,10.622,23.279276
2020-05-11 18:45:00,10.341,23.058186
2020-05-11 19:00:00,10.763,22.963734
2020-05-11 19:15:00,10.974,22.888353
2020-05-11 19:30:00,11.326,22.824692
2020-05-11 19:45:00,11.326,22.670864
2020-05-11 20:00:00,11.467,22.476545
2020-05-11 20:15:00,11.185,22.373951
2020-05-11 20:30:00,11.326,22.349741
2020-05-11 20:45:00,11.537,22.19952
2020-05-11 21:00:00,11.396,22.14521
2020-05-11 21:15:00,11.537,22.143562
2020-05-11 21:30:00,11.678,22.182404
2020-05-11 21:45:00,11.818,22.170462
2020-05-11 22:00:00,11.889,22.11755
2020-05-11 22:15:00,11.889,22.140282
2020-05-11 22:30:00,11.748,22.341507
2020-05-11 22:45:00,11.889,22.467146
2020-05-11 23:00:00,11.889,22.712769
2020-05-11 23:15:00,11.889,22.96355
2020-05-11 23:30:00,11.748,23.308472
2020-05-11 23:45:00,11.889,23.418177
2020-05-12 00:00:00,11.818,23.562572
2020-05-12 00:15:00,11.748,23.776173
2020-05-12 00:30:00,11.748,22.230915
2020-05-12 00:45:00,11.889,23.082314
2020-05-12 01:00:00,11.467,22.75684
2020-05-12 01:15:00,11.607,21.630087
2020-05-12 01:30:00,11.537,21.879147
2020-05-12 01:45:00,11.607,21.976086
2020-05-12 02:00:00,11.607,22.229725
2020-05-12 02:15:00,11.678,22.430992
2020-05-12 02:30:00,11.607,22.641706
2020-05-12 02:45:00,10.482,22.726187
2020-05-12 03:00:00,9.849,22.78802
2020-05-12 03:15:00,9.708,22.855915
2020-05-12 03:30:00,7.949,22.834957
2020-05-12 03:45:00,8.371,22.768799
2020-05-12 04:00:00,8.371,22.835644
2020-05-12 04:15:00,7.597,22.892208
2020-05-12 04:30:00,8.442,22.872524
2020-05-12 04:45:00,9.356,22.749844
2020-05-12 05:00:00,10.13,22.752941
2020-05-12 05:15:00,9.919,22.797966
2020-05-12 05:30:00,10.271,22.711155
2020-05-12 05:45:00,11.044,22.697027
2020-05-12 06:00:00,10.763,22.669006
2020-05-12 06:15:00,11.115,22.63021
2020-05-12 06:30:00,11.256,22.73445
2020-05-12 06:45:00,11.256,22.656612
2020-05-12 07:00:00,8.442,22.767021
2020-05-12 07:15:00,8.582,22.88435
2020-05-12 07:30:00,8.09,22.910696
2020-05-12 07:45:00,8.793,22.790289
2020-05-12 08:00:00,8.301,22.631695
2020-05-12 08:15:00,7.879,22.701084
2020-05-12 08:30:00,8.16,22.832487
2020-05-12 08:45:00,8.653,22.969711
2020-05-12 09:00:00,9.778,23.211348
2020-05-12 09:15:00,10.341,23.448055
2020-05-12 09:30:00,10.411,23.583618
2020-05-12 09:45:00,10.693,23.447979
2020-05-12 10:00:00,10.552,23.269663
2020-05-12 10:15:00,11.256,23.0518
2020-05-12 10:30:00,11.467,22.973782
2020-05-12 10:45:00,11.115,22.84715
2020-05-12 11:00:00,10.904,22.924616
2020-05-12 11:15:00,11.044,22.941193
2020-05-12 11:30:00,10.693,23.05562
2020-05-12 11:45:00,10.833,22.914364
2020-05-12 12:00:00,11.044,22.787758
2020-05-12 12:15:00,11.185,22.733433
2020-05-12 12:30:00,10.974,22.627338
2020-05-12 12:45:00,10.693,22.45754
2020-05-12 13:00:00,10.622,22.367813
2020-05-12 13:15:00,10.763,22.375591
2020-05-12 13:30:00,10.552,22.645197
2020-05-12 13:45:00,10.482,22.64436
2020-05-12 14:00:00,10.833,22.617783
2020-05-12 14:15:00,11.044,22.638975
2020-05-12 14:30:00,10.833,22.669182
2020-05-12 14:45:00,10.833,22.66064
2020-05-12 15:00:00,10.693,22.662846
2020-05-12 15:15:00,10.974,22.621738
2020-05-12 15:30:00,10.833,22.62336
2020-05-12 15:45:00,10.833,22.588867
2020-05-12 16:00:00,10.904,22.627857
2020-05-12 16:15:00,10.833,22.583141
2020-05-12 16:30:00,10.693,22.607222
2020-05-12 16:45:00,10.763,22.598299
2020-05-12 17:00:00,10.552,22.611986
2020-05-12 17:15:00,10.904,22.633568
2020-05-12 17:30:00,10.693,22.626652
2020-05-12 17:45:00,10.904,22.49397
2020-05-12 18:00:00,11.115,22.462254
2020-05-12 18:15:00,11.044,22.43515
2020-05-12 18:30:00,11.185,22.465313
2020-05-12 18:45:00,11.326,22.3707
2020-05-12 19:00:00,11.044,22.279005
2020-05-12 19:15:00,10.693,22.253727
2020-05-12 19:30:00,10.974,22.17971
2020-05-12 19:45:00,10.622,21.990797
2020-05-12 20:00:00,10.693,21.865036
2020-05-12 20:15:00,10.693,21.835926
2020-05-12 20:30:00,10.482,21.923832
2020-05-12 20:45:00,10.552,21.881548
2020-05-12 21:00:00,10.271,21.965477
2020-05-12 21:15:00,10.341,22.022943
2020-05-12 21:30:00,10.13,22.089155
2020-05-12 21:45:00,10.06,22.087242
2020-05-12 22:00:00,10.13,22.174982
2020-05-12 22:15:00,10.13,22.232872
2020-05-12 22:30:00,9.989,22.429054
2020-05-12 22:45:00,10.411,22.441038
2020-05-12 23:00:00,10.341,22.42632
2020-05-12 23:15:00,10.271,22.564087
2020-05-12 23:30:00,10.482,22.594585
2020-05-12 23:45:00,10.271,22.581707
2020-05-13 00:00:00,10.482,22.63186
2020-05-13 00:15:00,10.552,22.766674
2020-05-13 00:30:00,10.622,21.03558
2020-05-13 00:45:00,10.411,21.864616
2020-05-13 01:00:00,10.341,21.390247
2020-05-13 01:15:00,10.271,20.340668
2020-05-13 01:30:00,10.13,20.385527
2020-05-13 01:45:00,10.06,20.37931
2020-05-13 02:00:00,9.919,20.547646
2020-05-13 02:15:00,9.849,20.842941
2020-05-13 02:30:00,9.919,21.174337
2020-05-13 02:45:00,10.13,21.263596
2020-05-13 03:00:00,9.989,21.54572
2020-05-13 03:15:00,9.919,21.551598
2020-05-13 03:30:00,10.06,21.592688
2020-05-13 03:45:00,9.919,21.581314
2020-05-13 04:00:00,10.2,21.633629
2020-05-13 04:15:00,10.13,21.720806
2020-05-13 04:30:00,10.06,21.771635
2020-05-13 04:45:00,9.849,21.814692
2020-05-13 05:00:00,9.989,21.92292
2020-05-13 05:15:00,10.13,22.04734
2020-05-13 05:30:00,9.849,22.197853
2020-05-13 05:45:00,9.919,22.120888
2020-05-13 06:00:00,10.271,22.14986
2020-05-13 06:15:00,10.13,22.24773
2020-05-13 06:30:00,10.693,22.359707
2020-05-13 06:45:00,10.974,22.337757
2020-05-13 07:00:00,10.833,22.24374
2020-05-13 07:15:00,11.467,22.22757
2020-05-13 07:30:00,11.185,22.275896
2020-05-13 07:45:00,10.482,22.265163
2020-05-13 08:00:00,10.552,22.389015
2020-05-13 08:15:00,10.974,22.50589
2020-05-13 08:30:00,11.256,22.748781
2020-05-13 08:45:00,11.537,22.84422
2020-05-13 09:00:00,11.326,22.966389
2020-05-13 09:15:00,11.326,22.91073
2020-05-13 09:30:00,11.537,22.79648
2020-05-13 09:45:00,11.185,22.734324
2020-05-13 10:00:00,11.537,22.696049
2020-05-13 10:15:00,11.678,22.766504
2020-05-13 10:30:00,11.818,23.011482
2020-05-13 10:45:00,12.1,23.012442
2020-05-13 11:00:00,12.381,23.126528
2020-05-13 11:15:00,12.24,23.348606
2020-05-13 11:30:00,12.311,23.482435
2020-05-13 11:45:00,12.311,23.512548
2020-05-13 12:00:00,12.451,23.57935
2020-05-13 12:15:00,12.592,23.62202
2020-05-13 12:30:00,12.451,23.737896
2020-05-13 12:45:00,12.874,23.713278
2020-05-13 13:00:00,13.085,23.755234
2020-05-13 13:15:00,13.296,23.775581
2020-05-13 13:30:00,13.647,23.924017
2020-05-13 13:45:00,13.507,23.927126
2020-05-13 14:00:00,13.366,23.94406
2020-05-13 14:15:00,14.421,24.036203
2020-05-13 14:30:00,13.788,24.198122
2020-05-13 14:45:00,14.421,24.121632
2020-05-13 15:00:00,14.491,24.088434
2020-05-13 15:15:00,14.632,24.12943
2020-05-13 15:30:00,14.984,24.074018
2020-05-13 15:45:00,15.265,24.003199
2020-05-13 16:00:00,15.265,23.968163
2020-05-13 16:15:00,15.265,23.867878
2020-05-13 16:30:00,15.406,23.835653
2020-05-13 16:45:00,15.828,23.707054
2020-05-13 17:00:00,15.547,23.611225
2020-05-13 17:15:00,15.125,23.539467
2020-05-13 17:30:00,15.617,23.412048
2020-05-13 17:45:00,15.125,23.176992
2020-05-13 18:00:00,14.421,22.976662
2020-05-13 18:15:00,14.14,22.774136
2020-05-13 18:30:00,13.788,22.67918
2020-05-13 18:45:00,13.436,22.494291
2020-05-13 19:00:00,13.436,22.394392
2020-05-13 19:15:00,13.366,22.332113
2020-05-13 19:30:00,13.225,22.228096
2020-05-13 19:45:00,13.436,22.021492
2020-05-13 20:00:00,13.296,21.877556
2020-05-13 20:15:00,13.296,21.787807
2020-05-13 20:30:00,13.296,21.806355
2020-05-13 20:45:00,13.085,21.709202
2020-05-13 21:00:00,12.944,21.696358
2020-05-13 21:15:00,12.874,21.718096
2020-05-13 21:30:00,12.803,21.805271
2020-05-13 21:45:00,13.014,21.83323
2020-05-13 22:00:00,12.662,21.892824
2020-05-13 22:15:00,12.592,21.95482
2020-05-13 22:30:00,12.381,22.09917
2020-05-13 22:45:00,12.24,22.148893
2020-05-13 23:00:00,12.522,22.39688
2020-05-13 23:15:00,12.311,22.755272
2020-05-13 23:30:00,12.311,23.223911
2020-05-13 23:45:00,12.451,23.471134
2020-05-14 00:00:00,12.451,23.742638
2020-05-14 00:15:00,12.662,24.044006
2020-05-14 00:30:00,12.662,22.333508
2020-05-14 00:45:00,12.522,23.037445
2020-05-14 01:00:00,12.522,22.578691
2020-05-14 01:15:00,12.733,21.583685
2020-05-14 01:30:00,12.451,21.741095
2020-05-14 01:45:00,12.522,21.88338
2020-05-14 02:00:00,12.733,22.097115
2020-05-14 02:15:00,12.733,22.259293
2020-05-14 02:30:00,12.592,22.422382
2020-05-14 02:45:00,12.733,22.304245
2020-05-14 03:00:00,12.733,22.381744
2020-05-14 03:15:00,12.733,22.488024
2020-05-14 03:30:00,12.381,22.53141
2020-05-14 03:45:00,12.733,22.504892
2020-05-14 04:00:00,12.592,22.470741
2020-05-14 04:15:00,12.451,22.464909
2020-05-14 04:30:00,12.733,22.632618
2020-05-14 04:45:00,12.381,22.666378
2020-05-14 05:00:00,12.451,22.654911
2020-05-14 05:15:00,12.803,22.690294
2020-05-14 05:30:00,12.733,22.77906
2020-05-14 05:45:00,13.014,22.748833
2020-05-14 06:00:00,12.733,22.836798
2020-05-14 06:15:00,12.733,22.81845
2020-05-14 06:30:00,12.803,22.846523
2020-05-14 06:45:00,12.592,22.755135
2020-05-14 07:00:00,12.451,22.608948
2020-05-14 07:15:00,12.733,22.636398
2020-05-14 07:30:00,12.592,22.605286
2020-05-14 07:45:00,13.014,22.538618
2020-05-14 08:00:00,13.225,22.685013
2020-05-14 08:15:00,12.733,22.821175
2020-05-14 08:30:00,13.155,23.028927
2020-05-14 08:45:00,13.366,22.970955
2020-05-14 09:00:00,13.366,22.997189
2020-05-14 09:15:00,13.436,22.989454
2020-05-14 09:30:00,13.507,23.136065
2020-05-14 09:45:00,13.155,23.126278
2020-05-14 10:00:00,13.718,23.105648
2020-05-14 10:15:00,14.21,23.074162
2020-05-14 10:30:00,14.562,22.953112
2020-05-14 10:45:00,14.703,22.844479
2020-05-14 11:00:00,14.703,22.690598
2020-05-14 11:15:00,14.914,22.557423
2020-05-14 11:30:00,15.125,22.554358
2020-05-14 11:45:00,13.999,22.40205
2020-05-14 12:00:00,13.999,22.29845
2020-05-14 12:15:00,14.562,22.202152
2020-05-14 12:30:00,14.562,22.105042
2020-05-14 12:45:00,14.491,21.899338
2020-05-14 13:00:00,14.703,21.975998
2020-05-14 13:15:00,14.843,22.065994
2020-05-14 13:30:00,14.491,22.143211
2020-05-14 13:45:00,13.999,22.352268
2020-05-14 14:00:00,15.054,22.46268
2020-05-14 14:15:00,15.617,22.651573
2020-05-14 14:30:00,15.898,22.820957
2020-05-14 14:45:00,15.758,22.695368
2020-05-14 15:00:00,16.813,22.664972
2020-05-14 15:15:00,15.969,22.84883
2020-05-14 15:30:00,16.109,22.999752
2020-05-14 15:45:00,16.672,23.091286
2020-05-14 16:00:00,16.321,23.066772
2020-05-14 16:15:00,15.406,22.953728
2020-05-14 16:30:00,16.039,22.989075
2020-05-14 16:45:00,16.321,22.970936
2020-05-14 17:00:00,16.602,22.960148
2020-05-14 17:15:00,17.024,22.951653
2020-05-14 17:30:00,16.954,22.973574
2020-05-14 17:45:00,17.094,22.894735
2020-05-14 18:00:00,16.18,22.85955
2020-05-14 18:15:00,15.898,22.819315
2020-05-14 18:30:00,15.687,22.805779
2020-05-14 18:45:00,15.758,22.703136
2020-05-14 19:00:00,15.758,22.696735
2020-05-14 19:15:00,15.617,22.688015
2020-05-14 19:30:00,15.476,22.659763
2020-05-14 19:45:00,15.406,22.526905
2020-05-14 20:00:00,15.336,22.36187
2020-05-14 20:15:00,15.265,22.25563
2020-05-14 20:30:00,15.195,22.261086
2020-05-14 20:45:00,15.406,22.160656
2020-05-14 21:00:00,15.336,22.13507
2020-05-14 21:15:00,15.406,22.131758
2020-05-14 21:30:00,15.406,22.156353
2020-05-14 21:45:00,15.054,22.083607
2020-05-14 22:00:00,14.984,22.065348
2020-05-14 22:15:00,15.265,22.086147
2020-05-14 22:30:00,15.054,22.169462
2020-05-14 22:45:00,14.914,22.274479
2020-05-14 23:00:00,14.703,22.472034
2020-05-14 23:15:00,14.562,22.783401
2020-05-14 23:30:00,14.421,23.135319
2020-05-14 23:45:00,14.421,23.237698
2020-05-15 00:00:00,14.562,23.416304
2020-05-15 00:15:00,14.562,23.65772
2020-05-15 00:30:00,14.632,21.948776
2020-05-15 00:45:00,14.491,22.748264
2020-05-15 01:00:00,14.14,22.302135
2020-05-15 01:15:00,14.14,21.211552
2020-05-15 01:30:00,14.491,21.27576
2020-05-15 01:45:00,14.351,21.415462
2020-05-15 02:00:00,14.491,21.549347
2020-05-15 02:15:00,14.491,21.632462
2020-05-15 02:30:00,14.421,21.846361
2020-05-15 02:45:00,14.421,21.795738
2020-05-15 03:00:00,14.562,21.831854
2020-05-15 03:15:00,14.491,22.005474
2020-05-15 03:30:00,14.21,22.084154
2020-05-15 03:45:00,14.21,22.162891
2020-05-15 04:00:00,14.28,22.317394
2020-05-15 04:15:00,14.21,22.397583
2020-05-15 04:30:00,14.069,22.617462
2020-05-15 04:45:00,14.14,22.650307
2020-05-15 05:00:00,14.14,22.689539
2020-05-15 05:15:00,14.069,22.79192
2020-05-15 05:30:00,14.069,22.848682
2020-05-15 05:45:00,13.788,22.867838
2020-05-15 06:00:00,14.351,22.959518
2020-05-15 06:15:00,14.14,23.080135
2020-05-15 06:30:00,14.421,23.295979
2020-05-15 06:45:00,14.843,23.373833
2020-05-15 07:00:00,14.562,23.36711
2020-05-15 07:15:00,15.476,23.328167
2020-05-15 07:30:00,15.758,23.403992
2020-05-15 07:45:00,15.969,23.219269
2020-05-15 08:00:00,16.039,23.277676
2020-05-15 08:15:00,15.898,23.365599
2020-05-15 08:30:00,16.461,23.388641
2020-05-15 08:45:00,16.461,23.33131
2020-05-15 09:00:00,16.461,23.427898
2020-05-15 09:15:00,16.532,23.54169
2020-05-15 09:30:00,16.25,23.566683
2020-05-15 09:45:00,15.969,23.538013
2020-05-15 10:00:00,15.195,23.437555
2020-05-15 10:15:00,15.265,23.368483
2020-05-15 10:30:00,15.054,23.518068
2020-05-15 10:45:00,15.054,23.463863
2020-05-15 11:00:00,14.14,23.495884
2020-05-15 11:15:00,14.351,23.587883
2020-05-15 11:30:00,15.125,23.71912
2020-05-15 11:45:00,14.703,23.803213
2020-05-15 12:00:00,15.406,23.811474
2020-05-15 12:15:00,14.703,23.805962
2020-05-15 12:30:00,14.984,24.005436
2020-05-15 12:45:00,14.491,23.748686
2020-05-15 13:00:00,14.421,23.659126
2020-05-15 13:15:00,15.054,23.763546
2020-05-15 13:30:00,14.984,23.788958
2020-05-15 13:45:00,15.054,23.957357
2020-05-15 14:00:00,15.758,24.187153
2020-05-15 14:15:00,15.758,24.261463
2020-05-15 14:30:00,15.969,24.321737
2020-05-15 14:45:00,15.617,24.227095
2020-05-15 15:00:00,16.18,24.367754
2020-05-15 15:15:00,17.446,24.336123
2020-05-15 15:30:00,17.516,24.38796
2020-05-15 15:45:00,16.461,24.294882
2020-05-15 16:00:00,16.883,24.17146
2020-05-15 16:15:00,16.883,24.19438
2020-05-15 16:30:00,16.743,24.180632
2020-05-15 16:45:00,16.602,24.127455
2020-05-15 17:00:00,16.25,24.06604
2020-05-15 17:15:00,16.532,24.05066
2020-05-15 17:30:00,16.813,24.055445
2020-05-15 17:45:00,16.954,23.91594
2020-05-15 18:00:00,17.165,23.691536
2020-05-15 18:15:00,16.602,23.446379
2020-05-15 18:30:00,16.883,23.31551
2020-05-15 18:45:00,16.602,23.112345
2020-05-15 19:00:00,16.883,22.989994
2020-05-15 19:15:00,16.391,22.901749
2020-05-15 19:30:00,16.25,22.793987
2020-05-15 19:45:00,16.321,22.579092
2020-05-15 20:00:00,16.321,22.45791
2020-05-15 20:15:00,16.321,22.363771
2020-05-15 20:30:00,16.109,22.367222
2020-05-15 20:45:00,16.18,22.26756
2020-05-15 21:00:00,15.969,22.229809
2020-05-15 21:15:00,16.25,22.249634
2020-05-15 21:30:00,15.898,22.310175
2020-05-15 21:45:00,16.039,22.275986
2020-05-15 22:00:00,15.898,22.276756
2020-05-15 22:15:00,15.898,22.317152
2020-05-15 22:30:00,16.109,22.542511
2020-05-15 22:45:00,15.898,22.71745
2020-05-15 23:00:00,15.687,23.016901
2020-05-15 23:15:00,15.969,23.443085
2020-05-15 23:30:00,16.039,23.915937
2020-05-15 23:45:00,15.969,24.083103
2020-05-16 00:00:00,15.969,24.362135
2020-05-16 00:15:00,15.969,24.696842
2020-05-16 00:30:00,15.969,23.119364
2020-05-16 00:45:00,16.039,24.086988
2020-05-16 01:00:00,16.25,23.845184
2020-05-16 01:15:00,16.18,22.855442
2020-05-16 01:30:00,16.25,23.230919
2020-05-16 01:45:00,16.109,23.31511
2020-05-16 02:00:00,16.109,23.466173
2020-05-16 02:15:00,16.25,23.732891
2020-05-16 02:30:00,16.18,23.83342
2020-05-16 02:45:00,16.321,23.897554
2020-05-16 03:00:00,16.109,23.912415
2020-05-16 03:15:00,16.391,23.89395
2020-05-16 03:30:00,16.25,23.999086
2020-05-16 03:45:00,16.391,23.929102
2020-05-16 04:00:00,16.25,23.875374
2020-05-16 04:15:00,15.898,23.832767
2020-05-16 04:30:00,16.18,23.781822
2020-05-16 04:45:00,16.461,23.580122
2020-05-16 05:00:00,16.461,23.549746
2020-05-16 05:15:00,16.602,23.599936
2020-05-16 05:30:00,16.532,23.693306
2020-05-16 05:45:00,16.672,23.688091
2020-05-16 06:00:00,16.883,23.601562
2020-05-16 06:15:00,17.024,23.716568
2020-05-16 06:30:00,16.813,23.700594
2020-05-16 06:45:00,17.024,23.522043
2020-05-16 07:00:00,16.672,23.496355
2020-05-16 07:15:00,16.321,23.515549
2020-05-16 07:30:00,16.25,23.7505
2020-05-16 07:45:00,16.039,23.829025
2020-05-16 08:00:00,15.687,23.889236
2020-05-16 08:15:00,15.265,24.050621
2020-05-16 08:30:00,15.125,24.189192
2020-05-16 08:45:00,15.054,24.081093
2020-05-16 09:00:00,14.843,23.974726
2020-05-16 09:15:00,14.491,23.875938
2020-05-16 09:30:00,14.562,23.952374
2020-05-16 09:45:00,14.843,23.936739
2020-05-16 10:00:00,15.336,24.124702
2020-05-16 10:15:00,14.984,24.340528
2020-05-16 10:30:00,14.843,24.49465
2020-05-16 10:45:00,15.054,24.537632
2020-05-16 11:00:00,14.984,24.583773
2020-05-16 11:15:00,14.914,24.618414
2020-05-16 11:30:00,15.054,24.735674
2020-05-16 11:45:00,14.984,24.685673
2020-05-16 12:00:00,14.703,24.66777
2020-05-16 12:15:00,14.914,24.597162
2020-05-16 12:30:00,14.632,24.625624
2020-05-16 12:45:00,14.984,24.52162
2020-05-16 13:00:00,14.984,24.507654
2020-05-16 13:15:00,15.195,24.351986
2020-05-16 13:30:00,15.547,24.291313
2020-05-16 13:45:00,15.406,24.208218
2020-05-16 14:00:00,15.687,24.062313
2020-05-16 14:15:00,15.898,24.120089
2020-05-16 14:30:00,15.617,24.21247
2020-05-16 14:45:00,15.687,24.03658
2020-05-16 15:00:00,16.743,23.911644
2020-05-16 15:15:00,16.18,23.841986
2020-05-16 15:30:00,16.321,23.785332
2020-05-16 15:45:00,16.25,23.73567
2020-05-16 16:00:00,16.109,23.78221
2020-05-16 16:15:00,16.321,23.791382
2020-05-16 16:30:00,16.672,23.70901
2020-05-16 16:45:00,16.039,23.50233
2020-05-16 17:00:00,16.321,23.314117
2020-05-16 17:15:00,15.758,23.2377
2020-05-16 17:30:00,15.758,23.127106
2020-05-16 17:45:00,15.758,22.91553
2020-05-16 18:00:00,15.828,22.817236
2020-05-16 18:15:00,15.265,22.65414
2020-05-16 18:30:00,15.265,22.578083
2020-05-16 18:45:00,15.406,22.387508
2020-05-16 19:00:00,15.547,22.270243
2020-05-16 19:15:00,16.109,22.193293
2020-05-16 19:30:00,15.828,22.158163
2020-05-16 19:45:00,15.969,22.03846
2020-05-16 20:00:00,16.321,21.93866
2020-05-16 20:15:00,16.602,21.879894
2020-05-16 20:30:00,16.461,21.881908
2020-05-16 20:45:00,16.391,21.79061
2020-05-16 21:00:00,16.039,21.721233
2020-05-16 21:15:00,16.25,21.734205
2020-05-16 21:30:00,16.602,21.804276
2020-05-16 21:45:00,16.602,21.897081
2020-05-16 22:00:00,16.672,22.095322
2020-05-16 22:15:00,16.602,22.36131
2020-05-16 22:30:00,15.125,22.541748
2020-05-16 22:45:00,14.843,22.713535
2020-05-16 23:00:00,15.054,23.045992
2020-05-16 23:15:00,15.547,23.458618
2020-05-16 23:30:00,15.898,24.033552
2020-05-16 23:45:00,15.547,24.385084
2020-05-17 00:00:00,16.109,24.640697
2020-05-17 00:15:00,15.898,24.82474
2020-05-17 00:30:00,16.391,23.278313
2020-05-17 00:45:00,16.672,24.240625
2020-05-17 01:00:00,16.602,23.96525
2020-05-17 01:15:00,14.843,23.066322
2020-05-17 01:30:00,14.843,23.320135
2020-05-17 01:45:00,14.914,23.496964
2020-05-17 02:00:00,14.632,23.725353
2020-05-17 02:15:00,13.296,23.929716
2020-05-17 02:30:00,8.371,24.17888
2020-05-17 02:45:00,10.622,24.170443
2020-05-17 03:00:00,12.24,24.052794
2020-05-17 03:15:00,13.788,24.022135
2020-05-17 03:30:00,14.14,24.077076
2020-05-17 03:45:00,10.552,23.98335
2020-05-17 04:00:00,9.708,24.085161
2020-05-17 04:15:00,8.864,24.091652
2020-05-17 04:30:00,9.708,24.029297
2020-05-17 04:45:00,8.653,23.867702
2020-05-17 05:00:00,8.653,23.826584
2020-05-17 05:15:00,10.271,23.748623
2020-05-17 05:30:00,10.552,23.803928
2020-05-17 05:45:00,10.482,23.594315
2020-05-17 06:00:00,9.989,23.595387
2020-05-17 06:15:00,10.833,23.568325
2020-05-17 06:30:00,11.467,23.772968
2020-05-17 06:45:00,12.17,23.765732
2020-05-17 07:00:00,10.974,23.68486
2020-05-17 07:15:00,10.552,23.747744
2020-05-17 07:30:00,8.512,23.625809
2020-05-17 07:45:00,7.949,23.521511
2020-05-17 08:00:00,8.09,23.665628
2020-05-17 08:15:00,8.231,23.709064
2020-05-17 08:30:00,9.286,23.868685
2020-05-17 08:45:00,9.919,23.851719
2020-05-17 09:00:00,11.326,23.810093
2020-05-17 09:15:00,11.185,23.731453
2020-05-17 09:30:00,11.818,23.678064
2020-05-17 09:45:00,12.311,23.532194
2020-05-17 10:00:00,12.381,23.445492
2020-05-17 10:15:00,12.1,23.594822
2020-05-17 10:30:00,12.522,23.725315
2020-05-17 10:45:00,12.381,23.702307
2020-05-17 11:00:00,13.155,23.738186
2020-05-17 11:15:00,13.085,23.765963
2020-05-17 11:30:00,12.874,23.86569
2020-05-17 11:45:00,12.522,23.877745
2020-05-17 12:00:00,12.522,23.729595
2020-05-17 12:15:00,12.944,23.734581
2020-05-17 12:30:00,12.592,23.591084
2020-05-17 12:45:00,12.733,23.450016
2020-05-17 13:00:00,13.014,23.525568
2020-05-17 13:15:00,13.225,23.619797
2020-05-17 13:30:00,13.577,23.88687
2020-05-17 13:45:00,13.718,23.906834
2020-05-17 14:00:00,13.507,23.909733
2020-05-17 14:15:00,13.929,23.8778
2020-05-17 14:30:00,13.788,23.964651
2020-05-17 14:45:00,13.858,23.94811
2020-05-17 15:00:00,13.507,23.980099
2020-05-17 15:15:00,13.718,24.104647
2020-05-17 15:30:00,13.647,24.127466
2020-05-17 15:45:00,14.069,23.97928
2020-05-17 16:00:00,13.999,23.87342
2020-05-17 16:15:00,13.647,23.781582
2020-05-17 16:30:00,13.296,23.78194
2020-05-17 16:45:00,13.929,23.613388
2020-05-17 17:00:00,13.788,23.470104
2020-05-17 17:15:00,13.647,23.347513
2020-05-17 17:30:00,14.14,23.212313
2020-05-17 17:45:00,14.14,23.031971
2020-05-17 18:00:00,14.14,22.902779
2020-05-17 18:15:00,14.14,22.779755
2020-05-17 18:30:00,14.14,22.715462
2020-05-17 18:45:00,13.718,22.572472
2020-05-17 19:00:00,13.788,22.52036
2020-05-17 19:15:00,13.788,22.49458
2020-05-17 19:30:00,13.718,22.469936
2020-05-17 19:45:00,13.507,22.28077
2020-05-17 20:00:00,13.507,22.215353
2020-05-17 20:15:00,13.436,22.177639
2020-05-17 20:30:00,13.296,22.225842
2020-05-17 20:45:00,13.225,22.159998
2020-05-17 21:00:00,13.155,22.131573
2020-05-17 21:15:00,13.296,22.18811
2020-05-17 21:30:00,13.436,22.291756
2020-05-17 21:45:00,13.225,22.288597
2020-05-17 22:00:00,13.436,22.437286
2020-05-17 22:15:00,13.155,22.565195
2020-05-17 22:30:00,12.874,22.706507
2020-05-17 22:45:00,13.225,22.732903
2020-05-17 23:00:00,13.366,22.693779
2020-05-17 23:15:00,12.874,22.834736
2020-05-17 23:30:00,13.155,23.16913
2020-05-17 23:45:00,13.085,23.514507
2020-05-18 00:00:00,12.944,23.96267
2020-05-18 00:15:00,12.803,24.336742
2020-05-18 00:30:00,12.944,22.87884
2020-05-18 00:45:00,12.662,23.876236
2020-05-18 01:00:00,12.944,23.550888
2020-05-18 01:15:00,13.155,22.570652
2020-05-18 01:30:00,13.225,22.826925
2020-05-18 01:45:00,13.366,22.916328
2020-05-18 02:00:00,13.366,23.17271
2020-05-18 02:15:00,13.225,23.447992
2020-05-18 02:30:00,13.014,23.645117
2020-05-18 02:45:00,12.944,23.747635
2020-05-18 03:00:00,13.085,23.828293
2020-05-18 03:15:00,13.014,23.97838
2020-05-18 03:30:00,13.085,24.082314
2020-05-18 03:45:00,13.366,24.0888
2020-05-18 04:00:00,13.085,24.08599
2020-05-18 04:15:00,12.944,24.041185
2020-05-18 04:30:00,13.085,24.055342
2020-05-18 04:45:00,12.733,24.173162
2020-05-18 05:00:00,12.803,24.206114
2020-05-18 05:15:00,12.803,24.209389
2020-05-18 05:30:00,13.085,24.351501
2020-05-18 05:45:00,13.155,24.315693
2020-05-18 06:00:00,13.014,24.3991
2020-05-18 06:15:00,13.014,24.317636
2020-05-18 06:30:00,12.944,24.254107
2020-05-18 06:45:00,13.085,24.239386
2020-05-18 07:00:00,12.944,24.097345
2020-05-18 07:15:00,12.451,24.171133
2020-05-18 07:30:00,12.733,24.340313
2020-05-18 07:45:00,12.733,24.336935
2020-05-18 08:00:00,12.874,24.339521
2020-05-18 08:15:00,12.733,24.254168
2020-05-18 08:30:00,12.944,24.136347
2020-05-18 08:45:00,12.592,24.033579
2020-05-18 09:00:00,12.522,24.138035
2020-05-18 09:15:00,12.451,24.157187
2020-05-18 09:30:00,12.451,24.27662
2020-05-18 09:45:00,12.662,24.295206
2020-05-18 10:00:00,12.522,24.281078
2020-05-18 10:15:00,12.592,24.342638
2020-05-18 10:30:00,12.592,24.403482
2020-05-18 10:45:00,12.662,24.341547
2020-05-18 11:00:00,12.733,24.419294
2020-05-18 11:15:00,12.592,24.536722
2020-05-18 11:30:00,12.662,24.712324
2020-05-18 11:45:00,12.662,24.728891
2020-05-18 12:00:00,12.803,24.741346
2020-05-18 12:15:00,12.874,24.754587
2020-05-18 12:30:00,12.944,24.709967
2020-05-18 12:45:00,13.014,24.634905
2020-05-18 13:00:00,12.592,24.502842
2020-05-18 13:15:00,12.592,24.397951
2020-05-18 13:30:00,12.662,24.3811
2020-05-18 13:45:00,12.874,24.26011
2020-05-18 14:00:00,12.874,24.304865
2020-05-18 14:15:00,12.522,24.450209
2020-05-18 14:30:00,12.17,24.613012
2020-05-18 14:45:00,12.451,24.585154
2020-05-18 15:00:00,12.733,24.57967
2020-05-18 15:15:00,12.803,24.57609
2020-05-18 15:30:00,12.311,24.58552
2020-05-18 15:45:00,12.592,24.492186
2020-05-18 16:00:00,9.426,24.436466
2020-05-18 16:15:00,5.557,24.369549
2020-05-18 16:30:00,6.402,24.249565
2020-05-18 16:45:00,7.035,24.086226
2020-05-18 17:00:00,8.09,24.011293
2020-05-18 17:15:00,6.683,23.976542
2020-05-18 17:30:00,6.542,23.9277
2020-05-18 17:45:00,6.753,23.76843
2020-05-18 18:00:00,6.331,23.55286
2020-05-18 18:15:00,6.261,23.343975
2020-05-18 18:30:00,5.698,23.201622
2020-05-18 18:45:00,5.417,23.05034
2020-05-18 19:00:00,5.346,23.050259
2020-05-18 19:15:00,5.346,23.083035
2020-05-18 19:30:00,5.628,22.969025
2020-05-18 19:45:00,5.909,22.73912
2020-05-18 20:00:00,6.402,22.539257
2020-05-18 20:15:00,7.809,22.34945
2020-05-18 20:30:00,8.301,22.337965
2020-05-18 20:45:00,8.442,22.171614
2020-05-18 21:00:00,8.301,22.043156
2020-05-18 21:15:00,8.371,21.972048
2020-05-18 21:30:00,8.582,22.008945
2020-05-18 21:45:00,8.723,21.95863
2020-05-18 22:00:00,8.653,22.001316
2020-05-18 22:15:00,8.582,22.194706
2020-05-18 22:30:00,8.301,22.396202
2020-05-18 22:45:00,8.512,22.458202
2020-05-18 23:00:00,8.512,22.621147
2020-05-18 23:15:00,8.09,22.872108
2020-05-18 23:30:00,8.02,23.227692
2020-05-18 23:45:00,8.371,23.473331
2020-05-19 00:00:00,8.512,23.726185
2020-05-19 00:15:00,8.653,23.927061
2020-05-19 00:30:00,8.582,22.127453
2020-05-19 00:45:00,8.582,22.872278
2020-05-19 01:00:00,8.512,22.470146
2020-05-19 01:15:00,8.301,21.447958
2020-05-19 01:30:00,8.02,21.65171
2020-05-19 01:45:00,8.231,21.777807
2020-05-19 02:00:00,8.231,22.00001
2020-05-19 02:15:00,8.16,22.247631
2020-05-19 02:30:00,8.16,22.366621
2020-05-19 02:45:00,8.512,22.3484
2020-05-19 03:00:00,8.512,22.41745
2020-05-19 03:15:00,8.301,22.486378
2020-05-19 03:30:00,7.879,22.649107
2020-05-19 03:45:00,8.301,22.540804
2020-05-19 04:00:00,7.809,22.561031
2020-05-19 04:15:00,7.949,22.672594
2020-05-19 04:30:00,7.597,22.695187
2020-05-19 04:45:00,7.597,22.69515
2020-05-19 05:00:00,7.738,22.803211
2020-05-19 05:15:00,7.879,22.847878
2020-05-19 05:30:00,7.949,22.941944
2020-05-19 05:45:00,7.668,22.920742
2020-05-19 06:00:00,7.738,23.125435
2020-05-19 06:15:00,7.879,23.185787
2020-05-19 06:30:00,7.809,23.35684
2020-05-19 06:45:00,8.02,23.283566
2020-05-19 07:00:00,7.949,23.339579
2020-05-19 07:15:00,8.02,23.39862
2020-05-19 07:30:00,7.809,23.422504
2020-05-19 07:45:00,7.949,23.554485
2020-05-19 08:00:00,7.879,23.632748
2020-05-19 08:15:00,7.949,23.857174
2020-05-19 08:30:00,7.879,24.016716
2020-05-19 08:45:00,6.683,23.990513
2020-05-19 09:00:00,7.105,24.057919
2020-05-19 09:15:00,5.346,24.02891
2020-05-19 09:30:00,6.05,24.062868
2020-05-19 09:45:00,7.105,23.96043
2020-05-19 10:00:00,7.597,24.02714
2020-05-19 10:15:00,7.457,24.099867
2020-05-19 10:30:00,7.597,24.233187
2020-05-19 10:45:00,7.457,24.228258
2020-05-19 11:00:00,7.457,24.26868
2020-05-19 11:15:00,7.457,24.225489
2020-05-19 11:30:00,7.597,24.30258
2020-05-19 11:45:00,7.738,24.231066
2020-05-19 12:00:00,7.809,24.142778
2020-05-19 12:15:00,7.949,24.1332
2020-05-19 12:30:00,7.949,24.119566
2020-05-19 12:45:00,8.02,24.026981
2020-05-19 13:00:00,7.879,23.884123
2020-05-19 13:15:00,8.02,23.96433
2020-05-19 13:30:00,7.949,23.911703
2020-05-19 13:45:00,8.02,23.781239
2020-05-19 14:00:00,8.02,23.87191
2020-05-19 14:15:00,7.668,23.940502
2020-05-19 14:30:00,7.668,24.154417
2020-05-19 14:45:00,7.668,24.207632
2020-05-19 15:00:00,7.668,24.253807
2020-05-19 15:15:00,7.668,24.32987
2020-05-19 15:30:00,7.738,24.357267
2020-05-19 15:45:00,7.668,24.235254
2020-05-19 16:00:00,7.457,24.236269
2020-05-19 16:15:00,7.316,24.198626
2020-05-19 16:30:00,7.105,24.20559
2020-05-19 16:45:00,7.316,24.09775
2020-05-19 17:00:00,7.035,23.990946
2020-05-19 17:15:00,7.105,23.961187
2020-05-19 17:30:00,6.964,23.970438
2020-05-19 17:45:00,7.105,23.845161
2020-05-19 18:00:00,7.175,23.732655
2020-05-19 18:15:00,7.105,23.610142
2020-05-19 18:30:00,7.386,23.53026
2020-05-19 18:45:00,7.457,23.329563
2020-05-19 19:00:00,7.035,23.230927
2020-05-19 19:15:00,7.246,23.157299
2020-05-19 19:30:00,7.246,23.024088
2020-05-19 19:45:00,6.753,22.805668
2020-05-19 20:00:00,6.894,22.645603
2020-05-19 20:15:00,6.964,22.537724
2020-05-19 20:30:00,7.175,22.52479
2020-05-19 20:45:00,7.246,22.399174
2020-05-19 21:00:00,7.386,22.333794
2020-05-19 21:15:00,7.246,22.29609
2020-05-19 21:30:00,7.316,22.261665
2020-05-19 21:45:00,7.175,22.193956
2020-05-19 22:00:00,7.316,22.153774
2020-05-19 22:15:00,7.246,22.203234
2020-05-19 22:30:00,7.246,22.333263
2020-05-19 22:45:00,7.105,22.213562
2020-05-19 23:00:00,7.105,22.2812
2020-05-19 23:15:00,6.964,22.489126
2020-05-19 23:30:00,7.105,22.843811
2020-05-19 23:45:00,7.246,23.113075
2020-05-20 00:00:00,7.105,23.338474
2020-05-20 00:15:00,7.035,23.573048
2020-05-20 00:30:00,6.894,21.778652
2020-05-20 00:45:00,7.246,22.605957
2020-05-20 01:00:00,7.105,22.160828
2020-05-20 01:15:00,7.035,21.099451
2020-05-20 01:30:00,6.753,21.271313
2020-05-20 01:45:00,6.824,21.298388
2020-05-20 02:00:00,6.964,21.522593
2020-05-20 02:15:00,6.964,21.799107
2020-05-20 02:30:00,7.035,22.014982
2020-05-20 02:45:00,6.753,21.992264
2020-05-20 03:00:00,6.753,22.13123
2020-05-20 03:15:00,6.753,22.281254
2020-05-20 03:30:00,6.824,22.471382
2020-05-20 03:45:00,6.683,22.450195
2020-05-20 04:00:00,6.824,22.374203
2020-05-20 04:15:00,7.105,22.34821
2020-05-20 04:30:00,6.753,22.507141
2020-05-20 04:45:00,6.824,22.596506
2020-05-20 05:00:00,6.824,22.671856
2020-05-20 05:15:00,6.753,22.782005
2020-05-20 05:30:00,6.753,22.863739
2020-05-20 05:45:00,6.753,22.772911
2020-05-20 06:00:00,6.753,22.791569
2020-05-20 06:15:00,6.753,22.69939
2020-05-20 06:30:00,6.964,22.826694
2020-05-20 06:45:00,6.824,22.629377
2020-05-20 07:00:00,6.824,22.53418
2020-05-20 07:15:00,6.964,22.549927
2020-05-20 07:30:00,6.894,22.508543
2020-05-20 07:45:00,7.246,22.417398
2020-05-20 08:00:00,7.105,22.375988
2020-05-20 08:15:00,7.035,22.409538
2020-05-20 08:30:00,7.246,22.596844
2020-05-20 08:45:00,7.246,22.66839
2020-05-20 09:00:00,7.246,22.713448
2020-05-20 09:15:00,7.316,22.910627
2020-05-20 09:30:00,7.316,23.050585
2020-05-20 09:45:00,7.457,23.05258
2020-05-20 10:00:00,7.386,23.108406
2020-05-20 10:15:00,6.964,23.108662
2020-05-20 10:30:00,7.105,23.191765
2020-05-20 10:45:00,7.457,23.129679
2020-05-20 11:00:00,7.175,23.32441
2020-05-20 11:15:00,7.246,23.466312
2020-05-20 11:30:00,7.105,23.540237
2020-05-20 11:45:00,7.105,23.506575
2020-05-20 12:00:00,6.964,23.432575
2020-05-20 12:15:00,7.035,23.356152
2020-05-20 12:30:00,7.105,23.375664
2020-05-20 12:45:00,6.964,23.214315
2020-05-20 13:00:00,6.824,23.034866
2020-05-20 13:15:00,6.894,22.982151
2020-05-20 13:30:00,6.824,23.046982
2020-05-20 13:45:00,6.753,23.067636
2020-05-20 14:00:00,6.683,23.209337
2020-05-20 14:15:00,6.753,23.29345
2020-05-20 14:30:00,6.613,23.375933
2020-05-20 14:45:00,6.402,23.243637
2020-05-20 15:00:00,6.331,23.256786
2020-05-20 15:15:00,6.331,23.273563
2020-05-20 15:30:00,6.331,23.31601
2020-05-20 15:45:00,6.05,23.35654
2020-05-20 16:00:00,6.542,23.380968
2020-05-20 16:15:00,6.472,23.487867
2020-05-20 16:30:00,3.377,23.532974
2020-05-20 16:45:00,3.236,23.485823
2020-05-20 17:00:00,4.362,23.46401
2020-05-20 17:15:00,5.346,23.41535
2020-05-20 17:30:00,5.417,23.390987
2020-05-20 17:45:00,5.698,23.201199
2020-05-20 18:00:00,5.557,23.05111
2020-05-20 18:15:00,5.557,22.91092
2020-05-20 18:30:00,5.698,22.79544
2020-05-20 18:45:00,5.557,22.617283
2020-05-20 19:00:00,5.628,22.507727
2020-05-20 19:15:00,5.628,22.403683
2020-05-20 19:30:00,5.628,22.280457
2020-05-20 19:45:00,5.698,22.03805
2020-05-20 20:00:00,5.979,21.863472
2020-05-20 20:15:00,5.768,21.732147
2020-05-20 20:30:00,5.768,21.693003
2020-05-20 20:45:00,5.979,21.57966
2020-05-20 21:00:00,5.698,21.536604
2020-05-20 21:15:00,5.698,21.521044
2020-05-20 21:30:00,5.698,21.537674
2020-05-20 21:45:00,5.979,21.480045
2020-05-20 22:00:00,5.909,21.549063
2020-05-20 22:15:00,5.909,21.630974
2020-05-20 22:30:00,5.909,21.809267
2020-05-20 22:45:00,5.909,21.851612
2020-05-20 23:00:00,5.768,21.937176
2020-05-20 23:15:00,5.839,22.15923
2020-05-20 23:30:00,5.698,22.497726
2020-05-20 23:45:00,5.698,22.621227
2020-05-21 00:00:00,5.698,22.792473
2020-05-21 00:15:00,5.487,23.0933
2020-05-21 00:30:00,5.557,21.399363
2020-05-21 00:45:00,5.487,22.245445
2020-05-21 01:00:00,5.417,21.699709
2020-05-21 01:15:00,5.628,20.507013
2020-05-21 01:30:00,5.698,20.637743
2020-05-21 01:45:00,5.698,20.730686
2020-05-21 02:00:00,5.768,20.90141
2020-05-21 02:15:00,5.768,21.126633
2020-05-21 02:30:00,5.698,21.322353
2020-05-21 02:45:00,5.839,21.266457
2020-05-21 03:00:00,5.628,21.417171
2020-05-21 03:15:00,5.698,21.544628
2020-05-21 03:30:00,5.768,21.546633
2020-05-21 03:45:00,5.839,21.537418
2020-05-21 04:00:00,5.698,21.694574
2020-05-21 04:15:00,5.487,21.635052
2020-05-21 04:30:00,5.768,21.856968
2020-05-21 04:45:00,5.839,21.931637
2020-05-21 05:00:00,6.05,21.889389
2020-05-21 05:15:00,6.331,22.08717
2020-05-21 05:30:00,6.191,22.124207
2020-05-21 05:45:00,5.979,22.056637
2020-05-21 06:00:00,5.909,22.254017
2020-05-21 06:15:00,5.979,22.419968
2020-05-21 06:30:00,6.05,22.70872
2020-05-21 06:45:00,6.05,22.655073
2020-05-21 07:00:00,5.979,22.680573
2020-05-21 07:15:00,6.261,22.666683
2020-05-21 07:30:00,5.909,22.678009
2020-05-21 07:45:00,5.909,22.635063
2020-05-21 08:00:00,6.05,22.694614
2020-05-21 08:15:00,6.261,22.745316
2020-05-21 08:30:00,6.331,22.874474
2020-05-21 08:45:00,6.261,22.86142
2020-05-21 09:00:00,6.472,22.877369
2020-05-21 09:15:00,6.12,22.873707
2020-05-21 09:30:00,6.261,22.901112
2020-05-21 09:45:00,6.12,22.876122
2020-05-21 10:00:00,6.402,22.896744
2020-05-21 10:15:00,6.402,22.875156
2020-05-21 10:30:00,6.542,22.865705
2020-05-21 10:45:00,6.542,22.84821
2020-05-21 11:00:00,6.402,22.865486
2020-05-21 11:15:00,6.472,22.97928
2020-05-21 11:30:00,6.542,23.108631
2020-05-21 11:45:00,6.683,23.152546
2020-05-21 12:00:00,6.753,23.114292
2020-05-21 12:15:00,6.683,23.105972
2020-05-21 12:30:00,6.964,23.118067
2020-05-21 12:45:00,6.683,22.961224
2020-05-21 13:00:00,7.105,22.997234
2020-05-21 13:15:00,7.035,23.0279
2020-05-21 13:30:00,7.105,23.095257
2020-05-21 13:45:00,7.035,23.088476
2020-05-21 14:00:00,7.175,23.119423
2020-05-21 14:15:00,7.457,23.148993
2020-05-21 14:30:00,7.105,23.208158
2020-05-21 14:45:00,7.386,23.200636
2020-05-21 15:00:00,7.316,23.208336
2020-05-21 15:15:00,7.105,23.22966
2020-05-21 15:30:00,7.035,23.259003
2020-05-21 15:45:00,7.527,23.122938
2020-05-21 16:00:00,5.628,23.101978
2020-05-21 16:15:00,4.995,23.086674
2020-05-21 16:30:00,4.15,23.172728
2020-05-21 16:45:00,4.01,23.120525
2020-05-21 17:00:00,4.432,23.110237
2020-05-21 17:15:00,5.557,23.120316
2020-05-21 17:30:00,6.191,23.067682
2020-05-21 17:45:00,6.261,22.853273
2020-05-21 18:00:00,6.472,22.731987
2020-05-21 18:15:00,6.542,22.659527
2020-05-21 18:30:00,6.402,22.590612
2020-05-21 18:45:00,6.402,22.560177
2020-05-21 19:00:00,6.472,22.538797
2020-05-21 19:15:00,6.542,22.594112
2020-05-21 19:30:00,6.683,22.634869
2020-05-21 19:45:00,6.683,22.442059
2020-05-21 20:00:00,6.894,22.30352
2020-05-21 20:15:00,6.683,22.228374
2020-05-21 20:30:00,6.683,22.239891
2020-05-21 20:45:00,6.613,22.206223
2020-05-21 21:00:00,6.613,22.2309
2020-05-21 21:15:00,6.613,22.236645
2020-05-21 21:30:00,6.753,22.290592
2020-05-21 21:45:00,6.964,22.27898
2020-05-21 22:00:00,6.894,22.273182
2020-05-21 22:15:00,6.964,22.339146
2020-05-21 22:30:00,6.894,22.390522
2020-05-21 22:45:00,6.613,22.23221
2020-05-21 23:00:00,6.683,22.27265
2020-05-21 23:15:00,6.894,22.433144
2020-05-21 23:30:00,7.105,22.597343
2020-05-21 23:45:00,7.175,22.745792
2020-05-22 00:00:00,6.964,22.962147
2020-05-22 00:15:00,6.964,23.157408
2020-05-22 00:30:00,7.105,21.445736
2020-05-22 00:45:00,7.246,22.225058
2020-05-22 01:00:00,7.316,21.569433
2020-05-22 01:15:00,7.175,20.508963
2020-05-22 01:30:00,7.386,20.714947
2020-05-22 01:45:00,7.316,20.84171
2020-05-22 02:00:00,7.457,21.069897
2020-05-22 02:15:00,7.457,21.126244
2020-05-22 02:30:00,7.738,21.121918
2020-05-22 02:45:00,7.809,21.018091
2020-05-22 03:00:00,7.879,21.094995
2020-05-22 03:15:00,8.02,21.157297
2020-05-22 03:30:00,8.231,21.324028
2020-05-22 03:45:00,8.16,21.269178
2020-05-22 04:00:00,8.301,21.442636
2020-05-22 04:15:00,8.371,21.62814
2020-05-22 04:30:00,8.512,21.88807
2020-05-22 04:45:00,9.004,21.94655
2020-05-22 05:00:00,9.004,21.990746
2020-05-22 05:15:00,8.934,22.200645
2020-05-22 05:30:00,8.793,22.425806
2020-05-22 05:45:00,8.864,22.559467
2020-05-22 06:00:00,9.145,22.813492
2020-05-22 06:15:00,8.934,22.956259
2020-05-22 06:30:00,7.949,23.082176
2020-05-22 06:45:00,7.035,23.127144
2020-05-22 07:00:00,7.457,23.144709
2020-05-22 07:15:00,7.668,23.1324
2020-05-22 07:30:00,7.105,23.21455
2020-05-22 07:45:00,6.964,23.216547
2020-05-22 08:00:00,6.824,23.286331
2020-05-22 08:15:00,6.824,23.447596
2020-05-22 08:30:00,7.246,23.690483
2020-05-22 08:45:00,6.753,23.71708
2020-05-22 09:00:00,6.683,23.699791
2020-05-22 09:15:00,6.683,23.618612
2020-05-22 09:30:00,6.402,23.658438
2020-05-22 09:45:00,6.472,23.518269
2020-05-22 10:00:00,6.402,23.474907
2020-05-22 10:15:00,6.753,23.471352
2020-05-22 10:30:00,6.964,23.438332
2020-05-22 10:45:00,5.346,23.460646
2020-05-22 11:00:00,3.728,23.481354
2020-05-22 11:15:00,3.869,23.465103
2020-05-22 11:30:00,4.221,23.64301
2020-05-22 11:45:00,4.643,23.50429
2020-05-22 12:00:00,4.15,23.321777
2020-05-22 12:15:00,5.206,23.137157
2020-05-22 12:30:00,6.402,22.928759
2020-05-22 12:45:00,6.542,22.689358
2020-05-22 13:00:00,6.542,22.524433
2020-05-22 13:15:00,7.035,22.508804
2020-05-22 13:30:00,6.261,22.533878
2020-05-22 13:45:00,6.472,22.434412
2020-05-22 14:00:00,6.964,22.455603
2020-05-22 14:15:00,6.05,22.452131
2020-05-22 14:30:00,5.346,22.43026
2020-05-22 14:45:00,5.557,22.306942
2020-05-22 15:00:00,6.261,22.300468
2020-05-22 15:15:00,6.683,22.220152
2020-05-22 15:30:00,6.191,22.308575
2020-05-22 15:45:00,6.402,22.317947
2020-05-22 16:00:00,6.12,22.344395
2020-05-22 16:15:00,6.613,22.465935
2020-05-22 16:30:00,6.261,22.492607
2020-05-22 16:45:00,6.683,22.428642
2020-05-22 17:00:00,6.894,22.39264
2020-05-22 17:15:00,7.175,22.42081
2020-05-22 17:30:00,6.613,22.528069
2020-05-22 17:45:00,6.331,22.502007
2020-05-22 18:00:00,6.261,22.489244
2020-05-22 18:15:00,6.402,22.468456
2020-05-22 18:30:00,6.542,22.431581
2020-05-22 18:45:00,6.683,22.276516
2020-05-22 19:00:00,7.035,22.184246
2020-05-22 19:15:00,7.386,22.10692
2020-05-22 19:30:00,7.597,22.022043
2020-05-22 19:45:00,7.738,21.818407
2020-05-22 20:00:00,7.527,21.695278
2020-05-22 20:15:00,7.457,21.604988
2020-05-22 20:30:00,7.668,21.591143
2020-05-22 20:45:00,7.457,21.4721
2020-05-22 21:00:00,7.738,21.418865
2020-05-22 21:15:00,7.879,21.37077
2020-05-22 21:30:00,7.809,21.347523
2020-05-22 21:45:00,7.809,21.25188
2020-05-22 22:00:00,7.809,21.258545
2020-05-22 22:15:00,7.457,21.383904
2020-05-22 22:30:00,6.964,21.537502
2020-05-22 22:45:00,7.035,21.556702
2020-05-22 23:00:00,6.753,21.62059
2020-05-22 23:15:00,6.261,21.826452
2020-05-22 23:30:00,6.402,22.067738
2020-05-22 23:45:00,6.824,22.220163
2020-05-23 00:00:00,7.105,22.38153
2020-05-23 00:15:00,6.824,22.576141
2020-05-23 00:30:00,6.894,21.07944
2020-05-23 00:45:00,6.753,22.058493
2020-05-23 01:00:00,6.613,21.743103
2020-05-23 01:15:00,6.261,20.879208
2020-05-23 01:30:00,6.683,21.111221
2020-05-23 01:45:00,6.753,21.257755
2020-05-23 02:00:00,6.824,21.591549
2020-05-23 02:15:00,6.753,21.84816
2020-05-23 02:30:00,6.402,22.041725
2020-05-23 02:45:00,6.472,22.251041
2020-05-23 03:00:00,6.472,22.461834
2020-05-23 03:15:00,7.035,22.577894
2020-05-23 03:30:00,7.668,22.682178
2020-05-23 03:45:00,7.457,22.672935
2020-05-23 04:00:00,7.597,22.704369
2020-05-23 04:15:00,7.738,22.689375
2020-05-23 04:30:00,7.668,22.651478
2020-05-23 04:45:00,7.175,22.642097
2020-05-23 05:00:00,6.894,22.655155
2020-05-23 05:15:00,7.527,22.809937
2020-05-23 05:30:00,7.597,23.104767
2020-05-23 05:45:00,7.668,23.169834
2020-05-23 06:00:00,7.668,23.206535
2020-05-23 06:15:00,7.738,23.369446
2020-05-23 06:30:00,8.16,23.462269
2020-05-23 06:45:00,8.793,23.498444
2020-05-23 07:00:00,9.215,23.621113
2020-05-23 07:15:00,9.215,23.465662
2020-05-23 07:30:00,9.708,23.596685
2020-05-23 07:45:00,9.356,23.54353
2020-05-23 08:00:00,9.849,23.531572
2020-05-23 08:15:00,9.919,23.665743
2020-05-23 08:30:00,9.849,23.670849
2020-05-23 08:45:00,9.004,23.62766
2020-05-23 09:00:00,9.004,23.67329
2020-05-23 09:15:00,9.075,23.658913
2020-05-23 09:30:00,8.934,23.713118
2020-05-23 09:45:00,9.215,23.709787
2020-05-23 10:00:00,9.286,23.702347
2020-05-23 10:15:00,9.286,23.798067
2020-05-23 10:30:00,9.638,23.936964
2020-05-23 10:45:00,9.497,23.939829
2020-05-23 11:00:00,9.567,23.980694
2020-05-23 11:15:00,9.286,24.17069
2020-05-23 11:30:00,9.497,24.389679
2020-05-23 11:45:00,9.145,24.491938
2020-05-23 12:00:00,9.215,24.567484
2020-05-23 12:15:00,9.356,24.6538
2020-05-23 12:30:00,9.286,24.585472
2020-05-23 12:45:00,9.215,24.403902
2020-05-23 13:00:00,9.215,24.32943
2020-05-23 13:15:00,9.497,24.255384
2020-05-23 13:30:00,10.06,24.348999
2020-05-23 13:45:00,9.919,24.236086
2020-05-23 14:00:00,10.482,24.201899
2020-05-23 14:15:00,10.341,24.119795
2020-05-23 14:30:00,10.763,24.228956
2020-05-23 14:45:00,11.537,24.177807
2020-05-23 15:00:00,11.959,24.06058
2020-05-23 15:15:00,11.678,23.955893
2020-05-23 15:30:00,11.748,23.960436
2020-05-23 15:45:00,12.1,23.78151
2020-05-23 16:00:00,11.678,23.688534
2020-05-23 16:15:00,11.467,23.63996
2020-05-23 16:30:00,12.029,23.497047
2020-05-23 16:45:00,11.818,23.31392
2020-05-23 17:00:00,11.678,23.161823
2020-05-23 17:15:00,11.537,23.037868
2020-05-23 17:30:00,11.467,22.915703
2020-05-23 17:45:00,11.818,22.738272
2020-05-23 18:00:00,11.467,22.61944
2020-05-23 18:15:00,11.256,22.5448
2020-05-23 18:30:00,10.552,22.499914
2020-05-23 18:45:00,10.482,22.348675
2020-05-23 19:00:00,9.919,22.25522
2020-05-23 19:15:00,9.849,22.209763
2020-05-23 19:30:00,9.638,22.199589
2020-05-23 19:45:00,9.567,22.08358
2020-05-23 20:00:00,9.497,22.03288
2020-05-23 20:15:00,9.567,22.01437
2020-05-23 20:30:00,9.286,22.04372
2020-05-23 20:45:00,9.497,21.959158
2020-05-23 21:00:00,9.426,21.943346
2020-05-23 21:15:00,9.497,21.953321
2020-05-23 21:30:00,9.145,22.006042
2020-05-23 21:45:00,9.215,21.948757
2020-05-23 22:00:00,9.286,21.948692
2020-05-23 22:15:00,9.286,21.928505
2020-05-23 22:30:00,9.215,21.998428
2020-05-23 22:45:00,8.934,22.048677
2020-05-23 23:00:00,8.793,22.066711
2020-05-23 23:15:00,8.723,22.257246
2020-05-23 23:30:00,8.723,22.416292
2020-05-23 23:45:00,8.512,22.595562
2020-05-24 00:00:00,8.442,22.799587
2020-05-24 00:15:00,8.512,23.040249
2020-05-24 00:30:00,8.582,21.430904
2020-05-24 00:45:00,8.582,22.320608
2020-05-24 01:00:00,8.723,22.06454
2020-05-24 01:15:00,8.371,21.094254
2020-05-24 01:30:00,8.653,21.309435
2020-05-24 01:45:00,8.301,21.453072
2020-05-24 02:00:00,8.371,21.539183
2020-05-24 02:15:00,8.371,21.665623
2020-05-24 02:30:00,8.371,21.77202
2020-05-24 02:45:00,8.231,21.749105
2020-05-24 03:00:00,8.301,21.897505
2020-05-24 03:15:00,8.301,22.035841
2020-05-24 03:30:00,8.16,22.202028
2020-05-24 03:45:00,8.231,22.191196
2020-05-24 04:00:00,8.231,22.22512
2020-05-24 04:15:00,8.02,22.340721
2020-05-24 04:30:00,7.949,22.41982
2020-05-24 04:45:00,8.231,22.40791
2020-05-24 05:00:00,8.16,22.377335
2020-05-24 05:15:00,8.442,22.477142
2020-05-24 05:30:00,8.301,22.565042
2020-05-24 05:45:00,8.09,22.516655
2020-05-24 06:00:00,8.512,22.574026
2020-05-24 06:15:00,8.723,22.5631
2020-05-24 06:30:00,8.934,22.606293
2020-05-24 06:45:00,8.864,22.481915
2020-05-24 07:00:00,9.145,22.393576
2020-05-24 07:15:00,9.286,22.276236
2020-05-24 07:30:00,9.286,22.274408
2020-05-24 07:45:00,9.215,22.351856
2020-05-24 08:00:00,9.286,22.282814
2020-05-24 08:15:00,9.567,22.3116
2020-05-24 08:30:00,9.286,22.358067
2020-05-24 08:45:00,9.567,22.155842
2020-05-24 09:00:00,9.638,22.203068
2020-05-24 09:15:00,9.286,22.170872
2020-05-24 09:30:00,9.497,22.226212
2020-05-24 09:45:00,8.582,22.243286
2020-05-24 10:00:00,8.864,22.307453
2020-05-24 10:15:00,9.075,22.510584
2020-05-24 10:30:00,9.215,22.654886
2020-05-24 10:45:00,9.426,22.700811
2020-05-24 11:00:00,9.567,22.744919
2020-05-24 11:15:00,9.567,22.788414
2020-05-24 11:30:00,9.497,22.89657
2020-05-24 11:45:00,9.567,22.95103
2020-05-24 12:00:00,9.497,22.955183
2020-05-24 12:15:00,9.567,22.94381
2020-05-24 12:30:00,9.215,22.870625
2020-05-24 12:45:00,8.864,22.747282
2020-05-24 13:00:00,9.075,22.705578
2020-05-24 13:15:00,9.567,22.837582
2020-05-24 13:30:00,9.919,23.20535
2020-05-24 13:45:00,9.849,23.181805
2020-05-24 14:00:00,9.778,23.289253
2020-05-24 14:15:00,10.341,23.38895
2020-05-24 14:30:00,10.2,23.445303
2020-05-24 14:45:00,10.693,23.53366
2020-05-24 15:00:00,11.185,23.555248
2020-05-24 15:15:00,11.396,23.675581
2020-05-24 15:30:00,11.678,23.853737
2020-05-24 15:45:00,11.256,23.764074
2020-05-24 16:00:00,10.763,23.840395
2020-05-24 16:15:00,10.482,23.817951
2020-05-24 16:30:00,10.482,23.714828
2020-05-24 16:45:00,10.271,23.591642
2020-05-24 17:00:00,9.919,23.525532
2020-05-24 17:15:00,10.271,23.34814
2020-05-24 17:30:00,10.2,23.333843
2020-05-24 17:45:00,10.482,23.207344
2020-05-24 18:00:00,10.341,23.159779
2020-05-24 18:15:00,10.2,23.068304
2020-05-24 18:30:00,10.2,22.995443
2020-05-24 18:45:00,10.13,22.793533
2020-05-24 19:00:00,9.919,22.651302
2020-05-24 19:15:00,9.989,22.564476
2020-05-24 19:30:00,10.13,22.475296
2020-05-24 19:45:00,9.778,22.326908
2020-05-24 20:00:00,9.919,22.22873
2020-05-24 20:15:00,9.919,22.20617
2020-05-24 20:30:00,9.567,22.214474
2020-05-24 20:45:00,9.567,22.086649
2020-05-24 21:00:00,9.426,22.044498
2020-05-24 21:15:00,9.356,22.012794
2020-05-24 21:30:00,9.426,21.992195
2020-05-24 21:45:00,9.426,21.953259
2020-05-24 22:00:00,9.356,22.005516
2020-05-24 22:15:00,9.286,22.176533
2020-05-24 22:30:00,9.215,22.478434
2020-05-24 22:45:00,9.215,22.600449
2020-05-24 23:00:00,9.215,22.78888
2020-05-24 23:15:00,9.145,23.067032
2020-05-24 23:30:00,9.075,23.524338
2020-05-24 23:45:00,8.864,23.856495
2020-05-25 00:00:00,8.723,24.174086
2020-05-25 00:15:00,8.653,24.506008
2020-05-25 00:30:00,8.582,22.841373
2020-05-25 00:45:00,8.723,23.836971
2020-05-25 01:00:00,8.512,23.647797
2020-05-25 01:15:00,8.512,22.854982
2020-05-25 01:30:00,8.653,23.21214
2020-05-25 01:45:00,8.723,23.41127
2020-05-25 02:00:00,8.653,23.693909
2020-05-25 02:15:00,8.653,23.927355
2020-05-25 02:30:00,8.793,24.147762
2020-05-25 02:45:00,8.653,24.065384
2020-05-25 03:00:00,7.738,24.128115
2020-05-25 03:15:00,8.09,24.11628
2020-05-25 03:30:00,8.16,24.10397
2020-05-25 03:45:00,8.231,24.231436
2020-05-25 04:00:00,8.512,24.382698
2020-05-25 04:15:00,8.723,24.475819
2020-05-25 04:30:00,8.934,24.54289
2020-05-25 04:45:00,8.934,24.40022
2020-05-25 05:00:00,9.004,24.166452
2020-05-25 05:15:00,9.145,24.124502
2020-05-25 05:30:00,9.426,24.103617
2020-05-25 05:45:00,9.215,24.013245
2020-05-25 06:00:00,9.145,24.101484
2020-05-25 06:15:00,9.075,24.241774
2020-05-25 06:30:00,9.286,24.36394
2020-05-25 06:45:00,9.215,24.247675
2020-05-25 07:00:00,9.426,24.074106
2020-05-25 07:15:00,8.934,23.971184
2020-05-25 07:30:00,9.075,24.11424
2020-05-25 07:45:00,9.215,24.149412
2020-05-25 08:00:00,9.145,24.211725
2020-05-25 08:15:00,9.286,24.317099
2020-05-25 08:30:00,9.497,24.402899
2020-05-25 08:45:00,9.426,24.339602
2020-05-25 09:00:00,9.778,24.273764
2020-05-25 09:15:00,9.567,24.238407
2020-05-25 09:30:00,9.638,24.2965
2020-05-25 09:45:00,9.919,24.26862
2020-05-25 10:00:00,9.919,24.230873
2020-05-25 10:15:00,9.919,24.16781
2020-05-25 10:30:00,9.989,24.074583
2020-05-25 10:45:00,9.567,23.91113
2020-05-25 11:00:00,9.426,23.88533
2020-05-25 11:15:00,9.497,23.915876
2020-05-25 11:30:00,9.286,23.78102
2020-05-25 11:45:00,9.145,23.539677
2020-05-25 12:00:00,9.215,23.403656
2020-05-25 12:15:00,9.356,23.251795
2020-05-25 12:30:00,9.215,23.193245
2020-05-25 12:45:00,9.356,23.063213
2020-05-25 13:00:00,9.215,22.916569
2020-05-25 13:15:00,9.356,22.89764
2020-05-25 13:30:00,9.075,23.075218
2020-05-25 13:45:00,8.864,23.14715
2020-05-25 14:00:00,8.864,23.271435
2020-05-25 14:15:00,8.864,23.266304
2020-05-25 14:30:00,8.723,23.272179
2020-05-25 14:45:00,8.793,23.167915
2020-05-25 15:00:00,8.653,23.128735
2020-05-25 15:15:00,8.582,23.266537
2020-05-25 15:30:00,8.653,23.361029
2020-05-25 15:45:00,8.653,23.257833
2020-05-25 16:00:00,8.512,23.326557
2020-05-25 16:15:00,8.582,23.363663
2020-05-25 16:30:00,8.512,23.428944
2020-05-25 16:45:00,8.864,23.388783
2020-05-25 17:00:00,8.864,23.261696
2020-05-25 17:15:00,4.995,23.24133
2020-05-25 17:30:00,5.206,23.255522
2020-05-25 17:45:00,5.065,23.17378
2020-05-25 18:00:00,5.979,23.121159
2020-05-25 18:15:00,5.628,23.059093
2020-05-25 18:30:00,5.346,22.995066
2020-05-25 18:45:00,6.191,22.876598
2020-05-25 19:00:00,6.824,22.817266
2020-05-25 19:15:00,7.316,22.764412
2020-05-25 19:30:00,7.316,22.687553
2020-05-25 19:45:00,7.035,22.489439
2020-05-25 20:00:00,5.768,22.371061
2020-05-25 20:15:00,5.487,22.284973
2020-05-25 20:30:00,5.979,22.313538
2020-05-25 20:45:00,5.698,22.219046
2020-05-25 21:00:00,6.261,22.168861
2020-05-25 21:15:00,6.331,22.178146
2020-05-25 21:30:00,6.824,22.195238
2020-05-25 21:45:00,6.12,22.110458
2020-05-25 22:00:00,5.698,22.10013
2020-05-25 22:15:00,5.557,22.103268
2020-05-25 22:30:00,6.261,22.08948
2020-05-25 22:45:00,6.542,21.919603
2020-05-25 23:00:00,6.261,21.959522
2020-05-25 23:15:00,6.753,22.233166
2020-05-25 23:30:00,6.824,22.458529
2020-05-25 23:45:00,6.964,22.54065
2020-05-26 00:00:00,7.527,22.708569
2020-05-26 00:15:00,7.597,22.939564
2020-05-26 00:30:00,7.738,21.236897
2020-05-26 00:45:00,8.09,22.161968
2020-05-26 01:00:00,8.09,21.687355
2020-05-26 01:15:00,7.668,20.548357
2020-05-26 01:30:00,8.371,20.791855
2020-05-26 01:45:00,7.457,20.741356
2020-05-26 02:00:00,7.457,20.966267
2020-05-26 02:15:00,7.316,21.052711
2020-05-26 02:30:00,7.879,21.0989
2020-05-26 02:45:00,7.527,21.175722
2020-05-26 03:00:00,7.527,21.096468
2020-05-26 03:15:00,8.301,21.023182
2020-05-26 03:30:00,8.723,21.08389
2020-05-26 03:45:00,8.09,21.035818
2020-05-26 04:00:00,8.231,21.01062
2020-05-26 04:15:00,7.457,21.155178
2020-05-26 04:30:00,7.316,21.217415
2020-05-26 04:45:00,7.809,21.116741
2020-05-26 05:00:00,8.512,21.119648
2020-05-26 05:15:00,8.582,21.156597
2020-05-26 05:30:00,8.512,21.263605
2020-05-26 05:45:00,8.301,21.362778
2020-05-26 06:00:00,8.512,21.51934
2020-05-26 06:15:00,8.16,21.639229
2020-05-26 06:30:00,8.582,21.79353
2020-05-26 06:45:00,9.145,21.922043
2020-05-26 07:00:00,8.371,22.172503
2020-05-26 07:15:00,7.949,22.497173
2020-05-26 07:30:00,7.879,22.855696
2020-05-26 07:45:00,7.668,23.042658
2020-05-26 08:00:00,7.597,23.27332
2020-05-26 08:15:00,7.949,23.539078
2020-05-26 08:30:00,8.371,23.77168
2020-05-26 08:45:00,8.512,23.891994
2020-05-26 09:00:00,8.442,24.180948
2020-05-26 09:15:00,7.738,24.357502
2020-05-26 09:30:00,7.668,24.611502
2020-05-26 09:45:00,7.879,24.803293
2020-05-26 10:00:00,8.16,24.97365
2020-05-26 10:15:00,7.738,25.212154
2020-05-26 10:30:00,8.09,25.42393
2020-05-26 10:45:00,8.301,25.360529
2020-05-26 11:00:00,8.301,25.450947
2020-05-26 11:15:00,8.582,25.54131
2020-05-26 11:30:00,9.075,25.594893
2020-05-26 11:45:00,8.864,25.539316
2020-05-26 12:00:00,8.723,25.5367
2020-05-26 12:15:00,8.723,25.612032
2020-05-26 12:30:00,8.723,25.611311
2020-05-26 12:45:00,8.934,25.471552
2020-05-26 13:00:00,9.426,25.433386
2020-05-26 13:15:00,9.567,25.379671
2020-05-26 13:30:00,9.075,25.415485
2020-05-26 13:45:00,9.497,25.33095
2020-05-26 14:00:00,9.215,25.258621
2020-05-26 14:15:00,9.215,25.315279
2020-05-26 14:30:00,9.286,25.401636
2020-05-26 14:45:00,9.286,25.385614
2020-05-26 15:00:00,9.356,25.498816
2020-05-26 15:15:00,9.075,25.5912
2020-05-26 15:30:00,9.356,25.637892
2020-05-26 15:45:00,9.215,25.572605
2020-05-26 16:00:00,9.426,25.436369
2020-05-26 16:15:00,9.286,25.349833
2020-05-26 16:30:00,9.286,25.315132
2020-05-26 16:45:00,9.075,25.195902
2020-05-26 17:00:00,9.075,25.246714
2020-05-26 17:15:00,9.215,25.241255
2020-05-26 17:30:00,8.934,25.297403
2020-05-26 17:45:00,8.934,25.182615
2020-05-26 18:00:00,8.864,25.010298
2020-05-26 18:15:00,9.075,24.865335
2020-05-26 18:30:00,8.723,24.714922
2020-05-26 18:45:00,8.864,24.491693
2020-05-26 19:00:00,8.934,24.338696
2020-05-26 19:15:00,8.442,24.251865
2020-05-26 19:30:00,8.301,24.151606
2020-05-26 19:45:00,8.16,23.943228
2020-05-26 20:00:00,8.371,23.790245
2020-05-26 20:15:00,8.793,23.663126
2020-05-26 20:30:00,9.004,23.627548
2020-05-26 20:45:00,9.286,23.489735
2020-05-26 21:00:00,9.426,23.393631
2020-05-26 21:15:00,9.145,23.315533
2020-05-26 21:30:00,9.075,23.248302
2020-05-26 21:45:00,8.934,23.096298
2020-05-26 22:00:00,8.864,23.170977
2020-05-26 22:15:00,9.286,23.315008
2020-05-26 22:30:00,9.356,23.505829
2020-05-26 22:45:00,9.215,23.598341
2020-05-26 23:00:00,9.004,23.581438
2020-05-26 23:15:00,8.723,23.736534
2020-05-26 23:30:00,8.371,24.165745
2020-05-26 23:45:00,8.442,24.36583
2020-05-27 00:00:00,8.371,24.597036
2020-05-27 00:15:00,8.442,24.827517
2020-05-27 00:30:00,8.582,22.974407
2020-05-27 00:45:00,8.371,23.703695
2020-05-27 01:00:00,8.864,23.255095
2020-05-27 01:15:00,9.004,22.099583
2020-05-27 01:30:00,9.075,22.232563
2020-05-27 01:45:00,9.497,22.278698
2020-05-27 02:00:00,9.426,22.564476
2020-05-27 02:15:00,9.426,22.866123
2020-05-27 02:30:00,9.426,23.136335
2020-05-27 02:45:00,9.075,23.194557
2020-05-27 03:00:00,9.215,23.2233
2020-05-27 03:15:00,9.145,23.316738
2020-05-27 03:30:00,9.215,23.310528
2020-05-27 03:45:00,9.497,23.269463
2020-05-27 04:00:00,9.426,23.152166
2020-05-27 04:15:00,9.708,23.198112
2020-05-27 04:30:00,10.13,23.322083
2020-05-27 04:45:00,9.356,23.312996
2020-05-27 05:00:00,9.356,23.446241
2020-05-27 05:15:00,9.356,23.449821
2020-05-27 05:30:00,9.497,23.655712
2020-05-27 05:45:00,9.286,23.691715
2020-05-27 06:00:00,9.919,23.792046
2020-05-27 06:15:00,9.849,23.880793
2020-05-27 06:30:00,9.708,23.983694
2020-05-27 06:45:00,9.215,23.958904
2020-05-27 07:00:00,9.778,23.981443
2020-05-27 07:15:00,9.567,24.139544
2020-05-27 07:30:00,9.075,24.28134
2020-05-27 07:45:00,9.426,24.137064
2020-05-27 08:00:00,9.286,24.055763
2020-05-27 08:15:00,9.426,24.206749
2020-05-27 08:30:00,8.864,24.278002
2020-05-27 08:45:00,9.426,24.249367
2020-05-27 09:00:00,9.567,24.09252
2020-05-27 09:15:00,9.497,23.931055
2020-05-27 09:30:00,9.497,23.976515
2020-05-27 09:45:00,9.638,23.890759
2020-05-27 10:00:00,9.567,23.980194
2020-05-27 10:15:00,9.215,23.89397
2020-05-27 10:30:00,9.567,23.817204
2020-05-27 10:45:00,9.638,23.789326
2020-05-27 11:00:00,9.215,23.66903
2020-05-27 11:15:00,9.497,23.665485
2020-05-27 11:30:00,9.778,23.60459
2020-05-27 11:45:00,9.919,23.415432
2020-05-27 12:00:00,10.13,23.408413
2020-05-27 12:15:00,9.778,23.423162
2020-05-27 12:30:00,10.06,23.333672
2020-05-27 12:45:00,10.271,23.175758
2020-05-27 13:00:00,10.763,23.142178
2020-05-27 13:15:00,10.411,23.243965
2020-05-27 13:30:00,10.482,23.348679
2020-05-27 13:45:00,10.693,23.280703
2020-05-27 14:00:00,10.622,23.283161
2020-05-27 14:15:00,10.763,23.252735
2020-05-27 14:30:00,10.904,23.325153
2020-05-27 14:45:00,11.044,23.327803
2020-05-27 15:00:00,11.537,23.343815
2020-05-27 15:15:00,11.326,23.495192
2020-05-27 15:30:00,11.537,23.71716
2020-05-27 15:45:00,11.115,23.756912
2020-05-27 16:00:00,11.607,23.866919
2020-05-27 16:15:00,11.959,23.857239
2020-05-27 16:30:00,11.748,23.826813
2020-05-27 16:45:00,11.678,23.656881
2020-05-27 17:00:00,11.326,23.505962
2020-05-27 17:15:00,11.185,23.449425
2020-05-27 17:30:00,11.607,23.371727
2020-05-27 17:45:00,11.396,23.256647
2020-05-27 18:00:00,11.467,23.218039
2020-05-27 18:15:00,11.185,23.19147
2020-05-27 18:30:00,10.974,23.233982
2020-05-27 18:45:00,10.552,23.015133
2020-05-27 19:00:00,10.482,22.908752
2020-05-27 19:15:00,10.06,22.837898
2020-05-27 19:30:00,10.13,22.739109
2020-05-27 19:45:00,10.13,22.559162
2020-05-27 20:00:00,10.13,22.425312
2020-05-27 20:15:00,9.919,22.354713
2020-05-27 20:30:00,9.919,22.375763
2020-05-27 20:45:00,9.778,22.280876
2020-05-27 21:00:00,9.919,22.269936
2020-05-27 21:15:00,9.778,22.243847
2020-05-27 21:30:00,9.919,22.212101
2020-05-27 21:45:00,9.989,22.082802
2020-05-27 22:00:00,9.849,22.11672
2020-05-27 22:15:00,9.708,22.31167
2020-05-27 22:30:00,9.778,22.62429
2020-05-27 22:45:00,9.989,22.716118
2020-05-27 23:00:00,10.2,22.740564
2020-05-27 23:15:00,10.411,22.925236
2020-05-27 23:30:00,10.13,23.109554
2020-05-27 23:45:00,10.13,23.244366
2020-05-28 00:00:00,10.06,23.413288
2020-05-28 00:15:00,10.2,23.492653
2020-05-28 00:30:00,9.919,21.635595
2020-05-28 00:45:00,9.708,22.280102
2020-05-28 01:00:00,10.13,21.806381
2020-05-28 01:15:00,9.778,20.770138
2020-05-28 01:30:00,9.638,20.874393
2020-05-28 01:45:00,9.849,20.993107
2020-05-28 02:00:00,10.13,21.114733
2020-05-28 02:15:00,9.919,21.296873
2020-05-28 02:30:00,9.919,21.600574
2020-05-28 02:45:00,10.06,21.744482
2020-05-28 03:00:00,9.919,21.898293
2020-05-28 03:15:00,9.989,21.957241
2020-05-28 03:30:00,9.778,22.162594
2020-05-28 03:45:00,9.778,22.263748
2020-05-28 04:00:00,9.708,22.4205
2020-05-28 04:15:00,9.145,22.603004
2020-05-28 04:30:00,9.426,22.778763
2020-05-28 04:45:00,9.778,22.723732
2020-05-28 05:00:00,9.919,22.757372
2020-05-28 05:15:00,10.13,22.824043
2020-05-28 05:30:00,10.482,22.91459
2020-05-28 05:45:00,10.271,22.90508
2020-05-28 06:00:00,10.2,22.960491
2020-05-28 06:15:00,10.482,23.034458
2020-05-28 06:30:00,10.482,23.070799
2020-05-28 06:45:00,10.552,23.089151
2020-05-28 07:00:00,10.974,23.007814
2020-05-28 07:15:00,10.904,22.93614
2020-05-28 07:30:00,10.482,22.972618
2020-05-28 07:45:00,10.2,22.932163
2020-05-28 08:00:00,10.482,23.006126
2020-05-28 08:15:00,10.552,23.156544
2020-05-28 08:30:00,10.482,23.380013
2020-05-28 08:45:00,10.271,23.402275
2020-05-28 09:00:00,10.411,23.496513
2020-05-28 09:15:00,10.341,23.651285
2020-05-28 09:30:00,10.13,23.803585
2020-05-28 09:45:00,10.2,23.89239
2020-05-28 10:00:00,10.271,24.007214
2020-05-28 10:15:00,10.482,24.021547
2020-05-28 10:30:00,10.2,24.07799
2020-05-28 10:45:00,10.552,24.019768
2020-05-28 11:00:00,10.693,23.996906
2020-05-28 11:15:00,10.622,24.023127
2020-05-28 11:30:00,10.622,24.077745
2020-05-28 11:45:00,10.693,24.012327
2020-05-28 12:00:00,10.552,24.049623
2020-05-28 12:15:00,10.482,24.067364
2020-05-28 12:30:00,10.482,23.993795
2020-05-28 12:45:00,10.622,23.850561
2020-05-28 13:00:00,10.693,23.608105
2020-05-28 13:15:00,11.044,23.509819
2020-05-28 13:30:00,11.326,23.574549
2020-05-28 13:45:00,11.326,23.560486
2020-05-28 14:00:00,11.326,23.711636
2020-05-28 14:15:00,11.678,23.805904
2020-05-28 14:30:00,11.326,23.966078
2020-05-28 14:45:00,11.678,24.02976
2020-05-28 15:00:00,11.959,24.093029
2020-05-28 15:15:00,11.889,24.213602
2020-05-28 15:30:00,12.029,24.391657
2020-05-28 15:45:00,11.678,24.381262
2020-05-28 16:00:00,11.537,24.310915
2020-05-28 16:15:00,11.537,24.282911
2020-05-28 16:30:00,11.537,24.250334
2020-05-28 16:45:00,11.678,24.201859
2020-05-28 17:00:00,11.467,24.300978
2020-05-28 17:15:00,11.748,24.349894
2020-05-28 17:30:00,11.607,24.399153
2020-05-28 17:45:00,11.537,24.337053
2020-05-28 18:00:00,11.256,24.24348
2020-05-28 18:15:00,11.185,24.20101
2020-05-28 18:30:00,11.185,24.101513
2020-05-28 18:45:00,10.833,23.903053
2020-05-28 19:00:00,11.115,23.828339
2020-05-28 19:15:00,10.904,23.756908
2020-05-28 19:30:00,10.904,23.620544
2020-05-28 19:45:00,10.833,23.36977
2020-05-28 20:00:00,10.763,23.145842
2020-05-28 20:15:00,10.833,23.009438
2020-05-28 20:30:00,10.833,22.948994
2020-05-28 20:45:00,10.622,22.768223
2020-05-28 21:00:00,10.693,22.6604
2020-05-28 21:15:00,10.622,22.586918
2020-05-28 21:30:00,10.622,22.581867
2020-05-28 21:45:00,10.763,22.504192
2020-05-28 22:00:00,10.763,22.56813
2020-05-28 22:15:00,10.693,22.731457
2020-05-28 22:30:00,10.622,23.109892
2020-05-28 22:45:00,10.763,23.301205
2020-05-28 23:00:00,10.552,23.491451
2020-05-28 23:15:00,10.482,23.764881
2020-05-28 23:30:00,10.411,23.928993
2020-05-28 23:45:00,10.693,24.054651
2020-05-29 00:00:00,10.622,24.191698
2020-05-29 00:15:00,10.482,24.36704
2020-05-29 00:30:00,10.482,22.593718
2020-05-29 00:45:00,10.622,23.477207
2020-05-29 01:00:00,10.482,23.16125
2020-05-29 01:15:00,10.482,22.288765
2020-05-29 01:30:00,10.622,22.511892
2020-05-29 01:45:00,10.693,22.484634
2020-05-29 02:00:00,10.482,22.534773
2020-05-29 02:15:00,10.552,22.6055
2020-05-29 02:30:00,10.482,22.75798
2020-05-29 02:45:00,10.482,22.845833
2020-05-29 03:00:00,10.693,22.98749
2020-05-29 03:15:00,10.622,23.071377
2020-05-29 03:30:00,10.693,23.230442
2020-05-29 03:45:00,10.833,23.266245
2020-05-29 04:00:00,10.833,23.43333
2020-05-29 04:15:00,10.833,23.590776
2020-05-29 04:30:00,10.763,23.692509
2020-05-29 04:45:00,10.693,23.618126
2020-05-29 05:00:00,10.693,23.646263
2020-05-29 05:15:00,10.622,23.728863
2020-05-29 05:30:00,10.693,23.84288
2020-05-29 05:45:00,10.833,23.95424
2020-05-29 06:00:00,10.763,24.133247
2020-05-29 06:15:00,10.833,24.27792
2020-05-29 06:30:00,10.833,24.391064
2020-05-29 06:45:00,10.833,24.269365
2020-05-29 07:00:00,10.693,24.123259
2020-05-29 07:15:00,10.693,23.995832
2020-05-29 07:30:00,11.115,24.040667
2020-05-29 07:45:00,11.326,23.989666
2020-05-29 08:00:00,11.678,23.977781
2020-05-29 08:15:00,11.607,24.020214
2020-05-29 08:30:00,11.889,24.024231
2020-05-29 08:45:00,12.029,23.940119
2020-05-29 09:00:00,11.748,23.949783
2020-05-29 09:15:00,11.889,23.982399
2020-05-29 09:30:00,11.889,24.060905
2020-05-29 09:45:00,11.748,23.880611
2020-05-29 10:00:00,11.818,23.8312
2020-05-29 10:15:00,12.029,23.841658
2020-05-29 10:30:00,11.818,23.817749
2020-05-29 10:45:00,11.818,23.876072
2020-05-29 11:00:00,11.889,23.88588
2020-05-29 11:15:00,12.1,23.939447
2020-05-29 11:30:00,11.467,24.097736
2020-05-29 11:45:00,11.748,24.001848
2020-05-29 12:00:00,12.029,24.081873
2020-05-29 12:15:00,11.818,24.04318
2020-05-29 12:30:00,11.818,24.044657
2020-05-29 12:45:00,11.748,23.814783
2020-05-29 13:00:00,11.818,23.696236
2020-05-29 13:15:00,11.889,23.66682
2020-05-29 13:30:00,12.1,23.752056
2020-05-29 13:45:00,12.24,23.73544
2020-05-29 14:00:00,12.381,23.753872
2020-05-29 14:15:00,12.381,23.733553
2020-05-29 14:30:00,11.889,23.721844
2020-05-29 14:45:00,11.748,23.742525
2020-05-29 15:00:00,11.607,23.694832
2020-05-29 15:15:00,11.678,23.778605
2020-05-29 15:30:00,11.537,23.822529
2020-05-29 15:45:00,11.678,23.714859
2020-05-29 16:00:00,11.326,23.649433
2020-05-29 16:15:00,11.396,23.64377
2020-05-29 16:30:00,11.326,23.657986
2020-05-29 16:45:00,11.256,23.571327
2020-05-29 17:00:00,11.607,23.584597
2020-05-29 17:15:00,11.467,23.62846
2020-05-29 17:30:00,11.115,23.685946
2020-05-29 17:45:00,10.763,23.638645
2020-05-29 18:00:00,10.904,23.590998
2020-05-29 18:15:00,10.833,23.54079
2020-05-29 18:30:00,11.044,23.547873
2020-05-29 18:45:00,10.904,23.43645
2020-05-29 19:00:00,10.763,23.365696
2020-05-29 19:15:00,10.833,23.289457
2020-05-29 19:30:00,10.904,23.17947
2020-05-29 19:45:00,10.693,22.954964
2020-05-29 20:00:00,10.341,22.794094
2020-05-29 20:15:00,10.482,22.666481
2020-05-29 20:30:00,9.426,22.644398
2020-05-29 20:45:00,9.567,22.509169
2020-05-29 21:00:00,9.638,22.415945
2020-05-29 21:15:00,9.778,22.357857
2020-05-29 21:30:00,10.271,22.341606
2020-05-29 21:45:00,9.989,22.27603
2020-05-29 22:00:00,10.411,22.328342
2020-05-29 22:15:00,10.341,22.423042
2020-05-29 22:30:00,10.271,22.69643
2020-05-29 22:45:00,10.13,22.897055
2020-05-29 23:00:00,10.13,23.097673
2020-05-29 23:15:00,10.271,23.367287
2020-05-29 23:30:00,10.271,23.709192
2020-05-29 23:45:00,10.763,23.82471
2020-05-30 00:00:00,9.919,23.975649
2020-05-30 00:15:00,10.482,24.311556
2020-05-30 00:30:00,9.919,22.774426
2020-05-30 00:45:00,10.06,23.726976
2020-05-30 01:00:00,10.13,23.41838
2020-05-30 01:15:00,9.919,22.52222
2020-05-30 01:30:00,10.06,22.713116
2020-05-30 01:45:00,9.849,22.851658
2020-05-30 02:00:00,9.778,23.056871
2020-05-30 02:15:00,9.849,23.2481
2020-05-30 02:30:00,10.13,23.533813
2020-05-30 02:45:00,10.13,23.506058
2020-05-30 03:00:00,10.2,23.528801
2020-05-30 03:15:00,10.271,23.573448
2020-05-30 03:30:00,9.708,23.65641
2020-05-30 03:45:00,9.919,23.788918
2020-05-30 04:00:00,9.778,23.895485
2020-05-30 04:15:00,10.06,23.947401
2020-05-30 04:30:00,9.638,24.09575
2020-05-30 04:45:00,9.567,24.004875
2020-05-30 05:00:00,9.145,23.981089
2020-05-30 05:15:00,9.426,24.058273
2020-05-30 05:30:00,9.708,24.092789
2020-05-30 05:45:00,10.2,24.031542
2020-05-30 06:00:00,9.989,24.049477
2020-05-30 06:15:00,9.919,24.021887
2020-05-30 06:30:00,10.2,24.180365
2020-05-30 06:45:00,10.482,24.143587
2020-05-30 07:00:00,10.552,24.09273
2020-05-30 07:15:00,10.271,24.004663
2020-05-30 07:30:00,10.552,23.93098
2020-05-30 07:45:00,10.552,23.869202
2020-05-30 08:00:00,10.904,23.90291
2020-05-30 08:15:00,10.833,23.973902
2020-05-30 08:30:00,10.974,24.031925
2020-05-30 08:45:00,11.256,23.992224
2020-05-30 09:00:00,11.467,23.955004
2020-05-30 09:15:00,11.467,23.835732
2020-05-30 09:30:00,11.396,23.810108
2020-05-30 09:45:00,11.678,23.771038
2020-05-30 10:00:00,11.537,23.703196
2020-05-30 10:15:00,11.537,23.57812
2020-05-30 10:30:00,11.537,23.657578
2020-05-30 10:45:00,11.678,23.527773
2020-05-30 11:00:00,11.607,23.59014
2020-05-30 11:15:00,11.467,23.709003
2020-05-30 11:30:00,11.678,23.831
2020-05-30 11:45:00,11.889,23.739891
2020-05-30 12:00:00,11.678,23.674744
2020-05-30 12:15:00,11.818,23.634375
2020-05-30 12:30:00,11.748,23.569843
2020-05-30 12:45:00,11.537,23.446941
2020-05-30 13:00:00,11.537,23.400963
2020-05-30 13:15:00,11.537,23.379906
2020-05-30 13:30:00,11.326,23.409615
2020-05-30 13:45:00,11.537,23.38322
2020-05-30 14:00:00,11.678,23.414162
2020-05-30 14:15:00,11.326,23.465286
2020-05-30 14:30:00,11.889,23.603405
2020-05-30 14:45:00,11.607,23.559328
2020-05-30 15:00:00,12.029,23.682688
2020-05-30 15:15:00,12.029,23.772724
2020-05-30 15:30:00,12.029,23.831234
2020-05-30 15:45:00,11.607,23.814957
2020-05-30 16:00:00,11.326,23.742249
2020-05-30 16:15:00,11.256,23.729813
2020-05-30 16:30:00,11.678,23.73069
2020-05-30 16:45:00,11.256,23.669884
2020-05-30 17:00:00,11.256,23.680664
2020-05-30 17:15:00,11.185,23.665388
2020-05-30 17:30:00,10.833,23.679188
2020-05-30 17:45:00,10.974,23.629276
2020-05-30 18:00:00,10.552,23.570671
2020-05-30 18:15:00,10.482,23.46593
2020-05-30 18:30:00,10.693,23.448788
2020-05-30 18:45:00,10.693,23.296284
2020-05-30 19:00:00,10.622,23.249031
2020-05-30 19:15:00,10.552,23.227165
2020-05-30 19:30:00,10.552,23.233828
2020-05-30 19:45:00,11.115,23.164698
2020-05-30 20:00:00,10.974,23.10369
2020-05-30 20:15:00,10.552,23.111828
2020-05-30 20:30:00,10.552,23.119627
2020-05-30 20:45:00,10.341,23.013027
2020-05-30 21:00:00,10.341,23.00415
2020-05-30 21:15:00,10.482,23.06418
2020-05-30 21:30:00,10.622,23.202291
2020-05-30 21:45:00,10.622,23.19041
2020-05-30 22:00:00,10.13,23.224152
2020-05-30 22:15:00,9.708,23.309078
2020-05-30 22:30:00,9.567,23.476906
2020-05-30 22:45:00,9.567,23.51274
2020-05-30 23:00:00,9.919,23.631048
2020-05-30 23:15:00,10.13,23.667141
2020-05-30 23:30:00,10.341,23.927763
2020-05-30 23:45:00,10.411,24.139305
2020-05-31 00:00:00,10.411,24.567015
2020-05-31 00:15:00,10.411,25.077658
2020-05-31 00:30:00,10.411,23.271023
2020-05-31 00:45:00,10.411,24.137695
2020-05-31 01:00:00,10.411,23.805248
2020-05-31 01:15:00,10.411,22.824154
2020-05-31 01:30:00,10.411,23.04686
2020-05-31 01:45:00,10.411,23.155918
2020-05-31 02:00:00,10.411,23.319107
2020-05-31 02:15:00,10.411,23.515205
2020-05-31 02:30:00,10.411,23.697643
2020-05-31 02:45:00,10.411,23.740372
2020-05-31 03:00:00,10.411,23.805119
2020-05-31 03:15:00,10.411,23.86552
2020-05-31 03:30:00,10.411,23.984087
2020-05-31 03:45:00,10.411,23.990313
2020-05-31 04:00:00,10.411,24.037073
2020-05-31 04:15:00,10.411,24.112692
2020-05-31 04:30:00,10.411,24.219618
2020-05-31 04:45:00,10.411,24.217072
2020-05-31 05:00:00,10.411,24.27011
2020-05-31 05:15:00,10.411,24.351587
2020-05-31 05:30:00,10.411,24.46387
2020-05-31 05:45:00,10.411,24.466135
2020-05-31 06:00:00,10.411,24.523539
2020-05-31 06:15:00,10.411,24.608885
2020-05-31 06:30:00,10.411,24.72444
2020-05-31 06:45:00,10.411,24.729372
2020-05-31 07:00:00,10.411,24.788929
2020-05-31 07:15:00,10.411,24.87588
2020-05-31 07:30:00,10.411,24.992409
2020-05-31 07:45:00,10.411,24.997667
2020-05-31 08:00:00,10.411,25.057022
2020-05-31 08:15:00,10.411,25.143213
2020-05-31 08:30:00,10.411,25.258347
2020-05-31 08:45:00,10.411,25.261574
2020-05-31 09:00:00,10.411,25.318384
2020-05-31 09:15:00,10.411,25.401499
2020-05-31 09:30:00,10.411,25.512962
2020-05-31 09:45:00,10.411,25.511942
2020-05-31 10:00:00,10.411,25.564037
2020-05-31 10:15:00,10.411,25.64197
2020-05-31 10:30:00,10.411,25.747744
2020-05-31 10:45:00,10.411,25.740543
2020-05-31 11:00:00,10.411,25.786074
2020-05-31 11:15:00,10.411,25.857069
2020-05-31 11:30:00,10.411,25.955515
2020-05-31 11:45:00,10.411,25.940628
2020-05-31 12:00:00,10.411,25.978193
2020-05-31 12:15:00,10.411,26.040976
2020-05-31 12:30:00,10.411,26.13096
2020-05-31 12:45:00,10.411,26.1074
2020-05-31 13:00:00,10.411,26.136143
2020-05-31 13:15:00,10.411,26.189985
2020-05-31 13:30:00,10.411,26.270948
2020-05-31 13:45:00,10.411,26.238321
2020-05-31 14:00:00,10.411,26.257986
2020-05-31 14:15:00,10.411,26.302782
2020-05-31 14:30:00,10.411,26.374777
2020-05-31 14:45:00,10.411,26.333311
2020-05-31 15:00:00,10.411,26.344255
2020-05-31 15:15:00,10.411,26.38051
2020-05-31 15:30:00,10.411,26.444204
2020-05-31 15:45:00,10.411,26.394724
2020-05-31 16:00:00,10.411,26.397905
2020-05-31 16:15:00,10.411,26.426702
2020-05-31 16:30:00,10.411,26.483332
2020-05-31 16:45:00,10.411,26.427208
2020-05-31 17:00:00,10.411,26.424112
2020-05-31 17:15:00,10.411,26.44705
2020-05-31 17:30:00,10.411,26.498327
2020-05-31 17:45:00,10.411,26.437387
2020-05-31 18:00:00,10.411,26.429926
2020-05-31 18:15:00,10.411,26.449
2020-05-31 18:30:00,10.411,26.497
2020-05-31 18:45:00,10.411,26.433397
2020-05-31 19:00:00,10.411,26.423782
2020-05-31 19:15:00,10.411,26.441248
2020-05-31 19:30:00,10.411,26.488276
2020-05-31 19:45:00,10.411,26.424345
2020-05-31 20:00:00,10.411,26.414934
2020-05-31 20:15:00,10.411,26.43316
2020-05-31 20:30:00,10.411,26.48158
2020-05-31 20:45:00,10.411,26.419683
2020-05-31 21:00:00,10.411,26.412815
2020-05-31 21:15:00,10.411,26.434118
2020-05-31 21:30:00,10.411,26.486206
2020-05-31 21:45:00,10.411,26.428558
2020-05-31 22:00:00,10.411,26.426405
2020-05-31 22:15:00,10.411,26.452892
2020-05-31 22:30:00,10.411,26.510674
2020-05-31 22:45:00,10.411,26.459204
2020-05-31 23:00:00,10.411,26.463615
2020-05-31 23:15:00,10.411,26.497038
2020-05-31 23:30:00,10.411,26.562143
2020-05-31 23:45:00,10.411,26.518362
2020-06-01 00:00:00,8.512,26.530737
2020-06-01 00:15:00,8.301,26.572374
2020-06-01 00:30:00,8.371,25.148914
2020-06-01 00:45:00,8.371,26.265522
2020-06-01 01:00:00,8.512,26.08614
2020-06-01 01:15:00,8.442,25.313269
2020-06-01 01:30:00,8.512,25.380638
2020-06-01 01:45:00,8.371,25.359348
2020-06-01 02:00:00,8.231,25.440218
2020-06-01 02:15:00,8.442,25.423296
2020-06-01 02:30:00,8.16,25.49265
2020-06-01 02:45:00,8.16,25.531897
2020-06-01 03:00:00,8.301,25.725004
2020-06-01 03:15:00,8.371,25.767809
2020-06-01 03:30:00,8.512,25.84459
2020-06-01 03:45:00,8.371,25.762636
2020-06-01 04:00:00,8.371,25.756563
2020-06-01 04:15:00,8.442,25.873869
2020-06-01 04:30:00,8.16,26.066767
2020-06-01 04:45:00,8.301,26.056948
2020-06-01 05:00:00,8.231,25.99962
2020-06-01 05:15:00,8.231,26.060396
2020-06-01 05:30:00,8.442,26.232038
2020-06-01 05:45:00,8.512,26.26948
2020-06-01 06:00:00,8.582,26.414507
2020-06-01 06:15:00,8.864,26.551914
2020-06-01 06:30:00,9.145,26.647436
2020-06-01 06:45:00,9.567,26.541964
2020-06-01 07:00:00,9.426,26.636137
2020-06-01 07:15:00,10.06,26.632433
2020-06-01 07:30:00,10.411,26.626825
2020-06-01 07:45:00,10.482,26.588572
2020-06-01 08:00:00,10.833,26.687138
2020-06-01 08:15:00,10.763,26.8075
2020-06-01 08:30:00,10.693,26.929712
2020-06-01 08:45:00,10.833,26.827631
2020-06-01 09:00:00,10.482,26.794111
2020-06-01 09:15:00,10.904,26.846418
2020-06-01 09:30:00,10.552,26.864817
2020-06-01 09:45:00,9.778,26.845608
2020-06-01 10:00:00,9.778,26.966482
2020-06-01 10:15:00,9.778,27.050264
2020-06-01 10:30:00,9.638,27.32158
2020-06-01 10:45:00,9.778,27.45616
2020-06-01 11:00:00,9.849,27.621737
2020-06-01 11:15:00,9.849,27.74021
2020-06-01 11:30:00,9.708,27.866373
2020-06-01 11:45:00,9.849,27.892385
2020-06-01 12:00:00,9.919,27.947832
2020-06-01 12:15:00,9.778,27.986296
2020-06-01 12:30:00,10.2,28.042418
2020-06-01 12:45:00,9.989,27.9265
2020-06-01 13:00:00,10.411,27.787403
2020-06-01 13:15:00,10.622,27.80733
2020-06-01 13:30:00,10.622,27.75055
2020-06-01 13:45:00,10.974,27.695282
2020-06-01 14:00:00,10.904,27.726053
2020-06-01 14:15:00,11.326,27.761793
2020-06-01 14:30:00,11.326,27.751753
2020-06-01 14:45:00,11.396,27.62758
2020-06-01 15:00:00,11.678,27.548967
2020-06-01 15:15:00,12.24,27.54427
2020-06-01 15:30:00,12.029,27.614283
2020-06-01 15:45:00,11.889,27.50249
2020-06-01 16:00:00,12.029,27.443544
2020-06-01 16:15:00,12.1,27.354643
2020-06-01 16:30:00,12.029,27.300652
2020-06-01 16:45:00,12.24,27.173555
2020-06-01 17:00:00,11.889,27.085443
2020-06-01 17:15:00,11.818,27.021221
2020-06-01 17:30:00,11.889,26.996727
2020-06-01 17:45:00,11.607,26.862211
2020-06-01 18:00:00,11.326,26.764084
2020-06-01 18:15:00,11.044,26.686762
2020-06-01 18:30:00,11.044,26.594614
2020-06-01 18:45:00,10.974,26.409689
2020-06-01 19:00:00,10.904,26.315538
2020-06-01 19:15:00,10.763,26.21647
2020-06-01 19:30:00,10.693,26.117529
2020-06-01 19:45:00,10.833,25.926888
2020-06-01 20:00:00,10.833,25.788649
2020-06-01 20:15:00,10.833,25.715687
2020-06-01 20:30:00,10.482,25.759623
2020-06-01 20:45:00,10.482,25.649815
2020-06-01 21:00:00,10.482,25.615295
2020-06-01 21:15:00,10.341,25.627218
2020-06-01 21:30:00,10.552,25.643763
2020-06-01 21:45:00,10.622,25.551638
2020-06-01 22:00:00,10.411,25.535501
2020-06-01 22:15:00,9.919,25.617432
2020-06-01 22:30:00,9.849,25.723269
2020-06-01 22:45:00,10.341,25.776178
2020-06-01 23:00:00,10.271,25.9605
2020-06-01 23:15:00,10.13,26.071344
2020-06-01 23:30:00,10.06,26.264385
2020-06-01 23:45:00,9.989,26.408466
2020-06-02 00:00:00,9.989,26.64845
2020-06-02 00:15:00,10.13,26.870745
2020-06-02 00:30:00,9.919,25.074701
2020-06-02 00:45:00,9.778,25.786665
2020-06-02 01:00:00,9.567,25.238235
2020-06-02 01:15:00,9.145,24.191786
2020-06-02 01:30:00,9.356,24.335989
2020-06-02 01:45:00,9.426,24.353477
2020-06-02 02:00:00,9.215,24.428118
2020-06-02 02:15:00,9.497,24.525427
2020-06-02 02:30:00,9.286,24.594698
2020-06-02 02:45:00,9.215,24.674728
2020-06-02 03:00:00,9.215,24.78363
2020-06-02 03:15:00,9.004,24.89894
2020-06-02 03:30:00,8.934,25.123812
2020-06-02 03:45:00,8.653,25.32831
2020-06-02 04:00:00,8.512,25.36246
2020-06-02 04:15:00,8.512,25.42177
2020-06-02 04:30:00,8.653,25.644258
2020-06-02 04:45:00,9.004,25.633821
2020-06-02 05:00:00,8.934,25.846731
2020-06-02 05:15:00,8.723,25.96131
2020-06-02 05:30:00,8.934,26.036066
2020-06-02 05:45:00,8.793,26.065271
2020-06-02 06:00:00,8.934,26.169252
2020-06-02 06:15:00,8.723,26.36107
2020-06-02 06:30:00,8.723,26.630991
2020-06-02 06:45:00,8.442,26.623207
2020-06-02 07:00:00,8.653,26.689472
2020-06-02 07:15:00,8.723,26.782316
2020-06-02 07:30:00,8.723,26.802109
2020-06-02 07:45:00,8.723,26.71451
2020-06-02 08:00:00,8.723,26.69063
2020-06-02 08:15:00,8.793,26.743687
2020-06-02 08:30:00,8.582,26.862705
2020-06-02 08:45:00,8.793,26.881495
2020-06-02 09:00:00,8.723,26.87675
2020-06-02 09:15:00,9.004,26.943064
2020-06-02 09:30:00,9.145,26.879293
2020-06-02 09:45:00,9.215,26.778254
2020-06-02 10:00:00,9.215,26.66244
2020-06-02 10:15:00,9.497,26.580406
2020-06-02 10:30:00,9.567,26.696163
2020-06-02 10:45:00,9.849,26.637753
2020-06-02 11:00:00,9.638,26.608295
2020-06-02 11:15:00,9.919,26.563808
2020-06-02 11:30:00,9.849,26.497702
2020-06-02 11:45:00,10.06,26.36072
2020-06-02 12:00:00,10.482,26.32448
2020-06-02 12:15:00,10.341,26.298185
2020-06-02 12:30:00,10.622,26.296011
2020-06-02 12:45:00,10.341,26.073853
2020-06-02 13:00:00,10.2,25.831602
2020-06-02 13:15:00,9.989,25.743002
2020-06-02 13:30:00,10.482,25.646324
2020-06-02 13:45:00,10.271,25.494623
2020-06-02 14:00:00,10.341,25.448526
2020-06-02 14:15:00,10.763,25.54084
2020-06-02 14:30:00,10.693,25.705515
2020-06-02 14:45:00,10.904,25.714815
2020-06-02 15:00:00,10.2,25.731516
2020-06-02 15:15:00,10.341,25.640785
2020-06-02 15:30:00,10.552,25.770628
2020-06-02 15:45:00,10.904,25.695028
2020-06-02 16:00:00,11.115,25.812614
2020-06-02 16:15:00,10.833,25.855766
2020-06-02 16:30:00,10.622,25.819258
2020-06-02 16:45:00,10.622,25.70286
2020-06-02 17:00:00,10.482,25.676315
2020-06-02 17:15:00,10.2,25.667528
2020-06-02 17:30:00,10.06,25.675543
2020-06-02 17:45:00,9.849,25.572601
2020-06-02 18:00:00,10.06,25.461006
2020-06-02 18:15:00,9.849,25.414158
2020-06-02 18:30:00,9.778,25.342175
2020-06-02 18:45:00,9.778,25.14057
2020-06-02 19:00:00,9.567,25.058119
2020-06-02 19:15:00,9.638,25.01444
2020-06-02 19:30:00,9.708,24.983492
2020-06-02 19:45:00,9.778,24.900236
2020-06-02 20:00:00,9.426,24.814674
2020-06-02 20:15:00,9.638,24.728624
2020-06-02 20:30:00,9.638,24.758139
2020-06-02 20:45:00,9.778,24.69983
2020-06-02 21:00:00,9.567,24.705313
2020-06-02 21:15:00,9.778,24.70822
2020-06-02 21:30:00,9.778,24.780943
2020-06-02 21:45:00,9.919,24.745424
2020-06-02 22:00:00,9.849,24.798796
2020-06-02 22:15:00,9.919,24.889544
2020-06-02 22:30:00,9.849,25.08476
2020-06-02 22:45:00,9.567,25.13764
2020-06-02 23:00:00,9.638,25.215677
2020-06-02 23:15:00,9.215,25.367853
2020-06-02 23:30:00,9.286,25.539991
2020-06-02 23:45:00,9.497,25.655466
2020-06-03 00:00:00,9.286,25.916212
2020-06-03 00:15:00,9.567,26.196434
2020-06-03 00:30:00,9.849,24.617052
2020-06-03 00:45:00,9.426,25.401178
2020-06-03 01:00:00,9.497,24.837852
2020-06-03 01:15:00,9.426,23.777397
2020-06-03 01:30:00,9.426,23.92959
2020-06-03 01:45:00,9.638,23.93054
2020-06-03 02:00:00,9.497,24.054276
2020-06-03 02:15:00,9.638,24.149473
2020-06-03 02:30:00,9.567,24.228338
2020-06-03 02:45:00,9.638,24.323595
2020-06-03 03:00:00,9.638,24.385036
2020-06-03 03:15:00,9.567,24.43658
2020-06-03 03:30:00,9.497,24.557053
2020-06-03 03:45:00,9.708,24.48905
2020-06-03 04:00:00,9.567,24.596384
2020-06-03 04:15:00,9.567,24.595572
2020-06-03 04:30:00,9.497,24.679363
2020-06-03 04:45:00,9.567,24.667183
2020-06-03 05:00:00,9.849,24.72247
2020-06-03 05:15:00,9.778,24.903715
2020-06-03 05:30:00,9.497,25.086811
2020-06-03 05:45:00,9.497,25.182095
2020-06-03 06:00:00,9.567,25.35723
2020-06-03 06:15:00,9.426,25.592924
2020-06-03 06:30:00,9.286,25.798262
2020-06-03 06:45:00,9.638,25.740599
2020-06-03 07:00:00,9.356,25.620861
2020-06-03 07:15:00,9.286,25.559103
2020-06-03 07:30:00,9.426,25.396112
2020-06-03 07:45:00,9.215,25.470865
2020-06-03 08:00:00,9.426,25.574545
2020-06-03 08:15:00,8.934,25.555628
2020-06-03 08:30:00,9.215,25.59009
2020-06-03 08:45:00,9.497,25.637293
2020-06-03 09:00:00,9.638,25.7032
2020-06-03 09:15:00,9.919,25.698202
2020-06-03 09:30:00,9.849,25.76239
2020-06-03 09:45:00,9.778,25.70572
2020-06-03 10:00:00,9.919,25.811054
2020-06-03 10:15:00,10.13,25.903318
2020-06-03 10:30:00,10.271,26.0927
2020-06-03 10:45:00,10.271,26.144125
2020-06-03 11:00:00,10.622,26.16289
2020-06-03 11:15:00,10.482,26.300753
2020-06-03 11:30:00,10.622,26.43022
2020-06-03 11:45:00,11.044,26.474821
2020-06-03 12:00:00,10.693,26.567137
2020-06-03 12:15:00,10.974,26.669573
2020-06-03 12:30:00,11.044,26.852602
2020-06-03 12:45:00,11.115,26.725075
2020-06-03 13:00:00,10.974,26.750547
2020-06-03 13:15:00,11.256,26.701189
2020-06-03 13:30:00,11.678,26.706507
2020-06-03 13:45:00,11.678,26.647184
2020-06-03 14:00:00,12.24,26.700144
2020-06-03 14:15:00,12.311,26.81355
2020-06-03 14:30:00,12.874,26.861898
2020-06-03 14:45:00,12.522,26.729315
2020-06-03 15:00:00,12.662,26.682222
2020-06-03 15:15:00,13.085,26.671219
2020-06-03 15:30:00,13.296,26.71206
2020-06-03 15:45:00,13.436,26.638006
2020-06-03 16:00:00,13.436,26.54243
2020-06-03 16:15:00,13.225,26.462358
2020-06-03 16:30:00,13.296,26.42537
2020-06-03 16:45:00,13.366,26.247135
2020-06-03 17:00:00,13.085,26.078232
2020-06-03 17:15:00,12.803,25.948935
2020-06-03 17:30:00,12.451,25.847818
2020-06-03 17:45:00,12.24,25.698977
2020-06-03 18:00:00,11.678,25.589148
2020-06-03 18:15:00,11.396,25.556318
2020-06-03 18:30:00,11.537,25.531279
2020-06-03 18:45:00,11.185,25.408833
2020-06-03 19:00:00,11.044,25.338266
2020-06-03 19:15:00,10.693,25.272205
2020-06-03 19:30:00,10.763,25.190435
2020-06-03 19:45:00,10.763,24.985004
2020-06-03 20:00:00,10.552,24.880648
2020-06-03 20:15:00,10.552,24.844282
2020-06-03 20:30:00,9.989,24.868752
2020-06-03 20:45:00,9.919,24.788227
2020-06-03 21:00:00,9.567,24.754911
2020-06-03 21:15:00,9.497,24.762743
2020-06-03 21:30:00,9.497,24.77218
2020-06-03 21:45:00,9.286,24.685791
2020-06-03 22:00:00,9.426,24.711287
2020-06-03 22:15:00,9.426,24.851477
2020-06-03 22:30:00,9.145,25.099882
2020-06-03 22:45:00,8.934,25.232922
2020-06-03 23:00:00,8.723,25.323454
2020-06-03 23:15:00,8.653,25.621496
2020-06-03 23:30:00,8.723,25.888681
2020-06-03 23:45:00,8.723,26.018656
2020-06-04 00:00:00,8.442,26.406557
2020-06-04 00:15:00,8.723,26.80173
2020-06-04 00:30:00,8.934,25.119574
2020-06-04 00:45:00,9.075,26.018007
2020-06-04 01:00:00,9.215,25.636349
2020-06-04 01:15:00,9.075,24.541819
2020-06-04 01:30:00,9.215,24.75874
2020-06-04 01:45:00,9.286,24.800413
2020-06-04 02:00:00,9.426,24.866968
2020-06-04 02:15:00,9.497,24.92169
2020-06-04 02:30:00,9.708,25.0855
2020-06-04 02:45:00,9.497,25.212885
2020-06-04 03:00:00,9.638,25.271318
2020-06-04 03:15:00,9.426,25.411888
2020-06-04 03:30:00,9.638,25.569597
2020-06-04 03:45:00,9.567,25.60488
2020-06-04 04:00:00,9.708,25.646452
2020-06-04 04:15:00,9.215,25.729498
2020-06-04 04:30:00,9.426,25.866327
2020-06-04 04:45:00,9.426,25.893633
2020-06-04 05:00:00,9.426,25.82966
2020-06-04 05:15:00,9.215,25.85177
2020-06-04 05:30:00,9.075,26.04573
2020-06-04 05:45:00,9.075,26.201712
2020-06-04 06:00:00,9.567,26.477724
2020-06-04 06:15:00,9.567,26.625757
2020-06-04 06:30:00,9.778,26.70334
2020-06-04 06:45:00,9.919,26.745459
2020-06-04 07:00:00,9.778,26.792124
2020-06-04 07:15:00,9.919,26.78082
2020-06-04 07:30:00,10.622,26.949682
2020-06-04 07:45:00,10.693,26.909815
2020-06-04 08:00:00,10.763,27.015144
2020-06-04 08:15:00,10.693,27.110844
2020-06-04 08:30:00,10.552,27.214487
2020-06-04 08:45:00,10.904,27.157234
2020-06-04 09:00:00,11.185,27.116026
2020-06-04 09:15:00,10.833,27.071348
2020-06-04 09:30:00,11.326,27.035597
2020-06-04 09:45:00,10.833,27.076561
2020-06-04 10:00:00,11.185,27.085012
2020-06-04 10:15:00,11.326,27.06273
2020-06-04 10:30:00,11.396,27.052671
2020-06-04 10:45:00,11.185,26.887665
2020-06-04 11:00:00,11.185,26.907656
2020-06-04 11:15:00,10.904,26.949982
2020-06-04 11:30:00,11.256,27.044744
2020-06-04 11:45:00,11.537,26.973127
2020-06-04 12:00:00,11.818,26.837168
2020-06-04 12:15:00,11.396,26.687998
2020-06-04 12:30:00,11.326,26.619207
2020-06-04 12:45:00,11.607,26.473577
2020-06-04 13:00:00,11.678,26.479239
2020-06-04 13:15:00,11.607,26.538355
2020-06-04 13:30:00,11.748,26.662878
2020-06-04 13:45:00,11.326,26.76779
2020-06-04 14:00:00,12.24,26.732237
2020-06-04 14:15:00,12.381,26.691542
2020-06-04 14:30:00,12.029,26.735292
2020-06-04 14:45:00,12.1,26.532598
2020-06-04 15:00:00,12.381,26.383387
2020-06-04 15:15:00,11.748,26.421469
2020-06-04 15:30:00,11.748,26.418898
2020-06-04 15:45:00,12.029,26.291014
2020-06-04 16:00:00,11.607,26.305021
2020-06-04 16:15:00,11.467,26.257883
2020-06-04 16:30:00,11.467,26.202753
2020-06-04 16:45:00,11.185,26.043203
2020-06-04 17:00:00,10.763,25.929018
2020-06-04 17:15:00,10.833,25.861345
2020-06-04 17:30:00,10.341,25.782999
2020-06-04 17:45:00,9.919,25.69922
2020-06-04 18:00:00,10.06,25.64605
2020-06-04 18:15:00,10.2,25.53819
2020-06-04 18:30:00,10.13,25.42877
2020-06-04 18:45:00,9.567,25.136814
2020-06-04 19:00:00,9.638,24.940075
2020-06-04 19:15:00,9.778,24.844559
2020-06-04 19:30:00,9.708,24.722021
2020-06-04 19:45:00,9.849,24.544489
2020-06-04 20:00:00,9.708,24.460587
2020-06-04 20:15:00,10.06,24.369898
2020-06-04 20:30:00,10.06,24.386385
2020-06-04 20:45:00,9.989,24.304398
2020-06-04 21:00:00,9.849,24.297312
2020-06-04 21:15:00,9.919,24.342981
2020-06-04 21:30:00,10.2,24.403234
2020-06-04 21:45:00,10.13,24.41986
2020-06-04 22:00:00,10.271,24.530201
2020-06-04 22:15:00,10.271,24.559546
2020-06-04 22:30:00,10.13,24.814415
2020-06-04 22:45:00,10.06,24.955704
2020-06-04 23:00:00,10.13,25.048046
2020-06-04 23:15:00,9.849,25.335321
2020-06-04 23:30:00,9.849,25.587225
2020-06-04 23:45:00,9.919,25.664803
2020-06-05 00:00:00,9.919,25.928497
2020-06-05 00:15:00,9.919,26.154196
2020-06-05 00:30:00,9.919,24.448595
2020-06-05 00:45:00,9.849,25.221457
2020-06-05 01:00:00,9.638,24.734808
2020-06-05 01:15:00,9.497,23.791784
2020-06-05 01:30:00,9.708,24.132467
2020-06-05 01:45:00,9.497,24.314783
2020-06-05 02:00:00,9.426,24.430971
2020-06-05 02:15:00,9.426,24.500082
2020-06-05 02:30:00,9.778,24.64353
2020-06-05 02:45:00,9.849,24.71961
2020-06-05 03:00:00,9.708,25.009615
2020-06-05 03:15:00,9.919,25.099827
2020-06-05 03:30:00,9.849,25.203072
2020-06-05 03:45:00,9.989,25.194033
2020-06-05 04:00:00,9.919,25.213205
2020-06-05 04:15:00,9.919,25.26372
2020-06-05 04:30:00,9.919,25.381552
2020-06-05 04:45:00,9.849,25.445051
2020-06-05 05:00:00,9.849,25.500498
2020-06-05 05:15:00,9.849,25.651403
2020-06-05 05:30:00,9.638,25.772484
2020-06-05 05:45:00,9.778,25.751797
2020-06-05 06:00:00,9.849,25.741972
2020-06-05 06:15:00,9.919,25.965517
2020-06-05 06:30:00,10.06,26.121809
2020-06-05 06:45:00,10.2,26.130396
2020-06-05 07:00:00,10.06,26.187323
2020-06-05 07:15:00,9.778,26.26964
2020-06-05 07:30:00,9.919,26.429836
2020-06-05 07:45:00,9.989,26.427553
2020-06-05 08:00:00,9.919,26.48448
2020-06-05 08:15:00,10.13,26.526548
2020-06-05 08:30:00,9.638,26.594687
2020-06-05 08:45:00,9.989,26.557964
2020-06-05 09:00:00,10.13,26.483982
2020-06-05 09:15:00,9.567,26.47326
2020-06-05 09:30:00,9.638,26.511637
2020-06-05 09:45:00,9.919,26.46595
2020-06-05 10:00:00,9.849,26.428797
2020-06-05 10:15:00,9.989,26.28154
2020-06-05 10:30:00,9.919,26.411253
2020-06-05 10:45:00,10.13,26.250116
2020-06-05 11:00:00,9.919,26.170141
2020-06-05 11:15:00,9.708,26.145168
2020-06-05 11:30:00,9.567,26.1298
2020-06-05 11:45:00,9.919,26.114054
2020-06-05 12:00:00,9.778,26.057076
2020-06-05 12:15:00,9.778,26.101141
2020-06-05 12:30:00,9.919,26.07625
2020-06-05 12:45:00,10.271,25.976519
2020-06-05 13:00:00,10.13,25.816132
2020-06-05 13:15:00,10.763,25.679968
2020-06-05 13:30:00,10.693,25.7132
2020-06-05 13:45:00,10.622,25.660742
2020-06-05 14:00:00,10.763,25.679768
2020-06-05 14:15:00,10.763,25.734333
2020-06-05 14:30:00,10.833,25.774553
2020-06-05 14:45:00,10.974,25.757147
2020-06-05 15:00:00,10.904,25.68654
2020-06-05 15:15:00,10.904,25.616734
2020-06-05 15:30:00,10.904,25.68118
2020-06-05 15:45:00,10.833,25.574615
2020-06-05 16:00:00,10.974,25.576418
2020-06-05 16:15:00,10.482,25.602716
2020-06-05 16:30:00,10.271,25.546003
2020-06-05 16:45:00,10.833,25.354391
2020-06-05 17:00:00,10.833,25.207012
2020-06-05 17:15:00,10.904,25.124832
2020-06-05 17:30:00,10.552,25.112345
2020-06-05 17:45:00,10.482,25.063063
2020-06-05 18:00:00,10.271,25.099669
2020-06-05 18:15:00,10.622,25.159546
2020-06-05 18:30:00,9.989,25.21677
2020-06-05 18:45:00,9.708,25.140104
2020-06-05 19:00:00,9.567,25.104977
2020-06-05 19:15:00,9.708,25.079702
2020-06-05 19:30:00,9.426,25.026573
2020-06-05 19:45:00,9.356,24.869333
2020-06-05 20:00:00,9.286,24.799261
2020-06-05 20:15:00,9.286,24.766817
2020-06-05 20:30:00,9.286,24.821852
2020-06-05 20:45:00,9.215,24.742704
2020-06-05 21:00:00,9.215,24.69349
2020-06-05 21:15:00,9.215,24.675789
2020-06-05 21:30:00,9.075,24.668743
2020-06-05 21:45:00,9.145,24.526793
2020-06-05 22:00:00,8.934,24.532206
2020-06-05 22:15:00,8.864,24.602077
2020-06-05 22:30:00,8.653,24.866121
2020-06-05 22:45:00,8.723,24.98657
2020-06-05 23:00:00,8.934,25.095146
2020-06-05 23:15:00,8.723,25.235308
2020-06-05 23:30:00,8.793,25.418581
2020-06-05 23:45:00,8.723,25.578148
2020-06-06 00:00:00,8.582,25.726267
2020-06-06 00:15:00,8.582,25.925047
2020-06-06 00:30:00,8.723,24.333979
2020-06-06 00:45:00,8.723,25.263212
2020-06-06 01:00:00,8.582,24.93013
2020-06-06 01:15:00,8.723,23.972244
2020-06-06 01:30:00,8.371,24.025488
2020-06-06 01:45:00,8.582,24.228176
2020-06-06 02:00:00,8.582,24.2887
2020-06-06 02:15:00,8.723,24.357817
2020-06-06 02:30:00,8.371,24.544348
2020-06-06 02:45:00,8.512,24.543623
2020-06-06 03:00:00,8.512,24.683916
2020-06-06 03:15:00,8.582,24.847176
2020-06-06 03:30:00,8.371,24.943354
2020-06-06 03:45:00,8.16,24.81198
2020-06-06 04:00:00,8.371,24.824787
2020-06-06 04:15:00,8.16,24.874178
2020-06-06 04:30:00,8.16,25.060282
2020-06-06 04:45:00,8.231,25.150154
2020-06-06 05:00:00,8.16,25.236704
2020-06-06 05:15:00,8.02,25.239603
2020-06-06 05:30:00,8.09,25.348068
2020-06-06 05:45:00,8.301,25.439814
2020-06-06 06:00:00,8.512,25.555773
2020-06-06 06:15:00,8.442,25.577127
2020-06-06 06:30:00,9.004,25.601778
2020-06-06 06:45:00,9.215,25.536291
2020-06-06 07:00:00,9.497,25.470243
2020-06-06 07:15:00,9.778,25.486128
2020-06-06 07:30:00,9.919,25.636843
2020-06-06 07:45:00,9.919,25.71423
2020-06-06 08:00:00,10.2,25.729156
2020-06-06 08:15:00,10.552,25.850134
2020-06-06 08:30:00,10.13,25.913424
2020-06-06 08:45:00,10.2,25.767042
2020-06-06 09:00:00,10.271,25.798141
2020-06-06 09:15:00,9.919,25.781076
2020-06-06 09:30:00,10.06,25.890772
2020-06-06 09:45:00,10.13,25.832865
2020-06-06 10:00:00,9.989,25.789583
2020-06-06 10:15:00,10.2,25.830647
2020-06-06 10:30:00,10.06,26.04831
2020-06-06 10:45:00,10.13,26.110273
2020-06-06 11:00:00,10.13,26.230764
2020-06-06 11:15:00,10.06,26.363482
2020-06-06 11:30:00,10.271,26.406462
2020-06-06 11:45:00,10.271,26.434809
2020-06-06 12:00:00,10.06,26.586863
2020-06-06 12:15:00,10.2,26.640238
2020-06-06 12:30:00,10.271,26.723503
2020-06-06 12:45:00,10.974,26.606722
2020-06-06 13:00:00,10.552,26.452505
2020-06-06 13:15:00,11.115,26.466814
2020-06-06 13:30:00,11.607,26.530653
2020-06-06 13:45:00,11.537,26.580946
2020-06-06 14:00:00,12.029,26.654737
2020-06-06 14:15:00,11.678,26.66837
2020-06-06 14:30:00,12.311,26.744326
2020-06-06 14:45:00,12.592,26.693632
2020-06-06 15:00:00,13.155,26.639801
2020-06-06 15:15:00,13.225,26.65817
2020-06-06 15:30:00,13.647,26.607908
2020-06-06 15:45:00,13.014,26.413862
2020-06-06 16:00:00,13.296,26.366451
2020-06-06 16:15:00,13.296,26.246359
2020-06-06 16:30:00,13.225,26.25141
2020-06-06 16:45:00,13.296,26.145563
2020-06-06 17:00:00,12.944,26.071417
2020-06-06 17:15:00,12.451,26.00378
2020-06-06 17:30:00,12.662,25.933573
2020-06-06 17:45:00,13.085,25.745049
2020-06-06 18:00:00,13.225,25.598272
2020-06-06 18:15:00,12.451,25.49846
2020-06-06 18:30:00,11.889,25.455343
2020-06-06 18:45:00,11.256,25.338182
2020-06-06 19:00:00,11.396,25.288681
2020-06-06 19:15:00,11.256,25.2798
2020-06-06 19:30:00,11.044,25.309626
2020-06-06 19:45:00,10.904,25.20653
2020-06-06 20:00:00,10.904,25.174894
2020-06-06 20:15:00,11.044,25.163872
2020-06-06 20:30:00,11.044,25.18761
2020-06-06 20:45:00,11.185,25.11199
2020-06-06 21:00:00,11.044,25.068447
2020-06-06 21:15:00,10.833,25.09683
2020-06-06 21:30:00,10.693,25.198305
2020-06-06 21:45:00,10.763,25.08821
2020-06-06 22:00:00,10.552,25.120636
2020-06-06 22:15:00,10.482,25.097857
2020-06-06 22:30:00,10.482,25.135138
2020-06-06 22:45:00,10.341,25.263597
2020-06-06 23:00:00,10.271,25.38558
2020-06-06 23:15:00,10.13,25.759523
2020-06-06 23:30:00,9.919,26.020147
2020-06-06 23:45:00,9.919,25.968573
2020-06-07 00:00:00,9.778,26.095507
2020-06-07 00:15:00,9.708,26.224756
2020-06-07 00:30:00,9.778,24.430338
2020-06-07 00:45:00,10.13,25.475866
2020-06-07 01:00:00,10.13,25.206476
2020-06-07 01:15:00,9.919,24.17483
2020-06-07 01:30:00,10.2,24.460764
2020-06-07 01:45:00,9.989,24.488867
2020-06-07 02:00:00,10.13,24.584166
2020-06-07 02:15:00,10.2,24.78049
2020-06-07 02:30:00,9.919,24.962296
2020-06-07 02:45:00,9.778,25.001947
2020-06-07 03:00:00,9.849,25.05598
2020-06-07 03:15:00,9.919,25.104885
2020-06-07 03:30:00,10.2,25.223341
2020-06-07 03:45:00,10.13,25.2307
2020-06-07 04:00:00,9.989,25.172388
2020-06-07 04:15:00,9.919,25.250605
2020-06-07 04:30:00,10.06,25.392557
2020-06-07 04:45:00,9.919,25.326845
2020-06-07 05:00:00,9.919,25.400038
2020-06-07 05:15:00,9.708,25.52363
2020-06-07 05:30:00,9.708,25.815159
2020-06-07 05:45:00,9.708,25.946491
2020-06-07 06:00:00,10.13,26.115088
2020-06-07 06:15:00,10.271,26.455643
2020-06-07 06:30:00,10.271,26.505606
2020-06-07 06:45:00,10.341,26.511683
2020-06-07 07:00:00,10.482,26.542925
2020-06-07 07:15:00,10.271,26.60219
2020-06-07 07:30:00,10.482,26.63643
2020-06-07 07:45:00,10.482,26.639791
2020-06-07 08:00:00,10.693,26.747364
2020-06-07 08:15:00,10.552,26.895092
2020-06-07 08:30:00,10.482,26.995714
2020-06-07 08:45:00,10.693,26.839836
2020-06-07 09:00:00,10.833,26.8058
2020-06-07 09:15:00,10.622,26.655031
2020-06-07 09:30:00,11.044,26.605078
2020-06-07 09:45:00,11.256,26.347214
2020-06-07 10:00:00,11.115,26.262938
2020-06-07 10:15:00,11.607,26.216799
2020-06-07 10:30:00,11.537,26.272966
2020-06-07 10:45:00,11.607,26.296703
2020-06-07 11:00:00,11.537,26.279535
2020-06-07 11:15:00,11.607,26.240675
2020-06-07 11:30:00,11.537,26.235392
2020-06-07 11:45:00,11.467,26.116344
2020-06-07 12:00:00,11.959,26.005617
2020-06-07 12:15:00,12.029,26.018816
2020-06-07 12:30:00,12.029,25.984411
2020-06-07 12:45:00,11.748,25.900885
2020-06-07 13:00:00,12.029,25.912008
2020-06-07 13:15:00,12.381,25.899092
2020-06-07 13:30:00,12.381,26.039076
2020-06-07 13:45:00,12.944,25.875528
2020-06-07 14:00:00,12.803,25.858452
2020-06-07 14:15:00,12.733,25.898561
2020-06-07 14:30:00,12.592,25.7722
2020-06-07 14:45:00,12.381,25.691517
2020-06-07 15:00:00,12.733,25.737408
2020-06-07 15:15:00,12.24,25.925262
2020-06-07 15:30:00,12.311,26.201113
2020-06-07 15:45:00,12.381,26.228456
2020-06-07 16:00:00,12.662,26.074886
2020-06-07 16:15:00,12.733,25.924185
2020-06-07 16:30:00,12.733,25.928282
2020-06-07 16:45:00,12.733,25.906042
2020-06-07 17:00:00,12.662,25.950174
2020-06-07 17:15:00,12.24,25.991701
2020-06-07 17:30:00,12.1,26.059072
2020-06-07 17:45:00,12.17,25.969683
2020-06-07 18:00:00,12.029,25.916264
2020-06-07 18:15:00,12.1,25.8604
2020-06-07 18:30:00,11.748,25.796083
2020-06-07 18:45:00,11.889,25.666407
2020-06-07 19:00:00,11.678,25.616808
2020-06-07 19:15:00,11.959,25.601368
2020-06-07 19:30:00,11.607,25.64844
2020-06-07 19:45:00,11.537,25.547577
2020-06-07 20:00:00,11.396,25.491447
2020-06-07 20:15:00,11.256,25.46408
2020-06-07 20:30:00,10.904,25.51383
2020-06-07 20:45:00,10.693,25.423937
2020-06-07 21:00:00,10.833,25.410671
2020-06-07 21:15:00,10.833,25.373865
2020-06-07 21:30:00,10.552,25.351667
2020-06-07 21:45:00,10.763,25.30123
2020-06-07 22:00:00,10.833,25.30393
2020-06-07 22:15:00,10.833,25.3916
2020-06-07 22:30:00,10.833,25.583134
2020-06-07 22:45:00,10.833,25.682379
2020-06-07 23:00:00,10.341,25.796476
2020-06-07 23:15:00,10.552,26.025576
2020-06-07 23:30:00,10.833,26.3886
2020-06-07 23:45:00,10.552,26.56307
2020-06-08 00:00:00,10.482,26.793036
2020-06-08 00:15:00,10.341,26.905706
2020-06-08 00:30:00,10.2,25.270155
2020-06-08 00:45:00,10.271,26.243698
2020-06-08 01:00:00,10.411,25.896746
2020-06-08 01:15:00,10.271,24.971527
2020-06-08 01:30:00,10.271,25.059607
2020-06-08 01:45:00,10.2,25.025564
2020-06-08 02:00:00,10.13,25.020245
2020-06-08 02:15:00,10.271,25.083822
2020-06-08 02:30:00,9.989,25.246477
2020-06-08 02:45:00,10.2,25.321611
2020-06-08 03:00:00,10.06,25.359507
2020-06-08 03:15:00,9.989,25.335756
2020-06-08 03:30:00,9.778,25.467516
2020-06-08 03:45:00,9.708,25.430538
2020-06-08 04:00:00,9.989,25.461489
2020-06-08 04:15:00,10.13,25.513474
2020-06-08 04:30:00,10.06,25.641388
2020-06-08 04:45:00,9.919,25.772928
2020-06-08 05:00:00,9.708,25.936876
2020-06-08 05:15:00,9.778,26.08793
2020-06-08 05:30:00,9.497,26.261162
2020-06-08 05:45:00,9.426,26.243574
2020-06-08 06:00:00,9.426,26.371279
2020-06-08 06:15:00,9.497,26.56444
2020-06-08 06:30:00,9.567,26.840975
2020-06-08 06:45:00,9.567,26.844748
2020-06-08 07:00:00,9.778,26.896622
2020-06-08 07:15:00,9.778,27.039335
2020-06-08 07:30:00,9.849,27.081142
2020-06-08 07:45:00,9.919,27.134373
2020-06-08 08:00:00,10.13,27.270166
2020-06-08 08:15:00,10.271,27.385096
2020-06-08 08:30:00,9.708,27.561808
2020-06-08 08:45:00,9.919,27.589314
2020-06-08 09:00:00,10.2,27.712217
2020-06-08 09:15:00,10.06,27.654692
2020-06-08 09:30:00,9.849,27.616419
2020-06-08 09:45:00,9.849,27.576826
2020-06-08 10:00:00,10.06,27.559244
2020-06-08 10:15:00,10.271,27.68411
2020-06-08 10:30:00,10.2,27.65666
2020-06-08 10:45:00,10.271,27.547182
2020-06-08 11:00:00,10.341,27.474884
2020-06-08 11:15:00,10.13,27.349094
2020-06-08 11:30:00,10.13,27.449137
2020-06-08 11:45:00,9.919,27.39076
2020-06-08 12:00:00,10.13,27.340406
2020-06-08 12:15:00,9.919,27.295118
2020-06-08 12:30:00,10.06,27.24536
2020-06-08 12:45:00,10.2,27.058027
2020-06-08 13:00:00,9.919,26.93934
2020-06-08 13:15:00,10.13,26.960306
2020-06-08 13:30:00,9.989,27.132685
2020-06-08 13:45:00,10.13,27.141365
2020-06-08 14:00:00,10.2,27.175303
2020-06-08 14:15:00,10.482,27.24763
2020-06-08 14:30:00,10.271,27.348196
2020-06-08 14:45:00,10.271,27.316244
2020-06-08 15:00:00,10.341,27.403563
2020-06-08 15:15:00,10.341,27.456987
2020-06-08 15:30:00,10.341,27.539988
2020-06-08 15:45:00,10.482,27.509687
2020-06-08 16:00:00,10.13,27.493158
2020-06-08 16:15:00,10.271,27.482868
2020-06-08 16:30:00,9.778,27.458849
2020-06-08 16:45:00,9.919,27.341776
2020-06-08 17:00:00,9.919,27.270723
2020-06-08 17:15:00,9.778,27.26568
2020-06-08 17:30:00,9.497,27.261711
2020-06-08 17:45:00,9.426,27.191769
2020-06-08 18:00:00,8.934,27.18751
2020-06-08 18:15:00,9.426,27.104181
2020-06-08 18:30:00,9.638,27.049795
2020-06-08 18:45:00,9.426,26.85954
2020-06-08 19:00:00,9.004,26.681255
2020-06-08 19:15:00,9.145,26.539772
2020-06-08 19:30:00,9.215,26.336967
2020-06-08 19:45:00,9.145,26.10166
2020-06-08 20:00:00,9.356,25.963884
2020-06-08 20:15:00,9.075,25.80995
2020-06-08 20:30:00,8.864,25.815294
2020-06-08 20:45:00,8.864,25.64652
2020-06-08 21:00:00,8.864,25.515219
2020-06-08 21:15:00,8.723,25.473463
2020-06-08 21:30:00,8.653,25.384764
2020-06-08 21:45:00,8.864,25.303923
2020-06-08 22:00:00,9.075,25.326445
2020-06-08 22:15:00,9.145,25.40492
2020-06-08 22:30:00,8.864,25.666464
2020-06-08 22:45:00,9.075,25.635584
2020-06-08 23:00:00,8.723,25.741287
2020-06-08 23:15:00,8.723,25.768856
2020-06-08 23:30:00,8.653,25.972475
2020-06-08 23:45:00,8.442,26.17954
2020-06-09 00:00:00,8.864,26.369982
2020-06-09 00:15:00,9.075,26.731956
2020-06-09 00:30:00,9.075,24.831055
2020-06-09 00:45:00,8.864,25.48645
2020-06-09 01:00:00,8.864,24.983753
2020-06-09 01:15:00,8.371,23.980885
2020-06-09 01:30:00,8.512,24.200851
2020-06-09 01:45:00,8.02,24.455038
2020-06-09 02:00:00,8.301,24.628254
2020-06-09 02:15:00,7.809,24.776869
2020-06-09 02:30:00,8.02,24.923454
2020-06-09 02:45:00,8.16,24.991852
2020-06-09 03:00:00,8.02,24.971392
2020-06-09 03:15:00,8.09,24.939686
2020-06-09 03:30:00,8.16,25.040808
2020-06-09 03:45:00,8.02,25.03827
2020-06-09 04:00:00,8.02,25.170343
2020-06-09 04:15:00,7.738,25.22021
2020-06-09 04:30:00,8.09,25.256521
2020-06-09 04:45:00,7.879,25.071375
2020-06-09 05:00:00,8.16,24.964056
2020-06-09 05:15:00,7.949,24.90523
2020-06-09 05:30:00,8.09,24.958738
2020-06-09 05:45:00,7.949,24.954695
2020-06-09 06:00:00,8.16,25.021235
2020-06-09 06:15:00,8.231,25.148443
2020-06-09 06:30:00,8.02,25.359913
2020-06-09 06:45:00,8.09,25.330353
2020-06-09 07:00:00,8.16,25.343632
2020-06-09 07:15:00,8.442,25.381014
2020-06-09 07:30:00,8.301,25.481272
2020-06-09 07:45:00,8.723,25.648283
2020-06-09 08:00:00,8.512,25.897247
2020-06-09 08:15:00,8.02,26.118814
2020-06-09 08:30:00,8.02,26.420326
2020-06-09 08:45:00,8.371,26.54698
2020-06-09 09:00:00,8.442,26.721941
2020-06-09 09:15:00,8.371,26.780054
2020-06-09 09:30:00,8.301,26.827227
2020-06-09 09:45:00,8.231,26.798403
2020-06-09 10:00:00,6.824,26.87628
2020-06-09 10:15:00,6.05,27.030043
2020-06-09 10:30:00,5.557,27.093948
2020-06-09 10:45:00,3.377,27.096228
2020-06-09 11:00:00,3.025,27.151022
2020-06-09 11:15:00,2.744,27.193014
2020-06-09 11:30:00,2.251,27.23493
2020-06-09 11:45:00,4.01,27.16216
2020-06-09 12:00:00,4.15,27.017298
2020-06-09 12:15:00,2.814,26.959047
2020-06-09 12:30:00,2.814,26.844316
2020-06-09 12:45:00,2.884,26.500422
2020-06-09 13:00:00,3.939,26.32741
2020-06-09 13:15:00,4.221,26.252073
2020-06-09 13:30:00,4.713,26.279411
2020-06-09 13:45:00,4.784,26.209753
2020-06-09 14:00:00,4.784,26.104513
2020-06-09 14:15:00,5.346,25.977728
2020-06-09 14:30:00,5.768,25.972424
2020-06-09 14:45:00,5.839,25.857927
2020-06-09 15:00:00,5.768,25.85697
2020-06-09 15:15:00,5.698,25.842876
2020-06-09 15:30:00,5.768,25.825373
2020-06-09 15:45:00,6.05,25.832586
2020-06-09 16:00:00,6.683,25.8612
2020-06-09 16:15:00,6.683,25.816385
2020-06-09 16:30:00,6.613,25.780622
2020-06-09 16:45:00,6.613,25.600142
2020-06-09 17:00:00,6.894,25.550997
2020-06-09 17:15:00,7.105,25.586922
2020-06-09 17:30:00,6.964,25.628172
2020-06-09 17:45:00,6.964,25.596066
2020-06-09 18:00:00,7.035,25.53399
2020-06-09 18:15:00,6.894,25.506086
2020-06-09 18:30:00,6.472,25.505316
2020-06-09 18:45:00,6.472,25.35377
2020-06-09 19:00:00,6.402,25.299631
2020-06-09 19:15:00,6.402,25.246223
2020-06-09 19:30:00,6.402,25.211077
2020-06-09 19:45:00,6.331,25.052816
2020-06-09 20:00:00,6.331,24.97227
2020-06-09 20:15:00,6.402,24.911566
2020-06-09 20:30:00,6.261,24.93759
2020-06-09 20:45:00,5.979,24.864338
2020-06-09 21:00:00,6.05,24.812998
2020-06-09 21:15:00,6.191,24.796934
2020-06-09 21:30:00,6.613,24.819818
2020-06-09 21:45:00,6.824,24.775284
2020-06-09 22:00:00,6.894,24.80604
2020-06-09 22:15:00,6.824,24.903198
2020-06-09 22:30:00,7.105,25.107271
2020-06-09 22:45:00,7.457,25.150347
2020-06-09 23:00:00,7.246,25.276299
2020-06-09 23:15:00,6.964,25.435583
2020-06-09 23:30:00,6.753,25.625978
2020-06-09 23:45:00,6.261,25.74581
2020-06-10 00:00:00,6.261,25.926573
2020-06-10 00:15:00,6.261,26.21363
2020-06-10 00:30:00,6.824,24.49551
2020-06-10 00:45:00,6.753,25.24895
2020-06-10 01:00:00,6.824,24.706102
2020-06-10 01:15:00,7.105,23.544567
2020-06-10 01:30:00,7.035,23.663038
2020-06-10 01:45:00,7.246,23.606438
2020-06-10 02:00:00,7.316,23.69037
2020-06-10 02:15:00,7.386,23.67507
2020-06-10 02:30:00,7.527,23.794664
2020-06-10 02:45:00,7.386,23.83678
2020-06-10 03:00:00,7.668,23.812094
2020-06-10 03:15:00,7.668,23.880245
2020-06-10 03:30:00,7.105,24.07663
2020-06-10 03:45:00,7.316,24.043653
2020-06-10 04:00:00,7.738,24.053793
2020-06-10 04:15:00,7.457,24.108036
2020-06-10 04:30:00,7.386,24.137106
2020-06-10 04:45:00,7.457,24.171103
2020-06-10 05:00:00,7.457,24.290434
2020-06-10 05:15:00,7.457,24.414213
2020-06-10 05:30:00,7.386,24.617239
2020-06-10 05:45:00,7.527,24.747454
2020-06-10 06:00:00,7.668,24.905697
2020-06-10 06:15:00,8.02,25.14527
2020-06-10 06:30:00,7.879,25.283049
2020-06-10 06:45:00,8.16,25.349174
2020-06-10 07:00:00,8.02,25.387064
2020-06-10 07:15:00,7.879,25.475477
2020-06-10 07:30:00,8.231,25.539385
2020-06-10 07:45:00,8.512,25.403631
2020-06-10 08:00:00,8.301,25.43863
2020-06-10 08:15:00,8.301,25.475355
2020-06-10 08:30:00,8.371,25.65909
2020-06-10 08:45:00,8.02,25.791838
2020-06-10 09:00:00,8.16,25.883968
2020-06-10 09:15:00,8.16,25.89042
2020-06-10 09:30:00,8.02,26.023506
2020-06-10 09:45:00,8.02,25.921015
2020-06-10 10:00:00,8.09,26.025602
2020-06-10 10:15:00,8.16,26.186296
2020-06-10 10:30:00,8.16,26.204065
2020-06-10 10:45:00,8.16,26.33352
2020-06-10 11:00:00,8.09,26.395891
2020-06-10 11:15:00,8.371,26.37973
2020-06-10 11:30:00,8.371,26.46462
2020-06-10 11:45:00,8.512,26.33372
2020-06-10 12:00:00,8.371,26.244894
2020-06-10 12:15:00,8.582,26.272476
2020-06-10 12:30:00,8.934,26.099754
2020-06-10 12:45:00,8.864,25.876724
2020-06-10 13:00:00,8.934,25.721571
2020-06-10 13:15:00,8.934,25.532225
2020-06-10 13:30:00,9.426,25.726147
2020-06-10 13:45:00,9.215,25.7
2020-06-10 14:00:00,9.426,25.818012
2020-06-10 14:15:00,9.567,25.944075
2020-06-10 14:30:00,9.075,25.815725
2020-06-10 14:45:00,9.004,25.734848
2020-06-10 15:00:00,9.567,25.604485
2020-06-10 15:15:00,9.426,25.411913
2020-06-10 15:30:00,9.638,25.49077
2020-06-10 15:45:00,9.497,25.481028
2020-06-10 16:00:00,9.989,25.565916
2020-06-10 16:15:00,9.778,25.640911
2020-06-10 16:30:00,9.567,25.683086
2020-06-10 16:45:00,9.638,25.546774
2020-06-10 17:00:00,9.286,25.466402
2020-06-10 17:15:00,8.793,25.402006
2020-06-10 17:30:00,9.286,25.448545
2020-06-10 17:45:00,9.286,25.40809
2020-06-10 18:00:00,9.286,25.39576
2020-06-10 18:15:00,8.864,25.43108
2020-06-10 18:30:00,9.075,25.432775
2020-06-10 18:45:00,9.215,25.323572
2020-06-10 19:00:00,9.145,25.213114
2020-06-10 19:15:00,8.934,25.192225
2020-06-10 19:30:00,9.004,25.121496
2020-06-10 19:45:00,8.653,24.970488
2020-06-10 20:00:00,8.442,24.89506
2020-06-10 20:15:00,8.723,24.798937
2020-06-10 20:30:00,8.512,24.811144
2020-06-10 20:45:00,8.371,24.70632
2020-06-10 21:00:00,8.723,24.669382
2020-06-10 21:15:00,8.723,24.653414
2020-06-10 21:30:00,8.512,24.72176
2020-06-10 21:45:00,8.371,24.729385
2020-06-10 22:00:00,8.442,24.810099
2020-06-10 22:15:00,8.371,24.981464
2020-06-10 22:30:00,8.231,25.090229
2020-06-10 22:45:00,7.879,25.100542
2020-06-10 23:00:00,8.231,25.181757
2020-06-10 23:15:00,7.949,25.288504
2020-06-10 23:30:00,7.809,25.480185
2020-06-10 23:45:00,7.668,25.700987
2020-06-11 00:00:00,8.301,26.023933
2020-06-11 00:15:00,8.442,26.430744
2020-06-11 00:30:00,7.879,24.750933
2020-06-11 00:45:00,7.879,25.257547
2020-06-11 01:00:00,7.879,24.687204
2020-06-11 01:15:00,7.809,23.512455
2020-06-11 01:30:00,7.949,23.825619
2020-06-11 01:45:00,7.809,24.030252
2020-06-11 02:00:00,7.809,24.14924
2020-06-11 02:15:00,8.16,24.248037
2020-06-11 02:30:00,8.02,24.371613
2020-06-11 02:45:00,8.16,24.460955
2020-06-11 03:00:00,7.809,24.491186
2020-06-11 03:15:00,7.738,24.487892
2020-06-11 03:30:00,8.16,24.49372
2020-06-11 03:45:00,8.09,24.54066
2020-06-11 04:00:00,7.949,24.695932
2020-06-11 04:15:00,8.16,24.727125
2020-06-11 04:30:00,8.02,24.816597
2020-06-11 04:45:00,8.02,24.81761
2020-06-11 05:00:00,7.949,24.82395
2020-06-11 05:15:00,7.597,24.920107
2020-06-11 05:30:00,7.879,24.957579
2020-06-11 05:45:00,7.597,24.968039
2020-06-11 06:00:00,8.16,24.991486
2020-06-11 06:15:00,8.231,25.063025
2020-06-11 06:30:00,8.582,25.255085
2020-06-11 06:45:00,8.723,25.189362
2020-06-11 07:00:00,8.512,25.301207
2020-06-11 07:15:00,8.512,25.353765
2020-06-11 07:30:00,8.512,25.250462
2020-06-11 07:45:00,8.582,25.0459
2020-06-11 08:00:00,9.075,24.919222
2020-06-11 08:15:00,9.004,24.859066
2020-06-11 08:30:00,8.934,24.97053
2020-06-11 08:45:00,9.286,24.901876
2020-06-11 09:00:00,9.075,24.858868
2020-06-11 09:15:00,9.004,24.90432
2020-06-11 09:30:00,8.934,24.86386
2020-06-11 09:45:00,9.004,24.784796
2020-06-11 10:00:00,9.004,24.83876
2020-06-11 10:15:00,8.864,24.88044
2020-06-11 10:30:00,9.075,25.021608
2020-06-11 10:45:00,9.075,25.117847
2020-06-11 11:00:00,9.075,25.260176
2020-06-11 11:15:00,9.075,25.361326
2020-06-11 11:30:00,9.145,25.509752
2020-06-11 11:45:00,9.567,25.554388
2020-06-11 12:00:00,9.567,25.650625
2020-06-11 12:15:00,9.567,25.811954
2020-06-11 12:30:00,9.778,25.991526
2020-06-11 12:45:00,10.13,26.133337
2020-06-11 13:00:00,10.2,26.203447
2020-06-11 13:15:00,10.482,26.24031
2020-06-11 13:30:00,10.271,26.29637
2020-06-11 13:45:00,10.833,26.201628
2020-06-11 14:00:00,11.044,26.3761
2020-06-11 14:15:00,10.904,26.552382
2020-06-11 14:30:00,11.537,26.595266
2020-06-11 14:45:00,11.607,26.576372
2020-06-11 15:00:00,12.029,26.5524
2020-06-11 15:15:00,12.17,26.630438
2020-06-11 15:30:00,12.1,26.690096
2020-06-11 15:45:00,12.17,26.487555
2020-06-11 16:00:00,12.17,26.551733
2020-06-11 16:15:00,12.029,26.50361
2020-06-11 16:30:00,12.17,26.615717
2020-06-11 16:45:00,12.381,26.601097
2020-06-11 17:00:00,12.311,26.39078
2020-06-11 17:15:00,11.889,26.27292
2020-06-11 17:30:00,11.326,26.085539
2020-06-11 17:45:00,10.904,25.796206
2020-06-11 18:00:00,10.552,25.678167
2020-06-11 18:15:00,10.482,25.601519
2020-06-11 18:30:00,10.693,25.620043
2020-06-11 18:45:00,10.693,25.497496
2020-06-11 19:00:00,10.904,25.423588
2020-06-11 19:15:00,10.482,25.414236
2020-06-11 19:30:00,10.2,25.346424
2020-06-11 19:45:00,10.271,25.173944
2020-06-11 20:00:00,10.271,25.048128
2020-06-11 20:15:00,10.06,24.998066
2020-06-11 20:30:00,10.13,25.064981
2020-06-11 20:45:00,10.13,25.02421
2020-06-11 21:00:00,10.271,25.01795
2020-06-11 21:15:00,10.2,25.082998
2020-06-11 21:30:00,10.13,25.075472
2020-06-11 21:45:00,9.778,24.97302
2020-06-11 22:00:00,9.778,25.007702
2020-06-11 22:15:00,9.849,25.087019
2020-06-11 22:30:00,9.849,25.226574
2020-06-11 22:45:00,9.708,25.300539
2020-06-11 23:00:00,9.849,25.464828
2020-06-11 23:15:00,10.13,25.783484
2020-06-11 23:30:00,9.919,26.19259
2020-06-11 23:45:00,10.13,26.396082
2020-06-12 00:00:00,10.06,26.588768
2020-06-12 00:15:00,9.778,26.891188
2020-06-12 00:30:00,9.638,25.27605
2020-06-12 00:45:00,9.849,26.071302
2020-06-12 01:00:00,9.778,25.545717
2020-06-12 01:15:00,9.778,24.32711
2020-06-12 01:30:00,9.708,24.465422
2020-06-12 01:45:00,9.426,24.569109
2020-06-12 02:00:00,9.497,24.751165
2020-06-12 02:15:00,9.638,24.960732
2020-06-12 02:30:00,9.497,25.144224
2020-06-12 02:45:00,9.778,25.254583
2020-06-12 03:00:00,9.849,25.32635
2020-06-12 03:15:00,9.497,25.371931
2020-06-12 03:30:00,9.778,25.464262
2020-06-12 03:45:00,9.778,25.427767
2020-06-12 04:00:00,9.708,25.407179
2020-06-12 04:15:00,9.638,25.484484
2020-06-12 04:30:00,9.638,25.51284
2020-06-12 04:45:00,9.356,25.519453
2020-06-12 05:00:00,9.497,25.541529
2020-06-12 05:15:00,9.215,25.551018
2020-06-12 05:30:00,9.356,25.633127
2020-06-12 05:45:00,9.145,25.651634
2020-06-12 06:00:00,9.567,25.666082
2020-06-12 06:15:00,9.778,25.77874
2020-06-12 06:30:00,10.13,25.859495
2020-06-12 06:45:00,10.13,25.80155
2020-06-12 07:00:00,10.341,25.858852
2020-06-12 07:15:00,10.693,25.956968
2020-06-12 07:30:00,10.763,25.925142
2020-06-12 07:45:00,10.622,25.86448
2020-06-12 08:00:00,10.411,25.995022
2020-06-12 08:15:00,10.2,26.107801
2020-06-12 08:30:00,10.341,26.399836
2020-06-12 08:45:00,10.552,26.579126
2020-06-12 09:00:00,10.622,26.591522
2020-06-12 09:15:00,10.341,26.819347
2020-06-12 09:30:00,10.482,26.989546
2020-06-12 09:45:00,10.06,26.893312
2020-06-12 10:00:00,10.271,26.887833
2020-06-12 10:15:00,10.482,26.827105
2020-06-12 10:30:00,10.622,26.828981
2020-06-12 10:45:00,10.622,26.739695
2020-06-12 11:00:00,10.341,26.808178
2020-06-12 11:15:00,10.271,26.87411
2020-06-12 11:30:00,10.271,27.088264
2020-06-12 11:45:00,10.552,27.192644
2020-06-12 12:00:00,10.833,27.255198
2020-06-12 12:15:00,10.974,27.307491
2020-06-12 12:30:00,11.396,27.323187
2020-06-12 12:45:00,11.326,27.221378
2020-06-12 13:00:00,11.537,27.25034
2020-06-12 13:15:00,12.029,27.371525
2020-06-12 13:30:00,11.889,27.532282
2020-06-12 13:45:00,11.678,27.514608
2020-06-12 14:00:00,12.1,27.478743
2020-06-12 14:15:00,13.085,27.488878
2020-06-12 14:30:00,12.944,27.437624
2020-06-12 14:45:00,13.085,27.423635
2020-06-12 15:00:00,13.577,27.451723
2020-06-12 15:15:00,13.858,27.40909
2020-06-12 15:30:00,14.21,27.439257
2020-06-12 15:45:00,14.351,27.292377
2020-06-12 16:00:00,14.28,27.151554
2020-06-12 16:15:00,14.491,27.112322
2020-06-12 16:30:00,14.421,27.066519
2020-06-12 16:45:00,14.069,26.994337
2020-06-12 17:00:00,13.507,27.04106
2020-06-12 17:15:00,13.296,27.015541
2020-06-12 17:30:00,13.718,26.977978
2020-06-12 17:45:00,13.718,26.796675
2020-06-12 18:00:00,13.929,26.718016
2020-06-12 18:15:00,13.225,26.687391
2020-06-12 18:30:00,12.24,26.69184
2020-06-12 18:45:00,12.029,26.582102
2020-06-12 19:00:00,12.029,26.49172
2020-06-12 19:15:00,11.748,26.36909
2020-06-12 19:30:00,11.818,26.22833
2020-06-12 19:45:00,11.748,25.97745
2020-06-12 20:00:00,11.678,25.800833
2020-06-12 20:15:00,11.467,25.69787
2020-06-12 20:30:00,11.326,25.686884
2020-06-12 20:45:00,10.974,25.580112
2020-06-12 21:00:00,11.044,25.545837
2020-06-12 21:15:00,11.044,25.535688
2020-06-12 21:30:00,10.833,25.54444
2020-06-12 21:45:00,10.833,25.539427
2020-06-12 22:00:00,10.904,25.587042
2020-06-12 22:15:00,10.833,25.701214
2020-06-12 22:30:00,11.115,25.93847
2020-06-12 22:45:00,11.115,25.973064
2020-06-12 23:00:00,11.185,26.138884
2020-06-12 23:15:00,11.044,26.383883
2020-06-12 23:30:00,10.974,26.657938
2020-06-12 23:45:00,10.904,26.91718
2020-06-13 00:00:00,11.185,27.10163
2020-06-13 00:15:00,11.044,27.410902
2020-06-13 00:30:00,10.833,25.847359
2020-06-13 00:45:00,10.833,26.740713
2020-06-13 01:00:00,10.763,26.335112
2020-06-13 01:15:00,10.974,25.320166
2020-06-13 01:30:00,10.904,25.419466
2020-06-13 01:45:00,11.044,25.46742
2020-06-13 02:00:00,10.904,25.572702
2020-06-13 02:15:00,10.833,25.69686
2020-06-13 02:30:00,10.833,25.762535
2020-06-13 02:45:00,11.044,25.757706
2020-06-13 03:00:00,10.833,25.981165
2020-06-13 03:15:00,10.833,26.150158
2020-06-13 03:30:00,10.833,26.366095
2020-06-13 03:45:00,10.833,26.286688
2020-06-13 04:00:00,10.833,26.331194
2020-06-13 04:15:00,10.833,26.31828
2020-06-13 04:30:00,10.904,26.406727
2020-06-13 04:45:00,10.974,26.437391
2020-06-13 05:00:00,10.622,26.528576
2020-06-13 05:15:00,10.2,26.569292
2020-06-13 05:30:00,10.13,26.598265
2020-06-13 05:45:00,10.622,26.455914
2020-06-13 06:00:00,10.974,26.373594
2020-06-13 06:15:00,11.185,26.430328
2020-06-13 06:30:00,11.537,26.584574
2020-06-13 06:45:00,11.256,26.531347
2020-06-13 07:00:00,11.467,26.452116
2020-06-13 07:15:00,11.326,26.486805
2020-06-13 07:30:00,11.678,26.684603
2020-06-13 07:45:00,11.748,26.714537
2020-06-13 08:00:00,11.818,26.7453
2020-06-13 08:15:00,11.678,26.866346
2020-06-13 08:30:00,11.678,27.013388
2020-06-13 08:45:00,11.607,26.97666
2020-06-13 09:00:00,11.185,27.106005
2020-06-13 09:15:00,11.115,27.188524
2020-06-13 09:30:00,11.467,27.322956
2020-06-13 09:45:00,11.467,27.364416
2020-06-13 10:00:00,11.185,27.34868
2020-06-13 10:15:00,11.044,27.30371
2020-06-13 10:30:00,11.537,27.266813
2020-06-13 10:45:00,11.607,27.218954
2020-06-13 11:00:00,11.537,27.171232
2020-06-13 11:15:00,11.818,27.245901
2020-06-13 11:30:00,11.396,27.29933
2020-06-13 11:45:00,11.678,27.235975
2020-06-13 12:00:00,11.326,27.230066
2020-06-13 12:15:00,11.818,27.175896
2020-06-13 12:30:00,11.889,27.16864
2020-06-13 12:45:00,12.311,27.049288
2020-06-13 13:00:00,12.311,27.048225
2020-06-13 13:15:00,12.874,27.062525
2020-06-13 13:30:00,13.155,27.099642
2020-06-13 13:45:00,13.225,27.061817
2020-06-13 14:00:00,13.296,26.95855
2020-06-13 14:15:00,13.647,26.809294
2020-06-13 14:30:00,13.225,26.84831
2020-06-13 14:45:00,13.718,26.622862
2020-06-13 15:00:00,14.14,26.712637
2020-06-13 15:15:00,14.21,26.966768
2020-06-13 15:30:00,14.351,27.22264
2020-06-13 15:45:00,14.632,27.311419
2020-06-13 16:00:00,14.351,27.202257
2020-06-13 16:15:00,14.28,27.02386
2020-06-13 16:30:00,14.28,26.862389
2020-06-13 16:45:00,14.21,26.66952
2020-06-13 17:00:00,13.647,26.590742
2020-06-13 17:15:00,13.507,26.586283
2020-06-13 17:30:00,13.085,26.577213
2020-06-13 17:45:00,12.662,26.464563
2020-06-13 18:00:00,12.592,26.379725
2020-06-13 18:15:00,12.17,26.285078
2020-06-13 18:30:00,11.678,26.198244
2020-06-13 18:45:00,11.748,26.004898
2020-06-13 19:00:00,11.678,25.88327
2020-06-13 19:15:00,11.185,25.795593
2020-06-13 19:30:00,10.974,25.770012
2020-06-13 19:45:00,11.115,25.63923
2020-06-13 20:00:00,10.904,25.576181
2020-06-13 20:15:00,10.904,25.55173
2020-06-13 20:30:00,10.833,25.56313
2020-06-13 20:45:00,10.622,25.491663
2020-06-13 21:00:00,10.693,25.481737
2020-06-13 21:15:00,10.763,25.534126
2020-06-13 21:30:00,10.974,25.506334
2020-06-13 21:45:00,10.833,25.411924
2020-06-13 22:00:00,10.552,25.398684
2020-06-13 22:15:00,10.763,25.582407
2020-06-13 22:30:00,10.552,26.006477
2020-06-13 22:45:00,10.482,26.079529
2020-06-13 23:00:00,10.552,26.253782
2020-06-13 23:15:00,10.552,26.47152
2020-06-13 23:30:00,10.552,26.732183
2020-06-13 23:45:00,10.622,27.062878
2020-06-14 00:00:00,10.904,27.24152
2020-06-14 00:15:00,10.904,27.371965
2020-06-14 00:30:00,10.904,25.606022
2020-06-14 00:45:00,10.833,26.122335
2020-06-14 01:00:00,10.904,25.632479
2020-06-14 01:15:00,10.833,24.518816
2020-06-14 01:30:00,10.833,24.75575
2020-06-14 01:45:00,10.833,24.87731
2020-06-14 02:00:00,10.693,25.209238
2020-06-14 02:15:00,10.833,25.510935
2020-06-14 02:30:00,10.763,25.664423
2020-06-14 02:45:00,10.833,25.702875
2020-06-14 03:00:00,10.974,25.864853
2020-06-14 03:15:00,10.974,26.10803
2020-06-14 03:30:00,10.763,26.353552
2020-06-14 03:45:00,10.974,26.419228
2020-06-14 04:00:00,11.115,26.501919
2020-06-14 04:15:00,10.974,26.65941
2020-06-14 04:30:00,10.974,26.827986
2020-06-14 04:45:00,11.044,26.926947
2020-06-14 05:00:00,10.833,27.098967
2020-06-14 05:15:00,10.622,27.104933
2020-06-14 05:30:00,10.904,27.216137
2020-06-14 05:45:00,10.904,27.173426
2020-06-14 06:00:00,10.974,27.270632
2020-06-14 06:15:00,10.763,27.28987
2020-06-14 06:30:00,11.115,27.282896
2020-06-14 06:45:00,11.115,27.20365
2020-06-14 07:00:00,10.904,27.054388
2020-06-14 07:15:00,10.833,27.093859
2020-06-14 07:30:00,10.622,27.142408
2020-06-14 07:45:00,10.974,27.164675
2020-06-14 08:00:00,11.115,27.313568
2020-06-14 08:15:00,11.818,27.391901
2020-06-14 08:30:00,11.537,27.557802
2020-06-14 08:45:00,11.537,27.528135
2020-06-14 09:00:00,11.115,27.502306
2020-06-14 09:15:00,10.974,27.541254
2020-06-14 09:30:00,10.974,27.503542
2020-06-14 09:45:00,11.326,27.507668
2020-06-14 10:00:00,11.185,27.508097
2020-06-14 10:15:00,11.326,27.50804
2020-06-14 10:30:00,11.185,27.600866
2020-06-14 10:45:00,10.974,27.490774
2020-06-14 11:00:00,11.256,27.52754
2020-06-14 11:15:00,11.326,27.447592
2020-06-14 11:30:00,11.044,27.457901
2020-06-14 11:45:00,11.326,27.418692
2020-06-14 12:00:00,11.185,27.39752
2020-06-14 12:15:00,11.467,27.374573
2020-06-14 12:30:00,11.537,27.444233
2020-06-14 12:45:00,11.537,27.3156
2020-06-14 13:00:00,11.818,27.216465
2020-06-14 13:15:00,12.1,27.16155
2020-06-14 13:30:00,12.24,27.194996
2020-06-14 13:45:00,12.451,27.07694
2020-06-14 14:00:00,13.296,26.95047
2020-06-14 14:15:00,13.225,26.94943
2020-06-14 14:30:00,13.296,26.95242
2020-06-14 14:45:00,13.366,26.882753
2020-06-14 15:00:00,13.577,26.860853
2020-06-14 15:15:00,13.788,26.895624
2020-06-14 15:30:00,13.436,26.97458
2020-06-14 15:45:00,13.296,26.813387
2020-06-14 16:00:00,13.225,26.750269
2020-06-14 16:15:00,13.507,26.658495
2020-06-14 16:30:00,13.225,26.594194
2020-06-14 16:45:00,13.436,26.486073
2020-06-14 17:00:00,13.085,26.455767
2020-06-14 17:15:00,12.451,26.504839
2020-06-14 17:30:00,12.029,26.545115
2020-06-14 17:45:00,11.537,26.457956
2020-06-14 18:00:00,11.467,26.44008
2020-06-14 18:15:00,11.256,26.414968
2020-06-14 18:30:00,11.326,26.409712
2020-06-14 18:45:00,11.326,26.285217
2020-06-14 19:00:00,11.326,26.2284
2020-06-14 19:15:00,11.678,26.171463
2020-06-14 19:30:00,11.326,26.177053
2020-06-14 19:45:00,11.396,26.084045
2020-06-14 20:00:00,11.326,26.036432
2020-06-14 20:15:00,11.256,26.08213
2020-06-14 20:30:00,11.396,26.140564
2020-06-14 20:45:00,11.396,26.060574
2020-06-14 21:00:00,11.185,26.080404
2020-06-14 21:15:00,10.974,26.09659
2020-06-14 21:30:00,11.256,26.16714
2020-06-14 21:45:00,11.396,26.17838
2020-06-14 22:00:00,11.326,26.335356
2020-06-14 22:15:00,11.115,26.48525
2020-06-14 22:30:00,10.833,26.730104
2020-06-14 22:45:00,10.974,26.807741
2020-06-14 23:00:00,10.622,26.872469
2020-06-14 23:15:00,10.341,27.09842
2020-06-14 23:30:00,10.341,27.33588
2020-06-14 23:45:00,10.341,27.378916
2020-06-15 00:00:00,10.2,27.47624
2020-06-15 00:15:00,10.271,27.691336
2020-06-15 00:30:00,10.2,26.030329
2020-06-15 00:45:00,10.2,27.057955
2020-06-15 01:00:00,10.2,26.66273
2020-06-15 01:15:00,10.13,25.666632
2020-06-15 01:30:00,9.919,25.823166
2020-06-15 01:45:00,9.989,25.96013
2020-06-15 02:00:00,9.849,26.139704
2020-06-15 02:15:00,9.849,26.245714
2020-06-15 02:30:00,9.919,26.388218
2020-06-15 02:45:00,9.849,26.326826
2020-06-15 03:00:00,10.13,26.468935
2020-06-15 03:15:00,10.341,26.56033
2020-06-15 03:30:00,10.904,26.659563
2020-06-15 03:45:00,10.904,26.661173
2020-06-15 04:00:00,10.974,26.720228
2020-06-15 04:15:00,10.833,26.81825
2020-06-15 04:30:00,10.763,26.91796
2020-06-15 04:45:00,10.411,26.878904
2020-06-15 05:00:00,10.2,26.869707
2020-06-15 05:15:00,10.271,26.918474
2020-06-15 05:30:00,10.411,27.01874
2020-06-15 05:45:00,10.552,27.075298
2020-06-15 06:00:00,10.833,27.102139
2020-06-15 06:15:00,11.115,27.290087
2020-06-15 06:30:00,11.607,27.247839
2020-06-15 06:45:00,11.185,27.11962
2020-06-15 07:00:00,11.115,27.210161
2020-06-15 07:15:00,10.974,27.20119
2020-06-15 07:30:00,10.974,27.366034
2020-06-15 07:45:00,10.904,27.426184
2020-06-15 08:00:00,11.537,27.390593
2020-06-15 08:15:00,11.256,27.474833
2020-06-15 08:30:00,11.044,27.671938
2020-06-15 08:45:00,11.044,27.751566
2020-06-15 09:00:00,10.552,27.894567
2020-06-15 09:15:00,10.552,28.065477
2020-06-15 09:30:00,10.2,28.110367
2020-06-15 09:45:00,10.06,28.042582
2020-06-15 10:00:00,10.482,28.07537
2020-06-15 10:15:00,10.482,28.175196
2020-06-15 10:30:00,10.411,28.356577
2020-06-15 10:45:00,10.341,28.448694
2020-06-15 11:00:00,10.341,28.651731
2020-06-15 11:15:00,10.482,28.797592
2020-06-15 11:30:00,10.622,28.95861
2020-06-15 11:45:00,10.763,28.943789
2020-06-15 12:00:00,10.904,28.948687
2020-06-15 12:15:00,10.904,29.00228
2020-06-15 12:30:00,10.763,29.099619
2020-06-15 12:45:00,10.833,28.938448
2020-06-15 13:00:00,11.115,28.804762
2020-06-15 13:15:00,10.974,28.704912
2020-06-15 13:30:00,11.256,28.618631
2020-06-15 13:45:00,11.678,28.59043
2020-06-15 14:00:00,11.256,28.616734
2020-06-15 14:15:00,11.326,28.689722
2020-06-15 14:30:00,11.607,28.68725
2020-06-15 14:45:00,11.537,28.681444
2020-06-15 15:00:00,11.818,28.644339
2020-06-15 15:15:00,12.029,28.575329
2020-06-15 15:30:00,11.889,28.661497
2020-06-15 15:45:00,11.889,28.506441
2020-06-15 16:00:00,12.381,28.420624
2020-06-15 16:15:00,12.311,28.377657
2020-06-15 16:30:00,12.24,28.256151
2020-06-15 16:45:00,12.24,28.098166
2020-06-15 17:00:00,11.959,27.966404
2020-06-15 17:15:00,11.326,27.850061
2020-06-15 17:30:00,11.467,27.762342
2020-06-15 17:45:00,11.748,27.566944
2020-06-15 18:00:00,11.748,27.456848
2020-06-15 18:15:00,11.748,27.370039
2020-06-15 18:30:00,11.326,27.312521
2020-06-15 18:45:00,10.974,27.169888
2020-06-15 19:00:00,10.482,27.09266
2020-06-15 19:15:00,10.271,27.019434
2020-06-15 19:30:00,10.06,26.939596
2020-06-15 19:45:00,9.919,26.735598
2020-06-15 20:00:00,9.849,26.617903
2020-06-15 20:15:00,9.708,26.570091
2020-06-15 20:30:00,9.778,26.632551
2020-06-15 20:45:00,9.567,26.580824
2020-06-15 21:00:00,9.426,26.562494
2020-06-15 21:15:00,9.356,26.58002
2020-06-15 21:30:00,9.426,26.622374
2020-06-15 21:45:00,9.356,26.600695
2020-06-15 22:00:00,9.497,26.671112
2020-06-15 22:15:00,9.356,26.73905
2020-06-15 22:30:00,9.497,26.871155
2020-06-15 22:45:00,9.426,26.994942
2020-06-15 23:00:00,9.426,27.23287
2020-06-15 23:15:00,9.567,27.583485
2020-06-15 23:30:00,9.286,28.099401
2020-06-15 23:45:00,9.356,28.210394
2020-06-16 00:00:00,9.215,28.445002
2020-06-16 00:15:00,9.145,28.633959
2020-06-16 00:30:00,9.215,26.797918
2020-06-16 00:45:00,9.215,27.654467
2020-06-16 01:00:00,9.286,27.16971
2020-06-16 01:15:00,9.286,26.20254
2020-06-16 01:30:00,9.145,26.381563
2020-06-16 01:45:00,9.075,26.38701
2020-06-16 02:00:00,9.004,26.473303
2020-06-16 02:15:00,8.723,26.577684
2020-06-16 02:30:00,8.934,26.75981
2020-06-16 02:45:00,8.864,26.719168
2020-06-16 03:00:00,8.864,26.734121
2020-06-16 03:15:00,8.512,26.750166
2020-06-16 03:30:00,8.582,26.93865
2020-06-16 03:45:00,8.653,26.925133
2020-06-16 04:00:00,8.512,26.953588
2020-06-16 04:15:00,8.582,26.944609
2020-06-16 04:30:00,8.442,26.858992
2020-06-16 04:45:00,8.442,26.908194
2020-06-16 05:00:00,8.512,26.943846
2020-06-16 05:15:00,8.512,27.020311
2020-06-16 05:30:00,8.512,27.215769
2020-06-16 05:45:00,8.371,27.123545
2020-06-16 06:00:00,8.582,27.25273
2020-06-16 06:15:00,8.512,27.415926
2020-06-16 06:30:00,8.723,27.4505
2020-06-16 06:45:00,8.582,27.422861
2020-06-16 07:00:00,8.793,27.415022
2020-06-16 07:15:00,9.004,27.386396
2020-06-16 07:30:00,9.004,27.441679
2020-06-16 07:45:00,9.004,27.400927
2020-06-16 08:00:00,9.426,27.434216
2020-06-16 08:15:00,9.426,27.450266
2020-06-16 08:30:00,8.864,27.650269
2020-06-16 08:45:00,8.723,27.622652
2020-06-16 09:00:00,8.723,27.634218
2020-06-16 09:15:00,8.723,27.815731
2020-06-16 09:30:00,8.723,27.859617
2020-06-16 09:45:00,8.934,27.765532
2020-06-16 10:00:00,9.145,27.855024
2020-06-16 10:15:00,9.145,27.866339
2020-06-16 10:30:00,8.864,28.049168
2020-06-16 10:45:00,8.934,28.134756
2020-06-16 11:00:00,9.004,28.1462
2020-06-16 11:15:00,8.934,28.270727
2020-06-16 11:30:00,9.004,28.462767
2020-06-16 11:45:00,9.145,28.461699
2020-06-16 12:00:00,9.215,28.500635
2020-06-16 12:15:00,9.286,28.376776
2020-06-16 12:30:00,9.426,28.401022
2020-06-16 12:45:00,9.497,28.174622
2020-06-16 13:00:00,9.426,28.00506
2020-06-16 13:15:00,9.497,27.9055
2020-06-16 13:30:00,9.778,27.723875
2020-06-16 13:45:00,9.989,27.729162
2020-06-16 14:00:00,10.13,27.76032
2020-06-16 14:15:00,10.2,27.69216
2020-06-16 14:30:00,10.552,27.533146
2020-06-16 14:45:00,10.693,27.278961
2020-06-16 15:00:00,10.763,27.33333
2020-06-16 15:15:00,10.763,27.349512
2020-06-16 15:30:00,10.833,27.394268
2020-06-16 15:45:00,10.622,27.331484
2020-06-16 16:00:00,10.552,27.269197
2020-06-16 16:15:00,10.13,27.22746
2020-06-16 16:30:00,10.341,27.203094
2020-06-16 16:45:00,10.271,27.069616
2020-06-16 17:00:00,9.919,26.95213
2020-06-16 17:15:00,9.708,26.907293
2020-06-16 17:30:00,9.708,26.897005
2020-06-16 17:45:00,9.567,26.744486
2020-06-16 18:00:00,9.356,26.579905
2020-06-16 18:15:00,9.497,26.465275
2020-06-16 18:30:00,9.215,26.401472
2020-06-16 18:45:00,9.567,26.254362
2020-06-16 19:00:00,9.215,26.157064
2020-06-16 19:15:00,9.075,26.049326
2020-06-16 19:30:00,8.793,25.92111
2020-06-16 19:45:00,8.864,25.706514
2020-06-16 20:00:00,9.215,25.570496
2020-06-16 20:15:00,8.934,25.474707
2020-06-16 20:30:00,8.723,25.501009
2020-06-16 20:45:00,8.512,25.426828
2020-06-16 21:00:00,8.442,25.400295
2020-06-16 21:15:00,8.442,25.408897
2020-06-16 21:30:00,8.371,25.405226
2020-06-16 21:45:00,8.442,25.313772
2020-06-16 22:00:00,8.512,25.38783
2020-06-16 22:15:00,8.16,25.5889
2020-06-16 22:30:00,8.371,25.915663
2020-06-16 22:45:00,8.371,26.071392
2020-06-16 23:00:00,8.301,26.2791
2020-06-16 23:15:00,8.231,26.56747
2020-06-16 23:30:00,8.442,27.025024
2020-06-16 23:45:00,8.371,27.158428
2020-06-17 00:00:00,8.16,27.403492
2020-06-17 00:15:00,8.301,27.644407
2020-06-17 00:30:00,8.16,25.950445
2020-06-17 00:45:00,8.371,26.81701
2020-06-17 01:00:00,8.512,26.35697
2020-06-17 01:15:00,8.301,25.260162
2020-06-17 01:30:00,8.16,25.457745
2020-06-17 01:45:00,8.231,25.499273
2020-06-17 02:00:00,8.02,25.771175
2020-06-17 02:15:00,8.09,26.000555
2020-06-17 02:30:00,8.371,26.153673
2020-06-17 02:45:00,8.301,26.265177
2020-06-17 03:00:00,8.02,26.337458
2020-06-17 03:15:00,8.02,26.490467
2020-06-17 03:30:00,8.09,26.640818
2020-06-17 03:45:00,8.16,26.569666
2020-06-17 04:00:00,8.02,26.500324
2020-06-17 04:15:00,7.738,26.618902
2020-06-17 04:30:00,7.668,26.874931
2020-06-17 04:45:00,7.949,27.022398
2020-06-17 05:00:00,7.949,27.066656
2020-06-17 05:15:00,7.879,27.089687
2020-06-17 05:30:00,7.809,27.008093
2020-06-17 05:45:00,7.809,26.939653
2020-06-17 06:00:00,7.668,27.04738
2020-06-17 06:15:00,8.231,27.050524
2020-06-17 06:30:00,8.09,27.017378
2020-06-17 06:45:00,8.09,26.813007
2020-06-17 07:00:00,7.949,26.807013
2020-06-17 07:15:00,7.738,26.82121
2020-06-17 07:30:00,7.809,26.80153
2020-06-17 07:45:00,8.02,26.781599
2020-06-17 08:00:00,8.231,26.760674
2020-06-17 08:15:00,8.231,26.741385
2020-06-17 08:30:00,7.879,26.994583
2020-06-17 08:45:00,8.09,26.939238
2020-06-17 09:00:00,8.371,26.935034
2020-06-17 09:15:00,8.371,26.99042
2020-06-17 09:30:00,8.442,27.07006
2020-06-17 09:45:00,8.582,27.054558
2020-06-17 10:00:00,8.442,26.89179
2020-06-17 10:15:00,8.512,26.810598
2020-06-17 10:30:00,8.582,26.78718
2020-06-17 10:45:00,8.723,26.795341
2020-06-17 11:00:00,8.653,26.923052
2020-06-17 11:15:00,9.004,27.044043
2020-06-17 11:30:00,9.356,27.073954
2020-06-17 11:45:00,9.145,26.84202
2020-06-17 12:00:00,9.286,26.696762
2020-06-17 12:15:00,9.426,26.61082
2020-06-17 12:30:00,9.567,26.73279
2020-06-17 12:45:00,10.06,26.73186
2020-06-17 13:00:00,10.271,26.886696
2020-06-17 13:15:00,10.693,26.976381
2020-06-17 13:30:00,10.833,26.981682
2020-06-17 13:45:00,10.904,26.913755
2020-06-17 14:00:00,11.326,26.982113
2020-06-17 14:15:00,11.678,27.113935
2020-06-17 14:30:00,11.818,27.314959
2020-06-17 14:45:00,11.889,27.362856
2020-06-17 15:00:00,12.451,27.388147
2020-06-17 15:15:00,12.17,27.327662
2020-06-17 15:30:00,12.24,27.343683
2020-06-17 15:45:00,12.451,27.301777
2020-06-17 16:00:00,12.381,27.253191
2020-06-17 16:15:00,12.381,27.264376
2020-06-17 16:30:00,12.029,27.281452
2020-06-17 16:45:00,12.24,27.103193
2020-06-17 17:00:00,11.537,26.935822
2020-06-17 17:15:00,11.396,26.75712
2020-06-17 17:30:00,11.537,26.557222
2020-06-17 17:45:00,11.467,26.325354
2020-06-17 18:00:00,11.326,26.187277
2020-06-17 18:15:00,11.115,26.11318
2020-06-17 18:30:00,10.974,26.078669
2020-06-17 18:45:00,10.974,25.903374
2020-06-17 19:00:00,10.833,25.77238
2020-06-17 19:15:00,10.693,25.626637
2020-06-17 19:30:00,10.482,25.422155
2020-06-17 19:45:00,10.482,25.185896
2020-06-17 20:00:00,10.271,25.031408
2020-06-17 20:15:00,10.2,24.953993
2020-06-17 20:30:00,10.341,25.026001
2020-06-17 20:45:00,10.2,24.975874
2020-06-17 21:00:00,10.2,25.001001
2020-06-17 21:15:00,10.2,25.017908
2020-06-17 21:30:00,9.919,25.05497
2020-06-17 21:45:00,9.919,25.07044
2020-06-17 22:00:00,9.638,25.153856
2020-06-17 22:15:00,9.638,25.45899
2020-06-17 22:30:00,9.497,25.72143
2020-06-17 22:45:00,9.567,25.848867
2020-06-17 23:00:00,9.567,26.095514
2020-06-17 23:15:00,9.426,26.399382
2020-06-17 23:30:00,9.567,26.838804
2020-06-17 23:45:00,9.497,27.032267
2020-06-18 00:00:00,9.286,27.331348
2020-06-18 00:15:00,9.497,27.619144
2020-06-18 00:30:00,9.426,25.885542
2020-06-18 00:45:00,9.215,26.567675
2020-06-18 01:00:00,9.215,26.083504
2020-06-18 01:15:00,9.215,24.868097
2020-06-18 01:30:00,9.075,24.996061
2020-06-18 01:45:00,9.286,24.980015
2020-06-18 02:00:00,9.215,25.091238
2020-06-18 02:15:00,9.075,25.231108
2020-06-18 02:30:00,9.004,25.272333
2020-06-18 02:45:00,8.934,25.36993
2020-06-18 03:00:00,8.864,25.389395
2020-06-18 03:15:00,8.864,25.360788
2020-06-18 03:30:00,8.934,25.530138
2020-06-18 03:45:00,8.793,25.56624
2020-06-18 04:00:00,9.075,25.571953
2020-06-18 04:15:00,9.075,25.660955
2020-06-18 04:30:00,8.864,25.661448
2020-06-18 04:45:00,8.934,25.635881
2020-06-18 05:00:00,9.004,25.705189
2020-06-18 05:15:00,9.075,25.66095
2020-06-18 05:30:00,8.793,25.740124
2020-06-18 05:45:00,8.723,25.691505
2020-06-18 06:00:00,9.215,25.760767
2020-06-18 06:15:00,8.934,25.910372
2020-06-18 06:30:00,9.215,26.0038
2020-06-18 06:45:00,9.075,25.889023
2020-06-18 07:00:00,9.286,25.87382
2020-06-18 07:15:00,9.075,25.93825
2020-06-18 07:30:00,9.426,26.103302
2020-06-18 07:45:00,9.356,26.107649
2020-06-18 08:00:00,9.145,26.17486
2020-06-18 08:15:00,9.215,26.196169
2020-06-18 08:30:00,9.426,26.338861
2020-06-18 08:45:00,9.426,26.433367
2020-06-18 09:00:00,9.778,26.444605
2020-06-18 09:15:00,9.708,26.559065
2020-06-18 09:30:00,9.778,26.728586
2020-06-18 09:45:00,9.849,26.541101
2020-06-18 10:00:00,9.989,26.370134
2020-06-18 10:15:00,10.13,26.178495
2020-06-18 10:30:00,10.271,25.947256
2020-06-18 10:45:00,10.271,25.800623
2020-06-18 11:00:00,10.06,25.825777
2020-06-18 11:15:00,10.482,25.858435
2020-06-18 11:30:00,10.552,26.068344
2020-06-18 11:45:00,10.622,26.19002
2020-06-18 12:00:00,10.833,26.15
2020-06-18 12:15:00,10.904,26.232584
2020-06-18 12:30:00,11.044,26.226719
2020-06-18 12:45:00,11.326,26.154043
2020-06-18 13:00:00,11.185,26.181765
2020-06-18 13:15:00,11.396,26.082232
2020-06-18 13:30:00,11.396,26.258474
2020-06-18 13:45:00,11.889,26.313974
2020-06-18 14:00:00,11.959,26.337229
2020-06-18 14:15:00,11.818,26.280416
2020-06-18 14:30:00,12.522,26.26217
2020-06-18 14:45:00,12.381,26.143532
2020-06-18 15:00:00,13.085,26.04917
2020-06-18 15:15:00,13.085,26.087717
2020-06-18 15:30:00,12.733,25.994375
2020-06-18 15:45:00,12.803,25.863386
2020-06-18 16:00:00,11.959,25.771252
2020-06-18 16:15:00,12.1,25.621578
2020-06-18 16:30:00,12.1,25.500364
2020-06-18 16:45:00,12.1,25.343443
2020-06-18 17:00:00,12.029,25.229822
2020-06-18 17:15:00,11.748,25.149958
2020-06-18 17:30:00,11.818,25.111246
2020-06-18 17:45:00,12.029,24.978724
2020-06-18 18:00:00,12.029,24.909216
2020-06-18 18:15:00,12.029,24.878885
2020-06-18 18:30:00,11.748,24.90552
2020-06-18 18:45:00,11.818,24.806952
2020-06-18 19:00:00,11.818,24.745474
2020-06-18 19:15:00,11.326,24.709444
2020-06-18 19:30:00,11.185,24.649683
2020-06-18 19:45:00,10.763,24.491568
2020-06-18 20:00:00,10.622,24.418642
2020-06-18 20:15:00,10.552,24.399515
2020-06-18 20:30:00,10.271,24.502575
2020-06-18 20:45:00,10.13,24.515062
2020-06-18 21:00:00,10.2,24.565344
2020-06-18 21:15:00,10.2,24.635569
2020-06-18 21:30:00,10.13,24.779186
2020-06-18 21:45:00,10.271,24.86727
2020-06-18 22:00:00,10.13,25.048676
2020-06-18 22:15:00,10.271,25.316538
2020-06-18 22:30:00,10.271,25.526535
2020-06-18 22:45:00,10.06,25.65754
2020-06-18 23:00:00,10.271,25.847979
2020-06-18 23:15:00,9.849,25.99241
2020-06-18 23:30:00,9.567,26.288298
2020-06-18 23:45:00,9.638,26.39424
2020-06-19 00:00:00,9.778,26.474062
2020-06-19 00:15:00,9.567,26.725418
2020-06-19 00:30:00,9.567,24.921888
2020-06-19 00:45:00,9.426,25.640984
2020-06-19 01:00:00,9.215,25.214994
2020-06-19 01:15:00,9.215,24.075361
2020-06-19 01:30:00,9.215,24.137499
2020-06-19 01:45:00,9.426,24.030909
2020-06-19 02:00:00,9.215,24.003248
2020-06-19 02:15:00,9.215,23.977228
2020-06-19 02:30:00,9.215,24.040451
2020-06-19 02:45:00,9.215,24.066942
2020-06-19 03:00:00,9.075,24.071882
2020-06-19 03:15:00,9.004,24.186401
2020-06-19 03:30:00,9.004,24.346376
2020-06-19 03:45:00,9.004,24.31527
2020-06-19 04:00:00,9.004,24.283857
2020-06-19 04:15:00,9.075,24.355192
2020-06-19 04:30:00,9.356,24.354807
2020-06-19 04:45:00,9.356,24.294363
2020-06-19 05:00:00,9.145,24.373083
2020-06-19 05:15:00,9.004,24.39966
2020-06-19 05:30:00,8.864,24.55815
2020-06-19 05:45:00,9.215,24.512236
2020-06-19 06:00:00,9.638,24.598606
2020-06-19 06:15:00,9.497,24.679148
2020-06-19 06:30:00,9.708,24.805632
2020-06-19 06:45:00,9.497,24.71987
2020-06-19 07:00:00,9.497,24.654863
2020-06-19 07:15:00,9.567,24.709053
2020-06-19 07:30:00,9.567,24.914736
2020-06-19 07:45:00,9.356,25.098957
2020-06-19 08:00:00,9.075,25.348402
2020-06-19 08:15:00,9.145,25.584652
2020-06-19 08:30:00,9.286,25.846895
2020-06-19 08:45:00,9.356,26.08761
2020-06-19 09:00:00,9.356,26.310978
2020-06-19 09:15:00,9.567,26.620037
2020-06-19 09:30:00,9.567,26.698488
2020-06-19 09:45:00,9.849,26.515383
2020-06-19 10:00:00,9.778,26.4236
2020-06-19 10:15:00,10.13,26.286636
2020-06-19 10:30:00,10.13,26.404375
2020-06-19 10:45:00,10.13,26.492592
2020-06-19 11:00:00,9.849,26.566551
2020-06-19 11:15:00,9.989,26.495153
2020-06-19 11:30:00,9.778,26.49046
2020-06-19 11:45:00,9.638,26.350843
2020-06-19 12:00:00,10.13,26.226294
2020-06-19 12:15:00,9.778,26.155573
2020-06-19 12:30:00,10.13,26.130972
2020-06-19 12:45:00,9.849,25.885132
2020-06-19 13:00:00,9.778,25.883295
2020-06-19 13:15:00,9.426,26.021517
2020-06-19 13:30:00,9.215,26.066675
2020-06-19 13:45:00,5.839,26.069803
2020-06-19 14:00:00,5.557,26.025202
2020-06-19 14:15:00,5.487,26.01573
2020-06-19 14:30:00,5.698,26.146288
2020-06-19 14:45:00,4.995,26.007277
2020-06-19 15:00:00,5.628,25.917418
2020-06-19 15:15:00,4.995,25.95226
2020-06-19 15:30:00,5.206,25.934942
2020-06-19 15:45:00,4.924,25.865246
2020-06-19 16:00:00,4.643,25.803017
2020-06-19 16:15:00,6.261,25.668089
2020-06-19 16:30:00,6.683,25.584616
2020-06-19 16:45:00,5.417,25.45942
2020-06-19 17:00:00,5.276,25.369753
2020-06-19 17:15:00,6.05,25.351606
2020-06-19 17:30:00,6.261,25.337763
2020-06-19 17:45:00,6.824,25.186382
2020-06-19 18:00:00,6.683,25.158049
2020-06-19 18:15:00,6.472,25.070974
2020-06-19 18:30:00,6.402,25.00057
2020-06-19 18:45:00,6.753,24.79006
2020-06-19 19:00:00,6.753,24.629198
2020-06-19 19:15:00,6.613,24.563917
2020-06-19 19:30:00,6.894,24.537287
2020-06-19 19:45:00,6.964,24.46056
2020-06-19 20:00:00,7.105,24.414236
2020-06-19 20:15:00,5.135,24.36783
2020-06-19 20:30:00,4.854,24.409754
2020-06-19 20:45:00,4.573,24.351652
2020-06-19 21:00:00,4.573,24.338375
2020-06-19 21:15:00,4.643,24.36955
2020-06-19 21:30:00,5.065,24.478992
2020-06-19 21:45:00,5.417,24.460588
2020-06-19 22:00:00,5.135,24.50598
2020-06-19 22:15:00,5.557,24.619236
2020-06-19 22:30:00,5.417,24.819094
2020-06-19 22:45:00,6.191,24.901386
2020-06-19 23:00:00,5.909,25.120522
2020-06-19 23:15:00,6.191,25.32329
2020-06-19 23:30:00,6.613,25.47263
2020-06-19 23:45:00,6.964,25.600752
2020-06-20 00:00:00,6.542,25.759739
2020-06-20 00:15:00,6.613,26.01882
2020-06-20 00:30:00,6.964,24.474949
2020-06-20 00:45:00,7.246,25.314304
2020-06-20 01:00:00,7.316,24.948538
2020-06-20 01:15:00,7.386,23.949915
2020-06-20 01:30:00,7.105,24.122782
2020-06-20 01:45:00,7.035,24.291563
2020-06-20 02:00:00,6.964,24.464073
2020-06-20 02:15:00,7.246,24.637949
2020-06-20 02:30:00,7.316,24.838749
2020-06-20 02:45:00,6.964,24.80947
2020-06-20 03:00:00,7.105,24.892506
2020-06-20 03:15:00,7.316,24.922955
2020-06-20 03:30:00,7.316,25.090288
2020-06-20 03:45:00,7.316,25.096916
2020-06-20 04:00:00,7.105,25.17175
2020-06-20 04:15:00,7.105,25.22863
2020-06-20 04:30:00,7.035,25.240992
2020-06-20 04:45:00,7.175,25.155342
2020-06-20 05:00:00,7.105,25.282537
2020-06-20 05:15:00,7.386,25.427092
2020-06-20 05:30:00,7.035,25.56761
2020-06-20 05:45:00,6.894,25.602427
2020-06-20 06:00:00,7.316,25.648401
2020-06-20 06:15:00,7.316,25.861242
2020-06-20 06:30:00,7.316,26.074518
2020-06-20 06:45:00,7.316,26.192657
2020-06-20 07:00:00,7.457,26.26975
2020-06-20 07:15:00,7.457,26.336374
2020-06-20 07:30:00,7.316,26.361893
2020-06-20 07:45:00,7.386,26.374886
2020-06-20 08:00:00,7.105,26.495623
2020-06-20 08:15:00,6.964,26.571524
2020-06-20 08:30:00,7.105,26.71692
2020-06-20 08:45:00,7.035,26.694933
2020-06-20 09:00:00,7.457,26.662493
2020-06-20 09:15:00,7.809,26.699902
2020-06-20 09:30:00,7.738,26.804926
2020-06-20 09:45:00,7.668,26.688261
2020-06-20 10:00:00,8.09,26.582237
2020-06-20 10:15:00,7.597,26.396353
2020-06-20 10:30:00,7.668,26.409052
2020-06-20 10:45:00,8.16,26.301088
2020-06-20 11:00:00,8.09,26.210024
2020-06-20 11:15:00,8.371,26.23244
2020-06-20 11:30:00,8.16,26.234146
2020-06-20 11:45:00,8.16,26.09817
2020-06-20 12:00:00,8.512,26.020893
2020-06-20 12:15:00,8.442,25.837519
2020-06-20 12:30:00,8.723,25.734358
2020-06-20 12:45:00,8.582,25.52712
2020-06-20 13:00:00,8.371,25.475847
2020-06-20 13:15:00,8.231,25.467701
2020-06-20 13:30:00,8.512,25.529398
2020-06-20 13:45:00,8.442,25.484356
2020-06-20 14:00:00,8.934,25.40518
2020-06-20 14:15:00,8.864,25.534054
2020-06-20 14:30:00,8.934,25.605299
2020-06-20 14:45:00,8.864,25.494955
2020-06-20 15:00:00,8.723,25.46306
2020-06-20 15:15:00,8.723,25.482069
2020-06-20 15:30:00,8.723,25.501554
2020-06-20 15:45:00,8.723,25.542513
2020-06-20 16:00:00,8.864,25.607763
2020-06-20 16:15:00,9.004,25.567087
2020-06-20 16:30:00,9.215,25.50062
2020-06-20 16:45:00,9.215,25.389254
2020-06-20 17:00:00,9.286,25.369032
2020-06-20 17:15:00,9.215,25.381794
2020-06-20 17:30:00,9.356,25.47809
2020-06-20 17:45:00,9.145,25.399107
2020-06-20 18:00:00,9.145,25.381327
2020-06-20 18:15:00,9.215,25.39339
2020-06-20 18:30:00,9.286,25.395115
2020-06-20 18:45:00,9.286,25.291025
2020-06-20 19:00:00,9.286,25.214697
2020-06-20 19:15:00,9.215,25.203054
2020-06-20 19:30:00,9.215,25.220095
2020-06-20 19:45:00,9.215,25.128412
2020-06-20 20:00:00,9.215,25.115938
2020-06-20 20:15:00,8.864,25.12396
2020-06-20 20:30:00,8.934,25.173628
2020-06-20 20:45:00,9.004,25.121973
2020-06-20 21:00:00,8.653,25.09091
2020-06-20 21:15:00,8.723,25.080214
2020-06-20 21:30:00,8.934,25.094137
2020-06-20 21:45:00,8.723,25.028723
2020-06-20 22:00:00,8.723,25.052137
2020-06-20 22:15:00,8.793,25.160479
2020-06-20 22:30:00,8.653,25.411194
2020-06-20 22:45:00,8.934,25.435823
2020-06-20 23:00:00,9.004,25.558
2020-06-20 23:15:00,8.864,25.833488
2020-06-20 23:30:00,8.934,26.070818
2020-06-20 23:45:00,8.864,26.331009
2020-06-21 00:00:00,9.004,26.69961
2020-06-21 00:15:00,8.582,26.881231
2020-06-21 00:30:00,8.723,25.18065
2020-06-21 00:45:00,9.004,25.980955
2020-06-21 01:00:00,8.934,25.437101
2020-06-21 01:15:00,9.075,24.409863
2020-06-21 01:30:00,8.723,24.673702
2020-06-21 01:45:00,8.723,24.809723
2020-06-21 02:00:00,8.582,24.99109
2020-06-21 02:15:00,8.442,25.08669
2020-06-21 02:30:00,8.512,25.19278
2020-06-21 02:45:00,8.512,25.147589
2020-06-21 03:00:00,8.371,25.134474
2020-06-21 03:15:00,8.653,25.285559
2020-06-21 03:30:00,8.723,25.421602
2020-06-21 03:45:00,8.512,25.420534
2020-06-21 04:00:00,8.512,25.488203
2020-06-21 04:15:00,8.512,25.489697
2020-06-21 04:30:00,8.582,25.62058
2020-06-21 04:45:00,8.442,25.686987
2020-06-21 05:00:00,8.512,25.659079
2020-06-21 05:15:00,8.512,25.696066
2020-06-21 05:30:00,8.442,25.808489
2020-06-21 05:45:00,8.582,25.826044
2020-06-21 06:00:00,8.864,26.01022
2020-06-21 06:15:00,8.512,26.102512
2020-06-21 06:30:00,8.512,26.135567
2020-06-21 06:45:00,8.653,26.15762
2020-06-21 07:00:00,8.301,26.129768
2020-06-21 07:15:00,8.371,26.244596
2020-06-21 07:30:00,8.653,26.376545
2020-06-21 07:45:00,8.371,26.314783
2020-06-21 08:00:00,8.864,26.427807
2020-06-21 08:15:00,8.864,26.55343
2020-06-21 08:30:00,8.512,26.780132
2020-06-21 08:45:00,8.371,26.886948
2020-06-21 09:00:00,8.512,27.01317
2020-06-21 09:15:00,8.231,27.185936
2020-06-21 09:30:00,8.442,27.24752
2020-06-21 09:45:00,8.371,27.138462
2020-06-21 10:00:00,8.371,27.07841
2020-06-21 10:15:00,8.442,26.911177
2020-06-21 10:30:00,8.231,26.93892
2020-06-21 10:45:00,8.442,26.847761
2020-06-21 11:00:00,8.512,26.819948
2020-06-21 11:15:00,8.442,26.86729
2020-06-21 11:30:00,8.442,26.94621
2020-06-21 11:45:00,8.582,26.89245
2020-06-21 12:00:00,8.442,26.901953
2020-06-21 12:15:00,8.442,26.790356
2020-06-21 12:30:00,8.512,26.691875
2020-06-21 12:45:00,8.512,26.551277
2020-06-21 13:00:00,8.864,26.729465
2020-06-21 13:15:00,8.723,26.92893
2020-06-21 13:30:00,9.286,27.121958
2020-06-21 13:45:00,9.286,27.194525
2020-06-21 14:00:00,9.567,27.188528
2020-06-21 14:15:00,9.567,27.218836
2020-06-21 14:30:00,9.778,27.207312
2020-06-21 14:45:00,9.778,27.140959
2020-06-21 15:00:00,9.919,27.169992
2020-06-21 15:15:00,9.849,27.120356
2020-06-21 15:30:00,9.778,27.175749
2020-06-21 15:45:00,9.567,27.102045
2020-06-21 16:00:00,10.06,27.044027
2020-06-21 16:15:00,9.919,27.046213
2020-06-21 16:30:00,9.919,27.018156
2020-06-21 16:45:00,10.271,26.89094
2020-06-21 17:00:00,9.849,26.77648
2020-06-21 17:15:00,9.638,26.751078
2020-06-21 17:30:00,9.567,26.701857
2020-06-21 17:45:00,9.708,26.535685
2020-06-21 18:00:00,9.638,26.432686
2020-06-21 18:15:00,9.708,26.312834
2020-06-21 18:30:00,9.567,26.259134
2020-06-21 18:45:00,9.426,26.107492
2020-06-21 19:00:00,9.004,25.951641
2020-06-21 19:15:00,8.653,25.851734
2020-06-21 19:30:00,8.934,25.793764
2020-06-21 19:45:00,8.723,25.62932
2020-06-21 20:00:00,8.653,25.534487
2020-06-21 20:15:00,8.512,25.493317
2020-06-21 20:30:00,8.582,25.472355
2020-06-21 20:45:00,8.723,25.344389
2020-06-21 21:00:00,8.371,25.272608
2020-06-21 21:15:00,8.582,25.224674
2020-06-21 21:30:00,8.371,25.243181
2020-06-21 21:45:00,8.512,25.119114
2020-06-21 22:00:00,8.16,25.091173
2020-06-21 22:15:00,8.231,25.108686
2020-06-21 22:30:00,8.301,25.18276
2020-06-21 22:45:00,8.301,25.27544
2020-06-21 23:00:00,8.09,25.451025
2020-06-21 23:15:00,8.02,25.697027
2020-06-21 23:30:00,8.09,26.082998
2020-06-21 23:45:00,8.231,26.247366
2020-06-22 00:00:00,8.231,26.36701
2020-06-22 00:15:00,8.16,26.496637
2020-06-22 00:30:00,8.442,24.82498
2020-06-22 00:45:00,8.301,25.704206
2020-06-22 01:00:00,8.371,25.247198
2020-06-22 01:15:00,8.371,24.32992
2020-06-22 01:30:00,8.231,24.527382
2020-06-22 01:45:00,8.231,24.57031
2020-06-22 02:00:00,8.16,24.762362
2020-06-22 02:15:00,8.02,24.820492
2020-06-22 02:30:00,8.301,24.937384
2020-06-22 02:45:00,8.231,24.847376
2020-06-22 03:00:00,8.02,24.79703
2020-06-22 03:15:00,7.879,24.7885
2020-06-22 03:30:00,7.879,24.852882
2020-06-22 03:45:00,7.879,24.841484
2020-06-22 04:00:00,7.809,24.871693
2020-06-22 04:15:00,8.02,24.903172
2020-06-22 04:30:00,7.879,25.124733
2020-06-22 04:45:00,7.668,25.21681
2020-06-22 05:00:00,7.668,25.26436
2020-06-22 05:15:00,7.527,25.383883
2020-06-22 05:30:00,5.768,25.54402
2020-06-22 05:45:00,5.698,25.495558
2020-06-22 06:00:00,5.628,25.539938
2020-06-22 06:15:00,5.909,25.617834
2020-06-22 06:30:00,6.894,25.658611
2020-06-22 06:45:00,7.316,25.585505
2020-06-22 07:00:00,7.035,25.558058
2020-06-22 07:15:00,7.105,25.664032
2020-06-22 07:30:00,6.472,25.823717
2020-06-22 07:45:00,5.346,25.92019
2020-06-22 08:00:00,4.854,25.978128
2020-06-22 08:15:00,4.854,26.034113
2020-06-22 08:30:00,4.995,26.197498
2020-06-22 08:45:00,6.05,26.175251
2020-06-22 09:00:00,6.683,26.162361
2020-06-22 09:15:00,5.628,26.21985
2020-06-22 09:30:00,6.191,26.225592
2020-06-22 09:45:00,6.472,26.127592
2020-06-22 10:00:00,6.402,26.16648
2020-06-22 10:15:00,6.613,26.232277
2020-06-22 10:30:00,6.753,26.329174
2020-06-22 10:45:00,6.753,26.287514
2020-06-22 11:00:00,6.753,26.294775
2020-06-22 11:15:00,5.487,26.269632
2020-06-22 11:30:00,3.799,26.2063
2020-06-22 11:45:00,3.306,26.13526
2020-06-22 12:00:00,3.658,26.175425
2020-06-22 12:15:00,3.869,26.235594
2020-06-22 12:30:00,3.095,26.228834
2020-06-22 12:45:00,3.377,26.14332
2020-06-22 13:00:00,3.658,26.009586
2020-06-22 13:15:00,3.025,25.91744
2020-06-22 13:30:00,3.095,26.040005
2020-06-22 13:45:00,3.306,25.947527
2020-06-22 14:00:00,4.15,25.880032
2020-06-22 14:15:00,4.502,25.910471
2020-06-22 14:30:00,3.869,25.863567
2020-06-22 14:45:00,3.658,25.796368
2020-06-22 15:00:00,4.643,25.83473
2020-06-22 15:15:00,4.221,25.85688
2020-06-22 15:30:00,5.065,26.018286
2020-06-22 15:45:00,5.628,25.918413
2020-06-22 16:00:00,5.979,25.842623
2020-06-22 16:15:00,5.979,25.819117
2020-06-22 16:30:00,5.979,25.783201
2020-06-22 16:45:00,4.854,25.741537
2020-06-22 17:00:00,4.362,25.824856
2020-06-22 17:15:00,4.502,25.872736
2020-06-22 17:30:00,4.643,25.902773
2020-06-22 17:45:00,5.276,25.814404
2020-06-22 18:00:00,4.643,25.741869
2020-06-22 18:15:00,4.713,25.665882
2020-06-22 18:30:00,5.346,25.621279
2020-06-22 18:45:00,5.487,25.507132
2020-06-22 19:00:00,5.839,25.458273
2020-06-22 19:15:00,5.909,25.422564
2020-06-22 19:30:00,5.909,25.361485
2020-06-22 19:45:00,5.979,25.171652
2020-06-22 20:00:00,5.909,25.058187
2020-06-22 20:15:00,5.979,24.994299
2020-06-22 20:30:00,6.12,25.003176
2020-06-22 20:45:00,6.05,24.93204
2020-06-22 21:00:00,5.979,24.895842
2020-06-22 21:15:00,5.909,24.878456
2020-06-22 21:30:00,6.05,24.91252
2020-06-22 21:45:00,5.698,24.817003
2020-06-22 22:00:00,5.839,24.884846
2020-06-22 22:15:00,5.839,24.987125
2020-06-22 22:30:00,5.628,25.214203
2020-06-22 22:45:00,5.839,25.30236
2020-06-22 23:00:00,5.839,25.362005
2020-06-22 23:15:00,5.628,25.488533
2020-06-22 23:30:00,5.276,25.724155
2020-06-22 23:45:00,5.346,25.983767
2020-06-23 00:00:00,5.346,26.25693
2020-06-23 00:15:00,5.206,26.614248
2020-06-23 00:30:00,5.276,25.095852
2020-06-23 00:45:00,5.487,25.982695
2020-06-23 01:00:00,5.417,25.742697
2020-06-23 01:15:00,5.487,24.76213
2020-06-23 01:30:00,5.487,24.918257
2020-06-23 01:45:00,5.417,24.989634
2020-06-23 02:00:00,5.417,25.073145
2020-06-23 02:15:00,5.417,25.36543
2020-06-23 02:30:00,5.346,25.61217
2020-06-23 02:45:00,5.487,25.592978
2020-06-23 03:00:00,5.768,25.798018
2020-06-23 03:15:00,5.839,25.951567
2020-06-23 03:30:00,5.768,26.0736
2020-06-23 03:45:00,5.909,26.075651
2020-06-23 04:00:00,5.909,26.006788
2020-06-23 04:15:00,6.261,26.137804
2020-06-23 04:30:00,6.191,26.274643
2020-06-23 04:45:00,6.05,26.332817
2020-06-23 05:00:00,6.261,26.439653
2020-06-23 05:15:00,6.331,26.487997
2020-06-23 05:30:00,6.402,26.552284
2020-06-23 05:45:00,6.472,26.54358
2020-06-23 06:00:00,6.683,26.557827
2020-06-23 06:15:00,6.753,26.600477
2020-06-23 06:30:00,6.542,26.522785
2020-06-23 06:45:00,6.683,26.472082
2020-06-23 07:00:00,6.472,26.44026
2020-06-23 07:15:00,6.542,26.464233
2020-06-23 07:30:00,6.542,26.540953
2020-06-23 07:45:00,6.613,26.440815
2020-06-23 08:00:00,6.402,26.424608
2020-06-23 08:15:00,6.402,26.55741
2020-06-23 08:30:00,6.613,26.764206
2020-06-23 08:45:00,6.753,26.847359
2020-06-23 09:00:00,6.964,26.988226
2020-06-23 09:15:00,7.035,26.945478
2020-06-23 09:30:00,6.964,26.917559
2020-06-23 09:45:00,7.597,26.824007
2020-06-23 10:00:00,7.527,26.799948
2020-06-23 10:15:00,7.879,26.812246
2020-06-23 10:30:00,8.09,26.91056
2020-06-23 10:45:00,7.879,26.89858
2020-06-23 11:00:00,7.738,26.822222
2020-06-23 11:15:00,7.809,26.822186
2020-06-23 11:30:00,7.597,26.79473
2020-06-23 11:45:00,7.668,26.656
2020-06-23 12:00:00,7.809,26.553392
2020-06-23 12:15:00,7.668,26.421919
2020-06-23 12:30:00,7.809,26.396936
2020-06-23 12:45:00,7.879,26.11276
2020-06-23 13:00:00,7.668,25.968266
2020-06-23 13:15:00,7.738,25.895643
2020-06-23 13:30:00,7.949,25.891432
2020-06-23 13:45:00,8.02,25.830406
2020-06-23 14:00:00,8.16,25.866808
2020-06-23 14:15:00,7.738,25.85497
2020-06-23 14:30:00,8.02,25.86846
2020-06-23 14:45:00,7.949,25.827425
2020-06-23 15:00:00,7.809,25.803236
2020-06-23 15:15:00,7.879,25.885092
2020-06-23 15:30:00,7.809,25.980581
2020-06-23 15:45:00,7.949,25.95886
2020-06-23 16:00:00,8.16,25.981058
2020-06-23 16:15:00,8.02,26.016462
2020-06-23 16:30:00,7.949,25.940348
2020-06-23 16:45:00,8.02,25.76982
2020-06-23 17:00:00,7.809,25.702261
2020-06-23 17:15:00,7.879,25.72589
2020-06-23 17:30:00,8.16,25.835459
2020-06-23 17:45:00,8.301,25.784212
2020-06-23 18:00:00,8.301,25.753172
2020-06-23 18:15:00,8.16,25.709639
2020-06-23 18:30:00,8.16,25.677889
2020-06-23 18:45:00,8.09,25.574184
2020-06-23 19:00:00,8.02,25.56114
2020-06-23 19:15:00,8.09,25.58055
2020-06-23 19:30:00,7.527,25.573788
2020-06-23 19:45:00,7.809,25.450655
2020-06-23 20:00:00,7.668,25.363415
2020-06-23 20:15:00,7.457,25.313911
2020-06-23 20:30:00,7.316,25.33153
2020-06-23 20:45:00,7.316,25.229883
2020-06-23 21:00:00,7.386,25.18241
2020-06-23 21:15:00,7.386,25.204916
2020-06-23 21:30:00,7.386,25.214138
2020-06-23 21:45:00,7.316,25.191938
2020-06-23 22:00:00,7.316,25.2847
2020-06-23 22:15:00,7.316,25.346575
2020-06-23 22:30:00,7.035,25.467274
2020-06-23 22:45:00,6.964,25.42006
2020-06-23 23:00:00,7.175,25.478622
2020-06-23 23:15:00,7.105,25.61543
2020-06-23 23:30:00,6.753,25.92188
2020-06-23 23:45:00,7.105,26.165476
2020-06-24 00:00:00,6.894,26.442835
2020-06-24 00:15:00,6.824,26.825338
2020-06-24 00:30:00,6.683,25.031
2020-06-24 00:45:00,6.753,25.779257
2020-06-24 01:00:00,6.613,25.317383
2020-06-24 01:15:00,6.683,24.286306
2020-06-24 01:30:00,6.613,24.520336
2020-06-24 01:45:00,6.402,24.677286
2020-06-24 02:00:00,6.402,24.743113
2020-06-24 02:15:00,6.402,24.846624
2020-06-24 02:30:00,6.331,25.016035
2020-06-24 02:45:00,6.472,25.04714
2020-06-24 03:00:00,6.542,25.262888
2020-06-24 03:15:00,6.683,25.41028
2020-06-24 03:30:00,6.683,25.55974
2020-06-24 03:45:00,6.964,25.645964
2020-06-24 04:00:00,6.964,25.738003
2020-06-24 04:15:00,6.753,25.760466
2020-06-24 04:30:00,6.964,25.836111
2020-06-24 04:45:00,6.964,25.794476
2020-06-24 05:00:00,6.894,25.735064
2020-06-24 05:15:00,7.035,25.7457
2020-06-24 05:30:00,7.035,25.800669
2020-06-24 05:45:00,6.964,25.858273
2020-06-24 06:00:00,7.457,26.022482
2020-06-24 06:15:00,7.316,26.144358
2020-06-24 06:30:00,7.527,26.23759
2020-06-24 06:45:00,7.668,26.069653
2020-06-24 07:00:00,7.457,26.077013
2020-06-24 07:15:00,8.02,26.059689
2020-06-24 07:30:00,8.09,26.086971
2020-06-24 07:45:00,8.16,26.165579
2020-06-24 08:00:00,8.442,26.349237
2020-06-24 08:15:00,8.512,26.508068
2020-06-24 08:30:00,8.512,26.784151
2020-06-24 08:45:00,8.231,26.890882
2020-06-24 09:00:00,7.949,26.889679
2020-06-24 09:15:00,8.09,26.99864
2020-06-24 09:30:00,8.301,26.958723
2020-06-24 09:45:00,8.371,26.75547
2020-06-24 10:00:00,8.512,26.686117
2020-06-24 10:15:00,8.231,26.68624
2020-06-24 10:30:00,8.371,26.735268
2020-06-24 10:45:00,8.653,26.772617
2020-06-24 11:00:00,9.004,26.733595
2020-06-24 11:15:00,9.426,26.601906
2020-06-24 11:30:00,9.567,26.619951
2020-06-24 11:45:00,9.497,26.480892
2020-06-24 12:00:00,9.286,26.332241
2020-06-24 12:15:00,9.286,26.247349
2020-06-24 12:30:00,9.215,26.06021
2020-06-24 12:45:00,9.286,25.807886
2020-06-24 13:00:00,9.215,25.636314
2020-06-24 13:15:00,9.215,25.520842
2020-06-24 13:30:00,9.286,25.474257
2020-06-24 13:45:00,9.286,25.372747
2020-06-24 14:00:00,9.286,25.344143
2020-06-24 14:15:00,9.426,25.328684
2020-06-24 14:30:00,9.286,25.334421
2020-06-24 14:45:00,9.497,25.317034
2020-06-24 15:00:00,9.356,25.367754
2020-06-24 15:15:00,9.075,25.514143
2020-06-24 15:30:00,9.215,25.692348
2020-06-24 15:45:00,9.567,25.662401
2020-06-24 16:00:00,9.497,25.650152
2020-06-24 16:15:00,9.708,25.659891
2020-06-24 16:30:00,9.567,25.714437
2020-06-24 16:45:00,9.426,25.72558
2020-06-24 17:00:00,9.215,25.752401
2020-06-24 17:15:00,9.356,25.771101
2020-06-24 17:30:00,9.286,25.833754
2020-06-24 17:45:00,9.215,25.77112
2020-06-24 18:00:00,9.145,25.747168
2020-06-24 18:15:00,9.004,25.705206
2020-06-24 18:30:00,9.145,25.68983
2020-06-24 18:45:00,9.215,25.586294
2020-06-24 19:00:00,9.075,25.501421
2020-06-24 19:15:00,8.864,25.4452
2020-06-24 19:30:00,8.723,25.33738
2020-06-24 19:45:00,8.653,25.141531
2020-06-24 20:00:00,8.864,25.031218
2020-06-24 20:15:00,8.512,24.950907
2020-06-24 20:30:00,8.512,24.96729
2020-06-24 20:45:00,8.723,24.877665
2020-06-24 21:00:00,8.371,24.834433
2020-06-24 21:15:00,8.371,24.801474
2020-06-24 21:30:00,8.371,24.774
2020-06-24 21:45:00,8.371,24.670488
2020-06-24 22:00:00,8.371,24.704058
2020-06-24 22:15:00,8.371,24.851728
2020-06-24 22:30:00,8.442,25.136938
2020-06-24 22:45:00,8.371,25.184074
2020-06-24 23:00:00,8.512,25.249308
2020-06-24 23:15:00,8.582,25.447805
2020-06-24 23:30:00,8.723,25.648613
2020-06-24 23:45:00,8.582,25.899746
2020-06-25 00:00:00,8.723,26.24165
2020-06-25 00:15:00,8.582,26.731768
2020-06-25 00:30:00,8.723,25.148724
2020-06-25 00:45:00,8.723,26.017359
2020-06-25 01:00:00,9.004,25.606564
2020-06-25 01:15:00,9.215,24.632301
2020-06-25 01:30:00,9.075,24.849455
2020-06-25 01:45:00,9.426,24.960035
2020-06-25 02:00:00,9.567,25.244408
2020-06-25 02:15:00,9.778,25.291712
2020-06-25 02:30:00,9.426,25.583351
2020-06-25 02:45:00,9.497,25.811716
2020-06-25 03:00:00,9.567,26.067242
2020-06-25 03:15:00,9.215,26.255627
2020-06-25 03:30:00,8.582,26.386604
2020-06-25 03:45:00,8.723,26.380064
2020-06-25 04:00:00,8.512,26.413992
2020-06-25 04:15:00,8.864,26.457747
2020-06-25 04:30:00,8.723,26.455446
2020-06-25 04:45:00,8.723,26.31296
2020-06-25 05:00:00,8.653,26.242205
2020-06-25 05:15:00,8.653,26.210253
2020-06-25 05:30:00,8.864,26.173874
2020-06-25 05:45:00,8.864,26.030474
2020-06-25 06:00:00,8.934,25.941296
2020-06-25 06:15:00,9.215,26.025152
2020-06-25 06:30:00,9.075,26.092554
2020-06-25 06:45:00,9.286,26.012896
2020-06-25 07:00:00,9.567,25.993326
2020-06-25 07:15:00,10.341,26.008936
2020-06-25 07:30:00,10.622,26.122103
2020-06-25 07:45:00,10.482,26.14126
2020-06-25 08:00:00,10.974,26.123535
2020-06-25 08:15:00,11.044,26.254631
2020-06-25 08:30:00,11.396,26.43514
2020-06-25 08:45:00,11.185,26.518883
2020-06-25 09:00:00,11.467,26.67537
2020-06-25 09:15:00,11.044,26.794752
2020-06-25 09:30:00,11.256,26.97655
2020-06-25 09:45:00,11.467,26.985218
2020-06-25 10:00:00,11.185,27.04512
2020-06-25 10:15:00,10.904,27.099874
2020-06-25 10:30:00,10.622,27.005766
2020-06-25 10:45:00,10.271,27.015945
2020-06-25 11:00:00,10.693,26.996157
2020-06-25 11:15:00,10.13,27.087109
2020-06-25 11:30:00,10.2,27.23306
2020-06-25 11:45:00,10.482,27.162886
2020-06-25 12:00:00,10.271,27.191744
2020-06-25 12:15:00,10.482,27.159101
2020-06-25 12:30:00,10.482,27.127039
2020-06-25 12:45:00,10.904,27.042479
2020-06-25 13:00:00,10.622,27.030577
2020-06-25 13:15:00,10.833,27.047037
2020-06-25 13:30:00,10.974,27.119349
2020-06-25 13:45:00,11.185,26.974413
2020-06-25 14:00:00,11.256,26.88043
2020-06-25 14:15:00,10.974,26.853395
2020-06-25 14:30:00,11.326,26.980509
2020-06-25 14:45:00,11.537,26.954723
2020-06-25 15:00:00,11.607,26.94363
2020-06-25 15:15:00,11.889,26.877834
2020-06-25 15:30:00,12.1,26.869005
2020-06-25 15:45:00,12.029,26.801498
2020-06-25 16:00:00,12.381,26.689253
2020-06-25 16:15:00,12.522,26.607187
2020-06-25 16:30:00,11.818,26.546057
2020-06-25 16:45:00,11.748,26.407974
2020-06-25 17:00:00,11.467,26.339375
2020-06-25 17:15:00,11.185,26.260048
2020-06-25 17:30:00,11.256,26.230501
2020-06-25 17:45:00,11.115,26.098274
2020-06-25 18:00:00,11.185,26.019674
2020-06-25 18:15:00,10.974,25.979326
2020-06-25 18:30:00,10.833,26.009329
2020-06-25 18:45:00,10.622,25.903055
2020-06-25 19:00:00,10.552,25.84993
2020-06-25 19:15:00,10.271,25.810194
2020-06-25 19:30:00,10.2,25.720453
2020-06-25 19:45:00,10.06,25.549799
2020-06-25 20:00:00,9.989,25.459784
2020-06-25 20:15:00,9.989,25.43903
2020-06-25 20:30:00,9.849,25.529526
2020-06-25 20:45:00,9.989,25.491552
2020-06-25 21:00:00,9.989,25.519823
2020-06-25 21:15:00,9.849,25.578474
2020-06-25 21:30:00,9.849,25.627771
2020-06-25 21:45:00,9.638,25.638746
2020-06-25 22:00:00,9.567,25.865755
2020-06-25 22:15:00,9.567,26.213154
2020-06-25 22:30:00,9.356,26.607552
2020-06-25 22:45:00,9.567,26.813414
2020-06-25 23:00:00,9.426,26.933825
2020-06-25 23:15:00,9.426,27.026876
2020-06-25 23:30:00,9.426,27.369429
2020-06-25 23:45:00,9.497,27.53252
2020-06-26 00:00:00,9.708,27.857344
2020-06-26 00:15:00,9.497,28.196896
2020-06-26 00:30:00,9.638,26.598001
2020-06-26 00:45:00,9.567,27.464346
2020-06-26 01:00:00,9.638,26.94503
2020-06-26 01:15:00,9.778,25.771654
2020-06-26 01:30:00,9.638,25.79132
2020-06-26 01:45:00,9.567,25.715693
2020-06-26 02:00:00,9.778,25.721891
2020-06-26 02:15:00,9.497,25.79273
2020-06-26 02:30:00,9.567,25.919306
2020-06-26 02:45:00,9.638,26.036772
2020-06-26 03:00:00,9.567,26.099108
2020-06-26 03:15:00,9.356,26.205824
2020-06-26 03:30:00,9.426,26.252478
2020-06-26 03:45:00,9.356,26.14517
2020-06-26 04:00:00,9.426,26.022352
2020-06-26 04:15:00,9.426,26.040209
2020-06-26 04:30:00,9.497,25.951918
2020-06-26 04:45:00,9.215,25.867413
2020-06-26 05:00:00,9.286,25.909855
2020-06-26 05:15:00,9.286,26.066305
2020-06-26 05:30:00,9.286,26.179094
2020-06-26 05:45:00,9.426,26.045698
2020-06-26 06:00:00,9.286,26.062841
2020-06-26 06:15:00,9.356,26.124567
2020-06-26 06:30:00,9.497,26.195984
2020-06-26 06:45:00,9.638,26.168726
2020-06-26 07:00:00,9.638,26.205454
2020-06-26 07:15:00,9.919,26.193073
2020-06-26 07:30:00,9.989,26.373882
2020-06-26 07:45:00,9.638,26.357523
2020-06-26 08:00:00,9.426,26.473648
2020-06-26 08:15:00,9.145,26.691721
2020-06-26 08:30:00,9.004,26.881826
2020-06-26 08:45:00,9.215,27.071194
2020-06-26 09:00:00,9.075,27.260008
2020-06-26 09:15:00,9.004,27.426466
2020-06-26 09:30:00,9.075,27.5785
2020-06-26 09:45:00,9.215,27.540514
2020-06-26 10:00:00,8.934,27.520441
2020-06-26 10:15:00,9.286,27.576487
2020-06-26 10:30:00,9.426,27.707684
2020-06-26 10:45:00,8.934,27.741858
2020-06-26 11:00:00,9.215,27.783838
2020-06-26 11:15:00,9.426,27.91652
2020-06-26 11:30:00,9.215,27.971178
2020-06-26 11:45:00,9.567,27.856907
2020-06-26 12:00:00,9.215,27.756758
2020-06-26 12:15:00,9.356,27.522028
2020-06-26 12:30:00,9.215,27.309145
2020-06-26 12:45:00,9.075,27.00646
2020-06-26 13:00:00,9.426,26.886524
2020-06-26 13:15:00,9.708,26.901817
2020-06-26 13:30:00,9.708,26.911356
2020-06-26 13:45:00,9.989,26.663292
2020-06-26 14:00:00,10.2,26.486774
2020-06-26 14:15:00,10.552,26.418901
2020-06-26 14:30:00,10.693,26.347717
2020-06-26 14:45:00,10.763,26.205385
2020-06-26 15:00:00,10.904,26.261477
2020-06-26 15:15:00,10.974,26.274555
2020-06-26 15:30:00,11.185,26.362854
2020-06-26 15:45:00,11.044,26.384573
2020-06-26 16:00:00,11.044,26.409418
2020-06-26 16:15:00,10.904,26.457521
2020-06-26 16:30:00,10.482,26.663797
2020-06-26 16:45:00,10.411,26.660707
2020-06-26 17:00:00,10.271,26.661474
2020-06-26 17:15:00,9.989,26.661535
2020-06-26 17:30:00,9.919,26.685316
2020-06-26 17:45:00,9.849,26.602068
2020-06-26 18:00:00,9.778,26.551775
2020-06-26 18:15:00,9.919,26.535261
2020-06-26 18:30:00,9.778,26.539965
2020-06-26 18:45:00,9.567,26.435259
2020-06-26 19:00:00,9.567,26.404053
2020-06-26 19:15:00,9.426,26.408194
2020-06-26 19:30:00,9.426,26.345034
2020-06-26 19:45:00,9.778,26.136316
