timestamp,actual,predicted
2020-02-03 10:00:00,7.241,9.587779
2020-02-03 10:15:00,7.9005,10.237655
2020-02-03 10:30:00,8.779,10.845394
2020-02-03 10:45:00,9.658,11.4345
2020-02-03 11:00:00,10.537,11.914448
2020-02-03 11:15:00,11.416,12.464517
2020-02-03 11:30:00,12.0755,13.082127
2020-02-03 11:45:00,12.954,13.624511
2020-02-03 12:00:00,13.6135,13.827414
2020-02-03 12:15:00,13.833,13.984909
2020-02-03 12:30:00,13.6135,14.203575
2020-02-03 12:45:00,13.6135,14.500646
2020-02-03 13:00:00,13.6135,14.927658
2020-02-03 13:15:00,13.833,15.502714
2020-02-03 13:30:00,14.2725,15.855105
2020-02-03 13:45:00,14.9315,16.083101
2020-02-03 14:00:00,14.9315,16.232515
2020-02-03 14:15:00,14.7115,16.29976
2020-02-03 14:30:00,13.833,16.512186
2020-02-03 14:45:00,13.174,16.638166
2020-02-03 15:00:00,12.954,16.736958
2020-02-03 15:15:00,12.515,16.725075
2020-02-03 15:30:00,12.075,16.577988
2020-02-03 15:45:00,11.8555,16.346395
2020-02-03 16:00:00,11.416,15.969791
2020-02-03 16:15:00,10.9765,15.543361
2020-02-03 16:30:00,10.537,15.0472355
2020-02-03 16:45:00,9.878,14.746699
2020-02-03 17:00:00,9.658,14.573155
2020-02-03 17:15:00,9.219,14.362027
2020-02-03 17:30:00,8.999,14.151323
2020-02-03 17:45:00,8.5595,13.921764
2020-02-03 18:00:00,8.12,13.580677
2020-02-03 18:15:00,7.9005,13.308546
2020-02-03 18:30:00,7.6805,13.15324
2020-02-03 18:45:00,7.4605,13.073065
2020-02-03 19:00:00,7.241,12.885215
2020-02-03 19:15:00,7.0215,12.727018
2020-02-03 19:30:00,6.802,12.612387
2020-02-03 19:45:00,6.582,12.54006
2020-02-03 20:00:00,6.582,12.371606
2020-02-03 20:15:00,6.1425,12.121367
2020-02-03 20:30:00,6.1425,11.898938
2020-02-03 20:45:00,5.7035,11.645412
2020-02-03 21:00:00,5.7035,11.472535
2020-02-03 21:15:00,5.7035,11.307983
2020-02-03 21:30:00,5.2635,11.170327
2020-02-03 21:45:00,5.2635,10.998135
2020-02-03 22:00:00,5.2635,10.8035145
2020-02-03 22:15:00,5.044,10.65223
2020-02-03 22:30:00,4.8245,10.477521
2020-02-03 22:45:00,4.8245,10.260697
2020-02-03 23:00:00,4.3845,10.182243
2020-02-03 23:15:00,4.3845,10.050581
2020-02-03 23:30:00,4.3845,9.815687
2020-02-03 23:45:00,3.9455,9.580544
2020-02-04 00:00:00,3.9455,9.500287
2020-02-04 00:15:00,3.5055,9.37481
2020-02-04 00:30:00,3.5055,9.26895
2020-02-04 00:45:00,3.0665,9.085851
2020-02-04 01:00:00,2.847,8.888957
2020-02-04 01:15:00,2.627,8.758523
2020-02-04 01:30:00,2.407,8.644058
2020-02-04 01:45:00,2.1875,8.509815
2020-02-04 02:00:00,1.968,8.324393
2020-02-04 02:15:00,1.7485,8.236507
2020-02-04 02:30:00,1.7485,8.057872
2020-02-04 02:45:00,1.3085,7.863306
2020-02-04 03:00:00,1.3085,7.669713
2020-02-04 03:15:00,1.089,7.408964
2020-02-04 03:30:00,0.8695,7.328474
2020-02-04 03:45:00,0.8695,7.133486
2020-02-04 04:00:00,0.4295,7.0209
2020-02-04 04:15:00,0.4295,6.863778
2020-02-04 04:30:00,0.4295,6.7258844
2020-02-04 04:45:00,0.21,6.5564184
2020-02-04 05:00:00,-0.0095,6.3892374
2020-02-04 05:15:00,-0.0095,6.26474
2020-02-04 05:30:00,-0.2295,6.149534
2020-02-04 05:45:00,-0.2295,6.044862
2020-02-04 06:00:00,-0.4495,5.97221
2020-02-04 06:15:00,-0.4495,5.95938
2020-02-04 06:30:00,-0.669,5.858159
2020-02-04 06:45:00,-0.8885,5.802224
2020-02-04 07:00:00,-0.8885,5.8187675
2020-02-04 07:15:00,-1.1085,5.9388943
2020-02-04 07:30:00,-1.1085,6.084594
2020-02-04 07:45:00,-1.1085,6.424589
2020-02-04 08:00:00,-1.1085,6.851534
2020-02-04 08:15:00,-0.669,7.389
2020-02-04 08:30:00,-0.2295,8.049276
2020-02-04 08:45:00,0.21,8.835137
2020-02-04 09:00:00,1.089,9.513029
2020-02-04 09:15:00,1.968,10.027361
2020-02-04 09:30:00,3.0665,10.64399
2020-02-04 09:45:00,4.3845,11.211756
2020-02-04 10:00:00,5.044,11.82351
2020-02-04 10:15:00,6.1425,12.151998
2020-02-04 10:30:00,7.2415,12.590149
2020-02-04 10:45:00,8.3395,12.864243
2020-02-04 11:00:00,9.4385,13.256646
2020-02-04 11:15:00,10.0975,13.8371
2020-02-04 11:30:00,10.7565,14.383059
2020-02-04 11:45:00,11.416,14.709009
2020-02-04 12:00:00,12.075,14.935244
2020-02-04 12:15:00,12.515,15.09984
2020-02-04 12:30:00,12.7345,15.2869835
2020-02-04 12:45:00,13.174,15.552702
2020-02-04 13:00:00,13.833,15.902824
2020-02-04 13:15:00,14.0525,16.467165
2020-02-04 13:30:00,14.712,16.891485
2020-02-04 13:45:00,14.712,17.212687
2020-02-04 14:00:00,14.7115,17.286703
2020-02-04 14:15:00,14.712,17.309942
2020-02-04 14:30:00,14.4925,17.439863
2020-02-04 14:45:00,14.712,17.570875
2020-02-04 15:00:00,14.712,17.719156
2020-02-04 15:15:00,14.712,17.43141
2020-02-04 15:30:00,14.4925,17.099127
2020-02-04 15:45:00,14.2725,16.596813
2020-02-04 16:00:00,14.0525,15.869852
2020-02-04 16:15:00,13.6135,15.087769
2020-02-04 16:30:00,12.954,14.497572
2020-02-04 16:45:00,12.5145,14.23202
2020-02-04 17:00:00,12.295,14.107034
2020-02-04 17:15:00,11.636,13.889735
2020-02-04 17:30:00,10.9765,13.450703
2020-02-04 17:45:00,10.537,13.006502
2020-02-04 18:00:00,10.098,12.3769245
2020-02-04 18:15:00,9.658,11.763929
2020-02-04 18:30:00,9.4385,11.269942
2020-02-04 18:45:00,8.999,10.843277
2020-02-04 19:00:00,8.7795,10.220835
2020-02-04 19:15:00,8.3395,9.859472
2020-02-04 19:30:00,8.3395,9.435885
2020-02-04 19:45:00,8.12,9.02539
2020-02-04 20:00:00,8.12,8.505794
2020-02-04 20:15:00,7.6805,7.9043417
2020-02-04 20:30:00,7.6805,7.4479475
2020-02-04 20:45:00,7.6805,7.1173267
2020-02-04 21:00:00,7.6805,6.7944717
2020-02-04 21:15:00,7.461,6.5069914
2020-02-04 21:30:00,7.241,6.332308
2020-02-04 21:45:00,7.241,6.074094
2020-02-04 22:00:00,7.241,5.757738
2020-02-04 22:15:00,7.0215,5.40471
2020-02-04 22:30:00,6.8015,5.0774384
2020-02-04 22:45:00,6.582,4.852379
2020-02-04 23:00:00,6.3625,4.827379
2020-02-04 23:15:00,6.1425,4.6841383
2020-02-04 23:30:00,6.1425,4.622115
2020-02-04 23:45:00,5.923,4.579156
2020-02-05 00:00:00,5.7035,4.530195
2020-02-05 00:15:00,5.2635,4.483075
2020-02-05 00:30:00,5.044,4.4398556
2020-02-05 00:45:00,4.8245,4.384059
2020-02-05 01:00:00,4.6045,4.308778
2020-02-05 01:15:00,4.3845,4.2428493
2020-02-05 01:30:00,4.165,4.254203
2020-02-05 01:45:00,3.9455,4.2796545
2020-02-05 02:00:00,3.7255,4.3111553
2020-02-05 02:15:00,3.5055,4.3140535
2020-02-05 02:30:00,3.286,4.3170147
2020-02-05 02:45:00,3.0665,4.243064
2020-02-05 03:00:00,3.0665,4.210847
2020-02-05 03:15:00,2.627,4.036381
2020-02-05 03:30:00,2.627,3.983285
2020-02-05 03:45:00,2.627,3.9045124
2020-02-05 04:00:00,2.1875,3.7566805
2020-02-05 04:15:00,2.1875,3.6264992
2020-02-05 04:30:00,2.1875,3.554515
2020-02-05 04:45:00,1.7485,3.4706078
2020-02-05 05:00:00,1.7485,3.3647156
2020-02-05 05:15:00,1.3085,3.2994614
2020-02-05 05:30:00,1.3085,3.2439346
2020-02-05 05:45:00,1.3085,3.2037935
2020-02-05 06:00:00,1.3085,3.1557865
2020-02-05 06:15:00,0.8695,3.124547
2020-02-05 06:30:00,0.8695,3.0109367
2020-02-05 06:45:00,0.8695,3.0024939
2020-02-05 07:00:00,0.6495,3.110446
2020-02-05 07:15:00,0.4295,3.1922483
2020-02-05 07:30:00,0.4295,3.3040247
2020-02-05 07:45:00,0.4295,3.5948372
2020-02-05 08:00:00,0.4295,3.9044142
2020-02-05 08:15:00,0.8695,4.128666
2020-02-05 08:30:00,1.3085,4.2831726
2020-02-05 08:45:00,1.7485,5.101099
2020-02-05 09:00:00,2.4075,5.816351
2020-02-05 09:15:00,3.0665,6.4835157
2020-02-05 09:30:00,4.165,7.1776314
2020-02-05 09:45:00,4.824,7.902298
2020-02-05 10:00:00,5.4835,8.823141
2020-02-05 10:15:00,6.3625,9.384823
2020-02-05 10:30:00,7.241,9.722996
2020-02-05 10:45:00,8.12,9.955809
2020-02-05 11:00:00,8.999,10.136916
2020-02-05 11:15:00,10.0975,10.470511
2020-02-05 11:30:00,10.757,10.8445835
2020-02-05 11:45:00,11.6355,11.146235
2020-02-05 12:00:00,12.295,11.122447
2020-02-05 12:15:00,12.7345,11.06468
2020-02-05 12:30:00,12.9545,11.130544
2020-02-05 12:45:00,13.174,11.275716
2020-02-05 13:00:00,13.6135,11.431568
2020-02-05 13:15:00,14.492,11.9173565
2020-02-05 13:30:00,15.1515,12.365501
2020-02-05 13:45:00,15.591,12.57593
2020-02-05 14:00:00,16.25,12.614783
2020-02-05 14:15:00,16.25,12.630586
2020-02-05 14:30:00,16.25,12.732626
2020-02-05 14:45:00,16.0305,12.9453535
2020-02-05 15:00:00,16.0305,13.027235
2020-02-05 15:15:00,16.0305,12.947965
2020-02-05 15:30:00,15.591,12.630461
2020-02-05 15:45:00,15.371,12.33357
2020-02-05 16:00:00,14.932,12.012142
2020-02-05 16:15:00,14.492,11.506666
2020-02-05 16:30:00,14.053,10.939366
2020-02-05 16:45:00,13.3935,10.691366
2020-02-05 17:00:00,12.954,10.443959
2020-02-05 17:15:00,12.5145,10.117177
2020-02-05 17:30:00,12.2945,9.978193
2020-02-05 17:45:00,11.8555,9.7294
2020-02-05 18:00:00,11.1965,9.349786
2020-02-05 18:15:00,10.757,8.90383
2020-02-05 18:30:00,10.3175,8.559791
2020-02-05 18:45:00,9.878,8.299731
2020-02-05 19:00:00,9.658,7.9707747
2020-02-05 19:15:00,9.219,7.6740055
2020-02-05 19:30:00,8.999,7.4356337
2020-02-05 19:45:00,8.5595,7.1402025
2020-02-05 20:00:00,8.34,6.6437607
2020-02-05 20:15:00,8.12,6.2607517
2020-02-05 20:30:00,7.6805,6.0492086
2020-02-05 20:45:00,7.6805,5.8500376
2020-02-05 21:00:00,7.241,5.6622696
2020-02-05 21:15:00,7.0215,5.5533714
2020-02-05 21:30:00,6.8015,5.5477457
2020-02-05 21:45:00,6.582,5.5091476
2020-02-05 22:00:00,6.3625,5.37074
2020-02-05 22:15:00,6.1425,5.258814
2020-02-05 22:30:00,5.923,5.0130396
2020-02-05 22:45:00,5.7035,4.7039833
2020-02-05 23:00:00,5.7035,4.563571
2020-02-05 23:15:00,5.4835,4.419057
2020-02-05 23:30:00,5.2635,4.234089
2020-02-05 23:45:00,5.2635,3.785451
2020-02-06 00:00:00,5.044,3.6138306
2020-02-06 00:15:00,4.8245,3.4087706
2020-02-06 00:30:00,4.8245,3.3226538
2020-02-06 00:45:00,4.8245,3.2348938
2020-02-06 01:00:00,4.6045,3.144702
2020-02-06 01:15:00,4.3845,3.1039124
2020-02-06 01:30:00,4.3845,3.08574
2020-02-06 01:45:00,4.3845,3.1035385
2020-02-06 02:00:00,4.165,3.2036
2020-02-06 02:15:00,3.9455,3.2575922
2020-02-06 02:30:00,3.9455,3.3255196
2020-02-06 02:45:00,3.5055,3.282219
2020-02-06 03:00:00,3.5055,3.220519
2020-02-06 03:15:00,3.5055,3.1515684
2020-02-06 03:30:00,3.286,3.1056337
2020-02-06 03:45:00,3.0665,3.0542288
2020-02-06 04:00:00,3.0665,3.0626974
2020-02-06 04:15:00,2.8465,2.9872932
2020-02-06 04:30:00,2.627,2.8681126
2020-02-06 04:45:00,2.627,2.7039156
2020-02-06 05:00:00,2.627,2.5504942
2020-02-06 05:15:00,2.1875,2.4631824
2020-02-06 05:30:00,2.1875,2.379838
2020-02-06 05:45:00,2.1875,2.2993765
2020-02-06 06:00:00,2.1875,2.2569246
2020-02-06 06:15:00,2.1875,2.1309128
2020-02-06 06:30:00,1.968,2.0174541
2020-02-06 06:45:00,1.7485,1.8970329
2020-02-06 07:00:00,1.7485,1.8717843
2020-02-06 07:15:00,1.7485,1.8946639
2020-02-06 07:30:00,1.7485,1.9896842
2020-02-06 07:45:00,1.7485,2.0377111
2020-02-06 08:00:00,1.968,2.111494
2020-02-06 08:15:00,2.627,2.1834755
2020-02-06 08:30:00,2.847,2.522128
2020-02-06 08:45:00,3.5055,3.2100496
2020-02-06 09:00:00,3.9455,3.870347
2020-02-06 09:15:00,4.8245,4.5635185
2020-02-06 09:30:00,5.4835,5.347659
2020-02-06 09:45:00,6.3625,6.036227
2020-02-06 10:00:00,6.802,6.77756
2020-02-06 10:15:00,7.4605,7.214943
2020-02-06 10:30:00,8.12,7.6962986
2020-02-06 10:45:00,8.779,8.270955
2020-02-06 11:00:00,9.4385,8.571523
2020-02-06 11:15:00,10.3175,9.151739
2020-02-06 11:30:00,11.196,9.650829
2020-02-06 11:45:00,11.8555,10.025785
2020-02-06 12:00:00,12.5145,10.324939
2020-02-06 12:15:00,12.9545,10.194241
2020-02-06 12:30:00,12.9545,10.474693
2020-02-06 12:45:00,13.3935,10.838211
2020-02-06 13:00:00,13.833,11.290096
2020-02-06 13:15:00,14.2725,11.874511
2020-02-06 13:30:00,14.9315,12.361641
2020-02-06 13:45:00,15.591,12.698393
2020-02-06 14:00:00,16.0305,12.953792
2020-02-06 14:15:00,16.25,13.10982
2020-02-06 14:30:00,16.47,13.407009
2020-02-06 14:45:00,16.25,13.64916
2020-02-06 15:00:00,16.25,13.901714
2020-02-06 15:15:00,16.25,13.942033
2020-02-06 15:30:00,16.25,13.881697
2020-02-06 15:45:00,15.8105,13.604263
2020-02-06 16:00:00,15.371,13.219471
2020-02-06 16:15:00,15.1515,12.795862
2020-02-06 16:30:00,14.492,12.3544445
2020-02-06 16:45:00,13.833,12.050483
2020-02-06 17:00:00,13.3935,11.784972
2020-02-06 17:15:00,12.7345,11.398006
2020-02-06 17:30:00,12.2945,11.023008
2020-02-06 17:45:00,11.8555,10.738516
2020-02-06 18:00:00,11.1965,10.297553
2020-02-06 18:15:00,10.757,9.935241
2020-02-06 18:30:00,10.3175,9.644144
2020-02-06 18:45:00,9.658,9.405115
2020-02-06 19:00:00,9.4385,9.117643
2020-02-06 19:15:00,8.999,8.968803
2020-02-06 19:30:00,8.5595,8.789267
2020-02-06 19:45:00,8.34,8.643454
2020-02-06 20:00:00,7.9,8.460994
2020-02-06 20:15:00,7.6805,8.281511
2020-02-06 20:30:00,7.241,8.18784
2020-02-06 20:45:00,7.021,8.019198
2020-02-06 21:00:00,6.8015,7.9393544
2020-02-06 21:15:00,6.8015,7.898695
2020-02-06 21:30:00,6.3625,7.9558196
2020-02-06 21:45:00,6.3625,7.9881945
2020-02-06 22:00:00,6.3625,8.035861
2020-02-06 22:15:00,6.1425,8.005071
2020-02-06 22:30:00,5.923,7.947315
2020-02-06 22:45:00,5.923,7.84165
2020-02-06 23:00:00,5.7035,7.8370314
2020-02-06 23:15:00,5.7035,7.793896
2020-02-06 23:30:00,5.4835,7.7693357
2020-02-06 23:45:00,5.4835,7.5904446
2020-02-07 00:00:00,5.2635,7.568928
2020-02-07 00:15:00,5.2635,7.492564
2020-02-07 00:30:00,5.044,7.5522633
2020-02-07 00:45:00,5.044,7.465083
2020-02-07 01:00:00,4.8245,7.3685384
2020-02-07 01:15:00,4.8245,7.2213955
2020-02-07 01:30:00,4.6045,7.061548
2020-02-07 01:45:00,4.6045,6.883785
2020-02-07 02:00:00,4.6045,6.755899
2020-02-07 02:15:00,4.3845,6.723517
2020-02-07 02:30:00,4.165,6.587387
2020-02-07 02:45:00,4.165,6.5376215
2020-02-07 03:00:00,4.165,6.3859906
2020-02-07 03:15:00,3.9455,6.1139917
2020-02-07 03:30:00,3.7255,5.9756565
2020-02-07 03:45:00,3.7255,5.768759
2020-02-07 04:00:00,3.7255,5.639736
2020-02-07 04:15:00,3.7255,5.485862
2020-02-07 04:30:00,3.5055,5.3014812
2020-02-07 04:45:00,3.286,5.130637
2020-02-07 05:00:00,3.286,5.0390725
2020-02-07 05:15:00,3.0665,4.927021
2020-02-07 05:30:00,3.0665,4.8110704
2020-02-07 05:45:00,2.8465,4.7699227
2020-02-07 06:00:00,2.8465,4.89329
2020-02-07 06:15:00,2.8465,4.98724
2020-02-07 06:30:00,2.627,5.0368567
2020-02-07 06:45:00,2.627,4.9475126
2020-02-07 07:00:00,2.627,5.048601
2020-02-07 07:15:00,2.627,5.1721015
2020-02-07 07:30:00,2.627,5.2211246
2020-02-07 07:45:00,2.8465,5.29233
2020-02-07 08:00:00,3.066,5.345516
2020-02-07 08:15:00,3.286,5.529087
2020-02-07 08:30:00,3.7255,5.7191415
2020-02-07 08:45:00,4.165,5.9344263
2020-02-07 09:00:00,4.385,6.169904
2020-02-07 09:15:00,4.824,6.569542
2020-02-07 09:30:00,5.264,6.832079
2020-02-07 09:45:00,5.703,7.2659507
2020-02-07 10:00:00,6.3625,7.838272
2020-02-07 10:15:00,7.021,8.244991
2020-02-07 10:30:00,7.461,8.771
2020-02-07 10:45:00,8.34,9.251055
2020-02-07 11:00:00,8.999,9.784086
2020-02-07 11:15:00,9.878,10.301671
2020-02-07 11:30:00,10.757,10.917546
2020-02-07 11:45:00,11.636,11.401602
2020-02-07 12:00:00,12.295,11.6575775
2020-02-07 12:15:00,12.734,11.884165
2020-02-07 12:30:00,12.954,12.152037
2020-02-07 12:45:00,13.3935,12.4132595
2020-02-07 13:00:00,13.3935,12.782532
2020-02-07 13:15:00,13.833,13.403025
2020-02-07 13:30:00,14.4925,13.842638
2020-02-07 13:45:00,14.9315,14.111593
2020-02-07 14:00:00,15.3715,14.3297
2020-02-07 14:15:00,15.3715,14.5013485
2020-02-07 14:30:00,15.591,14.695801
2020-02-07 14:45:00,15.591,14.85743
2020-02-07 15:00:00,15.591,15.063902
2020-02-07 15:15:00,15.591,15.238314
2020-02-07 15:30:00,15.591,15.168439
2020-02-07 15:45:00,15.3715,15.020281
2020-02-07 16:00:00,15.3715,14.8366
2020-02-07 16:15:00,14.9315,14.568089
2020-02-07 16:30:00,14.712,14.30582
2020-02-07 16:45:00,14.2725,14.076145
2020-02-07 17:00:00,14.2725,13.871394
2020-02-07 17:15:00,13.833,13.594931
2020-02-07 17:30:00,13.613,13.333567
2020-02-07 17:45:00,13.3935,13.200098
2020-02-07 18:00:00,12.954,12.893219
2020-02-07 18:15:00,12.5145,12.589474
2020-02-07 18:30:00,12.295,12.347397
2020-02-07 18:45:00,12.075,12.155279
2020-02-07 19:00:00,11.6355,11.835666
2020-02-07 19:15:00,11.1965,11.631884
2020-02-07 19:30:00,11.1965,11.437043
2020-02-07 19:45:00,10.757,11.272497
2020-02-07 20:00:00,10.3175,11.073805
2020-02-07 20:15:00,10.3175,10.834135
2020-02-07 20:30:00,9.878,10.550688
2020-02-07 20:45:00,9.4385,10.339535
2020-02-07 21:00:00,9.4385,10.145546
2020-02-07 21:15:00,8.999,10.041846
2020-02-07 21:30:00,8.5595,9.985617
2020-02-07 21:45:00,8.5595,9.961654
2020-02-07 22:00:00,8.12,9.891468
2020-02-07 22:15:00,7.9005,9.783249
2020-02-07 22:30:00,7.6805,9.686897
2020-02-07 22:45:00,7.4605,9.510402
2020-02-07 23:00:00,7.241,9.428978
2020-02-07 23:15:00,7.241,9.349123
2020-02-07 23:30:00,7.0215,9.30145
2020-02-07 23:45:00,6.8015,9.051549
2020-02-08 00:00:00,6.8015,8.928681
2020-02-08 00:15:00,6.582,8.877112
2020-02-08 00:30:00,6.3625,8.81962
2020-02-08 00:45:00,6.3625,8.693989
2020-02-08 01:00:00,6.3625,8.683823
2020-02-08 01:15:00,6.1425,8.476998
2020-02-08 01:30:00,5.923,8.382004
2020-02-08 01:45:00,5.7035,8.316066
2020-02-08 02:00:00,5.4835,8.184859
2020-02-08 02:15:00,5.2635,8.027527
2020-02-08 02:30:00,5.044,7.860137
2020-02-08 02:45:00,5.044,7.654688
2020-02-08 03:00:00,5.044,7.466798
2020-02-08 03:15:00,5.044,7.2563047
2020-02-08 03:30:00,4.6045,7.0834446
2020-02-08 03:45:00,4.6045,6.924707
2020-02-08 04:00:00,4.3845,6.6686954
2020-02-08 04:15:00,4.165,6.45712
2020-02-08 04:30:00,4.165,6.2605333
2020-02-08 04:45:00,3.9455,6.1043596
2020-02-08 05:00:00,3.7255,5.9296002
2020-02-08 05:15:00,3.5055,5.6229835
2020-02-08 05:30:00,3.5055,5.370948
2020-02-08 05:45:00,3.286,5.1684265
2020-02-08 06:00:00,3.0665,5.0892057
2020-02-08 06:15:00,2.8465,5.118841
2020-02-08 06:30:00,2.627,5.0407295
2020-02-08 06:45:00,2.627,4.855304
2020-02-08 07:00:00,2.4075,4.8332005
2020-02-08 07:15:00,2.4075,4.9621553
2020-02-08 07:30:00,2.1875,5.097293
2020-02-08 07:45:00,2.1875,5.367032
2020-02-08 08:00:00,2.1875,5.5927343
2020-02-08 08:15:00,2.4075,5.7923284
2020-02-08 08:30:00,2.627,6.262089
2020-02-08 08:45:00,3.5055,6.7378473
2020-02-08 09:00:00,3.9455,7.351759
2020-02-08 09:15:00,4.8245,7.987056
2020-02-08 09:30:00,5.4835,8.651826
2020-02-08 09:45:00,6.3625,9.36776
2020-02-08 10:00:00,7.0215,10.300352
2020-02-08 10:15:00,7.9005,11.0061245
2020-02-08 10:30:00,8.5595,11.647311
2020-02-08 10:45:00,9.4385,12.238254
2020-02-08 11:00:00,10.3175,12.795968
2020-02-08 11:15:00,11.416,13.3238325
2020-02-08 11:30:00,12.075,13.896349
2020-02-08 11:45:00,13.174,14.358425
2020-02-08 12:00:00,13.833,14.693736
2020-02-08 12:15:00,14.2725,14.993929
2020-02-08 12:30:00,14.492,15.206926
2020-02-08 12:45:00,14.712,15.537702
2020-02-08 13:00:00,14.9315,15.52537
2020-02-08 13:15:00,15.591,15.893612
2020-02-08 13:30:00,16.0305,16.219255
2020-02-08 13:45:00,16.6895,16.482111
2020-02-08 14:00:00,17.129,16.699354
2020-02-08 14:15:00,17.568,16.734488
2020-02-08 14:30:00,17.788,16.785223
2020-02-08 14:45:00,18.0075,16.858416
2020-02-08 15:00:00,18.2275,16.885195
2020-02-08 15:15:00,18.4475,16.843914
2020-02-08 15:30:00,18.2275,16.63598
2020-02-08 15:45:00,18.2275,16.405922
2020-02-08 16:00:00,18.008,16.017817
2020-02-08 16:15:00,17.568,15.713409
2020-02-08 16:30:00,17.3485,15.403069
2020-02-08 16:45:00,16.909,15.169632
2020-02-08 17:00:00,16.25,14.984103
2020-02-08 17:15:00,15.8105,14.717735
2020-02-08 17:30:00,15.3715,14.468668
2020-02-08 17:45:00,14.9315,14.071704
2020-02-08 18:00:00,14.4925,13.669319
2020-02-08 18:15:00,14.0525,13.18815
2020-02-08 18:30:00,13.6135,12.835148
2020-02-08 18:45:00,13.1735,12.581157
2020-02-08 19:00:00,12.7345,12.320027
2020-02-08 19:15:00,12.075,12.16392
2020-02-08 19:30:00,11.855,11.929937
2020-02-08 19:45:00,11.416,11.799255
2020-02-08 20:00:00,11.1965,11.607332
2020-02-08 20:15:00,10.757,11.392792
2020-02-08 20:30:00,10.3175,11.169959
2020-02-08 20:45:00,10.3175,11.052304
2020-02-08 21:00:00,9.878,11.002637
2020-02-08 21:15:00,9.878,11.033881
2020-02-08 21:30:00,9.4385,10.972239
2020-02-08 21:45:00,9.4385,10.884255
2020-02-08 22:00:00,9.2185,10.7321
2020-02-08 22:15:00,8.999,10.626472
2020-02-08 22:30:00,8.999,10.520291
2020-02-08 22:45:00,8.999,10.368874
2020-02-08 23:00:00,8.7795,10.277391
2020-02-08 23:15:00,8.5595,10.146349
2020-02-08 23:30:00,8.5595,10.004528
2020-02-08 23:45:00,8.3395,9.682251
2020-02-09 00:00:00,8.3395,9.503563
2020-02-09 00:15:00,8.12,9.280009
2020-02-09 00:30:00,7.9005,9.121196
2020-02-09 00:45:00,7.6805,8.77117
2020-02-09 01:00:00,7.6805,8.566481
2020-02-09 01:15:00,7.6805,8.396635
2020-02-09 01:30:00,7.6805,8.18939
2020-02-09 01:45:00,7.4605,8.003629
2020-02-09 02:00:00,7.241,7.7942076
2020-02-09 02:15:00,7.241,7.6495786
2020-02-09 02:30:00,7.241,7.5106845
2020-02-09 02:45:00,7.241,7.399534
2020-02-09 03:00:00,7.241,7.2639284
2020-02-09 03:15:00,7.241,7.023652
2020-02-09 03:30:00,7.241,6.895932
2020-02-09 03:45:00,7.241,6.72583
2020-02-09 04:00:00,7.241,6.5568423
2020-02-09 04:15:00,7.241,6.3140626
2020-02-09 04:30:00,7.241,6.062271
2020-02-09 04:45:00,7.241,5.7914906
2020-02-09 05:00:00,7.241,5.556654
2020-02-09 05:15:00,7.241,5.3454304
2020-02-09 05:30:00,7.241,5.2874517
2020-02-09 05:45:00,7.241,5.1885185
2020-02-09 06:00:00,7.241,5.1790457
2020-02-09 06:15:00,7.241,5.1609764
2020-02-09 06:30:00,7.241,5.1628714
2020-02-09 06:45:00,7.4605,5.177909
2020-02-09 07:00:00,7.4605,5.2152033
2020-02-09 07:15:00,7.4605,5.277294
2020-02-09 07:30:00,7.6805,5.3802814
2020-02-09 07:45:00,7.6805,5.527956
2020-02-09 08:00:00,7.6805,5.743186
2020-02-09 08:15:00,7.9,6.051425
2020-02-09 08:30:00,8.12,6.576443
2020-02-09 08:45:00,8.12,7.206617
2020-02-09 09:00:00,8.34,7.941164
2020-02-09 09:15:00,8.34,8.660692
2020-02-09 09:30:00,8.779,9.425974
2020-02-09 09:45:00,9.219,10.284421
2020-02-09 10:00:00,9.4385,11.272928
2020-02-09 10:15:00,9.878,11.97913
2020-02-09 10:30:00,10.3175,12.7190485
2020-02-09 10:45:00,10.3175,13.400642
2020-02-09 11:00:00,10.757,14.005122
2020-02-09 11:15:00,11.1965,14.686351
2020-02-09 11:30:00,11.6355,15.339355
2020-02-09 11:45:00,11.855,15.672802
2020-02-09 12:00:00,12.5145,15.851022
2020-02-09 12:15:00,12.954,15.883417
2020-02-09 12:30:00,13.833,15.966463
2020-02-09 12:45:00,14.2725,16.192038
2020-02-09 13:00:00,14.2725,16.288258
2020-02-09 13:15:00,15.1515,16.795801
2020-02-09 13:30:00,15.591,17.194513
2020-02-09 13:45:00,16.0305,17.552605
2020-02-09 14:00:00,16.6895,17.766577
2020-02-09 14:15:00,16.6895,17.91844
2020-02-09 14:30:00,17.1285,18.035273
2020-02-09 14:45:00,17.3485,18.134796
2020-02-09 15:00:00,17.3485,18.13157
2020-02-09 15:15:00,17.5685,18.184162
2020-02-09 15:30:00,17.5685,18.095985
2020-02-09 15:45:00,17.5685,18.05892
2020-02-09 16:00:00,17.5685,17.751272
2020-02-09 16:15:00,17.5685,17.38548
2020-02-09 16:30:00,17.3485,17.010874
2020-02-09 16:45:00,17.3485,16.815897
2020-02-09 17:00:00,16.909,16.617235
2020-02-09 17:15:00,16.909,16.379549
2020-02-09 17:30:00,16.909,16.125656
2020-02-09 17:45:00,16.4695,15.76237
2020-02-09 18:00:00,16.4695,15.382527
2020-02-09 18:15:00,16.0305,15.091993
2020-02-09 18:30:00,16.0305,14.866263
2020-02-09 18:45:00,15.591,14.683517
2020-02-09 19:00:00,15.591,14.533003
2020-02-09 19:15:00,15.371,14.37383
2020-02-09 19:30:00,15.1515,14.186227
2020-02-09 19:45:00,15.1515,14.054563
2020-02-09 20:00:00,14.932,13.914715
2020-02-09 20:15:00,14.712,13.833433
2020-02-09 20:30:00,14.712,13.678497
2020-02-09 20:45:00,14.492,13.580649
2020-02-09 21:00:00,14.2725,13.446917
2020-02-09 21:15:00,14.2725,13.409023
2020-02-09 21:30:00,13.833,13.414633
2020-02-09 21:45:00,13.833,13.449116
2020-02-09 22:00:00,13.833,13.322258
2020-02-09 22:15:00,13.833,13.23035
2020-02-09 22:30:00,13.3935,13.142577
2020-02-09 22:45:00,13.3935,13.116797
2020-02-09 23:00:00,13.3935,13.11496
2020-02-09 23:15:00,13.3935,13.056146
2020-02-09 23:30:00,13.174,13.026215
2020-02-09 23:45:00,12.954,12.840374
2020-02-10 00:00:00,12.954,13.0150585
2020-02-10 00:15:00,12.954,12.97593
2020-02-10 00:30:00,12.954,13.237046
2020-02-10 00:45:00,12.954,13.240864
2020-02-10 01:00:00,12.734,13.465021
2020-02-10 01:15:00,12.5145,13.6659775
2020-02-10 01:30:00,12.5145,13.781231
2020-02-10 01:45:00,12.5145,13.854774
2020-02-10 02:00:00,12.5145,13.909744
2020-02-10 02:15:00,12.075,13.833723
2020-02-10 02:30:00,12.075,13.683657
2020-02-10 02:45:00,12.075,13.480732
2020-02-10 03:00:00,12.075,13.414786
2020-02-10 03:15:00,12.075,13.169125
2020-02-10 03:30:00,11.855,13.056225
2020-02-10 03:45:00,11.6355,12.859733
2020-02-10 04:00:00,11.6355,12.624659
2020-02-10 04:15:00,11.6355,12.41717
2020-02-10 04:30:00,11.6355,12.143028
2020-02-10 04:45:00,11.6355,11.897505
2020-02-10 05:00:00,11.6355,11.61084
2020-02-10 05:15:00,11.6355,11.210825
2020-02-10 05:30:00,11.6355,10.9228735
2020-02-10 05:45:00,11.416,10.646173
2020-02-10 06:00:00,11.416,10.628699
2020-02-10 06:15:00,11.416,10.668129
2020-02-10 06:30:00,11.416,10.6012745
2020-02-10 06:45:00,11.416,10.519617
2020-02-10 07:00:00,11.416,10.532644
2020-02-10 07:15:00,11.416,10.569154
2020-02-10 07:30:00,10.977,10.500401
2020-02-10 07:45:00,10.977,10.370525
2020-02-10 08:00:00,10.977,10.277025
2020-02-10 08:15:00,10.757,10.551317
2020-02-10 08:30:00,10.537,10.8446455
2020-02-10 08:45:00,10.537,11.186647
2020-02-10 09:00:00,10.537,11.49226
2020-02-10 09:15:00,10.537,11.8156
2020-02-10 09:30:00,10.537,12.243458
2020-02-10 09:45:00,10.537,12.8190565
2020-02-10 10:00:00,10.757,13.383288
2020-02-10 10:15:00,10.977,13.753231
2020-02-10 10:30:00,10.977,14.389198
2020-02-10 10:45:00,11.1965,14.987107
2020-02-10 11:00:00,11.416,15.577773
2020-02-10 11:15:00,12.075,16.058622
2020-02-10 11:30:00,12.295,16.49456
2020-02-10 11:45:00,12.734,16.815914
2020-02-10 12:00:00,12.954,16.813423
2020-02-10 12:15:00,13.3935,16.708147
2020-02-10 12:30:00,13.613,16.454075
2020-02-10 12:45:00,14.053,16.47213
2020-02-10 13:00:00,14.4925,16.374372
2020-02-10 13:15:00,14.9315,16.513731
2020-02-10 13:30:00,15.1515,16.583559
2020-02-10 13:45:00,15.3715,16.411453
2020-02-10 14:00:00,15.1515,16.259647
2020-02-10 14:15:00,15.1515,15.791646
2020-02-10 14:30:00,14.932,15.39698
2020-02-10 14:45:00,14.932,15.167624
2020-02-10 15:00:00,14.932,14.976175
2020-02-10 15:15:00,14.932,14.857584
2020-02-10 15:30:00,14.932,14.5464
2020-02-10 15:45:00,14.932,14.207137
2020-02-10 16:00:00,14.932,13.731655
2020-02-10 16:15:00,14.932,13.248301
2020-02-10 16:30:00,14.712,12.762234
2020-02-10 16:45:00,14.492,12.3200655
2020-02-10 17:00:00,14.492,11.805932
2020-02-10 17:15:00,14.2725,11.229736
2020-02-10 17:30:00,14.053,10.678993
2020-02-10 17:45:00,13.833,10.137042
2020-02-10 18:00:00,13.833,9.666927
2020-02-10 18:15:00,13.3935,9.265307
2020-02-10 18:30:00,13.174,8.882955
2020-02-10 18:45:00,12.954,8.435403
2020-02-10 19:00:00,12.5145,7.968381
2020-02-10 19:15:00,12.295,7.500606
2020-02-10 19:30:00,12.075,7.044503
2020-02-10 19:45:00,11.855,6.7407084
2020-02-10 20:00:00,11.6355,6.4659495
2020-02-10 20:15:00,11.1965,6.049128
2020-02-10 20:30:00,10.977,5.5901375
2020-02-10 20:45:00,10.757,5.4523
2020-02-10 21:00:00,10.537,5.386507
2020-02-10 21:15:00,10.3175,5.2600603
2020-02-10 21:30:00,9.878,5.125291
2020-02-10 21:45:00,9.878,5.017951
2020-02-10 22:00:00,9.4385,4.871692
2020-02-10 22:15:00,9.4385,4.770523
2020-02-10 22:30:00,8.999,4.669576
2020-02-10 22:45:00,8.999,4.587002
2020-02-10 23:00:00,8.5595,4.507765
2020-02-10 23:15:00,8.5595,4.39842
2020-02-10 23:30:00,8.3395,4.201488
2020-02-10 23:45:00,8.12,4.0598593
2020-02-11 00:00:00,8.12,4.0268965
2020-02-11 00:15:00,7.9005,4.0077767
2020-02-11 00:30:00,7.6805,3.7049718
2020-02-11 00:45:00,7.6805,3.4974585
2020-02-11 01:00:00,7.6805,3.2890792
2020-02-11 01:15:00,7.241,3.396792
2020-02-11 01:30:00,7.241,3.542251
2020-02-11 01:45:00,7.241,3.729309
2020-02-11 02:00:00,6.8015,3.9323745
2020-02-11 02:15:00,6.8015,4.243681
2020-02-11 02:30:00,6.3625,4.4015546
2020-02-11 02:45:00,6.3625,4.5830784
2020-02-11 03:00:00,6.1425,4.8130045
2020-02-11 03:15:00,5.923,5.0396757
2020-02-11 03:30:00,5.7035,5.404603
2020-02-11 03:45:00,5.4835,5.654454
2020-02-11 04:00:00,5.2635,5.9202166
2020-02-11 04:15:00,5.044,5.9937367
2020-02-11 04:30:00,5.044,6.2379975
2020-02-11 04:45:00,4.8245,6.340044
2020-02-11 05:00:00,4.6045,6.413483
2020-02-11 05:15:00,4.3845,6.676159
2020-02-11 05:30:00,4.165,6.876461
2020-02-11 05:45:00,4.165,7.09986
2020-02-11 06:00:00,3.9455,7.2693295
2020-02-11 06:15:00,3.7255,7.383565
2020-02-11 06:30:00,3.7255,7.524102
2020-02-11 06:45:00,3.7255,7.6759567
2020-02-11 07:00:00,3.5055,7.6354313
2020-02-11 07:15:00,3.5055,7.6295595
2020-02-11 07:30:00,3.286,7.790325
2020-02-11 07:45:00,3.286,8.002719
2020-02-11 08:00:00,3.286,7.939856
2020-02-11 08:15:00,3.7255,7.505211
2020-02-11 08:30:00,4.165,7.2215233
2020-02-11 08:45:00,4.6045,6.9810066
2020-02-11 09:00:00,5.044,6.618187
2020-02-11 09:15:00,5.923,6.364391
2020-02-11 09:30:00,6.8015,6.231546
2020-02-11 09:45:00,7.241,5.901252
2020-02-11 10:00:00,8.12,5.6211557
2020-02-11 10:15:00,8.999,5.260707
2020-02-11 10:30:00,9.6585,4.8372197
2020-02-11 10:45:00,10.5375,4.581822
2020-02-11 11:00:00,11.196,4.1189184
2020-02-11 11:15:00,12.075,3.7894073
2020-02-11 11:30:00,12.734,3.7431927
2020-02-11 11:45:00,13.3935,3.632195
2020-02-11 12:00:00,14.2725,3.6072102
2020-02-11 12:15:00,14.9315,3.6157985
2020-02-11 12:30:00,15.1515,3.8166685
2020-02-11 12:45:00,15.5905,4.0999665
2020-02-11 13:00:00,16.25,4.371601
2020-02-11 13:15:00,16.6895,4.690821
2020-02-11 13:30:00,17.129,4.9474535
2020-02-11 13:45:00,17.568,5.121505
2020-02-11 14:00:00,17.788,5.3713284
2020-02-11 14:15:00,18.0075,5.5949116
2020-02-11 14:30:00,18.2275,5.6443133
2020-02-11 14:45:00,18.4475,5.691442
2020-02-11 15:00:00,18.4475,5.740106
2020-02-11 15:15:00,18.667,5.9035854
2020-02-11 15:30:00,18.447,5.8478427
2020-02-11 15:45:00,18.2275,5.847409
2020-02-11 16:00:00,18.008,5.8228254
2020-02-11 16:15:00,17.568,5.7058487
2020-02-11 16:30:00,17.129,5.6318917
2020-02-11 16:45:00,16.909,5.855771
2020-02-11 17:00:00,16.6895,6.076158
2020-02-11 17:15:00,16.25,6.2517705
2020-02-11 17:30:00,16.03,6.546018
2020-02-11 17:45:00,15.591,6.604024
2020-02-11 18:00:00,15.1515,6.625278
2020-02-11 18:15:00,14.712,6.672991
2020-02-11 18:30:00,14.4925,6.7385693
2020-02-11 18:45:00,14.2725,6.7342076
2020-02-11 19:00:00,13.833,6.671293
2020-02-11 19:15:00,13.3935,6.556741
2020-02-11 19:30:00,13.3935,6.554056
2020-02-11 19:45:00,13.1735,6.6156454
2020-02-11 20:00:00,12.954,6.6804867
2020-02-11 20:15:00,12.7345,6.7627587
2020-02-11 20:30:00,12.5145,6.9408035
2020-02-11 20:45:00,12.2945,7.1068783
2020-02-11 21:00:00,12.075,7.3000813
2020-02-11 21:15:00,11.636,7.496977
2020-02-11 21:30:00,11.416,7.6557055
2020-02-11 21:45:00,11.196,7.857911
2020-02-11 22:00:00,10.9765,8.01586
2020-02-11 22:15:00,10.757,8.174375
2020-02-11 22:30:00,10.3175,8.360702
2020-02-11 22:45:00,10.3175,8.533251
2020-02-11 23:00:00,10.3175,8.698553
2020-02-11 23:15:00,10.3175,8.838489
2020-02-11 23:30:00,10.0975,8.928701
2020-02-11 23:45:00,10.0975,8.986013
2020-02-12 00:00:00,9.878,9.103479
2020-02-12 00:15:00,9.6585,9.17921
2020-02-12 00:30:00,9.6585,9.531621
2020-02-12 00:45:00,9.4385,9.807636
2020-02-12 01:00:00,9.2185,10.156297
2020-02-12 01:15:00,8.999,10.532621
2020-02-12 01:30:00,8.5595,11.017059
2020-02-12 01:45:00,8.3395,11.450186
2020-02-12 02:00:00,8.12,11.8965025
2020-02-12 02:15:00,7.6805,12.21239
2020-02-12 02:30:00,7.461,12.577326
2020-02-12 02:45:00,7.241,12.819169
2020-02-12 03:00:00,6.8015,13.128021
2020-02-12 03:15:00,6.3625,13.516779
2020-02-12 03:30:00,6.3625,13.886551
2020-02-12 03:45:00,5.923,14.299256
2020-02-12 04:00:00,5.923,14.711178
2020-02-12 04:15:00,5.4835,15.062737
2020-02-12 04:30:00,5.4835,15.402783
2020-02-12 04:45:00,5.044,15.804317
2020-02-12 05:00:00,5.044,16.196932
2020-02-12 05:15:00,4.6045,16.209318
2020-02-12 05:30:00,4.6045,16.123865
2020-02-12 05:45:00,4.3845,16.064173
2020-02-12 06:00:00,4.165,16.039211
2020-02-12 06:15:00,4.165,16.028275
2020-02-12 06:30:00,3.9455,15.930488
2020-02-12 06:45:00,3.7255,15.8454895
2020-02-12 07:00:00,3.7255,15.785564
2020-02-12 07:15:00,3.7255,15.826078
2020-02-12 07:30:00,3.7255,15.8570795
2020-02-12 07:45:00,3.7255,16.05577
2020-02-12 08:00:00,3.7255,16.288826
2020-02-12 08:15:00,3.9455,16.653788
2020-02-12 08:30:00,4.3845,17.047842
2020-02-12 08:45:00,5.044,17.407204
2020-02-12 09:00:00,5.923,17.700373
2020-02-12 09:15:00,6.582,17.961073
2020-02-12 09:30:00,7.4605,18.32179
2020-02-12 09:45:00,8.3395,18.686522
2020-02-12 10:00:00,8.999,19.100218
2020-02-12 10:15:00,9.658,19.490526
2020-02-12 10:30:00,10.537,19.906593
2020-02-12 10:45:00,11.1965,20.317339
2020-02-12 11:00:00,12.075,20.554258
2020-02-12 11:15:00,12.7345,20.90476
2020-02-12 11:30:00,13.6135,21.176485
2020-02-12 11:45:00,14.492,21.31639
2020-02-12 12:00:00,15.1515,21.113428
2020-02-12 12:15:00,15.5905,20.892366
2020-02-12 12:30:00,15.371,20.894985
2020-02-12 12:45:00,15.591,20.951448
2020-02-12 13:00:00,16.0305,20.991388
2020-02-12 13:15:00,16.6895,21.075396
2020-02-12 13:30:00,17.5685,20.9521
2020-02-12 13:45:00,18.008,20.81396
2020-02-12 14:00:00,18.4475,20.643831
2020-02-12 14:15:00,18.447,20.427868
2020-02-12 14:30:00,18.4475,20.059149
2020-02-12 14:45:00,18.667,19.799772
2020-02-12 15:00:00,18.8865,19.348766
2020-02-12 15:15:00,18.8865,18.88582
2020-02-12 15:30:00,18.667,18.191233
2020-02-12 15:45:00,18.447,17.79677
2020-02-12 16:00:00,18.2275,17.742727
2020-02-12 16:15:00,18.008,17.281065
2020-02-12 16:30:00,17.349,17.126024
2020-02-12 16:45:00,17.129,17.247313
2020-02-12 17:00:00,16.4695,17.207705
2020-02-12 17:15:00,16.0305,17.126219
2020-02-12 17:30:00,15.371,17.111254
2020-02-12 17:45:00,14.932,17.096136
2020-02-12 18:00:00,14.492,17.019056
2020-02-12 18:15:00,13.833,16.989325
2020-02-12 18:30:00,13.833,16.882593
2020-02-12 18:45:00,13.3935,16.70735
2020-02-12 19:00:00,13.1735,16.527393
2020-02-12 19:15:00,12.7345,16.277311
2020-02-12 19:30:00,12.7345,16.06436
2020-02-12 19:45:00,12.2945,15.895775
2020-02-12 20:00:00,12.075,15.741549
2020-02-12 20:15:00,11.8555,15.542782
2020-02-12 20:30:00,11.6355,15.438647
2020-02-12 20:45:00,11.416,15.334198
2020-02-12 21:00:00,11.1965,15.236966
2020-02-12 21:15:00,10.977,15.141012
2020-02-12 21:30:00,10.757,15.0254135
2020-02-12 21:45:00,10.537,14.95209
2020-02-12 22:00:00,10.3175,14.878672
2020-02-12 22:15:00,10.098,14.848398
2020-02-12 22:30:00,9.878,14.778948
2020-02-12 22:45:00,9.4385,14.708192
2020-02-12 23:00:00,8.999,14.682177
2020-02-12 23:15:00,8.999,14.592842
2020-02-12 23:30:00,8.5595,14.483908
2020-02-12 23:45:00,8.5595,14.325029
2020-02-13 00:00:00,8.12,14.263887
2020-02-13 00:15:00,8.12,14.171227
2020-02-13 00:30:00,7.6805,14.175218
2020-02-13 00:45:00,7.461,14.125833
2020-02-13 01:00:00,7.241,14.110134
2020-02-13 01:15:00,7.021,13.993883
2020-02-13 01:30:00,6.8015,13.973063
2020-02-13 01:45:00,6.8015,13.984606
2020-02-13 02:00:00,6.3625,14.036116
2020-02-13 02:15:00,6.3625,13.979676
2020-02-13 02:30:00,5.923,13.992017
2020-02-13 02:45:00,5.923,13.923689
2020-02-13 03:00:00,5.7035,13.841961
2020-02-13 03:15:00,5.4835,13.728789
2020-02-13 03:30:00,5.4835,13.57676
2020-02-13 03:45:00,5.044,13.478964
2020-02-13 04:00:00,5.044,13.320139
2020-02-13 04:15:00,4.8245,13.17407
2020-02-13 04:30:00,4.6045,13.02445
2020-02-13 04:45:00,4.6045,12.922356
2020-02-13 05:00:00,4.6045,12.887555
2020-02-13 05:15:00,4.3845,12.752611
2020-02-13 05:30:00,4.165,12.584355
2020-02-13 05:45:00,4.165,12.386078
2020-02-13 06:00:00,3.9455,12.2405205
2020-02-13 06:15:00,3.7255,12.054521
2020-02-13 06:30:00,3.7255,11.881817
2020-02-13 06:45:00,3.7255,11.762002
2020-02-13 07:00:00,3.5055,11.57691
2020-02-13 07:15:00,3.5055,11.446135
2020-02-13 07:30:00,3.5055,11.3197
2020-02-13 07:45:00,3.5055,11.4326935
2020-02-13 08:00:00,3.7255,11.508024
2020-02-13 08:15:00,4.165,11.912146
2020-02-13 08:30:00,4.8245,12.319906
2020-02-13 08:45:00,5.7035,12.718374
2020-02-13 09:00:00,6.582,13.256994
2020-02-13 09:15:00,7.461,13.181093
2020-02-13 09:30:00,8.5595,12.690756
2020-02-13 09:45:00,9.878,12.227532
2020-02-13 10:00:00,10.757,11.746113
2020-02-13 10:15:00,11.855,11.215878
2020-02-13 10:30:00,12.954,10.790632
2020-02-13 10:45:00,14.0525,10.655234
2020-02-13 11:00:00,15.1515,10.418686
2020-02-13 11:15:00,16.0305,9.911901
2020-02-13 11:30:00,17.129,9.407686
2020-02-13 11:45:00,18.2275,9.046215
2020-02-13 12:00:00,18.887,8.425511
2020-02-13 12:15:00,19.5455,8.028653
2020-02-13 12:30:00,19.7655,7.772704
2020-02-13 12:45:00,20.205,7.623148
2020-02-13 13:00:00,20.8645,7.3399744
2020-02-13 13:15:00,21.743,7.0547447
2020-02-13 13:30:00,22.622,6.760024
2020-02-13 13:45:00,23.2815,6.872097
2020-02-13 14:00:00,23.721,6.919083
2020-02-13 14:15:00,23.9405,6.946287
2020-02-13 14:30:00,23.9405,6.8794494
2020-02-13 14:45:00,23.9405,6.832778
2020-02-13 15:00:00,24.16,6.560469
2020-02-13 15:15:00,24.38,6.7453547
2020-02-13 15:30:00,24.1605,6.6814146
2020-02-13 15:45:00,23.9405,6.709193
2020-02-13 16:00:00,23.7205,6.614231
2020-02-13 16:15:00,23.2815,6.2422504
2020-02-13 16:30:00,22.8415,6.0296273
2020-02-13 16:45:00,22.4025,5.8630877
2020-02-13 17:00:00,22.1825,5.747757
2020-02-13 17:15:00,21.523,5.269725
2020-02-13 17:30:00,21.084,5.1074286
2020-02-13 17:45:00,21.084,4.891029
2020-02-13 18:00:00,20.645,4.654935
2020-02-13 18:15:00,20.205,4.228844
2020-02-13 18:30:00,19.766,4.0347643
2020-02-13 18:45:00,19.326,3.8579483
2020-02-13 19:00:00,18.887,3.9192324
2020-02-13 19:15:00,18.447,4.0052247
2020-02-13 19:30:00,18.008,4.02043
2020-02-13 19:45:00,17.568,4.079712
2020-02-13 20:00:00,17.129,4.159264
2020-02-13 20:15:00,16.909,4.2724466
2020-02-13 20:30:00,16.689,4.424094
2020-02-13 20:45:00,16.25,4.503909
2020-02-13 21:00:00,15.811,4.6416173
2020-02-13 21:15:00,15.371,4.7774105
2020-02-13 21:30:00,14.932,4.8993263
2020-02-13 21:45:00,14.492,5.026763
2020-02-13 22:00:00,14.053,5.0912237
2020-02-13 22:15:00,13.833,5.214402
2020-02-13 22:30:00,13.613,5.359971
2020-02-13 22:45:00,13.174,5.4173183
2020-02-13 23:00:00,12.954,5.462266
2020-02-13 23:15:00,12.954,5.539093
2020-02-13 23:30:00,12.5145,5.709111
2020-02-13 23:45:00,12.295,5.9087415
2020-02-14 00:00:00,12.075,6.089906
2020-02-14 00:15:00,12.075,6.1385283
2020-02-14 00:30:00,11.855,6.253396
2020-02-14 00:45:00,11.6355,6.2954183
2020-02-14 01:00:00,11.416,6.346464
2020-02-14 01:15:00,11.1965,6.3514376
2020-02-14 01:30:00,11.1965,6.4705563
2020-02-14 01:45:00,11.416,6.7166257
2020-02-14 02:00:00,11.6355,7.1117625
2020-02-14 02:15:00,11.6355,7.3931875
2020-02-14 02:30:00,11.6355,7.7027063
2020-02-14 02:45:00,11.6355,7.87162
2020-02-14 03:00:00,11.1965,7.8250813
2020-02-14 03:15:00,11.1965,7.7263575
2020-02-14 03:30:00,10.757,7.5735154
2020-02-14 03:45:00,10.757,7.422473
2020-02-14 04:00:00,10.3175,7.448159
2020-02-14 04:15:00,10.3175,7.47587
2020-02-14 04:30:00,10.098,7.449938
2020-02-14 04:45:00,9.878,7.499753
2020-02-14 05:00:00,9.658,7.6294794
2020-02-14 05:15:00,9.4385,7.6419854
2020-02-14 05:30:00,9.4385,7.3105774
2020-02-14 05:45:00,9.4385,7.089726
2020-02-14 06:00:00,9.219,6.7748866
2020-02-14 06:15:00,8.999,6.443342
2020-02-14 06:30:00,8.999,6.038873
2020-02-14 06:45:00,8.999,5.650965
2020-02-14 07:00:00,8.779,5.2902613
2020-02-14 07:15:00,8.779,5.1112857
2020-02-14 07:30:00,8.779,5.0384693
2020-02-14 07:45:00,8.779,5.1671915
2020-02-14 08:00:00,8.999,5.2671523
2020-02-14 08:15:00,9.4385,5.790112
2020-02-14 08:30:00,9.878,6.3218355
2020-02-14 08:45:00,10.5375,6.8731356
2020-02-14 09:00:00,11.6355,7.525027
2020-02-14 09:15:00,12.5145,8.170985
2020-02-14 09:30:00,13.3935,8.855928
2020-02-14 09:45:00,14.712,9.577975
2020-02-14 10:00:00,15.811,10.461258
2020-02-14 10:15:00,16.909,11.244305
2020-02-14 10:30:00,18.2275,12.188216
2020-02-14 10:45:00,19.1065,13.3393
2020-02-14 11:00:00,19.7655,14.298813
2020-02-14 11:15:00,20.6445,14.918257
2020-02-14 11:30:00,21.3035,15.497021
2020-02-14 11:45:00,21.5235,15.79887
2020-02-14 12:00:00,21.743,15.940858
2020-02-14 12:15:00,21.963,15.988643
2020-02-14 12:30:00,22.402,16.116793
2020-02-14 12:45:00,23.2815,16.494543
2020-02-14 13:00:00,24.38,16.645506
2020-02-14 13:15:00,25.259,16.922495
2020-02-14 13:30:00,25.918,17.055471
2020-02-14 13:45:00,26.577,17.087835
2020-02-14 14:00:00,26.577,17.200647
2020-02-14 14:15:00,26.3575,17.245249
2020-02-14 14:30:00,25.918,17.142864
2020-02-14 14:45:00,25.479,16.935905
2020-02-14 15:00:00,25.039,16.385338
2020-02-14 15:15:00,24.8195,16.16197
2020-02-14 15:30:00,24.6,15.633631
2020-02-14 15:45:00,24.38,15.067134
2020-02-14 16:00:00,24.16,14.334751
2020-02-14 16:15:00,24.16,13.488386
2020-02-14 16:30:00,24.16,12.858288
2020-02-14 16:45:00,23.9405,12.164452
2020-02-14 17:00:00,23.721,11.478479
2020-02-14 17:15:00,23.721,10.739811
2020-02-14 17:30:00,23.281,10.340166
2020-02-14 17:45:00,23.281,9.931369
2020-02-14 18:00:00,23.0615,9.434437
2020-02-14 18:15:00,22.842,8.9996
2020-02-14 18:30:00,22.402,8.627731
2020-02-14 18:45:00,22.402,8.276956
2020-02-14 19:00:00,21.963,7.913292
2020-02-14 19:15:00,21.963,7.5299387
2020-02-14 19:30:00,21.523,7.240221
2020-02-14 19:45:00,21.523,6.9647436
2020-02-14 20:00:00,21.523,6.53444
2020-02-14 20:15:00,21.3035,6.063038
2020-02-14 20:30:00,21.084,5.608726
2020-02-14 20:45:00,21.084,5.223014
2020-02-14 21:00:00,20.8645,4.930828
2020-02-14 21:15:00,20.8645,4.5500746
2020-02-14 21:30:00,20.8645,4.2273493
2020-02-14 21:45:00,20.8645,3.9992137
2020-02-14 22:00:00,20.8645,3.7626567
2020-02-14 22:15:00,20.645,3.6369996
2020-02-14 22:30:00,20.645,3.343369
2020-02-14 22:45:00,20.425,3.0620646
2020-02-14 23:00:00,20.425,2.8643756
2020-02-14 23:15:00,20.205,2.736847
2020-02-14 23:30:00,20.205,2.471631
2020-02-14 23:45:00,19.9855,2.2517505
2020-02-15 00:00:00,19.766,2.166852
2020-02-15 00:15:00,19.326,2.106948
2020-02-15 00:30:00,19.326,2.0411553
2020-02-15 00:45:00,18.887,1.9862427
2020-02-15 01:00:00,18.667,1.9153162
2020-02-15 01:15:00,18.447,1.850063
2020-02-15 01:30:00,18.2275,1.817197
2020-02-15 01:45:00,18.008,1.842719
2020-02-15 02:00:00,17.568,1.8429033
2020-02-15 02:15:00,17.568,1.8444213
2020-02-15 02:30:00,17.129,1.8387035
2020-02-15 02:45:00,17.129,1.7789847
2020-02-15 03:00:00,16.689,1.7488924
2020-02-15 03:15:00,16.25,1.7180141
2020-02-15 03:30:00,16.25,1.748572
2020-02-15 03:45:00,16.25,1.7337273
2020-02-15 04:00:00,15.811,1.7429992
2020-02-15 04:15:00,15.811,1.7251924
2020-02-15 04:30:00,15.591,1.7254847
2020-02-15 04:45:00,15.371,1.6960381
2020-02-15 05:00:00,15.371,1.6334258
2020-02-15 05:15:00,15.1515,1.5779878
2020-02-15 05:30:00,14.932,1.4981395
2020-02-15 05:45:00,14.932,1.4239889
2020-02-15 06:00:00,14.932,1.3866371
2020-02-15 06:15:00,14.492,1.307645
2020-02-15 06:30:00,14.492,1.2157382
2020-02-15 06:45:00,14.2725,1.1619481
2020-02-15 07:00:00,14.2725,1.0716292
2020-02-15 07:15:00,14.053,1.0289348
2020-02-15 07:30:00,13.833,1.0001377
2020-02-15 07:45:00,13.833,0.9974164
2020-02-15 08:00:00,13.613,1.0360235
2020-02-15 08:15:00,13.613,1.1447159
2020-02-15 08:30:00,13.3935,1.3992153
2020-02-15 08:45:00,13.3935,1.6503338
2020-02-15 09:00:00,13.3935,1.9568866
2020-02-15 09:15:00,13.3935,2.895536
2020-02-15 09:30:00,13.3935,4.021581
2020-02-15 09:45:00,13.3935,4.576132
2020-02-15 10:00:00,13.3935,5.072566
2020-02-15 10:15:00,13.3935,5.4335637
2020-02-15 10:30:00,13.3935,5.959025
2020-02-15 10:45:00,13.3935,6.452157
2020-02-15 11:00:00,13.6135,7.2359414
2020-02-15 11:15:00,13.6135,8.115247
2020-02-15 11:30:00,13.833,9.370194
2020-02-15 11:45:00,13.833,10.255618
2020-02-15 12:00:00,13.833,10.891574
2020-02-15 12:15:00,13.833,11.546597
2020-02-15 12:30:00,14.2725,12.052507
2020-02-15 12:45:00,14.2725,12.899611
2020-02-15 13:00:00,14.2725,13.506806
2020-02-15 13:15:00,14.2725,14.30633
2020-02-15 13:30:00,14.2725,14.853302
2020-02-15 13:45:00,14.2725,15.398766
2020-02-15 14:00:00,14.4925,15.964339
2020-02-15 14:15:00,14.4925,16.364323
2020-02-15 14:30:00,14.4925,16.721361
2020-02-15 14:45:00,14.4925,16.851341
2020-02-15 15:00:00,14.4925,16.764036
2020-02-15 15:15:00,14.4925,16.937277
2020-02-15 15:30:00,14.4925,16.841158
2020-02-15 15:45:00,14.2725,16.675299
2020-02-15 16:00:00,14.2725,16.216805
2020-02-15 16:15:00,14.2725,15.69542
2020-02-15 16:30:00,13.833,15.279946
2020-02-15 16:45:00,13.613,14.81294
2020-02-15 17:00:00,13.3935,14.413752
2020-02-15 17:15:00,13.174,13.853031
2020-02-15 17:30:00,12.954,13.315661
2020-02-15 17:45:00,12.734,12.861951
2020-02-15 18:00:00,12.5145,12.232175
2020-02-15 18:15:00,12.5145,11.62832
2020-02-15 18:30:00,12.5145,11.129309
2020-02-15 18:45:00,12.5145,10.5639515
2020-02-15 19:00:00,12.5145,10.053174
2020-02-15 19:15:00,12.5145,9.475644
2020-02-15 19:30:00,12.5145,9.070007
2020-02-15 19:45:00,12.5145,8.585846
2020-02-15 20:00:00,12.2945,8.1409025
2020-02-15 20:15:00,12.075,7.717005
2020-02-15 20:30:00,12.075,7.3047733
2020-02-15 20:45:00,12.075,6.8465977
2020-02-15 21:00:00,11.8555,6.498913
2020-02-15 21:15:00,11.6355,6.1107383
2020-02-15 21:30:00,11.6355,5.7216096
2020-02-15 21:45:00,11.6355,5.1866198
2020-02-15 22:00:00,11.6355,4.7623215
2020-02-15 22:15:00,11.6355,4.6956167
2020-02-15 22:30:00,11.6355,4.3979464
2020-02-15 22:45:00,11.6355,4.068968
2020-02-15 23:00:00,11.6355,3.9046345
2020-02-15 23:15:00,11.6355,3.7406874
2020-02-15 23:30:00,11.6355,3.510851
2020-02-15 23:45:00,11.6355,3.4248123
2020-02-16 00:00:00,11.6355,3.3610592
2020-02-16 00:15:00,11.1965,3.3276424
2020-02-16 00:30:00,11.1965,3.2668858
2020-02-16 00:45:00,10.757,3.1560535
2020-02-16 01:00:00,10.757,3.0405035
2020-02-16 01:15:00,10.757,2.8578453
2020-02-16 01:30:00,10.757,2.6888447
2020-02-16 01:45:00,10.757,2.62527
2020-02-16 02:00:00,10.757,2.7062874
2020-02-16 02:15:00,10.757,2.8066654
2020-02-16 02:30:00,10.757,2.917099
2020-02-16 02:45:00,10.757,2.803217
2020-02-16 03:00:00,10.757,2.71108
2020-02-16 03:15:00,10.757,2.5627518
2020-02-16 03:30:00,10.757,2.6226397
2020-02-16 03:45:00,10.757,2.646905
2020-02-16 04:00:00,10.757,2.5810423
2020-02-16 04:15:00,10.5375,2.4282088
2020-02-16 04:30:00,10.3175,2.3224244
2020-02-16 04:45:00,10.0975,2.1670036
2020-02-16 05:00:00,9.878,2.0472932
2020-02-16 05:15:00,9.878,1.9112393
2020-02-16 05:30:00,9.878,1.7693912
2020-02-16 05:45:00,9.878,1.6817266
2020-02-16 06:00:00,9.878,1.662593
2020-02-16 06:15:00,9.878,1.6245261
2020-02-16 06:30:00,9.878,1.5678493
2020-02-16 06:45:00,9.878,1.5197693
2020-02-16 07:00:00,9.878,1.4095966
2020-02-16 07:15:00,9.878,1.3962666
2020-02-16 07:30:00,9.878,1.4076864
2020-02-16 07:45:00,9.878,1.4989072
2020-02-16 08:00:00,10.098,1.7146093
2020-02-16 08:15:00,10.098,2.3055778
2020-02-16 08:30:00,10.098,2.902063
2020-02-16 08:45:00,10.098,3.3436685
2020-02-16 09:00:00,10.3175,4.111863
2020-02-16 09:15:00,10.537,5.752927
2020-02-16 09:30:00,10.537,7.203554
2020-02-16 09:45:00,10.757,8.416643
2020-02-16 10:00:00,10.757,10.099278
2020-02-16 10:15:00,10.977,11.837992
2020-02-16 10:30:00,10.977,13.596222
2020-02-16 10:45:00,11.416,15.483813
2020-02-16 11:00:00,11.6355,17.377798
2020-02-16 11:15:00,11.6355,18.716436
2020-02-16 11:30:00,11.855,20.086428
2020-02-16 11:45:00,12.075,21.06409
2020-02-16 12:00:00,12.075,21.797113
2020-02-16 12:15:00,12.295,22.32677
2020-02-16 12:30:00,12.295,22.844557
2020-02-16 12:45:00,12.295,23.646238
2020-02-16 13:00:00,12.734,24.014545
2020-02-16 13:15:00,12.734,24.859003
2020-02-16 13:30:00,12.734,25.35575
2020-02-16 13:45:00,13.174,25.552517
2020-02-16 14:00:00,13.174,25.662582
2020-02-16 14:15:00,13.174,25.759354
2020-02-16 14:30:00,13.174,25.88119
2020-02-16 14:45:00,13.3935,25.795963
2020-02-16 15:00:00,13.3935,25.382673
2020-02-16 15:15:00,13.613,25.277655
2020-02-16 15:30:00,13.833,24.827806
2020-02-16 15:45:00,13.833,24.255407
2020-02-16 16:00:00,14.053,23.474676
2020-02-16 16:15:00,14.053,23.110567
2020-02-16 16:30:00,14.053,22.866869
2020-02-16 16:45:00,14.2725,22.057848
2020-02-16 17:00:00,14.2725,21.399931
2020-02-16 17:15:00,14.2725,20.757816
2020-02-16 17:30:00,14.2725,20.120893
2020-02-16 17:45:00,14.2725,19.494207
2020-02-16 18:00:00,14.2725,19.035948
2020-02-16 18:15:00,14.2725,18.547647
2020-02-16 18:30:00,14.2725,18.094065
2020-02-16 18:45:00,14.053,17.665773
2020-02-16 19:00:00,14.053,17.20243
2020-02-16 19:15:00,13.833,16.839037
2020-02-16 19:30:00,13.833,16.463736
2020-02-16 19:45:00,13.613,16.035212
2020-02-16 20:00:00,13.613,15.461603
2020-02-16 20:15:00,13.613,14.937917
2020-02-16 20:30:00,13.613,14.428308
2020-02-16 20:45:00,13.613,13.923651
2020-02-16 21:00:00,13.613,13.44791
2020-02-16 21:15:00,13.613,12.7534685
2020-02-16 21:30:00,13.613,12.135587
2020-02-16 21:45:00,13.613,11.699299
2020-02-16 22:00:00,13.613,11.237747
2020-02-16 22:15:00,13.613,10.883763
2020-02-16 22:30:00,13.613,10.431265
2020-02-16 22:45:00,13.613,9.9426775
2020-02-16 23:00:00,13.613,9.543668
2020-02-16 23:15:00,13.613,9.356855
2020-02-16 23:30:00,13.613,9.177988
2020-02-16 23:45:00,13.613,8.856239
2020-02-17 00:00:00,13.613,8.595432
2020-02-17 00:15:00,13.613,8.194751
2020-02-17 00:30:00,13.613,7.7456017
2020-02-17 00:45:00,13.613,7.2710876
2020-02-17 01:00:00,13.3935,6.8078756
2020-02-17 01:15:00,13.174,6.444667
2020-02-17 01:30:00,13.174,5.9727364
2020-02-17 01:45:00,12.734,5.5871077
2020-02-17 02:00:00,12.734,5.121413
2020-02-17 02:15:00,12.295,4.707471
2020-02-17 02:30:00,12.075,4.3056917
2020-02-17 02:45:00,11.855,3.8451328
2020-02-17 03:00:00,11.416,3.3691416
2020-02-17 03:15:00,11.1965,2.905899
2020-02-17 03:30:00,10.977,2.644723
2020-02-17 03:45:00,10.757,2.442542
2020-02-17 04:00:00,10.537,2.1503906
2020-02-17 04:15:00,10.3175,1.8764688
2020-02-17 04:30:00,10.098,1.6939193
2020-02-17 04:45:00,10.098,1.5425845
2020-02-17 05:00:00,10.098,1.5917636
2020-02-17 05:15:00,10.098,1.6133701
2020-02-17 05:30:00,10.098,1.6524507
2020-02-17 05:45:00,10.098,1.6988488
2020-02-17 06:00:00,9.878,1.7719947
2020-02-17 06:15:00,9.878,1.9814702
2020-02-17 06:30:00,9.658,2.215724
2020-02-17 06:45:00,9.658,2.96005
2020-02-17 07:00:00,9.219,4.021024
2020-02-17 07:15:00,9.219,5.4349833
2020-02-17 07:30:00,9.219,7.5980487
2020-02-17 07:45:00,9.219,10.139168
2020-02-17 08:00:00,9.219,13.086813
2020-02-17 08:15:00,9.4385,14.339029
2020-02-17 08:30:00,9.658,15.825487
2020-02-17 08:45:00,10.098,17.23707
2020-02-17 09:00:00,10.537,18.489489
2020-02-17 09:15:00,10.977,19.481565
2020-02-17 09:30:00,11.416,20.776363
2020-02-17 09:45:00,12.075,22.072971
2020-02-17 10:00:00,12.5145,23.459871
2020-02-17 10:15:00,12.954,24.13246
2020-02-17 10:30:00,13.613,24.503891
2020-02-17 10:45:00,14.053,24.695786
2020-02-17 11:00:00,14.712,24.902208
2020-02-17 11:15:00,15.3715,25.583178
2020-02-17 11:30:00,15.8105,26.14118
2020-02-17 11:45:00,16.47,26.58502
2020-02-17 12:00:00,16.909,26.938934
2020-02-17 12:15:00,17.3485,27.21083
2020-02-17 12:30:00,17.3485,27.399982
2020-02-17 12:45:00,18.008,27.724081
2020-02-17 13:00:00,18.667,28.01135
2020-02-17 13:15:00,19.3265,28.529268
2020-02-17 13:30:00,20.205,28.973131
2020-02-17 13:45:00,20.6445,29.30485
2020-02-17 14:00:00,21.084,29.501005
2020-02-17 14:15:00,21.304,29.583548
2020-02-17 14:30:00,21.304,29.574636
2020-02-17 14:45:00,21.304,29.456463
2020-02-17 15:00:00,21.743,29.286114
2020-02-17 15:15:00,21.743,29.135275
2020-02-17 15:30:00,21.5235,28.80627
2020-02-17 15:45:00,21.084,28.417751
2020-02-17 16:00:00,20.6445,28.019669
2020-02-17 16:15:00,20.205,27.528786
2020-02-17 16:30:00,19.766,26.95196
2020-02-17 16:45:00,19.326,26.377768
2020-02-17 17:00:00,18.667,25.880274
2020-02-17 17:15:00,18.2275,25.281939
2020-02-17 17:30:00,17.5685,24.71549
2020-02-17 17:45:00,17.1285,24.201654
2020-02-17 18:00:00,16.4695,23.66856
2020-02-17 18:15:00,16.0305,23.12066
2020-02-17 18:30:00,15.591,22.557213
2020-02-17 18:45:00,15.1515,21.95461
2020-02-17 19:00:00,14.712,21.404657
2020-02-17 19:15:00,14.492,20.858332
2020-02-17 19:30:00,14.2725,20.337454
2020-02-17 19:45:00,13.833,19.830297
2020-02-17 20:00:00,13.833,19.437489
2020-02-17 20:15:00,13.613,19.165945
2020-02-17 20:30:00,13.3935,18.895004
2020-02-17 20:45:00,13.3935,18.586266
2020-02-17 21:00:00,13.3935,17.727592
2020-02-17 21:15:00,13.3935,16.909853
2020-02-17 21:30:00,13.3935,16.246805
2020-02-17 21:45:00,13.3935,15.68574
2020-02-17 22:00:00,13.3935,15.136311
2020-02-17 22:15:00,13.3935,14.633462
2020-02-17 22:30:00,13.174,14.098645
2020-02-17 22:45:00,13.174,13.526976
2020-02-17 23:00:00,12.954,13.025948
2020-02-17 23:15:00,12.954,12.592912
2020-02-17 23:30:00,12.954,12.153037
2020-02-17 23:45:00,12.954,11.89045
2020-02-18 00:00:00,12.954,11.614513
2020-02-18 00:15:00,12.954,11.295293
2020-02-18 00:30:00,12.954,10.93801
2020-02-18 00:45:00,12.954,10.621559
2020-02-18 01:00:00,12.734,10.410581
2020-02-18 01:15:00,12.5145,10.239388
2020-02-18 01:30:00,12.5145,10.030046
2020-02-18 01:45:00,12.5145,9.847823
2020-02-18 02:00:00,12.5145,9.730826
2020-02-18 02:15:00,12.5145,9.5478525
2020-02-18 02:30:00,12.5145,9.379677
2020-02-18 02:45:00,12.5145,9.21506
2020-02-18 03:00:00,12.5145,9.113277
2020-02-18 03:15:00,12.295,9.046891
2020-02-18 03:30:00,12.295,8.955123
2020-02-18 03:45:00,12.295,8.772062
2020-02-18 04:00:00,12.5145,8.699876
2020-02-18 04:15:00,12.734,8.559879
2020-02-18 04:30:00,12.734,8.407217
2020-02-18 04:45:00,12.734,8.256007
2020-02-18 05:00:00,12.734,7.854787
2020-02-18 05:15:00,12.734,7.469744
2020-02-18 05:30:00,12.734,7.124092
2020-02-18 05:45:00,12.734,6.7700653
2020-02-18 06:00:00,12.734,6.5610743
2020-02-18 06:15:00,12.734,6.385085
2020-02-18 06:30:00,12.734,6.161527
2020-02-18 06:45:00,12.734,6.1181703
2020-02-18 07:00:00,12.734,6.228573
2020-02-18 07:15:00,12.734,6.3355083
2020-02-18 07:30:00,12.734,6.5438604
2020-02-18 07:45:00,12.734,6.7487426
2020-02-18 08:00:00,12.734,7.0439987
2020-02-18 08:15:00,12.734,7.6054564
2020-02-18 08:30:00,12.734,8.324097
2020-02-18 08:45:00,12.734,9.015034
2020-02-18 09:00:00,12.734,9.401144
2020-02-18 09:15:00,12.954,9.9506855
2020-02-18 09:30:00,12.954,10.559732
2020-02-18 09:45:00,13.174,11.178676
2020-02-18 10:00:00,13.174,11.887825
2020-02-18 10:15:00,13.3935,13.245002
2020-02-18 10:30:00,13.613,14.670898
2020-02-18 10:45:00,13.613,15.842772
2020-02-18 11:00:00,13.833,17.004
2020-02-18 11:15:00,13.833,18.245207
2020-02-18 11:30:00,14.2725,19.324755
2020-02-18 11:45:00,14.2725,20.176994
2020-02-18 12:00:00,14.2725,20.927828
2020-02-18 12:15:00,14.2725,21.532196
2020-02-18 12:30:00,14.2725,21.956667
2020-02-18 12:45:00,14.2725,22.570644
2020-02-18 13:00:00,14.2725,23.019142
2020-02-18 13:15:00,14.2725,23.848547
2020-02-18 13:30:00,14.053,24.590883
2020-02-18 13:45:00,14.053,25.061346
2020-02-18 14:00:00,14.053,25.226328
2020-02-18 14:15:00,13.833,25.213406
2020-02-18 14:30:00,13.3935,25.253672
2020-02-18 14:45:00,12.734,25.116358
2020-02-18 15:00:00,12.295,24.890738
2020-02-18 15:15:00,12.075,24.745539
2020-02-18 15:30:00,11.855,24.399208
2020-02-18 15:45:00,11.416,24.066113
2020-02-18 16:00:00,11.416,23.593128
2020-02-18 16:15:00,11.1965,22.998865
2020-02-18 16:30:00,11.1965,22.473448
2020-02-18 16:45:00,11.1965,21.915457
2020-02-18 17:00:00,11.1965,21.364462
2020-02-18 17:15:00,11.1965,20.603636
2020-02-18 17:30:00,10.757,19.86392
2020-02-18 17:45:00,10.757,19.41065
2020-02-18 18:00:00,10.757,18.830671
2020-02-18 18:15:00,10.5375,18.252995
2020-02-18 18:30:00,10.5375,17.710226
2020-02-18 18:45:00,10.5375,17.335508
2020-02-18 19:00:00,10.5375,17.10623
2020-02-18 19:15:00,10.5375,16.89338
2020-02-18 19:30:00,10.5375,16.728428
2020-02-18 19:45:00,10.5375,16.593071
2020-02-18 20:00:00,10.5375,16.234463
2020-02-18 20:15:00,10.5375,16.287409
2020-02-18 20:30:00,10.5375,16.324734
2020-02-18 20:45:00,10.5375,16.410135
2020-02-18 21:00:00,10.5375,16.666168
2020-02-18 21:15:00,10.5375,17.042286
2020-02-18 21:30:00,10.5375,17.518847
2020-02-18 21:45:00,10.5375,17.900185
2020-02-18 22:00:00,10.5375,18.311108
2020-02-18 22:15:00,10.5375,18.60373
2020-02-18 22:30:00,10.3175,19.078714
2020-02-18 22:45:00,10.3175,19.601341
2020-02-18 23:00:00,10.3175,19.596687
2020-02-18 23:15:00,10.3175,19.517103
2020-02-18 23:30:00,10.3175,19.475834
2020-02-18 23:45:00,10.3175,19.477571
2020-02-19 00:00:00,10.3175,19.468203
2020-02-19 00:15:00,10.3175,19.50119
2020-02-19 00:30:00,10.3175,19.494003
2020-02-19 00:45:00,10.3175,19.461784
2020-02-19 01:00:00,10.3175,19.411133
2020-02-19 01:15:00,10.3175,19.330626
2020-02-19 01:30:00,10.3175,19.26121
2020-02-19 01:45:00,10.3175,19.207642
2020-02-19 02:00:00,10.3175,19.263615
2020-02-19 02:15:00,10.3175,19.179518
2020-02-19 02:30:00,10.3175,19.107014
2020-02-19 02:45:00,10.3175,19.027285
2020-02-19 03:00:00,10.3175,19.003115
2020-02-19 03:15:00,10.3175,18.918661
2020-02-19 03:30:00,10.3175,18.807032
2020-02-19 03:45:00,10.3175,18.67327
2020-02-19 04:00:00,10.3175,18.510052
2020-02-19 04:15:00,10.3175,18.313494
2020-02-19 04:30:00,10.3175,18.147291
2020-02-19 04:45:00,9.878,18.063257
2020-02-19 05:00:00,9.878,17.938385
2020-02-19 05:15:00,9.878,17.795599
2020-02-19 05:30:00,9.878,17.496073
2020-02-19 05:45:00,9.878,17.367956
2020-02-19 06:00:00,9.878,17.29587
2020-02-19 06:15:00,9.878,17.004303
2020-02-19 06:30:00,10.098,16.801247
2020-02-19 06:45:00,10.098,16.767286
2020-02-19 07:00:00,10.3175,16.724487
2020-02-19 07:15:00,10.3175,16.821093
2020-02-19 07:30:00,10.3175,17.052553
2020-02-19 07:45:00,10.3175,17.33441
2020-02-19 08:00:00,10.3175,18.115137
2020-02-19 08:15:00,10.3175,18.993542
2020-02-19 08:30:00,10.3175,19.315027
2020-02-19 08:45:00,10.098,19.21884
2020-02-19 09:00:00,9.878,18.969847
2020-02-19 09:15:00,9.878,18.658133
2020-02-19 09:30:00,9.878,18.093973
2020-02-19 09:45:00,9.4385,17.517582
2020-02-19 10:00:00,9.4385,16.69026
2020-02-19 10:15:00,9.4385,16.405098
2020-02-19 10:30:00,9.4385,16.26536
2020-02-19 10:45:00,9.4385,15.806421
2020-02-19 11:00:00,9.4385,15.348816
2020-02-19 11:15:00,9.4385,14.741074
2020-02-19 11:30:00,9.4385,14.336531
2020-02-19 11:45:00,9.4385,14.09082
2020-02-19 12:00:00,9.4385,13.946758
2020-02-19 12:15:00,9.4385,14.006818
2020-02-19 12:30:00,9.4385,13.953998
2020-02-19 12:45:00,9.4385,13.992159
2020-02-19 13:00:00,9.4385,13.948712
2020-02-19 13:15:00,9.4385,14.091468
2020-02-19 13:30:00,9.4385,14.492856
2020-02-19 13:45:00,9.658,14.53878
2020-02-19 14:00:00,9.878,14.5061865
2020-02-19 14:15:00,9.878,14.631562
2020-02-19 14:30:00,9.878,14.836109
2020-02-19 14:45:00,10.098,14.760332
2020-02-19 15:00:00,10.3175,14.608582
2020-02-19 15:15:00,10.3175,14.921717
2020-02-19 15:30:00,10.3175,14.634602
2020-02-19 15:45:00,10.757,14.516078
2020-02-19 16:00:00,10.757,14.292986
2020-02-19 16:15:00,10.757,14.010292
2020-02-19 16:30:00,10.977,13.7194
2020-02-19 16:45:00,10.977,13.239986
2020-02-19 17:00:00,11.1965,13.228203
2020-02-19 17:15:00,11.1965,13.301664
2020-02-19 17:30:00,11.1965,13.600489
2020-02-19 17:45:00,11.1965,13.869275
2020-02-19 18:00:00,11.416,14.080599
2020-02-19 18:15:00,11.416,14.590994
2020-02-19 18:30:00,11.416,15.063463
2020-02-19 18:45:00,11.416,15.448232
2020-02-19 19:00:00,11.416,15.867681
2020-02-19 19:15:00,11.416,16.134491
2020-02-19 19:30:00,11.416,16.370382
2020-02-19 19:45:00,11.416,16.519766
2020-02-19 20:00:00,11.416,16.56565
2020-02-19 20:15:00,11.416,16.633795
2020-02-19 20:30:00,11.416,16.567995
2020-02-19 20:45:00,11.416,16.600958
2020-02-19 21:00:00,11.416,16.867125
2020-02-19 21:15:00,11.416,17.207561
2020-02-19 21:30:00,11.416,17.057043
2020-02-19 21:45:00,11.416,17.064798
2020-02-19 22:00:00,11.6355,17.189981
2020-02-19 22:15:00,11.6355,17.039341
2020-02-19 22:30:00,11.855,16.866009
2020-02-19 22:45:00,11.855,16.749949
2020-02-19 23:00:00,11.855,16.800575
2020-02-19 23:15:00,12.075,16.769209
2020-02-19 23:30:00,12.075,16.871037
2020-02-19 23:45:00,12.075,16.95355
2020-02-20 00:00:00,12.075,16.978354
2020-02-20 00:15:00,12.075,17.052
2020-02-20 00:30:00,12.075,17.022959
2020-02-20 00:45:00,12.075,16.961546
2020-02-20 01:00:00,12.075,16.871557
2020-02-20 01:15:00,12.075,16.828238
2020-02-20 01:30:00,12.075,16.828077
2020-02-20 01:45:00,12.075,16.791033
2020-02-20 02:00:00,12.075,16.798807
2020-02-20 02:15:00,12.075,16.701262
2020-02-20 02:30:00,12.075,16.660898
2020-02-20 02:45:00,12.075,16.54663
2020-02-20 03:00:00,11.855,16.302462
2020-02-20 03:15:00,11.855,15.9771
2020-02-20 03:30:00,11.855,15.802135
2020-02-20 03:45:00,11.855,15.588886
2020-02-20 04:00:00,11.855,15.301814
2020-02-20 04:15:00,11.855,14.9344
2020-02-20 04:30:00,11.855,14.525364
2020-02-20 04:45:00,11.855,14.040512
2020-02-20 05:00:00,11.6355,13.578888
2020-02-20 05:15:00,11.6355,13.304085
2020-02-20 05:30:00,11.6355,12.902183
2020-02-20 05:45:00,11.6355,12.587395
2020-02-20 06:00:00,11.416,12.33721
2020-02-20 06:15:00,11.416,12.098402
2020-02-20 06:30:00,11.1965,11.815327
2020-02-20 06:45:00,10.977,11.631978
2020-02-20 07:00:00,10.757,11.347852
2020-02-20 07:15:00,10.757,11.218609
2020-02-20 07:30:00,10.757,11.230808
2020-02-20 07:45:00,10.757,11.241905
2020-02-20 08:00:00,10.757,11.3374
2020-02-20 08:15:00,10.757,11.548006
2020-02-20 08:30:00,10.757,11.712128
2020-02-20 08:45:00,10.757,12.075975
2020-02-20 09:00:00,10.757,12.696633
2020-02-20 09:15:00,10.757,12.782813
2020-02-20 09:30:00,10.757,12.28611
2020-02-20 09:45:00,10.757,11.815746
2020-02-20 10:00:00,10.757,11.296358
2020-02-20 10:15:00,10.5375,10.484987
2020-02-20 10:30:00,10.3175,9.585075
2020-02-20 10:45:00,10.3175,8.829081
2020-02-20 11:00:00,10.0975,8.2084
2020-02-20 11:15:00,10.0975,7.444401
2020-02-20 11:30:00,10.0975,6.8027663
2020-02-20 11:45:00,10.0975,6.305553
2020-02-20 12:00:00,10.0975,6.227892
2020-02-20 12:15:00,10.0975,6.6662545
2020-02-20 12:30:00,10.0975,6.901851
2020-02-20 12:45:00,10.0975,7.3927574
2020-02-20 13:00:00,10.0975,7.7128325
2020-02-20 13:15:00,10.0975,7.990681
2020-02-20 13:30:00,9.878,8.257386
2020-02-20 13:45:00,9.6585,8.488897
2020-02-20 14:00:00,9.6585,8.713312
2020-02-20 14:15:00,9.6585,8.819105
2020-02-20 14:30:00,9.6585,8.93703
2020-02-20 14:45:00,9.6585,9.077921
2020-02-20 15:00:00,9.6585,9.076319
2020-02-20 15:15:00,9.6585,9.233663
2020-02-20 15:30:00,9.6585,9.1279335
2020-02-20 15:45:00,9.6585,9.018503
2020-02-20 16:00:00,9.6585,8.978992
2020-02-20 16:15:00,9.6585,8.6899395
2020-02-20 16:30:00,9.4385,8.464315
2020-02-20 16:45:00,9.4385,8.101809
2020-02-20 17:00:00,9.4385,7.9374332
2020-02-20 17:15:00,9.4385,7.741501
2020-02-20 17:30:00,9.219,7.773661
2020-02-20 17:45:00,8.999,7.814712
2020-02-20 18:00:00,8.999,7.7507873
2020-02-20 18:15:00,8.999,7.850812
2020-02-20 18:30:00,8.5595,8.173029
2020-02-20 18:45:00,8.5595,8.334848
2020-02-20 19:00:00,8.5595,8.593383
2020-02-20 19:15:00,8.5595,9.038875
2020-02-20 19:30:00,8.5595,9.425934
2020-02-20 19:45:00,8.5595,9.822581
2020-02-20 20:00:00,8.5595,10.23144
2020-02-20 20:15:00,8.5595,10.610353
2020-02-20 20:30:00,8.3395,10.986612
2020-02-20 20:45:00,8.3395,11.356632
2020-02-20 21:00:00,8.3395,11.774602
2020-02-20 21:15:00,8.3395,12.337595
2020-02-20 21:30:00,8.3395,12.892501
2020-02-20 21:45:00,8.3395,13.283243
2020-02-20 22:00:00,8.3395,13.678392
2020-02-20 22:15:00,8.3395,13.925896
2020-02-20 22:30:00,8.3395,14.379435
2020-02-20 22:45:00,8.5595,14.875284
2020-02-20 23:00:00,8.5595,15.244556
2020-02-20 23:15:00,8.5595,15.46315
2020-02-20 23:30:00,8.7795,15.731616
2020-02-20 23:45:00,8.7795,15.996544
2020-02-21 00:00:00,8.7795,16.23163
2020-02-21 00:15:00,8.999,16.493101
2020-02-21 00:30:00,8.999,16.738668
2020-02-21 00:45:00,8.999,16.953636
2020-02-21 01:00:00,8.999,17.193888
2020-02-21 01:15:00,8.999,17.471746
2020-02-21 01:30:00,8.999,17.785376
2020-02-21 01:45:00,9.219,18.058083
2020-02-21 02:00:00,9.219,18.496399
2020-02-21 02:15:00,9.4385,18.803528
2020-02-21 02:30:00,9.4385,19.068586
2020-02-21 02:45:00,9.658,19.312798
2020-02-21 03:00:00,9.658,19.745493
2020-02-21 03:15:00,9.658,20.238295
2020-02-21 03:30:00,9.658,20.598299
2020-02-21 03:45:00,9.658,20.912853
2020-02-21 04:00:00,9.658,21.345926
2020-02-21 04:15:00,9.658,21.783648
2020-02-21 04:30:00,9.4385,22.146788
2020-02-21 04:45:00,9.4385,22.590643
2020-02-21 05:00:00,9.4385,22.840195
2020-02-21 05:15:00,9.4385,23.072836
2020-02-21 05:30:00,9.4385,23.233555
2020-02-21 05:45:00,9.4385,23.377378
2020-02-21 06:00:00,9.4385,23.725489
2020-02-21 06:15:00,9.4385,23.977293
2020-02-21 06:30:00,9.4385,24.139933
2020-02-21 06:45:00,9.4385,24.310844
2020-02-21 07:00:00,9.4385,24.271278
2020-02-21 07:15:00,9.4385,24.007206
2020-02-21 07:30:00,9.4385,23.882662
2020-02-21 07:45:00,9.4385,23.588417
2020-02-21 08:00:00,9.4385,23.2847
2020-02-21 08:15:00,9.658,22.78914
2020-02-21 08:30:00,9.658,22.01309
2020-02-21 08:45:00,9.878,20.61387
2020-02-21 09:00:00,10.098,18.924314
2020-02-21 09:15:00,10.098,17.406038
2020-02-21 09:30:00,10.3175,16.82525
2020-02-21 09:45:00,10.537,16.398802
2020-02-21 10:00:00,10.757,15.812771
2020-02-21 10:15:00,10.757,15.215771
2020-02-21 10:30:00,10.757,14.496218
2020-02-21 10:45:00,10.977,13.976708
2020-02-21 11:00:00,10.977,13.579102
2020-02-21 11:15:00,11.1965,13.664902
2020-02-21 11:30:00,11.1965,13.713383
2020-02-21 11:45:00,11.416,13.557044
2020-02-21 12:00:00,11.416,13.5459795
2020-02-21 12:15:00,11.6355,13.480081
2020-02-21 12:30:00,11.6355,13.460809
2020-02-21 12:45:00,11.6355,13.7803755
2020-02-21 13:00:00,11.6355,13.872482
2020-02-21 13:15:00,11.6355,14.256452
2020-02-21 13:30:00,11.6355,14.584872
2020-02-21 13:45:00,11.6355,14.744944
2020-02-21 14:00:00,11.6355,15.023245
2020-02-21 14:15:00,11.6355,15.224536
2020-02-21 14:30:00,11.6355,15.519102
2020-02-21 14:45:00,11.6355,15.61991
2020-02-21 15:00:00,11.6355,15.490261
2020-02-21 15:15:00,11.855,15.436222
2020-02-21 15:30:00,11.855,15.162801
2020-02-21 15:45:00,11.855,14.889103
2020-02-21 16:00:00,11.855,14.642871
2020-02-21 16:15:00,11.855,14.45623
2020-02-21 16:30:00,11.855,14.308755
2020-02-21 16:45:00,12.075,14.242739
2020-02-21 17:00:00,12.075,14.114962
2020-02-21 17:15:00,12.075,13.78388
2020-02-21 17:30:00,12.075,13.554789
2020-02-21 17:45:00,12.075,13.582814
2020-02-21 18:00:00,12.075,13.413532
2020-02-21 18:15:00,12.075,13.329506
2020-02-21 18:30:00,12.075,13.250149
2020-02-21 18:45:00,12.075,13.207895
2020-02-21 19:00:00,12.075,13.136058
2020-02-21 19:15:00,12.075,13.1071205
2020-02-21 19:30:00,12.075,13.085541
2020-02-21 19:45:00,12.075,13.086269
2020-02-21 20:00:00,12.075,12.964224
2020-02-21 20:15:00,12.075,12.896465
2020-02-21 20:30:00,12.075,12.655661
2020-02-21 20:45:00,12.075,12.461095
2020-02-21 21:00:00,12.075,12.313559
2020-02-21 21:15:00,12.075,12.289696
2020-02-21 21:30:00,12.075,12.684366
2020-02-21 21:45:00,12.075,12.984578
2020-02-21 22:00:00,12.075,13.375653
2020-02-21 22:15:00,12.075,13.56968
2020-02-21 22:30:00,12.075,13.861029
2020-02-21 22:45:00,12.075,14.297317
2020-02-21 23:00:00,12.075,14.636035
2020-02-21 23:15:00,12.075,14.749599
2020-02-21 23:30:00,11.8555,14.930259
2020-02-21 23:45:00,11.8555,15.195962
2020-02-22 00:00:00,11.6355,15.336384
2020-02-22 00:15:00,11.6355,15.705172
2020-02-22 00:30:00,11.6355,15.970647
2020-02-22 00:45:00,11.6355,16.26889
2020-02-22 01:00:00,11.6355,16.537556
2020-02-22 01:15:00,11.6355,16.904083
2020-02-22 01:30:00,11.6355,17.297089
2020-02-22 01:45:00,11.416,17.763947
2020-02-22 02:00:00,11.1965,18.328842
2020-02-22 02:15:00,11.1965,18.644812
2020-02-22 02:30:00,11.1965,18.944378
2020-02-22 02:45:00,11.1965,19.278524
2020-02-22 03:00:00,11.1965,19.795622
2020-02-22 03:15:00,11.1965,20.29074
2020-02-22 03:30:00,11.1965,20.551947
2020-02-22 03:45:00,10.9765,20.951628
2020-02-22 04:00:00,10.757,21.375883
2020-02-22 04:15:00,10.757,21.955622
2020-02-22 04:30:00,10.757,22.346401
2020-02-22 04:45:00,10.757,22.63685
2020-02-22 05:00:00,10.757,22.83359
2020-02-22 05:15:00,10.757,22.953352
2020-02-22 05:30:00,10.757,22.984743
2020-02-22 05:45:00,10.757,23.07054
2020-02-22 06:00:00,10.757,23.28636
2020-02-22 06:15:00,10.757,23.349325
2020-02-22 06:30:00,10.757,23.293139
2020-02-22 06:45:00,10.757,23.281775
2020-02-22 07:00:00,10.757,23.26365
2020-02-22 07:15:00,10.757,23.117754
2020-02-22 07:30:00,10.757,23.150904
2020-02-22 07:45:00,10.757,22.908884
2020-02-22 08:00:00,10.757,22.582226
2020-02-22 08:15:00,10.757,21.995222
2020-02-22 08:30:00,10.977,21.138145
2020-02-22 08:45:00,11.1965,20.268774
2020-02-22 09:00:00,11.6355,18.836403
2020-02-22 09:15:00,12.075,16.819504
2020-02-22 09:30:00,12.075,14.993909
2020-02-22 09:45:00,12.5145,13.134233
2020-02-22 10:00:00,13.174,11.185053
2020-02-22 10:15:00,14.053,10.417086
2020-02-22 10:30:00,14.492,10.378817
2020-02-22 10:45:00,15.1515,10.425506
2020-02-22 11:00:00,15.3715,10.2769375
2020-02-22 11:15:00,15.591,10.293712
2020-02-22 11:30:00,16.0305,10.60778
2020-02-22 11:45:00,16.0305,10.880618
2020-02-22 12:00:00,16.4695,11.216158
2020-02-22 12:15:00,17.1285,11.297897
2020-02-22 12:30:00,17.3485,11.551746
2020-02-22 12:45:00,17.5685,11.871667
2020-02-22 13:00:00,18.0075,12.028928
2020-02-22 13:15:00,18.2275,12.432989
2020-02-22 13:30:00,18.667,12.75165
2020-02-22 13:45:00,19.1065,13.22319
2020-02-22 14:00:00,19.546,13.454342
2020-02-22 14:15:00,19.766,13.625843
2020-02-22 14:30:00,19.9855,13.940459
2020-02-22 14:45:00,20.425,13.96024
2020-02-22 15:00:00,20.8645,13.788901
2020-02-22 15:15:00,20.8645,13.548491
2020-02-22 15:30:00,20.6445,13.337636
2020-02-22 15:45:00,20.6445,12.781555
2020-02-22 16:00:00,20.425,11.9075985
2020-02-22 16:15:00,19.9855,11.12694
2020-02-22 16:30:00,19.7655,10.735119
2020-02-22 16:45:00,19.3265,10.420844
2020-02-22 17:00:00,18.8865,10.090036
2020-02-22 17:15:00,18.667,9.70412
2020-02-22 17:30:00,18.2275,9.19549
2020-02-22 17:45:00,17.788,8.962774
2020-02-22 18:00:00,17.568,8.646124
2020-02-22 18:15:00,17.129,8.468344
2020-02-22 18:30:00,16.689,8.370588
2020-02-22 18:45:00,16.4695,8.0554285
2020-02-22 19:00:00,16.0305,7.720149
2020-02-22 19:15:00,15.591,7.4031286
2020-02-22 19:30:00,15.371,7.2095404
2020-02-22 19:45:00,14.932,7.1552815
2020-02-22 20:00:00,14.712,7.4229727
2020-02-22 20:15:00,14.2725,8.07236
2020-02-22 20:30:00,14.053,8.701868
2020-02-22 20:45:00,13.833,9.378292
2020-02-22 21:00:00,13.613,10.094954
2020-02-22 21:15:00,13.3935,10.545068
2020-02-22 21:30:00,12.954,10.928127
2020-02-22 21:45:00,12.954,11.224062
2020-02-22 22:00:00,12.734,11.581355
2020-02-22 22:15:00,12.5145,11.899935
2020-02-22 22:30:00,12.5145,12.178728
2020-02-22 22:45:00,12.295,12.5782175
2020-02-22 23:00:00,12.075,12.945958
2020-02-22 23:15:00,12.075,13.191072
2020-02-22 23:30:00,12.075,13.405111
2020-02-22 23:45:00,11.6355,13.806422
2020-02-23 00:00:00,11.6355,13.996854
2020-02-23 00:15:00,11.6355,14.330761
2020-02-23 00:30:00,11.6355,14.550286
2020-02-23 00:45:00,11.416,14.796988
2020-02-23 01:00:00,11.1965,14.923674
2020-02-23 01:15:00,11.1965,15.192858
2020-02-23 01:30:00,10.757,15.418035
2020-02-23 01:45:00,10.757,15.678465
2020-02-23 02:00:00,10.757,16.104572
2020-02-23 02:15:00,10.3175,16.390575
2020-02-23 02:30:00,10.3175,16.584753
2020-02-23 02:45:00,10.3175,16.755474
2020-02-23 03:00:00,9.878,17.071928
2020-02-23 03:15:00,9.878,17.243954
2020-02-23 03:30:00,9.878,17.339502
2020-02-23 03:45:00,9.878,17.476862
2020-02-23 04:00:00,9.4385,17.692263
2020-02-23 04:15:00,9.4385,17.897415
2020-02-23 04:30:00,9.4385,17.900831
2020-02-23 04:45:00,8.999,17.84249
2020-02-23 05:00:00,8.999,17.702372
2020-02-23 05:15:00,8.999,17.655375
2020-02-23 05:30:00,8.5595,17.62775
2020-02-23 05:45:00,8.5595,17.526262
2020-02-23 06:00:00,8.5595,17.716547
2020-02-23 06:15:00,8.5595,17.788586
2020-02-23 06:30:00,8.5595,17.651619
2020-02-23 06:45:00,8.5595,17.648748
2020-02-23 07:00:00,8.5595,17.504753
2020-02-23 07:15:00,8.5595,17.155443
2020-02-23 07:30:00,8.5595,16.881744
2020-02-23 07:45:00,8.5595,16.455645
2020-02-23 08:00:00,8.779,16.064697
2020-02-23 08:15:00,9.219,15.414475
2020-02-23 08:30:00,9.658,14.40644
2020-02-23 08:45:00,10.098,13.06588
2020-02-23 09:00:00,10.757,11.772776
2020-02-23 09:15:00,11.6355,10.696185
2020-02-23 09:30:00,12.2945,9.55579
2020-02-23 09:45:00,13.3935,8.570061
2020-02-23 10:00:00,14.2725,8.479211
2020-02-23 10:15:00,15.3715,8.486982
2020-02-23 10:30:00,16.0305,8.867859
2020-02-23 10:45:00,16.689,9.197702
2020-02-23 11:00:00,17.788,9.410732
2020-02-23 11:15:00,18.2275,9.622132
2020-02-23 11:30:00,19.1065,9.884815
2020-02-23 11:45:00,19.9855,9.934742
2020-02-23 12:00:00,20.6445,10.137919
2020-02-23 12:15:00,20.864,10.307472
2020-02-23 12:30:00,21.084,10.51724
2020-02-23 12:45:00,21.3035,10.843055
2020-02-23 13:00:00,22.183,11.092804
2020-02-23 13:15:00,22.8415,11.733862
2020-02-23 13:30:00,23.281,12.428265
2020-02-23 13:45:00,23.9405,13.111376
2020-02-23 14:00:00,24.16,13.488038
2020-02-23 14:15:00,24.5995,13.775042
2020-02-23 14:30:00,25.039,14.167982
2020-02-23 14:45:00,25.4785,14.434566
2020-02-23 15:00:00,25.698,14.5521145
2020-02-23 15:15:00,25.918,14.597677
2020-02-23 15:30:00,25.6985,14.547518
2020-02-23 15:45:00,25.479,14.333168
2020-02-23 16:00:00,25.259,14.084694
2020-02-23 16:15:00,24.8195,13.794533
2020-02-23 16:30:00,24.38,13.3967
2020-02-23 16:45:00,24.16,13.1200485
2020-02-23 17:00:00,23.9405,12.787655
2020-02-23 17:15:00,23.721,12.408945
2020-02-23 17:30:00,23.281,12.129064
2020-02-23 17:45:00,22.842,11.863554
2020-02-23 18:00:00,22.622,11.5606165
2020-02-23 18:15:00,22.1825,11.465098
2020-02-23 18:30:00,21.523,11.228196
2020-02-23 18:45:00,21.084,11.006091
2020-02-23 19:00:00,20.645,10.757399
2020-02-23 19:15:00,19.9855,10.550755
2020-02-23 19:30:00,19.546,10.374036
2020-02-23 19:45:00,18.887,10.219741
2020-02-23 20:00:00,18.447,9.966635
2020-02-23 20:15:00,18.2275,9.743374
2020-02-23 20:30:00,18.008,9.508145
2020-02-23 20:45:00,17.568,9.273109
2020-02-23 21:00:00,17.568,9.070402
2020-02-23 21:15:00,17.129,8.943317
2020-02-23 21:30:00,16.909,8.936836
2020-02-23 21:45:00,16.689,8.988794
2020-02-23 22:00:00,16.689,9.053314
2020-02-23 22:15:00,16.689,9.076702
2020-02-23 22:30:00,16.689,9.2008095
2020-02-23 22:45:00,16.4695,9.354583
2020-02-23 23:00:00,16.4695,9.484549
2020-02-23 23:15:00,16.4695,9.528683
2020-02-23 23:30:00,16.4695,9.619417
2020-02-23 23:45:00,16.4695,9.691355
2020-02-24 00:00:00,16.4695,9.722519
2020-02-24 00:15:00,16.25,9.750262
2020-02-24 00:30:00,16.25,9.825182
2020-02-24 00:45:00,16.25,9.802145
2020-02-24 01:00:00,16.25,9.996405
2020-02-24 01:15:00,16.25,10.336431
2020-02-24 01:30:00,16.4695,10.66274
2020-02-24 01:45:00,16.4695,10.983058
2020-02-24 02:00:00,16.689,11.384436
2020-02-24 02:15:00,16.689,11.691279
2020-02-24 02:30:00,16.689,11.978266
2020-02-24 02:45:00,16.689,12.296908
2020-02-24 03:00:00,16.689,12.68964
2020-02-24 03:15:00,16.689,13.020137
2020-02-24 03:30:00,16.689,13.257948
2020-02-24 03:45:00,16.689,13.423583
2020-02-24 04:00:00,16.4695,13.751071
2020-02-24 04:15:00,16.25,14.1211605
2020-02-24 04:30:00,16.25,14.372572
2020-02-24 04:45:00,16.25,14.6220045
2020-02-24 05:00:00,16.25,14.775168
2020-02-24 05:15:00,15.811,15.029135
2020-02-24 05:30:00,15.811,15.310858
2020-02-24 05:45:00,15.811,15.57797
2020-02-24 06:00:00,15.811,15.901259
2020-02-24 06:15:00,15.811,16.024345
2020-02-24 06:30:00,15.811,16.02906
2020-02-24 06:45:00,15.811,15.889479
2020-02-24 07:00:00,15.591,15.550762
2020-02-24 07:15:00,15.371,14.996784
2020-02-24 07:30:00,15.371,14.602725
2020-02-24 07:45:00,15.371,14.124596
2020-02-24 08:00:00,15.371,13.601563
2020-02-24 08:15:00,15.371,13.036297
2020-02-24 08:30:00,15.371,13.238575
2020-02-24 08:45:00,15.371,13.468513
2020-02-24 09:00:00,15.591,13.57814
2020-02-24 09:15:00,15.591,13.793358
2020-02-24 09:30:00,15.811,14.064198
2020-02-24 09:45:00,16.0305,14.646135
2020-02-24 10:00:00,16.25,15.311124
2020-02-24 10:15:00,16.4695,15.962904
2020-02-24 10:30:00,16.4695,16.57125
2020-02-24 10:45:00,16.909,16.982084
2020-02-24 11:00:00,17.3485,17.214218
2020-02-24 11:15:00,17.3485,17.495123
2020-02-24 11:30:00,17.788,17.755043
2020-02-24 11:45:00,18.008,17.720263
2020-02-24 12:00:00,18.2275,18.11218
2020-02-24 12:15:00,18.667,18.295124
2020-02-24 12:30:00,18.887,18.327787
2020-02-24 12:45:00,19.326,18.44735
2020-02-24 13:00:00,19.766,18.448893
2020-02-24 13:15:00,20.425,18.62837
2020-02-24 13:30:00,20.8645,19.08657
2020-02-24 13:45:00,21.3035,19.643257
2020-02-24 14:00:00,21.743,19.986635
2020-02-24 14:15:00,21.9625,20.231535
2020-02-24 14:30:00,21.9625,20.537477
2020-02-24 14:45:00,21.9625,20.729538
2020-02-24 15:00:00,21.9625,20.793268
2020-02-24 15:15:00,21.9625,20.745796
2020-02-24 15:30:00,21.743,20.656574
2020-02-24 15:45:00,21.5235,20.382341
2020-02-24 16:00:00,21.3035,20.107878
2020-02-24 16:15:00,20.8645,19.956623
2020-02-24 16:30:00,20.8645,19.794758
2020-02-24 16:45:00,20.8645,19.6629
2020-02-24 17:00:00,20.425,19.48123
2020-02-24 17:15:00,20.425,19.219252
2020-02-24 17:30:00,20.425,18.846596
2020-02-24 17:45:00,19.9855,18.404846
2020-02-24 18:00:00,19.9855,17.820316
2020-02-24 18:15:00,19.9855,17.400509
2020-02-24 18:30:00,19.9855,16.886862
2020-02-24 18:45:00,19.9855,16.429842
2020-02-24 19:00:00,19.9855,16.002855
2020-02-24 19:15:00,19.766,15.61856
2020-02-24 19:30:00,19.766,15.365201
2020-02-24 19:45:00,19.766,15.071545
2020-02-24 20:00:00,19.546,14.707925
2020-02-24 20:15:00,19.546,14.372122
2020-02-24 20:30:00,19.546,14.032751
2020-02-24 20:45:00,19.546,13.68268
2020-02-24 21:00:00,19.326,13.489269
2020-02-24 21:15:00,19.326,13.324435
2020-02-24 21:30:00,19.326,13.085144
2020-02-24 21:45:00,19.1065,12.97821
2020-02-24 22:00:00,18.887,12.921087
2020-02-24 22:15:00,18.887,12.847334
2020-02-24 22:30:00,18.887,12.748335
2020-02-24 22:45:00,18.447,12.732977
2020-02-24 23:00:00,18.447,12.715697
2020-02-24 23:15:00,18.2275,12.6017275
2020-02-24 23:30:00,18.008,12.373727
2020-02-24 23:45:00,17.788,12.361265
2020-02-25 00:00:00,17.788,12.373092
2020-02-25 00:15:00,17.568,12.499887
2020-02-25 00:30:00,17.3485,12.42971
2020-02-25 00:45:00,17.129,12.406392
2020-02-25 01:00:00,17.129,12.396239
2020-02-25 01:15:00,17.129,12.387273
2020-02-25 01:30:00,17.129,12.422162
2020-02-25 01:45:00,16.909,12.45267
2020-02-25 02:00:00,16.689,12.79703
2020-02-25 02:15:00,16.689,13.129864
2020-02-25 02:30:00,16.689,13.312817
2020-02-25 02:45:00,16.689,13.351292
2020-02-25 03:00:00,16.4695,13.520199
2020-02-25 03:15:00,16.25,13.854129
2020-02-25 03:30:00,16.25,14.0202675
2020-02-25 03:45:00,16.25,14.141787
2020-02-25 04:00:00,15.811,14.497025
2020-02-25 04:15:00,15.811,14.817537
2020-02-25 04:30:00,15.811,15.007788
2020-02-25 04:45:00,15.371,15.21146
2020-02-25 05:00:00,15.371,15.194176
2020-02-25 05:15:00,15.371,15.434044
2020-02-25 05:30:00,15.371,15.395819
2020-02-25 05:45:00,15.371,15.432245
2020-02-25 06:00:00,14.932,15.711025
2020-02-25 06:15:00,14.932,15.791449
2020-02-25 06:30:00,14.932,15.687116
2020-02-25 06:45:00,14.932,15.64138
2020-02-25 07:00:00,14.932,15.577975
2020-02-25 07:15:00,14.492,15.385913
2020-02-25 07:30:00,14.492,15.311821
2020-02-25 07:45:00,14.492,15.085869
2020-02-25 08:00:00,14.492,15.135772
2020-02-25 08:15:00,14.492,15.224657
2020-02-25 08:30:00,14.492,15.244743
2020-02-25 08:45:00,14.492,15.24603
2020-02-25 09:00:00,14.932,15.033177
2020-02-25 09:15:00,15.371,15.4978
2020-02-25 09:30:00,15.591,16.137291
2020-02-25 09:45:00,16.0305,16.73089
2020-02-25 10:00:00,16.4695,17.859745
2020-02-25 10:15:00,16.909,19.03847
2020-02-25 10:30:00,16.909,20.209242
2020-02-25 10:45:00,17.3485,21.208881
2020-02-25 11:00:00,17.788,21.868933
2020-02-25 11:15:00,18.2275,22.420069
2020-02-25 11:30:00,18.8865,22.898706
2020-02-25 11:45:00,19.3265,23.28295
2020-02-25 12:00:00,19.7655,23.553926
2020-02-25 12:15:00,20.2055,23.70418
2020-02-25 12:30:00,20.6445,23.943985
2020-02-25 12:45:00,20.864,24.28744
2020-02-25 13:00:00,21.304,24.658548
2020-02-25 13:15:00,21.304,25.117456
2020-02-25 13:30:00,21.304,25.58427
2020-02-25 13:45:00,21.5235,25.91149
2020-02-25 14:00:00,21.743,26.179047
2020-02-25 14:15:00,21.743,26.382608
2020-02-25 14:30:00,21.9625,26.552095
2020-02-25 14:45:00,21.9625,26.653704
2020-02-25 15:00:00,21.9625,26.669556
2020-02-25 15:15:00,22.1825,26.684587
2020-02-25 15:30:00,22.402,26.601776
2020-02-25 15:45:00,22.402,26.400532
2020-02-25 16:00:00,22.402,26.170786
2020-02-25 16:15:00,22.1825,25.977585
2020-02-25 16:30:00,22.1825,25.878386
2020-02-25 16:45:00,21.743,25.87175
2020-02-25 17:00:00,21.743,25.819382
2020-02-25 17:15:00,21.304,25.940145
2020-02-25 17:30:00,21.084,26.157652
2020-02-25 17:45:00,20.6445,26.32738
2020-02-25 18:00:00,20.425,26.423391
2020-02-25 18:15:00,20.2055,26.775269
2020-02-25 18:30:00,19.9855,27.173977
2020-02-25 18:45:00,19.7655,27.331808
2020-02-25 19:00:00,19.546,27.294802
2020-02-25 19:15:00,19.3265,27.2596
2020-02-25 19:30:00,19.1065,27.34236
2020-02-25 19:45:00,18.667,27.401615
2020-02-25 20:00:00,18.447,27.357635
2020-02-25 20:15:00,18.008,27.315702
2020-02-25 20:30:00,17.788,27.262854
2020-02-25 20:45:00,17.3485,27.38571
2020-02-25 21:00:00,17.129,27.476917
2020-02-25 21:15:00,16.689,27.731768
2020-02-25 21:30:00,16.25,27.812761
2020-02-25 21:45:00,16.0305,27.884424
2020-02-25 22:00:00,15.811,27.98195
2020-02-25 22:15:00,15.371,27.91015
2020-02-25 22:30:00,15.1515,27.78099
2020-02-25 22:45:00,14.932,27.80498
2020-02-25 23:00:00,14.712,27.754538
2020-02-25 23:15:00,14.492,27.592384
2020-02-25 23:30:00,14.2725,27.432878
2020-02-25 23:45:00,14.053,27.388596
2020-02-26 00:00:00,13.833,27.245481
2020-02-26 00:15:00,13.613,27.241705
2020-02-26 00:30:00,13.3935,27.174013
2020-02-26 00:45:00,13.3935,27.113653
2020-02-26 01:00:00,12.954,27.055153
2020-02-26 01:15:00,12.954,26.951921
2020-02-26 01:30:00,12.734,26.837172
2020-02-26 01:45:00,12.734,26.617048
2020-02-26 02:00:00,12.5145,26.571074
2020-02-26 02:15:00,12.5145,26.524796
2020-02-26 02:30:00,12.075,26.424273
2020-02-26 02:45:00,12.075,26.322752
2020-02-26 03:00:00,12.075,26.405066
2020-02-26 03:15:00,11.6355,26.489935
2020-02-26 03:30:00,11.6355,26.400166
2020-02-26 03:45:00,11.416,26.347387
2020-02-26 04:00:00,11.1965,26.398796
2020-02-26 04:15:00,11.1965,26.685741
2020-02-26 04:30:00,11.1965,26.830063
2020-02-26 04:45:00,10.757,27.018574
2020-02-26 05:00:00,10.757,27.154388
2020-02-26 05:15:00,10.757,27.282774
2020-02-26 05:30:00,10.537,27.257116
2020-02-26 05:45:00,10.3175,27.22907
2020-02-26 06:00:00,10.3175,27.437452
2020-02-26 06:15:00,10.3175,27.346869
2020-02-26 06:30:00,10.3175,27.106798
2020-02-26 06:45:00,10.098,26.967855
2020-02-26 07:00:00,10.098,26.62274
2020-02-26 07:15:00,10.098,26.443647
2020-02-26 07:30:00,10.098,26.503813
2020-02-26 07:45:00,10.537,26.399557
2020-02-26 08:00:00,10.757,26.300428
2020-02-26 08:15:00,11.1965,26.07644
2020-02-26 08:30:00,11.855,25.557226
2020-02-26 08:45:00,12.295,25.105085
2020-02-26 09:00:00,12.954,24.524069
2020-02-26 09:15:00,13.833,24.163305
2020-02-26 09:30:00,14.4925,23.941442
2020-02-26 09:45:00,15.3715,23.874657
2020-02-26 10:00:00,16.47,23.963083
2020-02-26 10:15:00,17.1285,24.163662
2020-02-26 10:30:00,18.0075,24.441628
2020-02-26 10:45:00,18.667,24.721525
2020-02-26 11:00:00,19.326,24.68871
2020-02-26 11:15:00,20.2055,24.76484
2020-02-26 11:30:00,21.084,24.791067
2020-02-26 11:45:00,21.7435,24.779808
2020-02-26 12:00:00,22.4025,24.90243
2020-02-26 12:15:00,23.281,24.928877
2020-02-26 12:30:00,23.501,25.187864
2020-02-26 12:45:00,23.7205,25.302399
2020-02-26 13:00:00,24.38,25.534275
2020-02-26 13:15:00,25.039,25.575712
2020-02-26 13:30:00,25.4785,25.60494
2020-02-26 13:45:00,25.698,25.665855
2020-02-26 14:00:00,26.1375,25.76175
2020-02-26 14:15:00,26.577,25.674896
2020-02-26 14:30:00,26.7965,25.498552
2020-02-26 14:45:00,27.2365,25.360445
2020-02-26 15:00:00,27.8955,25.123869
2020-02-26 15:15:00,27.8955,24.933878
2020-02-26 15:30:00,27.8955,24.784063
2020-02-26 15:45:00,27.456,24.677288
2020-02-26 16:00:00,27.456,24.693495
2020-02-26 16:15:00,27.0165,24.701324
2020-02-26 16:30:00,26.577,24.609545
2020-02-26 16:45:00,26.357,24.505424
2020-02-26 17:00:00,25.918,24.43537
2020-02-26 17:15:00,25.259,24.435556
2020-02-26 17:30:00,24.8195,24.474726
2020-02-26 17:45:00,24.38,24.381126
2020-02-26 18:00:00,23.9405,24.240774
2020-02-26 18:15:00,23.501,24.292261
2020-02-26 18:30:00,23.0615,24.42161
2020-02-26 18:45:00,22.622,24.303324
2020-02-26 19:00:00,22.1825,24.227255
2020-02-26 19:15:00,21.743,24.198734
2020-02-26 19:30:00,21.084,24.12316
2020-02-26 19:45:00,20.8645,23.99145
2020-02-26 20:00:00,20.425,23.835302
2020-02-26 20:15:00,20.205,23.923445
2020-02-26 20:30:00,19.766,23.96338
2020-02-26 20:45:00,19.546,24.092552
2020-02-26 21:00:00,19.326,24.244747
2020-02-26 21:15:00,19.1065,24.45918
2020-02-26 21:30:00,18.667,24.526112
2020-02-26 21:45:00,18.4475,24.559837
2020-02-26 22:00:00,18.2275,24.582441
2020-02-26 22:15:00,17.788,24.524197
2020-02-26 22:30:00,17.788,24.444561
2020-02-26 22:45:00,17.5685,24.549099
2020-02-26 23:00:00,17.3485,24.60361
2020-02-26 23:15:00,17.3485,24.532793
2020-02-26 23:30:00,17.3485,24.459536
2020-02-26 23:45:00,17.3485,24.44575
2020-02-27 00:00:00,16.909,24.407606
2020-02-27 00:15:00,16.909,24.419876
2020-02-27 00:30:00,16.909,24.434198
2020-02-27 00:45:00,16.909,24.440283
2020-02-27 01:00:00,16.909,24.747648
2020-02-27 01:15:00,16.4695,25.234472
2020-02-27 01:30:00,16.4695,25.582644
2020-02-27 01:45:00,16.4695,25.962877
2020-02-27 02:00:00,16.4695,26.424541
2020-02-27 02:15:00,16.4695,26.774225
2020-02-27 02:30:00,16.0305,27.049677
2020-02-27 02:45:00,16.0305,27.25852
2020-02-27 03:00:00,16.0305,27.622005
2020-02-27 03:15:00,15.8105,27.928871
2020-02-27 03:30:00,15.591,27.904154
2020-02-27 03:45:00,15.591,27.90535
2020-02-27 04:00:00,15.591,27.94848
2020-02-27 04:15:00,15.371,28.0454
2020-02-27 04:30:00,15.1515,27.956259
2020-02-27 04:45:00,15.1515,27.989832
2020-02-27 05:00:00,14.932,28.0123
2020-02-27 05:15:00,14.932,28.091644
2020-02-27 05:30:00,14.492,27.934631
2020-02-27 05:45:00,14.492,27.756899
2020-02-27 06:00:00,14.492,27.845942
2020-02-27 06:15:00,14.053,27.746473
2020-02-27 06:30:00,14.053,27.46182
2020-02-27 06:45:00,14.053,27.272478
2020-02-27 07:00:00,14.053,26.850935
2020-02-27 07:15:00,14.053,25.99594
2020-02-27 07:30:00,14.053,25.096918
2020-02-27 07:45:00,14.053,23.866629
2020-02-27 08:00:00,14.2725,22.650774
2020-02-27 08:15:00,14.712,21.150856
2020-02-27 08:30:00,15.1515,20.013308
2020-02-27 08:45:00,15.811,19.693235
2020-02-27 09:00:00,16.4695,19.2303
2020-02-27 09:15:00,17.129,18.983328
2020-02-27 09:30:00,18.008,18.802294
2020-02-27 09:45:00,19.1065,18.635317
2020-02-27 10:00:00,19.9855,18.477234
2020-02-27 10:15:00,21.084,18.294535
2020-02-27 10:30:00,22.1825,17.897346
2020-02-27 10:45:00,22.8415,17.417072
2020-02-27 11:00:00,23.9405,17.229431
2020-02-27 11:15:00,24.8195,16.837006
2020-02-27 11:30:00,25.6985,16.625513
2020-02-27 11:45:00,26.577,16.59205
2020-02-27 12:00:00,27.676,16.667345
2020-02-27 12:15:00,28.115,16.89445
2020-02-27 12:30:00,28.335,16.86225
2020-02-27 12:45:00,28.5545,17.09299
2020-02-27 13:00:00,28.994,17.186617
2020-02-27 13:15:00,29.4335,17.576448
2020-02-27 13:30:00,30.0925,18.07737
2020-02-27 13:45:00,29.873,18.545206
2020-02-27 14:00:00,29.653,18.709639
2020-02-27 14:15:00,29.214,18.724648
2020-02-27 14:30:00,28.7745,18.870329
2020-02-27 14:45:00,28.115,18.965412
2020-02-27 15:00:00,27.676,18.87133
2020-02-27 15:15:00,27.0165,18.727262
2020-02-27 15:30:00,26.577,18.360065
2020-02-27 15:45:00,26.1375,18.110882
2020-02-27 16:00:00,25.918,17.839113
2020-02-27 16:15:00,25.6985,17.44241
2020-02-27 16:30:00,25.479,17.042263
2020-02-27 16:45:00,25.479,16.589308
2020-02-27 17:00:00,25.039,16.341211
2020-02-27 17:15:00,25.039,16.188162
2020-02-27 17:30:00,25.039,16.236752
2020-02-27 17:45:00,24.6,16.276423
2020-02-27 18:00:00,23.721,16.259962
2020-02-27 18:15:00,22.842,16.35178
2020-02-27 18:30:00,22.1825,16.296583
2020-02-27 18:45:00,21.3035,16.414856
2020-02-27 19:00:00,20.8645,16.58095
2020-02-27 19:15:00,20.425,16.753113
2020-02-27 19:30:00,20.205,16.976046
2020-02-27 19:45:00,19.766,17.149664
2020-02-27 20:00:00,19.326,17.307306
2020-02-27 20:15:00,18.887,17.482569
2020-02-27 20:30:00,18.667,17.651264
2020-02-27 20:45:00,18.2275,17.77418
2020-02-27 21:00:00,18.008,17.86633
2020-02-27 21:15:00,17.568,18.163912
2020-02-27 21:30:00,17.129,18.576807
2020-02-27 21:45:00,16.909,18.83205
2020-02-27 22:00:00,16.689,19.189367
2020-02-27 22:15:00,16.4695,19.394045
2020-02-27 22:30:00,16.4695,19.689775
2020-02-27 22:45:00,16.4695,20.067617
2020-02-27 23:00:00,16.4695,20.359316
2020-02-27 23:15:00,16.4695,20.576752
2020-02-27 23:30:00,16.4695,20.858618
2020-02-27 23:45:00,16.4695,21.342909
2020-02-28 00:00:00,16.4695,21.748266
2020-02-28 00:15:00,16.4695,22.415493
2020-02-28 00:30:00,16.25,22.93064
2020-02-28 00:45:00,16.25,23.246939
2020-02-28 01:00:00,16.25,23.413977
2020-02-28 01:15:00,16.25,23.648531
2020-02-28 01:30:00,16.25,23.842865
2020-02-28 01:45:00,16.25,24.054308
2020-02-28 02:00:00,16.25,24.389112
2020-02-28 02:15:00,16.0305,24.703081
2020-02-28 02:30:00,16.0305,24.859898
2020-02-28 02:45:00,16.0305,25.081827
2020-02-28 03:00:00,15.8105,25.423317
2020-02-28 03:15:00,15.8105,25.805178
2020-02-28 03:30:00,15.8105,26.023409
2020-02-28 03:45:00,15.8105,26.262102
2020-02-28 04:00:00,15.8105,26.621374
2020-02-28 04:15:00,15.8105,26.979128
2020-02-28 04:30:00,15.8105,27.209291
2020-02-28 04:45:00,15.8105,27.498968
2020-02-28 05:00:00,15.8105,27.592268
2020-02-28 05:15:00,15.591,27.769297
2020-02-28 05:30:00,15.591,27.906143
2020-02-28 05:45:00,15.591,27.97035
2020-02-28 06:00:00,15.591,28.251505
2020-02-28 06:15:00,15.591,28.292751
2020-02-28 06:30:00,15.3715,28.221344
2020-02-28 06:45:00,15.1515,28.160273
2020-02-28 07:00:00,15.1515,28.075867
2020-02-28 07:15:00,14.9315,27.8145
2020-02-28 07:30:00,14.9315,27.721579
2020-02-28 07:45:00,14.9315,27.40259
2020-02-28 08:00:00,14.9315,27.046978
2020-02-28 08:15:00,15.1515,26.325523
2020-02-28 08:30:00,15.1515,25.351671
2020-02-28 08:45:00,14.9315,24.358313
2020-02-28 09:00:00,14.9315,23.108528
2020-02-28 09:15:00,14.9315,21.384375
2020-02-28 09:30:00,14.9315,19.696999
2020-02-28 09:45:00,14.9315,18.155937
2020-02-28 10:00:00,14.9315,17.585726
2020-02-28 10:15:00,14.9315,17.30239
2020-02-28 10:30:00,14.9315,17.286325
2020-02-28 10:45:00,15.1515,17.515356
2020-02-28 11:00:00,15.591,17.670176
2020-02-28 11:15:00,16.0305,17.727203
2020-02-28 11:30:00,16.4695,17.843529
2020-02-28 11:45:00,16.4695,17.820562
2020-02-28 12:00:00,16.689,18.09614
2020-02-28 12:15:00,16.689,18.179623
2020-02-28 12:30:00,16.689,18.023031
2020-02-28 12:45:00,16.909,17.90803
2020-02-28 13:00:00,16.909,17.71231
2020-02-28 13:15:00,17.129,17.613142
2020-02-28 13:30:00,17.568,17.61618
2020-02-28 13:45:00,17.788,17.684605
2020-02-28 14:00:00,17.788,17.900969
2020-02-28 14:15:00,17.788,18.01795
2020-02-28 14:30:00,18.008,18.102755
2020-02-28 14:45:00,18.008,18.092793
2020-02-28 15:00:00,18.2275,17.864527
2020-02-28 15:15:00,18.2275,17.833368
2020-02-28 15:30:00,18.447,17.524372
2020-02-28 15:45:00,18.667,17.297758
2020-02-28 16:00:00,19.3265,17.03702
2020-02-28 16:15:00,19.3265,16.801332
2020-02-28 16:30:00,19.546,16.832254
2020-02-28 16:45:00,19.546,16.851204
2020-02-28 17:00:00,19.546,16.944136
2020-02-28 17:15:00,19.546,16.943771
2020-02-28 17:30:00,19.546,17.195831
2020-02-28 17:45:00,19.326,17.409403
2020-02-28 18:00:00,19.326,17.34555
2020-02-28 18:15:00,19.1065,17.328798
2020-02-28 18:30:00,18.887,17.289858
2020-02-28 18:45:00,18.667,17.27522
2020-02-28 19:00:00,18.447,17.258402
2020-02-28 19:15:00,18.447,17.25049
2020-02-28 19:30:00,18.008,17.182926
2020-02-28 19:45:00,18.008,17.149204
2020-02-28 20:00:00,17.568,17.025587
2020-02-28 20:15:00,17.568,16.80572
2020-02-28 20:30:00,17.129,16.538515
2020-02-28 20:45:00,17.129,16.317322
2020-02-28 21:00:00,16.689,16.13707
2020-02-28 21:15:00,16.689,16.261978
2020-02-28 21:30:00,16.25,16.347105
2020-02-28 21:45:00,16.25,16.5181
2020-02-28 22:00:00,15.811,16.740236
2020-02-28 22:15:00,15.811,16.916441
2020-02-28 22:30:00,15.591,17.324032
2020-02-28 22:45:00,15.591,17.841166
2020-02-28 23:00:00,15.591,18.085287
2020-02-28 23:15:00,15.591,18.030848
2020-02-28 23:30:00,15.811,18.091528
2020-02-28 23:45:00,15.811,18.273989
2020-03-01 00:00:00,15.811,18.35581
2020-03-01 00:15:00,15.811,18.709917
2020-03-01 00:30:00,15.811,19.057297
2020-03-01 00:45:00,16.0305,19.406652
2020-03-01 01:00:00,16.25,19.602201
2020-03-01 01:15:00,16.25,19.94839
2020-03-01 01:30:00,16.25,20.188177
2020-03-01 01:45:00,16.25,20.405924
2020-03-01 02:00:00,16.25,20.773336
2020-03-01 02:15:00,16.25,21.018867
2020-03-01 02:30:00,16.25,21.16377
2020-03-01 02:45:00,16.25,21.220488
2020-03-01 03:00:00,16.25,21.446636
2020-03-01 03:15:00,16.25,21.719042
2020-03-01 03:30:00,16.25,21.791569
2020-03-01 03:45:00,16.25,21.942495
2020-03-01 04:00:00,16.25,22.264418
2020-03-01 04:15:00,16.25,22.66387
2020-03-01 04:30:00,15.811,22.920118
2020-03-01 04:45:00,15.811,23.063738
2020-03-01 05:00:00,15.371,23.120821
2020-03-01 05:15:00,15.371,23.13078
2020-03-01 05:30:00,15.1515,23.088844
2020-03-01 05:45:00,14.932,23.069784
2020-03-01 06:00:00,14.492,23.216255
2020-03-01 06:15:00,14.492,23.125225
2020-03-01 06:30:00,14.2725,22.945387
2020-03-01 06:45:00,14.053,22.837439
2020-03-01 07:00:00,14.053,22.693087
2020-03-01 07:15:00,14.053,22.320425
2020-03-01 07:30:00,14.053,22.150986
2020-03-01 07:45:00,14.053,21.787664
2020-03-01 08:00:00,14.053,21.327593
2020-03-01 08:15:00,14.492,20.541346
2020-03-01 08:30:00,15.1515,19.468227
2020-03-01 08:45:00,15.591,18.299955
2020-03-01 09:00:00,16.25,16.880255
2020-03-01 09:15:00,16.909,15.367128
2020-03-01 09:30:00,17.568,13.781702
2020-03-01 09:45:00,18.2275,12.7208605
2020-03-01 10:00:00,18.667,13.032562
2020-03-01 10:15:00,18.8865,13.156033
2020-03-01 10:30:00,19.1065,13.591708
2020-03-01 10:45:00,19.3265,14.060474
2020-03-01 11:00:00,19.546,14.718741
2020-03-01 11:15:00,19.546,15.204647
2020-03-01 11:30:00,19.3265,15.725743
2020-03-01 11:45:00,19.3265,15.926742
2020-03-01 12:00:00,18.8865,16.264875
2020-03-01 12:15:00,18.8865,16.469957
2020-03-01 12:30:00,18.8865,16.67827
2020-03-01 12:45:00,18.8865,17.0064
2020-03-01 13:00:00,18.8865,17.258247
2020-03-01 13:15:00,18.8865,17.84486
2020-03-01 13:30:00,18.8865,18.387915
2020-03-01 13:45:00,18.8865,18.783894
2020-03-01 14:00:00,18.4475,18.939268
2020-03-01 14:15:00,18.4475,19.010569
2020-03-01 14:30:00,18.2275,19.289404
2020-03-01 14:45:00,18.0075,19.604273
2020-03-01 15:00:00,17.788,19.86486
2020-03-01 15:15:00,17.5685,19.974352
2020-03-01 15:30:00,17.3485,19.940205
2020-03-01 15:45:00,17.3485,19.767435
2020-03-01 16:00:00,17.1285,19.52958
2020-03-01 16:15:00,16.909,19.2614
2020-03-01 16:30:00,16.909,18.919714
2020-03-01 16:45:00,16.909,18.720404
2020-03-01 17:00:00,16.6895,18.509062
2020-03-01 17:15:00,16.4695,18.203691
2020-03-01 17:30:00,16.4695,17.776228
2020-03-01 17:45:00,16.25,17.573523
2020-03-01 18:00:00,16.0305,17.192026
2020-03-01 18:15:00,16.0305,16.93189
2020-03-01 18:30:00,16.0305,16.485176
2020-03-01 18:45:00,16.0305,16.12598
2020-03-01 19:00:00,15.591,15.620522
2020-03-01 19:15:00,15.591,15.272745
2020-03-01 19:30:00,15.591,14.879097
2020-03-01 19:45:00,15.591,14.608835
2020-03-01 20:00:00,15.1515,14.227053
2020-03-01 20:15:00,15.1515,13.826069
2020-03-01 20:30:00,15.1515,13.613558
2020-03-01 20:45:00,14.712,13.646275
2020-03-01 21:00:00,14.712,13.732811
2020-03-01 21:15:00,14.2725,13.895308
2020-03-01 21:30:00,14.2725,14.070536
2020-03-01 21:45:00,14.2725,14.131247
2020-03-01 22:00:00,14.2725,14.191214
2020-03-01 22:15:00,14.2725,14.194854
2020-03-01 22:30:00,14.2725,14.264542
2020-03-01 22:45:00,14.2725,14.393782
2020-03-01 23:00:00,14.2725,14.595537
2020-03-01 23:15:00,14.2725,14.729502
2020-03-01 23:30:00,14.0525,14.902445
2020-03-01 23:45:00,13.833,15.18482
2020-03-02 00:00:00,13.3935,15.425976
2020-03-02 00:15:00,13.174,15.736773
2020-03-02 00:30:00,12.954,16.001583
2020-03-02 00:45:00,12.734,16.234125
2020-03-02 01:00:00,12.5145,16.746769
2020-03-02 01:15:00,12.075,17.233385
2020-03-02 01:30:00,11.6355,17.755972
2020-03-02 01:45:00,11.1965,18.156332
2020-03-02 02:00:00,10.537,18.697702
2020-03-02 02:15:00,10.098,18.926933
2020-03-02 02:30:00,9.878,19.135437
2020-03-02 02:45:00,9.878,19.320326
2020-03-02 03:00:00,9.878,19.508307
2020-03-02 03:15:00,9.878,20.001547
2020-03-02 03:30:00,9.878,20.220417
2020-03-02 03:45:00,9.878,20.475628
2020-03-02 04:00:00,9.878,20.888502
2020-03-02 04:15:00,9.6585,21.280996
2020-03-02 04:30:00,9.6585,21.532782
2020-03-02 04:45:00,9.6585,21.891829
2020-03-02 05:00:00,9.878,22.108944
2020-03-02 05:15:00,9.878,22.205582
2020-03-02 05:30:00,9.878,22.209707
2020-03-02 05:45:00,10.098,22.257246
2020-03-02 06:00:00,10.098,22.298288
2020-03-02 06:15:00,10.098,21.976414
2020-03-02 06:30:00,10.098,21.59475
2020-03-02 06:45:00,10.098,21.400866
2020-03-02 07:00:00,10.098,21.076902
2020-03-02 07:15:00,10.098,20.635614
2020-03-02 07:30:00,10.098,20.289162
2020-03-02 07:45:00,10.098,19.68181
2020-03-02 08:00:00,10.098,18.94973
2020-03-02 08:15:00,10.098,18.1233
2020-03-02 08:30:00,10.098,17.070307
2020-03-02 08:45:00,10.537,16.041708
2020-03-02 09:00:00,10.537,14.739737
2020-03-02 09:15:00,10.757,13.954557
2020-03-02 09:30:00,10.977,13.403484
2020-03-02 09:45:00,11.416,12.592615
2020-03-02 10:00:00,11.855,12.759504
2020-03-02 10:15:00,12.075,13.788866
2020-03-02 10:30:00,12.5145,15.067152
2020-03-02 10:45:00,12.734,16.283104
2020-03-02 11:00:00,12.954,17.01515
2020-03-02 11:15:00,12.954,17.728863
2020-03-02 11:30:00,13.3935,18.473318
2020-03-02 11:45:00,13.833,18.8807
2020-03-02 12:00:00,13.833,19.14657
2020-03-02 12:15:00,14.2725,19.146593
2020-03-02 12:30:00,14.2725,19.365423
2020-03-02 12:45:00,14.2725,19.537342
2020-03-02 13:00:00,14.712,19.643
2020-03-02 13:15:00,14.712,20.04944
2020-03-02 13:30:00,14.712,20.479471
2020-03-02 13:45:00,15.1515,20.743788
2020-03-02 14:00:00,15.3715,20.680096
2020-03-02 14:15:00,15.591,20.557533
2020-03-02 14:30:00,16.0305,20.697107
2020-03-02 14:45:00,16.0305,20.867174
2020-03-02 15:00:00,16.4695,20.9996
2020-03-02 15:15:00,16.4695,20.994816
2020-03-02 15:30:00,16.6895,20.931719
2020-03-02 15:45:00,16.6895,20.74299
2020-03-02 16:00:00,16.6895,20.42373
2020-03-02 16:15:00,16.6895,20.153305
2020-03-02 16:30:00,16.6895,19.97538
2020-03-02 16:45:00,16.4695,19.973053
2020-03-02 17:00:00,16.4695,20.008032
2020-03-02 17:15:00,16.4695,19.824572
2020-03-02 17:30:00,16.25,19.627554
2020-03-02 17:45:00,16.25,19.41278
2020-03-02 18:00:00,16.25,18.904982
2020-03-02 18:15:00,16.25,18.448973
2020-03-02 18:30:00,16.25,18.057417
2020-03-02 18:45:00,16.25,17.811768
2020-03-02 19:00:00,16.25,17.381441
2020-03-02 19:15:00,16.25,17.179731
2020-03-02 19:30:00,16.25,17.023798
2020-03-02 19:45:00,16.25,16.8225
2020-03-02 20:00:00,16.25,16.499964
2020-03-02 20:15:00,16.25,16.115177
2020-03-02 20:30:00,16.25,15.836815
2020-03-02 20:45:00,16.25,15.510204
2020-03-02 21:00:00,16.25,15.295888
2020-03-02 21:15:00,16.25,15.257925
2020-03-02 21:30:00,15.811,15.14913
2020-03-02 21:45:00,15.811,14.971197
2020-03-02 22:00:00,15.811,14.883986
2020-03-02 22:15:00,15.811,14.709463
2020-03-02 22:30:00,15.811,14.620008
2020-03-02 22:45:00,15.811,14.410273
2020-03-02 23:00:00,15.591,14.462194
2020-03-02 23:15:00,15.591,14.41277
2020-03-02 23:30:00,15.591,14.24468
2020-03-02 23:45:00,15.591,14.061024
2020-03-03 00:00:00,15.1515,13.931372
2020-03-03 00:15:00,15.1515,13.910418
2020-03-03 00:30:00,14.712,13.884767
2020-03-03 00:45:00,14.0525,13.788988
2020-03-03 01:00:00,13.1735,13.705425
2020-03-03 01:15:00,12.7345,13.60755
2020-03-03 01:30:00,12.5145,13.362886
2020-03-03 01:45:00,12.5145,13.219583
2020-03-03 02:00:00,12.5145,13.444769
2020-03-03 02:15:00,12.734,13.5351515
2020-03-03 02:30:00,12.734,13.6705475
2020-03-03 02:45:00,12.954,13.954312
2020-03-03 03:00:00,12.954,14.122151
2020-03-03 03:15:00,13.3935,14.233372
2020-03-03 03:30:00,13.3935,14.184337
2020-03-03 03:45:00,13.613,14.244112
2020-03-03 04:00:00,13.613,14.544458
2020-03-03 04:15:00,13.833,14.894949
2020-03-03 04:30:00,14.053,14.87119
2020-03-03 04:45:00,14.053,14.928255
2020-03-03 05:00:00,14.053,15.104404
2020-03-03 05:15:00,14.053,15.468222
2020-03-03 05:30:00,14.2725,15.700713
2020-03-03 05:45:00,14.492,15.78199
2020-03-03 06:00:00,14.492,16.15985
2020-03-03 06:15:00,14.492,16.142076
2020-03-03 06:30:00,14.492,16.063997
2020-03-03 06:45:00,14.712,15.906216
2020-03-03 07:00:00,14.712,15.567104
2020-03-03 07:15:00,14.712,15.127383
2020-03-03 07:30:00,14.712,14.674328
2020-03-03 07:45:00,14.9315,14.230455
2020-03-03 08:00:00,14.9315,13.84552
2020-03-03 08:15:00,14.9315,13.588977
2020-03-03 08:30:00,14.9315,13.950867
2020-03-03 08:45:00,14.9315,14.489226
2020-03-03 09:00:00,15.1515,14.962282
2020-03-03 09:15:00,15.3715,15.671436
2020-03-03 09:30:00,15.8105,16.351618
2020-03-03 09:45:00,16.03,16.89517
2020-03-03 10:00:00,16.25,17.545517
2020-03-03 10:15:00,16.6895,18.015175
2020-03-03 10:30:00,17.1285,18.445042
2020-03-03 10:45:00,17.788,18.751938
2020-03-03 11:00:00,18.4475,19.468437
2020-03-03 11:15:00,19.1065,20.249746
2020-03-03 11:30:00,19.9855,20.774664
2020-03-03 11:45:00,20.8645,21.002281
2020-03-03 12:00:00,22.1825,21.008024
2020-03-03 12:15:00,23.0615,20.758307
2020-03-03 12:30:00,23.721,20.686028
2020-03-03 12:45:00,24.6,20.596092
2020-03-03 13:00:00,25.039,20.65351
2020-03-03 13:15:00,25.4785,21.203836
2020-03-03 13:30:00,25.698,21.864687
2020-03-03 13:45:00,25.918,22.337008
2020-03-03 14:00:00,26.357,22.582355
2020-03-03 14:15:00,26.577,22.64152
2020-03-03 14:30:00,27.456,22.906403
2020-03-03 14:45:00,27.8955,23.09907
2020-03-03 15:00:00,28.335,23.288763
2020-03-03 15:15:00,28.7745,23.154064
2020-03-03 15:30:00,28.7745,22.97066
2020-03-03 15:45:00,28.555,22.476913
2020-03-03 16:00:00,28.335,21.938118
2020-03-03 16:15:00,28.115,21.463835
2020-03-03 16:30:00,27.8955,20.937946
2020-03-03 16:45:00,27.676,20.596369
2020-03-03 17:00:00,27.236,20.207962
2020-03-03 17:15:00,27.0165,19.694117
2020-03-03 17:30:00,26.577,19.183966
2020-03-03 17:45:00,26.1375,18.76319
2020-03-03 18:00:00,25.918,17.919245
2020-03-03 18:15:00,25.6985,17.163683
2020-03-03 18:30:00,25.259,16.286943
2020-03-03 18:45:00,24.8195,15.474396
2020-03-03 19:00:00,24.5995,14.582817
2020-03-03 19:15:00,24.1605,13.942463
2020-03-03 19:30:00,23.9405,13.440397
2020-03-03 19:45:00,23.9405,12.974064
2020-03-03 20:00:00,23.9405,12.475899
2020-03-03 20:15:00,23.501,12.00997
2020-03-03 20:30:00,23.281,11.545708
2020-03-03 20:45:00,23.281,11.0968075
2020-03-03 21:00:00,23.281,10.743682
2020-03-03 21:15:00,22.842,10.487217
2020-03-03 21:30:00,22.842,10.182131
2020-03-03 21:45:00,22.622,9.922539
2020-03-03 22:00:00,22.622,9.70872
2020-03-03 22:15:00,22.402,9.551178
2020-03-03 22:30:00,22.402,9.371639
2020-03-03 22:45:00,22.1825,9.212685
2020-03-03 23:00:00,22.1825,9.288042
2020-03-03 23:15:00,22.1825,9.40201
2020-03-03 23:30:00,22.1825,9.516489
2020-03-03 23:45:00,21.963,9.504156
2020-03-04 00:00:00,21.963,9.632305
2020-03-04 00:15:00,21.743,9.956088
2020-03-04 00:30:00,21.523,10.241699
2020-03-04 00:45:00,21.523,10.408678
2020-03-04 01:00:00,21.523,10.472042
2020-03-04 01:15:00,21.523,10.585505
2020-03-04 01:30:00,21.523,10.543005
2020-03-04 01:45:00,21.3035,10.636529
2020-03-04 02:00:00,21.3035,11.201159
2020-03-04 02:15:00,21.3035,11.73164
2020-03-04 02:30:00,21.084,12.055809
2020-03-04 02:45:00,21.084,12.388157
2020-03-04 03:00:00,20.8645,12.704851
2020-03-04 03:15:00,20.8645,13.047592
2020-03-04 03:30:00,20.8645,13.280197
2020-03-04 03:45:00,20.645,13.495336
2020-03-04 04:00:00,20.645,14.033052
2020-03-04 04:15:00,20.645,14.527958
2020-03-04 04:30:00,20.645,14.852461
2020-03-04 04:45:00,20.645,15.149156
2020-03-04 05:00:00,20.645,15.318957
2020-03-04 05:15:00,20.645,15.847683
2020-03-04 05:30:00,20.645,16.085268
2020-03-04 05:45:00,20.645,16.61688
2020-03-04 06:00:00,20.645,17.385681
2020-03-04 06:15:00,20.645,17.780704
2020-03-04 06:30:00,20.645,17.707834
2020-03-04 06:45:00,20.645,17.53711
2020-03-04 07:00:00,20.425,17.18037
2020-03-04 07:15:00,20.425,16.382473
2020-03-04 07:30:00,20.425,16.019592
2020-03-04 07:45:00,20.425,15.661563
2020-03-04 08:00:00,20.425,15.2880745
2020-03-04 08:15:00,20.425,14.83988
2020-03-04 08:30:00,20.8645,14.311741
2020-03-04 08:45:00,20.8645,14.175923
2020-03-04 09:00:00,21.5235,13.681424
2020-03-04 09:15:00,21.9625,13.620126
2020-03-04 09:30:00,22.4025,13.829642
2020-03-04 09:45:00,23.2815,14.247922
2020-03-04 10:00:00,23.9405,14.612337
2020-03-04 10:15:00,24.8195,14.969545
2020-03-04 10:30:00,25.918,15.507771
2020-03-04 10:45:00,27.0165,16.327868
2020-03-04 11:00:00,27.8955,16.877333
2020-03-04 11:15:00,28.9945,17.790281
2020-03-04 11:30:00,29.873,18.633467
2020-03-04 11:45:00,30.752,19.053823
2020-03-04 12:00:00,31.8505,19.25828
2020-03-04 12:15:00,32.7295,19.175055
2020-03-04 12:30:00,33.169,19.36062
2020-03-04 12:45:00,33.828,19.528135
2020-03-04 13:00:00,34.927,19.8445
2020-03-04 13:15:00,35.586,20.488832
2020-03-04 13:30:00,36.4645,21.176447
2020-03-04 13:45:00,36.4645,21.486923
2020-03-04 14:00:00,36.6845,21.528822
2020-03-04 14:15:00,36.465,21.481562
2020-03-04 14:30:00,35.8055,21.63735
2020-03-04 14:45:00,35.366,21.85688
2020-03-04 15:00:00,34.707,22.126392
2020-03-04 15:15:00,34.2675,22.040493
2020-03-04 15:30:00,33.828,21.917477
2020-03-04 15:45:00,33.6085,21.520342
2020-03-04 16:00:00,33.169,21.088654
2020-03-04 16:15:00,32.7295,20.807932
2020-03-04 16:30:00,32.51,20.450731
2020-03-04 16:45:00,32.07,20.36461
2020-03-04 17:00:00,31.631,20.285856
2020-03-04 17:15:00,31.191,20.366484
2020-03-04 17:30:00,30.752,20.193903
2020-03-04 17:45:00,30.312,20.087816
2020-03-04 18:00:00,29.873,19.67256
2020-03-04 18:15:00,29.434,19.406223
2020-03-04 18:30:00,28.7745,19.146269
2020-03-04 18:45:00,28.115,18.806614
2020-03-04 19:00:00,27.236,18.204374
2020-03-04 19:15:00,25.918,17.838453
2020-03-04 19:30:00,24.8195,17.504852
2020-03-04 19:45:00,23.501,17.078554
2020-03-04 20:00:00,22.1825,16.760466
2020-03-04 20:15:00,21.084,16.336145
2020-03-04 20:30:00,20.205,16.044884
2020-03-04 20:45:00,19.546,16.045727
2020-03-04 21:00:00,18.667,15.9391575
2020-03-04 21:15:00,18.2275,16.166098
2020-03-04 21:30:00,17.788,16.38257
2020-03-04 21:45:00,17.3485,16.513788
2020-03-04 22:00:00,16.689,16.75491
2020-03-04 22:15:00,16.4695,16.565817
2020-03-04 22:30:00,16.25,16.335194
2020-03-04 22:45:00,15.811,16.207481
2020-03-04 23:00:00,15.811,16.266256
2020-03-04 23:15:00,15.371,16.27637
2020-03-04 23:30:00,15.1515,16.233923
2020-03-04 23:45:00,14.932,16.362755
2020-03-05 00:00:00,14.492,16.340195
2020-03-05 00:15:00,14.053,16.501694
2020-03-05 00:30:00,13.833,16.631498
2020-03-05 00:45:00,13.613,16.69724
2020-03-05 01:00:00,13.174,16.768751
2020-03-05 01:15:00,12.734,16.725399
2020-03-05 01:30:00,12.295,16.767834
2020-03-05 01:45:00,12.295,16.86594
2020-03-05 02:00:00,12.295,17.095652
2020-03-05 02:15:00,12.295,17.180445
2020-03-05 02:30:00,12.295,17.540766
2020-03-05 02:45:00,12.295,17.747797
2020-03-05 03:00:00,12.075,18.274336
2020-03-05 03:15:00,12.075,18.642355
2020-03-05 03:30:00,12.075,18.864801
2020-03-05 03:45:00,12.075,19.333593
2020-03-05 04:00:00,11.855,20.024523
2020-03-05 04:15:00,11.855,20.599163
2020-03-05 04:30:00,11.855,21.013697
2020-03-05 04:45:00,11.855,21.390898
2020-03-05 05:00:00,11.6355,21.700092
2020-03-05 05:15:00,11.416,22.004507
2020-03-05 05:30:00,11.416,22.159714
2020-03-05 05:45:00,11.416,22.25725
2020-03-05 06:00:00,11.416,22.588673
2020-03-05 06:15:00,11.416,22.71111
2020-03-05 06:30:00,10.977,22.522413
2020-03-05 06:45:00,10.977,22.46433
2020-03-05 07:00:00,10.757,22.295496
2020-03-05 07:15:00,10.537,21.86812
2020-03-05 07:30:00,10.537,21.09208
2020-03-05 07:45:00,10.537,20.101946
2020-03-05 08:00:00,10.537,18.947508
2020-03-05 08:15:00,10.537,17.63392
2020-03-05 08:30:00,10.537,16.254736
2020-03-05 08:45:00,10.537,15.663744
2020-03-05 09:00:00,10.537,14.922387
2020-03-05 09:15:00,10.757,14.366123
2020-03-05 09:30:00,10.977,14.129135
2020-03-05 09:45:00,11.1965,13.938929
2020-03-05 10:00:00,11.1965,13.732866
2020-03-05 10:15:00,11.6355,13.314939
2020-03-05 10:30:00,11.8555,13.257591
2020-03-05 10:45:00,12.075,13.363202
2020-03-05 11:00:00,12.5145,13.193403
2020-03-05 11:15:00,12.7345,12.934597
2020-03-05 11:30:00,12.954,13.037947
2020-03-05 11:45:00,13.833,13.24615
2020-03-05 12:00:00,14.712,13.470737
2020-03-05 12:15:00,16.03,13.666564
2020-03-05 12:30:00,16.6895,13.911015
2020-03-05 12:45:00,17.1285,14.175026
2020-03-05 13:00:00,17.5685,14.467849
2020-03-05 13:15:00,18.667,14.884235
2020-03-05 13:30:00,20.2055,15.336641
2020-03-05 13:45:00,20.8645,15.793109
2020-03-05 14:00:00,21.5235,15.895118
2020-03-05 14:15:00,22.1825,15.819172
2020-03-05 14:30:00,23.0615,15.894527
2020-03-05 14:45:00,23.9405,15.955612
2020-03-05 15:00:00,24.6,15.967054
2020-03-05 15:15:00,24.8195,15.799693
2020-03-05 15:30:00,24.5995,15.671062
2020-03-05 15:45:00,24.38,15.291636
2020-03-05 16:00:00,24.16,14.947382
2020-03-05 16:15:00,23.721,14.579741
2020-03-05 16:30:00,23.501,14.225822
2020-03-05 16:45:00,23.0615,13.955139
2020-03-05 17:00:00,22.622,13.658544
2020-03-05 17:15:00,22.1825,13.395943
2020-03-05 17:30:00,21.9625,12.908951
2020-03-05 17:45:00,21.3035,12.504498
2020-03-05 18:00:00,20.8645,11.98725
2020-03-05 18:15:00,20.425,11.628998
2020-03-05 18:30:00,19.766,11.234232
2020-03-05 18:45:00,19.326,10.964445
2020-03-05 19:00:00,18.887,10.689619
2020-03-05 19:15:00,18.447,10.764409
2020-03-05 19:30:00,18.2275,10.850085
2020-03-05 19:45:00,18.008,10.910806
2020-03-05 20:00:00,17.788,10.974664
2020-03-05 20:15:00,17.3485,11.175516
2020-03-05 20:30:00,17.129,11.43706
2020-03-05 20:45:00,16.689,11.779392
2020-03-05 21:00:00,16.689,11.942982
2020-03-05 21:15:00,16.25,12.171501
2020-03-05 21:30:00,16.25,12.324968
2020-03-05 21:45:00,15.811,12.424419
2020-03-05 22:00:00,15.811,12.602966
2020-03-05 22:15:00,15.371,12.673504
2020-03-05 22:30:00,15.371,12.823385
2020-03-05 22:45:00,15.1515,13.0407715
2020-03-05 23:00:00,14.932,13.189028
2020-03-05 23:15:00,14.932,13.215956
2020-03-05 23:30:00,14.712,13.592197
2020-03-05 23:45:00,14.492,14.078277
2020-03-06 00:00:00,14.492,14.498306
2020-03-06 00:15:00,14.2725,15.097893
2020-03-06 00:30:00,14.053,15.5072565
2020-03-06 00:45:00,13.833,15.615902
2020-03-06 01:00:00,13.613,15.673617
2020-03-06 01:15:00,13.3935,15.856493
2020-03-06 01:30:00,13.174,16.037157
2020-03-06 01:45:00,13.174,16.12602
2020-03-06 02:00:00,12.954,16.344252
2020-03-06 02:15:00,12.734,16.45225
2020-03-06 02:30:00,12.734,16.512632
2020-03-06 02:45:00,12.5145,16.673168
2020-03-06 03:00:00,12.295,16.879995
2020-03-06 03:15:00,12.295,17.221222
2020-03-06 03:30:00,12.075,17.294128
2020-03-06 03:45:00,12.075,17.284111
2020-03-06 04:00:00,11.855,17.492666
2020-03-06 04:15:00,11.855,17.81722
2020-03-06 04:30:00,11.6355,18.0471
2020-03-06 04:45:00,11.416,18.396921
2020-03-06 05:00:00,11.416,18.649403
2020-03-06 05:15:00,11.1965,18.82258
2020-03-06 05:30:00,11.1965,18.810295
2020-03-06 05:45:00,11.1965,18.754133
2020-03-06 06:00:00,11.1965,19.042524
2020-03-06 06:15:00,11.1965,19.119127
2020-03-06 06:30:00,11.1965,19.098377
2020-03-06 06:45:00,10.977,19.155787
2020-03-06 07:00:00,10.757,19.154627
2020-03-06 07:15:00,10.757,18.86176
2020-03-06 07:30:00,10.757,18.839003
2020-03-06 07:45:00,10.757,18.629206
2020-03-06 08:00:00,10.757,17.83075
2020-03-06 08:15:00,10.757,16.823982
2020-03-06 08:30:00,10.757,15.238786
2020-03-06 08:45:00,10.9765,13.604521
2020-03-06 09:00:00,11.416,12.336199
2020-03-06 09:15:00,12.075,12.155749
2020-03-06 09:30:00,12.734,12.2713375
2020-03-06 09:45:00,13.613,12.200642
2020-03-06 10:00:00,14.2725,12.35839
2020-03-06 10:15:00,15.1515,12.56283
2020-03-06 10:30:00,15.8105,12.956844
2020-03-06 10:45:00,16.47,13.607173
2020-03-06 11:00:00,17.129,14.058464
2020-03-06 11:15:00,17.5685,14.632067
2020-03-06 11:30:00,18.0075,15.174541
2020-03-06 11:45:00,18.4475,15.576268
2020-03-06 12:00:00,18.4475,16.129705
2020-03-06 12:15:00,18.4475,16.328825
2020-03-06 12:30:00,18.2275,16.528135
2020-03-06 12:45:00,18.008,16.7722
2020-03-06 13:00:00,18.008,16.761026
2020-03-06 13:15:00,17.788,16.748934
2020-03-06 13:30:00,17.5685,17.06954
2020-03-06 13:45:00,17.5685,17.535816
2020-03-06 14:00:00,17.1285,17.69577
2020-03-06 14:15:00,17.1285,17.72574
2020-03-06 14:30:00,17.1285,18.027802
2020-03-06 14:45:00,16.909,18.176994
2020-03-06 15:00:00,16.909,18.307674
2020-03-06 15:15:00,16.909,18.24064
2020-03-06 15:30:00,16.6895,18.137823
2020-03-06 15:45:00,16.6895,17.80137
2020-03-06 16:00:00,16.4695,17.40368
2020-03-06 16:15:00,16.4695,17.15904
2020-03-06 16:30:00,16.4695,16.89518
2020-03-06 16:45:00,16.25,16.7102
2020-03-06 17:00:00,16.25,16.561699
2020-03-06 17:15:00,16.25,16.403112
2020-03-06 17:30:00,16.0305,16.387299
2020-03-06 17:45:00,16.0305,16.439714
2020-03-06 18:00:00,16.0305,16.177118
2020-03-06 18:15:00,16.0305,16.321316
2020-03-06 18:30:00,16.0305,16.32953
2020-03-06 18:45:00,16.0305,16.25753
2020-03-06 19:00:00,16.0305,16.131227
2020-03-06 19:15:00,15.3715,16.17475
2020-03-06 19:30:00,14.712,16.041403
2020-03-06 19:45:00,14.2725,16.099226
2020-03-06 20:00:00,13.833,15.949545
2020-03-06 20:15:00,13.6135,15.900707
2020-03-06 20:30:00,13.6135,15.699788
2020-03-06 20:45:00,13.6135,15.538101
2020-03-06 21:00:00,13.3935,15.505772
2020-03-06 21:15:00,13.1735,15.554216
2020-03-06 21:30:00,12.954,15.417015
2020-03-06 21:45:00,12.7345,15.298208
2020-03-06 22:00:00,12.5145,15.175927
2020-03-06 22:15:00,12.2945,14.99128
2020-03-06 22:30:00,12.075,14.88022
2020-03-06 22:45:00,11.8555,14.804942
2020-03-06 23:00:00,11.6355,14.637331
2020-03-06 23:15:00,11.6355,14.404882
2020-03-06 23:30:00,11.6355,14.255781
2020-03-06 23:45:00,11.6355,14.2556925
2020-03-07 00:00:00,11.6355,14.233377
2020-03-07 00:15:00,11.6355,14.279644
2020-03-07 00:30:00,11.6355,14.204758
2020-03-07 00:45:00,11.6355,14.185608
2020-03-07 01:00:00,11.6355,14.2031975
2020-03-07 01:15:00,11.6355,14.205399
2020-03-07 01:30:00,11.855,14.180672
2020-03-07 01:45:00,11.855,14.305811
2020-03-07 02:00:00,11.855,14.590662
2020-03-07 02:15:00,11.855,14.753793
2020-03-07 02:30:00,11.855,14.863277
2020-03-07 02:45:00,11.6355,15.034241
2020-03-07 03:00:00,11.1965,15.316614
2020-03-07 03:15:00,11.1965,15.587004
2020-03-07 03:30:00,11.1965,15.727911
2020-03-07 03:45:00,10.757,15.780941
2020-03-07 04:00:00,10.757,15.935493
2020-03-07 04:15:00,10.757,16.13764
2020-03-07 04:30:00,10.5375,16.253223
2020-03-07 04:45:00,10.3175,16.365986
2020-03-07 05:00:00,10.0975,16.375702
2020-03-07 05:15:00,10.0975,16.442036
2020-03-07 05:30:00,10.0975,16.529707
2020-03-07 05:45:00,10.0975,16.655256
2020-03-07 06:00:00,9.6585,16.924803
2020-03-07 06:15:00,9.6585,17.052618
2020-03-07 06:30:00,9.6585,17.039072
2020-03-07 06:45:00,9.6585,17.132095
2020-03-07 07:00:00,9.4385,17.17541
2020-03-07 07:15:00,9.4385,16.971237
2020-03-07 07:30:00,9.4385,16.988636
2020-03-07 07:45:00,9.4385,16.83908
2020-03-07 08:00:00,9.4385,16.586359
2020-03-07 08:15:00,9.4385,15.970873
2020-03-07 08:30:00,9.4385,15.171634
2020-03-07 08:45:00,9.4385,15.565132
2020-03-07 09:00:00,9.6585,15.83678
2020-03-07 09:15:00,9.6585,16.182636
2020-03-07 09:30:00,9.6585,16.483774
2020-03-07 09:45:00,9.6585,16.96059
2020-03-07 10:00:00,9.6585,17.568314
2020-03-07 10:15:00,10.0975,18.156414
2020-03-07 10:30:00,10.0975,19.016191
2020-03-07 10:45:00,10.0975,19.742567
2020-03-07 11:00:00,10.0975,20.330181
2020-03-07 11:15:00,10.0975,20.791786
2020-03-07 11:30:00,10.0975,21.271349
2020-03-07 11:45:00,10.0975,21.438957
2020-03-07 12:00:00,10.3175,21.507715
2020-03-07 12:15:00,10.3175,21.481216
2020-03-07 12:30:00,10.5375,21.487328
2020-03-07 12:45:00,10.757,21.555956
2020-03-07 13:00:00,10.757,21.625866
2020-03-07 13:15:00,10.9765,21.975414
2020-03-07 13:30:00,11.1965,22.214876
2020-03-07 13:45:00,11.1965,22.474424
2020-03-07 14:00:00,11.6355,22.539778
2020-03-07 14:15:00,11.6355,22.628538
2020-03-07 14:30:00,11.6355,22.896002
2020-03-07 14:45:00,11.6355,23.161402
2020-03-07 15:00:00,11.6355,23.261377
2020-03-07 15:15:00,11.6355,23.320139
2020-03-07 15:30:00,11.6355,23.213554
2020-03-07 15:45:00,11.6355,23.050417
2020-03-07 16:00:00,11.855,22.875914
2020-03-07 16:15:00,11.855,22.747732
2020-03-07 16:30:00,11.855,22.567854
2020-03-07 16:45:00,11.855,22.350134
2020-03-07 17:00:00,11.855,22.19861
2020-03-07 17:15:00,11.855,22.008522
2020-03-07 17:30:00,11.855,21.824106
2020-03-07 17:45:00,11.855,21.718256
2020-03-07 18:00:00,11.855,21.505136
2020-03-07 18:15:00,11.855,21.172155
2020-03-07 18:30:00,11.855,20.595179
2020-03-07 18:45:00,11.855,20.176924
2020-03-07 19:00:00,11.855,19.652578
2020-03-07 19:15:00,11.855,19.313465
2020-03-07 19:30:00,11.855,18.994345
2020-03-07 19:45:00,11.855,18.682646
2020-03-07 20:00:00,11.855,18.323755
2020-03-07 20:15:00,12.075,17.928156
2020-03-07 20:30:00,12.075,17.490952
2020-03-07 20:45:00,12.075,17.080793
2020-03-07 21:00:00,12.075,16.714773
2020-03-07 21:15:00,12.295,16.406927
2020-03-07 21:30:00,12.295,16.144506
2020-03-07 21:45:00,12.295,15.928602
2020-03-07 22:00:00,12.295,15.718619
2020-03-07 22:15:00,12.295,15.4738655
2020-03-07 22:30:00,12.295,15.332174
2020-03-07 22:45:00,12.295,15.216795
2020-03-07 23:00:00,12.295,15.147915
2020-03-07 23:15:00,12.5145,15.08987
2020-03-07 23:30:00,12.5145,14.950838
2020-03-07 23:45:00,12.734,14.863659
2020-03-08 00:00:00,12.734,14.8445
2020-03-08 00:15:00,12.734,14.979244
2020-03-08 00:30:00,12.734,14.992331
2020-03-08 00:45:00,12.734,14.967213
2020-03-08 01:00:00,12.5145,14.915283
2020-03-08 01:15:00,12.5145,14.868904
2020-03-08 01:30:00,12.5145,14.764015
2020-03-08 01:45:00,12.5145,14.708099
2020-03-08 02:00:00,12.5145,14.650978
2020-03-08 02:15:00,12.295,14.621956
2020-03-08 02:30:00,12.075,14.617874
2020-03-08 02:45:00,12.075,14.566949
2020-03-08 03:00:00,12.075,14.470888
2020-03-08 03:15:00,12.075,14.356732
2020-03-08 03:30:00,12.075,14.166176
2020-03-08 03:45:00,12.075,13.920679
2020-03-08 04:00:00,12.075,14.020502
2020-03-08 04:15:00,12.075,13.932018
2020-03-08 04:30:00,12.075,13.796802
2020-03-08 04:45:00,12.075,13.752003
2020-03-08 05:00:00,11.6355,13.725268
2020-03-08 05:15:00,11.6355,13.79838
2020-03-08 05:30:00,11.6355,13.764089
2020-03-08 05:45:00,11.6355,13.7064495
2020-03-08 06:00:00,11.6355,13.776414
2020-03-08 06:15:00,11.6355,13.82047
2020-03-08 06:30:00,11.6355,13.757262
2020-03-08 06:45:00,11.6355,13.827397
2020-03-08 07:00:00,11.6355,13.835554
2020-03-08 07:15:00,11.6355,13.686035
2020-03-08 07:30:00,11.6355,13.670082
2020-03-08 07:45:00,11.6355,13.569849
2020-03-08 08:00:00,11.6355,13.415263
2020-03-08 08:15:00,11.8555,13.12413
2020-03-08 08:30:00,12.075,12.601335
2020-03-08 08:45:00,12.075,12.145839
2020-03-08 09:00:00,12.5145,11.517828
2020-03-08 09:15:00,12.954,11.558285
2020-03-08 09:30:00,12.954,12.14151
2020-03-08 09:45:00,13.1735,13.488632
2020-03-08 10:00:00,13.6135,15.021285
2020-03-08 10:15:00,13.833,16.067413
2020-03-08 10:30:00,14.0525,16.707663
2020-03-08 10:45:00,14.712,17.212584
2020-03-08 11:00:00,15.1515,17.43697
2020-03-08 11:15:00,15.8105,17.60976
2020-03-08 11:30:00,16.4695,17.838703
2020-03-08 11:45:00,17.129,17.968496
2020-03-08 12:00:00,17.5685,18.220823
2020-03-08 12:15:00,18.0075,18.384817
2020-03-08 12:30:00,18.2275,18.510685
2020-03-08 12:45:00,18.667,18.749569
2020-03-08 13:00:00,19.1065,18.949198
2020-03-08 13:15:00,19.3265,19.1826
2020-03-08 13:30:00,19.1065,19.358562
2020-03-08 13:45:00,18.887,19.47487
2020-03-08 14:00:00,18.887,19.573603
2020-03-08 14:15:00,18.667,19.761473
2020-03-08 14:30:00,18.2275,20.047543
2020-03-08 14:45:00,18.2275,20.239923
2020-03-08 15:00:00,18.2275,20.405336
2020-03-08 15:15:00,18.0075,20.532389
2020-03-08 15:30:00,18.0075,20.406939
2020-03-08 15:45:00,18.0075,20.307535
2020-03-08 16:00:00,17.788,20.23942
2020-03-08 16:15:00,17.788,20.20489
2020-03-08 16:30:00,17.788,20.189247
2020-03-08 16:45:00,17.5685,20.158998
2020-03-08 17:00:00,17.5685,20.166677
2020-03-08 17:15:00,17.5685,20.050705
2020-03-08 17:30:00,17.3485,19.925323
2020-03-08 17:45:00,17.1285,19.89382
2020-03-08 18:00:00,17.1285,19.651892
2020-03-08 18:15:00,16.909,19.359632
2020-03-08 18:30:00,16.909,19.061144
2020-03-08 18:45:00,16.6895,18.851423
2020-03-08 19:00:00,16.6895,18.605923
2020-03-08 19:15:00,16.6895,18.460466
2020-03-08 19:30:00,16.6895,18.29497
2020-03-08 19:45:00,16.4695,18.213945
2020-03-08 20:00:00,16.4695,17.917242
2020-03-08 20:15:00,16.25,17.599344
2020-03-08 20:30:00,16.0305,17.27007
2020-03-08 20:45:00,16.0305,16.892046
2020-03-08 21:00:00,15.811,16.542631
2020-03-08 21:15:00,15.591,16.322794
2020-03-08 21:30:00,15.371,16.044321
2020-03-08 21:45:00,15.371,15.796975
2020-03-08 22:00:00,15.1515,15.533997
2020-03-08 22:15:00,14.932,15.335371
2020-03-08 22:30:00,14.932,15.277594
2020-03-08 22:45:00,14.712,15.083705
2020-03-08 23:00:00,14.712,14.943031
2020-03-08 23:15:00,14.492,14.732212
2020-03-08 23:30:00,14.2725,14.64002
2020-03-08 23:45:00,14.2725,14.493889
2020-03-09 00:00:00,13.833,14.471186
2020-03-09 00:15:00,13.613,14.365017
2020-03-09 00:30:00,13.3935,14.28866
2020-03-09 00:45:00,12.954,14.083506
2020-03-09 01:00:00,12.734,13.832222
2020-03-09 01:15:00,12.5145,13.613538
2020-03-09 01:30:00,12.075,13.312512
2020-03-09 01:45:00,12.075,13.018163
2020-03-09 02:00:00,11.6355,12.736054
2020-03-09 02:15:00,11.6355,12.56849
2020-03-09 02:30:00,11.416,12.447513
2020-03-09 02:45:00,11.1965,12.44008
2020-03-09 03:00:00,11.1965,12.456765
2020-03-09 03:15:00,10.757,12.445536
2020-03-09 03:30:00,10.757,12.325287
2020-03-09 03:45:00,10.537,12.030477
2020-03-09 04:00:00,10.3175,11.823689
2020-03-09 04:15:00,10.3175,11.868617
2020-03-09 04:30:00,9.878,11.78009
2020-03-09 04:45:00,9.878,11.760298
2020-03-09 05:00:00,9.4385,11.8673725
2020-03-09 05:15:00,9.4385,11.932617
2020-03-09 05:30:00,9.2185,11.824458
2020-03-09 05:45:00,8.999,11.8649235
2020-03-09 06:00:00,8.999,12.279796
2020-03-09 06:15:00,8.999,12.189466
2020-03-09 06:30:00,8.5595,11.879567
2020-03-09 06:45:00,8.5595,11.482525
2020-03-09 07:00:00,8.5595,10.806698
2020-03-09 07:15:00,8.5595,9.798527
2020-03-09 07:30:00,8.5595,8.758478
2020-03-09 07:45:00,8.5595,8.445118
2020-03-09 08:00:00,8.999,8.259131
2020-03-09 08:15:00,9.4385,8.328325
2020-03-09 08:30:00,9.878,8.907793
2020-03-09 08:45:00,10.3175,9.723589
2020-03-09 09:00:00,10.9765,10.355501
2020-03-09 09:15:00,11.6355,11.209761
2020-03-09 09:30:00,12.5145,11.971675
2020-03-09 09:45:00,13.3935,12.905857
2020-03-09 10:00:00,14.2725,14.001071
2020-03-09 10:15:00,15.1515,15.009995
2020-03-09 10:30:00,16.0305,16.186028
2020-03-09 10:45:00,16.689,17.40045
2020-03-09 11:00:00,17.5685,18.491217
2020-03-09 11:15:00,18.447,19.688854
2020-03-09 11:30:00,19.1065,20.628004
2020-03-09 11:45:00,19.546,21.118841
2020-03-09 12:00:00,19.985,21.441544
2020-03-09 12:15:00,20.6445,21.521246
2020-03-09 12:30:00,21.084,21.709375
2020-03-09 12:45:00,21.084,21.93644
2020-03-09 13:00:00,21.963,22.18406
2020-03-09 13:15:00,22.4025,22.866316
2020-03-09 13:30:00,23.2815,23.490995
2020-03-09 13:45:00,23.501,23.890167
2020-03-09 14:00:00,23.721,24.12682
2020-03-09 14:15:00,23.9405,24.274021
2020-03-09 14:30:00,24.38,24.549557
2020-03-09 14:45:00,24.8195,24.926506
2020-03-09 15:00:00,25.259,25.149149
2020-03-09 15:15:00,25.259,25.280622
2020-03-09 15:30:00,25.039,25.255173
2020-03-09 15:45:00,24.5995,24.923655
2020-03-09 16:00:00,24.1605,24.559668
2020-03-09 16:15:00,23.9405,24.210405
2020-03-09 16:30:00,23.721,23.840086
2020-03-09 16:45:00,23.281,23.72225
2020-03-09 17:00:00,22.842,23.539976
2020-03-09 17:15:00,22.622,23.31304
2020-03-09 17:30:00,21.9625,22.929634
2020-03-09 17:45:00,21.5235,22.599195
2020-03-09 18:00:00,21.084,21.97353
2020-03-09 18:15:00,20.425,21.299906
2020-03-09 18:30:00,19.766,20.633223
2020-03-09 18:45:00,19.326,20.144974
2020-03-09 19:00:00,18.667,19.397493
2020-03-09 19:15:00,18.2275,18.952358
2020-03-09 19:30:00,17.788,18.70326
2020-03-09 19:45:00,17.568,18.27251
2020-03-09 20:00:00,17.129,17.68459
2020-03-09 20:15:00,16.689,17.105215
2020-03-09 20:30:00,16.25,16.677067
2020-03-09 20:45:00,15.811,16.296968
2020-03-09 21:00:00,15.591,15.97038
2020-03-09 21:15:00,15.371,15.908693
2020-03-09 21:30:00,14.932,15.928533
2020-03-09 21:45:00,14.932,15.887861
2020-03-09 22:00:00,14.492,15.806034
2020-03-09 22:15:00,14.492,15.82062
2020-03-09 22:30:00,14.2725,15.902126
2020-03-09 22:45:00,14.053,15.983851
2020-03-09 23:00:00,14.053,16.349672
2020-03-09 23:15:00,14.053,16.504652
2020-03-09 23:30:00,13.833,16.547575
2020-03-09 23:45:00,13.613,16.530096
2020-03-10 00:00:00,13.613,16.52384
2020-03-10 00:15:00,13.613,16.621351
2020-03-10 00:30:00,13.613,16.727297
2020-03-10 00:45:00,13.613,16.682411
2020-03-10 01:00:00,13.174,16.511227
2020-03-10 01:15:00,13.174,16.311646
2020-03-10 01:30:00,13.174,16.088846
2020-03-10 01:45:00,12.954,15.851307
2020-03-10 02:00:00,12.954,15.566303
2020-03-10 02:15:00,12.734,15.365751
2020-03-10 02:30:00,12.5145,15.259401
2020-03-10 02:45:00,12.5145,15.244467
2020-03-10 03:00:00,12.5145,15.293604
2020-03-10 03:15:00,12.295,15.297232
2020-03-10 03:30:00,12.295,15.27383
2020-03-10 03:45:00,12.075,15.023381
2020-03-10 04:00:00,12.075,14.827203
2020-03-10 04:15:00,11.855,14.605253
2020-03-10 04:30:00,11.855,14.391395
2020-03-10 04:45:00,11.855,14.141818
2020-03-10 05:00:00,11.416,13.74597
2020-03-10 05:15:00,11.416,13.258179
2020-03-10 05:30:00,11.1965,12.806438
2020-03-10 05:45:00,10.977,12.239046
2020-03-10 06:00:00,10.757,11.885555
2020-03-10 06:15:00,10.757,11.63327
2020-03-10 06:30:00,10.757,11.500321
2020-03-10 06:45:00,10.537,11.659257
2020-03-10 07:00:00,10.3175,11.828772
2020-03-10 07:15:00,10.3175,12.033478
2020-03-10 07:30:00,10.3175,12.564671
2020-03-10 07:45:00,10.537,13.11044
2020-03-10 08:00:00,10.977,13.771641
2020-03-10 08:15:00,11.416,14.470354
2020-03-10 08:30:00,11.855,14.958414
2020-03-10 08:45:00,12.295,15.738604
2020-03-10 09:00:00,13.174,16.37721
2020-03-10 09:15:00,14.053,17.121567
2020-03-10 09:30:00,14.9315,18.06071
2020-03-10 09:45:00,16.25,19.060253
2020-03-10 10:00:00,17.1285,20.30894
2020-03-10 10:15:00,18.2275,21.373016
2020-03-10 10:30:00,19.3265,22.57971
2020-03-10 10:45:00,20.205,23.787012
2020-03-10 11:00:00,21.084,24.77378
2020-03-10 11:15:00,21.5235,25.425608
2020-03-10 11:30:00,22.622,26.047281
2020-03-10 11:45:00,23.0615,26.33829
2020-03-10 12:00:00,23.9405,26.689314
2020-03-10 12:15:00,24.5995,26.953714
2020-03-10 12:30:00,24.5995,27.250029
2020-03-10 12:45:00,24.819,27.624575
2020-03-10 13:00:00,25.698,27.902584
2020-03-10 13:15:00,26.577,28.483927
2020-03-10 13:30:00,27.676,28.973894
2020-03-10 13:45:00,28.1155,29.302967
2020-03-10 14:00:00,28.555,29.412075
2020-03-10 14:15:00,28.7745,29.53569
2020-03-10 14:30:00,29.6535,29.720003
2020-03-10 14:45:00,30.0925,29.822851
2020-03-10 15:00:00,30.532,29.828194
2020-03-10 15:15:00,30.532,29.838942
2020-03-10 15:30:00,30.312,29.522764
2020-03-10 15:45:00,30.0925,29.23952
2020-03-10 16:00:00,29.6535,28.995539
2020-03-10 16:15:00,29.4335,28.736994
2020-03-10 16:30:00,28.9945,28.413912
2020-03-10 16:45:00,28.7745,28.1378
2020-03-10 17:00:00,28.115,28.050814
2020-03-10 17:15:00,27.676,27.88984
2020-03-10 17:30:00,27.0165,27.632816
2020-03-10 17:45:00,26.3575,27.397446
2020-03-10 18:00:00,25.6985,26.961493
2020-03-10 18:15:00,25.259,26.522509
2020-03-10 18:30:00,24.8195,26.059027
2020-03-10 18:45:00,24.38,25.559946
2020-03-10 19:00:00,23.721,24.980646
2020-03-10 19:15:00,23.281,24.538586
2020-03-10 19:30:00,22.622,24.113176
2020-03-10 19:45:00,22.1825,23.634367
2020-03-10 20:00:00,21.743,23.00073
2020-03-10 20:15:00,21.3035,22.373766
2020-03-10 20:30:00,20.645,21.7985
2020-03-10 20:45:00,20.205,21.424788
2020-03-10 21:00:00,19.9855,21.17947
2020-03-10 21:15:00,19.766,21.082064
2020-03-10 21:30:00,19.326,21.00149
2020-03-10 21:45:00,19.1065,20.918364
2020-03-10 22:00:00,18.887,20.870375
2020-03-10 22:15:00,18.447,20.765131
2020-03-10 22:30:00,18.2275,20.683857
2020-03-10 22:45:00,18.008,20.726103
2020-03-10 23:00:00,17.568,20.803255
2020-03-10 23:15:00,17.568,20.785793
2020-03-10 23:30:00,17.3485,20.786572
2020-03-10 23:45:00,17.129,20.749449
2020-03-11 00:00:00,16.909,20.674837
2020-03-11 00:15:00,16.689,20.779434
2020-03-11 00:30:00,16.689,20.82779
2020-03-11 00:45:00,16.689,20.709387
2020-03-11 01:00:00,16.689,20.640993
2020-03-11 01:15:00,16.689,20.445427
2020-03-11 01:30:00,16.689,20.258993
2020-03-11 01:45:00,16.689,20.028337
2020-03-11 02:00:00,16.689,19.898888
2020-03-11 02:15:00,16.689,19.738852
2020-03-11 02:30:00,16.25,19.489208
2020-03-11 02:45:00,16.25,19.216469
2020-03-11 03:00:00,16.0305,19.050978
2020-03-11 03:15:00,15.811,18.908926
2020-03-11 03:30:00,15.371,18.785324
2020-03-11 03:45:00,15.371,18.81615
2020-03-11 04:00:00,14.932,19.234259
2020-03-11 04:15:00,14.932,19.747822
2020-03-11 04:30:00,14.492,20.101465
2020-03-11 04:45:00,14.492,20.41916
2020-03-11 05:00:00,14.2725,20.668016
2020-03-11 05:15:00,14.053,20.986528
2020-03-11 05:30:00,13.833,21.05086
2020-03-11 05:45:00,13.833,21.12641
2020-03-11 06:00:00,13.613,21.3716
2020-03-11 06:15:00,13.613,21.425901
2020-03-11 06:30:00,13.174,21.294806
2020-03-11 06:45:00,13.174,21.27926
2020-03-11 07:00:00,13.174,21.066732
2020-03-11 07:15:00,13.174,20.652323
2020-03-11 07:30:00,13.174,20.438856
2020-03-11 07:45:00,13.3935,20.036545
2020-03-11 08:00:00,14.053,19.267996
2020-03-11 08:15:00,14.492,18.3803
2020-03-11 08:30:00,15.371,18.12682
2020-03-11 08:45:00,16.0305,18.37469
2020-03-11 09:00:00,16.689,18.484533
2020-03-11 09:15:00,17.568,18.740465
2020-03-11 09:30:00,18.667,19.123709
2020-03-11 09:45:00,19.3265,19.576063
2020-03-11 10:00:00,20.425,20.167603
2020-03-11 10:15:00,21.743,20.541231
2020-03-11 10:30:00,22.8415,20.565245
2020-03-11 10:45:00,23.9405,20.47613
2020-03-11 11:00:00,24.8195,20.238596
2020-03-11 11:15:00,25.918,19.982508
2020-03-11 11:30:00,26.797,19.794785
2020-03-11 11:45:00,27.8955,19.525381
2020-03-11 12:00:00,28.994,19.305035
2020-03-11 12:15:00,29.6535,19.281654
2020-03-11 12:30:00,29.873,19.505781
2020-03-11 12:45:00,30.3125,19.5821
2020-03-11 13:00:00,30.972,19.83983
2020-03-11 13:15:00,31.8505,19.983706
2020-03-11 13:30:00,32.51,20.290678
2020-03-11 13:45:00,32.7295,20.53934
2020-03-11 14:00:00,32.9495,20.491182
2020-03-11 14:15:00,33.169,20.301064
2020-03-11 14:30:00,33.169,20.209436
2020-03-11 14:45:00,33.6085,20.293558
2020-03-11 15:00:00,34.048,20.301388
2020-03-11 15:15:00,34.048,20.073597
2020-03-11 15:30:00,33.8285,19.762138
2020-03-11 15:45:00,33.169,19.479172
2020-03-11 16:00:00,32.949,19.40287
2020-03-11 16:15:00,32.7295,19.336695
2020-03-11 16:30:00,32.29,19.315907
2020-03-11 16:45:00,32.07,19.334955
2020-03-11 17:00:00,31.631,19.474306
2020-03-11 17:15:00,31.411,19.613045
2020-03-11 17:30:00,30.9715,19.523542
2020-03-11 17:45:00,30.532,19.43902
2020-03-11 18:00:00,30.0925,19.299688
2020-03-11 18:15:00,29.434,19.320509
2020-03-11 18:30:00,28.7745,19.338709
2020-03-11 18:45:00,28.115,19.147528
2020-03-11 19:00:00,27.236,18.885832
2020-03-11 19:15:00,26.797,18.872263
2020-03-11 19:30:00,26.357,18.807695
2020-03-11 19:45:00,25.6985,18.631735
2020-03-11 20:00:00,25.259,18.49725
2020-03-11 20:15:00,24.8195,18.272444
2020-03-11 20:30:00,24.6,18.089497
2020-03-11 20:45:00,24.16,17.882137
2020-03-11 21:00:00,23.721,17.630167
2020-03-11 21:15:00,23.281,17.465387
2020-03-11 21:30:00,23.281,17.261236
2020-03-11 21:45:00,23.281,17.100487
2020-03-11 22:00:00,22.842,16.91472
2020-03-11 22:15:00,22.842,16.540804
2020-03-11 22:30:00,22.842,16.127575
2020-03-11 22:45:00,22.842,15.872805
2020-03-11 23:00:00,22.842,15.705078
2020-03-11 23:15:00,22.622,15.611301
2020-03-11 23:30:00,22.622,15.409208
2020-03-11 23:45:00,22.402,15.219124
2020-03-12 00:00:00,22.402,14.948663
2020-03-12 00:15:00,22.1825,14.886372
2020-03-12 00:30:00,22.1825,14.829069
2020-03-12 00:45:00,21.963,14.632018
2020-03-12 01:00:00,21.963,14.428644
2020-03-12 01:15:00,21.523,14.329676
2020-03-12 01:30:00,21.3035,14.165054
2020-03-12 01:45:00,21.084,14.039515
2020-03-12 02:00:00,20.645,13.9644985
2020-03-12 02:15:00,20.205,13.753194
2020-03-12 02:30:00,19.9855,13.553968
2020-03-12 02:45:00,19.766,13.282799
2020-03-12 03:00:00,19.326,13.142702
2020-03-12 03:15:00,18.887,13.130808
2020-03-12 03:30:00,18.667,13.088978
2020-03-12 03:45:00,18.447,13.076576
2020-03-12 04:00:00,18.2275,13.237344
2020-03-12 04:15:00,18.008,13.411623
2020-03-12 04:30:00,17.568,13.417902
2020-03-12 04:45:00,17.568,13.511444
2020-03-12 05:00:00,17.3485,13.452539
2020-03-12 05:15:00,17.129,13.410223
2020-03-12 05:30:00,17.129,13.268437
2020-03-12 05:45:00,17.129,13.15033
2020-03-12 06:00:00,17.129,13.210151
2020-03-12 06:15:00,17.129,13.183765
2020-03-12 06:30:00,17.129,13.097759
2020-03-12 06:45:00,17.129,13.050043
2020-03-12 07:00:00,17.129,12.9771805
2020-03-12 07:15:00,17.129,12.849653
2020-03-12 07:30:00,17.129,12.826946
2020-03-12 07:45:00,17.568,12.775059
2020-03-12 08:00:00,18.008,12.659714
2020-03-12 08:15:00,18.447,12.456541
2020-03-12 08:30:00,19.1065,12.1234255
2020-03-12 08:45:00,19.766,11.78674
2020-03-12 09:00:00,20.205,11.315849
2020-03-12 09:15:00,21.084,10.892997
2020-03-12 09:30:00,21.9625,10.54722
2020-03-12 09:45:00,23.2815,10.223314
2020-03-12 10:00:00,24.38,9.601419
2020-03-12 10:15:00,25.4785,8.980345
2020-03-12 10:30:00,26.7965,8.677753
2020-03-12 10:45:00,27.676,8.455334
2020-03-12 11:00:00,28.335,8.095527
2020-03-12 11:15:00,28.994,7.783455
2020-03-12 11:30:00,29.6535,7.654747
2020-03-12 11:45:00,30.752,7.9280896
2020-03-12 12:00:00,31.411,8.159359
2020-03-12 12:15:00,32.07,8.423683
2020-03-12 12:30:00,32.29,8.551167
2020-03-12 12:45:00,32.7295,8.816057
2020-03-12 13:00:00,33.608,9.069684
2020-03-12 13:15:00,34.2675,9.409719
2020-03-12 13:30:00,35.1465,9.656254
2020-03-12 13:45:00,35.366,9.953524
2020-03-12 14:00:00,35.8055,10.154365
2020-03-12 14:15:00,36.245,10.217684
2020-03-12 14:30:00,36.904,10.403852
2020-03-12 14:45:00,37.344,10.507165
2020-03-12 15:00:00,38.003,10.51949
2020-03-12 15:15:00,38.003,10.573166
2020-03-12 15:30:00,37.7835,10.550722
2020-03-12 15:45:00,37.124,10.614808
2020-03-12 16:00:00,36.6845,10.671406
2020-03-12 16:15:00,36.245,10.723047
2020-03-12 16:30:00,36.0255,10.802201
2020-03-12 16:45:00,35.5855,10.834461
2020-03-12 17:00:00,35.1465,10.957109
2020-03-12 17:15:00,34.9265,11.012555
2020-03-12 17:30:00,34.4875,11.138397
2020-03-12 17:45:00,34.048,11.306177
2020-03-12 18:00:00,33.6085,11.307348
2020-03-12 18:15:00,32.949,11.32521
2020-03-12 18:30:00,32.29,11.313389
2020-03-12 18:45:00,31.631,11.323043
2020-03-12 19:00:00,30.752,11.311626
2020-03-12 19:15:00,30.0925,11.388252
2020-03-12 19:30:00,29.434,11.494173
2020-03-12 19:45:00,28.7745,11.7316265
2020-03-12 20:00:00,28.115,11.831604
2020-03-12 20:15:00,27.676,12.058138
2020-03-12 20:30:00,26.797,12.218885
2020-03-12 20:45:00,26.357,12.381887
2020-03-12 21:00:00,25.918,12.599987
2020-03-12 21:15:00,25.479,12.998045
2020-03-12 21:30:00,25.039,13.324873
2020-03-12 21:45:00,24.6,13.655876
2020-03-12 22:00:00,24.6,14.008709
2020-03-12 22:15:00,24.16,14.327483
2020-03-12 22:30:00,23.721,14.627832
2020-03-12 22:45:00,23.721,14.894238
2020-03-12 23:00:00,23.501,15.087704
2020-03-12 23:15:00,23.281,15.1502495
2020-03-12 23:30:00,23.281,15.169851
2020-03-12 23:45:00,22.842,15.30458
2020-03-13 00:00:00,22.842,15.447876
2020-03-13 00:15:00,22.842,15.660691
2020-03-13 00:30:00,22.402,15.797195
2020-03-13 00:45:00,22.402,15.956619
2020-03-13 01:00:00,21.963,16.153242
2020-03-13 01:15:00,21.963,16.396399
2020-03-13 01:30:00,21.523,16.54492
2020-03-13 01:45:00,21.523,16.619665
2020-03-13 02:00:00,21.084,16.82696
2020-03-13 02:15:00,21.084,17.019243
2020-03-13 02:30:00,20.645,17.223465
2020-03-13 02:45:00,20.645,17.359953
2020-03-13 03:00:00,20.645,17.561888
2020-03-13 03:15:00,20.425,17.70354
2020-03-13 03:30:00,20.205,17.761705
2020-03-13 03:45:00,20.205,17.83492
2020-03-13 04:00:00,19.9855,18.097816
2020-03-13 04:15:00,19.766,18.416086
2020-03-13 04:30:00,19.766,18.558916
2020-03-13 04:45:00,19.766,18.698694
2020-03-13 05:00:00,19.766,18.721117
2020-03-13 05:15:00,19.766,18.73137
2020-03-13 05:30:00,19.766,18.588232
2020-03-13 05:45:00,19.766,18.513988
2020-03-13 06:00:00,19.546,18.657007
2020-03-13 06:15:00,19.546,18.579449
2020-03-13 06:30:00,19.326,18.379028
2020-03-13 06:45:00,19.326,18.284063
2020-03-13 07:00:00,19.1065,18.026537
2020-03-13 07:15:00,19.1065,17.70584
2020-03-13 07:30:00,19.1065,17.633402
2020-03-13 07:45:00,19.326,17.289774
2020-03-13 08:00:00,19.766,17.156273
2020-03-13 08:15:00,20.645,17.314716
2020-03-13 08:30:00,21.084,17.370232
2020-03-13 08:45:00,21.743,17.445562
2020-03-13 09:00:00,22.402,17.402142
2020-03-13 09:15:00,23.0615,17.425566
2020-03-13 09:30:00,24.1605,17.50117
2020-03-13 09:45:00,25.259,17.51534
2020-03-13 10:00:00,26.3575,17.655428
2020-03-13 10:15:00,27.456,17.760471
2020-03-13 10:30:00,28.7745,17.836546
2020-03-13 10:45:00,29.6535,17.950575
2020-03-13 11:00:00,30.312,17.947792
2020-03-13 11:15:00,31.1915,17.904465
2020-03-13 11:30:00,31.8505,17.74985
2020-03-13 11:45:00,32.7295,17.584776
2020-03-13 12:00:00,33.3885,17.386904
2020-03-13 12:15:00,33.828,17.33355
2020-03-13 12:30:00,34.2675,17.104366
2020-03-13 12:45:00,34.4875,17.071712
2020-03-13 13:00:00,35.586,17.10679
2020-03-13 13:15:00,36.245,17.56201
2020-03-13 13:30:00,37.124,17.820007
2020-03-13 13:45:00,37.344,18.047237
2020-03-13 14:00:00,37.7835,18.17876
2020-03-13 14:15:00,38.4425,18.301813
2020-03-13 14:30:00,38.882,18.493532
2020-03-13 14:45:00,39.3215,18.531582
2020-03-13 15:00:00,39.3215,18.530315
2020-03-13 15:15:00,39.3215,18.612314
2020-03-13 15:30:00,39.102,18.415644
2020-03-13 15:45:00,38.662,18.466095
2020-03-13 16:00:00,38.223,18.430445
2020-03-13 16:15:00,37.783,18.269896
2020-03-13 16:30:00,37.344,18.109715
2020-03-13 16:45:00,36.904,17.995613
2020-03-13 17:00:00,36.465,17.873343
2020-03-13 17:15:00,36.025,17.593756
2020-03-13 17:30:00,35.586,17.375917
2020-03-13 17:45:00,35.366,17.165052
2020-03-13 18:00:00,34.9265,16.909939
2020-03-13 18:15:00,34.4875,16.624542
2020-03-13 18:30:00,33.828,16.376953
2020-03-13 18:45:00,33.389,16.129139
2020-03-13 19:00:00,32.51,15.842399
2020-03-13 19:15:00,32.07,15.600655
2020-03-13 19:30:00,31.631,15.510057
2020-03-13 19:45:00,30.752,15.534482
2020-03-13 20:00:00,30.312,15.445883
2020-03-13 20:15:00,29.873,15.431341
2020-03-13 20:30:00,29.434,15.227663
2020-03-13 20:45:00,29.214,15.087787
2020-03-13 21:00:00,28.7745,15.005531
2020-03-13 21:15:00,28.335,14.94741
2020-03-13 21:30:00,28.115,14.82453
2020-03-13 21:45:00,27.676,14.627866
2020-03-13 22:00:00,27.236,14.420514
2020-03-13 22:15:00,26.797,14.231239
2020-03-13 22:30:00,26.797,14.187342
2020-03-13 22:45:00,26.357,14.252632
2020-03-13 23:00:00,26.357,14.270258
2020-03-13 23:15:00,25.918,14.225208
2020-03-13 23:30:00,25.918,14.166153
2020-03-13 23:45:00,25.6985,14.236639
2020-03-14 00:00:00,25.479,14.223768
2020-03-14 00:15:00,25.479,14.285206
2020-03-14 00:30:00,25.039,14.25625
2020-03-14 00:45:00,25.039,14.275979
2020-03-14 01:00:00,24.8195,14.292479
2020-03-14 01:15:00,24.6,14.308971
2020-03-14 01:30:00,24.38,14.273475
2020-03-14 01:45:00,24.16,14.201424
2020-03-14 02:00:00,24.16,14.213284
2020-03-14 02:15:00,24.16,14.230049
2020-03-14 02:30:00,24.16,14.122489
2020-03-14 02:45:00,23.721,14.078018
2020-03-14 03:00:00,23.721,14.118267
2020-03-14 03:15:00,23.721,14.229367
2020-03-14 03:30:00,23.721,14.314737
2020-03-14 03:45:00,23.721,14.37143
2020-03-14 04:00:00,23.721,14.582737
2020-03-14 04:15:00,23.501,14.759119
2020-03-14 04:30:00,23.501,14.849651
2020-03-14 04:45:00,23.501,14.951067
2020-03-14 05:00:00,23.501,14.981071
2020-03-14 05:15:00,23.501,15.063611
2020-03-14 05:30:00,23.501,15.187747
2020-03-14 05:45:00,23.501,15.319267
2020-03-14 06:00:00,23.501,15.553503
2020-03-14 06:15:00,23.501,15.632299
2020-03-14 06:30:00,23.501,15.647332
2020-03-14 06:45:00,23.501,15.731125
2020-03-14 07:00:00,23.501,15.879988
2020-03-14 07:15:00,23.721,16.0789
2020-03-14 07:30:00,23.721,16.37032
2020-03-14 07:45:00,23.721,16.616419
2020-03-14 08:00:00,23.721,16.882387
2020-03-14 08:15:00,23.281,16.899494
2020-03-14 08:30:00,23.281,16.829195
2020-03-14 08:45:00,23.501,16.80258
2020-03-14 09:00:00,23.721,16.600561
2020-03-14 09:15:00,23.9405,16.325788
2020-03-14 09:30:00,24.16,15.9566555
2020-03-14 09:45:00,24.38,15.613757
2020-03-14 10:00:00,24.8195,15.1604805
2020-03-14 10:15:00,25.039,14.781736
2020-03-14 10:30:00,25.259,14.6100235
2020-03-14 10:45:00,25.479,14.891887
2020-03-14 11:00:00,25.6985,15.338806
2020-03-14 11:15:00,25.6985,15.574915
2020-03-14 11:30:00,25.6985,15.722174
2020-03-14 11:45:00,25.918,15.777159
2020-03-14 12:00:00,26.3575,15.794971
2020-03-14 12:15:00,26.577,15.745037
2020-03-14 12:30:00,27.0165,15.562025
2020-03-14 12:45:00,27.456,15.590831
2020-03-14 13:00:00,27.456,15.566326
2020-03-14 13:15:00,28.1155,15.733839
2020-03-14 13:30:00,28.9945,15.947556
2020-03-14 13:45:00,29.4335,16.00913
2020-03-14 14:00:00,29.4335,16.0741
2020-03-14 14:15:00,29.4335,16.168615
2020-03-14 14:30:00,29.4335,16.362707
2020-03-14 14:45:00,29.214,16.462603
2020-03-14 15:00:00,28.9945,16.60296
2020-03-14 15:15:00,28.9945,16.860212
2020-03-14 15:30:00,28.5545,16.751005
2020-03-14 15:45:00,28.1155,16.737394
2020-03-14 16:00:00,28.1155,16.711607
2020-03-14 16:15:00,27.6755,16.585209
2020-03-14 16:30:00,27.6755,16.514654
2020-03-14 16:45:00,27.6755,16.457735
2020-03-14 17:00:00,27.456,16.46615
2020-03-14 17:15:00,27.456,16.363409
2020-03-14 17:30:00,27.456,16.438658
2020-03-14 17:45:00,27.456,16.438602
2020-03-14 18:00:00,27.2365,16.386251
2020-03-14 18:15:00,27.2365,16.252743
2020-03-14 18:30:00,27.2365,16.126282
2020-03-14 18:45:00,27.0165,16.136745
2020-03-14 19:00:00,27.0165,16.23041
2020-03-14 19:15:00,27.0165,16.275965
2020-03-14 19:30:00,26.7965,16.328579
2020-03-14 19:45:00,26.7965,16.493687
2020-03-14 20:00:00,26.577,16.484089
2020-03-14 20:15:00,26.577,16.531523
2020-03-14 20:30:00,26.577,16.661192
2020-03-14 20:45:00,26.3575,16.677208
2020-03-14 21:00:00,26.3575,16.721184
2020-03-14 21:15:00,26.1375,16.822975
2020-03-14 21:30:00,26.1375,16.83605
2020-03-14 21:45:00,26.1375,16.830343
2020-03-14 22:00:00,25.918,16.802137
2020-03-14 22:15:00,25.918,16.761242
2020-03-14 22:30:00,25.918,16.720392
2020-03-14 22:45:00,25.6985,16.634523
2020-03-14 23:00:00,25.6985,16.584589
2020-03-14 23:15:00,25.6985,16.453917
2020-03-14 23:30:00,25.6985,16.269087
2020-03-14 23:45:00,25.6985,16.142502
2020-03-15 00:00:00,25.6985,16.053745
2020-03-15 00:15:00,25.479,15.968327
2020-03-15 00:30:00,25.479,15.833847
2020-03-15 00:45:00,25.479,15.685189
2020-03-15 01:00:00,25.479,15.530312
2020-03-15 01:15:00,25.479,15.385201
2020-03-15 01:30:00,25.259,15.219788
2020-03-15 01:45:00,25.039,15.0821705
2020-03-15 02:00:00,25.039,14.962901
2020-03-15 02:15:00,25.039,14.845994
2020-03-15 02:30:00,25.039,14.746391
2020-03-15 02:45:00,24.8195,14.6222
2020-03-15 03:00:00,24.8195,14.52873
2020-03-15 03:15:00,24.6,14.41743
2020-03-15 03:30:00,24.6,14.312429
2020-03-15 03:45:00,24.6,14.1490135
2020-03-15 04:00:00,24.6,14.117553
2020-03-15 04:15:00,24.38,14.071468
2020-03-15 04:30:00,24.38,14.004538
2020-03-15 04:45:00,24.38,13.923388
2020-03-15 05:00:00,24.16,13.785549
2020-03-15 05:15:00,24.16,13.734077
2020-03-15 05:30:00,24.16,13.715151
2020-03-15 05:45:00,24.16,13.619215
2020-03-15 06:00:00,24.16,13.745114
2020-03-15 06:15:00,24.16,13.759445
2020-03-15 06:30:00,24.16,13.72817
2020-03-15 06:45:00,24.16,13.675304
2020-03-15 07:00:00,24.16,13.666414
2020-03-15 07:15:00,24.16,13.69623
2020-03-15 07:30:00,24.16,13.785831
2020-03-15 07:45:00,24.16,13.911941
2020-03-15 08:00:00,24.6,14.046186
2020-03-15 08:15:00,24.6,14.153633
2020-03-15 08:30:00,24.8195,14.299067
2020-03-15 08:45:00,25.039,14.48044
2020-03-15 09:00:00,25.259,14.634974
2020-03-15 09:15:00,25.479,14.9180355
2020-03-15 09:30:00,25.6985,15.236389
2020-03-15 09:45:00,26.1375,15.521346
2020-03-15 10:00:00,26.577,15.969126
2020-03-15 10:15:00,26.7965,16.279257
2020-03-15 10:30:00,27.456,16.477833
2020-03-15 10:45:00,27.8955,16.589918
2020-03-15 11:00:00,28.555,16.895773
2020-03-15 11:15:00,28.994,17.22452
2020-03-15 11:30:00,29.214,17.729391
2020-03-15 11:45:00,29.6535,18.035934
2020-03-15 12:00:00,29.873,18.112947
2020-03-15 12:15:00,30.0925,18.130714
2020-03-15 12:30:00,30.312,18.285105
2020-03-15 12:45:00,30.312,18.778652
2020-03-15 13:00:00,31.191,18.997198
2020-03-15 13:15:00,31.8505,19.34915
2020-03-15 13:30:00,32.7295,19.536512
2020-03-15 13:45:00,33.169,19.544855
2020-03-15 14:00:00,33.828,19.631859
2020-03-15 14:15:00,34.048,19.699026
2020-03-15 14:30:00,34.707,19.839441
2020-03-15 14:45:00,34.9265,19.853855
2020-03-15 15:00:00,35.1465,19.694223
2020-03-15 15:15:00,35.366,19.787516
2020-03-15 15:30:00,35.366,19.544683
2020-03-15 15:45:00,35.366,19.2765
2020-03-15 16:00:00,35.366,18.737959
2020-03-15 16:15:00,34.048,18.12716
2020-03-15 16:30:00,32.7295,17.630293
2020-03-15 16:45:00,31.6305,17.075571
2020-03-15 17:00:00,30.752,16.682991
2020-03-15 17:15:00,29.873,16.219732
2020-03-15 17:30:00,29.434,15.966095
2020-03-15 17:45:00,28.994,15.734867
2020-03-15 18:00:00,28.994,15.370647
2020-03-15 18:15:00,28.994,14.982634
2020-03-15 18:30:00,28.335,14.639704
2020-03-15 18:45:00,27.0165,14.412626
2020-03-15 19:00:00,24.6,14.189972
2020-03-15 19:15:00,22.622,14.016806
2020-03-15 19:30:00,21.084,13.876421
2020-03-15 19:45:00,20.2055,13.716415
2020-03-15 20:00:00,19.546,13.451702
2020-03-15 20:15:00,18.667,13.22417
2020-03-15 20:30:00,18.2275,13.0307665
2020-03-15 20:45:00,17.788,12.965524
2020-03-15 21:00:00,17.129,12.886932
2020-03-15 21:15:00,16.689,12.819536
2020-03-15 21:30:00,16.4695,12.754284
2020-03-15 21:45:00,16.25,12.677942
2020-03-15 22:00:00,15.811,12.507654
2020-03-15 22:15:00,15.591,12.472056
2020-03-15 22:30:00,15.1515,12.469114
2020-03-15 22:45:00,14.712,12.366072
2020-03-15 23:00:00,14.712,12.332917
2020-03-15 23:15:00,14.492,12.29818
2020-03-15 23:30:00,14.492,12.231512
2020-03-15 23:45:00,14.492,11.992825
2020-03-16 00:00:00,14.053,11.874279
2020-03-16 00:15:00,14.053,11.637285
2020-03-16 00:30:00,13.833,11.472951
2020-03-16 00:45:00,13.613,11.185312
2020-03-16 01:00:00,13.613,10.95817
2020-03-16 01:15:00,13.3935,10.844557
2020-03-16 01:30:00,13.174,10.508364
2020-03-16 01:45:00,13.174,10.288076
2020-03-16 02:00:00,12.954,9.89444
2020-03-16 02:15:00,12.734,9.898123
2020-03-16 02:30:00,12.734,9.658245
2020-03-16 02:45:00,12.734,9.3678465
2020-03-16 03:00:00,12.734,9.162758
2020-03-16 03:15:00,12.734,8.702335
2020-03-16 03:30:00,12.954,8.310539
2020-03-16 03:45:00,12.954,7.876153
2020-03-16 04:00:00,12.954,7.7519245
2020-03-16 04:15:00,12.954,7.6545696
2020-03-16 04:30:00,12.954,7.400466
2020-03-16 04:45:00,12.7345,7.098677
2020-03-16 05:00:00,12.5145,6.7781963
2020-03-16 05:15:00,12.5145,6.5946646
2020-03-16 05:30:00,12.5145,6.4873896
2020-03-16 05:45:00,12.5145,6.352103
2020-03-16 06:00:00,12.075,6.309446
2020-03-16 06:15:00,11.6355,6.250255
2020-03-16 06:30:00,11.6355,6.208518
2020-03-16 06:45:00,11.416,6.1734324
2020-03-16 07:00:00,11.416,6.225647
2020-03-16 07:15:00,10.977,6.3035865
2020-03-16 07:30:00,10.977,6.4373627
2020-03-16 07:45:00,10.757,6.5499196
2020-03-16 08:00:00,10.537,6.595146
2020-03-16 08:15:00,10.537,6.662778
2020-03-16 08:30:00,10.537,6.8376827
2020-03-16 08:45:00,10.537,7.1273146
2020-03-16 09:00:00,10.537,7.6755033
2020-03-16 09:15:00,10.537,8.311445
2020-03-16 09:30:00,10.537,8.851472
2020-03-16 09:45:00,10.757,9.3231535
2020-03-16 10:00:00,10.977,10.296483
2020-03-16 10:15:00,11.1965,11.297646
2020-03-16 10:30:00,11.1965,12.165837
2020-03-16 10:45:00,11.416,12.650845
2020-03-16 11:00:00,11.855,13.220291
2020-03-16 11:15:00,12.295,14.123437
2020-03-16 11:30:00,12.5145,14.986599
2020-03-16 11:45:00,12.954,15.667484
2020-03-16 12:00:00,13.3935,16.256365
2020-03-16 12:15:00,13.6135,16.618397
2020-03-16 12:30:00,13.833,17.052843
2020-03-16 12:45:00,14.053,17.567163
2020-03-16 13:00:00,14.2725,18.036757
2020-03-16 13:15:00,14.2725,18.7425
2020-03-16 13:30:00,14.492,19.39761
2020-03-16 13:45:00,14.492,20.029383
2020-03-16 14:00:00,14.932,20.276075
2020-03-16 14:15:00,14.932,20.42827
2020-03-16 14:30:00,15.1515,20.578196
2020-03-16 14:45:00,15.371,20.548235
2020-03-16 15:00:00,15.811,20.363869
2020-03-16 15:15:00,16.25,20.07554
2020-03-16 15:30:00,16.689,19.695803
2020-03-16 15:45:00,16.909,19.195217
2020-03-16 16:00:00,16.909,18.745272
2020-03-16 16:15:00,16.909,18.286064
2020-03-16 16:30:00,16.909,17.813929
2020-03-16 16:45:00,16.909,17.569925
2020-03-16 17:00:00,16.909,17.270958
2020-03-16 17:15:00,16.4695,16.895048
2020-03-16 17:30:00,16.4695,16.397459
2020-03-16 17:45:00,16.4695,15.963908
2020-03-16 18:00:00,16.25,15.496828
2020-03-16 18:15:00,16.0305,14.994811
2020-03-16 18:30:00,16.0305,14.33399
2020-03-16 18:45:00,15.811,13.695387
2020-03-16 19:00:00,15.591,12.9858465
2020-03-16 19:15:00,15.591,12.378502
2020-03-16 19:30:00,15.591,11.794099
2020-03-16 19:45:00,15.371,11.132931
2020-03-16 20:00:00,15.371,10.474209
2020-03-16 20:15:00,15.371,9.772903
2020-03-16 20:30:00,15.1515,9.201984
2020-03-16 20:45:00,14.932,8.75741
2020-03-16 21:00:00,14.932,8.412026
2020-03-16 21:15:00,14.932,8.181827
2020-03-16 21:30:00,14.712,7.9232197
2020-03-16 21:45:00,14.492,7.745972
2020-03-16 22:00:00,14.492,7.549694
2020-03-16 22:15:00,14.492,7.3996634
2020-03-16 22:30:00,14.2725,7.262395
2020-03-16 22:45:00,14.053,7.1851597
2020-03-16 23:00:00,13.613,7.116394
2020-03-16 23:15:00,13.613,6.98303
2020-03-16 23:30:00,13.3935,6.8591185
2020-03-16 23:45:00,13.174,6.7843013
2020-03-17 00:00:00,12.954,6.7385287
2020-03-17 00:15:00,12.734,6.7753067
2020-03-17 00:30:00,12.5145,6.7582493
2020-03-17 00:45:00,12.5145,6.7092104
2020-03-17 01:00:00,12.075,6.6918535
2020-03-17 01:15:00,12.075,6.6535435
2020-03-17 01:30:00,12.075,6.6477556
2020-03-17 01:45:00,12.075,6.6073647
2020-03-17 02:00:00,12.075,6.6037483
2020-03-17 02:15:00,11.6355,6.5596986
2020-03-17 02:30:00,11.6355,6.5113764
2020-03-17 02:45:00,11.6355,6.4354153
2020-03-17 03:00:00,11.6355,6.4325843
2020-03-17 03:15:00,11.416,6.4814534
2020-03-17 03:30:00,11.416,6.489595
2020-03-17 03:45:00,11.416,6.45459
2020-03-17 04:00:00,11.1965,6.5306516
2020-03-17 04:15:00,11.1965,6.6491404
2020-03-17 04:30:00,11.1965,6.751585
2020-03-17 04:45:00,11.1965,6.8570776
2020-03-17 05:00:00,11.1965,6.90915
2020-03-17 05:15:00,11.1965,6.9832625
2020-03-17 05:30:00,11.1965,6.922714
2020-03-17 05:45:00,11.1965,6.702481
2020-03-17 06:00:00,11.1965,6.82248
2020-03-17 06:15:00,11.1965,6.7524877
2020-03-17 06:30:00,11.1965,6.555927
2020-03-17 06:45:00,11.1965,6.38669
2020-03-17 07:00:00,11.1965,6.185063
2020-03-17 07:15:00,11.416,5.9830537
2020-03-17 07:30:00,11.6355,6.152895
2020-03-17 07:45:00,12.075,6.3871484
2020-03-17 08:00:00,12.295,6.6616335
2020-03-17 08:15:00,12.5145,6.9134846
2020-03-17 08:30:00,12.734,7.198632
2020-03-17 08:45:00,13.3935,7.575679
2020-03-17 09:00:00,13.833,8.060795
2020-03-17 09:15:00,14.492,8.6297245
2020-03-17 09:30:00,15.1515,9.319688
2020-03-17 09:45:00,15.591,10.011818
2020-03-17 10:00:00,16.4695,11.077355
2020-03-17 10:15:00,16.909,12.268147
2020-03-17 10:30:00,17.5685,13.760284
2020-03-17 10:45:00,18.667,15.329618
2020-03-17 11:00:00,19.1065,16.69414
2020-03-17 11:15:00,19.7655,17.983995
2020-03-17 11:30:00,20.6445,18.937204
2020-03-17 11:45:00,21.3035,19.537035
2020-03-17 12:00:00,21.963,20.106052
2020-03-17 12:15:00,22.622,20.517527
2020-03-17 12:30:00,23.0615,20.97135
2020-03-17 12:45:00,23.281,21.439117
2020-03-17 13:00:00,23.2815,21.852037
2020-03-17 13:15:00,23.0615,22.392601
2020-03-17 13:30:00,23.0615,22.989496
2020-03-17 13:45:00,22.842,23.473776
2020-03-17 14:00:00,23.0615,23.795835
2020-03-17 14:15:00,23.0615,24.06296
2020-03-17 14:30:00,23.501,24.314621
2020-03-17 14:45:00,23.721,24.53736
2020-03-17 15:00:00,23.721,24.658833
2020-03-17 15:15:00,23.721,24.679234
2020-03-17 15:30:00,23.721,24.549131
2020-03-17 15:45:00,23.721,24.268412
2020-03-17 16:00:00,23.281,23.928404
2020-03-17 16:15:00,23.281,23.660303
2020-03-17 16:30:00,22.842,23.428373
2020-03-17 16:45:00,22.842,23.182102
2020-03-17 17:00:00,22.842,22.870937
2020-03-17 17:15:00,22.622,22.5264
2020-03-17 17:30:00,22.402,21.886272
2020-03-17 17:45:00,22.1825,21.272842
2020-03-17 18:00:00,21.743,20.510094
2020-03-17 18:15:00,21.3035,19.879042
2020-03-17 18:30:00,21.084,19.260176
2020-03-17 18:45:00,20.8645,18.653744
2020-03-17 19:00:00,20.425,18.135744
2020-03-17 19:15:00,20.425,17.718994
2020-03-17 19:30:00,20.205,17.452225
2020-03-17 19:45:00,19.9855,17.216566
2020-03-17 20:00:00,19.9855,17.027409
2020-03-17 20:15:00,19.9855,16.987143
2020-03-17 20:30:00,19.766,17.00752
2020-03-17 20:45:00,19.546,17.18802
2020-03-17 21:00:00,19.546,17.373247
2020-03-17 21:15:00,19.326,17.584364
2020-03-17 21:30:00,19.1065,17.872467
2020-03-17 21:45:00,19.1065,18.208649
2020-03-17 22:00:00,19.1065,18.699818
2020-03-17 22:15:00,19.1065,19.088541
2020-03-17 22:30:00,19.1065,19.382181
2020-03-17 22:45:00,19.1065,19.677402
2020-03-17 23:00:00,19.1065,20.02011
2020-03-17 23:15:00,18.2275,20.229174
2020-03-17 23:30:00,17.788,20.229712
2020-03-17 23:45:00,17.3485,20.196077
2020-03-18 00:00:00,17.3485,20.156599
2020-03-18 00:15:00,16.909,20.219069
2020-03-18 00:30:00,16.689,20.265154
2020-03-18 00:45:00,16.4695,20.25936
2020-03-18 01:00:00,16.4695,20.204111
2020-03-18 01:15:00,16.4695,20.108976
2020-03-18 01:30:00,16.25,20.008583
2020-03-18 01:45:00,16.25,19.79647
2020-03-18 02:00:00,16.25,19.725706
2020-03-18 02:15:00,16.4695,19.55668
2020-03-18 02:30:00,16.689,19.344084
2020-03-18 02:45:00,16.689,19.069136
2020-03-18 03:00:00,16.909,18.939606
2020-03-18 03:15:00,16.909,18.779829
2020-03-18 03:30:00,16.909,18.605143
2020-03-18 03:45:00,17.129,18.483006
2020-03-18 04:00:00,17.3485,18.468092
2020-03-18 04:15:00,17.3485,18.400007
2020-03-18 04:30:00,17.3485,18.28189
2020-03-18 04:45:00,17.129,18.124498
2020-03-18 05:00:00,16.909,17.831385
2020-03-18 05:15:00,16.689,17.737494
2020-03-18 05:30:00,16.689,17.62855
2020-03-18 05:45:00,16.25,17.56201
2020-03-18 06:00:00,16.0305,17.668528
2020-03-18 06:15:00,16.0305,17.528017
2020-03-18 06:30:00,16.0305,17.271631
2020-03-18 06:45:00,16.0305,17.246445
2020-03-18 07:00:00,16.0305,17.032572
2020-03-18 07:15:00,16.0305,16.599438
2020-03-18 07:30:00,16.0305,16.44355
2020-03-18 07:45:00,16.0305,16.638517
2020-03-18 08:00:00,16.25,16.844458
2020-03-18 08:15:00,16.4695,17.018377
2020-03-18 08:30:00,16.4695,17.039679
2020-03-18 08:45:00,16.4695,16.745108
2020-03-18 09:00:00,16.4695,16.1766
2020-03-18 09:15:00,16.4695,15.952745
2020-03-18 09:30:00,16.4695,15.927396
2020-03-18 09:45:00,16.4695,15.828985
2020-03-18 10:00:00,16.4695,15.776672
2020-03-18 10:15:00,16.4695,15.8691635
2020-03-18 10:30:00,16.689,16.189753
2020-03-18 10:45:00,16.689,16.780582
2020-03-18 11:00:00,16.909,17.101702
2020-03-18 11:15:00,16.909,17.664888
2020-03-18 11:30:00,17.129,18.295105
2020-03-18 11:45:00,17.3485,18.750517
2020-03-18 12:00:00,17.3485,19.065386
2020-03-18 12:15:00,17.568,19.35306
2020-03-18 12:30:00,17.788,19.768799
2020-03-18 12:45:00,17.788,20.17655
2020-03-18 13:00:00,17.788,20.649607
2020-03-18 13:15:00,18.0075,21.160376
2020-03-18 13:30:00,18.0075,21.681984
2020-03-18 13:45:00,18.0075,22.0751
2020-03-18 14:00:00,17.788,22.263054
2020-03-18 14:15:00,17.788,22.246092
2020-03-18 14:30:00,17.788,22.120972
2020-03-18 14:45:00,17.788,22.118864
2020-03-18 15:00:00,17.788,22.019217
2020-03-18 15:15:00,17.788,21.713312
2020-03-18 15:30:00,17.788,21.403599
2020-03-18 15:45:00,18.008,20.903784
2020-03-18 16:00:00,18.008,20.38604
2020-03-18 16:15:00,18.008,19.772394
2020-03-18 16:30:00,17.788,19.155989
2020-03-18 16:45:00,17.788,18.620052
2020-03-18 17:00:00,17.5685,18.041275
2020-03-18 17:15:00,17.1285,17.48082
2020-03-18 17:30:00,17.1285,16.753376
2020-03-18 17:45:00,16.909,16.198128
2020-03-18 18:00:00,16.6895,15.617191
2020-03-18 18:15:00,16.6895,15.219833
2020-03-18 18:30:00,16.6895,14.885052
2020-03-18 18:45:00,16.6895,14.464683
2020-03-18 19:00:00,16.909,14.007231
2020-03-18 19:15:00,16.909,13.725897
2020-03-18 19:30:00,16.909,13.45331
2020-03-18 19:45:00,16.909,13.227922
2020-03-18 20:00:00,16.689,13.044568
2020-03-18 20:15:00,16.689,13.142777
2020-03-18 20:30:00,16.4695,13.26695
2020-03-18 20:45:00,16.25,13.560038
2020-03-18 21:00:00,16.25,14.173059
2020-03-18 21:15:00,16.25,14.55095
2020-03-18 21:30:00,16.0305,14.499071
2020-03-18 21:45:00,16.0305,14.482866
2020-03-18 22:00:00,16.25,14.434867
2020-03-18 22:15:00,16.4695,14.253293
2020-03-18 22:30:00,16.4695,13.997778
2020-03-18 22:45:00,16.4695,13.783047
2020-03-18 23:00:00,16.4695,13.558058
2020-03-18 23:15:00,16.6895,13.369549
2020-03-18 23:30:00,16.6895,13.15466
2020-03-18 23:45:00,16.6895,12.998203
2020-03-19 00:00:00,16.6895,12.748131
2020-03-19 00:15:00,16.4695,12.636503
2020-03-19 00:30:00,16.4695,12.500265
2020-03-19 00:45:00,16.4695,12.301292
2020-03-19 01:00:00,16.4695,12.151108
2020-03-19 01:15:00,16.689,12.035484
2020-03-19 01:30:00,16.689,11.884321
2020-03-19 01:45:00,16.689,11.726068
2020-03-19 02:00:00,16.25,11.720364
2020-03-19 02:15:00,16.0305,11.734825
2020-03-19 02:30:00,15.811,11.691739
2020-03-19 02:45:00,15.811,11.608364
2020-03-19 03:00:00,15.811,11.61985
2020-03-19 03:15:00,15.811,11.680587
2020-03-19 03:30:00,15.811,11.7362175
2020-03-19 03:45:00,15.811,11.808161
2020-03-19 04:00:00,15.371,11.982537
2020-03-19 04:15:00,15.371,12.247894
2020-03-19 04:30:00,15.371,12.402109
2020-03-19 04:45:00,14.932,12.544975
2020-03-19 05:00:00,14.932,12.518488
2020-03-19 05:15:00,14.712,12.581614
2020-03-19 05:30:00,14.492,12.428074
2020-03-19 05:45:00,14.492,12.27711
2020-03-19 06:00:00,14.492,12.440013
2020-03-19 06:15:00,14.2725,12.395286
2020-03-19 06:30:00,14.2725,12.157963
2020-03-19 06:45:00,14.2725,12.023809
2020-03-19 07:00:00,14.2725,11.842123
2020-03-19 07:15:00,14.2725,11.587252
2020-03-19 07:30:00,14.2725,11.476018
2020-03-19 07:45:00,14.2725,11.221159
2020-03-19 08:00:00,14.2725,10.922821
2020-03-19 08:15:00,14.492,10.478382
2020-03-19 08:30:00,14.492,9.916424
2020-03-19 08:45:00,14.492,9.384945
2020-03-19 09:00:00,14.712,8.692797
2020-03-19 09:15:00,14.712,8.169686
2020-03-19 09:30:00,14.712,8.035287
2020-03-19 09:45:00,14.712,7.883591
2020-03-19 10:00:00,14.9315,7.6279325
2020-03-19 10:15:00,15.1515,7.3943415
2020-03-19 10:30:00,15.1515,7.6957245
2020-03-19 10:45:00,15.1515,8.011674
2020-03-19 11:00:00,15.1515,8.320451
2020-03-19 11:15:00,15.3715,8.728089
2020-03-19 11:30:00,15.591,9.166865
2020-03-19 11:45:00,15.8105,9.531556
2020-03-19 12:00:00,16.0305,9.827211
2020-03-19 12:15:00,16.0305,10.129465
2020-03-19 12:30:00,16.0305,10.303159
2020-03-19 12:45:00,16.4695,10.60516
2020-03-19 13:00:00,16.4695,10.891108
2020-03-19 13:15:00,16.4695,11.3449
2020-03-19 13:30:00,16.4695,11.890032
2020-03-19 13:45:00,16.909,12.535498
2020-03-19 14:00:00,16.909,13.017497
2020-03-19 14:15:00,16.909,13.418353
2020-03-19 14:30:00,17.129,13.768847
2020-03-19 14:45:00,17.129,13.970676
2020-03-19 15:00:00,17.129,14.108925
2020-03-19 15:15:00,17.129,14.216598
2020-03-19 15:30:00,17.129,14.137587
2020-03-19 15:45:00,16.909,14.164845
2020-03-19 16:00:00,16.909,14.044601
2020-03-19 16:15:00,16.689,13.774764
2020-03-19 16:30:00,16.689,13.560502
2020-03-19 16:45:00,16.689,13.424129
2020-03-19 17:00:00,16.689,13.345327
2020-03-19 17:15:00,16.689,13.184085
2020-03-19 17:30:00,16.689,13.037875
2020-03-19 17:45:00,16.4695,12.983557
2020-03-19 18:00:00,16.4695,12.765902
2020-03-19 18:15:00,16.4695,12.616886
2020-03-19 18:30:00,16.4695,12.427521
2020-03-19 18:45:00,16.25,12.222755
2020-03-19 19:00:00,16.25,12.335961
2020-03-19 19:15:00,16.25,12.548833
2020-03-19 19:30:00,16.25,12.681416
2020-03-19 19:45:00,16.25,12.738706
2020-03-19 20:00:00,16.25,12.803334
2020-03-19 20:15:00,16.0305,12.803642
2020-03-19 20:30:00,15.811,12.737953
2020-03-19 20:45:00,15.591,12.698131
2020-03-19 21:00:00,15.371,12.724716
2020-03-19 21:15:00,15.371,12.749395
2020-03-19 21:30:00,15.371,12.701983
2020-03-19 21:45:00,15.371,12.727545
2020-03-19 22:00:00,15.371,12.678561
2020-03-19 22:15:00,15.371,12.646045
2020-03-19 22:30:00,15.371,12.624581
2020-03-19 22:45:00,15.591,12.625975
2020-03-19 23:00:00,15.591,12.651764
2020-03-19 23:15:00,15.591,12.792195
2020-03-19 23:30:00,15.591,12.895012
2020-03-19 23:45:00,15.591,12.93153
2020-03-20 00:00:00,15.591,12.956094
2020-03-20 00:15:00,15.1515,13.075403
2020-03-20 00:30:00,15.1515,13.098305
2020-03-20 00:45:00,14.712,13.127732
2020-03-20 01:00:00,14.492,13.157549
2020-03-20 01:15:00,14.2725,13.157468
2020-03-20 01:30:00,14.2725,13.157309
2020-03-20 01:45:00,14.2725,13.092471
2020-03-20 02:00:00,14.2725,13.129841
2020-03-20 02:15:00,13.833,13.169874
2020-03-20 02:30:00,13.833,13.133648
2020-03-20 02:45:00,13.833,13.078114
2020-03-20 03:00:00,13.833,13.099752
2020-03-20 03:15:00,13.3935,13.099577
2020-03-20 03:30:00,13.3935,13.055289
2020-03-20 03:45:00,13.1735,13.0153675
2020-03-20 04:00:00,13.1735,13.080982
2020-03-20 04:15:00,12.954,13.104017
2020-03-20 04:30:00,12.7345,13.067421
2020-03-20 04:45:00,12.7345,13.036645
2020-03-20 05:00:00,12.5145,12.814469
2020-03-20 05:15:00,12.5145,12.807797
2020-03-20 05:30:00,12.5145,12.788826
2020-03-20 05:45:00,12.5145,12.84742
2020-03-20 06:00:00,12.295,13.168306
2020-03-20 06:15:00,12.295,13.335425
2020-03-20 06:30:00,12.295,13.423164
2020-03-20 06:45:00,11.855,13.572063
2020-03-20 07:00:00,11.855,13.681211
2020-03-20 07:15:00,11.855,13.718577
2020-03-20 07:30:00,11.855,13.830109
2020-03-20 07:45:00,11.855,13.838015
2020-03-20 08:00:00,11.855,13.835326
2020-03-20 08:15:00,11.855,13.590603
2020-03-20 08:30:00,12.075,13.443718
2020-03-20 08:45:00,12.075,13.6140995
2020-03-20 09:00:00,12.075,13.710999
2020-03-20 09:15:00,11.8555,13.881711
2020-03-20 09:30:00,11.6355,14.109692
2020-03-20 09:45:00,11.6355,14.261839
2020-03-20 10:00:00,11.6355,14.610379
2020-03-20 10:15:00,11.6355,15.169916
2020-03-20 10:30:00,11.6355,15.714843
2020-03-20 10:45:00,11.6355,16.180836
2020-03-20 11:00:00,11.6355,16.589125
2020-03-20 11:15:00,11.6355,17.022268
2020-03-20 11:30:00,11.6355,17.473787
2020-03-20 11:45:00,11.6355,17.765182
2020-03-20 12:00:00,11.855,17.905344
2020-03-20 12:15:00,11.855,18.034956
2020-03-20 12:30:00,12.075,18.1546
2020-03-20 12:45:00,12.075,18.500921
2020-03-20 13:00:00,12.295,18.672789
2020-03-20 13:15:00,12.295,19.065742
2020-03-20 13:30:00,12.295,19.275976
2020-03-20 13:45:00,12.075,19.587404
2020-03-20 14:00:00,12.075,19.821835
2020-03-20 14:15:00,11.8555,19.999426
2020-03-20 14:30:00,11.8555,20.291687
2020-03-20 14:45:00,11.8555,20.335163
2020-03-20 15:00:00,11.8555,20.08843
2020-03-20 15:15:00,11.8555,20.132067
2020-03-20 15:30:00,12.075,20.028341
2020-03-20 15:45:00,12.075,19.915773
2020-03-20 16:00:00,11.8555,19.61506
2020-03-20 16:15:00,11.6355,19.273548
2020-03-20 16:30:00,11.6355,18.894785
2020-03-20 16:45:00,11.6355,18.602943
2020-03-20 17:00:00,11.6355,18.254778
2020-03-20 17:15:00,11.6355,17.85766
2020-03-20 17:30:00,11.6355,17.480848
2020-03-20 17:45:00,11.6355,17.195944
2020-03-20 18:00:00,11.6355,16.834368
2020-03-20 18:15:00,11.416,16.426786
2020-03-20 18:30:00,11.416,16.162931
2020-03-20 18:45:00,11.416,15.983217
2020-03-20 19:00:00,11.416,15.774513
2020-03-20 19:15:00,11.416,15.613328
2020-03-20 19:30:00,10.9765,15.462831
2020-03-20 19:45:00,10.5375,15.281401
2020-03-20 20:00:00,10.5375,15.101042
2020-03-20 20:15:00,10.5375,14.940948
2020-03-20 20:30:00,10.5375,14.697042
2020-03-20 20:45:00,10.0975,14.399036
2020-03-20 21:00:00,10.0975,14.113172
2020-03-20 21:15:00,9.878,13.879032
2020-03-20 21:30:00,9.878,13.62267
2020-03-20 21:45:00,10.0975,13.405388
2020-03-20 22:00:00,10.3175,13.207629
2020-03-20 22:15:00,10.3175,13.07072
2020-03-20 22:30:00,10.3175,12.913652
2020-03-20 22:45:00,10.3175,12.757742
2020-03-20 23:00:00,10.3175,12.684432
2020-03-20 23:15:00,10.3175,12.643738
2020-03-20 23:30:00,10.3175,12.5792675
2020-03-20 23:45:00,10.3175,12.5497265
2020-03-21 00:00:00,10.3175,12.51466
2020-03-21 00:15:00,10.5375,12.511518
2020-03-21 00:30:00,10.5375,12.47476
2020-03-21 00:45:00,10.5375,12.416195
2020-03-21 01:00:00,10.5375,12.356426
2020-03-21 01:15:00,10.5375,12.27712
2020-03-21 01:30:00,10.5375,12.195993
2020-03-21 01:45:00,10.3175,12.136841
2020-03-21 02:00:00,10.3175,12.092098
2020-03-21 02:15:00,10.3175,12.088245
2020-03-21 02:30:00,10.3175,12.093058
2020-03-21 02:45:00,9.878,12.047363
2020-03-21 03:00:00,9.878,12.001018
2020-03-21 03:15:00,9.878,11.948641
2020-03-21 03:30:00,9.878,11.911756
2020-03-21 03:45:00,9.878,11.841457
2020-03-21 04:00:00,9.878,11.852765
2020-03-21 04:15:00,10.0975,11.811859
2020-03-21 04:30:00,10.0975,11.768527
2020-03-21 04:45:00,10.0975,11.765644
2020-03-21 05:00:00,10.0975,11.680456
2020-03-21 05:15:00,10.0975,11.649817
2020-03-21 05:30:00,10.0975,11.577365
2020-03-21 05:45:00,10.3175,11.492533
2020-03-21 06:00:00,10.3175,11.511381
2020-03-21 06:15:00,10.3175,11.423394
2020-03-21 06:30:00,10.3175,11.279926
2020-03-21 06:45:00,10.3175,11.185157
2020-03-21 07:00:00,10.3175,11.086966
2020-03-21 07:15:00,10.5375,10.967754
2020-03-21 07:30:00,10.5375,11.032914
2020-03-21 07:45:00,10.5375,10.963179
2020-03-21 08:00:00,10.9765,10.931139
2020-03-21 08:15:00,11.196,10.801447
2020-03-21 08:30:00,11.196,10.664868
2020-03-21 08:45:00,11.416,10.609184
2020-03-21 09:00:00,11.8555,10.4724865
2020-03-21 09:15:00,12.2945,10.739368
2020-03-21 09:30:00,12.7345,11.082033
2020-03-21 09:45:00,13.1735,11.478329
2020-03-21 10:00:00,13.6135,11.97265
2020-03-21 10:15:00,13.6135,12.455852
2020-03-21 10:30:00,14.0525,13.104034
2020-03-21 10:45:00,14.2725,13.764054
2020-03-21 11:00:00,14.2725,14.649462
2020-03-21 11:15:00,14.2725,15.476147
2020-03-21 11:30:00,14.2725,16.476902
2020-03-21 11:45:00,14.2725,17.279371
2020-03-21 12:00:00,14.492,17.874016
2020-03-21 12:15:00,14.712,18.294718
2020-03-21 12:30:00,15.1515,18.769318
2020-03-21 12:45:00,15.591,19.485132
2020-03-21 13:00:00,16.03,19.917843
2020-03-21 13:15:00,16.47,20.612307
2020-03-21 13:30:00,17.3485,21.146189
2020-03-21 13:45:00,18.0075,21.517618
2020-03-21 14:00:00,19.1065,21.85879
2020-03-21 14:15:00,19.9855,22.195059
2020-03-21 14:30:00,20.2055,22.45268
2020-03-21 14:45:00,20.6445,22.62035
2020-03-21 15:00:00,20.6445,22.58016
2020-03-21 15:15:00,20.6445,22.653292
2020-03-21 15:30:00,20.6445,22.44628
2020-03-21 15:45:00,20.425,22.19081
2020-03-21 16:00:00,20.425,21.761312
2020-03-21 16:15:00,20.425,21.014738
2020-03-21 16:30:00,20.425,20.525812
2020-03-21 16:45:00,20.425,20.233688
2020-03-21 17:00:00,20.425,20.04733
2020-03-21 17:15:00,20.425,19.488546
2020-03-21 17:30:00,20.425,19.10753
2020-03-21 17:45:00,20.2055,18.846064
2020-03-21 18:00:00,19.9855,18.45151
2020-03-21 18:15:00,19.546,18.212347
2020-03-21 18:30:00,19.546,17.992525
2020-03-21 18:45:00,19.1065,17.948126
2020-03-21 19:00:00,18.667,17.839254
2020-03-21 19:15:00,18.2275,17.75974
2020-03-21 19:30:00,18.008,17.633272
2020-03-21 19:45:00,17.568,17.636093
2020-03-21 20:00:00,17.568,17.476854
2020-03-21 20:15:00,17.129,17.335182
2020-03-21 20:30:00,16.689,17.184864
2020-03-21 20:45:00,16.4695,16.985994
2020-03-21 21:00:00,16.25,16.836067
2020-03-21 21:15:00,16.0305,16.67412
2020-03-21 21:30:00,15.591,16.523413
2020-03-21 21:45:00,15.371,16.359041
2020-03-21 22:00:00,15.1515,16.163498
2020-03-21 22:15:00,14.932,16.025307
2020-03-21 22:30:00,14.712,15.935354
2020-03-21 22:45:00,14.2725,15.812033
2020-03-21 23:00:00,14.2725,15.773371
2020-03-21 23:15:00,13.833,15.690319
2020-03-21 23:30:00,13.833,15.590793
2020-03-21 23:45:00,13.3935,15.451472
2020-03-22 00:00:00,13.3935,15.394545
2020-03-22 00:15:00,13.174,15.398345
2020-03-22 00:30:00,12.954,15.373545
2020-03-22 00:45:00,12.734,15.261481
2020-03-22 01:00:00,12.5145,15.200381
2020-03-22 01:15:00,12.5145,15.129619
2020-03-22 01:30:00,12.075,14.967016
2020-03-22 01:45:00,12.075,14.84676
2020-03-22 02:00:00,12.075,14.739088
2020-03-22 02:15:00,11.6355,14.66194
2020-03-22 02:30:00,11.6355,14.528172
2020-03-22 02:45:00,11.6355,14.438835
2020-03-22 03:00:00,11.416,14.356197
2020-03-22 03:15:00,11.1965,14.213886
2020-03-22 03:30:00,11.1965,14.065382
2020-03-22 03:45:00,11.1965,13.878872
2020-03-22 04:00:00,10.757,13.751774
2020-03-22 04:15:00,10.757,13.654614
2020-03-22 04:30:00,10.757,13.52015
2020-03-22 04:45:00,10.537,13.294354
2020-03-22 05:00:00,10.3175,13.030075
2020-03-22 05:15:00,10.3175,12.819096
2020-03-22 05:30:00,10.3175,12.608995
2020-03-22 05:45:00,10.098,12.397659
2020-03-22 06:00:00,9.878,12.35952
2020-03-22 06:15:00,9.878,12.259621
2020-03-22 06:30:00,9.878,12.088625
2020-03-22 06:45:00,9.878,11.857174
2020-03-22 07:00:00,9.878,11.71782
2020-03-22 07:15:00,9.878,11.581525
2020-03-22 07:30:00,10.098,11.398363
2020-03-22 07:45:00,10.537,11.314341
2020-03-22 08:00:00,10.977,11.341758
2020-03-22 08:15:00,11.6355,11.310484
2020-03-22 08:30:00,12.295,11.449992
2020-03-22 08:45:00,12.954,11.851575
2020-03-22 09:00:00,13.613,12.184411
2020-03-22 09:15:00,14.492,12.646069
2020-03-22 09:30:00,15.371,13.117123
2020-03-22 09:45:00,16.4695,13.367399
2020-03-22 10:00:00,17.788,13.622279
2020-03-22 10:15:00,18.8865,14.013898
2020-03-22 10:30:00,19.9855,14.82197
2020-03-22 10:45:00,20.8645,15.544643
2020-03-22 11:00:00,21.5235,16.330767
2020-03-22 11:15:00,22.402,17.226551
2020-03-22 11:30:00,23.0615,18.213484
2020-03-22 11:45:00,23.501,18.864012
2020-03-22 12:00:00,24.1605,19.224167
2020-03-22 12:15:00,24.819,19.217882
2020-03-22 12:30:00,25.039,19.31008
2020-03-22 12:45:00,25.698,19.358328
2020-03-22 13:00:00,26.138,19.735746
2020-03-22 13:15:00,26.797,20.576948
2020-03-22 13:30:00,27.0165,21.147589
2020-03-22 13:45:00,27.236,21.678322
2020-03-22 14:00:00,27.456,22.00979
2020-03-22 14:15:00,27.6755,22.06959
2020-03-22 14:30:00,27.6755,22.198149
2020-03-22 14:45:00,27.6755,22.217787
2020-03-22 15:00:00,27.456,22.296299
2020-03-22 15:15:00,27.0165,22.199507
2020-03-22 15:30:00,27.0165,21.996954
2020-03-22 15:45:00,26.797,21.41997
2020-03-22 16:00:00,26.357,20.821491
2020-03-22 16:15:00,26.1375,20.219458
2020-03-22 16:30:00,25.918,19.573822
2020-03-22 16:45:00,25.479,19.168388
2020-03-22 17:00:00,25.039,18.933615
2020-03-22 17:15:00,24.8195,18.67726
2020-03-22 17:30:00,24.38,18.459093
2020-03-22 17:45:00,24.16,18.267784
2020-03-22 18:00:00,23.9405,17.852388
2020-03-22 18:15:00,23.721,17.45963
2020-03-22 18:30:00,23.281,17.119087
2020-03-22 18:45:00,22.842,16.922626
2020-03-22 19:00:00,22.402,16.52004
2020-03-22 19:15:00,21.963,16.428413
2020-03-22 19:30:00,21.743,16.32116
2020-03-22 19:45:00,21.523,16.228848
2020-03-22 20:00:00,21.084,15.829543
2020-03-22 20:15:00,20.645,15.409514
2020-03-22 20:30:00,20.645,14.955744
2020-03-22 20:45:00,20.205,14.816228
2020-03-22 21:00:00,20.205,14.724305
2020-03-22 21:15:00,19.766,14.711772
2020-03-22 21:30:00,19.766,14.739203
2020-03-22 21:45:00,19.546,14.672819
2020-03-22 22:00:00,19.326,14.502144
2020-03-22 22:15:00,19.326,14.339721
2020-03-22 22:30:00,19.326,14.238152
2020-03-22 22:45:00,18.887,14.163176
2020-03-22 23:00:00,18.887,14.229185
2020-03-22 23:15:00,18.887,14.221374
2020-03-22 23:30:00,18.887,14.163503
2020-03-22 23:45:00,18.887,13.925989
2020-03-23 00:00:00,18.887,13.886029
2020-03-23 00:15:00,18.667,13.889436
2020-03-23 00:30:00,18.447,13.913202
2020-03-23 00:45:00,18.2275,13.816624
2020-03-23 01:00:00,18.008,13.671953
2020-03-23 01:15:00,17.788,13.543159
2020-03-23 01:30:00,17.568,13.414619
2020-03-23 01:45:00,17.3485,13.24453
2020-03-23 02:00:00,17.129,13.032441
2020-03-23 02:15:00,16.909,13.026257
2020-03-23 02:30:00,16.689,12.899757
2020-03-23 02:45:00,16.689,12.848667
2020-03-23 03:00:00,16.25,12.745448
2020-03-23 03:15:00,16.25,12.51884
2020-03-23 03:30:00,16.0305,12.29879
2020-03-23 03:45:00,15.811,12.025786
2020-03-23 04:00:00,15.591,11.898738
2020-03-23 04:15:00,15.371,11.703386
2020-03-23 04:30:00,15.371,11.381527
2020-03-23 04:45:00,15.1515,11.074497
2020-03-23 05:00:00,14.932,10.769506
2020-03-23 05:15:00,14.932,10.558956
2020-03-23 05:30:00,14.712,10.369926
2020-03-23 05:45:00,14.712,10.102428
2020-03-23 06:00:00,14.492,10.003132
2020-03-23 06:15:00,14.492,10.197205
2020-03-23 06:30:00,14.2725,10.327149
2020-03-23 06:45:00,14.2725,10.412446
2020-03-23 07:00:00,14.2725,10.660542
2020-03-23 07:15:00,14.2725,10.716551
2020-03-23 07:30:00,14.492,10.776466
2020-03-23 07:45:00,15.371,10.849306
2020-03-23 08:00:00,15.811,11.201874
2020-03-23 08:15:00,16.25,11.512907
2020-03-23 08:30:00,17.129,11.983845
2020-03-23 08:45:00,17.568,12.563139
2020-03-23 09:00:00,18.447,13.175249
2020-03-23 09:15:00,19.326,13.695086
2020-03-23 09:30:00,20.205,14.07028
2020-03-23 09:45:00,21.523,14.5183525
2020-03-23 10:00:00,22.842,15.15968
2020-03-23 10:15:00,24.16,15.521715
2020-03-23 10:30:00,25.259,15.973388
2020-03-23 10:45:00,26.3575,16.279146
2020-03-23 11:00:00,27.236,16.550821
2020-03-23 11:15:00,27.8955,17.439754
2020-03-23 11:30:00,28.774,18.289845
2020-03-23 11:45:00,29.4335,18.949158
2020-03-23 12:00:00,30.3125,19.3057
2020-03-23 12:15:00,30.972,19.285906
2020-03-23 12:30:00,31.1915,19.353048
2020-03-23 12:45:00,31.631,19.562366
2020-03-23 13:00:00,32.29,19.745178
2020-03-23 13:15:00,33.1685,20.294714
2020-03-23 13:30:00,33.828,20.815065
2020-03-23 13:45:00,34.048,21.157251
2020-03-23 14:00:00,34.707,21.209728
2020-03-23 14:15:00,35.366,21.14271
2020-03-23 14:30:00,35.8055,21.337553
2020-03-23 14:45:00,36.025,21.49931
2020-03-23 15:00:00,36.245,21.776602
2020-03-23 15:15:00,36.245,21.705393
2020-03-23 15:30:00,36.025,21.555109
2020-03-23 15:45:00,35.5855,21.161581
2020-03-23 16:00:00,35.1465,20.639868
2020-03-23 16:15:00,34.707,20.176725
2020-03-23 16:30:00,34.2675,19.60451
2020-03-23 16:45:00,33.389,19.389242
2020-03-23 17:00:00,32.7295,19.166002
2020-03-23 17:15:00,32.07,18.743927
2020-03-23 17:30:00,31.411,18.48293
2020-03-23 17:45:00,30.7515,18.2713
2020-03-23 18:00:00,30.0925,17.70814
2020-03-23 18:15:00,29.6535,17.109735
2020-03-23 18:30:00,28.9945,16.481867
2020-03-23 18:45:00,28.335,16.054934
2020-03-23 19:00:00,27.8955,15.385439
2020-03-23 19:15:00,27.236,14.921129
2020-03-23 19:30:00,26.797,14.498901
2020-03-23 19:45:00,26.357,14.157552
2020-03-23 20:00:00,25.918,13.537956
2020-03-23 20:15:00,25.479,12.9501915
2020-03-23 20:30:00,25.039,12.43015
2020-03-23 20:45:00,24.6,12.008494
2020-03-23 21:00:00,24.16,11.733057
2020-03-23 21:15:00,23.721,11.524705
2020-03-23 21:30:00,23.281,11.251659
2020-03-23 21:45:00,23.0615,10.96445
2020-03-23 22:00:00,22.842,10.741537
2020-03-23 22:15:00,22.402,10.619509
2020-03-23 22:30:00,22.402,10.565825
2020-03-23 22:45:00,22.402,10.539281
2020-03-23 23:00:00,22.1825,10.562355
2020-03-23 23:15:00,22.1825,10.439431
2020-03-23 23:30:00,21.963,10.325334
2020-03-23 23:45:00,21.963,9.995866
2020-03-24 00:00:00,21.963,9.952443
2020-03-24 00:15:00,21.743,10.020037
2020-03-24 00:30:00,21.523,9.995987
2020-03-24 00:45:00,21.523,9.967719
2020-03-24 01:00:00,21.523,9.985219
2020-03-24 01:15:00,21.084,10.047833
2020-03-24 01:30:00,21.084,10.026729
2020-03-24 01:45:00,20.8645,10.000023
2020-03-24 02:00:00,20.645,9.98148
2020-03-24 02:15:00,20.645,9.991604
2020-03-24 02:30:00,20.425,9.801626
2020-03-24 02:45:00,20.425,9.79977
2020-03-24 03:00:00,20.205,9.738935
2020-03-24 03:15:00,20.205,9.50541
2020-03-24 03:30:00,20.205,9.307039
2020-03-24 03:45:00,19.9855,8.977341
2020-03-24 04:00:00,19.9855,8.902422
2020-03-24 04:15:00,19.9855,8.816643
2020-03-24 04:30:00,19.9855,8.612354
2020-03-24 04:45:00,19.9855,8.355264
2020-03-24 05:00:00,19.9855,8.10177
2020-03-24 05:15:00,19.9855,7.887742
2020-03-24 05:30:00,19.9855,7.5817237
2020-03-24 05:45:00,19.766,7.277055
2020-03-24 06:00:00,19.766,7.3188844
2020-03-24 06:15:00,19.766,7.3798904
2020-03-24 06:30:00,19.546,7.3348174
2020-03-24 06:45:00,19.546,7.411146
2020-03-24 07:00:00,19.546,7.521364
2020-03-24 07:15:00,19.766,7.641568
2020-03-24 07:30:00,20.205,7.847815
2020-03-24 07:45:00,20.645,8.098192
2020-03-24 08:00:00,20.8645,8.384919
2020-03-24 08:15:00,21.3035,8.632793
2020-03-24 08:30:00,21.743,8.966979
2020-03-24 08:45:00,22.1825,9.291665
2020-03-24 09:00:00,22.842,9.568545
2020-03-24 09:15:00,23.0615,9.909713
2020-03-24 09:30:00,23.501,10.705924
2020-03-24 09:45:00,23.9405,11.531418
2020-03-24 10:00:00,24.38,12.661031
2020-03-24 10:15:00,24.8195,13.991373
2020-03-24 10:30:00,25.918,15.39978
2020-03-24 10:45:00,26.577,16.978228
2020-03-24 11:00:00,27.0165,18.46062
2020-03-24 11:15:00,27.8955,19.747332
2020-03-24 11:30:00,28.555,20.58144
2020-03-24 11:45:00,29.214,21.188171
2020-03-24 12:00:00,29.873,21.710478
2020-03-24 12:15:00,30.752,22.018965
2020-03-24 12:30:00,30.9715,22.393066
2020-03-24 12:45:00,31.411,22.781658
2020-03-24 13:00:00,32.0705,23.082056
2020-03-24 13:15:00,32.9495,23.58714
2020-03-24 13:30:00,33.389,24.09433
2020-03-24 13:45:00,34.048,24.47448
2020-03-24 14:00:00,34.707,24.70388
2020-03-24 14:15:00,35.366,24.873383
2020-03-24 14:30:00,35.5855,25.203796
2020-03-24 14:45:00,36.245,25.583923
2020-03-24 15:00:00,36.6845,25.842104
2020-03-24 15:15:00,36.6845,25.916307
2020-03-24 15:30:00,36.4645,25.840105
2020-03-24 15:45:00,36.245,25.461721
2020-03-24 16:00:00,36.025,25.046915
2020-03-24 16:15:00,35.586,24.670406
2020-03-24 16:30:00,35.366,24.28563
2020-03-24 16:45:00,34.9265,24.100744
2020-03-24 17:00:00,34.4875,23.883217
2020-03-24 17:15:00,34.048,23.553629
2020-03-24 17:30:00,33.6085,23.108189
2020-03-24 17:45:00,33.169,22.534014
2020-03-24 18:00:00,32.7295,21.763235
2020-03-24 18:15:00,32.29,21.150187
2020-03-24 18:30:00,31.8505,20.472267
2020-03-24 18:45:00,31.411,19.790169
2020-03-24 19:00:00,30.752,19.030682
2020-03-24 19:15:00,30.312,18.402525
2020-03-24 19:30:00,29.6535,17.8113
2020-03-24 19:45:00,29.214,17.23101
2020-03-24 20:00:00,28.7745,16.644146
2020-03-24 20:15:00,28.115,16.006985
2020-03-24 20:30:00,27.676,15.421476
2020-03-24 20:45:00,27.236,14.874985
2020-03-24 21:00:00,26.797,14.570114
2020-03-24 21:15:00,26.357,14.290554
2020-03-24 21:30:00,25.918,13.955586
2020-03-24 21:45:00,25.479,13.677437
2020-03-24 22:00:00,25.479,13.454182
2020-03-24 22:15:00,25.039,13.221209
2020-03-24 22:30:00,24.8195,12.877232
2020-03-24 22:45:00,24.6,12.665087
2020-03-24 23:00:00,24.38,12.510147
2020-03-24 23:15:00,24.16,12.312487
2020-03-24 23:30:00,23.9405,12.0574875
2020-03-24 23:45:00,23.721,11.881415
2020-03-25 00:00:00,23.721,11.684844
2020-03-25 00:15:00,23.501,11.59375
2020-03-25 00:30:00,23.281,11.504759
2020-03-25 00:45:00,23.0615,11.337422
2020-03-25 01:00:00,22.842,11.234484
2020-03-25 01:15:00,22.622,11.046269
2020-03-25 01:30:00,22.402,10.865493
2020-03-25 01:45:00,22.402,10.634026
2020-03-25 02:00:00,21.963,10.584128
2020-03-25 02:15:00,21.963,10.440653
2020-03-25 02:30:00,21.963,10.424774
2020-03-25 02:45:00,21.523,10.229563
2020-03-25 03:00:00,21.3035,10.063606
2020-03-25 03:15:00,21.084,9.884516
2020-03-25 03:30:00,21.084,9.749636
2020-03-25 03:45:00,21.084,9.81012
2020-03-25 04:00:00,20.645,10.210352
2020-03-25 04:15:00,20.645,10.496909
2020-03-25 04:30:00,20.425,10.589651
2020-03-25 04:45:00,20.205,10.755909
2020-03-25 05:00:00,20.205,10.8618965
2020-03-25 05:15:00,19.9855,11.015604
2020-03-25 05:30:00,19.766,10.875109
2020-03-25 05:45:00,19.766,10.840309
2020-03-25 06:00:00,19.766,11.185876
2020-03-25 06:15:00,19.546,11.354759
2020-03-25 06:30:00,19.546,11.219242
2020-03-25 06:45:00,19.546,11.2755165
2020-03-25 07:00:00,19.546,11.448908
2020-03-25 07:15:00,19.546,11.624527
2020-03-25 07:30:00,19.766,11.928516
2020-03-25 07:45:00,20.205,12.238465
2020-03-25 08:00:00,20.8645,12.428217
2020-03-25 08:15:00,21.523,12.533283
2020-03-25 08:30:00,22.1825,12.750206
2020-03-25 08:45:00,22.842,12.881462
2020-03-25 09:00:00,23.281,12.785568
2020-03-25 09:15:00,24.16,13.267252
2020-03-25 09:30:00,24.8195,13.812232
2020-03-25 09:45:00,25.6985,14.342648
2020-03-25 10:00:00,26.577,15.069957
2020-03-25 10:15:00,27.456,15.80024
2020-03-25 10:30:00,28.115,16.556915
2020-03-25 10:45:00,28.7745,17.752657
2020-03-25 11:00:00,29.214,18.7754
2020-03-25 11:15:00,29.6535,19.721935
2020-03-25 11:30:00,30.0925,20.583689
2020-03-25 11:45:00,30.3125,21.082193
2020-03-25 12:00:00,30.7515,21.661028
2020-03-25 12:15:00,31.411,22.026081
2020-03-25 12:30:00,31.8505,22.272186
2020-03-25 12:45:00,32.29,22.626923
2020-03-25 13:00:00,32.7295,22.864223
2020-03-25 13:15:00,33.169,23.349268
2020-03-25 13:30:00,33.3885,23.817951
2020-03-25 13:45:00,33.828,24.211552
2020-03-25 14:00:00,34.707,24.450508
2020-03-25 14:15:00,35.146,24.60452
2020-03-25 14:30:00,35.586,24.691164
2020-03-25 14:45:00,36.025,24.723555
2020-03-25 15:00:00,36.465,24.612495
2020-03-25 15:15:00,36.465,24.461569
2020-03-25 15:30:00,36.465,24.205427
2020-03-25 15:45:00,36.025,23.796766
2020-03-25 16:00:00,35.8055,23.35075
2020-03-25 16:15:00,35.1465,22.923773
2020-03-25 16:30:00,34.707,22.484688
2020-03-25 16:45:00,34.268,22.093712
2020-03-25 17:00:00,33.828,21.64985
2020-03-25 17:15:00,33.389,21.263716
2020-03-25 17:30:00,32.949,20.745714
2020-03-25 17:45:00,32.51,20.430424
2020-03-25 18:00:00,31.8505,19.895912
2020-03-25 18:15:00,31.411,19.423899
2020-03-25 18:30:00,30.9715,18.81894
2020-03-25 18:45:00,30.312,18.247917
2020-03-25 19:00:00,29.873,17.5857
2020-03-25 19:15:00,29.434,16.9553
2020-03-25 19:30:00,28.994,16.390947
2020-03-25 19:45:00,28.555,15.826616
2020-03-25 20:00:00,28.115,15.308956
2020-03-25 20:15:00,27.676,14.77592
2020-03-25 20:30:00,27.236,14.415396
2020-03-25 20:45:00,27.236,14.203432
2020-03-25 21:00:00,26.797,13.99711
2020-03-25 21:15:00,26.357,13.873235
2020-03-25 21:30:00,25.918,13.764101
2020-03-25 21:45:00,25.918,13.743217
2020-03-25 22:00:00,25.479,13.770944
2020-03-25 22:15:00,25.479,13.700831
2020-03-25 22:30:00,25.039,13.451992
2020-03-25 22:45:00,24.8195,13.335957
2020-03-25 23:00:00,24.6,13.271256
2020-03-25 23:15:00,24.6,13.2628
2020-03-25 23:30:00,24.6,13.105094
2020-03-25 23:45:00,24.16,13.212855
2020-03-26 00:00:00,24.16,13.1711235
2020-03-26 00:15:00,23.9405,13.178551
2020-03-26 00:30:00,23.721,13.204651
2020-03-26 00:45:00,23.501,13.172198
2020-03-26 01:00:00,23.281,13.272973
2020-03-26 01:15:00,23.281,13.26017
2020-03-26 01:30:00,22.842,13.143245
2020-03-26 01:45:00,22.842,12.989059
2020-03-26 02:00:00,22.622,12.898151
2020-03-26 02:15:00,22.402,12.834517
2020-03-26 02:30:00,22.1825,12.746933
2020-03-26 02:45:00,21.963,12.701647
2020-03-26 03:00:00,21.743,12.693315
2020-03-26 03:15:00,21.523,12.713163
2020-03-26 03:30:00,21.523,12.745117
2020-03-26 03:45:00,21.3035,12.665268
2020-03-26 04:00:00,21.084,12.658455
2020-03-26 04:15:00,21.084,12.882246
2020-03-26 04:30:00,20.8645,13.071869
2020-03-26 04:45:00,20.645,13.279835
2020-03-26 05:00:00,20.645,13.326318
2020-03-26 05:15:00,20.425,13.377772
2020-03-26 05:30:00,20.205,13.355
2020-03-26 05:45:00,19.9855,13.345123
2020-03-26 06:00:00,19.9855,13.53401
2020-03-26 06:15:00,19.9855,13.532259
2020-03-26 06:30:00,19.766,13.371909
2020-03-26 06:45:00,19.546,13.246889
2020-03-26 07:00:00,19.546,13.186197
2020-03-26 07:15:00,19.546,13.275
2020-03-26 07:30:00,19.9855,13.581395
2020-03-26 07:45:00,20.205,13.786119
2020-03-26 08:00:00,20.645,14.051011
2020-03-26 08:15:00,21.523,14.0002
2020-03-26 08:30:00,21.963,13.965727
2020-03-26 08:45:00,22.622,13.942804
2020-03-26 09:00:00,23.281,13.791568
2020-03-26 09:15:00,24.16,13.894063
2020-03-26 09:30:00,25.039,14.41888
2020-03-26 09:45:00,26.357,14.906209
2020-03-26 10:00:00,27.456,15.635729
2020-03-26 10:15:00,28.555,16.310255
2020-03-26 10:30:00,29.6535,17.051756
2020-03-26 10:45:00,30.7515,17.65187
2020-03-26 11:00:00,31.631,18.082142
2020-03-26 11:15:00,32.5095,18.813848
2020-03-26 11:30:00,33.169,19.735874
2020-03-26 11:45:00,34.0475,20.497984
2020-03-26 12:00:00,34.707,21.262194
2020-03-26 12:15:00,35.1465,21.711256
2020-03-26 12:30:00,35.1465,22.099096
2020-03-26 12:45:00,35.1465,22.571608
2020-03-26 13:00:00,34.9265,22.86266
2020-03-26 13:15:00,34.707,23.194693
2020-03-26 13:30:00,34.487,23.568348
2020-03-26 13:45:00,34.2675,23.644728
2020-03-26 14:00:00,33.8285,23.598124
2020-03-26 14:15:00,33.6085,23.599863
2020-03-26 14:30:00,33.389,23.595839
2020-03-26 14:45:00,32.949,23.544538
2020-03-26 15:00:00,32.7295,23.469797
2020-03-26 15:15:00,32.7295,23.508722
2020-03-26 15:30:00,32.7295,23.33116
2020-03-26 15:45:00,32.949,23.31181
2020-03-26 16:00:00,33.169,23.19016
2020-03-26 16:15:00,33.389,22.845816
2020-03-26 16:30:00,33.389,22.519175
2020-03-26 16:45:00,33.389,22.245031
2020-03-26 17:00:00,33.169,22.069498
2020-03-26 17:15:00,33.169,21.697378
2020-03-26 17:30:00,32.7295,21.536552
2020-03-26 17:45:00,32.29,21.305641
2020-03-26 18:00:00,32.0705,21.00081
2020-03-26 18:15:00,31.8505,20.595282
2020-03-26 18:30:00,31.191,20.155174
2020-03-26 18:45:00,30.752,19.897226
2020-03-26 19:00:00,30.312,19.812124
2020-03-26 19:15:00,29.873,19.66234
2020-03-26 19:30:00,29.434,19.521967
2020-03-26 19:45:00,28.994,19.467958
2020-03-26 20:00:00,28.555,19.304129
2020-03-26 20:15:00,28.115,19.27849
2020-03-26 20:30:00,27.676,19.219433
2020-03-26 20:45:00,27.236,19.079533
2020-03-26 21:00:00,26.797,18.905073
2020-03-26 21:15:00,26.357,18.7902
2020-03-26 21:30:00,26.1375,18.651518
2020-03-26 21:45:00,25.918,18.569788
2020-03-26 22:00:00,25.6985,18.596632
2020-03-26 22:15:00,25.479,18.623251
2020-03-26 22:30:00,25.479,18.730564
2020-03-26 22:45:00,25.039,18.827204
2020-03-26 23:00:00,25.039,18.833204
2020-03-26 23:15:00,24.6,18.765743
2020-03-26 23:30:00,24.6,18.825838
2020-03-26 23:45:00,24.6,18.862734
2020-03-27 00:00:00,24.16,18.985651
2020-03-27 00:15:00,24.16,18.994638
2020-03-27 00:30:00,24.16,18.953417
2020-03-27 00:45:00,24.16,18.84907
2020-03-27 01:00:00,23.721,18.653559
2020-03-27 01:15:00,23.721,18.452349
2020-03-27 01:30:00,23.721,18.31268
2020-03-27 01:45:00,23.721,18.17668
2020-03-27 02:00:00,23.281,17.964277
2020-03-27 02:15:00,23.281,17.750841
2020-03-27 02:30:00,23.281,17.509691
2020-03-27 02:45:00,23.281,17.335573
2020-03-27 03:00:00,23.281,17.170454
2020-03-27 03:15:00,23.281,17.117975
2020-03-27 03:30:00,23.0615,17.041265
2020-03-27 03:45:00,22.842,16.790173
2020-03-27 04:00:00,22.842,16.709242
2020-03-27 04:15:00,22.402,16.587137
2020-03-27 04:30:00,22.402,16.41154
2020-03-27 04:45:00,22.1825,16.23132
2020-03-27 05:00:00,21.963,15.955435
2020-03-27 05:15:00,21.963,15.835579
2020-03-27 05:30:00,21.523,15.766821
2020-03-27 05:45:00,21.523,15.676701
2020-03-27 06:00:00,21.523,15.692743
2020-03-27 06:15:00,21.084,15.614286
2020-03-27 06:30:00,21.084,15.517227
2020-03-27 06:45:00,21.084,15.403487
2020-03-27 07:00:00,21.084,15.398392
2020-03-27 07:15:00,21.084,15.345636
2020-03-27 07:30:00,21.3035,15.551996
2020-03-27 07:45:00,21.963,15.967255
2020-03-27 08:00:00,22.402,16.463654
2020-03-27 08:15:00,22.622,16.81635
2020-03-27 08:30:00,23.0615,17.052435
2020-03-27 08:45:00,23.501,17.272856
2020-03-27 09:00:00,24.1605,17.374756
2020-03-27 09:15:00,24.8195,17.527227
2020-03-27 09:30:00,25.4785,17.576109
2020-03-27 09:45:00,26.577,17.754107
2020-03-27 10:00:00,27.6755,17.883894
2020-03-27 10:15:00,28.7745,18.12362
2020-03-27 10:30:00,29.6535,18.298876
2020-03-27 10:45:00,30.532,18.305613
2020-03-27 11:00:00,31.411,18.748156
2020-03-27 11:15:00,32.29,19.144054
2020-03-27 11:30:00,32.949,19.466837
2020-03-27 11:45:00,33.6085,19.712397
2020-03-27 12:00:00,34.0475,19.905146
2020-03-27 12:15:00,34.707,20.06902
2020-03-27 12:30:00,34.707,20.131847
2020-03-27 12:45:00,35.1465,20.202997
2020-03-27 13:00:00,35.8055,20.248802
2020-03-27 13:15:00,36.025,20.407661
2020-03-27 13:30:00,36.465,20.442074
2020-03-27 13:45:00,36.9045,20.373808
2020-03-27 14:00:00,37.3435,20.497095
2020-03-27 14:15:00,37.7835,20.589
2020-03-27 14:30:00,37.7835,20.674555
2020-03-27 14:45:00,38.4425,20.704618
2020-03-27 15:00:00,38.4425,20.556454
2020-03-27 15:15:00,38.4425,20.759962
2020-03-27 15:30:00,38.2225,20.718542
2020-03-27 15:45:00,37.7835,20.76537
2020-03-27 16:00:00,37.5635,20.786985
2020-03-27 16:15:00,37.344,20.738688
2020-03-27 16:30:00,37.124,20.537996
2020-03-27 16:45:00,36.6845,20.419432
2020-03-27 17:00:00,36.465,20.235794
2020-03-27 17:15:00,36.025,19.97686
2020-03-27 17:30:00,35.586,19.878725
2020-03-27 17:45:00,35.146,19.768158
2020-03-27 18:00:00,34.4875,19.48383
2020-03-27 18:15:00,34.048,19.184658
2020-03-27 18:30:00,33.6085,18.948359
2020-03-27 18:45:00,33.169,18.87298
2020-03-27 19:00:00,32.7295,18.871946
2020-03-27 19:15:00,32.07,18.747416
2020-03-27 19:30:00,31.8505,18.611784
2020-03-27 19:45:00,31.411,18.605612
2020-03-27 20:00:00,30.9715,18.50535
2020-03-27 20:15:00,30.752,18.345938
2020-03-27 20:30:00,30.532,17.959505
2020-03-27 20:45:00,30.0925,17.476225
2020-03-27 21:00:00,29.873,17.047132
2020-03-27 21:15:00,29.6535,16.74291
2020-03-27 21:30:00,29.214,16.40671
2020-03-27 21:45:00,28.7745,16.118439
2020-03-27 22:00:00,28.7745,15.876065
2020-03-27 22:15:00,28.335,15.659976
2020-03-27 22:30:00,28.335,15.409957
2020-03-27 22:45:00,27.8955,15.202005
2020-03-27 23:00:00,27.8955,14.964395
2020-03-27 23:15:00,27.8955,14.733491
2020-03-27 23:30:00,27.456,14.595515
2020-03-27 23:45:00,27.456,14.5738125
2020-03-28 00:00:00,27.456,14.559736
2020-03-28 00:15:00,27.456,14.580235
2020-03-28 00:30:00,27.0165,14.527264
2020-03-28 00:45:00,27.0165,14.450382
2020-03-28 01:00:00,26.577,14.425052
2020-03-28 01:15:00,26.577,14.383902
2020-03-28 01:30:00,26.577,14.353703
2020-03-28 01:45:00,26.3575,14.265966
2020-03-28 02:00:00,26.1375,14.211941
2020-03-28 02:15:00,26.1375,14.158653
2020-03-28 02:30:00,26.1375,14.05267
2020-03-28 02:45:00,25.918,14.01829
2020-03-28 03:00:00,25.6985,14.055489
2020-03-28 03:15:00,25.479,14.076651
2020-03-28 03:30:00,25.259,14.059933
2020-03-28 03:45:00,25.039,14.005098
2020-03-28 04:00:00,25.039,14.165361
2020-03-28 04:15:00,24.8195,14.280865
2020-03-28 04:30:00,24.6,14.306969
2020-03-28 04:45:00,24.6,14.3374
2020-03-28 05:00:00,24.38,14.298288
2020-03-28 05:15:00,24.16,14.2700405
2020-03-28 05:30:00,24.16,14.294535
2020-03-28 05:45:00,24.16,14.248058
2020-03-28 06:00:00,23.721,14.343791
2020-03-28 06:15:00,23.721,14.332591
2020-03-28 06:30:00,23.281,14.265126
2020-03-28 06:45:00,23.281,14.247799
2020-03-28 07:00:00,23.281,14.29661
2020-03-28 07:15:00,23.281,14.309406
2020-03-28 07:30:00,23.501,14.455524
2020-03-28 07:45:00,23.9405,14.548402
2020-03-28 08:00:00,24.38,14.645332
2020-03-28 08:15:00,24.8195,14.602427
2020-03-28 08:30:00,25.259,14.583721
2020-03-28 08:45:00,25.6985,15.35784
2020-03-28 09:00:00,26.3575,16.20777
2020-03-28 09:15:00,27.0165,17.013609
2020-03-28 09:30:00,28.1155,17.670855
2020-03-28 09:45:00,29.214,18.460566
2020-03-28 10:00:00,30.093,19.49161
2020-03-28 10:15:00,31.1915,20.15183
2020-03-28 10:30:00,32.0705,20.631073
2020-03-28 10:45:00,32.949,20.732708
2020-03-28 11:00:00,33.8285,20.957693
2020-03-28 11:15:00,34.487,20.838621
2020-03-28 11:30:00,35.1465,20.779535
2020-03-28 11:45:00,35.8055,20.734314
2020-03-28 12:00:00,36.4645,20.80402
2020-03-28 12:15:00,37.124,21.061731
2020-03-28 12:30:00,37.124,21.292624
2020-03-28 12:45:00,37.5635,21.593367
2020-03-28 13:00:00,38.4425,21.910967
2020-03-28 13:15:00,39.1015,22.312967
2020-03-28 13:30:00,39.541,22.52307
2020-03-28 13:45:00,40.2,22.635317
2020-03-28 14:00:00,41.079,22.897367
2020-03-28 14:15:00,41.5185,23.193348
2020-03-28 14:30:00,42.3975,23.470974
2020-03-28 14:45:00,42.6175,23.696554
2020-03-28 15:00:00,42.6175,23.923635
2020-03-28 15:15:00,42.3975,24.300264
2020-03-28 15:30:00,41.958,24.41395
2020-03-28 15:45:00,41.2985,24.634613
2020-03-28 16:00:00,41.079,24.7964
2020-03-28 16:15:00,40.6395,24.871876
2020-03-28 16:30:00,40.2,24.955698
2020-03-28 16:45:00,39.541,25.070955
2020-03-28 17:00:00,39.1015,25.29123
2020-03-28 17:15:00,38.6625,25.410135
2020-03-28 17:30:00,38.2225,25.54213
2020-03-28 17:45:00,38.003,25.665525
2020-03-28 18:00:00,37.5635,25.55662
2020-03-28 18:15:00,37.124,25.49771
2020-03-28 18:30:00,36.465,25.382763
2020-03-28 18:45:00,35.8055,25.218102
2020-03-28 19:00:00,34.9265,25.058754
2020-03-28 19:15:00,34.268,24.833334
2020-03-28 19:30:00,33.828,24.402895
2020-03-28 19:45:00,32.949,24.034246
2020-03-28 20:00:00,32.51,23.564909
2020-03-28 20:15:00,32.07,23.00392
2020-03-28 20:30:00,31.631,22.489859
2020-03-28 20:45:00,31.191,22.001427
2020-03-28 21:00:00,30.752,21.459436
2020-03-28 21:15:00,30.312,20.985651
2020-03-28 21:30:00,29.873,20.473814
2020-03-28 21:45:00,29.6535,20.093203
2020-03-28 22:00:00,29.434,19.72187
2020-03-28 22:15:00,29.214,19.405642
2020-03-28 22:30:00,28.994,19.02618
2020-03-28 22:45:00,28.994,18.911293
2020-03-28 23:00:00,28.555,18.898726
2020-03-28 23:15:00,28.555,18.84664
2020-03-28 23:30:00,28.555,18.75561
2020-03-28 23:45:00,28.335,18.739218
2020-03-29 00:00:00,28.115,18.710302
2020-03-29 00:15:00,28.115,18.780169
2020-03-29 00:30:00,28.115,18.80531
2020-03-29 00:45:00,28.115,18.780718
2020-03-29 01:00:00,28.115,18.714834
2020-03-29 01:15:00,28.115,18.64107
2020-03-29 01:30:00,27.8955,18.568504
2020-03-29 01:45:00,27.8955,18.525026
2020-03-29 02:00:00,27.8955,18.490843
2020-03-29 02:15:00,27.8955,18.452368
2020-03-29 02:30:00,27.8955,18.350578
2020-03-29 02:45:00,27.8955,18.171452
2020-03-29 03:00:00,27.676,18.008522
2020-03-29 03:15:00,27.676,17.843191
2020-03-29 03:30:00,27.456,17.786882
2020-03-29 03:45:00,27.236,17.670404
2020-03-29 04:00:00,27.0165,17.734634
2020-03-29 04:15:00,26.797,17.729925
2020-03-29 04:30:00,26.357,17.618732
2020-03-29 04:45:00,25.918,17.469296
2020-03-29 05:00:00,25.6985,17.247686
2020-03-29 05:15:00,25.479,17.145273
2020-03-29 05:30:00,25.259,17.081146
2020-03-29 05:45:00,25.039,16.95537
2020-03-29 06:00:00,24.8195,16.929499
2020-03-29 06:15:00,24.6,16.892641
2020-03-29 06:30:00,24.38,16.776571
2020-03-29 06:45:00,24.38,16.710468
2020-03-29 07:00:00,24.38,16.702848
2020-03-29 07:15:00,24.38,16.755663
2020-03-29 07:30:00,24.6,16.906374
2020-03-29 07:45:00,25.039,17.094656
2020-03-29 08:00:00,25.479,17.335491
2020-03-29 08:15:00,25.6985,17.463486
2020-03-29 08:30:00,26.1375,17.616451
2020-03-29 08:45:00,26.577,17.851706
2020-03-29 09:00:00,27.0165,17.978086
2020-03-29 09:15:00,27.456,18.224874
2020-03-29 09:30:00,28.115,18.957401
2020-03-29 09:45:00,28.994,20.23749
2020-03-29 10:00:00,30.0925,21.739527
2020-03-29 10:15:00,31.191,22.924166
2020-03-29 10:30:00,31.631,23.371233
2020-03-29 10:45:00,32.29,23.75794
2020-03-29 11:00:00,33.169,24.121296
2020-03-29 11:15:00,33.8285,24.398895
2020-03-29 11:30:00,34.2675,24.637989
2020-03-29 11:45:00,34.707,24.727703
2020-03-29 12:00:00,35.366,24.792362
2020-03-29 12:15:00,36.025,24.716736
2020-03-29 12:30:00,36.245,24.766409
2020-03-29 12:45:00,36.6845,24.951517
2020-03-29 13:00:00,37.124,25.15972
2020-03-29 13:15:00,37.7835,25.597456
2020-03-29 13:30:00,38.4425,26.019777
2020-03-29 13:45:00,38.882,26.262228
2020-03-29 14:00:00,39.3215,26.361338
2020-03-29 14:15:00,39.98,26.478136
2020-03-29 14:30:00,40.42,26.601244
2020-03-29 14:45:00,40.42,26.73113
2020-03-29 15:00:00,39.98,26.73163
2020-03-29 15:15:00,39.541,26.717842
2020-03-29 15:30:00,39.102,26.513441
2020-03-29 15:45:00,38.662,26.342024
2020-03-29 16:00:00,38.223,26.105104
2020-03-29 16:15:00,37.783,25.909683
2020-03-29 16:30:00,37.344,25.672495
2020-03-29 16:45:00,36.904,25.48713
2020-03-29 17:00:00,36.465,25.43819
2020-03-29 17:15:00,36.025,25.34022
2020-03-29 17:30:00,35.8055,25.275627
2020-03-29 17:45:00,35.586,25.252275
2020-03-29 18:00:00,35.146,25.155987
2020-03-29 18:15:00,34.707,25.121973
2020-03-29 18:30:00,34.268,24.94177
2020-03-29 18:45:00,34.268,24.831955
2020-03-29 19:00:00,33.828,24.699617
2020-03-29 19:15:00,33.389,24.543592
2020-03-29 19:30:00,33.389,24.447
2020-03-29 19:45:00,32.949,24.403128
2020-03-29 20:00:00,32.51,24.241665
2020-03-29 20:15:00,32.51,24.118591
2020-03-29 20:30:00,32.07,23.926092
2020-03-29 20:45:00,31.8505,23.486029
2020-03-29 21:00:00,31.631,23.129755
2020-03-29 21:15:00,31.411,22.807222
2020-03-29 21:30:00,30.9715,22.426153
2020-03-29 21:45:00,30.752,22.142797
2020-03-29 22:00:00,30.532,21.934938
2020-03-29 22:15:00,30.312,21.778837
2020-03-29 22:30:00,30.0925,21.643717
2020-03-29 22:45:00,29.6535,21.512388
2020-03-29 23:00:00,29.434,21.44203
2020-03-29 23:15:00,29.214,21.406149
2020-03-29 23:30:00,28.7745,21.307508
2020-03-29 23:45:00,28.555,21.238554
2020-03-30 00:00:00,28.115,21.227179
2020-03-30 00:15:00,28.115,21.14852
2020-03-30 00:30:00,27.8955,21.064764
2020-03-30 00:45:00,27.676,20.898153
2020-03-30 01:00:00,27.456,20.815605
2020-03-30 01:15:00,27.236,20.603148
2020-03-30 01:30:00,27.0165,20.405064
2020-03-30 01:45:00,26.797,20.260492
2020-03-30 02:00:00,26.577,20.101004
2020-03-30 02:15:00,26.357,19.961277
2020-03-30 02:30:00,25.918,19.83682
2020-03-30 02:45:00,25.6985,19.733667
2020-03-30 03:00:00,25.479,19.643957
2020-03-30 03:15:00,25.259,19.551622
2020-03-30 03:30:00,25.039,19.453194
2020-03-30 03:45:00,24.8195,19.309889
2020-03-30 04:00:00,24.8195,19.24775
2020-03-30 04:15:00,24.6,19.0053
2020-03-30 04:30:00,24.38,18.681837
2020-03-30 04:45:00,24.16,18.382032
2020-03-30 05:00:00,24.16,18.160496
2020-03-30 05:15:00,23.9405,18.047487
2020-03-30 05:30:00,23.721,17.831133
2020-03-30 05:45:00,23.721,17.555471
2020-03-30 06:00:00,23.721,17.6108
2020-03-30 06:15:00,23.501,17.470818
2020-03-30 06:30:00,23.281,17.353718
2020-03-30 06:45:00,23.281,17.234383
2020-03-30 07:00:00,23.281,17.25531
2020-03-30 07:15:00,23.281,17.462786
2020-03-30 07:30:00,23.0615,17.721695
2020-03-30 07:45:00,23.0615,18.23686
2020-03-30 08:00:00,23.0615,18.807457
2020-03-30 08:15:00,23.0615,19.38769
2020-03-30 08:30:00,23.281,20.06618
2020-03-30 08:45:00,23.721,20.85963
2020-03-30 09:00:00,24.16,21.553911
2020-03-30 09:15:00,24.6,22.33133
2020-03-30 09:30:00,24.8195,22.718912
2020-03-30 09:45:00,25.039,23.187746
2020-03-30 10:00:00,25.259,23.71858
2020-03-30 10:15:00,25.479,24.377321
2020-03-30 10:30:00,25.6985,25.29006
2020-03-30 10:45:00,25.6985,26.159056
2020-03-30 11:00:00,25.6985,26.852453
2020-03-30 11:15:00,25.6985,27.527704
2020-03-30 11:30:00,25.918,28.232859
2020-03-30 11:45:00,26.1375,28.672646
2020-03-30 12:00:00,26.577,28.934864
2020-03-30 12:15:00,26.7965,28.769917
2020-03-30 12:30:00,27.0165,28.715628
2020-03-30 12:45:00,27.456,28.720661
2020-03-30 13:00:00,27.8955,28.906103
2020-03-30 13:15:00,28.335,29.337194
2020-03-30 13:30:00,28.7745,29.754633
2020-03-30 13:45:00,29.873,29.861612
2020-03-30 14:00:00,31.191,29.917818
2020-03-30 14:15:00,32.07,29.943558
2020-03-30 14:30:00,32.949,30.17938
2020-03-30 14:45:00,33.6085,30.393232
2020-03-30 15:00:00,34.048,30.511442
2020-03-30 15:15:00,34.4875,30.544796
2020-03-30 15:30:00,34.4875,30.526644
2020-03-30 15:45:00,34.4875,30.268328
2020-03-30 16:00:00,34.2675,30.005217
2020-03-30 16:15:00,34.2675,29.608015
2020-03-30 16:30:00,34.2675,29.345396
2020-03-30 16:45:00,33.8285,29.347984
2020-03-30 17:00:00,33.6085,29.336805
2020-03-30 17:15:00,33.169,29.219397
2020-03-30 17:30:00,32.7295,29.163027
2020-03-30 17:45:00,32.29,29.140629
2020-03-30 18:00:00,32.07,28.781103
2020-03-30 18:15:00,31.631,28.393387
2020-03-30 18:30:00,31.191,28.073948
2020-03-30 18:45:00,30.752,27.855028
2020-03-30 19:00:00,30.532,27.404903
2020-03-30 19:15:00,30.312,27.208063
2020-03-30 19:30:00,29.873,26.969534
2020-03-30 19:45:00,29.434,26.796276
2020-03-30 20:00:00,29.434,26.48301
2020-03-30 20:15:00,28.994,26.072062
2020-03-30 20:30:00,28.994,25.778996
2020-03-30 20:45:00,28.555,25.57887
2020-03-30 21:00:00,28.335,25.379538
2020-03-30 21:15:00,27.8955,25.257292
2020-03-30 21:30:00,27.676,25.119043
2020-03-30 21:45:00,27.456,24.862095
2020-03-30 22:00:00,27.236,24.565603
2020-03-30 22:15:00,27.0165,24.293087
2020-03-30 22:30:00,27.0165,24.06648
2020-03-30 22:45:00,26.577,23.772404
2020-03-30 23:00:00,26.577,23.68244
2020-03-30 23:15:00,26.577,23.475998
2020-03-30 23:30:00,26.357,23.30338
2020-03-30 23:45:00,26.1375,23.032434
2020-03-31 00:00:00,26.1375,22.83016
2020-03-31 00:15:00,26.1375,22.761038
2020-03-31 00:30:00,26.1375,22.765562
2020-03-31 00:45:00,26.1375,22.66141
2020-03-31 01:00:00,26.1375,22.566998
2020-03-31 01:15:00,26.1375,22.513174
2020-03-31 01:30:00,26.1375,22.316137
2020-03-31 01:45:00,26.1375,22.156992
2020-03-31 02:00:00,26.1375,21.910646
2020-03-31 02:15:00,26.1375,21.723108
2020-03-31 02:30:00,26.1375,21.49051
2020-03-31 02:45:00,26.1375,21.453903
2020-03-31 03:00:00,26.1375,21.412182
2020-03-31 03:15:00,26.1375,21.338474
2020-03-31 03:30:00,26.1375,21.19605
2020-03-31 03:45:00,26.1375,20.919207
2020-03-31 04:00:00,26.1375,20.872244
2020-03-31 04:15:00,26.1375,20.814169
2020-03-31 04:30:00,26.1375,20.717106
2020-03-31 04:45:00,26.1375,20.727198
2020-03-31 05:00:00,26.1375,21.053211
2020-03-31 05:15:00,26.1375,21.364374
2020-03-31 05:30:00,26.1375,21.509386
2020-03-31 05:45:00,26.1375,21.651812
2020-03-31 06:00:00,26.1375,21.928873
2020-03-31 06:15:00,26.1375,22.137732
2020-03-31 06:30:00,26.1375,22.309885
2020-03-31 06:45:00,26.1375,22.579794
2020-03-31 07:00:00,26.1375,22.845835
2020-03-31 07:15:00,26.1375,23.141245
2020-03-31 07:30:00,26.1375,23.532446
2020-03-31 07:45:00,26.1375,23.843008
2020-03-31 08:00:00,26.1375,24.138521
2020-03-31 08:15:00,26.1375,24.451403
2020-03-31 08:30:00,26.1375,24.734428
2020-03-31 08:45:00,26.1375,24.910717
2020-03-31 09:00:00,26.1375,24.718496
2020-03-31 09:15:00,26.1375,24.562872
2020-03-31 09:30:00,26.1375,24.787657
2020-03-31 09:45:00,26.1375,25.181723
2020-03-31 10:00:00,26.1375,25.653984
2020-03-31 10:15:00,26.1375,26.023432
2020-03-31 10:30:00,26.1375,26.38614
2020-03-31 10:45:00,26.1375,26.664463
2020-03-31 11:00:00,26.1375,26.995205
2020-03-31 11:15:00,26.1375,27.255957
2020-03-31 11:30:00,26.1375,27.514969
2020-03-31 11:45:00,26.1375,27.716007
2020-03-31 12:00:00,26.1375,27.961775
2020-03-31 12:15:00,26.1375,28.186834
2020-03-31 12:30:00,26.1375,28.29046
2020-03-31 12:45:00,26.1375,28.571127
2020-03-31 13:00:00,26.1375,28.83071
2020-03-31 13:15:00,26.1375,29.285585
2020-03-31 13:30:00,26.1375,29.662085
2020-03-31 13:45:00,26.1375,29.84738
2020-03-31 14:00:00,26.1375,30.035448
2020-03-31 14:15:00,26.1375,30.237993
2020-03-31 14:30:00,26.1375,30.331354
2020-03-31 14:45:00,26.1375,30.373823
2020-03-31 15:00:00,26.1375,30.311373
2020-03-31 15:15:00,26.1375,30.29017
2020-03-31 15:30:00,26.1375,29.977234
2020-03-31 15:45:00,26.1375,29.701653
2020-03-31 16:00:00,26.1375,29.39111
2020-03-31 16:15:00,26.1375,29.032696
2020-03-31 16:30:00,26.1375,28.765347
2020-03-31 16:45:00,26.1375,28.522131
2020-03-31 17:00:00,26.1375,28.35158
2020-03-31 17:15:00,26.1375,28.11623
2020-03-31 17:30:00,26.1375,27.921503
2020-03-31 17:45:00,26.1375,27.79016
2020-03-31 18:00:00,26.1375,27.533108
2020-03-31 18:15:00,26.1375,27.721645
2020-03-31 18:30:00,26.1375,27.876429
2020-03-31 18:45:00,26.1375,27.884863
2020-03-31 19:00:00,26.1375,27.885427
2020-03-31 19:15:00,26.1375,27.87961
2020-03-31 19:30:00,26.1375,27.838919
2020-03-31 19:45:00,26.1375,27.797527
2020-03-31 20:00:00,26.1375,27.797289
2020-03-31 20:15:00,26.1375,27.74185
2020-03-31 20:30:00,26.1375,27.620443
2020-03-31 20:45:00,26.1375,27.502985
2020-03-31 21:00:00,26.1375,27.430151
2020-03-31 21:15:00,26.1375,27.329332
2020-03-31 21:30:00,26.1375,27.146544
2020-03-31 21:45:00,26.1375,26.949106
2020-03-31 22:00:00,26.1375,26.75083
2020-03-31 22:15:00,26.1375,26.480108
2020-03-31 22:30:00,26.1375,26.234083
2020-03-31 22:45:00,26.1375,26.077602
2020-03-31 23:00:00,26.1375,25.939182
2020-03-31 23:15:00,26.1375,25.727549
2020-03-31 23:30:00,26.1375,25.536644
2020-03-31 23:45:00,26.1375,25.392536
2020-04-01 00:00:00,27.676,25.252232
2020-04-01 00:15:00,27.456,25.197824
2020-04-01 00:30:00,27.236,25.152166
2020-04-01 00:45:00,27.236,25.099722
2020-04-01 01:00:00,27.0165,25.038849
2020-04-01 01:15:00,26.797,24.955912
2020-04-01 01:30:00,26.797,24.931602
2020-04-01 01:45:00,26.357,24.88276
2020-04-01 02:00:00,26.357,24.921356
2020-04-01 02:15:00,26.1375,24.838594
2020-04-01 02:30:00,25.918,24.831327
2020-04-01 02:45:00,25.918,24.752935
2020-04-01 03:00:00,25.6985,24.771032
2020-04-01 03:15:00,25.479,24.836924
2020-04-01 03:30:00,25.479,24.845613
2020-04-01 03:45:00,25.039,24.94366
2020-04-01 04:00:00,25.039,25.12224
2020-04-01 04:15:00,25.039,25.252695
2020-04-01 04:30:00,24.8195,25.29349
2020-04-01 04:45:00,24.6,25.357685
2020-04-01 05:00:00,24.6,25.384785
2020-04-01 05:15:00,24.6,25.357466
2020-04-01 05:30:00,24.6,25.236542
2020-04-01 05:45:00,24.38,25.11658
2020-04-01 06:00:00,24.16,25.220924
2020-04-01 06:15:00,24.16,25.23823
2020-04-01 06:30:00,24.16,25.147005
2020-04-01 06:45:00,24.16,25.204958
2020-04-01 07:00:00,24.16,25.216795
2020-04-01 07:15:00,24.16,25.236712
2020-04-01 07:30:00,24.6,25.414326
2020-04-01 07:45:00,25.039,25.591707
2020-04-01 08:00:00,25.479,25.725933
2020-04-01 08:15:00,26.1375,25.937353
2020-04-01 08:30:00,27.0165,26.098372
2020-04-01 08:45:00,27.676,26.263727
2020-04-01 09:00:00,28.335,26.345758
2020-04-01 09:15:00,28.994,26.496492
2020-04-01 09:30:00,30.0925,26.652544
2020-04-01 09:45:00,31.191,26.86592
2020-04-01 10:00:00,32.07,27.089998
2020-04-01 10:15:00,32.949,27.371729
2020-04-01 10:30:00,34.048,27.50264
2020-04-01 10:45:00,34.9265,27.66685
2020-04-01 11:00:00,36.0255,27.692045
2020-04-01 11:15:00,36.6845,27.740057
2020-04-01 11:30:00,37.344,27.769793
2020-04-01 11:45:00,38.223,27.699278
2020-04-01 12:00:00,38.8815,27.628334
2020-04-01 12:15:00,39.1015,27.656782
2020-04-01 12:30:00,39.3215,27.73701
2020-04-01 12:45:00,39.7605,27.76156
2020-04-01 13:00:00,40.2005,27.865126
2020-04-01 13:15:00,41.079,28.002434
2020-04-01 13:30:00,41.299,28.18087
2020-04-01 13:45:00,41.738,28.040686
2020-04-01 14:00:00,42.3975,28.049673
2020-04-01 14:15:00,42.837,28.158855
2020-04-01 14:30:00,43.2765,28.210066
2020-04-01 14:45:00,43.2765,28.384407
2020-04-01 15:00:00,42.837,28.434004
2020-04-01 15:15:00,42.1775,28.5976
2020-04-01 15:30:00,41.5185,28.452505
2020-04-01 15:45:00,41.079,28.378113
2020-04-01 16:00:00,40.6395,28.283518
2020-04-01 16:15:00,40.6395,28.196167
2020-04-01 16:30:00,40.42,28.177523
2020-04-01 16:45:00,40.42,28.142883
2020-04-01 17:00:00,39.98,28.05844
2020-04-01 17:15:00,39.541,27.943762
2020-04-01 17:30:00,39.102,27.75994
2020-04-01 17:45:00,38.662,27.67025
2020-04-01 18:00:00,38.4425,27.38594
2020-04-01 18:15:00,38.003,27.187153
2020-04-01 18:30:00,37.5635,26.931181
2020-04-01 18:45:00,37.124,26.594496
2020-04-01 19:00:00,36.6845,26.169138
2020-04-01 19:15:00,36.245,25.757647
2020-04-01 19:30:00,35.8055,25.394281
2020-04-01 19:45:00,35.586,25.020063
2020-04-01 20:00:00,35.366,24.693111
2020-04-01 20:15:00,34.9265,24.387817
2020-04-01 20:30:00,34.707,24.105783
2020-04-01 20:45:00,34.4875,23.830666
2020-04-01 21:00:00,34.048,23.627474
2020-04-01 21:15:00,34.048,23.50732
2020-04-01 21:30:00,33.6085,23.354483
2020-04-01 21:45:00,33.6085,23.209705
2020-04-01 22:00:00,33.169,23.052954
2020-04-01 22:15:00,33.169,22.865368
2020-04-01 22:30:00,32.949,22.638453
2020-04-01 22:45:00,32.7295,22.488218
2020-04-01 23:00:00,32.7295,22.337957
2020-04-01 23:15:00,32.7295,22.121222
2020-04-01 23:30:00,32.51,21.867243
2020-04-01 23:45:00,32.29,21.699003
2020-04-02 00:00:00,32.29,21.518404
2020-04-02 00:15:00,32.29,21.402498
2020-04-02 00:30:00,32.07,21.299374
2020-04-02 00:45:00,31.8505,21.151873
2020-04-02 01:00:00,31.8505,21.001211
2020-04-02 01:15:00,31.8505,20.922709
2020-04-02 01:30:00,31.631,20.871355
2020-04-02 01:45:00,31.411,20.774208
2020-04-02 02:00:00,31.191,20.831388
2020-04-02 02:15:00,30.9715,20.80435
2020-04-02 02:30:00,30.9715,20.761988
2020-04-02 02:45:00,30.9715,20.763262
2020-04-02 03:00:00,30.752,20.905558
2020-04-02 03:15:00,30.532,21.012587
2020-04-02 03:30:00,30.532,21.063192
2020-04-02 03:45:00,30.312,21.183805
2020-04-02 04:00:00,30.312,21.24252
2020-04-02 04:15:00,30.0925,21.321844
2020-04-02 04:30:00,30.0925,21.302866
2020-04-02 04:45:00,30.0925,21.294138
2020-04-02 05:00:00,29.873,21.175222
2020-04-02 05:15:00,29.873,20.962894
2020-04-02 05:30:00,29.873,20.685198
2020-04-02 05:45:00,29.6535,20.452757
2020-04-02 06:00:00,29.6535,20.40911
2020-04-02 06:15:00,29.6535,20.239002
2020-04-02 06:30:00,29.6535,20.042389
2020-04-02 06:45:00,29.6535,19.94813
2020-04-02 07:00:00,29.6535,19.770695
2020-04-02 07:15:00,29.6535,19.538954
2020-04-02 07:30:00,29.6535,19.510862
2020-04-02 07:45:00,29.6535,19.365309
2020-04-02 08:00:00,29.6535,19.127558
2020-04-02 08:15:00,29.6535,18.959082
2020-04-02 08:30:00,29.873,18.601961
2020-04-02 08:45:00,30.0925,18.293917
2020-04-02 09:00:00,30.532,17.88421
2020-04-02 09:15:00,30.532,17.506153
2020-04-02 09:30:00,31.1915,17.61555
2020-04-02 09:45:00,31.411,17.390959
2020-04-02 10:00:00,31.8505,17.203745
2020-04-02 10:15:00,32.5095,17.220293
2020-04-02 10:30:00,33.3885,17.446001
2020-04-02 10:45:00,34.048,17.620295
2020-04-02 11:00:00,34.4875,17.640165
2020-04-02 11:15:00,35.146,17.647776
2020-04-02 11:30:00,35.366,17.568192
2020-04-02 11:45:00,35.8055,17.47564
2020-04-02 12:00:00,36.245,17.466116
2020-04-02 12:15:00,36.6845,17.501242
2020-04-02 12:30:00,36.9045,17.368593
2020-04-02 12:45:00,36.9045,17.408918
2020-04-02 13:00:00,37.5635,17.381895
2020-04-02 13:15:00,38.003,17.554369
2020-04-02 13:30:00,38.4425,17.698061
2020-04-02 13:45:00,38.662,17.736647
2020-04-02 14:00:00,39.541,17.587494
2020-04-02 14:15:00,39.9805,17.513765
2020-04-02 14:30:00,40.42,17.539433
2020-04-02 14:45:00,40.42,17.662111
2020-04-02 15:00:00,40.6395,17.751106
2020-04-02 15:15:00,40.859,17.62821
2020-04-02 15:30:00,40.42,17.431217
2020-04-02 15:45:00,40.2,17.217382
2020-04-02 16:00:00,39.761,16.998655
2020-04-02 16:15:00,39.321,16.760305
2020-04-02 16:30:00,39.1015,16.386862
2020-04-02 16:45:00,38.4425,16.140432
2020-04-02 17:00:00,38.003,15.798555
2020-04-02 17:15:00,37.7835,15.461441
2020-04-02 17:30:00,37.3435,15.067707
2020-04-02 17:45:00,36.9045,14.67227
2020-04-02 18:00:00,36.6845,14.231319
2020-04-02 18:15:00,36.4645,13.925291
2020-04-02 18:30:00,36.0255,13.585782
2020-04-02 18:45:00,35.8055,13.331661
2020-04-02 19:00:00,35.366,12.915579
2020-04-02 19:15:00,35.366,12.589504
2020-04-02 19:30:00,34.9265,12.293403
2020-04-02 19:45:00,34.9265,12.388809
2020-04-02 20:00:00,34.707,12.532006
2020-04-02 20:15:00,34.4875,12.876662
2020-04-02 20:30:00,34.268,13.166491
2020-04-02 20:45:00,34.048,13.526259
2020-04-02 21:00:00,33.828,13.794601
2020-04-02 21:15:00,33.6085,14.268291
2020-04-02 21:30:00,33.389,14.643826
2020-04-02 21:45:00,33.169,14.87377
2020-04-02 22:00:00,32.949,15.109064
2020-04-02 22:15:00,32.7295,15.269935
2020-04-02 22:30:00,32.29,15.503464
2020-04-02 22:45:00,32.29,15.816002
2020-04-02 23:00:00,32.29,15.9567175
2020-04-02 23:15:00,32.07,16.014433
2020-04-02 23:30:00,31.8505,16.080502
2020-04-02 23:45:00,31.8505,16.118921
2020-04-03 00:00:00,31.631,16.022894
2020-04-03 00:15:00,31.411,16.169827
2020-04-03 00:30:00,31.191,16.254084
2020-04-03 00:45:00,31.191,16.238285
2020-04-03 01:00:00,30.752,16.32298
2020-04-03 01:15:00,30.752,16.44536
2020-04-03 01:30:00,30.312,16.441847
2020-04-03 01:45:00,30.312,16.297508
2020-04-03 02:00:00,30.0925,16.225243
2020-04-03 02:15:00,29.873,16.148165
2020-04-03 02:30:00,29.873,15.957487
2020-04-03 02:45:00,29.434,15.812647
2020-04-03 03:00:00,29.434,15.748283
2020-04-03 03:15:00,29.434,15.799987
2020-04-03 03:30:00,29.214,15.680411
2020-04-03 03:45:00,28.994,15.513673
2020-04-03 04:00:00,28.994,15.690848
2020-04-03 04:15:00,28.994,15.93352
2020-04-03 04:30:00,28.555,16.070015
2020-04-03 04:45:00,28.555,16.297564
2020-04-03 05:00:00,28.335,16.341513
2020-04-03 05:15:00,28.115,16.33139
2020-04-03 05:30:00,28.115,16.26709
2020-04-03 05:45:00,27.8955,16.21715
2020-04-03 06:00:00,27.676,16.32692
2020-04-03 06:15:00,27.676,16.382044
2020-04-03 06:30:00,27.676,16.363113
2020-04-03 06:45:00,27.676,16.476881
2020-04-03 07:00:00,27.676,16.517092
2020-04-03 07:15:00,27.676,16.430471
2020-04-03 07:30:00,27.8955,16.509317
2020-04-03 07:45:00,28.1155,16.479013
2020-04-03 08:00:00,28.5545,16.372156
2020-04-03 08:15:00,29.214,16.278114
2020-04-03 08:30:00,29.873,15.911674
2020-04-03 08:45:00,30.3125,15.641747
2020-04-03 09:00:00,30.7515,15.244501
2020-04-03 09:15:00,31.6305,14.776189
2020-04-03 09:30:00,32.5095,14.250401
2020-04-03 09:45:00,33.3885,14.438625
2020-04-03 10:00:00,34.487,14.690386
2020-04-03 10:15:00,35.366,14.962545
2020-04-03 10:30:00,36.245,15.134602
2020-04-03 10:45:00,37.124,15.339112
2020-04-03 11:00:00,37.7835,15.835675
2020-04-03 11:15:00,38.4425,16.072851
2020-04-03 11:30:00,39.1015,16.408033
2020-04-03 11:45:00,39.7605,16.725988
2020-04-03 12:00:00,40.2005,16.886139
2020-04-03 12:15:00,40.8595,17.209726
2020-04-03 12:30:00,41.079,17.398945
2020-04-03 12:45:00,41.7385,17.816828
2020-04-03 13:00:00,42.3975,18.010931
2020-04-03 13:15:00,43.0565,18.413431
2020-04-03 13:30:00,43.496,18.736252
2020-04-03 13:45:00,43.936,18.943945
2020-04-03 14:00:00,43.936,19.287088
2020-04-03 14:15:00,44.375,19.71963
2020-04-03 14:30:00,44.814,19.976282
2020-04-03 14:45:00,45.034,20.260138
2020-04-03 15:00:00,45.034,20.246504
2020-04-03 15:15:00,45.2535,20.73156
2020-04-03 15:30:00,45.034,20.813711
2020-04-03 15:45:00,44.375,20.900826
2020-04-03 16:00:00,43.936,20.943132
2020-04-03 16:15:00,43.716,20.754759
2020-04-03 16:30:00,43.496,20.825762
2020-04-03 16:45:00,43.2765,20.767504
2020-04-03 17:00:00,42.837,20.757235
2020-04-03 17:15:00,42.617,20.28465
2020-04-03 17:30:00,42.3975,19.949337
2020-04-03 17:45:00,41.958,19.563463
2020-04-03 18:00:00,41.5185,19.045843
2020-04-03 18:15:00,40.859,18.403324
2020-04-03 18:30:00,40.42,17.900051
2020-04-03 18:45:00,39.7605,17.357454
2020-04-03 19:00:00,39.102,17.120922
2020-04-03 19:15:00,38.4425,16.968054
2020-04-03 19:30:00,38.003,16.773893
2020-04-03 19:45:00,37.5635,16.655033
2020-04-03 20:00:00,36.904,16.396606
2020-04-03 20:15:00,36.465,16.203308
2020-04-03 20:30:00,36.025,15.83633
2020-04-03 20:45:00,35.586,15.577957
2020-04-03 21:00:00,35.146,15.484022
2020-04-03 21:15:00,34.707,15.413731
2020-04-03 21:30:00,34.268,15.308054
2020-04-03 21:45:00,34.048,15.181303
2020-04-03 22:00:00,33.828,15.09279
2020-04-03 22:15:00,33.389,15.02405
2020-04-03 22:30:00,33.389,15.001926
2020-04-03 22:45:00,33.169,15.000221
2020-04-03 23:00:00,32.949,14.957977
2020-04-03 23:15:00,32.949,14.924527
2020-04-03 23:30:00,32.51,14.806206
2020-04-03 23:45:00,32.29,14.763433
2020-04-04 00:00:00,32.07,14.77286
2020-04-04 00:15:00,31.8505,14.785388
2020-04-04 00:30:00,31.411,14.724277
2020-04-04 00:45:00,30.9715,14.663159
2020-04-04 01:00:00,30.532,14.615456
2020-04-04 01:15:00,30.0925,14.580082
2020-04-04 01:30:00,29.4335,14.550102
2020-04-04 01:45:00,28.9945,14.500387
2020-04-04 02:00:00,28.5545,14.421292
2020-04-04 02:15:00,28.1155,14.332371
2020-04-04 02:30:00,27.6755,14.23711
2020-04-04 02:45:00,27.2365,14.131325
2020-04-04 03:00:00,26.7965,14.0535145
2020-04-04 03:15:00,26.577,14.030348
2020-04-04 03:30:00,26.1375,13.961095
2020-04-04 03:45:00,25.6985,13.781284
2020-04-04 04:00:00,25.259,13.71803
2020-04-04 04:15:00,25.0395,13.616961
2020-04-04 04:30:00,24.8195,13.510274
2020-04-04 04:45:00,24.38,13.520113
2020-04-04 05:00:00,23.9405,13.401389
2020-04-04 05:15:00,23.501,13.355497
2020-04-04 05:30:00,23.501,13.2153225
2020-04-04 05:45:00,23.0615,13.104185
2020-04-04 06:00:00,22.622,13.107401
2020-04-04 06:15:00,22.622,13.045944
2020-04-04 06:30:00,22.1825,12.932433
2020-04-04 06:45:00,21.743,12.841267
2020-04-04 07:00:00,21.743,12.817787
2020-04-04 07:15:00,21.5235,12.809694
2020-04-04 07:30:00,21.3035,12.936236
2020-04-04 07:45:00,20.8645,13.038546
2020-04-04 08:00:00,20.8645,13.183798
2020-04-04 08:15:00,20.425,13.289434
2020-04-04 08:30:00,20.425,13.472455
2020-04-04 08:45:00,20.205,13.71848
2020-04-04 09:00:00,19.9855,13.910873
2020-04-04 09:15:00,19.9855,14.087601
2020-04-04 09:30:00,19.9855,14.307919
2020-04-04 09:45:00,19.766,14.643958
2020-04-04 10:00:00,19.766,15.482491
2020-04-04 10:15:00,19.766,16.439743
2020-04-04 10:30:00,19.766,17.542152
2020-04-04 10:45:00,19.766,18.704643
2020-04-04 11:00:00,19.766,19.7311
2020-04-04 11:15:00,19.766,20.383192
2020-04-04 11:30:00,19.766,21.020933
2020-04-04 11:45:00,19.766,21.40785
2020-04-04 12:00:00,19.766,21.76969
2020-04-04 12:15:00,19.9855,22.2554
2020-04-04 12:30:00,19.9855,22.646265
2020-04-04 12:45:00,19.9855,23.306372
2020-04-04 13:00:00,19.9855,23.731173
2020-04-04 13:15:00,19.9855,24.158102
2020-04-04 13:30:00,19.9855,24.633217
2020-04-04 13:45:00,19.9855,25.063307
2020-04-04 14:00:00,19.9855,25.376823
2020-04-04 14:15:00,19.9855,25.472944
2020-04-04 14:30:00,19.9855,25.543367
2020-04-04 14:45:00,19.766,25.365225
2020-04-04 15:00:00,19.766,25.254023
2020-04-04 15:15:00,19.766,25.084406
2020-04-04 15:30:00,19.766,24.861658
2020-04-04 15:45:00,19.546,24.392939
2020-04-04 16:00:00,19.546,23.664495
2020-04-04 16:15:00,19.546,22.938585
2020-04-04 16:30:00,19.546,22.360224
2020-04-04 16:45:00,19.326,21.855585
2020-04-04 17:00:00,19.1065,21.366053
2020-04-04 17:15:00,19.1065,20.747444
2020-04-04 17:30:00,19.1065,20.027678
2020-04-04 17:45:00,19.1065,19.410286
2020-04-04 18:00:00,19.1065,18.571527
2020-04-04 18:15:00,19.1065,17.82846
2020-04-04 18:30:00,19.1065,17.101667
2020-04-04 18:45:00,19.1065,16.495655
2020-04-04 19:00:00,19.1065,15.633067
2020-04-04 19:15:00,19.1065,15.090026
2020-04-04 19:30:00,19.1065,14.707093
2020-04-04 19:45:00,19.1065,14.3570595
2020-04-04 20:00:00,19.1065,14.0942
2020-04-04 20:15:00,19.1065,13.715945
2020-04-04 20:30:00,19.1065,13.286961
2020-04-04 20:45:00,19.1065,12.8842125
2020-04-04 21:00:00,19.1065,12.569935
2020-04-04 21:15:00,19.1065,12.231515
2020-04-04 21:30:00,19.1065,11.906113
2020-04-04 21:45:00,18.8865,11.709563
2020-04-04 22:00:00,18.667,11.64398
2020-04-04 22:15:00,18.667,11.575668
2020-04-04 22:30:00,18.667,11.463886
2020-04-04 22:45:00,18.667,11.365539
2020-04-04 23:00:00,18.667,11.278547
2020-04-04 23:15:00,18.667,11.252552
2020-04-04 23:30:00,18.667,11.159459
2020-04-04 23:45:00,18.667,11.071933
2020-04-05 00:00:00,18.667,11.007631
2020-04-05 00:15:00,18.667,10.965828
2020-04-05 00:30:00,18.667,10.8611965
2020-04-05 00:45:00,18.667,10.768032
2020-04-05 01:00:00,18.667,10.694502
2020-04-05 01:15:00,18.667,10.627953
2020-04-05 01:30:00,18.667,10.438299
2020-04-05 01:45:00,18.447,10.281832
2020-04-05 02:00:00,18.447,10.173838
2020-04-05 02:15:00,18.447,10.079101
2020-04-05 02:30:00,18.2275,9.921306
2020-04-05 02:45:00,18.2275,9.776167
2020-04-05 03:00:00,18.2275,9.649565
2020-04-05 03:15:00,18.2275,9.606991
2020-04-05 03:30:00,18.008,9.571863
2020-04-05 03:45:00,17.788,9.437414
2020-04-05 04:00:00,17.788,9.407611
2020-04-05 04:15:00,17.568,9.294251
2020-04-05 04:30:00,17.568,9.270611
2020-04-05 04:45:00,17.568,9.230848
2020-04-05 05:00:00,17.568,9.130394
2020-04-05 05:15:00,17.568,9.15495
2020-04-05 05:30:00,17.568,9.122063
2020-04-05 05:45:00,17.568,9.134071
2020-04-05 06:00:00,17.568,9.253059
2020-04-05 06:15:00,17.568,9.268805
2020-04-05 06:30:00,17.568,9.133219
2020-04-05 06:45:00,17.3485,9.004824
2020-04-05 07:00:00,17.3485,8.963293
2020-04-05 07:15:00,17.3485,9.058603
2020-04-05 07:30:00,17.129,9.269448
2020-04-05 07:45:00,17.129,9.458083
2020-04-05 08:00:00,17.129,9.706457
2020-04-05 08:15:00,17.129,9.836973
2020-04-05 08:30:00,17.129,10.10838
2020-04-05 08:45:00,16.689,10.409428
2020-04-05 09:00:00,16.4695,10.678171
2020-04-05 09:15:00,16.0305,11.03115
2020-04-05 09:30:00,15.811,11.424639
2020-04-05 09:45:00,15.591,11.721281
2020-04-05 10:00:00,15.371,12.060762
2020-04-05 10:15:00,15.1515,12.427135
2020-04-05 10:30:00,14.712,12.918394
2020-04-05 10:45:00,14.492,13.500883
2020-04-05 11:00:00,14.053,14.418641
2020-04-05 11:15:00,13.613,15.135148
2020-04-05 11:30:00,13.3935,15.92326
2020-04-05 11:45:00,13.174,16.73462
2020-04-05 12:00:00,12.954,17.042517
2020-04-05 12:15:00,12.954,17.183985
2020-04-05 12:30:00,12.954,17.437395
2020-04-05 12:45:00,12.954,18.01394
2020-04-05 13:00:00,12.954,18.638435
2020-04-05 13:15:00,12.734,19.566744
2020-04-05 13:30:00,12.5145,20.169403
2020-04-05 13:45:00,12.5145,20.589743
2020-04-05 14:00:00,12.295,20.872847
2020-04-05 14:15:00,12.075,20.940407
2020-04-05 14:30:00,12.075,21.018286
2020-04-05 14:45:00,12.075,21.019712
2020-04-05 15:00:00,12.075,20.868113
2020-04-05 15:15:00,12.075,20.812134
2020-04-05 15:30:00,11.8555,20.66709
2020-04-05 15:45:00,11.6355,20.384998
2020-04-05 16:00:00,11.6355,19.87364
2020-04-05 16:15:00,11.6355,19.112432
2020-04-05 16:30:00,11.416,18.644617
2020-04-05 16:45:00,11.1965,18.414598
2020-04-05 17:00:00,11.1965,18.103508
2020-04-05 17:15:00,11.1965,17.713743
2020-04-05 17:30:00,11.1965,17.336449
2020-04-05 17:45:00,11.1965,16.985703
2020-04-05 18:00:00,11.1965,16.444613
2020-04-05 18:15:00,11.1965,15.86421
2020-04-05 18:30:00,11.1965,15.545594
2020-04-05 18:45:00,11.1965,15.460498
2020-04-05 19:00:00,11.1965,15.333871
2020-04-05 19:15:00,11.1965,15.375081
2020-04-05 19:30:00,11.1965,15.264794
2020-04-05 19:45:00,11.1965,15.248645
2020-04-05 20:00:00,11.1965,14.882415
2020-04-05 20:15:00,11.1965,14.57593
2020-04-05 20:30:00,11.1965,14.463723
2020-04-05 20:45:00,11.1965,14.345342
2020-04-05 21:00:00,11.1965,14.30541
2020-04-05 21:15:00,11.1965,14.31114
2020-04-05 21:30:00,11.6355,14.20958
2020-04-05 21:45:00,11.6355,14.158205
2020-04-05 22:00:00,11.6355,14.066948
2020-04-05 22:15:00,11.6355,14.022087
2020-04-05 22:30:00,11.6355,13.966269
2020-04-05 22:45:00,11.6355,13.919006
2020-04-05 23:00:00,11.6355,13.860377
2020-04-05 23:15:00,11.6355,13.80375
2020-04-05 23:30:00,11.8555,13.769348
2020-04-05 23:45:00,11.8555,13.713134
2020-04-06 00:00:00,11.8555,13.722891
2020-04-06 00:15:00,11.8555,13.70721
2020-04-06 00:30:00,11.8555,13.695074
2020-04-06 00:45:00,11.8555,13.650448
2020-04-06 01:00:00,11.8555,13.615534
2020-04-06 01:15:00,11.8555,13.613333
2020-04-06 01:30:00,11.636,13.618198
2020-04-06 01:45:00,11.636,13.5498905
2020-04-06 02:00:00,11.636,13.466507
2020-04-06 02:15:00,11.636,13.460345
2020-04-06 02:30:00,11.8555,13.40874
2020-04-06 02:45:00,12.075,13.369856
2020-04-06 03:00:00,12.2945,13.322648
2020-04-06 03:15:00,12.5145,13.279734
2020-04-06 03:30:00,12.7345,13.357609
2020-04-06 03:45:00,12.954,13.332857
2020-04-06 04:00:00,12.954,13.411281
2020-04-06 04:15:00,12.954,13.364254
2020-04-06 04:30:00,12.954,13.268767
2020-04-06 04:45:00,12.954,13.202235
2020-04-06 05:00:00,12.954,13.018922
2020-04-06 05:15:00,12.954,12.92005
2020-04-06 05:30:00,12.954,12.899561
2020-04-06 05:45:00,12.954,12.867635
2020-04-06 06:00:00,12.954,12.93541
2020-04-06 06:15:00,12.954,12.979251
2020-04-06 06:30:00,12.954,12.998776
2020-04-06 06:45:00,12.954,13.115509
2020-04-06 07:00:00,13.1735,13.381037
2020-04-06 07:15:00,13.3935,13.6369705
2020-04-06 07:30:00,13.3935,14.070622
2020-04-06 07:45:00,13.833,14.502501
2020-04-06 08:00:00,14.2725,15.016164
2020-04-06 08:15:00,14.712,15.545038
2020-04-06 08:30:00,15.1515,16.155983
2020-04-06 08:45:00,15.811,16.812115
2020-04-06 09:00:00,16.4695,17.118216
2020-04-06 09:15:00,16.909,17.428179
2020-04-06 09:30:00,17.5685,17.463146
2020-04-06 09:45:00,18.0075,17.456598
2020-04-06 10:00:00,18.4475,17.70005
2020-04-06 10:15:00,19.1065,18.058908
2020-04-06 10:30:00,19.546,18.26874
2020-04-06 10:45:00,20.425,18.354717
2020-04-06 11:00:00,21.084,18.43533
2020-04-06 11:15:00,22.1825,18.474003
2020-04-06 11:30:00,22.8415,18.523897
2020-04-06 11:45:00,23.501,18.53749
2020-04-06 12:00:00,24.16,18.565733
2020-04-06 12:15:00,24.5995,18.570944
2020-04-06 12:30:00,25.039,18.4635
2020-04-06 12:45:00,25.4785,18.546408
2020-04-06 13:00:00,25.918,18.60623
2020-04-06 13:15:00,26.1375,18.976648
2020-04-06 13:30:00,26.1375,19.297735
2020-04-06 13:45:00,26.3575,19.717497
2020-04-06 14:00:00,26.577,20.002022
2020-04-06 14:15:00,26.577,20.186049
2020-04-06 14:30:00,26.138,20.32296
2020-04-06 14:45:00,25.918,20.370783
2020-04-06 15:00:00,25.698,20.339672
2020-04-06 15:15:00,25.4785,20.214096
2020-04-06 15:30:00,25.259,20.04189
2020-04-06 15:45:00,25.0395,19.675686
2020-04-06 16:00:00,25.0395,19.310465
2020-04-06 16:15:00,24.8195,18.981916
2020-04-06 16:30:00,24.8195,18.585203
2020-04-06 16:45:00,24.5995,18.304604
2020-04-06 17:00:00,24.38,18.055468
2020-04-06 17:15:00,23.9405,17.737371
2020-04-06 17:30:00,23.501,17.275076
2020-04-06 17:45:00,22.8415,16.876493
2020-04-06 18:00:00,22.4025,16.486528
2020-04-06 18:15:00,21.9625,16.166645
2020-04-06 18:30:00,21.304,15.823621
2020-04-06 18:45:00,21.084,15.514716
2020-04-06 19:00:00,20.6445,15.21685
2020-04-06 19:15:00,20.2055,14.921267
2020-04-06 19:30:00,19.9855,14.660069
2020-04-06 19:45:00,19.7655,14.449558
2020-04-06 20:00:00,19.546,14.173218
2020-04-06 20:15:00,19.3265,13.926537
2020-04-06 20:30:00,19.1065,13.68762
2020-04-06 20:45:00,18.8865,13.478784
2020-04-06 21:00:00,18.667,13.342409
2020-04-06 21:15:00,18.4475,13.296196
2020-04-06 21:30:00,18.2275,13.251482
2020-04-06 21:45:00,18.2275,13.219374
2020-04-06 22:00:00,18.2275,13.244298
2020-04-06 22:15:00,18.2275,13.20583
2020-04-06 22:30:00,18.0075,13.138172
2020-04-06 22:45:00,17.788,13.102959
2020-04-06 23:00:00,17.788,13.077734
2020-04-06 23:15:00,17.788,13.009053
2020-04-06 23:30:00,17.788,12.864856
2020-04-06 23:45:00,17.788,12.724796
2020-04-07 00:00:00,17.5685,12.663416
2020-04-07 00:15:00,17.3485,12.6387005
2020-04-07 00:30:00,17.1285,12.589085
2020-04-07 00:45:00,16.909,12.580195
2020-04-07 01:00:00,16.6895,12.574378
2020-04-07 01:15:00,16.4695,12.520088
2020-04-07 01:30:00,16.4695,12.452079
2020-04-07 01:45:00,16.25,12.410877
2020-04-07 02:00:00,16.0305,12.429654
2020-04-07 02:15:00,15.811,12.482325
2020-04-07 02:30:00,15.811,12.658579
2020-04-07 02:45:00,15.591,12.745567
2020-04-07 03:00:00,15.371,12.841498
2020-04-07 03:15:00,15.371,12.958166
2020-04-07 03:30:00,14.932,13.0575905
2020-04-07 03:45:00,14.932,13.248234
2020-04-07 04:00:00,14.712,13.650019
2020-04-07 04:15:00,14.492,13.965271
2020-04-07 04:30:00,14.2725,14.266066
2020-04-07 04:45:00,14.2725,14.516846
2020-04-07 05:00:00,14.0525,14.692072
2020-04-07 05:15:00,13.833,14.925772
2020-04-07 05:30:00,13.833,15.084756
2020-04-07 05:45:00,13.833,15.20621
2020-04-07 06:00:00,13.3935,15.655925
2020-04-07 06:15:00,13.3935,15.945575
2020-04-07 06:30:00,13.3935,16.155258
2020-04-07 06:45:00,13.3935,16.544603
2020-04-07 07:00:00,13.3935,16.963324
2020-04-07 07:15:00,13.613,17.408482
2020-04-07 07:30:00,14.053,17.988722
2020-04-07 07:45:00,14.492,18.317678
2020-04-07 08:00:00,14.932,18.664392
2020-04-07 08:15:00,15.591,18.913458
2020-04-07 08:30:00,16.0305,19.135275
2020-04-07 08:45:00,16.4695,19.297201
2020-04-07 09:00:00,16.6895,19.380299
2020-04-07 09:15:00,17.3485,19.700254
2020-04-07 09:30:00,18.0075,20.425962
2020-04-07 09:45:00,18.667,21.204754
2020-04-07 10:00:00,19.546,21.856255
2020-04-07 10:15:00,20.6445,22.425224
2020-04-07 10:30:00,21.084,23.047117
2020-04-07 10:45:00,21.963,23.870815
2020-04-07 11:00:00,22.4025,24.431755
2020-04-07 11:15:00,22.842,25.009216
2020-04-07 11:30:00,23.2815,25.495768
2020-04-07 11:45:00,23.7205,25.995575
2020-04-07 12:00:00,23.9405,26.481943
2020-04-07 12:15:00,24.16,26.817236
2020-04-07 12:30:00,23.94,27.255129
2020-04-07 12:45:00,24.5995,27.712246
2020-04-07 13:00:00,25.259,28.237167
2020-04-07 13:15:00,25.259,28.801264
2020-04-07 13:30:00,25.4785,29.335424
2020-04-07 13:45:00,26.3575,29.685286
2020-04-07 14:00:00,26.797,30.036646
2020-04-07 14:15:00,27.236,30.323513
2020-04-07 14:30:00,27.456,30.425697
2020-04-07 14:45:00,27.676,30.583313
2020-04-07 15:00:00,27.676,30.675135
2020-04-07 15:15:00,27.676,30.773186
2020-04-07 15:30:00,27.456,30.783218
2020-04-07 15:45:00,27.017,30.721033
2020-04-07 16:00:00,26.577,30.653025
2020-04-07 16:15:00,26.3575,30.969742
2020-04-07 16:30:00,25.918,31.304358
2020-04-07 16:45:00,25.6985,31.614058
2020-04-07 17:00:00,25.2585,31.847681
2020-04-07 17:15:00,24.6,32.10983
2020-04-07 17:30:00,24.38,32.004253
2020-04-07 17:45:00,23.9405,31.955824
2020-04-07 18:00:00,23.501,31.763239
2020-04-07 18:15:00,23.0615,31.672853
2020-04-07 18:30:00,22.622,31.539228
2020-04-07 18:45:00,21.963,31.322115
2020-04-07 19:00:00,21.523,31.056772
2020-04-07 19:15:00,21.084,30.743542
2020-04-07 19:30:00,20.645,30.529644
2020-04-07 19:45:00,20.205,30.341085
2020-04-07 20:00:00,19.766,30.177546
2020-04-07 20:15:00,19.326,29.91651
2020-04-07 20:30:00,18.887,29.673563
2020-04-07 20:45:00,18.447,29.464256
2020-04-07 21:00:00,18.2275,29.269556
2020-04-07 21:15:00,18.008,29.18698
2020-04-07 21:30:00,17.568,29.099974
2020-04-07 21:45:00,17.3485,29.010324
2020-04-07 22:00:00,17.129,28.896915
2020-04-07 22:15:00,16.689,28.7544
2020-04-07 22:30:00,16.689,28.540426
2020-04-07 22:45:00,16.25,28.42137
2020-04-07 23:00:00,16.25,28.32229
2020-04-07 23:15:00,15.811,28.159464
2020-04-07 23:30:00,15.811,27.98041
2020-04-07 23:45:00,15.591,27.844704
2020-04-08 00:00:00,15.371,27.659544
2020-04-08 00:15:00,15.371,27.527407
2020-04-08 00:30:00,14.932,27.389736
2020-04-08 00:45:00,14.932,27.2592
2020-04-08 01:00:00,14.932,27.111973
2020-04-08 01:15:00,14.712,26.844168
2020-04-08 01:30:00,14.492,26.550295
2020-04-08 01:45:00,14.492,26.256561
2020-04-08 02:00:00,14.492,26.072775
2020-04-08 02:15:00,14.492,25.68668
2020-04-08 02:30:00,14.492,25.296236
2020-04-08 02:45:00,14.492,24.886885
2020-04-08 03:00:00,14.492,24.57952
2020-04-08 03:15:00,14.492,24.131073
2020-04-08 03:30:00,14.492,23.80599
2020-04-08 03:45:00,14.053,23.776796
2020-04-08 04:00:00,14.053,23.932787
2020-04-08 04:15:00,14.053,23.884684
2020-04-08 04:30:00,14.053,23.754837
2020-04-08 04:45:00,13.613,23.628946
2020-04-08 05:00:00,13.613,23.538801
2020-04-08 05:15:00,13.3935,23.392672
2020-04-08 05:30:00,13.174,23.13906
2020-04-08 05:45:00,13.174,22.852873
2020-04-08 06:00:00,12.954,22.83523
2020-04-08 06:15:00,12.954,22.713755
2020-04-08 06:30:00,12.954,22.454935
2020-04-08 06:45:00,12.954,22.325237
2020-04-08 07:00:00,13.174,22.215153
2020-04-08 07:15:00,13.833,22.154125
2020-04-08 07:30:00,14.2725,22.31514
2020-04-08 07:45:00,14.9315,22.448412
2020-04-08 08:00:00,15.8105,22.493912
2020-04-08 08:15:00,16.25,22.63399
2020-04-08 08:30:00,17.1285,22.644579
2020-04-08 08:45:00,17.5685,22.430553
2020-04-08 09:00:00,18.2275,22.148033
2020-04-08 09:15:00,18.8865,22.08891
2020-04-08 09:30:00,19.9855,22.219378
2020-04-08 09:45:00,20.864,22.457235
2020-04-08 10:00:00,22.1825,22.69201
2020-04-08 10:15:00,23.0615,22.951422
2020-04-08 10:30:00,23.9405,23.257967
2020-04-08 10:45:00,24.6,23.374834
2020-04-08 11:00:00,25.259,23.455944
2020-04-08 11:15:00,26.138,23.282345
2020-04-08 11:30:00,26.577,23.272379
2020-04-08 11:45:00,27.2365,23.168837
2020-04-08 12:00:00,27.8955,23.092466
2020-04-08 12:15:00,28.335,23.20552
2020-04-08 12:30:00,28.5545,23.106768
2020-04-08 12:45:00,29.4335,23.210562
2020-04-08 13:00:00,30.3125,23.281176
2020-04-08 13:15:00,30.752,23.511427
2020-04-08 13:30:00,31.1915,23.727022
2020-04-08 13:45:00,31.8505,23.890812
2020-04-08 14:00:00,32.7295,23.928507
2020-04-08 14:15:00,33.169,23.80283
2020-04-08 14:30:00,33.6085,23.67338
2020-04-08 14:45:00,34.048,23.585636
2020-04-08 15:00:00,34.2675,23.374243
2020-04-08 15:15:00,34.2675,23.208323
2020-04-08 15:30:00,34.048,22.915356
2020-04-08 15:45:00,33.8285,22.685743
2020-04-08 16:00:00,33.389,22.415112
2020-04-08 16:15:00,32.949,22.059496
2020-04-08 16:30:00,32.51,21.697016
2020-04-08 16:45:00,32.29,21.392893
2020-04-08 17:00:00,32.07,21.120537
2020-04-08 17:15:00,31.411,20.81694
2020-04-08 17:30:00,31.191,20.481188
2020-04-08 17:45:00,30.752,20.094934
2020-04-08 18:00:00,30.312,19.667347
2020-04-08 18:15:00,29.6535,19.325895
2020-04-08 18:30:00,29.214,19.018087
2020-04-08 18:45:00,28.7745,18.537766
2020-04-08 19:00:00,28.335,18.144135
2020-04-08 19:15:00,27.8955,17.815619
2020-04-08 19:30:00,27.676,17.511202
2020-04-08 19:45:00,27.456,17.119287
2020-04-08 20:00:00,27.236,16.713795
2020-04-08 20:15:00,27.0165,16.309668
2020-04-08 20:30:00,26.797,15.969757
2020-04-08 20:45:00,26.577,15.574621
2020-04-08 21:00:00,26.357,15.202904
2020-04-08 21:15:00,26.357,14.866024
2020-04-08 21:30:00,26.1375,14.567583
2020-04-08 21:45:00,25.918,14.330036
2020-04-08 22:00:00,25.918,14.036766
2020-04-08 22:15:00,25.6985,13.834646
2020-04-08 22:30:00,25.479,13.575222
2020-04-08 22:45:00,25.259,13.341005
2020-04-08 23:00:00,25.039,13.176109
2020-04-08 23:15:00,24.6,13.02639
2020-04-08 23:30:00,24.16,12.734363
2020-04-08 23:45:00,23.721,12.476316
2020-04-09 00:00:00,23.501,12.21889
2020-04-09 00:15:00,23.281,11.973995
2020-04-09 00:30:00,22.842,11.619465
2020-04-09 00:45:00,22.402,11.257185
2020-04-09 01:00:00,21.963,10.868769
2020-04-09 01:15:00,21.743,10.5949
2020-04-09 01:30:00,21.523,10.475584
2020-04-09 01:45:00,21.084,10.370776
2020-04-09 02:00:00,21.084,10.275768
2020-04-09 02:15:00,21.084,10.261608
2020-04-09 02:30:00,20.645,10.222574
2020-04-09 02:45:00,20.645,10.149
2020-04-09 03:00:00,20.205,10.186067
2020-04-09 03:15:00,20.205,10.298031
2020-04-09 03:30:00,19.9855,10.460754
2020-04-09 03:45:00,19.766,10.530605
2020-04-09 04:00:00,19.766,10.596634
2020-04-09 04:15:00,19.546,10.640823
2020-04-09 04:30:00,19.326,10.719534
2020-04-09 04:45:00,19.326,10.785294
2020-04-09 05:00:00,18.887,10.756784
2020-04-09 05:15:00,18.887,10.751516
2020-04-09 05:30:00,18.667,10.8249855
2020-04-09 05:45:00,18.447,10.874768
2020-04-09 06:00:00,18.447,10.954857
2020-04-09 06:15:00,18.2275,11.084007
2020-04-09 06:30:00,18.008,11.187401
2020-04-09 06:45:00,18.008,11.259923
2020-04-09 07:00:00,18.008,11.400518
2020-04-09 07:15:00,18.447,11.589678
2020-04-09 07:30:00,19.1065,11.818
2020-04-09 07:45:00,19.7655,12.053925
2020-04-09 08:00:00,20.6445,12.294552
2020-04-09 08:15:00,21.5235,12.16243
2020-04-09 08:30:00,22.1825,12.101822
2020-04-09 08:45:00,23.0615,12.086817
2020-04-09 09:00:00,23.9405,11.992688
2020-04-09 09:15:00,24.8195,12.043591
2020-04-09 09:30:00,25.918,12.228675
2020-04-09 09:45:00,27.236,12.284462
2020-04-09 10:00:00,28.335,12.449192
2020-04-09 10:15:00,29.4335,12.571332
2020-04-09 10:30:00,30.3125,13.234292
2020-04-09 10:45:00,31.411,14.008278
2020-04-09 11:00:00,32.07,14.744532
2020-04-09 11:15:00,32.5095,15.516188
2020-04-09 11:30:00,33.169,16.252047
2020-04-09 11:45:00,33.828,16.84588
2020-04-09 12:00:00,34.2675,17.3454
2020-04-09 12:15:00,34.707,17.61713
2020-04-09 12:30:00,34.707,17.941896
2020-04-09 12:45:00,35.366,18.688076
2020-04-09 13:00:00,36.245,19.208694
2020-04-09 13:15:00,36.4645,19.890982
2020-04-09 13:30:00,37.124,20.332502
2020-04-09 13:45:00,38.003,20.734581
2020-04-09 14:00:00,38.4425,21.151432
2020-04-09 14:15:00,39.3215,21.401373
2020-04-09 14:30:00,39.7605,21.560919
2020-04-09 14:45:00,39.7605,21.617842
2020-04-09 15:00:00,39.9805,21.490368
2020-04-09 15:15:00,39.9805,21.493017
2020-04-09 15:30:00,39.7605,21.430971
2020-04-09 15:45:00,39.1015,21.171299
2020-04-09 16:00:00,38.882,20.73023
2020-04-09 16:15:00,38.2225,20.128248
2020-04-09 16:30:00,38.003,19.746292
2020-04-09 16:45:00,37.7835,19.273413
2020-04-09 17:00:00,37.124,18.812174
2020-04-09 17:15:00,36.6845,18.102108
2020-04-09 17:30:00,36.4645,17.489923
2020-04-09 17:45:00,36.0255,16.926014
2020-04-09 18:00:00,35.8055,16.246773
2020-04-09 18:15:00,35.366,15.828841
2020-04-09 18:30:00,34.9265,15.520973
2020-04-09 18:45:00,34.4875,15.240613
2020-04-09 19:00:00,33.828,15.0622
2020-04-09 19:15:00,33.389,14.826246
2020-04-09 19:30:00,32.949,14.759528
2020-04-09 19:45:00,32.51,14.778721
2020-04-09 20:00:00,32.07,14.804401
2020-04-09 20:15:00,31.8505,14.946
2020-04-09 20:30:00,31.411,15.012005
2020-04-09 20:45:00,30.9715,15.19742
2020-04-09 21:00:00,30.9715,15.399353
2020-04-09 21:15:00,30.532,15.574114
2020-04-09 21:30:00,30.0925,15.68867
2020-04-09 21:45:00,30.0925,15.833306
2020-04-09 22:00:00,29.6535,15.941383
2020-04-09 22:15:00,29.6535,16.084148
2020-04-09 22:30:00,29.214,16.047953
2020-04-09 22:45:00,29.214,15.763512
2020-04-09 23:00:00,29.214,15.553978
2020-04-09 23:15:00,28.7745,15.357502
2020-04-09 23:30:00,28.7745,15.134163
2020-04-09 23:45:00,28.555,14.939274
2020-04-10 00:00:00,28.115,15.004827
2020-04-10 00:15:00,27.8955,14.928427
2020-04-10 00:30:00,27.676,14.812157
2020-04-10 00:45:00,27.236,14.538866
2020-04-10 01:00:00,26.797,14.319402
2020-04-10 01:15:00,26.357,14.135543
2020-04-10 01:30:00,26.1375,13.923851
2020-04-10 01:45:00,25.918,13.672508
2020-04-10 02:00:00,25.918,13.285442
2020-04-10 02:15:00,25.6985,13.160641
2020-04-10 02:30:00,25.6985,13.174263
2020-04-10 02:45:00,25.6985,13.193401
2020-04-10 03:00:00,25.4785,13.18543
2020-04-10 03:15:00,25.4785,13.171737
2020-04-10 03:30:00,25.4785,13.202693
2020-04-10 03:45:00,25.4785,13.14733
2020-04-10 04:00:00,25.259,13.092215
2020-04-10 04:15:00,25.259,13.034986
2020-04-10 04:30:00,25.259,12.961671
2020-04-10 04:45:00,25.039,12.908776
2020-04-10 05:00:00,24.8195,12.7773
2020-04-10 05:15:00,24.6,12.792643
2020-04-10 05:30:00,24.16,12.798749
2020-04-10 05:45:00,24.16,12.861012
2020-04-10 06:00:00,23.721,12.979835
2020-04-10 06:15:00,23.721,13.039392
2020-04-10 06:30:00,23.501,13.041016
2020-04-10 06:45:00,23.501,13.011742
2020-04-10 07:00:00,23.501,12.9948635
2020-04-10 07:15:00,23.721,13.131706
2020-04-10 07:30:00,24.38,13.365209
2020-04-10 07:45:00,25.259,13.642607
2020-04-10 08:00:00,25.918,13.963234
2020-04-10 08:15:00,26.7965,14.309246
2020-04-10 08:30:00,27.6755,14.585382
2020-04-10 08:45:00,28.335,14.956081
2020-04-10 09:00:00,28.9945,15.308007
2020-04-10 09:15:00,29.873,15.710864
2020-04-10 09:30:00,30.9715,16.062576
2020-04-10 09:45:00,32.07,16.874376
2020-04-10 10:00:00,33.169,17.629175
2020-04-10 10:15:00,34.048,18.422827
2020-04-10 10:30:00,34.9265,19.421955
2020-04-10 10:45:00,35.586,20.539782
2020-04-10 11:00:00,36.4645,21.58597
2020-04-10 11:15:00,37.124,22.454727
2020-04-10 11:30:00,37.5635,23.55869
2020-04-10 11:45:00,38.2225,24.421717
2020-04-10 12:00:00,38.442,24.944223
2020-04-10 12:15:00,38.882,25.358362
2020-04-10 12:30:00,38.662,25.75965
2020-04-10 12:45:00,39.1015,26.348051
2020-04-10 13:00:00,39.761,26.801973
2020-04-10 13:15:00,39.7605,27.397177
2020-04-10 13:30:00,40.2,27.823463
2020-04-10 13:45:00,41.079,28.235575
2020-04-10 14:00:00,41.5185,28.641798
2020-04-10 14:15:00,41.958,28.86331
2020-04-10 14:30:00,42.1775,29.011505
2020-04-10 14:45:00,42.3975,28.942932
2020-04-10 15:00:00,42.3975,28.673824
2020-04-10 15:15:00,42.3975,28.557264
2020-04-10 15:30:00,42.3975,28.3503
2020-04-10 15:45:00,41.958,27.946321
2020-04-10 16:00:00,41.5185,27.418516
2020-04-10 16:15:00,41.079,26.637896
2020-04-10 16:30:00,40.859,26.082468
2020-04-10 16:45:00,40.42,25.53835
2020-04-10 17:00:00,39.98,25.014269
2020-04-10 17:15:00,39.541,24.190615
2020-04-10 17:30:00,39.0775,23.46653
2020-04-10 17:45:00,39.0775,23.153822
2020-04-10 18:00:00,38.6375,22.456367
2020-04-10 18:15:00,38.1985,21.76314
2020-04-10 18:30:00,37.7585,21.051231
2020-04-10 18:45:00,37.3195,20.357088
2020-04-10 19:00:00,36.8795,19.819527
2020-04-10 19:15:00,36.4405,19.272713
2020-04-10 19:30:00,36.001,18.74515
2020-04-10 19:45:00,35.3415,18.170284
2020-04-10 20:00:00,34.6825,17.665829
2020-04-10 20:15:00,34.2435,17.130482
2020-04-10 20:30:00,33.8035,16.574512
2020-04-10 20:45:00,33.1445,16.002235
2020-04-10 21:00:00,32.9245,15.431462
2020-04-10 21:15:00,32.705,14.85205
2020-04-10 21:30:00,32.4855,14.219168
2020-04-10 21:45:00,32.2655,13.894689
2020-04-10 22:00:00,32.0455,13.645667
2020-04-10 22:15:00,31.826,13.522668
2020-04-10 22:30:00,31.6065,13.412962
2020-04-10 22:45:00,31.3865,13.203324
2020-04-10 23:00:00,31.167,13.023231
2020-04-10 23:15:00,30.9475,12.862278
2020-04-10 23:30:00,30.9475,12.754635
2020-04-10 23:45:00,30.9475,12.703278
2020-04-11 00:00:00,30.7275,12.648421
2020-04-11 00:15:00,30.5075,12.559999
2020-04-11 00:30:00,30.5075,12.445629
2020-04-11 00:45:00,30.5075,12.2953415
2020-04-11 01:00:00,30.5075,12.162856
2020-04-11 01:15:00,30.5075,12.037364
2020-04-11 01:30:00,30.288,11.895058
2020-04-11 01:45:00,30.0685,11.747521
2020-04-11 02:00:00,30.0685,11.623587
2020-04-11 02:15:00,29.8485,11.561358
2020-04-11 02:30:00,29.629,11.543919
2020-04-11 02:45:00,29.4095,11.508724
2020-04-11 03:00:00,28.9695,11.441145
2020-04-11 03:15:00,28.9695,11.402214
2020-04-11 03:30:00,28.75,11.450725
2020-04-11 03:45:00,28.5305,11.391843
2020-04-11 04:00:00,28.3105,11.348267
2020-04-11 04:15:00,28.3105,11.252283
2020-04-11 04:30:00,28.0905,11.194698
2020-04-11 04:45:00,27.871,11.088328
2020-04-11 05:00:00,27.6515,10.946778
2020-04-11 05:15:00,27.6515,10.85944
2020-04-11 05:30:00,27.4315,10.880835
2020-04-11 05:45:00,27.212,10.865841
2020-04-11 06:00:00,27.212,10.933796
2020-04-11 06:15:00,27.212,11.048692
2020-04-11 06:30:00,26.7725,11.163111
2020-04-11 06:45:00,26.7725,11.247854
2020-04-11 07:00:00,26.7725,11.335676
2020-04-11 07:15:00,27.212,11.357048
2020-04-11 07:30:00,27.4315,11.351671
2020-04-11 07:45:00,28.0905,11.402734
2020-04-11 08:00:00,28.5305,11.446182
2020-04-11 08:15:00,28.9695,11.608929
2020-04-11 08:30:00,29.4095,12.288444
2020-04-11 08:45:00,30.288,13.272029
2020-04-11 09:00:00,31.167,14.296274
2020-04-11 09:15:00,31.6065,15.427126
2020-04-11 09:30:00,32.0455,16.629671
2020-04-11 09:45:00,32.9245,17.447908
2020-04-11 10:00:00,33.8035,18.586443
2020-04-11 10:15:00,34.2435,19.648348
2020-04-11 10:30:00,34.902,21.093403
2020-04-11 10:45:00,35.5615,22.807432
2020-04-11 11:00:00,36.001,24.559713
2020-04-11 11:15:00,36.6605,25.925081
2020-04-11 11:30:00,36.88,27.27395
2020-04-11 11:45:00,37.3195,28.265705
2020-04-11 12:00:00,37.9785,28.954798
2020-04-11 12:15:00,38.418,29.414278
2020-04-11 12:30:00,38.418,29.906504
2020-04-11 12:45:00,39.077,30.62624
2020-04-11 13:00:00,39.5165,31.149393
2020-04-11 13:15:00,39.7365,31.707075
2020-04-11 13:30:00,39.956,31.891245
2020-04-11 13:45:00,39.956,32.038757
2020-04-11 14:00:00,39.956,32.280403
2020-04-11 14:15:00,39.5165,32.324406
2020-04-11 14:30:00,39.5165,32.255653
2020-04-11 14:45:00,39.5165,32.07953
2020-04-11 15:00:00,39.297,31.669538
2020-04-11 15:15:00,39.297,31.482903
2020-04-11 15:30:00,38.8575,31.16842
2020-04-11 15:45:00,38.418,30.601982
2020-04-11 16:00:00,38.198,29.688745
2020-04-11 16:15:00,37.759,28.602139
2020-04-11 16:30:00,37.319,27.68544
2020-04-11 16:45:00,36.66,26.744852
2020-04-11 17:00:00,35.781,25.963707
2020-04-11 17:15:00,35.342,24.887455
2020-04-11 17:30:00,34.902,23.912523
2020-04-11 17:45:00,34.2435,22.98481
2020-04-11 18:00:00,33.584,21.995762
2020-04-11 18:15:00,33.1445,20.961338
2020-04-11 18:30:00,32.705,19.930424
2020-04-11 18:45:00,32.2655,18.917227
2020-04-11 19:00:00,32.0455,18.055603
2020-04-11 19:15:00,31.6065,17.18159
2020-04-11 19:30:00,31.167,16.351616
2020-04-11 19:45:00,30.7275,15.753421
2020-04-11 20:00:00,30.288,15.55509
2020-04-11 20:15:00,30.068,15.4691305
2020-04-11 20:30:00,29.629,15.3997
2020-04-11 20:45:00,29.4095,15.311843
2020-04-11 21:00:00,28.9695,15.289904
2020-04-11 21:15:00,28.9695,15.273942
2020-04-11 21:30:00,28.5305,15.235002
2020-04-11 21:45:00,28.5305,15.1748295
2020-04-11 22:00:00,28.0905,15.1397
2020-04-11 22:15:00,28.0905,15.111532
2020-04-11 22:30:00,28.0905,15.01893
2020-04-11 22:45:00,28.0905,14.959124
2020-04-11 23:00:00,27.871,14.910742
2020-04-11 23:15:00,27.6515,14.85372
2020-04-11 23:30:00,27.6515,14.742306
2020-04-11 23:45:00,27.212,14.627675
2020-04-12 00:00:00,27.212,14.521786
2020-04-12 00:15:00,27.212,14.523432
2020-04-12 00:30:00,26.9925,14.464132
2020-04-12 00:45:00,26.7725,14.357693
2020-04-12 01:00:00,26.7725,14.33569
2020-04-12 01:15:00,26.5525,14.326149
2020-04-12 01:30:00,26.5525,14.335388
2020-04-12 01:45:00,26.333,14.370997
2020-04-12 02:00:00,26.333,14.43825
2020-04-12 02:15:00,26.333,14.5286875
2020-04-12 02:30:00,26.333,14.530557
2020-04-12 02:45:00,26.1135,14.535267
2020-04-12 03:00:00,25.8935,14.467843
2020-04-12 03:15:00,25.8935,14.395393
2020-04-12 03:30:00,25.674,14.359307
2020-04-12 03:45:00,25.674,14.292375
2020-04-12 04:00:00,25.674,14.376873
2020-04-12 04:15:00,25.674,14.492207
2020-04-12 04:30:00,25.674,14.573043
2020-04-12 04:45:00,25.674,14.633404
2020-04-12 05:00:00,25.674,14.694662
2020-04-12 05:15:00,25.674,14.841777
2020-04-12 05:30:00,25.4545,15.015251
2020-04-12 05:45:00,25.4545,15.123411
2020-04-12 06:00:00,25.4545,15.299245
2020-04-12 06:15:00,25.4545,15.365107
2020-04-12 06:30:00,25.2345,15.444605
2020-04-12 06:45:00,25.0145,15.603746
2020-04-12 07:00:00,25.0145,15.865601
2020-04-12 07:15:00,25.0145,16.161764
2020-04-12 07:30:00,25.0145,16.63554
2020-04-12 07:45:00,25.0145,17.000185
2020-04-12 08:00:00,25.2345,17.346636
2020-04-12 08:15:00,25.2345,17.510538
2020-04-12 08:30:00,25.2345,17.819283
2020-04-12 08:45:00,25.4545,18.146997
2020-04-12 09:00:00,25.4545,18.378023
2020-04-12 09:15:00,25.4545,18.690477
2020-04-12 09:30:00,25.674,19.059843
2020-04-12 09:45:00,25.674,19.338535
2020-04-12 10:00:00,25.674,19.780964
2020-04-12 10:15:00,25.674,20.166986
2020-04-12 10:30:00,25.674,20.133772
2020-04-12 10:45:00,24.795,20.089828
2020-04-12 11:00:00,23.4765,20.118805
2020-04-12 11:15:00,23.037,20.323572
2020-04-12 11:30:00,22.598,20.50432
2020-04-12 11:45:00,22.378,20.592407
2020-04-12 12:00:00,22.378,20.79158
2020-04-12 12:15:00,23.2565,20.889555
2020-04-12 12:30:00,23.916,20.955019
2020-04-12 12:45:00,24.795,21.155025
2020-04-12 13:00:00,25.674,21.317692
2020-04-12 13:15:00,26.333,21.641958
2020-04-12 13:30:00,26.5525,21.971039
2020-04-12 13:45:00,26.5525,22.224731
2020-04-12 14:00:00,26.7725,22.282866
2020-04-12 14:15:00,26.7725,22.248768
2020-04-12 14:30:00,26.7725,22.325874
2020-04-12 14:45:00,26.7725,22.324308
2020-04-12 15:00:00,26.7725,22.307007
2020-04-12 15:15:00,26.7725,22.189196
2020-04-12 15:30:00,26.553,21.941135
2020-04-12 15:45:00,26.333,21.609367
2020-04-12 16:00:00,26.333,21.242643
2020-04-12 16:15:00,26.333,20.99352
2020-04-12 16:30:00,26.333,20.66804
2020-04-12 16:45:00,26.113,20.481255
2020-04-12 17:00:00,25.8935,20.31351
2020-04-12 17:15:00,25.8935,20.089745
2020-04-12 17:30:00,25.8935,19.928148
2020-04-12 17:45:00,25.8935,19.813824
2020-04-12 18:00:00,25.8935,19.644514
2020-04-12 18:15:00,25.8935,19.52867
2020-04-12 18:30:00,25.674,19.359903
2020-04-12 18:45:00,25.4545,19.201
2020-04-12 19:00:00,25.2345,19.082201
2020-04-12 19:15:00,25.0145,18.943962
2020-04-12 19:30:00,25.0145,18.789972
2020-04-12 19:45:00,24.5755,18.669014
2020-04-12 20:00:00,24.5755,18.51725
2020-04-12 20:15:00,24.1355,18.378355
2020-04-12 20:30:00,24.1355,18.261103
2020-04-12 20:45:00,24.1355,18.095806
2020-04-12 21:00:00,24.1355,17.936514
2020-04-12 21:15:00,24.1355,17.818556
2020-04-12 21:30:00,23.916,17.730593
2020-04-12 21:45:00,23.916,17.607798
2020-04-12 22:00:00,23.6965,17.478586
2020-04-12 22:15:00,23.6965,17.421232
2020-04-12 22:30:00,23.6965,17.348452
2020-04-12 22:45:00,23.6965,17.300009
2020-04-12 23:00:00,23.6965,17.196413
2020-04-12 23:15:00,23.4765,17.103827
2020-04-12 23:30:00,23.037,17.14446
2020-04-12 23:45:00,23.037,17.270763
2020-04-13 00:00:00,23.2565,17.425138
2020-04-13 00:15:00,23.2565,17.599302
2020-04-13 00:30:00,23.2565,17.654524
2020-04-13 00:45:00,23.2565,17.759607
2020-04-13 01:00:00,23.2565,17.899956
2020-04-13 01:15:00,23.2565,18.071606
2020-04-13 01:30:00,23.2565,18.191122
2020-04-13 01:45:00,23.2565,18.232206
2020-04-13 02:00:00,23.2565,18.315536
2020-04-13 02:15:00,23.2565,18.482552
2020-04-13 02:30:00,23.2565,18.632906
2020-04-13 02:45:00,23.2565,18.853739
2020-04-13 03:00:00,23.037,19.085733
2020-04-13 03:15:00,23.037,19.326242
2020-04-13 03:30:00,23.037,19.552408
2020-04-13 03:45:00,22.8175,19.704504
2020-04-13 04:00:00,22.8175,19.939676
2020-04-13 04:15:00,22.8175,20.17457
2020-04-13 04:30:00,22.598,20.306412
2020-04-13 04:45:00,22.598,20.38056
2020-04-13 05:00:00,22.598,20.32571
2020-04-13 05:15:00,22.598,20.363577
2020-04-13 05:30:00,22.598,20.393887
2020-04-13 05:45:00,22.378,20.419617
2020-04-13 06:00:00,22.378,20.50302
2020-04-13 06:15:00,22.158,20.484198
2020-04-13 06:30:00,21.719,20.630537
2020-04-13 06:45:00,20.84,20.753939
2020-04-13 07:00:00,19.961,20.851881
2020-04-13 07:15:00,19.302,20.994894
2020-04-13 07:30:00,18.862,21.319078
2020-04-13 07:45:00,18.423,21.54249
2020-04-13 08:00:00,18.203,21.718348
2020-04-13 08:15:00,17.9835,21.71131
2020-04-13 08:30:00,17.764,21.564629
2020-04-13 08:45:00,17.764,21.375555
2020-04-13 09:00:00,17.324,21.014376
2020-04-13 09:15:00,17.324,20.76108
2020-04-13 09:30:00,17.324,20.674448
2020-04-13 09:45:00,17.324,20.579082
2020-04-13 10:00:00,17.764,20.566206
2020-04-13 10:15:00,18.6425,20.316574
2020-04-13 10:30:00,19.3015,20.101969
2020-04-13 10:45:00,19.961,20.330402
2020-04-13 11:00:00,20.4005,20.70082
2020-04-13 11:15:00,20.84,20.983286
2020-04-13 11:30:00,21.2795,21.1568
2020-04-13 11:45:00,21.7185,21.300932
2020-04-13 12:00:00,21.7185,21.467953
2020-04-13 12:15:00,22.1585,21.70424
2020-04-13 12:30:00,22.378,21.787392
2020-04-13 12:45:00,22.8175,22.01218
2020-04-13 13:00:00,23.037,22.155788
2020-04-13 13:15:00,23.4765,22.48904
2020-04-13 13:30:00,23.4765,22.815054
2020-04-13 13:45:00,23.916,22.990387
2020-04-13 14:00:00,23.916,23.080524
2020-04-13 14:15:00,24.1355,23.22061
2020-04-13 14:30:00,24.1355,23.313986
2020-04-13 14:45:00,24.1355,23.405264
2020-04-13 15:00:00,24.3555,23.410107
2020-04-13 15:15:00,24.795,23.550714
2020-04-13 15:30:00,24.795,23.368011
2020-04-13 15:45:00,24.3555,23.327475
2020-04-13 16:00:00,24.3555,23.274996
2020-04-13 16:15:00,24.3555,23.108627
2020-04-13 16:30:00,24.3555,22.97676
2020-04-13 16:45:00,24.3555,22.916706
2020-04-13 17:00:00,24.3555,22.826963
2020-04-13 17:15:00,24.3555,22.634207
2020-04-13 17:30:00,24.3555,22.561056
2020-04-13 17:45:00,24.3555,22.544329
2020-04-13 18:00:00,24.3555,22.505625
2020-04-13 18:15:00,24.3555,22.447397
2020-04-13 18:30:00,24.1355,22.473124
2020-04-13 18:45:00,23.4765,22.502748
2020-04-13 19:00:00,23.037,22.451418
2020-04-13 19:15:00,22.598,22.357212
2020-04-13 19:30:00,22.158,22.163761
2020-04-13 19:45:00,21.719,21.966265
2020-04-13 20:00:00,21.499,21.774452
2020-04-13 20:15:00,21.0595,21.58632
2020-04-13 20:30:00,21.0595,21.387506
2020-04-13 20:45:00,20.6205,21.233747
2020-04-13 21:00:00,20.6205,21.110876
2020-04-13 21:15:00,20.6205,21.052334
2020-04-13 21:30:00,20.1805,20.975586
2020-04-13 21:45:00,19.961,20.931421
2020-04-13 22:00:00,19.7415,20.928873
2020-04-13 22:15:00,19.7415,20.851004
2020-04-13 22:30:00,19.7415,20.748335
2020-04-13 22:45:00,19.961,20.721884
2020-04-13 23:00:00,19.961,20.684542
2020-04-13 23:15:00,19.961,20.658669
2020-04-13 23:30:00,19.7415,20.592058
2020-04-13 23:45:00,19.3015,20.639942
2020-04-14 00:00:00,19.082,20.659472
2020-04-14 00:15:00,19.082,20.679861
2020-04-14 00:30:00,19.082,20.699522
2020-04-14 00:45:00,19.082,20.676281
2020-04-14 01:00:00,19.082,20.676424
2020-04-14 01:15:00,18.6425,20.612589
2020-04-14 01:30:00,18.6425,20.542135
2020-04-14 01:45:00,18.6425,20.432491
2020-04-14 02:00:00,18.203,20.33935
2020-04-14 02:15:00,18.203,20.24215
2020-04-14 02:30:00,18.203,20.205381
2020-04-14 02:45:00,17.764,20.135595
2020-04-14 03:00:00,17.764,20.09923
2020-04-14 03:15:00,17.764,20.064207
2020-04-14 03:30:00,17.764,20.10876
2020-04-14 03:45:00,17.764,20.067827
2020-04-14 04:00:00,17.764,19.976002
2020-04-14 04:15:00,17.764,19.8384
2020-04-14 04:30:00,17.764,19.656334
2020-04-14 04:45:00,17.764,19.518576
2020-04-14 05:00:00,17.764,19.371912
2020-04-14 05:15:00,17.544,19.181334
2020-04-14 05:30:00,17.1045,19.049986
2020-04-14 05:45:00,16.665,18.941103
2020-04-14 06:00:00,16.4455,18.922556
2020-04-14 06:15:00,16.4455,18.950258
2020-04-14 06:30:00,16.4455,19.077177
2020-04-14 06:45:00,16.4455,19.335064
2020-04-14 07:00:00,16.4455,19.691877
2020-04-14 07:15:00,16.4455,20.125515
2020-04-14 07:30:00,16.4455,20.746614
2020-04-14 07:45:00,16.4455,21.258291
2020-04-14 08:00:00,16.4455,21.771143
2020-04-14 08:15:00,16.4455,22.316301
2020-04-14 08:30:00,16.2255,22.895336
2020-04-14 08:45:00,16.2255,23.514322
2020-04-14 09:00:00,16.2255,24.08852
2020-04-14 09:15:00,16.2255,24.68027
2020-04-14 09:30:00,16.2255,25.290628
2020-04-14 09:45:00,16.2255,25.907244
2020-04-14 10:00:00,16.4455,26.637426
2020-04-14 10:15:00,16.4455,27.312263
2020-04-14 10:30:00,16.665,27.921087
2020-04-14 10:45:00,16.8845,28.571281
2020-04-14 11:00:00,16.8845,29.207272
2020-04-14 11:15:00,16.8845,29.763424
2020-04-14 11:30:00,17.1045,29.981201
2020-04-14 11:45:00,17.1045,30.125593
2020-04-14 12:00:00,17.1045,30.378338
2020-04-14 12:15:00,17.1045,30.740383
2020-04-14 12:30:00,17.1045,31.109537
2020-04-14 12:45:00,17.324,31.5374
2020-04-14 13:00:00,17.544,31.963266
2020-04-14 13:15:00,17.544,32.47937
2020-04-14 13:30:00,17.544,32.957283
2020-04-14 13:45:00,17.544,33.220848
2020-04-14 14:00:00,17.7635,33.376892
2020-04-14 14:15:00,17.7635,33.59932
2020-04-14 14:30:00,18.423,33.762302
2020-04-14 14:45:00,19.302,33.952282
2020-04-14 15:00:00,20.181,34.050877
2020-04-14 15:15:00,20.181,34.065266
2020-04-14 15:30:00,20.4005,33.966423
2020-04-14 15:45:00,20.4005,33.791756
2020-04-14 16:00:00,20.181,33.5673
2020-04-14 16:15:00,20.181,33.403965
2020-04-14 16:30:00,19.741,33.222984
2020-04-14 16:45:00,19.302,33.1262
2020-04-14 17:00:00,18.862,33.306023
2020-04-14 17:15:00,18.862,33.50519
2020-04-14 17:30:00,18.862,33.608868
2020-04-14 17:45:00,18.862,33.75354
2020-04-14 18:00:00,18.6425,33.85018
2020-04-14 18:15:00,18.6425,33.967075
2020-04-14 18:30:00,18.6425,34.01883
2020-04-14 18:45:00,18.6425,34.073288
2020-04-14 19:00:00,18.6425,34.065323
2020-04-14 19:15:00,18.8625,33.967915
2020-04-14 19:30:00,18.8625,33.937023
2020-04-14 19:45:00,18.8625,33.903656
2020-04-14 20:00:00,18.8625,33.90113
2020-04-14 20:15:00,18.8625,33.794163
2020-04-14 20:30:00,18.8625,33.621777
2020-04-14 20:45:00,18.8625,33.422478
2020-04-14 21:00:00,18.8625,33.244057
2020-04-14 21:15:00,18.8625,33.176228
2020-04-14 21:30:00,18.8625,33.002647
2020-04-14 21:45:00,18.8625,32.880135
2020-04-14 22:00:00,18.8625,32.78287
2020-04-14 22:15:00,18.6425,32.60814
2020-04-14 22:30:00,18.6425,32.374176
2020-04-14 22:45:00,18.6425,32.24103
2020-04-14 23:00:00,18.4225,32.15067
2020-04-14 23:15:00,18.4225,32.013565
2020-04-14 23:30:00,18.4225,31.71538
2020-04-14 23:45:00,18.4225,31.566675
2020-04-15 00:00:00,18.4225,31.399809
2020-04-15 00:15:00,18.4225,31.38405
2020-04-15 00:30:00,17.9835,31.275736
2020-04-15 00:45:00,17.9835,31.212683
2020-04-15 01:00:00,17.9835,31.134073
2020-04-15 01:15:00,17.9835,31.01989
2020-04-15 01:30:00,17.764,30.849333
2020-04-15 01:45:00,17.764,30.56091
2020-04-15 02:00:00,17.764,30.424122
2020-04-15 02:15:00,17.764,30.192896
2020-04-15 02:30:00,17.544,29.967215
2020-04-15 02:45:00,17.544,29.735472
2020-04-15 03:00:00,17.324,29.633917
2020-04-15 03:15:00,17.324,29.606218
2020-04-15 03:30:00,17.324,29.503866
2020-04-15 03:45:00,17.324,29.371874
2020-04-15 04:00:00,17.1045,29.313957
2020-04-15 04:15:00,16.885,29.202147
2020-04-15 04:30:00,16.665,29.13736
2020-04-15 04:45:00,16.665,29.093657
2020-04-15 05:00:00,16.445,28.984438
2020-04-15 05:15:00,16.2255,28.939869
2020-04-15 05:30:00,16.006,28.770073
2020-04-15 05:45:00,15.7865,28.5657
2020-04-15 06:00:00,15.7865,28.596853
2020-04-15 06:15:00,15.5665,28.48677
2020-04-15 06:30:00,15.5665,28.297033
2020-04-15 06:45:00,15.5665,28.189135
2020-04-15 07:00:00,15.5665,28.141335
2020-04-15 07:15:00,15.7865,28.165401
2020-04-15 07:30:00,16.2255,28.407713
2020-04-15 07:45:00,16.8845,28.665209
2020-04-15 08:00:00,17.544,29.021967
2020-04-15 08:15:00,18.203,29.32835
2020-04-15 08:30:00,18.8625,29.729792
2020-04-15 08:45:00,19.5215,30.01498
2020-04-15 09:00:00,20.4005,30.28012
2020-04-15 09:15:00,21.2795,30.579967
2020-04-15 09:30:00,21.9385,30.962759
2020-04-15 09:45:00,23.2565,31.330053
2020-04-15 10:00:00,24.1355,31.76893
2020-04-15 10:15:00,25.4545,32.2325
2020-04-15 10:30:00,26.333,32.558044
2020-04-15 10:45:00,26.9925,32.896637
2020-04-15 11:00:00,27.8715,33.028908
2020-04-15 11:15:00,28.5305,33.23274
2020-04-15 11:30:00,29.1895,33.35109
2020-04-15 11:45:00,29.8485,32.9802
2020-04-15 12:00:00,30.508,32.899498
2020-04-15 12:15:00,31.167,32.65353
2020-04-15 12:30:00,31.167,32.494957
2020-04-15 12:45:00,31.8265,32.242325
2020-04-15 13:00:00,32.4855,31.96338
2020-04-15 13:15:00,32.705,31.674557
2020-04-15 13:30:00,33.584,31.438715
2020-04-15 13:45:00,34.2435,31.384455
2020-04-15 14:00:00,35.122,31.111101
2020-04-15 14:15:00,35.342,30.89262
2020-04-15 14:30:00,35.5615,31.041235
2020-04-15 14:45:00,36.001,31.179373
2020-04-15 15:00:00,36.001,31.155378
2020-04-15 15:15:00,36.001,30.751953
2020-04-15 15:30:00,35.5615,30.451765
2020-04-15 15:45:00,34.902,30.04349
2020-04-15 16:00:00,34.4625,29.726152
2020-04-15 16:15:00,33.804,29.548357
2020-04-15 16:30:00,33.364,29.231699
2020-04-15 16:45:00,32.705,29.059137
2020-04-15 17:00:00,32.046,28.834135
2020-04-15 17:15:00,31.6065,28.705435
2020-04-15 17:30:00,31.167,28.338463
2020-04-15 17:45:00,30.508,28.02043
2020-04-15 18:00:00,30.068,27.59907
2020-04-15 18:15:00,29.629,27.409058
2020-04-15 18:30:00,29.1895,27.144514
2020-04-15 18:45:00,28.3105,26.721252
2020-04-15 19:00:00,27.871,26.175936
2020-04-15 19:15:00,26.992,25.830236
2020-04-15 19:30:00,26.333,25.560606
2020-04-15 19:45:00,25.4545,25.246408
2020-04-15 20:00:00,25.0145,24.918646
2020-04-15 20:15:00,24.1355,24.563423
2020-04-15 20:30:00,23.6965,24.289545
2020-04-15 20:45:00,23.2565,24.09301
2020-04-15 21:00:00,22.8175,23.895002
2020-04-15 21:15:00,22.378,23.818022
2020-04-15 21:30:00,21.9385,23.658182
2020-04-15 21:45:00,21.499,23.625673
2020-04-15 22:00:00,21.0595,23.541563
2020-04-15 22:15:00,20.6205,23.446857
2020-04-15 22:30:00,20.6205,23.234468
2020-04-15 22:45:00,20.1805,23.132544
2020-04-15 23:00:00,19.7415,22.951313
2020-04-15 23:15:00,19.7415,22.779669
2020-04-15 23:30:00,19.3015,22.384764
2020-04-15 23:45:00,19.082,22.150677
2020-04-16 00:00:00,18.8625,21.808874
2020-04-16 00:15:00,18.4225,21.628336
2020-04-16 00:30:00,18.4225,21.240562
2020-04-16 00:45:00,18.203,20.973238
2020-04-16 01:00:00,17.9835,20.727644
2020-04-16 01:15:00,17.764,20.658846
2020-04-16 01:30:00,17.544,20.605406
2020-04-16 01:45:00,17.324,20.489698
2020-04-16 02:00:00,17.1045,20.501694
2020-04-16 02:15:00,17.1045,20.422441
2020-04-16 02:30:00,16.885,20.308565
2020-04-16 02:45:00,16.665,20.042345
2020-04-16 03:00:00,16.665,19.915087
2020-04-16 03:15:00,16.445,19.78555
2020-04-16 03:30:00,16.2255,19.64127
2020-04-16 03:45:00,16.2255,19.646387
2020-04-16 04:00:00,16.006,19.603693
2020-04-16 04:15:00,15.7865,19.618832
2020-04-16 04:30:00,15.7865,19.572924
2020-04-16 04:45:00,15.7865,19.473223
2020-04-16 05:00:00,15.5665,19.331614
2020-04-16 05:15:00,15.3465,19.223774
2020-04-16 05:30:00,15.3465,18.983957
2020-04-16 05:45:00,15.3465,18.75475
2020-04-16 06:00:00,15.3465,18.915047
2020-04-16 06:15:00,15.3465,18.7685
2020-04-16 06:30:00,15.3465,18.467764
2020-04-16 06:45:00,15.7865,18.157814
2020-04-16 07:00:00,15.7865,17.68098
2020-04-16 07:15:00,16.2255,17.13905
2020-04-16 07:30:00,16.665,16.741966
2020-04-16 07:45:00,17.1045,16.124031
2020-04-16 08:00:00,17.544,15.674571
2020-04-16 08:15:00,17.9835,15.321661
2020-04-16 08:30:00,18.6425,14.869706
2020-04-16 08:45:00,19.3015,14.708877
2020-04-16 09:00:00,19.961,14.49999
2020-04-16 09:15:00,20.6205,14.54949
2020-04-16 09:30:00,21.0595,14.69305
2020-04-16 09:45:00,21.499,14.993187
2020-04-16 10:00:00,22.378,15.4390545
2020-04-16 10:15:00,23.037,15.690388
2020-04-16 10:30:00,23.4765,16.068178
2020-04-16 10:45:00,24.1355,16.53895
2020-04-16 11:00:00,24.5755,16.837645
2020-04-16 11:15:00,25.2345,16.8685
2020-04-16 11:30:00,25.8935,17.293661
2020-04-16 11:45:00,26.553,17.33985
2020-04-16 12:00:00,26.7725,17.430063
2020-04-16 12:15:00,26.7725,17.552118
2020-04-16 12:30:00,26.7725,17.582321
2020-04-16 12:45:00,26.9925,17.739355
2020-04-16 13:00:00,27.4315,17.882704
2020-04-16 13:15:00,27.651,18.179468
2020-04-16 13:30:00,27.4315,18.435484
2020-04-16 13:45:00,27.4315,18.66416
2020-04-16 14:00:00,27.4315,18.543531
2020-04-16 14:15:00,27.651,18.369268
2020-04-16 14:30:00,28.091,18.213127
2020-04-16 14:45:00,28.53,18.130688
2020-04-16 15:00:00,29.1895,17.92612
2020-04-16 15:15:00,29.1895,17.659521
2020-04-16 15:30:00,29.629,17.245821
2020-04-16 15:45:00,29.849,16.782612
2020-04-16 16:00:00,29.849,16.437737
2020-04-16 16:15:00,29.8485,16.129013
2020-04-16 16:30:00,29.8485,15.7191105
2020-04-16 16:45:00,29.8485,15.438898
2020-04-16 17:00:00,29.4095,15.078655
2020-04-16 17:15:00,29.1895,14.7466955
2020-04-16 17:30:00,28.75,14.483356
2020-04-16 17:45:00,28.5305,14.33366
2020-04-16 18:00:00,28.091,14.031238
2020-04-16 18:15:00,27.871,13.878981
2020-04-16 18:30:00,27.4315,13.738464
2020-04-16 18:45:00,26.7725,13.62215
2020-04-16 19:00:00,26.1135,13.687972
2020-04-16 19:15:00,25.4545,13.75832
2020-04-16 19:30:00,24.795,13.705021
2020-04-16 19:45:00,24.1355,13.738974
2020-04-16 20:00:00,23.6965,13.577869
2020-04-16 20:15:00,23.2565,13.5328865
2020-04-16 20:30:00,22.8175,13.419684
2020-04-16 20:45:00,22.378,13.286361
2020-04-16 21:00:00,21.9385,13.341416
2020-04-16 21:15:00,21.499,13.368515
2020-04-16 21:30:00,21.0595,13.354025
2020-04-16 21:45:00,20.6205,13.330566
2020-04-16 22:00:00,20.4005,13.300636
2020-04-16 22:15:00,20.1805,13.328764
2020-04-16 22:30:00,20.1805,13.45056
2020-04-16 22:45:00,19.961,13.464739
2020-04-16 23:00:00,19.961,13.477861
2020-04-16 23:15:00,19.961,13.460031
2020-04-16 23:30:00,19.961,13.5184555
2020-04-16 23:45:00,19.741,13.523157
2020-04-17 00:00:00,19.5215,13.557224
2020-04-17 00:15:00,19.5215,13.5476055
2020-04-17 00:30:00,19.5215,13.556252
2020-04-17 00:45:00,19.5215,13.496836
2020-04-17 01:00:00,19.5215,13.401697
2020-04-17 01:15:00,19.5215,13.350763
2020-04-17 01:30:00,19.3015,13.370903
2020-04-17 01:45:00,18.8625,13.379195
2020-04-17 02:00:00,18.8625,13.404109
2020-04-17 02:15:00,18.6425,13.361904
2020-04-17 02:30:00,18.4225,13.42764
2020-04-17 02:45:00,18.4225,13.455194
2020-04-17 03:00:00,18.203,13.573787
2020-04-17 03:15:00,17.9835,13.686792
2020-04-17 03:30:00,17.9835,13.824254
2020-04-17 03:45:00,17.9835,13.919033
2020-04-17 04:00:00,17.9835,14.0130205
2020-04-17 04:15:00,17.7635,14.098741
2020-04-17 04:30:00,17.7635,14.174184
2020-04-17 04:45:00,17.7635,14.261759
2020-04-17 05:00:00,17.7635,14.260289
2020-04-17 05:15:00,17.7635,14.188744
2020-04-17 05:30:00,17.544,14.144749
2020-04-17 05:45:00,17.544,14.04846
2020-04-17 06:00:00,17.544,14.164311
2020-04-17 06:15:00,17.544,14.234819
2020-04-17 06:30:00,17.544,14.309164
2020-04-17 06:45:00,17.544,14.415394
2020-04-17 07:00:00,17.544,14.43558
2020-04-17 07:15:00,17.7635,14.355068
2020-04-17 07:30:00,18.203,14.402833
2020-04-17 07:45:00,18.862,14.328289
2020-04-17 08:00:00,19.302,14.184027
2020-04-17 08:15:00,19.741,14.201485
2020-04-17 08:30:00,20.4005,14.105513
2020-04-17 08:45:00,21.0595,14.076962
2020-04-17 09:00:00,21.9385,13.998688
2020-04-17 09:15:00,22.3775,13.819094
2020-04-17 09:30:00,23.2565,13.762407
2020-04-17 09:45:00,24.1355,13.985413
2020-04-17 10:00:00,25.0145,14.243747
2020-04-17 10:15:00,26.1135,14.521961
2020-04-17 10:30:00,26.9925,14.893243
2020-04-17 10:45:00,27.871,15.132725
2020-04-17 11:00:00,28.9695,15.552187
2020-04-17 11:15:00,29.629,15.846444
2020-04-17 11:30:00,30.0685,16.245363
2020-04-17 11:45:00,30.947,16.852375
2020-04-17 12:00:00,31.387,17.30642
2020-04-17 12:15:00,32.046,17.81196
2020-04-17 12:30:00,32.046,17.989592
2020-04-17 12:45:00,33.1445,18.442034
2020-04-17 13:00:00,33.364,18.741776
2020-04-17 13:15:00,34.2435,19.34941
2020-04-17 13:30:00,35.122,19.786932
2020-04-17 13:45:00,35.7815,20.098555
2020-04-17 14:00:00,36.4405,20.535648
2020-04-17 14:15:00,37.0995,20.861908
2020-04-17 14:30:00,37.319,21.010015
2020-04-17 14:45:00,37.539,20.95265
2020-04-17 15:00:00,37.759,20.777422
2020-04-17 15:15:00,37.759,21.031427
2020-04-17 15:30:00,37.539,20.93269
2020-04-17 15:45:00,36.8795,20.917833
2020-04-17 16:00:00,36.2205,20.818146
2020-04-17 16:15:00,35.7815,20.52319
2020-04-17 16:30:00,35.3415,20.43397
2020-04-17 16:45:00,34.9025,20.231016
2020-04-17 17:00:00,34.463,20.01383
2020-04-17 17:15:00,34.0235,19.68766
2020-04-17 17:30:00,33.584,19.507566
2020-04-17 17:45:00,32.9245,19.192247
2020-04-17 18:00:00,32.2655,19.025488
2020-04-17 18:15:00,31.826,18.789516
2020-04-17 18:30:00,31.167,18.619501
2020-04-17 18:45:00,30.5075,18.48782
2020-04-17 19:00:00,30.0685,18.459736
2020-04-17 19:15:00,29.629,18.37408
2020-04-17 19:30:00,29.1895,18.330288
2020-04-17 19:45:00,28.5305,18.314928
2020-04-17 20:00:00,28.0905,18.237963
2020-04-17 20:15:00,27.6515,18.240095
2020-04-17 20:30:00,27.212,18.189552
2020-04-17 20:45:00,26.7725,18.070168
2020-04-17 21:00:00,26.333,18.04065
2020-04-17 21:15:00,25.8935,17.949324
2020-04-17 21:30:00,25.674,17.830833
2020-04-17 21:45:00,25.4545,17.736046
2020-04-17 22:00:00,25.2345,17.60504
2020-04-17 22:15:00,25.2345,17.561386
2020-04-17 22:30:00,25.0145,17.481998
2020-04-17 22:45:00,24.795,17.39224
2020-04-17 23:00:00,24.795,17.292128
2020-04-17 23:15:00,24.795,17.22775
2020-04-17 23:30:00,24.5755,17.123083
2020-04-17 23:45:00,24.5755,17.063997
2020-04-18 00:00:00,24.3555,17.054464
2020-04-18 00:15:00,24.3555,16.960411
2020-04-18 00:30:00,24.1355,16.856672
2020-04-18 00:45:00,23.916,16.690157
2020-04-18 01:00:00,23.916,16.52857
2020-04-18 01:15:00,23.6965,16.424593
2020-04-18 01:30:00,23.6965,16.198835
2020-04-18 01:45:00,23.4765,15.962558
2020-04-18 02:00:00,23.4765,15.640052
2020-04-18 02:15:00,23.2565,15.461281
2020-04-18 02:30:00,23.2565,15.337786
2020-04-18 02:45:00,23.2565,15.016536
2020-04-18 03:00:00,23.037,14.899469
2020-04-18 03:15:00,22.8175,14.756964
2020-04-18 03:30:00,22.8175,14.717491
2020-04-18 03:45:00,22.378,14.561541
2020-04-18 04:00:00,22.378,14.374158
2020-04-18 04:15:00,21.9385,14.288317
2020-04-18 04:30:00,21.9385,14.162951
2020-04-18 04:45:00,21.9385,14.153418
2020-04-18 05:00:00,21.499,13.965762
2020-04-18 05:15:00,21.499,13.792622
2020-04-18 05:30:00,21.499,13.752297
2020-04-18 05:45:00,21.279,13.479134
2020-04-18 06:00:00,21.0595,13.193991
2020-04-18 06:15:00,21.0595,13.191804
2020-04-18 06:30:00,21.0595,13.226898
2020-04-18 06:45:00,21.0595,13.319011
2020-04-18 07:00:00,21.2795,13.440613
2020-04-18 07:15:00,21.7185,13.572371
2020-04-18 07:30:00,22.1585,13.78327
2020-04-18 07:45:00,22.378,14.061412
2020-04-18 08:00:00,22.817,14.3245945
2020-04-18 08:15:00,23.4765,14.72925
2020-04-18 08:30:00,24.3555,15.073761
2020-04-18 08:45:00,24.795,15.566738
2020-04-18 09:00:00,25.4545,16.181046
2020-04-18 09:15:00,26.1135,16.653273
2020-04-18 09:30:00,26.992,17.048235
2020-04-18 09:45:00,27.871,17.530695
2020-04-18 10:00:00,28.9695,18.129879
2020-04-18 10:15:00,29.849,18.728313
2020-04-18 10:30:00,30.7275,19.294703
2020-04-18 10:45:00,32.046,19.751781
2020-04-18 11:00:00,32.705,20.422056
2020-04-18 11:15:00,33.1445,21.164927
2020-04-18 11:30:00,33.804,21.804262
2020-04-18 11:45:00,34.0235,22.495098
2020-04-18 12:00:00,34.463,22.76243
2020-04-18 12:15:00,34.902,23.222673
2020-04-18 12:30:00,34.9025,23.36984
2020-04-18 12:45:00,35.5615,24.02733
2020-04-18 13:00:00,36.2205,24.599417
2020-04-18 13:15:00,36.44,25.58402
2020-04-18 13:30:00,37.3195,26.31072
2020-04-18 13:45:00,37.7585,26.924862
2020-04-18 14:00:00,38.418,27.596468
2020-04-18 14:15:00,38.8575,28.019846
2020-04-18 14:30:00,39.297,28.321415
2020-04-18 14:45:00,39.297,28.447634
2020-04-18 15:00:00,39.517,28.28813
2020-04-18 15:15:00,39.517,28.54341
2020-04-18 15:30:00,39.517,28.27361
2020-04-18 15:45:00,39.0775,28.099844
2020-04-18 16:00:00,38.8575,27.754213
2020-04-18 16:15:00,38.198,27.322206
2020-04-18 16:30:00,37.759,26.993158
2020-04-18 16:45:00,37.539,26.75514
2020-04-18 17:00:00,37.319,26.496286
2020-04-18 17:15:00,36.88,26.048018
2020-04-18 17:30:00,36.44,25.771286
2020-04-18 17:45:00,36.001,25.446682
2020-04-18 18:00:00,35.5615,25.128263
2020-04-18 18:15:00,35.122,24.701506
2020-04-18 18:30:00,34.9025,24.354048
2020-04-18 18:45:00,34.2435,23.991528
2020-04-18 19:00:00,33.584,23.849907
2020-04-18 19:15:00,32.9245,23.663965
2020-04-18 19:30:00,32.4855,23.387873
2020-04-18 19:45:00,31.826,23.009089
2020-04-18 20:00:00,31.3865,22.670752
2020-04-18 20:15:00,30.7275,22.300951
2020-04-18 20:30:00,30.288,21.982035
2020-04-18 20:45:00,29.8485,21.644072
2020-04-18 21:00:00,29.4095,21.308931
2020-04-18 21:15:00,29.1895,21.001284
2020-04-18 21:30:00,28.75,20.735933
2020-04-18 21:45:00,28.75,20.51518
2020-04-18 22:00:00,28.5305,20.2833
2020-04-18 22:15:00,28.3105,20.185228
2020-04-18 22:30:00,28.3105,19.9531
2020-04-18 22:45:00,28.3105,19.744572
2020-04-18 23:00:00,28.3105,19.5081
2020-04-18 23:15:00,27.871,19.344505
2020-04-18 23:30:00,27.871,19.116589
2020-04-18 23:45:00,27.871,18.897993
2020-04-19 00:00:00,27.871,19.05881
2020-04-19 00:15:00,27.871,19.048445
2020-04-19 00:30:00,27.6515,18.93317
2020-04-19 00:45:00,27.4315,18.766535
2020-04-19 01:00:00,27.4315,18.691591
2020-04-19 01:15:00,27.4315,18.527342
2020-04-19 01:30:00,26.9925,18.364697
2020-04-19 01:45:00,26.7725,18.207155
2020-04-19 02:00:00,26.5525,17.997486
2020-04-19 02:15:00,26.5525,17.822721
2020-04-19 02:30:00,26.333,17.654587
2020-04-19 02:45:00,25.8935,17.46599
2020-04-19 03:00:00,25.4545,17.261444
2020-04-19 03:15:00,25.0145,17.039053
2020-04-19 03:30:00,25.0145,16.896328
2020-04-19 03:45:00,24.5755,16.719126
2020-04-19 04:00:00,24.5755,16.559332
2020-04-19 04:15:00,24.1355,16.391111
2020-04-19 04:30:00,24.1355,16.174181
2020-04-19 04:45:00,23.6965,16.008528
2020-04-19 05:00:00,23.6965,15.848967
2020-04-19 05:15:00,23.2565,15.77283
2020-04-19 05:30:00,23.2565,15.67491
2020-04-19 05:45:00,23.2565,15.57103
2020-04-19 06:00:00,22.8175,15.476164
2020-04-19 06:15:00,22.8175,15.387633
2020-04-19 06:30:00,22.8175,15.31068
2020-04-19 06:45:00,23.037,15.215906
2020-04-19 07:00:00,23.2565,15.1973
2020-04-19 07:15:00,23.916,15.282655
2020-04-19 07:30:00,24.3555,15.376597
2020-04-19 07:45:00,24.795,15.552212
2020-04-19 08:00:00,25.454,15.798844
2020-04-19 08:15:00,25.894,16.193655
2020-04-19 08:30:00,26.553,16.563354
2020-04-19 08:45:00,27.2115,16.88074
2020-04-19 09:00:00,28.0905,17.329428
2020-04-19 09:15:00,28.9695,17.672567
2020-04-19 09:30:00,29.629,17.960604
2020-04-19 09:45:00,30.7275,18.28745
2020-04-19 10:00:00,31.826,18.710604
2020-04-19 10:15:00,32.925,19.128204
2020-04-19 10:30:00,34.0235,19.227224
2020-04-19 10:45:00,35.3415,19.25282
2020-04-19 11:00:00,36.4405,19.597116
2020-04-19 11:15:00,36.88,19.930172
2020-04-19 11:30:00,37.539,20.309357
2020-04-19 11:45:00,38.1985,20.695953
2020-04-19 12:00:00,38.6375,21.11146
2020-04-19 12:15:00,39.077,21.408686
2020-04-19 12:30:00,39.077,21.791643
2020-04-19 12:45:00,39.7365,22.305088
2020-04-19 13:00:00,40.1755,22.69376
2020-04-19 13:15:00,40.8345,23.194534
2020-04-19 13:30:00,41.7135,23.687819
2020-04-19 13:45:00,42.373,23.983252
2020-04-19 14:00:00,42.8125,24.18656
2020-04-19 14:15:00,43.252,24.31499
2020-04-19 14:30:00,43.472,24.29456
2020-04-19 14:45:00,43.6915,24.275728
2020-04-19 15:00:00,43.911,24.114355
2020-04-19 15:15:00,43.911,24.03789
2020-04-19 15:30:00,43.472,23.848385
2020-04-19 15:45:00,42.8125,23.43098
2020-04-19 16:00:00,42.373,23.100027
2020-04-19 16:15:00,41.9335,22.854364
2020-04-19 16:30:00,41.494,22.63347
2020-04-19 16:45:00,41.274,22.409826
2020-04-19 17:00:00,40.835,22.211866
2020-04-19 17:15:00,40.3955,21.639257
2020-04-19 17:30:00,39.956,21.125816
2020-04-19 17:45:00,39.7365,20.843725
2020-04-19 18:00:00,39.297,20.427664
2020-04-19 18:15:00,38.8575,20.267715
2020-04-19 18:30:00,38.418,20.05007
2020-04-19 18:45:00,37.7585,20.015558
2020-04-19 19:00:00,37.0995,20.088228
2020-04-19 19:15:00,36.66,20.101221
2020-04-19 19:30:00,36.2205,20.180288
2020-04-19 19:45:00,35.7815,20.300972
2020-04-19 20:00:00,35.3415,20.286192
2020-04-19 20:15:00,34.9025,20.353443
2020-04-19 20:30:00,34.6825,20.309248
2020-04-19 20:45:00,34.2435,20.102882
2020-04-19 21:00:00,33.8035,19.958643
2020-04-19 21:15:00,33.3645,19.804379
2020-04-19 21:30:00,33.3645,19.657618
2020-04-19 21:45:00,33.3645,19.522345
2020-04-19 22:00:00,32.9245,19.34841
2020-04-19 22:15:00,32.9245,19.274378
2020-04-19 22:30:00,32.4855,19.172419
2020-04-19 22:45:00,32.4855,19.09043
2020-04-19 23:00:00,32.2655,18.921507
2020-04-19 23:15:00,32.2655,18.814562
2020-04-19 23:30:00,31.826,18.53585
2020-04-19 23:45:00,31.826,18.105206
2020-04-20 00:00:00,31.3865,17.908628
2020-04-20 00:15:00,31.3865,17.66371
2020-04-20 00:30:00,30.9475,17.42851
2020-04-20 00:45:00,30.7275,16.953665
2020-04-20 01:00:00,30.7275,16.608301
2020-04-20 01:15:00,30.5075,16.10535
2020-04-20 01:30:00,30.288,15.687945
2020-04-20 01:45:00,30.288,15.13276
2020-04-20 02:00:00,30.0685,14.586623
2020-04-20 02:15:00,29.849,14.165002
2020-04-20 02:30:00,29.849,13.849557
2020-04-20 02:45:00,29.849,13.509613
2020-04-20 03:00:00,29.629,13.415608
2020-04-20 03:15:00,29.629,13.337411
2020-04-20 03:30:00,29.1895,13.306595
2020-04-20 03:45:00,29.1895,13.238479
2020-04-20 04:00:00,28.9695,13.167094
2020-04-20 04:15:00,28.75,13.036265
2020-04-20 04:30:00,28.75,12.949902
2020-04-20 04:45:00,28.3105,12.856283
2020-04-20 05:00:00,28.3105,12.755983
2020-04-20 05:15:00,27.871,12.669486
2020-04-20 05:30:00,27.871,12.584165
2020-04-20 05:45:00,27.6515,12.526608
2020-04-20 06:00:00,27.212,12.501921
2020-04-20 06:15:00,27.212,12.49872
2020-04-20 06:30:00,27.212,12.557644
2020-04-20 06:45:00,27.212,12.633644
2020-04-20 07:00:00,27.212,12.814473
2020-04-20 07:15:00,27.6515,13.074247
2020-04-20 07:30:00,28.0905,13.378037
2020-04-20 07:45:00,28.75,13.76699
2020-04-20 08:00:00,29.1895,14.184633
2020-04-20 08:15:00,29.629,14.659686
2020-04-20 08:30:00,30.0685,15.23963
2020-04-20 08:45:00,30.7275,15.809043
2020-04-20 09:00:00,31.1665,16.581629
2020-04-20 09:15:00,31.6065,17.898401
2020-04-20 09:30:00,32.2655,19.233795
2020-04-20 09:45:00,32.9245,20.650347
2020-04-20 10:00:00,33.8035,22.238565
2020-04-20 10:15:00,34.683,23.733707
2020-04-20 10:30:00,35.5615,25.027697
2020-04-20 10:45:00,36.001,26.173132
2020-04-20 11:00:00,36.88,27.354612
2020-04-20 11:15:00,37.539,28.277987
2020-04-20 11:30:00,37.9785,29.05079
2020-04-20 11:45:00,38.198,29.509352
2020-04-20 12:00:00,38.418,29.806112
2020-04-20 12:15:00,38.638,30.063005
2020-04-20 12:30:00,38.6375,30.154818
2020-04-20 12:45:00,38.8575,30.536478
2020-04-20 13:00:00,39.517,30.687422
2020-04-20 13:15:00,39.517,31.168081
2020-04-20 13:30:00,40.3955,31.56944
2020-04-20 13:45:00,41.0545,31.90226
2020-04-20 14:00:00,41.9335,31.952784
2020-04-20 14:15:00,42.373,31.945826
2020-04-20 14:30:00,42.1535,31.929422
2020-04-20 14:45:00,41.9335,31.7433
2020-04-20 15:00:00,41.494,31.38875
2020-04-20 15:15:00,41.2745,31.189646
2020-04-20 15:30:00,41.494,30.769554
2020-04-20 15:45:00,41.714,30.298204
2020-04-20 16:00:00,41.9335,29.756252
2020-04-20 16:15:00,41.9335,29.082075
2020-04-20 16:30:00,41.9335,28.471823
2020-04-20 16:45:00,41.9335,27.955976
2020-04-20 17:00:00,41.494,27.507257
2020-04-20 17:15:00,41.494,26.778303
2020-04-20 17:30:00,41.0545,26.320803
2020-04-20 17:45:00,40.3955,25.835073
2020-04-20 18:00:00,39.956,25.206774
2020-04-20 18:15:00,39.517,24.466208
2020-04-20 18:30:00,39.297,23.887302
2020-04-20 18:45:00,38.6375,23.348593
2020-04-20 19:00:00,38.418,22.912374
2020-04-20 19:15:00,37.9785,22.566317
2020-04-20 19:30:00,37.539,22.140951
2020-04-20 19:45:00,37.3195,21.47621
2020-04-20 20:00:00,36.8795,20.8514
2020-04-20 20:15:00,36.66,20.191328
2020-04-20 20:30:00,36.4405,19.527056
2020-04-20 20:45:00,36.001,19.118279
2020-04-20 21:00:00,35.7815,18.768808
2020-04-20 21:15:00,35.3415,18.44599
2020-04-20 21:30:00,35.3415,18.107924
2020-04-20 21:45:00,34.9025,17.83901
2020-04-20 22:00:00,34.683,17.580002
2020-04-20 22:15:00,34.243,17.482191
2020-04-20 22:30:00,34.243,17.2502
2020-04-20 22:45:00,33.804,16.96387
2020-04-20 23:00:00,33.804,16.765265
2020-04-20 23:15:00,33.584,16.688856
2020-04-20 23:30:00,33.364,16.539295
2020-04-20 23:45:00,33.1445,16.451197
2020-04-21 00:00:00,32.925,16.416246
2020-04-21 00:15:00,32.925,16.291119
2020-04-21 00:30:00,32.925,16.210197
2020-04-21 00:45:00,32.705,16.069818
2020-04-21 01:00:00,32.485,15.942405
2020-04-21 01:15:00,32.485,15.753213
2020-04-21 01:30:00,32.485,15.563576
2020-04-21 01:45:00,32.2655,15.413098
2020-04-21 02:00:00,32.2655,15.1958685
2020-04-21 02:15:00,32.2655,15.005249
2020-04-21 02:30:00,32.046,14.837791
2020-04-21 02:45:00,31.826,14.711026
2020-04-21 03:00:00,31.606,14.546102
2020-04-21 03:15:00,31.606,14.407153
2020-04-21 03:30:00,31.606,14.339481
2020-04-21 03:45:00,31.606,14.253107
2020-04-21 04:00:00,31.167,14.154225
2020-04-21 04:15:00,31.167,14.003022
2020-04-21 04:30:00,31.167,13.890449
2020-04-21 04:45:00,30.7275,13.7663145
2020-04-21 05:00:00,30.508,13.646379
2020-04-21 05:15:00,30.288,13.445784
2020-04-21 05:30:00,30.288,13.344364
2020-04-21 05:45:00,30.288,13.226671
2020-04-21 06:00:00,29.849,13.086215
2020-04-21 06:15:00,29.849,13.074425
2020-04-21 06:30:00,29.849,13.068045
2020-04-21 06:45:00,29.849,13.023471
2020-04-21 07:00:00,29.849,13.084867
2020-04-21 07:15:00,29.849,13.170469
2020-04-21 07:30:00,29.849,13.472003
2020-04-21 07:45:00,30.288,13.757867
2020-04-21 08:00:00,30.288,14.195339
2020-04-21 08:15:00,30.5075,14.57142
2020-04-21 08:30:00,30.7275,15.1795435
2020-04-21 08:45:00,30.7275,15.836537
2020-04-21 09:00:00,30.9475,16.583323
2020-04-21 09:15:00,31.167,17.177572
2020-04-21 09:30:00,31.3865,17.937422
2020-04-21 09:45:00,31.606,18.607344
2020-04-21 10:00:00,31.826,19.44304
2020-04-21 10:15:00,31.826,20.0448
2020-04-21 10:30:00,32.2655,20.594011
2020-04-21 10:45:00,32.925,21.310724
2020-04-21 11:00:00,33.364,22.084631
2020-04-21 11:15:00,33.364,22.704733
2020-04-21 11:30:00,33.364,23.210989
2020-04-21 11:45:00,33.364,23.435713
2020-04-21 12:00:00,33.364,23.740091
2020-04-21 12:15:00,33.364,23.907387
2020-04-21 12:30:00,33.364,23.871435
2020-04-21 12:45:00,33.804,24.174356
2020-04-21 13:00:00,34.463,24.347647
2020-04-21 13:15:00,35.5615,24.80454
2020-04-21 13:30:00,36.4405,25.30002
2020-04-21 13:45:00,36.4405,25.680296
2020-04-21 14:00:00,36.2205,25.77602
2020-04-21 14:15:00,35.781,25.71557
2020-04-21 14:30:00,35.122,25.696314
2020-04-21 14:45:00,34.683,25.551516
2020-04-21 15:00:00,34.243,25.279676
2020-04-21 15:15:00,34.0235,24.813349
2020-04-21 15:30:00,33.804,24.434387
2020-04-21 15:45:00,33.584,23.921698
2020-04-21 16:00:00,33.364,23.421686
2020-04-21 16:15:00,33.364,22.883608
2020-04-21 16:30:00,32.925,22.432743
2020-04-21 16:45:00,32.925,21.910076
2020-04-21 17:00:00,32.925,21.437515
2020-04-21 17:15:00,32.925,21.134695
2020-04-21 17:30:00,32.2655,20.75031
2020-04-21 17:45:00,31.167,20.391104
2020-04-21 18:00:00,30.9475,19.739592
2020-04-21 18:15:00,30.7275,19.071037
2020-04-21 18:30:00,30.5075,18.415585
2020-04-21 18:45:00,30.5075,17.69086
2020-04-21 19:00:00,30.5075,17.041904
2020-04-21 19:15:00,30.5075,16.68219
2020-04-21 19:30:00,30.7275,16.244394
2020-04-21 19:45:00,30.7275,15.860783
2020-04-21 20:00:00,30.7275,15.402952
2020-04-21 20:15:00,30.7275,14.928488
2020-04-21 20:30:00,30.9475,14.495898
2020-04-21 20:45:00,30.9475,14.028578
2020-04-21 21:00:00,30.9475,13.498047
2020-04-21 21:15:00,30.9475,12.979349
2020-04-21 21:30:00,30.9475,12.524272
2020-04-21 21:45:00,30.9475,12.142845
2020-04-21 22:00:00,30.9475,11.930555
2020-04-21 22:15:00,30.7275,11.68649
2020-04-21 22:30:00,30.7275,11.37129
2020-04-21 22:45:00,30.7275,11.035549
2020-04-21 23:00:00,30.7275,10.733525
2020-04-21 23:15:00,30.7275,10.542192
2020-04-21 23:30:00,30.7275,10.374918
2020-04-21 23:45:00,30.7275,10.185801
2020-04-22 00:00:00,30.288,10.0456505
2020-04-22 00:15:00,29.849,9.943002
2020-04-22 00:30:00,29.629,9.747852
2020-04-22 00:45:00,29.629,9.493568
2020-04-22 01:00:00,29.629,9.336128
2020-04-22 01:15:00,29.629,9.219818
2020-04-22 01:30:00,29.849,9.141357
2020-04-22 01:45:00,29.849,9.113354
2020-04-22 02:00:00,29.849,9.081112
2020-04-22 02:15:00,29.849,9.049701
2020-04-22 02:30:00,29.849,9.03993
2020-04-22 02:45:00,29.849,8.992208
2020-04-22 03:00:00,30.0685,8.931544
2020-04-22 03:15:00,30.0685,8.888875
2020-04-22 03:30:00,30.0685,8.8676405
2020-04-22 03:45:00,30.0685,8.794427
2020-04-22 04:00:00,30.0685,8.777803
2020-04-22 04:15:00,30.0685,8.773472
2020-04-22 04:30:00,29.629,8.730586
2020-04-22 04:45:00,29.629,8.694232
2020-04-22 05:00:00,28.0905,8.642696
2020-04-22 05:15:00,27.212,8.610867
2020-04-22 05:30:00,27.212,8.625904
2020-04-22 05:45:00,26.7725,8.625557
2020-04-22 06:00:00,26.553,8.661213
2020-04-22 06:15:00,26.333,8.717061
2020-04-22 06:30:00,26.333,8.703147
2020-04-22 06:45:00,26.333,8.668837
2020-04-22 07:00:00,26.113,8.646959
2020-04-22 07:15:00,26.113,8.650587
2020-04-22 07:30:00,25.8935,8.642797
2020-04-22 07:45:00,25.8935,8.671469
2020-04-22 08:00:00,26.1135,8.800694
2020-04-22 08:15:00,26.333,8.918292
2020-04-22 08:30:00,26.5525,9.061827
2020-04-22 08:45:00,26.7725,9.284086
2020-04-22 09:00:00,27.212,9.620201
2020-04-22 09:15:00,27.651,9.92997
2020-04-22 09:30:00,28.091,10.230955
2020-04-22 09:45:00,28.3105,10.7088175
2020-04-22 10:00:00,28.53,11.302073
2020-04-22 10:15:00,28.97,11.801353
2020-04-22 10:30:00,29.409,12.717562
2020-04-22 10:45:00,29.849,13.654396
2020-04-22 11:00:00,30.508,14.553851
2020-04-22 11:15:00,31.167,15.429351
2020-04-22 11:30:00,32.046,16.215254
2020-04-22 11:45:00,32.485,16.905682
2020-04-22 12:00:00,33.1445,17.361248
2020-04-22 12:15:00,33.584,17.632086
2020-04-22 12:30:00,33.8035,17.881521
2020-04-22 12:45:00,33.8035,18.177107
2020-04-22 13:00:00,33.8035,18.44535
2020-04-22 13:15:00,34.0235,18.8352
2020-04-22 13:30:00,34.2435,19.109129
2020-04-22 13:45:00,34.2435,19.381784
2020-04-22 14:00:00,34.2435,19.703526
2020-04-22 14:15:00,34.463,19.93331
2020-04-22 14:30:00,34.9025,20.004402
2020-04-22 14:45:00,35.122,19.995806
2020-04-22 15:00:00,35.5615,19.91998
2020-04-22 15:15:00,36.001,19.966696
2020-04-22 15:30:00,36.2205,19.925375
2020-04-22 15:45:00,36.4405,19.853304
2020-04-22 16:00:00,36.4405,19.51218
2020-04-22 16:15:00,36.4405,19.159613
2020-04-22 16:30:00,36.4405,18.76022
2020-04-22 16:45:00,36.4405,18.40644
2020-04-22 17:00:00,36.4405,18.029097
2020-04-22 17:15:00,36.221,17.529358
2020-04-22 17:30:00,36.001,17.052603
2020-04-22 17:45:00,35.7815,16.645864
2020-04-22 18:00:00,35.5615,16.178585
2020-04-22 18:15:00,35.3415,15.710884
2020-04-22 18:30:00,35.122,15.267649
2020-04-22 18:45:00,34.6825,14.889507
2020-04-22 19:00:00,34.463,14.533329
2020-04-22 19:15:00,34.2435,14.20969
2020-04-22 19:30:00,33.8035,13.905552
2020-04-22 19:45:00,33.8035,13.628225
2020-04-22 20:00:00,33.3645,13.320134
2020-04-22 20:15:00,33.3645,13.141985
2020-04-22 20:30:00,33.3645,13.014008
2020-04-22 20:45:00,32.9245,12.883477
2020-04-22 21:00:00,32.9245,12.885549
2020-04-22 21:15:00,32.9245,12.8243
2020-04-22 21:30:00,32.705,12.822771
2020-04-22 21:45:00,32.4855,12.837389
2020-04-22 22:00:00,32.4855,12.857479
2020-04-22 22:15:00,32.0455,12.983629
2020-04-22 22:30:00,32.0455,12.979362
2020-04-22 22:45:00,31.826,13.024214
2020-04-22 23:00:00,31.6065,13.059507
2020-04-22 23:15:00,31.6065,13.11129
2020-04-22 23:30:00,31.6065,13.031023
2020-04-22 23:45:00,31.6065,12.886912
2020-04-23 00:00:00,31.167,12.849817
2020-04-23 00:15:00,31.167,12.844513
2020-04-23 00:30:00,30.9475,12.802802
2020-04-23 00:45:00,30.7275,12.828822
2020-04-23 01:00:00,30.5075,12.901699
2020-04-23 01:15:00,30.288,12.8948
2020-04-23 01:30:00,29.8485,12.920078
2020-04-23 01:45:00,29.629,12.934306
2020-04-23 02:00:00,29.4095,12.976089
2020-04-23 02:15:00,29.1895,13.061894
2020-04-23 02:30:00,29.1895,13.0458975
2020-04-23 02:45:00,28.75,12.9796715
2020-04-23 03:00:00,28.75,12.816557
2020-04-23 03:15:00,28.5305,12.574482
2020-04-23 03:30:00,28.5305,12.462696
2020-04-23 03:45:00,28.5305,12.344625
2020-04-23 04:00:00,28.0905,12.323133
2020-04-23 04:15:00,28.0905,12.359804
2020-04-23 04:30:00,28.0905,12.318134
2020-04-23 04:45:00,27.871,12.303951
2020-04-23 05:00:00,27.6515,12.338159
2020-04-23 05:15:00,27.6515,12.327656
2020-04-23 05:30:00,27.4315,12.317318
2020-04-23 05:45:00,27.4315,12.325498
2020-04-23 06:00:00,27.212,12.399937
2020-04-23 06:15:00,26.9925,12.38791
2020-04-23 06:30:00,26.9925,12.370936
2020-04-23 06:45:00,26.9925,12.301474
2020-04-23 07:00:00,26.9925,12.141127
2020-04-23 07:15:00,26.5525,12.073949
2020-04-23 07:30:00,26.5525,11.936226
2020-04-23 07:45:00,26.1135,11.830421
2020-04-23 08:00:00,25.2345,11.673082
2020-04-23 08:15:00,25.0145,11.491905
2020-04-23 08:30:00,24.3555,11.336073
2020-04-23 08:45:00,24.3555,11.293808
2020-04-23 09:00:00,23.916,11.493398
2020-04-23 09:15:00,23.4765,11.887964
2020-04-23 09:30:00,23.257,12.400584
2020-04-23 09:45:00,22.8175,12.865985
2020-04-23 10:00:00,22.8175,13.744815
2020-04-23 10:15:00,22.378,14.814044
2020-04-23 10:30:00,22.378,16.14584
2020-04-23 10:45:00,22.378,17.349424
2020-04-23 11:00:00,21.9385,18.54817
2020-04-23 11:15:00,21.719,19.66966
2020-04-23 11:30:00,21.499,20.64582
2020-04-23 11:45:00,21.499,21.460619
2020-04-23 12:00:00,21.0595,22.148085
2020-04-23 12:15:00,21.0595,22.524965
2020-04-23 12:30:00,20.84,22.745594
2020-04-23 12:45:00,20.6205,23.202532
2020-04-23 13:00:00,20.6205,23.5378
2020-04-23 13:15:00,20.6205,24.140413
2020-04-23 13:30:00,20.6205,24.520103
2020-04-23 13:45:00,20.6205,24.999388
2020-04-23 14:00:00,20.6205,25.324453
2020-04-23 14:15:00,20.6205,25.473265
2020-04-23 14:30:00,20.6205,25.647299
2020-04-23 14:45:00,20.6205,25.604856
2020-04-23 15:00:00,20.6205,25.50794
2020-04-23 15:15:00,20.6205,25.594364
2020-04-23 15:30:00,20.6205,25.584513
2020-04-23 15:45:00,20.6205,25.439676
2020-04-23 16:00:00,20.6205,25.13291
2020-04-23 16:15:00,20.6205,24.716139
2020-04-23 16:30:00,20.6205,24.501785
2020-04-23 16:45:00,21.0595,24.34407
2020-04-23 17:00:00,21.0595,24.309027
2020-04-23 17:15:00,21.0595,24.030508
2020-04-23 17:30:00,21.2795,23.710138
2020-04-23 17:45:00,21.2795,23.35724
2020-04-23 18:00:00,21.2795,22.958841
2020-04-23 18:15:00,21.499,22.531761
2020-04-23 18:30:00,21.499,22.106125
2020-04-23 18:45:00,21.499,21.698044
2020-04-23 19:00:00,21.499,21.359516
2020-04-23 19:15:00,21.7185,21.092974
2020-04-23 19:30:00,21.7185,20.793592
2020-04-23 19:45:00,21.2795,20.44363
2020-04-23 20:00:00,21.0595,20.048967
2020-04-23 20:15:00,21.0595,19.640692
2020-04-23 20:30:00,21.0595,19.419907
2020-04-23 20:45:00,21.0595,19.180494
2020-04-23 21:00:00,21.0595,18.980421
2020-04-23 21:15:00,21.0595,18.821863
2020-04-23 21:30:00,21.0595,18.678368
2020-04-23 21:45:00,21.0595,18.598114
2020-04-23 22:00:00,21.2795,18.572405
2020-04-23 22:15:00,21.2795,18.58232
2020-04-23 22:30:00,21.2795,18.492268
2020-04-23 22:45:00,21.2795,18.418236
2020-04-23 23:00:00,21.499,18.382862
2020-04-23 23:15:00,21.7185,18.398726
2020-04-23 23:30:00,21.7185,18.366577
2020-04-23 23:45:00,21.9385,18.38911
2020-04-24 00:00:00,21.9385,18.471762
2020-04-24 00:15:00,21.9385,18.687922
2020-04-24 00:30:00,21.9385,18.844357
2020-04-24 00:45:00,21.9385,18.971304
2020-04-24 01:00:00,21.9385,19.086126
2020-04-24 01:15:00,21.9385,19.318699
2020-04-24 01:30:00,21.9385,19.55982
2020-04-24 01:45:00,21.9385,19.708035
2020-04-24 02:00:00,22.158,19.956377
2020-04-24 02:15:00,22.158,20.171368
2020-04-24 02:30:00,22.158,20.237827
2020-04-24 02:45:00,21.719,20.377552
2020-04-24 03:00:00,21.719,20.352312
2020-04-24 03:15:00,21.719,20.397423
2020-04-24 03:30:00,21.719,20.465357
2020-04-24 03:45:00,21.719,20.420637
2020-04-24 04:00:00,21.719,20.557957
2020-04-24 04:15:00,21.9385,20.608446
2020-04-24 04:30:00,21.9385,20.57252
2020-04-24 04:45:00,21.9385,20.563843
2020-04-24 05:00:00,21.9385,20.406893
2020-04-24 05:15:00,21.9385,20.363718
2020-04-24 05:30:00,21.9385,20.29708
2020-04-24 05:45:00,21.7185,20.162382
2020-04-24 06:00:00,21.499,20.09553
2020-04-24 06:15:00,21.0595,19.996347
2020-04-24 06:30:00,21.0595,19.756605
2020-04-24 06:45:00,21.0595,19.59338
2020-04-24 07:00:00,21.0595,19.51462
2020-04-24 07:15:00,21.0595,19.444523
2020-04-24 07:30:00,21.0595,19.574795
2020-04-24 07:45:00,21.0595,19.774467
2020-04-24 08:00:00,21.0595,20.089298
2020-04-24 08:15:00,21.499,20.306667
2020-04-24 08:30:00,21.499,20.580042
2020-04-24 08:45:00,21.499,20.942974
2020-04-24 09:00:00,21.9385,21.232176
2020-04-24 09:15:00,22.378,21.565588
2020-04-24 09:30:00,22.8175,22.293404
2020-04-24 09:45:00,23.4765,22.920904
2020-04-24 10:00:00,24.1355,23.71894
2020-04-24 10:15:00,24.5755,24.456448
2020-04-24 10:30:00,25.0145,25.19558
2020-04-24 10:45:00,25.4545,26.219418
2020-04-24 11:00:00,25.8935,27.391453
2020-04-24 11:15:00,25.8935,27.999998
2020-04-24 11:30:00,26.333,28.6358
2020-04-24 11:45:00,26.7725,29.019657
2020-04-24 12:00:00,27.212,29.328585
2020-04-24 12:15:00,27.6515,29.584112
2020-04-24 12:30:00,27.6515,29.868168
2020-04-24 12:45:00,27.6515,30.327795
2020-04-24 13:00:00,27.6515,30.55706
2020-04-24 13:15:00,27.432,30.97186
2020-04-24 13:30:00,27.432,31.361435
2020-04-24 13:45:00,27.432,31.669472
2020-04-24 14:00:00,27.432,31.81967
2020-04-24 14:15:00,27.432,31.942402
2020-04-24 14:30:00,27.432,32.19217
2020-04-24 14:45:00,27.432,32.31638
2020-04-24 15:00:00,27.432,32.200237
2020-04-24 15:15:00,27.432,32.173836
2020-04-24 15:30:00,27.432,31.891638
2020-04-24 15:45:00,27.212,31.45792
2020-04-24 16:00:00,27.212,30.95029
2020-04-24 16:15:00,27.212,30.480564
2020-04-24 16:30:00,26.992,29.889147
2020-04-24 16:45:00,26.992,29.31227
2020-04-24 17:00:00,26.992,28.709757
2020-04-24 17:15:00,26.992,27.804834
2020-04-24 17:30:00,26.7725,26.941975
2020-04-24 17:45:00,26.7725,26.180786
2020-04-24 18:00:00,26.7725,25.351402
2020-04-24 18:15:00,26.5525,24.636927
2020-04-24 18:30:00,26.333,23.882492
2020-04-24 18:45:00,25.8935,23.475906
2020-04-24 19:00:00,25.4545,23.012098
2020-04-24 19:15:00,25.4545,22.590414
2020-04-24 19:30:00,25.0145,22.22265
2020-04-24 19:45:00,24.5755,21.82745
2020-04-24 20:00:00,24.1355,21.386557
2020-04-24 20:15:00,24.1355,20.941029
2020-04-24 20:30:00,23.6965,20.457647
2020-04-24 20:45:00,23.2565,20.112175
2020-04-24 21:00:00,23.2565,19.942898
2020-04-24 21:15:00,22.8175,19.820568
2020-04-24 21:30:00,22.8175,19.649288
2020-04-24 21:45:00,22.5975,19.515419
2020-04-24 22:00:00,22.378,19.468569
2020-04-24 22:15:00,22.378,19.47895
2020-04-24 22:30:00,21.9385,19.421083
2020-04-24 22:45:00,21.9385,19.3922
2020-04-24 23:00:00,21.9385,19.376738
2020-04-24 23:15:00,21.9385,19.329462
2020-04-24 23:30:00,21.499,19.241459
2020-04-24 23:45:00,21.499,19.206776
2020-04-25 00:00:00,21.499,19.131985
2020-04-25 00:15:00,21.499,19.119904
2020-04-25 00:30:00,21.499,19.03776
2020-04-25 00:45:00,21.499,18.881243
2020-04-25 01:00:00,21.0595,18.820623
2020-04-25 01:15:00,21.0595,18.746765
2020-04-25 01:30:00,21.0595,18.627752
2020-04-25 01:45:00,21.0595,18.469534
2020-04-25 02:00:00,21.0595,18.368319
2020-04-25 02:15:00,21.0595,18.288065
2020-04-25 02:30:00,21.0595,18.179588
2020-04-25 02:45:00,21.0595,18.181204
2020-04-25 03:00:00,21.0595,18.099798
2020-04-25 03:15:00,20.6205,18.028183
2020-04-25 03:30:00,20.6205,18.015223
2020-04-25 03:45:00,20.6205,17.98484
2020-04-25 04:00:00,20.6205,18.16261
2020-04-25 04:15:00,20.4005,18.22627
2020-04-25 04:30:00,20.1805,18.25317
2020-04-25 04:45:00,20.1805,18.284101
2020-04-25 05:00:00,20.1805,18.150967
2020-04-25 05:15:00,20.1805,18.238737
2020-04-25 05:30:00,20.1805,18.24451
2020-04-25 05:45:00,20.1805,18.252274
2020-04-25 06:00:00,20.1805,18.398481
2020-04-25 06:15:00,20.1805,18.445704
2020-04-25 06:30:00,20.1805,18.347284
2020-04-25 06:45:00,20.1805,18.25178
2020-04-25 07:00:00,20.6205,18.213507
2020-04-25 07:15:00,20.84,18.211449
2020-04-25 07:30:00,21.279,18.377079
2020-04-25 07:45:00,21.719,18.506025
2020-04-25 08:00:00,22.378,18.650965
2020-04-25 08:15:00,22.8175,18.797083
2020-04-25 08:30:00,23.6965,19.007555
2020-04-25 08:45:00,24.3555,19.214949
2020-04-25 09:00:00,25.2345,19.398924
2020-04-25 09:15:00,26.1135,19.7144
2020-04-25 09:30:00,26.7725,20.138426
2020-04-25 09:45:00,27.6515,20.518028
2020-04-25 10:00:00,28.75,21.029772
2020-04-25 10:15:00,29.8485,21.55649
2020-04-25 10:30:00,31.167,22.451082
2020-04-25 10:45:00,32.046,23.261702
2020-04-25 11:00:00,33.1445,23.740252
2020-04-25 11:15:00,33.584,24.366259
2020-04-25 11:30:00,34.6825,25.083376
2020-04-25 11:45:00,34.902,25.57517
2020-04-25 12:00:00,34.4625,25.996521
2020-04-25 12:15:00,34.243,26.302309
2020-04-25 12:30:00,34.243,26.728651
2020-04-25 12:45:00,34.463,27.222744
2020-04-25 13:00:00,34.463,27.632063
2020-04-25 13:15:00,34.6825,28.022747
2020-04-25 13:30:00,35.5615,28.185314
2020-04-25 13:45:00,36.66,28.319254
2020-04-25 14:00:00,37.0995,28.559546
2020-04-25 14:15:00,37.539,28.779882
2020-04-25 14:30:00,37.9785,29.102648
2020-04-25 14:45:00,38.418,29.50878
2020-04-25 15:00:00,38.6375,29.784609
2020-04-25 15:15:00,38.6375,30.008263
2020-04-25 15:30:00,38.6375,30.150831
2020-04-25 15:45:00,38.418,29.828041
2020-04-25 16:00:00,37.9785,29.303957
2020-04-25 16:15:00,37.539,28.657616
2020-04-25 16:30:00,37.0995,28.154089
2020-04-25 16:45:00,36.66,27.703316
2020-04-25 17:00:00,36.221,27.42531
2020-04-25 17:15:00,35.5615,26.836338
2020-04-25 17:30:00,35.122,26.459347
2020-04-25 17:45:00,34.6825,26.069397
2020-04-25 18:00:00,34.0235,25.333485
2020-04-25 18:15:00,33.584,24.591986
2020-04-25 18:30:00,33.1445,23.800913
2020-04-25 18:45:00,32.4855,23.204237
2020-04-25 19:00:00,32.0455,22.436916
2020-04-25 19:15:00,31.167,22.086226
2020-04-25 19:30:00,30.7275,21.840134
2020-04-25 19:45:00,30.288,21.65955
2020-04-25 20:00:00,29.8485,21.361834
2020-04-25 20:15:00,29.4095,21.162966
2020-04-25 20:30:00,28.9695,20.81695
2020-04-25 20:45:00,28.5305,20.644133
2020-04-25 21:00:00,28.0905,20.579033
2020-04-25 21:15:00,27.6515,20.62549
2020-04-25 21:30:00,27.6515,20.65595
2020-04-25 21:45:00,27.212,20.739395
2020-04-25 22:00:00,27.212,20.794224
2020-04-25 22:15:00,26.992,20.941927
2020-04-25 22:30:00,26.7725,20.924015
2020-04-25 22:45:00,26.7725,20.924803
2020-04-25 23:00:00,26.7725,21.142797
2020-04-25 23:15:00,26.553,21.223276
2020-04-25 23:30:00,26.333,21.222298
2020-04-25 23:45:00,26.333,21.106222
2020-04-26 00:00:00,26.333,21.108229
2020-04-26 00:15:00,26.333,21.176962
2020-04-26 00:30:00,26.113,21.225237
2020-04-26 00:45:00,25.8935,21.20598
2020-04-26 01:00:00,25.8935,21.137577
2020-04-26 01:15:00,25.8935,21.127018
2020-04-26 01:30:00,25.8935,20.948256
2020-04-26 01:45:00,25.674,20.743557
2020-04-26 02:00:00,25.674,20.513025
2020-04-26 02:15:00,25.4545,20.432928
2020-04-26 02:30:00,25.4545,20.298746
2020-04-26 02:45:00,25.4545,20.215822
2020-04-26 03:00:00,25.4545,20.090334
2020-04-26 03:15:00,25.4545,19.88289
2020-04-26 03:30:00,25.4545,19.839354
2020-04-26 03:45:00,25.4545,19.628668
2020-04-26 04:00:00,25.4545,19.537577
2020-04-26 04:15:00,25.4545,19.457003
2020-04-26 04:30:00,25.4545,19.310663
2020-04-26 04:45:00,25.2345,18.999273
2020-04-26 05:00:00,25.2345,18.758833
2020-04-26 05:15:00,25.0145,18.65233
2020-04-26 05:30:00,25.0145,18.607565
2020-04-26 05:45:00,25.0145,18.595537
2020-04-26 06:00:00,25.0145,18.682297
2020-04-26 06:15:00,25.0145,18.741032
2020-04-26 06:30:00,25.0145,18.694685
2020-04-26 06:45:00,25.0145,18.603937
2020-04-26 07:00:00,25.0145,18.863062
2020-04-26 07:15:00,25.0145,19.006533
2020-04-26 07:30:00,25.2345,19.209028
2020-04-26 07:45:00,25.2345,19.562342
2020-04-26 08:00:00,25.4545,20.271154
2020-04-26 08:15:00,25.674,20.788763
2020-04-26 08:30:00,25.8935,21.37176
2020-04-26 08:45:00,26.333,22.121084
2020-04-26 09:00:00,26.5525,22.686108
2020-04-26 09:15:00,26.9925,23.137846
2020-04-26 09:30:00,27.212,23.563465
2020-04-26 09:45:00,27.6515,24.022058
2020-04-26 10:00:00,27.871,24.6982
2020-04-26 10:15:00,28.5305,25.17651
2020-04-26 10:30:00,28.9695,25.68547
2020-04-26 10:45:00,29.4095,26.235504
2020-04-26 11:00:00,29.8485,26.793226
2020-04-26 11:15:00,30.5075,27.57455
2020-04-26 11:30:00,31.167,28.486261
2020-04-26 11:45:00,31.826,28.911846
2020-04-26 12:00:00,32.2655,29.098354
2020-04-26 12:15:00,32.9245,29.319122
2020-04-26 12:30:00,33.584,29.696241
2020-04-26 12:45:00,34.2435,30.262644
2020-04-26 13:00:00,35.122,30.764366
2020-04-26 13:15:00,35.5615,31.320736
2020-04-26 13:30:00,36.001,31.632841
2020-04-26 13:45:00,36.8795,31.866022
2020-04-26 14:00:00,37.3195,32.04558
2020-04-26 14:15:00,37.7585,32.141064
2020-04-26 14:30:00,37.7585,32.355473
2020-04-26 14:45:00,37.7585,32.549458
2020-04-26 15:00:00,37.3195,32.561684
2020-04-26 15:15:00,36.8795,32.543507
2020-04-26 15:30:00,36.8795,32.38874
2020-04-26 15:45:00,36.66,32.08158
2020-04-26 16:00:00,36.66,31.496733
2020-04-26 16:15:00,36.4405,30.73312
2020-04-26 16:30:00,36.221,30.045574
2020-04-26 16:45:00,36.001,29.48977
2020-04-26 17:00:00,35.5615,28.972391
2020-04-26 17:15:00,35.122,28.239843
2020-04-26 17:30:00,34.9025,27.573507
2020-04-26 17:45:00,34.463,27.04651
2020-04-26 18:00:00,34.0235,26.257011
2020-04-26 18:15:00,33.584,25.424496
2020-04-26 18:30:00,33.3645,25.05098
2020-04-26 18:45:00,33.1445,24.791594
2020-04-26 19:00:00,32.705,24.382288
2020-04-26 19:15:00,32.2655,24.168222
2020-04-26 19:30:00,31.826,23.917135
2020-04-26 19:45:00,31.6065,23.731354
2020-04-26 20:00:00,31.3865,23.48284
2020-04-26 20:15:00,30.9475,23.231037
2020-04-26 20:30:00,30.5075,23.046228
2020-04-26 20:45:00,30.5075,22.939589
2020-04-26 21:00:00,30.0685,22.878656
2020-04-26 21:15:00,29.8485,22.80979
2020-04-26 21:30:00,29.629,22.748575
2020-04-26 21:45:00,29.1895,22.722788
2020-04-26 22:00:00,28.9695,22.622923
2020-04-26 22:15:00,28.75,22.524828
2020-04-26 22:30:00,28.5305,22.522295
2020-04-26 22:45:00,28.5305,22.450651
2020-04-26 23:00:00,28.0905,22.509747
2020-04-26 23:15:00,28.0905,22.436243
2020-04-26 23:30:00,27.871,22.318672
2020-04-26 23:45:00,27.6515,21.998985
2020-04-27 00:00:00,27.6515,21.776964
2020-04-27 00:15:00,27.212,21.584969
2020-04-27 00:30:00,27.212,21.466148
2020-04-27 00:45:00,26.7725,21.335825
2020-04-27 01:00:00,26.7725,21.175093
2020-04-27 01:15:00,26.333,21.159082
2020-04-27 01:30:00,26.333,21.014887
2020-04-27 01:45:00,25.8935,20.842718
2020-04-27 02:00:00,25.8935,20.621647
2020-04-27 02:15:00,25.8935,20.523367
2020-04-27 02:30:00,25.4545,20.316298
2020-04-27 02:45:00,25.4545,20.199612
2020-04-27 03:00:00,25.0145,20.054346
2020-04-27 03:15:00,25.0145,19.735563
2020-04-27 03:30:00,24.5755,19.397463
2020-04-27 03:45:00,24.5755,19.057587
2020-04-27 04:00:00,24.1355,18.878721
2020-04-27 04:15:00,24.1355,18.634203
2020-04-27 04:30:00,24.1355,18.314075
2020-04-27 04:45:00,23.6965,18.001276
2020-04-27 05:00:00,23.6965,17.712816
2020-04-27 05:15:00,23.4765,17.478865
2020-04-27 05:30:00,23.2565,17.274614
2020-04-27 05:45:00,23.2565,17.053526
2020-04-27 06:00:00,23.2565,17.0035
2020-04-27 06:15:00,23.2565,16.977983
2020-04-27 06:30:00,23.2565,16.963346
2020-04-27 06:45:00,23.2565,16.893345
2020-04-27 07:00:00,23.2565,17.09136
2020-04-27 07:15:00,23.6965,17.415394
2020-04-27 07:30:00,24.1355,17.778336
2020-04-27 07:45:00,25.0145,18.126032
2020-04-27 08:00:00,25.4545,18.620592
2020-04-27 08:15:00,26.1135,19.292374
2020-04-27 08:30:00,26.9925,19.834642
2020-04-27 08:45:00,28.091,20.233488
2020-04-27 09:00:00,28.97,20.655935
2020-04-27 09:15:00,29.629,21.087465
2020-04-27 09:30:00,30.5075,21.391264
2020-04-27 09:45:00,31.6065,21.769344
2020-04-27 10:00:00,32.4855,22.235605
2020-04-27 10:15:00,33.364,22.476744
2020-04-27 10:30:00,34.463,22.831999
2020-04-27 10:45:00,35.5615,23.003895
2020-04-27 11:00:00,36.6605,23.282309
2020-04-27 11:15:00,37.3195,23.475101
2020-04-27 11:30:00,37.759,23.78137
2020-04-27 11:45:00,38.198,23.977999
2020-04-27 12:00:00,38.8575,24.244804
2020-04-27 12:15:00,39.5165,24.273756
2020-04-27 12:30:00,39.7365,24.320059
2020-04-27 12:45:00,40.176,24.404411
2020-04-27 13:00:00,40.6155,24.558546
2020-04-27 13:15:00,41.4945,25.087132
2020-04-27 13:30:00,42.153,25.78209
2020-04-27 13:45:00,42.593,26.295914
2020-04-27 14:00:00,42.8125,26.483253
2020-04-27 14:15:00,43.252,26.608175
2020-04-27 14:30:00,43.252,26.797325
2020-04-27 14:45:00,42.8125,27.041986
2020-04-27 15:00:00,42.373,27.197422
2020-04-27 15:15:00,42.1535,27.250446
2020-04-27 15:30:00,42.1535,27.082302
2020-04-27 15:45:00,41.9335,26.788555
2020-04-27 16:00:00,41.7135,26.457586
2020-04-27 16:15:00,41.494,26.13703
2020-04-27 16:30:00,41.2745,25.740477
2020-04-27 16:45:00,40.835,25.444147
2020-04-27 17:00:00,40.3955,25.107702
2020-04-27 17:15:00,39.956,24.776117
2020-04-27 17:30:00,39.5165,24.274822
2020-04-27 17:45:00,39.0775,23.936502
2020-04-27 18:00:00,38.6375,23.392073
2020-04-27 18:15:00,38.1985,22.916077
2020-04-27 18:30:00,37.3195,22.33998
2020-04-27 18:45:00,36.8795,21.917986
2020-04-27 19:00:00,36.2205,21.332153
2020-04-27 19:15:00,35.5615,20.92334
2020-04-27 19:30:00,34.9025,20.542677
2020-04-27 19:45:00,34.463,20.141407
2020-04-27 20:00:00,33.8035,19.702538
2020-04-27 20:15:00,33.3645,19.388988
2020-04-27 20:30:00,32.9245,19.112143
2020-04-27 20:45:00,32.4855,18.93115
2020-04-27 21:00:00,32.0455,18.723797
2020-04-27 21:15:00,31.6065,18.608786
2020-04-27 21:30:00,31.167,18.552664
2020-04-27 21:45:00,31.167,18.503386
2020-04-27 22:00:00,30.7275,18.414736
2020-04-27 22:15:00,30.5075,18.328955
2020-04-27 22:30:00,30.288,18.263071
2020-04-27 22:45:00,29.8485,18.245564
2020-04-27 23:00:00,29.8485,18.345978
2020-04-27 23:15:00,29.4095,18.381561
2020-04-27 23:30:00,29.4095,18.331568
2020-04-27 23:45:00,29.1895,18.159975
2020-04-28 00:00:00,28.9695,18.04659
2020-04-28 00:15:00,28.9695,17.972986
2020-04-28 00:30:00,28.5305,17.979872
2020-04-28 00:45:00,28.5305,17.858442
2020-04-28 01:00:00,28.5305,17.86762
2020-04-28 01:15:00,28.3105,17.945967
2020-04-28 01:30:00,28.0905,17.903473
2020-04-28 01:45:00,28.0905,17.796732
2020-04-28 02:00:00,28.0905,17.78408
2020-04-28 02:15:00,28.0905,17.782919
2020-04-28 02:30:00,28.0905,17.628088
2020-04-28 02:45:00,27.6515,17.57582
2020-04-28 03:00:00,27.6515,17.39307
2020-04-28 03:15:00,27.4315,17.037106
2020-04-28 03:30:00,27.212,16.77954
2020-04-28 03:45:00,26.9925,16.489592
2020-04-28 04:00:00,26.9925,16.526468
2020-04-28 04:15:00,26.9925,16.452488
2020-04-28 04:30:00,26.5525,16.3361
2020-04-28 04:45:00,26.5525,16.354465
2020-04-28 05:00:00,26.5525,16.407932
2020-04-28 05:15:00,26.333,16.545738
2020-04-28 05:30:00,25.8935,16.637663
2020-04-28 05:45:00,25.8935,16.709608
2020-04-28 06:00:00,25.674,16.862215
2020-04-28 06:15:00,25.674,16.885742
2020-04-28 06:30:00,25.674,16.87374
2020-04-28 06:45:00,25.674,16.90662
2020-04-28 07:00:00,25.8935,17.004549
2020-04-28 07:15:00,26.333,17.241205
2020-04-28 07:30:00,26.7725,17.587889
2020-04-28 07:45:00,26.9925,17.85695
2020-04-28 08:00:00,27.651,18.21924
2020-04-28 08:15:00,28.091,18.494732
2020-04-28 08:30:00,28.97,18.838985
2020-04-28 08:45:00,29.849,18.898727
2020-04-28 09:00:00,30.508,19.094881
2020-04-28 09:15:00,31.167,19.607525
2020-04-28 09:30:00,31.826,20.202078
2020-04-28 09:45:00,32.485,20.805618
2020-04-28 10:00:00,33.364,21.553955
2020-04-28 10:15:00,34.0235,22.636717
2020-04-28 10:30:00,35.122,23.75746
2020-04-28 10:45:00,35.5615,24.631392
2020-04-28 11:00:00,36.44,25.56143
2020-04-28 11:15:00,37.0995,26.446966
2020-04-28 11:30:00,37.3195,27.35544
2020-04-28 11:45:00,37.759,28.111053
2020-04-28 12:00:00,38.198,28.515116
2020-04-28 12:15:00,38.6375,28.713116
2020-04-28 12:30:00,38.638,28.948626
2020-04-28 12:45:00,39.0775,29.268515
2020-04-28 13:00:00,39.5165,29.614883
2020-04-28 13:15:00,40.3955,30.099876
2020-04-28 13:30:00,41.0545,30.595001
2020-04-28 13:45:00,41.7135,30.903942
2020-04-28 14:00:00,42.1535,31.037783
2020-04-28 14:15:00,42.5925,31.082754
2020-04-28 14:30:00,42.8125,31.213243
2020-04-28 14:45:00,43.252,31.450441
2020-04-28 15:00:00,43.252,31.699524
2020-04-28 15:15:00,43.252,31.71809
2020-04-28 15:30:00,43.032,31.732836
2020-04-28 15:45:00,42.8125,31.475866
2020-04-28 16:00:00,42.373,31.09041
2020-04-28 16:15:00,41.9335,30.795565
2020-04-28 16:30:00,41.494,30.471287
2020-04-28 16:45:00,41.0545,30.210127
2020-04-28 17:00:00,40.615,29.936558
2020-04-28 17:15:00,40.3955,29.522234
2020-04-28 17:30:00,39.956,29.128534
2020-04-28 17:45:00,39.517,28.801779
2020-04-28 18:00:00,39.297,28.399925
2020-04-28 18:15:00,38.8575,28.129835
2020-04-28 18:30:00,38.418,27.834291
2020-04-28 18:45:00,37.539,27.50548
2020-04-28 19:00:00,37.0995,27.13541
2020-04-28 19:15:00,36.66,26.792143
2020-04-28 19:30:00,36.2205,26.475996
2020-04-28 19:45:00,36.001,26.217503
2020-04-28 20:00:00,35.7815,26.128319
2020-04-28 20:15:00,35.3415,25.97829
2020-04-28 20:30:00,35.122,25.831118
2020-04-28 20:45:00,34.6825,25.707956
2020-04-28 21:00:00,34.6825,25.709822
2020-04-28 21:15:00,34.2435,25.754179
2020-04-28 21:30:00,34.2435,25.697123
2020-04-28 21:45:00,33.8035,25.642076
2020-04-28 22:00:00,33.3645,25.574997
2020-04-28 22:15:00,32.9245,25.480871
2020-04-28 22:30:00,32.9245,25.314018
2020-04-28 22:45:00,32.4855,25.239086
2020-04-28 23:00:00,32.2655,25.205015
2020-04-28 23:15:00,32.0455,25.096796
2020-04-28 23:30:00,31.6065,24.984911
2020-04-28 23:45:00,31.387,24.872139
2020-04-29 00:00:00,31.167,24.797142
2020-04-29 00:15:00,31.167,24.81251
2020-04-29 00:30:00,30.7275,24.69876
2020-04-29 00:45:00,30.7275,24.594358
2020-04-29 01:00:00,30.7275,24.549461
2020-04-29 01:15:00,30.288,24.438147
2020-04-29 01:30:00,30.288,24.402575
2020-04-29 01:45:00,30.288,24.390211
2020-04-29 02:00:00,29.8485,24.333952
2020-04-29 02:15:00,29.8485,24.244228
2020-04-29 02:30:00,29.8485,24.1455
2020-04-29 02:45:00,29.8485,24.01008
2020-04-29 03:00:00,29.629,23.882952
2020-04-29 03:15:00,29.629,23.791159
2020-04-29 03:30:00,29.4095,23.631598
2020-04-29 03:45:00,29.1895,23.459238
2020-04-29 04:00:00,29.1895,23.209688
2020-04-29 04:15:00,28.9695,22.98362
2020-04-29 04:30:00,28.9695,22.915373
2020-04-29 04:45:00,28.75,22.891302
2020-04-29 05:00:00,28.5305,22.827543
2020-04-29 05:15:00,28.3105,22.711988
2020-04-29 05:30:00,28.3105,22.565844
2020-04-29 05:45:00,28.0905,22.428064
2020-04-29 06:00:00,28.0905,22.464262
2020-04-29 06:15:00,27.871,22.43979
2020-04-29 06:30:00,27.871,22.38629
2020-04-29 06:45:00,27.871,22.415096
2020-04-29 07:00:00,27.871,22.460873
2020-04-29 07:15:00,28.0905,22.50485
2020-04-29 07:30:00,28.5305,22.680994
2020-04-29 07:45:00,28.9695,22.88497
2020-04-29 08:00:00,29.1895,23.0986
2020-04-29 08:15:00,29.849,23.339933
2020-04-29 08:30:00,30.288,23.801035
2020-04-29 08:45:00,31.167,24.387976
2020-04-29 09:00:00,31.826,24.977316
2020-04-29 09:15:00,32.485,25.31317
2020-04-29 09:30:00,33.1445,25.781908
2020-04-29 09:45:00,33.584,26.202045
2020-04-29 10:00:00,34.0235,26.753477
2020-04-29 10:15:00,34.9025,27.242926
2020-04-29 10:30:00,35.3415,27.761602
2020-04-29 10:45:00,36.2205,28.369524
2020-04-29 11:00:00,37.0995,28.796679
2020-04-29 11:15:00,37.539,29.380188
2020-04-29 11:30:00,37.7585,29.928413
2020-04-29 11:45:00,38.1985,30.151377
2020-04-29 12:00:00,38.638,30.382956
2020-04-29 12:15:00,39.077,30.549974
2020-04-29 12:30:00,39.5165,30.65497
2020-04-29 12:45:00,39.956,30.883322
2020-04-29 13:00:00,40.6155,31.022097
2020-04-29 13:15:00,41.0545,31.359108
2020-04-29 13:30:00,41.0545,31.665556
2020-04-29 13:45:00,41.0545,31.781004
2020-04-29 14:00:00,41.0545,31.898392
2020-04-29 14:15:00,40.835,32.039646
2020-04-29 14:30:00,40.6155,32.09125
2020-04-29 14:45:00,40.3955,32.08287
2020-04-29 15:00:00,39.956,31.974413
2020-04-29 15:15:00,39.517,31.776705
2020-04-29 15:30:00,39.297,31.530594
2020-04-29 15:45:00,39.077,31.311766
2020-04-29 16:00:00,38.8575,31.080614
2020-04-29 16:15:00,38.418,30.573214
2020-04-29 16:30:00,38.418,30.230932
2020-04-29 16:45:00,38.418,29.940868
2020-04-29 17:00:00,37.9785,29.688349
2020-04-29 17:15:00,37.9785,29.365583
2020-04-29 17:30:00,37.7585,29.066359
2020-04-29 17:45:00,37.539,28.739042
2020-04-29 18:00:00,37.3195,28.386772
2020-04-29 18:15:00,37.0995,28.065203
2020-04-29 18:30:00,36.8795,27.69745
2020-04-29 18:45:00,36.66,27.327032
2020-04-29 19:00:00,36.2205,26.979424
2020-04-29 19:15:00,36.001,26.639088
2020-04-29 19:30:00,35.7815,26.267382
2020-04-29 19:45:00,35.5615,25.905947
2020-04-29 20:00:00,35.3415,25.544077
2020-04-29 20:15:00,35.122,25.167528
2020-04-29 20:30:00,34.9025,24.798792
2020-04-29 20:45:00,34.463,24.433569
2020-04-29 21:00:00,34.463,24.066912
2020-04-29 21:15:00,34.0235,23.763796
2020-04-29 21:30:00,34.0235,23.446878
2020-04-29 21:45:00,33.584,23.19929
2020-04-29 22:00:00,33.3645,22.909044
2020-04-29 22:15:00,33.1445,22.646639
2020-04-29 22:30:00,32.9245,22.431147
2020-04-29 22:45:00,32.705,22.228329
2020-04-29 23:00:00,32.705,22.003735
2020-04-29 23:15:00,32.705,21.768993
2020-04-29 23:30:00,32.4855,21.585424
2020-04-29 23:45:00,32.4855,21.404226
2020-04-30 00:00:00,32.2655,21.253345
2020-04-30 00:15:00,32.2655,21.046362
2020-04-30 00:30:00,32.0455,20.900381
2020-04-30 00:45:00,31.826,20.720217
2020-04-30 01:00:00,31.6065,20.514791
2020-04-30 01:15:00,31.6065,20.253855
2020-04-30 01:30:00,31.167,20.05567
2020-04-30 01:45:00,31.167,19.830456
2020-04-30 02:00:00,30.9475,19.605608
2020-04-30 02:15:00,30.9475,19.354458
2020-04-30 02:30:00,30.9475,19.152224
2020-04-30 02:45:00,30.9475,18.93461
2020-04-30 03:00:00,30.7275,18.912321
2020-04-30 03:15:00,30.7275,18.890179
2020-04-30 03:30:00,30.7275,18.882412
2020-04-30 03:45:00,30.5075,18.734037
2020-04-30 04:00:00,30.5075,18.599665
2020-04-30 04:15:00,30.5075,18.472551
2020-04-30 04:30:00,30.288,18.372953
2020-04-30 04:45:00,30.288,18.308905
2020-04-30 05:00:00,30.0685,18.100615
2020-04-30 05:15:00,29.8485,17.979618
2020-04-30 05:30:00,29.8485,17.904371
2020-04-30 05:45:00,29.629,17.764555
2020-04-30 06:00:00,29.629,17.653994
2020-04-30 06:15:00,29.629,17.63717
2020-04-30 06:30:00,29.629,17.625687
2020-04-30 06:45:00,29.629,17.575573
2020-04-30 07:00:00,29.8485,17.617739
2020-04-30 07:15:00,29.8485,17.689102
2020-04-30 07:30:00,30.288,17.867298
2020-04-30 07:45:00,30.7275,18.119442
2020-04-30 08:00:00,31.167,18.363295
2020-04-30 08:15:00,31.826,18.611338
2020-04-30 08:30:00,32.2655,18.904875
2020-04-30 08:45:00,32.4855,19.251482
2020-04-30 09:00:00,32.9245,19.65037
2020-04-30 09:15:00,33.584,19.827326
2020-04-30 09:30:00,34.0235,19.939213
2020-04-30 09:45:00,34.6825,20.09865
2020-04-30 10:00:00,35.122,20.371653
2020-04-30 10:15:00,35.5615,20.551252
2020-04-30 10:30:00,36.4405,20.68513
2020-04-30 10:45:00,37.3195,20.727037
2020-04-30 11:00:00,37.7585,21.019274
2020-04-30 11:15:00,38.1985,21.172327
2020-04-30 11:30:00,38.8575,21.422293
2020-04-30 11:45:00,39.297,21.653032
2020-04-30 12:00:00,39.736,21.816702
2020-04-30 12:15:00,40.176,22.084452
2020-04-30 12:30:00,40.615,22.178509
2020-04-30 12:45:00,41.2745,22.54839
2020-04-30 13:00:00,41.494,22.734861
2020-04-30 13:15:00,41.9335,23.068815
2020-04-30 13:30:00,41.9335,23.333323
2020-04-30 13:45:00,42.593,23.585928
2020-04-30 14:00:00,42.593,23.84515
2020-04-30 14:15:00,42.593,24.055159
2020-04-30 14:30:00,42.593,24.270052
2020-04-30 14:45:00,42.153,24.41867
2020-04-30 15:00:00,41.9335,24.394678
2020-04-30 15:15:00,41.714,24.544064
2020-04-30 15:30:00,41.494,24.513586
2020-04-30 15:45:00,41.494,24.524527
2020-04-30 16:00:00,41.494,24.371496
2020-04-30 16:15:00,41.274,24.040562
2020-04-30 16:30:00,41.274,23.882719
2020-04-30 16:45:00,41.274,23.728104
2020-04-30 17:00:00,40.835,23.678122
2020-04-30 17:15:00,40.835,23.417915
2020-04-30 17:30:00,40.3955,23.312037
2020-04-30 17:45:00,40.3955,23.147263
2020-04-30 18:00:00,39.956,22.918192
2020-04-30 18:15:00,39.7365,22.63688
2020-04-30 18:30:00,39.297,22.359083
2020-04-30 18:45:00,39.077,22.18467
2020-04-30 19:00:00,38.8575,22.198328
2020-04-30 19:15:00,38.418,22.192396
2020-04-30 19:30:00,37.9785,22.17407
2020-04-30 19:45:00,37.539,22.178719
2020-04-30 20:00:00,37.539,22.100677
2020-04-30 20:15:00,37.0995,22.018059
2020-04-30 20:30:00,36.8795,21.93118
2020-04-30 20:45:00,36.66,21.804052
2020-04-30 21:00:00,36.4405,21.717703
2020-04-30 21:15:00,36.001,21.717432
2020-04-30 21:30:00,36.001,21.606726
2020-04-30 21:45:00,35.7815,21.45189
2020-04-30 22:00:00,35.5615,21.258465
2020-04-30 22:15:00,35.5615,21.12113
2020-04-30 22:30:00,35.122,21.075304
2020-04-30 22:45:00,35.122,21.023119
2020-04-30 23:00:00,34.9025,20.865713
2020-04-30 23:15:00,34.6825,20.74571
2020-04-30 23:30:00,34.463,20.672129
2020-04-30 23:45:00,34.463,20.600544
2020-05-01 00:00:00,34.463,20.55337
2020-05-01 00:15:00,34.2435,20.510008
2020-05-01 00:30:00,34.2435,20.405577
2020-05-01 00:45:00,34.2435,20.315832
2020-05-01 01:00:00,34.0235,20.259151
2020-05-01 01:15:00,33.8035,20.219942
2020-05-01 01:30:00,33.8035,20.138441
2020-05-01 01:45:00,33.8035,20.050596
2020-05-01 02:00:00,33.8035,19.953266
2020-05-01 02:15:00,33.584,19.839067
2020-05-01 02:30:00,33.584,19.768715
2020-05-01 02:45:00,33.3645,19.705389
2020-05-01 03:00:00,33.3645,19.689356
2020-05-01 03:15:00,33.1445,19.7082
2020-05-01 03:30:00,32.9245,19.680353
2020-05-01 03:45:00,32.9245,19.534246
2020-05-01 04:00:00,32.4855,19.515284
2020-05-01 04:15:00,32.4855,19.462923
2020-05-01 04:30:00,32.4855,19.43464
2020-05-01 04:45:00,32.0455,19.351246
2020-05-01 05:00:00,32.0455,19.173235
2020-05-01 05:15:00,32.0455,19.09268
2020-05-01 05:30:00,31.826,19.087461
2020-05-01 05:45:00,31.6065,19.137335
2020-05-01 06:00:00,31.6065,19.173754
2020-05-01 06:15:00,31.6065,19.276031
2020-05-01 06:30:00,31.6065,19.356388
2020-05-01 06:45:00,31.6065,19.389738
2020-05-01 07:00:00,31.826,19.540977
2020-05-01 07:15:00,32.2655,19.69877
2020-05-01 07:30:00,32.4855,19.904097
2020-05-01 07:45:00,32.705,20.25783
2020-05-01 08:00:00,33.1445,20.722548
2020-05-01 08:15:00,33.3645,21.425735
2020-05-01 08:30:00,33.584,22.073492
2020-05-01 08:45:00,33.8035,22.808746
2020-05-01 09:00:00,34.0235,22.96263
2020-05-01 09:15:00,34.2435,23.2307
2020-05-01 09:30:00,34.463,23.989115
2020-05-01 09:45:00,34.9025,24.620478
2020-05-01 10:00:00,35.3415,25.480112
2020-05-01 10:15:00,35.7815,26.274446
2020-05-01 10:30:00,36.001,27.218603
2020-05-01 10:45:00,36.001,28.202478
2020-05-01 11:00:00,36.66,29.121565
2020-05-01 11:15:00,37.3195,30.011583
2020-05-01 11:30:00,37.3195,30.83969
2020-05-01 11:45:00,37.3195,31.366697
2020-05-01 12:00:00,37.3195,31.777931
2020-05-01 12:15:00,37.7585,31.900698
2020-05-01 12:30:00,38.1985,32.081722
2020-05-01 12:45:00,38.1985,32.472847
2020-05-01 13:00:00,38.1985,32.6769
2020-05-01 13:15:00,38.1985,33.083694
2020-05-01 13:30:00,38.1985,33.200363
2020-05-01 13:45:00,38.1985,33.329903
2020-05-01 14:00:00,38.1985,33.510773
2020-05-01 14:15:00,38.418,33.572453
2020-05-01 14:30:00,38.6375,33.59423
2020-05-01 14:45:00,39.077,33.38387
2020-05-01 15:00:00,39.7365,33.133263
2020-05-01 15:15:00,40.1755,33.015686
2020-05-01 15:30:00,40.1755,32.92086
2020-05-01 15:45:00,40.1755,32.478943
2020-05-01 16:00:00,39.7365,31.889467
2020-05-01 16:15:00,39.297,31.221102
2020-05-01 16:30:00,39.297,30.684134
2020-05-01 16:45:00,39.0775,30.18412
2020-05-01 17:00:00,38.6375,29.639383
2020-05-01 17:15:00,38.1985,29.011114
2020-05-01 17:30:00,37.7585,28.362692
2020-05-01 17:45:00,37.3195,27.926794
2020-05-01 18:00:00,36.66,27.157564
2020-05-01 18:15:00,36.2205,26.644882
2020-05-01 18:30:00,35.7815,26.039413
2020-05-01 18:45:00,34.6825,25.563154
2020-05-01 19:00:00,33.3645,24.925207
2020-05-01 19:15:00,32.9245,24.340773
2020-05-01 19:30:00,32.2655,23.906816
2020-05-01 19:45:00,31.6065,23.433334
2020-05-01 20:00:00,31.6065,23.03565
2020-05-01 20:15:00,31.3865,22.72581
2020-05-01 20:30:00,31.3865,22.55292
2020-05-01 20:45:00,31.3865,22.376776
2020-05-01 21:00:00,31.3865,22.226006
2020-05-01 21:15:00,31.3865,22.121431
2020-05-01 21:30:00,31.3865,22.029703
2020-05-01 21:45:00,31.3865,21.956118
2020-05-01 22:00:00,31.3865,21.838385
2020-05-01 22:15:00,31.3865,21.761694
2020-05-01 22:30:00,31.3865,21.701025
2020-05-01 22:45:00,31.167,21.63806
2020-05-01 23:00:00,30.508,21.560816
2020-05-01 23:15:00,30.508,21.496698
2020-05-01 23:30:00,30.7275,21.4517
2020-05-01 23:45:00,30.7275,21.366037
2020-05-02 00:00:00,30.7275,21.36162
2020-05-02 00:15:00,30.7275,21.340816
2020-05-02 00:30:00,30.7275,21.311117
2020-05-02 00:45:00,30.7275,21.265133
2020-05-02 01:00:00,30.7275,21.228529
2020-05-02 01:15:00,30.7275,21.121737
2020-05-02 01:30:00,30.7275,21.007513
2020-05-02 01:45:00,30.7275,20.853174
2020-05-02 02:00:00,30.7275,20.67521
2020-05-02 02:15:00,30.288,20.536215
2020-05-02 02:30:00,30.288,20.41224
2020-05-02 02:45:00,30.288,20.258463
2020-05-02 03:00:00,30.288,20.1224
2020-05-02 03:15:00,30.288,19.95712
2020-05-02 03:30:00,30.288,19.853548
2020-05-02 03:45:00,30.288,19.68441
2020-05-02 04:00:00,30.288,19.594103
2020-05-02 04:15:00,30.288,19.514006
2020-05-02 04:30:00,30.288,19.518538
2020-05-02 04:45:00,30.288,19.53877
2020-05-02 05:00:00,30.288,19.39818
2020-05-02 05:15:00,30.288,19.296116
2020-05-02 05:30:00,30.288,19.20622
2020-05-02 05:45:00,30.288,19.108889
2020-05-02 06:00:00,30.288,19.084177
2020-05-02 06:15:00,30.0685,19.03251
2020-05-02 06:30:00,30.0685,18.95677
2020-05-02 06:45:00,30.0685,18.93022
2020-05-02 07:00:00,30.0685,18.97194
2020-05-02 07:15:00,30.0685,18.990406
2020-05-02 07:30:00,30.0685,19.09553
2020-05-02 07:45:00,30.288,19.24808
2020-05-02 08:00:00,30.288,19.572565
2020-05-02 08:15:00,30.288,20.328901
2020-05-02 08:30:00,30.508,21.16324
2020-05-02 08:45:00,30.7275,21.683496
2020-05-02 09:00:00,30.7275,22.16969
2020-05-02 09:15:00,30.7275,22.72318
2020-05-02 09:30:00,30.947,23.319223
2020-05-02 09:45:00,30.947,23.972654
2020-05-02 10:00:00,31.6065,24.825315
2020-05-02 10:15:00,32.2655,25.538416
2020-05-02 10:30:00,32.4855,26.302515
2020-05-02 10:45:00,33.1445,27.090296
2020-05-02 11:00:00,33.584,27.636919
2020-05-02 11:15:00,34.6825,28.300959
2020-05-02 11:30:00,35.3415,29.409906
2020-05-02 11:45:00,35.3415,30.541216
2020-05-02 12:00:00,35.7815,31.277472
2020-05-02 12:15:00,35.7815,31.816687
2020-05-02 12:30:00,36.2205,32.426315
2020-05-02 12:45:00,36.4405,33.1989
2020-05-02 13:00:00,36.88,33.98403
2020-05-02 13:15:00,37.0995,34.91665
2020-05-02 13:30:00,37.539,35.682568
2020-05-02 13:45:00,38.198,36.163227
2020-05-02 14:00:00,38.198,36.76396
2020-05-02 14:15:00,38.198,37.111015
2020-05-02 14:30:00,38.418,37.600452
2020-05-02 14:45:00,38.418,37.910023
2020-05-02 15:00:00,38.1985,37.833515
2020-05-02 15:15:00,37.9785,37.834938
2020-05-02 15:30:00,37.7585,37.576084
2020-05-02 15:45:00,37.3195,37.25177
2020-05-02 16:00:00,36.8795,36.835526
2020-05-02 16:15:00,36.4405,36.342567
2020-05-02 16:30:00,36.001,35.93113
2020-05-02 16:45:00,35.7815,35.4811
2020-05-02 17:00:00,35.7815,35.038597
2020-05-02 17:15:00,35.5615,34.36073
2020-05-02 17:30:00,35.122,33.832413
2020-05-02 17:45:00,35.122,33.53566
2020-05-02 18:00:00,34.6825,32.934013
2020-05-02 18:15:00,34.2435,32.476395
2020-05-02 18:30:00,34.0235,31.932772
2020-05-02 18:45:00,33.584,31.315123
2020-05-02 19:00:00,33.1445,30.620535
2020-05-02 19:15:00,32.705,30.116823
2020-05-02 19:30:00,32.2655,29.714514
2020-05-02 19:45:00,31.826,29.06825
2020-05-02 20:00:00,31.3865,28.628403
2020-05-02 20:15:00,31.167,28.023588
2020-05-02 20:30:00,30.9475,27.459436
2020-05-02 20:45:00,30.7275,27.165258
2020-05-02 21:00:00,30.5075,26.897112
2020-05-02 21:15:00,30.288,26.707792
2020-05-02 21:30:00,29.8485,26.53842
2020-05-02 21:45:00,29.8485,26.387327
2020-05-02 22:00:00,29.629,26.178717
2020-05-02 22:15:00,29.4095,26.032225
2020-05-02 22:30:00,29.1895,25.90211
2020-05-02 22:45:00,28.9695,25.753796
2020-05-02 23:00:00,28.5305,25.604055
2020-05-02 23:15:00,28.5305,25.47082
2020-05-02 23:30:00,28.0905,25.306087
2020-05-02 23:45:00,28.0905,25.055063
2020-05-03 00:00:00,28.0905,24.873997
2020-05-03 00:15:00,27.6515,24.686918
2020-05-03 00:30:00,27.6515,24.511236
2020-05-03 00:45:00,27.212,24.27975
2020-05-03 01:00:00,26.7725,24.06411
2020-05-03 01:15:00,26.333,23.864328
2020-05-03 01:30:00,26.333,23.606533
2020-05-03 01:45:00,25.8935,23.453993
2020-05-03 02:00:00,25.4545,23.243732
2020-05-03 02:15:00,25.2345,23.182352
2020-05-03 02:30:00,25.0145,23.039175
2020-05-03 02:45:00,24.795,22.937307
2020-05-03 03:00:00,24.3555,22.82308
2020-05-03 03:15:00,24.1355,22.661291
2020-05-03 03:30:00,23.916,22.493528
2020-05-03 03:45:00,23.6965,22.305998
2020-05-03 04:00:00,23.4765,22.15021
2020-05-03 04:15:00,23.2565,22.007555
2020-05-03 04:30:00,23.037,21.850372
2020-05-03 04:45:00,22.8175,21.674261
2020-05-03 05:00:00,22.598,21.54253
2020-05-03 05:15:00,22.378,21.457178
2020-05-03 05:30:00,22.378,21.353422
2020-05-03 05:45:00,22.158,21.255972
2020-05-03 06:00:00,21.9385,21.202547
2020-05-03 06:15:00,21.9385,21.228945
2020-05-03 06:30:00,21.9385,21.203499
2020-05-03 06:45:00,22.378,21.10885
2020-05-03 07:00:00,22.5975,21.262537
2020-05-03 07:15:00,23.037,21.380518
2020-05-03 07:30:00,23.6965,21.485415
2020-05-03 07:45:00,24.3555,21.692299
2020-05-03 08:00:00,25.015,21.86986
2020-05-03 08:15:00,25.674,22.14731
2020-05-03 08:30:00,26.3335,22.821539
2020-05-03 08:45:00,27.2115,23.491514
2020-05-03 09:00:00,27.871,23.929678
2020-05-03 09:15:00,28.5305,24.585032
2020-05-03 09:30:00,29.1895,25.436012
2020-05-03 09:45:00,29.849,26.335232
2020-05-03 10:00:00,30.9475,27.408648
2020-05-03 10:15:00,31.826,27.889002
2020-05-03 10:30:00,33.1445,28.422716
2020-05-03 10:45:00,34.0235,29.205368
2020-05-03 11:00:00,34.902,30.202034
2020-05-03 11:15:00,35.3415,30.898912
2020-05-03 11:30:00,35.781,31.643309
2020-05-03 11:45:00,36.4405,32.28365
2020-05-03 12:00:00,36.88,32.645443
2020-05-03 12:15:00,37.1,32.812286
2020-05-03 12:30:00,37.3195,33.064827
2020-05-03 12:45:00,37.7585,33.602036
2020-05-03 13:00:00,38.198,34.021122
2020-05-03 13:15:00,39.077,34.74772
2020-05-03 13:30:00,39.5165,35.137024
2020-05-03 13:45:00,40.1755,35.36986
2020-05-03 14:00:00,40.6155,35.536037
2020-05-03 14:15:00,41.0545,35.731297
2020-05-03 14:30:00,41.2745,35.998722
2020-05-03 14:45:00,41.2745,36.203693
2020-05-03 15:00:00,41.2745,36.326614
2020-05-03 15:15:00,41.2745,36.416504
2020-05-03 15:30:00,41.2745,36.306393
2020-05-03 15:45:00,40.6155,35.93897
2020-05-03 16:00:00,40.1755,35.26412
2020-05-03 16:15:00,39.5165,34.500633
2020-05-03 16:30:00,39.2965,33.716114
2020-05-03 16:45:00,38.8575,33.06385
2020-05-03 17:00:00,38.198,32.651585
2020-05-03 17:15:00,37.9785,31.929571
2020-05-03 17:30:00,37.9785,31.296885
2020-05-03 17:45:00,37.539,30.710852
2020-05-03 18:00:00,37.3195,29.878555
2020-05-03 18:15:00,36.8795,29.008997
2020-05-03 18:30:00,36.4405,27.980642
2020-05-03 18:45:00,36.001,27.136503
2020-05-03 19:00:00,35.342,26.26594
2020-05-03 19:15:00,34.6825,25.96448
2020-05-03 19:30:00,33.8035,25.860907
2020-05-03 19:45:00,33.3645,25.763536
2020-05-03 20:00:00,32.9245,25.56087
2020-05-03 20:15:00,32.4855,25.260859
2020-05-03 20:30:00,31.826,24.981451
2020-05-03 20:45:00,31.167,24.852217
2020-05-03 21:00:00,30.7275,24.69098
2020-05-03 21:15:00,30.288,24.590786
2020-05-03 21:30:00,30.0685,24.690096
2020-05-03 21:45:00,29.629,24.695818
2020-05-03 22:00:00,29.4095,24.709578
2020-05-03 22:15:00,28.9695,24.650362
2020-05-03 22:30:00,28.75,24.54679
2020-05-03 22:45:00,28.5305,24.519203
2020-05-03 23:00:00,28.0905,24.534716
2020-05-03 23:15:00,28.0905,24.406706
2020-05-03 23:30:00,27.6515,24.249298
2020-05-03 23:45:00,27.6515,23.788721
2020-05-04 00:00:00,27.212,23.520021
2020-05-04 00:15:00,27.212,23.416899
2020-05-04 00:30:00,26.7725,23.291065
2020-05-04 00:45:00,26.7725,23.021671
2020-05-04 01:00:00,26.333,22.84967
2020-05-04 01:15:00,25.8935,22.793737
2020-05-04 01:30:00,25.8935,22.571224
2020-05-04 01:45:00,25.8935,22.387117
2020-05-04 02:00:00,25.4545,22.075432
2020-05-04 02:15:00,25.4545,21.912155
2020-05-04 02:30:00,25.0145,21.57105
2020-05-04 02:45:00,25.0145,21.42678
2020-05-04 03:00:00,24.5755,21.152521
2020-05-04 03:15:00,24.5755,20.624691
2020-05-04 03:30:00,24.3555,20.2192
2020-05-04 03:45:00,24.1355,19.75422
2020-05-04 04:00:00,24.1355,19.393492
2020-05-04 04:15:00,23.6965,19.172884
2020-05-04 04:30:00,23.6965,18.857311
2020-05-04 04:45:00,23.6965,18.561613
2020-05-04 05:00:00,23.4765,18.276068
2020-05-04 05:15:00,23.2565,18.020697
2020-05-04 05:30:00,23.2565,17.812117
2020-05-04 05:45:00,23.037,17.567244
2020-05-04 06:00:00,22.8175,17.590296
2020-05-04 06:15:00,22.8175,17.463991
2020-05-04 06:30:00,22.8175,17.260395
2020-05-04 06:45:00,23.2565,17.134813
2020-05-04 07:00:00,23.6965,17.431486
2020-05-04 07:15:00,24.1355,17.68921
2020-05-04 07:30:00,24.5755,17.628693
2020-05-04 07:45:00,25.2345,17.703451
2020-05-04 08:00:00,25.894,18.011482
2020-05-04 08:15:00,26.3335,18.416449
2020-05-04 08:30:00,27.2115,18.83996
2020-05-04 08:45:00,27.871,19.412483
2020-05-04 09:00:00,28.75,19.814589
2020-05-04 09:15:00,29.629,20.204676
2020-05-04 09:30:00,30.0685,20.556606
2020-05-04 09:45:00,30.947,20.958464
2020-05-04 10:00:00,31.606,21.4149
2020-05-04 10:15:00,32.925,21.678213
2020-05-04 10:30:00,34.0235,22.033241
2020-05-04 10:45:00,35.1225,22.284443
2020-05-04 11:00:00,35.781,23.081749
2020-05-04 11:15:00,36.2205,23.967808
2020-05-04 11:30:00,36.66,25.030968
2020-05-04 11:45:00,36.88,25.900114
2020-05-04 12:00:00,37.0995,26.450443
2020-05-04 12:15:00,37.539,26.641611
2020-05-04 12:30:00,37.759,26.9869
2020-05-04 12:45:00,38.198,27.436188
2020-05-04 13:00:00,38.8575,28.121405
2020-05-04 13:15:00,39.5165,28.988718
2020-05-04 13:30:00,39.7365,29.767447
2020-05-04 13:45:00,39.7365,30.31865
2020-05-04 14:00:00,39.7365,30.597055
2020-05-04 14:15:00,39.5165,30.814913
2020-05-04 14:30:00,39.7365,31.035244
2020-05-04 14:45:00,40.3955,31.204851
2020-05-04 15:00:00,40.615,31.32098
2020-05-04 15:15:00,40.615,31.19007
2020-05-04 15:30:00,40.176,30.907675
2020-05-04 15:45:00,39.9565,30.307919
2020-05-04 16:00:00,39.7365,29.638197
2020-05-04 16:15:00,39.517,29.026474
2020-05-04 16:30:00,39.077,28.35622
2020-05-04 16:45:00,38.8575,27.803696
2020-05-04 17:00:00,38.418,27.37645
2020-05-04 17:15:00,37.9785,26.90327
2020-05-04 17:30:00,37.759,26.304897
2020-05-04 17:45:00,37.319,25.780922
2020-05-04 18:00:00,37.0995,25.05897
2020-05-04 18:15:00,36.88,24.455559
2020-05-04 18:30:00,36.44,23.874783
2020-05-04 18:45:00,36.2205,23.295147
2020-05-04 19:00:00,35.7815,22.608921
2020-05-04 19:15:00,35.3415,22.184578
2020-05-04 19:30:00,34.9025,21.897123
2020-05-04 19:45:00,34.6825,21.65295
2020-05-04 20:00:00,34.463,21.31709
2020-05-04 20:15:00,34.2435,20.928772
2020-05-04 20:30:00,34.0235,20.660444
2020-05-04 20:45:00,33.8035,20.53992
2020-05-04 21:00:00,33.584,20.337229
2020-05-04 21:15:00,33.3645,20.089985
2020-05-04 21:30:00,33.3645,19.928473
2020-05-04 21:45:00,33.1445,19.723387
2020-05-04 22:00:00,32.9245,19.591976
2020-05-04 22:15:00,32.705,19.414536
2020-05-04 22:30:00,32.2655,19.258944
2020-05-04 22:45:00,32.0455,19.023502
2020-05-04 23:00:00,31.826,18.970116
2020-05-04 23:15:00,31.6065,18.905722
2020-05-04 23:30:00,31.6065,18.726273
2020-05-04 23:45:00,31.6065,18.388042
2020-05-05 00:00:00,31.3865,18.213175
2020-05-05 00:15:00,31.3865,18.18431
2020-05-05 00:30:00,31.3865,18.189594
2020-05-05 00:45:00,31.3865,18.071869
2020-05-05 01:00:00,31.3865,17.943197
2020-05-05 01:15:00,31.3865,17.956812
2020-05-05 01:30:00,31.3865,17.84905
2020-05-05 01:45:00,31.3865,17.725021
2020-05-05 02:00:00,31.167,17.762356
2020-05-05 02:15:00,30.9475,17.75565
2020-05-05 02:30:00,30.9475,17.730684
2020-05-05 02:45:00,30.288,17.718977
2020-05-05 03:00:00,29.4095,17.655468
2020-05-05 03:15:00,28.9695,17.472164
2020-05-05 03:30:00,28.5305,17.220802
2020-05-05 03:45:00,28.0905,16.918203
2020-05-05 04:00:00,27.871,16.930504
2020-05-05 04:15:00,27.6515,16.900982
2020-05-05 04:30:00,27.4315,16.788292
2020-05-05 04:45:00,27.4315,16.754784
2020-05-05 05:00:00,27.4315,16.654675
2020-05-05 05:15:00,27.4315,16.61078
2020-05-05 05:30:00,27.212,16.506767
2020-05-05 05:45:00,26.333,16.393179
2020-05-05 06:00:00,26.1135,16.61096
2020-05-05 06:15:00,25.894,16.698887
2020-05-05 06:30:00,25.894,16.577002
2020-05-05 06:45:00,26.1135,16.525541
2020-05-05 07:00:00,26.333,16.666819
2020-05-05 07:15:00,26.333,16.849356
2020-05-05 07:30:00,25.894,16.931215
2020-05-05 07:45:00,25.454,17.374933
2020-05-05 08:00:00,25.015,17.948334
2020-05-05 08:15:00,24.575,18.566208
2020-05-05 08:30:00,24.136,19.21964
2020-05-05 08:45:00,23.696,20.053003
2020-05-05 09:00:00,23.4765,20.674295
2020-05-05 09:15:00,23.4765,21.281548
2020-05-05 09:30:00,23.257,21.910831
2020-05-05 09:45:00,23.257,22.61079
2020-05-05 10:00:00,23.257,23.39562
2020-05-05 10:15:00,23.4765,24.054821
2020-05-05 10:30:00,23.4765,24.933956
2020-05-05 10:45:00,23.916,25.907028
2020-05-05 11:00:00,24.3555,26.950436
2020-05-05 11:15:00,24.575,28.11412
2020-05-05 11:30:00,25.015,29.109037
2020-05-05 11:45:00,25.454,29.772121
2020-05-05 12:00:00,25.674,30.1707
2020-05-05 12:15:00,26.1135,30.29025
2020-05-05 12:30:00,26.553,30.619713
2020-05-05 12:45:00,26.992,31.069244
2020-05-05 13:00:00,27.651,31.587961
2020-05-05 13:15:00,28.091,32.321846
2020-05-05 13:30:00,28.3105,32.96736
2020-05-05 13:45:00,28.53,33.50183
2020-05-05 14:00:00,28.75,33.8983
2020-05-05 14:15:00,28.53,34.080376
2020-05-05 14:30:00,28.3105,34.27331
2020-05-05 14:45:00,28.3105,34.378906
2020-05-05 15:00:00,28.5305,34.553337
2020-05-05 15:15:00,28.75,34.561104
2020-05-05 15:30:00,29.1895,34.472816
2020-05-05 15:45:00,29.1895,34.038364
2020-05-05 16:00:00,29.1895,33.570583
2020-05-05 16:15:00,29.629,33.12201
2020-05-05 16:30:00,29.849,32.65017
2020-05-05 16:45:00,30.0685,32.27607
2020-05-05 17:00:00,30.0685,31.915436
2020-05-05 17:15:00,30.5075,31.490847
2020-05-05 17:30:00,30.5075,31.025103
2020-05-05 17:45:00,30.5075,30.627584
2020-05-05 18:00:00,30.5075,30.070036
2020-05-05 18:15:00,30.5075,29.667908
2020-05-05 18:30:00,30.5075,29.282549
2020-05-05 18:45:00,30.5075,29.014433
2020-05-05 19:00:00,30.5075,28.521744
2020-05-05 19:15:00,30.5075,27.92817
2020-05-05 19:30:00,30.5075,27.494726
2020-05-05 19:45:00,30.5075,27.022324
2020-05-05 20:00:00,30.5075,26.482798
2020-05-05 20:15:00,30.5075,25.711956
2020-05-05 20:30:00,30.5075,25.074343
2020-05-05 20:45:00,30.5075,24.59537
2020-05-05 21:00:00,30.5075,24.10475
2020-05-05 21:15:00,30.5075,23.625916
2020-05-05 21:30:00,30.5075,23.316988
2020-05-05 21:45:00,30.5075,23.057514
2020-05-05 22:00:00,30.5075,22.846403
2020-05-05 22:15:00,30.7275,22.629395
2020-05-05 22:30:00,30.7275,22.315933
2020-05-05 22:45:00,30.9475,22.048595
2020-05-05 23:00:00,30.9475,21.81684
2020-05-05 23:15:00,30.9475,21.562885
2020-05-05 23:30:00,30.5075,21.264196
2020-05-05 23:45:00,30.288,20.908234
2020-05-06 00:00:00,30.068,20.627848
2020-05-06 00:15:00,29.629,20.452503
2020-05-06 00:30:00,29.629,20.216192
2020-05-06 00:45:00,29.629,19.957415
2020-05-06 01:00:00,29.629,19.807089
2020-05-06 01:15:00,29.4095,19.515253
2020-05-06 01:30:00,29.629,19.329695
2020-05-06 01:45:00,29.629,19.189955
2020-05-06 02:00:00,29.629,19.068945
2020-05-06 02:15:00,29.629,18.864529
2020-05-06 02:30:00,29.849,18.672586
2020-05-06 02:45:00,29.849,18.434921
2020-05-06 03:00:00,29.849,18.22462
2020-05-06 03:15:00,29.849,18.049036
2020-05-06 03:30:00,29.629,17.932665
2020-05-06 03:45:00,29.4095,17.900461
2020-05-06 04:00:00,29.1895,17.952318
2020-05-06 04:15:00,29.1895,18.076605
2020-05-06 04:30:00,28.9695,18.105484
2020-05-06 04:45:00,28.75,18.110462
2020-05-06 05:00:00,28.75,18.140884
2020-05-06 05:15:00,28.75,18.247305
2020-05-06 05:30:00,28.75,18.262243
2020-05-06 05:45:00,28.75,18.352446
2020-05-06 06:00:00,28.75,18.539736
2020-05-06 06:15:00,29.1895,18.55267
2020-05-06 06:30:00,29.1895,18.506193
2020-05-06 06:45:00,29.1895,18.568167
2020-05-06 07:00:00,29.629,18.776316
2020-05-06 07:15:00,29.849,19.009947
2020-05-06 07:30:00,30.0685,19.302786
2020-05-06 07:45:00,30.288,19.646536
2020-05-06 08:00:00,30.288,20.08127
2020-05-06 08:15:00,30.7275,20.51902
2020-05-06 08:30:00,30.7275,21.073065
2020-05-06 08:45:00,30.7275,21.658607
2020-05-06 09:00:00,30.288,22.11552
2020-05-06 09:15:00,30.0685,22.753582
2020-05-06 09:30:00,30.0685,23.604944
2020-05-06 09:45:00,29.8485,24.385818
2020-05-06 10:00:00,29.629,25.19962
2020-05-06 10:15:00,29.629,25.948492
2020-05-06 10:30:00,29.629,26.61735
2020-05-06 10:45:00,29.629,27.416807
2020-05-06 11:00:00,29.629,28.10325
2020-05-06 11:15:00,29.629,28.806297
2020-05-06 11:30:00,29.1895,29.752579
2020-05-06 11:45:00,28.5305,30.402246
2020-05-06 12:00:00,28.0905,31.023432
2020-05-06 12:15:00,27.432,31.354275
2020-05-06 12:30:00,27.432,31.726736
2020-05-06 12:45:00,27.432,32.192043
2020-05-06 13:00:00,27.432,32.58991
2020-05-06 13:15:00,27.6515,33.105396
2020-05-06 13:30:00,27.871,33.398743
2020-05-06 13:45:00,28.0905,33.499695
2020-05-06 14:00:00,28.5305,33.48272
2020-05-06 14:15:00,28.75,33.308212
2020-05-06 14:30:00,28.75,33.04168
2020-05-06 14:45:00,28.75,32.89735
2020-05-06 15:00:00,28.75,32.522564
2020-05-06 15:15:00,28.9695,32.18228
2020-05-06 15:30:00,29.1895,31.775627
2020-05-06 15:45:00,29.4095,31.439972
2020-05-06 16:00:00,29.629,31.082922
2020-05-06 16:15:00,29.849,30.482561
2020-05-06 16:30:00,30.0685,30.007002
2020-05-06 16:45:00,30.0685,29.604916
2020-05-06 17:00:00,30.0685,29.193386
2020-05-06 17:15:00,29.4095,28.72046
2020-05-06 17:30:00,29.4095,28.414164
2020-05-06 17:45:00,29.4095,28.01943
2020-05-06 18:00:00,29.4095,27.660244
2020-05-06 18:15:00,29.4095,27.37723
2020-05-06 18:30:00,29.629,27.045006
2020-05-06 18:45:00,29.629,26.55431
2020-05-06 19:00:00,29.629,26.161413
2020-05-06 19:15:00,29.629,25.834902
2020-05-06 19:30:00,29.849,25.469831
2020-05-06 19:45:00,29.849,25.079332
2020-05-06 20:00:00,29.629,24.68576
2020-05-06 20:15:00,29.629,24.287107
2020-05-06 20:30:00,29.409,23.831331
2020-05-06 20:45:00,29.1895,23.334951
2020-05-06 21:00:00,29.1895,22.819826
2020-05-06 21:15:00,29.1895,22.405588
2020-05-06 21:30:00,29.1895,21.900923
2020-05-06 21:45:00,28.9695,21.510695
2020-05-06 22:00:00,28.9695,21.129356
2020-05-06 22:15:00,28.9695,20.755468
2020-05-06 22:30:00,28.9695,20.338854
2020-05-06 22:45:00,28.75,19.910456
2020-05-06 23:00:00,28.5305,19.534687
2020-05-06 23:15:00,28.0905,19.203676
2020-05-06 23:30:00,28.0905,18.952059
2020-05-06 23:45:00,27.871,18.763422
2020-05-07 00:00:00,27.4315,18.511555
2020-05-07 00:15:00,27.212,18.306799
2020-05-07 00:30:00,26.9925,18.079872
2020-05-07 00:45:00,26.7725,17.913065
2020-05-07 01:00:00,26.5525,17.708689
2020-05-07 01:15:00,26.5525,17.569542
2020-05-07 01:30:00,26.333,17.464783
2020-05-07 01:45:00,26.333,17.300848
2020-05-07 02:00:00,26.333,17.158934
2020-05-07 02:15:00,26.1135,17.062807
2020-05-07 02:30:00,26.1135,17.022669
2020-05-07 02:45:00,25.8935,17.015081
2020-05-07 03:00:00,25.8935,17.06087
2020-05-07 03:15:00,25.674,17.170351
2020-05-07 03:30:00,25.674,17.319164
2020-05-07 03:45:00,25.674,17.342237
2020-05-07 04:00:00,25.674,17.344347
2020-05-07 04:15:00,25.674,17.277771
2020-05-07 04:30:00,25.674,17.197649
2020-05-07 04:45:00,25.4545,17.120703
2020-05-07 05:00:00,25.4545,16.93448
2020-05-07 05:15:00,25.4545,16.830872
2020-05-07 05:30:00,25.4545,16.69821
2020-05-07 05:45:00,25.4545,16.62887
2020-05-07 06:00:00,25.4545,16.760756
2020-05-07 06:15:00,25.4545,16.857302
2020-05-07 06:30:00,25.4545,16.914625
2020-05-07 06:45:00,25.4545,17.010084
2020-05-07 07:00:00,25.4545,17.221807
2020-05-07 07:15:00,25.4545,17.417292
2020-05-07 07:30:00,25.4545,17.715815
2020-05-07 07:45:00,25.4545,17.980131
2020-05-07 08:00:00,25.4545,18.367807
2020-05-07 08:15:00,25.2345,18.73303
2020-05-07 08:30:00,25.2345,19.087778
2020-05-07 08:45:00,25.2345,19.548399
2020-05-07 09:00:00,25.2345,20.244705
2020-05-07 09:15:00,25.4545,20.805002
2020-05-07 09:30:00,25.4545,21.275965
2020-05-07 09:45:00,25.674,21.809475
2020-05-07 10:00:00,25.8935,22.35143
2020-05-07 10:15:00,25.8935,22.631456
2020-05-07 10:30:00,26.1135,22.9735
2020-05-07 10:45:00,26.1135,23.541971
2020-05-07 11:00:00,26.1135,24.386023
2020-05-07 11:15:00,26.333,25.078974
2020-05-07 11:30:00,26.333,25.64413
2020-05-07 11:45:00,26.333,26.041315
2020-05-07 12:00:00,26.333,26.311705
2020-05-07 12:15:00,26.333,26.729647
2020-05-07 12:30:00,26.7725,26.810728
2020-05-07 12:45:00,27.212,27.429266
2020-05-07 13:00:00,27.212,27.596457
2020-05-07 13:15:00,27.6515,28.21069
2020-05-07 13:30:00,27.6515,28.517439
2020-05-07 13:45:00,27.6515,28.893274
2020-05-07 14:00:00,27.6515,29.310652
2020-05-07 14:15:00,27.6515,29.623217
2020-05-07 14:30:00,27.6515,29.704298
2020-05-07 14:45:00,27.6515,29.850965
2020-05-07 15:00:00,27.6515,29.756317
2020-05-07 15:15:00,27.6515,29.83685
2020-05-07 15:30:00,27.6515,29.650944
2020-05-07 15:45:00,27.6515,29.550121
2020-05-07 16:00:00,27.6515,29.40611
2020-05-07 16:15:00,27.871,28.949415
2020-05-07 16:30:00,27.871,28.731087
2020-05-07 16:45:00,27.871,28.41178
2020-05-07 17:00:00,27.871,28.298449
2020-05-07 17:15:00,27.871,27.815535
2020-05-07 17:30:00,27.871,27.52685
2020-05-07 17:45:00,27.871,27.279016
2020-05-07 18:00:00,27.871,27.00497
2020-05-07 18:15:00,27.871,26.69345
2020-05-07 18:30:00,27.871,26.402105
2020-05-07 18:45:00,27.871,26.066187
2020-05-07 19:00:00,27.6515,25.772852
2020-05-07 19:15:00,27.6515,25.514475
2020-05-07 19:30:00,27.6515,25.328943
2020-05-07 19:45:00,27.6515,25.147612
2020-05-07 20:00:00,27.6515,24.978537
2020-05-07 20:15:00,27.432,24.884317
2020-05-07 20:30:00,27.432,24.726744
2020-05-07 20:45:00,27.212,24.517778
2020-05-07 21:00:00,27.212,24.39567
2020-05-07 21:15:00,27.212,24.357378
2020-05-07 21:30:00,27.212,24.23652
2020-05-07 21:45:00,27.212,24.17182
2020-05-07 22:00:00,26.7725,24.08729
2020-05-07 22:15:00,26.7725,24.303682
2020-05-07 22:30:00,26.7725,24.52204
2020-05-07 22:45:00,26.7725,24.516558
2020-05-07 23:00:00,26.7725,24.588236
2020-05-07 23:15:00,26.7725,24.677399
2020-05-07 23:30:00,26.7725,24.66203
2020-05-07 23:45:00,26.7725,24.671629
2020-05-08 00:00:00,26.5525,24.704828
2020-05-08 00:15:00,26.5525,24.665483
2020-05-08 00:30:00,26.333,24.58188
2020-05-08 00:45:00,26.333,24.511395
2020-05-08 01:00:00,26.333,24.436892
2020-05-08 01:15:00,26.333,24.297558
2020-05-08 01:30:00,26.333,24.18603
2020-05-08 01:45:00,26.333,24.08262
2020-05-08 02:00:00,26.333,23.948162
2020-05-08 02:15:00,26.333,23.88075
2020-05-08 02:30:00,26.333,23.825235
2020-05-08 02:45:00,26.333,23.756805
2020-05-08 03:00:00,26.333,23.730276
2020-05-08 03:15:00,26.333,23.690016
2020-05-08 03:30:00,26.333,23.714705
2020-05-08 03:45:00,26.333,23.674726
2020-05-08 04:00:00,26.333,23.63622
2020-05-08 04:15:00,26.333,23.543417
2020-05-08 04:30:00,26.333,23.472727
2020-05-08 04:45:00,26.333,23.42465
2020-05-08 05:00:00,26.333,23.354445
2020-05-08 05:15:00,26.333,23.286499
2020-05-08 05:30:00,25.8935,23.2843
2020-05-08 05:45:00,25.8935,23.202562
2020-05-08 06:00:00,25.8935,23.173985
2020-05-08 06:15:00,25.8935,23.180931
2020-05-08 06:30:00,25.8935,23.17332
2020-05-08 06:45:00,25.8935,23.103832
2020-05-08 07:00:00,25.8935,23.146547
2020-05-08 07:15:00,25.8935,23.202562
2020-05-08 07:30:00,26.1135,23.300459
2020-05-08 07:45:00,26.333,23.455875
2020-05-08 08:00:00,26.7725,23.779966
2020-05-08 08:15:00,26.9925,24.192623
2020-05-08 08:30:00,27.6515,24.615435
2020-05-08 08:45:00,28.3105,24.907545
2020-05-08 09:00:00,28.5305,24.801088
2020-05-08 09:15:00,28.9695,24.882452
2020-05-08 09:30:00,29.4095,25.199793
2020-05-08 09:45:00,29.8485,25.70405
2020-05-08 10:00:00,30.288,26.512293
2020-05-08 10:15:00,30.7275,27.475159
2020-05-08 10:30:00,31.167,28.87937
2020-05-08 10:45:00,32.0455,30.27623
2020-05-08 11:00:00,33.3645,31.670645
2020-05-08 11:15:00,34.243,32.92818
2020-05-08 11:30:00,35.122,34.136227
2020-05-08 11:45:00,35.781,34.85199
2020-05-08 12:00:00,36.66,35.214787
2020-05-08 12:15:00,37.1,35.467926
2020-05-08 12:30:00,37.539,35.622555
2020-05-08 12:45:00,37.7585,35.923275
2020-05-08 13:00:00,37.539,36.159622
2020-05-08 13:15:00,37.539,36.47167
2020-05-08 13:30:00,37.9785,36.69259
2020-05-08 13:45:00,39.0775,36.572224
2020-05-08 14:00:00,39.956,36.828552
2020-05-08 14:15:00,40.835,36.97484
2020-05-08 14:30:00,41.494,36.94018
2020-05-08 14:45:00,41.714,36.974136
2020-05-08 15:00:00,42.153,36.78592
2020-05-08 15:15:00,42.153,37.08043
2020-05-08 15:30:00,41.9335,37.209534
2020-05-08 15:45:00,41.494,37.370438
2020-05-08 16:00:00,41.0545,37.288113
2020-05-08 16:15:00,40.6155,36.985962
2020-05-08 16:30:00,39.956,36.984955
2020-05-08 16:45:00,39.297,36.775227
2020-05-08 17:00:00,38.8575,36.603172
2020-05-08 17:15:00,38.418,35.946102
2020-05-08 17:30:00,37.9785,35.291245
2020-05-08 17:45:00,37.539,34.68522
2020-05-08 18:00:00,37.0995,33.932777
2020-05-08 18:15:00,36.66,33.214684
2020-05-08 18:30:00,36.2205,32.541595
2020-05-08 18:45:00,35.5615,31.822952
2020-05-08 19:00:00,35.122,31.252043
2020-05-08 19:15:00,34.463,30.551317
2020-05-08 19:30:00,34.0235,30.031706
2020-05-08 19:45:00,33.3645,29.64252
2020-05-08 20:00:00,32.9245,29.225336
2020-05-08 20:15:00,32.4855,28.785952
2020-05-08 20:30:00,31.826,28.33161
2020-05-08 20:45:00,31.3865,27.886795
2020-05-08 21:00:00,30.9475,27.582815
2020-05-08 21:15:00,30.5075,27.3463
2020-05-08 21:30:00,30.0685,26.975542
2020-05-08 21:45:00,29.8485,26.793198
2020-05-08 22:00:00,29.4095,26.556892
2020-05-08 22:15:00,29.1895,26.384787
2020-05-08 22:30:00,28.75,26.118937
2020-05-08 22:45:00,28.5305,25.92077
2020-05-08 23:00:00,28.3105,25.86339
2020-05-08 23:15:00,28.0905,25.75403
2020-05-08 23:30:00,27.6515,25.482313
2020-05-08 23:45:00,27.6515,25.352686
2020-05-09 00:00:00,27.212,25.218416
2020-05-09 00:15:00,26.9925,25.30821
2020-05-09 00:30:00,26.7725,25.30131
2020-05-09 00:45:00,26.7725,25.180841
2020-05-09 01:00:00,26.333,25.066734
2020-05-09 01:15:00,26.1135,24.975433
2020-05-09 01:30:00,25.8935,24.887995
2020-05-09 01:45:00,25.4545,24.749018
2020-05-09 02:00:00,25.4545,24.57725
2020-05-09 02:15:00,25.0145,24.45173
2020-05-09 02:30:00,25.0145,24.36991
2020-05-09 02:45:00,24.5755,24.306936
2020-05-09 03:00:00,24.5755,24.239641
2020-05-09 03:15:00,24.5755,24.122702
2020-05-09 03:30:00,24.3555,24.082315
2020-05-09 03:45:00,24.3555,23.955494
2020-05-09 04:00:00,24.1355,23.860838
2020-05-09 04:15:00,23.916,23.77102
2020-05-09 04:30:00,23.6965,23.688898
2020-05-09 04:45:00,23.4765,23.635103
2020-05-09 05:00:00,23.2565,23.588476
2020-05-09 05:15:00,22.8175,23.574104
2020-05-09 05:30:00,22.598,23.583097
2020-05-09 05:45:00,22.378,23.575247
2020-05-09 06:00:00,22.378,23.59431
2020-05-09 06:15:00,22.378,23.689878
2020-05-09 06:30:00,22.378,23.896456
2020-05-09 06:45:00,22.378,23.928736
2020-05-09 07:00:00,22.5975,23.96932
2020-05-09 07:15:00,23.037,24.016249
2020-05-09 07:30:00,23.6965,24.164125
2020-05-09 07:45:00,24.3555,24.342728
2020-05-09 08:00:00,25.015,24.51937
2020-05-09 08:15:00,25.894,24.627134
2020-05-09 08:30:00,26.7725,24.944437
2020-05-09 08:45:00,27.6515,25.201189
2020-05-09 09:00:00,28.5305,25.387133
2020-05-09 09:15:00,29.4095,25.692026
2020-05-09 09:30:00,30.2885,26.00981
2020-05-09 09:45:00,31.167,26.317554
2020-05-09 10:00:00,32.0455,27.270168
2020-05-09 10:15:00,32.9245,28.511177
2020-05-09 10:30:00,34.463,29.928541
2020-05-09 10:45:00,35.3415,31.176493
2020-05-09 11:00:00,36.2205,32.345642
2020-05-09 11:15:00,36.66,33.54699
2020-05-09 11:30:00,36.88,34.96698
2020-05-09 11:45:00,37.3195,36.09182
2020-05-09 12:00:00,37.3195,36.79335
2020-05-09 12:15:00,37.7585,37.076027
2020-05-09 12:30:00,37.759,37.473576
2020-05-09 12:45:00,38.198,37.924164
2020-05-09 13:00:00,39.5165,38.30311
2020-05-09 13:15:00,40.176,38.943085
2020-05-09 13:30:00,40.835,39.49551
2020-05-09 13:45:00,41.494,39.927135
2020-05-09 14:00:00,41.9335,40.455864
2020-05-09 14:15:00,42.373,40.800743
2020-05-09 14:30:00,42.373,41.092075
2020-05-09 14:45:00,42.593,41.207077
2020-05-09 15:00:00,42.373,41.118797
2020-05-09 15:15:00,41.9335,41.4903
2020-05-09 15:30:00,41.494,41.307858
2020-05-09 15:45:00,40.6155,41.196945
2020-05-09 16:00:00,39.7365,40.889755
2020-05-09 16:15:00,38.8575,40.359886
2020-05-09 16:30:00,38.418,39.72793
2020-05-09 16:45:00,37.7585,39.15851
2020-05-09 17:00:00,37.0995,38.62508
2020-05-09 17:15:00,36.66,37.98804
2020-05-09 17:30:00,36.001,37.33547
2020-05-09 17:45:00,35.5615,36.823868
2020-05-09 18:00:00,35.122,36.249
2020-05-09 18:15:00,34.6825,35.6509
2020-05-09 18:30:00,34.2435,35.055336
2020-05-09 18:45:00,33.8035,34.571037
2020-05-09 19:00:00,33.3645,34.05953
2020-05-09 19:15:00,32.9245,33.541725
2020-05-09 19:30:00,32.4855,33.073143
2020-05-09 19:45:00,32.2655,32.636955
2020-05-09 20:00:00,32.0455,31.873714
2020-05-09 20:15:00,31.6065,31.27299
2020-05-09 20:30:00,31.167,30.99
2020-05-09 20:45:00,30.7275,30.720455
2020-05-09 21:00:00,30.5075,30.538757
2020-05-09 21:15:00,30.288,30.460085
2020-05-09 21:30:00,29.8485,30.392557
2020-05-09 21:45:00,29.4095,30.18282
2020-05-09 22:00:00,29.1895,29.909447
2020-05-09 22:15:00,28.9695,29.753641
2020-05-09 22:30:00,28.75,29.608675
2020-05-09 22:45:00,28.5305,29.368212
2020-05-09 23:00:00,28.3105,29.07939
2020-05-09 23:15:00,28.0905,28.926874
2020-05-09 23:30:00,27.871,28.758743
2020-05-09 23:45:00,27.6515,28.602018
2020-05-10 00:00:00,27.6515,28.5491
2020-05-10 00:15:00,27.6515,28.414118
2020-05-10 00:30:00,27.4315,28.28073
2020-05-10 00:45:00,27.212,28.117765
2020-05-10 01:00:00,27.212,28.003395
2020-05-10 01:15:00,26.7725,27.89403
2020-05-10 01:30:00,26.7725,27.755812
2020-05-10 01:45:00,26.333,27.62398
2020-05-10 02:00:00,26.333,27.461676
2020-05-10 02:15:00,26.1135,27.365679
2020-05-10 02:30:00,25.8935,27.257074
2020-05-10 02:45:00,25.8935,27.143896
2020-05-10 03:00:00,25.8935,26.995886
2020-05-10 03:15:00,25.4545,26.796
2020-05-10 03:30:00,25.4545,26.67768
2020-05-10 03:45:00,25.2345,26.517454
2020-05-10 04:00:00,25.0145,26.289906
2020-05-10 04:15:00,25.0145,26.066217
2020-05-10 04:30:00,24.795,25.8246
2020-05-10 04:45:00,24.5755,25.660479
2020-05-10 05:00:00,24.5755,25.445234
2020-05-10 05:15:00,24.5755,25.329008
2020-05-10 05:30:00,24.5755,25.178957
2020-05-10 05:45:00,24.1355,25.000185
2020-05-10 06:00:00,24.1355,24.950464
2020-05-10 06:15:00,24.1355,24.971579
2020-05-10 06:30:00,24.1355,25.022116
2020-05-10 06:45:00,24.1355,24.90877
2020-05-10 07:00:00,24.1355,25.043242
2020-05-10 07:15:00,24.5755,25.225203
2020-05-10 07:30:00,24.795,25.536074
2020-05-10 07:45:00,25.0145,26.004927
2020-05-10 08:00:00,25.2345,26.212648
2020-05-10 08:15:00,25.454,26.538746
2020-05-10 08:30:00,25.674,27.17196
2020-05-10 08:45:00,26.1135,27.97185
2020-05-10 09:00:00,26.553,28.694618
2020-05-10 09:15:00,26.992,29.258135
2020-05-10 09:30:00,27.212,29.575697
2020-05-10 09:45:00,27.651,29.84412
2020-05-10 10:00:00,27.871,30.448706
2020-05-10 10:15:00,28.75,30.788416
2020-05-10 10:30:00,29.1895,31.281265
2020-05-10 10:45:00,30.0685,31.969507
2020-05-10 11:00:00,30.7275,33.01971
2020-05-10 11:15:00,31.167,33.883465
2020-05-10 11:30:00,31.3865,34.80905
2020-05-10 11:45:00,31.6065,35.492252
2020-05-10 12:00:00,31.826,35.950977
2020-05-10 12:15:00,31.826,35.985962
2020-05-10 12:30:00,31.826,36.144054
2020-05-10 12:45:00,32.0455,36.366165
2020-05-10 13:00:00,32.2655,36.563454
2020-05-10 13:15:00,33.1445,37.05343
2020-05-10 13:30:00,34.0235,37.532814
2020-05-10 13:45:00,34.0235,37.930443
2020-05-10 14:00:00,35.5615,38.247498
2020-05-10 14:15:00,36.44,38.41301
2020-05-10 14:30:00,37.0995,38.60659
2020-05-10 14:45:00,37.539,38.566826
2020-05-10 15:00:00,37.759,38.497868
2020-05-10 15:15:00,37.9785,38.43854
2020-05-10 15:30:00,37.9785,38.255836
2020-05-10 15:45:00,37.539,37.840813
2020-05-10 16:00:00,36.8795,37.11706
2020-05-10 16:15:00,36.4405,36.453957
2020-05-10 16:30:00,35.781,35.825172
2020-05-10 16:45:00,35.342,35.19835
2020-05-10 17:00:00,34.902,34.58638
2020-05-10 17:15:00,34.2435,33.944984
2020-05-10 17:30:00,33.8035,33.39636
2020-05-10 17:45:00,33.3645,33.045513
2020-05-10 18:00:00,32.9245,32.439327
2020-05-10 18:15:00,32.4855,31.787628
2020-05-10 18:30:00,32.0455,31.275122
2020-05-10 18:45:00,31.6065,31.087961
2020-05-10 19:00:00,31.167,30.824022
2020-05-10 19:15:00,30.947,30.655693
2020-05-10 19:30:00,30.7275,30.42722
2020-05-10 19:45:00,30.288,30.258799
2020-05-10 20:00:00,30.0685,30.012064
2020-05-10 20:15:00,29.8485,29.822855
2020-05-10 20:30:00,29.8485,29.59735
2020-05-10 20:45:00,29.4095,29.377771
2020-05-10 21:00:00,29.4095,29.16293
2020-05-10 21:15:00,29.4095,28.899305
2020-05-10 21:30:00,29.1895,28.648218
2020-05-10 21:45:00,28.9695,28.213566
2020-05-10 22:00:00,28.9695,27.64689
2020-05-10 22:15:00,28.9695,27.479845
2020-05-10 22:30:00,28.5305,27.18462
2020-05-10 22:45:00,28.5305,26.68714
2020-05-10 23:00:00,28.5305,26.250937
2020-05-10 23:15:00,28.3105,25.959808
2020-05-10 23:30:00,28.3105,25.560314
2020-05-10 23:45:00,27.871,25.022978
2020-05-11 00:00:00,27.871,24.83037
2020-05-11 00:15:00,27.871,24.54643
2020-05-11 00:30:00,27.4315,24.256176
2020-05-11 00:45:00,27.4315,23.800188
2020-05-11 01:00:00,27.4315,23.294802
2020-05-11 01:15:00,27.4315,22.819649
2020-05-11 01:30:00,27.4315,22.35146
2020-05-11 01:45:00,27.212,22.027136
2020-05-11 02:00:00,27.212,21.836893
2020-05-11 02:15:00,26.9925,21.894808
2020-05-11 02:30:00,26.9925,21.837805
2020-05-11 02:45:00,26.7725,21.784494
2020-05-11 03:00:00,26.7725,21.672926
2020-05-11 03:15:00,26.7725,21.41419
2020-05-11 03:30:00,26.7725,21.170755
2020-05-11 03:45:00,26.553,20.8394
2020-05-11 04:00:00,26.553,20.807808
2020-05-11 04:15:00,26.333,20.741392
2020-05-11 04:30:00,26.333,20.5386
2020-05-11 04:45:00,26.333,20.341642
2020-05-11 05:00:00,26.1135,20.240189
2020-05-11 05:15:00,26.1135,20.197292
2020-05-11 05:30:00,25.8935,20.115717
2020-05-11 05:45:00,25.8935,20.084717
2020-05-11 06:00:00,25.8935,20.053366
2020-05-11 06:15:00,25.8935,19.904219
2020-05-11 06:30:00,25.8935,19.758684
2020-05-11 06:45:00,25.8935,19.59556
2020-05-11 07:00:00,26.1135,19.446732
2020-05-11 07:15:00,26.1135,19.323305
2020-05-11 07:30:00,26.1135,19.152172
2020-05-11 07:45:00,26.5525,19.041706
2020-05-11 08:00:00,26.5525,19.208342
2020-05-11 08:15:00,26.9925,19.24907
2020-05-11 08:30:00,27.4315,19.527308
2020-05-11 08:45:00,27.651,20.00501
2020-05-11 09:00:00,28.3105,20.784771
2020-05-11 09:15:00,28.75,21.408287
2020-05-11 09:30:00,29.1895,21.907204
2020-05-11 09:45:00,29.1895,22.521692
2020-05-11 10:00:00,29.629,23.216806
2020-05-11 10:15:00,29.629,23.703106
2020-05-11 10:30:00,30.0685,24.206388
2020-05-11 10:45:00,30.0685,24.836248
2020-05-11 11:00:00,30.0685,25.819227
2020-05-11 11:15:00,30.0685,26.684135
2020-05-11 11:30:00,30.0685,27.77309
2020-05-11 11:45:00,30.288,28.370657
2020-05-11 12:00:00,30.5075,28.644892
2020-05-11 12:15:00,30.9475,28.675283
2020-05-11 12:30:00,30.9475,29.157316
2020-05-11 12:45:00,31.3865,29.794838
2020-05-11 13:00:00,31.826,30.38398
2020-05-11 13:15:00,32.2655,31.344107
2020-05-11 13:30:00,32.9245,32.065304
2020-05-11 13:45:00,33.584,32.53589
2020-05-11 14:00:00,34.463,32.72011
2020-05-11 14:15:00,34.6825,32.775585
2020-05-11 14:30:00,35.122,32.840252
2020-05-11 14:45:00,35.7815,33.040028
2020-05-11 15:00:00,36.001,33.104996
2020-05-11 15:15:00,36.4405,33.048286
2020-05-11 15:30:00,36.4405,32.989975
2020-05-11 15:45:00,36.4405,32.806786
2020-05-11 16:00:00,36.4405,32.397053
2020-05-11 16:15:00,36.4405,31.91747
2020-05-11 16:30:00,36.2205,31.351425
2020-05-11 16:45:00,36.001,30.980358
2020-05-11 17:00:00,36.001,30.55755
2020-05-11 17:15:00,35.5615,30.022905
2020-05-11 17:30:00,35.5615,29.447256
2020-05-11 17:45:00,35.3415,28.79024
2020-05-11 18:00:00,35.122,28.002459
2020-05-11 18:15:00,34.9025,27.1955
2020-05-11 18:30:00,34.9025,26.355581
2020-05-11 18:45:00,34.6825,25.605955
2020-05-11 19:00:00,34.463,24.66939
2020-05-11 19:15:00,34.463,24.008057
2020-05-11 19:30:00,34.2435,23.510153
2020-05-11 19:45:00,34.0235,23.040546
2020-05-11 20:00:00,34.0235,22.630949
2020-05-11 20:15:00,34.0235,22.22124
2020-05-11 20:30:00,33.8035,21.843117
2020-05-11 20:45:00,33.584,21.486004
2020-05-11 21:00:00,33.584,21.13297
2020-05-11 21:15:00,33.584,20.81785
2020-05-11 21:30:00,33.584,20.542679
2020-05-11 21:45:00,33.3645,20.545248
2020-05-11 22:00:00,33.3645,20.49831
2020-05-11 22:15:00,33.3645,20.45012
2020-05-11 22:30:00,33.1445,20.331034
2020-05-11 22:45:00,33.1445,20.26449
2020-05-11 23:00:00,32.9245,20.283392
2020-05-11 23:15:00,32.9245,20.2949
2020-05-11 23:30:00,32.9245,20.249899
2020-05-11 23:45:00,32.9245,20.175026
2020-05-12 00:00:00,32.705,20.21756
2020-05-12 00:15:00,32.4855,20.352697
2020-05-12 00:30:00,32.4855,20.432001
2020-05-12 00:45:00,32.2655,20.43033
2020-05-12 01:00:00,32.2655,20.492731
2020-05-12 01:15:00,32.2655,20.45886
2020-05-12 01:30:00,32.0455,20.481773
2020-05-12 01:45:00,32.0455,20.481777
2020-05-12 02:00:00,31.826,20.557394
2020-05-12 02:15:00,31.826,20.608389
2020-05-12 02:30:00,31.826,20.601816
2020-05-12 02:45:00,31.826,20.529457
2020-05-12 03:00:00,31.3865,20.50649
2020-05-12 03:15:00,30.7275,20.388973
2020-05-12 03:30:00,30.068,20.360807
2020-05-12 03:45:00,29.4095,20.409824
2020-05-12 04:00:00,29.1895,20.519104
2020-05-12 04:15:00,28.75,20.555784
2020-05-12 04:30:00,28.53,20.553926
2020-05-12 04:45:00,28.3105,20.545034
2020-05-12 05:00:00,28.0905,20.583757
2020-05-12 05:15:00,27.871,20.658916
2020-05-12 05:30:00,27.871,20.634317
2020-05-12 05:45:00,27.6515,20.706135
2020-05-12 06:00:00,27.6515,20.874222
2020-05-12 06:15:00,27.6515,20.899294
2020-05-12 06:30:00,27.6515,20.878498
2020-05-12 06:45:00,27.6515,20.901419
2020-05-12 07:00:00,27.6515,20.883572
2020-05-12 07:15:00,27.6515,20.877686
2020-05-12 07:30:00,27.4315,20.997683
2020-05-12 07:45:00,27.212,21.225342
2020-05-12 08:00:00,26.7725,21.396585
2020-05-12 08:15:00,26.7725,21.690695
2020-05-12 08:30:00,26.7725,22.062983
2020-05-12 08:45:00,26.553,22.47206
2020-05-12 09:00:00,26.553,22.799265
2020-05-12 09:15:00,26.553,23.256824
2020-05-12 09:30:00,26.992,23.756983
2020-05-12 09:45:00,27.212,24.308105
2020-05-12 10:00:00,27.6515,25.144758
2020-05-12 10:15:00,28.0905,25.911179
2020-05-12 10:30:00,28.3105,26.73438
2020-05-12 10:45:00,28.75,27.826017
2020-05-12 11:00:00,29.1895,28.978205
2020-05-12 11:15:00,29.629,29.917557
2020-05-12 11:30:00,30.0685,30.796318
2020-05-12 11:45:00,30.0685,31.427732
2020-05-12 12:00:00,30.288,31.738695
2020-05-12 12:15:00,30.5075,31.989733
2020-05-12 12:30:00,30.7275,32.391136
2020-05-12 12:45:00,30.9475,32.89623
2020-05-12 13:00:00,30.9475,33.297203
2020-05-12 13:15:00,31.167,33.78709
2020-05-12 13:30:00,31.6065,34.13453
2020-05-12 13:45:00,31.6065,34.32071
2020-05-12 14:00:00,32.0455,34.55002
2020-05-12 14:15:00,32.0455,34.68824
2020-05-12 14:30:00,32.0455,34.773834
2020-05-12 14:45:00,32.0455,34.788944
2020-05-12 15:00:00,32.0455,34.60779
2020-05-12 15:15:00,32.2655,34.5703
2020-05-12 15:30:00,32.2655,34.30266
2020-05-12 15:45:00,32.2655,33.867004
2020-05-12 16:00:00,32.4855,33.364677
2020-05-12 16:15:00,32.4855,32.78649
2020-05-12 16:30:00,32.4855,32.39073
2020-05-12 16:45:00,32.4855,31.983313
2020-05-12 17:00:00,32.2655,31.570639
2020-05-12 17:15:00,32.2655,30.880568
2020-05-12 17:30:00,32.046,30.336878
2020-05-12 17:45:00,32.046,29.936197
2020-05-12 18:00:00,32.046,29.627121
2020-05-12 18:15:00,32.046,29.483284
2020-05-12 18:30:00,31.826,29.270315
2020-05-12 18:45:00,31.826,29.012182
2020-05-12 19:00:00,31.826,28.741098
2020-05-12 19:15:00,31.6065,28.440805
2020-05-12 19:30:00,31.167,28.210476
2020-05-12 19:45:00,31.167,27.95315
2020-05-12 20:00:00,30.7275,27.728144
2020-05-12 20:15:00,30.7275,27.48828
2020-05-12 20:30:00,30.5075,27.282042
2020-05-12 20:45:00,30.288,27.109243
2020-05-12 21:00:00,30.0685,26.98839
2020-05-12 21:15:00,30.0685,26.876516
2020-05-12 21:30:00,29.8485,26.834455
2020-05-12 21:45:00,29.8485,26.80264
2020-05-12 22:00:00,29.629,26.700048
2020-05-12 22:15:00,29.4095,26.657385
2020-05-12 22:30:00,29.4095,26.517275
2020-05-12 22:45:00,28.9695,26.443565
2020-05-12 23:00:00,28.9695,26.42233
2020-05-12 23:15:00,28.75,26.361305
2020-05-12 23:30:00,28.5305,26.233961
2020-05-12 23:45:00,28.5305,26.11993
2020-05-13 00:00:00,28.5305,26.023672
2020-05-13 00:15:00,28.5305,25.990824
2020-05-13 00:30:00,28.5305,25.971874
2020-05-13 00:45:00,28.5305,25.946571
2020-05-13 01:00:00,28.3105,25.946884
2020-05-13 01:15:00,28.0905,25.88689
2020-05-13 01:30:00,28.0905,25.774275
2020-05-13 01:45:00,28.0905,25.706852
2020-05-13 02:00:00,27.871,25.698847
2020-05-13 02:15:00,27.6515,25.662298
2020-05-13 02:30:00,27.6515,25.607323
2020-05-13 02:45:00,27.6515,25.4747
2020-05-13 03:00:00,27.6515,25.370283
2020-05-13 03:15:00,27.6515,25.216667
2020-05-13 03:30:00,27.212,25.133507
2020-05-13 03:45:00,27.212,25.055216
2020-05-13 04:00:00,27.212,25.11489
2020-05-13 04:15:00,27.212,25.146393
2020-05-13 04:30:00,27.212,25.135344
2020-05-13 04:45:00,27.212,25.136621
2020-05-13 05:00:00,26.9925,25.149672
2020-05-13 05:15:00,26.9925,25.089912
2020-05-13 05:30:00,26.9925,24.832842
2020-05-13 05:45:00,26.9925,24.589804
2020-05-13 06:00:00,26.9925,24.480062
2020-05-13 06:15:00,26.9925,24.383799
2020-05-13 06:30:00,26.9925,24.350857
2020-05-13 06:45:00,26.9925,24.43764
2020-05-13 07:00:00,26.9925,24.568537
2020-05-13 07:15:00,27.4315,24.783026
2020-05-13 07:30:00,27.6515,25.15507
2020-05-13 07:45:00,28.0905,25.590242
2020-05-13 08:00:00,28.5305,26.035322
2020-05-13 08:15:00,29.1895,26.345385
2020-05-13 08:30:00,29.849,26.670757
2020-05-13 08:45:00,30.508,27.008812
2020-05-13 09:00:00,31.1665,27.260847
2020-05-13 09:15:00,32.0455,27.622446
2020-05-13 09:30:00,32.9245,27.888113
2020-05-13 09:45:00,33.584,28.106113
2020-05-13 10:00:00,34.243,28.557865
2020-05-13 10:15:00,35.3415,29.207754
2020-05-13 10:30:00,36.44,29.864231
2020-05-13 10:45:00,37.759,30.641975
2020-05-13 11:00:00,38.638,31.396616
2020-05-13 11:15:00,39.517,32.044724
2020-05-13 11:30:00,39.956,32.587715
2020-05-13 11:45:00,40.176,32.92702
2020-05-13 12:00:00,40.3955,33.093693
2020-05-13 12:15:00,40.6155,33.26604
2020-05-13 12:30:00,41.055,33.613426
2020-05-13 12:45:00,41.274,34.010925
2020-05-13 13:00:00,42.153,34.37584
2020-05-13 13:15:00,42.593,34.75055
2020-05-13 13:30:00,43.032,34.98961
2020-05-13 13:45:00,43.252,35.13545
2020-05-13 14:00:00,43.6915,35.414406
2020-05-13 14:15:00,44.3505,35.585274
2020-05-13 14:30:00,44.3505,35.53536
2020-05-13 14:45:00,44.5705,35.53502
2020-05-13 15:00:00,44.5705,35.34834
2020-05-13 15:15:00,44.5705,35.286255
2020-05-13 15:30:00,44.3505,35.122612
2020-05-13 15:45:00,43.9115,34.81451
2020-05-13 16:00:00,43.6915,34.44815
2020-05-13 16:15:00,43.252,33.873188
2020-05-13 16:30:00,43.032,33.54955
2020-05-13 16:45:00,42.8125,33.170303
2020-05-13 17:00:00,42.593,32.87364
2020-05-13 17:15:00,42.153,32.406483
2020-05-13 17:30:00,41.714,32.09298
2020-05-13 17:45:00,41.274,31.825832
2020-05-13 18:00:00,40.835,31.433153
2020-05-13 18:15:00,40.6155,31.07038
2020-05-13 18:30:00,40.1755,30.720577
2020-05-13 18:45:00,39.7365,30.139318
2020-05-13 19:00:00,39.297,29.737598
2020-05-13 19:15:00,38.8575,29.409063
2020-05-13 19:30:00,38.418,29.024546
2020-05-13 19:45:00,37.9785,28.714056
2020-05-13 20:00:00,37.539,28.376917
2020-05-13 20:15:00,37.0995,28.027782
2020-05-13 20:30:00,36.66,27.699741
2020-05-13 20:45:00,36.2205,27.323101
2020-05-13 21:00:00,36.001,26.978815
2020-05-13 21:15:00,35.5615,26.655447
2020-05-13 21:30:00,35.3415,26.358442
2020-05-13 21:45:00,34.9025,26.11806
2020-05-13 22:00:00,34.6825,25.851341
2020-05-13 22:15:00,34.463,25.605785
2020-05-13 22:30:00,34.2435,25.382536
2020-05-13 22:45:00,34.2435,25.154728
2020-05-13 23:00:00,34.0235,24.952713
2020-05-13 23:15:00,34.0235,24.73153
2020-05-13 23:30:00,33.8035,24.551624
2020-05-13 23:45:00,33.8035,24.386759
2020-05-14 00:00:00,33.8035,24.240942
2020-05-14 00:15:00,33.584,24.018139
2020-05-14 00:30:00,33.3645,23.831797
2020-05-14 00:45:00,33.3645,23.603716
2020-05-14 01:00:00,33.3645,23.353683
2020-05-14 01:15:00,32.9245,23.042732
2020-05-14 01:30:00,32.9245,22.750189
2020-05-14 01:45:00,32.9245,22.48477
2020-05-14 02:00:00,32.705,22.154047
2020-05-14 02:15:00,32.705,21.824331
2020-05-14 02:30:00,32.705,21.573622
2020-05-14 02:45:00,32.705,21.275957
2020-05-14 03:00:00,32.485,21.104956
2020-05-14 03:15:00,32.485,20.912432
2020-05-14 03:30:00,32.485,20.828407
2020-05-14 03:45:00,32.2655,20.731249
2020-05-14 04:00:00,32.2655,20.509802
2020-05-14 04:15:00,32.2655,20.227015
2020-05-14 04:30:00,32.2655,20.1107
2020-05-14 04:45:00,32.046,20.040777
2020-05-14 05:00:00,31.826,19.866446
2020-05-14 05:15:00,31.826,19.69757
2020-05-14 05:30:00,31.826,19.610847
2020-05-14 05:45:00,31.606,19.532135
2020-05-14 06:00:00,31.606,19.580267
2020-05-14 06:15:00,31.606,19.670698
2020-05-14 06:30:00,31.606,19.731058
2020-05-14 06:45:00,31.826,19.801489
2020-05-14 07:00:00,32.046,19.916262
2020-05-14 07:15:00,32.485,20.05579
2020-05-14 07:30:00,32.485,20.263842
2020-05-14 07:45:00,32.925,20.704111
2020-05-14 08:00:00,33.364,21.182863
2020-05-14 08:15:00,34.0235,21.813402
2020-05-14 08:30:00,34.6825,22.408447
2020-05-14 08:45:00,35.342,23.047901
2020-05-14 09:00:00,35.781,23.790861
2020-05-14 09:15:00,36.4405,24.3084
2020-05-14 09:30:00,37.0995,24.782629
2020-05-14 09:45:00,37.539,25.357645
2020-05-14 10:00:00,38.198,25.992916
2020-05-14 10:15:00,38.8575,26.460443
2020-05-14 10:30:00,39.9565,26.880665
2020-05-14 10:45:00,40.8345,27.31518
2020-05-14 11:00:00,41.7135,28.02726
2020-05-14 11:15:00,41.9335,28.355515
2020-05-14 11:30:00,42.153,28.753513
2020-05-14 11:45:00,42.593,29.198956
2020-05-14 12:00:00,42.8125,29.481903
2020-05-14 12:15:00,43.4715,29.811344
2020-05-14 12:30:00,43.911,29.959574
2020-05-14 12:45:00,43.911,30.486155
2020-05-14 13:00:00,43.911,30.743841
2020-05-14 13:15:00,43.911,31.082832
2020-05-14 13:30:00,43.911,31.325632
2020-05-14 13:45:00,43.911,31.57995
2020-05-14 14:00:00,43.911,31.923326
2020-05-14 14:15:00,43.911,32.168034
2020-05-14 14:30:00,43.911,32.38868
2020-05-14 14:45:00,44.131,32.507645
2020-05-14 15:00:00,44.351,32.53384
2020-05-14 15:15:00,44.79,32.928253
2020-05-14 15:30:00,45.449,33.00992
2020-05-14 15:45:00,45.449,33.12791
2020-05-14 16:00:00,45.449,32.92935
2020-05-14 16:15:00,45.449,32.66498
2020-05-14 16:30:00,45.2295,32.54284
2020-05-14 16:45:00,45.2295,32.29598
2020-05-14 17:00:00,44.79,31.93561
2020-05-14 17:15:00,44.79,31.371256
2020-05-14 17:30:00,44.5705,30.713432
2020-05-14 17:45:00,44.351,30.208725
2020-05-14 18:00:00,44.131,29.516054
2020-05-14 18:15:00,43.911,29.00767
2020-05-14 18:30:00,43.6915,28.919779
2020-05-14 18:45:00,43.252,28.867338
2020-05-14 19:00:00,43.252,28.75635
2020-05-14 19:15:00,42.8125,28.66126
2020-05-14 19:30:00,42.373,28.59852
2020-05-14 19:45:00,41.9335,28.579596
2020-05-14 20:00:00,41.7135,28.590675
2020-05-14 20:15:00,41.494,28.60563
2020-05-14 20:30:00,41.2745,28.504744
2020-05-14 20:45:00,40.835,28.232347
2020-05-14 21:00:00,40.6155,28.087675
2020-05-14 21:15:00,40.3955,27.913025
2020-05-14 21:30:00,40.1755,27.713243
2020-05-14 21:45:00,39.956,27.541508
2020-05-14 22:00:00,39.956,27.300404
2020-05-14 22:15:00,39.956,27.184855
2020-05-14 22:30:00,39.956,27.155146
2020-05-14 22:45:00,39.517,27.089575
2020-05-14 23:00:00,39.517,26.973154
2020-05-14 23:15:00,39.517,26.861559
2020-05-14 23:30:00,39.517,26.82794
2020-05-14 23:45:00,39.297,26.812971
2020-05-15 00:00:00,39.297,26.798111
2020-05-15 00:15:00,39.077,26.660425
2020-05-15 00:30:00,38.8575,26.548376
2020-05-15 00:45:00,38.8575,26.42301
2020-05-15 01:00:00,38.8575,26.270773
2020-05-15 01:15:00,38.638,26.154861
2020-05-15 01:30:00,38.418,26.040165
2020-05-15 01:45:00,38.418,25.977
2020-05-15 02:00:00,38.198,25.819283
2020-05-15 02:15:00,37.9785,25.718962
2020-05-15 02:30:00,37.759,25.73321
2020-05-15 02:45:00,37.759,25.616648
2020-05-15 03:00:00,37.319,25.640871
2020-05-15 03:15:00,37.319,25.615206
2020-05-15 03:30:00,37.319,25.636019
2020-05-15 03:45:00,37.0995,25.49383
2020-05-15 04:00:00,36.88,25.412275
2020-05-15 04:15:00,36.88,25.365362
2020-05-15 04:30:00,36.88,25.343142
2020-05-15 04:45:00,36.44,25.352125
2020-05-15 05:00:00,36.44,25.317156
2020-05-15 05:15:00,36.44,25.274727
2020-05-15 05:30:00,36.44,25.267324
2020-05-15 05:45:00,36.2205,25.26819
2020-05-15 06:00:00,36.2205,25.280745
2020-05-15 06:15:00,36.2205,25.382563
2020-05-15 06:30:00,36.2205,25.418962
2020-05-15 06:45:00,36.44,25.389746
2020-05-15 07:00:00,36.44,25.459787
2020-05-15 07:15:00,36.66,25.576918
2020-05-15 07:30:00,36.88,25.73819
2020-05-15 07:45:00,37.319,25.967882
2020-05-15 08:00:00,37.9785,26.306667
2020-05-15 08:15:00,38.6375,26.655909
2020-05-15 08:30:00,39.0775,27.118948
2020-05-15 08:45:00,39.7365,27.018547
2020-05-15 09:00:00,40.3955,26.839926
2020-05-15 09:15:00,41.0545,26.809793
2020-05-15 09:30:00,41.494,26.909925
2020-05-15 09:45:00,42.1535,26.918646
2020-05-15 10:00:00,42.8125,27.143953
2020-05-15 10:15:00,43.6915,27.51029
2020-05-15 10:30:00,44.5705,28.197184
2020-05-15 10:45:00,45.2295,29.450333
2020-05-15 11:00:00,46.1085,30.67649
2020-05-15 11:15:00,46.7675,31.639013
2020-05-15 11:30:00,46.987,32.53469
2020-05-15 11:45:00,47.207,33.29924
2020-05-15 12:00:00,47.207,33.76721
2020-05-15 12:15:00,47.4265,33.99347
2020-05-15 12:30:00,47.4265,34.058548
2020-05-15 12:45:00,47.207,34.31241
2020-05-15 13:00:00,47.207,34.485176
2020-05-15 13:15:00,47.427,34.809135
2020-05-15 13:30:00,47.6465,35.124687
2020-05-15 13:45:00,47.6465,35.463997
2020-05-15 14:00:00,47.8665,35.913414
2020-05-15 14:15:00,48.086,36.11779
2020-05-15 14:30:00,48.3055,36.25969
2020-05-15 14:45:00,48.3055,36.171356
2020-05-15 15:00:00,48.3055,36.10421
2020-05-15 15:15:00,48.3055,36.146355
2020-05-15 15:30:00,48.3055,36.141438
2020-05-15 15:45:00,48.3055,36.063667
2020-05-15 16:00:00,48.086,35.784172
2020-05-15 16:15:00,48.086,35.52532
2020-05-15 16:30:00,47.866,35.37146
2020-05-15 16:45:00,47.866,35.1063
2020-05-15 17:00:00,47.6465,34.858833
2020-05-15 17:15:00,47.427,34.478672
2020-05-15 17:30:00,47.207,33.807045
2020-05-15 17:45:00,46.987,33.159904
2020-05-15 18:00:00,46.548,32.444042
2020-05-15 18:15:00,46.548,31.708118
2020-05-15 18:30:00,46.108,31.177431
2020-05-15 18:45:00,45.8885,30.860477
2020-05-15 19:00:00,45.4495,30.547714
2020-05-15 19:15:00,45.2295,30.14573
2020-05-15 19:30:00,44.79,29.781067
2020-05-15 19:45:00,44.5705,29.463465
2020-05-15 20:00:00,44.131,28.945322
2020-05-15 20:15:00,43.911,28.47081
2020-05-15 20:30:00,43.472,28.230286
2020-05-15 20:45:00,43.472,27.983438
2020-05-15 21:00:00,43.032,27.925325
2020-05-15 21:15:00,42.593,27.888731
2020-05-15 21:30:00,42.593,27.774553
2020-05-15 21:45:00,42.593,27.67095
2020-05-15 22:00:00,42.373,27.590534
2020-05-15 22:15:00,42.153,27.529875
2020-05-15 22:30:00,42.153,27.40837
2020-05-15 22:45:00,42.153,27.298605
2020-05-15 23:00:00,41.9335,27.247343
2020-05-15 23:15:00,41.9335,27.217031
2020-05-15 23:30:00,41.714,27.136427
2020-05-15 23:45:00,41.714,27.04091
2020-05-16 00:00:00,41.714,26.949787
2020-05-16 00:15:00,41.494,26.909388
2020-05-16 00:30:00,41.494,26.823957
2020-05-16 00:45:00,41.274,26.695404
2020-05-16 01:00:00,41.274,26.618246
2020-05-16 01:15:00,41.0545,26.525362
2020-05-16 01:30:00,41.0545,26.438509
2020-05-16 01:45:00,40.835,26.336168
2020-05-16 02:00:00,40.835,26.227745
2020-05-16 02:15:00,40.835,26.161007
2020-05-16 02:30:00,40.6155,26.012259
2020-05-16 02:45:00,40.6155,25.831625
2020-05-16 03:00:00,40.6155,25.691397
2020-05-16 03:15:00,40.3955,25.515108
2020-05-16 03:30:00,40.3955,25.421774
2020-05-16 03:45:00,40.3955,25.245775
2020-05-16 04:00:00,40.1755,25.19994
2020-05-16 04:15:00,40.1755,25.073984
2020-05-16 04:30:00,40.1755,24.984339
2020-05-16 04:45:00,39.956,24.891058
2020-05-16 05:00:00,39.956,24.705873
2020-05-16 05:15:00,39.956,24.572943
2020-05-16 05:30:00,39.956,24.42266
2020-05-16 05:45:00,39.956,24.281664
2020-05-16 06:00:00,39.956,24.169477
2020-05-16 06:15:00,39.956,24.003819
2020-05-16 06:30:00,39.956,23.888128
2020-05-16 06:45:00,39.956,23.748837
2020-05-16 07:00:00,39.956,23.717012
2020-05-16 07:15:00,39.956,23.76047
2020-05-16 07:30:00,39.956,23.909548
2020-05-16 07:45:00,39.956,24.104568
2020-05-16 08:00:00,40.1755,24.304258
2020-05-16 08:15:00,40.3955,24.36631
2020-05-16 08:30:00,40.8345,24.528849
2020-05-16 08:45:00,41.494,24.734259
2020-05-16 09:00:00,42.373,24.932493
2020-05-16 09:15:00,42.8125,25.536503
2020-05-16 09:30:00,43.252,26.26433
2020-05-16 09:45:00,43.9115,26.976143
2020-05-16 10:00:00,44.131,27.795183
2020-05-16 10:15:00,45.01,28.532207
2020-05-16 10:30:00,45.6685,28.947454
2020-05-16 10:45:00,46.5475,29.354929
2020-05-16 11:00:00,47.207,30.078577
2020-05-16 11:15:00,47.6465,31.119854
2020-05-16 11:30:00,47.866,32.20324
2020-05-16 11:45:00,47.8665,33.081676
2020-05-16 12:00:00,47.6465,33.72242
2020-05-16 12:15:00,47.866,34.081932
2020-05-16 12:30:00,48.3055,34.513535
2020-05-16 12:45:00,48.5255,35.01744
2020-05-16 13:00:00,49.185,35.523033
2020-05-16 13:15:00,49.624,36.14378
2020-05-16 13:30:00,49.844,36.72958
2020-05-16 13:45:00,50.0635,37.197212
2020-05-16 14:00:00,50.283,37.634945
2020-05-16 14:15:00,50.7225,37.907265
2020-05-16 14:30:00,50.7225,38.239014
2020-05-16 14:45:00,50.7225,38.445347
2020-05-16 15:00:00,50.503,38.54193
2020-05-16 15:15:00,50.503,38.55078
2020-05-16 15:30:00,50.0635,38.428223
2020-05-16 15:45:00,49.844,38.02916
2020-05-16 16:00:00,49.4045,37.524017
2020-05-16 16:15:00,48.965,37.031326
2020-05-16 16:30:00,48.5255,36.508667
2020-05-16 16:45:00,48.5255,36.12159
2020-05-16 17:00:00,48.306,35.70578
2020-05-16 17:15:00,48.086,35.152306
2020-05-16 17:30:00,47.866,34.649193
2020-05-16 17:45:00,47.866,34.24863
2020-05-16 18:00:00,47.6465,33.861847
2020-05-16 18:15:00,47.427,33.552494
2020-05-16 18:30:00,46.987,33.292953
2020-05-16 18:45:00,46.7675,33.11538
2020-05-16 19:00:00,46.548,32.829315
2020-05-16 19:15:00,46.328,32.48518
2020-05-16 19:30:00,45.8885,32.036556
2020-05-16 19:45:00,45.669,31.658092
2020-05-16 20:00:00,45.4495,31.307547
2020-05-16 20:15:00,45.0095,30.851744
2020-05-16 20:30:00,44.5705,30.408035
2020-05-16 20:45:00,44.5705,29.998413
2020-05-16 21:00:00,44.131,29.63027
2020-05-16 21:15:00,43.9115,29.342442
2020-05-16 21:30:00,43.6915,29.063173
2020-05-16 21:45:00,43.4715,28.802504
2020-05-16 22:00:00,43.252,28.51845
2020-05-16 22:15:00,43.0325,28.373446
2020-05-16 22:30:00,42.8125,28.20152
2020-05-16 22:45:00,42.373,27.992823
2020-05-16 23:00:00,42.373,27.951582
2020-05-16 23:15:00,41.9335,27.879076
2020-05-16 23:30:00,41.9335,27.694761
2020-05-16 23:45:00,41.494,27.429632
2020-05-17 00:00:00,41.494,27.269632
2020-05-17 00:15:00,41.0545,27.19353
2020-05-17 00:30:00,41.0545,27.140493
2020-05-17 00:45:00,40.835,27.065804
2020-05-17 01:00:00,40.6155,26.993036
2020-05-17 01:15:00,40.1755,26.89235
2020-05-17 01:30:00,39.956,26.725285
2020-05-17 01:45:00,39.297,26.639462
2020-05-17 02:00:00,38.8575,26.484379
2020-05-17 02:15:00,38.8575,26.457685
2020-05-17 02:30:00,38.418,26.284449
2020-05-17 02:45:00,37.9785,26.217897
2020-05-17 03:00:00,37.539,26.040483
2020-05-17 03:15:00,36.001,25.755625
2020-05-17 03:30:00,34.6825,25.51814
2020-05-17 03:45:00,34.2435,25.238935
2020-05-17 04:00:00,33.8035,25.07516
2020-05-17 04:15:00,33.8035,24.885057
2020-05-17 04:30:00,33.584,24.690302
2020-05-17 04:45:00,33.364,24.436655
2020-05-17 05:00:00,33.1445,24.186125
2020-05-17 05:15:00,32.485,24.05623
2020-05-17 05:30:00,32.046,23.920584
2020-05-17 05:45:00,31.826,23.76338
2020-05-17 06:00:00,31.3865,23.722662
2020-05-17 06:15:00,30.9475,23.654432
2020-05-17 06:30:00,30.7275,23.454777
2020-05-17 06:45:00,30.5075,23.304697
2020-05-17 07:00:00,30.5075,23.41292
2020-05-17 07:15:00,30.7275,23.589003
2020-05-17 07:30:00,31.167,23.78109
2020-05-17 07:45:00,31.167,24.09123
2020-05-17 08:00:00,31.167,24.468851
2020-05-17 08:15:00,30.7275,25.075611
2020-05-17 08:30:00,30.288,25.746197
2020-05-17 08:45:00,29.849,26.445309
2020-05-17 09:00:00,29.409,27.13579
2020-05-17 09:15:00,29.409,27.898497
2020-05-17 09:30:00,29.629,28.680433
2020-05-17 09:45:00,30.288,29.209362
2020-05-17 10:00:00,30.7275,29.679596
2020-05-17 10:15:00,31.3865,29.958075
2020-05-17 10:30:00,32.2655,30.378868
2020-05-17 10:45:00,33.1445,30.82249
2020-05-17 11:00:00,34.463,30.956224
2020-05-17 11:15:00,35.781,31.146914
2020-05-17 11:30:00,36.66,31.758472
2020-05-17 11:45:00,37.319,32.2263
2020-05-17 12:00:00,37.9785,32.506584
2020-05-17 12:15:00,38.638,32.573536
2020-05-17 12:30:00,39.297,32.678402
2020-05-17 12:45:00,40.1755,32.844017
2020-05-17 13:00:00,41.0545,33.015705
2020-05-17 13:15:00,41.494,33.46579
2020-05-17 13:30:00,41.9335,33.902245
2020-05-17 13:45:00,42.153,34.178783
2020-05-17 14:00:00,42.593,34.415375
2020-05-17 14:15:00,43.032,34.607502
2020-05-17 14:30:00,43.252,34.975822
2020-05-17 14:45:00,43.6915,35.26963
2020-05-17 15:00:00,43.6915,35.495754
2020-05-17 15:15:00,43.6915,35.682243
2020-05-17 15:30:00,43.6915,35.613495
2020-05-17 15:45:00,43.6915,35.414173
2020-05-17 16:00:00,43.472,35.172752
2020-05-17 16:15:00,42.8125,34.9532
2020-05-17 16:30:00,42.593,34.71428
2020-05-17 16:45:00,42.373,34.628334
2020-05-17 17:00:00,42.1535,34.506577
2020-05-17 17:15:00,41.9335,34.286022
2020-05-17 17:30:00,41.7135,34.13508
2020-05-17 17:45:00,41.494,34.135166
2020-05-17 18:00:00,41.2745,33.798553
2020-05-17 18:15:00,41.0545,33.489468
2020-05-17 18:30:00,40.835,33.297855
2020-05-17 18:45:00,40.6155,33.0629
2020-05-17 19:00:00,40.6155,32.90468
2020-05-17 19:15:00,40.1755,32.717323
2020-05-17 19:30:00,40.1755,32.559315
2020-05-17 19:45:00,39.7365,32.359207
2020-05-17 20:00:00,39.7365,32.15692
2020-05-17 20:15:00,39.297,31.94177
2020-05-17 20:30:00,39.297,31.74346
2020-05-17 20:45:00,39.0775,31.576471
2020-05-17 21:00:00,38.8575,31.441023
2020-05-17 21:15:00,38.6375,31.189508
2020-05-17 21:30:00,38.418,30.932102
2020-05-17 21:45:00,38.1985,30.678728
2020-05-17 22:00:00,37.9785,30.422808
2020-05-17 22:15:00,37.9785,30.30055
2020-05-17 22:30:00,37.7585,30.18104
2020-05-17 22:45:00,37.539,29.982687
2020-05-17 23:00:00,37.539,29.880388
2020-05-17 23:15:00,37.539,29.817562
2020-05-17 23:30:00,37.0995,29.647966
2020-05-17 23:45:00,37.0995,29.35334
2020-05-18 00:00:00,36.8795,29.249905
2020-05-18 00:15:00,36.8795,29.189442
2020-05-18 00:30:00,36.66,29.14869
2020-05-18 00:45:00,36.66,28.994173
2020-05-18 01:00:00,36.4405,28.834047
2020-05-18 01:15:00,36.4405,28.689651
2020-05-18 01:30:00,36.2205,28.492718
2020-05-18 01:45:00,36.2205,28.304382
2020-05-18 02:00:00,36.2205,27.979069
2020-05-18 02:15:00,36.001,27.702112
2020-05-18 02:30:00,36.001,27.313446
2020-05-18 02:45:00,35.7815,27.068693
2020-05-18 03:00:00,35.7815,26.763193
2020-05-18 03:15:00,35.5615,26.361477
2020-05-18 03:30:00,35.5615,25.984327
2020-05-18 03:45:00,35.3415,25.468912
2020-05-18 04:00:00,35.3415,25.055502
2020-05-18 04:15:00,35.122,24.601862
2020-05-18 04:30:00,35.122,24.08271
2020-05-18 04:45:00,35.122,23.59325
2020-05-18 05:00:00,35.122,23.160315
2020-05-18 05:15:00,35.122,22.741325
2020-05-18 05:30:00,34.9025,22.415377
2020-05-18 05:45:00,34.9025,22.007896
2020-05-18 06:00:00,34.9025,21.786152
2020-05-18 06:15:00,34.9025,21.63807
2020-05-18 06:30:00,35.122,21.4155
2020-05-18 06:45:00,35.122,21.071836
2020-05-18 07:00:00,35.5615,21.019358
2020-05-18 07:15:00,35.5615,21.077467
2020-05-18 07:30:00,36.001,21.258638
2020-05-18 07:45:00,36.4405,21.814655
2020-05-18 08:00:00,36.8795,22.49439
2020-05-18 08:15:00,37.3195,23.530043
2020-05-18 08:30:00,37.539,24.393188
2020-05-18 08:45:00,37.9785,25.343845
2020-05-18 09:00:00,38.1985,25.992985
2020-05-18 09:15:00,38.1985,26.681639
2020-05-18 09:30:00,38.6375,27.393267
2020-05-18 09:45:00,39.0775,28.348703
2020-05-18 10:00:00,39.956,29.381433
2020-05-18 10:15:00,40.3955,30.227991
2020-05-18 10:30:00,41.2745,30.93672
2020-05-18 10:45:00,41.7135,31.722786
2020-05-18 11:00:00,42.1535,32.646957
2020-05-18 11:15:00,42.5925,33.379074
2020-05-18 11:30:00,42.8125,34.164436
2020-05-18 11:45:00,42.8125,34.81259
2020-05-18 12:00:00,42.8125,35.02533
2020-05-18 12:15:00,42.8125,35.236988
2020-05-18 12:30:00,43.0325,35.56074
2020-05-18 12:45:00,43.6915,35.885612
2020-05-18 13:00:00,44.3505,36.05693
2020-05-18 13:15:00,44.3505,36.61548
2020-05-18 13:30:00,44.79,37.062637
2020-05-18 13:45:00,45.2295,37.309135
2020-05-18 14:00:00,45.2295,37.4586
2020-05-18 14:15:00,45.2295,37.518555
2020-05-18 14:30:00,45.2295,37.743492
2020-05-18 14:45:00,45.2295,37.989395
2020-05-18 15:00:00,45.2295,38.094048
2020-05-18 15:15:00,44.79,38.331802
2020-05-18 15:30:00,44.3505,38.106274
2020-05-18 15:45:00,44.131,37.784073
2020-05-18 16:00:00,43.4715,37.325195
2020-05-18 16:15:00,42.8125,36.62791
2020-05-18 16:30:00,42.373,35.894173
2020-05-18 16:45:00,41.909,35.347065
2020-05-18 17:00:00,39.2725,34.93274
2020-05-18 17:15:00,34.6585,34.197098
2020-05-18 17:30:00,33.12,33.75598
2020-05-18 17:45:00,32.461,33.31018
2020-05-18 18:00:00,32.461,32.776657
2020-05-18 18:15:00,32.461,32.011604
2020-05-18 18:30:00,32.0215,31.303102
2020-05-18 18:45:00,31.582,30.715109
2020-05-18 19:00:00,31.1425,30.294537
2020-05-18 19:15:00,30.9225,29.867039
2020-05-18 19:30:00,30.703,29.526781
2020-05-18 19:45:00,30.4835,29.276247
2020-05-18 20:00:00,30.2635,28.8505
2020-05-18 20:15:00,29.824,28.384535
2020-05-18 20:30:00,29.824,27.765486
2020-05-18 20:45:00,29.6045,27.2394
2020-05-18 21:00:00,29.6045,26.954842
2020-05-18 21:15:00,29.6045,26.566637
2020-05-18 21:30:00,30.044,26.307785
2020-05-18 21:45:00,30.044,26.083973
2020-05-18 22:00:00,30.2635,25.836771
2020-05-18 22:15:00,30.2635,25.66686
2020-05-18 22:30:00,30.2635,25.669287
2020-05-18 22:45:00,30.2635,25.521303
2020-05-18 23:00:00,30.2635,25.420479
2020-05-18 23:15:00,30.2635,25.352472
2020-05-18 23:30:00,30.703,25.234816
2020-05-18 23:45:00,30.703,25.024334
2020-05-19 00:00:00,30.703,24.901964
2020-05-19 00:15:00,31.1425,24.70575
2020-05-19 00:30:00,31.1425,24.549997
2020-05-19 00:45:00,31.1425,24.258965
2020-05-19 01:00:00,31.1425,23.877365
2020-05-19 01:15:00,31.362,23.685411
2020-05-19 01:30:00,31.362,23.30115
2020-05-19 01:45:00,31.362,23.000475
2020-05-19 02:00:00,31.362,22.552189
2020-05-19 02:15:00,31.362,22.336588
2020-05-19 02:30:00,31.362,22.03452
2020-05-19 02:45:00,31.362,21.900747
2020-05-19 03:00:00,31.362,21.744972
2020-05-19 03:15:00,31.362,21.53517
2020-05-19 03:30:00,31.1425,21.294703
2020-05-19 03:45:00,31.1425,20.805115
2020-05-19 04:00:00,30.703,20.417343
2020-05-19 04:15:00,30.703,20.076471
2020-05-19 04:30:00,30.703,19.745909
2020-05-19 04:45:00,30.2635,19.428423
2020-05-19 05:00:00,30.2635,19.091845
2020-05-19 05:15:00,29.824,18.847961
2020-05-19 05:30:00,29.824,18.660833
2020-05-19 05:45:00,29.6045,18.540186
2020-05-19 06:00:00,29.385,18.6777
2020-05-19 06:15:00,29.385,18.84693
2020-05-19 06:30:00,29.385,18.866453
2020-05-19 06:45:00,29.385,18.831797
2020-05-19 07:00:00,29.165,19.013096
2020-05-19 07:15:00,28.945,19.154268
2020-05-19 07:30:00,28.945,19.307173
2020-05-19 07:45:00,28.945,19.580475
2020-05-19 08:00:00,28.945,19.790094
2020-05-19 08:15:00,28.945,20.080034
2020-05-19 08:30:00,28.945,20.544403
2020-05-19 08:45:00,28.945,21.0494
2020-05-19 09:00:00,28.945,21.300102
2020-05-19 09:15:00,29.165,21.54593
2020-05-19 09:30:00,29.165,21.840464
2020-05-19 09:45:00,29.385,22.138468
2020-05-19 10:00:00,29.385,22.529772
2020-05-19 10:15:00,29.824,23.168985
2020-05-19 10:30:00,30.2635,23.992582
2020-05-19 10:45:00,30.4835,24.802176
2020-05-19 11:00:00,30.9225,25.617365
2020-05-19 11:15:00,31.1425,26.68435
2020-05-19 11:30:00,31.3625,27.889984
2020-05-19 11:45:00,31.3625,28.6776
2020-05-19 12:00:00,31.3625,29.218067
2020-05-19 12:15:00,31.3625,29.660273
2020-05-19 12:30:00,31.3625,30.280867
2020-05-19 12:45:00,31.3625,30.888037
2020-05-19 13:00:00,31.3625,31.65461
2020-05-19 13:15:00,31.3625,32.60992
2020-05-19 13:30:00,31.3625,33.483223
2020-05-19 13:45:00,31.3625,34.117973
2020-05-19 14:00:00,31.3625,34.57472
2020-05-19 14:15:00,31.3625,34.84191
2020-05-19 14:30:00,31.3625,35.11774
2020-05-19 14:45:00,31.1425,35.424164
2020-05-19 15:00:00,31.1425,35.56302
2020-05-19 15:15:00,31.1425,35.477966
2020-05-19 15:30:00,31.1425,35.2484
2020-05-19 15:45:00,31.1425,34.766476
2020-05-19 16:00:00,31.1425,34.207024
2020-05-19 16:15:00,31.1425,33.657745
2020-05-19 16:30:00,31.1425,33.01538
2020-05-19 16:45:00,31.1425,32.678192
2020-05-19 17:00:00,31.1425,32.469093
2020-05-19 17:15:00,31.1425,32.22835
2020-05-19 17:30:00,31.1425,31.998075
2020-05-19 17:45:00,30.9225,31.814856
2020-05-19 18:00:00,30.703,31.437485
2020-05-19 18:15:00,30.703,31.031143
2020-05-19 18:30:00,30.4835,30.689756
2020-05-19 18:45:00,30.2635,30.336405
2020-05-19 19:00:00,30.2635,29.834204
2020-05-19 19:15:00,30.2635,29.48478
2020-05-19 19:30:00,30.2635,29.228104
2020-05-19 19:45:00,30.2635,28.923958
2020-05-19 20:00:00,30.0435,28.575214
2020-05-19 20:15:00,29.824,28.158226
2020-05-19 20:30:00,29.824,27.785666
2020-05-19 20:45:00,29.824,27.523315
2020-05-19 21:00:00,29.824,27.24068
2020-05-19 21:15:00,29.824,26.953726
2020-05-19 21:30:00,29.824,26.871754
2020-05-19 21:45:00,29.6045,26.764187
2020-05-19 22:00:00,29.385,26.516989
2020-05-19 22:15:00,29.385,26.245829
2020-05-19 22:30:00,29.385,25.792559
2020-05-19 22:45:00,29.385,25.342947
2020-05-19 23:00:00,29.385,25.131413
2020-05-19 23:15:00,29.385,24.846598
2020-05-19 23:30:00,29.385,24.439432
2020-05-19 23:45:00,29.385,23.94049
2020-05-20 00:00:00,29.385,23.543608
2020-05-20 00:15:00,29.385,23.34965
2020-05-20 00:30:00,29.385,23.28441
2020-05-20 00:45:00,29.165,23.072271
2020-05-20 01:00:00,29.165,22.815598
2020-05-20 01:15:00,29.165,22.606234
2020-05-20 01:30:00,29.165,22.294529
2020-05-20 01:45:00,29.165,22.08601
2020-05-20 02:00:00,28.945,21.937853
2020-05-20 02:15:00,28.945,21.82396
2020-05-20 02:30:00,28.945,21.578539
2020-05-20 02:45:00,28.945,21.35969
2020-05-20 03:00:00,28.945,21.16531
2020-05-20 03:15:00,28.945,20.739397
2020-05-20 03:30:00,28.945,20.392126
2020-05-20 03:45:00,28.945,20.171732
2020-05-20 04:00:00,28.945,20.111895
2020-05-20 04:15:00,28.945,20.003756
2020-05-20 04:30:00,28.7255,19.812973
2020-05-20 04:45:00,28.506,19.523867
2020-05-20 05:00:00,28.506,19.382504
2020-05-20 05:15:00,28.506,19.354677
2020-05-20 05:30:00,28.506,19.174208
2020-05-20 05:45:00,28.506,19.067575
2020-05-20 06:00:00,28.506,19.2444
2020-05-20 06:15:00,28.506,19.2968
2020-05-20 06:30:00,28.506,19.28687
2020-05-20 06:45:00,28.506,19.328506
2020-05-20 07:00:00,28.506,19.576857
2020-05-20 07:15:00,28.506,19.973228
2020-05-20 07:30:00,28.506,20.385115
2020-05-20 07:45:00,28.506,20.885006
2020-05-20 08:00:00,28.506,21.464584
2020-05-20 08:15:00,28.506,22.0521
2020-05-20 08:30:00,28.506,22.760546
2020-05-20 08:45:00,28.506,23.58243
2020-05-20 09:00:00,28.506,24.245142
2020-05-20 09:15:00,28.506,25.037924
2020-05-20 09:30:00,28.506,25.923786
2020-05-20 09:45:00,28.506,26.844213
2020-05-20 10:00:00,28.506,27.75696
2020-05-20 10:15:00,28.506,28.401125
2020-05-20 10:30:00,28.7255,29.145607
2020-05-20 10:45:00,28.7255,29.952108
2020-05-20 11:00:00,28.7255,30.605925
2020-05-20 11:15:00,28.945,31.029058
2020-05-20 11:30:00,28.945,31.564417
2020-05-20 11:45:00,28.945,31.92388
2020-05-20 12:00:00,28.945,31.910496
2020-05-20 12:15:00,28.945,31.937742
2020-05-20 12:30:00,28.945,32.3545
2020-05-20 12:45:00,28.945,32.78391
2020-05-20 13:00:00,28.945,33.456963
2020-05-20 13:15:00,28.945,34.246834
2020-05-20 13:30:00,28.945,34.8556
2020-05-20 13:45:00,28.945,35.301308
2020-05-20 14:00:00,28.945,35.60318
2020-05-20 14:15:00,28.945,35.59162
2020-05-20 14:30:00,28.945,35.38958
2020-05-20 14:45:00,28.945,35.30001
2020-05-20 15:00:00,28.7255,35.15087
2020-05-20 15:15:00,28.506,34.960327
2020-05-20 15:30:00,28.506,34.59901
2020-05-20 15:45:00,28.506,34.154037
2020-05-20 16:00:00,28.506,33.76243
2020-05-20 16:15:00,28.0665,33.23334
2020-05-20 16:30:00,28.0665,32.77884
2020-05-20 16:45:00,28.0665,32.29716
2020-05-20 17:00:00,28.0665,31.988268
2020-05-20 17:15:00,27.8465,31.652655
2020-05-20 17:30:00,27.8465,31.216692
2020-05-20 17:45:00,27.627,30.76532
2020-05-20 18:00:00,27.627,30.256945
2020-05-20 18:15:00,27.1875,29.95021
2020-05-20 18:30:00,26.5285,29.689497
2020-05-20 18:45:00,26.5285,29.329748
2020-05-20 19:00:00,26.5285,28.984953
2020-05-20 19:15:00,26.5285,28.824766
2020-05-20 19:30:00,26.5285,28.617418
2020-05-20 19:45:00,26.5285,28.329065
2020-05-20 20:00:00,26.5285,27.989992
2020-05-20 20:15:00,26.5285,27.621721
2020-05-20 20:30:00,26.5285,27.411318
2020-05-20 20:45:00,26.5285,27.23239
2020-05-20 21:00:00,26.5285,27.121664
2020-05-20 21:15:00,26.5285,27.153461
2020-05-20 21:30:00,26.748,27.113472
2020-05-20 21:45:00,26.748,26.990694
2020-05-20 22:00:00,26.748,26.861177
2020-05-20 22:15:00,26.748,26.81355
2020-05-20 22:30:00,26.748,26.799906
2020-05-20 22:45:00,26.748,26.741049
2020-05-20 23:00:00,26.748,26.705395
2020-05-20 23:15:00,26.748,26.568354
2020-05-20 23:30:00,26.748,26.368734
2020-05-20 23:45:00,26.748,26.149244
2020-05-21 00:00:00,26.748,25.9775
2020-05-21 00:15:00,26.748,25.851456
2020-05-21 00:30:00,26.748,25.7421
2020-05-21 00:45:00,26.5285,25.516642
2020-05-21 01:00:00,26.5285,25.33608
2020-05-21 01:15:00,26.3085,25.205015
2020-05-21 01:30:00,26.3085,25.01739
2020-05-21 01:45:00,26.3085,24.84247
2020-05-21 02:00:00,26.3085,24.697231
2020-05-21 02:15:00,26.3085,24.607786
2020-05-21 02:30:00,26.0885,24.435637
2020-05-21 02:45:00,25.869,24.372911
2020-05-21 03:00:00,25.869,24.325094
2020-05-21 03:15:00,25.869,24.221437
2020-05-21 03:30:00,25.869,24.149523
2020-05-21 03:45:00,25.869,23.926874
2020-05-21 04:00:00,25.869,23.823072
2020-05-21 04:15:00,25.869,23.735003
2020-05-21 04:30:00,25.869,23.622934
2020-05-21 04:45:00,25.869,23.510614
2020-05-21 05:00:00,25.869,23.344467
2020-05-21 05:15:00,25.6495,23.199263
2020-05-21 05:30:00,25.6495,22.885798
2020-05-21 05:45:00,25.43,22.69673
2020-05-21 06:00:00,25.43,22.75823
2020-05-21 06:15:00,25.43,22.726929
2020-05-21 06:30:00,25.43,22.568254
2020-05-21 06:45:00,25.43,22.529379
2020-05-21 07:00:00,25.43,22.552046
2020-05-21 07:15:00,25.43,22.600416
2020-05-21 07:30:00,25.43,22.775826
2020-05-21 07:45:00,25.6495,22.822851
2020-05-21 08:00:00,25.6495,22.876059
2020-05-21 08:15:00,25.6495,22.867197
2020-05-21 08:30:00,25.869,22.998777
2020-05-21 08:45:00,25.869,23.137283
2020-05-21 09:00:00,26.0885,23.486765
2020-05-21 09:15:00,26.0885,24.010252
2020-05-21 09:30:00,26.3085,24.386349
2020-05-21 09:45:00,26.5285,24.882551
2020-05-21 10:00:00,26.9675,25.664913
2020-05-21 10:15:00,26.9675,26.072012
2020-05-21 10:30:00,27.1875,26.61632
2020-05-21 10:45:00,27.4075,27.2431
2020-05-21 11:00:00,27.627,28.53015
2020-05-21 11:15:00,27.8465,29.473188
2020-05-21 11:30:00,27.8465,30.54008
2020-05-21 11:45:00,28.0665,31.187342
2020-05-21 12:00:00,28.2865,31.384829
2020-05-21 12:15:00,28.7255,31.421286
2020-05-21 12:30:00,28.7255,31.680311
2020-05-21 12:45:00,29.165,32.02995
2020-05-21 13:00:00,29.165,32.393986
2020-05-21 13:15:00,29.6045,32.636368
2020-05-21 13:30:00,29.6045,32.455204
2020-05-21 13:45:00,29.6045,32.34348
2020-05-21 14:00:00,29.824,32.37831
2020-05-21 14:15:00,29.824,32.331566
2020-05-21 14:30:00,29.824,32.372334
2020-05-21 14:45:00,29.824,32.283386
2020-05-21 15:00:00,29.824,32.054226
2020-05-21 15:15:00,29.824,32.315964
2020-05-21 15:30:00,29.6045,32.14603
2020-05-21 15:45:00,29.6045,32.07661
2020-05-21 16:00:00,29.6045,31.896307
2020-05-21 16:15:00,29.6045,31.482916
2020-05-21 16:30:00,29.385,31.393389
2020-05-21 16:45:00,29.385,31.364323
2020-05-21 17:00:00,29.385,31.612501
2020-05-21 17:15:00,29.385,31.69318
2020-05-21 17:30:00,29.165,32.122845
2020-05-21 17:45:00,28.7255,32.497147
2020-05-21 18:00:00,28.0665,32.469376
2020-05-21 18:15:00,27.4075,32.248856
2020-05-21 18:30:00,27.4075,32.016705
2020-05-21 18:45:00,27.4075,31.67399
2020-05-21 19:00:00,27.627,31.425253
2020-05-21 19:15:00,27.8465,31.045858
2020-05-21 19:30:00,28.0665,30.763449
2020-05-21 19:45:00,28.0665,30.520922
2020-05-21 20:00:00,28.506,30.261805
2020-05-21 20:15:00,28.506,30.380463
2020-05-21 20:30:00,28.506,30.452318
2020-05-21 20:45:00,28.506,30.403978
2020-05-21 21:00:00,28.945,30.353365
2020-05-21 21:15:00,28.945,30.182777
2020-05-21 21:30:00,28.945,30.09902
2020-05-21 21:45:00,28.945,30.197687
2020-05-21 22:00:00,28.945,30.198147
2020-05-21 22:15:00,28.945,30.319143
2020-05-21 22:30:00,28.945,30.596502
2020-05-21 22:45:00,28.945,30.832354
2020-05-21 23:00:00,28.945,30.875916
2020-05-21 23:15:00,28.945,31.107866
2020-05-21 23:30:00,28.945,31.059526
2020-05-21 23:45:00,29.165,30.982325
2020-05-22 00:00:00,29.165,31.17313
2020-05-22 00:15:00,29.165,31.093822
2020-05-22 00:30:00,29.165,30.93419
2020-05-22 00:45:00,29.165,30.752956
2020-05-22 01:00:00,29.165,30.582373
2020-05-22 01:15:00,29.165,30.341986
2020-05-22 01:30:00,29.165,30.086596
2020-05-22 01:45:00,29.165,29.86284
2020-05-22 02:00:00,29.165,29.619768
2020-05-22 02:15:00,29.165,29.44319
2020-05-22 02:30:00,29.165,29.258554
2020-05-22 02:45:00,29.165,29.089811
2020-05-22 03:00:00,29.165,29.01562
2020-05-22 03:15:00,29.165,28.874262
2020-05-22 03:30:00,29.165,28.789478
2020-05-22 03:45:00,29.165,28.672468
2020-05-22 04:00:00,29.165,28.5481
2020-05-22 04:15:00,28.9455,28.333544
2020-05-22 04:30:00,28.9455,28.137278
2020-05-22 04:45:00,28.9455,28.085905
2020-05-22 05:00:00,28.9455,28.026442
2020-05-22 05:15:00,28.9455,27.99507
2020-05-22 05:30:00,28.9455,27.96287
2020-05-22 05:45:00,29.165,27.94689
2020-05-22 06:00:00,29.165,27.78483
2020-05-22 06:15:00,29.165,27.700823
2020-05-22 06:30:00,29.165,27.679873
2020-05-22 06:45:00,29.165,27.610209
2020-05-22 07:00:00,29.385,27.467684
2020-05-22 07:15:00,29.385,27.42021
2020-05-22 07:30:00,29.385,27.597523
2020-05-22 07:45:00,29.385,27.836796
2020-05-22 08:00:00,28.945,27.951721
2020-05-22 08:15:00,28.945,28.312805
2020-05-22 08:30:00,28.945,28.654509
2020-05-22 08:45:00,28.945,29.124651
2020-05-22 09:00:00,28.945,29.54839
2020-05-22 09:15:00,29.165,29.761806
2020-05-22 09:30:00,29.165,29.847618
2020-05-22 09:45:00,29.165,30.107393
2020-05-22 10:00:00,28.9455,30.427874
2020-05-22 10:15:00,28.9455,30.851755
2020-05-22 10:30:00,28.7255,31.163534
2020-05-22 10:45:00,28.7255,31.434208
2020-05-22 11:00:00,28.506,31.299511
2020-05-22 11:15:00,28.506,31.289537
2020-05-22 11:30:00,28.506,31.390612
2020-05-22 11:45:00,28.0665,31.372389
2020-05-22 12:00:00,27.627,31.499538
2020-05-22 12:15:00,26.748,31.643858
2020-05-22 12:30:00,25.869,31.78668
2020-05-22 12:45:00,25.649,32.047733
2020-05-22 13:00:00,25.4295,32.159256
2020-05-22 13:15:00,25.21,32.35643
2020-05-22 13:30:00,24.9905,32.46982
2020-05-22 13:45:00,24.9905,32.52802
2020-05-22 14:00:00,24.9905,32.54281
2020-05-22 14:15:00,25.21,32.505825
2020-05-22 14:30:00,25.21,32.40987
2020-05-22 14:45:00,25.43,32.222614
2020-05-22 15:00:00,25.43,31.998703
2020-05-22 15:15:00,25.6495,31.819616
2020-05-22 15:30:00,25.6495,31.539099
2020-05-22 15:45:00,26.089,31.336502
2020-05-22 16:00:00,26.089,31.060808
2020-05-22 16:15:00,26.089,30.750498
2020-05-22 16:30:00,26.089,30.447931
2020-05-22 16:45:00,26.089,30.139729
2020-05-22 17:00:00,26.089,29.87473
2020-05-22 17:15:00,25.869,29.731802
2020-05-22 17:30:00,25.869,29.816591
2020-05-22 17:45:00,25.869,29.873278
2020-05-22 18:00:00,25.869,29.846964
2020-05-22 18:15:00,25.869,29.783411
2020-05-22 18:30:00,25.869,29.674404
2020-05-22 18:45:00,25.869,29.326769
2020-05-22 19:00:00,26.0885,29.267113
2020-05-22 19:15:00,26.0885,29.104727
2020-05-22 19:30:00,26.0885,28.851744
2020-05-22 19:45:00,26.3085,28.586514
2020-05-22 20:00:00,26.5285,28.422607
2020-05-22 20:15:00,26.5285,28.355986
2020-05-22 20:30:00,26.5285,28.32308
2020-05-22 20:45:00,26.5285,28.287487
2020-05-22 21:00:00,26.5285,28.212399
2020-05-22 21:15:00,26.5285,28.214262
2020-05-22 21:30:00,26.5285,28.13626
2020-05-22 21:45:00,26.9675,28.118912
2020-05-22 22:00:00,26.9675,28.052824
2020-05-22 22:15:00,26.9675,28.144304
2020-05-22 22:30:00,26.9675,28.298431
2020-05-22 22:45:00,26.9675,28.423834
2020-05-22 23:00:00,26.9675,28.516703
2020-05-22 23:15:00,26.9675,28.579393
2020-05-22 23:30:00,26.9675,28.761126
2020-05-22 23:45:00,26.9675,28.769423
2020-05-23 00:00:00,26.9675,28.898733
2020-05-23 00:15:00,26.9675,28.940233
2020-05-23 00:30:00,26.9675,29.05395
2020-05-23 00:45:00,26.9675,29.030264
2020-05-23 01:00:00,26.748,28.905022
2020-05-23 01:15:00,26.748,28.769253
2020-05-23 01:30:00,26.748,28.66738
2020-05-23 01:45:00,26.748,28.584723
2020-05-23 02:00:00,26.748,28.377949
2020-05-23 02:15:00,26.5285,28.192385
2020-05-23 02:30:00,26.3085,28.178974
2020-05-23 02:45:00,26.3085,28.070795
2020-05-23 03:00:00,25.869,27.970617
2020-05-23 03:15:00,25.869,27.786753
2020-05-23 03:30:00,25.43,27.70415
2020-05-23 03:45:00,25.43,27.582598
2020-05-23 04:00:00,25.43,27.31727
2020-05-23 04:15:00,24.99,27.00949
2020-05-23 04:30:00,24.99,26.74743
2020-05-23 04:45:00,24.7705,26.569223
2020-05-23 05:00:00,24.551,26.354471
2020-05-23 05:15:00,24.551,26.136614
2020-05-23 05:30:00,24.551,25.984713
2020-05-23 05:45:00,24.551,25.798626
2020-05-23 06:00:00,24.331,25.660513
2020-05-23 06:15:00,24.331,25.656408
2020-05-23 06:30:00,24.331,25.673817
2020-05-23 06:45:00,24.551,25.692213
2020-05-23 07:00:00,24.551,25.729296
2020-05-23 07:15:00,24.99,25.806372
2020-05-23 07:30:00,25.6495,25.902395
2020-05-23 07:45:00,26.089,26.072836
2020-05-23 08:00:00,26.748,26.097692
2020-05-23 08:15:00,27.627,26.274017
2020-05-23 08:30:00,28.286,26.400038
2020-05-23 08:45:00,29.165,26.578236
2020-05-23 09:00:00,29.824,26.944044
2020-05-23 09:15:00,30.703,27.575514
2020-05-23 09:30:00,31.582,28.49549
2020-05-23 09:45:00,32.2415,28.981604
2020-05-23 10:00:00,33.12,29.504047
2020-05-23 10:15:00,34.2185,29.918217
2020-05-23 10:30:00,35.3175,30.251116
2020-05-23 10:45:00,36.1965,30.404173
2020-05-23 11:00:00,37.0755,30.673044
2020-05-23 11:15:00,37.954,31.078346
2020-05-23 11:30:00,38.613,31.400423
2020-05-23 11:45:00,38.833,31.53524
2020-05-23 12:00:00,38.833,31.701654
2020-05-23 12:15:00,39.2725,31.910616
2020-05-23 12:30:00,39.2725,32.0403
2020-05-23 12:45:00,39.9315,32.34353
2020-05-23 13:00:00,40.5905,32.53204
2020-05-23 13:15:00,41.0305,32.776173
2020-05-23 13:30:00,41.6895,33.04248
2020-05-23 13:45:00,41.909,33.273792
2020-05-23 14:00:00,42.129,33.39521
2020-05-23 14:15:00,42.129,33.504654
2020-05-23 14:30:00,42.129,33.45591
2020-05-23 14:45:00,42.3485,33.356728
2020-05-23 15:00:00,42.3485,32.989044
2020-05-23 15:15:00,42.3485,32.755337
2020-05-23 15:30:00,41.909,32.489933
2020-05-23 15:45:00,41.0305,32.26765
2020-05-23 16:00:00,40.3715,31.87446
2020-05-23 16:15:00,39.712,31.324831
2020-05-23 16:30:00,39.2725,30.85052
2020-05-23 16:45:00,38.613,30.442926
2020-05-23 17:00:00,38.174,30.116493
2020-05-23 17:15:00,37.734,29.875368
2020-05-23 17:30:00,37.295,29.642767
2020-05-23 17:45:00,36.8555,29.577606
2020-05-23 18:00:00,36.6355,29.50234
2020-05-23 18:15:00,36.1965,29.456453
2020-05-23 18:30:00,35.9765,29.372272
2020-05-23 18:45:00,35.537,29.251106
2020-05-23 19:00:00,35.0975,29.195032
2020-05-23 19:15:00,34.4385,29.107681
2020-05-23 19:30:00,33.7795,28.93721
2020-05-23 19:45:00,33.12,28.848412
2020-05-23 20:00:00,32.681,28.7002
2020-05-23 20:15:00,32.241,28.665129
2020-05-23 20:30:00,31.802,28.513655
2020-05-23 20:45:00,31.1425,28.345728
2020-05-23 21:00:00,30.703,28.304659
2020-05-23 21:15:00,30.2635,28.228722
2020-05-23 21:30:00,29.824,27.972223
2020-05-23 21:45:00,29.6045,27.976797
2020-05-23 22:00:00,29.165,27.938723
2020-05-23 22:15:00,28.945,27.905499
2020-05-23 22:30:00,28.7255,27.872023
2020-05-23 22:45:00,28.506,27.91128
2020-05-23 23:00:00,28.286,27.953976
2020-05-23 23:15:00,28.0665,27.945543
2020-05-23 23:30:00,27.847,28.027933
2020-05-23 23:45:00,27.627,28.039598
2020-05-24 00:00:00,27.407,28.072718
2020-05-24 00:15:00,27.1875,28.06952
2020-05-24 00:30:00,27.1875,28.10745
2020-05-24 00:45:00,26.968,28.128458
2020-05-24 01:00:00,26.748,28.074162
2020-05-24 01:15:00,26.748,27.970625
2020-05-24 01:30:00,26.528,27.957344
2020-05-24 01:45:00,26.528,27.974693
2020-05-24 02:00:00,26.3085,27.966127
2020-05-24 02:15:00,26.3085,27.835052
2020-05-24 02:30:00,26.089,27.7811
2020-05-24 02:45:00,25.869,27.716986
2020-05-24 03:00:00,25.869,27.7007
2020-05-24 03:15:00,25.869,27.578148
2020-05-24 03:30:00,25.43,27.500881
2020-05-24 03:45:00,25.43,27.527182
2020-05-24 04:00:00,25.43,27.885443
2020-05-24 04:15:00,25.21,28.18239
2020-05-24 04:30:00,24.99,28.47016
2020-05-24 04:45:00,24.99,28.646742
2020-05-24 05:00:00,24.7705,28.874063
2020-05-24 05:15:00,24.7705,28.910448
2020-05-24 05:30:00,24.551,28.974943
2020-05-24 05:45:00,24.551,29.069109
2020-05-24 06:00:00,24.551,29.10655
2020-05-24 06:15:00,24.551,29.076773
2020-05-24 06:30:00,24.99,29.108515
2020-05-24 06:45:00,25.21,29.169891
2020-05-24 07:00:00,25.6495,29.195986
2020-05-24 07:15:00,26.089,29.28498
2020-05-24 07:30:00,26.968,29.437075
2020-05-24 07:45:00,27.407,29.541626
2020-05-24 08:00:00,27.847,29.642666
2020-05-24 08:15:00,28.5055,29.616282
2020-05-24 08:30:00,28.9455,29.768656
2020-05-24 08:45:00,29.6045,29.784647
2020-05-24 09:00:00,30.2635,29.73323
2020-05-24 09:15:00,30.923,29.902563
2020-05-24 09:30:00,31.582,30.134253
2020-05-24 09:45:00,32.241,30.189394
2020-05-24 10:00:00,32.461,30.493689
2020-05-24 10:15:00,32.461,30.954134
2020-05-24 10:30:00,32.461,31.356283
2020-05-24 10:45:00,32.241,31.887007
2020-05-24 11:00:00,31.582,32.538322
2020-05-24 11:15:00,31.362,32.993126
2020-05-24 11:30:00,31.362,33.39827
2020-05-24 11:45:00,31.582,33.75516
2020-05-24 12:00:00,31.802,34.03822
2020-05-24 12:15:00,32.461,34.272926
2020-05-24 12:30:00,33.5595,34.294796
2020-05-24 12:45:00,34.878,34.5663
2020-05-24 13:00:00,35.9765,34.649406
2020-05-24 13:15:00,36.6355,34.844326
2020-05-24 13:30:00,37.0755,34.964397
2020-05-24 13:45:00,37.734,35.237827
2020-05-24 14:00:00,38.3935,35.32682
2020-05-24 14:15:00,38.833,35.37915
2020-05-24 14:30:00,39.2725,35.434753
2020-05-24 14:45:00,39.4925,35.282925
2020-05-24 15:00:00,39.4925,34.951218
2020-05-24 15:15:00,39.0525,34.84208
2020-05-24 15:30:00,38.833,34.649857
2020-05-24 15:45:00,38.1735,34.62312
2020-05-24 16:00:00,37.7345,34.455547
2020-05-24 16:15:00,37.5145,34.056267
2020-05-24 16:30:00,37.295,33.792313
2020-05-24 16:45:00,36.8555,33.516827
2020-05-24 17:00:00,36.6355,33.213585
2020-05-24 17:15:00,36.1965,32.760498
2020-05-24 17:30:00,35.9765,32.614506
2020-05-24 17:45:00,35.9765,32.42458
2020-05-24 18:00:00,35.537,32.174976
2020-05-24 18:15:00,35.537,31.870777
2020-05-24 18:30:00,35.0975,31.62871
2020-05-24 18:45:00,34.878,31.37465
2020-05-24 19:00:00,34.878,31.244965
2020-05-24 19:15:00,34.878,30.975569
2020-05-24 19:30:00,34.658,30.732475
2020-05-24 19:45:00,34.658,30.498913
2020-05-24 20:00:00,34.4385,30.279966
2020-05-24 20:15:00,34.219,30.301596
2020-05-24 20:30:00,34.219,30.312471
2020-05-24 20:45:00,33.779,30.23245
2020-05-24 21:00:00,33.779,30.109694
2020-05-24 21:15:00,33.779,29.990059
2020-05-24 21:30:00,33.779,29.912962
2020-05-24 21:45:00,33.5595,29.852493
2020-05-24 22:00:00,33.34,29.78856
2020-05-24 22:15:00,33.34,29.746851
2020-05-24 22:30:00,33.34,29.74173
2020-05-24 22:45:00,33.34,29.690788
2020-05-24 23:00:00,32.461,29.567392
2020-05-24 23:15:00,31.8015,29.438627
2020-05-24 23:30:00,30.703,29.402822
2020-05-24 23:45:00,30.2635,29.356974
2020-05-25 00:00:00,29.824,29.367544
2020-05-25 00:15:00,29.6045,29.338402
2020-05-25 00:30:00,29.6045,29.331171
2020-05-25 00:45:00,29.3845,29.283865
2020-05-25 01:00:00,29.3845,29.250864
2020-05-25 01:15:00,29.3845,29.209785
2020-05-25 01:30:00,29.3845,29.171564
2020-05-25 01:45:00,29.3845,29.02183
2020-05-25 02:00:00,29.3845,28.858784
2020-05-25 02:15:00,29.3845,28.782433
2020-05-25 02:30:00,29.3845,28.751854
2020-05-25 02:45:00,29.3845,28.692602
2020-05-25 03:00:00,29.6045,28.73659
2020-05-25 03:15:00,29.6045,28.709332
2020-05-25 03:30:00,29.6045,28.614325
2020-05-25 03:45:00,29.6045,28.399164
2020-05-25 04:00:00,29.6045,28.346308
2020-05-25 04:15:00,29.6045,28.323282
2020-05-25 04:30:00,29.6045,28.201315
2020-05-25 04:45:00,29.6045,28.15262
2020-05-25 05:00:00,29.6045,28.02167
2020-05-25 05:15:00,29.6045,27.969494
2020-05-25 05:30:00,29.6045,27.936892
2020-05-25 05:45:00,29.6045,27.893898
2020-05-25 06:00:00,29.6045,27.943703
2020-05-25 06:15:00,29.6045,27.98166
2020-05-25 06:30:00,29.6045,27.967176
2020-05-25 06:45:00,29.6045,27.964468
2020-05-25 07:00:00,29.824,28.29413
2020-05-25 07:15:00,29.824,28.58454
2020-05-25 07:30:00,30.2635,29.031073
2020-05-25 07:45:00,30.2635,29.617876
2020-05-25 08:00:00,30.4835,30.172749
2020-05-25 08:15:00,30.703,30.728346
2020-05-25 08:30:00,30.703,30.945444
2020-05-25 08:45:00,30.703,31.135435
2020-05-25 09:00:00,30.9225,31.493092
2020-05-25 09:15:00,31.3625,31.821878
2020-05-25 09:30:00,31.8015,31.976526
2020-05-25 09:45:00,31.8015,32.08717
2020-05-25 10:00:00,31.8015,32.258205
2020-05-25 10:15:00,31.8015,32.511444
2020-05-25 10:30:00,31.8015,32.879627
2020-05-25 10:45:00,31.8015,33.282303
2020-05-25 11:00:00,31.582,33.96697
2020-05-25 11:15:00,31.582,34.587708
2020-05-25 11:30:00,31.362,35.136093
2020-05-25 11:45:00,31.362,35.56835
2020-05-25 12:00:00,31.362,35.86493
2020-05-25 12:15:00,31.362,36.113873
2020-05-25 12:30:00,31.582,36.523422
2020-05-25 12:45:00,31.802,36.897923
2020-05-25 13:00:00,32.241,37.3634
2020-05-25 13:15:00,32.681,37.861702
2020-05-25 13:30:00,33.34,38.36696
2020-05-25 13:45:00,33.779,38.481865
2020-05-25 14:00:00,34.219,38.493782
2020-05-25 14:15:00,34.219,38.41695
2020-05-25 14:30:00,34.219,38.324097
2020-05-25 14:45:00,33.999,38.333958
2020-05-25 15:00:00,33.779,38.244774
2020-05-25 15:15:00,33.779,38.15169
2020-05-25 15:30:00,33.779,37.886044
2020-05-25 15:45:00,33.5595,37.346275
2020-05-25 16:00:00,33.34,36.760452
2020-05-25 16:15:00,33.12,36.159225
2020-05-25 16:30:00,33.12,35.672134
2020-05-25 16:45:00,33.12,35.29521
2020-05-25 17:00:00,33.12,34.948708
2020-05-25 17:15:00,33.12,34.210865
2020-05-25 17:30:00,32.9005,33.466286
2020-05-25 17:45:00,31.362,32.984447
2020-05-25 18:00:00,29.385,32.211746
2020-05-25 18:15:00,28.2865,31.597387
2020-05-25 18:30:00,28.0665,30.902365
2020-05-25 18:45:00,27.627,30.20392
2020-05-25 19:00:00,26.9675,29.737253
2020-05-25 19:15:00,26.748,29.33199
2020-05-25 19:30:00,26.748,28.977594
2020-05-25 19:45:00,26.748,28.64455
2020-05-25 20:00:00,27.1875,28.417341
2020-05-25 20:15:00,27.1875,28.248507
2020-05-25 20:30:00,27.1875,28.17498
2020-05-25 20:45:00,27.1875,28.086313
2020-05-25 21:00:00,27.1875,28.059124
2020-05-25 21:15:00,27.1875,27.933672
2020-05-25 21:30:00,27.1875,27.965338
2020-05-25 21:45:00,27.1875,27.960867
2020-05-25 22:00:00,27.1875,28.029888
2020-05-25 22:15:00,26.968,28.213093
2020-05-25 22:30:00,26.968,28.228876
2020-05-25 22:45:00,26.748,28.217585
2020-05-25 23:00:00,26.528,28.212435
2020-05-25 23:15:00,26.528,28.21274
2020-05-25 23:30:00,26.528,28.148724
2020-05-25 23:45:00,26.528,28.108376
2020-05-26 00:00:00,26.528,28.289013
2020-05-26 00:15:00,26.528,28.4237
2020-05-26 00:30:00,26.528,28.522322
2020-05-26 00:45:00,26.528,28.51224
2020-05-26 01:00:00,26.748,28.545229
2020-05-26 01:15:00,26.748,28.52479
2020-05-26 01:30:00,26.748,28.559608
2020-05-26 01:45:00,26.748,28.647333
2020-05-26 02:00:00,26.9675,28.607744
2020-05-26 02:15:00,27.1875,28.488758
2020-05-26 02:30:00,27.1875,28.398195
2020-05-26 02:45:00,27.1875,28.31809
2020-05-26 03:00:00,27.1875,28.233244
2020-05-26 03:15:00,27.1875,28.169695
2020-05-26 03:30:00,27.1875,28.158026
2020-05-26 03:45:00,27.1875,28.166225
2020-05-26 04:00:00,27.1875,27.964571
2020-05-26 04:15:00,27.1875,27.84849
2020-05-26 04:30:00,27.1875,27.690737
2020-05-26 04:45:00,27.1875,27.642214
2020-05-26 05:00:00,27.1875,27.599106
2020-05-26 05:15:00,27.1875,27.605412
2020-05-26 05:30:00,27.1875,27.745005
2020-05-26 05:45:00,27.1875,27.849617
2020-05-26 06:00:00,27.1875,27.858194
2020-05-26 06:15:00,27.407,28.047161
2020-05-26 06:30:00,27.407,28.207685
2020-05-26 06:45:00,27.407,28.427958
2020-05-26 07:00:00,27.407,28.671774
2020-05-26 07:15:00,27.627,29.00892
2020-05-26 07:30:00,27.627,29.435738
2020-05-26 07:45:00,27.627,30.138763
2020-05-26 08:00:00,27.627,30.61033
2020-05-26 08:15:00,27.847,30.992395
2020-05-26 08:30:00,28.0665,31.254435
2020-05-26 08:45:00,28.286,31.625826
2020-05-26 09:00:00,28.506,31.96047
2020-05-26 09:15:00,28.506,32.395935
2020-05-26 09:30:00,28.7255,32.89866
2020-05-26 09:45:00,28.945,33.44592
2020-05-26 10:00:00,28.945,34.144024
2020-05-26 10:15:00,28.945,34.787624
2020-05-26 10:30:00,29.385,35.42656
2020-05-26 10:45:00,29.385,36.11732
2020-05-26 11:00:00,29.385,36.74806
2020-05-26 11:15:00,29.824,37.34885
2020-05-26 11:30:00,29.824,37.96765
2020-05-26 11:45:00,30.2635,38.330406
2020-05-26 12:00:00,30.2635,38.60831
2020-05-26 12:15:00,30.703,38.686813
2020-05-26 12:30:00,30.703,39.201355
2020-05-26 12:45:00,31.1425,39.679955
2020-05-26 13:00:00,31.582,40.1072
2020-05-26 13:15:00,32.0215,40.51339
2020-05-26 13:30:00,32.2415,40.82341
2020-05-26 13:45:00,32.461,41.07162
2020-05-26 14:00:00,32.6805,41.141876
2020-05-26 14:15:00,32.6805,41.12312
2020-05-26 14:30:00,33.1205,41.121445
2020-05-26 14:45:00,33.1205,41.243546
2020-05-26 15:00:00,33.34,41.154285
2020-05-26 15:15:00,33.5595,40.78051
2020-05-26 15:30:00,33.5595,40.589832
2020-05-26 15:45:00,33.5595,40.391182
2020-05-26 16:00:00,33.34,40.042343
2020-05-26 16:15:00,33.34,39.68197
2020-05-26 16:30:00,33.34,39.57762
2020-05-26 16:45:00,33.34,39.340324
2020-05-26 17:00:00,33.34,39.182087
2020-05-26 17:15:00,33.34,38.84768
2020-05-26 17:30:00,33.34,38.67602
2020-05-26 17:45:00,33.12,38.537613
2020-05-26 18:00:00,32.9005,38.304306
2020-05-26 18:15:00,32.9005,38.042637
2020-05-26 18:30:00,32.9005,37.734447
2020-05-26 18:45:00,32.681,37.384254
2020-05-26 19:00:00,32.461,37.125137
2020-05-26 19:15:00,32.461,36.825665
2020-05-26 19:30:00,32.241,36.565144
2020-05-26 19:45:00,32.241,36.29004
2020-05-26 20:00:00,32.0215,36.110664
2020-05-26 20:15:00,31.802,35.887695
2020-05-26 20:30:00,31.802,35.71138
2020-05-26 20:45:00,31.802,35.54669
2020-05-26 21:00:00,31.802,35.48825
2020-05-26 21:15:00,31.582,35.367256
2020-05-26 21:30:00,31.582,35.32151
2020-05-26 21:45:00,31.582,35.261795
2020-05-26 22:00:00,31.582,35.18415
2020-05-26 22:15:00,31.582,35.240273
2020-05-26 22:30:00,31.582,35.16276
2020-05-26 22:45:00,31.582,35.082867
2020-05-26 23:00:00,31.582,35.045948
2020-05-26 23:15:00,31.1425,34.928207
2020-05-26 23:30:00,31.1425,34.6983
2020-05-26 23:45:00,31.1425,34.54349
2020-05-27 00:00:00,31.1425,34.61766
2020-05-27 00:15:00,31.1425,34.615585
2020-05-27 00:30:00,30.703,34.672462
2020-05-27 00:45:00,30.703,34.62304
2020-05-27 01:00:00,30.703,34.550163
2020-05-27 01:15:00,30.703,34.388596
2020-05-27 01:30:00,30.703,34.236797
2020-05-27 01:45:00,30.703,33.908848
2020-05-27 02:00:00,30.483,33.53306
2020-05-27 02:15:00,30.483,33.200737
2020-05-27 02:30:00,30.483,33.03813
2020-05-27 02:45:00,30.2635,32.73383
2020-05-27 03:00:00,30.2635,32.451836
2020-05-27 03:15:00,30.2635,32.171776
2020-05-27 03:30:00,30.2635,31.945227
2020-05-27 03:45:00,30.2635,31.659513
2020-05-27 04:00:00,30.2635,31.20315
2020-05-27 04:15:00,30.2635,30.762262
2020-05-27 04:30:00,30.2635,30.397223
2020-05-27 04:45:00,30.2635,30.144201
2020-05-27 05:00:00,30.044,29.797375
2020-05-27 05:15:00,30.044,29.470217
2020-05-27 05:30:00,30.044,29.129171
2020-05-27 05:45:00,30.044,28.852272
2020-05-27 06:00:00,30.044,28.603687
2020-05-27 06:15:00,30.044,28.47497
2020-05-27 06:30:00,30.044,28.348143
2020-05-27 06:45:00,30.044,28.265497
2020-05-27 07:00:00,30.044,28.28934
2020-05-27 07:15:00,30.2635,28.417053
2020-05-27 07:30:00,30.2635,28.766394
2020-05-27 07:45:00,30.2635,29.313288
2020-05-27 08:00:00,30.2635,29.858276
2020-05-27 08:15:00,30.2635,30.47869
2020-05-27 08:30:00,29.824,30.784101
2020-05-27 08:45:00,29.6045,31.05834
2020-05-27 09:00:00,29.6045,31.359287
2020-05-27 09:15:00,29.6045,31.65326
2020-05-27 09:30:00,29.824,32.003376
2020-05-27 09:45:00,29.824,32.405785
2020-05-27 10:00:00,29.824,33.00527
2020-05-27 10:15:00,30.2635,33.540817
2020-05-27 10:30:00,30.4835,34.072838
2020-05-27 10:45:00,30.9225,34.66742
2020-05-27 11:00:00,31.1425,35.255447
2020-05-27 11:15:00,31.3625,35.72468
2020-05-27 11:30:00,31.8015,36.154255
2020-05-27 11:45:00,32.2415,36.43702
2020-05-27 12:00:00,32.461,36.53266
2020-05-27 12:15:00,32.6805,36.55946
2020-05-27 12:30:00,33.1205,36.85689
2020-05-27 12:45:00,33.5595,37.24767
2020-05-27 13:00:00,34.219,37.612762
2020-05-27 13:15:00,34.8775,37.959106
2020-05-27 13:30:00,35.0975,38.154396
2020-05-27 13:45:00,35.3175,38.13687
2020-05-27 14:00:00,35.7565,38.18312
2020-05-27 14:15:00,35.7565,38.28025
2020-05-27 14:30:00,36.6355,38.179455
2020-05-27 14:45:00,37.7345,38.115456
2020-05-27 15:00:00,38.174,37.901062
2020-05-27 15:15:00,38.3935,37.74978
2020-05-27 15:30:00,38.3935,37.550957
2020-05-27 15:45:00,38.613,37.138287
2020-05-27 16:00:00,38.613,36.63111
2020-05-27 16:15:00,38.613,36.07438
2020-05-27 16:30:00,38.613,35.6905
2020-05-27 16:45:00,39.053,35.276928
2020-05-27 17:00:00,39.053,34.93766
2020-05-27 17:15:00,39.053,34.48001
2020-05-27 17:30:00,39.053,34.049904
2020-05-27 17:45:00,38.613,33.684864
2020-05-27 18:00:00,38.3935,33.197998
2020-05-27 18:15:00,38.174,32.847847
2020-05-27 18:30:00,37.7345,32.493793
2020-05-27 18:45:00,37.515,32.05071
2020-05-27 19:00:00,37.075,31.68567
2020-05-27 19:15:00,36.8555,31.316538
2020-05-27 19:30:00,36.416,30.980604
2020-05-27 19:45:00,35.9765,30.673021
2020-05-27 20:00:00,35.757,30.440966
2020-05-27 20:15:00,35.317,30.142237
2020-05-27 20:30:00,35.0975,29.920366
2020-05-27 20:45:00,34.878,29.687931
2020-05-27 21:00:00,34.658,29.515617
2020-05-27 21:15:00,34.4385,29.373278
2020-05-27 21:30:00,34.219,29.216696
2020-05-27 21:45:00,33.999,29.098835
2020-05-27 22:00:00,33.5595,28.778133
2020-05-27 22:15:00,33.34,28.736334
2020-05-27 22:30:00,33.12,28.48927
2020-05-27 22:45:00,32.9005,28.042572
2020-05-27 23:00:00,32.681,27.765629
2020-05-27 23:15:00,32.461,27.41477
2020-05-27 23:30:00,32.241,27.201231
2020-05-27 23:45:00,32.0215,27.057936
2020-05-28 00:00:00,32.0215,27.049791
2020-05-28 00:15:00,32.0215,27.010344
2020-05-28 00:30:00,31.582,26.75575
2020-05-28 00:45:00,31.582,26.47643
2020-05-28 01:00:00,31.582,26.15218
2020-05-28 01:15:00,31.362,25.861746
2020-05-28 01:30:00,31.1425,25.475573
2020-05-28 01:45:00,31.1425,25.051441
2020-05-28 02:00:00,31.1425,24.6257
2020-05-28 02:15:00,30.923,24.246119
2020-05-28 02:30:00,30.703,24.012278
2020-05-28 02:45:00,30.703,23.758837
2020-05-28 03:00:00,30.703,23.629107
2020-05-28 03:15:00,30.703,23.581327
2020-05-28 03:30:00,30.703,23.616638
2020-05-28 03:45:00,30.483,23.517769
2020-05-28 04:00:00,30.2635,23.468706
2020-05-28 04:15:00,30.2635,23.284605
2020-05-28 04:30:00,30.2635,23.064667
2020-05-28 04:45:00,30.2635,22.926691
2020-05-28 05:00:00,30.2635,22.768785
2020-05-28 05:15:00,30.044,22.728199
2020-05-28 05:30:00,29.824,22.737478
2020-05-28 05:45:00,29.824,22.682798
2020-05-28 06:00:00,29.824,22.65389
2020-05-28 06:15:00,29.824,22.734388
2020-05-28 06:30:00,29.824,22.768602
2020-05-28 06:45:00,30.2635,22.765703
2020-05-28 07:00:00,30.2635,22.869308
2020-05-28 07:15:00,30.703,23.067331
2020-05-28 07:30:00,30.923,23.39659
2020-05-28 07:45:00,31.362,23.830486
2020-05-28 08:00:00,31.802,24.3133
2020-05-28 08:15:00,32.241,24.894821
2020-05-28 08:30:00,32.681,25.355745
2020-05-28 08:45:00,33.12,25.904654
2020-05-28 09:00:00,33.5595,26.675673
2020-05-28 09:15:00,33.779,27.110174
2020-05-28 09:30:00,33.999,27.676378
2020-05-28 09:45:00,34.219,28.47581
2020-05-28 10:00:00,34.4385,29.076216
2020-05-28 10:15:00,34.878,29.579983
2020-05-28 10:30:00,35.0975,30.099617
2020-05-28 10:45:00,35.0975,30.687334
2020-05-28 11:00:00,35.537,31.22503
2020-05-28 11:15:00,35.537,31.93533
2020-05-28 11:30:00,36.196,32.796097
2020-05-28 11:45:00,37.075,33.75816
2020-05-28 12:00:00,37.7345,34.3756
2020-05-28 12:15:00,37.7345,34.720695
2020-05-28 12:30:00,38.174,35.042656
2020-05-28 12:45:00,38.3935,35.405697
2020-05-28 13:00:00,38.3935,35.753937
2020-05-28 13:15:00,38.3935,36.25089
2020-05-28 13:30:00,38.3935,36.64855
2020-05-28 13:45:00,38.613,36.97419
2020-05-28 14:00:00,38.613,37.429615
2020-05-28 14:15:00,38.613,37.716957
2020-05-28 14:30:00,38.833,37.9573
2020-05-28 14:45:00,39.053,37.894043
2020-05-28 15:00:00,39.053,37.796425
2020-05-28 15:15:00,39.053,37.729095
2020-05-28 15:30:00,39.053,37.674103
2020-05-28 15:45:00,39.053,37.37503
2020-05-28 16:00:00,39.053,36.941456
2020-05-28 16:15:00,39.053,36.59677
2020-05-28 16:30:00,39.053,36.232063
2020-05-28 16:45:00,39.053,35.86387
2020-05-28 17:00:00,39.053,35.38078
2020-05-28 17:15:00,39.053,34.818756
2020-05-28 17:30:00,38.833,34.21342
2020-05-28 17:45:00,38.613,33.742058
2020-05-28 18:00:00,38.174,33.224873
2020-05-28 18:15:00,37.954,32.67857
2020-05-28 18:30:00,37.7345,32.32582
2020-05-28 18:45:00,37.515,32.095863
2020-05-28 19:00:00,37.075,31.80183
2020-05-28 19:15:00,36.8555,31.518272
2020-05-28 19:30:00,36.636,31.229683
2020-05-28 19:45:00,36.416,30.988356
2020-05-28 20:00:00,36.196,30.783926
2020-05-28 20:15:00,35.9765,30.646822
2020-05-28 20:30:00,35.757,30.58528
2020-05-28 20:45:00,35.757,30.563639
2020-05-28 21:00:00,35.537,30.652369
2020-05-28 21:15:00,35.317,30.664846
2020-05-28 21:30:00,35.0975,30.323812
2020-05-28 21:45:00,34.878,30.047247
2020-05-28 22:00:00,34.878,29.837688
2020-05-28 22:15:00,34.658,29.74689
2020-05-28 22:30:00,34.658,29.635082
2020-05-28 22:45:00,34.658,29.49586
2020-05-28 23:00:00,34.4385,29.334421
2020-05-28 23:15:00,34.4385,29.256275
2020-05-28 23:30:00,34.219,29.171946
2020-05-28 23:45:00,34.219,29.062849
2020-05-29 00:00:00,33.999,29.062906
2020-05-29 00:15:00,33.999,28.973104
2020-05-29 00:30:00,33.779,28.866383
2020-05-29 00:45:00,33.779,28.693987
2020-05-29 01:00:00,33.779,28.510618
2020-05-29 01:15:00,33.5595,28.323065
2020-05-29 01:30:00,33.34,28.163738
2020-05-29 01:45:00,33.34,27.988892
2020-05-29 02:00:00,33.34,27.790533
2020-05-29 02:15:00,33.34,27.675016
2020-05-29 02:30:00,33.12,27.590263
2020-05-29 02:45:00,32.9005,27.486242
2020-05-29 03:00:00,32.9005,27.392542
2020-05-29 03:15:00,32.9005,27.290148
2020-05-29 03:30:00,32.9005,27.288815
2020-05-29 03:45:00,32.9005,27.121181
2020-05-29 04:00:00,32.9005,26.953058
2020-05-29 04:15:00,32.681,26.821016
2020-05-29 04:30:00,32.681,26.696203
2020-05-29 04:45:00,32.461,26.603504
2020-05-29 05:00:00,32.461,26.470451
2020-05-29 05:15:00,32.461,26.39815
2020-05-29 05:30:00,32.461,26.366072
2020-05-29 05:45:00,32.461,26.287401
2020-05-29 06:00:00,32.461,26.262697
2020-05-29 06:15:00,32.461,26.279125
2020-05-29 06:30:00,32.461,26.317406
2020-05-29 06:45:00,32.461,26.294344
2020-05-29 07:00:00,32.461,26.344986
2020-05-29 07:15:00,32.9005,26.441408
2020-05-29 07:30:00,32.9005,26.591358
2020-05-29 07:45:00,33.12,26.831951
2020-05-29 08:00:00,33.34,27.099623
2020-05-29 08:15:00,33.779,27.414343
2020-05-29 08:30:00,34.219,27.806753
2020-05-29 08:45:00,34.219,28.19881
2020-05-29 09:00:00,34.658,28.74856
2020-05-29 09:15:00,34.8775,29.23285
2020-05-29 09:30:00,35.0975,29.710642
2020-05-29 09:45:00,35.0975,30.11458
2020-05-29 10:00:00,35.0975,30.730503
2020-05-29 10:15:00,35.0975,31.255491
2020-05-29 10:30:00,34.878,31.45538
2020-05-29 10:45:00,34.878,32.324955
2020-05-29 11:00:00,35.317,33.486954
2020-05-29 11:15:00,35.537,34.52178
2020-05-29 11:30:00,35.757,35.531918
2020-05-29 11:45:00,36.196,36.319004
2020-05-29 12:00:00,36.196,36.815697
2020-05-29 12:15:00,36.196,36.93769
2020-05-29 12:30:00,36.196,37.106644
2020-05-29 12:45:00,36.636,37.44955
2020-05-29 13:00:00,36.636,37.62902
2020-05-29 13:15:00,36.636,38.005806
2020-05-29 13:30:00,36.8555,38.35016
2020-05-29 13:45:00,37.075,38.810925
2020-05-29 14:00:00,37.075,39.14655
2020-05-29 14:15:00,37.075,39.274002
2020-05-29 14:30:00,37.515,39.458893
2020-05-29 14:45:00,37.515,39.473007
2020-05-29 15:00:00,37.7345,39.390587
2020-05-29 15:15:00,37.7345,39.37996
2020-05-29 15:30:00,37.7345,39.43333
2020-05-29 15:45:00,37.7345,39.26663
2020-05-29 16:00:00,37.7345,38.96784
2020-05-29 16:15:00,37.7345,38.629112
2020-05-29 16:30:00,37.7345,38.37724
2020-05-29 16:45:00,37.515,38.070442
2020-05-29 17:00:00,37.295,37.848335
2020-05-29 17:15:00,37.295,37.38555
2020-05-29 17:30:00,37.075,36.928055
2020-05-29 17:45:00,37.075,36.47802
2020-05-29 18:00:00,36.8555,35.75702
2020-05-29 18:15:00,36.636,35.09525
2020-05-29 18:30:00,36.636,34.459118
2020-05-29 18:45:00,36.416,33.838055
2020-05-29 19:00:00,36.196,33.15946
2020-05-29 19:15:00,35.9765,32.561226
2020-05-29 19:30:00,35.9765,32.003258
2020-05-29 19:45:00,35.757,31.457712
2020-05-29 20:00:00,35.537,30.83103
2020-05-29 20:15:00,35.537,30.251143
2020-05-29 20:30:00,35.0975,30.045782
2020-05-29 20:45:00,34.658,29.880018
2020-05-29 21:00:00,34.658,29.920277
2020-05-29 21:15:00,34.219,29.926575
2020-05-29 21:30:00,33.779,29.935946
2020-05-29 21:45:00,33.779,30.023317
2020-05-29 22:00:00,33.779,30.1756
2020-05-29 22:15:00,33.779,30.39398
2020-05-29 22:30:00,33.779,30.527418
2020-05-29 22:45:00,33.779,30.483847
2020-05-29 23:00:00,33.779,30.416477
2020-05-29 23:15:00,33.779,30.378628
2020-05-29 23:30:00,33.779,30.28084
2020-05-29 23:45:00,33.779,30.148928
2020-05-30 00:00:00,33.779,30.026152
2020-05-30 00:15:00,33.779,29.961246
2020-05-30 00:30:00,33.779,29.897425
2020-05-30 00:45:00,33.34,29.78644
2020-05-30 01:00:00,33.34,29.76424
2020-05-30 01:15:00,33.34,29.705904
2020-05-30 01:30:00,32.681,29.591234
2020-05-30 01:45:00,32.0215,29.448713
2020-05-30 02:00:00,31.582,29.313074
2020-05-30 02:15:00,31.362,29.250095
2020-05-30 02:30:00,31.582,29.167475
2020-05-30 02:45:00,31.582,29.04266
2020-05-30 03:00:00,31.802,28.848722
2020-05-30 03:15:00,31.802,28.682314
2020-05-30 03:30:00,31.802,28.63241
2020-05-30 03:45:00,32.0215,28.540964
2020-05-30 04:00:00,32.0215,28.487722
2020-05-30 04:15:00,32.0215,28.346432
2020-05-30 04:30:00,32.0215,28.190353
2020-05-30 04:45:00,32.0215,28.11656
2020-05-30 05:00:00,32.0215,28.015467
2020-05-30 05:15:00,32.0215,27.905766
2020-05-30 05:30:00,32.0215,27.884243
2020-05-30 05:45:00,32.0215,27.85967
2020-05-30 06:00:00,32.0215,27.833918
2020-05-30 06:15:00,32.0215,27.827066
2020-05-30 06:30:00,32.2415,27.647594
2020-05-30 06:45:00,32.461,27.53433
2020-05-30 07:00:00,32.461,27.423628
2020-05-30 07:15:00,32.6805,27.463066
2020-05-30 07:30:00,32.6805,27.589529
2020-05-30 07:45:00,32.9005,27.749983
2020-05-30 08:00:00,32.9005,27.963867
2020-05-30 08:15:00,33.34,28.16994
2020-05-30 08:30:00,33.34,28.50168
2020-05-30 08:45:00,33.779,28.870287
2020-05-30 09:00:00,33.779,29.229864
2020-05-30 09:15:00,34.219,29.653706
2020-05-30 09:30:00,34.4385,30.422071
2020-05-30 09:45:00,34.658,31.155916
2020-05-30 10:00:00,35.0975,32.022484
2020-05-30 10:15:00,35.0975,32.518517
2020-05-30 10:30:00,35.537,33.024467
2020-05-30 10:45:00,35.757,33.883514
2020-05-30 11:00:00,36.196,34.804153
2020-05-30 11:15:00,36.636,35.606033
2020-05-30 11:30:00,36.8555,36.51464
2020-05-30 11:45:00,37.295,37.38102
2020-05-30 12:00:00,37.295,37.980556
2020-05-30 12:15:00,37.7345,38.275143
2020-05-30 12:30:00,37.954,38.725273
2020-05-30 12:45:00,38.174,39.241028
2020-05-30 13:00:00,38.174,39.71859
2020-05-30 13:15:00,38.174,40.425842
2020-05-30 13:30:00,38.174,41.01217
2020-05-30 13:45:00,38.174,41.523094
2020-05-30 14:00:00,38.174,41.95372
2020-05-30 14:15:00,38.174,42.152184
2020-05-30 14:30:00,38.174,42.464684
2020-05-30 14:45:00,38.3935,42.63729
2020-05-30 15:00:00,38.833,42.742237
2020-05-30 15:15:00,39.2725,42.848072
2020-05-30 15:30:00,39.4925,42.866474
2020-05-30 15:45:00,39.712,42.575855
2020-05-30 16:00:00,39.712,42.159447
2020-05-30 16:15:00,39.712,41.72484
2020-05-30 16:30:00,39.712,41.215767
2020-05-30 16:45:00,39.712,40.721207
2020-05-30 17:00:00,39.712,40.400795
2020-05-30 17:15:00,39.2725,39.91526
2020-05-30 17:30:00,39.053,39.446697
2020-05-30 17:45:00,38.613,39.10387
2020-05-30 18:00:00,38.3935,38.570217
2020-05-30 18:15:00,37.954,38.193375
2020-05-30 18:30:00,37.7345,37.872776
2020-05-30 18:45:00,37.515,37.62218
2020-05-30 19:00:00,37.295,37.283604
2020-05-30 19:15:00,36.8555,36.945442
2020-05-30 19:30:00,36.636,36.753517
2020-05-30 19:45:00,36.416,36.53096
2020-05-30 20:00:00,35.9765,36.1043
2020-05-30 20:15:00,35.757,35.652916
2020-05-30 20:30:00,35.537,35.23519
2020-05-30 20:45:00,35.317,34.847996
2020-05-30 21:00:00,35.317,34.52733
2020-05-30 21:15:00,35.0975,34.15639
2020-05-30 21:30:00,34.878,33.862812
2020-05-30 21:45:00,34.878,33.631336
2020-05-30 22:00:00,34.658,33.436474
2020-05-30 22:15:00,34.658,33.315037
2020-05-30 22:30:00,34.219,33.123177
2020-05-30 22:45:00,33.999,32.910294
2020-05-30 23:00:00,33.999,32.810368
2020-05-30 23:15:00,33.779,32.715485
2020-05-30 23:30:00,33.779,32.51745
2020-05-30 23:45:00,33.779,32.20403
2020-05-31 00:00:00,33.779,32.040043
2020-05-31 00:15:00,33.779,31.994745
2020-05-31 00:30:00,33.779,31.865156
2020-05-31 00:45:00,33.779,31.643953
2020-05-31 01:00:00,33.779,31.531523
2020-05-31 01:15:00,33.779,31.414335
2020-05-31 01:30:00,33.779,31.19739
2020-05-31 01:45:00,33.779,31.009457
2020-05-31 02:00:00,33.779,30.745508
2020-05-31 02:15:00,33.779,30.598166
2020-05-31 02:30:00,33.779,30.344042
2020-05-31 02:45:00,33.779,30.144716
2020-05-31 03:00:00,33.779,29.865795
2020-05-31 03:15:00,33.779,29.477625
2020-05-31 03:30:00,33.779,29.270071
2020-05-31 03:45:00,33.779,28.977722
2020-05-31 04:00:00,33.779,28.939104
2020-05-31 04:15:00,33.779,28.90964
2020-05-31 04:30:00,33.779,28.844995
2020-05-31 04:45:00,33.779,28.708908
2020-05-31 05:00:00,33.779,28.485054
2020-05-31 05:15:00,33.779,28.334448
2020-05-31 05:30:00,33.779,28.231455
2020-05-31 05:45:00,33.779,28.14868
2020-05-31 06:00:00,33.779,28.0888
2020-05-31 06:15:00,33.779,27.977232
2020-05-31 06:30:00,33.779,27.84494
2020-05-31 06:45:00,33.779,27.731165
2020-05-31 07:00:00,33.779,27.752993
2020-05-31 07:15:00,33.779,27.882895
2020-05-31 07:30:00,33.779,28.101622
2020-05-31 07:45:00,33.779,28.306875
2020-05-31 08:00:00,33.779,28.51681
2020-05-31 08:15:00,33.779,28.733421
2020-05-31 08:30:00,33.779,28.851446
2020-05-31 08:45:00,33.779,29.49676
2020-05-31 09:00:00,33.779,30.28996
2020-05-31 09:15:00,33.779,31.042017
2020-05-31 09:30:00,33.779,31.82402
2020-05-31 09:45:00,33.779,32.264404
2020-05-31 10:00:00,33.779,32.77798
2020-05-31 10:15:00,33.779,32.993927
2020-05-31 10:30:00,33.779,33.391594
2020-05-31 10:45:00,33.779,33.794224
2020-05-31 11:00:00,33.779,34.667732
2020-05-31 11:15:00,33.779,35.55447
2020-05-31 11:30:00,33.779,36.38869
2020-05-31 11:45:00,33.779,37.053196
2020-05-31 12:00:00,33.779,37.459362
2020-05-31 12:15:00,33.779,37.63056
2020-05-31 12:30:00,33.779,37.850266
2020-05-31 12:45:00,33.779,38.135525
2020-05-31 13:00:00,33.779,38.42093
2020-05-31 13:15:00,33.779,38.949074
2020-05-31 13:30:00,33.779,39.330853
2020-05-31 13:45:00,33.779,39.65356
2020-05-31 14:00:00,33.779,39.875908
2020-05-31 14:15:00,33.779,39.915894
2020-05-31 14:30:00,33.779,40.085957
2020-05-31 14:45:00,33.779,40.114326
2020-05-31 15:00:00,33.779,40.103348
2020-05-31 15:15:00,33.779,40.076668
2020-05-31 15:30:00,33.779,39.85935
2020-05-31 15:45:00,33.779,39.465652
2020-05-31 16:00:00,33.779,38.917194
2020-05-31 16:15:00,33.779,38.310284
2020-05-31 16:30:00,33.779,37.7338
2020-05-31 16:45:00,33.779,37.25592
2020-05-31 17:00:00,33.779,36.88136
2020-05-31 17:15:00,33.779,36.324493
2020-05-31 17:30:00,33.779,35.811142
2020-05-31 17:45:00,33.779,35.466675
2020-05-31 18:00:00,33.779,34.940544
2020-05-31 18:15:00,33.779,34.395767
2020-05-31 18:30:00,33.779,34.029804
2020-05-31 18:45:00,33.779,33.780926
2020-05-31 19:00:00,33.779,33.44048
2020-05-31 19:15:00,33.779,33.195305
2020-05-31 19:30:00,33.779,32.95426
2020-05-31 19:45:00,33.779,32.77593
2020-05-31 20:00:00,33.779,32.52003
2020-05-31 20:15:00,33.779,32.20365
2020-05-31 20:30:00,33.779,31.90294
2020-05-31 20:45:00,33.779,31.646465
2020-05-31 21:00:00,33.779,31.448627
2020-05-31 21:15:00,33.779,31.289324
2020-05-31 21:30:00,33.779,31.142414
2020-05-31 21:45:00,33.779,31.048744
2020-05-31 22:00:00,33.779,30.809847
2020-05-31 22:15:00,33.779,30.667654
2020-05-31 22:30:00,33.779,30.480116
2020-05-31 22:45:00,33.779,30.35813
2020-05-31 23:00:00,33.779,30.33846
2020-05-31 23:15:00,33.779,30.08064
2020-05-31 23:30:00,33.779,29.73091
2020-05-31 23:45:00,33.779,29.131487
2020-06-01 00:00:00,28.9205,28.814592
2020-06-01 00:15:00,28.9205,28.668495
2020-06-01 00:30:00,28.4815,28.25113
2020-06-01 00:45:00,28.4815,27.769085
2020-06-01 01:00:00,28.4815,27.45978
2020-06-01 01:15:00,28.042,27.141155
2020-06-01 01:30:00,28.042,26.818277
2020-06-01 01:45:00,28.042,26.507856
2020-06-01 02:00:00,27.6025,26.078148
2020-06-01 02:15:00,27.6025,25.852518
2020-06-01 02:30:00,27.6025,25.54287
2020-06-01 02:45:00,27.1635,25.24491
2020-06-01 03:00:00,27.1635,25.01969
2020-06-01 03:15:00,27.1635,24.770464
2020-06-01 03:30:00,27.1635,24.668324
2020-06-01 03:45:00,26.7235,24.469032
2020-06-01 04:00:00,26.7235,24.289328
2020-06-01 04:15:00,26.7235,24.05307
2020-06-01 04:30:00,26.2845,23.781809
2020-06-01 04:45:00,26.2845,23.530878
2020-06-01 05:00:00,26.2845,23.351633
2020-06-01 05:15:00,26.2845,23.368765
2020-06-01 05:30:00,25.8445,23.278448
2020-06-01 05:45:00,25.8445,23.193808
2020-06-01 06:00:00,25.8445,23.029417
2020-06-01 06:15:00,25.8445,22.88875
2020-06-01 06:30:00,25.8445,22.810894
2020-06-01 06:45:00,26.0645,22.760454
2020-06-01 07:00:00,26.2845,22.736372
2020-06-01 07:15:00,26.7235,22.734886
2020-06-01 07:30:00,27.1635,22.82214
2020-06-01 07:45:00,27.8225,23.036863
2020-06-01 08:00:00,28.701,23.170683
2020-06-01 08:15:00,29.36,23.420242
2020-06-01 08:30:00,30.239,23.941372
2020-06-01 08:45:00,31.118,24.654047
2020-06-01 09:00:00,32.217,25.389128
2020-06-01 09:15:00,33.0955,26.032625
2020-06-01 09:30:00,33.315,26.63571
2020-06-01 09:45:00,33.9745,27.218222
2020-06-01 10:00:00,34.1945,27.626314
2020-06-01 10:15:00,35.0735,27.952202
2020-06-01 10:30:00,36.172,28.34297
2020-06-01 10:45:00,36.831,28.728144
2020-06-01 11:00:00,37.2705,29.550318
2020-06-01 11:15:00,38.369,30.139647
2020-06-01 11:30:00,39.6875,30.78536
2020-06-01 11:45:00,40.347,31.63072
2020-06-01 12:00:00,40.786,31.818998
2020-06-01 12:15:00,41.2255,31.878027
2020-06-01 12:30:00,41.4455,32.123165
2020-06-01 12:45:00,41.665,32.533684
2020-06-01 13:00:00,42.3245,32.8456
2020-06-01 13:15:00,42.9835,33.400017
2020-06-01 13:30:00,42.764,33.88784
2020-06-01 13:45:00,42.764,34.128975
2020-06-01 14:00:00,42.9835,34.42826
2020-06-01 14:15:00,43.4225,34.475494
2020-06-01 14:30:00,43.6425,34.545517
2020-06-01 14:45:00,43.203,34.513718
2020-06-01 15:00:00,42.983,34.368927
2020-06-01 15:15:00,42.983,34.3512
2020-06-01 15:30:00,42.7635,34.020206
2020-06-01 15:45:00,42.3245,33.650417
2020-06-01 16:00:00,41.8845,32.94109
2020-06-01 16:15:00,41.4455,32.00152
2020-06-01 16:30:00,40.9815,31.205355
2020-06-01 16:45:00,40.9815,30.633783
2020-06-01 17:00:00,40.762,30.276632
2020-06-01 17:15:00,40.542,29.72475
2020-06-01 17:30:00,40.322,29.383135
2020-06-01 17:45:00,40.1025,29.182858
2020-06-01 18:00:00,39.663,28.860529
2020-06-01 18:15:00,39.2235,28.379934
2020-06-01 18:30:00,38.784,27.942274
2020-06-01 18:45:00,38.3445,27.631098
2020-06-01 19:00:00,37.9055,27.312231
2020-06-01 19:15:00,37.466,26.95325
2020-06-01 19:30:00,37.466,26.719786
2020-06-01 19:45:00,37.0265,26.417555
2020-06-01 20:00:00,36.587,26.094435
2020-06-01 20:15:00,36.1475,25.835295
2020-06-01 20:30:00,35.928,25.478577
2020-06-01 20:45:00,35.488,25.118769
2020-06-01 21:00:00,35.049,24.921991
2020-06-01 21:15:00,34.829,24.63932
2020-06-01 21:30:00,34.609,24.337288
2020-06-01 21:45:00,34.609,24.032774
2020-06-01 22:00:00,34.17,23.770159
2020-06-01 22:15:00,34.17,23.822605
2020-06-01 22:30:00,34.17,23.87069
2020-06-01 22:45:00,34.17,23.696192
2020-06-01 23:00:00,33.95,23.59611
2020-06-01 23:15:00,33.73,23.516989
2020-06-01 23:30:00,33.73,23.490927
2020-06-01 23:45:00,33.5105,23.384243
2020-06-02 00:00:00,33.291,23.526094
2020-06-02 00:15:00,33.0715,23.528906
2020-06-02 00:30:00,32.852,23.430656
2020-06-02 00:45:00,32.852,23.26808
2020-06-02 01:00:00,32.852,23.207064
2020-06-02 01:15:00,32.632,23.097445
2020-06-02 01:30:00,32.412,22.928099
2020-06-02 01:45:00,32.1925,22.770334
2020-06-02 02:00:00,31.973,22.48968
2020-06-02 02:15:00,31.753,22.355364
2020-06-02 02:30:00,31.753,22.197924
2020-06-02 02:45:00,31.3135,22.004942
2020-06-02 03:00:00,31.3135,21.886398
2020-06-02 03:15:00,31.3135,21.759974
2020-06-02 03:30:00,31.3135,21.758781
2020-06-02 03:45:00,31.094,21.532871
2020-06-02 04:00:00,30.874,21.22736
2020-06-02 04:15:00,30.874,21.016024
2020-06-02 04:30:00,30.874,20.87987
2020-06-02 04:45:00,30.654,20.878721
2020-06-02 05:00:00,30.4345,20.88474
2020-06-02 05:15:00,30.4345,20.947615
2020-06-02 05:30:00,30.4345,20.845325
2020-06-02 05:45:00,30.215,20.752823
2020-06-02 06:00:00,30.215,20.656517
2020-06-02 06:15:00,30.215,20.494583
2020-06-02 06:30:00,30.215,20.41631
2020-06-02 06:45:00,30.215,20.343845
2020-06-02 07:00:00,30.215,20.368639
2020-06-02 07:15:00,30.215,20.472315
2020-06-02 07:30:00,30.654,20.573235
2020-06-02 07:45:00,31.3135,20.792772
2020-06-02 08:00:00,31.5335,20.959764
2020-06-02 08:15:00,32.1925,21.263037
2020-06-02 08:30:00,32.632,21.562487
2020-06-02 08:45:00,33.071,21.941605
2020-06-02 09:00:00,33.511,22.312334
2020-06-02 09:15:00,33.7305,22.7329
2020-06-02 09:30:00,34.3895,23.5125
2020-06-02 09:45:00,34.6095,24.345228
2020-06-02 10:00:00,34.829,25.415459
2020-06-02 10:15:00,35.2685,26.382072
2020-06-02 10:30:00,35.9275,27.284647
2020-06-02 10:45:00,36.3675,28.29799
2020-06-02 11:00:00,36.8065,29.20156
2020-06-02 11:15:00,37.0265,30.024357
2020-06-02 11:30:00,37.0265,30.804485
2020-06-02 11:45:00,37.0265,31.317804
2020-06-02 12:00:00,37.466,31.644432
2020-06-02 12:15:00,38.125,32.006584
2020-06-02 12:30:00,38.564,32.55685
2020-06-02 12:45:00,38.564,33.24808
2020-06-02 13:00:00,39.004,33.91194
2020-06-02 13:15:00,39.004,34.718452
2020-06-02 13:30:00,38.5645,35.347946
2020-06-02 13:45:00,38.345,35.79831
2020-06-02 14:00:00,38.345,36.108192
2020-06-02 14:15:00,38.345,36.326897
2020-06-02 14:30:00,38.5645,36.39234
2020-06-02 14:45:00,38.5645,36.316017
2020-06-02 15:00:00,38.5645,36.108837
2020-06-02 15:15:00,38.125,35.9664
2020-06-02 15:30:00,37.6855,35.798004
2020-06-02 15:45:00,37.466,35.623413
2020-06-02 16:00:00,37.0265,35.373016
2020-06-02 16:15:00,37.0265,34.972263
2020-06-02 16:30:00,37.0265,34.777622
2020-06-02 16:45:00,37.0265,34.61786
2020-06-02 17:00:00,37.0265,34.418915
2020-06-02 17:15:00,36.8065,34.034214
2020-06-02 17:30:00,36.8065,33.737576
2020-06-02 17:45:00,36.8065,33.4131
2020-06-02 18:00:00,36.3675,32.956154
2020-06-02 18:15:00,35.9275,32.562157
2020-06-02 18:30:00,35.9275,32.139217
2020-06-02 18:45:00,35.708,31.63616
2020-06-02 19:00:00,35.4885,31.119963
2020-06-02 19:15:00,35.2685,30.543962
2020-06-02 19:30:00,35.2685,30.075434
2020-06-02 19:45:00,34.829,29.587332
2020-06-02 20:00:00,34.829,29.284412
2020-06-02 20:15:00,34.609,28.896751
2020-06-02 20:30:00,34.3895,28.569757
2020-06-02 20:45:00,34.17,28.265125
2020-06-02 21:00:00,34.17,27.900307
2020-06-02 21:15:00,33.73,27.58108
2020-06-02 21:30:00,33.73,27.388742
2020-06-02 21:45:00,33.291,27.134535
2020-06-02 22:00:00,33.291,26.894297
2020-06-02 22:15:00,33.291,26.797258
2020-06-02 22:30:00,33.0715,26.50797
2020-06-02 22:45:00,32.852,26.270073
2020-06-02 23:00:00,32.852,26.124462
2020-06-02 23:15:00,32.632,25.936098
2020-06-02 23:30:00,32.632,25.73195
2020-06-02 23:45:00,32.632,25.513426
2020-06-03 00:00:00,32.412,25.462748
2020-06-03 00:15:00,32.412,25.46704
2020-06-03 00:30:00,32.1925,25.456675
2020-06-03 00:45:00,32.1925,25.340609
2020-06-03 01:00:00,32.1925,25.26362
2020-06-03 01:15:00,31.973,25.055405
2020-06-03 01:30:00,31.973,24.902689
2020-06-03 01:45:00,31.753,24.647635
2020-06-03 02:00:00,31.753,24.436413
2020-06-03 02:15:00,31.533,24.272154
2020-06-03 02:30:00,31.533,24.109194
2020-06-03 02:45:00,31.533,23.830847
2020-06-03 03:00:00,31.533,23.600254
2020-06-03 03:15:00,31.533,23.323761
2020-06-03 03:30:00,31.3135,23.276922
2020-06-03 03:45:00,31.3135,23.296995
2020-06-03 04:00:00,31.094,23.270376
2020-06-03 04:15:00,31.094,23.195631
2020-06-03 04:30:00,30.874,23.105
2020-06-03 04:45:00,30.654,22.988623
2020-06-03 05:00:00,30.654,22.93094
2020-06-03 05:15:00,30.215,22.992765
2020-06-03 05:30:00,30.215,22.959665
2020-06-03 05:45:00,30.215,23.014282
2020-06-03 06:00:00,30.215,23.140099
2020-06-03 06:15:00,30.215,23.081453
2020-06-03 06:30:00,30.215,23.021599
2020-06-03 06:45:00,30.215,23.034908
2020-06-03 07:00:00,30.654,23.180162
2020-06-03 07:15:00,30.874,23.415594
2020-06-03 07:30:00,31.3135,23.789108
2020-06-03 07:45:00,31.753,24.276419
2020-06-03 08:00:00,32.1925,24.783657
2020-06-03 08:15:00,32.4125,25.08372
2020-06-03 08:30:00,32.8515,25.465246
2020-06-03 08:45:00,32.8515,25.956774
2020-06-03 09:00:00,33.291,26.457365
2020-06-03 09:15:00,33.7305,27.081686
2020-06-03 09:30:00,34.3895,27.873922
2020-06-03 09:45:00,35.2685,28.46055
2020-06-03 10:00:00,35.708,29.18912
2020-06-03 10:15:00,36.587,29.863909
2020-06-03 10:30:00,37.905,30.572395
2020-06-03 10:45:00,38.5645,31.128752
2020-06-03 11:00:00,39.443,31.614548
2020-06-03 11:15:00,40.1025,31.820148
2020-06-03 11:30:00,40.542,32.083523
2020-06-03 11:45:00,40.7615,32.20181
2020-06-03 12:00:00,40.542,32.107872
2020-06-03 12:15:00,40.7615,32.13514
2020-06-03 12:30:00,41.201,32.34204
2020-06-03 12:45:00,41.421,32.637608
2020-06-03 13:00:00,42.3,32.983337
2020-06-03 13:15:00,42.7395,33.307693
2020-06-03 13:30:00,43.1785,33.46902
2020-06-03 13:45:00,43.8375,33.524387
2020-06-03 14:00:00,44.2775,33.80954
2020-06-03 14:15:00,44.497,33.911343
2020-06-03 14:30:00,44.9365,33.83188
2020-06-03 14:45:00,44.9365,33.834763
2020-06-03 15:00:00,44.9365,33.65417
2020-06-03 15:15:00,44.717,33.661354
2020-06-03 15:30:00,44.717,33.654144
2020-06-03 15:45:00,44.0575,33.499676
2020-06-03 16:00:00,43.179,33.20986
2020-06-03 16:15:00,42.739,32.80787
2020-06-03 16:30:00,41.8605,32.543724
2020-06-03 16:45:00,41.201,32.21588
2020-06-03 17:00:00,40.542,31.988153
2020-06-03 17:15:00,39.883,31.602257
2020-06-03 17:30:00,39.2235,31.314825
2020-06-03 17:45:00,38.5645,30.981697
2020-06-03 18:00:00,38.125,30.634163
2020-06-03 18:15:00,37.6855,30.409931
2020-06-03 18:30:00,37.0265,30.143085
2020-06-03 18:45:00,36.587,29.778013
2020-06-03 19:00:00,36.3675,29.551987
2020-06-03 19:15:00,35.9275,29.35713
2020-06-03 19:30:00,35.4885,29.136072
2020-06-03 19:45:00,35.2685,28.912424
2020-06-03 20:00:00,34.829,28.81922
2020-06-03 20:15:00,34.6095,28.722569
2020-06-03 20:30:00,34.3895,28.63675
2020-06-03 20:45:00,34.17,28.568518
2020-06-03 21:00:00,33.95,28.591824
2020-06-03 21:15:00,33.73,28.588737
2020-06-03 21:30:00,33.5105,28.399265
2020-06-03 21:45:00,33.291,28.3033
2020-06-03 22:00:00,33.0715,28.133234
2020-06-03 22:15:00,32.852,28.121649
2020-06-03 22:30:00,32.632,28.01439
2020-06-03 22:45:00,32.412,27.84276
2020-06-03 23:00:00,32.1925,27.719336
2020-06-03 23:15:00,31.973,27.684298
2020-06-03 23:30:00,31.753,27.561155
2020-06-03 23:45:00,31.533,27.521555
2020-06-04 00:00:00,31.533,27.580736
2020-06-04 00:15:00,31.3135,27.741179
2020-06-04 00:30:00,31.094,27.83899
2020-06-04 00:45:00,31.094,27.741917
2020-06-04 01:00:00,31.094,27.674253
2020-06-04 01:15:00,31.094,27.580011
2020-06-04 01:30:00,30.874,27.408388
2020-06-04 01:45:00,30.654,27.189875
2020-06-04 02:00:00,30.654,26.98858
2020-06-04 02:15:00,30.4345,26.912655
2020-06-04 02:30:00,30.215,26.920107
2020-06-04 02:45:00,30.215,26.87058
2020-06-04 03:00:00,30.215,26.961227
2020-06-04 03:15:00,29.775,26.975607
2020-06-04 03:30:00,29.775,27.083117
2020-06-04 03:45:00,29.336,27.028563
2020-06-04 04:00:00,29.336,26.90729
2020-06-04 04:15:00,29.116,26.857756
2020-06-04 04:30:00,28.896,26.750399
2020-06-04 04:45:00,28.896,26.749466
2020-06-04 05:00:00,28.457,26.642378
2020-06-04 05:15:00,28.457,26.61844
2020-06-04 05:30:00,28.457,26.568851
2020-06-04 05:45:00,28.018,26.50079
2020-06-04 06:00:00,28.018,26.342985
2020-06-04 06:15:00,28.018,26.37971
2020-06-04 06:30:00,28.018,26.45255
2020-06-04 06:45:00,28.457,26.461338
2020-06-04 07:00:00,28.457,26.59377
2020-06-04 07:15:00,28.896,26.745302
2020-06-04 07:30:00,28.896,27.001642
2020-06-04 07:45:00,29.336,27.401514
2020-06-04 08:00:00,29.775,27.849428
2020-06-04 08:15:00,30.215,28.425611
2020-06-04 08:30:00,31.094,28.882935
2020-06-04 08:45:00,31.533,29.434015
2020-06-04 09:00:00,32.1925,30.100395
2020-06-04 09:15:00,32.852,30.462626
2020-06-04 09:30:00,33.291,30.501162
2020-06-04 09:45:00,34.17,30.7647
2020-06-04 10:00:00,35.049,30.878645
2020-06-04 10:15:00,36.1475,30.944906
2020-06-04 10:30:00,36.807,30.957853
2020-06-04 10:45:00,38.125,31.281904
2020-06-04 11:00:00,39.443,31.861048
2020-06-04 11:15:00,40.1025,32.67932
2020-06-04 11:30:00,40.9815,33.508644
2020-06-04 11:45:00,41.2015,33.91126
2020-06-04 12:00:00,41.641,34.242264
2020-06-04 12:15:00,41.8605,34.556747
2020-06-04 12:30:00,42.5195,34.706352
2020-06-04 12:45:00,42.959,35.11163
2020-06-04 13:00:00,43.3985,35.366394
2020-06-04 13:15:00,44.497,35.77813
2020-06-04 13:30:00,45.1565,36.102364
2020-06-04 13:45:00,45.8155,36.404495
2020-06-04 14:00:00,46.475,36.617012
2020-06-04 14:15:00,46.6945,36.800415
2020-06-04 14:30:00,47.134,37.003
2020-06-04 14:45:00,47.134,37.09367
2020-06-04 15:00:00,46.9145,37.045044
2020-06-04 15:15:00,46.6945,36.956238
2020-06-04 15:30:00,45.8155,36.874443
2020-06-04 15:45:00,44.9365,36.63383
2020-06-04 16:00:00,44.2775,36.239777
2020-06-04 16:15:00,43.3985,35.872467
2020-06-04 16:30:00,42.959,35.454975
2020-06-04 16:45:00,42.3,35.069313
2020-06-04 17:00:00,41.6405,34.646713
2020-06-04 17:15:00,40.9815,34.190437
2020-06-04 17:30:00,40.542,33.69924
2020-06-04 17:45:00,39.883,33.337307
2020-06-04 18:00:00,39.443,32.916428
2020-06-04 18:15:00,39.004,32.464783
2020-06-04 18:30:00,38.564,32.032475
2020-06-04 18:45:00,37.9055,31.77307
2020-06-04 19:00:00,37.466,31.492163
2020-06-04 19:15:00,37.0265,31.258904
2020-06-04 19:30:00,36.587,31.1271
2020-06-04 19:45:00,36.367,31.061632
2020-06-04 20:00:00,36.1475,31.069065
2020-06-04 20:15:00,35.928,31.062809
2020-06-04 20:30:00,35.928,31.11749
2020-06-04 20:45:00,35.488,31.143917
2020-06-04 21:00:00,35.488,31.19755
2020-06-04 21:15:00,35.049,31.062271
2020-06-04 21:30:00,35.049,30.872328
2020-06-04 21:45:00,34.609,30.772383
2020-06-04 22:00:00,34.609,30.626308
2020-06-04 22:15:00,34.609,30.601347
2020-06-04 22:30:00,34.17,30.660025
2020-06-04 22:45:00,34.17,30.626783
2020-06-04 23:00:00,33.73,30.467443
2020-06-04 23:15:00,33.73,30.3296
2020-06-04 23:30:00,33.73,30.350727
2020-06-04 23:45:00,33.291,30.280628
2020-06-05 00:00:00,33.291,30.322989
2020-06-05 00:15:00,33.0715,30.157606
2020-06-05 00:30:00,32.852,30.088198
2020-06-05 00:45:00,32.852,29.992373
2020-06-05 01:00:00,32.852,29.874132
2020-06-05 01:15:00,32.632,29.786892
2020-06-05 01:30:00,32.412,29.726282
2020-06-05 01:45:00,32.412,29.820833
2020-06-05 02:00:00,32.412,29.742334
2020-06-05 02:15:00,32.412,29.610064
2020-06-05 02:30:00,32.412,29.528406
2020-06-05 02:45:00,31.973,29.431036
2020-06-05 03:00:00,31.973,29.429956
2020-06-05 03:15:00,31.973,29.41744
2020-06-05 03:30:00,31.973,29.408678
2020-06-05 03:45:00,31.753,29.32865
2020-06-05 04:00:00,31.533,29.142057
2020-06-05 04:15:00,31.533,28.966837
2020-06-05 04:30:00,31.533,28.87055
2020-06-05 04:45:00,31.533,28.697165
2020-06-05 05:00:00,31.533,28.587116
2020-06-05 05:15:00,31.533,28.321299
2020-06-05 05:30:00,31.3135,28.143988
2020-06-05 05:45:00,31.3135,28.01405
2020-06-05 06:00:00,31.3135,27.869818
2020-06-05 06:15:00,31.3135,27.871855
2020-06-05 06:30:00,31.533,28.00464
2020-06-05 06:45:00,31.533,28.181852
2020-06-05 07:00:00,31.973,28.383177
2020-06-05 07:15:00,31.973,28.641815
2020-06-05 07:30:00,32.412,28.897734
2020-06-05 07:45:00,32.412,29.58618
2020-06-05 08:00:00,32.852,30.112108
2020-06-05 08:15:00,33.0715,30.37254
2020-06-05 08:30:00,33.291,30.862799
2020-06-05 08:45:00,33.73,31.14816
2020-06-05 09:00:00,33.95,31.39124
2020-06-05 09:15:00,34.829,31.754976
2020-06-05 09:30:00,34.829,32.188694
2020-06-05 09:45:00,35.049,32.512486
2020-06-05 10:00:00,35.049,33.003387
2020-06-05 10:15:00,35.2685,33.363567
2020-06-05 10:30:00,35.708,33.747173
2020-06-05 10:45:00,35.928,34.005795
2020-06-05 11:00:00,36.587,34.260464
2020-06-05 11:15:00,37.2465,34.445076
2020-06-05 11:30:00,38.3445,34.74564
2020-06-05 11:45:00,38.564,34.899883
2020-06-05 12:00:00,38.564,35.102703
2020-06-05 12:15:00,39.004,35.27626
2020-06-05 12:30:00,39.004,35.43806
2020-06-05 12:45:00,39.004,35.690876
2020-06-05 13:00:00,38.784,35.944717
2020-06-05 13:15:00,38.784,36.23898
2020-06-05 13:30:00,38.784,36.50612
2020-06-05 13:45:00,38.784,36.86232
2020-06-05 14:00:00,39.004,37.156326
2020-06-05 14:15:00,39.663,37.297184
2020-06-05 14:30:00,39.883,37.47235
2020-06-05 14:45:00,39.663,37.54039
2020-06-05 15:00:00,39.2235,37.59031
2020-06-05 15:15:00,39.0035,37.57944
2020-06-05 15:30:00,38.5645,37.589172
2020-06-05 15:45:00,38.5645,37.48676
2020-06-05 16:00:00,38.345,37.16944
2020-06-05 16:15:00,38.125,36.845364
2020-06-05 16:30:00,37.6855,36.48711
2020-06-05 16:45:00,37.466,36.136784
2020-06-05 17:00:00,37.2465,35.784687
2020-06-05 17:15:00,37.2465,35.409637
2020-06-05 17:30:00,36.8065,35.26632
2020-06-05 17:45:00,36.3675,35.075592
2020-06-05 18:00:00,36.3675,34.857437
2020-06-05 18:15:00,35.9275,34.619026
2020-06-05 18:30:00,35.9275,34.38322
2020-06-05 18:45:00,35.708,34.170994
2020-06-05 19:00:00,35.2685,34.186424
2020-06-05 19:15:00,35.2685,33.974976
2020-06-05 19:30:00,34.829,33.988586
2020-06-05 19:45:00,34.609,34.057064
2020-06-05 20:00:00,34.3895,34.025963
2020-06-05 20:15:00,34.17,34.125984
2020-06-05 20:30:00,33.95,34.11138
2020-06-05 20:45:00,33.73,33.98151
2020-06-05 21:00:00,33.5105,33.826385
2020-06-05 21:15:00,33.291,33.551025
2020-06-05 21:30:00,33.0715,33.45555
2020-06-05 21:45:00,32.852,33.29712
2020-06-05 22:00:00,32.852,32.9702
2020-06-05 22:15:00,32.412,32.849274
2020-06-05 22:30:00,32.412,32.907787
2020-06-05 22:45:00,32.412,32.939262
2020-06-05 23:00:00,31.973,32.981144
2020-06-05 23:15:00,31.973,33.01832
2020-06-05 23:30:00,31.753,33.004787
2020-06-05 23:45:00,31.753,32.915382
2020-06-06 00:00:00,31.753,32.88996
2020-06-06 00:15:00,31.533,32.81879
2020-06-06 00:30:00,31.533,32.68914
2020-06-06 00:45:00,31.533,32.545326
2020-06-06 01:00:00,31.533,32.443344
2020-06-06 01:15:00,31.3135,32.28751
2020-06-06 01:30:00,31.094,32.14756
2020-06-06 01:45:00,31.094,32.027874
2020-06-06 02:00:00,30.654,31.820368
2020-06-06 02:15:00,30.654,31.696238
2020-06-06 02:30:00,30.4345,31.563643
2020-06-06 02:45:00,30.215,31.393955
2020-06-06 03:00:00,30.215,31.224405
2020-06-06 03:15:00,29.995,31.047766
2020-06-06 03:30:00,29.775,31.01205
2020-06-06 03:45:00,29.775,30.872623
2020-06-06 04:00:00,29.336,30.804274
2020-06-06 04:15:00,29.336,30.668756
2020-06-06 04:30:00,29.336,30.517345
2020-06-06 04:45:00,28.896,30.378962
2020-06-06 05:00:00,28.896,30.307554
2020-06-06 05:15:00,28.896,30.291098
2020-06-06 05:30:00,28.457,30.29348
2020-06-06 05:45:00,28.457,30.262505
2020-06-06 06:00:00,28.457,30.125
2020-06-06 06:15:00,28.457,30.072649
2020-06-06 06:30:00,28.457,30.072329
2020-06-06 06:45:00,28.896,30.055906
2020-06-06 07:00:00,29.336,30.119158
2020-06-06 07:15:00,29.775,30.269598
2020-06-06 07:30:00,30.215,30.448864
2020-06-06 07:45:00,30.874,30.678621
2020-06-06 08:00:00,31.5335,30.796669
2020-06-06 08:15:00,32.1925,31.14041
2020-06-06 08:30:00,32.8515,31.481224
2020-06-06 08:45:00,33.5105,31.686964
2020-06-06 09:00:00,34.3895,31.913416
2020-06-06 09:15:00,35.2685,32.089607
2020-06-06 09:30:00,35.708,32.25286
2020-06-06 09:45:00,36.807,32.73105
2020-06-06 10:00:00,37.0265,33.47996
2020-06-06 10:15:00,38.345,34.012253
2020-06-06 10:30:00,39.004,34.59001
2020-06-06 10:45:00,39.883,35.201115
2020-06-06 11:00:00,40.762,35.794815
2020-06-06 11:15:00,41.641,36.390877
2020-06-06 11:30:00,42.3,36.95724
2020-06-06 11:45:00,42.5195,37.288296
2020-06-06 12:00:00,42.3,37.578255
2020-06-06 12:15:00,42.5195,37.754692
2020-06-06 12:30:00,42.959,38.037483
2020-06-06 12:45:00,43.1785,38.318527
2020-06-06 13:00:00,43.398,38.442997
2020-06-06 13:15:00,44.0575,38.66926
2020-06-06 13:30:00,44.497,38.788773
2020-06-06 13:45:00,44.717,39.036663
2020-06-06 14:00:00,44.9365,39.182304
2020-06-06 14:15:00,45.1565,39.255695
2020-06-06 14:30:00,44.9365,39.475464
2020-06-06 14:45:00,44.9365,39.617115
2020-06-06 15:00:00,45.156,39.650154
2020-06-06 15:15:00,44.9365,39.942665
2020-06-06 15:30:00,44.717,40.004585
2020-06-06 15:45:00,44.4975,40.231567
2020-06-06 16:00:00,43.838,40.192398
2020-06-06 16:15:00,43.3985,39.962765
2020-06-06 16:30:00,43.1785,39.815502
2020-06-06 16:45:00,42.7395,39.6175
2020-06-06 17:00:00,42.7395,39.550262
2020-06-06 17:15:00,42.2995,39.343857
2020-06-06 17:30:00,42.08,39.178684
2020-06-06 17:45:00,41.8605,39.045834
2020-06-06 18:00:00,41.641,38.872795
2020-06-06 18:15:00,41.421,38.61485
2020-06-06 18:30:00,40.9815,38.36271
2020-06-06 18:45:00,40.7615,38.148327
2020-06-06 19:00:00,40.3225,37.728386
2020-06-06 19:15:00,40.1025,37.313774
2020-06-06 19:30:00,39.663,36.919945
2020-06-06 19:45:00,39.2235,36.54389
2020-06-06 20:00:00,38.784,36.198563
2020-06-06 20:15:00,38.564,35.694218
2020-06-06 20:30:00,38.3445,35.24893
2020-06-06 20:45:00,37.9055,34.823647
2020-06-06 21:00:00,37.686,34.498325
2020-06-06 21:15:00,37.466,34.144882
2020-06-06 21:30:00,37.246,33.87356
2020-06-06 21:45:00,37.0265,33.644146
2020-06-06 22:00:00,36.807,33.427048
2020-06-06 22:15:00,36.587,33.272686
2020-06-06 22:30:00,36.3675,33.089466
2020-06-06 22:45:00,36.1475,32.788345
2020-06-06 23:00:00,36.1475,32.65027
2020-06-06 23:15:00,36.1475,32.59549
2020-06-06 23:30:00,35.9275,32.50088
2020-06-06 23:45:00,35.708,32.28562
2020-06-07 00:00:00,35.708,32.251472
2020-06-07 00:15:00,35.4885,32.213028
2020-06-07 00:30:00,35.4885,32.126827
2020-06-07 00:45:00,35.0485,31.998089
2020-06-07 01:00:00,35.0485,31.947021
2020-06-07 01:15:00,35.0485,31.84269
2020-06-07 01:30:00,34.829,31.758448
2020-06-07 01:45:00,34.6095,31.647451
2020-06-07 02:00:00,34.6095,31.411905
2020-06-07 02:15:00,34.6095,31.411856
2020-06-07 02:30:00,34.6095,31.306469
2020-06-07 02:45:00,34.6095,31.216167
2020-06-07 03:00:00,34.6095,31.097883
2020-06-07 03:15:00,34.3895,30.830156
2020-06-07 03:30:00,34.3895,30.72502
2020-06-07 03:45:00,34.3895,30.574621
2020-06-07 04:00:00,34.3895,30.464487
2020-06-07 04:15:00,33.95,30.386515
2020-06-07 04:30:00,33.95,30.274534
2020-06-07 04:45:00,33.95,30.143496
2020-06-07 05:00:00,33.95,30.000818
2020-06-07 05:15:00,33.73,29.915339
2020-06-07 05:30:00,33.5105,29.834333
2020-06-07 05:45:00,33.5105,29.877028
2020-06-07 06:00:00,33.5105,29.920523
2020-06-07 06:15:00,33.5105,29.982119
2020-06-07 06:30:00,33.5105,30.040468
2020-06-07 06:45:00,33.73,30.048779
2020-06-07 07:00:00,33.73,30.271605
2020-06-07 07:15:00,34.17,30.570883
2020-06-07 07:30:00,34.609,30.841639
2020-06-07 07:45:00,34.829,31.191664
2020-06-07 08:00:00,35.4885,31.574186
2020-06-07 08:15:00,35.708,31.90969
2020-06-07 08:30:00,36.1475,32.24147
2020-06-07 08:45:00,36.587,32.75361
2020-06-07 09:00:00,37.4655,33.30777
2020-06-07 09:15:00,38.125,33.9143
2020-06-07 09:30:00,39.004,34.50666
2020-06-07 09:45:00,39.883,35.158913
2020-06-07 10:00:00,40.3225,35.88716
2020-06-07 10:15:00,41.2015,36.360004
2020-06-07 10:30:00,42.08,36.83857
2020-06-07 10:45:00,42.959,37.314766
2020-06-07 11:00:00,43.3985,37.931164
2020-06-07 11:15:00,44.277,38.35797
2020-06-07 11:30:00,44.497,38.834152
2020-06-07 11:45:00,44.7165,39.260857
2020-06-07 12:00:00,44.9365,39.5095
2020-06-07 12:15:00,44.9365,39.746803
2020-06-07 12:30:00,45.8155,39.867485
2020-06-07 12:45:00,46.255,40.16615
2020-06-07 13:00:00,46.475,40.50292
2020-06-07 13:15:00,46.6945,40.988644
2020-06-07 13:30:00,47.134,41.343678
2020-06-07 13:45:00,47.134,41.51792
2020-06-07 14:00:00,46.6945,41.625107
2020-06-07 14:15:00,47.1335,41.55311
2020-06-07 14:30:00,47.3535,41.55052
2020-06-07 14:45:00,47.134,41.391598
2020-06-07 15:00:00,46.475,41.02846
2020-06-07 15:15:00,46.035,40.802288
2020-06-07 15:30:00,45.8155,40.5487
2020-06-07 15:45:00,45.376,40.245747
2020-06-07 16:00:00,44.9365,39.789013
2020-06-07 16:15:00,44.497,39.36046
2020-06-07 16:30:00,44.0575,38.911663
2020-06-07 16:45:00,44.0575,38.4261
2020-06-07 17:00:00,43.8375,38.166008
2020-06-07 17:15:00,43.618,37.835907
2020-06-07 17:30:00,43.618,37.539753
2020-06-07 17:45:00,43.3985,37.10367
2020-06-07 18:00:00,43.3985,36.76674
2020-06-07 18:15:00,43.1785,36.383747
2020-06-07 18:30:00,42.7395,35.989502
2020-06-07 18:45:00,42.3,35.76348
2020-06-07 19:00:00,42.3,35.39682
2020-06-07 19:15:00,41.8605,35.125328
2020-06-07 19:30:00,41.641,34.904152
2020-06-07 19:45:00,41.421,34.8112
2020-06-07 20:00:00,40.9815,34.627567
2020-06-07 20:15:00,40.9815,34.371296
2020-06-07 20:30:00,40.542,34.111588
2020-06-07 20:45:00,40.3225,33.876343
2020-06-07 21:00:00,40.1025,33.64221
2020-06-07 21:15:00,40.1025,33.47113
2020-06-07 21:30:00,40.1025,33.35034
2020-06-07 21:45:00,39.663,33.15742
2020-06-07 22:00:00,39.663,32.92149
2020-06-07 22:15:00,39.663,32.756855
2020-06-07 22:30:00,39.663,32.640537
2020-06-07 22:45:00,39.443,32.470554
2020-06-07 23:00:00,39.443,32.356304
2020-06-07 23:15:00,39.2235,32.21723
2020-06-07 23:30:00,39.004,32.06009
2020-06-07 23:45:00,39.004,31.819567
2020-06-08 00:00:00,38.784,31.767498
2020-06-08 00:15:00,38.564,31.707914
2020-06-08 00:30:00,38.3445,31.687529
2020-06-08 00:45:00,38.125,31.584322
2020-06-08 01:00:00,37.9055,31.442411
2020-06-08 01:15:00,37.686,31.328619
2020-06-08 01:30:00,37.686,31.106268
2020-06-08 01:45:00,37.246,30.928583
2020-06-08 02:00:00,37.246,30.767344
2020-06-08 02:15:00,37.246,30.74615
2020-06-08 02:30:00,36.807,30.625174
2020-06-08 02:45:00,36.807,30.563871
2020-06-08 03:00:00,36.807,30.4055
2020-06-08 03:15:00,36.807,30.117949
2020-06-08 03:30:00,36.807,29.865988
2020-06-08 03:45:00,36.367,29.604958
2020-06-08 04:00:00,36.367,29.479721
2020-06-08 04:15:00,36.1475,29.31817
2020-06-08 04:30:00,35.928,29.086983
2020-06-08 04:45:00,35.708,28.922268
2020-06-08 05:00:00,35.488,28.764732
2020-06-08 05:15:00,35.488,28.610601
2020-06-08 05:30:00,35.2685,28.474447
2020-06-08 05:45:00,35.2685,28.283464
2020-06-08 06:00:00,35.2685,28.204224
2020-06-08 06:15:00,35.049,28.085535
2020-06-08 06:30:00,34.829,28.016155
2020-06-08 06:45:00,34.829,28.073248
2020-06-08 07:00:00,34.829,28.284065
2020-06-08 07:15:00,34.829,28.568111
2020-06-08 07:30:00,35.2685,28.7692
2020-06-08 07:45:00,35.708,29.13584
2020-06-08 08:00:00,35.928,29.41236
2020-06-08 08:15:00,36.1475,29.627773
2020-06-08 08:30:00,36.1475,29.780895
2020-06-08 08:45:00,36.587,30.050034
2020-06-08 09:00:00,37.2465,30.025126
2020-06-08 09:15:00,38.345,29.761192
2020-06-08 09:30:00,38.784,29.34159
2020-06-08 09:45:00,39.4435,29.15756
2020-06-08 10:00:00,39.663,28.98416
2020-06-08 10:15:00,39.663,28.838772
2020-06-08 10:30:00,39.663,29.088053
2020-06-08 10:45:00,39.663,29.350103
2020-06-08 11:00:00,39.883,29.763702
2020-06-08 11:15:00,39.883,30.2772
2020-06-08 11:30:00,39.883,30.660894
2020-06-08 11:45:00,40.1025,31.021212
2020-06-08 12:00:00,40.322,30.957928
2020-06-08 12:15:00,40.762,30.867811
2020-06-08 12:30:00,40.9815,31.094343
2020-06-08 12:45:00,41.201,31.28534
2020-06-08 13:00:00,41.421,31.721186
2020-06-08 13:15:00,41.421,32.187263
2020-06-08 13:30:00,42.0805,32.572937
2020-06-08 13:45:00,42.5195,32.55963
2020-06-08 14:00:00,42.739,32.776966
2020-06-08 14:15:00,43.3985,32.950462
2020-06-08 14:30:00,43.618,33.154926
2020-06-08 14:45:00,44.277,33.39251
2020-06-08 15:00:00,44.717,33.53869
2020-06-08 15:15:00,44.9365,33.76603
2020-06-08 15:30:00,44.9365,33.57747
2020-06-08 15:45:00,44.717,33.307526
2020-06-08 16:00:00,44.0575,32.93142
2020-06-08 16:15:00,43.618,32.66783
2020-06-08 16:30:00,42.959,32.643097
2020-06-08 16:45:00,42.5195,32.64795
2020-06-08 17:00:00,42.0805,32.620506
2020-06-08 17:15:00,41.6405,32.49658
2020-06-08 17:30:00,40.9815,32.188286
2020-06-08 17:45:00,40.542,31.869616
2020-06-08 18:00:00,39.663,31.558165
2020-06-08 18:15:00,39.2235,31.326738
2020-06-08 18:30:00,38.784,31.082037
2020-06-08 18:45:00,37.905,30.796764
2020-06-08 19:00:00,37.466,30.538313
2020-06-08 19:15:00,37.0265,30.257933
2020-06-08 19:30:00,36.587,30.018461
2020-06-08 19:45:00,36.3675,29.775976
2020-06-08 20:00:00,36.1475,29.596415
2020-06-08 20:15:00,35.9275,29.413061
2020-06-08 20:30:00,35.9275,29.293158
2020-06-08 20:45:00,35.4885,29.167376
2020-06-08 21:00:00,35.4885,29.085064
2020-06-08 21:15:00,35.4885,28.979095
2020-06-08 21:30:00,35.4885,28.95283
2020-06-08 21:45:00,35.4885,28.957382
2020-06-08 22:00:00,35.4885,28.942429
2020-06-08 22:15:00,35.4885,29.009027
2020-06-08 22:30:00,35.4885,28.915644
2020-06-08 22:45:00,35.4885,28.835339
2020-06-08 23:00:00,35.4885,28.87735
2020-06-08 23:15:00,35.4885,28.940748
2020-06-08 23:30:00,35.2685,28.91492
2020-06-08 23:45:00,35.2685,28.83962
2020-06-09 00:00:00,35.2685,28.888409
2020-06-09 00:15:00,35.2685,28.939121
2020-06-09 00:30:00,35.0485,28.996572
2020-06-09 00:45:00,34.6095,28.98466
2020-06-09 01:00:00,34.6095,29.02031
2020-06-09 01:15:00,34.3895,28.967709
2020-06-09 01:30:00,34.1695,28.94987
2020-06-09 01:45:00,34.1695,28.92225
2020-06-09 02:00:00,33.95,28.886433
2020-06-09 02:15:00,33.95,28.831524
2020-06-09 02:30:00,33.95,28.81004
2020-06-09 02:45:00,33.7305,28.70025
2020-06-09 03:00:00,33.5105,28.550531
2020-06-09 03:15:00,32.1925,28.358599
2020-06-09 03:30:00,31.533,28.27601
2020-06-09 03:45:00,31.533,28.210743
2020-06-09 04:00:00,31.533,28.138012
2020-06-09 04:15:00,31.753,28.012768
2020-06-09 04:30:00,31.753,27.871122
2020-06-09 04:45:00,31.973,27.75785
2020-06-09 05:00:00,32.1925,27.68627
2020-06-09 05:15:00,32.1925,27.63859
2020-06-09 05:30:00,32.1925,27.568003
2020-06-09 05:45:00,32.412,27.504698
2020-06-09 06:00:00,32.412,27.457123
2020-06-09 06:15:00,32.412,27.35543
2020-06-09 06:30:00,32.632,27.25738
2020-06-09 06:45:00,32.632,27.157705
2020-06-09 07:00:00,32.852,27.082579
2020-06-09 07:15:00,32.852,27.192638
2020-06-09 07:30:00,33.0715,27.346003
2020-06-09 07:45:00,33.291,27.55461
2020-06-09 08:00:00,33.291,27.764847
2020-06-09 08:15:00,33.5105,28.162363
2020-06-09 08:30:00,33.5105,28.698162
2020-06-09 08:45:00,33.73,29.260153
2020-06-09 09:00:00,33.73,29.762857
2020-06-09 09:15:00,33.73,30.371
2020-06-09 09:30:00,33.73,31.081354
2020-06-09 09:45:00,33.291,31.841742
2020-06-09 10:00:00,32.852,32.711346
2020-06-09 10:15:00,32.632,33.55191
2020-06-09 10:30:00,31.753,34.383125
2020-06-09 10:45:00,30.874,35.181652
2020-06-09 11:00:00,30.4345,35.775063
2020-06-09 11:15:00,29.775,36.324406
2020-06-09 11:30:00,28.896,36.764175
2020-06-09 11:45:00,28.2375,37.13612
2020-06-09 12:00:00,27.578,37.43405
2020-06-09 12:15:00,26.919,37.744934
2020-06-09 12:30:00,26.699,38.110565
2020-06-09 12:45:00,26.699,38.49069
2020-06-09 13:00:00,26.699,38.837955
2020-06-09 13:15:00,26.4795,39.265182
2020-06-09 13:30:00,26.4795,39.63968
2020-06-09 13:45:00,26.4795,39.879513
2020-06-09 14:00:00,26.26,40.06708
2020-06-09 14:15:00,26.26,40.26226
2020-06-09 14:30:00,26.26,40.39937
2020-06-09 14:45:00,26.699,40.53926
2020-06-09 15:00:00,26.919,40.591583
2020-06-09 15:15:00,27.3585,40.666782
2020-06-09 15:30:00,28.018,40.535126
2020-06-09 15:45:00,28.457,40.35608
2020-06-09 16:00:00,28.6765,40.15796
2020-06-09 16:15:00,28.896,39.972626
2020-06-09 16:30:00,28.896,39.792374
2020-06-09 16:45:00,29.116,39.61624
2020-06-09 17:00:00,29.5555,39.43199
2020-06-09 17:15:00,29.5555,39.200855
2020-06-09 17:30:00,29.5555,38.96953
2020-06-09 17:45:00,29.7755,38.73575
2020-06-09 18:00:00,29.995,38.485207
2020-06-09 18:15:00,29.995,38.295914
2020-06-09 18:30:00,29.995,38.056286
2020-06-09 18:45:00,29.995,37.770596
2020-06-09 19:00:00,29.995,37.481876
2020-06-09 19:15:00,29.995,37.203682
2020-06-09 19:30:00,29.995,36.923653
2020-06-09 19:45:00,29.995,36.565784
2020-06-09 20:00:00,29.995,36.199673
2020-06-09 20:15:00,29.995,35.795994
2020-06-09 20:30:00,29.995,35.40444
2020-06-09 20:45:00,29.995,35.06141
2020-06-09 21:00:00,29.995,34.767765
2020-06-09 21:15:00,29.995,34.487514
2020-06-09 21:30:00,29.995,34.354412
2020-06-09 21:45:00,29.775,34.423714
2020-06-09 22:00:00,29.775,34.47992
2020-06-09 22:15:00,29.775,34.53546
2020-06-09 22:30:00,29.775,34.391693
2020-06-09 22:45:00,29.775,34.236874
2020-06-09 23:00:00,29.775,34.149147
2020-06-09 23:15:00,29.5555,34.03115
2020-06-09 23:30:00,29.5555,33.845932
2020-06-09 23:45:00,29.5555,33.615387
2020-06-10 00:00:00,29.5555,33.429714
2020-06-10 00:15:00,29.5555,33.3295
2020-06-10 00:30:00,29.336,33.240974
2020-06-10 00:45:00,29.336,33.092934
2020-06-10 01:00:00,29.336,32.996475
2020-06-10 01:15:00,29.336,32.78696
2020-06-10 01:30:00,29.336,32.67639
2020-06-10 01:45:00,29.336,32.57677
2020-06-10 02:00:00,28.896,32.48984
2020-06-10 02:15:00,28.896,32.300755
2020-06-10 02:30:00,28.896,32.148365
2020-06-10 02:45:00,28.896,31.892519
2020-06-10 03:00:00,28.896,31.646809
2020-06-10 03:15:00,28.896,31.337584
2020-06-10 03:30:00,28.896,31.15352
2020-06-10 03:45:00,28.896,31.080202
2020-06-10 04:00:00,28.896,30.987074
2020-06-10 04:15:00,28.896,30.79868
2020-06-10 04:30:00,28.457,30.572802
2020-06-10 04:45:00,28.457,30.380323
2020-06-10 05:00:00,28.457,30.262062
2020-06-10 05:15:00,28.457,30.173746
2020-06-10 05:30:00,28.2375,30.003498
2020-06-10 05:45:00,28.2375,29.87137
2020-06-10 06:00:00,28.2375,29.76684
2020-06-10 06:15:00,28.2375,29.565216
2020-06-10 06:30:00,28.2375,29.372986
2020-06-10 06:45:00,28.2375,29.247335
2020-06-10 07:00:00,28.457,29.160257
2020-06-10 07:15:00,28.6765,29.236942
2020-06-10 07:30:00,29.116,29.292439
2020-06-10 07:45:00,29.5555,29.421082
2020-06-10 08:00:00,29.775,29.631746
2020-06-10 08:15:00,30.4345,29.939276
2020-06-10 08:30:00,30.874,30.31772
2020-06-10 08:45:00,31.3135,30.799189
2020-06-10 09:00:00,31.753,31.155506
2020-06-10 09:15:00,32.1925,31.635023
2020-06-10 09:30:00,32.1925,32.27039
2020-06-10 09:45:00,32.632,32.861538
2020-06-10 10:00:00,32.632,33.6466
2020-06-10 10:15:00,32.632,34.22715
2020-06-10 10:30:00,33.0715,34.77243
2020-06-10 10:45:00,33.291,35.270794
2020-06-10 11:00:00,33.5105,35.75311
2020-06-10 11:15:00,33.7305,36.213223
2020-06-10 11:30:00,33.95,36.63099
2020-06-10 11:45:00,34.1695,37.034725
2020-06-10 12:00:00,34.6095,37.23716
2020-06-10 12:15:00,35.0485,37.623383
2020-06-10 12:30:00,35.2685,38.122246
2020-06-10 12:45:00,35.708,38.623665
2020-06-10 13:00:00,36.587,39.1633
2020-06-10 13:15:00,37.0265,39.691833
2020-06-10 13:30:00,37.2465,40.067215
2020-06-10 13:45:00,37.6855,40.319572
2020-06-10 14:00:00,39.0035,40.680435
2020-06-10 14:15:00,39.4435,40.917202
2020-06-10 14:30:00,39.663,40.87591
2020-06-10 14:45:00,39.663,40.855522
2020-06-10 15:00:00,39.663,40.78236
2020-06-10 15:15:00,39.2235,40.802082
2020-06-10 15:30:00,38.564,40.6118
2020-06-10 15:45:00,38.125,40.383198
2020-06-10 16:00:00,37.9055,40.029137
2020-06-10 16:15:00,37.9055,39.5923
2020-06-10 16:30:00,37.9055,39.214436
2020-06-10 16:45:00,37.686,38.799118
2020-06-10 17:00:00,37.686,38.393345
2020-06-10 17:15:00,37.686,37.872063
2020-06-10 17:30:00,37.246,37.28064
2020-06-10 17:45:00,37.0265,36.71594
2020-06-10 18:00:00,36.807,36.240135
2020-06-10 18:15:00,36.587,35.77894
2020-06-10 18:30:00,36.367,35.3878
2020-06-10 18:45:00,36.1475,34.90557
2020-06-10 19:00:00,35.708,34.47127
2020-06-10 19:15:00,35.708,34.027668
2020-06-10 19:30:00,35.2685,33.67011
2020-06-10 19:45:00,35.049,33.27394
2020-06-10 20:00:00,34.609,32.93421
2020-06-10 20:15:00,34.17,32.55796
2020-06-10 20:30:00,34.17,32.25096
2020-06-10 20:45:00,33.73,32.03909
2020-06-10 21:00:00,33.291,31.853434
2020-06-10 21:15:00,33.291,31.636618
2020-06-10 21:30:00,32.852,31.476534
2020-06-10 21:45:00,32.632,31.324148
2020-06-10 22:00:00,32.412,31.14411
2020-06-10 22:15:00,31.973,31.013845
2020-06-10 22:30:00,31.753,30.698778
2020-06-10 22:45:00,31.533,30.4557
2020-06-10 23:00:00,31.533,30.325163
2020-06-10 23:15:00,31.3135,30.238207
2020-06-10 23:30:00,31.094,30.091383
2020-06-10 23:45:00,31.094,29.919298
2020-06-11 00:00:00,31.094,29.841242
2020-06-11 00:15:00,30.654,29.810572
2020-06-11 00:30:00,30.654,29.712229
2020-06-11 00:45:00,30.654,29.563776
2020-06-11 01:00:00,30.4345,29.469053
2020-06-11 01:15:00,30.215,29.495092
2020-06-11 01:30:00,30.215,29.510834
2020-06-11 01:45:00,30.215,29.615133
2020-06-11 02:00:00,29.995,29.61804
2020-06-11 02:15:00,29.775,29.714518
2020-06-11 02:30:00,29.775,29.75532
2020-06-11 02:45:00,29.5555,29.745628
2020-06-11 03:00:00,29.336,29.67199
2020-06-11 03:15:00,29.336,29.569336
2020-06-11 03:30:00,29.116,29.544054
2020-06-11 03:45:00,28.896,29.5561
2020-06-11 04:00:00,28.896,29.656635
2020-06-11 04:15:00,28.896,29.725489
2020-06-11 04:30:00,28.896,29.72782
2020-06-11 04:45:00,28.896,29.657202
2020-06-11 05:00:00,28.6765,29.617031
2020-06-11 05:15:00,28.6765,29.670965
2020-06-11 05:30:00,28.6765,29.707888
2020-06-11 05:45:00,28.6765,29.72272
2020-06-11 06:00:00,28.6765,29.750618
2020-06-11 06:15:00,28.6765,29.773832
2020-06-11 06:30:00,28.896,29.813967
2020-06-11 06:45:00,28.896,29.760122
2020-06-11 07:00:00,29.336,29.768234
2020-06-11 07:15:00,29.775,29.852537
2020-06-11 07:30:00,30.215,29.940248
2020-06-11 07:45:00,30.654,30.174532
2020-06-11 08:00:00,31.3135,30.185926
2020-06-11 08:15:00,31.973,30.14683
2020-06-11 08:30:00,32.632,30.202879
2020-06-11 08:45:00,33.5105,30.310745
2020-06-11 09:00:00,34.1695,30.47288
2020-06-11 09:15:00,34.829,30.742834
2020-06-11 09:30:00,35.4885,31.134434
2020-06-11 09:45:00,36.3675,31.380713
2020-06-11 10:00:00,36.807,31.737131
2020-06-11 10:15:00,37.686,32.04458
2020-06-11 10:30:00,38.564,32.364063
2020-06-11 10:45:00,39.663,32.802933
2020-06-11 11:00:00,40.542,33.324623
2020-06-11 11:15:00,41.421,33.89295
2020-06-11 11:30:00,42.0805,34.43488
2020-06-11 11:45:00,42.739,34.89042
2020-06-11 12:00:00,42.959,35.160076
2020-06-11 12:15:00,43.179,35.39294
2020-06-11 12:30:00,43.6185,35.745045
2020-06-11 12:45:00,44.277,36.1913
2020-06-11 13:00:00,44.9365,36.51628
2020-06-11 13:15:00,45.376,37.013817
2020-06-11 13:30:00,46.035,37.431606
2020-06-11 13:45:00,46.6945,37.942284
2020-06-11 14:00:00,47.134,38.453888
2020-06-11 14:15:00,47.3535,38.769047
2020-06-11 14:30:00,47.5735,39.05744
2020-06-11 14:45:00,47.5735,39.15202
2020-06-11 15:00:00,47.354,39.109077
2020-06-11 15:15:00,46.6945,39.064808
2020-06-11 15:30:00,46.4745,39.0129
2020-06-11 15:45:00,46.0355,38.82096
2020-06-11 16:00:00,45.5955,38.48471
2020-06-11 16:15:00,45.376,38.128536
2020-06-11 16:30:00,44.9365,37.8599
2020-06-11 16:45:00,44.497,37.584633
2020-06-11 17:00:00,44.0575,37.236988
2020-06-11 17:15:00,43.618,36.72213
2020-06-11 17:30:00,43.398,36.222313
2020-06-11 17:45:00,43.1785,35.83743
2020-06-11 18:00:00,42.7395,35.283974
2020-06-11 18:15:00,42.3,34.810898
2020-06-11 18:30:00,41.8605,34.580524
2020-06-11 18:45:00,41.421,34.43466
2020-06-11 19:00:00,40.9815,34.28806
2020-06-11 19:15:00,40.542,34.144413
2020-06-11 19:30:00,40.1025,33.99778
2020-06-11 19:45:00,39.663,33.898777
2020-06-11 20:00:00,39.2235,33.852776
2020-06-11 20:15:00,39.2235,33.854614
2020-06-11 20:30:00,38.784,33.848118
2020-06-11 20:45:00,38.3445,33.768982
2020-06-11 21:00:00,38.3445,33.769035
2020-06-11 21:15:00,37.9055,33.77307
2020-06-11 21:30:00,37.686,33.815006
2020-06-11 21:45:00,37.466,33.795776
2020-06-11 22:00:00,37.0265,33.804375
2020-06-11 22:15:00,36.807,33.833378
2020-06-11 22:30:00,36.587,33.856888
2020-06-11 22:45:00,36.367,33.826588
2020-06-11 23:00:00,36.1475,33.77681
2020-06-11 23:15:00,35.928,33.746605
2020-06-11 23:30:00,35.708,33.71246
2020-06-11 23:45:00,35.488,33.649544
2020-06-12 00:00:00,35.488,33.671852
2020-06-12 00:15:00,35.2685,33.60041
2020-06-12 00:30:00,35.049,33.531086
2020-06-12 00:45:00,34.829,33.47056
2020-06-12 01:00:00,34.829,33.392178
2020-06-12 01:15:00,34.609,33.287807
2020-06-12 01:30:00,34.609,33.296135
2020-06-12 01:45:00,34.609,33.339664
2020-06-12 02:00:00,34.3895,33.28877
2020-06-12 02:15:00,34.3895,33.26834
2020-06-12 02:30:00,34.17,33.247505
2020-06-12 02:45:00,34.17,33.14498
2020-06-12 03:00:00,33.95,33.06899
2020-06-12 03:15:00,33.73,32.910862
2020-06-12 03:30:00,33.5105,32.849354
2020-06-12 03:45:00,33.291,32.725018
2020-06-12 04:00:00,33.291,32.44504
2020-06-12 04:15:00,33.291,32.095165
2020-06-12 04:30:00,33.0715,31.974325
2020-06-12 04:45:00,32.852,31.899595
2020-06-12 05:00:00,32.852,31.731203
2020-06-12 05:15:00,32.852,31.580614
2020-06-12 05:30:00,32.412,31.499155
2020-06-12 05:45:00,32.412,31.516607
2020-06-12 06:00:00,32.412,31.531769
2020-06-12 06:15:00,32.412,31.736567
2020-06-12 06:30:00,32.412,32.05252
2020-06-12 06:45:00,32.852,32.289444
2020-06-12 07:00:00,33.291,32.318726
2020-06-12 07:15:00,33.73,32.36415
2020-06-12 07:30:00,34.17,32.359474
2020-06-12 07:45:00,34.3895,32.418903
2020-06-12 08:00:00,35.0485,32.160297
2020-06-12 08:15:00,35.4885,32.02026
2020-06-12 08:30:00,36.1475,31.713095
2020-06-12 08:45:00,36.807,31.594908
2020-06-12 09:00:00,37.4655,31.683645
2020-06-12 09:15:00,38.3445,31.76544
2020-06-12 09:30:00,38.7845,32.22009
2020-06-12 09:45:00,39.663,32.603977
2020-06-12 10:00:00,40.1025,33.156082
2020-06-12 10:15:00,40.9815,33.58145
2020-06-12 10:30:00,42.08,33.975086
2020-06-12 10:45:00,42.959,34.238953
2020-06-12 11:00:00,43.838,34.584732
2020-06-12 11:15:00,44.9365,34.909515
2020-06-12 11:30:00,45.5955,35.515507
2020-06-12 11:45:00,45.8155,35.889076
2020-06-12 12:00:00,46.0355,36.161186
2020-06-12 12:15:00,46.255,36.250965
2020-06-12 12:30:00,46.6945,36.358944
2020-06-12 12:45:00,47.354,36.470005
2020-06-12 13:00:00,48.0125,36.599697
2020-06-12 13:15:00,48.452,36.83973
2020-06-12 13:30:00,49.111,37.090637
2020-06-12 13:45:00,49.5505,37.423923
2020-06-12 14:00:00,49.9905,37.666115
2020-06-12 14:15:00,50.21,37.817307
2020-06-12 14:30:00,50.43,37.95118
2020-06-12 14:45:00,50.6495,38.056786
2020-06-12 15:00:00,50.4295,38.1242
2020-06-12 15:15:00,50.4295,38.085938
2020-06-12 15:30:00,50.21,38.043354
2020-06-12 15:45:00,49.7705,37.792736
2020-06-12 16:00:00,49.1115,37.416702
2020-06-12 16:15:00,48.672,37.03248
2020-06-12 16:30:00,48.0125,36.626907
2020-06-12 16:45:00,47.793,36.30087
2020-06-12 17:00:00,47.3535,35.937553
2020-06-12 17:15:00,47.3535,35.44795
2020-06-12 17:30:00,47.134,35.02737
2020-06-12 17:45:00,46.9145,34.702824
2020-06-12 18:00:00,46.6945,34.285805
2020-06-12 18:15:00,46.255,34.04123
2020-06-12 18:30:00,45.8155,33.869247
2020-06-12 18:45:00,45.1565,33.80136
2020-06-12 19:00:00,44.7165,33.76065
2020-06-12 19:15:00,44.2775,33.80825
2020-06-12 19:30:00,43.618,33.91633
2020-06-12 19:45:00,43.1785,34.209057
2020-06-12 20:00:00,42.7395,34.274643
2020-06-12 20:15:00,42.0805,34.442535
2020-06-12 20:30:00,41.421,34.62397
2020-06-12 20:45:00,40.9815,34.789635
2020-06-12 21:00:00,40.542,34.92857
2020-06-12 21:15:00,40.1025,34.869354
2020-06-12 21:30:00,39.883,34.85946
2020-06-12 21:45:00,39.663,34.87399
2020-06-12 22:00:00,39.2235,34.75193
2020-06-12 22:15:00,39.004,34.763992
2020-06-12 22:30:00,38.564,34.77079
2020-06-12 22:45:00,38.3445,34.746765
2020-06-12 23:00:00,38.125,34.74337
2020-06-12 23:15:00,37.9055,34.70296
2020-06-12 23:30:00,37.686,34.74159
2020-06-12 23:45:00,37.466,34.72548
2020-06-13 00:00:00,37.246,34.79435
2020-06-13 00:15:00,36.807,34.74898
2020-06-13 00:30:00,36.587,34.676743
2020-06-13 00:45:00,36.367,34.598263
2020-06-13 01:00:00,36.1475,34.459854
2020-06-13 01:15:00,35.928,34.228786
2020-06-13 01:30:00,35.928,34.12655
2020-06-13 01:45:00,35.488,34.025608
2020-06-13 02:00:00,35.488,33.867313
2020-06-13 02:15:00,35.049,33.676434
2020-06-13 02:30:00,35.049,33.575436
2020-06-13 02:45:00,34.609,33.45312
2020-06-13 03:00:00,34.609,33.274773
2020-06-13 03:15:00,34.3895,33.050007
2020-06-13 03:30:00,34.17,32.926743
2020-06-13 03:45:00,33.95,32.77092
2020-06-13 04:00:00,33.73,32.60769
2020-06-13 04:15:00,33.5105,32.418983
2020-06-13 04:30:00,33.291,32.21748
2020-06-13 04:45:00,33.0715,32.077557
2020-06-13 05:00:00,32.852,31.97782
2020-06-13 05:15:00,32.852,31.862917
2020-06-13 05:30:00,32.632,31.789309
2020-06-13 05:45:00,32.632,31.679234
2020-06-13 06:00:00,32.632,31.51993
2020-06-13 06:15:00,32.632,31.451086
2020-06-13 06:30:00,32.632,31.577785
2020-06-13 06:45:00,32.852,31.692467
2020-06-13 07:00:00,33.291,31.628378
2020-06-13 07:15:00,33.73,31.584936
2020-06-13 07:30:00,34.17,31.51846
2020-06-13 07:45:00,34.829,31.495876
2020-06-13 08:00:00,35.4885,31.353777
2020-06-13 08:15:00,36.1475,31.410234
2020-06-13 08:30:00,36.807,31.44398
2020-06-13 08:45:00,37.6855,31.509684
2020-06-13 09:00:00,38.3445,31.718166
2020-06-13 09:15:00,39.2235,32.23159
2020-06-13 09:30:00,39.663,32.771843
2020-06-13 09:45:00,40.322,33.266785
2020-06-13 10:00:00,40.542,33.894596
2020-06-13 10:15:00,41.421,34.399742
2020-06-13 10:30:00,42.3,34.93513
2020-06-13 10:45:00,43.179,35.533897
2020-06-13 11:00:00,44.497,36.129467
2020-06-13 11:15:00,45.376,36.71284
2020-06-13 11:30:00,46.0355,37.34259
2020-06-13 11:45:00,46.255,37.745285
2020-06-13 12:00:00,46.4745,38.143864
2020-06-13 12:15:00,46.914,38.424763
2020-06-13 12:30:00,47.5735,38.734264
2020-06-13 12:45:00,48.232,39.15371
2020-06-13 13:00:00,48.8915,39.532684
2020-06-13 13:15:00,49.111,39.996735
2020-06-13 13:30:00,49.331,40.31431
2020-06-13 13:45:00,49.9905,40.614307
2020-06-13 14:00:00,50.21,40.767742
2020-06-13 14:15:00,50.43,40.851456
2020-06-13 14:30:00,50.43,40.880196
2020-06-13 14:45:00,50.21,40.919758
2020-06-13 15:00:00,49.1115,40.884407
2020-06-13 15:15:00,48.892,40.771713
2020-06-13 15:30:00,48.892,40.542286
2020-06-13 15:45:00,48.452,40.194443
2020-06-13 16:00:00,48.2325,39.80208
2020-06-13 16:15:00,47.793,39.41485
2020-06-13 16:30:00,47.3535,38.977234
2020-06-13 16:45:00,46.914,38.57681
2020-06-13 17:00:00,46.914,38.18408
2020-06-13 17:15:00,46.6945,37.641212
2020-06-13 17:30:00,46.255,37.153538
2020-06-13 17:45:00,46.0355,37.075695
2020-06-13 18:00:00,45.5955,36.80815
2020-06-13 18:15:00,45.376,36.529846
2020-06-13 18:30:00,45.1565,36.27825
2020-06-13 18:45:00,44.7165,36.0395
2020-06-13 19:00:00,44.2775,35.693073
2020-06-13 19:15:00,43.8375,35.413033
2020-06-13 19:30:00,43.3985,35.180737
2020-06-13 19:45:00,42.7395,34.9696
2020-06-13 20:00:00,42.3,34.73074
2020-06-13 20:15:00,41.8605,34.491566
2020-06-13 20:30:00,41.421,34.218346
2020-06-13 20:45:00,40.9815,34.017788
2020-06-13 21:00:00,40.542,33.88757
2020-06-13 21:15:00,40.1025,33.65986
2020-06-13 21:30:00,39.883,33.529392
2020-06-13 21:45:00,39.663,33.354607
2020-06-13 22:00:00,39.2235,33.180634
2020-06-13 22:15:00,39.2235,33.119324
2020-06-13 22:30:00,39.004,32.97793
2020-06-13 22:45:00,38.564,32.837547
2020-06-13 23:00:00,38.564,32.742188
2020-06-13 23:15:00,38.125,32.68627
2020-06-13 23:30:00,38.125,32.56877
2020-06-13 23:45:00,38.125,32.44532
2020-06-14 00:00:00,37.686,32.407898
2020-06-14 00:15:00,37.686,32.34395
2020-06-14 00:30:00,37.246,32.273766
2020-06-14 00:45:00,37.246,32.131844
2020-06-14 01:00:00,36.807,32.01698
2020-06-14 01:15:00,36.807,31.851274
2020-06-14 01:30:00,36.587,31.7316
2020-06-14 01:45:00,36.367,31.630316
2020-06-14 02:00:00,36.367,31.47027
2020-06-14 02:15:00,36.1475,31.400194
2020-06-14 02:30:00,35.928,31.32075
2020-06-14 02:45:00,35.708,31.196146
2020-06-14 03:00:00,35.488,31.03815
2020-06-14 03:15:00,35.2685,30.8552
2020-06-14 03:30:00,35.049,30.740774
2020-06-14 03:45:00,34.829,30.624613
2020-06-14 04:00:00,34.829,30.601858
2020-06-14 04:15:00,34.609,30.532442
2020-06-14 04:30:00,34.609,30.399132
2020-06-14 04:45:00,34.17,30.283583
2020-06-14 05:00:00,34.17,30.186281
2020-06-14 05:15:00,34.17,30.096983
2020-06-14 05:30:00,33.95,29.98319
2020-06-14 05:45:00,33.73,29.853746
2020-06-14 06:00:00,33.73,29.675905
2020-06-14 06:15:00,33.73,29.52907
2020-06-14 06:30:00,33.73,29.470156
2020-06-14 06:45:00,33.95,29.392385
2020-06-14 07:00:00,34.17,29.40359
2020-06-14 07:15:00,34.609,29.55435
2020-06-14 07:30:00,35.049,29.765701
2020-06-14 07:45:00,35.488,29.846184
2020-06-14 08:00:00,36.1475,29.837835
2020-06-14 08:15:00,36.8065,29.880518
2020-06-14 08:30:00,37.466,30.004204
2020-06-14 08:45:00,38.125,30.192814
2020-06-14 09:00:00,38.784,30.378576
2020-06-14 09:15:00,39.663,30.631514
2020-06-14 09:30:00,40.542,30.822672
2020-06-14 09:45:00,41.2015,30.869253
2020-06-14 10:00:00,41.8605,31.188047
2020-06-14 10:15:00,42.7395,31.195929
2020-06-14 10:30:00,43.838,31.016539
2020-06-14 10:45:00,44.717,31.119688
2020-06-14 11:00:00,45.596,31.312983
2020-06-14 11:15:00,46.475,31.56311
2020-06-14 11:30:00,47.354,32.050373
2020-06-14 11:45:00,47.793,32.34691
2020-06-14 12:00:00,48.2325,32.376217
2020-06-14 12:15:00,48.4525,32.13938
2020-06-14 12:30:00,48.672,32.148476
2020-06-14 12:45:00,49.5505,32.27319
2020-06-14 13:00:00,49.9905,32.468376
2020-06-14 13:15:00,50.4295,32.847
2020-06-14 13:30:00,50.6495,33.23061
2020-06-14 13:45:00,49.99,33.33644
2020-06-14 14:00:00,49.551,33.499554
2020-06-14 14:15:00,49.551,33.686214
2020-06-14 14:30:00,49.551,34.044514
2020-06-14 14:45:00,49.331,34.262337
2020-06-14 15:00:00,49.1115,34.32876
2020-06-14 15:15:00,49.1115,34.597565
2020-06-14 15:30:00,49.331,34.57871
2020-06-14 15:45:00,49.331,34.424427
2020-06-14 16:00:00,48.6715,34.23836
2020-06-14 16:15:00,48.2325,33.90542
2020-06-14 16:30:00,47.3535,33.7377
2020-06-14 16:45:00,46.9145,33.54877
2020-06-14 17:00:00,46.4745,33.42992
2020-06-14 17:15:00,46.255,33.175106
2020-06-14 17:30:00,46.0355,33.161522
2020-06-14 17:45:00,45.5955,33.373657
2020-06-14 18:00:00,44.7165,33.40629
2020-06-14 18:15:00,44.0575,33.353176
2020-06-14 18:30:00,43.8375,33.25303
2020-06-14 18:45:00,43.3985,33.10145
2020-06-14 19:00:00,42.959,32.84223
2020-06-14 19:15:00,42.7395,32.709843
2020-06-14 19:30:00,42.3,32.64749
2020-06-14 19:45:00,41.8605,32.65003
2020-06-14 20:00:00,41.421,32.496414
2020-06-14 20:15:00,40.9815,32.399002
2020-06-14 20:30:00,40.762,32.263435
2020-06-14 20:45:00,40.322,32.128918
2020-06-14 21:00:00,40.1025,32.033627
2020-06-14 21:15:00,39.883,32.02757
2020-06-14 21:30:00,39.443,32.00381
2020-06-14 21:45:00,39.443,31.947264
2020-06-14 22:00:00,39.004,31.818346
2020-06-14 22:15:00,39.004,31.746262
2020-06-14 22:30:00,39.004,31.765512
2020-06-14 22:45:00,39.004,31.722393
2020-06-14 23:00:00,38.784,31.74689
2020-06-14 23:15:00,38.784,31.599289
2020-06-14 23:30:00,38.564,31.50311
2020-06-14 23:45:00,38.564,31.28541
2020-06-15 00:00:00,38.564,31.213518
2020-06-15 00:15:00,38.125,31.212732
2020-06-15 00:30:00,38.125,31.163101
2020-06-15 00:45:00,38.125,31.092897
2020-06-15 01:00:00,37.9055,31.058344
2020-06-15 01:15:00,37.686,31.068327
2020-06-15 01:30:00,37.686,30.993925
2020-06-15 01:45:00,37.466,30.965784
2020-06-15 02:00:00,37.246,30.886599
2020-06-15 02:15:00,36.807,30.833748
2020-06-15 02:30:00,36.587,30.80432
2020-06-15 02:45:00,36.367,30.753141
2020-06-15 03:00:00,36.1475,30.681778
2020-06-15 03:15:00,35.928,30.576273
2020-06-15 03:30:00,35.488,30.532627
2020-06-15 03:45:00,35.488,30.490644
2020-06-15 04:00:00,35.2685,30.444395
2020-06-15 04:15:00,35.049,30.366447
2020-06-15 04:30:00,35.049,30.296886
2020-06-15 04:45:00,34.609,30.2244
2020-06-15 05:00:00,34.609,30.178782
2020-06-15 05:15:00,34.3895,30.116415
2020-06-15 05:30:00,34.17,30.067358
2020-06-15 05:45:00,34.17,30.045938
2020-06-15 06:00:00,34.17,29.960632
2020-06-15 06:15:00,34.17,29.95599
2020-06-15 06:30:00,34.17,30.001019
2020-06-15 06:45:00,34.17,30.029655
2020-06-15 07:00:00,34.609,29.986008
2020-06-15 07:15:00,34.829,30.008186
2020-06-15 07:30:00,35.2685,30.040924
2020-06-15 07:45:00,35.928,30.137056
2020-06-15 08:00:00,36.1475,30.215391
2020-06-15 08:15:00,36.587,30.586512
2020-06-15 08:30:00,37.2465,30.953325
2020-06-15 08:45:00,37.6855,31.365385
2020-06-15 09:00:00,38.5645,31.844835
2020-06-15 09:15:00,39.0035,32.2229
2020-06-15 09:30:00,39.663,32.502823
2020-06-15 09:45:00,40.3225,32.63794
2020-06-15 10:00:00,40.9815,32.6387
2020-06-15 10:15:00,41.641,32.568993
2020-06-15 10:30:00,42.3,32.48223
2020-06-15 10:45:00,43.1785,32.482594
2020-06-15 11:00:00,44.277,32.67456
2020-06-15 11:15:00,44.9365,32.839024
2020-06-15 11:30:00,45.596,33.043026
2020-06-15 11:45:00,46.035,33.187386
2020-06-15 12:00:00,46.255,33.037914
2020-06-15 12:15:00,46.475,32.93335
2020-06-15 12:30:00,46.6945,32.89533
2020-06-15 12:45:00,46.9145,32.93473
2020-06-15 13:00:00,46.9145,33.026085
2020-06-15 13:15:00,46.6945,33.287205
2020-06-15 13:30:00,47.134,33.480633
2020-06-15 13:45:00,47.354,33.497044
2020-06-15 14:00:00,47.354,33.58726
2020-06-15 14:15:00,47.793,33.676117
2020-06-15 14:30:00,48.0125,33.819702
2020-06-15 14:45:00,48.0125,34.093246
2020-06-15 15:00:00,48.0125,34.299416
2020-06-15 15:15:00,47.793,34.52747
2020-06-15 15:30:00,47.793,34.536446
2020-06-15 15:45:00,47.793,34.442707
2020-06-15 16:00:00,47.3535,34.332603
2020-06-15 16:15:00,47.134,34.130215
2020-06-15 16:30:00,46.9145,33.93344
2020-06-15 16:45:00,46.6945,33.901226
2020-06-15 17:00:00,46.255,34.156574
2020-06-15 17:15:00,45.8155,34.16905
2020-06-15 17:30:00,45.376,34.24659
2020-06-15 17:45:00,45.376,34.47737
2020-06-15 18:00:00,44.9365,34.598763
2020-06-15 18:15:00,44.9365,34.538425
2020-06-15 18:30:00,44.497,34.481358
2020-06-15 18:45:00,44.0575,34.47573
2020-06-15 19:00:00,43.618,34.501614
2020-06-15 19:15:00,43.1785,34.456406
2020-06-15 19:30:00,42.7395,34.33009
2020-06-15 19:45:00,42.7395,34.24145
2020-06-15 20:00:00,42.3,34.047295
2020-06-15 20:15:00,41.8605,33.833908
2020-06-15 20:30:00,41.421,33.66029
2020-06-15 20:45:00,40.9815,33.489777
2020-06-15 21:00:00,40.762,33.381042
2020-06-15 21:15:00,40.542,33.340446
2020-06-15 21:30:00,40.322,33.223984
2020-06-15 21:45:00,39.883,33.01446
2020-06-15 22:00:00,39.883,32.734978
2020-06-15 22:15:00,39.663,32.53648
2020-06-15 22:30:00,39.443,32.469658
2020-06-15 22:45:00,39.2235,32.326046
2020-06-15 23:00:00,39.004,32.181923
2020-06-15 23:15:00,38.784,32.015343
2020-06-15 23:30:00,38.784,31.87559
2020-06-15 23:45:00,38.564,31.656301
2020-06-16 00:00:00,38.3445,31.59303
2020-06-16 00:15:00,38.3445,31.362867
2020-06-16 00:30:00,38.125,31.18117
2020-06-16 00:45:00,37.9055,30.854614
2020-06-16 01:00:00,37.9055,30.506332
2020-06-16 01:15:00,37.686,30.274523
2020-06-16 01:30:00,37.466,29.930304
2020-06-16 01:45:00,37.246,29.614193
2020-06-16 02:00:00,37.246,29.169329
2020-06-16 02:15:00,37.0265,29.07496
2020-06-16 02:30:00,36.807,28.984482
2020-06-16 02:45:00,36.807,28.939665
2020-06-16 03:00:00,36.367,28.817131
2020-06-16 03:15:00,36.367,28.579597
2020-06-16 03:30:00,35.928,28.4293
2020-06-16 03:45:00,35.928,28.02188
2020-06-16 04:00:00,35.708,27.653357
2020-06-16 04:15:00,35.488,27.394608
2020-06-16 04:30:00,35.488,27.15531
2020-06-16 04:45:00,35.049,27.04008
2020-06-16 05:00:00,35.049,26.966143
2020-06-16 05:15:00,34.829,26.884638
2020-06-16 05:30:00,34.609,26.840776
2020-06-16 05:45:00,34.609,26.787888
2020-06-16 06:00:00,34.609,26.744215
2020-06-16 06:15:00,34.609,26.719221
2020-06-16 06:30:00,34.609,26.72203
2020-06-16 06:45:00,34.609,26.523571
2020-06-16 07:00:00,34.609,26.460464
2020-06-16 07:15:00,34.609,26.425276
2020-06-16 07:30:00,34.829,26.227453
2020-06-16 07:45:00,34.829,26.224987
2020-06-16 08:00:00,34.829,26.415806
2020-06-16 08:15:00,35.0485,26.723963
2020-06-16 08:30:00,35.2685,27.182768
2020-06-16 08:45:00,35.4885,27.825731
2020-06-16 09:00:00,36.1475,28.670149
2020-06-16 09:15:00,36.587,29.420845
2020-06-16 09:30:00,37.0265,30.073484
2020-06-16 09:45:00,37.466,30.805548
2020-06-16 10:00:00,37.9055,31.636648
2020-06-16 10:15:00,38.125,32.28081
2020-06-16 10:30:00,38.784,32.87507
2020-06-16 10:45:00,39.2235,33.411236
2020-06-16 11:00:00,39.883,33.953205
2020-06-16 11:15:00,40.322,34.662167
2020-06-16 11:30:00,40.9815,35.365807
2020-06-16 11:45:00,41.421,35.806416
2020-06-16 12:00:00,41.641,36.180153
2020-06-16 12:15:00,41.8605,36.46543
2020-06-16 12:30:00,41.8605,36.974113
2020-06-16 12:45:00,42.3,37.45591
2020-06-16 13:00:00,42.5195,38.093918
2020-06-16 13:15:00,42.7395,38.91257
2020-06-16 13:30:00,42.7395,39.617043
2020-06-16 13:45:00,43.3985,39.986248
2020-06-16 14:00:00,43.618,40.303413
2020-06-16 14:15:00,43.8375,40.51832
2020-06-16 14:30:00,43.8375,40.72014
2020-06-16 14:45:00,43.618,40.956257
2020-06-16 15:00:00,43.3985,41.157623
2020-06-16 15:15:00,43.1785,41.22137
2020-06-16 15:30:00,43.1785,41.121292
2020-06-16 15:45:00,43.1785,40.92068
2020-06-16 16:00:00,43.1785,40.52881
2020-06-16 16:15:00,43.1785,40.287575
2020-06-16 16:30:00,42.959,39.83322
2020-06-16 16:45:00,42.52,39.650063
2020-06-16 17:00:00,42.52,39.356834
2020-06-16 17:15:00,42.08,39.010788
2020-06-16 17:30:00,41.8605,38.679607
2020-06-16 17:45:00,41.641,38.394466
2020-06-16 18:00:00,41.201,37.942158
2020-06-16 18:15:00,40.762,37.59097
2020-06-16 18:30:00,40.322,37.231308
2020-06-16 18:45:00,39.883,36.835163
2020-06-16 19:00:00,39.443,36.337044
2020-06-16 19:15:00,39.004,35.901497
2020-06-16 19:30:00,39.004,35.52482
2020-06-16 19:45:00,38.564,35.165295
2020-06-16 20:00:00,38.125,34.724895
2020-06-16 20:15:00,37.9055,34.237732
2020-06-16 20:30:00,37.686,33.795338
2020-06-16 20:45:00,37.466,33.396927
2020-06-16 21:00:00,37.0265,32.971222
2020-06-16 21:15:00,36.587,32.63838
2020-06-16 21:30:00,36.587,32.3587
2020-06-16 21:45:00,36.3675,32.073364
2020-06-16 22:00:00,36.1475,31.818998
2020-06-16 22:15:00,36.1475,31.54697
2020-06-16 22:30:00,35.928,31.172262
2020-06-16 22:45:00,35.708,30.840363
2020-06-16 23:00:00,35.708,30.637726
2020-06-16 23:15:00,35.708,30.374168
2020-06-16 23:30:00,35.488,30.043043
2020-06-16 23:45:00,35.488,29.686804
2020-06-17 00:00:00,35.488,29.519
2020-06-17 00:15:00,35.488,29.41345
2020-06-17 00:30:00,35.049,29.305859
2020-06-17 00:45:00,35.049,29.16873
2020-06-17 01:00:00,35.049,29.06365
2020-06-17 01:15:00,35.049,28.93524
2020-06-17 01:30:00,35.049,28.814371
2020-06-17 01:45:00,34.609,28.779474
2020-06-17 02:00:00,34.609,28.71034
2020-06-17 02:15:00,34.3895,28.64477
2020-06-17 02:30:00,34.17,28.496592
2020-06-17 02:45:00,34.17,28.30683
2020-06-17 03:00:00,34.17,28.006824
2020-06-17 03:15:00,33.73,27.662088
2020-06-17 03:30:00,33.73,27.46433
2020-06-17 03:45:00,33.73,27.293337
2020-06-17 04:00:00,33.291,27.17811
2020-06-17 04:15:00,33.291,27.007368
2020-06-17 04:30:00,33.291,26.770157
2020-06-17 04:45:00,33.0715,26.535423
2020-06-17 05:00:00,32.852,26.3851
2020-06-17 05:15:00,32.852,26.319395
2020-06-17 05:30:00,32.852,26.162973
2020-06-17 05:45:00,32.852,25.99954
2020-06-17 06:00:00,32.632,25.949121
2020-06-17 06:15:00,32.632,25.911842
2020-06-17 06:30:00,32.412,25.829063
2020-06-17 06:45:00,32.412,25.701927
2020-06-17 07:00:00,32.412,25.687183
2020-06-17 07:15:00,32.412,25.89094
2020-06-17 07:30:00,32.412,26.014673
2020-06-17 07:45:00,32.632,26.312078
2020-06-17 08:00:00,32.852,26.558434
2020-06-17 08:15:00,33.291,27.020617
2020-06-17 08:30:00,33.5105,27.517336
2020-06-17 08:45:00,33.73,28.137976
2020-06-17 09:00:00,34.17,28.706667
2020-06-17 09:15:00,34.609,29.240992
2020-06-17 09:30:00,35.2685,29.735394
2020-06-17 09:45:00,35.708,30.364477
2020-06-17 10:00:00,36.367,31.19103
2020-06-17 10:15:00,37.466,31.798134
2020-06-17 10:30:00,38.564,32.52493
2020-06-17 10:45:00,39.4435,33.28382
2020-06-17 11:00:00,40.3225,33.983902
2020-06-17 11:15:00,40.9815,34.62148
2020-06-17 11:30:00,41.6405,35.167477
2020-06-17 11:45:00,41.8605,35.64837
2020-06-17 12:00:00,42.08,35.815773
2020-06-17 12:15:00,42.3,36.04904
2020-06-17 12:30:00,43.1785,36.49967
2020-06-17 12:45:00,43.618,37.038662
2020-06-17 13:00:00,43.8375,37.688656
2020-06-17 13:15:00,44.2775,38.500587
2020-06-17 13:30:00,44.7165,39.177773
2020-06-17 13:45:00,44.9365,39.711327
2020-06-17 14:00:00,45.376,40.19623
2020-06-17 14:15:00,45.5955,40.491833
2020-06-17 14:30:00,45.8155,40.528034
2020-06-17 14:45:00,46.0355,40.660366
2020-06-17 15:00:00,46.255,40.821373
2020-06-17 15:15:00,46.255,40.923393
2020-06-17 15:30:00,46.255,40.79222
2020-06-17 15:45:00,45.8155,40.49472
2020-06-17 16:00:00,45.1565,40.101273
2020-06-17 16:15:00,44.7165,39.638638
2020-06-17 16:30:00,44.497,39.10175
2020-06-17 16:45:00,44.0575,38.653877
2020-06-17 17:00:00,43.6185,38.22775
2020-06-17 17:15:00,43.3985,37.761604
2020-06-17 17:30:00,43.179,37.278778
2020-06-17 17:45:00,42.959,36.813778
2020-06-17 18:00:00,42.739,36.294147
2020-06-17 18:15:00,42.3,35.770237
2020-06-17 18:30:00,42.3,35.335705
2020-06-17 18:45:00,42.0805,34.876617
2020-06-17 19:00:00,41.421,34.308773
2020-06-17 19:15:00,41.421,33.803032
2020-06-17 19:30:00,40.9815,33.376453
2020-06-17 19:45:00,40.762,33.004528
2020-06-17 20:00:00,40.542,32.643433
2020-06-17 20:15:00,40.322,32.106453
2020-06-17 20:30:00,40.1025,31.79502
2020-06-17 20:45:00,39.883,31.484568
2020-06-17 21:00:00,39.663,31.171696
2020-06-17 21:15:00,39.443,30.875475
2020-06-17 21:30:00,39.443,30.549765
2020-06-17 21:45:00,39.2235,30.27011
2020-06-17 22:00:00,39.004,29.927794
2020-06-17 22:15:00,39.004,29.652784
2020-06-17 22:30:00,38.564,29.315813
2020-06-17 22:45:00,38.3445,28.964293
2020-06-17 23:00:00,38.3445,28.778189
2020-06-17 23:15:00,38.3445,28.540007
2020-06-17 23:30:00,38.125,28.263235
2020-06-17 23:45:00,37.9055,27.937561
2020-06-18 00:00:00,37.9055,27.79564
2020-06-18 00:15:00,37.9055,27.604418
2020-06-18 00:30:00,37.686,27.4512
2020-06-18 00:45:00,37.466,27.307049
2020-06-18 01:00:00,37.466,27.161848
2020-06-18 01:15:00,37.466,27.08954
2020-06-18 01:30:00,37.246,26.88933
2020-06-18 01:45:00,37.0265,26.79859
2020-06-18 02:00:00,37.0265,26.503378
2020-06-18 02:15:00,36.587,26.342043
2020-06-18 02:30:00,36.587,26.142199
2020-06-18 02:45:00,36.367,26.200941
2020-06-18 03:00:00,36.1475,26.205912
2020-06-18 03:15:00,36.1475,26.269411
2020-06-18 03:30:00,36.1475,26.325497
2020-06-18 03:45:00,35.9275,26.185877
2020-06-18 04:00:00,35.708,25.999994
2020-06-18 04:15:00,35.4885,25.89433
2020-06-18 04:30:00,35.4885,25.911366
2020-06-18 04:45:00,35.2685,25.889006
2020-06-18 05:00:00,35.0485,25.855955
2020-06-18 05:15:00,35.0485,25.937502
2020-06-18 05:30:00,35.0485,26.155703
2020-06-18 05:45:00,34.829,26.276869
2020-06-18 06:00:00,34.829,26.347399
2020-06-18 06:15:00,34.829,26.522131
2020-06-18 06:30:00,34.829,26.660604
2020-06-18 06:45:00,34.829,26.673117
2020-06-18 07:00:00,34.829,26.88016
2020-06-18 07:15:00,35.049,27.16855
2020-06-18 07:30:00,35.2685,27.538202
2020-06-18 07:45:00,35.488,27.884655
2020-06-18 08:00:00,35.928,28.360332
2020-06-18 08:15:00,36.587,29.022814
2020-06-18 08:30:00,37.0265,29.88869
2020-06-18 08:45:00,37.466,30.527205
2020-06-18 09:00:00,37.9055,31.041681
2020-06-18 09:15:00,38.5645,31.367334
2020-06-18 09:30:00,39.0035,31.699465
2020-06-18 09:45:00,39.663,32.0335
2020-06-18 10:00:00,40.1025,32.376213
2020-06-18 10:15:00,40.9815,32.703743
2020-06-18 10:30:00,41.8605,33.167496
2020-06-18 10:45:00,43.1785,33.51343
2020-06-18 11:00:00,44.0575,34.017555
2020-06-18 11:15:00,45.376,34.746273
2020-06-18 11:30:00,46.035,35.588497
2020-06-18 11:45:00,46.475,36.327618
2020-06-18 12:00:00,46.475,36.79783
2020-06-18 12:15:00,46.9145,37.107933
2020-06-18 12:30:00,46.9145,37.149475
2020-06-18 12:45:00,47.134,37.563892
2020-06-18 13:00:00,47.134,37.97091
2020-06-18 13:15:00,47.5735,38.62373
2020-06-18 13:30:00,47.354,39.151627
2020-06-18 13:45:00,46.914,39.73555
2020-06-18 14:00:00,46.6945,40.13981
2020-06-18 14:15:00,46.9145,40.4676
2020-06-18 14:30:00,47.134,40.93234
2020-06-18 14:45:00,47.793,41.094215
2020-06-18 15:00:00,48.2325,41.255756
2020-06-18 15:15:00,48.2325,41.34193
2020-06-18 15:30:00,48.013,41.377846
2020-06-18 15:45:00,47.573,41.259617
2020-06-18 16:00:00,47.573,41.03358
2020-06-18 16:15:00,47.3535,40.711746
2020-06-18 16:30:00,46.6945,40.31206
2020-06-18 16:45:00,46.475,40.040394
2020-06-18 17:00:00,46.035,39.842545
2020-06-18 17:15:00,45.8155,39.44737
2020-06-18 17:30:00,45.596,39.193317
2020-06-18 17:45:00,45.156,39.077244
2020-06-18 18:00:00,44.9365,38.881958
2020-06-18 18:15:00,44.717,38.599453
2020-06-18 18:30:00,44.277,38.28679
2020-06-18 18:45:00,44.277,38.083706
2020-06-18 19:00:00,43.838,37.839245
2020-06-18 19:15:00,43.838,37.78443
2020-06-18 19:30:00,43.618,37.666332
2020-06-18 19:45:00,43.1785,37.502956
2020-06-18 20:00:00,43.1785,37.20772
2020-06-18 20:15:00,42.7395,36.89515
2020-06-18 20:30:00,42.7395,36.707813
2020-06-18 20:45:00,42.52,36.560596
2020-06-18 21:00:00,42.3,36.4909
2020-06-18 21:15:00,42.08,36.418644
2020-06-18 21:30:00,41.8605,36.387245
2020-06-18 21:45:00,41.641,36.231728
2020-06-18 22:00:00,41.421,36.005695
2020-06-18 22:15:00,41.421,35.887276
2020-06-18 22:30:00,40.9815,35.76972
2020-06-18 22:45:00,40.9815,35.597275
2020-06-18 23:00:00,40.762,35.447334
2020-06-18 23:15:00,40.542,35.352135
2020-06-18 23:30:00,40.542,35.176952
2020-06-18 23:45:00,40.542,34.92623
2020-06-19 00:00:00,40.322,34.79202
2020-06-19 00:15:00,40.322,34.7
2020-06-19 00:30:00,40.1025,34.624844
2020-06-19 00:45:00,39.883,34.54589
2020-06-19 01:00:00,39.883,34.42833
2020-06-19 01:15:00,39.443,34.412663
2020-06-19 01:30:00,39.443,34.306545
2020-06-19 01:45:00,39.443,34.232895
2020-06-19 02:00:00,39.443,34.116577
2020-06-19 02:15:00,39.2235,34.03262
2020-06-19 02:30:00,39.2235,33.848026
2020-06-19 02:45:00,39.2235,33.739876
2020-06-19 03:00:00,39.2235,33.605892
2020-06-19 03:15:00,39.004,33.457306
2020-06-19 03:30:00,38.784,33.33934
2020-06-19 03:45:00,38.784,33.156345
2020-06-19 04:00:00,38.784,33.080772
2020-06-19 04:15:00,38.3445,32.9926
2020-06-19 04:30:00,38.3445,32.88069
2020-06-19 04:45:00,38.3445,32.76627
2020-06-19 05:00:00,37.9055,32.674316
2020-06-19 05:15:00,37.9055,32.62391
2020-06-19 05:30:00,37.9055,32.589592
2020-06-19 05:45:00,37.686,32.504013
2020-06-19 06:00:00,37.466,32.53183
2020-06-19 06:15:00,37.466,32.64404
2020-06-19 06:30:00,37.466,32.75176
2020-06-19 06:45:00,37.466,32.7995
2020-06-19 07:00:00,37.466,32.99032
2020-06-19 07:15:00,37.686,33.326366
2020-06-19 07:30:00,37.686,33.724747
2020-06-19 07:45:00,38.125,34.213757
2020-06-19 08:00:00,38.125,34.742367
2020-06-19 08:15:00,38.564,35.469185
2020-06-19 08:30:00,39.004,36.21143
2020-06-19 08:45:00,39.443,36.691776
2020-06-19 09:00:00,39.883,37.09957
2020-06-19 09:15:00,40.1025,37.611107
2020-06-19 09:30:00,40.322,38.167835
2020-06-19 09:45:00,40.762,38.836926
2020-06-19 10:00:00,41.201,39.723328
2020-06-19 10:15:00,41.421,40.446022
2020-06-19 10:30:00,41.421,41.35506
2020-06-19 10:45:00,41.641,41.985523
2020-06-19 11:00:00,41.641,42.74215
2020-06-19 11:15:00,41.641,43.400368
2020-06-19 11:30:00,41.641,44.14048
2020-06-19 11:45:00,41.641,44.581657
2020-06-19 12:00:00,41.641,44.712
2020-06-19 12:15:00,41.641,44.85072
2020-06-19 12:30:00,41.641,44.907364
2020-06-19 12:45:00,41.641,45.19384
2020-06-19 13:00:00,41.641,45.32027
2020-06-19 13:15:00,41.641,45.66985
2020-06-19 13:30:00,41.8605,45.92836
2020-06-19 13:45:00,41.641,46.041245
2020-06-19 14:00:00,40.9815,46.375572
2020-06-19 14:15:00,39.663,46.604813
2020-06-19 14:30:00,37.9055,46.513687
2020-06-19 14:45:00,37.246,46.36622
2020-06-19 15:00:00,36.807,46.06974
2020-06-19 15:15:00,36.807,46.2847
2020-06-19 15:30:00,36.367,46.004353
2020-06-19 15:45:00,36.367,45.89512
2020-06-19 16:00:00,36.367,45.784576
2020-06-19 16:15:00,35.708,45.563805
2020-06-19 16:30:00,35.049,45.61034
2020-06-19 16:45:00,34.609,45.602997
2020-06-19 17:00:00,34.17,45.591522
2020-06-19 17:15:00,33.73,45.40933
2020-06-19 17:30:00,33.291,45.571083
2020-06-19 17:45:00,32.852,45.680233
2020-06-19 18:00:00,32.1925,45.739296
2020-06-19 18:15:00,31.5335,45.51522
2020-06-19 18:30:00,31.0935,45.324944
2020-06-19 18:45:00,30.6545,44.979107
2020-06-19 19:00:00,30.4345,44.857063
2020-06-19 19:15:00,30.2145,44.44768
2020-06-19 19:30:00,30.2145,44.095898
2020-06-19 19:45:00,30.4345,43.785336
2020-06-19 20:00:00,30.654,43.347744
2020-06-19 20:15:00,30.874,42.862362
2020-06-19 20:30:00,31.094,42.381836
2020-06-19 20:45:00,31.094,42.012444
2020-06-19 21:00:00,31.094,41.70414
2020-06-19 21:15:00,31.094,41.372353
2020-06-19 21:30:00,31.094,41.13513
2020-06-19 21:45:00,31.094,40.940075
2020-06-19 22:00:00,31.094,40.60992
2020-06-19 22:15:00,31.094,40.524776
2020-06-19 22:30:00,31.094,40.2943
2020-06-19 22:45:00,31.094,40.106155
2020-06-19 23:00:00,31.3135,39.85536
2020-06-19 23:15:00,31.533,39.67627
2020-06-19 23:30:00,31.753,39.489006
2020-06-19 23:45:00,31.973,39.372757
2020-06-20 00:00:00,32.1925,39.357662
2020-06-20 00:15:00,32.1925,39.16786
2020-06-20 00:30:00,32.1925,39.065147
2020-06-20 00:45:00,31.973,38.897858
2020-06-20 01:00:00,31.973,38.727985
2020-06-20 01:15:00,31.973,38.510044
2020-06-20 01:30:00,31.973,38.227818
2020-06-20 01:45:00,31.973,37.95552
2020-06-20 02:00:00,31.973,37.58226
2020-06-20 02:15:00,31.753,37.2232
2020-06-20 02:30:00,31.753,36.89009
2020-06-20 02:45:00,31.753,36.59581
2020-06-20 03:00:00,31.753,36.361
2020-06-20 03:15:00,31.9725,36.069153
2020-06-20 03:30:00,31.9725,36.00167
2020-06-20 03:45:00,32.1925,35.888027
2020-06-20 04:00:00,32.1925,35.78183
2020-06-20 04:15:00,32.1925,35.62896
2020-06-20 04:30:00,32.1925,35.509438
2020-06-20 04:45:00,32.1925,35.436886
2020-06-20 05:00:00,32.1925,35.346916
2020-06-20 05:15:00,32.412,35.205692
2020-06-20 05:30:00,32.412,35.122215
2020-06-20 05:45:00,32.632,35.074677
2020-06-20 06:00:00,32.632,35.04023
2020-06-20 06:15:00,32.632,35.002113
2020-06-20 06:30:00,32.632,34.99469
2020-06-20 06:45:00,32.632,34.967754
2020-06-20 07:00:00,32.632,35.034218
2020-06-20 07:15:00,32.632,35.12984
2020-06-20 07:30:00,32.852,35.277046
2020-06-20 07:45:00,32.852,35.496796
2020-06-20 08:00:00,33.291,35.50303
2020-06-20 08:15:00,33.291,35.620407
2020-06-20 08:30:00,33.73,36.048477
2020-06-20 08:45:00,33.73,36.60754
2020-06-20 09:00:00,34.17,37.073986
2020-06-20 09:15:00,34.17,37.26068
2020-06-20 09:30:00,34.609,37.33735
2020-06-20 09:45:00,34.829,37.574127
2020-06-20 10:00:00,35.049,37.951458
2020-06-20 10:15:00,35.2685,38.528763
2020-06-20 10:30:00,35.488,38.965332
2020-06-20 10:45:00,35.488,39.21779
2020-06-20 11:00:00,35.488,39.771183
2020-06-20 11:15:00,35.708,40.120216
2020-06-20 11:30:00,35.928,40.51525
2020-06-20 11:45:00,36.367,40.853943
2020-06-20 12:00:00,36.587,40.91626
2020-06-20 12:15:00,37.0265,41.189034
2020-06-20 12:30:00,37.466,41.284756
2020-06-20 12:45:00,38.3445,41.617687
2020-06-20 13:00:00,38.5645,41.83457
2020-06-20 13:15:00,38.784,42.22078
2020-06-20 13:30:00,38.784,42.562126
2020-06-20 13:45:00,38.784,42.63495
2020-06-20 14:00:00,39.2235,42.928574
2020-06-20 14:15:00,39.2235,43.215412
2020-06-20 14:30:00,39.2235,43.212715
2020-06-20 14:45:00,39.2235,43.075443
2020-06-20 15:00:00,39.883,42.711697
2020-06-20 15:15:00,40.1025,42.89584
2020-06-20 15:30:00,40.1025,42.65129
2020-06-20 15:45:00,40.1025,42.546825
2020-06-20 16:00:00,40.1025,42.347214
2020-06-20 16:15:00,39.883,41.949043
2020-06-20 16:30:00,39.663,41.80191
2020-06-20 16:45:00,39.443,41.647537
2020-06-20 17:00:00,39.443,41.50932
2020-06-20 17:15:00,39.2235,41.122875
2020-06-20 17:30:00,39.004,41.081272
2020-06-20 17:45:00,38.784,40.81694
2020-06-20 18:00:00,38.564,40.663525
2020-06-20 18:15:00,38.3445,40.56294
2020-06-20 18:30:00,38.125,40.474113
2020-06-20 18:45:00,37.9055,40.17078
2020-06-20 19:00:00,37.686,40.154655
2020-06-20 19:15:00,37.466,40.012333
2020-06-20 19:30:00,37.246,39.812355
2020-06-20 19:45:00,37.0265,39.617485
2020-06-20 20:00:00,36.587,39.441933
2020-06-20 20:15:00,36.587,39.308136
2020-06-20 20:30:00,36.587,39.148315
2020-06-20 20:45:00,36.1475,38.99989
2020-06-20 21:00:00,36.1475,38.91104
2020-06-20 21:15:00,35.708,38.659405
2020-06-20 21:30:00,35.488,38.461407
2020-06-20 21:45:00,35.2685,38.30274
2020-06-20 22:00:00,35.049,38.098488
2020-06-20 22:15:00,34.609,38.0838
2020-06-20 22:30:00,34.609,37.930595
2020-06-20 22:45:00,34.17,37.7091
2020-06-20 23:00:00,34.17,37.510647
2020-06-20 23:15:00,34.17,37.40358
2020-06-20 23:30:00,33.95,37.32834
2020-06-20 23:45:00,33.73,37.143955
2020-06-21 00:00:00,33.73,37.13649
2020-06-21 00:15:00,33.73,37.021545
2020-06-21 00:30:00,33.5105,36.94982
2020-06-21 00:45:00,33.291,36.797066
2020-06-21 01:00:00,33.291,36.606987
2020-06-21 01:15:00,33.291,36.28917
2020-06-21 01:30:00,33.0715,36.11857
2020-06-21 01:45:00,32.852,35.968315
2020-06-21 02:00:00,32.852,35.743355
2020-06-21 02:15:00,32.632,35.659645
2020-06-21 02:30:00,32.412,35.697784
2020-06-21 02:45:00,32.412,35.596672
2020-06-21 03:00:00,32.412,35.471115
2020-06-21 03:15:00,32.1925,35.327377
2020-06-21 03:30:00,31.973,35.286903
2020-06-21 03:45:00,31.973,35.234512
2020-06-21 04:00:00,31.533,35.138233
2020-06-21 04:15:00,31.533,34.936905
2020-06-21 04:30:00,31.3135,34.739624
2020-06-21 04:45:00,31.094,34.63369
2020-06-21 05:00:00,30.874,34.557377
2020-06-21 05:15:00,30.654,34.458008
2020-06-21 05:30:00,30.654,34.371025
2020-06-21 05:45:00,30.654,34.334885
2020-06-21 06:00:00,30.4345,34.20217
2020-06-21 06:15:00,30.4345,34.1902
2020-06-21 06:30:00,30.4345,34.315277
2020-06-21 06:45:00,30.4345,34.37966
2020-06-21 07:00:00,30.654,34.51542
2020-06-21 07:15:00,31.094,34.789253
2020-06-21 07:30:00,31.533,35.01076
2020-06-21 07:45:00,32.1925,35.38652
2020-06-21 08:00:00,32.852,35.9373
2020-06-21 08:15:00,33.0715,36.70095
2020-06-21 08:30:00,33.5105,37.251503
2020-06-21 08:45:00,33.95,37.807556
2020-06-21 09:00:00,34.3895,38.440502
2020-06-21 09:15:00,34.829,39.035713
2020-06-21 09:30:00,35.2685,39.609543
2020-06-21 09:45:00,35.708,40.141502
2020-06-21 10:00:00,36.367,40.845097
2020-06-21 10:15:00,36.807,41.68029
2020-06-21 10:30:00,36.807,42.50453
2020-06-21 10:45:00,37.246,43.214806
2020-06-21 11:00:00,38.3445,44.020107
2020-06-21 11:15:00,39.2235,44.462116
2020-06-21 11:30:00,39.883,44.827644
2020-06-21 11:45:00,40.542,45.140076
2020-06-21 12:00:00,40.542,45.33937
2020-06-21 12:15:00,40.3225,45.57292
2020-06-21 12:30:00,40.1025,45.69099
2020-06-21 12:45:00,40.542,46.13096
2020-06-21 13:00:00,40.9815,46.335247
2020-06-21 13:15:00,41.6405,46.748917
2020-06-21 13:30:00,42.5195,47.061806
2020-06-21 13:45:00,43.1785,47.28703
2020-06-21 14:00:00,43.618,47.517673
2020-06-21 14:15:00,44.0575,47.765114
2020-06-21 14:30:00,44.497,47.709633
2020-06-21 14:45:00,44.497,47.657654
2020-06-21 15:00:00,44.2775,47.46731
2020-06-21 15:15:00,44.277,47.67544
2020-06-21 15:30:00,44.0575,47.453117
2020-06-21 15:45:00,43.618,47.346233
2020-06-21 16:00:00,43.179,47.18412
2020-06-21 16:15:00,42.5195,46.807312
2020-06-21 16:30:00,42.3,46.615345
2020-06-21 16:45:00,41.8605,46.27149
2020-06-21 17:00:00,41.8605,46.17583
2020-06-21 17:15:00,41.641,45.925552
2020-06-21 17:30:00,41.421,45.81815
2020-06-21 17:45:00,40.957,45.648857
2020-06-21 18:00:00,40.5175,45.46587
2020-06-21 18:15:00,40.2975,45.076298
2020-06-21 18:30:00,39.8585,44.632618
2020-06-21 18:45:00,39.8585,44.11932
2020-06-21 19:00:00,39.419,43.84905
2020-06-21 19:15:00,38.9795,43.440407
2020-06-21 19:30:00,38.9795,43.079784
2020-06-21 19:45:00,38.54,42.707172
2020-06-21 20:00:00,38.3205,42.29087
2020-06-21 20:15:00,38.1005,41.98825
2020-06-21 20:30:00,38.1005,41.70837
2020-06-21 20:45:00,37.881,41.388916
2020-06-21 21:00:00,37.6615,41.12201
2020-06-21 21:15:00,37.4415,40.871292
2020-06-21 21:30:00,37.2215,40.613472
2020-06-21 21:45:00,37.2215,40.44617
2020-06-21 22:00:00,37.002,40.19692
2020-06-21 22:15:00,36.7825,40.122246
2020-06-21 22:30:00,36.7825,40.031986
2020-06-21 22:45:00,36.7825,39.90647
2020-06-21 23:00:00,36.7825,39.740128
2020-06-21 23:15:00,36.7825,39.66898
2020-06-21 23:30:00,36.5625,39.662193
2020-06-21 23:45:00,36.5625,39.67305
2020-06-22 00:00:00,36.5625,39.694347
2020-06-22 00:15:00,36.3425,39.584625
2020-06-22 00:30:00,36.3425,39.546165
2020-06-22 00:45:00,36.3425,39.430016
2020-06-22 01:00:00,36.123,39.33681
2020-06-22 01:15:00,35.9035,39.16595
2020-06-22 01:30:00,35.6835,39.11467
2020-06-22 01:45:00,35.6835,39.012573
2020-06-22 02:00:00,35.244,38.843292
2020-06-22 02:15:00,34.8045,38.71421
2020-06-22 02:30:00,34.8045,38.635284
2020-06-22 02:45:00,34.8045,38.466545
2020-06-22 03:00:00,34.8045,38.269577
2020-06-22 03:15:00,34.8045,38.033146
2020-06-22 03:30:00,34.8045,37.902092
2020-06-22 03:45:00,34.8045,37.77238
2020-06-22 04:00:00,34.585,37.65049
2020-06-22 04:15:00,34.3655,37.473076
2020-06-22 04:30:00,34.3655,37.23004
2020-06-22 04:45:00,34.3655,37.073395
2020-06-22 05:00:00,34.3655,36.8968
2020-06-22 05:15:00,34.1455,36.69208
2020-06-22 05:30:00,33.9255,36.532578
2020-06-22 05:45:00,33.9255,36.389935
2020-06-22 06:00:00,33.706,36.173378
2020-06-22 06:15:00,33.4865,36.15539
2020-06-22 06:30:00,32.6075,36.253174
2020-06-22 06:45:00,31.7285,36.310802
2020-06-22 07:00:00,31.289,36.47838
2020-06-22 07:15:00,31.0695,36.838676
2020-06-22 07:30:00,30.8495,37.288265
2020-06-22 07:45:00,30.8495,37.802986
2020-06-22 08:00:00,30.6295,38.340023
2020-06-22 08:15:00,30.6295,39.01627
2020-06-22 08:30:00,30.6295,39.695457
2020-06-22 08:45:00,30.6295,40.468483
2020-06-22 09:00:00,30.1905,41.106136
2020-06-22 09:15:00,29.9705,41.540768
2020-06-22 09:30:00,29.5315,41.94204
2020-06-22 09:45:00,29.5315,42.364536
2020-06-22 10:00:00,29.5315,42.90696
2020-06-22 10:15:00,29.0915,43.279602
2020-06-22 10:30:00,28.872,43.61451
2020-06-22 10:45:00,28.872,43.91002
2020-06-22 11:00:00,28.6525,44.361465
2020-06-22 11:15:00,28.872,44.789745
2020-06-22 11:30:00,29.0915,45.464058
2020-06-22 11:45:00,29.0915,46.179348
2020-06-22 12:00:00,29.3115,46.514236
2020-06-22 12:15:00,29.3115,46.638832
2020-06-22 12:30:00,29.3115,46.80668
2020-06-22 12:45:00,28.872,47.15974
2020-06-22 13:00:00,28.433,47.434795
2020-06-22 13:15:00,27.993,47.866737
2020-06-22 13:30:00,27.993,48.269814
2020-06-22 13:45:00,27.7735,48.493153
2020-06-22 14:00:00,27.554,48.778084
2020-06-22 14:15:00,27.554,48.888382
2020-06-22 14:30:00,27.7735,48.879612
2020-06-22 14:45:00,28.213,48.792
2020-06-22 15:00:00,28.6525,48.55233
2020-06-22 15:15:00,28.6525,48.430386
2020-06-22 15:30:00,28.6525,48.200806
2020-06-22 15:45:00,28.4325,47.898773
2020-06-22 16:00:00,28.213,47.389305
2020-06-22 16:15:00,28.213,46.90299
2020-06-22 16:30:00,28.213,46.58206
2020-06-22 16:45:00,28.213,45.780243
2020-06-22 17:00:00,27.7735,45.21687
2020-06-22 17:15:00,27.5535,44.52579
2020-06-22 17:30:00,27.334,43.91694
2020-06-22 17:45:00,27.1145,43.56414
2020-06-22 18:00:00,27.1145,43.264328
2020-06-22 18:15:00,26.8945,43.02235
2020-06-22 18:30:00,26.8945,42.873283
2020-06-22 18:45:00,27.114,42.763706
2020-06-22 19:00:00,27.334,42.54012
2020-06-22 19:15:00,27.7735,42.34309
2020-06-22 19:30:00,27.7735,42.19924
2020-06-22 19:45:00,28.213,42.225174
2020-06-22 20:00:00,28.213,42.11346
2020-06-22 20:15:00,28.213,41.94513
2020-06-22 20:30:00,28.6525,41.67366
2020-06-22 20:45:00,28.6525,41.385147
2020-06-22 21:00:00,28.6525,41.13348
2020-06-22 21:15:00,28.4325,40.875256
2020-06-22 21:30:00,27.9935,40.716995
2020-06-22 21:45:00,27.9935,40.57287
2020-06-22 22:00:00,27.9935,40.36736
2020-06-22 22:15:00,27.9935,40.25518
2020-06-22 22:30:00,27.9935,40.14192
2020-06-22 22:45:00,27.9935,40.046608
2020-06-22 23:00:00,27.9935,39.98765
2020-06-22 23:15:00,27.9935,39.899567
2020-06-22 23:30:00,27.9935,39.82857
2020-06-22 23:45:00,27.9935,39.674274
2020-06-23 00:00:00,27.9935,39.67035
2020-06-23 00:15:00,27.9935,39.661476
2020-06-23 00:30:00,27.9935,39.628197
2020-06-23 00:45:00,27.9935,39.55653
2020-06-23 01:00:00,27.9935,39.529884
2020-06-23 01:15:00,27.9935,39.5066
2020-06-23 01:30:00,27.9935,39.414215
2020-06-23 01:45:00,27.9935,39.268116
2020-06-23 02:00:00,27.9935,39.052307
2020-06-23 02:15:00,27.9935,38.93589
2020-06-23 02:30:00,27.9935,38.80541
2020-06-23 02:45:00,27.9935,38.801414
2020-06-23 03:00:00,27.9935,38.69787
2020-06-23 03:15:00,27.9935,38.475906
2020-06-23 03:30:00,27.9935,38.364708
2020-06-23 03:45:00,28.213,38.33468
2020-06-23 04:00:00,28.213,38.328045
2020-06-23 04:15:00,28.213,38.367973
2020-06-23 04:30:00,28.4325,38.39673
2020-06-23 04:45:00,28.4325,38.400917
2020-06-23 05:00:00,28.4325,38.290947
2020-06-23 05:15:00,28.4325,38.14538
2020-06-23 05:30:00,28.4325,38.003487
2020-06-23 05:45:00,28.4325,37.904613
2020-06-23 06:00:00,28.4325,37.850105
2020-06-23 06:15:00,28.6525,37.78018
2020-06-23 06:30:00,28.6525,37.72333
2020-06-23 06:45:00,28.872,37.72476
2020-06-23 07:00:00,28.872,37.752415
2020-06-23 07:15:00,28.872,37.751575
2020-06-23 07:30:00,28.872,37.875282
2020-06-23 07:45:00,29.092,38.048874
2020-06-23 08:00:00,29.3115,38.235695
2020-06-23 08:15:00,29.531,38.52735
2020-06-23 08:30:00,29.751,38.835205
2020-06-23 08:45:00,29.971,39.21083
2020-06-23 09:00:00,30.41,39.519154
2020-06-23 09:15:00,30.8495,39.99808
2020-06-23 09:30:00,31.289,40.54638
2020-06-23 09:45:00,31.7285,41.150215
2020-06-23 10:00:00,32.3875,41.80882
2020-06-23 10:15:00,32.8275,42.45106
2020-06-23 10:30:00,33.047,43.199318
2020-06-23 10:45:00,33.486,43.918213
2020-06-23 11:00:00,34.1455,44.554604
2020-06-23 11:15:00,35.0245,45.253933
2020-06-23 11:30:00,35.9035,45.85952
2020-06-23 11:45:00,36.5625,46.317623
2020-06-23 12:00:00,36.7825,46.568233
2020-06-23 12:15:00,36.7825,46.772846
2020-06-23 12:30:00,36.5625,47.198013
2020-06-23 12:45:00,36.123,47.546318
2020-06-23 13:00:00,36.123,48.070183
2020-06-23 13:15:00,36.343,48.734203
2020-06-23 13:30:00,36.782,49.314087
2020-06-23 13:45:00,37.002,49.55273
2020-06-23 14:00:00,37.4415,49.705196
2020-06-23 14:15:00,37.881,49.852806
2020-06-23 14:30:00,37.881,49.944157
2020-06-23 14:45:00,37.881,49.960518
2020-06-23 15:00:00,37.881,49.84426
2020-06-23 15:15:00,37.4415,49.842934
2020-06-23 15:30:00,37.2215,49.57385
2020-06-23 15:45:00,37.002,49.339466
2020-06-23 16:00:00,37.002,49.05295
2020-06-23 16:15:00,36.782,48.73708
2020-06-23 16:30:00,36.5625,48.468426
2020-06-23 16:45:00,36.5625,48.199078
2020-06-23 17:00:00,36.5625,47.93122
2020-06-23 17:15:00,36.5625,47.534187
2020-06-23 17:30:00,36.5625,47.26297
2020-06-23 17:45:00,36.5625,47.02748
2020-06-23 18:00:00,36.123,46.73953
2020-06-23 18:15:00,35.903,46.428223
2020-06-23 18:30:00,35.6835,46.121273
2020-06-23 18:45:00,35.6835,45.746723
2020-06-23 19:00:00,35.6835,45.48402
2020-06-23 19:15:00,35.244,45.193207
2020-06-23 19:30:00,34.8045,44.8661
2020-06-23 19:45:00,34.8045,44.507076
2020-06-23 20:00:00,34.3655,44.12575
2020-06-23 20:15:00,34.3655,43.783627
2020-06-23 20:30:00,34.3655,43.440277
2020-06-23 20:45:00,34.1455,43.0878
2020-06-23 21:00:00,33.9255,42.80653
2020-06-23 21:15:00,33.706,42.512314
2020-06-23 21:30:00,33.706,42.260506
2020-06-23 21:45:00,33.706,42.063457
2020-06-23 22:00:00,33.2665,41.82994
2020-06-23 22:15:00,33.2665,41.71077
2020-06-23 22:30:00,33.047,41.56587
2020-06-23 22:45:00,33.047,41.33409
2020-06-23 23:00:00,32.8275,41.059853
2020-06-23 23:15:00,32.6075,40.790768
2020-06-23 23:30:00,32.6075,40.584694
2020-06-23 23:45:00,32.388,40.34291
2020-06-24 00:00:00,32.168,40.26836
2020-06-24 00:15:00,32.168,39.982403
2020-06-24 00:30:00,32.168,39.815773
2020-06-24 00:45:00,31.9485,39.54842
2020-06-24 01:00:00,31.7285,39.296318
2020-06-24 01:15:00,31.7285,38.978256
2020-06-24 01:30:00,31.5085,38.74912
2020-06-24 01:45:00,31.5085,38.50574
2020-06-24 02:00:00,31.289,38.205864
2020-06-24 02:15:00,31.289,37.91246
2020-06-24 02:30:00,31.0695,37.725967
2020-06-24 02:45:00,30.8495,37.506287
2020-06-24 03:00:00,30.8495,37.319702
2020-06-24 03:15:00,30.8495,37.08924
2020-06-24 03:30:00,30.8495,36.95879
2020-06-24 03:45:00,30.63,36.790115
2020-06-24 04:00:00,30.41,36.508896
2020-06-24 04:15:00,30.41,36.192528
2020-06-24 04:30:00,30.41,35.934124
2020-06-24 04:45:00,30.41,35.74746
2020-06-24 05:00:00,30.19,35.486027
2020-06-24 05:15:00,30.19,35.240246
2020-06-24 05:30:00,29.9705,35.02476
2020-06-24 05:45:00,29.9705,34.79161
2020-06-24 06:00:00,29.9705,34.685383
2020-06-24 06:15:00,29.9705,34.602196
2020-06-24 06:30:00,30.1905,34.64592
2020-06-24 06:45:00,30.1905,34.738064
2020-06-24 07:00:00,30.6295,34.86933
2020-06-24 07:15:00,30.8495,35.1238
2020-06-24 07:30:00,31.0695,35.515526
2020-06-24 07:45:00,31.7285,36.024193
2020-06-24 08:00:00,32.388,36.49071
2020-06-24 08:15:00,32.827,37.14205
2020-06-24 08:30:00,33.4865,37.812668
2020-06-24 08:45:00,33.926,38.46531
2020-06-24 09:00:00,34.365,39.21249
2020-06-24 09:15:00,35.024,39.851696
2020-06-24 09:30:00,35.6835,40.42151
2020-06-24 09:45:00,36.343,40.91923
2020-06-24 10:00:00,36.782,41.537624
2020-06-24 10:15:00,37.222,41.965855
2020-06-24 10:30:00,37.222,42.451534
2020-06-24 10:45:00,38.54,42.982113
2020-06-24 11:00:00,39.6385,43.496635
2020-06-24 11:15:00,39.858,44.010094
2020-06-24 11:30:00,39.858,44.54461
2020-06-24 11:45:00,39.858,44.835613
2020-06-24 12:00:00,39.858,44.755432
2020-06-24 12:15:00,39.858,44.705643
2020-06-24 12:30:00,40.5175,44.809685
2020-06-24 12:45:00,40.298,44.935173
2020-06-24 13:00:00,39.858,45.22458
2020-06-24 13:15:00,39.199,45.60907
2020-06-24 13:30:00,39.199,45.86374
2020-06-24 13:45:00,38.76,46.06431
2020-06-24 14:00:00,38.76,46.063313
2020-06-24 14:15:00,38.54,46.007614
2020-06-24 14:30:00,38.54,46.05011
2020-06-24 14:45:00,38.54,46.210464
2020-06-24 15:00:00,38.3205,46.25199
2020-06-24 15:15:00,38.3205,46.06971
2020-06-24 15:30:00,38.3205,45.865204
2020-06-24 15:45:00,38.54,45.65261
2020-06-24 16:00:00,38.54,45.292007
2020-06-24 16:15:00,38.76,45.01718
2020-06-24 16:30:00,38.9795,44.521366
2020-06-24 16:45:00,38.9795,44.18492
2020-06-24 17:00:00,38.7595,43.727455
2020-06-24 17:15:00,38.54,43.51982
2020-06-24 17:30:00,38.54,43.247406
2020-06-24 17:45:00,38.101,43.051285
2020-06-24 18:00:00,38.101,42.807747
2020-06-24 18:15:00,38.101,42.6187
2020-06-24 18:30:00,38.101,42.392033
2020-06-24 18:45:00,37.661,42.132347
2020-06-24 19:00:00,37.661,41.883163
2020-06-24 19:15:00,37.222,41.712364
2020-06-24 19:30:00,37.222,41.467915
2020-06-24 19:45:00,36.782,41.116932
2020-06-24 20:00:00,36.782,40.724686
2020-06-24 20:15:00,36.782,40.26715
2020-06-24 20:30:00,36.782,39.870277
2020-06-24 20:45:00,36.343,39.395844
2020-06-24 21:00:00,36.343,39.019585
2020-06-24 21:15:00,36.123,38.655617
2020-06-24 21:30:00,35.903,38.319218
2020-06-24 21:45:00,35.903,38.010273
2020-06-24 22:00:00,35.464,37.69087
2020-06-24 22:15:00,35.464,37.42005
2020-06-24 22:30:00,35.464,37.12654
2020-06-24 22:45:00,35.464,36.817345
2020-06-24 23:00:00,35.464,36.517563
2020-06-24 23:15:00,35.464,36.203293
2020-06-24 23:30:00,35.464,35.92772
2020-06-24 23:45:00,35.464,35.644432
2020-06-25 00:00:00,35.464,35.45849
2020-06-25 00:15:00,35.464,35.1777
2020-06-25 00:30:00,35.464,34.953133
2020-06-25 00:45:00,35.464,34.67591
2020-06-25 01:00:00,35.464,34.362007
2020-06-25 01:15:00,35.464,34.013832
2020-06-25 01:30:00,35.024,33.690346
2020-06-25 01:45:00,35.024,33.40799
2020-06-25 02:00:00,35.024,33.152832
2020-06-25 02:15:00,35.024,32.90648
2020-06-25 02:30:00,35.024,32.753906
2020-06-25 02:45:00,35.024,32.53515
2020-06-25 03:00:00,34.585,32.358467
2020-06-25 03:15:00,34.585,32.13131
2020-06-25 03:30:00,34.585,32.01796
2020-06-25 03:45:00,34.365,31.807032
2020-06-25 04:00:00,34.1455,31.435175
2020-06-25 04:15:00,34.1455,30.967901
2020-06-25 04:30:00,34.1455,30.773478
2020-06-25 04:45:00,34.1455,30.674786
2020-06-25 05:00:00,34.1455,30.503769
2020-06-25 05:15:00,34.1455,30.337109
2020-06-25 05:30:00,34.1455,30.295439
2020-06-25 05:45:00,34.1455,30.19642
2020-06-25 06:00:00,34.3655,30.157324
2020-06-25 06:15:00,34.3655,30.315968
2020-06-25 06:30:00,34.585,30.566446
2020-06-25 06:45:00,34.8045,30.761995
2020-06-25 07:00:00,35.024,31.07015
2020-06-25 07:15:00,35.244,31.45236
2020-06-25 07:30:00,35.464,31.507753
2020-06-25 07:45:00,35.6835,31.433842
2020-06-25 08:00:00,35.903,31.26439
2020-06-25 08:15:00,36.5625,31.035234
2020-06-25 08:30:00,36.7825,30.847252
2020-06-25 08:45:00,37.2215,30.753065
2020-06-25 09:00:00,38.1005,30.626616
2020-06-25 09:15:00,38.76,30.571661
2020-06-25 09:30:00,39.6385,30.605528
2020-06-25 09:45:00,40.2975,30.793058
2020-06-25 10:00:00,40.957,31.325632
2020-06-25 10:15:00,42.0555,31.865324
2020-06-25 10:30:00,43.3745,32.436558
2020-06-25 10:45:00,44.2525,33.032963
2020-06-25 11:00:00,44.4725,33.69238
2020-06-25 11:15:00,45.3515,34.08982
2020-06-25 11:30:00,46.011,34.595722
2020-06-25 11:45:00,46.45,34.977905
2020-06-25 12:00:00,46.4505,35.29025
2020-06-25 12:15:00,46.89,35.60393
2020-06-25 12:30:00,47.549,35.79371
2020-06-25 12:45:00,47.9885,36.163845
2020-06-25 13:00:00,48.6475,36.477745
2020-06-25 13:15:00,49.0865,36.86146
2020-06-25 13:30:00,49.5265,37.126717
2020-06-25 13:45:00,49.966,37.560577
2020-06-25 14:00:00,50.625,37.78065
2020-06-25 14:15:00,50.625,37.86431
2020-06-25 14:30:00,50.8445,38.01559
2020-06-25 14:45:00,50.8445,38.106384
2020-06-25 15:00:00,50.625,38.20529
2020-06-25 15:15:00,50.625,38.181343
2020-06-25 15:30:00,50.625,38.10571
2020-06-25 15:45:00,49.966,37.928577
2020-06-25 16:00:00,49.746,37.704464
2020-06-25 16:15:00,49.5265,37.415386
2020-06-25 16:30:00,49.0865,37.084644
2020-06-25 16:45:00,49.0865,36.852238
2020-06-25 17:00:00,48.867,36.718357
2020-06-25 17:15:00,48.647,36.558968
2020-06-25 17:30:00,48.4275,36.499645
2020-06-25 17:45:00,48.208,36.44881
2020-06-25 18:00:00,47.9885,36.344
2020-06-25 18:15:00,47.549,36.20306
2020-06-25 18:30:00,47.329,36.036755
2020-06-25 18:45:00,46.89,36.026016
2020-06-25 19:00:00,46.45,36.03427
2020-06-25 19:15:00,46.011,36.087727
2020-06-25 19:30:00,45.571,36.0989
2020-06-25 19:45:00,45.132,36.1575
2020-06-25 20:00:00,44.692,36.140377
2020-06-25 20:15:00,44.4725,36.21172
2020-06-25 20:30:00,44.033,36.265064
2020-06-25 20:45:00,43.8135,36.080574
2020-06-25 21:00:00,43.8135,35.92407
2020-06-25 21:15:00,43.3495,35.76451
2020-06-25 21:30:00,43.3495,35.63178
2020-06-25 21:45:00,43.13,35.521904
2020-06-25 22:00:00,42.9105,35.4308
2020-06-25 22:15:00,42.9105,35.445904
2020-06-25 22:30:00,42.6905,35.410183
2020-06-25 22:45:00,42.4705,35.423244
2020-06-25 23:00:00,42.4705,35.42779
2020-06-25 23:15:00,42.4705,35.43788
2020-06-25 23:30:00,42.251,35.39259
2020-06-25 23:45:00,42.251,35.38914
2020-06-26 00:00:00,42.251,35.41561
2020-06-26 00:15:00,42.031,35.475132
2020-06-26 00:30:00,41.8115,35.4507
2020-06-26 00:45:00,41.8115,35.35492
2020-06-26 01:00:00,41.8115,35.33892
2020-06-26 01:15:00,41.372,35.289303
2020-06-26 01:30:00,41.372,35.201923
2020-06-26 01:45:00,41.372,35.14042
2020-06-26 02:00:00,40.9325,35.04344
2020-06-26 02:15:00,40.9325,34.99603
2020-06-26 02:30:00,40.493,34.892174
2020-06-26 02:45:00,40.493,34.765987
2020-06-26 03:00:00,40.493,34.61489
2020-06-26 03:15:00,40.2735,34.51042
2020-06-26 03:30:00,40.2735,34.435883
2020-06-26 03:45:00,40.0535,34.236656
2020-06-26 04:00:00,40.0535,34.08795
2020-06-26 04:15:00,40.0535,33.875725
2020-06-26 04:30:00,39.834,33.659943
2020-06-26 04:45:00,39.834,33.421867
2020-06-26 05:00:00,39.6145,33.137917
2020-06-26 05:15:00,39.6145,32.941208
2020-06-26 05:30:00,39.6145,32.72491
2020-06-26 05:45:00,39.6145,32.527237
2020-06-26 06:00:00,39.6145,32.344135
2020-06-26 06:15:00,39.6145,32.180737
2020-06-26 06:30:00,39.6145,32.048862
2020-06-26 06:45:00,39.6145,31.882553
2020-06-26 07:00:00,39.6145,31.89744
2020-06-26 07:15:00,40.0535,32.017647
2020-06-26 07:30:00,40.0535,32.204506
2020-06-26 07:45:00,40.7125,32.481586
2020-06-26 08:00:00,41.1525,32.7855
2020-06-26 08:15:00,41.372,33.071236
2020-06-26 08:30:00,41.592,33.463158
2020-06-26 08:45:00,42.031,33.816902
2020-06-26 09:00:00,42.6905,34.15351
2020-06-26 09:15:00,43.13,34.5689
2020-06-26 09:30:00,43.5695,35.006767
2020-06-26 09:45:00,44.2285,35.393257
2020-06-26 10:00:00,44.448,35.913857
2020-06-26 10:15:00,44.888,36.33869
2020-06-26 10:30:00,45.547,36.777462
2020-06-26 10:45:00,46.206,37.208107
2020-06-26 11:00:00,46.6455,37.627197
2020-06-26 11:15:00,46.6455,37.979973
2020-06-26 11:30:00,46.6455,38.46266
2020-06-26 11:45:00,46.206,38.7445
2020-06-26 12:00:00,45.9865,38.932343
2020-06-26 12:15:00,46.206,38.979248
2020-06-26 12:30:00,46.4255,39.163963
2020-06-26 12:45:00,46.8655,39.371315
2020-06-26 13:00:00,46.8655,39.627327
2020-06-26 13:15:00,46.8655,39.96076
2020-06-26 13:30:00,47.085,40.182575
2020-06-26 13:45:00,47.085,40.406036
2020-06-26 14:00:00,47.085,40.499146
2020-06-26 14:15:00,47.085,40.553757
2020-06-26 14:30:00,47.085,40.676773
2020-06-26 14:45:00,47.085,40.762627
2020-06-26 15:00:00,47.085,40.819084
2020-06-26 15:15:00,47.7445,41.02523
2020-06-26 15:30:00,47.964,41.080627
2020-06-26 15:45:00,48.1835,41.115627
2020-06-26 16:00:00,48.1835,41.0385
2020-06-26 16:15:00,48.1835,40.89684
2020-06-26 16:30:00,48.1835,40.77037
2020-06-26 16:45:00,48.1835,40.586605
2020-06-26 17:00:00,48.1835,40.456318
2020-06-26 17:15:00,48.1835,40.055264
2020-06-26 17:30:00,47.7445,39.83522
2020-06-26 17:45:00,47.3045,39.702816
2020-06-26 18:00:00,46.8655,39.53473
2020-06-26 18:15:00,46.8655,39.320103
2020-06-26 18:30:00,46.4255,39.084007
2020-06-26 18:45:00,45.9865,38.79656
2020-06-26 19:00:00,45.9865,38.572544
2020-06-26 19:15:00,45.5465,38.36356
2020-06-26 19:30:00,45.5465,38.14377
2020-06-26 19:45:00,45.327,37.881214
