timestamp,actual,predicted
2020-02-03 10:00:00,1.407,1.6132193420395546
2020-02-03 10:15:00,1.407,1.5540903155385135
2020-02-03 10:30:00,1.477,1.5924641966045363
2020-02-03 10:45:00,1.548,1.6300194240438055
2020-02-03 11:00:00,2.04,1.6087408121194913
2020-02-03 11:15:00,1.618,1.5972882598060425
2020-02-03 11:30:00,1.055,1.5581018211423863
2020-02-03 11:45:00,1.337,1.6109408136946994
2020-02-03 12:00:00,1.266,1.667985987745492
2020-02-03 12:15:00,1.337,1.7126182085681465
2020-02-03 12:30:00,1.266,1.758002204136833
2020-02-03 12:45:00,1.407,1.7641394168872748
2020-02-03 13:00:00,1.97,1.8286687385016982
2020-02-03 13:15:00,2.04,1.83719334741044
2020-02-03 13:30:00,2.673,1.8761288217697292
2020-02-03 13:45:00,3.588,1.9462251584079135
2020-02-03 14:00:00,3.447,1.9642452864168392
2020-02-03 14:15:00,3.728,1.9683849298701739
2020-02-03 14:30:00,3.588,2.007161008990134
2020-02-03 14:45:00,3.588,2.0362745748500553
2020-02-03 15:00:00,3.447,2.007728294600169
2020-02-03 15:15:00,3.377,2.0649196434081576
2020-02-03 15:30:00,3.517,2.112600996814878
2020-02-03 15:45:00,3.658,2.074305453727371
2020-02-03 16:00:00,3.658,2.0845088502805837
2020-02-03 16:15:00,3.095,2.093896289550694
2020-02-03 16:30:00,3.166,2.073366950087748
2020-02-03 16:45:00,3.025,2.0769830876357127
2020-02-03 17:00:00,3.236,2.139250399944505
2020-02-03 17:15:00,2.884,2.0800383000934572
2020-02-03 17:30:00,2.814,2.0847450568732593
2020-02-03 17:45:00,2.814,2.148586462225447
2020-02-03 18:00:00,2.462,2.0518664599939145
2020-02-03 18:15:00,2.181,2.0478231006744507
2020-02-03 18:30:00,2.462,2.023332078406037
2020-02-03 18:45:00,2.392,2.0202139075748544
2020-02-03 19:00:00,2.392,2.045238931351112
2020-02-03 19:15:00,2.181,2.060244281555062
2020-02-03 19:30:00,2.11,2.0488177423743306
2020-02-03 19:45:00,1.759,2.0255768092663913
2020-02-03 20:00:00,1.688,2.014122195857805
2020-02-03 20:15:00,1.618,2.003434899879645
2020-02-03 20:30:00,1.337,1.981750585069338
2020-02-03 20:45:00,1.477,1.9924792447380577
2020-02-03 21:00:00,1.266,2.0088933111860663
2020-02-03 21:15:00,0.985,1.9879471253503425
2020-02-03 21:30:00,1.407,1.9631035310657767
2020-02-03 21:45:00,1.899,1.9851745356192945
2020-02-03 22:00:00,2.181,1.9846401411437116
2020-02-03 22:15:00,2.04,1.9959990760405402
2020-02-03 22:30:00,1.337,2.012438781602609
2020-02-03 22:45:00,0.844,1.964770313701248
2020-02-03 23:00:00,0.774,1.9325174657171367
2020-02-03 23:15:00,0.915,1.9398580717831673
2020-02-03 23:30:00,1.337,1.9810815880725583
2020-02-03 23:45:00,1.688,1.9283929149420458
2020-02-04 00:00:00,1.899,1.8588870931421335
2020-02-04 00:15:00,1.829,1.8228051966988112
2020-02-04 00:30:00,1.829,1.8017081470761578
2020-02-04 00:45:00,1.759,1.7487351013200505
2020-02-04 01:00:00,1.829,1.6341175419195968
2020-02-04 01:15:00,2.04,1.5091201441265503
2020-02-04 01:30:00,2.251,1.5071983968846747
2020-02-04 01:45:00,2.462,1.3756946586430174
2020-02-04 02:00:00,2.251,1.4066068447057767
2020-02-04 02:15:00,2.04,1.3285678626798145
2020-02-04 02:30:00,2.181,1.362567413753531
2020-02-04 02:45:00,2.181,1.3637368139750625
2020-02-04 03:00:00,2.04,1.3117415520577136
2020-02-04 03:15:00,2.181,1.348512642665534
2020-02-04 03:30:00,2.251,1.3020373123383482
2020-02-04 03:45:00,2.11,1.3024000936089108
2020-02-04 04:00:00,2.181,1.2827671514440928
2020-02-04 04:15:00,2.04,1.277817474667843
2020-02-04 04:30:00,2.04,1.2911517474987084
2020-02-04 04:45:00,2.251,1.2740841703053936
2020-02-04 05:00:00,2.392,1.2745807832138112
2020-02-04 05:15:00,2.181,1.2671118701939228
2020-02-04 05:30:00,2.04,1.278200089678515
2020-02-04 05:45:00,2.04,1.3055057120488234
2020-02-04 06:00:00,1.688,1.2821904487955005
2020-02-04 06:15:00,1.899,1.244457044592197
2020-02-04 06:30:00,1.97,1.2512750329503757
2020-02-04 06:45:00,1.618,1.2400931268808115
2020-02-04 07:00:00,1.548,1.2508354489058975
2020-02-04 07:15:00,1.337,1.2129498793369062
2020-02-04 07:30:00,1.266,1.2497486852025375
2020-02-04 07:45:00,1.688,1.2588990880750717
2020-02-04 08:00:00,1.899,1.2437920769053468
2020-02-04 08:15:00,2.532,1.2611351488443618
2020-02-04 08:30:00,2.392,1.2885376822796386
2020-02-04 08:45:00,2.673,1.303133050473219
2020-02-04 09:00:00,2.673,1.2703771490743245
2020-02-04 09:15:00,2.884,1.2871333801021405
2020-02-04 09:30:00,2.744,1.3157214799018078
2020-02-04 09:45:00,2.603,1.3496210963390278
2020-02-04 10:00:00,2.884,1.3606540313491418
2020-02-04 10:15:00,3.166,1.3973209595573743
2020-02-04 10:30:00,3.447,1.420662449426057
2020-02-04 10:45:00,3.517,1.4820650071875796
2020-02-04 11:00:00,3.799,1.4833783310709305
2020-02-04 11:15:00,3.306,1.5523221581442073
2020-02-04 11:30:00,3.588,1.586336891518303
2020-02-04 11:45:00,3.588,1.697315062290253
2020-02-04 12:00:00,2.955,1.80704992589845
2020-02-04 12:15:00,2.532,1.7814238982272916
2020-02-04 12:30:00,2.603,1.7568622273599273
2020-02-04 12:45:00,2.673,1.8121513515305083
2020-02-04 13:00:00,3.377,1.8794712944668486
2020-02-04 13:15:00,3.939,1.8726278930631972
2020-02-04 13:30:00,4.08,1.884938417623401
2020-02-04 13:45:00,4.573,1.8647942702817437
2020-02-04 14:00:00,4.432,1.9175853547598973
2020-02-04 14:15:00,4.643,1.9682311469000058
2020-02-04 14:30:00,4.291,2.018690575644834
2020-02-04 14:45:00,4.573,1.9857316731514205
2020-02-04 15:00:00,3.869,2.0013139570498093
2020-02-04 15:15:00,4.15,1.9871023742300005
2020-02-04 15:30:00,4.15,2.0168807083913887
2020-02-04 15:45:00,4.291,1.979661506522316
2020-02-04 16:00:00,4.15,2.1148934074966226
2020-02-04 16:15:00,4.08,2.2116584941234803
2020-02-04 16:30:00,4.01,2.2276713979638108
2020-02-04 16:45:00,4.291,2.261387027633187
2020-02-04 17:00:00,4.15,2.253789911440465
2020-02-04 17:15:00,3.939,2.425005665297597
2020-02-04 17:30:00,4.15,2.395279211683968
2020-02-04 17:45:00,3.869,2.4176149360411845
2020-02-04 18:00:00,3.236,2.509838554230837
2020-02-04 18:15:00,3.306,2.497764818069127
2020-02-04 18:30:00,3.306,2.541442242344096
2020-02-04 18:45:00,3.025,2.369189147882515
2020-02-04 19:00:00,2.884,2.527133272887693
2020-02-04 19:15:00,2.884,2.4440562638920063
2020-02-04 19:30:00,2.532,2.482149414378172
2020-02-04 19:45:00,2.532,2.3854763211466485
2020-02-04 20:00:00,2.462,2.460746144537926
2020-02-04 20:15:00,2.251,2.542337338231644
2020-02-04 20:30:00,2.462,2.5591092797572657
2020-02-04 20:45:00,2.744,2.564880881863758
2020-02-04 21:00:00,3.447,2.644787981588237
2020-02-04 21:15:00,3.799,2.6091253075173264
2020-02-04 21:30:00,3.728,2.6417779782725144
2020-02-04 21:45:00,4.01,2.735371396956823
2020-02-04 22:00:00,4.08,2.7635751702960576
2020-02-04 22:15:00,4.15,2.5787744530878642
2020-02-04 22:30:00,3.799,2.527991629136373
2020-02-04 22:45:00,3.939,2.573575883699684
2020-02-04 23:00:00,3.588,2.532898370454528
2020-02-04 23:15:00,4.15,2.617727395249424
2020-02-04 23:30:00,3.939,2.6200672015066497
2020-02-04 23:45:00,3.869,2.659049833289049
2020-02-05 00:00:00,4.291,2.665357116547509
2020-02-05 00:15:00,3.658,2.749992721731183
2020-02-05 00:30:00,3.095,2.6941216495637645
2020-02-05 00:45:00,3.236,2.7150784873350817
2020-02-05 01:00:00,3.799,2.6252735254233746
2020-02-05 01:15:00,3.447,2.5220338849076374
2020-02-05 01:30:00,3.447,2.4319900951206126
2020-02-05 01:45:00,3.447,2.3055248792354908
2020-02-05 02:00:00,3.166,2.1794866606540837
2020-02-05 02:15:00,3.588,2.056787152528316
2020-02-05 02:30:00,3.869,2.0579071215806484
2020-02-05 02:45:00,3.728,2.02803014649072
2020-02-05 03:00:00,4.08,2.0654473081878186
2020-02-05 03:15:00,4.08,2.0625253613762413
2020-02-05 03:30:00,3.658,1.9201248905938073
2020-02-05 03:45:00,3.447,1.9497101807257877
2020-02-05 04:00:00,3.095,1.9771631274008001
2020-02-05 04:15:00,3.447,1.9562655966002853
2020-02-05 04:30:00,3.658,1.9130580634454613
2020-02-05 04:45:00,3.517,1.9300274154677757
2020-02-05 05:00:00,3.588,1.8893275042609123
2020-02-05 05:15:00,3.095,1.6734186627310963
2020-02-05 05:30:00,3.095,1.6896903165610966
2020-02-05 05:45:00,2.884,1.590209221386734
2020-02-05 06:00:00,2.884,1.376206638607736
2020-02-05 06:15:00,2.955,1.5330065834422801
2020-02-05 06:30:00,3.095,1.8325068444809682
2020-02-05 06:45:00,3.095,1.9376298918992356
2020-02-05 07:00:00,3.025,2.0137701181909407
2020-02-05 07:15:00,3.236,1.9517932251523578
2020-02-05 07:30:00,3.517,2.0150963481157325
2020-02-05 07:45:00,3.799,1.8975010639571097
2020-02-05 08:00:00,3.588,1.9827195641488615
2020-02-05 08:15:00,3.728,1.8932325083156578
2020-02-05 08:30:00,3.799,1.8520098662056825
2020-02-05 08:45:00,3.799,1.9524645594224463
2020-02-05 09:00:00,3.447,1.846302028119729
2020-02-05 09:15:00,3.799,1.8400465272458135
2020-02-05 09:30:00,3.658,1.9729741292619447
2020-02-05 09:45:00,3.166,1.9122365621659625
2020-02-05 10:00:00,2.884,1.963736626710711
2020-02-05 10:15:00,2.955,2.0016708291971423
2020-02-05 10:30:00,2.744,2.0127987686340614
2020-02-05 10:45:00,3.517,1.9903420389793594
2020-02-05 11:00:00,3.869,1.9501904837598327
2020-02-05 11:15:00,3.095,1.9602866689477876
2020-02-05 11:30:00,2.884,1.9889602931731682
2020-02-05 11:45:00,3.025,1.9922957861860064
2020-02-05 12:00:00,2.884,2.0063878881117074
2020-02-05 12:15:00,2.955,2.0338654895242394
2020-02-05 12:30:00,2.814,2.1250373644176856
2020-02-05 12:45:00,2.955,2.3478819928219097
2020-02-05 13:00:00,3.306,2.479708308528929
2020-02-05 13:15:00,4.08,2.695195064611049
2020-02-05 13:30:00,4.362,2.69410628326459
2020-02-05 13:45:00,4.643,2.752511804603398
2020-02-05 14:00:00,4.502,2.744684213539243
2020-02-05 14:15:00,4.502,2.713493517898353
2020-02-05 14:30:00,4.502,2.7535601619865946
2020-02-05 14:45:00,4.573,2.6990767141756677
2020-02-05 15:00:00,4.01,2.7003953689501325
2020-02-05 15:15:00,3.869,2.670865728803994
2020-02-05 15:30:00,4.432,2.7673851445206594
2020-02-05 15:45:00,4.362,2.751581244655131
2020-02-05 16:00:00,4.08,2.8586514775863052
2020-02-05 16:15:00,4.432,2.758627430046729
2020-02-05 16:30:00,4.291,2.848235565621282
2020-02-05 16:45:00,4.995,2.923893994221292
2020-02-05 17:00:00,5.206,2.7762846221249817
2020-02-05 17:15:00,4.995,2.6936503118543906
2020-02-05 17:30:00,5.135,2.7408449071098846
2020-02-05 17:45:00,4.432,2.7627093250032067
2020-02-05 18:00:00,4.291,2.8227960141925523
2020-02-05 18:15:00,4.08,2.8257869693407343
2020-02-05 18:30:00,4.08,2.7664850195094144
2020-02-05 18:45:00,4.01,2.854918474620388
2020-02-05 19:00:00,4.291,2.7908597775397923
2020-02-05 19:15:00,3.869,2.762940803365789
2020-02-05 19:30:00,3.869,2.792905162283148
2020-02-05 19:45:00,3.799,2.7742086789708527
2020-02-05 20:00:00,3.939,2.8274524112462287
2020-02-05 20:15:00,3.728,2.8487494572551113
2020-02-05 20:30:00,4.01,2.760772481494565
2020-02-05 20:45:00,4.291,2.779034825052041
2020-02-05 21:00:00,4.221,2.754027613712761
2020-02-05 21:15:00,3.799,2.7938792746510583
2020-02-05 21:30:00,4.08,2.7800116464460696
2020-02-05 21:45:00,4.01,2.811807109088881
2020-02-05 22:00:00,4.291,2.678280751546437
2020-02-05 22:15:00,4.362,2.686256180745356
2020-02-05 22:30:00,4.01,2.5197198236187615
2020-02-05 22:45:00,3.728,2.486649237458241
2020-02-05 23:00:00,3.799,2.4659198879833175
2020-02-05 23:15:00,4.01,2.4754664773705897
2020-02-05 23:30:00,4.08,2.4939472360597366
2020-02-05 23:45:00,4.08,2.5572127777015323
2020-02-06 00:00:00,3.939,2.4980876410443145
2020-02-06 00:15:00,4.15,2.553929360613206
2020-02-06 00:30:00,4.15,2.6342670748717625
2020-02-06 00:45:00,4.15,2.785394049782867
2020-02-06 01:00:00,4.221,2.7848320284563277
2020-02-06 01:15:00,4.15,2.8010856908093604
2020-02-06 01:30:00,4.01,2.7227831927750756
2020-02-06 01:45:00,4.221,2.676234364649593
2020-02-06 02:00:00,3.799,2.6858603017107963
2020-02-06 02:15:00,3.869,2.6458415764270806
2020-02-06 02:30:00,4.01,2.5736883247375895
2020-02-06 02:45:00,3.799,2.537142549361516
2020-02-06 03:00:00,3.517,2.479631650805435
2020-02-06 03:15:00,3.728,2.2383490084359434
2020-02-06 03:30:00,3.728,2.0694284370850804
2020-02-06 03:45:00,3.447,1.8821168269663213
2020-02-06 04:00:00,4.291,1.8831818767693393
2020-02-06 04:15:00,4.01,1.8925794670553808
2020-02-06 04:30:00,4.01,1.8983894005268993
2020-02-06 04:45:00,3.799,1.9305139861895506
2020-02-06 05:00:00,4.01,1.8884761725574637
2020-02-06 05:15:00,3.799,1.866400180242487
2020-02-06 05:30:00,3.939,1.8356895732606353
2020-02-06 05:45:00,4.15,1.792017106728888
2020-02-06 06:00:00,4.01,1.7846011150814045
2020-02-06 06:15:00,3.588,1.5842990444132317
2020-02-06 06:30:00,3.447,1.5763497282903032
2020-02-06 06:45:00,2.673,1.4846473220271543
2020-02-06 07:00:00,1.548,1.5813623181078744
2020-02-06 07:15:00,1.266,1.6211781759552517
2020-02-06 07:30:00,1.126,1.5807395525095633
2020-02-06 07:45:00,1.196,1.5892018901716043
2020-02-06 08:00:00,1.196,1.6621916935021432
2020-02-06 08:15:00,1.266,1.6228250882795432
2020-02-06 08:30:00,1.407,1.667927255446379
2020-02-06 08:45:00,1.196,1.7615291827704371
2020-02-06 09:00:00,1.126,1.8762542284696917
2020-02-06 09:15:00,1.055,2.0431416780638494
2020-02-06 09:30:00,1.337,2.1606650556280873
2020-02-06 09:45:00,1.266,2.406638781136591
2020-02-06 10:00:00,1.477,2.538490342024146
2020-02-06 10:15:00,1.829,2.6319019095560234
2020-02-06 10:30:00,1.759,2.6809285221898294
2020-02-06 10:45:00,1.618,2.6173197335197305
2020-02-06 11:00:00,1.688,2.7067317875279793
2020-02-06 11:15:00,1.688,2.6893889327788987
2020-02-06 11:30:00,1.759,2.6625995134197273
2020-02-06 11:45:00,1.688,2.685217714153252
2020-02-06 12:00:00,1.759,2.7330392985244196
2020-02-06 12:15:00,2.181,2.7144947824890684
2020-02-06 12:30:00,2.392,2.726429087322812
2020-02-06 12:45:00,2.462,2.7792587972987963
2020-02-06 13:00:00,2.462,2.7146923292232374
2020-02-06 13:15:00,3.447,2.719289308621543
2020-02-06 13:30:00,4.291,2.753875722420901
2020-02-06 13:45:00,4.291,2.835951590774668
2020-02-06 14:00:00,4.502,2.844263992951844
2020-02-06 14:15:00,4.15,2.87492891080893
2020-02-06 14:30:00,4.291,2.7962383701748137
2020-02-06 14:45:00,4.15,2.9320419957917263
2020-02-06 15:00:00,3.799,2.940357504086333
2020-02-06 15:15:00,3.517,3.1022122782804873
2020-02-06 15:30:00,3.447,3.2054766609493237
2020-02-06 15:45:00,2.814,3.2009680814731802
2020-02-06 16:00:00,2.673,3.0973919299248323
2020-02-06 16:15:00,2.603,3.3182013240621413
2020-02-06 16:30:00,2.532,3.376929249499485
2020-02-06 16:45:00,2.603,3.2752271276107363
2020-02-06 17:00:00,2.673,3.1718998706596953
2020-02-06 17:15:00,2.955,3.2953099595532285
2020-02-06 17:30:00,2.884,3.3201176320872987
2020-02-06 17:45:00,2.603,3.3509191432637464
2020-02-06 18:00:00,2.603,3.4618070585827807
2020-02-06 18:15:00,2.603,3.451993613174983
2020-02-06 18:30:00,2.673,3.289318938019922
2020-02-06 18:45:00,2.603,3.326274297459227
2020-02-06 19:00:00,2.251,3.2495311548291146
2020-02-06 19:15:00,2.181,3.271095897912405
2020-02-06 19:30:00,2.462,3.219258498464727
2020-02-06 19:45:00,2.532,3.2958095734441666
2020-02-06 20:00:00,2.181,3.3762079765920516
2020-02-06 20:15:00,2.251,3.33201117903694
2020-02-06 20:30:00,2.532,3.256711644382397
2020-02-06 20:45:00,2.603,3.1459909783398285
2020-02-06 21:00:00,2.532,3.295515106494572
2020-02-06 21:15:00,2.744,3.342828071384683
2020-02-06 21:30:00,2.532,3.295808088366008
2020-02-06 21:45:00,2.532,3.218592875878359
2020-02-06 22:00:00,2.603,3.2951385695834987
2020-02-06 22:15:00,2.532,3.291537126534699
2020-02-06 22:30:00,2.392,3.296769796037427
2020-02-06 22:45:00,2.321,3.2464876694092846
2020-02-06 23:00:00,2.251,3.252938451928137
2020-02-06 23:15:00,2.181,3.2308777936269144
2020-02-06 23:30:00,2.321,3.246053150347704
2020-02-06 23:45:00,2.11,3.181783966898505
2020-02-07 00:00:00,1.829,3.148336198690111
2020-02-07 00:15:00,2.11,3.087355562147102
2020-02-07 00:30:00,2.11,3.1006809086651175
2020-02-07 00:45:00,2.04,3.106685732603372
2020-02-07 01:00:00,2.04,3.0422914455620753
2020-02-07 01:15:00,1.829,3.019307460998407
2020-02-07 01:30:00,1.899,3.0381758006456105
2020-02-07 01:45:00,2.181,3.0531560318146522
2020-02-07 02:00:00,1.97,3.0402493266933686
2020-02-07 02:15:00,1.899,3.047259261234065
2020-02-07 02:30:00,1.829,2.9659570662642745
2020-02-07 02:45:00,2.181,2.846087869683324
2020-02-07 03:00:00,2.462,2.7245875517324123
2020-02-07 03:15:00,2.11,2.669207312367044
2020-02-07 03:30:00,1.97,2.4922380155466057
2020-02-07 03:45:00,2.04,2.4199707231235794
2020-02-07 04:00:00,2.251,2.490072919474718
2020-02-07 04:15:00,2.532,2.4820707030617695
2020-02-07 04:30:00,2.321,2.5071025371463063
2020-02-07 04:45:00,2.181,2.524598109539078
2020-02-07 05:00:00,2.321,2.481831008958946
2020-02-07 05:15:00,2.181,2.59937262281213
2020-02-07 05:30:00,2.11,2.7370361721354386
2020-02-07 05:45:00,2.251,2.9968801174415693
2020-02-07 06:00:00,2.462,3.1714634845390397
2020-02-07 06:15:00,2.532,3.164941894018858
2020-02-07 06:30:00,2.814,3.0953860084867872
2020-02-07 06:45:00,2.744,3.0471919858529914
2020-02-07 07:00:00,2.603,3.0481776213116407
2020-02-07 07:15:00,2.884,3.0228225060230316
2020-02-07 07:30:00,2.673,3.0003899589223417
2020-02-07 07:45:00,2.744,2.9851820306730272
2020-02-07 08:00:00,2.884,2.952617747580794
2020-02-07 08:15:00,3.166,2.940247720218775
2020-02-07 08:30:00,3.236,3.0157619646794656
2020-02-07 08:45:00,3.588,3.050436283560612
2020-02-07 09:00:00,3.588,3.066023712769412
2020-02-07 09:15:00,3.166,3.080385560366429
2020-02-07 09:30:00,3.658,3.0902730003928527
2020-02-07 09:45:00,3.869,3.1030031733634527
2020-02-07 10:00:00,4.15,3.078258417547875
2020-02-07 10:15:00,4.643,3.124730559710516
2020-02-07 10:30:00,4.643,3.0971224839948426
2020-02-07 10:45:00,4.291,3.0504700280482755
2020-02-07 11:00:00,4.502,3.056602765581132
2020-02-07 11:15:00,4.784,3.093248654650624
2020-02-07 11:30:00,4.573,3.130418803345547
2020-02-07 11:45:00,3.939,3.1144289643380434
2020-02-07 12:00:00,4.01,3.196342004803756
2020-02-07 12:15:00,3.869,3.284928484299156
2020-02-07 12:30:00,4.362,3.269941624376783
2020-02-07 12:45:00,4.362,3.3051726918117037
2020-02-07 13:00:00,4.291,3.364635988560657
2020-02-07 13:15:00,4.362,3.4584304867354945
2020-02-07 13:30:00,4.643,3.462066151442507
2020-02-07 13:45:00,4.713,3.446346638646185
2020-02-07 14:00:00,4.573,3.483653179732236
2020-02-07 14:15:00,4.643,3.5035021228884164
2020-02-07 14:30:00,4.854,3.514399553614995
2020-02-07 14:45:00,4.643,3.4802566261761267
2020-02-07 15:00:00,4.924,3.3519575134426938
2020-02-07 15:15:00,4.643,3.4505917643530966
2020-02-07 15:30:00,4.924,3.3704952249007802
2020-02-07 15:45:00,4.643,3.3508430975942267
2020-02-07 16:00:00,4.643,3.3995924761574665
2020-02-07 16:15:00,4.713,3.4639571153753574
2020-02-07 16:30:00,4.784,3.441098741508846
2020-02-07 16:45:00,4.784,3.460457629325604
2020-02-07 17:00:00,5.065,3.417949567865597
2020-02-07 17:15:00,5.206,3.4156498391150616
2020-02-07 17:30:00,5.065,3.3222447945536246
2020-02-07 17:45:00,4.995,3.0889875413803276
2020-02-07 18:00:00,4.995,3.212623326612922
2020-02-07 18:15:00,5.206,3.15530505917759
2020-02-07 18:30:00,4.854,3.1631156060816803
2020-02-07 18:45:00,4.924,3.1827893022752307
2020-02-07 19:00:00,5.135,3.195290332276309
2020-02-07 19:15:00,5.417,3.214435662646173
2020-02-07 19:30:00,4.995,3.3418327522930222
2020-02-07 19:45:00,5.065,3.4109992866655996
2020-02-07 20:00:00,5.135,3.421919638560183
2020-02-07 20:15:00,4.995,3.4259044288461666
2020-02-07 20:30:00,4.995,3.4150520837361884
2020-02-07 20:45:00,4.854,3.317583520562332
2020-02-07 21:00:00,4.643,3.533057419801713
2020-02-07 21:15:00,4.854,3.597298821376218
2020-02-07 21:30:00,4.573,3.6506702723754088
2020-02-07 21:45:00,4.573,3.5373858558047475
2020-02-07 22:00:00,4.643,3.5135351475159906
2020-02-07 22:15:00,4.502,3.490281911324795
2020-02-07 22:30:00,4.573,3.4652495672964188
2020-02-07 22:45:00,3.728,3.6853324544770194
2020-02-07 23:00:00,3.588,3.72301200801068
2020-02-07 23:15:00,3.236,3.824395814209669
2020-02-07 23:30:00,2.744,3.9789278864263116
2020-02-07 23:45:00,2.321,4.081392286120032
2020-02-08 00:00:00,1.899,4.152784968242496
2020-02-08 00:15:00,1.899,4.180578617451301
2020-02-08 00:30:00,1.688,4.0742176474443825
2020-02-08 00:45:00,1.688,3.934660438088161
2020-02-08 01:00:00,2.11,3.816341740083334
2020-02-08 01:15:00,2.884,3.7482408629723736
2020-02-08 01:30:00,3.166,3.6799323062305254
2020-02-08 01:45:00,3.447,3.6960281288311205
2020-02-08 02:00:00,4.15,3.6781478037298085
2020-02-08 02:15:00,4.01,3.6777372693532575
2020-02-08 02:30:00,4.15,3.708208107748536
2020-02-08 02:45:00,3.658,3.6446133622089634
2020-02-08 03:00:00,4.221,3.615473684200961
2020-02-08 03:15:00,3.658,3.627463470610214
2020-02-08 03:30:00,3.517,3.6152992687151464
2020-02-08 03:45:00,3.869,3.644126293007291
2020-02-08 04:00:00,3.728,3.5907564405600914
2020-02-08 04:15:00,4.08,3.57168340417489
2020-02-08 04:30:00,3.658,3.5506037119825646
2020-02-08 04:45:00,3.728,3.5434445012864995
2020-02-08 05:00:00,3.588,3.4504961331947066
2020-02-08 05:15:00,3.588,3.4236547110664266
2020-02-08 05:30:00,3.658,3.514059167952417
2020-02-08 05:45:00,3.588,3.4882246569652695
2020-02-08 06:00:00,3.728,3.449371392696943
2020-02-08 06:15:00,3.517,3.487424676217018
2020-02-08 06:30:00,2.955,3.636172506607115
2020-02-08 06:45:00,2.955,3.7843296014542065
2020-02-08 07:00:00,3.166,3.6990504204294594
2020-02-08 07:15:00,3.588,3.503661726083997
2020-02-08 07:30:00,3.447,3.53365252944003
2020-02-08 07:45:00,3.166,3.4713705082012964
2020-02-08 08:00:00,3.025,3.446285940820303
2020-02-08 08:15:00,2.744,3.565577408792438
2020-02-08 08:30:00,2.321,3.56226212736628
2020-02-08 08:45:00,2.11,3.5749465958370474
2020-02-08 09:00:00,2.181,3.686881558923177
2020-02-08 09:15:00,2.181,3.8073734626347355
2020-02-08 09:30:00,2.462,3.9312495092735475
2020-02-08 09:45:00,2.462,4.209371259049792
2020-02-08 10:00:00,2.532,4.617225585312194
2020-02-08 10:15:00,2.532,4.738637950956187
2020-02-08 10:30:00,2.814,4.743325025034115
2020-02-08 10:45:00,3.166,4.805267086856663
2020-02-08 11:00:00,2.884,4.852141375237221
2020-02-08 11:15:00,3.236,4.867629007655049
2020-02-08 11:30:00,3.166,4.881707159381729
2020-02-08 11:45:00,3.236,4.824622334043553
2020-02-08 12:00:00,3.025,4.939069437437594
2020-02-08 12:15:00,2.884,4.935617412289103
2020-02-08 12:30:00,3.025,4.956535715393465
2020-02-08 12:45:00,3.025,4.95180016438545
2020-02-08 13:00:00,2.884,4.904870589804442
2020-02-08 13:15:00,3.095,4.866288902757662
2020-02-08 13:30:00,3.799,4.975056895955214
2020-02-08 13:45:00,3.658,5.125235255333264
2020-02-08 14:00:00,3.939,5.132466682708922
2020-02-08 14:15:00,4.08,5.122271718192428
2020-02-08 14:30:00,4.08,5.094198263307944
2020-02-08 14:45:00,3.939,5.126117264899518
2020-02-08 15:00:00,3.588,5.179398548644776
2020-02-08 15:15:00,3.517,5.136374768423236
2020-02-08 15:30:00,3.447,5.096108278799095
2020-02-08 15:45:00,3.306,5.288316515490667
2020-02-08 16:00:00,3.447,5.216383003183479
2020-02-08 16:15:00,3.517,5.289028802777443
2020-02-08 16:30:00,3.588,5.311321305403562
2020-02-08 16:45:00,3.377,5.393563584026397
2020-02-08 17:00:00,3.869,5.345805828254944
2020-02-08 17:15:00,3.588,5.5540433252736685
2020-02-08 17:30:00,3.658,5.4813729285622195
2020-02-08 17:45:00,3.588,5.39717403960339
2020-02-08 18:00:00,3.377,5.516454858912666
2020-02-08 18:15:00,3.095,5.457550495528176
2020-02-08 18:30:00,3.025,5.405805224883389
2020-02-08 18:45:00,2.884,5.434182476004535
2020-02-08 19:00:00,2.814,5.420024499480982
2020-02-08 19:15:00,2.532,5.452228719413749
2020-02-08 19:30:00,2.532,5.403831832866385
2020-02-08 19:45:00,2.673,5.343079440833775
2020-02-08 20:00:00,2.744,5.264339470314284
2020-02-08 20:15:00,2.884,5.2656297799311895
2020-02-08 20:30:00,2.814,5.29414957608324
2020-02-08 20:45:00,2.884,5.317389408372472
2020-02-08 21:00:00,2.884,5.272212903438897
2020-02-08 21:15:00,2.884,5.285750111527805
2020-02-08 21:30:00,2.884,5.345773791125461
2020-02-08 21:45:00,2.673,5.339526239628047
2020-02-08 22:00:00,2.814,5.400506942703418
2020-02-08 22:15:00,2.673,5.338704651451059
2020-02-08 22:30:00,2.744,5.341563519886448
2020-02-08 22:45:00,2.744,5.298674327881565
2020-02-08 23:00:00,2.603,5.369156753567148
2020-02-08 23:15:00,2.532,5.291969820107704
2020-02-08 23:30:00,2.744,5.411170267656062
2020-02-08 23:45:00,2.814,5.4083554505328015
2020-02-09 00:00:00,2.814,5.396437890217965
2020-02-09 00:15:00,2.884,5.4115921393564985
2020-02-09 00:30:00,2.744,5.2540221546395
2020-02-09 00:45:00,2.955,5.050696828303669
2020-02-09 01:00:00,2.603,4.981893533907021
2020-02-09 01:15:00,2.532,4.769203095406322
2020-02-09 01:30:00,2.673,4.6737281642273425
2020-02-09 01:45:00,2.814,4.6418317867229355
2020-02-09 02:00:00,2.955,4.634921466508337
2020-02-09 02:15:00,2.744,4.574925570775303
2020-02-09 02:30:00,2.814,4.590141447535876
2020-02-09 02:45:00,2.884,4.565165817104364
2020-02-09 03:00:00,2.884,4.51722497890576
2020-02-09 03:15:00,3.236,4.512834860490513
2020-02-09 03:30:00,3.025,4.430745011540984
2020-02-09 03:45:00,3.095,4.507456780942801
2020-02-09 04:00:00,3.377,4.411659372046606
2020-02-09 04:15:00,3.517,4.363462682083273
2020-02-09 04:30:00,3.095,4.436103751736411
2020-02-09 04:45:00,3.306,4.571927808438106
2020-02-09 05:00:00,3.306,4.640226940012523
2020-02-09 05:15:00,3.095,4.543045311185063
2020-02-09 05:30:00,3.166,4.473576882378966
2020-02-09 05:45:00,3.095,4.488971405881889
2020-02-09 06:00:00,3.306,4.5566068723474045
2020-02-09 06:15:00,3.236,4.634615783293933
2020-02-09 06:30:00,3.236,4.56452373713883
2020-02-09 06:45:00,3.377,4.596513348719809
2020-02-09 07:00:00,3.306,4.64688137984918
2020-02-09 07:15:00,3.166,4.651166315485378
2020-02-09 07:30:00,2.955,4.601475541754365
2020-02-09 07:45:00,2.955,4.531522269743169
2020-02-09 08:00:00,3.377,4.489748429226899
2020-02-09 08:15:00,3.447,4.514639048006126
2020-02-09 08:30:00,3.166,4.557030435588831
2020-02-09 08:45:00,3.377,4.336468147262952
2020-02-09 09:00:00,3.588,4.588082481840455
2020-02-09 09:15:00,3.799,4.532730218350111
2020-02-09 09:30:00,3.728,4.672159728030377
2020-02-09 09:45:00,3.447,4.737529063124414
2020-02-09 10:00:00,3.728,4.441015328420962
2020-02-09 10:15:00,4.01,4.493078701020104
2020-02-09 10:30:00,4.362,4.498038752942754
2020-02-09 10:45:00,4.291,4.3820558745164915
2020-02-09 11:00:00,4.643,4.369716693857353
2020-02-09 11:15:00,4.713,4.412111374790481
2020-02-09 11:30:00,5.206,4.355301029408082
2020-02-09 11:45:00,5.276,4.526433125178186
2020-02-09 12:00:00,5.698,4.341461002315716
2020-02-09 12:15:00,5.698,4.651743879866803
2020-02-09 12:30:00,5.557,4.68916825652125
2020-02-09 12:45:00,5.698,4.7929092002451865
2020-02-09 13:00:00,5.487,4.813310650056312
2020-02-09 13:15:00,5.909,4.6668414748805835
2020-02-09 13:30:00,6.261,4.779404191576302
2020-02-09 13:45:00,5.909,4.716214423161237
2020-02-09 14:00:00,5.768,4.808159889380632
2020-02-09 14:15:00,5.417,4.808600544545728
2020-02-09 14:30:00,5.628,4.661756465182212
2020-02-09 14:45:00,5.698,4.897328446364613
2020-02-09 15:00:00,5.768,4.9816587519847415
2020-02-09 15:15:00,4.995,4.863849009749556
2020-02-09 15:30:00,5.206,4.740597871756808
2020-02-09 15:45:00,5.698,4.805213663061546
2020-02-09 16:00:00,5.768,4.801769849636256
2020-02-09 16:15:00,5.768,4.598601419214507
2020-02-09 16:30:00,6.261,4.68284711196334
2020-02-09 16:45:00,6.261,4.595026930859949
2020-02-09 17:00:00,5.768,4.624489832741826
2020-02-09 17:15:00,5.557,4.510414546656353
2020-02-09 17:30:00,5.417,4.625732240063823
2020-02-09 17:45:00,5.839,4.49504287850245
2020-02-09 18:00:00,5.628,4.652199335993841
2020-02-09 18:15:00,5.698,4.501142707014828
2020-02-09 18:30:00,5.698,4.395583404185259
2020-02-09 18:45:00,5.557,4.591939705867666
2020-02-09 19:00:00,5.346,4.505671623059217
2020-02-09 19:15:00,5.487,4.49234282563087
2020-02-09 19:30:00,5.698,4.516949169638198
2020-02-09 19:45:00,5.839,4.195007383600672
2020-02-09 20:00:00,5.839,4.237029732502322
2020-02-09 20:15:00,5.839,4.519736841929126
2020-02-09 20:30:00,5.979,4.366839388316302
2020-02-09 20:45:00,5.628,4.273737527904075
2020-02-09 21:00:00,5.698,4.257375716697515
2020-02-09 21:15:00,5.628,4.405351201876969
2020-02-09 21:30:00,5.487,4.296717339144439
2020-02-09 21:45:00,5.557,4.222884656082656
2020-02-09 22:00:00,5.417,4.310271255032625
2020-02-09 22:15:00,5.698,4.287848651756045
2020-02-09 22:30:00,5.487,4.414151631504544
2020-02-09 22:45:00,5.557,4.303064455167556
2020-02-09 23:00:00,5.768,4.234929594759077
2020-02-09 23:15:00,5.979,4.020920587013853
2020-02-09 23:30:00,5.487,3.7884824169133346
2020-02-09 23:45:00,6.05,3.555581910615419
2020-02-10 00:00:00,5.839,3.395463196965525
2020-02-10 00:15:00,6.05,3.593751390237956
2020-02-10 00:30:00,5.979,3.489249965593683
2020-02-10 00:45:00,5.979,3.502474623414473
2020-02-10 01:00:00,5.909,3.5248893475062344
2020-02-10 01:15:00,5.979,3.4412286630460494
2020-02-10 01:30:00,6.05,3.47172585247274
2020-02-10 01:45:00,5.909,3.328060921725498
2020-02-10 02:00:00,6.191,3.2766379716986753
2020-02-10 02:15:00,6.05,3.243495609809606
2020-02-10 02:30:00,5.698,3.1568645131513313
2020-02-10 02:45:00,5.768,3.0492534869983867
2020-02-10 03:00:00,5.698,2.8264183485158663
2020-02-10 03:15:00,5.979,2.8113852657888807
2020-02-10 03:30:00,5.979,2.8263762433416293
2020-02-10 03:45:00,5.487,2.742435309640659
2020-02-10 04:00:00,4.713,2.787306161012751
2020-02-10 04:15:00,4.713,2.6390016422212983
2020-02-10 04:30:00,4.643,2.4937782148173255
2020-02-10 04:45:00,4.995,2.5138289445654913
2020-02-10 05:00:00,4.643,2.654677942016146
2020-02-10 05:15:00,3.799,2.670024902109034
2020-02-10 05:30:00,2.673,2.621314792379655
2020-02-10 05:45:00,2.744,2.7033895501101863
2020-02-10 06:00:00,3.095,2.795191720610165
2020-02-10 06:15:00,2.884,2.749553374548222
2020-02-10 06:30:00,2.532,2.732563326204736
2020-02-10 06:45:00,2.462,2.5462938307852103
2020-02-10 07:00:00,2.814,2.710873930053196
2020-02-10 07:15:00,2.884,2.6879014539917097
2020-02-10 07:30:00,2.884,2.830690453338519
2020-02-10 07:45:00,3.236,2.988380032831136
2020-02-10 08:00:00,3.447,3.2598839613661577
2020-02-10 08:15:00,3.236,3.2896359250320857
2020-02-10 08:30:00,2.884,3.2884978931236817
2020-02-10 08:45:00,2.955,3.275614294609942
2020-02-10 09:00:00,2.321,3.382961280572553
2020-02-10 09:15:00,2.392,3.3552389318934943
2020-02-10 09:30:00,2.532,3.328719227723207
2020-02-10 09:45:00,2.321,3.5014084119905964
2020-02-10 10:00:00,1.899,3.479543434171801
2020-02-10 10:15:00,1.759,3.70155985780251
2020-02-10 10:30:00,2.251,3.650245565420839
2020-02-10 10:45:00,2.251,3.5251461959982278
2020-02-10 11:00:00,2.251,3.5677307754946432
2020-02-10 11:15:00,2.814,3.5266166595210375
2020-02-10 11:30:00,2.744,3.7424981026405795
2020-02-10 11:45:00,3.306,3.6290143046209664
2020-02-10 12:00:00,3.025,3.8369903983046525
2020-02-10 12:15:00,2.884,3.7218778163507777
2020-02-10 12:30:00,3.095,3.9963924828680577
2020-02-10 12:45:00,3.166,3.9787990824337744
2020-02-10 13:00:00,3.025,4.05208236346861
2020-02-10 13:15:00,3.377,4.108759676767732
2020-02-10 13:30:00,3.377,4.36828485502173
2020-02-10 13:45:00,3.588,4.326190510867673
2020-02-10 14:00:00,3.939,4.255271417197601
2020-02-10 14:15:00,3.869,4.262594626174117
2020-02-10 14:30:00,3.517,4.247771950799137
2020-02-10 14:45:00,3.447,4.338481163657389
2020-02-10 15:00:00,3.236,4.309899819992561
2020-02-10 15:15:00,3.377,4.4025516121016555
2020-02-10 15:30:00,3.377,4.377261290444895
2020-02-10 15:45:00,3.447,4.400553024395003
2020-02-10 16:00:00,3.728,4.403216230640395
2020-02-10 16:15:00,4.01,4.487923149940672
2020-02-10 16:30:00,3.869,4.71830041227314
2020-02-10 16:45:00,4.15,4.875411126795398
2020-02-10 17:00:00,4.15,5.15150484393622
2020-02-10 17:15:00,4.08,5.12784551677654
2020-02-10 17:30:00,3.799,5.188750987692144
2020-02-10 17:45:00,3.869,5.2025665698349295
2020-02-10 18:00:00,4.221,5.118113470440789
2020-02-10 18:15:00,4.01,5.26206145795869
2020-02-10 18:30:00,3.728,5.068386121914582
2020-02-10 18:45:00,3.799,5.1487858437310345
2020-02-10 19:00:00,3.728,5.080741586045024
2020-02-10 19:15:00,3.588,5.007302512680722
2020-02-10 19:30:00,3.658,4.91561033475327
2020-02-10 19:45:00,3.728,4.955402693104038
2020-02-10 20:00:00,3.799,4.83151159950479
2020-02-10 20:15:00,4.15,4.884927270219548
2020-02-10 20:30:00,4.01,4.809927073501261
2020-02-10 20:45:00,4.221,4.838327893850534
2020-02-10 21:00:00,3.869,4.8090996863557045
2020-02-10 21:15:00,3.939,4.841836742156661
2020-02-10 21:30:00,4.08,4.724737728797556
2020-02-10 21:45:00,3.799,4.745098953868872
2020-02-10 22:00:00,3.095,4.7188313844485466
2020-02-10 22:15:00,2.392,4.700272042567726
2020-02-10 22:30:00,1.829,4.582251331534976
2020-02-10 22:45:00,1.548,4.52412865164415
2020-02-10 23:00:00,1.337,4.4796894512691665
2020-02-10 23:15:00,1.477,4.502825643013052
2020-02-10 23:30:00,1.829,4.570158388195844
2020-02-10 23:45:00,2.392,4.258096050370747
2020-02-11 00:00:00,2.532,4.160269568752368
2020-02-11 00:15:00,2.462,4.107131779647649
2020-02-11 00:30:00,2.673,3.9427562572773653
2020-02-11 00:45:00,3.025,3.8551663591410996
2020-02-11 01:00:00,3.095,3.921275465571616
2020-02-11 01:15:00,3.588,3.7849368749913035
2020-02-11 01:30:00,4.15,3.7368336068488848
2020-02-11 01:45:00,4.15,3.6403344053016014
2020-02-11 02:00:00,4.291,3.671458559849257
2020-02-11 02:15:00,4.221,3.642950291647099
2020-02-11 02:30:00,3.799,3.691094567393676
2020-02-11 02:45:00,3.939,3.610311510727726
2020-02-11 03:00:00,3.939,3.7339755196465476
2020-02-11 03:15:00,3.658,3.844953420384933
2020-02-11 03:30:00,3.799,3.8775176200174855
2020-02-11 03:45:00,3.799,3.8564520244478464
2020-02-11 04:00:00,3.869,3.8984760556961815
2020-02-11 04:15:00,3.728,3.851614429656668
2020-02-11 04:30:00,3.236,3.766995852320215
2020-02-11 04:45:00,3.377,3.7968150148706123
2020-02-11 05:00:00,3.658,3.8108158935453025
2020-02-11 05:15:00,3.588,3.8311749968840134
2020-02-11 05:30:00,3.095,3.8917359932739104
2020-02-11 05:45:00,2.955,3.9301453356241893
2020-02-11 06:00:00,2.673,3.9743638735330444
2020-02-11 06:15:00,2.744,4.027485584295652
2020-02-11 06:30:00,3.025,3.916075143106928
2020-02-11 06:45:00,2.884,4.069190429176798
2020-02-11 07:00:00,3.095,4.065783708615381
2020-02-11 07:15:00,3.588,3.9730241671846693
2020-02-11 07:30:00,3.588,3.995307746243673
2020-02-11 07:45:00,3.728,3.9959284762966094
2020-02-11 08:00:00,4.08,3.8551862873369247
2020-02-11 08:15:00,4.08,3.979849274389001
2020-02-11 08:30:00,4.291,4.232325887949913
2020-02-11 08:45:00,3.799,4.334368015281519
2020-02-11 09:00:00,3.377,4.515533422643703
2020-02-11 09:15:00,3.447,4.370937532301552
2020-02-11 09:30:00,3.447,4.555816385521263
2020-02-11 09:45:00,3.095,4.4157074711938185
2020-02-11 10:00:00,2.814,4.408127486212754
2020-02-11 10:15:00,2.673,4.436737947031926
2020-02-11 10:30:00,2.955,4.532921190767782
2020-02-11 10:45:00,3.095,4.638403786777729
2020-02-11 11:00:00,3.377,4.763064603843705
2020-02-11 11:15:00,3.306,4.673997563655486
2020-02-11 11:30:00,3.236,4.51107149847102
2020-02-11 11:45:00,3.025,4.670511312064594
2020-02-11 12:00:00,2.955,4.538460958783888
2020-02-11 12:15:00,2.814,4.618715747572543
2020-02-11 12:30:00,3.025,4.545868331966665
2020-02-11 12:45:00,3.095,4.646295141793421
2020-02-11 13:00:00,2.744,4.7445528683771725
2020-02-11 13:15:00,2.673,4.7077225336907365
2020-02-11 13:30:00,3.166,4.5918634165901775
2020-02-11 13:45:00,3.236,4.82446304278515
2020-02-11 14:00:00,3.447,4.87103807040295
2020-02-11 14:15:00,3.517,4.793676011262578
2020-02-11 14:30:00,3.588,4.652944929460087
2020-02-11 14:45:00,3.447,4.659810667149799
2020-02-11 15:00:00,3.095,4.928637224113901
2020-02-11 15:15:00,3.025,4.9431655147088405
2020-02-11 15:30:00,3.025,4.825985993954725
2020-02-11 15:45:00,3.236,4.7658295625175215
2020-02-11 16:00:00,3.095,4.6911926801356465
2020-02-11 16:15:00,2.744,4.783844456410174
2020-02-11 16:30:00,2.884,4.926264508197599
2020-02-11 16:45:00,2.814,5.075225668732375
2020-02-11 17:00:00,2.462,4.879781235307713
2020-02-11 17:15:00,2.392,4.8885900327817895
2020-02-11 17:30:00,2.181,4.9325403765655444
2020-02-11 17:45:00,2.04,4.963096199816943
2020-02-11 18:00:00,1.97,5.00584951475938
2020-02-11 18:15:00,2.462,4.815618023983438
2020-02-11 18:30:00,2.744,4.896854877343299
2020-02-11 18:45:00,2.955,4.793154861354682
2020-02-11 19:00:00,3.095,4.65197545346963
2020-02-11 19:15:00,3.025,4.588236765444259
2020-02-11 19:30:00,2.673,4.586132918058428
2020-02-11 19:45:00,2.11,4.958207530699611
2020-02-11 20:00:00,1.899,4.681091805601864
2020-02-11 20:15:00,2.11,4.682134223017411
2020-02-11 20:30:00,2.462,4.602437298843428
2020-02-11 20:45:00,2.884,4.365806932514275
2020-02-11 21:00:00,2.744,4.636531102756605
2020-02-11 21:15:00,2.673,4.418486714313056
2020-02-11 21:30:00,2.884,4.441592068240122
2020-02-11 21:45:00,3.025,4.38736956895219
2020-02-11 22:00:00,3.658,4.305968883906112
2020-02-11 22:15:00,3.728,4.356562454253648
2020-02-11 22:30:00,3.447,4.317374854315225
2020-02-11 22:45:00,3.447,4.37879511799187
2020-02-11 23:00:00,3.166,4.339623533086364
2020-02-11 23:15:00,3.025,4.287186591270005
2020-02-11 23:30:00,3.025,4.311640010149142
2020-02-11 23:45:00,3.095,4.373289589812746
2020-02-12 00:00:00,3.095,4.262584283433886
2020-02-12 00:15:00,2.884,4.138287668942703
2020-02-12 00:30:00,3.306,4.142619789173639
2020-02-12 00:45:00,3.236,4.2421118942326235
2020-02-12 01:00:00,3.095,4.4737857966898575
2020-02-12 01:15:00,2.884,4.095464726737471
2020-02-12 01:30:00,2.814,4.126326478204493
2020-02-12 01:45:00,2.955,4.139087311201504
2020-02-12 02:00:00,2.744,4.0510973430220725
2020-02-12 02:15:00,3.095,3.895822927844721
2020-02-12 02:30:00,3.025,3.988528894818374
2020-02-12 02:45:00,2.532,3.7195636046315825
2020-02-12 03:00:00,2.744,3.6020993219622692
2020-02-12 03:15:00,2.673,3.575347452097516
2020-02-12 03:30:00,2.744,3.5673882412324773
2020-02-12 03:45:00,2.744,3.487864185154197
2020-02-12 04:00:00,2.884,3.579032210896332
2020-02-12 04:15:00,2.744,3.6801252601784733
2020-02-12 04:30:00,2.814,3.3436319912614128
2020-02-12 04:45:00,3.025,3.570311404872412
2020-02-12 05:00:00,2.884,3.576113581179277
2020-02-12 05:15:00,3.025,3.559449275212254
2020-02-12 05:30:00,2.884,3.7721438907316354
2020-02-12 05:45:00,2.884,3.604627821855323
2020-02-12 06:00:00,2.673,3.699863856944271
2020-02-12 06:15:00,3.025,3.6979222162574295
2020-02-12 06:30:00,2.744,3.6926717795904564
2020-02-12 06:45:00,2.181,3.6206677309390143
2020-02-12 07:00:00,2.532,3.7003934854322114
2020-02-12 07:15:00,2.392,3.678465477739589
2020-02-12 07:30:00,2.11,3.6565107949261146
2020-02-12 07:45:00,1.759,3.606756650523089
2020-02-12 08:00:00,1.618,3.6822169917187244
2020-02-12 08:15:00,1.126,3.6942559806323296
2020-02-12 08:30:00,1.196,3.898612665662465
2020-02-12 08:45:00,1.266,3.887787200998809
2020-02-12 09:00:00,1.759,4.101983320574189
2020-02-12 09:15:00,1.407,3.872871932885863
2020-02-12 09:30:00,1.337,4.1768288622094305
2020-02-12 09:45:00,1.337,4.118982878377454
2020-02-12 10:00:00,1.055,4.327421210650431
2020-02-12 10:15:00,1.196,4.134396660040322
2020-02-12 10:30:00,1.477,4.214471399849074
2020-02-12 10:45:00,1.759,4.139505924188758
2020-02-12 11:00:00,1.618,3.978511525134992
2020-02-12 11:15:00,1.337,3.9682821073481094
2020-02-12 11:30:00,1.196,4.252326945110773
2020-02-12 11:45:00,1.126,4.443000144574371
2020-02-12 12:00:00,1.337,4.62804880937475
2020-02-12 12:15:00,1.407,4.673308358996296
2020-02-12 12:30:00,1.337,4.782694660708942
2020-02-12 12:45:00,1.688,5.017729595070755
2020-02-12 13:00:00,1.899,4.736277476936911
2020-02-12 13:15:00,2.814,4.510696665209731
2020-02-12 13:30:00,2.814,4.538600033134511
2020-02-12 13:45:00,2.814,4.344809062616717
2020-02-12 14:00:00,3.236,4.154913141177388
2020-02-12 14:15:00,2.884,4.276030911119932
2020-02-12 14:30:00,2.814,4.756361005170879
2020-02-12 14:45:00,2.955,5.225034005327602
2020-02-12 15:00:00,2.603,4.988106431288938
2020-02-12 15:15:00,2.462,4.410658097249113
2020-02-12 15:30:00,2.11,4.470735362107316
2020-02-12 15:45:00,2.181,4.75953804685116
2020-02-12 16:00:00,2.532,4.495745202320834
2020-02-12 16:15:00,2.321,4.282628772552589
2020-02-12 16:30:00,2.532,4.640565522261931
2020-02-12 16:45:00,2.181,4.6971144754522625
2020-02-12 17:00:00,2.181,4.709497378383383
2020-02-12 17:15:00,2.181,4.938028064078742
2020-02-12 17:30:00,2.181,4.951601838053884
2020-02-12 17:45:00,2.744,4.823871315821465
2020-02-12 18:00:00,2.532,4.859440895957903
2020-02-12 18:15:00,2.744,4.874224410343529
2020-02-12 18:30:00,2.814,4.771730751391411
2020-02-12 18:45:00,3.236,4.749305279942344
2020-02-12 19:00:00,3.095,4.694313847847853
2020-02-12 19:15:00,3.236,4.685877397682107
2020-02-12 19:30:00,3.236,4.812780171390445
2020-02-12 19:45:00,3.306,4.677617880187024
2020-02-12 20:00:00,3.517,4.795860557194005
2020-02-12 20:15:00,3.658,4.540122854150427
2020-02-12 20:30:00,3.869,4.412925072738566
2020-02-12 20:45:00,3.869,4.461461643682763
2020-02-12 21:00:00,3.799,4.624681935431843
2020-02-12 21:15:00,3.799,4.6140925770587335
2020-02-12 21:30:00,3.799,4.494753258190312
2020-02-12 21:45:00,3.799,4.37301287227337
2020-02-12 22:00:00,3.799,4.2530953924032495
2020-02-12 22:15:00,3.869,4.136117623445361
2020-02-12 22:30:00,3.869,4.321412784501104
2020-02-12 22:45:00,4.08,4.345521423542735
2020-02-12 23:00:00,4.15,4.245597320238512
2020-02-12 23:15:00,4.291,4.189974727954088
2020-02-12 23:30:00,4.362,4.206790128609109
2020-02-12 23:45:00,4.291,4.128831162413699
2020-02-13 00:00:00,4.291,4.376495363127661
2020-02-13 00:15:00,4.15,4.335821153682202
2020-02-13 00:30:00,4.362,4.290852725710204
2020-02-13 00:45:00,4.432,4.30805892823704
2020-02-13 01:00:00,4.291,4.172701950538875
2020-02-13 01:15:00,4.432,4.085997329680581
2020-02-13 01:30:00,3.588,4.100865712842393
2020-02-13 01:45:00,3.658,4.124585847978124
2020-02-13 02:00:00,4.08,4.076667455444239
2020-02-13 02:15:00,3.939,4.084817737872035
2020-02-13 02:30:00,3.236,4.008837583585119
2020-02-13 02:45:00,3.447,4.062024721261636
2020-02-13 03:00:00,3.306,3.9582072952217318
2020-02-13 03:15:00,3.095,4.097432905525989
2020-02-13 03:30:00,3.588,4.119446716615226
2020-02-13 03:45:00,3.306,4.122834535712024
2020-02-13 04:00:00,3.799,4.078897590013404
2020-02-13 04:15:00,3.306,4.108629579670411
2020-02-13 04:30:00,3.236,4.119886436277151
2020-02-13 04:45:00,3.095,4.097084007003748
2020-02-13 05:00:00,3.447,4.091139743534411
2020-02-13 05:15:00,3.236,4.065714248992042
2020-02-13 05:30:00,3.447,4.016507894093913
2020-02-13 05:45:00,3.869,4.046238387756706
2020-02-13 06:00:00,3.588,4.0136182264291325
2020-02-13 06:15:00,3.658,4.130110113715483
2020-02-13 06:30:00,3.658,4.184568985742978
2020-02-13 06:45:00,3.517,4.146311688825425
2020-02-13 07:00:00,3.306,3.9590496664811576
2020-02-13 07:15:00,2.955,4.1497550652250625
2020-02-13 07:30:00,3.095,4.126213894683952
2020-02-13 07:45:00,3.447,4.058884253718581
2020-02-13 08:00:00,3.588,4.048103813597917
2020-02-13 08:15:00,4.08,4.0097833365182725
2020-02-13 08:30:00,4.15,4.153758982804178
2020-02-13 08:45:00,4.08,4.095940057044103
2020-02-13 09:00:00,4.08,4.147578108256382
2020-02-13 09:15:00,4.502,4.26858038343461
2020-02-13 09:30:00,4.784,4.2463588792138705
2020-02-13 09:45:00,4.995,4.264311670621617
2020-02-13 10:00:00,4.924,4.27646563370588
2020-02-13 10:15:00,5.276,4.152012847677033
2020-02-13 10:30:00,5.417,4.218725632684226
2020-02-13 10:45:00,5.487,4.353595049550856
2020-02-13 11:00:00,5.698,4.172494720247183
2020-02-13 11:15:00,5.346,4.205547064528632
2020-02-13 11:30:00,5.346,4.226448417783702
2020-02-13 11:45:00,5.206,4.25425345383135
2020-02-13 12:00:00,4.995,4.381783944245351
2020-02-13 12:15:00,5.346,4.191992977389273
2020-02-13 12:30:00,5.417,4.350388452198016
2020-02-13 12:45:00,4.995,4.341075943062058
2020-02-13 13:00:00,4.995,4.281704411209035
2020-02-13 13:15:00,5.909,4.304609240868371
2020-02-13 13:30:00,5.909,4.21645207290882
2020-02-13 13:45:00,5.768,4.378906632953001
2020-02-13 14:00:00,5.768,4.362503293322534
2020-02-13 14:15:00,6.05,4.276219189715447
2020-02-13 14:30:00,5.839,4.306115470400641
2020-02-13 14:45:00,5.979,4.228808426977982
2020-02-13 15:00:00,6.191,4.4176120931787475
2020-02-13 15:15:00,6.472,4.531065358237481
2020-02-13 15:30:00,6.472,4.443081133579948
2020-02-13 15:45:00,6.331,4.65102433169955
2020-02-13 16:00:00,6.331,4.46500224470759
2020-02-13 16:15:00,6.05,4.662503243464248
2020-02-13 16:30:00,6.12,4.6374724328115295
2020-02-13 16:45:00,6.472,4.4577721057489486
2020-02-13 17:00:00,6.05,4.475092714486072
2020-02-13 17:15:00,5.839,4.516206180871375
2020-02-13 17:30:00,6.261,4.660980973814315
2020-02-13 17:45:00,6.613,4.773413613875505
2020-02-13 18:00:00,6.613,4.771972064653905
2020-02-13 18:15:00,6.402,4.648373626670181
2020-02-13 18:30:00,5.909,4.622136840207603
2020-02-13 18:45:00,6.05,4.583425849541633
2020-02-13 19:00:00,6.05,4.614355645620957
2020-02-13 19:15:00,6.261,4.526638029719924
2020-02-13 19:30:00,6.472,4.5569076199186425
2020-02-13 19:45:00,6.12,4.7626260372908105
2020-02-13 20:00:00,5.698,4.811100362217833
2020-02-13 20:15:00,5.909,4.818347271736629
2020-02-13 20:30:00,6.261,4.886032826194877
2020-02-13 20:45:00,6.05,4.797078289139349
2020-02-13 21:00:00,6.12,4.682344428090887
2020-02-13 21:15:00,6.05,4.765226460695475
2020-02-13 21:30:00,6.191,4.714429403249929
2020-02-13 21:45:00,6.331,4.755988374004191
2020-02-13 22:00:00,6.05,4.752368909516311
2020-02-13 22:15:00,6.261,4.8168327540719895
2020-02-13 22:30:00,6.191,4.692903738337888
2020-02-13 22:45:00,6.261,4.709423551428944
2020-02-13 23:00:00,6.472,4.726264620082489
2020-02-13 23:15:00,6.613,4.587209735303161
2020-02-13 23:30:00,6.261,4.374234630287085
2020-02-13 23:45:00,6.12,4.304916542490129
2020-02-14 00:00:00,6.402,4.403303969241348
2020-02-14 00:15:00,6.402,4.266943402793491
2020-02-14 00:30:00,5.979,4.389247948832757
2020-02-14 00:45:00,6.261,4.190611833650463
2020-02-14 01:00:00,6.472,4.169084080755252
2020-02-14 01:15:00,6.331,4.075809937031473
2020-02-14 01:30:00,6.05,4.033780039381588
2020-02-14 01:45:00,5.487,4.064666449877525
2020-02-14 02:00:00,5.557,4.059863624295545
2020-02-14 02:15:00,5.909,4.0995401904932285
2020-02-14 02:30:00,6.12,3.940911633442867
2020-02-14 02:45:00,6.12,3.9415349612059583
2020-02-14 03:00:00,6.402,4.0353463553193345
2020-02-14 03:15:00,6.331,3.9816843816566565
2020-02-14 03:30:00,6.191,4.020544268637933
2020-02-14 03:45:00,6.05,3.9601460210677724
2020-02-14 04:00:00,6.261,3.9320170056318635
2020-02-14 04:15:00,6.12,4.088699533722922
2020-02-14 04:30:00,5.909,4.04496980128316
2020-02-14 04:45:00,5.839,3.877533774558249
2020-02-14 05:00:00,5.557,3.9329696862542938
2020-02-14 05:15:00,5.557,3.927301607083683
2020-02-14 05:30:00,5.557,4.096261568905172
2020-02-14 05:45:00,5.698,3.969204890274297
2020-02-14 06:00:00,5.628,3.9744630645563186
2020-02-14 06:15:00,5.346,3.932593271298892
2020-02-14 06:30:00,5.206,4.089696575160596
2020-02-14 06:45:00,4.924,4.116643948769094
2020-02-14 07:00:00,4.924,4.117435607695916
2020-02-14 07:15:00,5.346,4.230700010751881
2020-02-14 07:30:00,5.768,4.114220289078721
2020-02-14 07:45:00,5.768,4.138482620118367
2020-02-14 08:00:00,5.909,4.185546410321433
2020-02-14 08:15:00,6.12,4.169039440832053
2020-02-14 08:30:00,6.402,4.300141918609152
2020-02-14 08:45:00,6.261,4.362348550915497
2020-02-14 09:00:00,6.472,4.125809732611473
2020-02-14 09:15:00,6.753,4.226911331475368
2020-02-14 09:30:00,6.753,4.265884101611493
2020-02-14 09:45:00,6.964,4.250749477276118
2020-02-14 10:00:00,6.753,4.107946560563443
2020-02-14 10:15:00,7.105,4.28590675394349
2020-02-14 10:30:00,7.316,4.385460784264262
2020-02-14 10:45:00,7.105,4.1008094415680825
2020-02-14 11:00:00,6.964,4.163203269035694
2020-02-14 11:15:00,7.105,4.2405173700819
2020-02-14 11:30:00,6.472,4.358907526140026
2020-02-14 11:45:00,6.542,4.646463820221285
2020-02-14 12:00:00,6.753,4.82753109002384
2020-02-14 12:15:00,6.613,5.177251144169461
2020-02-14 12:30:00,7.035,5.201412747700033
2020-02-14 12:45:00,7.316,5.608188141929253
2020-02-14 13:00:00,7.668,5.764013683242739
2020-02-14 13:15:00,7.879,5.840586859259795
2020-02-14 13:30:00,7.386,6.049397526655347
2020-02-14 13:45:00,7.457,6.279131484190051
2020-02-14 14:00:00,7.386,6.549742055611117
2020-02-14 14:15:00,7.668,6.731371212303702
2020-02-14 14:30:00,7.527,6.988817667065095
2020-02-14 14:45:00,7.668,6.929794349095533
2020-02-14 15:00:00,7.457,7.328698478031584
2020-02-14 15:15:00,7.457,7.580742437128146
2020-02-14 15:30:00,7.386,7.310422373331664
2020-02-14 15:45:00,7.316,7.4954519180893735
2020-02-14 16:00:00,7.457,7.389790749005254
2020-02-14 16:15:00,7.316,7.49608444142985
2020-02-14 16:30:00,7.105,7.5750114604572305
2020-02-14 16:45:00,7.457,7.405658058465563
2020-02-14 17:00:00,7.457,7.356161115420211
2020-02-14 17:15:00,6.894,7.3901134632551955
2020-02-14 17:30:00,6.753,7.130391585337076
2020-02-14 17:45:00,6.261,6.521345782815791
2020-02-14 18:00:00,6.402,5.745050423383808
2020-02-14 18:15:00,6.683,5.704194881084749
2020-02-14 18:30:00,6.753,5.5764952429983055
2020-02-14 18:45:00,7.105,5.101202424918794
2020-02-14 19:00:00,7.105,5.057046324793109
2020-02-14 19:15:00,7.105,4.970453621194806
2020-02-14 19:30:00,7.668,4.883617757224651
2020-02-14 19:45:00,7.386,4.749324603626992
2020-02-14 20:00:00,7.316,4.785240077814649
2020-02-14 20:15:00,6.824,4.571621842653468
2020-02-14 20:30:00,7.316,4.537362227909491
2020-02-14 20:45:00,7.386,4.455574724481763
2020-02-14 21:00:00,7.316,4.495693779283136
2020-02-14 21:15:00,7.316,4.394071282898269
2020-02-14 21:30:00,7.316,4.375434492789214
2020-02-14 21:45:00,7.386,4.529663964569054
2020-02-14 22:00:00,7.175,4.512077657515432
2020-02-14 22:15:00,7.527,4.3617579958267365
2020-02-14 22:30:00,6.964,4.354397788001504
2020-02-14 22:45:00,6.964,4.427161416386137
2020-02-14 23:00:00,6.683,4.346922563864198
2020-02-14 23:15:00,6.964,4.507619448882372
2020-02-14 23:30:00,7.175,4.694088741251212
2020-02-14 23:45:00,7.035,4.969842821362578
2020-02-15 00:00:00,7.386,5.108966589472269
2020-02-15 00:15:00,7.105,5.083260940916947
2020-02-15 00:30:00,6.191,5.166886382710919
2020-02-15 00:45:00,5.557,5.128404090080698
2020-02-15 01:00:00,5.909,4.928326956477933
2020-02-15 01:15:00,5.557,5.024140603073496
2020-02-15 01:30:00,5.206,4.953083417483506
2020-02-15 01:45:00,4.432,5.014513029256626
2020-02-15 02:00:00,3.799,4.96677847704043
2020-02-15 02:15:00,3.869,4.935185646717875
2020-02-15 02:30:00,3.588,4.965480665334366
2020-02-15 02:45:00,3.869,5.015840276030658
2020-02-15 03:00:00,3.728,5.0297573818372
2020-02-15 03:15:00,3.377,4.876606050176608
2020-02-15 03:30:00,3.377,4.8613196191259345
2020-02-15 03:45:00,3.447,4.84558395983429
2020-02-15 04:00:00,3.236,4.632125314771868
2020-02-15 04:15:00,3.447,4.748709071020626
2020-02-15 04:30:00,3.517,4.789410712229275
2020-02-15 04:45:00,3.377,4.803662551898238
2020-02-15 05:00:00,3.588,4.65655811383957
2020-02-15 05:15:00,3.447,4.741503932729486
2020-02-15 05:30:00,3.447,4.690840105727321
2020-02-15 05:45:00,3.377,4.737550652799012
2020-02-15 06:00:00,3.447,4.883979111602504
2020-02-15 06:15:00,3.095,4.941719971028056
2020-02-15 06:30:00,3.236,4.875216043334351
2020-02-15 06:45:00,3.095,4.801189744365137
2020-02-15 07:00:00,3.236,4.879938737107524
2020-02-15 07:15:00,3.236,4.788704294880852
2020-02-15 07:30:00,3.025,4.80199094717083
2020-02-15 07:45:00,3.166,4.783835313733802
2020-02-15 08:00:00,2.884,4.882007281381602
2020-02-15 08:15:00,2.884,4.771273159108243
2020-02-15 08:30:00,3.095,4.752973549956774
2020-02-15 08:45:00,2.744,4.943197619585577
2020-02-15 09:00:00,2.884,4.837812705659839
2020-02-15 09:15:00,3.025,4.922494649488444
2020-02-15 09:30:00,3.166,5.138209086957761
2020-02-15 09:45:00,3.236,5.379882920178868
2020-02-15 10:00:00,2.884,5.599166463772593
2020-02-15 10:15:00,2.884,5.717280910764912
2020-02-15 10:30:00,3.025,5.782482956311742
2020-02-15 10:45:00,2.955,5.842808939170662
2020-02-15 11:00:00,2.814,5.838576807009171
2020-02-15 11:15:00,2.884,5.829584070617012
2020-02-15 11:30:00,2.955,5.744976630123603
2020-02-15 11:45:00,2.884,5.8949786110151665
2020-02-15 12:00:00,2.814,5.872470296699891
2020-02-15 12:15:00,3.095,5.868873533840653
2020-02-15 12:30:00,2.955,5.864843784955975
2020-02-15 12:45:00,2.955,5.948927609324401
2020-02-15 13:00:00,3.095,5.929906088245297
2020-02-15 13:15:00,3.095,5.959466152534272
2020-02-15 13:30:00,2.955,6.229383300935188
2020-02-15 13:45:00,3.166,6.252534440314973
2020-02-15 14:00:00,3.095,6.280160796689453
2020-02-15 14:15:00,3.236,6.298807377791439
2020-02-15 14:30:00,3.306,6.434371482247981
2020-02-15 14:45:00,3.236,6.4353382647278865
2020-02-15 15:00:00,3.166,6.393048619062829
2020-02-15 15:15:00,3.306,6.334717059792388
2020-02-15 15:30:00,3.728,6.320140459330139
2020-02-15 15:45:00,3.517,6.283580516429382
2020-02-15 16:00:00,3.658,6.25814150328107
2020-02-15 16:15:00,3.658,6.319475359676207
2020-02-15 16:30:00,3.447,6.167008415605055
2020-02-15 16:45:00,3.588,6.180603174635519
2020-02-15 17:00:00,3.236,6.079256183632736
2020-02-15 17:15:00,3.166,6.038825936017927
2020-02-15 17:30:00,2.814,5.987079744427681
2020-02-15 17:45:00,2.744,6.1012461404063
2020-02-15 18:00:00,2.603,6.081344887850094
2020-02-15 18:15:00,2.532,6.097218795372106
2020-02-15 18:30:00,2.673,6.007852960587173
2020-02-15 18:45:00,2.462,6.043329757055351
2020-02-15 19:00:00,2.532,5.99534022411162
2020-02-15 19:15:00,2.814,5.958754335549437
2020-02-15 19:30:00,2.814,5.872491327135734
2020-02-15 19:45:00,2.884,5.697362389879204
2020-02-15 20:00:00,3.025,5.752032845838618
2020-02-15 20:15:00,3.095,5.4274911498440295
2020-02-15 20:30:00,3.025,5.487997591615672
2020-02-15 20:45:00,3.306,5.554612764981127
2020-02-15 21:00:00,3.236,5.637638839989466
2020-02-15 21:15:00,3.166,5.556161204236776
2020-02-15 21:30:00,3.306,5.707978240806022
2020-02-15 21:45:00,3.377,5.665615700892905
2020-02-15 22:00:00,3.447,5.488477242514359
2020-02-15 22:15:00,3.588,5.53326396192523
2020-02-15 22:30:00,3.377,5.70191992017503
2020-02-15 22:45:00,3.447,5.898966915106013
2020-02-15 23:00:00,3.306,5.970842489138227
2020-02-15 23:15:00,3.236,6.070140804521567
2020-02-15 23:30:00,3.306,6.123543632263954
2020-02-15 23:45:00,3.447,6.313037064958821
2020-02-16 00:00:00,3.025,6.290076178386316
2020-02-16 00:15:00,3.517,6.287889126184135
2020-02-16 00:30:00,3.447,6.253975132483098
2020-02-16 00:45:00,3.588,6.488044704429054
2020-02-16 01:00:00,3.447,6.717613453861218
2020-02-16 01:15:00,3.447,7.0089442891753135
2020-02-16 01:30:00,3.377,7.121988698776167
2020-02-16 01:45:00,3.588,7.599028962154251
2020-02-16 02:00:00,3.306,8.213116978790795
2020-02-16 02:15:00,3.236,9.168966778969162
2020-02-16 02:30:00,3.306,9.412064167507925
2020-02-16 02:45:00,3.447,9.651293980162139
2020-02-16 03:00:00,3.658,9.76818532632848
2020-02-16 03:15:00,3.306,10.056866340583367
2020-02-16 03:30:00,3.447,10.352141994554156
2020-02-16 03:45:00,3.447,10.196725745822476
2020-02-16 04:00:00,3.447,10.36217221555142
2020-02-16 04:15:00,3.447,10.43738408454122
2020-02-16 04:30:00,3.236,9.933067154164691
2020-02-16 04:45:00,3.306,9.38968181333809
2020-02-16 05:00:00,3.306,8.916729668754892
2020-02-16 05:15:00,3.095,8.585077108867637
2020-02-16 05:30:00,3.306,7.994011159939652
2020-02-16 05:45:00,3.588,7.394170613465172
2020-02-16 06:00:00,3.799,6.955834924382152
2020-02-16 06:15:00,3.939,6.711480975307407
2020-02-16 06:30:00,3.377,6.4013121179804235
2020-02-16 06:45:00,3.447,6.108279383341402
2020-02-16 07:00:00,4.15,6.0679415356363275
2020-02-16 07:15:00,3.377,5.682709448966478
2020-02-16 07:30:00,3.025,5.428223259231322
2020-02-16 07:45:00,3.095,5.384530424448241
2020-02-16 08:00:00,3.095,5.202127695655475
2020-02-16 08:15:00,3.728,5.09017863721109
2020-02-16 08:30:00,3.799,5.07681810952617
2020-02-16 08:45:00,3.447,5.034556746440626
2020-02-16 09:00:00,3.517,5.09039333297897
2020-02-16 09:15:00,3.306,5.156116665312636
2020-02-16 09:30:00,3.236,5.344543730665012
2020-02-16 09:45:00,3.306,5.4325929416243595
2020-02-16 10:00:00,3.377,5.30793451964154
2020-02-16 10:15:00,3.728,5.264284632380547
2020-02-16 10:30:00,3.799,5.2309734204571665
2020-02-16 10:45:00,3.799,5.229632847854784
2020-02-16 11:00:00,4.432,5.249847885451673
2020-02-16 11:15:00,4.854,5.2915986741199506
2020-02-16 11:30:00,4.432,5.420867254445013
2020-02-16 11:45:00,4.573,5.582220087814338
2020-02-16 12:00:00,5.135,5.790812123930198
2020-02-16 12:15:00,5.417,5.7196403437447
2020-02-16 12:30:00,5.206,5.80197766873738
2020-02-16 12:45:00,5.276,6.211770863358628
2020-02-16 13:00:00,5.417,6.205679072478918
2020-02-16 13:15:00,5.346,6.472200304894074
2020-02-16 13:30:00,5.487,6.575235729058652
2020-02-16 13:45:00,5.557,6.7883932594448675
2020-02-16 14:00:00,5.698,6.687868584974415
2020-02-16 14:15:00,5.698,6.950228495664988
2020-02-16 14:30:00,5.557,7.1116348564536205
2020-02-16 14:45:00,5.698,7.359050275117747
2020-02-16 15:00:00,5.698,7.872246280325611
2020-02-16 15:15:00,5.979,7.885167986382645
2020-02-16 15:30:00,5.487,7.57562618773269
2020-02-16 15:45:00,5.557,7.8073827726343294
2020-02-16 16:00:00,5.557,7.5412552070187395
2020-02-16 16:15:00,5.135,7.586199184971078
2020-02-16 16:30:00,4.924,7.594476966347203
2020-02-16 16:45:00,5.135,7.3525881681782606
2020-02-16 17:00:00,5.206,7.35767351535391
2020-02-16 17:15:00,5.065,7.302117995851089
2020-02-16 17:30:00,5.276,7.233725007512069
2020-02-16 17:45:00,5.487,6.669387000015266
2020-02-16 18:00:00,5.417,6.404934612068529
2020-02-16 18:15:00,5.417,6.417269070112226
2020-02-16 18:30:00,5.346,6.306900637139066
2020-02-16 18:45:00,5.417,6.376320510421021
2020-02-16 19:00:00,5.135,5.985488491710527
2020-02-16 19:15:00,5.206,6.13980392261987
2020-02-16 19:30:00,5.135,5.840536201844242
2020-02-16 19:45:00,4.924,5.794326188281414
2020-02-16 20:00:00,4.924,5.683800703685133
2020-02-16 20:15:00,5.065,5.581080228545009
2020-02-16 20:30:00,4.924,5.49923301414061
2020-02-16 20:45:00,4.995,5.576341555767527
2020-02-16 21:00:00,4.995,5.601136459655718
2020-02-16 21:15:00,5.135,5.498494993692513
2020-02-16 21:30:00,5.135,5.613646764189107
2020-02-16 21:45:00,5.206,5.528305798126711
2020-02-16 22:00:00,4.924,5.4963410894785945
2020-02-16 22:15:00,4.995,5.458299297228597
2020-02-16 22:30:00,4.854,5.451157448720972
2020-02-16 22:45:00,4.995,5.251664272609088
2020-02-16 23:00:00,5.135,5.585347396371932
2020-02-16 23:15:00,4.924,5.868335822840531
2020-02-16 23:30:00,4.713,5.941749367702591
2020-02-16 23:45:00,4.713,6.001536806749072
2020-02-17 00:00:00,4.573,5.896027377155431
2020-02-17 00:15:00,4.502,6.681825807934997
2020-02-17 00:30:00,4.291,7.429643279859438
2020-02-17 00:45:00,4.15,7.309788008772203
2020-02-17 01:00:00,4.01,7.260084018242346
2020-02-17 01:15:00,3.869,7.4639262776249815
2020-02-17 01:30:00,3.939,7.806144055488535
2020-02-17 01:45:00,4.362,8.168583007308321
2020-02-17 02:00:00,4.15,8.559356865219005
2020-02-17 02:15:00,4.15,9.198387638573395
2020-02-17 02:30:00,4.573,9.301924127700383
2020-02-17 02:45:00,4.643,9.57126713160409
2020-02-17 03:00:00,4.995,9.503464797802419
2020-02-17 03:15:00,4.854,9.55028533378297
2020-02-17 03:30:00,4.854,9.611465188531321
2020-02-17 03:45:00,4.643,9.551041149674955
2020-02-17 04:00:00,4.362,9.605543199737651
2020-02-17 04:15:00,4.291,9.621548533909204
2020-02-17 04:30:00,4.221,9.716254814469648
2020-02-17 04:45:00,4.15,9.637930112484469
2020-02-17 05:00:00,4.221,9.596876158436235
2020-02-17 05:15:00,3.799,9.350668502566561
2020-02-17 05:30:00,3.588,9.273233351944668
2020-02-17 05:45:00,3.447,9.13728254567812
2020-02-17 06:00:00,3.377,9.018699985038516
2020-02-17 06:15:00,3.025,8.877861892884376
2020-02-17 06:30:00,2.744,9.09782245977184
2020-02-17 06:45:00,2.181,9.239335368304864
2020-02-17 07:00:00,2.04,9.24613888029122
2020-02-17 07:15:00,2.251,9.319987124282953
2020-02-17 07:30:00,2.11,9.176487269291426
2020-02-17 07:45:00,2.181,9.041490040264105
2020-02-17 08:00:00,2.251,9.114403417047358
2020-02-17 08:15:00,2.181,8.788785125812336
2020-02-17 08:30:00,1.759,8.460604619001003
2020-02-17 08:45:00,1.759,8.278117531218257
2020-02-17 09:00:00,1.829,8.11640506452131
2020-02-17 09:15:00,2.04,7.50858721407715
2020-02-17 09:30:00,2.321,7.044879113364203
2020-02-17 09:45:00,2.392,6.524795566738934
2020-02-17 10:00:00,2.181,6.346433386365523
2020-02-17 10:15:00,2.392,6.209471821612825
2020-02-17 10:30:00,2.744,6.257812960516285
2020-02-17 10:45:00,2.814,6.287081233067673
2020-02-17 11:00:00,2.955,6.3388811355206025
2020-02-17 11:15:00,2.884,6.365485706045385
2020-02-17 11:30:00,2.744,6.307152157524564
2020-02-17 11:45:00,2.603,6.561357038742277
2020-02-17 12:00:00,2.884,6.635712596790188
2020-02-17 12:15:00,2.955,6.748315662314683
2020-02-17 12:30:00,2.884,7.556439379690046
2020-02-17 12:45:00,3.025,7.599629797229296
2020-02-17 13:00:00,3.377,7.532272061074889
2020-02-17 13:15:00,3.799,7.579930000813288
2020-02-17 13:30:00,3.939,7.608336526371243
2020-02-17 13:45:00,4.291,7.27004651351541
2020-02-17 14:00:00,4.291,7.282201361581171
2020-02-17 14:15:00,4.291,7.418410651816697
2020-02-17 14:30:00,4.291,7.024220566124615
2020-02-17 14:45:00,4.15,7.2033224838967245
2020-02-17 15:00:00,4.221,7.099861505768906
2020-02-17 15:15:00,4.15,6.637358501114101
2020-02-17 15:30:00,4.291,6.504672273095238
2020-02-17 15:45:00,4.15,5.7747390015239635
2020-02-17 16:00:00,4.15,5.7499063310137695
2020-02-17 16:15:00,4.01,5.7867165026933005
2020-02-17 16:30:00,4.08,5.547364422663373
2020-02-17 16:45:00,3.728,5.311677197047135
2020-02-17 17:00:00,3.236,5.332297057861243
2020-02-17 17:15:00,3.236,5.1511775618996385
2020-02-17 17:30:00,3.095,4.978188260551335
2020-02-17 17:45:00,2.884,4.907107471130996
2020-02-17 18:00:00,2.744,4.677095606992752
2020-02-17 18:15:00,2.673,4.620556247644358
2020-02-17 18:30:00,2.744,4.566667295093827
2020-02-17 18:45:00,2.603,4.702994407964938
2020-02-17 19:00:00,2.603,4.699762004933423
2020-02-17 19:15:00,2.673,4.808012568557156
2020-02-17 19:30:00,2.392,4.829334279086863
2020-02-17 19:45:00,2.532,4.786742427102213
2020-02-17 20:00:00,2.603,4.771495577055006
2020-02-17 20:15:00,2.532,4.689535621439492
2020-02-17 20:30:00,2.532,4.578277783848465
2020-02-17 20:45:00,2.251,4.76396131347662
2020-02-17 21:00:00,2.532,4.686390791079078
2020-02-17 21:15:00,2.181,4.811598672198884
2020-02-17 21:30:00,2.181,4.852541088252332
2020-02-17 21:45:00,2.181,5.00637081985135
2020-02-17 22:00:00,2.462,5.0269445058688715
2020-02-17 22:15:00,2.532,5.251360378972038
2020-02-17 22:30:00,2.532,5.515331943816307
2020-02-17 22:45:00,2.392,5.656233286273631
2020-02-17 23:00:00,2.392,5.939671870926253
2020-02-17 23:15:00,2.11,6.068304546885723
2020-02-17 23:30:00,2.181,6.429609976157229
2020-02-17 23:45:00,2.181,7.724525880681072
2020-02-18 00:00:00,2.11,7.835402692652608
2020-02-18 00:15:00,2.251,7.796339284210023
2020-02-18 00:30:00,2.251,8.137101466601077
2020-02-18 00:45:00,2.251,8.349397561042645
2020-02-18 01:00:00,2.181,8.181059239541646
2020-02-18 01:15:00,2.251,8.457114376339527
2020-02-18 01:30:00,2.532,8.450866202795257
2020-02-18 01:45:00,2.462,8.435524062898908
2020-02-18 02:00:00,2.251,8.802124102228307
2020-02-18 02:15:00,2.251,8.842293970469845
2020-02-18 02:30:00,2.321,8.845450442164264
2020-02-18 02:45:00,2.321,8.871295317083558
2020-02-18 03:00:00,2.532,8.856448621046873
2020-02-18 03:15:00,2.462,8.87535237715805
2020-02-18 03:30:00,2.673,8.7530669432459
2020-02-18 03:45:00,2.673,8.490453101771266
2020-02-18 04:00:00,3.095,8.203833501698119
2020-02-18 04:15:00,3.588,8.125101922789149
2020-02-18 04:30:00,3.939,7.926247441430607
2020-02-18 04:45:00,4.08,7.63652002679351
2020-02-18 05:00:00,3.799,7.664127054092139
2020-02-18 05:15:00,3.166,7.412964821814538
2020-02-18 05:30:00,3.588,7.307019969543608
2020-02-18 05:45:00,3.447,6.951785950328112
2020-02-18 06:00:00,2.251,6.74820367551919
2020-02-18 06:15:00,2.392,6.317429816534108
2020-02-18 06:30:00,2.673,5.644980997480142
2020-02-18 06:45:00,3.306,5.3197407748682926
2020-02-18 07:00:00,4.15,5.510568907505417
2020-02-18 07:15:00,4.15,5.216031372870538
2020-02-18 07:30:00,4.573,5.148804758655382
2020-02-18 07:45:00,4.432,4.914337650111175
2020-02-18 08:00:00,4.291,4.864278284611142
2020-02-18 08:15:00,4.15,4.7326618672182565
2020-02-18 08:30:00,4.643,4.78347988799155
2020-02-18 08:45:00,4.573,4.833941424152828
2020-02-18 09:00:00,4.854,4.8428665655370615
2020-02-18 09:15:00,4.784,4.844608999164888
2020-02-18 09:30:00,4.924,4.905218210571336
2020-02-18 09:45:00,4.995,5.069602742543733
2020-02-18 10:00:00,5.065,4.6786501036484225
2020-02-18 10:15:00,4.995,4.481890832695091
2020-02-18 10:30:00,4.643,4.91661387966982
2020-02-18 10:45:00,4.643,4.829803430959408
2020-02-18 11:00:00,4.995,5.531114699435627
2020-02-18 11:15:00,5.206,4.743932785061536
2020-02-18 11:30:00,5.417,4.482712087325175
2020-02-18 11:45:00,5.628,4.9073973544622564
2020-02-18 12:00:00,4.643,4.414590452477754
2020-02-18 12:15:00,4.221,4.280229085446984
2020-02-18 12:30:00,4.573,4.204904653478191
2020-02-18 12:45:00,4.221,4.48658637031106
2020-02-18 13:00:00,4.502,4.4760587985855835
2020-02-18 13:15:00,4.432,4.300128431482776
2020-02-18 13:30:00,3.588,4.301542194699432
2020-02-18 13:45:00,3.306,4.230196704964283
2020-02-18 14:00:00,2.744,4.113883131597923
2020-02-18 14:15:00,2.181,4.233911108926199
2020-02-18 14:30:00,1.829,4.216195002924523
2020-02-18 14:45:00,1.688,4.277365813155274
2020-02-18 15:00:00,2.392,4.527449071118471
2020-02-18 15:15:00,2.251,4.484720653730343
2020-02-18 15:30:00,2.321,4.617369634517252
2020-02-18 15:45:00,2.532,4.631353924508613
2020-02-18 16:00:00,3.025,4.755193998541519
2020-02-18 16:15:00,1.688,4.780846428918576
2020-02-18 16:30:00,2.321,4.785407133513416
2020-02-18 16:45:00,1.548,4.6883973306163025
2020-02-18 17:00:00,1.548,4.602952496665566
2020-02-18 17:15:00,1.97,4.600389159749215
2020-02-18 17:30:00,2.462,4.660625790456634
2020-02-18 17:45:00,2.04,4.620596331982095
2020-02-18 18:00:00,2.04,4.547520346542697
2020-02-18 18:15:00,2.532,4.531603463314446
2020-02-18 18:30:00,2.532,4.505253196271854
2020-02-18 18:45:00,2.532,4.6350380684355486
2020-02-18 19:00:00,2.673,4.38848045871114
2020-02-18 19:15:00,2.814,4.358388244820122
2020-02-18 19:30:00,1.97,4.403067235209478
2020-02-18 19:45:00,2.181,4.363588693615882
2020-02-18 20:00:00,2.603,4.349924595981975
2020-02-18 20:15:00,2.11,4.493013109528352
2020-02-18 20:30:00,2.181,4.469893549896806
2020-02-18 20:45:00,1.688,4.387909132703334
2020-02-18 21:00:00,2.251,4.14844372092981
2020-02-18 21:15:00,2.532,4.14301927454906
2020-02-18 21:30:00,1.688,4.143398254268125
2020-02-18 21:45:00,1.829,4.165091150676222
2020-02-18 22:00:00,2.04,4.165070339811435
2020-02-18 22:15:00,2.11,4.256519125342142
2020-02-18 22:30:00,1.618,4.409895887641538
2020-02-18 22:45:00,1.337,4.581710678488208
2020-02-18 23:00:00,1.337,4.8417772413530065
2020-02-18 23:15:00,1.688,4.926926725993143
2020-02-18 23:30:00,2.181,5.038534965617637
2020-02-18 23:45:00,2.462,5.225158257492027
2020-02-19 00:00:00,2.04,5.322072799683966
2020-02-19 00:15:00,1.337,5.659418820453477
2020-02-19 00:30:00,2.462,5.735302565556307
2020-02-19 00:45:00,2.532,5.902002213681285
2020-02-19 01:00:00,2.321,6.3478025973593795
2020-02-19 01:15:00,2.603,6.755799197390855
2020-02-19 01:30:00,2.955,7.9852851017564825
2020-02-19 01:45:00,2.884,8.538864711867303
2020-02-19 02:00:00,2.955,8.954262722174287
2020-02-19 02:15:00,3.447,9.46473823537475
2020-02-19 02:30:00,3.588,9.838273232874526
2020-02-19 02:45:00,3.517,10.398455610659825
2020-02-19 03:00:00,3.728,10.083224555980973
2020-02-19 03:15:00,3.799,10.883759204477863
2020-02-19 03:30:00,3.939,11.120044793992005
2020-02-19 03:45:00,3.588,11.081526371508607
2020-02-19 04:00:00,3.236,11.282953331970514
2020-02-19 04:15:00,3.236,11.29587812194333
2020-02-19 04:30:00,2.884,11.220776691310352
2020-02-19 04:45:00,2.884,11.0849644563363
2020-02-19 05:00:00,2.955,11.14522143071559
2020-02-19 05:15:00,3.236,10.788818192813647
2020-02-19 05:30:00,3.588,10.370771551308719
2020-02-19 05:45:00,3.447,9.49175627184036
2020-02-19 06:00:00,3.095,8.754930336456896
2020-02-19 06:15:00,3.236,8.338200161529734
2020-02-19 06:30:00,2.955,8.087888860827807
2020-02-19 06:45:00,2.603,7.014248931470442
2020-02-19 07:00:00,2.392,7.008453454739306
2020-02-19 07:15:00,2.884,6.795142969290683
2020-02-19 07:30:00,3.095,6.6725529123335034
2020-02-19 07:45:00,3.377,6.529124406560924
2020-02-19 08:00:00,2.392,6.976753848479211
2020-02-19 08:15:00,2.251,6.859108205464684
2020-02-19 08:30:00,2.04,6.680401413476146
2020-02-19 08:45:00,1.759,6.93505257611268
2020-02-19 09:00:00,1.548,6.9487862912855975
2020-02-19 09:15:00,1.688,7.893016296374125
2020-02-19 09:30:00,1.407,8.114301900495686
2020-02-19 09:45:00,0.915,8.60435000942416
2020-02-19 10:00:00,0.563,8.818564825279672
2020-02-19 10:15:00,1.196,9.21562956947384
2020-02-19 10:30:00,0.774,9.148120719547181
2020-02-19 10:45:00,0.844,9.335047112652338
2020-02-19 11:00:00,0.774,9.570528333912632
2020-02-19 11:15:00,0.915,10.065989176708873
2020-02-19 11:30:00,1.477,10.317957005987518
2020-02-19 11:45:00,2.04,10.536351083270953
2020-02-19 12:00:00,2.392,10.578420240412889
2020-02-19 12:15:00,2.11,10.771747636374567
2020-02-19 12:30:00,2.181,10.970444454263788
2020-02-19 12:45:00,2.04,10.963280720531866
2020-02-19 13:00:00,2.11,10.9022378536574
2020-02-19 13:15:00,1.97,10.695084734752733
2020-02-19 13:30:00,1.97,10.660218087988843
2020-02-19 13:45:00,2.603,10.479653960903097
2020-02-19 14:00:00,2.955,10.02358216945808
2020-02-19 14:15:00,3.306,9.91221214492773
2020-02-19 14:30:00,3.588,9.297745904255315
2020-02-19 14:45:00,3.166,9.131413244901882
2020-02-19 15:00:00,2.955,8.553110402089576
2020-02-19 15:15:00,3.095,8.214320666242225
2020-02-19 15:30:00,3.166,8.211441791400627
2020-02-19 15:45:00,3.095,7.365673855655198
2020-02-19 16:00:00,2.884,7.522429359955016
2020-02-19 16:15:00,2.955,6.395952214678396
2020-02-19 16:30:00,2.955,6.2121339519086405
2020-02-19 16:45:00,2.744,5.854581504302543
2020-02-19 17:00:00,3.025,5.570206878670939
2020-02-19 17:15:00,3.025,5.406307351957987
2020-02-19 17:30:00,2.884,5.036701659635572
2020-02-19 17:45:00,2.955,4.980596949077312
2020-02-19 18:00:00,3.025,4.490169758429714
2020-02-19 18:15:00,3.377,4.544146282117725
2020-02-19 18:30:00,3.588,4.3367820978915965
2020-02-19 18:45:00,3.588,4.133678805756389
2020-02-19 19:00:00,3.517,4.22772866797151
2020-02-19 19:15:00,3.377,4.228978343689923
2020-02-19 19:30:00,3.236,4.14942509836263
2020-02-19 19:45:00,3.236,4.130089305980676
2020-02-19 20:00:00,3.306,3.9846126948737415
2020-02-19 20:15:00,3.799,3.9695955808473076
2020-02-19 20:30:00,3.658,3.950523808217167
2020-02-19 20:45:00,3.728,3.8404278878979072
2020-02-19 21:00:00,3.658,3.9235647364027186
2020-02-19 21:15:00,3.799,3.957196456517662
2020-02-19 21:30:00,3.658,4.2073247596847345
2020-02-19 21:45:00,3.447,4.315391175779751
2020-02-19 22:00:00,3.447,4.366095793091841
2020-02-19 22:15:00,3.658,4.487812213139269
2020-02-19 22:30:00,3.869,4.600562918415357
2020-02-19 22:45:00,3.588,4.815857111797269
2020-02-19 23:00:00,3.728,5.1091568599683
2020-02-19 23:15:00,3.658,5.549529522973292
2020-02-19 23:30:00,3.588,5.676737805834815
2020-02-19 23:45:00,3.939,5.791510798466056
2020-02-20 00:00:00,3.799,5.99000981279301
2020-02-20 00:15:00,3.869,6.860788603616802
2020-02-20 00:30:00,3.799,8.156858545068577
2020-02-20 00:45:00,3.517,8.464460638243814
2020-02-20 01:00:00,4.08,8.557328408426617
2020-02-20 01:15:00,4.01,8.888066837929767
2020-02-20 01:30:00,3.728,9.22535491063193
2020-02-20 01:45:00,3.447,9.208713301454935
2020-02-20 02:00:00,3.447,9.970024542108666
2020-02-20 02:15:00,3.658,10.620656200595475
2020-02-20 02:30:00,3.588,10.810978145091774
2020-02-20 02:45:00,3.658,11.355433941351427
2020-02-20 03:00:00,3.658,11.37195465285327
2020-02-20 03:15:00,3.236,11.51706373426399
2020-02-20 03:30:00,3.588,11.504105590021421
2020-02-20 03:45:00,3.447,11.670551247437212
2020-02-20 04:00:00,3.236,11.313156872541139
2020-02-20 04:15:00,3.236,11.212891033103661
2020-02-20 04:30:00,3.306,11.207336382404817
2020-02-20 04:45:00,3.588,11.075327962084085
2020-02-20 05:00:00,3.517,11.170898605537964
2020-02-20 05:15:00,3.166,11.112512668034997
2020-02-20 05:30:00,3.095,10.60000886560449
2020-02-20 05:45:00,2.814,10.031967708358687
2020-02-20 06:00:00,2.814,9.360518982615735
2020-02-20 06:15:00,2.884,8.952756415788674
2020-02-20 06:30:00,2.603,8.579696607685067
2020-02-20 06:45:00,2.603,7.7608044157610845
2020-02-20 07:00:00,2.462,6.939694675268884
2020-02-20 07:15:00,2.251,6.661177761053295
2020-02-20 07:30:00,2.532,6.0165482759261115
2020-02-20 07:45:00,2.532,5.494713233407544
2020-02-20 08:00:00,2.673,5.077139028429988
2020-02-20 08:15:00,2.744,4.8113030783137
2020-02-20 08:30:00,2.673,4.122936664480182
2020-02-20 08:45:00,2.603,4.151986719515287
2020-02-20 09:00:00,2.673,3.8683502041149467
2020-02-20 09:15:00,2.462,3.826159336515477
2020-02-20 09:30:00,2.462,3.771107028245953
2020-02-20 09:45:00,2.603,3.8010362672594917
2020-02-20 10:00:00,1.97,3.898189609842569
2020-02-20 10:15:00,1.829,3.8931122685511257
2020-02-20 10:30:00,0.844,3.8749001260136975
2020-02-20 10:45:00,0.774,3.729392881999161
2020-02-20 11:00:00,0.703,3.727070990027914
2020-02-20 11:15:00,0.774,3.6586672031211056
2020-02-20 11:30:00,0.0,3.7034920445803086
2020-02-20 11:45:00,0.0,3.6716777273087278
2020-02-20 12:00:00,0.0,3.8049483186876905
2020-02-20 12:15:00,0.492,3.7832429015713873
2020-02-20 12:30:00,0.0,3.793537368400419
2020-02-20 12:45:00,0.0,3.7454532024700646
2020-02-20 13:00:00,0.0,3.5786292043913455
2020-02-20 13:15:00,0.0,3.693673167943173
2020-02-20 13:30:00,0.0,3.6520395592815573
2020-02-20 13:45:00,0.0,3.5622651683406388
2020-02-20 14:00:00,0.0,3.598620183299295
2020-02-20 14:15:00,0.492,3.784828368138738
2020-02-20 14:30:00,0.0,3.627279728870252
2020-02-20 14:45:00,0.0,3.8469692860628184
2020-02-20 15:00:00,0.633,3.758230267796468
2020-02-20 15:15:00,0.0,3.557184947592283
2020-02-20 15:30:00,0.492,3.5128288173345483
2020-02-20 15:45:00,0.0,3.5915873517817074
2020-02-20 16:00:00,0.0,3.589393519176254
2020-02-20 16:15:00,0.0,3.5605139682276263
2020-02-20 16:30:00,0.0,3.525153800007298
2020-02-20 16:45:00,0.0,3.6083858026864193
2020-02-20 17:00:00,0.0,3.7356996713444155
2020-02-20 17:15:00,0.0,3.6837393431841745
2020-02-20 17:30:00,0.0,3.5143195049637863
2020-02-20 17:45:00,0.0,3.6188686954604146
2020-02-20 18:00:00,0.0,3.452114808552781
2020-02-20 18:15:00,0.0,3.613069389849391
2020-02-20 18:30:00,0.0,3.7986182851520436
2020-02-20 18:45:00,-0.633,3.6939040958242453
2020-02-20 19:00:00,0.0,3.6582509593491706
2020-02-20 19:15:00,0.0,3.601092373361325
2020-02-20 19:30:00,-0.633,3.6828491371754866
2020-02-20 19:45:00,0.0,3.6562857726676894
2020-02-20 20:00:00,0.0,3.637504733051401
2020-02-20 20:15:00,0.0,3.6113162805134285
2020-02-20 20:30:00,0.915,3.6143121287480837
2020-02-20 20:45:00,1.407,3.573659728953741
2020-02-20 21:00:00,1.899,3.597264815837026
2020-02-20 21:15:00,2.04,3.546276764029496
2020-02-20 21:30:00,1.97,3.5698683689982187
2020-02-20 21:45:00,2.744,3.671777212425074
2020-02-20 22:00:00,2.181,3.6810253483246025
2020-02-20 22:15:00,2.11,3.763015438793575
2020-02-20 22:30:00,2.04,3.752870872055048
2020-02-20 22:45:00,2.04,3.8066342814839165
2020-02-20 23:00:00,2.321,3.6521234764400705
2020-02-20 23:15:00,2.532,3.7465886714869243
2020-02-20 23:30:00,2.744,3.703770634442921
2020-02-20 23:45:00,2.673,3.569923857688615
2020-02-21 00:00:00,2.532,3.6140613504243757
2020-02-21 00:15:00,2.251,3.701781311490442
2020-02-21 00:30:00,2.321,3.5812029902653038
2020-02-21 00:45:00,2.744,3.7526964708701422
2020-02-21 01:00:00,2.462,3.648676105285076
2020-02-21 01:15:00,2.532,3.4447222623108136
2020-02-21 01:30:00,2.462,3.490299450074213
2020-02-21 01:45:00,2.532,3.4584918937333016
2020-02-21 02:00:00,2.814,3.4930974434700492
2020-02-21 02:15:00,2.744,3.3811339614405536
2020-02-21 02:30:00,2.532,3.3926692430175702
2020-02-21 02:45:00,2.532,3.2130935701111425
2020-02-21 03:00:00,2.462,3.1942389534513898
2020-02-21 03:15:00,2.673,3.2966440725231063
2020-02-21 03:30:00,2.744,3.4915924252661097
2020-02-21 03:45:00,2.673,3.53459159761571
2020-02-21 04:00:00,2.603,3.6456456647371405
2020-02-21 04:15:00,2.814,3.679280789736402
2020-02-21 04:30:00,2.814,3.876892461063387
2020-02-21 04:45:00,2.814,3.8571030353643008
2020-02-21 05:00:00,2.532,3.837429731527322
2020-02-21 05:15:00,2.603,3.8837360479759413
2020-02-21 05:30:00,2.532,3.923752863037103
2020-02-21 05:45:00,2.321,4.024337305943131
2020-02-21 06:00:00,2.462,3.8567962687375497
2020-02-21 06:15:00,2.251,3.872869298185146
2020-02-21 06:30:00,2.392,3.8165038762124084
2020-02-21 06:45:00,2.532,3.8505751653216196
2020-02-21 07:00:00,2.673,3.7698569967279902
2020-02-21 07:15:00,2.744,3.804868076776359
2020-02-21 07:30:00,2.744,3.9048932785002175
2020-02-21 07:45:00,2.603,3.664629563926762
2020-02-21 08:00:00,2.814,3.82156880685169
2020-02-21 08:15:00,3.025,3.7361593296602917
2020-02-21 08:30:00,2.884,3.5164627998542994
2020-02-21 08:45:00,2.884,3.3840915227994426
2020-02-21 09:00:00,2.744,3.4774041418631
2020-02-21 09:15:00,2.884,3.396727016783236
2020-02-21 09:30:00,2.955,3.357659901166783
2020-02-21 09:45:00,2.814,3.236810746488373
2020-02-21 10:00:00,2.744,3.465928509583592
2020-02-21 10:15:00,3.166,3.430341694876474
2020-02-21 10:30:00,3.095,3.5584485561715646
2020-02-21 10:45:00,3.025,3.603389404533764
2020-02-21 11:00:00,2.884,3.660226470609233
2020-02-21 11:15:00,2.884,3.635751059836322
2020-02-21 11:30:00,2.673,3.5651576013138344
2020-02-21 11:45:00,2.603,3.7038479096594057
2020-02-21 12:00:00,2.603,3.5909414464198846
2020-02-21 12:15:00,2.532,3.61595230781463
2020-02-21 12:30:00,2.744,3.3837625391138384
2020-02-21 12:45:00,2.955,3.387331613731172
2020-02-21 13:00:00,2.744,3.483497752838768
2020-02-21 13:15:00,2.744,3.565043675726586
2020-02-21 13:30:00,2.744,3.50157737040075
2020-02-21 13:45:00,2.532,3.5355901984013243
2020-02-21 14:00:00,2.532,3.622573927229428
2020-02-21 14:15:00,2.884,3.561427572809572
2020-02-21 14:30:00,2.884,3.545272048006816
2020-02-21 14:45:00,3.095,3.455629428695038
2020-02-21 15:00:00,2.955,3.454412296404074
2020-02-21 15:15:00,3.166,3.4941526254454467
2020-02-21 15:30:00,3.236,3.618287699007128
2020-02-21 15:45:00,2.814,3.5888331811351404
2020-02-21 16:00:00,2.884,3.635016150345828
2020-02-21 16:15:00,2.744,3.5646585682660383
2020-02-21 16:30:00,3.166,3.61639355360336
2020-02-21 16:45:00,3.025,3.6226785243780912
2020-02-21 17:00:00,3.166,3.5862486424927593
2020-02-21 17:15:00,3.306,3.6405143336411894
2020-02-21 17:30:00,3.166,3.634044693456042
2020-02-21 17:45:00,3.306,3.654135260896169
2020-02-21 18:00:00,3.236,3.602571006146971
2020-02-21 18:15:00,3.517,3.6547677149322597
2020-02-21 18:30:00,3.658,3.5815979010752423
2020-02-21 18:45:00,3.799,3.5417325216742834
2020-02-21 19:00:00,3.869,3.582466280811428
2020-02-21 19:15:00,4.15,3.585016384501708
2020-02-21 19:30:00,3.939,3.628196055853667
2020-02-21 19:45:00,4.221,3.689994406535937
2020-02-21 20:00:00,4.221,3.698276351028904
2020-02-21 20:15:00,4.854,3.6535018037288145
2020-02-21 20:30:00,4.854,3.700658838475279
2020-02-21 20:45:00,5.206,3.6685059754115175
2020-02-21 21:00:00,5.346,3.6733228983960244
2020-02-21 21:15:00,5.065,3.677895976796695
2020-02-21 21:30:00,4.854,3.7005730054303845
2020-02-21 21:45:00,4.995,3.701957701074565
2020-02-21 22:00:00,5.346,3.7788569038942867
2020-02-21 22:15:00,5.206,3.7893976630182924
2020-02-21 22:30:00,4.924,3.9013859049151
2020-02-21 22:45:00,4.995,3.9953771247332526
2020-02-21 23:00:00,5.206,3.985611914881076
2020-02-21 23:15:00,5.276,3.8905869949279013
2020-02-21 23:30:00,4.995,3.9329476317613983
2020-02-21 23:45:00,5.206,4.115149472588809
2020-02-22 00:00:00,5.206,4.262643989735143
2020-02-22 00:15:00,5.065,4.318429964883451
2020-02-22 00:30:00,5.557,4.37799405060508
2020-02-22 00:45:00,5.557,4.272535190305482
2020-02-22 01:00:00,5.487,4.145771382660206
2020-02-22 01:15:00,5.487,3.903978386752927
2020-02-22 01:30:00,5.065,3.7562236024070788
2020-02-22 01:45:00,5.135,3.707965327552822
2020-02-22 02:00:00,5.206,3.6845472636043164
2020-02-22 02:15:00,5.206,3.841873979971394
2020-02-22 02:30:00,5.206,3.8236646449633698
2020-02-22 02:45:00,5.276,3.7697000751692427
2020-02-22 03:00:00,4.854,3.7411091317085337
2020-02-22 03:15:00,5.135,3.826869035478763
2020-02-22 03:30:00,5.417,4.0225141809005605
2020-02-22 03:45:00,4.924,4.06801587336406
2020-02-22 04:00:00,4.924,4.081057252000837
2020-02-22 04:15:00,4.924,4.071944300778994
2020-02-22 04:30:00,5.135,4.059671594050879
2020-02-22 04:45:00,5.135,3.9750441744557086
2020-02-22 05:00:00,4.995,3.9554838650476896
2020-02-22 05:15:00,5.206,3.9048227472136134
2020-02-22 05:30:00,4.924,3.9794744517665515
2020-02-22 05:45:00,4.854,4.122406041710292
2020-02-22 06:00:00,4.784,4.073527947225458
2020-02-22 06:15:00,4.784,4.00578732604007
2020-02-22 06:30:00,4.713,4.157497523126728
2020-02-22 06:45:00,4.784,4.107176242954574
2020-02-22 07:00:00,4.784,4.1680634561537
2020-02-22 07:15:00,4.924,4.243927203828168
2020-02-22 07:30:00,4.924,4.119770787573498
2020-02-22 07:45:00,4.995,4.038911710209528
2020-02-22 08:00:00,5.206,4.338628073302227
2020-02-22 08:15:00,5.417,4.414913712031211
2020-02-22 08:30:00,5.557,4.122145448352477
2020-02-22 08:45:00,5.557,4.080368370859938
2020-02-22 09:00:00,5.276,4.149228206781099
2020-02-22 09:15:00,5.206,4.362061391591161
2020-02-22 09:30:00,4.924,4.358168276072482
2020-02-22 09:45:00,4.854,4.232686129012914
2020-02-22 10:00:00,4.643,4.774011125915679
2020-02-22 10:15:00,4.995,4.779684049820075
2020-02-22 10:30:00,4.854,4.889949756161829
2020-02-22 10:45:00,5.065,5.110110383633319
2020-02-22 11:00:00,5.346,5.286736551945319
2020-02-22 11:15:00,4.995,5.49621644855872
2020-02-22 11:30:00,5.206,5.6189895409000234
2020-02-22 11:45:00,5.065,5.9239025766319235
2020-02-22 12:00:00,4.924,5.948041190560138
2020-02-22 12:15:00,4.573,6.125416248336668
2020-02-22 12:30:00,4.502,5.99022286782086
2020-02-22 12:45:00,4.643,5.881031170038194
2020-02-22 13:00:00,4.362,5.783938625550766
2020-02-22 13:15:00,4.502,5.744006588534967
2020-02-22 13:30:00,4.854,5.715407453654391
2020-02-22 13:45:00,5.346,5.662900851595977
2020-02-22 14:00:00,5.557,5.826564093640289
2020-02-22 14:15:00,5.206,5.890884623426495
2020-02-22 14:30:00,4.784,5.881409900806188
2020-02-22 14:45:00,4.854,5.9079160048308355
2020-02-22 15:00:00,4.784,6.0106858226928175
2020-02-22 15:15:00,4.713,6.070036472745357
2020-02-22 15:30:00,4.432,6.0760894100508
2020-02-22 15:45:00,4.432,6.0879017982973425
2020-02-22 16:00:00,4.432,5.879013444656027
2020-02-22 16:15:00,4.573,5.7471196828948985
2020-02-22 16:30:00,4.362,5.504954570726271
2020-02-22 16:45:00,4.432,5.367327992046709
2020-02-22 17:00:00,4.432,5.400130667251896
2020-02-22 17:15:00,4.432,5.408196619572053
2020-02-22 17:30:00,4.502,5.283848570625271
2020-02-22 17:45:00,4.643,5.286862928464729
2020-02-22 18:00:00,5.557,5.28724022762822
2020-02-22 18:15:00,5.346,5.247026445130192
2020-02-22 18:30:00,4.995,5.179367810276769
2020-02-22 18:45:00,4.854,5.172190173777377
2020-02-22 19:00:00,4.643,5.11487413857944
2020-02-22 19:15:00,4.643,5.068133918617563
2020-02-22 19:30:00,4.643,5.064205064760702
2020-02-22 19:45:00,4.643,5.038685058555971
2020-02-22 20:00:00,4.854,5.158170455372256
2020-02-22 20:15:00,4.573,5.169722985714587
2020-02-22 20:30:00,4.924,5.09542979824282
2020-02-22 20:45:00,5.417,5.13819159001632
2020-02-22 21:00:00,5.417,5.0730384403413336
2020-02-22 21:15:00,5.206,5.115321554766973
2020-02-22 21:30:00,5.557,5.10730066213136
2020-02-22 21:45:00,5.276,5.178437994052567
2020-02-22 22:00:00,5.276,5.200599094824695
2020-02-22 22:15:00,5.417,5.180352908356595
2020-02-22 22:30:00,5.487,5.239353529615428
2020-02-22 22:45:00,5.839,5.373398591452446
2020-02-22 23:00:00,5.698,5.524028340386727
2020-02-22 23:15:00,5.909,5.562440850361553
2020-02-22 23:30:00,5.768,5.615420545239356
2020-02-22 23:45:00,5.276,5.637015405373676
2020-02-23 00:00:00,5.698,5.668069362018715
2020-02-23 00:15:00,5.417,5.675865187734553
2020-02-23 00:30:00,5.698,5.775003345738849
2020-02-23 00:45:00,5.346,5.796370040217494
2020-02-23 01:00:00,4.995,5.794051313606777
2020-02-23 01:15:00,5.135,5.949894842698498
2020-02-23 01:30:00,4.995,6.205240798211408
2020-02-23 01:45:00,4.924,6.2875876150549805
2020-02-23 02:00:00,4.995,6.5295257283266315
2020-02-23 02:15:00,5.206,6.78446604884773
2020-02-23 02:30:00,5.346,6.774090094439552
2020-02-23 02:45:00,5.206,6.9342000705553675
2020-02-23 03:00:00,5.276,7.081462753615137
2020-02-23 03:15:00,4.924,7.176731303411224
2020-02-23 03:30:00,4.643,7.234399955654564
2020-02-23 03:45:00,4.643,7.375290719579965
2020-02-23 04:00:00,4.502,7.366448628792441
2020-02-23 04:15:00,4.854,7.317911146773153
2020-02-23 04:30:00,4.854,7.112502257377101
2020-02-23 04:45:00,4.502,7.105234127417059
2020-02-23 05:00:00,4.502,6.996765110099783
2020-02-23 05:15:00,4.784,6.900394746763442
2020-02-23 05:30:00,4.643,6.9198182586669414
2020-02-23 05:45:00,4.573,6.89379848752128
2020-02-23 06:00:00,4.221,6.896796493687474
2020-02-23 06:15:00,4.291,6.827918404119501
2020-02-23 06:30:00,3.939,6.620994711565354
2020-02-23 06:45:00,3.939,6.513847887783212
2020-02-23 07:00:00,3.939,5.9641227706140265
2020-02-23 07:15:00,4.08,5.898610440057197
2020-02-23 07:30:00,4.432,5.897920591294365
2020-02-23 07:45:00,4.643,5.817073954493367
2020-02-23 08:00:00,4.854,5.6547193879582505
2020-02-23 08:15:00,4.854,5.6152704717789526
2020-02-23 08:30:00,4.713,5.610212921649583
2020-02-23 08:45:00,4.995,5.465911717658187
2020-02-23 09:00:00,4.643,5.5457648644146165
2020-02-23 09:15:00,4.924,5.343137265044481
2020-02-23 09:30:00,5.698,5.286059636824715
2020-02-23 09:45:00,5.979,5.182538990825133
2020-02-23 10:00:00,5.839,4.997207968822816
2020-02-23 10:15:00,5.417,4.995305531275003
2020-02-23 10:30:00,5.487,4.98814056377965
2020-02-23 10:45:00,5.628,5.208713106830685
2020-02-23 11:00:00,5.768,5.512797082710948
2020-02-23 11:15:00,5.487,5.495799034434892
2020-02-23 11:30:00,5.346,5.6908853427669
2020-02-23 11:45:00,5.417,5.728849755758376
2020-02-23 12:00:00,5.628,5.5822863686394015
2020-02-23 12:15:00,5.909,5.690445882745427
2020-02-23 12:30:00,5.698,5.587621620638573
2020-02-23 12:45:00,5.417,5.650144969469358
2020-02-23 13:00:00,4.854,5.561775680175716
2020-02-23 13:15:00,6.331,5.566913914367592
2020-02-23 13:30:00,7.386,5.569317842729534
2020-02-23 13:45:00,7.879,5.453534811047888
2020-02-23 14:00:00,8.371,5.430724804867621
2020-02-23 14:15:00,8.16,5.414067599300487
2020-02-23 14:30:00,7.386,5.498398155552665
2020-02-23 14:45:00,7.316,5.584467807955978
2020-02-23 15:00:00,6.894,5.490534407236174
2020-02-23 15:15:00,6.824,5.80175678334282
2020-02-23 15:30:00,6.824,5.9220963727993015
2020-02-23 15:45:00,6.964,6.072471600656627
2020-02-23 16:00:00,7.386,5.989708395160962
2020-02-23 16:15:00,7.316,6.0582021534825286
2020-02-23 16:30:00,6.824,6.119226764964479
2020-02-23 16:45:00,6.964,6.2070176322294195
2020-02-23 17:00:00,7.105,6.231161014709828
2020-02-23 17:15:00,7.527,6.234615614517713
2020-02-23 17:30:00,8.09,6.266990677268472
2020-02-23 17:45:00,8.02,6.250642307889113
2020-02-23 18:00:00,7.738,6.177160407101244
2020-02-23 18:15:00,7.738,6.187400065651278
2020-02-23 18:30:00,7.457,6.235940491937373
2020-02-23 18:45:00,6.964,6.226075009479823
2020-02-23 19:00:00,6.894,6.202555507294424
2020-02-23 19:15:00,6.824,6.16164059924253
2020-02-23 19:30:00,6.753,6.238711459312635
2020-02-23 19:45:00,6.613,6.23622755439053
2020-02-23 20:00:00,6.12,6.262727233290466
2020-02-23 20:15:00,6.05,6.387687934212413
2020-02-23 20:30:00,5.979,6.627271925426418
2020-02-23 20:45:00,5.557,6.696265812967057
2020-02-23 21:00:00,5.768,6.810443368918949
2020-02-23 21:15:00,5.909,6.815816466215828
2020-02-23 21:30:00,5.698,6.915697141396674
2020-02-23 21:45:00,5.698,7.019416356831923
2020-02-23 22:00:00,5.346,6.981813229706015
2020-02-23 22:15:00,5.417,7.125043736957239
2020-02-23 22:30:00,5.206,7.230240419056069
2020-02-23 22:45:00,5.346,7.265762196825796
2020-02-23 23:00:00,5.135,7.235263780616024
2020-02-23 23:15:00,5.628,7.20939316223792
2020-02-23 23:30:00,5.487,7.232808317229986
2020-02-23 23:45:00,5.487,7.44436009490976
2020-02-24 00:00:00,5.487,7.268981461711407
2020-02-24 00:15:00,5.346,7.466242118456662
2020-02-24 00:30:00,5.698,7.640962485377996
2020-02-24 00:45:00,5.135,7.881520091234219
2020-02-24 01:00:00,4.995,8.066612561140179
2020-02-24 01:15:00,4.784,8.092415078211088
2020-02-24 01:30:00,4.854,8.091373460296543
2020-02-24 01:45:00,4.995,8.196600873633116
2020-02-24 02:00:00,5.065,8.23953057020942
2020-02-24 02:15:00,5.065,8.034832299679989
2020-02-24 02:30:00,4.924,8.16512711484546
2020-02-24 02:45:00,4.924,8.460587447045874
2020-02-24 03:00:00,4.924,9.024569150603956
2020-02-24 03:15:00,4.432,9.11117098759139
2020-02-24 03:30:00,4.432,9.46219324554172
2020-02-24 03:45:00,4.713,9.851518046540333
2020-02-24 04:00:00,4.854,10.08472053370888
2020-02-24 04:15:00,4.502,10.391506849396869
2020-02-24 04:30:00,4.502,10.553715786716166
2020-02-24 04:45:00,4.784,10.970079099842339
2020-02-24 05:00:00,4.854,11.041954562878509
2020-02-24 05:15:00,5.487,11.03560989510985
2020-02-24 05:30:00,5.557,11.152808117330856
2020-02-24 05:45:00,5.768,11.248698210257313
2020-02-24 06:00:00,5.417,11.061043847096538
2020-02-24 06:15:00,5.417,10.951974707532592
2020-02-24 06:30:00,5.346,11.143070810921285
2020-02-24 06:45:00,4.643,10.921845088143431
2020-02-24 07:00:00,4.362,10.859360888185867
2020-02-24 07:15:00,4.784,10.713408192762639
2020-02-24 07:30:00,4.291,9.975332689266518
2020-02-24 07:45:00,4.643,10.178004294389192
2020-02-24 08:00:00,5.135,9.888014694499573
2020-02-24 08:15:00,5.206,10.174660830500446
2020-02-24 08:30:00,5.346,10.586690052663899
2020-02-24 08:45:00,5.276,10.875743037332107
2020-02-24 09:00:00,5.346,10.637528561757625
2020-02-24 09:15:00,5.839,10.44051098530364
2020-02-24 09:30:00,6.191,10.240075568896701
2020-02-24 09:45:00,6.402,10.301314748770046
2020-02-24 10:00:00,6.331,10.058454233993164
2020-02-24 10:15:00,6.472,10.016539294208943
2020-02-24 10:30:00,6.191,10.33795700744503
2020-02-24 10:45:00,5.487,10.230863799915646
2020-02-24 11:00:00,5.206,10.37674663328015
2020-02-24 11:15:00,5.135,10.12593673400445
2020-02-24 11:30:00,5.206,9.804704799880978
2020-02-24 11:45:00,4.784,9.771486447362834
2020-02-24 12:00:00,4.573,9.693940650488686
2020-02-24 12:15:00,4.221,9.840715745942633
2020-02-24 12:30:00,4.291,9.598356222355909
2020-02-24 12:45:00,4.291,9.697764676939517
2020-02-24 13:00:00,4.362,9.752614489978933
2020-02-24 13:15:00,4.291,9.773270365447145
2020-02-24 13:30:00,4.573,9.861414324827303
2020-02-24 13:45:00,4.432,9.83648804535832
2020-02-24 14:00:00,4.995,9.855291127969943
2020-02-24 14:15:00,4.924,10.082038128145735
2020-02-24 14:30:00,4.995,10.019781840679583
2020-02-24 14:45:00,4.643,10.100438122536742
2020-02-24 15:00:00,4.995,10.200559273357284
2020-02-24 15:15:00,4.643,10.229500518922235
2020-02-24 15:30:00,4.573,10.32534213403178
2020-02-24 15:45:00,4.502,10.34425997996077
2020-02-24 16:00:00,4.432,10.420413726184757
2020-02-24 16:15:00,4.502,10.421097412191322
2020-02-24 16:30:00,4.643,10.596429215041557
2020-02-24 16:45:00,4.362,10.709525298889695
2020-02-24 17:00:00,4.784,10.799497336202945
2020-02-24 17:15:00,4.713,10.746819636418113
2020-02-24 17:30:00,4.924,10.844554729670607
2020-02-24 17:45:00,5.698,10.854770635661323
2020-02-24 18:00:00,5.979,10.837738903734369
2020-02-24 18:15:00,5.417,10.725894177675432
2020-02-24 18:30:00,5.628,10.994408169424705
2020-02-24 18:45:00,5.839,10.925188363606319
2020-02-24 19:00:00,5.768,10.840985954091444
2020-02-24 19:15:00,5.628,10.925178806634902
2020-02-24 19:30:00,5.839,10.81016833233374
2020-02-24 19:45:00,5.628,10.982429990284407
2020-02-24 20:00:00,5.628,11.158377618452654
2020-02-24 20:15:00,5.065,11.088628844446418
2020-02-24 20:30:00,4.995,11.196378897007849
2020-02-24 20:45:00,5.346,11.166662474053432
2020-02-24 21:00:00,5.487,11.16746399774171
2020-02-24 21:15:00,5.487,11.198279137651618
2020-02-24 21:30:00,5.839,11.466022266511045
2020-02-24 21:45:00,5.206,11.423997953591972
2020-02-24 22:00:00,4.362,11.746039851833327
2020-02-24 22:15:00,4.502,11.926380375529416
2020-02-24 22:30:00,4.643,11.925385549456426
2020-02-24 22:45:00,4.713,11.971410518117404
2020-02-24 23:00:00,4.643,11.784463317603189
2020-02-24 23:15:00,4.221,11.502731251936428
2020-02-24 23:30:00,4.502,11.739171686390554
2020-02-24 23:45:00,4.643,11.859263807273866
2020-02-25 00:00:00,3.869,11.882770654807954
2020-02-25 00:15:00,3.658,11.70544286780055
2020-02-25 00:30:00,3.588,11.50742077890322
2020-02-25 00:45:00,3.939,11.362580808994199
2020-02-25 01:00:00,3.869,11.362225237538123
2020-02-25 01:15:00,3.939,11.583068933265803
2020-02-25 01:30:00,3.588,11.664643033316663
2020-02-25 01:45:00,3.588,11.738699579438816
2020-02-25 02:00:00,3.306,11.074190098890531
2020-02-25 02:15:00,3.306,10.966654475754847
2020-02-25 02:30:00,3.306,10.933875649353155
2020-02-25 02:45:00,3.306,11.183690825160669
2020-02-25 03:00:00,3.447,11.059178904011505
2020-02-25 03:15:00,3.588,11.21121984837155
2020-02-25 03:30:00,3.447,11.50311450706554
2020-02-25 03:45:00,3.517,11.514809949375431
2020-02-25 04:00:00,3.306,11.764717771729709
2020-02-25 04:15:00,3.095,11.656277560493278
2020-02-25 04:30:00,2.744,12.017288357237971
2020-02-25 04:45:00,2.814,12.26314468510544
2020-02-25 05:00:00,2.744,12.231216445665435
2020-02-25 05:15:00,2.532,12.312218558974232
2020-02-25 05:30:00,2.673,11.949179928394564
2020-02-25 05:45:00,2.884,12.098757169704356
2020-02-25 06:00:00,3.166,11.892883446248343
2020-02-25 06:15:00,3.869,11.969461718879812
2020-02-25 06:30:00,3.728,12.140222328135668
2020-02-25 06:45:00,3.306,11.873821987629478
2020-02-25 07:00:00,4.08,12.154299754246823
2020-02-25 07:15:00,4.362,12.010810644696061
2020-02-25 07:30:00,4.291,11.926216132724472
2020-02-25 07:45:00,3.799,11.83175111906481
2020-02-25 08:00:00,3.658,11.5018477594964
2020-02-25 08:15:00,3.588,10.869154276953727
2020-02-25 08:30:00,3.025,10.653268605497521
2020-02-25 08:45:00,2.955,10.381111078931367
2020-02-25 09:00:00,2.814,10.440414153673085
2020-02-25 09:15:00,2.884,10.474769264136942
2020-02-25 09:30:00,3.095,10.591564650311774
2020-02-25 09:45:00,3.306,10.632124383350465
2020-02-25 10:00:00,3.306,11.100734513151128
2020-02-25 10:15:00,3.447,11.220748350443653
2020-02-25 10:30:00,3.728,11.377159399302986
2020-02-25 10:45:00,3.939,11.533020514348618
2020-02-25 11:00:00,4.432,11.353188531387056
2020-02-25 11:15:00,4.713,11.535096715252717
2020-02-25 11:30:00,4.995,11.520590492003857
2020-02-25 11:45:00,5.135,11.7551632401574
2020-02-25 12:00:00,5.206,11.869344368409847
2020-02-25 12:15:00,5.065,12.151792979630725
2020-02-25 12:30:00,4.713,12.572813710185823
2020-02-25 12:45:00,4.784,12.623596439566343
2020-02-25 13:00:00,4.995,12.665847889092602
2020-02-25 13:15:00,4.854,12.623080520539508
2020-02-25 13:30:00,4.784,12.639768525385223
2020-02-25 13:45:00,4.995,12.833621270986887
2020-02-25 14:00:00,5.276,13.063115196138034
2020-02-25 14:15:00,5.206,12.953367725085048
2020-02-25 14:30:00,5.276,13.08069017484989
2020-02-25 14:45:00,5.417,12.916747891269827
2020-02-25 15:00:00,5.206,12.941239280324767
2020-02-25 15:15:00,4.995,13.036573940398318
2020-02-25 15:30:00,4.924,13.018081232321805
2020-02-25 15:45:00,4.995,13.086063776302895
2020-02-25 16:00:00,4.854,12.991643511094757
2020-02-25 16:15:00,4.995,13.037658862546115
2020-02-25 16:30:00,5.065,13.028556210758431
2020-02-25 16:45:00,5.206,13.073223466684656
2020-02-25 17:00:00,5.557,13.053685185599539
2020-02-25 17:15:00,5.698,13.108794368832251
2020-02-25 17:30:00,5.768,13.190983142885887
2020-02-25 17:45:00,6.191,13.18561412557381
2020-02-25 18:00:00,5.979,13.214502811993382
2020-02-25 18:15:00,5.698,13.229274431361084
2020-02-25 18:30:00,5.909,13.2177037484266
2020-02-25 18:45:00,5.135,13.291890901485585
2020-02-25 19:00:00,4.995,13.24809797627787
2020-02-25 19:15:00,4.784,13.222259006309978
2020-02-25 19:30:00,5.206,13.116143077735234
2020-02-25 19:45:00,5.276,13.357078272344632
2020-02-25 20:00:00,5.346,13.335076622683962
2020-02-25 20:15:00,5.276,13.373497867586973
2020-02-25 20:30:00,5.206,13.387187284270459
2020-02-25 20:45:00,5.276,13.302866498101615
2020-02-25 21:00:00,5.206,13.395316877498963
2020-02-25 21:15:00,5.276,13.29588123656385
2020-02-25 21:30:00,5.276,13.336195064129676
2020-02-25 21:45:00,5.206,13.247634540925741
2020-02-25 22:00:00,5.135,13.153232653863618
2020-02-25 22:15:00,5.135,13.120230077785843
2020-02-25 22:30:00,4.995,12.981154379733361
2020-02-25 22:45:00,4.854,12.592539855636582
2020-02-25 23:00:00,4.924,12.307688306579744
2020-02-25 23:15:00,4.995,12.264965553415873
2020-02-25 23:30:00,5.065,12.061425296428945
2020-02-25 23:45:00,5.065,12.012837973837135
2020-02-26 00:00:00,5.135,11.850540505963043
2020-02-26 00:15:00,4.854,11.695670742935722
2020-02-26 00:30:00,4.924,11.729802917983786
2020-02-26 00:45:00,5.065,11.683286068624597
2020-02-26 01:00:00,4.643,11.741313838374108
2020-02-26 01:15:00,4.713,11.743872034932386
2020-02-26 01:30:00,4.573,11.56996124155223
2020-02-26 01:45:00,4.502,11.57115208868448
2020-02-26 02:00:00,4.502,11.626255799741928
2020-02-26 02:15:00,4.713,11.415644728027669
2020-02-26 02:30:00,4.643,10.639482564812868
2020-02-26 02:45:00,4.643,10.535799456920445
2020-02-26 03:00:00,4.573,9.992350608056332
2020-02-26 03:15:00,4.573,9.983507263167349
2020-02-26 03:30:00,4.713,9.763362003395772
2020-02-26 03:45:00,4.643,9.83146605519052
2020-02-26 04:00:00,4.643,10.253862566093812
2020-02-26 04:15:00,4.573,10.42851442714694
2020-02-26 04:30:00,4.573,10.805314620446644
2020-02-26 04:45:00,4.502,10.975628576077456
2020-02-26 05:00:00,4.502,11.096551614150627
2020-02-26 05:15:00,4.502,11.077677626397636
2020-02-26 05:30:00,4.502,11.066821505256021
2020-02-26 05:45:00,4.291,11.141568435025484
2020-02-26 06:00:00,4.15,11.309108832430447
2020-02-26 06:15:00,4.291,11.290687580468125
2020-02-26 06:30:00,4.15,11.395313767054121
2020-02-26 06:45:00,4.432,11.662480028546193
2020-02-26 07:00:00,4.573,11.413227319822834
2020-02-26 07:15:00,4.713,11.647456139720468
2020-02-26 07:30:00,4.643,11.371272545089992
2020-02-26 07:45:00,4.643,10.997280043393726
2020-02-26 08:00:00,4.713,10.567818703482404
2020-02-26 08:15:00,4.924,10.606066822847872
2020-02-26 08:30:00,5.206,11.233585773285565
2020-02-26 08:45:00,5.487,11.62383482290495
2020-02-26 09:00:00,5.346,11.439794254569417
2020-02-26 09:15:00,5.206,11.257221081903412
2020-02-26 09:30:00,5.417,11.018326521062722
2020-02-26 09:45:00,5.979,10.983477476857388
2020-02-26 10:00:00,6.191,11.250333973290704
2020-02-26 10:15:00,6.261,11.198207149829365
2020-02-26 10:30:00,6.261,11.48034401574103
2020-02-26 10:45:00,6.331,11.217047840072267
2020-02-26 11:00:00,6.331,11.072991165252308
2020-02-26 11:15:00,6.261,11.048293313142983
2020-02-26 11:30:00,6.331,11.8115368193335
2020-02-26 11:45:00,6.05,12.136337697207374
2020-02-26 12:00:00,5.979,11.78169183672903
2020-02-26 12:15:00,5.979,11.857508678908054
2020-02-26 12:30:00,5.909,11.561708407613132
2020-02-26 12:45:00,6.261,11.396489289520433
2020-02-26 13:00:00,6.753,11.383651825955099
2020-02-26 13:15:00,6.753,11.926501735687419
2020-02-26 13:30:00,7.597,12.219235857287527
2020-02-26 13:45:00,8.16,12.355780894770195
2020-02-26 14:00:00,7.809,12.16035578199156
2020-02-26 14:15:00,8.442,11.658020202974658
2020-02-26 14:30:00,8.442,11.571112526080489
2020-02-26 14:45:00,8.442,11.62042834891891
2020-02-26 15:00:00,8.16,11.583953306450102
2020-02-26 15:15:00,8.301,12.019339043534677
2020-02-26 15:30:00,8.09,12.181927719767465
2020-02-26 15:45:00,8.301,11.759770740637453
2020-02-26 16:00:00,8.231,11.868920909547937
2020-02-26 16:15:00,8.16,12.27545448806244
2020-02-26 16:30:00,8.02,12.567806222983858
2020-02-26 16:45:00,8.442,12.682404894868949
2020-02-26 17:00:00,8.371,12.612867304245775
2020-02-26 17:15:00,8.512,12.721046667878033
2020-02-26 17:30:00,8.723,12.812666755502852
2020-02-26 17:45:00,8.653,12.737984369570352
2020-02-26 18:00:00,8.16,12.697788420519913
2020-02-26 18:15:00,7.879,12.653292983253364
2020-02-26 18:30:00,7.809,12.638708894650337
2020-02-26 18:45:00,7.527,12.58334946673727
2020-02-26 19:00:00,7.316,12.560156046208192
2020-02-26 19:15:00,7.316,12.632889940812829
2020-02-26 19:30:00,6.613,12.57236544090677
2020-02-26 19:45:00,6.402,12.592885894815916
2020-02-26 20:00:00,6.402,12.504539346451832
2020-02-26 20:15:00,6.331,12.405644962887578
2020-02-26 20:30:00,6.12,12.404570626644759
2020-02-26 20:45:00,6.12,12.483571307744038
2020-02-26 21:00:00,6.12,12.487801115017339
2020-02-26 21:15:00,5.979,12.512646998523104
2020-02-26 21:30:00,5.909,12.37385800134357
2020-02-26 21:45:00,6.05,12.258431301296264
2020-02-26 22:00:00,5.768,12.046697471102865
2020-02-26 22:15:00,5.909,11.929851606546512
2020-02-26 22:30:00,5.839,12.090355888036328
2020-02-26 22:45:00,6.05,12.07436410729613
2020-02-26 23:00:00,5.839,11.987755319903533
2020-02-26 23:15:00,5.839,11.68037134776759
2020-02-26 23:30:00,5.909,11.527727013007528
2020-02-26 23:45:00,5.839,11.409165031228856
2020-02-27 00:00:00,5.698,11.249928164260421
2020-02-27 00:15:00,5.346,10.989111771003856
2020-02-27 00:30:00,5.346,10.809122842663736
2020-02-27 00:45:00,4.995,10.680302750135382
2020-02-27 01:00:00,5.417,10.679667614965132
2020-02-27 01:15:00,5.839,10.076663192935246
2020-02-27 01:30:00,5.557,9.820317892304155
2020-02-27 01:45:00,5.839,9.765016630826382
2020-02-27 02:00:00,5.768,9.687177455897993
2020-02-27 02:15:00,5.698,9.64739230393027
2020-02-27 02:30:00,5.487,9.4870532421064
2020-02-27 02:45:00,5.206,9.305841397765237
2020-02-27 03:00:00,5.346,9.349827898291677
2020-02-27 03:15:00,5.346,9.36519508757159
2020-02-27 03:30:00,5.206,9.37685378798344
2020-02-27 03:45:00,5.135,9.484415897211779
2020-02-27 04:00:00,5.628,9.567586949485593
2020-02-27 04:15:00,5.557,9.796355850490821
2020-02-27 04:30:00,5.346,10.05434700779093
2020-02-27 04:45:00,4.995,10.467975101916684
2020-02-27 05:00:00,4.995,10.591934698331508
2020-02-27 05:15:00,5.206,11.138939998381685
2020-02-27 05:30:00,5.276,11.576791065104374
2020-02-27 05:45:00,5.346,11.531920959354872
2020-02-27 06:00:00,5.206,11.412486320616425
2020-02-27 06:15:00,5.065,11.383237519119657
2020-02-27 06:30:00,5.206,11.495817327783591
2020-02-27 06:45:00,5.206,11.603962560561714
2020-02-27 07:00:00,5.135,11.648374650830656
2020-02-27 07:15:00,5.065,11.720626526121181
2020-02-27 07:30:00,4.995,11.545905723551192
2020-02-27 07:45:00,5.487,11.398076931250143
2020-02-27 08:00:00,5.557,10.785817351533277
2020-02-27 08:15:00,5.417,10.654010359741278
2020-02-27 08:30:00,5.206,10.737416223039864
2020-02-27 08:45:00,5.065,10.731749457387792
2020-02-27 09:00:00,5.135,10.859550783470521
2020-02-27 09:15:00,4.995,10.869427710958831
2020-02-27 09:30:00,4.995,10.921368548356517
2020-02-27 09:45:00,5.135,10.746168972155932
2020-02-27 10:00:00,5.346,10.796815140860838
2020-02-27 10:15:00,5.417,10.637277981767959
2020-02-27 10:30:00,5.557,10.674426835454558
2020-02-27 10:45:00,5.557,10.648651844781735
2020-02-27 11:00:00,5.346,10.556020916111994
2020-02-27 11:15:00,5.698,10.70088879516541
2020-02-27 11:30:00,5.698,10.682485017981715
2020-02-27 11:45:00,5.768,10.27560918826899
2020-02-27 12:00:00,6.331,10.335839749690242
2020-02-27 12:15:00,6.472,10.769201931153523
2020-02-27 12:30:00,6.894,10.84954698496682
2020-02-27 12:45:00,7.105,11.000009105825203
2020-02-27 13:00:00,7.457,10.858045906687416
2020-02-27 13:15:00,7.527,10.880524940293588
2020-02-27 13:30:00,7.175,11.00342440766742
2020-02-27 13:45:00,6.964,10.720987911114864
2020-02-27 14:00:00,7.246,10.723603699756733
2020-02-27 14:15:00,6.964,10.734021018630125
2020-02-27 14:30:00,6.613,10.184113059711448
2020-02-27 14:45:00,6.964,10.056587928311128
2020-02-27 15:00:00,7.316,10.093388241081747
2020-02-27 15:15:00,7.527,9.990759172545408
2020-02-27 15:30:00,7.597,9.961109005622156
2020-02-27 15:45:00,7.457,9.765626336188642
2020-02-27 16:00:00,7.668,9.828480057725905
2020-02-27 16:15:00,7.316,9.832467733581808
2020-02-27 16:30:00,7.316,10.057521568714748
2020-02-27 16:45:00,7.246,10.019107573758065
2020-02-27 17:00:00,7.316,10.148631676949407
2020-02-27 17:15:00,7.175,10.263926071670427
2020-02-27 17:30:00,6.261,10.249752602744042
2020-02-27 17:45:00,6.191,10.39277953003791
2020-02-27 18:00:00,5.698,10.25618330181522
2020-02-27 18:15:00,4.995,10.17798300671303
2020-02-27 18:30:00,5.065,10.153289828737678
2020-02-27 18:45:00,5.346,10.124635725521301
2020-02-27 19:00:00,4.854,10.095872411046766
2020-02-27 19:15:00,4.291,10.101749759332392
2020-02-27 19:30:00,4.291,10.061025112332963
2020-02-27 19:45:00,3.306,9.801606407368281
2020-02-27 20:00:00,3.166,10.094513647402646
2020-02-27 20:15:00,2.744,10.077399840983258
2020-02-27 20:30:00,2.04,10.007055301975043
2020-02-27 20:45:00,1.899,9.840381257994075
2020-02-27 21:00:00,1.829,9.776083014803573
2020-02-27 21:15:00,1.618,9.813417986097246
2020-02-27 21:30:00,1.407,9.820277857702461
2020-02-27 21:45:00,1.337,9.832813414404109
2020-02-27 22:00:00,1.477,9.775307135322794
2020-02-27 22:15:00,1.759,9.687257230220773
2020-02-27 22:30:00,2.321,9.780263527006387
2020-02-27 22:45:00,2.181,9.76718424099914
2020-02-27 23:00:00,2.392,9.772677913570897
2020-02-27 23:15:00,2.673,9.779858263684014
2020-02-27 23:30:00,2.673,9.783135564364478
2020-02-27 23:45:00,2.673,9.801043015750032
2020-02-28 00:00:00,2.392,9.80096365546141
2020-02-28 00:15:00,3.025,9.942742080724337
2020-02-28 00:30:00,2.392,9.92250546226459
2020-02-28 00:45:00,2.673,9.803016590526218
2020-02-28 01:00:00,2.884,9.506754990423655
2020-02-28 01:15:00,3.377,9.459621774689875
2020-02-28 01:30:00,3.377,9.3230504804794
2020-02-28 01:45:00,3.588,9.326799093684771
2020-02-28 02:00:00,3.588,9.285510877534296
2020-02-28 02:15:00,3.588,9.196740808147956
2020-02-28 02:30:00,3.306,9.179467932387903
2020-02-28 02:45:00,3.166,9.103879672742101
2020-02-28 03:00:00,3.377,9.034660585309743
2020-02-28 03:15:00,3.447,8.982178208482184
2020-02-28 03:30:00,3.306,8.947367821602997
2020-02-28 03:45:00,2.814,9.06869989750783
2020-02-28 04:00:00,2.744,9.123394701723502
2020-02-28 04:15:00,2.673,9.184203911621587
2020-02-28 04:30:00,2.744,9.316147553464555
2020-02-28 04:45:00,3.166,9.636404280210849
2020-02-28 05:00:00,3.166,9.69464317024184
2020-02-28 05:15:00,2.884,9.74868846755772
2020-02-28 05:30:00,2.744,10.01572677212278
2020-02-28 05:45:00,2.884,10.083435292802509
2020-02-28 06:00:00,3.095,10.188525429968246
2020-02-28 06:15:00,2.673,10.389344080723543
2020-02-28 06:30:00,2.392,10.499974745224511
2020-02-28 06:45:00,2.673,10.651408825212977
2020-02-28 07:00:00,3.025,10.632930055469274
2020-02-28 07:15:00,3.095,10.948363825821628
2020-02-28 07:30:00,2.603,10.894247824440574
2020-02-28 07:45:00,2.04,10.913699199085864
2020-02-28 08:00:00,2.11,10.825234540342544
2020-02-28 08:15:00,1.688,10.618240842933396
2020-02-28 08:30:00,1.266,10.545169727250434
2020-02-28 08:45:00,1.477,10.624909408699443
2020-02-28 09:00:00,1.266,10.552334210460058
2020-02-28 09:15:00,1.477,10.665583715483544
2020-02-28 09:30:00,2.11,10.519345217348956
2020-02-28 09:45:00,2.462,10.648565262954444
2020-02-28 10:00:00,2.04,10.476516963695133
2020-02-28 10:15:00,1.688,10.5596437430063
2020-02-28 10:30:00,1.829,10.564571216377493
2020-02-28 10:45:00,1.829,10.431567274544333
2020-02-28 11:00:00,1.97,10.685824576672191
2020-02-28 11:15:00,2.321,10.423877792509176
2020-02-28 11:30:00,2.462,10.47139598632952
2020-02-28 11:45:00,2.603,10.441951119643765
2020-02-28 12:00:00,2.744,10.505926323087246
2020-02-28 12:15:00,2.884,10.635415064732799
2020-02-28 12:30:00,3.306,10.706317277793376
2020-02-28 12:45:00,3.166,10.866656988074537
2020-02-28 13:00:00,3.025,10.771749272035937
2020-02-28 13:15:00,3.025,10.823195015299063
2020-02-28 13:30:00,3.166,10.871202179880436
2020-02-28 13:45:00,3.166,10.645986837620027
2020-02-28 14:00:00,3.025,10.762187882462417
2020-02-28 14:15:00,3.447,10.783684668942884
2020-02-28 14:30:00,3.306,10.846562190973525
2020-02-28 14:45:00,3.799,11.063621459417202
2020-02-28 15:00:00,3.869,11.07557304711955
2020-02-28 15:15:00,3.658,11.317817503980248
2020-02-28 15:30:00,4.15,11.338573966918037
2020-02-28 15:45:00,4.221,11.321089640989568
2020-02-28 16:00:00,4.502,11.874501785112688
2020-02-28 16:15:00,4.854,11.775240784904254
2020-02-28 16:30:00,4.924,11.964614772201294
2020-02-28 16:45:00,4.995,12.112625898598422
2020-02-28 17:00:00,5.206,11.78749702069491
2020-02-28 17:15:00,5.346,12.325366902222154
2020-02-28 17:30:00,5.346,12.524541480210056
2020-02-28 17:45:00,5.909,12.407169174029832
2020-02-28 18:00:00,5.839,12.416429495671537
2020-02-28 18:15:00,5.768,12.372951606452716
2020-02-28 18:30:00,5.557,12.342435019753756
2020-02-28 18:45:00,5.909,12.28715489361904
2020-02-28 19:00:00,5.768,12.288989495671327
2020-02-28 19:15:00,5.487,12.276611589739767
2020-02-28 19:30:00,5.628,12.230967004697382
2020-02-28 19:45:00,5.487,12.313762227975358
2020-02-28 20:00:00,5.276,12.226718622862526
2020-02-28 20:15:00,5.135,12.146055201470093
2020-02-28 20:30:00,5.206,12.114396917232032
2020-02-28 20:45:00,5.206,11.994863882509096
2020-02-28 21:00:00,4.995,12.039107608165049
2020-02-28 21:15:00,5.206,11.984335989366064
2020-02-28 21:30:00,5.276,11.985343670230014
2020-02-28 21:45:00,5.417,11.70042721566338
2020-02-28 22:00:00,5.698,11.447044772203178
2020-02-28 22:15:00,5.698,11.624829446819515
2020-02-28 22:30:00,6.05,11.276791779078632
2020-02-28 22:45:00,6.12,11.188077110223134
2020-02-28 23:00:00,5.979,11.083424119598478
2020-02-28 23:15:00,5.909,10.875479259547818
2020-02-28 23:30:00,6.12,10.748202727138993
2020-02-28 23:45:00,6.05,10.783179898945672
2020-03-01 00:00:00,5.487,10.192955428172992
2020-03-01 00:15:00,5.557,10.044478282996298
2020-03-01 00:30:00,5.346,9.963056066006995
2020-03-01 00:45:00,5.487,9.956456997713548
2020-03-01 01:00:00,5.346,9.867398122413835
2020-03-01 01:15:00,5.909,9.730693144170255
2020-03-01 01:30:00,5.909,9.627286695805937
2020-03-01 01:45:00,5.698,9.599521949179051
2020-03-01 02:00:00,5.628,9.458483180653332
2020-03-01 02:15:00,5.628,9.464053368904318
2020-03-01 02:30:00,5.909,9.397653166480927
2020-03-01 02:45:00,6.12,9.347920144996927
2020-03-01 03:00:00,5.768,9.296133023725028
2020-03-01 03:15:00,5.628,9.172999131154723
2020-03-01 03:30:00,5.417,9.11121246354832
2020-03-01 03:45:00,5.206,9.042571838220896
2020-03-01 04:00:00,4.924,8.956273785389213
2020-03-01 04:15:00,5.417,8.893150473680963
2020-03-01 04:30:00,5.768,8.923579556266528
2020-03-01 04:45:00,5.979,8.942523378810835
2020-03-01 05:00:00,5.698,9.039062474371677
2020-03-01 05:15:00,5.557,9.136533016786395
2020-03-01 05:30:00,5.206,9.011314998973978
2020-03-01 05:45:00,5.698,9.153108123197587
2020-03-01 06:00:00,5.839,9.071267545599047
2020-03-01 06:15:00,5.698,9.113530346393867
2020-03-01 06:30:00,5.417,9.145914990141573
2020-03-01 06:45:00,4.502,9.21970397071831
2020-03-01 07:00:00,4.15,9.225984372770275
2020-03-01 07:15:00,4.573,9.201578668197559
2020-03-01 07:30:00,4.713,9.171133787679326
2020-03-01 07:45:00,4.502,9.097819379659285
2020-03-01 08:00:00,4.362,9.062174988260248
2020-03-01 08:15:00,4.432,9.017987950753822
2020-03-01 08:30:00,4.221,8.929367156504684
2020-03-01 08:45:00,5.065,8.583073310606286
2020-03-01 09:00:00,4.573,8.58972603036513
2020-03-01 09:15:00,4.643,8.606903604434812
2020-03-01 09:30:00,4.573,8.756507618598427
2020-03-01 09:45:00,4.573,9.068028893283412
2020-03-01 10:00:00,4.432,9.63528209144642
2020-03-01 10:15:00,4.291,10.706117942985015
2020-03-01 10:30:00,4.502,10.834088930632925
2020-03-01 10:45:00,4.573,11.239170522816242
2020-03-01 11:00:00,4.573,11.435252016284759
2020-03-01 11:15:00,4.784,11.486208932831158
2020-03-01 11:30:00,4.502,11.59409289649467
2020-03-01 11:45:00,4.502,11.611665830146892
2020-03-01 12:00:00,4.221,11.788833178985666
2020-03-01 12:15:00,4.221,12.154557024240528
2020-03-01 12:30:00,4.01,12.25788140121647
2020-03-01 12:45:00,3.939,12.390588173105693
2020-03-01 13:00:00,3.517,12.341536570863395
2020-03-01 13:15:00,3.799,12.371409588582575
2020-03-01 13:30:00,3.588,12.519835656863021
2020-03-01 13:45:00,3.306,12.680830968254249
2020-03-01 14:00:00,3.236,12.69898754852814
2020-03-01 14:15:00,3.236,12.918812482458728
2020-03-01 14:30:00,3.447,12.940147859761572
2020-03-01 14:45:00,3.236,12.866203864257688
2020-03-01 15:00:00,3.095,12.819292597816354
2020-03-01 15:15:00,3.095,12.561988573454956
2020-03-01 15:30:00,3.095,12.398917988877312
2020-03-01 15:45:00,3.025,12.45734773642419
2020-03-01 16:00:00,2.884,12.33189335665203
2020-03-01 16:15:00,2.955,12.178211924997203
2020-03-01 16:30:00,2.814,12.142370729982355
2020-03-01 16:45:00,2.673,12.112215509168534
2020-03-01 17:00:00,2.603,12.154656495449789
2020-03-01 17:15:00,2.532,12.159334599137344
2020-03-01 17:30:00,2.744,12.228221001352392
2020-03-01 17:45:00,2.603,12.331573647763781
2020-03-01 18:00:00,2.955,12.33407235315084
2020-03-01 18:15:00,2.884,12.176981543903175
2020-03-01 18:30:00,2.884,12.200595168291876
2020-03-01 18:45:00,2.603,12.033308956233657
2020-03-01 19:00:00,2.462,11.917681797983237
2020-03-01 19:15:00,2.462,11.661212029325291
2020-03-01 19:30:00,2.532,11.935064699145356
2020-03-01 19:45:00,2.603,11.533190845650019
2020-03-01 20:00:00,2.744,11.414748888857936
2020-03-01 20:15:00,2.673,11.43026757206747
2020-03-01 20:30:00,1.829,11.228746800161499
2020-03-01 20:45:00,1.829,11.085340616008484
2020-03-01 21:00:00,2.11,10.78171840850536
2020-03-01 21:15:00,2.673,10.645070232210823
2020-03-01 21:30:00,2.532,10.584236952687199
2020-03-01 21:45:00,2.392,10.417140514552626
2020-03-01 22:00:00,2.321,10.470603155227915
2020-03-01 22:15:00,2.673,10.452866832640277
2020-03-01 22:30:00,2.673,10.519326866168493
2020-03-01 22:45:00,2.673,10.334356862883512
2020-03-01 23:00:00,2.673,10.337399820770553
2020-03-01 23:15:00,2.321,10.236366026432412
2020-03-01 23:30:00,2.321,10.136859114487335
2020-03-01 23:45:00,2.251,10.06355198945958
2020-03-02 00:00:00,2.181,9.97066357284118
2020-03-02 00:15:00,2.11,9.814249159468012
2020-03-02 00:30:00,2.251,9.912072269817145
2020-03-02 00:45:00,1.829,9.868962521559041
2020-03-02 01:00:00,0.0,9.80938310639399
2020-03-02 01:15:00,1.055,9.710367287383393
2020-03-02 01:30:00,1.266,9.647283464515654
2020-03-02 01:45:00,1.477,9.50928510789169
2020-03-02 02:00:00,0.844,9.491604631897799
2020-03-02 02:15:00,-0.633,9.430968047207319
2020-03-02 02:30:00,-0.563,9.46052921600101
2020-03-02 02:45:00,0.0,9.430374936437824
2020-03-02 03:00:00,-0.492,9.344745369524501
2020-03-02 03:15:00,0.0,9.464706847676988
2020-03-02 03:30:00,0.0,9.566537303966378
2020-03-02 03:45:00,0.0,9.581595477305472
2020-03-02 04:00:00,0.985,9.943076903151649
2020-03-02 04:15:00,1.477,10.206887612988725
2020-03-02 04:30:00,1.407,10.324882192628781
2020-03-02 04:45:00,1.829,10.431145497367165
2020-03-02 05:00:00,2.04,10.554194283470476
2020-03-02 05:15:00,2.04,10.73825601159143
2020-03-02 05:30:00,2.04,10.763952834773246
2020-03-02 05:45:00,2.04,10.87453038542564
2020-03-02 06:00:00,2.04,10.795040181859777
2020-03-02 06:15:00,1.97,10.807468501229074
2020-03-02 06:30:00,2.04,10.829473017925174
2020-03-02 06:45:00,1.899,10.883626491908956
2020-03-02 07:00:00,1.688,10.789954719986321
2020-03-02 07:15:00,1.829,10.322934472501686
2020-03-02 07:30:00,1.759,9.919375549970558
2020-03-02 07:45:00,1.899,9.53707236236709
2020-03-02 08:00:00,1.759,9.739055548197337
2020-03-02 08:15:00,1.829,9.830339658903197
2020-03-02 08:30:00,1.899,9.812187698991904
2020-03-02 08:45:00,1.899,10.261110472348305
2020-03-02 09:00:00,1.899,10.514094893487934
2020-03-02 09:15:00,2.181,10.873394090075099
2020-03-02 09:30:00,2.11,11.389390297197206
2020-03-02 09:45:00,2.462,11.576190232492145
2020-03-02 10:00:00,2.321,11.752779365562143
2020-03-02 10:15:00,2.321,11.943870514878885
2020-03-02 10:30:00,2.532,12.080184793079455
2020-03-02 10:45:00,2.321,12.243527887074597
2020-03-02 11:00:00,2.321,12.17782599959849
2020-03-02 11:15:00,2.532,12.097451679879775
2020-03-02 11:30:00,2.673,12.201456137900122
2020-03-02 11:45:00,2.603,11.945440556899616
2020-03-02 12:00:00,2.884,11.760812353874865
2020-03-02 12:15:00,2.955,11.739039326638046
2020-03-02 12:30:00,3.166,11.645632393625764
2020-03-02 12:45:00,2.955,11.573259009586355
2020-03-02 13:00:00,3.166,11.66726532047669
2020-03-02 13:15:00,2.814,11.654360174991593
2020-03-02 13:30:00,3.095,11.724948286655852
2020-03-02 13:45:00,3.095,11.651159795416856
2020-03-02 14:00:00,3.166,11.75848028145827
2020-03-02 14:15:00,3.236,11.753657095826135
2020-03-02 14:30:00,3.236,11.73837705651599
2020-03-02 14:45:00,3.377,11.838466285371116
2020-03-02 15:00:00,3.236,11.932280880325939
2020-03-02 15:15:00,3.447,11.913324284331617
2020-03-02 15:30:00,3.588,11.954475705473028
2020-03-02 15:45:00,3.728,12.089385825269307
2020-03-02 16:00:00,3.728,12.231820413060394
2020-03-02 16:15:00,3.517,12.296588623959135
2020-03-02 16:30:00,3.728,12.349053184430794
2020-03-02 16:45:00,3.869,12.440238917804177
2020-03-02 17:00:00,3.658,12.461010951085361
2020-03-02 17:15:00,3.658,12.368210420966017
2020-03-02 17:30:00,3.728,12.463824098367777
2020-03-02 17:45:00,3.939,12.574331897719782
2020-03-02 18:00:00,4.15,12.487654681134119
2020-03-02 18:15:00,4.15,12.295312624225271
2020-03-02 18:30:00,4.221,11.850847733500808
2020-03-02 18:45:00,4.362,11.878355810946642
2020-03-02 19:00:00,4.362,11.779708360734165
2020-03-02 19:15:00,4.15,11.532091805793552
2020-03-02 19:30:00,4.08,11.06074089216412
2020-03-02 19:45:00,4.01,10.9905555634918
2020-03-02 20:00:00,4.15,10.910189832893318
2020-03-02 20:15:00,4.15,10.829973276074487
2020-03-02 20:30:00,4.221,10.802584335981665
2020-03-02 20:45:00,3.939,11.086307463694958
2020-03-02 21:00:00,4.15,10.7825179839264
2020-03-02 21:15:00,4.221,11.086311341061567
2020-03-02 21:30:00,4.432,11.18857187353752
2020-03-02 21:45:00,4.291,11.001698714987386
2020-03-02 22:00:00,4.502,10.972123413880603
2020-03-02 22:15:00,4.573,10.867549934601888
2020-03-02 22:30:00,4.573,10.975117846532061
2020-03-02 22:45:00,4.713,11.124516915514402
2020-03-02 23:00:00,4.08,10.971743393861326
2020-03-02 23:15:00,4.15,11.010485700838691
2020-03-02 23:30:00,3.447,11.044652157412477
2020-03-02 23:45:00,1.477,11.130884158966218
2020-03-03 00:00:00,1.196,11.031212650299942
2020-03-03 00:15:00,1.337,10.793416248170974
2020-03-03 00:30:00,1.618,10.673691367222517
2020-03-03 00:45:00,1.337,10.401543761520704
2020-03-03 01:00:00,1.477,10.309640841506411
2020-03-03 01:15:00,1.618,10.092835584241394
2020-03-03 01:30:00,3.095,9.822907525125698
2020-03-03 01:45:00,3.306,9.819740616902937
2020-03-03 02:00:00,3.517,10.054523860787729
2020-03-03 02:15:00,4.01,10.282924195943071
2020-03-03 02:30:00,4.502,10.52595015836208
2020-03-03 02:45:00,4.995,10.712850758322407
2020-03-03 03:00:00,4.924,10.7638106544611
2020-03-03 03:15:00,5.206,10.819939189420287
2020-03-03 03:30:00,5.065,11.039190031234442
2020-03-03 03:45:00,5.276,11.194793989310815
2020-03-03 04:00:00,5.065,11.272355948640904
2020-03-03 04:15:00,4.995,11.299361577482465
2020-03-03 04:30:00,4.784,11.26020010565568
2020-03-03 04:45:00,5.346,11.413309964049647
2020-03-03 05:00:00,4.995,11.524429168438578
2020-03-03 05:15:00,4.502,11.637732448442456
2020-03-03 05:30:00,4.643,11.640462599726924
2020-03-03 05:45:00,4.502,11.67386217587062
2020-03-03 06:00:00,4.221,11.79629403981261
2020-03-03 06:15:00,4.291,11.774895399367614
2020-03-03 06:30:00,4.221,11.824250243806517
2020-03-03 06:45:00,4.291,11.881878404709587
2020-03-03 07:00:00,4.432,11.693378630028999
2020-03-03 07:15:00,4.221,11.727345995142771
2020-03-03 07:30:00,4.502,11.684498739729518
2020-03-03 07:45:00,4.502,11.420086082390391
2020-03-03 08:00:00,4.643,11.363453633367344
2020-03-03 08:15:00,4.432,10.953509503516644
2020-03-03 08:30:00,4.995,10.41416298539156
2020-03-03 08:45:00,5.135,10.09185106543639
2020-03-03 09:00:00,5.206,10.047104944835885
2020-03-03 09:15:00,5.839,10.217452756451445
2020-03-03 09:30:00,5.698,10.509422050144524
2020-03-03 09:45:00,5.839,10.45117770036967
2020-03-03 10:00:00,5.698,10.749157531917737
2020-03-03 10:15:00,5.909,11.189287679227744
2020-03-03 10:30:00,6.331,11.521017619947774
2020-03-03 10:45:00,6.542,11.543266506978206
2020-03-03 11:00:00,6.824,11.57660059951903
2020-03-03 11:15:00,7.316,11.618430458094496
2020-03-03 11:30:00,7.457,12.076783373166561
2020-03-03 11:45:00,7.316,12.037647981463657
2020-03-03 12:00:00,6.964,12.111721836016873
2020-03-03 12:15:00,7.175,12.067090578452577
2020-03-03 12:30:00,7.175,12.26518728287532
2020-03-03 12:45:00,7.668,12.32981659427968
2020-03-03 13:00:00,7.597,12.413921144962503
2020-03-03 13:15:00,7.668,12.53153269971826
2020-03-03 13:30:00,7.527,12.665692108966294
2020-03-03 13:45:00,7.316,12.660132457783334
2020-03-03 14:00:00,8.02,12.730511030395887
2020-03-03 14:15:00,8.371,12.688592003660888
2020-03-03 14:30:00,7.809,12.790024941144681
2020-03-03 14:45:00,7.738,12.890079826744671
2020-03-03 15:00:00,7.668,12.788892929195915
2020-03-03 15:15:00,7.316,12.81706170702828
2020-03-03 15:30:00,7.386,12.570870898776622
2020-03-03 15:45:00,7.738,12.47275973513808
2020-03-03 16:00:00,7.527,12.641464978714797
2020-03-03 16:15:00,7.457,12.562976939369918
2020-03-03 16:30:00,7.597,12.442673450596747
2020-03-03 16:45:00,7.457,12.384793435840209
2020-03-03 17:00:00,7.457,12.431916564619241
2020-03-03 17:15:00,6.964,12.47379472058851
2020-03-03 17:30:00,6.964,12.289436196336066
2020-03-03 17:45:00,6.824,12.211393312872977
2020-03-03 18:00:00,6.964,11.84028632713195
2020-03-03 18:15:00,6.613,11.681843502201597
2020-03-03 18:30:00,6.542,11.358422375043796
2020-03-03 18:45:00,6.472,11.59679669581337
2020-03-03 19:00:00,6.331,11.408656424853772
2020-03-03 19:15:00,6.261,11.32119591966924
2020-03-03 19:30:00,6.402,11.514554330534793
2020-03-03 19:45:00,6.542,11.1765311530057
2020-03-03 20:00:00,6.331,10.528224883955891
2020-03-03 20:15:00,6.402,10.33372690911228
2020-03-03 20:30:00,6.331,9.92885987259084
2020-03-03 20:45:00,6.613,10.027245312343151
2020-03-03 21:00:00,6.191,9.890413035734964
2020-03-03 21:15:00,6.402,9.90302272841659
2020-03-03 21:30:00,6.05,9.893512971512612
2020-03-03 21:45:00,5.909,10.105836794096508
2020-03-03 22:00:00,5.768,9.937679771779479
2020-03-03 22:15:00,5.979,9.82105136411895
2020-03-03 22:30:00,5.768,10.238321831429705
2020-03-03 22:45:00,5.628,10.420140507707876
2020-03-03 23:00:00,5.487,10.462850125305945
2020-03-03 23:15:00,5.417,10.230133671881601
2020-03-03 23:30:00,5.557,10.363863600603342
2020-03-03 23:45:00,5.839,10.310531898879113
2020-03-04 00:00:00,5.909,10.514919471258121
2020-03-04 00:15:00,5.909,10.286926065153933
2020-03-04 00:30:00,5.839,10.114534696054783
2020-03-04 00:45:00,5.628,10.05090096898522
2020-03-04 01:00:00,5.768,10.060953097204655
2020-03-04 01:15:00,5.417,10.29199149963941
2020-03-04 01:30:00,5.346,10.507401035978335
2020-03-04 01:45:00,5.206,10.6359900839111
2020-03-04 02:00:00,5.065,11.11926705977201
2020-03-04 02:15:00,5.135,11.343312233978628
2020-03-04 02:30:00,5.206,11.316310613380029
2020-03-04 02:45:00,5.135,11.391262536370618
2020-03-04 03:00:00,5.135,11.365125188777865
2020-03-04 03:15:00,4.924,11.431694556518124
2020-03-04 03:30:00,4.995,11.352962702882353
2020-03-04 03:45:00,4.854,11.173694340905332
2020-03-04 04:00:00,5.135,11.096634505498436
2020-03-04 04:15:00,4.995,11.441400255039698
2020-03-04 04:30:00,4.995,11.47206086479816
2020-03-04 04:45:00,5.135,11.534182087341017
2020-03-04 05:00:00,5.065,11.691776988109204
2020-03-04 05:15:00,4.784,11.608434566920874
2020-03-04 05:30:00,4.854,11.594156469734196
2020-03-04 05:45:00,4.854,11.747615609076309
2020-03-04 06:00:00,4.784,11.691271032393212
2020-03-04 06:15:00,4.713,11.87885857280841
2020-03-04 06:30:00,4.643,11.728417769091756
2020-03-04 06:45:00,4.784,11.83110090378263
2020-03-04 07:00:00,5.065,11.961685246346283
2020-03-04 07:15:00,5.065,11.920345842439623
2020-03-04 07:30:00,5.135,11.69319346198366
2020-03-04 07:45:00,5.417,11.407975562494839
2020-03-04 08:00:00,5.628,11.439020218311802
2020-03-04 08:15:00,5.698,11.27075124929333
2020-03-04 08:30:00,5.839,10.811172725606623
2020-03-04 08:45:00,6.261,10.718442526269019
2020-03-04 09:00:00,6.472,10.494229558426651
2020-03-04 09:15:00,6.472,10.698436179179204
2020-03-04 09:30:00,7.105,10.679794274706873
2020-03-04 09:45:00,8.16,10.939948479963835
2020-03-04 10:00:00,8.09,11.387498192420509
2020-03-04 10:15:00,8.582,11.514446263010273
2020-03-04 10:30:00,8.723,11.473788951502273
2020-03-04 10:45:00,9.004,11.834369240137683
2020-03-04 11:00:00,9.145,11.863989559034005
2020-03-04 11:15:00,9.356,11.94919630097363
2020-03-04 11:30:00,9.426,11.989230308979641
2020-03-04 11:45:00,9.286,12.074768663579572
2020-03-04 12:00:00,9.708,12.078916741281423
2020-03-04 12:15:00,9.426,12.139430318047399
2020-03-04 12:30:00,9.638,12.436986524982764
2020-03-04 12:45:00,9.215,12.596044936141972
2020-03-04 13:00:00,9.497,12.635639890472468
2020-03-04 13:15:00,9.356,12.70072968575336
2020-03-04 13:30:00,8.793,12.80451918270603
2020-03-04 13:45:00,9.004,12.800418734183792
2020-03-04 14:00:00,8.723,12.856689536591226
2020-03-04 14:15:00,9.075,12.751295633423796
2020-03-04 14:30:00,8.16,12.748635017231704
2020-03-04 14:45:00,8.02,12.786593834703913
2020-03-04 15:00:00,7.879,12.652590915836518
2020-03-04 15:15:00,7.809,12.804269285560581
2020-03-04 15:30:00,7.809,12.787190194172755
2020-03-04 15:45:00,7.597,12.852051878564614
2020-03-04 16:00:00,7.457,12.888850677795649
2020-03-04 16:15:00,7.246,12.88273688620126
2020-03-04 16:30:00,6.964,12.879653712553186
2020-03-04 16:45:00,6.683,12.924750889794014
2020-03-04 17:00:00,6.613,12.81108912487793
2020-03-04 17:15:00,5.979,12.484774070271866
2020-03-04 17:30:00,5.346,12.317645428744296
2020-03-04 17:45:00,5.417,12.6158907100878
2020-03-04 18:00:00,5.206,12.489905165599975
2020-03-04 18:15:00,4.854,12.423502514252862
2020-03-04 18:30:00,4.713,12.477979361852645
2020-03-04 18:45:00,4.784,12.412574287750607
2020-03-04 19:00:00,4.502,12.165936460694297
2020-03-04 19:15:00,3.447,12.246292833842535
2020-03-04 19:30:00,1.899,12.356796993829365
2020-03-04 19:45:00,1.829,12.384559950452665
2020-03-04 20:00:00,1.548,12.332422465514316
2020-03-04 20:15:00,1.337,12.398426828427091
2020-03-04 20:30:00,0.844,12.262023162661185
2020-03-04 20:45:00,0.492,12.076055841173154
2020-03-04 21:00:00,0.0,11.947796169458115
2020-03-04 21:15:00,0.703,11.781102146250703
2020-03-04 21:30:00,1.829,11.959555083017051
2020-03-04 21:45:00,2.884,11.875187584064246
2020-03-04 22:00:00,3.588,11.850133037334281
2020-03-04 22:15:00,1.618,11.938256180703883
2020-03-04 22:30:00,1.266,11.985345979899181
2020-03-04 22:45:00,1.055,12.270935892942424
2020-03-04 23:00:00,1.337,12.231317144743121
2020-03-04 23:15:00,0.915,12.348770042105626
2020-03-04 23:30:00,1.337,12.22955536131738
2020-03-04 23:45:00,0.703,12.088122839849829
2020-03-05 00:00:00,0.774,11.992219817287019
2020-03-05 00:15:00,0.985,11.758551638462725
2020-03-05 00:30:00,0.774,11.837673624734558
2020-03-05 00:45:00,0.492,11.751502311127854
2020-03-05 01:00:00,0.0,11.660259810741008
2020-03-05 01:15:00,0.422,11.649941311285351
2020-03-05 01:30:00,2.181,11.542551401641337
2020-03-05 01:45:00,2.955,11.591181015598819
2020-03-05 02:00:00,1.97,11.469882874775056
2020-03-05 02:15:00,2.251,11.11864742784284
2020-03-05 02:30:00,2.251,11.148052096649053
2020-03-05 02:45:00,2.321,11.25927768603652
2020-03-05 03:00:00,2.251,11.221567308385023
2020-03-05 03:15:00,2.04,11.14062187570128
2020-03-05 03:30:00,2.04,11.189486017239306
2020-03-05 03:45:00,1.688,11.136826260201927
2020-03-05 04:00:00,1.407,11.10318810301677
2020-03-05 04:15:00,1.829,11.180030837906312
2020-03-05 04:30:00,1.899,10.904875790810356
2020-03-05 04:45:00,1.688,10.87103502027421
2020-03-05 05:00:00,1.337,10.749791114322333
2020-03-05 05:15:00,1.829,10.79086506647905
2020-03-05 05:30:00,1.829,10.709829329424506
2020-03-05 05:45:00,2.11,10.896554985199028
2020-03-05 06:00:00,2.321,10.887146638326284
2020-03-05 06:15:00,2.532,10.952191933152527
2020-03-05 06:30:00,2.673,10.963898754195649
2020-03-05 06:45:00,2.673,11.215497080280347
2020-03-05 07:00:00,2.532,11.444590522237139
2020-03-05 07:15:00,2.392,11.336719228697397
2020-03-05 07:30:00,2.181,11.312408199958758
2020-03-05 07:45:00,1.829,11.306569220512548
2020-03-05 08:00:00,1.899,11.08178194190967
2020-03-05 08:15:00,1.337,10.543038745755746
2020-03-05 08:30:00,1.477,10.698803369477135
2020-03-05 08:45:00,1.759,10.482384455633955
2020-03-05 09:00:00,1.97,10.524603515935775
2020-03-05 09:15:00,2.392,10.92541884534609
2020-03-05 09:30:00,2.532,10.70366445214619
2020-03-05 09:45:00,3.025,11.283206392637828
2020-03-05 10:00:00,2.884,11.209597502008913
2020-03-05 10:15:00,2.744,11.311109989590147
2020-03-05 10:30:00,2.744,11.339038885335842
2020-03-05 10:45:00,3.166,11.373801132006934
2020-03-05 11:00:00,3.588,11.53963851121129
2020-03-05 11:15:00,3.588,11.699534911761749
2020-03-05 11:30:00,3.377,11.821765518369233
2020-03-05 11:45:00,3.517,11.643432129611979
2020-03-05 12:00:00,3.728,11.520336183672436
2020-03-05 12:15:00,4.432,11.479677176930819
2020-03-05 12:30:00,4.08,11.5363478316998
2020-03-05 12:45:00,4.15,11.577386442338991
2020-03-05 13:00:00,3.939,11.620985931002364
2020-03-05 13:15:00,4.502,11.715441169871438
2020-03-05 13:30:00,5.206,11.824840220411778
2020-03-05 13:45:00,4.854,11.903323654841422
2020-03-05 14:00:00,5.206,11.80290574487185
2020-03-05 14:15:00,5.135,11.653001757100514
2020-03-05 14:30:00,4.995,11.86845120002772
2020-03-05 14:45:00,4.924,11.901569245515645
2020-03-05 15:00:00,4.854,11.661093989377058
2020-03-05 15:15:00,4.502,11.690954302841938
2020-03-05 15:30:00,4.432,11.690574870260296
2020-03-05 15:45:00,4.502,11.680506634059174
2020-03-05 16:00:00,4.502,11.637541143188086
2020-03-05 16:15:00,4.15,11.601009121703273
2020-03-05 16:30:00,4.573,11.599473566134275
2020-03-05 16:45:00,4.784,11.62320174431307
2020-03-05 17:00:00,4.291,11.624798634347192
2020-03-05 17:15:00,4.432,11.70396845348132
2020-03-05 17:30:00,4.784,11.446815000301772
2020-03-05 17:45:00,5.135,11.268265204410916
2020-03-05 18:00:00,4.924,11.383320641923905
2020-03-05 18:15:00,5.276,11.360152114095593
2020-03-05 18:30:00,5.065,11.423485152457355
2020-03-05 18:45:00,4.643,11.147121034742367
2020-03-05 19:00:00,4.713,11.287935426690527
2020-03-05 19:15:00,4.291,10.95363797194108
2020-03-05 19:30:00,4.01,10.77132329245145
2020-03-05 19:45:00,3.799,10.641444978128884
2020-03-05 20:00:00,3.588,10.653976473511312
2020-03-05 20:15:00,3.447,10.544834297761206
2020-03-05 20:30:00,3.236,10.559436324959051
2020-03-05 20:45:00,3.236,10.489246458211657
2020-03-05 21:00:00,3.377,10.459298878174542
2020-03-05 21:15:00,3.095,10.341593789367904
2020-03-05 21:30:00,3.025,10.324493482179586
2020-03-05 21:45:00,3.236,10.37463524816462
2020-03-05 22:00:00,3.306,10.433683112573238
2020-03-05 22:15:00,3.166,10.330375390538217
2020-03-05 22:30:00,2.814,10.488082268267126
2020-03-05 22:45:00,3.025,10.4614530417526
2020-03-05 23:00:00,3.025,10.350121333553126
2020-03-05 23:15:00,3.025,10.333249812155877
2020-03-05 23:30:00,2.955,10.44194442529958
2020-03-05 23:45:00,3.025,10.141134964389463
2020-03-06 00:00:00,3.025,9.940159487086445
2020-03-06 00:15:00,3.025,9.862076414356576
2020-03-06 00:30:00,2.744,9.663483682717802
2020-03-06 00:45:00,2.814,9.708494562380395
2020-03-06 01:00:00,2.673,9.797549076529457
2020-03-06 01:15:00,2.603,9.801411530459132
2020-03-06 01:30:00,2.673,9.806624820114576
2020-03-06 01:45:00,2.603,9.937223487851975
2020-03-06 02:00:00,2.392,10.226637182772158
2020-03-06 02:15:00,2.251,10.450608176646615
2020-03-06 02:30:00,2.11,10.52499439727199
2020-03-06 02:45:00,2.04,10.626395941003153
2020-03-06 03:00:00,1.899,10.721155154964846
2020-03-06 03:15:00,2.04,10.693991090843875
2020-03-06 03:30:00,1.97,10.757048646658218
2020-03-06 03:45:00,1.899,10.65255615881256
2020-03-06 04:00:00,2.11,10.80980456689811
2020-03-06 04:15:00,2.11,10.786239959625359
2020-03-06 04:30:00,1.759,10.63720660281855
2020-03-06 04:45:00,1.829,10.702535902575603
2020-03-06 05:00:00,1.97,10.791812534687937
2020-03-06 05:15:00,1.899,10.786276063821736
2020-03-06 05:30:00,2.181,10.789806915498964
2020-03-06 05:45:00,2.321,10.76577946365467
2020-03-06 06:00:00,2.462,10.998545209418499
2020-03-06 06:15:00,2.532,10.982836490006287
2020-03-06 06:30:00,2.251,10.86686993556994
2020-03-06 06:45:00,2.181,10.73513543782111
2020-03-06 07:00:00,1.97,10.76369199963798
2020-03-06 07:15:00,1.899,10.806822736635551
2020-03-06 07:30:00,1.618,10.888566418020012
2020-03-06 07:45:00,1.618,10.784863809816418
2020-03-06 08:00:00,1.407,10.418376332611807
2020-03-06 08:15:00,1.337,9.858811359929915
2020-03-06 08:30:00,1.407,9.577070070249667
2020-03-06 08:45:00,1.266,9.687312959172399
2020-03-06 09:00:00,1.407,9.981827494347893
2020-03-06 09:15:00,1.688,10.429349678396132
2020-03-06 09:30:00,1.829,10.54009983563545
2020-03-06 09:45:00,2.04,10.853147118990226
2020-03-06 10:00:00,2.181,10.877402788683634
2020-03-06 10:15:00,2.04,10.878568525570461
2020-03-06 10:30:00,1.829,11.146376418224476
2020-03-06 10:45:00,1.618,11.252373456638622
2020-03-06 11:00:00,1.829,11.337621742681367
2020-03-06 11:15:00,2.181,11.384385042584649
2020-03-06 11:30:00,2.532,11.30537344238179
2020-03-06 11:45:00,2.392,11.176628848678392
2020-03-06 12:00:00,2.251,11.296226470200612
2020-03-06 12:15:00,2.251,11.433004885746433
2020-03-06 12:30:00,2.673,11.626539528788262
2020-03-06 12:45:00,2.181,11.689026692740518
2020-03-06 13:00:00,2.321,11.73915313472351
2020-03-06 13:15:00,2.321,11.942545948384177
2020-03-06 13:30:00,2.181,12.048428382705985
2020-03-06 13:45:00,2.603,12.032999102642354
2020-03-06 14:00:00,2.532,11.988335372082778
2020-03-06 14:15:00,2.884,12.106564412099972
2020-03-06 14:30:00,2.884,11.898906378469775
2020-03-06 14:45:00,3.095,11.899511759980076
2020-03-06 15:00:00,3.025,11.876514479507794
2020-03-06 15:15:00,2.814,11.831053551384786
2020-03-06 15:30:00,2.744,11.741134732207632
2020-03-06 15:45:00,2.744,11.63938163096526
2020-03-06 16:00:00,2.955,11.554838823780267
2020-03-06 16:15:00,2.814,11.654418018763915
2020-03-06 16:30:00,2.884,11.909183151290135
2020-03-06 16:45:00,2.603,11.82885445047696
2020-03-06 17:00:00,2.884,11.755492292894822
2020-03-06 17:15:00,3.095,11.766327009332969
2020-03-06 17:30:00,2.955,11.656349333294063
2020-03-06 17:45:00,3.095,11.752762712677617
2020-03-06 18:00:00,2.814,11.773266225991097
2020-03-06 18:15:00,2.673,11.512604595881003
2020-03-06 18:30:00,2.603,11.405476514160236
2020-03-06 18:45:00,2.181,11.327174179696664
2020-03-06 19:00:00,2.11,11.138126361422971
2020-03-06 19:15:00,1.548,10.704590468447792
2020-03-06 19:30:00,1.407,10.885032434188892
2020-03-06 19:45:00,1.829,10.54184754227476
2020-03-06 20:00:00,1.829,10.591658733662236
2020-03-06 20:15:00,2.744,10.492931436423696
2020-03-06 20:30:00,3.166,10.417078707977458
2020-03-06 20:45:00,3.095,10.691796672183747
2020-03-06 21:00:00,1.477,10.294109731512078
2020-03-06 21:15:00,1.337,10.659097994384956
2020-03-06 21:30:00,0.703,10.541499484839273
2020-03-06 21:45:00,1.126,10.737312927799882
2020-03-06 22:00:00,1.759,10.3365972782572
2020-03-06 22:15:00,1.829,10.377247814108417
2020-03-06 22:30:00,1.899,10.332085377001075
2020-03-06 22:45:00,1.899,10.369836173062357
2020-03-06 23:00:00,1.829,10.366578671297747
2020-03-06 23:15:00,2.04,10.249370771380415
2020-03-06 23:30:00,1.829,10.203870891217768
2020-03-06 23:45:00,2.181,10.175124801184138
2020-03-07 00:00:00,1.97,10.127896483345477
2020-03-07 00:15:00,1.829,10.392003914094078
2020-03-07 00:30:00,1.97,10.020497471335533
2020-03-07 00:45:00,1.899,9.82289300915829
2020-03-07 01:00:00,1.899,10.058627767872304
2020-03-07 01:15:00,1.548,10.182134737465
2020-03-07 01:30:00,1.759,10.04182688239373
2020-03-07 01:45:00,1.618,10.338529715501265
2020-03-07 02:00:00,0.774,10.373449982938972
2020-03-07 02:15:00,-0.703,10.494908161161733
2020-03-07 02:30:00,-0.633,10.403343696376387
2020-03-07 02:45:00,-0.774,10.470124185153704
2020-03-07 03:00:00,-0.844,10.360119591657375
2020-03-07 03:15:00,-0.633,10.180741276276434
2020-03-07 03:30:00,-0.492,10.603573634043927
2020-03-07 03:45:00,-0.703,10.46940471517472
2020-03-07 04:00:00,-0.633,10.721326660832547
2020-03-07 04:15:00,-0.844,10.63957120002689
2020-03-07 04:30:00,-0.915,10.650915539913663
2020-03-07 04:45:00,-0.985,10.7292133043479
2020-03-07 05:00:00,-0.915,10.900429668257404
2020-03-07 05:15:00,-0.844,10.980151201259824
2020-03-07 05:30:00,-0.844,10.937520546649365
2020-03-07 05:45:00,0.0,11.029770377988052
2020-03-07 06:00:00,0.0,11.030244157856231
2020-03-07 06:15:00,0.0,10.87020312512537
2020-03-07 06:30:00,0.0,10.937728855624458
2020-03-07 06:45:00,0.0,10.796660269118776
2020-03-07 07:00:00,-0.492,10.650799585493216
2020-03-07 07:15:00,-0.563,10.507475828479603
2020-03-07 07:30:00,-0.844,10.133201549905573
2020-03-07 07:45:00,-0.915,10.388746585302755
2020-03-07 08:00:00,-0.774,9.792147492563632
2020-03-07 08:15:00,0.0,9.885211998692235
2020-03-07 08:30:00,-0.563,9.693194281284484
2020-03-07 08:45:00,0.0,9.623083754604044
2020-03-07 09:00:00,-0.563,9.478288726262038
2020-03-07 09:15:00,0.0,9.537042120288014
2020-03-07 09:30:00,0.0,9.65132660678312
2020-03-07 09:45:00,0.0,9.75489534617252
2020-03-07 10:00:00,0.0,10.013514631845954
2020-03-07 10:15:00,-0.633,10.179805562266841
2020-03-07 10:30:00,0.0,10.248021249647241
2020-03-07 10:45:00,0.844,10.267051361584258
2020-03-07 11:00:00,1.196,10.626931924975603
2020-03-07 11:15:00,1.196,10.933257269380125
2020-03-07 11:30:00,1.407,10.915151849585675
2020-03-07 11:45:00,0.0,10.71834301412174
2020-03-07 12:00:00,0.0,10.716756815929939
2020-03-07 12:15:00,0.0,10.749075886782482
2020-03-07 12:30:00,0.492,10.9248990348994
2020-03-07 12:45:00,0.844,11.126510498567086
2020-03-07 13:00:00,0.633,11.400828633450123
2020-03-07 13:15:00,0.985,11.456619253679186
2020-03-07 13:30:00,1.266,11.69858671340512
2020-03-07 13:45:00,1.618,12.0392035160347
2020-03-07 14:00:00,1.829,11.884289190438228
2020-03-07 14:15:00,1.196,12.013986303902088
2020-03-07 14:30:00,0.985,12.118374171443753
2020-03-07 14:45:00,1.266,12.125645919487498
2020-03-07 15:00:00,1.548,11.986933052954445
2020-03-07 15:15:00,1.829,12.110483147622297
2020-03-07 15:30:00,2.181,12.092414977903237
2020-03-07 15:45:00,1.97,12.321393965532526
2020-03-07 16:00:00,1.829,12.43717352601103
2020-03-07 16:15:00,1.688,12.40928379336525
2020-03-07 16:30:00,1.618,12.422473243560358
2020-03-07 16:45:00,1.688,12.527604397414173
2020-03-07 17:00:00,1.688,12.205968042434296
2020-03-07 17:15:00,1.97,12.288782475538719
2020-03-07 17:30:00,2.04,12.231224164956615
2020-03-07 17:45:00,1.899,11.960721078664587
2020-03-07 18:00:00,2.11,12.09550072646809
2020-03-07 18:15:00,2.392,12.021892571153224
2020-03-07 18:30:00,2.321,11.97823564679616
2020-03-07 18:45:00,2.11,11.752866074239872
2020-03-07 19:00:00,1.829,11.563966692633604
2020-03-07 19:15:00,1.97,11.412064382766465
2020-03-07 19:30:00,2.462,11.166525091843164
2020-03-07 19:45:00,1.829,10.78407827510296
2020-03-07 20:00:00,2.181,10.646604250859331
2020-03-07 20:15:00,2.181,10.57925357292711
2020-03-07 20:30:00,2.181,10.564052868881495
2020-03-07 20:45:00,2.251,10.447320464569168
2020-03-07 21:00:00,2.181,10.611214901865972
2020-03-07 21:15:00,1.97,10.59844294648255
2020-03-07 21:30:00,2.392,10.460174542603802
2020-03-07 21:45:00,2.462,10.332468155943529
2020-03-07 22:00:00,2.04,10.49941455515854
2020-03-07 22:15:00,2.04,10.512924617886512
2020-03-07 22:30:00,2.955,10.221726452139519
2020-03-07 22:45:00,3.236,10.2925243235396
2020-03-07 23:00:00,2.744,10.269455927810132
2020-03-07 23:15:00,2.462,10.065439868383246
2020-03-07 23:30:00,2.955,10.090437077058604
2020-03-07 23:45:00,3.025,10.045625336477558
2020-03-08 00:00:00,2.673,10.021123897132203
2020-03-08 00:15:00,2.884,9.970456141429834
2020-03-08 00:30:00,2.744,9.986944097698178
2020-03-08 00:45:00,2.744,9.843834973419296
2020-03-08 01:00:00,2.532,9.838438495207704
2020-03-08 01:15:00,2.955,9.892261948556774
2020-03-08 01:30:00,3.166,9.922115913471291
2020-03-08 01:45:00,2.603,9.976528744246133
2020-03-08 02:00:00,2.744,10.10382347618414
2020-03-08 02:15:00,2.814,10.026202164243871
2020-03-08 02:30:00,3.095,10.328567394646786
2020-03-08 02:45:00,3.728,10.668701114783874
2020-03-08 03:00:00,4.221,10.673498280481144
2020-03-08 03:15:00,3.377,10.916371622187475
2020-03-08 03:30:00,3.447,10.962233429738724
2020-03-08 03:45:00,3.728,11.010556914034295
2020-03-08 04:00:00,3.799,11.240941800883455
2020-03-08 04:15:00,4.01,11.402085153714713
2020-03-08 04:30:00,3.939,11.289177442683625
2020-03-08 04:45:00,4.15,11.350999517902848
2020-03-08 05:00:00,4.15,11.480569262740143
2020-03-08 05:15:00,4.08,11.444357041343686
2020-03-08 05:30:00,4.08,11.527374235038593
2020-03-08 05:45:00,3.095,11.626347878401194
2020-03-08 06:00:00,2.884,11.661496301408977
2020-03-08 06:15:00,2.884,11.681878895017523
2020-03-08 06:30:00,3.728,11.81729802928661
2020-03-08 06:45:00,3.728,11.7974230295282
2020-03-08 07:00:00,4.01,12.018496675340986
2020-03-08 07:15:00,3.447,11.747509644021168
2020-03-08 07:30:00,3.728,11.858901951357415
2020-03-08 07:45:00,3.658,11.6272404718537
2020-03-08 08:00:00,3.377,11.484801606038532
2020-03-08 08:15:00,3.095,10.92624275300426
2020-03-08 08:30:00,3.166,10.47804230859523
2020-03-08 08:45:00,3.236,10.839021872823796
2020-03-08 09:00:00,3.377,10.65042427293094
2020-03-08 09:15:00,3.306,10.605884834355683
2020-03-08 09:30:00,4.01,11.313654607782347
2020-03-08 09:45:00,3.095,11.576413356023314
2020-03-08 10:00:00,3.658,11.790977354913403
2020-03-08 10:15:00,3.658,11.815196641581663
2020-03-08 10:30:00,3.728,12.09271585527171
2020-03-08 10:45:00,4.15,12.15509059944756
2020-03-08 11:00:00,4.15,12.425980772098947
2020-03-08 11:15:00,4.15,12.391249855117707
2020-03-08 11:30:00,4.573,12.331799351817939
2020-03-08 11:45:00,3.939,12.32043049477991
2020-03-08 12:00:00,4.502,12.359477567665145
2020-03-08 12:15:00,4.362,12.482327033392098
2020-03-08 12:30:00,4.502,12.557532336460147
2020-03-08 12:45:00,4.713,12.803269334073743
2020-03-08 13:00:00,4.854,12.673552248879357
2020-03-08 13:15:00,4.924,12.747787084905557
2020-03-08 13:30:00,4.502,12.894144638576114
2020-03-08 13:45:00,5.135,12.59914130846885
2020-03-08 14:00:00,5.417,12.615765834001854
2020-03-08 14:15:00,5.065,12.623021279144476
2020-03-08 14:30:00,4.854,12.92419058376182
2020-03-08 14:45:00,4.502,12.831544559407936
2020-03-08 15:00:00,4.573,12.9010237611704
2020-03-08 15:15:00,4.291,12.646838642532025
2020-03-08 15:30:00,4.291,12.643712252465646
2020-03-08 15:45:00,4.291,12.34130657699864
2020-03-08 16:00:00,4.573,12.338953403331734
2020-03-08 16:15:00,4.643,11.93527028868542
2020-03-08 16:30:00,4.362,11.457581697478066
2020-03-08 16:45:00,4.854,11.201852366998315
2020-03-08 17:00:00,4.502,11.039801420741506
2020-03-08 17:15:00,4.432,11.163109472116487
2020-03-08 17:30:00,4.502,11.06888911253413
2020-03-08 17:45:00,4.713,10.963049660135594
2020-03-08 18:00:00,4.713,10.739623700538306
2020-03-08 18:15:00,4.995,10.98197300799095
2020-03-08 18:30:00,5.206,10.88372998932945
2020-03-08 18:45:00,4.713,10.899192694594424
2020-03-08 19:00:00,4.713,10.773505132522645
2020-03-08 19:15:00,4.573,10.556208828599788
2020-03-08 19:30:00,4.502,10.366446825060342
2020-03-08 19:45:00,4.784,10.119344257615301
2020-03-08 20:00:00,4.713,9.84889213173961
2020-03-08 20:15:00,4.784,9.800929784416132
2020-03-08 20:30:00,4.784,9.686178885601437
2020-03-08 20:45:00,4.854,9.68522393817287
2020-03-08 21:00:00,5.065,9.55127957710814
2020-03-08 21:15:00,4.995,9.711500683425358
2020-03-08 21:30:00,4.854,9.943534120343136
2020-03-08 21:45:00,4.713,9.647686410909609
2020-03-08 22:00:00,4.713,9.602722875924115
2020-03-08 22:15:00,4.643,9.371198197557543
2020-03-08 22:30:00,3.939,9.704141413136231
2020-03-08 22:45:00,4.291,9.550997319184525
2020-03-08 23:00:00,4.643,9.203134953161422
2020-03-08 23:15:00,4.573,9.142184315241341
2020-03-08 23:30:00,4.924,9.244211363174033
2020-03-08 23:45:00,4.573,9.160335848171668
2020-03-09 00:00:00,4.502,8.911130910463875
2020-03-09 00:15:00,4.784,9.086403656012855
2020-03-09 00:30:00,5.487,8.963925318723426
2020-03-09 00:45:00,5.417,8.852796322850503
2020-03-09 01:00:00,5.206,9.134529488783484
2020-03-09 01:15:00,5.206,8.896072372980234
2020-03-09 01:30:00,4.995,8.57422214264309
2020-03-09 01:45:00,4.854,8.450561837484148
2020-03-09 02:00:00,4.924,8.533108775233503
2020-03-09 02:15:00,5.206,8.466410635839432
2020-03-09 02:30:00,5.276,8.601208749809603
2020-03-09 02:45:00,5.206,8.624935200037301
2020-03-09 03:00:00,5.276,8.717639816740332
2020-03-09 03:15:00,4.573,8.589493282493862
2020-03-09 03:30:00,4.713,8.557492085357316
2020-03-09 03:45:00,4.502,8.6082760401153
2020-03-09 04:00:00,4.15,8.608099429091249
2020-03-09 04:15:00,4.362,8.603574383435886
2020-03-09 04:30:00,4.362,8.704153950078934
2020-03-09 04:45:00,4.502,8.680144049763067
2020-03-09 05:00:00,4.15,8.739132645345665
2020-03-09 05:15:00,4.15,8.753210635440146
2020-03-09 05:30:00,3.939,8.988976323899152
2020-03-09 05:45:00,3.939,9.049255388573881
2020-03-09 06:00:00,3.799,9.038826416782287
2020-03-09 06:15:00,3.728,9.146873248349504
2020-03-09 06:30:00,3.869,9.21227893020333
2020-03-09 06:45:00,3.799,9.535067628226388
2020-03-09 07:00:00,4.01,9.488419594439339
2020-03-09 07:15:00,4.432,9.649030791496322
2020-03-09 07:30:00,4.502,9.779737797323689
2020-03-09 07:45:00,4.432,9.829433746134603
2020-03-09 08:00:00,4.643,9.74124705578792
2020-03-09 08:15:00,4.432,9.862788382356264
2020-03-09 08:30:00,3.869,9.852388354094593
2020-03-09 08:45:00,4.291,10.11763023629872
2020-03-09 09:00:00,4.08,10.328664914479683
2020-03-09 09:15:00,4.573,10.383734272702293
2020-03-09 09:30:00,4.854,10.571071707692518
2020-03-09 09:45:00,5.417,10.847224345607918
2020-03-09 10:00:00,5.698,10.960155905967024
2020-03-09 10:15:00,5.698,11.058988550144674
2020-03-09 10:30:00,5.768,11.453725665089946
2020-03-09 10:45:00,5.698,11.840068242421463
2020-03-09 11:00:00,5.698,11.980350990392928
2020-03-09 11:15:00,5.979,12.161526750789484
2020-03-09 11:30:00,5.768,12.277512554325893
2020-03-09 11:45:00,5.346,12.06214672093421
2020-03-09 12:00:00,5.206,12.297907779477999
2020-03-09 12:15:00,5.346,12.276578672270858
2020-03-09 12:30:00,5.206,12.282869004188548
2020-03-09 12:45:00,4.995,12.308150435789889
2020-03-09 13:00:00,5.487,12.148707697636063
2020-03-09 13:15:00,5.768,12.086389517798766
2020-03-09 13:30:00,6.683,12.051038466912473
2020-03-09 13:45:00,6.683,12.126163594872098
2020-03-09 14:00:00,6.613,12.147506611012581
2020-03-09 14:15:00,6.613,12.108789695715076
2020-03-09 14:30:00,6.542,12.058538787211164
2020-03-09 14:45:00,6.824,12.315575985318873
2020-03-09 15:00:00,6.964,12.221335374164612
2020-03-09 15:15:00,6.261,12.240241181338838
2020-03-09 15:30:00,6.542,12.246825007245297
2020-03-09 15:45:00,6.753,12.255860039353985
2020-03-09 16:00:00,6.964,12.165417794400435
2020-03-09 16:15:00,6.331,12.183227367314322
2020-03-09 16:30:00,7.035,12.129134697580623
2020-03-09 16:45:00,6.753,12.164815928392933
2020-03-09 17:00:00,7.035,12.175221374571874
2020-03-09 17:15:00,6.964,12.061175210733646
2020-03-09 17:30:00,7.105,12.137459210164716
2020-03-09 17:45:00,7.035,12.181847279744854
2020-03-09 18:00:00,6.613,11.963623530656086
2020-03-09 18:15:00,6.472,11.698182570605125
2020-03-09 18:30:00,6.05,11.396681923981669
2020-03-09 18:45:00,5.839,10.892284326566454
2020-03-09 19:00:00,5.698,10.36435590210544
2020-03-09 19:15:00,5.557,10.214259996704108
2020-03-09 19:30:00,5.557,10.110597919127375
2020-03-09 19:45:00,5.557,10.084942340226297
2020-03-09 20:00:00,5.487,10.211025595060823
2020-03-09 20:15:00,5.417,10.27042783323992
2020-03-09 20:30:00,5.276,10.36166624598426
2020-03-09 20:45:00,5.346,10.287617739208953
2020-03-09 21:00:00,5.135,10.628466100303664
2020-03-09 21:15:00,5.206,10.762321834756046
2020-03-09 21:30:00,5.206,10.648820344253856
2020-03-09 21:45:00,5.206,10.87439335040786
2020-03-09 22:00:00,5.346,10.838463779281513
2020-03-09 22:15:00,5.276,10.87758368363314
2020-03-09 22:30:00,5.206,10.445712850488194
2020-03-09 22:45:00,5.065,10.31534078024017
2020-03-09 23:00:00,4.784,10.108526955921489
2020-03-09 23:15:00,4.713,9.978638365199734
2020-03-09 23:30:00,4.643,9.716264479788256
2020-03-09 23:45:00,4.713,9.595397130801055
2020-03-10 00:00:00,4.854,9.539697548845606
2020-03-10 00:15:00,4.784,9.629944403221076
2020-03-10 00:30:00,4.784,9.628353156056196
2020-03-10 00:45:00,5.065,9.762592294451549
2020-03-10 01:00:00,5.065,9.725654151999692
2020-03-10 01:15:00,4.643,9.82720701721388
2020-03-10 01:30:00,4.854,9.781396804344801
2020-03-10 01:45:00,4.573,9.644130434293261
2020-03-10 02:00:00,4.643,9.726376109550529
2020-03-10 02:15:00,4.502,9.847516149965637
2020-03-10 02:30:00,4.502,9.895287497279984
2020-03-10 02:45:00,4.643,9.858812030884478
2020-03-10 03:00:00,4.784,9.825899636611885
2020-03-10 03:15:00,4.432,9.702973319410123
2020-03-10 03:30:00,4.713,9.791096889375195
2020-03-10 03:45:00,4.643,9.836338381781022
2020-03-10 04:00:00,4.643,9.783415778629598
2020-03-10 04:15:00,4.573,9.790221090056653
2020-03-10 04:30:00,4.643,9.959732812061294
2020-03-10 04:45:00,4.643,10.132188406946888
2020-03-10 05:00:00,4.502,10.266819855291036
2020-03-10 05:15:00,4.573,10.167568910608837
2020-03-10 05:30:00,4.291,10.20088949337216
2020-03-10 05:45:00,4.502,10.37786115067555
2020-03-10 06:00:00,4.432,10.302740058970361
2020-03-10 06:15:00,4.432,10.24480374268413
2020-03-10 06:30:00,4.291,10.106815577607948
2020-03-10 06:45:00,4.432,10.21462738569515
2020-03-10 07:00:00,4.573,10.238833691294541
2020-03-10 07:15:00,4.713,10.469510190751638
2020-03-10 07:30:00,4.924,10.162680014398875
2020-03-10 07:45:00,5.417,10.180901538102574
2020-03-10 08:00:00,5.276,10.273237612947943
2020-03-10 08:15:00,5.206,10.285169250556573
2020-03-10 08:30:00,5.487,10.386800433865742
2020-03-10 08:45:00,5.417,10.503659089871933
2020-03-10 09:00:00,5.557,10.549576863416101
2020-03-10 09:15:00,6.05,10.666690318384463
2020-03-10 09:30:00,6.753,10.576259119615207
2020-03-10 09:45:00,6.894,10.584226896051696
2020-03-10 10:00:00,6.964,10.95562683512904
2020-03-10 10:15:00,6.753,11.60800548129057
2020-03-10 10:30:00,6.753,11.986236093968103
2020-03-10 10:45:00,6.613,12.379285961746906
2020-03-10 11:00:00,6.472,12.606495491088939
2020-03-10 11:15:00,6.542,12.87136091989204
2020-03-10 11:30:00,6.05,12.936211401087672
2020-03-10 11:45:00,6.261,13.022712728709852
2020-03-10 12:00:00,6.542,13.14624657476826
2020-03-10 12:15:00,6.472,13.159911402812801
2020-03-10 12:30:00,6.894,13.268108324641576
2020-03-10 12:45:00,7.175,13.171228705841505
2020-03-10 13:00:00,7.246,12.736154333368367
2020-03-10 13:15:00,8.371,12.782543681935728
2020-03-10 13:30:00,9.075,12.800750225542116
2020-03-10 13:45:00,9.426,12.835055336043302
2020-03-10 14:00:00,9.356,13.010201375652949
2020-03-10 14:15:00,9.286,12.987909745909073
2020-03-10 14:30:00,9.286,13.054488582628775
2020-03-10 14:45:00,9.286,13.210754025762624
2020-03-10 15:00:00,8.512,12.981946908411329
2020-03-10 15:15:00,9.145,13.045208365360374
2020-03-10 15:30:00,8.934,13.061852922617456
2020-03-10 15:45:00,9.145,13.06072976104924
2020-03-10 16:00:00,9.356,13.073582649866976
2020-03-10 16:15:00,9.286,13.219113601818536
2020-03-10 16:30:00,9.638,12.92052059257546
2020-03-10 16:45:00,9.215,13.009426994375934
2020-03-10 17:00:00,9.708,13.0721470305193
2020-03-10 17:15:00,9.778,13.115444555780739
2020-03-10 17:30:00,9.497,13.117687544294846
2020-03-10 17:45:00,9.215,13.06048951505929
2020-03-10 18:00:00,8.864,12.978345548328372
2020-03-10 18:15:00,8.512,12.769564383738706
2020-03-10 18:30:00,8.231,12.982986414714794
2020-03-10 18:45:00,8.09,12.809745747411634
2020-03-10 19:00:00,8.02,12.253552131060063
2020-03-10 19:15:00,7.809,11.103339342278646
2020-03-10 19:30:00,7.809,10.328969279396292
2020-03-10 19:45:00,7.316,9.981920461943657
2020-03-10 20:00:00,7.035,9.946785209818406
2020-03-10 20:15:00,6.964,10.119920548510345
2020-03-10 20:30:00,6.964,10.166805450626983
2020-03-10 20:45:00,6.894,10.194195034717646
2020-03-10 21:00:00,6.824,9.953584788454494
2020-03-10 21:15:00,6.683,10.130485337700037
2020-03-10 21:30:00,6.542,9.883748488124068
2020-03-10 21:45:00,6.613,9.813955210915626
2020-03-10 22:00:00,6.613,9.747901814964345
2020-03-10 22:15:00,6.613,9.973740066963176
2020-03-10 22:30:00,6.402,10.17111172058029
2020-03-10 22:45:00,6.191,9.968219490865327
2020-03-10 23:00:00,6.402,9.85639894956872
2020-03-10 23:15:00,6.542,9.898285919888545
2020-03-10 23:30:00,6.472,9.90069980924365
2020-03-10 23:45:00,6.472,10.310572230806438
2020-03-11 00:00:00,6.683,10.16097054913672
2020-03-11 00:15:00,6.824,10.50824318789069
2020-03-11 00:30:00,6.894,10.213091184311528
2020-03-11 00:45:00,6.753,9.878135557092179
2020-03-11 01:00:00,6.824,9.882380603829924
2020-03-11 01:15:00,6.964,10.42295700673546
2020-03-11 01:30:00,6.964,10.128358197826762
2020-03-11 01:45:00,6.964,10.195495701196963
2020-03-11 02:00:00,6.894,10.059398581185379
2020-03-11 02:15:00,6.753,10.223550390476854
2020-03-11 02:30:00,6.894,9.855995251925485
2020-03-11 02:45:00,6.964,9.835664916008438
2020-03-11 03:00:00,6.894,9.851173021998841
2020-03-11 03:15:00,6.824,10.460042740920242
2020-03-11 03:30:00,6.824,10.723744326132078
2020-03-11 03:45:00,6.402,11.102086151454793
2020-03-11 04:00:00,6.331,11.310144137279481
2020-03-11 04:15:00,6.472,11.385902030095826
2020-03-11 04:30:00,6.331,11.352648631400484
2020-03-11 04:45:00,6.261,11.44415200271918
2020-03-11 05:00:00,6.331,11.16257928011688
2020-03-11 05:15:00,6.191,11.031041482021129
2020-03-11 05:30:00,6.331,10.785548949522259
2020-03-11 05:45:00,6.472,10.789336061218656
2020-03-11 06:00:00,6.613,10.89509278628166
2020-03-11 06:15:00,6.824,10.959607237151166
2020-03-11 06:30:00,6.824,10.81544158217605
2020-03-11 06:45:00,5.698,10.878061594668724
2020-03-11 07:00:00,5.628,10.796042651589993
2020-03-11 07:15:00,5.628,10.73891280579423
2020-03-11 07:30:00,5.557,10.758201709230395
2020-03-11 07:45:00,5.839,10.485029347927878
2020-03-11 08:00:00,5.839,10.161119924665618
2020-03-11 08:15:00,5.698,9.68448102646595
2020-03-11 08:30:00,5.628,9.579930844430764
2020-03-11 08:45:00,5.839,9.776388455661372
2020-03-11 09:00:00,5.698,10.30111309562598
2020-03-11 09:15:00,6.261,10.668810798336278
2020-03-11 09:30:00,6.894,10.639343668757284
2020-03-11 09:45:00,7.105,11.129467083431917
2020-03-11 10:00:00,7.035,11.169551004594911
2020-03-11 10:15:00,6.824,11.383243185497026
2020-03-11 10:30:00,6.683,11.829672777024513
2020-03-11 10:45:00,6.613,12.093036564752275
2020-03-11 11:00:00,6.683,12.431156064267018
2020-03-11 11:15:00,6.824,12.595432566245426
2020-03-11 11:30:00,7.246,12.775203354931053
2020-03-11 11:45:00,7.527,12.907445911082602
2020-03-11 12:00:00,7.738,13.105432898611465
2020-03-11 12:15:00,7.668,13.129767998522393
2020-03-11 12:30:00,7.738,12.986085119054062
2020-03-11 12:45:00,8.16,13.016451211917053
2020-03-11 13:00:00,8.301,13.116616673344817
2020-03-11 13:15:00,9.356,12.965115471593112
2020-03-11 13:30:00,10.06,12.763386830369251
2020-03-11 13:45:00,10.482,12.687268439049094
2020-03-11 14:00:00,10.341,12.36892604451878
2020-03-11 14:15:00,10.482,12.550701895725398
2020-03-11 14:30:00,10.482,12.51620635379721
2020-03-11 14:45:00,9.919,12.267164756633516
2020-03-11 15:00:00,9.919,12.262854099570657
2020-03-11 15:15:00,10.13,11.534624753869325
2020-03-11 15:30:00,10.271,8.667516016006706
2020-03-11 15:45:00,10.271,6.943079182766071
2020-03-11 16:00:00,9.708,6.12484952430093
2020-03-11 16:15:00,9.919,6.03296733954628
2020-03-11 16:30:00,9.638,6.014556610410679
2020-03-11 16:45:00,9.708,6.0442594770869125
2020-03-11 17:00:00,9.708,6.389462637213006
2020-03-11 17:15:00,9.356,6.600019160445366
2020-03-11 17:30:00,9.497,6.557155173499301
2020-03-11 17:45:00,9.426,6.73660296352161
2020-03-11 18:00:00,8.934,7.617691531077008
2020-03-11 18:15:00,8.864,7.302073979926828
2020-03-11 18:30:00,8.723,7.346655363370186
2020-03-11 18:45:00,8.793,7.291823375062192
2020-03-11 19:00:00,8.512,7.255753951174777
2020-03-11 19:15:00,8.371,7.296733017350586
2020-03-11 19:30:00,8.16,7.417859560368693
2020-03-11 19:45:00,8.301,7.27855175033514
2020-03-11 20:00:00,8.371,7.36207572559933
2020-03-11 20:15:00,8.16,7.391428274317386
2020-03-11 20:30:00,8.512,7.330870140379744
2020-03-11 20:45:00,7.949,7.569588244289875
2020-03-11 21:00:00,7.879,7.561274026388268
2020-03-11 21:15:00,7.879,6.818390804153167
2020-03-11 21:30:00,7.738,7.259829783878968
2020-03-11 21:45:00,7.668,7.731996693229141
2020-03-11 22:00:00,7.527,6.779269795839654
2020-03-11 22:15:00,7.457,7.3334842984814115
2020-03-11 22:30:00,7.386,6.523233343457415
2020-03-11 22:45:00,7.246,6.197272056382526
2020-03-11 23:00:00,7.668,6.113954390660587
2020-03-11 23:15:00,7.809,6.079119693771726
2020-03-11 23:30:00,7.879,6.080309466933666
2020-03-11 23:45:00,7.809,6.601993599256807
2020-03-12 00:00:00,8.02,6.27703863465925
2020-03-12 00:15:00,8.02,6.079817241296637
2020-03-12 00:30:00,7.668,6.185366679098439
2020-03-12 00:45:00,8.02,6.155669599288147
2020-03-12 01:00:00,7.949,6.147374986734002
2020-03-12 01:15:00,7.809,6.077963419669274
2020-03-12 01:30:00,7.809,5.910770769905472
2020-03-12 01:45:00,7.597,6.069235543218749
2020-03-12 02:00:00,7.597,6.173523945331323
2020-03-12 02:15:00,7.809,6.230935645467917
2020-03-12 02:30:00,7.879,6.251987426132881
2020-03-12 02:45:00,7.668,6.087859022705408
2020-03-12 03:00:00,7.668,6.168186475717468
2020-03-12 03:15:00,7.738,6.131986663482028
2020-03-12 03:30:00,7.597,5.956365097240972
2020-03-12 03:45:00,7.668,5.653437594740516
2020-03-12 04:00:00,7.949,5.657898224581823
2020-03-12 04:15:00,7.949,5.680275205219601
2020-03-12 04:30:00,7.949,5.6156896575115525
2020-03-12 04:45:00,8.02,5.735399900393858
2020-03-12 05:00:00,8.16,6.0310220421923635
2020-03-12 05:15:00,7.809,6.203045961678414
2020-03-12 05:30:00,7.809,6.238476132893696
2020-03-12 05:45:00,7.738,6.245771260196589
2020-03-12 06:00:00,7.668,6.26562076600146
2020-03-12 06:15:00,7.597,6.304288761573698
2020-03-12 06:30:00,7.527,6.222581473736454
2020-03-12 06:45:00,7.457,6.0815607289306834
2020-03-12 07:00:00,7.457,6.288872235665077
2020-03-12 07:15:00,7.668,6.197333666153024
2020-03-12 07:30:00,7.527,6.021699357801794
2020-03-12 07:45:00,7.597,6.0897110978819855
2020-03-12 08:00:00,8.02,6.171111780989658
2020-03-12 08:15:00,8.442,6.090714400138356
2020-03-12 08:30:00,8.653,6.120944485249191
2020-03-12 08:45:00,8.512,6.101724819842726
2020-03-12 09:00:00,8.301,6.454373674040022
2020-03-12 09:15:00,8.231,6.622658825966309
2020-03-12 09:30:00,8.301,6.966972193751476
2020-03-12 09:45:00,8.723,7.091858727107833
2020-03-12 10:00:00,8.864,7.246218001517221
2020-03-12 10:15:00,8.934,7.327519174725608
2020-03-12 10:30:00,8.864,7.132321167683665
2020-03-12 10:45:00,8.723,7.027438642686151
2020-03-12 11:00:00,8.723,7.281473375533562
2020-03-12 11:15:00,8.864,7.139218740932597
2020-03-12 11:30:00,8.864,6.966227742157467
2020-03-12 11:45:00,8.934,6.829912295248984
2020-03-12 12:00:00,9.004,6.632134376078148
2020-03-12 12:15:00,9.145,6.817608439091345
2020-03-12 12:30:00,9.426,6.728398587511131
2020-03-12 12:45:00,9.567,6.741409195889997
2020-03-12 13:00:00,9.356,6.7759057104176765
2020-03-12 13:15:00,10.06,6.943951917074482
2020-03-12 13:30:00,11.115,6.906030867958403
2020-03-12 13:45:00,11.044,7.0181876081983425
2020-03-12 14:00:00,10.552,7.135795408767992
2020-03-12 14:15:00,10.271,7.3087929152727
2020-03-12 14:30:00,10.763,7.77799130539843
2020-03-12 14:45:00,9.989,8.048635547765262
2020-03-12 15:00:00,10.13,8.240228722927204
2020-03-12 15:15:00,10.13,8.494259200278647
2020-03-12 15:30:00,10.13,8.481974278531291
2020-03-12 15:45:00,10.482,8.574986575956798
2020-03-12 16:00:00,10.482,8.671041652073955
2020-03-12 16:15:00,10.622,8.672121605743797
2020-03-12 16:30:00,10.411,8.858846224064092
2020-03-12 16:45:00,11.115,8.800376244208719
2020-03-12 17:00:00,11.185,8.868171135439946
2020-03-12 17:15:00,10.13,8.573932168207472
2020-03-12 17:30:00,10.552,8.408384079920376
2020-03-12 17:45:00,11.044,8.460030609572629
2020-03-12 18:00:00,10.974,8.24518359441696
2020-03-12 18:15:00,10.693,8.057727526615894
2020-03-12 18:30:00,10.13,8.502911645318763
2020-03-12 18:45:00,10.13,8.075396845259789
2020-03-12 19:00:00,9.919,8.192043404070583
2020-03-12 19:15:00,10.06,7.920251442359827
2020-03-12 19:30:00,9.919,7.599210198018576
2020-03-12 19:45:00,10.06,7.257473016286726
2020-03-12 20:00:00,9.849,7.278836804357172
2020-03-12 20:15:00,9.778,7.305348684653671
2020-03-12 20:30:00,9.778,7.451448408463583
2020-03-12 20:45:00,9.708,7.430721702943114
2020-03-12 21:00:00,9.426,7.439639770677316
2020-03-12 21:15:00,9.497,7.411124225760097
2020-03-12 21:30:00,9.497,7.19956116003346
2020-03-12 21:45:00,9.426,7.101388422562162
2020-03-12 22:00:00,9.286,7.265116213010867
2020-03-12 22:15:00,9.356,7.424327340002352
2020-03-12 22:30:00,9.215,7.343261501930564
2020-03-12 22:45:00,9.286,7.565848256581848
2020-03-12 23:00:00,9.215,7.731994514492109
2020-03-12 23:15:00,9.145,7.964806942541609
2020-03-12 23:30:00,9.356,7.864743037530591
2020-03-12 23:45:00,9.215,8.030355856201059
2020-03-13 00:00:00,9.004,8.033383360850225
2020-03-13 00:15:00,8.723,8.26364537267224
2020-03-13 00:30:00,8.934,8.323037326673422
2020-03-13 00:45:00,9.215,8.30292224181823
2020-03-13 01:00:00,8.723,8.59742722834185
2020-03-13 01:15:00,8.723,8.514078720404765
2020-03-13 01:30:00,9.075,8.698060428115031
2020-03-13 01:45:00,9.145,8.44725457350795
2020-03-13 02:00:00,8.864,8.252031585104175
2020-03-13 02:15:00,9.004,8.346456102393876
2020-03-13 02:30:00,8.934,8.312076966485726
2020-03-13 02:45:00,8.864,7.908019540923282
2020-03-13 03:00:00,8.793,7.758218183260719
2020-03-13 03:15:00,8.864,7.580757072979546
2020-03-13 03:30:00,8.723,7.393380837191967
2020-03-13 03:45:00,8.301,7.226105725965966
2020-03-13 04:00:00,8.723,7.04134150517584
2020-03-13 04:15:00,8.653,6.954816495554737
2020-03-13 04:30:00,8.723,6.947163557399023
2020-03-13 04:45:00,8.723,6.971018358407119
2020-03-13 05:00:00,8.723,6.971731384652287
2020-03-13 05:15:00,8.512,7.418645867805242
2020-03-13 05:30:00,8.512,7.555511834400074
2020-03-13 05:45:00,8.723,7.899389009904681
2020-03-13 06:00:00,8.582,8.089652407458354
2020-03-13 06:15:00,8.653,8.041483669061437
2020-03-13 06:30:00,8.582,8.106856760937347
2020-03-13 06:45:00,8.582,8.221183733935236
2020-03-13 07:00:00,8.231,8.470110529550643
2020-03-13 07:15:00,8.231,8.470039458520631
2020-03-13 07:30:00,8.231,8.401783755373836
2020-03-13 07:45:00,8.301,8.408451210151314
2020-03-13 08:00:00,8.16,8.40609389826393
2020-03-13 08:15:00,8.582,8.35271066777133
2020-03-13 08:30:00,8.793,8.319153439623205
2020-03-13 08:45:00,8.653,8.293521214663373
2020-03-13 09:00:00,9.286,8.338738895640157
2020-03-13 09:15:00,9.567,8.385355696125337
2020-03-13 09:30:00,10.482,8.401631629355924
2020-03-13 09:45:00,10.904,8.485438177747401
2020-03-13 10:00:00,10.974,8.591889422792468
2020-03-13 10:15:00,11.044,8.594419097749427
2020-03-13 10:30:00,10.974,8.528622231201446
2020-03-13 10:45:00,10.974,8.57370436513682
2020-03-13 11:00:00,10.833,8.51900740108126
2020-03-13 11:15:00,11.115,8.540832442379786
2020-03-13 11:30:00,10.904,8.502057027792912
2020-03-13 11:45:00,11.115,8.658587477765307
2020-03-13 12:00:00,10.904,8.616641777766084
2020-03-13 12:15:00,11.326,8.545473694290035
2020-03-13 12:30:00,11.115,8.677686703085245
2020-03-13 12:45:00,11.326,8.776285294051355
2020-03-13 13:00:00,11.607,8.83395111863835
2020-03-13 13:15:00,12.24,8.894518281493266
2020-03-13 13:30:00,12.451,8.927939288659845
2020-03-13 13:45:00,13.085,8.961905456090022
2020-03-13 14:00:00,12.662,8.961905456090022
2020-03-13 14:15:00,12.944,8.928966424222711
2020-03-13 14:30:00,12.874,8.883862624271535
2020-03-13 14:45:00,11.467,8.893143040991356
2020-03-13 15:00:00,11.748,8.935540646557637
2020-03-13 15:15:00,12.17,8.818573464209054
2020-03-13 15:30:00,11.889,8.980659550053876
2020-03-13 15:45:00,11.818,8.920156661562118
2020-03-13 16:00:00,11.326,8.99146401137403
2020-03-13 16:15:00,11.326,9.118460095008139
2020-03-13 16:30:00,11.256,9.08570102457614
2020-03-13 16:45:00,11.115,9.085371134267787
2020-03-13 17:00:00,11.537,9.147628227218656
2020-03-13 17:15:00,12.451,9.183888915547081
2020-03-13 17:30:00,12.803,9.161374376179444
2020-03-13 17:45:00,12.592,9.295946947250396
2020-03-13 18:00:00,12.311,9.23265031347312
2020-03-13 18:15:00,12.24,9.285565822757947
2020-03-13 18:30:00,11.818,9.304573474738413
2020-03-13 18:45:00,12.029,9.371057105819919
2020-03-13 19:00:00,11.889,9.3119130265585
2020-03-13 19:15:00,11.678,9.464926079269487
2020-03-13 19:30:00,11.537,9.391133103542831
2020-03-13 19:45:00,11.467,9.392685054433894
2020-03-13 20:00:00,11.326,9.479431435017595
2020-03-13 20:15:00,11.044,9.346343654390097
2020-03-13 20:30:00,11.185,9.330030927980605
2020-03-13 20:45:00,10.904,9.2505874822003
2020-03-13 21:00:00,11.044,9.183388759388615
2020-03-13 21:15:00,10.763,9.099731573775578
2020-03-13 21:30:00,10.904,9.13110851114465
2020-03-13 21:45:00,10.763,9.152131738626746
2020-03-13 22:00:00,10.904,9.095433276178788
2020-03-13 22:15:00,10.763,9.124837975005132
2020-03-13 22:30:00,10.833,9.084945115229639
2020-03-13 22:45:00,10.833,9.180743550791066
2020-03-13 23:00:00,10.622,9.427212687321555
2020-03-13 23:15:00,10.622,9.2001657919645
2020-03-13 23:30:00,10.552,9.401653583769368
2020-03-13 23:45:00,10.763,9.497930791004926
2020-03-14 00:00:00,10.622,9.619767875560411
2020-03-14 00:15:00,10.622,9.762409599303059
2020-03-14 00:30:00,10.833,9.749479249768005
2020-03-14 00:45:00,10.482,9.84546634703908
2020-03-14 01:00:00,10.482,10.132533862258075
2020-03-14 01:15:00,10.693,10.002043098640295
2020-03-14 01:30:00,10.552,10.005294601019047
2020-03-14 01:45:00,10.271,10.101576866812051
2020-03-14 02:00:00,10.693,10.078508624631706
2020-03-14 02:15:00,10.552,10.127254393104591
2020-03-14 02:30:00,10.622,10.05644868097779
2020-03-14 02:45:00,10.622,10.089957590531334
2020-03-14 03:00:00,10.763,9.983359452101038
2020-03-14 03:15:00,10.974,9.882496034986099
2020-03-14 03:30:00,10.974,9.886647058168966
2020-03-14 03:45:00,10.552,9.850496288993874
2020-03-14 04:00:00,10.763,9.722224961946774
2020-03-14 04:15:00,10.763,9.580847505913477
2020-03-14 04:30:00,10.271,9.72123691498538
2020-03-14 04:45:00,10.622,9.658496946580046
2020-03-14 05:00:00,9.989,9.629706566070231
2020-03-14 05:15:00,10.271,9.697838712529174
2020-03-14 05:30:00,10.13,9.402598224514175
2020-03-14 05:45:00,10.341,9.56609331305965
2020-03-14 06:00:00,10.622,9.476073091087711
2020-03-14 06:15:00,10.622,9.508881161973799
2020-03-14 06:30:00,10.411,9.452094679202315
2020-03-14 06:45:00,10.482,9.250178608388136
2020-03-14 07:00:00,10.2,9.007271652424674
2020-03-14 07:15:00,10.13,8.859622922012482
2020-03-14 07:30:00,10.271,8.77425108116422
2020-03-14 07:45:00,9.989,8.702523894426811
2020-03-14 08:00:00,10.482,8.584190506933897
2020-03-14 08:15:00,10.622,8.62929351331283
2020-03-14 08:30:00,10.271,8.596162255734553
2020-03-14 08:45:00,10.622,8.611844213884606
2020-03-14 09:00:00,10.833,8.626365804215501
2020-03-14 09:15:00,10.693,8.530474441663053
2020-03-14 09:30:00,10.622,8.62006090825755
2020-03-14 09:45:00,10.693,8.59530957134697
2020-03-14 10:00:00,10.763,8.654521933809736
2020-03-14 10:15:00,10.552,8.79887518011999
2020-03-14 10:30:00,10.2,8.729519519225892
2020-03-14 10:45:00,10.763,8.7192050489525
2020-03-14 11:00:00,10.763,8.834986818593336
2020-03-14 11:15:00,10.693,8.958470564146971
2020-03-14 11:30:00,10.904,9.139956627841693
2020-03-14 11:45:00,10.904,9.120874369507325
2020-03-14 12:00:00,10.833,9.23318551067906
2020-03-14 12:15:00,10.693,9.214345326588496
2020-03-14 12:30:00,10.622,9.284365512836635
2020-03-14 12:45:00,10.411,9.204735036677404
2020-03-14 13:00:00,9.497,9.143796917620067
2020-03-14 13:15:00,10.06,9.236948498281913
2020-03-14 13:30:00,10.552,9.251706007942186
2020-03-14 13:45:00,10.974,9.20701529701122
2020-03-14 14:00:00,10.622,9.250025201209578
2020-03-14 14:15:00,10.552,9.156054532420228
2020-03-14 14:30:00,10.693,9.154702321687004
2020-03-14 14:45:00,10.763,9.14104291152979
2020-03-14 15:00:00,10.693,9.161170234885578
2020-03-14 15:15:00,10.552,9.206784071511875
2020-03-14 15:30:00,10.763,9.227537858714754
2020-03-14 15:45:00,10.552,9.19625443615477
2020-03-14 16:00:00,10.763,9.110814213485943
2020-03-14 16:15:00,10.482,9.050241439781214
2020-03-14 16:30:00,9.919,8.994663133095406
2020-03-14 16:45:00,9.919,9.02715502589521
2020-03-14 17:00:00,10.2,9.025069143249144
2020-03-14 17:15:00,10.06,9.007493505842307
2020-03-14 17:30:00,10.271,9.048633691825325
2020-03-14 17:45:00,10.271,8.993063041579315
2020-03-14 18:00:00,10.482,9.003113451335917
2020-03-14 18:15:00,10.411,8.983081569434296
2020-03-14 18:30:00,10.13,8.966254020562628
2020-03-14 18:45:00,10.06,9.014579581459849
2020-03-14 19:00:00,9.778,9.050929954731453
2020-03-14 19:15:00,9.919,9.001183758988843
2020-03-14 19:30:00,9.778,9.00882641352465
2020-03-14 19:45:00,9.849,8.976981631709771
2020-03-14 20:00:00,9.638,9.136741028182653
2020-03-14 20:15:00,9.638,9.054787528979066
2020-03-14 20:30:00,9.356,9.0868083454834
2020-03-14 20:45:00,9.215,9.005695608452902
2020-03-14 21:00:00,9.497,9.146309507138294
2020-03-14 21:15:00,9.708,9.069768033045516
2020-03-14 21:30:00,9.567,9.011547635675063
2020-03-14 21:45:00,9.426,9.089023873752698
2020-03-14 22:00:00,9.567,9.07972044168002
2020-03-14 22:15:00,9.638,9.05108269798051
2020-03-14 22:30:00,9.426,9.165933854796792
2020-03-14 22:45:00,9.356,9.142317413344108
2020-03-14 23:00:00,9.426,9.14349223750181
2020-03-14 23:15:00,9.356,9.144307117759551
2020-03-14 23:30:00,9.497,9.315344504606408
2020-03-14 23:45:00,9.567,9.352413238701768
2020-03-15 00:00:00,9.708,9.212847336561131
2020-03-15 00:15:00,9.567,9.235027967608655
2020-03-15 00:30:00,9.778,9.276263050327154
2020-03-15 00:45:00,9.567,9.199684837733521
2020-03-15 01:00:00,9.708,9.307939106137187
2020-03-15 01:15:00,9.426,9.419354406924977
2020-03-15 01:30:00,9.215,9.344905081245816
2020-03-15 01:45:00,9.778,9.402921753178962
2020-03-15 02:00:00,9.567,9.553912941255147
2020-03-15 02:15:00,9.567,9.664008339178187
2020-03-15 02:30:00,9.567,9.55573612989102
2020-03-15 02:45:00,9.497,9.560053879345864
2020-03-15 03:00:00,9.497,9.807486479988135
2020-03-15 03:15:00,9.638,9.652850988830611
2020-03-15 03:30:00,9.778,9.711046443813807
2020-03-15 03:45:00,9.567,9.477896430114606
2020-03-15 04:00:00,9.638,9.747054785253361
2020-03-15 04:15:00,9.638,10.094947525154454
2020-03-15 04:30:00,9.497,9.865300180988088
2020-03-15 04:45:00,9.497,10.16458652245676
2020-03-15 05:00:00,9.778,10.122203008502057
2020-03-15 05:15:00,9.778,10.014252639574211
2020-03-15 05:30:00,10.2,10.478676664262467
2020-03-15 05:45:00,9.989,10.30560537447562
2020-03-15 06:00:00,9.919,10.10638793342182
2020-03-15 06:15:00,9.849,10.282514441023961
2020-03-15 06:30:00,9.708,10.209852953330188
2020-03-15 06:45:00,9.567,9.822396695565889
2020-03-15 07:00:00,9.638,9.474696937637104
2020-03-15 07:15:00,9.849,9.247690633348622
2020-03-15 07:30:00,9.708,9.0724870644484
2020-03-15 07:45:00,9.919,8.753150054779285
2020-03-15 08:00:00,10.13,8.609740071163069
2020-03-15 08:15:00,10.06,8.631550916385068
2020-03-15 08:30:00,10.13,8.77033107649032
2020-03-15 08:45:00,10.482,8.762090739687862
2020-03-15 09:00:00,10.13,8.749461236481876
2020-03-15 09:15:00,10.482,8.937764839553429
2020-03-15 09:30:00,10.06,9.05830110444087
2020-03-15 09:45:00,10.13,9.040584809564601
2020-03-15 10:00:00,9.919,9.07156319667103
2020-03-15 10:15:00,9.708,8.989918319849286
2020-03-15 10:30:00,9.356,9.271432367124325
2020-03-15 10:45:00,9.567,9.347046355660586
2020-03-15 11:00:00,9.708,9.467224759280539
2020-03-15 11:15:00,9.778,9.802814994455941
2020-03-15 11:30:00,10.06,9.880086889289341
2020-03-15 11:45:00,9.919,9.847315766464474
2020-03-15 12:00:00,10.622,10.164985595600154
2020-03-15 12:15:00,10.552,10.481704503221026
2020-03-15 12:30:00,10.622,10.620827760297148
2020-03-15 12:45:00,10.974,10.9019459779994
2020-03-15 13:00:00,10.833,10.807657657554104
2020-03-15 13:15:00,10.974,10.607519045277716
2020-03-15 13:30:00,10.552,10.763818845439742
2020-03-15 13:45:00,10.482,11.067653585505878
2020-03-15 14:00:00,10.904,10.928312474669532
2020-03-15 14:15:00,10.833,10.991007563579105
2020-03-15 14:30:00,11.467,10.86692586177191
2020-03-15 14:45:00,11.326,10.831509076758426
2020-03-15 15:00:00,10.833,10.7986400532344
2020-03-15 15:15:00,11.044,10.811288994807231
2020-03-15 15:30:00,11.678,10.80188155701284
2020-03-15 15:45:00,11.326,10.835570954889649
2020-03-15 16:00:00,11.678,10.726770838182071
2020-03-15 16:15:00,12.029,10.602480945280016
2020-03-15 16:30:00,11.818,10.625237963877373
2020-03-15 16:45:00,11.678,10.63347758123347
2020-03-15 17:00:00,11.889,10.592440915225897
2020-03-15 17:15:00,11.959,10.62248200749924
2020-03-15 17:30:00,11.748,10.521849832329185
2020-03-15 17:45:00,11.678,10.367087573078516
2020-03-15 18:00:00,11.607,10.392466904087948
2020-03-15 18:15:00,11.256,10.553726017122523
2020-03-15 18:30:00,8.723,10.475325447061875
2020-03-15 18:45:00,8.653,10.602876614856534
2020-03-15 19:00:00,7.668,10.58212446671725
2020-03-15 19:15:00,2.955,10.463354667702154
2020-03-15 19:30:00,2.603,10.297986011772641
2020-03-15 19:45:00,2.462,10.505898652670497
2020-03-15 20:00:00,2.321,10.670352866548052
2020-03-15 20:15:00,1.688,10.525517482432054
2020-03-15 20:30:00,1.618,10.598678851750329
2020-03-15 20:45:00,1.196,10.718289831899586
2020-03-15 21:00:00,0.985,10.787675386877044
2020-03-15 21:15:00,1.126,10.343977919609392
2020-03-15 21:30:00,1.407,10.408065987975268
2020-03-15 21:45:00,1.407,10.419342439104572
2020-03-15 22:00:00,2.884,10.521272874839386
2020-03-15 22:15:00,2.251,10.44870509850856
2020-03-15 22:30:00,1.618,10.585387270687482
2020-03-15 22:45:00,1.548,10.502753306965076
2020-03-15 23:00:00,1.688,10.758623439433622
2020-03-15 23:15:00,2.04,10.517318458028276
2020-03-15 23:30:00,2.603,10.67225551948564
2020-03-15 23:45:00,2.532,10.622871627488811
2020-03-16 00:00:00,2.744,10.93807227915796
2020-03-16 00:15:00,2.392,10.677269178369723
2020-03-16 00:30:00,2.181,10.985278935122126
2020-03-16 00:45:00,2.181,10.892269611387542
2020-03-16 01:00:00,2.251,10.746042518254514
2020-03-16 01:15:00,2.181,10.844650662876528
2020-03-16 01:30:00,2.181,10.776768682414424
2020-03-16 01:45:00,2.04,10.588401063422962
2020-03-16 02:00:00,1.829,10.901036222941151
2020-03-16 02:15:00,1.759,10.541866541058198
2020-03-16 02:30:00,2.04,10.357526035195026
2020-03-16 02:45:00,2.181,10.332776380252746
2020-03-16 03:00:00,2.603,10.467539643866692
2020-03-16 03:15:00,3.025,10.301146763635925
2020-03-16 03:30:00,3.306,10.171536469329455
2020-03-16 03:45:00,3.588,10.095407250380097
2020-03-16 04:00:00,3.377,9.936291477881724
2020-03-16 04:15:00,3.095,9.790241394814739
2020-03-16 04:30:00,3.095,9.848366622363073
2020-03-16 04:45:00,3.025,9.737984531986354
2020-03-16 05:00:00,3.166,9.54665236842016
2020-03-16 05:15:00,3.236,9.471502430733256
2020-03-16 05:30:00,3.025,9.189279888671445
2020-03-16 05:45:00,3.025,9.07062539817361
2020-03-16 06:00:00,3.306,9.082463643498084
2020-03-16 06:15:00,3.377,8.903411039318863
2020-03-16 06:30:00,2.532,9.112665362687043
2020-03-16 06:45:00,2.744,9.103779713054271
2020-03-16 07:00:00,2.744,9.2110736965536
2020-03-16 07:15:00,1.688,9.483189171382778
2020-03-16 07:30:00,1.407,9.887988613496363
2020-03-16 07:45:00,1.97,10.306297093819671
2020-03-16 08:00:00,1.899,10.407564218027206
2020-03-16 08:15:00,2.04,10.460367649157694
2020-03-16 08:30:00,2.181,10.357789574535524
2020-03-16 08:45:00,2.603,10.629391888006122
2020-03-16 09:00:00,2.11,11.204632991642686
2020-03-16 09:15:00,2.11,11.499903934925923
2020-03-16 09:30:00,1.477,11.73697879835608
2020-03-16 09:45:00,1.688,11.160408656441914
2020-03-16 10:00:00,2.11,11.08795779831662
2020-03-16 10:15:00,2.744,11.7898421966857
2020-03-16 10:30:00,2.603,12.052933596415238
2020-03-16 10:45:00,2.603,11.7308395500418
2020-03-16 11:00:00,3.025,11.337080082868367
2020-03-16 11:15:00,3.166,12.249837077065523
2020-03-16 11:30:00,3.447,12.078747494066663
2020-03-16 11:45:00,3.306,12.653049905759321
2020-03-16 12:00:00,3.658,13.248856105302336
2020-03-16 12:15:00,4.15,13.46424162545531
2020-03-16 12:30:00,3.799,14.001107775860188
2020-03-16 12:45:00,3.799,14.186556479600224
2020-03-16 13:00:00,4.01,13.84679394493988
2020-03-16 13:15:00,3.869,14.605498089759083
2020-03-16 13:30:00,3.588,14.475116968218513
2020-03-16 13:45:00,3.588,14.558067725780642
2020-03-16 14:00:00,3.799,14.461148350947878
2020-03-16 14:15:00,4.08,14.444103771304663
2020-03-16 14:30:00,4.01,14.393626857196715
2020-03-16 14:45:00,4.15,13.180788531446069
2020-03-16 15:00:00,3.869,13.058260545188615
2020-03-16 15:15:00,4.15,12.425120346973978
2020-03-16 15:30:00,4.08,11.787871493387454
2020-03-16 15:45:00,4.221,11.738779439031557
2020-03-16 16:00:00,4.291,11.831879749643752
2020-03-16 16:15:00,4.502,11.86439198027329
2020-03-16 16:30:00,4.573,11.977244042221551
2020-03-16 16:45:00,4.502,11.916499917952649
2020-03-16 17:00:00,4.502,12.142780084005114
2020-03-16 17:15:00,4.573,11.804127085706183
2020-03-16 17:30:00,4.502,11.733884302420728
2020-03-16 17:45:00,4.573,11.470022073736255
2020-03-16 18:00:00,4.784,11.343869654173377
2020-03-16 18:15:00,4.854,11.258586324858502
2020-03-16 18:30:00,5.065,11.34774562255644
2020-03-16 18:45:00,5.065,11.532425112473872
2020-03-16 19:00:00,4.995,11.582125695316298
2020-03-16 19:15:00,5.065,11.278997959159602
2020-03-16 19:30:00,5.065,11.468535105500836
2020-03-16 19:45:00,4.995,11.26953469137229
2020-03-16 20:00:00,5.206,10.909314731901713
2020-03-16 20:15:00,5.346,11.082632181185861
2020-03-16 20:30:00,5.628,11.306895443745704
2020-03-16 20:45:00,5.487,11.284037011776553
2020-03-16 21:00:00,5.346,11.049495433997043
2020-03-16 21:15:00,5.346,10.999203545680029
2020-03-16 21:30:00,5.276,10.73175820092308
2020-03-16 21:45:00,5.065,10.850404814012858
2020-03-16 22:00:00,4.924,10.78993946520728
2020-03-16 22:15:00,4.924,11.097719679478466
2020-03-16 22:30:00,4.643,10.80533245794614
2020-03-16 22:45:00,4.924,10.869899895108215
2020-03-16 23:00:00,4.15,10.872539225892906
2020-03-16 23:15:00,4.01,10.806937431863869
2020-03-16 23:30:00,3.517,10.842067901652733
2020-03-16 23:45:00,3.447,10.865106191683884
2020-03-17 00:00:00,3.377,11.200184049196578
2020-03-17 00:15:00,3.447,10.803085243305377
2020-03-17 00:30:00,3.166,10.793613787055618
2020-03-17 00:45:00,3.095,10.779759734693986
2020-03-17 01:00:00,3.166,10.461974435333591
2020-03-17 01:15:00,3.236,10.620497827066735
2020-03-17 01:30:00,3.377,10.49338101061896
2020-03-17 01:45:00,2.884,10.462426464436703
2020-03-17 02:00:00,2.744,10.239864266558497
2020-03-17 02:15:00,2.955,10.4591868262395
2020-03-17 02:30:00,3.095,10.395557161785284
2020-03-17 02:45:00,2.884,10.572048531269921
2020-03-17 03:00:00,3.025,10.237042110607483
2020-03-17 03:15:00,3.025,10.26628611967176
2020-03-17 03:30:00,2.884,9.965709891745975
2020-03-17 03:45:00,2.884,9.638575176278504
2020-03-17 04:00:00,2.814,9.561739710216775
2020-03-17 04:15:00,2.673,9.39760743915757
2020-03-17 04:30:00,2.814,9.217385073654729
2020-03-17 04:45:00,2.673,8.908279320261013
2020-03-17 05:00:00,2.744,8.556853120017918
2020-03-17 05:15:00,2.532,8.416123978079225
2020-03-17 05:30:00,2.884,7.98924786889515
2020-03-17 05:45:00,2.673,8.052896239956802
2020-03-17 06:00:00,2.744,7.9922791126738
2020-03-17 06:15:00,2.814,8.178558314297277
2020-03-17 06:30:00,2.603,8.204606612522547
2020-03-17 06:45:00,2.532,8.713609029309792
2020-03-17 07:00:00,2.321,8.937638961340754
2020-03-17 07:15:00,2.532,9.421407352500484
2020-03-17 07:30:00,2.744,9.562935651143311
2020-03-17 07:45:00,2.884,9.972921074149422
2020-03-17 08:00:00,2.814,10.29196449308884
2020-03-17 08:15:00,2.884,10.69689917957165
2020-03-17 08:30:00,2.884,11.658691821440682
2020-03-17 08:45:00,2.884,11.942508781750997
2020-03-17 09:00:00,3.095,12.376943155465675
2020-03-17 09:15:00,3.306,12.306904460372605
2020-03-17 09:30:00,3.799,12.206108919596286
2020-03-17 09:45:00,3.939,12.647663589082473
2020-03-17 10:00:00,3.869,12.743009720324192
2020-03-17 10:15:00,4.291,12.72372661899958
2020-03-17 10:30:00,4.362,12.134919497940624
2020-03-17 10:45:00,4.291,13.096626845540492
2020-03-17 11:00:00,4.432,13.467453934390589
2020-03-17 11:15:00,4.713,13.806086081735698
2020-03-17 11:30:00,4.854,14.471108142385818
2020-03-17 11:45:00,5.206,14.739047124046264
2020-03-17 12:00:00,5.135,14.380233764888581
2020-03-17 12:15:00,5.346,15.031168904598799
2020-03-17 12:30:00,5.276,14.940099534251674
2020-03-17 12:45:00,5.487,15.027303619843572
2020-03-17 13:00:00,5.276,15.090856068087751
2020-03-17 13:15:00,5.417,14.56678793063832
2020-03-17 13:30:00,5.768,14.459570129211475
2020-03-17 13:45:00,6.05,14.906658383817232
2020-03-17 14:00:00,6.12,14.547068560245341
2020-03-17 14:15:00,6.191,14.370189699252593
2020-03-17 14:30:00,6.191,14.260129693279431
2020-03-17 14:45:00,6.402,14.055328159768248
2020-03-17 15:00:00,6.472,14.268155250415969
2020-03-17 15:15:00,6.824,14.36708034584972
2020-03-17 15:30:00,6.402,14.018919573569718
2020-03-17 15:45:00,6.12,13.9892718149095
2020-03-17 16:00:00,6.05,13.991270736263232
2020-03-17 16:15:00,5.979,13.676591374366776
2020-03-17 16:30:00,5.839,13.543637287941477
2020-03-17 16:45:00,5.839,12.675067411137578
2020-03-17 17:00:00,5.839,13.029307823528933
2020-03-17 17:15:00,5.768,12.769626543186801
2020-03-17 17:30:00,5.698,12.164756983244665
2020-03-17 17:45:00,5.839,11.756161264202916
2020-03-17 18:00:00,5.768,11.56179113057046
2020-03-17 18:15:00,5.698,11.528161121459895
2020-03-17 18:30:00,5.768,11.170363340535086
2020-03-17 18:45:00,5.628,11.373354555634437
2020-03-17 19:00:00,5.628,11.590571235059997
2020-03-17 19:15:00,5.698,11.29439754420609
2020-03-17 19:30:00,5.557,11.800430687507554
2020-03-17 19:45:00,5.417,11.639474357817996
2020-03-17 20:00:00,5.487,11.759153114933229
2020-03-17 20:15:00,5.698,11.707525034491626
2020-03-17 20:30:00,5.487,11.646522484857945
2020-03-17 20:45:00,5.557,11.53004840137792
2020-03-17 21:00:00,5.487,11.5140581570244
2020-03-17 21:15:00,5.276,11.685745095979685
2020-03-17 21:30:00,5.628,11.57579051056244
2020-03-17 21:45:00,5.557,11.608338518033605
2020-03-17 22:00:00,5.276,11.332996636867877
2020-03-17 22:15:00,4.924,11.316590469371699
2020-03-17 22:30:00,3.517,11.176061053266896
2020-03-17 22:45:00,3.095,11.19009889407871
2020-03-17 23:00:00,3.517,11.218684309771836
2020-03-17 23:15:00,4.362,10.92860346371608
2020-03-17 23:30:00,4.502,11.14105279103393
2020-03-17 23:45:00,4.643,11.227321838932422
2020-03-18 00:00:00,4.713,11.194814498833257
2020-03-18 00:15:00,4.573,11.58235970962146
2020-03-18 00:30:00,4.713,12.152929805940351
2020-03-18 00:45:00,4.854,11.885356384997856
2020-03-18 01:00:00,4.854,11.764077051468785
2020-03-18 01:15:00,5.065,11.594943931151054
2020-03-18 01:30:00,5.206,11.804822171192345
2020-03-18 01:45:00,5.557,11.877919732376379
2020-03-18 02:00:00,5.557,12.144241726668774
2020-03-18 02:15:00,5.487,11.29356712656196
2020-03-18 02:30:00,5.628,11.67833900936151
2020-03-18 02:45:00,5.979,11.602823222007272
2020-03-18 03:00:00,5.909,10.816057171353956
2020-03-18 03:15:00,6.191,10.536941635635598
2020-03-18 03:30:00,6.12,10.370080184001322
2020-03-18 03:45:00,6.261,9.534063566270317
2020-03-18 04:00:00,4.924,9.73654493223397
2020-03-18 04:15:00,4.15,9.208701634469326
2020-03-18 04:30:00,3.728,9.490691721872556
2020-03-18 04:45:00,3.869,9.018997506141952
2020-03-18 05:00:00,3.799,8.965739046474
2020-03-18 05:15:00,3.447,8.87960634330969
2020-03-18 05:30:00,3.939,8.853203244965222
2020-03-18 05:45:00,5.206,8.248247881130105
2020-03-18 06:00:00,5.839,8.406247299716663
2020-03-18 06:15:00,6.331,8.076531057395163
2020-03-18 06:30:00,7.105,7.964118501117212
2020-03-18 06:45:00,7.668,7.886694928059126
2020-03-18 07:00:00,7.738,8.084037043729179
2020-03-18 07:15:00,7.809,7.967225295033116
2020-03-18 07:30:00,8.231,8.597820353928125
2020-03-18 07:45:00,8.16,8.578530919536304
2020-03-18 08:00:00,8.09,8.834698214029052
2020-03-18 08:15:00,7.879,9.107821109708489
2020-03-18 08:30:00,8.09,9.800010039315838
2020-03-18 08:45:00,7.738,10.531380999500522
2020-03-18 09:00:00,7.105,10.439948037242186
2020-03-18 09:15:00,6.542,11.206115218030655
2020-03-18 09:30:00,5.979,11.387562578795547
2020-03-18 09:45:00,6.331,12.3465524794838
2020-03-18 10:00:00,7.597,12.500838814266217
2020-03-18 10:15:00,7.809,13.184385387501418
2020-03-18 10:30:00,7.809,13.989931106270905
2020-03-18 10:45:00,8.09,14.207808679308023
2020-03-18 11:00:00,7.949,14.322022096158076
2020-03-18 11:15:00,6.964,14.066713842748817
2020-03-18 11:30:00,7.105,13.993801340551817
2020-03-18 11:45:00,6.894,13.868301141140499
2020-03-18 12:00:00,6.964,14.291816007482721
2020-03-18 12:15:00,7.316,14.20735469053716
2020-03-18 12:30:00,7.597,14.062644162517838
2020-03-18 12:45:00,7.809,14.286025636846711
2020-03-18 13:00:00,7.809,14.173341806807137
2020-03-18 13:15:00,6.894,13.61262433501284
2020-03-18 13:30:00,6.261,13.136420879793791
2020-03-18 13:45:00,5.839,13.218069168981401
2020-03-18 14:00:00,6.261,13.114193992509497
2020-03-18 14:15:00,5.487,12.59483139330622
2020-03-18 14:30:00,4.854,12.896001672881427
2020-03-18 14:45:00,5.276,13.036824945242028
2020-03-18 15:00:00,5.698,12.508589923538752
2020-03-18 15:15:00,5.979,12.766169402599795
2020-03-18 15:30:00,5.909,12.919848503915773
2020-03-18 15:45:00,5.839,12.917382270559992
2020-03-18 16:00:00,5.487,12.580862914191217
2020-03-18 16:15:00,5.206,12.57235412512739
2020-03-18 16:30:00,4.995,12.506293049734843
2020-03-18 16:45:00,5.206,11.890401462425144
2020-03-18 17:00:00,5.417,11.83948987094762
2020-03-18 17:15:00,5.768,11.525046675993059
2020-03-18 17:30:00,5.768,11.52406157695297
2020-03-18 17:45:00,5.698,11.584088185951988
2020-03-18 18:00:00,5.979,11.285121614996863
2020-03-18 18:15:00,6.12,11.881889991486263
2020-03-18 18:30:00,6.12,11.67658630737214
2020-03-18 18:45:00,6.261,11.878111391587918
2020-03-18 19:00:00,5.487,11.947552028880503
2020-03-18 19:15:00,4.15,11.912975763910943
2020-03-18 19:30:00,3.939,11.944453288658737
2020-03-18 19:45:00,4.15,11.898513480877414
2020-03-18 20:00:00,4.432,11.810179064630034
2020-03-18 20:15:00,5.346,11.993989997616877
2020-03-18 20:30:00,5.839,11.728898842777232
2020-03-18 20:45:00,6.05,11.761095910977922
2020-03-18 21:00:00,5.979,11.57620773268704
2020-03-18 21:15:00,6.191,11.665375888431804
2020-03-18 21:30:00,6.613,11.256602074840481
2020-03-18 21:45:00,6.191,11.444552115719505
2020-03-18 22:00:00,5.979,11.385795380541488
2020-03-18 22:15:00,5.839,11.649297534995576
2020-03-18 22:30:00,5.628,11.509184123840223
2020-03-18 22:45:00,5.839,11.975799399669606
2020-03-18 23:00:00,5.768,11.913263795716354
2020-03-18 23:15:00,5.839,12.008482910706418
2020-03-18 23:30:00,6.472,12.642952664882499
2020-03-18 23:45:00,6.753,12.169196159750438
2020-03-19 00:00:00,5.909,11.953194136919718
2020-03-19 00:15:00,5.628,11.844076477134939
2020-03-19 00:30:00,5.698,11.870744980432294
2020-03-19 00:45:00,6.05,11.381295064384826
2020-03-19 01:00:00,6.12,11.453826951079076
2020-03-19 01:15:00,6.402,10.914975731263187
2020-03-19 01:30:00,6.331,10.767885284057687
2020-03-19 01:45:00,6.191,10.477594067340558
2020-03-19 02:00:00,6.753,10.232099662163586
2020-03-19 02:15:00,6.753,9.634967849168294
2020-03-19 02:30:00,5.065,8.75147573150282
2020-03-19 02:45:00,4.362,8.881963787637927
2020-03-19 03:00:00,4.854,8.301602773723818
2020-03-19 03:15:00,5.206,8.034367830474658
2020-03-19 03:30:00,5.839,8.188776456806048
2020-03-19 03:45:00,4.924,8.262161743273378
2020-03-19 04:00:00,4.784,8.313497957285795
2020-03-19 04:15:00,3.447,8.311707732178315
2020-03-19 04:30:00,4.15,8.238347115839805
2020-03-19 04:45:00,3.939,8.09694321303325
2020-03-19 05:00:00,4.362,8.398487934279391
2020-03-19 05:15:00,4.924,8.756016560103568
2020-03-19 05:30:00,5.628,8.834766852322945
2020-03-19 05:45:00,5.839,8.865605206369448
2020-03-19 06:00:00,5.839,8.953554490483786
2020-03-19 06:15:00,4.643,9.03714542826088
2020-03-19 06:30:00,4.643,9.037824769446123
2020-03-19 06:45:00,4.924,9.134381891052378
2020-03-19 07:00:00,4.854,9.22142998020052
2020-03-19 07:15:00,4.502,9.183633554311264
2020-03-19 07:30:00,4.713,9.569439163752586
2020-03-19 07:45:00,4.643,9.943034905923566
2020-03-19 08:00:00,4.854,10.107698740065628
2020-03-19 08:15:00,4.784,10.28050221330714
2020-03-19 08:30:00,5.065,10.697150131530837
2020-03-19 08:45:00,4.995,11.09094517074717
2020-03-19 09:00:00,5.276,11.12087606825591
2020-03-19 09:15:00,5.557,11.418982570713103
2020-03-19 09:30:00,5.839,11.926988612269067
2020-03-19 09:45:00,5.346,12.449045380501339
2020-03-19 10:00:00,5.557,12.744627788301234
2020-03-19 10:15:00,5.276,13.614478332839026
2020-03-19 10:30:00,4.854,14.179977120261157
2020-03-19 10:45:00,4.995,14.187925074428271
2020-03-19 11:00:00,5.135,14.301375240569323
2020-03-19 11:15:00,5.206,13.744114502392673
2020-03-19 11:30:00,5.557,13.53947948589145
2020-03-19 11:45:00,5.768,13.676248506603287
2020-03-19 12:00:00,6.261,12.961994335528829
2020-03-19 12:15:00,5.628,13.36191633818395
2020-03-19 12:30:00,5.628,13.304007299185992
2020-03-19 12:45:00,5.346,13.634133182366794
2020-03-19 13:00:00,5.206,13.045211024670552
2020-03-19 13:15:00,5.346,13.069705908574146
2020-03-19 13:30:00,5.698,12.629020347066946
2020-03-19 13:45:00,5.417,13.027925784715686
2020-03-19 14:00:00,5.346,12.498644442235575
2020-03-19 14:15:00,5.628,12.724426524554532
2020-03-19 14:30:00,5.979,12.483795357632735
2020-03-19 14:45:00,5.346,12.837449427692478
2020-03-19 15:00:00,5.417,12.937649640867937
2020-03-19 15:15:00,5.135,13.04090103890631
2020-03-19 15:30:00,4.784,12.749536064777017
2020-03-19 15:45:00,4.854,12.844206878161758
2020-03-19 16:00:00,5.065,12.98550557912618
2020-03-19 16:15:00,5.628,12.55221180020103
2020-03-19 16:30:00,5.276,12.780944191116294
2020-03-19 16:45:00,5.276,12.505278583927993
2020-03-19 17:00:00,6.05,12.035887846981575
2020-03-19 17:15:00,5.768,11.745513346564197
2020-03-19 17:30:00,4.854,12.16675939404789
2020-03-19 17:45:00,3.306,11.927021592948659
2020-03-19 18:00:00,3.166,12.06743615181498
2020-03-19 18:15:00,3.799,12.249925177865622
2020-03-19 18:30:00,3.869,12.035565871260223
2020-03-19 18:45:00,4.08,11.879500535387653
2020-03-19 19:00:00,3.869,11.899357669272685
2020-03-19 19:15:00,3.658,11.680819503759134
2020-03-19 19:30:00,4.08,11.74067358204712
2020-03-19 19:45:00,4.502,11.448906654734063
2020-03-19 20:00:00,4.643,11.055158109814146
2020-03-19 20:15:00,4.713,11.092216004515127
2020-03-19 20:30:00,5.065,11.009268773779059
2020-03-19 20:45:00,5.346,10.707705290745501
2020-03-19 21:00:00,4.573,10.419614299894677
2020-03-19 21:15:00,4.995,10.396972524199931
2020-03-19 21:30:00,5.065,9.913711221328619
2020-03-19 21:45:00,5.065,9.99140159103281
2020-03-19 22:00:00,4.643,10.047018043806437
2020-03-19 22:15:00,4.643,10.113698911183922
2020-03-19 22:30:00,4.502,9.929989410007327
2020-03-19 22:45:00,3.658,9.666149538943959
2020-03-19 23:00:00,4.08,9.80215852836715
2020-03-19 23:15:00,4.15,9.904368669161986
2020-03-19 23:30:00,4.291,10.05811800142836
2020-03-19 23:45:00,3.236,10.357572855564374
2020-03-20 00:00:00,3.095,10.350510054287627
2020-03-20 00:15:00,2.814,10.450557785337313
2020-03-20 00:30:00,3.025,10.355626532549996
2020-03-20 00:45:00,3.377,10.87436674977209
2020-03-20 01:00:00,3.236,11.113129432874105
2020-03-20 01:15:00,3.166,11.453879197820452
2020-03-20 01:30:00,3.658,11.04413962185955
2020-03-20 01:45:00,4.01,11.100069920062323
2020-03-20 02:00:00,4.01,11.27316533448239
2020-03-20 02:15:00,4.221,11.159551127324347
2020-03-20 02:30:00,4.15,11.071371203906958
2020-03-20 02:45:00,3.799,11.059602562223732
2020-03-20 03:00:00,3.728,10.423834187272114
2020-03-20 03:15:00,4.15,10.146528603527065
2020-03-20 03:30:00,4.221,10.194725707840322
2020-03-20 03:45:00,4.291,10.193232349794846
2020-03-20 04:00:00,4.291,10.322544700898789
2020-03-20 04:15:00,3.728,10.261178487038633
2020-03-20 04:30:00,4.01,10.653794674125002
2020-03-20 04:45:00,4.291,10.628512879591153
2020-03-20 05:00:00,4.643,10.542632558428409
2020-03-20 05:15:00,4.01,10.516173686900386
2020-03-20 05:30:00,3.799,10.396617843670326
2020-03-20 05:45:00,4.502,10.526120108678091
2020-03-20 06:00:00,4.432,10.65835812074077
2020-03-20 06:15:00,4.01,10.554490286388894
2020-03-20 06:30:00,3.799,10.532197452439842
2020-03-20 06:45:00,3.447,10.622654431861442
2020-03-20 07:00:00,3.166,10.553384525558618
2020-03-20 07:15:00,3.447,10.453208788326313
2020-03-20 07:30:00,3.306,10.58745018540059
2020-03-20 07:45:00,3.095,10.336387163466066
2020-03-20 08:00:00,2.955,10.791485398105586
2020-03-20 08:15:00,2.814,10.585147788478558
2020-03-20 08:30:00,2.462,10.456738466762062
2020-03-20 08:45:00,2.884,10.857349730764101
2020-03-20 09:00:00,3.728,11.273083129009178
2020-03-20 09:15:00,3.095,11.353844724856181
2020-03-20 09:30:00,3.377,11.643809761250383
2020-03-20 09:45:00,3.728,11.87954034308321
2020-03-20 10:00:00,4.15,12.858032262837328
2020-03-20 10:15:00,4.08,13.660329919751774
2020-03-20 10:30:00,3.869,13.57853997800381
2020-03-20 10:45:00,4.221,13.983572156166154
2020-03-20 11:00:00,3.588,14.321369024189893
2020-03-20 11:15:00,3.728,14.311307716089424
2020-03-20 11:30:00,4.08,14.490475470363457
2020-03-20 11:45:00,3.728,14.421763186402773
2020-03-20 12:00:00,3.869,14.356970706295943
2020-03-20 12:15:00,3.447,14.291434377664539
2020-03-20 12:30:00,3.166,14.491056039720041
2020-03-20 12:45:00,3.447,14.641823367568561
2020-03-20 13:00:00,3.447,14.640634198255963
2020-03-20 13:15:00,3.377,14.691599114483829
2020-03-20 13:30:00,3.658,14.533732664111417
2020-03-20 13:45:00,3.869,13.754239203933098
2020-03-20 14:00:00,3.517,14.567643035189011
2020-03-20 14:15:00,3.517,14.21007927103202
2020-03-20 14:30:00,3.517,14.085399141669571
2020-03-20 14:45:00,3.236,14.288676359662615
2020-03-20 15:00:00,3.517,14.077099169622159
2020-03-20 15:15:00,2.814,14.25517455886926
2020-03-20 15:30:00,3.095,13.977069785431167
2020-03-20 15:45:00,2.955,14.214597997458725
2020-03-20 16:00:00,3.095,14.245919866291294
2020-03-20 16:15:00,2.603,13.881842017315867
2020-03-20 16:30:00,2.884,13.779583069242829
2020-03-20 16:45:00,2.321,13.209256537704343
2020-03-20 17:00:00,2.462,13.054826932010686
2020-03-20 17:15:00,2.181,12.889217362069939
2020-03-20 17:30:00,1.899,12.6831199655019
2020-03-20 17:45:00,2.744,12.278420932917557
2020-03-20 18:00:00,2.532,12.119697337861737
2020-03-20 18:15:00,3.236,12.011915774939853
2020-03-20 18:30:00,3.447,11.900809257742946
2020-03-20 18:45:00,3.658,12.130960236380648
2020-03-20 19:00:00,2.884,12.127210059168595
2020-03-20 19:15:00,2.392,12.12917747465973
2020-03-20 19:30:00,2.744,12.115074704027545
2020-03-20 19:45:00,2.884,12.305344859783895
2020-03-20 20:00:00,2.532,12.355413629539692
2020-03-20 20:15:00,2.532,12.247474297281524
2020-03-20 20:30:00,3.025,11.83065768380463
2020-03-20 20:45:00,3.236,11.776638682906368
2020-03-20 21:00:00,2.603,12.157665807089776
2020-03-20 21:15:00,3.236,12.001890415704322
2020-03-20 21:30:00,3.166,11.768704599663277
2020-03-20 21:45:00,3.447,11.588089623079487
2020-03-20 22:00:00,3.377,11.48640940468479
2020-03-20 22:15:00,3.236,11.520522926966196
2020-03-20 22:30:00,2.744,11.05629051230236
2020-03-20 22:45:00,2.955,11.043846535604427
2020-03-20 23:00:00,3.377,11.211015786948883
2020-03-20 23:15:00,2.955,11.278960237614545
2020-03-20 23:30:00,2.603,11.004672844939977
2020-03-20 23:45:00,2.884,10.99088449650489
2020-03-21 00:00:00,3.447,11.520063519444557
2020-03-21 00:15:00,3.447,11.043143862382847
2020-03-21 00:30:00,3.095,10.999348198236987
2020-03-21 00:45:00,2.814,11.164287730231424
2020-03-21 01:00:00,2.744,10.764903858475144
2020-03-21 01:15:00,2.744,10.629099909705722
2020-03-21 01:30:00,2.744,10.62568031729943
2020-03-21 01:45:00,2.884,9.854199890489216
2020-03-21 02:00:00,3.447,9.819515094110688
2020-03-21 02:15:00,3.728,9.557995389271458
2020-03-21 02:30:00,3.799,9.207075401835079
2020-03-21 02:45:00,4.15,9.930628033863666
2020-03-21 03:00:00,3.799,10.206235979219567
2020-03-21 03:15:00,3.447,10.130966926027627
2020-03-21 03:30:00,3.236,10.01073316572797
2020-03-21 03:45:00,4.01,10.039731156158258
2020-03-21 04:00:00,3.869,10.151120126134455
2020-03-21 04:15:00,3.939,10.71236066961556
2020-03-21 04:30:00,4.15,10.758784109453352
2020-03-21 04:45:00,3.939,11.257397169747227
2020-03-21 05:00:00,4.08,11.407468413554936
2020-03-21 05:15:00,3.728,11.633473730285958
2020-03-21 05:30:00,4.502,11.473754466661319
2020-03-21 05:45:00,4.08,11.508624803433666
2020-03-21 06:00:00,3.939,11.684848852233443
2020-03-21 06:15:00,4.221,11.977221025116357
2020-03-21 06:30:00,4.15,12.384762945214227
2020-03-21 06:45:00,3.658,12.450574380988325
2020-03-21 07:00:00,4.01,12.21555963535899
2020-03-21 07:15:00,3.517,12.426493020901516
2020-03-21 07:30:00,4.08,12.453074996604277
2020-03-21 07:45:00,4.362,12.35836212168025
2020-03-21 08:00:00,4.291,12.42171891299191
2020-03-21 08:15:00,4.502,12.082348190872624
2020-03-21 08:30:00,3.588,12.955135597899373
2020-03-21 08:45:00,3.447,12.624855616938767
2020-03-21 09:00:00,3.166,12.611049197305574
2020-03-21 09:15:00,3.799,12.605411044284832
2020-03-21 09:30:00,4.291,12.984379437841296
2020-03-21 09:45:00,4.573,13.422565432676146
2020-03-21 10:00:00,5.417,13.084284753881999
2020-03-21 10:15:00,4.573,13.50462891811291
2020-03-21 10:30:00,4.784,14.288762531415534
2020-03-21 10:45:00,5.135,14.162989935668701
2020-03-21 11:00:00,5.206,14.17841672411445
2020-03-21 11:15:00,5.276,13.736404935547775
2020-03-21 11:30:00,5.135,13.990956857843502
2020-03-21 11:45:00,5.206,13.482625719358964
2020-03-21 12:00:00,5.065,13.296693331545915
2020-03-21 12:15:00,5.346,13.780568054740451
2020-03-21 12:30:00,5.346,13.528574226568901
2020-03-21 12:45:00,5.768,13.618318214999094
2020-03-21 13:00:00,6.191,13.900198741609461
2020-03-21 13:15:00,6.683,13.9038889211742
2020-03-21 13:30:00,6.683,14.269254736616894
2020-03-21 13:45:00,6.753,14.272042979173282
2020-03-21 14:00:00,5.909,14.25796624068629
2020-03-21 14:15:00,6.191,14.136469330431925
2020-03-21 14:30:00,6.402,14.054751143896924
2020-03-21 14:45:00,6.402,14.228315973624497
2020-03-21 15:00:00,6.683,14.315709549576944
2020-03-21 15:15:00,6.542,14.970468064762096
2020-03-21 15:30:00,6.964,14.29491254201003
2020-03-21 15:45:00,7.035,14.141870577708016
2020-03-21 16:00:00,6.683,14.212110630948827
2020-03-21 16:15:00,7.105,13.766804171039384
2020-03-21 16:30:00,6.613,12.949388683377915
2020-03-21 16:45:00,6.472,12.99297267232117
2020-03-21 17:00:00,6.402,12.769923684257135
2020-03-21 17:15:00,6.261,12.726215176500968
2020-03-21 17:30:00,6.331,12.696164158904226
2020-03-21 17:45:00,6.542,12.39844342510055
2020-03-21 18:00:00,6.894,12.163908248989568
2020-03-21 18:15:00,6.964,12.091985767149337
2020-03-21 18:30:00,6.753,11.563729064383873
2020-03-21 18:45:00,6.964,12.011509676673969
2020-03-21 19:00:00,7.035,12.108462178392497
2020-03-21 19:15:00,7.035,11.925636812258022
2020-03-21 19:30:00,7.035,11.739861928174484
2020-03-21 19:45:00,7.035,12.100061616537854
2020-03-21 20:00:00,6.753,12.309597264916272
2020-03-21 20:15:00,6.964,11.776906634893955
2020-03-21 20:30:00,6.613,11.776209279596467
2020-03-21 20:45:00,6.753,11.563464175499254
2020-03-21 21:00:00,6.753,11.416338898356795
2020-03-21 21:15:00,6.753,11.205109184030755
2020-03-21 21:30:00,6.683,11.139711276794625
2020-03-21 21:45:00,6.542,11.107852664369851
2020-03-21 22:00:00,6.683,10.267215653338457
2020-03-21 22:15:00,6.964,10.020213931662328
2020-03-21 22:30:00,7.105,10.290733296282504
2020-03-21 22:45:00,7.386,10.016569443517374
2020-03-21 23:00:00,6.683,9.735141844927634
2020-03-21 23:15:00,6.472,10.024488878754648
2020-03-21 23:30:00,6.824,9.852446883966364
2020-03-21 23:45:00,6.402,10.42582827512467
2020-03-22 00:00:00,6.613,10.227355402401678
2020-03-22 00:15:00,6.753,10.491582588219037
2020-03-22 00:30:00,6.261,11.518618399181657
2020-03-22 00:45:00,6.331,11.47795439866854
2020-03-22 01:00:00,6.331,12.064094150163134
2020-03-22 01:15:00,6.472,12.722416013860231
2020-03-22 01:30:00,6.472,12.760830854781895
2020-03-22 01:45:00,6.753,12.876334281046546
2020-03-22 02:00:00,6.753,12.735916111149253
2020-03-22 02:15:00,6.542,12.797937063859434
2020-03-22 02:30:00,6.753,12.431560363451448
2020-03-22 02:45:00,6.613,12.808350034615541
2020-03-22 03:00:00,6.261,12.633530653263193
2020-03-22 03:15:00,6.05,12.943294379813473
2020-03-22 03:30:00,6.261,12.391889109686439
2020-03-22 03:45:00,6.261,12.63678228330887
2020-03-22 04:00:00,6.261,12.671459917740163
2020-03-22 04:15:00,6.191,12.505690567469985
2020-03-22 04:30:00,6.753,12.370597543780491
2020-03-22 04:45:00,6.613,12.468384251963139
2020-03-22 05:00:00,6.472,12.161370641936177
2020-03-22 05:15:00,6.402,11.949414381882024
2020-03-22 05:30:00,6.683,11.669515208758996
2020-03-22 05:45:00,6.402,11.729026512547714
2020-03-22 06:00:00,6.472,11.604612841444263
2020-03-22 06:15:00,6.05,11.726698471005706
2020-03-22 06:30:00,5.839,11.587830022257792
2020-03-22 06:45:00,6.12,11.559244909203278
2020-03-22 07:00:00,6.12,11.557160029896302
2020-03-22 07:15:00,6.331,11.561771150423048
2020-03-22 07:30:00,6.542,11.428049689348748
2020-03-22 07:45:00,7.035,11.065391150268802
2020-03-22 08:00:00,6.964,10.626992180796744
2020-03-22 08:15:00,7.386,11.050561637306725
2020-03-22 08:30:00,7.457,11.025865409819044
2020-03-22 08:45:00,7.668,11.308235875667359
2020-03-22 09:00:00,7.949,11.46311652047325
2020-03-22 09:15:00,7.949,11.579923586186181
2020-03-22 09:30:00,8.582,11.657188350639945
2020-03-22 09:45:00,9.075,11.569288333646623
2020-03-22 10:00:00,8.512,11.663330860791172
2020-03-22 10:15:00,8.442,12.076836724118532
2020-03-22 10:30:00,8.02,11.676496384752976
2020-03-22 10:45:00,7.809,12.449862546144162
2020-03-22 11:00:00,7.457,13.258398623550676
2020-03-22 11:15:00,7.527,12.470557407145527
2020-03-22 11:30:00,7.949,13.514586026174387
2020-03-22 11:45:00,8.09,13.458223476214524
2020-03-22 12:00:00,8.16,13.902758790300094
2020-03-22 12:15:00,8.512,14.251891526829565
2020-03-22 12:30:00,8.934,14.192380917356363
2020-03-22 12:45:00,9.075,14.356225319672035
2020-03-22 13:00:00,9.426,14.350691900670302
2020-03-22 13:15:00,9.286,14.297143621481812
2020-03-22 13:30:00,9.215,14.438763837274864
2020-03-22 13:45:00,8.864,14.382772811308827
2020-03-22 14:00:00,9.004,14.510321651907224
2020-03-22 14:15:00,9.215,12.864025382543717
2020-03-22 14:30:00,9.638,12.78200691729236
2020-03-22 14:45:00,8.653,13.520362755861743
2020-03-22 15:00:00,8.512,12.670551312106614
2020-03-22 15:15:00,8.442,12.471950846632593
2020-03-22 15:30:00,8.512,14.142942530349028
2020-03-22 15:45:00,8.512,13.858501333453535
2020-03-22 16:00:00,8.793,14.274502448379657
2020-03-22 16:15:00,8.442,14.370653290997527
2020-03-22 16:30:00,7.809,14.36624792269359
2020-03-22 16:45:00,8.16,14.458736723246329
2020-03-22 17:00:00,8.582,14.27226112712069
2020-03-22 17:15:00,8.864,14.229985694791234
2020-03-22 17:30:00,8.864,13.922915099593963
2020-03-22 17:45:00,9.567,13.695723651359023
2020-03-22 18:00:00,9.708,13.399229416784133
2020-03-22 18:15:00,9.567,13.099692093492937
2020-03-22 18:30:00,9.215,12.514634417803576
2020-03-22 18:45:00,9.215,12.554623797740987
2020-03-22 19:00:00,9.215,12.591910977510205
2020-03-22 19:15:00,8.723,12.743261619617048
2020-03-22 19:30:00,8.653,12.38396080240158
2020-03-22 19:45:00,8.442,12.364773690886702
2020-03-22 20:00:00,8.512,12.089380964895751
2020-03-22 20:15:00,8.231,11.815179539165776
2020-03-22 20:30:00,8.16,11.838931366730963
2020-03-22 20:45:00,8.371,11.574791348427933
2020-03-22 21:00:00,8.371,10.74450824037932
2020-03-22 21:15:00,8.653,10.421422641533843
2020-03-22 21:30:00,8.582,9.59527579855422
2020-03-22 21:45:00,8.512,9.429919556606013
2020-03-22 22:00:00,8.512,8.683886037808277
2020-03-22 22:15:00,8.16,8.361675818959315
2020-03-22 22:30:00,8.371,8.144080093928434
2020-03-22 22:45:00,8.442,7.590040885611281
2020-03-22 23:00:00,8.371,7.56140492885782
2020-03-22 23:15:00,8.16,7.631174542953423
2020-03-22 23:30:00,8.301,7.7244462295396525
2020-03-22 23:45:00,8.371,8.011365397617128
2020-03-23 00:00:00,8.442,8.263162619936342
2020-03-23 00:15:00,8.301,8.482240242712122
2020-03-23 00:30:00,8.653,8.613038264157035
2020-03-23 00:45:00,8.442,8.559697408608098
2020-03-23 01:00:00,8.16,8.539716468239162
2020-03-23 01:15:00,8.371,8.641507882472904
2020-03-23 01:30:00,8.442,9.253087053986961
2020-03-23 01:45:00,8.231,9.474892128393327
2020-03-23 02:00:00,8.301,9.69350616977594
2020-03-23 02:15:00,8.371,9.81511709797216
2020-03-23 02:30:00,8.301,9.486249719274191
2020-03-23 02:45:00,8.653,9.38865210846807
2020-03-23 03:00:00,8.723,9.1889890234204
2020-03-23 03:15:00,8.723,9.088950880683651
2020-03-23 03:30:00,8.442,8.835376745174477
2020-03-23 03:45:00,8.723,9.03491809403648
2020-03-23 04:00:00,8.301,8.474652795195162
2020-03-23 04:15:00,8.371,8.643872823055878
2020-03-23 04:30:00,7.879,8.465082490413312
2020-03-23 04:45:00,8.371,8.389886826442526
2020-03-23 05:00:00,8.02,8.351074137806497
2020-03-23 05:15:00,8.16,8.319881118826887
2020-03-23 05:30:00,8.371,8.434703355380101
2020-03-23 05:45:00,8.582,8.522609796469395
2020-03-23 06:00:00,8.16,8.334478676781172
2020-03-23 06:15:00,7.949,8.381893830880863
2020-03-23 06:30:00,7.809,8.565218494635415
2020-03-23 06:45:00,7.879,8.591089213948225
2020-03-23 07:00:00,8.231,8.79110894830343
2020-03-23 07:15:00,9.075,8.81156084069435
2020-03-23 07:30:00,8.934,9.004931687512324
2020-03-23 07:45:00,8.934,9.087812350433756
2020-03-23 08:00:00,8.582,9.219743048185475
2020-03-23 08:15:00,8.723,9.246756795979845
2020-03-23 08:30:00,8.512,9.482132117842472
2020-03-23 08:45:00,8.864,9.675481305664466
2020-03-23 09:00:00,8.231,9.671759927393635
2020-03-23 09:15:00,8.653,10.497079480516248
2020-03-23 09:30:00,9.778,11.243065559182096
2020-03-23 09:45:00,9.989,12.292878373814663
2020-03-23 10:00:00,9.919,12.42487349214536
2020-03-23 10:15:00,10.271,13.34806254744769
2020-03-23 10:30:00,10.06,13.784515948746737
2020-03-23 10:45:00,9.849,14.09805362759615
2020-03-23 11:00:00,9.989,14.320300051861405
2020-03-23 11:15:00,9.778,13.588892137527072
2020-03-23 11:30:00,9.497,14.512456074607906
2020-03-23 11:45:00,9.567,14.67982931808332
2020-03-23 12:00:00,9.708,14.915287594379901
2020-03-23 12:15:00,9.778,14.97725075928969
2020-03-23 12:30:00,9.778,14.658676489011103
2020-03-23 12:45:00,10.13,14.51686246278286
2020-03-23 13:00:00,10.271,14.627318339671374
2020-03-23 13:15:00,10.622,15.024796899783837
2020-03-23 13:30:00,11.537,14.874097495920553
2020-03-23 13:45:00,10.974,14.814361440898388
2020-03-23 14:00:00,11.607,14.788934388510409
2020-03-23 14:15:00,12.029,14.652317390102478
2020-03-23 14:30:00,12.451,14.45762551501504
2020-03-23 14:45:00,12.24,14.769836533970693
2020-03-23 15:00:00,12.522,14.310934006577279
2020-03-23 15:15:00,12.662,14.561026778579135
2020-03-23 15:30:00,12.733,14.661584031988792
2020-03-23 15:45:00,12.874,14.752669836163383
2020-03-23 16:00:00,12.381,14.609531851126661
2020-03-23 16:15:00,12.381,14.822418823125043
2020-03-23 16:30:00,12.662,14.803355490541623
2020-03-23 16:45:00,12.522,14.172852292523219
2020-03-23 17:00:00,12.733,13.777930993985509
2020-03-23 17:15:00,12.803,13.160667670807564
2020-03-23 17:30:00,12.944,12.925306654656366
2020-03-23 17:45:00,12.451,12.702983714512294
2020-03-23 18:00:00,12.029,12.596426953028935
2020-03-23 18:15:00,11.678,12.152551628905604
2020-03-23 18:30:00,11.185,11.979121401342718
2020-03-23 18:45:00,10.974,11.964557648820554
2020-03-23 19:00:00,10.833,11.849205942790375
2020-03-23 19:15:00,10.904,11.711639314903481
2020-03-23 19:30:00,10.904,11.949060781153316
2020-03-23 19:45:00,10.833,11.758722397597493
2020-03-23 20:00:00,10.622,11.3498453697368
2020-03-23 20:15:00,10.13,11.239009103973679
2020-03-23 20:30:00,9.708,11.19182413121967
2020-03-23 20:45:00,9.426,10.393999405131634
2020-03-23 21:00:00,9.426,9.78090780087893
2020-03-23 21:15:00,8.934,9.518145217673146
2020-03-23 21:30:00,9.215,9.537426794181588
2020-03-23 21:45:00,9.215,9.324373781637481
2020-03-23 22:00:00,9.004,9.01829741625714
2020-03-23 22:15:00,8.934,8.842419679998375
2020-03-23 22:30:00,9.215,9.223908875183879
2020-03-23 22:45:00,9.426,9.399169101198417
2020-03-23 23:00:00,9.286,9.440159490822147
2020-03-23 23:15:00,9.215,9.334747144827713
2020-03-23 23:30:00,9.286,9.359557925195487
2020-03-23 23:45:00,8.934,9.599088274371262
2020-03-24 00:00:00,9.145,9.479987878305026
2020-03-24 00:15:00,9.075,9.525953564439371
2020-03-24 00:30:00,9.286,9.44715167427024
2020-03-24 00:45:00,9.215,9.644349802356166
2020-03-24 01:00:00,9.497,9.695178992400274
2020-03-24 01:15:00,9.708,9.72293460561519
2020-03-24 01:30:00,9.989,10.04672967489929
2020-03-24 01:45:00,10.06,10.1513667225757
2020-03-24 02:00:00,9.849,9.885226326987652
2020-03-24 02:15:00,9.638,9.949563451750974
2020-03-24 02:30:00,9.286,9.645115434991768
2020-03-24 02:45:00,9.286,9.787140497934717
2020-03-24 03:00:00,9.286,9.678743148759358
2020-03-24 03:15:00,9.215,9.787673752390239
2020-03-24 03:30:00,9.075,9.667476411078923
2020-03-24 03:45:00,9.286,9.78493667968291
2020-03-24 04:00:00,9.356,9.601076983680565
2020-03-24 04:15:00,9.778,9.550883608551493
2020-03-24 04:30:00,9.567,9.476814054390964
2020-03-24 04:45:00,9.497,9.58732419221507
2020-03-24 05:00:00,9.075,9.679763546581148
2020-03-24 05:15:00,9.215,9.71488749237098
2020-03-24 05:30:00,8.934,9.660757535922947
2020-03-24 05:45:00,9.004,9.678020265158407
2020-03-24 06:00:00,9.004,9.648351450247857
2020-03-24 06:15:00,9.004,9.583382652232888
2020-03-24 06:30:00,9.145,9.60880421287491
2020-03-24 06:45:00,9.778,9.66866007156568
2020-03-24 07:00:00,10.622,9.703069130207956
2020-03-24 07:15:00,9.989,9.877486006179492
2020-03-24 07:30:00,9.286,10.065252924648274
2020-03-24 07:45:00,9.567,9.94247975744258
2020-03-24 08:00:00,9.497,10.417887564983241
2020-03-24 08:15:00,9.638,10.09117833060513
2020-03-24 08:30:00,9.778,10.247946902314942
2020-03-24 08:45:00,9.849,10.555468649116118
2020-03-24 09:00:00,9.849,10.878139962897134
2020-03-24 09:15:00,9.708,11.279522507384922
2020-03-24 09:30:00,9.778,11.52751449184292
2020-03-24 09:45:00,9.919,11.836927008424363
2020-03-24 10:00:00,9.919,12.863554335015838
2020-03-24 10:15:00,10.06,13.005426179553133
2020-03-24 10:30:00,9.989,12.978151869781794
2020-03-24 10:45:00,10.271,13.684501294989458
2020-03-24 11:00:00,10.271,13.590734380083076
2020-03-24 11:15:00,10.13,14.376225846838112
2020-03-24 11:30:00,10.622,13.80404225863129
2020-03-24 11:45:00,10.693,13.647910121692368
2020-03-24 12:00:00,10.693,14.513920510592666
2020-03-24 12:15:00,10.482,14.310151732819973
2020-03-24 12:30:00,10.341,14.455073185842265
2020-03-24 12:45:00,10.482,14.283376116083927
2020-03-24 13:00:00,10.693,14.478155343170426
2020-03-24 13:15:00,11.044,14.210917168183244
2020-03-24 13:30:00,11.185,13.95849080883511
2020-03-24 13:45:00,11.959,13.634459510999527
2020-03-24 14:00:00,11.678,13.812937081371613
2020-03-24 14:15:00,12.029,14.28620537545425
2020-03-24 14:30:00,12.24,12.67340531638465
2020-03-24 14:45:00,12.733,12.939300188878837
2020-03-24 15:00:00,12.733,13.314448084869229
2020-03-24 15:15:00,12.662,13.699215487537703
2020-03-24 15:30:00,12.592,13.871052323895485
2020-03-24 15:45:00,12.803,13.141867992355055
2020-03-24 16:00:00,12.944,12.355532406854783
2020-03-24 16:15:00,13.014,12.235072868717564
2020-03-24 16:30:00,13.085,13.38536063005037
2020-03-24 16:45:00,13.085,13.114155085120718
2020-03-24 17:00:00,13.296,13.032758237169876
2020-03-24 17:15:00,13.085,12.864451775680633
2020-03-24 17:30:00,13.085,12.811800983699431
2020-03-24 17:45:00,12.592,12.561133783125326
2020-03-24 18:00:00,12.662,12.74724668879956
2020-03-24 18:15:00,12.522,12.635204277543641
2020-03-24 18:30:00,12.1,12.708357477824302
2020-03-24 18:45:00,12.1,12.958531236059134
2020-03-24 19:00:00,12.029,12.648935632942619
2020-03-24 19:15:00,11.678,12.92515430618109
2020-03-24 19:30:00,11.537,12.654869580190299
2020-03-24 19:45:00,11.678,12.820637891434863
2020-03-24 20:00:00,11.467,12.703216849887127
2020-03-24 20:15:00,11.678,12.522028545700412
2020-03-24 20:30:00,11.467,12.542510490403666
2020-03-24 20:45:00,11.256,12.838991716935073
2020-03-24 21:00:00,11.115,12.543643296296512
2020-03-24 21:15:00,11.185,12.239956762317735
2020-03-24 21:30:00,11.326,11.825919315359089
2020-03-24 21:45:00,10.974,11.512104290049031
2020-03-24 22:00:00,10.974,11.526566528391516
2020-03-24 22:15:00,10.974,11.313381945188977
2020-03-24 22:30:00,10.833,10.691361168769172
2020-03-24 22:45:00,10.833,10.462211568435913
2020-03-24 23:00:00,10.622,10.320074920142584
2020-03-24 23:15:00,10.833,10.362979709278191
2020-03-24 23:30:00,10.833,10.435142150824426
2020-03-24 23:45:00,10.552,10.473976295724745
2020-03-25 00:00:00,10.693,10.652067381914495
2020-03-25 00:15:00,10.271,10.672139088798819
2020-03-25 00:30:00,10.13,10.811567671082638
2020-03-25 00:45:00,9.989,10.85619065515664
2020-03-25 01:00:00,9.778,10.845832885099323
2020-03-25 01:15:00,9.497,10.883008918452399
2020-03-25 01:30:00,9.426,11.116741238182897
2020-03-25 01:45:00,9.286,11.482199505635503
2020-03-25 02:00:00,9.286,11.272876454147367
2020-03-25 02:15:00,9.426,11.35315385966601
2020-03-25 02:30:00,9.778,11.418955449515865
2020-03-25 02:45:00,10.13,11.492453645789174
2020-03-25 03:00:00,10.552,11.43416814579614
2020-03-25 03:15:00,10.341,11.495193349338194
2020-03-25 03:30:00,10.2,11.3139074909438
2020-03-25 03:45:00,10.06,11.36987454595189
2020-03-25 04:00:00,10.341,11.353728624405484
2020-03-25 04:15:00,10.271,11.378958199065245
2020-03-25 04:30:00,10.622,11.233626859539028
2020-03-25 04:45:00,10.622,11.231889606525055
2020-03-25 05:00:00,10.693,11.154021267161282
2020-03-25 05:15:00,10.622,10.96033557998975
2020-03-25 05:30:00,10.341,11.01730494458513
2020-03-25 05:45:00,10.622,10.868872098880697
2020-03-25 06:00:00,10.411,10.810374911386612
2020-03-25 06:15:00,10.482,10.84049411840856
2020-03-25 06:30:00,10.13,10.831163381532413
2020-03-25 06:45:00,9.989,10.889697300069495
2020-03-25 07:00:00,9.989,10.957593457227263
2020-03-25 07:15:00,10.2,10.983931083959988
2020-03-25 07:30:00,10.2,11.007711349894112
2020-03-25 07:45:00,10.341,11.016200051531998
2020-03-25 08:00:00,10.622,11.101731017523297
2020-03-25 08:15:00,10.904,11.092125016086387
2020-03-25 08:30:00,10.974,11.113146055203655
2020-03-25 08:45:00,10.974,11.285084086134539
2020-03-25 09:00:00,10.974,11.12899429217119
2020-03-25 09:15:00,10.763,11.363661384317734
2020-03-25 09:30:00,10.341,12.070868883456988
2020-03-25 09:45:00,10.2,11.784203410622537
2020-03-25 10:00:00,10.271,12.214925701714666
2020-03-25 10:15:00,10.693,12.396451492729847
2020-03-25 10:30:00,11.044,12.179719305328298
2020-03-25 10:45:00,10.482,12.276567591490208
2020-03-25 11:00:00,9.989,12.060324336076059
2020-03-25 11:15:00,10.13,12.258023702671581
2020-03-25 11:30:00,10.2,11.973157584183841
2020-03-25 11:45:00,10.411,12.437244336343742
2020-03-25 12:00:00,10.622,11.815012058643509
2020-03-25 12:15:00,10.833,11.785698661041613
2020-03-25 12:30:00,10.833,11.68270334796939
2020-03-25 12:45:00,10.482,11.534433986209999
2020-03-25 13:00:00,10.341,11.711814584482472
2020-03-25 13:15:00,10.622,11.652390475885657
2020-03-25 13:30:00,10.904,11.295323778860467
2020-03-25 13:45:00,10.341,11.26458770064773
2020-03-25 14:00:00,10.763,11.074448722549528
2020-03-25 14:15:00,10.622,11.095679490907537
2020-03-25 14:30:00,10.622,11.000232004394206
2020-03-25 14:45:00,10.974,11.091384045677906
2020-03-25 15:00:00,10.904,11.21197152763092
2020-03-25 15:15:00,11.044,11.058473573563015
2020-03-25 15:30:00,10.974,11.1603902520864
2020-03-25 15:45:00,10.693,11.054520861476894
2020-03-25 16:00:00,10.833,10.959764842300604
2020-03-25 16:15:00,10.552,11.565768625721791
2020-03-25 16:30:00,11.044,11.2899533341394
2020-03-25 16:45:00,10.833,11.345845103895892
2020-03-25 17:00:00,10.974,11.799617556108382
2020-03-25 17:15:00,11.326,11.854345701983702
2020-03-25 17:30:00,11.326,11.428007920063136
2020-03-25 17:45:00,11.396,11.651180088594634
2020-03-25 18:00:00,11.467,11.737751532583815
2020-03-25 18:15:00,11.537,11.749616121024753
2020-03-25 18:30:00,10.974,11.747623609468118
2020-03-25 18:45:00,10.693,11.771675197716624
2020-03-25 19:00:00,10.341,11.623212957682227
2020-03-25 19:15:00,10.482,11.774880686329238
2020-03-25 19:30:00,10.552,12.033458867226525
2020-03-25 19:45:00,10.482,12.021466727980197
2020-03-25 20:00:00,10.622,11.91207087721042
2020-03-25 20:15:00,10.622,12.5963099048055
2020-03-25 20:30:00,10.763,12.112396726730264
2020-03-25 20:45:00,10.552,12.198735673727295
2020-03-25 21:00:00,10.552,12.454714190197079
2020-03-25 21:15:00,10.271,12.851966950320879
2020-03-25 21:30:00,10.271,12.99271012758704
2020-03-25 21:45:00,10.552,13.118001244773733
2020-03-25 22:00:00,10.482,13.373029564063758
2020-03-25 22:15:00,10.271,13.450308776442972
2020-03-25 22:30:00,10.482,13.542940364272061
2020-03-25 22:45:00,10.411,13.641817550115453
2020-03-25 23:00:00,10.482,13.590900962937086
2020-03-25 23:15:00,10.482,13.617829970414446
2020-03-25 23:30:00,10.482,13.481126393535275
2020-03-25 23:45:00,10.06,13.429499483389865
2020-03-26 00:00:00,10.13,13.430861112051295
2020-03-26 00:15:00,10.271,13.459092873827222
2020-03-26 00:30:00,10.341,13.497544557869372
2020-03-26 00:45:00,10.06,13.382389710469948
2020-03-26 01:00:00,9.919,13.444698290514424
2020-03-26 01:15:00,10.13,13.7050508151638
2020-03-26 01:30:00,10.271,13.773026545178855
2020-03-26 01:45:00,10.622,13.841399818986881
2020-03-26 02:00:00,10.833,14.10941071972336
2020-03-26 02:15:00,10.763,13.919369548446518
2020-03-26 02:30:00,10.763,14.046177530796887
2020-03-26 02:45:00,10.833,14.46037392178246
2020-03-26 03:00:00,10.341,14.589350030523416
2020-03-26 03:15:00,10.13,14.579532815868141
2020-03-26 03:30:00,9.989,14.474261138801621
2020-03-26 03:45:00,9.989,14.520535342812632
2020-03-26 04:00:00,10.06,14.474725546373595
2020-03-26 04:15:00,10.622,14.330911083342368
2020-03-26 04:30:00,10.833,14.468420895241813
2020-03-26 04:45:00,10.622,14.52390854250021
2020-03-26 05:00:00,10.763,14.46182208473103
2020-03-26 05:15:00,10.763,14.219299295715542
2020-03-26 05:30:00,10.693,14.486628552911998
2020-03-26 05:45:00,10.763,14.587152910782315
2020-03-26 06:00:00,10.763,14.487558385183778
2020-03-26 06:15:00,10.693,14.652102971601732
2020-03-26 06:30:00,10.271,14.442547938603303
2020-03-26 06:45:00,10.482,14.69021535372869
2020-03-26 07:00:00,10.763,14.147670504155505
2020-03-26 07:15:00,11.044,14.124513834077408
2020-03-26 07:30:00,11.185,14.449533898916831
2020-03-26 07:45:00,10.974,14.473708891147018
2020-03-26 08:00:00,11.044,14.64315447196941
2020-03-26 08:15:00,11.185,14.89122532164942
2020-03-26 08:30:00,11.607,15.150687639082692
2020-03-26 08:45:00,11.185,14.957352888393903
2020-03-26 09:00:00,10.622,15.406959951256262
2020-03-26 09:15:00,10.763,15.379162132309807
2020-03-26 09:30:00,11.044,15.362536287814638
2020-03-26 09:45:00,11.326,15.243225870033024
2020-03-26 10:00:00,11.607,15.800365740638114
2020-03-26 10:15:00,11.678,15.00049269265478
2020-03-26 10:30:00,10.833,15.162448706973883
2020-03-26 10:45:00,10.833,15.3152314500596
2020-03-26 11:00:00,10.2,15.170891354851408
2020-03-26 11:15:00,10.482,15.16270491843077
2020-03-26 11:30:00,10.552,14.6927645199062
2020-03-26 11:45:00,10.482,14.639692450939071
2020-03-26 12:00:00,11.115,14.940253210953024
2020-03-26 12:15:00,11.678,14.787774712346671
2020-03-26 12:30:00,11.537,14.96508409177834
2020-03-26 12:45:00,11.678,15.82652540533415
2020-03-26 13:00:00,12.24,15.843396426039655
2020-03-26 13:15:00,12.803,14.425364571513354
2020-03-26 13:30:00,13.436,14.492494334353976
2020-03-26 13:45:00,13.155,13.848117944789069
2020-03-26 14:00:00,13.507,13.444257642470223
2020-03-26 14:15:00,13.436,13.161407825248427
2020-03-26 14:30:00,13.366,12.867657023492889
2020-03-26 14:45:00,13.647,12.843145274727705
2020-03-26 15:00:00,13.366,12.726157397314921
2020-03-26 15:15:00,13.436,12.515542602256575
2020-03-26 15:30:00,13.858,12.749009266486537
2020-03-26 15:45:00,13.858,12.203995036861553
2020-03-26 16:00:00,13.788,12.168840487744637
2020-03-26 16:15:00,13.858,12.216577631466059
2020-03-26 16:30:00,13.436,12.222872765300172
2020-03-26 16:45:00,13.647,12.174029417025032
2020-03-26 17:00:00,13.718,12.280853175392965
2020-03-26 17:15:00,13.647,12.193432563426734
2020-03-26 17:30:00,13.788,12.265755105632254
2020-03-26 17:45:00,13.858,12.158229226950644
2020-03-26 18:00:00,13.647,12.109702754852371
2020-03-26 18:15:00,12.733,12.177631867643615
2020-03-26 18:30:00,12.592,11.895169401832312
2020-03-26 18:45:00,12.451,11.698495440446399
2020-03-26 19:00:00,12.451,11.987093150261606
2020-03-26 19:15:00,12.17,12.001595034113489
2020-03-26 19:30:00,12.17,11.850596959534773
2020-03-26 19:45:00,11.678,12.034439692281008
2020-03-26 20:00:00,11.748,11.995634197024874
2020-03-26 20:15:00,11.678,12.363283423386793
2020-03-26 20:30:00,11.818,12.47204180941797
2020-03-26 20:45:00,11.537,12.192789959159326
2020-03-26 21:00:00,11.607,12.239379509047989
2020-03-26 21:15:00,11.185,12.466748538265195
2020-03-26 21:30:00,11.185,12.78954785503842
2020-03-26 21:45:00,11.115,12.94122004823326
2020-03-26 22:00:00,11.044,12.74858300125304
2020-03-26 22:15:00,11.185,12.634073207964002
2020-03-26 22:30:00,11.185,12.87596377077634
2020-03-26 22:45:00,10.693,12.59111324304252
2020-03-26 23:00:00,10.833,12.542212765691072
2020-03-26 23:15:00,10.622,12.440678478965703
2020-03-26 23:30:00,10.693,12.233786638970793
2020-03-26 23:45:00,10.693,12.170929189086419
2020-03-27 00:00:00,10.622,12.22024364657519
2020-03-27 00:15:00,10.482,12.26905213492867
2020-03-27 00:30:00,10.552,12.242342521012148
2020-03-27 00:45:00,10.693,12.296137142807245
2020-03-27 01:00:00,10.693,12.382147884956222
2020-03-27 01:15:00,10.974,12.423168811049619
2020-03-27 01:30:00,10.552,12.526985400201445
2020-03-27 01:45:00,10.341,12.663462393637127
2020-03-27 02:00:00,10.341,12.56268971874746
2020-03-27 02:15:00,10.552,12.824254330708495
2020-03-27 02:30:00,10.552,13.098674426318711
2020-03-27 02:45:00,10.622,13.176681477885241
2020-03-27 03:00:00,10.622,13.135566180058449
2020-03-27 03:15:00,10.622,13.12703777354078
2020-03-27 03:30:00,10.552,13.17943824376823
2020-03-27 03:45:00,10.622,13.232069574535219
2020-03-27 04:00:00,10.482,13.227577183623852
2020-03-27 04:15:00,9.989,13.178679749164873
2020-03-27 04:30:00,10.06,13.22776498780419
2020-03-27 04:45:00,10.482,13.135769196541911
2020-03-27 05:00:00,10.271,13.160707063968262
2020-03-27 05:15:00,10.411,13.27720316566459
2020-03-27 05:30:00,10.622,13.416136185731416
2020-03-27 05:45:00,10.482,13.25639240331991
2020-03-27 06:00:00,10.482,13.160473764370856
2020-03-27 06:15:00,10.552,13.177343224044058
2020-03-27 06:30:00,10.482,13.467369523461478
2020-03-27 06:45:00,10.13,12.96094333035734
2020-03-27 07:00:00,10.341,13.082264595287732
2020-03-27 07:15:00,10.693,13.141082234582587
2020-03-27 07:30:00,11.256,13.035732077292266
2020-03-27 07:45:00,11.256,13.084627458610754
2020-03-27 08:00:00,11.326,13.10082881904205
2020-03-27 08:15:00,11.396,12.897076502998097
2020-03-27 08:30:00,11.607,12.60386401811569
2020-03-27 08:45:00,11.678,12.71714748624046
2020-03-27 09:00:00,11.044,12.929353414839373
2020-03-27 09:15:00,11.256,12.940151024351833
2020-03-27 09:30:00,12.17,12.751246897271882
2020-03-27 09:45:00,12.029,12.98025003751861
2020-03-27 10:00:00,11.889,12.371222888538822
2020-03-27 10:15:00,11.889,12.520974509811511
2020-03-27 10:30:00,12.24,12.134115638750593
2020-03-27 10:45:00,12.24,11.81320880341431
2020-03-27 11:00:00,12.029,11.547389548076202
2020-03-27 11:15:00,11.678,11.547765299573623
2020-03-27 11:30:00,12.17,11.533247514670544
2020-03-27 11:45:00,11.467,11.789896058315145
2020-03-27 12:00:00,11.537,11.544244689482955
2020-03-27 12:15:00,11.467,11.51854635574398
2020-03-27 12:30:00,11.748,11.660790018303238
2020-03-27 12:45:00,11.818,11.632596734469665
2020-03-27 13:00:00,11.537,11.600265826693153
2020-03-27 13:15:00,12.522,11.50266425916961
2020-03-27 13:30:00,12.733,11.239631937209747
2020-03-27 13:45:00,13.296,10.94349355912238
2020-03-27 14:00:00,13.014,11.493393804485587
2020-03-27 14:15:00,12.733,11.221327475694077
2020-03-27 14:30:00,13.225,10.90136129371032
2020-03-27 14:45:00,12.803,10.861333612479367
2020-03-27 15:00:00,13.085,10.776749898581674
2020-03-27 15:15:00,13.225,10.587537508330149
2020-03-27 15:30:00,13.647,12.59775387320732
2020-03-27 15:45:00,13.085,12.902434618916603
2020-03-27 16:00:00,13.577,13.570684768447778
2020-03-27 16:15:00,13.296,13.678618948294408
2020-03-27 16:30:00,13.436,13.991868249852024
2020-03-27 16:45:00,13.436,14.277220978539303
2020-03-27 17:00:00,13.647,13.809986522141504
2020-03-27 17:15:00,13.718,13.62864670418413
2020-03-27 17:30:00,13.436,12.582753598328187
2020-03-27 17:45:00,13.507,12.11056853382101
2020-03-27 18:00:00,12.874,11.753494036037152
2020-03-27 18:15:00,12.381,11.514750297391135
2020-03-27 18:30:00,12.029,11.393456982396309
2020-03-27 18:45:00,11.818,11.388961655852604
2020-03-27 19:00:00,11.537,11.266202854944376
2020-03-27 19:15:00,11.256,11.523909792510237
2020-03-27 19:30:00,11.115,11.430989702484096
2020-03-27 19:45:00,11.044,11.414156797634226
2020-03-27 20:00:00,10.833,11.381036483569728
2020-03-27 20:15:00,10.693,11.59835621837132
2020-03-27 20:30:00,10.693,11.487795271333665
2020-03-27 20:45:00,10.833,11.781026188635842
2020-03-27 21:00:00,10.482,11.56071296420936
2020-03-27 21:15:00,10.271,11.802048765598466
2020-03-27 21:30:00,10.271,12.278103970940771
2020-03-27 21:45:00,10.411,12.062314102533593
2020-03-27 22:00:00,10.2,11.527505328837181
2020-03-27 22:15:00,10.06,11.564885418950446
2020-03-27 22:30:00,9.989,11.500248367823826
2020-03-27 22:45:00,9.989,11.369853441655627
2020-03-27 23:00:00,9.708,11.330345426341482
2020-03-27 23:15:00,9.426,11.302599113671684
2020-03-27 23:30:00,9.497,11.213457491197186
2020-03-27 23:45:00,9.426,11.141826074637423
2020-03-28 00:00:00,9.497,11.024560155330569
2020-03-28 00:15:00,9.426,11.068104895321301
2020-03-28 00:30:00,9.215,11.395524099797653
2020-03-28 00:45:00,9.004,11.646503013127806
2020-03-28 01:00:00,8.864,11.68976760054286
2020-03-28 01:15:00,8.864,11.663417099456478
2020-03-28 01:30:00,9.004,11.367265118445621
2020-03-28 01:45:00,8.653,11.3055111795229
2020-03-28 02:00:00,8.864,11.402127115854386
2020-03-28 02:15:00,8.864,11.345363298013362
2020-03-28 02:30:00,8.793,11.434680727987162
2020-03-28 02:45:00,9.215,11.577904906438468
2020-03-28 03:00:00,8.934,11.579751211925366
2020-03-28 03:15:00,8.723,11.733395248270304
2020-03-28 03:30:00,8.793,11.467892960647282
2020-03-28 03:45:00,8.723,11.555562214289006
2020-03-28 04:00:00,8.442,11.5915148605872
2020-03-28 04:15:00,8.371,11.300294714374306
2020-03-28 04:30:00,8.512,11.383672183001556
2020-03-28 04:45:00,8.723,11.892683102837658
2020-03-28 05:00:00,8.582,11.658053021398633
2020-03-28 05:15:00,8.512,11.79361164624579
2020-03-28 05:30:00,8.512,11.95436998330894
2020-03-28 05:45:00,8.442,11.836987897170314
2020-03-28 06:00:00,8.16,11.895067938648266
2020-03-28 06:15:00,8.301,11.780114322256066
2020-03-28 06:30:00,8.582,11.872880265808403
2020-03-28 06:45:00,8.512,12.05030185618386
2020-03-28 07:00:00,8.934,12.110732014290473
2020-03-28 07:15:00,9.426,12.014708051109011
2020-03-28 07:30:00,9.778,11.882350822926819
2020-03-28 07:45:00,9.778,11.491217118655886
2020-03-28 08:00:00,9.849,11.783312363323729
2020-03-28 08:15:00,9.849,11.913023901222102
2020-03-28 08:30:00,10.13,11.584515309987117
2020-03-28 08:45:00,10.271,11.832748199139349
2020-03-28 09:00:00,9.989,11.653674234411131
2020-03-28 09:15:00,9.919,12.053261072700279
2020-03-28 09:30:00,10.974,12.062667578838903
2020-03-28 09:45:00,11.185,12.278187758219355
2020-03-28 10:00:00,11.115,11.706463690776436
2020-03-28 10:15:00,11.115,11.320981975430628
2020-03-28 10:30:00,10.833,11.811348175284529
2020-03-28 10:45:00,10.482,11.595037015425934
2020-03-28 11:00:00,10.341,11.725597652569176
2020-03-28 11:15:00,10.341,11.844480594476304
2020-03-28 11:30:00,10.552,12.094055815047884
2020-03-28 11:45:00,10.13,12.05465142725088
2020-03-28 12:00:00,9.919,12.169795573370822
2020-03-28 12:15:00,9.849,12.22115496974004
2020-03-28 12:30:00,10.552,12.321436153455183
2020-03-28 12:45:00,10.622,12.639697646091262
2020-03-28 13:00:00,10.833,12.449664218300873
2020-03-28 13:15:00,11.678,13.575566736819313
2020-03-28 13:30:00,11.396,12.837213506480184
2020-03-28 13:45:00,11.467,12.583954555194783
2020-03-28 14:00:00,12.1,12.695409607418533
2020-03-28 14:15:00,12.1,12.26942172847519
2020-03-28 14:30:00,12.381,11.99333999473368
2020-03-28 14:45:00,12.592,12.297783368495976
2020-03-28 15:00:00,12.592,13.539778848743941
2020-03-28 15:15:00,12.803,12.337094901903688
2020-03-28 15:30:00,12.874,13.715706058307015
2020-03-28 15:45:00,12.944,13.554468668706981
2020-03-28 16:00:00,13.085,13.806516457680377
2020-03-28 16:15:00,13.085,13.497532841730107
2020-03-28 16:30:00,12.592,13.825236203065431
2020-03-28 16:45:00,12.874,13.700902533662202
2020-03-28 17:00:00,13.085,13.617024109230176
2020-03-28 17:15:00,13.366,13.582907021170907
2020-03-28 17:30:00,12.733,12.935215705961417
2020-03-28 17:45:00,12.451,12.508175168644847
2020-03-28 18:00:00,12.24,12.092116645872968
2020-03-28 18:15:00,12.17,12.074433513160779
2020-03-28 18:30:00,11.748,12.202759048156366
2020-03-28 18:45:00,11.537,11.953821526921843
2020-03-28 19:00:00,11.326,11.690698766156382
2020-03-28 19:15:00,11.396,11.474205910091833
2020-03-28 19:30:00,11.185,11.80144457205042
2020-03-28 19:45:00,11.185,11.581714994805882
2020-03-28 20:00:00,10.904,11.486772552999541
2020-03-28 20:15:00,10.833,11.602425867724428
2020-03-28 20:30:00,10.552,11.570947408345917
2020-03-28 20:45:00,10.2,11.720189956188852
2020-03-28 21:00:00,9.849,11.87573143504262
2020-03-28 21:15:00,9.919,11.663675846406809
2020-03-28 21:30:00,9.989,11.570427614568532
2020-03-28 21:45:00,9.849,11.42080032749644
2020-03-28 22:00:00,9.497,11.76944845428465
2020-03-28 22:15:00,9.638,11.583650161780225
2020-03-28 22:30:00,9.638,11.205917687811937
2020-03-28 22:45:00,9.638,11.388583536653602
2020-03-28 23:00:00,9.567,11.405489636063567
2020-03-28 23:15:00,9.426,11.092043247519285
2020-03-28 23:30:00,9.567,11.133765743320282
2020-03-28 23:45:00,9.426,11.05762230880177
2020-03-29 00:00:00,9.497,10.965596019640689
2020-03-29 00:15:00,9.145,11.801837413610851
2020-03-29 00:30:00,9.215,11.4116186413191
2020-03-29 00:45:00,9.004,11.393640506928852
2020-03-29 01:00:00,9.075,11.436701572474368
2020-03-29 01:15:00,9.145,11.307975561052348
2020-03-29 01:30:00,9.075,11.096869014075322
2020-03-29 01:45:00,9.356,11.47637465135285
2020-03-29 02:00:00,9.286,11.654995110987382
2020-03-29 02:15:00,9.356,11.922804511697565
2020-03-29 02:30:00,9.567,11.584196030279449
2020-03-29 02:45:00,9.497,11.73149130876006
2020-03-29 03:00:00,9.567,11.763439193896126
2020-03-29 03:15:00,9.567,12.229977951150916
2020-03-29 03:30:00,9.356,12.188579316366306
2020-03-29 03:45:00,9.075,12.15671178073378
2020-03-29 04:00:00,9.075,12.106148473134676
2020-03-29 04:15:00,9.075,12.322327397103908
2020-03-29 04:30:00,8.864,11.945830885545627
2020-03-29 04:45:00,8.723,11.96561256439561
2020-03-29 05:00:00,8.582,11.679297405157659
2020-03-29 05:15:00,8.512,11.503118405313053
2020-03-29 05:30:00,8.16,11.161641341669084
2020-03-29 05:45:00,8.371,11.233614330723432
2020-03-29 06:00:00,8.16,11.027115976842321
2020-03-29 06:15:00,7.949,11.162799417973892
2020-03-29 06:30:00,8.02,10.96102477932533
2020-03-29 06:45:00,8.16,11.007127370128737
2020-03-29 07:00:00,8.02,10.83329727009118
2020-03-29 07:15:00,8.231,11.101068719467923
2020-03-29 07:30:00,8.442,11.156879109282272
2020-03-29 07:45:00,8.512,11.37817548894508
2020-03-29 08:00:00,8.653,11.434995313616298
2020-03-29 08:15:00,8.582,11.611760517809342
2020-03-29 08:30:00,8.723,11.443764566854338
2020-03-29 08:45:00,8.442,11.749587801342264
2020-03-29 09:00:00,8.512,12.448863701579088
2020-03-29 09:15:00,8.653,12.70873048390766
2020-03-29 09:30:00,8.512,13.079162623530742
2020-03-29 09:45:00,8.653,13.388982342381532
2020-03-29 10:00:00,9.145,13.468448832290557
2020-03-29 10:15:00,9.567,13.759363006572864
2020-03-29 10:30:00,9.145,13.760291490654597
2020-03-29 10:45:00,8.864,13.964931215440657
2020-03-29 11:00:00,8.864,13.837402839027652
2020-03-29 11:15:00,8.723,14.225313898496298
2020-03-29 11:30:00,8.864,13.93948171206175
2020-03-29 11:45:00,8.864,13.982545379834486
2020-03-29 12:00:00,9.145,14.125358651533325
2020-03-29 12:15:00,9.075,14.56404383558238
2020-03-29 12:30:00,9.145,14.704529640966117
2020-03-29 12:45:00,9.356,15.263213287887362
2020-03-29 13:00:00,9.638,15.347564257229456
2020-03-29 13:15:00,9.638,15.06191049970975
2020-03-29 13:30:00,10.2,13.889413594318073
2020-03-29 13:45:00,10.13,13.824776869320061
2020-03-29 14:00:00,10.13,14.173054483943156
2020-03-29 14:15:00,10.13,14.438299139746073
2020-03-29 14:30:00,10.482,13.775823464010136
2020-03-29 14:45:00,10.271,13.433451551004705
2020-03-29 15:00:00,10.693,12.823559955929628
2020-03-29 15:15:00,10.552,12.228664767959891
2020-03-29 15:30:00,10.411,12.368370863808094
2020-03-29 15:45:00,10.271,12.116054098742365
2020-03-29 16:00:00,10.482,11.834194754555783
2020-03-29 16:15:00,10.06,12.442437187031581
2020-03-29 16:30:00,10.411,12.576746223090282
2020-03-29 16:45:00,10.552,12.562358252301662
2020-03-29 17:00:00,10.341,12.736874314700913
2020-03-29 17:15:00,10.13,12.141979676639775
2020-03-29 17:30:00,10.13,12.227402078271364
2020-03-29 17:45:00,9.638,11.746711104026707
2020-03-29 18:00:00,9.638,11.663669193413522
2020-03-29 18:15:00,9.567,11.699712591912931
2020-03-29 18:30:00,9.567,11.293602006171934
2020-03-29 18:45:00,9.426,11.237704876467923
2020-03-29 19:00:00,9.356,11.512749876799965
2020-03-29 19:15:00,9.356,11.767155065280141
2020-03-29 19:30:00,9.286,11.472126962224946
2020-03-29 19:45:00,9.497,11.420713082537276
2020-03-29 20:00:00,9.426,11.605409655760125
2020-03-29 20:15:00,9.004,11.727929884191898
2020-03-29 20:30:00,8.934,11.506573743178489
2020-03-29 20:45:00,8.653,11.372873917814236
2020-03-29 21:00:00,8.231,11.451007440260517
2020-03-29 21:15:00,8.371,11.436963425044258
2020-03-29 21:30:00,7.949,11.627037844486912
2020-03-29 21:45:00,7.879,11.684682349623671
2020-03-29 22:00:00,7.809,11.296965572985574
2020-03-29 22:15:00,7.457,11.229640419563093
2020-03-29 22:30:00,7.738,10.915288618098277
2020-03-29 22:45:00,7.597,10.474038715128051
2020-03-29 23:00:00,7.316,10.336652467517574
2020-03-29 23:15:00,7.316,10.298158098946146
2020-03-29 23:30:00,7.105,10.21254661891637
2020-03-29 23:45:00,6.824,10.648769925355124
2020-03-30 00:00:00,6.613,10.996698389326367
2020-03-30 00:15:00,6.683,10.747479026521697
2020-03-30 00:30:00,6.753,10.924874165957144
2020-03-30 00:45:00,6.753,10.85385519860781
2020-03-30 01:00:00,6.824,10.95022027381722
2020-03-30 01:15:00,6.613,11.150581221829633
2020-03-30 01:30:00,6.331,10.643730310635954
2020-03-30 01:45:00,6.472,10.971479336071253
2020-03-30 02:00:00,6.472,11.049541944602279
2020-03-30 02:15:00,5.979,11.566985354745917
2020-03-30 02:30:00,6.05,11.51498358470934
2020-03-30 02:45:00,6.05,11.699048925088077
2020-03-30 03:00:00,6.12,11.810215401347325
2020-03-30 03:15:00,6.261,12.141259889273849
2020-03-30 03:30:00,6.12,11.891547662445966
2020-03-30 03:45:00,6.402,11.958311363897858
2020-03-30 04:00:00,6.12,11.899672573325928
2020-03-30 04:15:00,6.05,11.901961551575718
2020-03-30 04:30:00,6.05,11.799940411045391
2020-03-30 04:45:00,5.909,11.920510344485868
2020-03-30 05:00:00,5.839,11.945413376864495
2020-03-30 05:15:00,5.768,12.042202488735816
2020-03-30 05:30:00,5.276,11.912054856907263
2020-03-30 05:45:00,4.995,11.907960015247795
2020-03-30 06:00:00,5.276,11.978759084532127
2020-03-30 06:15:00,5.135,12.063709599296663
2020-03-30 06:30:00,5.065,12.10502578567499
2020-03-30 06:45:00,5.065,11.992940064760322
2020-03-30 07:00:00,5.206,12.038300609311815
2020-03-30 07:15:00,5.135,12.200765557256357
2020-03-30 07:30:00,5.417,12.234874943047618
2020-03-30 07:45:00,5.417,12.434714935624209
2020-03-30 08:00:00,5.557,12.540521690671914
2020-03-30 08:15:00,5.557,12.66868836587435
2020-03-30 08:30:00,5.276,12.704536999142999
2020-03-30 08:45:00,5.698,12.780511790256192
2020-03-30 09:00:00,5.768,12.850113622736897
2020-03-30 09:15:00,6.191,13.26270010273157
2020-03-30 09:30:00,6.261,13.531275683502036
2020-03-30 09:45:00,6.331,13.48362805741903
2020-03-30 10:00:00,6.261,13.915580378971315
2020-03-30 10:15:00,6.402,13.862805481917071
2020-03-30 10:30:00,6.05,14.1922702357264
2020-03-30 10:45:00,6.12,14.333455969148009
2020-03-30 11:00:00,6.261,13.868338560847956
2020-03-30 11:15:00,6.402,14.128496721403774
2020-03-30 11:30:00,6.402,14.171608317596288
2020-03-30 11:45:00,6.472,13.790501407238102
2020-03-30 12:00:00,6.331,13.896861026437609
2020-03-30 12:15:00,6.542,13.812357963492637
2020-03-30 12:30:00,6.402,13.665484848618338
2020-03-30 12:45:00,6.683,13.68304919767189
2020-03-30 13:00:00,7.035,14.312632588158555
2020-03-30 13:15:00,6.613,14.644254129388761
2020-03-30 13:30:00,6.964,14.676807656235264
2020-03-30 13:45:00,6.964,14.936103881648572
2020-03-30 14:00:00,7.035,14.184499805958305
2020-03-30 14:15:00,7.175,14.403918572917396
2020-03-30 14:30:00,7.457,14.497097251549727
2020-03-30 14:45:00,7.386,13.906820901959437
2020-03-30 15:00:00,7.386,14.284700288241668
2020-03-30 15:15:00,7.457,14.328262446284022
2020-03-30 15:30:00,6.894,14.504486280927788
2020-03-30 15:45:00,7.457,14.768646046335213
2020-03-30 16:00:00,7.316,14.650343385115137
2020-03-30 16:15:00,7.386,14.236157763944513
2020-03-30 16:30:00,7.668,13.559306853359994
2020-03-30 16:45:00,7.668,13.395958504182639
2020-03-30 17:00:00,7.809,12.890542841097789
2020-03-30 17:15:00,7.597,12.662511079786558
2020-03-30 17:30:00,6.894,12.656598323603392
2020-03-30 17:45:00,7.035,12.739582730267868
2020-03-30 18:00:00,6.683,12.014081924908282
2020-03-30 18:15:00,6.472,12.157138710596675
2020-03-30 18:30:00,6.05,11.586791965907322
2020-03-30 18:45:00,5.909,11.234711821095237
2020-03-30 19:00:00,5.768,11.592690161991811
2020-03-30 19:15:00,5.839,11.679457198303801
2020-03-30 19:30:00,6.191,11.835769113555664
2020-03-30 19:45:00,6.402,11.734803141184019
2020-03-30 20:00:00,6.331,11.864110556534985
2020-03-30 20:15:00,6.402,11.738465623019211
2020-03-30 20:30:00,6.402,11.79710932921361
2020-03-30 20:45:00,6.472,11.394319302903023
2020-03-30 21:00:00,6.402,11.291657649217516
2020-03-30 21:15:00,6.542,11.603988189005713
2020-03-30 21:30:00,6.261,11.584821707716042
2020-03-30 21:45:00,6.472,11.841647012532965
2020-03-30 22:00:00,6.261,11.848213439930621
2020-03-30 22:15:00,6.261,11.276017258082838
2020-03-30 22:30:00,6.12,11.27888754921511
2020-03-30 22:45:00,5.979,10.937730662209399
2020-03-30 23:00:00,5.979,10.848346611215808
2020-03-30 23:15:00,5.839,10.920118339964306
2020-03-30 23:30:00,5.839,10.9082461641589
2020-03-30 23:45:00,5.768,11.106725329226352
2020-03-31 00:00:00,5.768,10.952586878992413
2020-03-31 00:15:00,5.768,11.01053175483327
2020-03-31 00:30:00,5.768,11.102148113957316
2020-03-31 00:45:00,5.768,11.276163257157695
2020-03-31 01:00:00,5.768,10.985125947736604
2020-03-31 01:15:00,5.768,11.19436407385524
2020-03-31 01:30:00,5.768,11.281173453307268
2020-03-31 01:45:00,5.768,11.444464028696839
2020-03-31 02:00:00,5.768,11.594194812777742
2020-03-31 02:15:00,5.768,11.691072724538651
2020-03-31 02:30:00,5.768,11.811895359195743
2020-03-31 02:45:00,5.768,12.496679360451262
2020-03-31 03:00:00,5.768,12.17681805748207
2020-03-31 03:15:00,5.768,12.336802888067284
2020-03-31 03:30:00,5.768,12.104600419644706
2020-03-31 03:45:00,5.768,12.41651926838105
2020-03-31 04:00:00,5.768,12.491415001219941
2020-03-31 04:15:00,5.768,12.492436260428297
2020-03-31 04:30:00,5.768,12.717834088280977
2020-03-31 04:45:00,5.768,12.618166260504648
2020-03-31 05:00:00,5.768,12.514115302558789
2020-03-31 05:15:00,5.768,12.778654593327326
2020-03-31 05:30:00,5.768,12.84593137658862
2020-03-31 05:45:00,5.768,12.869350246470825
2020-03-31 06:00:00,5.768,12.854108068516929
2020-03-31 06:15:00,5.768,12.753681207672352
2020-03-31 06:30:00,5.768,12.850549691037463
2020-03-31 06:45:00,5.768,12.819088840281234
2020-03-31 07:00:00,5.768,12.920737834355613
2020-03-31 07:15:00,5.768,12.570497692032108
2020-03-31 07:30:00,5.768,13.024531565197114
2020-03-31 07:45:00,5.768,12.985478546821588
2020-03-31 08:00:00,5.768,12.972873141204808
2020-03-31 08:15:00,5.768,13.389882035799905
2020-03-31 08:30:00,5.768,13.460337351303155
2020-03-31 08:45:00,5.768,13.365339670680523
2020-03-31 09:00:00,5.768,13.519834411134442
2020-03-31 09:15:00,5.768,13.7265626066199
2020-03-31 09:30:00,5.768,13.760685881420837
2020-03-31 09:45:00,5.768,13.496279438144553
2020-03-31 10:00:00,5.768,13.639037123174273
2020-03-31 10:15:00,5.768,13.939717937538857
2020-03-31 10:30:00,5.768,14.110303826237079
2020-03-31 10:45:00,5.768,13.507314014980834
2020-03-31 11:00:00,5.768,13.205445115871049
2020-03-31 11:15:00,5.768,13.193721007626818
2020-03-31 11:30:00,5.768,12.876993575282967
2020-03-31 11:45:00,5.768,13.008808818379856
2020-03-31 12:00:00,5.768,12.757206919983018
2020-03-31 12:15:00,5.768,12.914577025044156
2020-03-31 12:30:00,5.768,13.204128275005928
2020-03-31 12:45:00,5.768,13.194208292213798
2020-03-31 13:00:00,5.768,13.16048053255472
2020-03-31 13:15:00,5.768,13.210722532510713
2020-03-31 13:30:00,5.768,13.262407965443812
2020-03-31 13:45:00,5.768,12.996694953612792
2020-03-31 14:00:00,5.768,12.888182913339783
2020-03-31 14:15:00,5.768,12.54675069117524
2020-03-31 14:30:00,5.768,12.572405335532581
2020-03-31 14:45:00,5.768,12.315331003364177
2020-03-31 15:00:00,5.768,12.305048285894559
2020-03-31 15:15:00,5.768,12.29147039179914
2020-03-31 15:30:00,5.768,12.095731860653357
2020-03-31 15:45:00,5.768,12.074015846246636
2020-03-31 16:00:00,5.768,12.22575739264747
2020-03-31 16:15:00,5.768,12.279167349025194
2020-03-31 16:30:00,5.768,11.986496140127624
2020-03-31 16:45:00,5.768,12.061912874492032
2020-03-31 17:00:00,5.768,12.14404179979894
2020-03-31 17:15:00,5.768,12.451559099724912
2020-03-31 17:30:00,5.768,12.635158280958889
2020-03-31 17:45:00,5.768,12.325733391949795
2020-03-31 18:00:00,5.768,12.533412814720638
2020-03-31 18:15:00,5.768,12.3004174427591
2020-03-31 18:30:00,5.768,12.21453601064191
2020-03-31 18:45:00,5.768,12.494524171965587
2020-03-31 19:00:00,5.768,12.19994140502207
2020-03-31 19:15:00,5.768,11.759611110488182
2020-03-31 19:30:00,5.768,11.858036779294226
2020-03-31 19:45:00,5.768,11.951757388343346
2020-03-31 20:00:00,5.768,11.561664854761453
2020-03-31 20:15:00,5.768,11.47743032724387
2020-03-31 20:30:00,5.768,11.461636682668438
2020-03-31 20:45:00,5.768,11.301133311765346
2020-03-31 21:00:00,5.768,10.934294951784308
2020-03-31 21:15:00,5.768,11.149300684671182
2020-03-31 21:30:00,5.768,11.256112596431334
2020-03-31 21:45:00,5.768,11.284691503229045
2020-03-31 22:00:00,5.768,11.557947849427437
2020-03-31 22:15:00,5.768,11.950782460973887
2020-03-31 22:30:00,5.768,11.956113967151177
2020-03-31 22:45:00,5.768,12.338654743905243
2020-03-31 23:00:00,5.768,12.599229323077504
2020-03-31 23:15:00,5.768,13.208716141863126
2020-03-31 23:30:00,5.768,13.541634196870724
2020-03-31 23:45:00,5.768,13.919511223909689
2020-04-01 00:00:00,9.004,14.171570201594795
2020-04-01 00:15:00,9.215,14.43987606830587
2020-04-01 00:30:00,9.286,14.918178245559858
2020-04-01 00:45:00,9.215,15.416351159420929
2020-04-01 01:00:00,9.215,15.488366685034036
2020-04-01 01:15:00,9.075,15.6923230968907
2020-04-01 01:30:00,8.934,15.634582411215536
2020-04-01 01:45:00,9.286,15.862980237989003
2020-04-01 02:00:00,9.004,15.558857217779753
2020-04-01 02:15:00,9.215,15.732331070358661
2020-04-01 02:30:00,8.934,15.712484767735463
2020-04-01 02:45:00,8.864,15.628407537705352
2020-04-01 03:00:00,8.653,15.30711151370732
2020-04-01 03:15:00,8.723,14.975700332657732
2020-04-01 03:30:00,8.934,14.960573588561381
2020-04-01 03:45:00,9.215,15.16144074009742
2020-04-01 04:00:00,9.215,15.27262996961844
2020-04-01 04:15:00,9.286,15.305701974529763
2020-04-01 04:30:00,9.638,15.33128992568265
2020-04-01 04:45:00,9.567,15.134682302274959
2020-04-01 05:00:00,9.215,14.978402064150611
2020-04-01 05:15:00,9.215,14.841639481615944
2020-04-01 05:30:00,9.215,15.09306216907245
2020-04-01 05:45:00,9.426,14.889229613986462
2020-04-01 06:00:00,9.426,15.085276290956278
2020-04-01 06:15:00,9.567,15.138269216251492
2020-04-01 06:30:00,9.567,15.373082984664793
2020-04-01 06:45:00,9.426,15.309239185074913
2020-04-01 07:00:00,9.567,15.158868368101123
2020-04-01 07:15:00,9.286,15.176722332530366
2020-04-01 07:30:00,10.06,15.338984175881233
2020-04-01 07:45:00,10.06,15.340005207172998
2020-04-01 08:00:00,10.2,15.54695890372125
2020-04-01 08:15:00,10.482,15.530146663642391
2020-04-01 08:30:00,10.833,15.51729283292185
2020-04-01 08:45:00,10.622,15.389897617904895
2020-04-01 09:00:00,10.693,15.051574209224778
2020-04-01 09:15:00,10.693,15.316459622988557
2020-04-01 09:30:00,10.974,14.897416153842178
2020-04-01 09:45:00,10.974,14.66261121824604
2020-04-01 10:00:00,11.115,14.755505189680209
2020-04-01 10:15:00,10.904,14.018774557723367
2020-04-01 10:30:00,11.185,14.31409097873941
2020-04-01 10:45:00,11.044,14.281689443622358
2020-04-01 11:00:00,10.974,13.947548592222425
2020-04-01 11:15:00,10.693,13.921774641062232
2020-04-01 11:30:00,10.763,13.865980172583615
2020-04-01 11:45:00,10.763,14.045230603354598
2020-04-01 12:00:00,10.763,13.593275810590047
2020-04-01 12:15:00,11.256,13.121754656985333
2020-04-01 12:30:00,11.326,13.136420450672167
2020-04-01 12:45:00,11.326,13.0057495322732
2020-04-01 13:00:00,11.607,13.056416062284514
2020-04-01 13:15:00,12.029,13.056190105011183
2020-04-01 13:30:00,11.326,12.97424986089136
2020-04-01 13:45:00,10.904,13.175577286287572
2020-04-01 14:00:00,11.256,12.517247562994623
2020-04-01 14:15:00,11.818,13.411461934709706
2020-04-01 14:30:00,12.311,14.331415852538715
2020-04-01 14:45:00,12.24,12.942155434223073
2020-04-01 15:00:00,12.944,14.071352780614019
2020-04-01 15:15:00,12.662,14.00206275703172
2020-04-01 15:30:00,12.592,14.067127334769056
2020-04-01 15:45:00,12.733,14.618417849937854
2020-04-01 16:00:00,12.733,14.512771607350523
2020-04-01 16:15:00,12.874,14.590198742630882
2020-04-01 16:30:00,12.944,14.721647100335993
2020-04-01 16:45:00,12.24,12.865501317022991
2020-04-01 17:00:00,11.818,12.471507299875697
2020-04-01 17:15:00,11.818,12.04300489691712
2020-04-01 17:30:00,12.17,11.754810587084064
2020-04-01 17:45:00,12.17,12.133253618612683
2020-04-01 18:00:00,11.748,11.827026056753692
2020-04-01 18:15:00,11.115,11.36956357441806
2020-04-01 18:30:00,11.185,11.13872904145539
2020-04-01 18:45:00,10.974,10.997876281985622
2020-04-01 19:00:00,10.763,11.130623359040815
2020-04-01 19:15:00,10.763,11.491241185385642
2020-04-01 19:30:00,10.763,11.505922479412526
2020-04-01 19:45:00,10.763,11.669650976316229
2020-04-01 20:00:00,10.693,11.534213402387158
2020-04-01 20:15:00,10.622,11.584027200308709
2020-04-01 20:30:00,10.622,11.734604830357087
2020-04-01 20:45:00,10.763,11.892337682778845
2020-04-01 21:00:00,10.552,11.719454748476732
2020-04-01 21:15:00,10.833,12.02718802655317
2020-04-01 21:30:00,11.044,12.24989715356604
2020-04-01 21:45:00,10.622,12.458459275267074
2020-04-01 22:00:00,10.482,12.360513959532513
2020-04-01 22:15:00,10.271,12.611910511503897
2020-04-01 22:30:00,10.622,12.818926118080187
2020-04-01 22:45:00,10.13,13.146042422317032
2020-04-01 23:00:00,10.13,13.582404713127719
2020-04-01 23:15:00,10.271,13.97782824048097
2020-04-01 23:30:00,9.849,14.012710350483733
2020-04-01 23:45:00,9.989,13.960436975624189
2020-04-02 00:00:00,9.708,14.123247233761166
2020-04-02 00:15:00,9.778,14.515729409117396
2020-04-02 00:30:00,10.06,14.511336647136364
2020-04-02 00:45:00,9.849,14.929217034160054
2020-04-02 01:00:00,10.2,15.077197198412028
2020-04-02 01:15:00,10.06,15.23538093653609
2020-04-02 01:30:00,10.552,15.458385788443291
2020-04-02 01:45:00,10.552,15.433961580238297
2020-04-02 02:00:00,10.482,15.581281468763569
2020-04-02 02:15:00,10.271,15.642361764670644
2020-04-02 02:30:00,10.833,15.78400583219742
2020-04-02 02:45:00,10.974,15.744184362516384
2020-04-02 03:00:00,10.833,15.714626525081911
2020-04-02 03:15:00,10.552,15.673867748385108
2020-04-02 03:30:00,10.411,15.613448059501557
2020-04-02 03:45:00,10.271,15.601070590594079
2020-04-02 04:00:00,10.341,15.567126204925733
2020-04-02 04:15:00,10.2,15.366279657732123
2020-04-02 04:30:00,10.482,15.355253567500215
2020-04-02 04:45:00,10.341,15.07347528664341
2020-04-02 05:00:00,10.341,14.97232286084523
2020-04-02 05:15:00,10.271,14.881498828090837
2020-04-02 05:30:00,10.411,14.852659599691304
2020-04-02 05:45:00,10.06,14.942507449231114
2020-04-02 06:00:00,10.06,14.917232296673774
2020-04-02 06:15:00,9.989,15.016253487249278
2020-04-02 06:30:00,10.2,15.166106456097879
2020-04-02 06:45:00,10.482,15.198489695209418
2020-04-02 07:00:00,10.482,15.011405466575722
2020-04-02 07:15:00,10.411,15.009739206540862
2020-04-02 07:30:00,10.06,15.20751239333764
2020-04-02 07:45:00,9.919,14.992604208302103
2020-04-02 08:00:00,9.638,15.153401577188427
2020-04-02 08:15:00,9.567,15.306052081104527
2020-04-02 08:30:00,9.778,14.95888088483907
2020-04-02 08:45:00,10.13,15.321473385912276
2020-04-02 09:00:00,10.552,15.270400504512573
2020-04-02 09:15:00,10.271,15.424717928285677
2020-04-02 09:30:00,10.482,15.276999366065423
2020-04-02 09:45:00,10.482,15.268243579885583
2020-04-02 10:00:00,10.482,14.757041756752102
2020-04-02 10:15:00,10.13,14.627759567407454
2020-04-02 10:30:00,10.2,14.604513205939005
2020-04-02 10:45:00,10.13,14.241226005395925
2020-04-02 11:00:00,10.13,13.72549596452517
2020-04-02 11:15:00,10.13,13.356382418797077
2020-04-02 11:30:00,10.13,13.246035875870076
2020-04-02 11:45:00,10.06,13.175942644486515
2020-04-02 12:00:00,10.2,13.199920115029869
2020-04-02 12:15:00,10.271,13.280805383850803
2020-04-02 12:30:00,10.974,13.449758708850418
2020-04-02 12:45:00,11.396,13.527738689455283
2020-04-02 13:00:00,11.678,13.119717952214101
2020-04-02 13:15:00,11.748,13.256260490751481
2020-04-02 13:30:00,12.029,13.212917671362362
2020-04-02 13:45:00,12.311,13.27752001324918
2020-04-02 14:00:00,12.029,12.891384041274508
2020-04-02 14:15:00,12.24,13.155767706058347
2020-04-02 14:30:00,12.17,12.815116674689888
2020-04-02 14:45:00,12.24,12.767479305063137
2020-04-02 15:00:00,12.1,12.923536093380417
2020-04-02 15:15:00,12.17,12.739146490971676
2020-04-02 15:30:00,12.24,12.399970944840696
2020-04-02 15:45:00,12.24,12.584770571336053
2020-04-02 16:00:00,12.17,12.341133566873141
2020-04-02 16:15:00,12.24,12.295083479438789
2020-04-02 16:30:00,11.748,12.1646213430242
2020-04-02 16:45:00,11.607,12.051250628728972
2020-04-02 17:00:00,12.029,12.030076230447408
2020-04-02 17:15:00,11.818,12.033296942450129
2020-04-02 17:30:00,11.115,11.965348205970411
2020-04-02 17:45:00,10.763,11.80563386989871
2020-04-02 18:00:00,11.256,11.67232739155302
2020-04-02 18:15:00,11.044,11.713828047075502
2020-04-02 18:30:00,10.693,11.799244895041598
2020-04-02 18:45:00,11.185,11.741635836519368
2020-04-02 19:00:00,10.974,11.738855928460252
2020-04-02 19:15:00,10.552,11.705959169243142
2020-04-02 19:30:00,10.622,11.7107712306215
2020-04-02 19:45:00,10.482,11.588591189518748
2020-04-02 20:00:00,10.552,11.702738887554524
2020-04-02 20:15:00,10.693,11.829115039088046
2020-04-02 20:30:00,10.552,11.956798642834729
2020-04-02 20:45:00,10.341,12.0047166718702
2020-04-02 21:00:00,10.2,11.64445604749925
2020-04-02 21:15:00,10.13,11.572285719453232
2020-04-02 21:30:00,10.2,12.005030642454381
2020-04-02 21:45:00,10.271,12.045174282485581
2020-04-02 22:00:00,10.341,11.882451340807533
2020-04-02 22:15:00,10.271,11.94607927363322
2020-04-02 22:30:00,10.06,11.722242602563556
2020-04-02 22:45:00,9.849,11.654130215645996
2020-04-02 23:00:00,9.849,11.739591876052033
2020-04-02 23:15:00,9.356,11.843269203488775
2020-04-02 23:30:00,9.356,11.475307318023876
2020-04-02 23:45:00,9.286,11.525857832160275
2020-04-03 00:00:00,9.426,11.561453798415675
2020-04-03 00:15:00,9.497,11.45331797029721
2020-04-03 00:30:00,9.426,11.209007127010102
2020-04-03 00:45:00,9.497,11.242842460533867
2020-04-03 01:00:00,9.356,11.493065042632418
2020-04-03 01:15:00,9.426,11.14346132767544
2020-04-03 01:30:00,9.215,11.466439777926588
2020-04-03 01:45:00,9.145,11.444650787343413
2020-04-03 02:00:00,9.215,11.362334352972967
2020-04-03 02:15:00,9.075,11.426244572499392
2020-04-03 02:30:00,9.004,11.689962975053472
2020-04-03 02:45:00,9.004,11.74553911855775
2020-04-03 03:00:00,9.145,11.644329650434118
2020-04-03 03:15:00,9.426,11.395923466262955
2020-04-03 03:30:00,9.286,11.496702641602013
2020-04-03 03:45:00,9.286,11.68724612383072
2020-04-03 04:00:00,9.145,11.60944441167489
2020-04-03 04:15:00,9.497,11.529058600018258
2020-04-03 04:30:00,9.215,11.42228546374604
2020-04-03 04:45:00,9.075,11.569191443517413
2020-04-03 05:00:00,9.426,11.829095000170112
2020-04-03 05:15:00,9.638,12.350406448829819
2020-04-03 05:30:00,9.778,12.290590615109538
2020-04-03 05:45:00,9.286,12.520249020310267
2020-04-03 06:00:00,9.286,12.65461739475001
2020-04-03 06:15:00,9.286,13.114922271943625
2020-04-03 06:30:00,9.426,13.466925625643576
2020-04-03 06:45:00,9.286,13.798992372397274
2020-04-03 07:00:00,9.497,14.213943035214374
2020-04-03 07:15:00,9.708,14.084983531825388
2020-04-03 07:30:00,9.638,14.176604260287695
2020-04-03 07:45:00,9.778,14.1099411974975
2020-04-03 08:00:00,9.849,14.08097073648265
2020-04-03 08:15:00,10.06,14.060708843689236
2020-04-03 08:30:00,10.271,13.646818159142644
2020-04-03 08:45:00,10.271,13.37115678537317
2020-04-03 09:00:00,10.693,12.96662940042171
2020-04-03 09:15:00,10.13,12.593434478125188
2020-04-03 09:30:00,10.622,12.259744894579363
2020-04-03 09:45:00,11.326,11.715746595273943
2020-04-03 10:00:00,11.396,11.654408452564638
2020-04-03 10:15:00,11.326,11.715812283021187
2020-04-03 10:30:00,11.115,11.800163363336866
2020-04-03 10:45:00,11.044,11.646275078220373
2020-04-03 11:00:00,11.326,11.818031063559463
2020-04-03 11:15:00,11.326,11.858579964803969
2020-04-03 11:30:00,11.185,11.904271986430327
2020-04-03 11:45:00,11.185,11.906062184942453
2020-04-03 12:00:00,11.396,12.022875702037885
2020-04-03 12:15:00,11.185,12.340582715742126
2020-04-03 12:30:00,11.678,12.424054669405347
2020-04-03 12:45:00,11.889,12.366437962638551
2020-04-03 13:00:00,11.326,12.548545432098937
2020-04-03 13:15:00,11.537,13.388389680809148
2020-04-03 13:30:00,12.381,14.006596306334874
2020-04-03 13:45:00,12.522,14.078985085173397
2020-04-03 14:00:00,12.733,13.442550618849035
2020-04-03 14:15:00,13.155,12.958237588833718
2020-04-03 14:30:00,13.014,12.857472636178521
2020-04-03 14:45:00,13.014,12.650234516488394
2020-04-03 15:00:00,12.944,12.749619825715117
2020-04-03 15:15:00,13.647,12.583264908516185
2020-04-03 15:30:00,13.577,12.079567738671381
2020-04-03 15:45:00,13.507,11.920296931693835
2020-04-03 16:00:00,13.436,11.884427831417156
2020-04-03 16:15:00,13.577,12.143514751592225
2020-04-03 16:30:00,13.788,12.727864187683549
2020-04-03 16:45:00,13.999,12.508208194736792
2020-04-03 17:00:00,13.718,12.418395668678919
2020-04-03 17:15:00,13.085,11.776065058474625
2020-04-03 17:30:00,13.155,11.657115819581843
2020-04-03 17:45:00,12.803,11.572640149685478
2020-04-03 18:00:00,12.24,11.671559746915587
2020-04-03 18:15:00,12.24,11.757702926982025
2020-04-03 18:30:00,12.381,11.541002389152307
2020-04-03 18:45:00,12.311,11.753845603114858
2020-04-03 19:00:00,12.17,11.680663438656818
2020-04-03 19:15:00,11.748,11.75741553003482
2020-04-03 19:30:00,12.029,11.96311405725407
2020-04-03 19:45:00,11.889,12.176509451849634
2020-04-03 20:00:00,11.607,11.95063364202843
2020-04-03 20:15:00,11.818,11.989959657697291
2020-04-03 20:30:00,11.537,11.854682969803045
2020-04-03 20:45:00,11.678,11.672036857668624
2020-04-03 21:00:00,11.326,11.522863616449365
2020-04-03 21:15:00,11.326,11.993909832914078
2020-04-03 21:30:00,11.467,12.152008002684958
2020-04-03 21:45:00,11.326,12.178938145711726
2020-04-03 22:00:00,10.974,11.945841969828653
2020-04-03 22:15:00,11.326,11.58079157096494
2020-04-03 22:30:00,11.044,11.743961537822205
2020-04-03 22:45:00,11.185,11.839727368611767
2020-04-03 23:00:00,10.904,11.67722954830506
2020-04-03 23:15:00,10.833,11.733245657288146
2020-04-03 23:30:00,10.552,11.616126563700606
2020-04-03 23:45:00,10.552,11.4679217636812
2020-04-04 00:00:00,9.919,11.809692587174228
2020-04-04 00:15:00,9.004,11.742569658948957
2020-04-04 00:30:00,8.723,11.736302059867183
2020-04-04 00:45:00,8.723,11.98780048553661
2020-04-04 01:00:00,8.864,11.750305191656475
2020-04-04 01:15:00,8.582,11.720449941228734
2020-04-04 01:30:00,9.075,11.93134464650649
2020-04-04 01:45:00,9.145,12.216085587488434
2020-04-04 02:00:00,8.934,12.676425654049675
2020-04-04 02:15:00,8.16,12.744412767402673
2020-04-04 02:30:00,8.371,13.722819336771197
2020-04-04 02:45:00,8.512,13.654046964518157
2020-04-04 03:00:00,7.809,14.099096217114642
2020-04-04 03:15:00,7.597,14.458642303621252
2020-04-04 03:30:00,7.386,14.44297861698175
2020-04-04 03:45:00,6.753,14.734844401468974
2020-04-04 04:00:00,6.824,14.753428602744643
2020-04-04 04:15:00,6.753,15.083572126025738
2020-04-04 04:30:00,6.402,14.945069744614143
2020-04-04 04:45:00,6.894,14.774485211251015
2020-04-04 05:00:00,7.105,14.843688707962507
2020-04-04 05:15:00,6.683,14.75468124378431
2020-04-04 05:30:00,6.753,14.653428241709197
2020-04-04 05:45:00,6.894,14.562100376337815
2020-04-04 06:00:00,6.613,14.85536074316786
2020-04-04 06:15:00,6.613,14.935617024381752
2020-04-04 06:30:00,5.909,14.830396308419148
2020-04-04 06:45:00,6.05,14.744318228345785
2020-04-04 07:00:00,5.135,14.886093108920756
2020-04-04 07:15:00,5.276,14.624666939980058
2020-04-04 07:30:00,5.206,14.746863403396297
2020-04-04 07:45:00,5.417,14.474420614086743
2020-04-04 08:00:00,5.346,14.609910351299431
2020-04-04 08:15:00,5.346,14.891527137801152
2020-04-04 08:30:00,5.065,15.17991727845575
2020-04-04 08:45:00,5.346,14.747565619592358
2020-04-04 09:00:00,5.065,14.706383360700046
2020-04-04 09:15:00,5.346,14.640467341591338
2020-04-04 09:30:00,5.276,14.373645992797021
2020-04-04 09:45:00,4.995,13.888004276911921
2020-04-04 10:00:00,5.276,13.56474673618648
2020-04-04 10:15:00,5.206,13.614662035300432
2020-04-04 10:30:00,5.065,13.331544941692432
2020-04-04 10:45:00,4.784,13.534030686374063
2020-04-04 11:00:00,5.276,13.839868136802112
2020-04-04 11:15:00,5.346,13.753186686462897
2020-04-04 11:30:00,4.995,13.827852144044574
2020-04-04 11:45:00,5.557,14.035034239166224
2020-04-04 12:00:00,5.065,14.520630619852772
2020-04-04 12:15:00,5.206,13.972912845047913
2020-04-04 12:30:00,4.995,14.17599746650219
2020-04-04 12:45:00,4.784,14.13900042725513
2020-04-04 13:00:00,4.573,14.969213200856691
2020-04-04 13:15:00,4.784,14.654778508622304
2020-04-04 13:30:00,4.713,15.246519958730877
2020-04-04 13:45:00,4.643,15.570378705406716
2020-04-04 14:00:00,4.291,13.968805788170917
2020-04-04 14:15:00,4.291,13.239513324383305
2020-04-04 14:30:00,4.221,13.612709652744629
2020-04-04 14:45:00,4.08,13.219862465547102
2020-04-04 15:00:00,4.432,12.826863435478227
2020-04-04 15:15:00,4.221,14.182102075876236
2020-04-04 15:30:00,4.221,14.516099766734063
2020-04-04 15:45:00,4.15,14.402265604072857
2020-04-04 16:00:00,4.221,14.422080935037462
2020-04-04 16:15:00,4.362,14.182192080908038
2020-04-04 16:30:00,3.869,13.93605780921147
2020-04-04 16:45:00,3.588,13.766857649507507
2020-04-04 17:00:00,4.08,13.55531183590609
2020-04-04 17:15:00,4.15,13.235558611726367
2020-04-04 17:30:00,4.01,13.190245256041543
2020-04-04 17:45:00,3.939,12.381171964419634
2020-04-04 18:00:00,3.799,12.728595339784142
2020-04-04 18:15:00,3.939,12.456242884599373
2020-04-04 18:30:00,3.869,12.308294763981905
2020-04-04 18:45:00,3.799,12.474603841728348
2020-04-04 19:00:00,3.658,12.500646815544053
2020-04-04 19:15:00,3.588,12.44214101403005
2020-04-04 19:30:00,3.728,12.408820602999166
2020-04-04 19:45:00,3.799,12.257444310615405
2020-04-04 20:00:00,3.799,12.16639523881897
2020-04-04 20:15:00,3.799,12.396372855962161
2020-04-04 20:30:00,3.939,12.034951786544077
2020-04-04 20:45:00,3.869,12.348714015665992
2020-04-04 21:00:00,3.799,11.786966794923723
2020-04-04 21:15:00,3.799,11.645603348708187
2020-04-04 21:30:00,3.939,11.516024839139316
2020-04-04 21:45:00,3.799,11.618322381091192
2020-04-04 22:00:00,3.869,11.458904493353069
2020-04-04 22:15:00,3.939,11.661994011537379
2020-04-04 22:30:00,4.01,11.616624579400193
2020-04-04 22:45:00,3.799,11.596318754929795
2020-04-04 23:00:00,3.939,11.84845372080016
2020-04-04 23:15:00,3.869,11.87151731527077
2020-04-04 23:30:00,4.291,11.851532064444022
2020-04-04 23:45:00,3.799,11.572339757115413
2020-04-05 00:00:00,3.658,11.75976954447711
2020-04-05 00:15:00,3.799,11.512892521814445
2020-04-05 00:30:00,4.15,11.47502066152402
2020-04-05 00:45:00,4.01,11.419564946810903
2020-04-05 01:00:00,3.799,11.366583987783681
2020-04-05 01:15:00,3.728,11.272755478368062
2020-04-05 01:30:00,3.799,11.34143979777513
2020-04-05 01:45:00,3.939,11.424956286393787
2020-04-05 02:00:00,3.869,11.51529348164434
2020-04-05 02:15:00,3.869,11.847055007255868
2020-04-05 02:30:00,3.869,12.466694661503375
2020-04-05 02:45:00,3.799,12.811540607175592
2020-04-05 03:00:00,3.799,13.713255391880143
2020-04-05 03:15:00,4.08,13.707394840846431
2020-04-05 03:30:00,4.221,14.398563329642684
2020-04-05 03:45:00,4.432,14.32737105676788
2020-04-05 04:00:00,4.362,14.52398534055441
2020-04-05 04:15:00,3.799,14.826979522929575
2020-04-05 04:30:00,3.658,14.836957977034931
2020-04-05 04:45:00,3.588,14.839934866605407
2020-04-05 05:00:00,3.658,14.959673138264943
2020-04-05 05:15:00,3.799,14.75875490522087
2020-04-05 05:30:00,4.08,14.887516535979868
2020-04-05 05:45:00,3.939,14.876581692103152
2020-04-05 06:00:00,4.221,15.033764982826732
2020-04-05 06:15:00,3.799,15.07439575945122
2020-04-05 06:30:00,3.939,15.088548907989443
2020-04-05 06:45:00,3.517,14.982712285808244
2020-04-05 07:00:00,3.517,14.738189463746043
2020-04-05 07:15:00,3.588,14.718812240933564
2020-04-05 07:30:00,3.447,14.444130269498272
2020-04-05 07:45:00,2.884,14.422055369916093
2020-04-05 08:00:00,3.095,14.58519915786632
2020-04-05 08:15:00,2.744,14.451432506980316
2020-04-05 08:30:00,2.673,15.004981507469711
2020-04-05 08:45:00,0.0,14.911307392089533
2020-04-05 09:00:00,0.422,14.655235741723278
2020-04-05 09:15:00,0.0,14.474459055898174
2020-04-05 09:30:00,0.0,14.4267958245709
2020-04-05 09:45:00,0.0,14.469255541822308
2020-04-05 10:00:00,0.0,14.706761603328165
2020-04-05 10:15:00,0.0,14.47941150179772
2020-04-05 10:30:00,-0.563,14.380445134267022
2020-04-05 10:45:00,-0.703,14.3542974031297
2020-04-05 11:00:00,-0.633,14.177407941358306
2020-04-05 11:15:00,-0.844,14.376419740965906
2020-04-05 11:30:00,-0.633,14.172295182648389
2020-04-05 11:45:00,-0.633,14.302813983638625
2020-04-05 12:00:00,-0.703,14.363367334675377
2020-04-05 12:15:00,0.0,14.456864359292556
2020-04-05 12:30:00,-0.774,14.25112420814077
2020-04-05 12:45:00,0.0,14.413936093161658
2020-04-05 13:00:00,0.0,14.22613290379323
2020-04-05 13:15:00,0.0,15.178175246031905
2020-04-05 13:30:00,-0.492,14.875473795083023
2020-04-05 13:45:00,-0.563,14.598845611488295
2020-04-05 14:00:00,-0.633,13.69192223930662
2020-04-05 14:15:00,-0.985,13.15118187466661
2020-04-05 14:30:00,-1.196,12.721526250982368
2020-04-05 14:45:00,-0.633,12.57497904269823
2020-04-05 15:00:00,-0.915,12.612574923318723
2020-04-05 15:15:00,-1.548,12.400615964081895
2020-04-05 15:30:00,-0.985,12.471697715858959
2020-04-05 15:45:00,-0.844,12.149993383772305
2020-04-05 16:00:00,0.0,11.841398872954516
2020-04-05 16:15:00,-0.774,11.947729451294107
2020-04-05 16:30:00,0.0,12.16039876850031
2020-04-05 16:45:00,0.0,11.948369554635764
2020-04-05 17:00:00,0.563,12.126903028938147
2020-04-05 17:15:00,0.915,11.811670488141397
2020-04-05 17:30:00,1.548,11.592682320278133
2020-04-05 17:45:00,1.618,11.754115867432569
2020-04-05 18:00:00,1.759,11.914742108115535
2020-04-05 18:15:00,1.759,11.737173955230636
2020-04-05 18:30:00,1.829,11.803169567149029
2020-04-05 18:45:00,0.844,11.762287891372386
2020-04-05 19:00:00,0.563,11.422583305248573
2020-04-05 19:15:00,0.492,11.688873413961572
2020-04-05 19:30:00,0.492,11.657083439154519
2020-04-05 19:45:00,0.0,11.91071033264811
2020-04-05 20:00:00,0.0,11.899581069873118
2020-04-05 20:15:00,0.0,11.61931588238079
2020-04-05 20:30:00,0.985,11.824752300461409
2020-04-05 20:45:00,1.759,11.684808163378465
2020-04-05 21:00:00,2.04,11.635733915968538
2020-04-05 21:15:00,2.321,11.847074625850585
2020-04-05 21:30:00,0.844,12.14382299916964
2020-04-05 21:45:00,0.703,12.042912921135464
2020-04-05 22:00:00,0.492,12.003408048744943
2020-04-05 22:15:00,0.844,11.972969697584396
2020-04-05 22:30:00,0.844,11.667718280102585
2020-04-05 22:45:00,0.985,11.557639326150765
2020-04-05 23:00:00,1.126,11.321116749496452
2020-04-05 23:15:00,1.829,11.176594327220716
2020-04-05 23:30:00,0.0,11.129535931568121
2020-04-05 23:45:00,0.0,11.198315002672226
2020-04-06 00:00:00,0.985,11.312546291771913
2020-04-06 00:15:00,1.126,10.940036219135088
2020-04-06 00:30:00,0.0,11.5725406838236
2020-04-06 00:45:00,0.0,11.537127681318399
2020-04-06 01:00:00,0.0,11.123667715996364
2020-04-06 01:15:00,1.266,11.218108700183182
2020-04-06 01:30:00,1.126,11.393872158271815
2020-04-06 01:45:00,0.633,11.360845270920047
2020-04-06 02:00:00,0.563,11.816833698476069
2020-04-06 02:15:00,0.563,12.141417049854624
2020-04-06 02:30:00,0.915,12.085219529651821
2020-04-06 02:45:00,1.337,12.507236780498333
2020-04-06 03:00:00,1.97,12.360678650534462
2020-04-06 03:15:00,1.829,12.312775997904634
2020-04-06 03:30:00,2.181,12.34865578268649
2020-04-06 03:45:00,2.321,12.337987859447491
2020-04-06 04:00:00,2.392,12.240905299615088
2020-04-06 04:15:00,2.04,12.132873046668324
2020-04-06 04:30:00,1.618,11.830822009419757
2020-04-06 04:45:00,1.407,11.885090942389441
2020-04-06 05:00:00,1.477,12.251812712155063
2020-04-06 05:15:00,1.407,12.193133345474653
2020-04-06 05:30:00,1.055,12.342432467860212
2020-04-06 05:45:00,1.055,12.510181665758612
2020-04-06 06:00:00,1.337,12.809738725215691
2020-04-06 06:15:00,1.477,13.103284440614457
2020-04-06 06:30:00,1.126,13.6247725444143
2020-04-06 06:45:00,0.915,13.692554403719356
2020-04-06 07:00:00,1.055,14.055759599034303
2020-04-06 07:15:00,1.266,14.073119686210044
2020-04-06 07:30:00,1.196,14.27806742470813
2020-04-06 07:45:00,0.844,13.938204756691555
2020-04-06 08:00:00,1.055,13.71255205582013
2020-04-06 08:15:00,1.477,13.969099413462457
2020-04-06 08:30:00,1.899,13.975037970370174
2020-04-06 08:45:00,1.618,13.735896248485261
2020-04-06 09:00:00,1.337,13.792639651372067
2020-04-06 09:15:00,1.337,14.19489440718299
2020-04-06 09:30:00,1.759,14.163041665911827
2020-04-06 09:45:00,1.548,14.452333418851392
2020-04-06 10:00:00,1.829,14.695619602054714
2020-04-06 10:15:00,2.11,14.6863416507717
2020-04-06 10:30:00,2.814,14.765095834679334
2020-04-06 10:45:00,3.166,15.312845085274615
2020-04-06 11:00:00,3.095,15.44035539900468
2020-04-06 11:15:00,3.658,15.593480562278222
2020-04-06 11:30:00,3.728,15.795532108645917
2020-04-06 11:45:00,3.869,16.024361889184686
2020-04-06 12:00:00,4.01,16.08678683681539
2020-04-06 12:15:00,4.15,16.226738244541146
2020-04-06 12:30:00,4.432,16.232680828495436
2020-04-06 12:45:00,4.573,16.21310755615129
2020-04-06 13:00:00,4.643,16.065680713385493
2020-04-06 13:15:00,4.784,16.18253764272643
2020-04-06 13:30:00,5.206,16.26320303328167
2020-04-06 13:45:00,5.417,15.945929504321112
2020-04-06 14:00:00,4.995,15.105864081781124
2020-04-06 14:15:00,4.995,16.133678186235915
2020-04-06 14:30:00,5.346,15.811465862649133
2020-04-06 14:45:00,5.206,15.771445870139642
2020-04-06 15:00:00,4.995,15.923570095886731
2020-04-06 15:15:00,5.417,16.05785220617101
2020-04-06 15:30:00,5.628,15.571099317070948
2020-04-06 15:45:00,5.628,15.684956032667971
2020-04-06 16:00:00,5.346,15.440201602770905
2020-04-06 16:15:00,5.698,14.800392981003572
2020-04-06 16:30:00,5.768,14.539258101084936
2020-04-06 16:45:00,5.206,14.244177748334705
2020-04-06 17:00:00,5.487,14.153048339768022
2020-04-06 17:15:00,5.065,13.757377874504078
2020-04-06 17:30:00,5.135,13.923393709582623
2020-04-06 17:45:00,5.487,13.483643625845891
2020-04-06 18:00:00,5.346,12.902263853553825
2020-04-06 18:15:00,5.346,12.917135492054438
2020-04-06 18:30:00,5.487,12.569962885308842
2020-04-06 18:45:00,5.276,12.701614987929819
2020-04-06 19:00:00,5.346,12.452392298756052
2020-04-06 19:15:00,5.417,12.523983300474312
2020-04-06 19:30:00,5.557,12.98950432495723
2020-04-06 19:45:00,5.487,12.762440656223147
2020-04-06 20:00:00,5.346,12.75213164855608
2020-04-06 20:15:00,5.065,12.562919203112232
2020-04-06 20:30:00,4.713,12.658471238097743
2020-04-06 20:45:00,4.995,12.484000062978529
2020-04-06 21:00:00,4.221,12.884654462171705
2020-04-06 21:15:00,4.854,12.983109445620642
2020-04-06 21:30:00,4.854,13.024539293989003
2020-04-06 21:45:00,5.135,13.01538362498307
2020-04-06 22:00:00,5.276,12.935404415840571
2020-04-06 22:15:00,5.206,12.539685006592501
2020-04-06 22:30:00,4.995,12.52534737978125
2020-04-06 22:45:00,4.432,12.677537424744237
2020-04-06 23:00:00,4.854,12.861530177885703
2020-04-06 23:15:00,4.502,13.018384499425398
2020-04-06 23:30:00,4.502,13.107344724176668
2020-04-06 23:45:00,4.713,13.362422823698749
2020-04-07 00:00:00,4.502,13.580443925206982
2020-04-07 00:15:00,4.291,13.778258385504076
2020-04-07 00:30:00,4.573,13.56760346955551
2020-04-07 00:45:00,4.502,14.044573350783908
2020-04-07 01:00:00,4.221,13.983448804515328
2020-04-07 01:15:00,4.15,13.90249130240894
2020-04-07 01:30:00,4.08,14.292329550595442
2020-04-07 01:45:00,4.221,14.467314681680454
2020-04-07 02:00:00,4.15,14.665137755377849
2020-04-07 02:15:00,3.869,14.661233888286755
2020-04-07 02:30:00,3.728,14.719121212194905
2020-04-07 02:45:00,4.291,15.009493747004315
2020-04-07 03:00:00,4.221,15.089568129858652
2020-04-07 03:15:00,4.291,15.487930917573676
2020-04-07 03:30:00,4.15,15.487408125367038
2020-04-07 03:45:00,3.939,15.200123533522516
2020-04-07 04:00:00,4.221,15.03662101937801
2020-04-07 04:15:00,4.15,14.865525902710154
2020-04-07 04:30:00,4.362,14.89238128283925
2020-04-07 04:45:00,4.15,15.170320341063983
2020-04-07 05:00:00,4.15,14.93613318378672
2020-04-07 05:15:00,3.939,15.072812678125093
2020-04-07 05:30:00,3.939,14.933030199081541
2020-04-07 05:45:00,3.939,14.86695506525345
2020-04-07 06:00:00,3.728,14.615578309677497
2020-04-07 06:15:00,3.728,14.874083119055406
2020-04-07 06:30:00,4.221,14.406510061828072
2020-04-07 06:45:00,4.573,14.435411509666618
2020-04-07 07:00:00,4.995,14.327397180567301
2020-04-07 07:15:00,5.346,14.496113706812512
2020-04-07 07:30:00,5.206,14.62009005646745
2020-04-07 07:45:00,4.995,14.397522819935688
2020-04-07 08:00:00,4.221,14.245044841586928
2020-04-07 08:15:00,4.15,14.254694757752718
2020-04-07 08:30:00,4.502,14.695573994176875
2020-04-07 08:45:00,4.573,14.731499142710087
2020-04-07 09:00:00,3.728,14.853276399717975
2020-04-07 09:15:00,3.447,14.777818187312654
2020-04-07 09:30:00,4.502,14.204229372948886
2020-04-07 09:45:00,4.854,14.060545423924948
2020-04-07 10:00:00,5.346,13.937196333474267
2020-04-07 10:15:00,4.713,13.7373435059995
2020-04-07 10:30:00,4.08,13.581453233206283
2020-04-07 10:45:00,3.869,14.046413174778783
2020-04-07 11:00:00,3.306,14.459504666742042
2020-04-07 11:15:00,3.447,14.325162561759303
2020-04-07 11:30:00,3.588,14.392156503625992
2020-04-07 11:45:00,3.447,14.889402694717697
2020-04-07 12:00:00,3.236,15.278793311635912
2020-04-07 12:15:00,3.447,14.806452620121739
2020-04-07 12:30:00,3.447,15.685172398954935
2020-04-07 12:45:00,3.517,15.645400043178828
2020-04-07 13:00:00,3.517,15.776641154733891
2020-04-07 13:15:00,4.432,15.887311400934445
2020-04-07 13:30:00,4.221,16.066693996493957
2020-04-07 13:45:00,4.643,15.734059692816093
2020-04-07 14:00:00,4.502,15.457801686079852
2020-04-07 14:15:00,4.643,14.667348594102489
2020-04-07 14:30:00,4.854,14.601322433190496
2020-04-07 14:45:00,4.995,14.571901175919386
2020-04-07 15:00:00,4.995,14.53498629950232
2020-04-07 15:15:00,5.487,14.453977334788647
2020-04-07 15:30:00,5.346,14.25093948385659
2020-04-07 15:45:00,5.065,14.986007525810944
2020-04-07 16:00:00,5.276,15.595875328950246
2020-04-07 16:15:00,5.417,14.936971047423375
2020-04-07 16:30:00,5.698,15.805134173400994
2020-04-07 16:45:00,5.909,15.814435223469966
2020-04-07 17:00:00,5.768,15.547142998143622
2020-04-07 17:15:00,5.979,15.497020274708294
2020-04-07 17:30:00,5.979,14.979901192735694
2020-04-07 17:45:00,5.979,14.801856042772
2020-04-07 18:00:00,6.05,14.708567377761367
2020-04-07 18:15:00,5.839,14.296854173228576
2020-04-07 18:30:00,5.768,14.240737059416888
2020-04-07 18:45:00,5.698,13.881426758591354
2020-04-07 19:00:00,5.698,13.931012616038485
2020-04-07 19:15:00,5.276,13.507804551167945
2020-04-07 19:30:00,5.557,13.653709108240468
2020-04-07 19:45:00,5.276,13.215039015240222
2020-04-07 20:00:00,5.346,12.683951268176711
2020-04-07 20:15:00,5.206,12.399189682291448
2020-04-07 20:30:00,4.924,12.651512167473163
2020-04-07 20:45:00,4.924,12.250671643676657
2020-04-07 21:00:00,4.924,12.074543736846003
2020-04-07 21:15:00,5.065,12.075832189167128
2020-04-07 21:30:00,5.065,11.564263012960401
2020-04-07 21:45:00,4.924,11.090535775373775
2020-04-07 22:00:00,4.854,10.900000275160172
2020-04-07 22:15:00,4.854,11.117905497201209
2020-04-07 22:30:00,4.995,10.928545906562906
2020-04-07 22:45:00,5.135,10.967136107318646
2020-04-07 23:00:00,5.065,10.948800976642358
2020-04-07 23:15:00,4.854,11.048704658614128
2020-04-07 23:30:00,4.502,11.19617170361298
2020-04-07 23:45:00,4.995,10.948094404896153
2020-04-08 00:00:00,4.573,11.280069811001106
2020-04-08 00:15:00,4.362,10.971080970455109
2020-04-08 00:30:00,4.362,10.676295805494656
2020-04-08 00:45:00,4.502,11.156013470350748
2020-04-08 01:00:00,4.713,10.937211247683708
2020-04-08 01:15:00,4.502,11.561815256221143
2020-04-08 01:30:00,4.713,11.308177408681257
2020-04-08 01:45:00,4.643,11.726780354541326
2020-04-08 02:00:00,4.502,12.108761749391837
2020-04-08 02:15:00,4.502,11.72618575577763
2020-04-08 02:30:00,4.573,11.547190512841617
2020-04-08 02:45:00,4.643,11.79824840209779
2020-04-08 03:00:00,4.502,11.688957018572523
2020-04-08 03:15:00,4.854,11.463737287732961
2020-04-08 03:30:00,4.713,11.3779784583299
2020-04-08 03:45:00,4.643,11.479205881835592
2020-04-08 04:00:00,4.502,11.163863042520173
2020-04-08 04:15:00,4.502,11.211582234730518
2020-04-08 04:30:00,4.713,11.518878320708815
2020-04-08 04:45:00,4.291,11.294971891690968
2020-04-08 05:00:00,4.643,11.145418199379007
2020-04-08 05:15:00,4.502,11.04273048626553
2020-04-08 05:30:00,4.432,11.208134573363028
2020-04-08 05:45:00,4.291,11.204132718104542
2020-04-08 06:00:00,4.573,11.264788370118394
2020-04-08 06:15:00,4.643,11.794920600503916
2020-04-08 06:30:00,4.573,11.3697508925275
2020-04-08 06:45:00,5.135,11.649767478672073
2020-04-08 07:00:00,5.698,11.930500430198133
2020-04-08 07:15:00,5.698,12.048013929793589
2020-04-08 07:30:00,5.698,11.269385261289752
2020-04-08 07:45:00,6.05,11.399978280538624
2020-04-08 08:00:00,5.768,11.460337366843445
2020-04-08 08:15:00,5.487,11.426330323636256
2020-04-08 08:30:00,5.206,11.757979381918346
2020-04-08 08:45:00,5.698,11.52867147846918
2020-04-08 09:00:00,5.628,11.491393537873558
2020-04-08 09:15:00,4.784,11.943832764004789
2020-04-08 09:30:00,4.502,11.56149503405205
2020-04-08 09:45:00,5.487,11.792836977806362
2020-04-08 10:00:00,5.417,11.951481236112105
2020-04-08 10:15:00,5.768,11.94765771704569
2020-04-08 10:30:00,5.206,11.692197716257656
2020-04-08 10:45:00,5.487,11.54863978467883
2020-04-08 11:00:00,5.698,11.309214681024308
2020-04-08 11:15:00,5.417,11.740334750799564
2020-04-08 11:30:00,5.417,12.28317536949985
2020-04-08 11:45:00,5.276,12.783232678922149
2020-04-08 12:00:00,5.628,13.120519209739536
2020-04-08 12:15:00,5.909,13.259631488153724
2020-04-08 12:30:00,5.909,13.820479024851851
2020-04-08 12:45:00,5.909,13.555491373352792
2020-04-08 13:00:00,6.261,14.83403693653289
2020-04-08 13:15:00,6.331,14.9300435695852
2020-04-08 13:30:00,6.683,14.752147080607307
2020-04-08 13:45:00,6.894,14.8486494000159
2020-04-08 14:00:00,7.105,14.562381175206715
2020-04-08 14:15:00,7.246,14.184643356215307
2020-04-08 14:30:00,7.527,14.442249443202478
2020-04-08 14:45:00,7.527,14.361525825273269
2020-04-08 15:00:00,7.668,13.7393272622762
2020-04-08 15:15:00,7.668,14.280888426678105
2020-04-08 15:30:00,7.738,14.036880952037368
2020-04-08 15:45:00,7.879,13.952081505994878
2020-04-08 16:00:00,7.809,14.068592889719925
2020-04-08 16:15:00,8.371,13.971681737714453
2020-04-08 16:30:00,8.231,14.502377553923708
2020-04-08 16:45:00,7.949,14.398588203729606
2020-04-08 17:00:00,7.879,14.346420698986643
2020-04-08 17:15:00,7.457,14.388466536413079
2020-04-08 17:30:00,7.738,13.19146704118892
2020-04-08 17:45:00,7.879,13.07803456187212
2020-04-08 18:00:00,7.597,13.151972242890519
2020-04-08 18:15:00,7.457,12.777920144117017
2020-04-08 18:30:00,7.738,12.693301816121666
2020-04-08 18:45:00,8.02,12.806631633364738
2020-04-08 19:00:00,8.231,12.50572952730905
2020-04-08 19:15:00,8.371,13.137622568078331
2020-04-08 19:30:00,8.16,12.733845873407768
2020-04-08 19:45:00,8.09,13.356911204454882
2020-04-08 20:00:00,8.301,12.509369910319341
2020-04-08 20:15:00,8.301,12.650867585104695
2020-04-08 20:30:00,8.371,12.463351207501754
2020-04-08 20:45:00,8.16,12.950845391028064
2020-04-08 21:00:00,7.879,12.497113388035858
2020-04-08 21:15:00,7.668,12.4178135946066
2020-04-08 21:30:00,7.597,12.393394656964626
2020-04-08 21:45:00,7.738,12.568802619321708
2020-04-08 22:00:00,7.738,11.973224401739163
2020-04-08 22:15:00,7.668,11.964723002187599
2020-04-08 22:30:00,7.457,11.526246363863713
2020-04-08 22:45:00,7.316,11.897448164590108
2020-04-08 23:00:00,7.246,11.78768534603402
2020-04-08 23:15:00,7.175,11.882818607551314
2020-04-08 23:30:00,7.105,11.762756790975342
2020-04-08 23:45:00,7.035,11.438653416104227
2020-04-09 00:00:00,7.386,11.581019306258927
2020-04-09 00:15:00,7.386,11.55486064326012
2020-04-09 00:30:00,7.457,11.677529269845587
2020-04-09 00:45:00,7.668,10.974825964692767
2020-04-09 01:00:00,7.668,10.6311019292104
2020-04-09 01:15:00,7.738,10.302633037765519
2020-04-09 01:30:00,7.879,10.62204076992583
2020-04-09 01:45:00,7.949,11.091853504327757
2020-04-09 02:00:00,7.738,11.218977403692355
2020-04-09 02:15:00,7.738,11.242304328850764
2020-04-09 02:30:00,7.738,11.128018115631638
2020-04-09 02:45:00,7.809,10.713200274880473
2020-04-09 03:00:00,7.457,11.426202332789012
2020-04-09 03:15:00,7.457,11.310019197952386
2020-04-09 03:30:00,7.457,12.643600170939184
2020-04-09 03:45:00,6.894,12.5074544995254
2020-04-09 04:00:00,7.457,12.987417530829747
2020-04-09 04:15:00,7.457,12.815361219729176
2020-04-09 04:30:00,7.457,12.921166242413525
2020-04-09 04:45:00,7.175,13.229469469883961
2020-04-09 05:00:00,7.246,13.17806136071316
2020-04-09 05:15:00,7.386,12.794894136637057
2020-04-09 05:30:00,7.386,12.17663588977294
2020-04-09 05:45:00,7.316,11.866651809352133
2020-04-09 06:00:00,6.894,11.620915496748744
2020-04-09 06:15:00,6.964,11.30243639850841
2020-04-09 06:30:00,7.527,11.188071528124206
2020-04-09 06:45:00,7.457,10.945475978460856
2020-04-09 07:00:00,8.02,10.87600799098666
2020-04-09 07:15:00,8.371,11.53365846143453
2020-04-09 07:30:00,8.864,11.505243627770648
2020-04-09 07:45:00,9.075,11.260987747358948
2020-04-09 08:00:00,8.653,10.781704447930206
2020-04-09 08:15:00,7.809,11.287562186487028
2020-04-09 08:30:00,8.301,11.408403454456028
2020-04-09 08:45:00,9.075,11.807682989671443
2020-04-09 09:00:00,9.426,12.076381594300644
2020-04-09 09:15:00,8.723,12.748242521149317
2020-04-09 09:30:00,9.075,13.310133201711517
2020-04-09 09:45:00,9.778,13.387487402369995
2020-04-09 10:00:00,10.552,13.536154560582734
2020-04-09 10:15:00,9.849,13.44279472387554
2020-04-09 10:30:00,9.778,13.71662059745655
2020-04-09 10:45:00,9.567,13.459697169266342
2020-04-09 11:00:00,9.778,13.54047352108651
2020-04-09 11:15:00,9.497,13.723172289976217
2020-04-09 11:30:00,9.145,13.577100898545437
2020-04-09 11:45:00,9.075,13.947464521034963
2020-04-09 12:00:00,9.286,13.826995051929021
2020-04-09 12:15:00,9.778,13.898171492984414
2020-04-09 12:30:00,9.989,13.989209887119834
2020-04-09 12:45:00,10.13,14.384077933277377
2020-04-09 13:00:00,9.989,14.591765899300169
2020-04-09 13:15:00,10.482,14.850974317621967
2020-04-09 13:30:00,11.044,14.358042273345962
2020-04-09 13:45:00,11.326,14.116026198589246
2020-04-09 14:00:00,11.326,14.079891921654305
2020-04-09 14:15:00,11.467,14.535159580927756
2020-04-09 14:30:00,11.185,14.364658307227973
2020-04-09 14:45:00,10.693,14.96527210399641
2020-04-09 15:00:00,10.904,14.349874256492143
2020-04-09 15:15:00,11.396,14.68071019170971
2020-04-09 15:30:00,11.607,14.578455385751997
2020-04-09 15:45:00,11.959,14.353451800935108
2020-04-09 16:00:00,12.1,14.49711424827567
2020-04-09 16:15:00,12.662,14.498240999917089
2020-04-09 16:30:00,12.381,14.047530309030337
2020-04-09 16:45:00,12.733,13.913682406108538
2020-04-09 17:00:00,12.451,13.834053894540544
2020-04-09 17:15:00,12.522,13.199815360130549
2020-04-09 17:30:00,12.733,12.974169310959644
2020-04-09 17:45:00,12.381,12.761147644612409
2020-04-09 18:00:00,12.029,12.575624155402425
2020-04-09 18:15:00,11.326,12.064854110450083
2020-04-09 18:30:00,10.974,13.10485570165351
2020-04-09 18:45:00,10.833,13.020323904119198
2020-04-09 19:00:00,10.482,12.212015409767664
2020-04-09 19:15:00,10.341,12.224426759067462
2020-04-09 19:30:00,10.13,12.82182130139816
2020-04-09 19:45:00,10.13,12.900409797537252
2020-04-09 20:00:00,9.919,12.43310631924981
2020-04-09 20:15:00,10.06,12.27930025722521
2020-04-09 20:30:00,10.13,12.22834745862426
2020-04-09 20:45:00,9.919,11.853810612721333
2020-04-09 21:00:00,9.708,11.265888458515827
2020-04-09 21:15:00,9.638,11.468283182299277
2020-04-09 21:30:00,9.638,11.484864676002058
2020-04-09 21:45:00,9.426,11.460935133313779
2020-04-09 22:00:00,9.497,11.547441038743036
2020-04-09 22:15:00,9.215,11.012614079601438
2020-04-09 22:30:00,9.356,10.955613282638037
2020-04-09 22:45:00,9.215,10.868644101292025
2020-04-09 23:00:00,9.215,10.620215727727922
2020-04-09 23:15:00,8.864,10.812465967520806
2020-04-09 23:30:00,8.723,10.780863602556353
2020-04-09 23:45:00,8.864,11.237599313221107
2020-04-10 00:00:00,8.864,10.864171863456118
2020-04-10 00:15:00,8.934,10.850772421509019
2020-04-10 00:30:00,9.004,10.881323565772426
2020-04-10 00:45:00,8.723,10.788231938203303
2020-04-10 01:00:00,8.723,10.757314149450512
2020-04-10 01:15:00,8.934,10.690943776321948
2020-04-10 01:30:00,8.512,10.640126718402785
2020-04-10 01:45:00,8.934,10.95298181444029
2020-04-10 02:00:00,8.653,10.468444600085748
2020-04-10 02:15:00,8.301,10.953872101878122
2020-04-10 02:30:00,8.371,11.07875967237177
2020-04-10 02:45:00,8.512,11.456621188354012
2020-04-10 03:00:00,8.723,11.537683705268659
2020-04-10 03:15:00,8.723,12.285387629673066
2020-04-10 03:30:00,8.512,12.414546158110637
2020-04-10 03:45:00,8.512,13.20222119797636
2020-04-10 04:00:00,8.442,13.272419520102067
2020-04-10 04:15:00,8.442,13.166799239075097
2020-04-10 04:30:00,8.442,13.311581600428427
2020-04-10 04:45:00,8.512,13.404804205614541
2020-04-10 05:00:00,8.582,13.175961833212778
2020-04-10 05:15:00,8.864,13.124179585603901
2020-04-10 05:30:00,8.934,13.507422083428132
2020-04-10 05:45:00,9.004,13.458093445322724
2020-04-10 06:00:00,8.653,13.531325072298861
2020-04-10 06:15:00,8.723,13.433095771501756
2020-04-10 06:30:00,8.723,13.655517626482842
2020-04-10 06:45:00,9.075,13.672699356881612
2020-04-10 07:00:00,9.215,13.690779364055631
2020-04-10 07:15:00,9.849,13.705251983275584
2020-04-10 07:30:00,10.411,13.702903270111609
2020-04-10 07:45:00,10.482,13.553444535818096
2020-04-10 08:00:00,9.919,13.886035958573437
2020-04-10 08:15:00,9.567,13.493449424799122
2020-04-10 08:30:00,10.271,13.039687784707489
2020-04-10 08:45:00,10.622,12.545358890492475
2020-04-10 09:00:00,10.482,12.742966973421556
2020-04-10 09:15:00,9.567,12.575247986615597
2020-04-10 09:30:00,9.145,12.731127528938542
2020-04-10 09:45:00,9.145,12.490092660534835
2020-04-10 10:00:00,9.215,12.320637149481342
2020-04-10 10:15:00,8.864,12.52782657603213
2020-04-10 10:30:00,9.004,12.564920368470787
2020-04-10 10:45:00,9.215,12.240272572616664
2020-04-10 11:00:00,9.567,12.265845467071442
2020-04-10 11:15:00,9.075,12.06716027044351
2020-04-10 11:30:00,8.864,12.241677373353491
2020-04-10 11:45:00,8.934,12.31522831835597
2020-04-10 12:00:00,8.934,12.455698002952277
2020-04-10 12:15:00,9.145,12.964680159790248
2020-04-10 12:30:00,9.075,12.989345691939972
2020-04-10 12:45:00,9.215,13.029425196221553
2020-04-10 13:00:00,9.426,13.05551983224662
2020-04-10 13:15:00,9.708,13.171424467364936
2020-04-10 13:30:00,10.2,13.768547194068729
2020-04-10 13:45:00,10.06,13.583181866457034
2020-04-10 14:00:00,10.552,13.521183427777459
2020-04-10 14:15:00,10.552,14.698037396614229
2020-04-10 14:30:00,10.622,13.56054715350515
2020-04-10 14:45:00,10.622,13.673029428152303
2020-04-10 15:00:00,10.622,14.332510790575045
2020-04-10 15:15:00,10.622,13.101400552560902
2020-04-10 15:30:00,10.904,14.57542924504323
2020-04-10 15:45:00,11.115,14.346781824714187
2020-04-10 16:00:00,11.185,14.256216464904576
2020-04-10 16:15:00,11.396,14.743137716441977
2020-04-10 16:30:00,11.326,13.770309568766205
2020-04-10 16:45:00,11.185,13.363947940518027
2020-04-10 17:00:00,10.904,12.818738876396576
2020-04-10 17:15:00,10.833,12.265334613361214
2020-04-10 17:30:00,11.396,12.59132850429639
2020-04-10 17:45:00,11.818,12.440774643586792
2020-04-10 18:00:00,12.029,12.270209923172956
2020-04-10 18:15:00,11.818,12.173143409157634
2020-04-10 18:30:00,11.467,12.242490298869544
2020-04-10 18:45:00,11.185,11.751255762444991
2020-04-10 19:00:00,11.607,12.224434197339685
2020-04-10 19:15:00,11.256,12.196107259458614
2020-04-10 19:30:00,10.974,11.99506964329232
2020-04-10 19:45:00,11.115,12.016427357461238
2020-04-10 20:00:00,11.185,11.80227151983869
2020-04-10 20:15:00,11.044,11.36958891370867
2020-04-10 20:30:00,11.185,11.46433925924559
2020-04-10 20:45:00,10.833,11.385959828862234
2020-04-10 21:00:00,11.044,11.28033932098662
2020-04-10 21:15:00,10.763,11.234047602105088
2020-04-10 21:30:00,10.271,11.238308626283775
2020-04-10 21:45:00,10.482,11.057771377299925
2020-04-10 22:00:00,10.552,11.296662727983449
2020-04-10 22:15:00,10.552,10.97474847865916
2020-04-10 22:30:00,10.833,10.919975404341896
2020-04-10 22:45:00,10.833,10.783787620086562
2020-04-10 23:00:00,11.044,10.760750325690498
2020-04-10 23:15:00,10.974,10.432488777195994
2020-04-10 23:30:00,10.271,10.343192626712474
2020-04-10 23:45:00,10.13,10.465404739725349
2020-04-11 00:00:00,10.341,10.795266075266596
2020-04-11 00:15:00,10.693,11.114467562768247
2020-04-11 00:30:00,10.833,10.615715887792577
2020-04-11 00:45:00,10.622,10.224388482076938
2020-04-11 01:00:00,10.482,10.496783903623246
2020-04-11 01:15:00,10.622,10.479300598547912
2020-04-11 01:30:00,10.341,10.703392519146364
2020-04-11 01:45:00,10.482,10.631161819936557
2020-04-11 02:00:00,10.552,10.836995431955305
2020-04-11 02:15:00,10.552,10.699628535828753
2020-04-11 02:30:00,10.552,10.93375495737919
2020-04-11 02:45:00,10.833,10.977322230408154
2020-04-11 03:00:00,10.411,11.291511111670737
2020-04-11 03:15:00,10.622,11.492456058516552
2020-04-11 03:30:00,10.552,11.643032723794489
2020-04-11 03:45:00,10.341,11.589938224995644
2020-04-11 04:00:00,10.552,12.022750224246861
2020-04-11 04:15:00,10.693,12.492575973257614
2020-04-11 04:30:00,10.482,12.578184101552836
2020-04-11 04:45:00,10.482,12.737646871662127
2020-04-11 05:00:00,10.552,12.86945823024107
2020-04-11 05:15:00,10.552,13.15327160914769
2020-04-11 05:30:00,10.2,12.77401841270168
2020-04-11 05:45:00,10.13,12.568862804282075
2020-04-11 06:00:00,9.778,12.812456083581768
2020-04-11 06:15:00,10.06,12.673857444515326
2020-04-11 06:30:00,10.13,12.655952725637842
2020-04-11 06:45:00,10.271,12.602308883398695
2020-04-11 07:00:00,9.919,12.677461074065336
2020-04-11 07:15:00,10.341,12.884476252519256
2020-04-11 07:30:00,10.763,13.097277089808783
2020-04-11 07:45:00,10.482,12.872236508484542
2020-04-11 08:00:00,9.919,12.771505500802425
2020-04-11 08:15:00,9.497,12.799877109970074
2020-04-11 08:30:00,9.638,12.375969224561238
2020-04-11 08:45:00,9.919,12.2209379967423
2020-04-11 09:00:00,9.708,12.206608813561378
2020-04-11 09:15:00,9.708,12.141178626772705
2020-04-11 09:30:00,10.06,11.703607335745597
2020-04-11 09:45:00,9.989,11.631525832164016
2020-04-11 10:00:00,10.341,11.796044147834179
2020-04-11 10:15:00,10.13,11.527126333033715
2020-04-11 10:30:00,10.13,11.409173189884644
2020-04-11 10:45:00,10.2,11.629321891709202
2020-04-11 11:00:00,10.13,11.539231046304828
2020-04-11 11:15:00,10.271,11.494934262204305
2020-04-11 11:30:00,9.989,11.467847976033154
2020-04-11 11:45:00,10.271,11.233364345878018
2020-04-11 12:00:00,10.271,11.975471678662812
2020-04-11 12:15:00,10.271,12.09871571421912
2020-04-11 12:30:00,10.482,13.637150825156287
2020-04-11 12:45:00,10.482,13.95596694958966
2020-04-11 13:00:00,10.341,14.047007812085543
2020-04-11 13:15:00,10.482,14.630717103529491
2020-04-11 13:30:00,10.693,14.479628823065898
2020-04-11 13:45:00,11.115,14.769155350962047
2020-04-11 14:00:00,10.974,14.872132882348975
2020-04-11 14:15:00,10.974,14.98288007746217
2020-04-11 14:30:00,11.044,15.245739498109307
2020-04-11 14:45:00,10.833,14.93648769951311
2020-04-11 15:00:00,10.974,14.944048432740754
2020-04-11 15:15:00,11.115,15.13222394404912
2020-04-11 15:30:00,10.974,14.973848704479774
2020-04-11 15:45:00,10.974,13.612869241281848
2020-04-11 16:00:00,10.763,13.567484648566658
2020-04-11 16:15:00,10.622,12.951924670995918
2020-04-11 16:30:00,10.552,12.451490313251599
2020-04-11 16:45:00,10.271,12.080547396238423
2020-04-11 17:00:00,9.778,12.148007191683705
2020-04-11 17:15:00,9.919,12.16439213601165
2020-04-11 17:30:00,9.919,12.31237315124706
2020-04-11 17:45:00,9.426,12.440184167731502
2020-04-11 18:00:00,9.426,12.343757504452437
2020-04-11 18:15:00,9.145,12.217998911608701
2020-04-11 18:30:00,9.075,12.217493706602072
2020-04-11 18:45:00,8.864,12.118384440036717
2020-04-11 19:00:00,8.723,11.861825976752984
2020-04-11 19:15:00,8.512,11.971877660243546
2020-04-11 19:30:00,8.442,11.639770579496943
2020-04-11 19:45:00,8.09,11.698812685115534
2020-04-11 20:00:00,7.879,11.624627826785458
2020-04-11 20:15:00,8.02,11.9888959935117
2020-04-11 20:30:00,7.879,11.937818256587727
2020-04-11 20:45:00,7.879,11.660069393531122
2020-04-11 21:00:00,7.668,11.635901304181074
2020-04-11 21:15:00,7.738,11.781318025338356
2020-04-11 21:30:00,7.527,11.764864375590447
2020-04-11 21:45:00,7.527,11.817649931344981
2020-04-11 22:00:00,7.386,11.853120399547157
2020-04-11 22:15:00,7.386,11.859572628344557
2020-04-11 22:30:00,7.246,11.546556402464448
2020-04-11 22:45:00,6.964,11.539584087442377
2020-04-11 23:00:00,6.964,11.770198505270315
2020-04-11 23:15:00,6.894,12.064787976243203
2020-04-11 23:30:00,7.035,12.211766937074284
2020-04-11 23:45:00,7.105,12.23082419365946
2020-04-12 00:00:00,6.964,12.616803598575746
2020-04-12 00:15:00,6.894,12.793240285883737
2020-04-12 00:30:00,6.964,13.02471271907937
2020-04-12 00:45:00,6.753,12.81347474663807
2020-04-12 01:00:00,6.613,13.015907174904688
2020-04-12 01:15:00,6.542,12.945040914002902
2020-04-12 01:30:00,6.613,12.984893808839372
2020-04-12 01:45:00,6.472,13.165116110054639
2020-04-12 02:00:00,6.613,13.362876109089127
2020-04-12 02:15:00,6.331,13.378666106701683
2020-04-12 02:30:00,6.402,13.580948924700078
2020-04-12 02:45:00,6.261,13.876149798594984
2020-04-12 03:00:00,6.05,13.592660771155264
2020-04-12 03:15:00,6.191,14.02990980396468
2020-04-12 03:30:00,6.05,14.064776888796398
2020-04-12 03:45:00,6.261,14.203135806093066
2020-04-12 04:00:00,6.402,14.159121952273996
2020-04-12 04:15:00,6.05,14.219634359038576
2020-04-12 04:30:00,5.979,14.202699816162651
2020-04-12 04:45:00,5.909,14.130511205973313
2020-04-12 05:00:00,5.909,13.869346074050373
2020-04-12 05:15:00,5.909,14.193244468342133
2020-04-12 05:30:00,5.909,13.994023897083592
2020-04-12 05:45:00,5.839,14.155299143273876
2020-04-12 06:00:00,5.768,14.080243110613901
2020-04-12 06:15:00,5.768,14.030187803725443
2020-04-12 06:30:00,5.839,14.17100855857039
2020-04-12 06:45:00,5.839,14.26562149103015
2020-04-12 07:00:00,5.628,14.26843525973484
2020-04-12 07:15:00,5.768,14.721606633448939
2020-04-12 07:30:00,5.909,14.459567410970676
2020-04-12 07:45:00,6.05,14.468906494475824
2020-04-12 08:00:00,5.909,14.491349702108643
2020-04-12 08:15:00,5.909,14.542324336003269
2020-04-12 08:30:00,5.839,14.834632690978918
2020-04-12 08:45:00,5.698,14.392052703192114
2020-04-12 09:00:00,5.909,14.318307865288952
2020-04-12 09:15:00,6.261,14.394910629991065
2020-04-12 09:30:00,6.261,14.759724279281505
2020-04-12 09:45:00,6.191,15.27801465537655
2020-04-12 10:00:00,5.979,15.434378220995248
2020-04-12 10:15:00,6.261,15.442010623475335
2020-04-12 10:30:00,6.331,16.203442192368215
2020-04-12 10:45:00,6.402,17.35002214218037
2020-04-12 11:00:00,6.331,18.07866321997716
2020-04-12 11:15:00,6.05,18.51662595942544
2020-04-12 11:30:00,6.472,18.571681018001893
2020-04-12 11:45:00,6.261,18.65371093952278
2020-04-12 12:00:00,6.472,18.862773882542346
2020-04-12 12:15:00,6.261,19.442566305122362
2020-04-12 12:30:00,6.331,19.809799578155275
2020-04-12 12:45:00,6.472,19.91797989808581
2020-04-12 13:00:00,6.05,20.24060419019558
2020-04-12 13:15:00,6.261,20.3563702166356
2020-04-12 13:30:00,6.331,20.5001572799552
2020-04-12 13:45:00,6.261,20.460380644862383
2020-04-12 14:00:00,6.542,20.716578507128254
2020-04-12 14:15:00,6.472,20.364996475233024
2020-04-12 14:30:00,6.472,20.58441198954228
2020-04-12 14:45:00,6.402,20.822927196636556
2020-04-12 15:00:00,6.472,20.44918528704882
2020-04-12 15:15:00,6.683,20.889427670869388
2020-04-12 15:30:00,6.542,20.305647661839064
2020-04-12 15:45:00,6.402,20.118820938130515
2020-04-12 16:00:00,6.331,20.206584678116347
2020-04-12 16:15:00,6.261,20.12503748000161
2020-04-12 16:30:00,6.05,20.173167956452268
2020-04-12 16:45:00,6.05,20.192782010989763
2020-04-12 17:00:00,5.768,19.99196642165016
2020-04-12 17:15:00,5.628,20.303255844453687
2020-04-12 17:30:00,5.909,20.06736105958174
2020-04-12 17:45:00,5.698,20.52458730188476
2020-04-12 18:00:00,5.628,20.519427659321522
2020-04-12 18:15:00,5.487,20.032790685887043
2020-04-12 18:30:00,5.135,20.19039701888966
2020-04-12 18:45:00,5.206,20.503638411623495
2020-04-12 19:00:00,5.346,20.268472091942765
2020-04-12 19:15:00,5.346,19.791161868357804
2020-04-12 19:30:00,5.135,19.681065284879686
2020-04-12 19:45:00,5.065,19.28979802166555
2020-04-12 20:00:00,4.854,19.155774570336906
2020-04-12 20:15:00,4.995,18.797964227606478
2020-04-12 20:30:00,4.995,18.492751583989936
2020-04-12 20:45:00,5.065,18.622031969911703
2020-04-12 21:00:00,5.135,18.419323820938864
2020-04-12 21:15:00,4.995,18.17973121397214
2020-04-12 21:30:00,5.065,18.076298582314543
2020-04-12 21:45:00,4.924,17.796487870599087
2020-04-12 22:00:00,4.995,17.599496972982106
2020-04-12 22:15:00,5.135,17.524338035488693
2020-04-12 22:30:00,4.784,17.261774120905933
2020-04-12 22:45:00,4.854,17.243768480443574
2020-04-12 23:00:00,4.643,17.28239434244165
2020-04-12 23:15:00,4.784,17.353658926526442
2020-04-12 23:30:00,4.854,17.22595635314464
2020-04-12 23:45:00,4.854,17.31566597967209
2020-04-13 00:00:00,4.995,17.239142680947317
2020-04-13 00:15:00,4.995,17.348213405027046
2020-04-13 00:30:00,4.784,17.312372017465904
2020-04-13 00:45:00,4.924,17.12917776310339
2020-04-13 01:00:00,4.924,16.808603270547785
2020-04-13 01:15:00,4.854,16.58991139484205
2020-04-13 01:30:00,4.924,16.625661233037068
2020-04-13 01:45:00,4.854,16.456096234160434
2020-04-13 02:00:00,4.784,16.47675904026404
2020-04-13 02:15:00,4.713,16.430573332372678
2020-04-13 02:30:00,4.995,16.271642669185912
2020-04-13 02:45:00,5.065,16.230602986639514
2020-04-13 03:00:00,4.854,16.19289604384915
2020-04-13 03:15:00,4.784,15.87547723157174
2020-04-13 03:30:00,4.784,15.851987057916094
2020-04-13 03:45:00,4.854,15.659606282039233
2020-04-13 04:00:00,4.854,15.61654263000395
2020-04-13 04:15:00,4.995,15.485685382680531
2020-04-13 04:30:00,4.854,15.419018203196199
2020-04-13 04:45:00,4.854,15.730603843524086
2020-04-13 05:00:00,4.784,15.505545680731403
2020-04-13 05:15:00,4.854,15.5137061581066
2020-04-13 05:30:00,4.713,15.564443790772325
2020-04-13 05:45:00,4.713,15.376850029754028
2020-04-13 06:00:00,4.713,15.523683483191858
2020-04-13 06:15:00,4.713,15.81783450843928
2020-04-13 06:30:00,4.713,15.788000146849969
2020-04-13 06:45:00,4.643,15.57480137873252
2020-04-13 07:00:00,4.573,15.563647125170181
2020-04-13 07:15:00,4.432,15.728804964835371
2020-04-13 07:30:00,4.643,16.13497641247457
2020-04-13 07:45:00,4.291,16.124042739195765
2020-04-13 08:00:00,4.291,16.619117181258726
2020-04-13 08:15:00,4.362,16.769115045510368
2020-04-13 08:30:00,4.15,17.37876979853651
2020-04-13 08:45:00,4.15,17.154820282031714
2020-04-13 09:00:00,4.291,17.438494393982875
2020-04-13 09:15:00,4.221,17.28711103913691
2020-04-13 09:30:00,4.15,17.32794460286517
2020-04-13 09:45:00,4.15,17.344609101902858
2020-04-13 10:00:00,4.362,17.683366472577763
2020-04-13 10:15:00,4.362,17.753823834321476
2020-04-13 10:30:00,4.291,18.03495554960856
2020-04-13 10:45:00,4.432,18.245031300869716
2020-04-13 11:00:00,4.573,18.746668331054256
2020-04-13 11:15:00,4.643,18.32228464880759
2020-04-13 11:30:00,4.573,18.981056539642154
2020-04-13 11:45:00,4.854,18.927582653384018
2020-04-13 12:00:00,5.065,18.807168321733283
2020-04-13 12:15:00,4.713,19.10188799417632
2020-04-13 12:30:00,4.713,19.204706319691695
2020-04-13 12:45:00,4.643,19.420145786017706
2020-04-13 13:00:00,4.643,19.601783802387153
2020-04-13 13:15:00,4.854,19.698165270789115
2020-04-13 13:30:00,4.995,19.964297809991955
2020-04-13 13:45:00,4.784,20.216003810864763
2020-04-13 14:00:00,4.854,20.20771621036152
2020-04-13 14:15:00,4.854,20.052924189660114
2020-04-13 14:30:00,4.995,20.170515786400212
2020-04-13 14:45:00,5.346,20.188949952291466
2020-04-13 15:00:00,5.276,20.342851426437964
2020-04-13 15:15:00,5.276,20.24294027874989
2020-04-13 15:30:00,5.276,20.59468989883364
2020-04-13 15:45:00,5.206,20.401335264059753
2020-04-13 16:00:00,4.854,20.45866611415315
2020-04-13 16:15:00,4.643,20.289161271540664
2020-04-13 16:30:00,5.346,20.123659631094068
2020-04-13 16:45:00,5.487,20.467328489464183
2020-04-13 17:00:00,5.839,20.50417578337965
2020-04-13 17:15:00,6.12,20.47974135263877
2020-04-13 17:30:00,6.05,20.602884076022914
2020-04-13 17:45:00,5.698,20.55150639755957
2020-04-13 18:00:00,4.573,20.285973056806956
2020-04-13 18:15:00,4.01,20.254433246605085
2020-04-13 18:30:00,3.377,20.204038120057493
2020-04-13 18:45:00,3.447,19.984004254850056
2020-04-13 19:00:00,3.095,20.109623351645727
2020-04-13 19:15:00,3.377,19.789669149605498
2020-04-13 19:30:00,3.939,19.541587041225835
2020-04-13 19:45:00,4.15,19.295090342792854
2020-04-13 20:00:00,3.799,19.322964316154188
2020-04-13 20:15:00,4.15,18.836812767125625
2020-04-13 20:30:00,4.502,18.534642622094548
2020-04-13 20:45:00,4.502,18.15129621657335
2020-04-13 21:00:00,4.854,17.95555772303978
2020-04-13 21:15:00,3.588,18.05443516244764
2020-04-13 21:30:00,3.447,17.96428963639049
2020-04-13 21:45:00,3.517,17.759259550568252
2020-04-13 22:00:00,3.095,17.591664862733094
2020-04-13 22:15:00,3.025,17.541279054479695
2020-04-13 22:30:00,2.955,17.26805906194947
2020-04-13 22:45:00,3.728,17.266305786833513
2020-04-13 23:00:00,3.588,17.326319339724954
2020-04-13 23:15:00,2.532,17.033331928449112
2020-04-13 23:30:00,3.025,16.94491539738521
2020-04-13 23:45:00,3.939,16.93101060579418
2020-04-14 00:00:00,4.291,16.82483907688417
2020-04-14 00:15:00,4.643,16.882381139109
2020-04-14 00:30:00,5.135,16.758879224160705
2020-04-14 00:45:00,4.854,16.861613283825964
2020-04-14 01:00:00,4.362,16.786744878129724
2020-04-14 01:15:00,4.221,16.7321364922968
2020-04-14 01:30:00,4.502,16.63354149665638
2020-04-14 01:45:00,4.291,16.375598795038645
2020-04-14 02:00:00,4.15,16.28898428230221
2020-04-14 02:15:00,3.869,16.113926500389496
2020-04-14 02:30:00,4.362,16.031281123641406
2020-04-14 02:45:00,4.362,16.118981811122843
2020-04-14 03:00:00,4.643,15.81963043709888
2020-04-14 03:15:00,4.854,15.813073135954538
2020-04-14 03:30:00,5.065,15.803331019710491
2020-04-14 03:45:00,5.065,15.893417675247461
2020-04-14 04:00:00,5.206,15.982807610185546
2020-04-14 04:15:00,4.995,15.813355260555273
2020-04-14 04:30:00,4.432,15.992127051267586
2020-04-14 04:45:00,4.502,16.13206458276672
2020-04-14 05:00:00,4.854,16.168935668388627
2020-04-14 05:15:00,5.065,15.70642738023468
2020-04-14 05:30:00,5.206,15.634066480080484
2020-04-14 05:45:00,5.135,15.512332966758434
2020-04-14 06:00:00,5.206,15.809588032004179
2020-04-14 06:15:00,4.784,15.777151478038993
2020-04-14 06:30:00,4.502,15.554530747663792
2020-04-14 06:45:00,4.784,15.566900246806318
2020-04-14 07:00:00,4.854,15.547386441259071
2020-04-14 07:15:00,4.784,15.677289772773172
2020-04-14 07:30:00,4.573,15.813059210853828
2020-04-14 07:45:00,4.432,16.25677425861868
2020-04-14 08:00:00,4.924,16.20166684192525
2020-04-14 08:15:00,4.15,16.2970594576998
2020-04-14 08:30:00,3.658,16.27576328232241
2020-04-14 08:45:00,3.447,16.46105828027128
2020-04-14 09:00:00,3.447,16.17572213137237
2020-04-14 09:15:00,3.799,16.546434088824284
2020-04-14 09:30:00,3.658,16.902723455771692
2020-04-14 09:45:00,3.799,17.287331209656774
2020-04-14 10:00:00,4.362,17.93566233048735
2020-04-14 10:15:00,4.291,17.748665513417773
2020-04-14 10:30:00,4.502,17.704074479227746
2020-04-14 10:45:00,4.15,18.117630517752577
2020-04-14 11:00:00,3.799,18.344766518672316
2020-04-14 11:15:00,3.517,18.818293765479748
2020-04-14 11:30:00,3.799,19.106831968729207
2020-04-14 11:45:00,3.869,19.229437032265057
2020-04-14 12:00:00,3.799,19.13635811430951
2020-04-14 12:15:00,3.588,18.957943672564006
2020-04-14 12:30:00,3.869,18.86800006118958
2020-04-14 12:45:00,3.869,18.830905863621865
2020-04-14 13:00:00,3.939,19.01228167558675
2020-04-14 13:15:00,4.573,19.02571779297686
2020-04-14 13:30:00,3.939,19.440334033987618
2020-04-14 13:45:00,3.939,19.825062535789737
2020-04-14 14:00:00,4.01,19.88792716927661
2020-04-14 14:15:00,4.15,20.02223527752711
2020-04-14 14:30:00,4.221,20.27211490964203
2020-04-14 14:45:00,4.432,20.284175768680026
2020-04-14 15:00:00,4.432,20.3799668552815
2020-04-14 15:15:00,4.924,20.71661023609719
2020-04-14 15:30:00,4.854,20.47076234617884
2020-04-14 15:45:00,4.995,20.652096030242507
2020-04-14 16:00:00,5.346,20.767471578637558
2020-04-14 16:15:00,5.206,20.575492131218287
2020-04-14 16:30:00,5.276,20.535705720394887
2020-04-14 16:45:00,4.995,20.5454808228154
2020-04-14 17:00:00,5.206,20.431176824570386
2020-04-14 17:15:00,5.135,20.397851638612394
2020-04-14 17:30:00,5.557,20.519749898043194
2020-04-14 17:45:00,5.557,20.364288757005657
2020-04-14 18:00:00,5.417,20.40125740617486
2020-04-14 18:15:00,5.698,20.629172865562044
2020-04-14 18:30:00,5.346,20.444204158769715
2020-04-14 18:45:00,5.206,20.28752365514854
2020-04-14 19:00:00,5.065,20.03769257247563
2020-04-14 19:15:00,5.276,19.78814518766384
2020-04-14 19:30:00,5.135,19.242788327903547
2020-04-14 19:45:00,4.995,18.985110529889173
2020-04-14 20:00:00,4.924,18.218471380246353
2020-04-14 20:15:00,4.502,18.01445878602811
2020-04-14 20:30:00,4.221,17.994551841952937
2020-04-14 20:45:00,3.799,17.79793894359534
2020-04-14 21:00:00,3.869,17.778145085192186
2020-04-14 21:15:00,4.15,17.656908153482245
2020-04-14 21:30:00,4.291,17.444849897665115
2020-04-14 21:45:00,4.432,17.394693524707066
2020-04-14 22:00:00,4.362,17.348339773243943
2020-04-14 22:15:00,4.573,17.268158356568446
2020-04-14 22:30:00,4.502,17.0725011224362
2020-04-14 22:45:00,4.432,17.139414476704136
2020-04-14 23:00:00,4.502,16.85594650095298
2020-04-14 23:15:00,4.502,16.903088474981605
2020-04-14 23:30:00,4.432,16.76499127626467
2020-04-14 23:45:00,4.713,16.759392621770704
2020-04-15 00:00:00,4.854,16.69554399627011
2020-04-15 00:15:00,4.995,16.324731973081807
2020-04-15 00:30:00,5.206,16.253404669523345
2020-04-15 00:45:00,5.206,16.06606410943194
2020-04-15 01:00:00,5.346,16.009581016357068
2020-04-15 01:15:00,5.135,15.676695960792529
2020-04-15 01:30:00,5.135,15.61462429211311
2020-04-15 01:45:00,4.643,15.48046213151174
2020-04-15 02:00:00,4.643,15.548368118134361
2020-04-15 02:15:00,4.502,15.487892452989476
2020-04-15 02:30:00,4.854,15.151140244707047
2020-04-15 02:45:00,4.924,15.232641152777015
2020-04-15 03:00:00,4.854,15.07716929338571
2020-04-15 03:15:00,5.346,15.044305248524733
2020-04-15 03:30:00,4.995,15.038369051180377
2020-04-15 03:45:00,5.065,14.899657566328619
2020-04-15 04:00:00,5.135,14.793129938566226
2020-04-15 04:15:00,5.206,14.659113161123884
2020-04-15 04:30:00,5.276,14.599680766751767
2020-04-15 04:45:00,5.206,14.639361703240128
2020-04-15 05:00:00,5.276,14.490127462841535
2020-04-15 05:15:00,5.065,14.406705875881816
2020-04-15 05:30:00,5.206,14.324771473322185
2020-04-15 05:45:00,5.065,14.403480880183858
2020-04-15 06:00:00,5.135,14.898585007723652
2020-04-15 06:15:00,5.346,14.921469027899326
2020-04-15 06:30:00,5.698,14.82411596095171
2020-04-15 06:45:00,5.768,15.222921613236263
2020-04-15 07:00:00,5.768,15.228111682910797
2020-04-15 07:15:00,5.206,15.281402593673034
2020-04-15 07:30:00,4.432,15.186977822826075
2020-04-15 07:45:00,4.854,15.475532906322542
2020-04-15 08:00:00,4.854,15.428734905155205
2020-04-15 08:15:00,4.995,15.599273159295262
2020-04-15 08:30:00,5.065,15.807573079670487
2020-04-15 08:45:00,5.557,15.771605044876928
2020-04-15 09:00:00,5.979,16.083502690534125
2020-04-15 09:15:00,5.979,16.18233760704736
2020-04-15 09:30:00,6.191,16.4019245957341
2020-04-15 09:45:00,6.12,16.38159116424896
2020-04-15 10:00:00,6.261,16.943265378164504
2020-04-15 10:15:00,6.613,17.06402004720126
2020-04-15 10:30:00,6.402,17.386257032216317
2020-04-15 10:45:00,6.472,17.94773834438159
2020-04-15 11:00:00,6.191,18.376253764455353
2020-04-15 11:15:00,6.261,18.806059210591954
2020-04-15 11:30:00,6.472,18.654536139916686
2020-04-15 11:45:00,6.613,18.887198957515555
2020-04-15 12:00:00,6.613,18.834732175215567
2020-04-15 12:15:00,6.402,18.838612815775143
2020-04-15 12:30:00,6.472,19.099695171295355
2020-04-15 12:45:00,6.753,19.301002341734918
2020-04-15 13:00:00,6.824,19.434321609797898
2020-04-15 13:15:00,7.105,19.65870895607332
2020-04-15 13:30:00,7.668,19.55594164860503
2020-04-15 13:45:00,7.949,19.919487690297363
2020-04-15 14:00:00,8.301,20.1877416016799
2020-04-15 14:15:00,8.371,20.32503151350509
2020-04-15 14:30:00,8.442,20.458456738304005
2020-04-15 14:45:00,8.864,20.733771073489144
2020-04-15 15:00:00,8.723,20.629556118122014
2020-04-15 15:15:00,9.497,20.900052571743768
2020-04-15 15:30:00,9.004,20.835143847709467
2020-04-15 15:45:00,8.934,20.907491883530334
2020-04-15 16:00:00,9.426,20.78166407942951
2020-04-15 16:15:00,9.075,20.885319129408668
2020-04-15 16:30:00,9.075,20.79423603018656
2020-04-15 16:45:00,9.286,20.903412275156793
2020-04-15 17:00:00,9.356,20.91417682715256
2020-04-15 17:15:00,9.426,21.011275930058396
2020-04-15 17:30:00,8.723,20.866911483929734
2020-04-15 17:45:00,8.864,20.882644610329205
2020-04-15 18:00:00,8.723,20.838728451697406
2020-04-15 18:15:00,8.301,20.392899758287342
2020-04-15 18:30:00,8.02,20.042251392237514
2020-04-15 18:45:00,8.02,20.23012254494789
2020-04-15 19:00:00,7.809,20.307990317505006
2020-04-15 19:15:00,7.316,20.259747390501182
2020-04-15 19:30:00,7.316,20.15259189320915
2020-04-15 19:45:00,7.316,19.902709847260102
2020-04-15 20:00:00,6.964,19.54813142604029
2020-04-15 20:15:00,6.824,19.291447595511833
2020-04-15 20:30:00,6.542,18.946918186995436
2020-04-15 20:45:00,6.261,18.209384554401996
2020-04-15 21:00:00,6.261,17.776270439539964
2020-04-15 21:15:00,6.05,17.590091106784723
2020-04-15 21:30:00,5.979,17.75833813957117
2020-04-15 21:45:00,6.05,17.901599954338664
2020-04-15 22:00:00,6.05,17.536076494849965
2020-04-15 22:15:00,5.839,17.548029093373263
2020-04-15 22:30:00,5.768,17.43327730804626
2020-04-15 22:45:00,5.628,17.302512586049097
2020-04-15 23:00:00,6.05,17.20117518575428
2020-04-15 23:15:00,6.261,17.26562879646358
2020-04-15 23:30:00,6.402,16.941074032518053
2020-04-15 23:45:00,6.613,16.919125031939302
2020-04-16 00:00:00,6.824,16.910148098995116
2020-04-16 00:15:00,6.753,16.733342672786016
2020-04-16 00:30:00,6.753,16.789338514991893
2020-04-16 00:45:00,6.402,16.73521094901628
2020-04-16 01:00:00,6.472,16.55446067791766
2020-04-16 01:15:00,6.472,16.46168412185124
2020-04-16 01:30:00,6.261,16.210400580712385
2020-04-16 01:45:00,6.402,16.20942879212218
2020-04-16 02:00:00,6.613,15.901870459208595
2020-04-16 02:15:00,6.542,15.921808556233627
2020-04-16 02:30:00,6.613,15.889993778454146
2020-04-16 02:45:00,6.542,15.926546948340471
2020-04-16 03:00:00,6.542,15.718483060925836
2020-04-16 03:15:00,6.402,15.833976680301536
2020-04-16 03:30:00,6.613,15.695343900481896
2020-04-16 03:45:00,6.472,15.654854789114731
2020-04-16 04:00:00,6.402,15.627301405332936
2020-04-16 04:15:00,6.402,15.542027942579542
2020-04-16 04:30:00,6.402,15.567916301724129
2020-04-16 04:45:00,6.05,15.581893657775563
2020-04-16 05:00:00,5.909,15.486001137898135
2020-04-16 05:15:00,6.191,15.457800218638829
2020-04-16 05:30:00,6.191,15.327824652640992
2020-04-16 05:45:00,6.261,15.343876062369112
2020-04-16 06:00:00,6.191,15.273318593446229
2020-04-16 06:15:00,6.331,15.299353433821267
2020-04-16 06:30:00,6.331,15.322628646762286
2020-04-16 06:45:00,6.12,15.892793130175965
2020-04-16 07:00:00,6.331,16.11707418464159
2020-04-16 07:15:00,6.331,16.226384694589328
2020-04-16 07:30:00,6.472,16.208350279565213
2020-04-16 07:45:00,6.472,16.329929206630457
2020-04-16 08:00:00,6.542,16.146307162153224
2020-04-16 08:15:00,6.753,16.29988211241393
2020-04-16 08:30:00,6.402,16.402028821515348
2020-04-16 08:45:00,6.472,16.353830356775568
2020-04-16 09:00:00,6.683,16.297810998622044
2020-04-16 09:15:00,6.542,16.489710777540203
2020-04-16 09:30:00,6.894,16.679452308873092
2020-04-16 09:45:00,6.964,16.94427665619083
2020-04-16 10:00:00,6.964,16.897539079187528
2020-04-16 10:15:00,7.035,16.80679264620828
2020-04-16 10:30:00,7.175,16.946713332149063
2020-04-16 10:45:00,7.386,17.58105263187191
2020-04-16 11:00:00,7.316,17.818620269575316
2020-04-16 11:15:00,7.246,17.916659026813345
2020-04-16 11:30:00,6.964,18.025541552949264
2020-04-16 11:45:00,6.964,17.773216607071728
2020-04-16 12:00:00,6.964,17.968959897822362
2020-04-16 12:15:00,6.964,17.950303300383457
2020-04-16 12:30:00,7.105,17.954650740086834
2020-04-16 12:45:00,6.964,18.149846509819515
2020-04-16 13:00:00,7.246,18.504863014670175
2020-04-16 13:15:00,7.316,18.33493242220584
2020-04-16 13:30:00,7.668,18.480961849422886
2020-04-16 13:45:00,7.949,18.514740082200657
2020-04-16 14:00:00,8.02,18.72263379535443
2020-04-16 14:15:00,7.949,18.883758722770985
2020-04-16 14:30:00,8.02,18.91447916427442
2020-04-16 14:45:00,8.231,18.98912488873579
2020-04-16 15:00:00,8.653,19.25599939130741
2020-04-16 15:15:00,8.442,19.423145042063023
2020-04-16 15:30:00,8.442,19.307715225611492
2020-04-16 15:45:00,8.934,19.32082442023624
2020-04-16 16:00:00,9.004,19.02746317697882
2020-04-16 16:15:00,8.864,19.448918663888694
2020-04-16 16:30:00,9.286,19.46747983609497
2020-04-16 16:45:00,8.653,19.243366807047845
2020-04-16 17:00:00,8.512,19.18715052983127
2020-04-16 17:15:00,8.16,19.20890446257239
2020-04-16 17:30:00,7.809,19.05179233269672
2020-04-16 17:45:00,7.949,19.23975949959655
2020-04-16 18:00:00,7.738,19.179585458979616
2020-04-16 18:15:00,7.527,18.713220879226874
2020-04-16 18:30:00,7.457,18.567508975647925
2020-04-16 18:45:00,7.668,18.31076148037682
2020-04-16 19:00:00,7.668,18.25532342454505
2020-04-16 19:15:00,7.527,18.295753200632088
2020-04-16 19:30:00,7.316,18.403001537104544
2020-04-16 19:45:00,7.105,18.374374101239617
2020-04-16 20:00:00,6.894,17.904009785798042
2020-04-16 20:15:00,6.894,17.234037130062966
2020-04-16 20:30:00,6.894,16.91568731033982
2020-04-16 20:45:00,7.105,16.8129314086821
2020-04-16 21:00:00,6.824,16.629774238643652
2020-04-16 21:15:00,6.894,16.43394580255411
2020-04-16 21:30:00,6.824,16.464258862847153
2020-04-16 21:45:00,6.824,16.418488707271493
2020-04-16 22:00:00,6.894,15.949052137052114
2020-04-16 22:15:00,6.683,15.575245004091348
2020-04-16 22:30:00,6.613,15.696875366302477
2020-04-16 22:45:00,6.331,15.99991764002458
2020-04-16 23:00:00,6.191,15.837112341891451
2020-04-16 23:15:00,6.05,15.642209777161373
2020-04-16 23:30:00,5.839,15.9037334298788
2020-04-16 23:45:00,5.909,15.720957973070973
2020-04-17 00:00:00,5.909,15.744566281650007
2020-04-17 00:15:00,6.191,15.559237748110386
2020-04-17 00:30:00,6.12,15.466337515756079
2020-04-17 00:45:00,6.191,15.478404827603978
2020-04-17 01:00:00,6.261,15.332375532135178
2020-04-17 01:15:00,6.05,15.614508397079733
2020-04-17 01:30:00,6.05,15.594048091093722
2020-04-17 01:45:00,6.191,15.680304191957411
2020-04-17 02:00:00,6.261,15.737073451771517
2020-04-17 02:15:00,6.261,15.659816325587745
2020-04-17 02:30:00,5.979,15.693681637974233
2020-04-17 02:45:00,6.261,15.723670019049951
2020-04-17 03:00:00,5.909,15.702753643892718
2020-04-17 03:15:00,6.05,15.607658942316728
2020-04-17 03:30:00,5.839,15.67859073572372
2020-04-17 03:45:00,6.261,15.76628140667338
2020-04-17 04:00:00,6.261,15.534903012177347
2020-04-17 04:15:00,6.402,15.527803637452825
2020-04-17 04:30:00,6.261,15.521466605194314
2020-04-17 04:45:00,6.191,15.643675937577786
2020-04-17 05:00:00,5.768,15.490840144892767
2020-04-17 05:15:00,5.628,15.354142275698203
2020-04-17 05:30:00,5.698,15.257622042567299
2020-04-17 05:45:00,5.768,15.253980450714675
2020-04-17 06:00:00,5.768,15.34950499641577
2020-04-17 06:15:00,5.909,15.59083938973779
2020-04-17 06:30:00,6.05,15.452304923344084
2020-04-17 06:45:00,6.402,15.338529548867722
2020-04-17 07:00:00,6.683,15.362415796301091
2020-04-17 07:15:00,7.175,15.2960847627568
2020-04-17 07:30:00,7.175,15.250180891889169
2020-04-17 07:45:00,7.246,15.18243380894263
2020-04-17 08:00:00,7.246,15.132756165085425
2020-04-17 08:15:00,6.894,15.103667689970413
2020-04-17 08:30:00,7.246,15.291778336872387
2020-04-17 08:45:00,7.668,15.123525022465735
2020-04-17 09:00:00,8.16,15.20074891553506
2020-04-17 09:15:00,8.09,15.594020501892999
2020-04-17 09:30:00,8.442,15.627872776255096
2020-04-17 09:45:00,8.582,15.794529495749595
2020-04-17 10:00:00,8.864,16.244165381996726
2020-04-17 10:15:00,8.653,16.4940545274694
2020-04-17 10:30:00,8.16,16.687646779702927
2020-04-17 10:45:00,8.442,17.15884016029954
2020-04-17 11:00:00,7.879,17.422960383190905
2020-04-17 11:15:00,7.879,17.30859853020405
2020-04-17 11:30:00,7.879,17.798518829880198
2020-04-17 11:45:00,7.809,17.866387794298582
2020-04-17 12:00:00,8.09,18.22736107067627
2020-04-17 12:15:00,8.301,17.759307621743094
2020-04-17 12:30:00,8.231,18.003988875318143
2020-04-17 12:45:00,8.723,18.014249396939174
2020-04-17 13:00:00,8.934,18.105025179494355
2020-04-17 13:15:00,9.004,17.907508600007187
2020-04-17 13:30:00,9.356,17.656395488585282
2020-04-17 13:45:00,9.708,17.952788494484857
2020-04-17 14:00:00,9.567,18.03044585362576
2020-04-17 14:15:00,10.341,17.907317294194577
2020-04-17 14:30:00,10.341,17.915350296296285
2020-04-17 14:45:00,10.06,18.212020541376013
2020-04-17 15:00:00,10.271,17.8989988242811
2020-04-17 15:15:00,10.622,18.105445787680445
2020-04-17 15:30:00,10.833,18.219057285728127
2020-04-17 15:45:00,11.185,18.163941563626395
2020-04-17 16:00:00,10.904,18.043418753852
2020-04-17 16:15:00,11.326,18.23352210372191
2020-04-17 16:30:00,11.115,18.328701380076197
2020-04-17 16:45:00,11.185,18.272302449904323
2020-04-17 17:00:00,10.904,18.250717028096414
2020-04-17 17:15:00,10.833,18.570260208546664
2020-04-17 17:30:00,10.693,18.535357049517888
2020-04-17 17:45:00,10.552,18.244254316711
2020-04-17 18:00:00,10.622,17.757609171280986
2020-04-17 18:15:00,10.271,18.09467917561863
2020-04-17 18:30:00,9.638,18.012959927388856
2020-04-17 18:45:00,9.215,17.781063620150526
2020-04-17 19:00:00,8.934,17.814118824363153
2020-04-17 19:15:00,8.793,17.487981162831034
2020-04-17 19:30:00,8.582,17.379299535751123
2020-04-17 19:45:00,8.231,17.361498217855015
2020-04-17 20:00:00,8.09,17.55059326380831
2020-04-17 20:15:00,8.301,17.394264086143533
2020-04-17 20:30:00,8.442,17.7011844265054
2020-04-17 20:45:00,8.231,17.778615192995655
2020-04-17 21:00:00,8.16,17.944437723593516
2020-04-17 21:15:00,8.09,17.913321288843868
2020-04-17 21:30:00,8.16,18.05196098528499
2020-04-17 21:45:00,8.02,17.92651629853922
2020-04-17 22:00:00,7.949,17.66446527598002
2020-04-17 22:15:00,7.879,17.456151513220902
2020-04-17 22:30:00,7.809,17.169085328160588
2020-04-17 22:45:00,7.668,16.884666518056083
2020-04-17 23:00:00,7.668,16.22762644859513
2020-04-17 23:15:00,7.809,16.16601857956946
2020-04-17 23:30:00,7.668,15.9754240173007
2020-04-17 23:45:00,7.386,15.709973891334332
2020-04-18 00:00:00,7.457,15.58331503568326
2020-04-18 00:15:00,7.457,15.44317131926238
2020-04-18 00:30:00,7.316,15.50059881921146
2020-04-18 00:45:00,7.316,15.267697138435974
2020-04-18 01:00:00,7.246,15.386517068046446
2020-04-18 01:15:00,7.316,15.62419360992642
2020-04-18 01:30:00,7.597,15.658000479581078
2020-04-18 01:45:00,7.246,15.425474792013517
2020-04-18 02:00:00,7.386,15.406518048090511
2020-04-18 02:15:00,7.246,15.458350347447976
2020-04-18 02:30:00,7.386,15.43375893437254
2020-04-18 02:45:00,7.386,15.433640822727313
2020-04-18 03:00:00,7.246,15.530912227287391
2020-04-18 03:15:00,7.246,15.506107218747198
2020-04-18 03:30:00,7.105,15.431035463311442
2020-04-18 03:45:00,7.246,15.484958104564575
2020-04-18 04:00:00,7.246,15.300590005903826
2020-04-18 04:15:00,7.386,15.495141202067662
2020-04-18 04:30:00,7.246,15.413241772638616
2020-04-18 04:45:00,7.246,15.331521225545174
2020-04-18 05:00:00,7.246,15.379047646343967
2020-04-18 05:15:00,7.105,15.388113202637118
2020-04-18 05:30:00,7.035,15.285143509672215
2020-04-18 05:45:00,6.964,15.050811704577024
2020-04-18 06:00:00,6.964,14.928489106174913
2020-04-18 06:15:00,7.175,14.823053950516455
2020-04-18 06:30:00,7.175,14.906016684272306
2020-04-18 06:45:00,7.386,14.927557812190896
2020-04-18 07:00:00,7.738,15.166686822374325
2020-04-18 07:15:00,7.879,14.887144527523187
2020-04-18 07:30:00,8.16,14.81999762148297
2020-04-18 07:45:00,8.442,14.749173598061978
2020-04-18 08:00:00,9.145,14.98319454142063
2020-04-18 08:15:00,9.004,14.783892883579197
2020-04-18 08:30:00,8.723,15.296423328887888
2020-04-18 08:45:00,8.793,15.35889945632152
2020-04-18 09:00:00,8.723,15.567983553890492
2020-04-18 09:15:00,8.864,15.89568041476819
2020-04-18 09:30:00,9.145,16.115809641934025
2020-04-18 09:45:00,9.426,16.456160920153884
2020-04-18 10:00:00,9.638,16.68212474243466
2020-04-18 10:15:00,9.215,16.585229097287865
2020-04-18 10:30:00,9.075,16.7833325771175
2020-04-18 10:45:00,8.793,16.64716693970423
2020-04-18 11:00:00,9.215,17.34022389438961
2020-04-18 11:15:00,8.723,16.93641157781825
2020-04-18 11:30:00,8.934,17.38747975124035
2020-04-18 11:45:00,9.356,17.729485648006722
2020-04-18 12:00:00,9.286,17.873441957877137
2020-04-18 12:15:00,9.215,17.912690744996265
2020-04-18 12:30:00,9.286,17.929297956021877
2020-04-18 12:45:00,9.567,18.354445076656653
2020-04-18 13:00:00,9.989,18.817027352659135
2020-04-18 13:15:00,10.341,19.006938732504548
2020-04-18 13:30:00,10.552,19.066991747963147
2020-04-18 13:45:00,10.763,19.3110894501914
2020-04-18 14:00:00,11.185,19.586408683728475
2020-04-18 14:15:00,11.185,19.748363358697933
2020-04-18 14:30:00,11.256,19.883757941202465
2020-04-18 14:45:00,11.326,19.9537372370457
2020-04-18 15:00:00,11.537,19.954233309319957
2020-04-18 15:15:00,11.748,20.307403892647617
2020-04-18 15:30:00,11.748,20.197748581289844
2020-04-18 15:45:00,12.311,20.1112905588855
2020-04-18 16:00:00,12.311,20.313265478289132
2020-04-18 16:15:00,12.311,20.340544691974927
2020-04-18 16:30:00,12.522,20.138967694882766
2020-04-18 16:45:00,12.522,20.459529471444505
2020-04-18 17:00:00,12.662,20.113213815550413
2020-04-18 17:15:00,12.381,20.14294548108268
2020-04-18 17:30:00,12.1,20.494628535608346
2020-04-18 17:45:00,12.17,20.392568199020637
2020-04-18 18:00:00,11.818,20.464550941635657
2020-04-18 18:15:00,11.256,20.531486212648066
2020-04-18 18:30:00,11.044,20.49218013400205
2020-04-18 18:45:00,10.482,20.300996740279693
2020-04-18 19:00:00,10.13,20.12730735599142
2020-04-18 19:15:00,10.271,20.035894474633192
2020-04-18 19:30:00,9.919,20.120750899397517
2020-04-18 19:45:00,9.849,20.261855556559574
2020-04-18 20:00:00,9.989,19.583668701143996
2020-04-18 20:15:00,9.989,19.39866833470453
2020-04-18 20:30:00,9.778,18.99080967706681
2020-04-18 20:45:00,9.638,18.652451344351825
2020-04-18 21:00:00,9.356,18.407466400700134
2020-04-18 21:15:00,9.356,18.071759025786502
2020-04-18 21:30:00,9.286,17.773325107155973
2020-04-18 21:45:00,9.004,17.389240298378343
2020-04-18 22:00:00,9.004,17.341348462835768
2020-04-18 22:15:00,9.075,17.36430452017975
2020-04-18 22:30:00,9.075,17.378846096496087
2020-04-18 22:45:00,9.004,17.1917540318844
2020-04-18 23:00:00,8.934,16.945855034243877
2020-04-18 23:15:00,8.793,16.855314924685114
2020-04-18 23:30:00,8.723,16.693330606909253
2020-04-18 23:45:00,8.582,16.862806092423718
2020-04-19 00:00:00,8.512,16.702737205894362
2020-04-19 00:15:00,8.301,16.579660563208435
2020-04-19 00:30:00,8.442,16.7134114175664
2020-04-19 00:45:00,8.442,16.562524143967533
2020-04-19 01:00:00,8.442,16.45351777343437
2020-04-19 01:15:00,8.371,16.14022756074433
2020-04-19 01:30:00,8.442,15.98248975458394
2020-04-19 01:45:00,8.442,15.832332620305342
2020-04-19 02:00:00,8.371,15.923395543443691
2020-04-19 02:15:00,8.442,15.777832173628399
2020-04-19 02:30:00,8.723,15.76779164061793
2020-04-19 02:45:00,8.582,15.747906946305456
2020-04-19 03:00:00,8.231,15.93593646316405
2020-04-19 03:15:00,8.231,15.691901451872338
2020-04-19 03:30:00,8.371,15.800507576066307
2020-04-19 03:45:00,8.16,15.786809082202211
2020-04-19 04:00:00,8.02,15.522608532608798
2020-04-19 04:15:00,7.668,15.64022755643418
2020-04-19 04:30:00,8.09,15.71539783719579
2020-04-19 04:45:00,7.668,15.549262379162652
2020-04-19 05:00:00,8.02,15.572317815355309
2020-04-19 05:15:00,7.809,15.447030842456789
2020-04-19 05:30:00,7.879,15.423721979025743
2020-04-19 05:45:00,7.527,15.284263786223327
2020-04-19 06:00:00,7.527,15.428810384274776
2020-04-19 06:15:00,7.457,15.889791212831419
2020-04-19 06:30:00,7.738,15.919046567535363
2020-04-19 06:45:00,7.738,15.727448569906473
2020-04-19 07:00:00,8.09,15.6072595683081
2020-04-19 07:15:00,8.301,15.875315262856168
2020-04-19 07:30:00,8.512,16.073719594639908
2020-04-19 07:45:00,9.075,16.122376070427013
2020-04-19 08:00:00,9.075,16.363331072819065
2020-04-19 08:15:00,8.442,16.222440239188174
2020-04-19 08:30:00,8.512,16.62509879038522
2020-04-19 08:45:00,8.723,16.742680213053962
2020-04-19 09:00:00,9.286,16.946716896431038
2020-04-19 09:15:00,9.567,16.978993608368015
2020-04-19 09:30:00,9.778,17.145508250467394
2020-04-19 09:45:00,9.989,17.174008839321118
2020-04-19 10:00:00,9.919,17.261677747658243
2020-04-19 10:15:00,10.06,17.49404762554081
2020-04-19 10:30:00,10.271,17.608445244471728
2020-04-19 10:45:00,9.849,17.321521884936146
2020-04-19 11:00:00,9.778,17.507470027981334
2020-04-19 11:15:00,9.708,17.49465666876599
2020-04-19 11:30:00,10.06,17.821135840166928
2020-04-19 11:45:00,10.341,17.440023754835064
2020-04-19 12:00:00,10.271,17.855318559305548
2020-04-19 12:15:00,10.552,17.84064310803793
2020-04-19 12:30:00,10.341,17.989963777453728
2020-04-19 12:45:00,10.904,18.28943915190581
2020-04-19 13:00:00,11.044,18.653906812970636
2020-04-19 13:15:00,11.537,18.78923407261827
2020-04-19 13:30:00,12.17,19.133092364254267
2020-04-19 13:45:00,12.381,19.1123214657384
2020-04-19 14:00:00,11.889,19.694412209213674
2020-04-19 14:15:00,12.029,19.680289233987605
2020-04-19 14:30:00,12.24,19.840046000424824
2020-04-19 14:45:00,12.1,19.899010388416457
2020-04-19 15:00:00,12.592,20.203969361413773
2020-04-19 15:15:00,12.592,20.33248823419518
2020-04-19 15:30:00,12.522,20.48541596033448
2020-04-19 15:45:00,12.522,20.414994992381843
2020-04-19 16:00:00,12.522,20.44265803775379
2020-04-19 16:15:00,13.014,20.611576345609596
2020-04-19 16:30:00,13.085,20.314986963680276
2020-04-19 16:45:00,12.522,20.478631238781013
2020-04-19 17:00:00,12.17,20.441355471619026
2020-04-19 17:15:00,11.889,20.515291344422863
2020-04-19 17:30:00,11.467,20.62357187258938
2020-04-19 17:45:00,12.17,20.560317569875405
2020-04-19 18:00:00,11.607,20.712991852421535
2020-04-19 18:15:00,11.396,20.041360871864118
2020-04-19 18:30:00,11.044,20.026104728949136
2020-04-19 18:45:00,10.763,20.073706269218427
2020-04-19 19:00:00,10.411,20.086908313338235
2020-04-19 19:15:00,10.552,19.927418501523025
2020-04-19 19:30:00,10.271,19.75009702936834
2020-04-19 19:45:00,9.849,19.352366481921123
2020-04-19 20:00:00,9.849,19.38174385027695
2020-04-19 20:15:00,9.567,18.835907703420457
2020-04-19 20:30:00,9.426,18.569680895510484
2020-04-19 20:45:00,9.497,18.120985146851773
2020-04-19 21:00:00,9.356,18.137739689910948
2020-04-19 21:15:00,9.286,18.11267354208875
2020-04-19 21:30:00,9.286,17.64956291768827
2020-04-19 21:45:00,9.004,17.613487773518923
2020-04-19 22:00:00,8.934,17.455850107086235
2020-04-19 22:15:00,9.075,17.309096986802217
2020-04-19 22:30:00,9.075,17.30735479624791
2020-04-19 22:45:00,8.653,17.276816101358374
2020-04-19 23:00:00,8.512,17.2494287877254
2020-04-19 23:15:00,8.582,17.324434005954995
2020-04-19 23:30:00,8.653,17.00585131538242
2020-04-19 23:45:00,8.582,16.993032572518445
2020-04-20 00:00:00,8.512,16.945514611766743
2020-04-20 00:15:00,8.723,16.99475821753763
2020-04-20 00:30:00,8.934,16.90821494899352
2020-04-20 00:45:00,8.723,16.939708175167613
2020-04-20 01:00:00,8.653,16.783077877100816
2020-04-20 01:15:00,8.864,16.820469301609915
2020-04-20 01:30:00,8.934,16.744883747896747
2020-04-20 01:45:00,8.934,16.622484239969193
2020-04-20 02:00:00,8.793,16.59833796763811
2020-04-20 02:15:00,8.934,16.182266296800734
2020-04-20 02:30:00,8.864,16.07180918616037
2020-04-20 02:45:00,9.075,16.006001486217436
2020-04-20 03:00:00,8.371,16.0204131044617
2020-04-20 03:15:00,8.09,15.909239466686758
2020-04-20 03:30:00,8.231,15.805379409842983
2020-04-20 03:45:00,8.16,15.658582129011789
2020-04-20 04:00:00,8.301,15.804708217874888
2020-04-20 04:15:00,8.371,15.751694693377894
2020-04-20 04:30:00,8.02,15.78103690698645
2020-04-20 04:45:00,8.02,15.67480414803031
2020-04-20 05:00:00,8.09,15.735991031431904
2020-04-20 05:15:00,7.879,15.706081486971973
2020-04-20 05:30:00,8.301,15.79468859235949
2020-04-20 05:45:00,8.371,15.729890997423686
2020-04-20 06:00:00,8.371,15.481155812535922
2020-04-20 06:15:00,8.231,15.514261112922679
2020-04-20 06:30:00,8.793,15.762130652128308
2020-04-20 06:45:00,8.864,15.796438777597281
2020-04-20 07:00:00,9.145,15.760679176562
2020-04-20 07:15:00,8.864,15.845152103354687
2020-04-20 07:30:00,9.004,16.222977361548303
2020-04-20 07:45:00,8.723,16.06613186898647
2020-04-20 08:00:00,9.004,16.126769799981464
2020-04-20 08:15:00,8.231,16.220690240047613
2020-04-20 08:30:00,8.512,16.386890926880643
2020-04-20 08:45:00,8.442,16.37908600076401
2020-04-20 09:00:00,8.864,16.708968167162542
2020-04-20 09:15:00,9.075,16.892987214247754
2020-04-20 09:30:00,9.075,16.99964883199845
2020-04-20 09:45:00,9.215,17.038980570144272
2020-04-20 10:00:00,9.497,17.064277013385844
2020-04-20 10:15:00,9.567,16.969577403795334
2020-04-20 10:30:00,9.708,17.45096842383066
2020-04-20 10:45:00,9.778,17.912070936496516
2020-04-20 11:00:00,9.989,17.769389785207867
2020-04-20 11:15:00,10.06,17.632848070704544
2020-04-20 11:30:00,10.06,17.75663840487822
2020-04-20 11:45:00,10.411,17.90308177190575
2020-04-20 12:00:00,10.341,18.056221788049125
2020-04-20 12:15:00,10.622,18.151420696503177
2020-04-20 12:30:00,10.974,18.475098542160694
2020-04-20 12:45:00,11.185,19.064521756584956
2020-04-20 13:00:00,11.748,19.150466129181794
2020-04-20 13:15:00,12.029,19.562616211198563
2020-04-20 13:30:00,11.818,19.998236947963523
2020-04-20 13:45:00,12.381,20.198043973033244
2020-04-20 14:00:00,12.381,20.025516359151304
2020-04-20 14:15:00,12.522,20.18853292153774
2020-04-20 14:30:00,12.381,20.17763160320252
2020-04-20 14:45:00,12.381,20.233835450418326
2020-04-20 15:00:00,12.944,20.438195425931948
2020-04-20 15:15:00,13.366,20.28170964284193
2020-04-20 15:30:00,13.366,20.335698344408605
2020-04-20 15:45:00,13.436,20.37607816038796
2020-04-20 16:00:00,13.436,20.573431363486062
2020-04-20 16:15:00,13.507,20.50090042388266
2020-04-20 16:30:00,13.296,20.746954890622632
2020-04-20 16:45:00,13.436,20.627793668901653
2020-04-20 17:00:00,12.874,20.796688748912057
2020-04-20 17:15:00,12.451,20.815441903965727
2020-04-20 17:30:00,12.522,20.71208249730767
2020-04-20 17:45:00,12.311,20.822443485419974
2020-04-20 18:00:00,12.24,20.880680009061745
2020-04-20 18:15:00,12.029,20.596731879481528
2020-04-20 18:30:00,11.959,20.28934110118872
2020-04-20 18:45:00,11.678,20.577816844528606
2020-04-20 19:00:00,11.748,20.222701983427616
2020-04-20 19:15:00,11.818,19.662232851298644
2020-04-20 19:30:00,11.607,19.222373754773304
2020-04-20 19:45:00,11.256,18.964602419101595
2020-04-20 20:00:00,11.256,18.86188847350671
2020-04-20 20:15:00,11.044,18.691456079973413
2020-04-20 20:30:00,10.974,18.598260081147675
2020-04-20 20:45:00,11.537,18.18147716497991
2020-04-20 21:00:00,11.889,18.29464834386787
2020-04-20 21:15:00,11.467,18.250350689075855
2020-04-20 21:30:00,10.622,17.842740555965026
2020-04-20 21:45:00,10.622,17.841860308198523
2020-04-20 22:00:00,11.044,17.320751977245695
2020-04-20 22:15:00,11.185,17.478010398404876
2020-04-20 22:30:00,11.256,17.59878424074122
2020-04-20 22:45:00,10.974,17.47455764492304
2020-04-20 23:00:00,10.904,17.37629869475937
2020-04-20 23:15:00,11.044,17.136050358940736
2020-04-20 23:30:00,11.115,17.1386237120071
2020-04-20 23:45:00,11.185,16.922474862655132
2020-04-21 00:00:00,10.974,16.858116204159224
2020-04-21 00:15:00,10.974,16.827239798648105
2020-04-21 00:30:00,11.185,16.795798711490292
2020-04-21 00:45:00,10.974,16.722870586579067
2020-04-21 01:00:00,10.904,16.53507340299739
2020-04-21 01:15:00,11.185,16.56512260932986
2020-04-21 01:30:00,11.185,16.680600371563163
2020-04-21 01:45:00,11.256,16.634449323055016
2020-04-21 02:00:00,11.326,16.79875780945733
2020-04-21 02:15:00,11.256,16.601880442067674
2020-04-21 02:30:00,10.833,16.26520817281637
2020-04-21 02:45:00,10.622,16.029339501752194
2020-04-21 03:00:00,10.341,15.944304503910656
2020-04-21 03:15:00,10.622,15.957118835915388
2020-04-21 03:30:00,10.974,16.026399990921274
2020-04-21 03:45:00,10.552,16.207757819923664
2020-04-21 04:00:00,9.567,16.139716122762245
2020-04-21 04:15:00,10.13,15.9884387027724
2020-04-21 04:30:00,10.13,15.527851568815432
2020-04-21 04:45:00,10.2,15.384473933693979
2020-04-21 05:00:00,10.271,15.23073997597326
2020-04-21 05:15:00,10.2,15.225229900886564
2020-04-21 05:30:00,10.13,15.057562584952667
2020-04-21 05:45:00,10.271,15.347453016561191
2020-04-21 06:00:00,10.341,15.601762608844087
2020-04-21 06:15:00,10.271,15.645279032205044
2020-04-21 06:30:00,10.271,15.486913117408543
2020-04-21 06:45:00,10.622,15.60418907677192
2020-04-21 07:00:00,10.341,15.862207478056082
2020-04-21 07:15:00,10.271,15.408182025429214
2020-04-21 07:30:00,10.06,15.581592030174713
2020-04-21 07:45:00,9.919,15.813821101709467
2020-04-21 08:00:00,10.06,16.058997590699597
2020-04-21 08:15:00,10.06,16.099754894290026
2020-04-21 08:30:00,10.341,16.056838674902465
2020-04-21 08:45:00,10.271,16.095473984894582
2020-04-21 09:00:00,10.622,16.16668315909502
2020-04-21 09:15:00,10.693,16.41241774814857
2020-04-21 09:30:00,10.693,16.5773787031173
2020-04-21 09:45:00,10.904,16.777034397331946
2020-04-21 10:00:00,10.763,17.184798530296668
2020-04-21 10:15:00,10.622,17.401853687155022
2020-04-21 10:30:00,10.833,17.670891410978506
2020-04-21 10:45:00,10.552,17.67977383538541
2020-04-21 11:00:00,10.482,17.71769356296541
2020-04-21 11:15:00,10.482,17.793823855033054
2020-04-21 11:30:00,10.904,17.976652744670062
2020-04-21 11:45:00,10.833,18.06751213496526
2020-04-21 12:00:00,11.256,18.07801256974185
2020-04-21 12:15:00,11.044,18.20462416490508
2020-04-21 12:30:00,11.326,18.402593459312595
2020-04-21 12:45:00,11.537,19.12646124833142
2020-04-21 13:00:00,11.256,19.392395776783403
2020-04-21 13:15:00,11.256,19.549513443039462
2020-04-21 13:30:00,11.256,19.750396192335455
2020-04-21 13:45:00,10.693,19.978790000350955
2020-04-21 14:00:00,9.778,20.205059242685447
2020-04-21 14:15:00,9.849,20.142569382277387
2020-04-21 14:30:00,9.849,20.27113699149611
2020-04-21 14:45:00,9.849,20.806140441555325
2020-04-21 15:00:00,10.271,20.829137104969575
2020-04-21 15:15:00,10.411,21.156410196519445
2020-04-21 15:30:00,9.919,21.3127233548969
2020-04-21 15:45:00,9.989,21.433621298899727
2020-04-21 16:00:00,9.849,21.331484351975476
2020-04-21 16:15:00,9.567,21.238340665825074
2020-04-21 16:30:00,9.708,21.237733808136266
2020-04-21 16:45:00,9.426,21.299231113257353
2020-04-21 17:00:00,9.567,21.421468426081518
2020-04-21 17:15:00,9.497,21.54766401883033
2020-04-21 17:30:00,9.215,21.10835649000361
2020-04-21 17:45:00,9.215,21.070898886272875
2020-04-21 18:00:00,9.426,20.999568095837585
2020-04-21 18:15:00,9.286,20.550740130838015
2020-04-21 18:30:00,9.286,20.503116630024994
2020-04-21 18:45:00,9.567,20.548488787174453
2020-04-21 19:00:00,9.356,20.44249791920959
2020-04-21 19:15:00,9.497,20.148382504802445
2020-04-21 19:30:00,9.497,19.72190062479329
2020-04-21 19:45:00,9.426,19.691531275797743
2020-04-21 20:00:00,9.497,19.287933758147776
2020-04-21 20:15:00,9.145,18.772219308606886
2020-04-21 20:30:00,9.075,18.208525766908938
2020-04-21 20:45:00,9.075,17.99305179487974
2020-04-21 21:00:00,9.004,17.650768126675292
2020-04-21 21:15:00,9.075,17.689641465224312
2020-04-21 21:30:00,9.215,17.508404054277012
2020-04-21 21:45:00,9.215,17.632231307791553
2020-04-21 22:00:00,9.215,16.948196700886474
2020-04-21 22:15:00,9.356,17.157280942672415
2020-04-21 22:30:00,9.426,17.041474562366485
2020-04-21 22:45:00,9.356,17.448595540453947
2020-04-21 23:00:00,9.145,17.189627777896135
2020-04-21 23:15:00,9.426,16.979865922966006
2020-04-21 23:30:00,9.567,17.2841819711176
2020-04-21 23:45:00,9.426,17.249387943197963
2020-04-22 00:00:00,9.567,17.193856635306545
2020-04-22 00:15:00,9.638,17.101474825549925
2020-04-22 00:30:00,9.778,16.998451074879277
2020-04-22 00:45:00,9.567,16.94025911358965
2020-04-22 01:00:00,9.708,16.86460295314094
2020-04-22 01:15:00,9.567,16.775788263907884
2020-04-22 01:30:00,9.638,16.56566510959832
2020-04-22 01:45:00,9.708,16.145777050974317
2020-04-22 02:00:00,9.638,15.830275846946419
2020-04-22 02:15:00,9.778,15.69987384068966
2020-04-22 02:30:00,9.567,15.487762393526731
2020-04-22 02:45:00,9.708,15.339564516371281
2020-04-22 03:00:00,9.708,15.118322835738836
2020-04-22 03:15:00,10.13,15.364171737343295
2020-04-22 03:30:00,9.989,15.212764948784804
2020-04-22 03:45:00,8.723,15.099060479687411
2020-04-22 04:00:00,7.035,15.08550910019465
2020-04-22 04:15:00,6.753,15.11115922104309
2020-04-22 04:30:00,6.894,14.974345900373292
2020-04-22 04:45:00,7.879,15.192460025701488
2020-04-22 05:00:00,8.653,14.788405909755717
2020-04-22 05:15:00,8.864,14.82484920142146
2020-04-22 05:30:00,8.934,14.828290059783878
2020-04-22 05:45:00,9.075,14.90509454099432
2020-04-22 06:00:00,9.356,14.874534452425396
2020-04-22 06:15:00,8.16,15.360374933885174
2020-04-22 06:30:00,8.16,15.497548802972283
2020-04-22 06:45:00,8.301,15.34586431580235
2020-04-22 07:00:00,8.512,15.495784689295862
2020-04-22 07:15:00,9.004,15.552941899456044
2020-04-22 07:30:00,9.215,15.99121372061774
2020-04-22 07:45:00,9.497,16.051755947087898
2020-04-22 08:00:00,9.989,16.276211893502534
2020-04-22 08:15:00,10.13,16.338678224921637
2020-04-22 08:30:00,10.13,16.377451651192537
2020-04-22 08:45:00,10.13,16.423159171263226
2020-04-22 09:00:00,10.341,16.301791980117386
2020-04-22 09:15:00,9.778,16.728643897136713
2020-04-22 09:30:00,10.06,16.714461980812192
2020-04-22 09:45:00,9.919,17.126058948079482
2020-04-22 10:00:00,9.919,17.035536236285374
2020-04-22 10:15:00,9.497,17.40343278898661
2020-04-22 10:30:00,9.778,17.25978454138002
2020-04-22 10:45:00,9.638,16.986464465186213
2020-04-22 11:00:00,9.426,17.099768148391867
2020-04-22 11:15:00,9.426,17.259843731723592
2020-04-22 11:30:00,9.708,17.528382321821706
2020-04-22 11:45:00,9.286,17.62085766587042
2020-04-22 12:00:00,9.638,17.8377669439646
2020-04-22 12:15:00,9.356,17.98187129174999
2020-04-22 12:30:00,9.708,18.180109367785033
2020-04-22 12:45:00,9.145,18.62819458732658
2020-04-22 13:00:00,9.497,18.77846614419257
2020-04-22 13:15:00,9.778,19.12371808816603
2020-04-22 13:30:00,9.638,19.43039535920111
2020-04-22 13:45:00,9.567,19.862229863833363
2020-04-22 14:00:00,9.356,19.997249532162108
2020-04-22 14:15:00,9.638,20.072240214459338
2020-04-22 14:30:00,9.426,20.22473276985125
2020-04-22 14:45:00,9.708,20.37171349435112
2020-04-22 15:00:00,9.919,20.44428600896415
2020-04-22 15:15:00,9.567,20.48282049098515
2020-04-22 15:30:00,9.567,20.42008324508132
2020-04-22 15:45:00,9.849,20.636453957026692
2020-04-22 16:00:00,10.06,20.61534911945105
2020-04-22 16:15:00,10.341,20.796654295971393
2020-04-22 16:30:00,10.482,20.698542061610954
2020-04-22 16:45:00,10.552,20.554241705339436
2020-04-22 17:00:00,10.271,20.631728190609053
2020-04-22 17:15:00,10.622,20.835636790194215
2020-04-22 17:30:00,10.622,20.732041828876618
2020-04-22 17:45:00,10.622,20.38330219071931
2020-04-22 18:00:00,10.06,20.34493723400591
2020-04-22 18:15:00,9.989,20.246183161216443
2020-04-22 18:30:00,10.411,20.378713172409388
2020-04-22 18:45:00,10.341,20.322598954111516
2020-04-22 19:00:00,9.989,20.20533000104007
2020-04-22 19:15:00,10.13,19.58506898843783
2020-04-22 19:30:00,8.934,19.663221898483283
2020-04-22 19:45:00,8.371,18.94390784563959
2020-04-22 20:00:00,8.371,18.60460855794436
2020-04-22 20:15:00,8.582,18.634507594342214
2020-04-22 20:30:00,8.371,18.5215618189029
2020-04-22 20:45:00,8.371,18.27260790273973
2020-04-22 21:00:00,8.442,18.115233187468387
2020-04-22 21:15:00,8.371,17.612848090170186
2020-04-22 21:30:00,7.949,17.137648245260134
2020-04-22 21:45:00,8.02,17.35679302526901
2020-04-22 22:00:00,7.738,17.37111710743721
2020-04-22 22:15:00,7.597,17.28427598923196
2020-04-22 22:30:00,7.457,17.507671035345094
2020-04-22 22:45:00,7.175,17.524743898467083
2020-04-22 23:00:00,7.105,17.401391205984048
2020-04-22 23:15:00,6.824,16.917359770944397
2020-04-22 23:30:00,6.894,17.104857939842738
2020-04-22 23:45:00,6.753,17.225824771117228
2020-04-23 00:00:00,6.753,17.009291388379065
2020-04-23 00:15:00,6.613,16.728758310354586
2020-04-23 00:30:00,6.683,16.687217672282014
2020-04-23 00:45:00,6.261,16.715561888996273
2020-04-23 01:00:00,6.402,16.548804247235683
2020-04-23 01:15:00,6.12,16.528152459531395
2020-04-23 01:30:00,6.12,16.19560144760228
2020-04-23 01:45:00,5.979,16.092451251925542
2020-04-23 02:00:00,5.839,16.044385527477782
2020-04-23 02:15:00,6.05,15.891133368402718
2020-04-23 02:30:00,5.487,15.860343693994878
2020-04-23 02:45:00,5.487,15.769239813810463
2020-04-23 03:00:00,5.909,15.680824218548604
2020-04-23 03:15:00,5.909,15.69092242619187
2020-04-23 03:30:00,5.909,15.466227590068465
2020-04-23 03:45:00,5.698,15.431269878873907
2020-04-23 04:00:00,5.417,15.199486572615479
2020-04-23 04:15:00,5.417,15.168492540648934
2020-04-23 04:30:00,5.135,15.140616777251521
2020-04-23 04:45:00,5.206,15.411746315893103
2020-04-23 05:00:00,4.995,15.167936387464751
2020-04-23 05:15:00,4.995,15.088314892234711
2020-04-23 05:30:00,5.065,15.191352990845052
2020-04-23 05:45:00,4.995,15.156518012994093
2020-04-23 06:00:00,5.135,15.200962097374227
2020-04-23 06:15:00,5.206,15.29908835352619
2020-04-23 06:30:00,4.995,15.346219438357481
2020-04-23 06:45:00,4.643,15.336177663295354
2020-04-23 07:00:00,4.643,15.430250351804034
2020-04-23 07:15:00,4.784,15.432507468007719
2020-04-23 07:30:00,4.713,15.502181190552713
2020-04-23 07:45:00,4.221,15.686150415994101
2020-04-23 08:00:00,4.362,15.744792830873688
2020-04-23 08:15:00,3.517,15.748335734283707
2020-04-23 08:30:00,3.588,15.829116294768193
2020-04-23 08:45:00,4.01,15.945383886541283
2020-04-23 09:00:00,4.291,16.02417090374574
2020-04-23 09:15:00,3.939,16.198896306305194
2020-04-23 09:30:00,2.884,15.96523361892624
2020-04-23 09:45:00,3.025,16.0898651463115
2020-04-23 10:00:00,3.658,16.124905523253634
2020-04-23 10:15:00,3.517,16.453882848597146
2020-04-23 10:30:00,3.869,16.779867421113074
2020-04-23 10:45:00,3.447,17.097805015994727
2020-04-23 11:00:00,3.166,17.164034574538665
2020-04-23 11:15:00,3.306,17.419919864021463
2020-04-23 11:30:00,3.166,17.583502368225936
2020-04-23 11:45:00,3.658,17.796884271828795
2020-04-23 12:00:00,3.517,18.128140643162087
2020-04-23 12:15:00,3.166,18.372724022759297
2020-04-23 12:30:00,2.884,18.457124998509002
2020-04-23 12:45:00,2.884,18.61605472526804
2020-04-23 13:00:00,3.236,18.785054053689578
2020-04-23 13:15:00,2.884,19.018444518983834
2020-04-23 13:30:00,2.814,19.081045495036392
2020-04-23 13:45:00,3.025,19.261992547394655
2020-04-23 14:00:00,3.236,19.422656537015108
2020-04-23 14:15:00,3.377,19.553466062824768
2020-04-23 14:30:00,3.377,19.648134877501022
2020-04-23 14:45:00,3.236,19.133543926451576
2020-04-23 15:00:00,3.728,19.35917098583951
2020-04-23 15:15:00,3.095,19.377760787529034
2020-04-23 15:30:00,3.728,19.379537590587862
2020-04-23 15:45:00,4.291,19.336283034914754
2020-04-23 16:00:00,5.206,19.570626446741922
2020-04-23 16:15:00,5.276,19.316624403982324
2020-04-23 16:30:00,5.206,19.402370993856557
2020-04-23 16:45:00,5.065,19.277960184752338
2020-04-23 17:00:00,5.698,19.107623462359882
2020-04-23 17:15:00,5.346,19.067893402009325
2020-04-23 17:30:00,5.276,18.93368963596755
2020-04-23 17:45:00,5.276,18.824929038803877
2020-04-23 18:00:00,5.206,18.503929516249443
2020-04-23 18:15:00,5.417,18.504983968595628
2020-04-23 18:30:00,5.346,18.020304861274322
2020-04-23 18:45:00,5.276,17.910799664767797
2020-04-23 19:00:00,5.557,17.432005150533357
2020-04-23 19:15:00,5.768,17.293272483110297
2020-04-23 19:30:00,6.05,17.153286576020268
2020-04-23 19:45:00,5.487,16.8467968041351
2020-04-23 20:00:00,4.643,16.6192665112361
2020-04-23 20:15:00,4.08,16.30753665279797
2020-04-23 20:30:00,4.784,16.184749305437368
2020-04-23 20:45:00,4.995,16.095037919767233
2020-04-23 21:00:00,5.487,15.807442033768497
2020-04-23 21:15:00,5.768,15.328229869250027
2020-04-23 21:30:00,6.261,15.478854051783904
2020-04-23 21:45:00,6.402,15.076176829190095
2020-04-23 22:00:00,6.05,15.150027267890675
2020-04-23 22:15:00,4.995,14.98610349388219
2020-04-23 22:30:00,4.643,14.859424214266935
2020-04-23 22:45:00,4.643,14.824263476065187
2020-04-23 23:00:00,5.135,14.825941628757736
2020-04-23 23:15:00,5.065,14.886215562418524
2020-04-23 23:30:00,5.206,14.613849994577805
2020-04-23 23:45:00,5.909,14.73789563760649
2020-04-24 00:00:00,6.261,14.756034457780322
2020-04-24 00:15:00,6.331,14.984528616490696
2020-04-24 00:30:00,6.402,14.8473239544648
2020-04-24 00:45:00,6.402,14.921292944349679
2020-04-24 01:00:00,6.402,14.913513201054437
2020-04-24 01:15:00,6.12,15.236861730245998
2020-04-24 01:30:00,6.05,15.030868752660242
2020-04-24 01:45:00,6.683,15.06488291393286
2020-04-24 02:00:00,6.613,15.270602647063873
2020-04-24 02:15:00,6.472,15.349035592926498
2020-04-24 02:30:00,5.979,15.253847620204077
2020-04-24 02:45:00,6.191,15.298219819534783
2020-04-24 03:00:00,6.261,15.23006223484917
2020-04-24 03:15:00,6.331,14.93235609155654
2020-04-24 03:30:00,6.331,15.07273904981746
2020-04-24 03:45:00,6.683,14.995917556787251
2020-04-24 04:00:00,6.683,15.155203428104901
2020-04-24 04:15:00,6.683,14.804589665230782
2020-04-24 04:30:00,6.753,14.826837494453818
2020-04-24 04:45:00,6.261,14.666478676135215
2020-04-24 05:00:00,6.331,14.616869334320702
2020-04-24 05:15:00,6.261,14.09677628211076
2020-04-24 05:30:00,6.613,14.030742307466522
2020-04-24 05:45:00,7.316,13.967433200971003
2020-04-24 06:00:00,6.753,13.83802609920249
2020-04-24 06:15:00,6.402,13.9551521085728
2020-04-24 06:30:00,6.331,13.731401642526885
2020-04-24 06:45:00,6.261,14.02363576789291
2020-04-24 07:00:00,6.542,13.852098148995106
2020-04-24 07:15:00,6.542,13.817176514087274
2020-04-24 07:30:00,6.472,14.112955408598244
2020-04-24 07:45:00,6.542,14.225040458558441
2020-04-24 08:00:00,6.261,14.258630672245115
2020-04-24 08:15:00,5.909,14.45397671337105
2020-04-24 08:30:00,5.557,14.450764729102202
2020-04-24 08:45:00,5.839,14.272487671773451
2020-04-24 09:00:00,6.964,14.652358837431638
2020-04-24 09:15:00,6.753,14.905345611980445
2020-04-24 09:30:00,6.331,15.010206742299092
2020-04-24 09:45:00,6.261,15.266035085839738
2020-04-24 10:00:00,6.472,15.485224564670638
2020-04-24 10:15:00,6.613,16.0332323242318
2020-04-24 10:30:00,7.035,15.993634294435413
2020-04-24 10:45:00,7.105,16.82141679629601
2020-04-24 11:00:00,7.105,16.905997900655336
2020-04-24 11:15:00,7.035,17.1747610790078
2020-04-24 11:30:00,7.386,17.277766412825645
2020-04-24 11:45:00,7.527,17.20456833225883
2020-04-24 12:00:00,7.175,17.1954586835458
2020-04-24 12:15:00,7.668,17.23513530424833
2020-04-24 12:30:00,7.175,17.219773339399595
2020-04-24 12:45:00,8.02,17.374197187195765
2020-04-24 13:00:00,8.02,17.474809411233064
2020-04-24 13:15:00,7.809,17.986388637539754
2020-04-24 13:30:00,8.16,18.068544467897183
2020-04-24 13:45:00,7.879,18.20738778312191
2020-04-24 14:00:00,8.16,18.38300332514714
2020-04-24 14:15:00,8.442,18.41103116857692
2020-04-24 14:30:00,8.231,18.18591381702221
2020-04-24 14:45:00,8.09,18.515616765106493
2020-04-24 15:00:00,8.653,18.508203626656986
2020-04-24 15:15:00,8.16,18.875072432530757
2020-04-24 15:30:00,8.301,18.93464211244066
2020-04-24 15:45:00,7.949,19.14004501945787
2020-04-24 16:00:00,8.231,18.689206254199693
2020-04-24 16:15:00,8.301,18.910071423811484
2020-04-24 16:30:00,8.371,18.971948933852808
2020-04-24 16:45:00,8.301,18.86113094560834
2020-04-24 17:00:00,7.668,18.784643054869722
2020-04-24 17:15:00,8.09,18.6564656038753
2020-04-24 17:30:00,8.512,18.686151262789373
2020-04-24 17:45:00,8.582,18.67843506680562
2020-04-24 18:00:00,8.442,18.423204971511794
2020-04-24 18:15:00,8.02,18.166052982790422
2020-04-24 18:30:00,7.949,18.091113844393842
2020-04-24 18:45:00,8.09,17.89790201022424
2020-04-24 19:00:00,7.949,17.525173680800453
2020-04-24 19:15:00,7.738,17.453230070670962
2020-04-24 19:30:00,7.879,17.04441714120394
2020-04-24 19:45:00,7.949,16.83728771223093
2020-04-24 20:00:00,7.809,16.817153835628645
2020-04-24 20:15:00,7.809,16.22391259702012
2020-04-24 20:30:00,7.668,16.31393393031261
2020-04-24 20:45:00,7.668,16.15028932618622
2020-04-24 21:00:00,7.738,16.215933071432314
2020-04-24 21:15:00,7.738,15.792556160963006
2020-04-24 21:30:00,7.527,15.571593319200904
2020-04-24 21:45:00,7.457,15.43095221693976
2020-04-24 22:00:00,7.386,15.315326762931749
2020-04-24 22:15:00,7.527,15.075020737090336
2020-04-24 22:30:00,7.527,15.191885938013115
2020-04-24 22:45:00,7.527,15.120363842954454
2020-04-24 23:00:00,7.668,15.151168759446417
2020-04-24 23:15:00,7.316,15.084067397650715
2020-04-24 23:30:00,7.316,15.01218930666404
2020-04-24 23:45:00,7.386,15.00740226096533
2020-04-25 00:00:00,7.457,15.085688469366698
2020-04-25 00:15:00,7.597,15.372361581207425
2020-04-25 00:30:00,7.738,15.346361175426752
2020-04-25 00:45:00,7.246,15.290344688847439
2020-04-25 01:00:00,7.316,15.351660400615552
2020-04-25 01:15:00,7.386,15.526509866179426
2020-04-25 01:30:00,7.668,15.571504337314042
2020-04-25 01:45:00,7.246,15.591076789584175
2020-04-25 02:00:00,7.809,15.732733421848184
2020-04-25 02:15:00,8.16,15.66653718411281
2020-04-25 02:30:00,8.231,15.605087020423412
2020-04-25 02:45:00,7.879,15.658847825912323
2020-04-25 03:00:00,7.527,15.542727132077253
2020-04-25 03:15:00,7.105,15.467080940896563
2020-04-25 03:30:00,6.894,15.486712439489686
2020-04-25 03:45:00,6.542,15.299317204048423
2020-04-25 04:00:00,6.542,15.190616379791662
2020-04-25 04:15:00,6.472,15.133968023735623
2020-04-25 04:30:00,7.035,14.939664877805114
2020-04-25 04:45:00,6.894,14.807668243604876
2020-04-25 05:00:00,7.035,14.472511425597446
2020-04-25 05:15:00,7.668,14.27795589831226
2020-04-25 05:30:00,8.16,14.314976564521048
2020-04-25 05:45:00,7.809,14.201719406896613
2020-04-25 06:00:00,7.879,14.167040526242223
2020-04-25 06:15:00,8.09,13.938705409467726
2020-04-25 06:30:00,8.371,14.063107415056674
2020-04-25 06:45:00,8.864,14.035185259722823
2020-04-25 07:00:00,9.075,13.907463075499333
2020-04-25 07:15:00,8.864,13.7561023459694
2020-04-25 07:30:00,9.004,13.888706669482739
2020-04-25 07:45:00,8.231,14.209994614571109
2020-04-25 08:00:00,8.02,14.387251473016205
2020-04-25 08:15:00,9.004,14.668409734086538
2020-04-25 08:30:00,8.512,14.663031400026902
2020-04-25 08:45:00,8.442,14.726900488575705
2020-04-25 09:00:00,8.512,15.07644584311596
2020-04-25 09:15:00,8.864,15.28730473141936
2020-04-25 09:30:00,9.004,16.26042112210383
2020-04-25 09:45:00,9.286,16.180773798502166
2020-04-25 10:00:00,9.497,16.380531026527606
2020-04-25 10:15:00,9.004,16.643606533098037
2020-04-25 10:30:00,9.075,16.974962330509495
2020-04-25 10:45:00,9.215,16.97878186594143
2020-04-25 11:00:00,9.145,17.136779969766504
2020-04-25 11:15:00,9.215,17.32787025877592
2020-04-25 11:30:00,9.075,17.753289735955388
2020-04-25 11:45:00,9.075,17.760328381276683
2020-04-25 12:00:00,9.567,17.68108651999012
2020-04-25 12:15:00,9.215,17.992226531397584
2020-04-25 12:30:00,9.286,18.225792612242124
2020-04-25 12:45:00,8.934,18.48377505941493
2020-04-25 13:00:00,8.864,18.701354041037668
2020-04-25 13:15:00,9.567,19.12219188014038
2020-04-25 13:30:00,9.426,19.186974384517217
2020-04-25 13:45:00,9.778,19.135686604583057
2020-04-25 14:00:00,9.849,19.548351494240897
2020-04-25 14:15:00,10.06,19.791043331126907
2020-04-25 14:30:00,10.271,19.90491385543512
2020-04-25 14:45:00,10.271,19.772342372852368
2020-04-25 15:00:00,10.2,20.120262275511962
2020-04-25 15:15:00,10.833,20.284926460569654
2020-04-25 15:30:00,10.693,20.037251978548024
2020-04-25 15:45:00,10.622,20.226153040602206
2020-04-25 16:00:00,9.989,20.358213041547767
2020-04-25 16:15:00,10.341,20.387516034525323
2020-04-25 16:30:00,10.271,20.196638397573142
2020-04-25 16:45:00,10.552,20.1174003791276
2020-04-25 17:00:00,10.552,20.278310756984983
2020-04-25 17:15:00,10.833,19.872285302506093
2020-04-25 17:30:00,10.693,19.70639938234267
2020-04-25 17:45:00,10.341,19.47890190115008
2020-04-25 18:00:00,10.271,19.5805122803883
2020-04-25 18:15:00,9.919,19.398937321561746
2020-04-25 18:30:00,9.638,19.228152179443498
2020-04-25 18:45:00,9.638,18.829574591439517
2020-04-25 19:00:00,9.426,18.866943289690326
2020-04-25 19:15:00,9.075,19.02025257712792
2020-04-25 19:30:00,8.793,18.82053636596658
2020-04-25 19:45:00,8.723,18.331430517765757
2020-04-25 20:00:00,8.512,18.189214163991476
2020-04-25 20:15:00,8.442,17.996072642763174
2020-04-25 20:30:00,8.653,18.16261543088755
2020-04-25 20:45:00,8.934,17.610874473432446
2020-04-25 21:00:00,9.075,17.452205372312754
2020-04-25 21:15:00,9.145,17.664070784046775
2020-04-25 21:30:00,8.934,17.311168738638646
2020-04-25 21:45:00,9.004,16.956910070827213
2020-04-25 22:00:00,8.934,16.740008846400073
2020-04-25 22:15:00,8.723,16.48575487721743
2020-04-25 22:30:00,8.723,16.67345355490496
2020-04-25 22:45:00,9.145,15.814252885300968
2020-04-25 23:00:00,8.512,15.720298484162361
2020-04-25 23:15:00,8.793,15.947397173330819
2020-04-25 23:30:00,8.582,15.941009102778072
2020-04-25 23:45:00,8.653,16.09036675629893
2020-04-26 00:00:00,8.723,16.22315397800002
2020-04-26 00:15:00,8.442,16.57538929224479
2020-04-26 00:30:00,8.371,16.705593005264774
2020-04-26 00:45:00,8.512,16.784560224639204
2020-04-26 01:00:00,8.512,16.577044724796032
2020-04-26 01:15:00,9.286,16.42179649937548
2020-04-26 01:30:00,9.426,16.402112407186817
2020-04-26 01:45:00,9.426,16.12443760123844
2020-04-26 02:00:00,9.215,16.00174756489143
2020-04-26 02:15:00,9.004,15.957745567156332
2020-04-26 02:30:00,9.356,15.921471065453217
2020-04-26 02:45:00,9.215,15.891013445460832
2020-04-26 03:00:00,9.426,15.931919324626467
2020-04-26 03:15:00,9.567,15.595276912891443
2020-04-26 03:30:00,9.426,15.551618387196111
2020-04-26 03:45:00,9.286,15.595887777510255
2020-04-26 04:00:00,9.356,15.54183402754361
2020-04-26 04:15:00,9.567,15.448486709849693
2020-04-26 04:30:00,9.286,15.382392700755997
2020-04-26 04:45:00,9.638,15.679930373406098
2020-04-26 05:00:00,9.567,15.667144092798965
2020-04-26 05:15:00,9.286,15.58956938128219
2020-04-26 05:30:00,9.426,15.716101152484685
2020-04-26 05:45:00,9.497,16.007751343399466
2020-04-26 06:00:00,9.075,15.750514299340256
2020-04-26 06:15:00,9.356,15.808959859438119
2020-04-26 06:30:00,9.426,16.11589248470118
2020-04-26 06:45:00,9.426,16.218817859470487
2020-04-26 07:00:00,9.849,16.17584599198303
2020-04-26 07:15:00,10.13,16.301602279174926
2020-04-26 07:30:00,10.271,16.132627303366995
2020-04-26 07:45:00,10.341,16.192576117578323
2020-04-26 08:00:00,10.271,16.26565483252197
2020-04-26 08:15:00,10.2,16.359558423591356
2020-04-26 08:30:00,9.919,16.280363442145262
2020-04-26 08:45:00,9.778,16.37576581848364
2020-04-26 09:00:00,9.849,16.500779558057847
2020-04-26 09:15:00,9.286,17.326297521566968
2020-04-26 09:30:00,9.286,17.102426931890424
2020-04-26 09:45:00,9.849,17.919023314548628
2020-04-26 10:00:00,9.989,17.86373458175918
2020-04-26 10:15:00,10.06,17.571514396937474
2020-04-26 10:30:00,10.482,17.600008842008172
2020-04-26 10:45:00,10.552,17.844578590433166
2020-04-26 11:00:00,10.693,17.977321247808234
2020-04-26 11:15:00,10.482,18.287646876027612
2020-04-26 11:30:00,10.06,18.239457180516588
2020-04-26 11:45:00,10.2,18.24640014713547
2020-04-26 12:00:00,10.833,18.162708014218577
2020-04-26 12:15:00,10.833,18.345694222034343
2020-04-26 12:30:00,10.833,18.863222787018863
2020-04-26 12:45:00,11.044,19.074769772833665
2020-04-26 13:00:00,10.622,19.438555185372437
2020-04-26 13:15:00,10.974,19.825269186830067
2020-04-26 13:30:00,10.411,19.88127742652855
2020-04-26 13:45:00,11.185,20.10660020494753
2020-04-26 14:00:00,11.115,20.259701552655493
2020-04-26 14:15:00,11.185,20.50351526069816
2020-04-26 14:30:00,10.271,20.460878344270803
2020-04-26 14:45:00,10.763,20.698641834982354
2020-04-26 15:00:00,10.482,20.74580388940378
2020-04-26 15:15:00,11.256,20.536510652753844
2020-04-26 15:30:00,11.678,20.80993928273959
2020-04-26 15:45:00,11.256,20.8495842989436
2020-04-26 16:00:00,11.607,20.800775663589814
2020-04-26 16:15:00,11.678,20.46164650066187
2020-04-26 16:30:00,11.044,20.423076290794782
2020-04-26 16:45:00,11.467,19.9640875227194
2020-04-26 17:00:00,11.326,19.648311861617596
2020-04-26 17:15:00,10.763,19.70445558878478
2020-04-26 17:30:00,10.2,19.114907413591332
2020-04-26 17:45:00,9.989,19.733596467643345
2020-04-26 18:00:00,10.06,18.900022809670254
2020-04-26 18:15:00,9.849,18.60358769066
2020-04-26 18:30:00,10.13,18.633917496683125
2020-04-26 18:45:00,9.989,18.51142103660647
2020-04-26 19:00:00,10.341,18.53632164335413
2020-04-26 19:15:00,10.2,18.477670894566682
2020-04-26 19:30:00,10.13,18.358481126972155
2020-04-26 19:45:00,10.06,18.19134658451833
2020-04-26 20:00:00,9.778,17.65008622020525
2020-04-26 20:15:00,9.426,17.42258063211939
2020-04-26 20:30:00,9.286,17.27870041545579
2020-04-26 20:45:00,9.849,17.43639287556509
2020-04-26 21:00:00,10.13,17.473045210685992
2020-04-26 21:15:00,10.13,17.4096383858957
2020-04-26 21:30:00,9.989,17.483854256300415
2020-04-26 21:45:00,9.989,17.511638846116444
2020-04-26 22:00:00,10.482,17.657009772812717
2020-04-26 22:15:00,10.2,17.532000316071315
2020-04-26 22:30:00,9.919,17.465811313404924
2020-04-26 22:45:00,9.849,17.442839399111666
2020-04-26 23:00:00,9.849,17.379014576310535
2020-04-26 23:15:00,10.13,17.070788267400314
2020-04-26 23:30:00,10.13,16.91574994712122
2020-04-26 23:45:00,10.271,17.016086341739015
2020-04-27 00:00:00,9.778,16.73846422425936
2020-04-27 00:15:00,9.708,16.90830371188664
2020-04-27 00:30:00,9.638,17.110250690310828
2020-04-27 00:45:00,9.567,17.123902309363235
2020-04-27 01:00:00,9.919,17.02117024419017
2020-04-27 01:15:00,10.06,16.774544120992168
2020-04-27 01:30:00,9.989,16.946592118395376
2020-04-27 01:45:00,9.849,16.92888738504426
2020-04-27 02:00:00,9.919,16.8207871977548
2020-04-27 02:15:00,9.849,16.73282502311071
2020-04-27 02:30:00,9.567,16.66299852568667
2020-04-27 02:45:00,9.778,16.185556694323864
2020-04-27 03:00:00,9.426,16.273185725363383
2020-04-27 03:15:00,9.567,16.04019596027569
2020-04-27 03:30:00,9.708,15.89094664850869
2020-04-27 03:45:00,9.075,15.7718292848349
2020-04-27 04:00:00,9.497,15.736479920432082
2020-04-27 04:15:00,9.708,15.7058556937613
2020-04-27 04:30:00,9.919,16.24300171883605
2020-04-27 04:45:00,9.638,16.293498297270283
2020-04-27 05:00:00,9.638,16.38041193027557
2020-04-27 05:15:00,9.426,16.335577837054306
2020-04-27 05:30:00,9.426,16.46790308089713
2020-04-27 05:45:00,9.567,16.465333293416315
2020-04-27 06:00:00,9.778,16.230258987261728
2020-04-27 06:15:00,9.708,16.66332737803541
2020-04-27 06:30:00,9.708,16.429327167785353
2020-04-27 06:45:00,10.06,16.989643139513017
2020-04-27 07:00:00,10.341,16.62456990886358
2020-04-27 07:15:00,10.482,16.54370363859096
2020-04-27 07:30:00,10.904,16.47443736591635
2020-04-27 07:45:00,10.833,16.564616953551504
2020-04-27 08:00:00,11.185,16.50326932555665
2020-04-27 08:15:00,10.974,16.4037344789903
2020-04-27 08:30:00,10.974,16.008552051279985
2020-04-27 08:45:00,11.115,16.105146512802573
2020-04-27 09:00:00,11.256,16.130808217164585
2020-04-27 09:15:00,11.396,16.367165187585993
2020-04-27 09:30:00,11.326,17.11199338136252
2020-04-27 09:45:00,11.326,16.96322599121714
2020-04-27 10:00:00,11.678,17.22062389105468
2020-04-27 10:15:00,11.607,17.284626381286184
2020-04-27 10:30:00,11.537,17.66141372136361
2020-04-27 10:45:00,11.115,17.820029580154824
2020-04-27 11:00:00,11.326,17.80276678955348
2020-04-27 11:15:00,11.326,17.92344807029805
2020-04-27 11:30:00,11.607,18.070393507635906
2020-04-27 11:45:00,11.889,18.12604661339572
2020-04-27 12:00:00,11.607,18.508520353802307
2020-04-27 12:15:00,12.1,18.831351840095973
2020-04-27 12:30:00,12.17,19.616047176192122
2020-04-27 12:45:00,12.451,20.06478845858021
2020-04-27 13:00:00,12.733,20.36804605255616
2020-04-27 13:15:00,12.803,20.58555881077257
2020-04-27 13:30:00,12.944,20.487418989259133
2020-04-27 13:45:00,13.085,20.601279602158773
2020-04-27 14:00:00,13.085,20.679512398262684
2020-04-27 14:15:00,13.647,20.78816089978961
2020-04-27 14:30:00,13.788,20.757476496988
2020-04-27 14:45:00,13.858,20.798819928078434
2020-04-27 15:00:00,13.999,20.89202613208547
2020-04-27 15:15:00,13.999,21.11539734058169
2020-04-27 15:30:00,13.647,20.90218843187815
2020-04-27 15:45:00,14.069,21.00659568488828
2020-04-27 16:00:00,14.21,21.012206470255343
2020-04-27 16:15:00,14.069,20.87580913697956
2020-04-27 16:30:00,14.069,20.757318184765257
2020-04-27 16:45:00,14.21,20.969850806023807
2020-04-27 17:00:00,13.999,20.31756612952053
2020-04-27 17:15:00,13.788,19.63706232039156
2020-04-27 17:30:00,13.929,20.042092975649645
2020-04-27 17:45:00,14.14,20.192641039679632
2020-04-27 18:00:00,13.718,19.3770132543703
2020-04-27 18:15:00,13.225,19.394975518106204
2020-04-27 18:30:00,12.874,19.333706213232276
2020-04-27 18:45:00,12.592,19.155748734776978
2020-04-27 19:00:00,12.451,18.321665900719488
2020-04-27 19:15:00,11.889,18.179263043205108
2020-04-27 19:30:00,11.678,18.09311951467639
2020-04-27 19:45:00,11.678,17.815054199616007
2020-04-27 20:00:00,11.678,18.030506221548485
2020-04-27 20:15:00,11.467,18.05147797586209
2020-04-27 20:30:00,11.256,17.776816916660678
2020-04-27 20:45:00,11.185,18.271412675218006
2020-04-27 21:00:00,11.326,18.05208950337614
2020-04-27 21:15:00,11.396,17.81160342078143
2020-04-27 21:30:00,11.326,18.208120636540446
2020-04-27 21:45:00,11.185,18.022685691874116
2020-04-27 22:00:00,11.044,17.62083600728363
2020-04-27 22:15:00,11.256,17.566585033994333
2020-04-27 22:30:00,11.185,17.478710994380403
2020-04-27 22:45:00,11.185,17.32135027458303
2020-04-27 23:00:00,10.974,17.23377823084356
2020-04-27 23:15:00,11.185,17.188707922152357
2020-04-27 23:30:00,11.185,17.222012524751065
2020-04-27 23:45:00,11.185,17.129221503648434
2020-04-28 00:00:00,10.833,16.94673985938719
2020-04-28 00:15:00,10.833,16.82446665257083
2020-04-28 00:30:00,10.833,16.957038655473667
2020-04-28 00:45:00,10.693,16.94230180693656
2020-04-28 01:00:00,10.693,16.96247415763476
2020-04-28 01:15:00,10.763,16.81466763366426
2020-04-28 01:30:00,10.833,16.581091602381882
2020-04-28 01:45:00,10.833,16.603422744400657
2020-04-28 02:00:00,10.974,16.625428404729064
2020-04-28 02:15:00,10.552,16.524743911815303
2020-04-28 02:30:00,9.778,16.529267332192436
2020-04-28 02:45:00,9.567,16.277287116206374
2020-04-28 03:00:00,9.567,16.081771765666893
2020-04-28 03:15:00,9.567,15.948196314808039
2020-04-28 03:30:00,9.708,15.708345831591377
2020-04-28 03:45:00,9.567,15.632992212132718
2020-04-28 04:00:00,9.567,15.611772484730276
2020-04-28 04:15:00,9.638,15.538903209494151
2020-04-28 04:30:00,9.426,15.809675776442873
2020-04-28 04:45:00,9.567,15.887489966160587
2020-04-28 05:00:00,9.497,16.17739819189128
2020-04-28 05:15:00,9.356,16.126899655518802
2020-04-28 05:30:00,9.356,15.826316557555565
2020-04-28 05:45:00,9.426,15.951741599017929
2020-04-28 06:00:00,9.497,16.178546057079256
2020-04-28 06:15:00,9.497,16.15139356051576
2020-04-28 06:30:00,9.286,16.16931046502281
2020-04-28 06:45:00,9.497,16.13952531551619
2020-04-28 07:00:00,9.638,16.010524642656446
2020-04-28 07:15:00,9.497,16.101352690061702
2020-04-28 07:30:00,9.778,16.452940149441318
2020-04-28 07:45:00,9.919,16.477429187092657
2020-04-28 08:00:00,10.2,16.611700890283625
2020-04-28 08:15:00,10.13,16.89269592879652
2020-04-28 08:30:00,10.13,16.568922756075292
2020-04-28 08:45:00,9.919,16.8140330037573
2020-04-28 09:00:00,10.06,16.777691077822524
2020-04-28 09:15:00,10.411,17.488803925834596
2020-04-28 09:30:00,10.482,17.34604664503267
2020-04-28 09:45:00,10.833,16.923124658028826
2020-04-28 10:00:00,10.833,17.34683461981967
2020-04-28 10:15:00,11.044,16.98922810423955
2020-04-28 10:30:00,10.974,17.463806310819173
2020-04-28 10:45:00,10.833,17.574821291072364
2020-04-28 11:00:00,10.833,17.788981806144147
2020-04-28 11:15:00,10.904,18.087789582576786
2020-04-28 11:30:00,10.974,18.229131653319907
2020-04-28 11:45:00,11.326,18.381830392648816
2020-04-28 12:00:00,11.326,18.85197145599896
2020-04-28 12:15:00,11.537,18.919248658568957
2020-04-28 12:30:00,11.467,18.818928751594274
2020-04-28 12:45:00,11.748,19.623818989965347
2020-04-28 13:00:00,11.818,19.86489337074183
2020-04-28 13:15:00,12.311,20.274688538308965
2020-04-28 13:30:00,12.381,20.114490890888995
2020-04-28 13:45:00,12.522,20.29813275618185
2020-04-28 14:00:00,12.803,20.450276119045284
2020-04-28 14:15:00,12.874,20.448400736001293
2020-04-28 14:30:00,13.155,20.387594077569364
2020-04-28 14:45:00,13.225,20.460573887420615
2020-04-28 15:00:00,13.225,20.39075124474455
2020-04-28 15:15:00,13.366,20.358316666454744
2020-04-28 15:30:00,13.999,20.508449754086254
2020-04-28 15:45:00,13.788,20.738664486176244
2020-04-28 16:00:00,13.929,20.556598213781278
2020-04-28 16:15:00,13.577,20.563704034492826
2020-04-28 16:30:00,14.069,21.131716165335042
2020-04-28 16:45:00,13.788,21.116712375100878
2020-04-28 17:00:00,13.085,20.64754815991659
2020-04-28 17:15:00,13.014,20.567876198157645
2020-04-28 17:30:00,12.944,20.033198724026093
2020-04-28 17:45:00,12.733,20.224043431495616
2020-04-28 18:00:00,12.592,20.02633917549734
2020-04-28 18:15:00,12.311,19.36886072405641
2020-04-28 18:30:00,12.381,19.027690892573666
2020-04-28 18:45:00,11.959,18.76111352144665
2020-04-28 19:00:00,11.818,19.01059265257938
2020-04-28 19:15:00,11.748,18.30708726826256
2020-04-28 19:30:00,11.537,17.296136105707795
2020-04-28 19:45:00,11.326,16.921662149652683
2020-04-28 20:00:00,11.537,17.163237780320863
2020-04-28 20:15:00,11.396,16.42148310850931
2020-04-28 20:30:00,11.326,16.573798198609683
2020-04-28 20:45:00,11.185,16.266976902940915
2020-04-28 21:00:00,11.115,16.74530170753622
2020-04-28 21:15:00,10.904,16.53844954913704
2020-04-28 21:30:00,10.833,16.70452172574703
2020-04-28 21:45:00,10.833,16.808906137043873
2020-04-28 22:00:00,10.833,16.8334301819532
2020-04-28 22:15:00,10.763,17.188246330321103
2020-04-28 22:30:00,10.833,16.82369486956037
2020-04-28 22:45:00,10.833,16.936976849326225
2020-04-28 23:00:00,10.693,16.828157718581103
2020-04-28 23:15:00,10.833,16.68966813174607
2020-04-28 23:30:00,10.974,16.769502653303018
2020-04-28 23:45:00,10.904,17.001612754276046
2020-04-29 00:00:00,10.904,16.652878047861126
2020-04-29 00:15:00,11.185,16.268829583265305
2020-04-29 00:30:00,11.326,16.339878103243993
2020-04-29 00:45:00,11.326,16.299389563635085
2020-04-29 01:00:00,11.607,16.20469319337665
2020-04-29 01:15:00,11.396,16.076380527215008
2020-04-29 01:30:00,11.537,16.277855208914733
2020-04-29 01:45:00,11.678,16.00817735722875
2020-04-29 02:00:00,11.607,15.907633854524091
2020-04-29 02:15:00,11.467,16.02579344274885
2020-04-29 02:30:00,11.467,15.833717065567328
2020-04-29 02:45:00,11.326,15.876592571758879
2020-04-29 03:00:00,11.185,15.605257853009283
2020-04-29 03:15:00,11.326,15.397364143864252
2020-04-29 03:30:00,11.537,15.267683737801091
2020-04-29 03:45:00,11.326,14.973506095336836
2020-04-29 04:00:00,11.748,14.886833131916001
2020-04-29 04:15:00,11.467,14.8193794736511
2020-04-29 04:30:00,11.678,14.493441637950633
2020-04-29 04:45:00,11.537,14.746440154138755
2020-04-29 05:00:00,11.607,14.492612639398951
2020-04-29 05:15:00,11.537,14.874050419582984
2020-04-29 05:30:00,11.607,14.942625784424973
2020-04-29 05:45:00,11.607,14.862011474975276
2020-04-29 06:00:00,11.326,15.010964955337146
2020-04-29 06:15:00,11.467,15.666887579431664
2020-04-29 06:30:00,11.537,15.860914462597115
2020-04-29 06:45:00,11.818,16.399678268133773
2020-04-29 07:00:00,11.959,16.81075626248468
2020-04-29 07:15:00,11.818,16.23120829888742
2020-04-29 07:30:00,11.748,16.663701266175487
2020-04-29 07:45:00,12.311,17.004585765163426
2020-04-29 08:00:00,12.592,17.30400830055205
2020-04-29 08:15:00,12.592,16.899972075477837
2020-04-29 08:30:00,12.381,17.461742209847305
2020-04-29 08:45:00,12.381,17.52919434790075
2020-04-29 09:00:00,12.662,17.554763102873505
2020-04-29 09:15:00,12.874,17.456419544955356
2020-04-29 09:30:00,12.803,17.128901612015323
2020-04-29 09:45:00,12.592,17.47969782642085
2020-04-29 10:00:00,12.592,17.22900373204236
2020-04-29 10:15:00,12.029,16.90341838065187
2020-04-29 10:30:00,11.889,16.7313486757163
2020-04-29 10:45:00,11.467,16.69910018351735
2020-04-29 11:00:00,12.029,17.004339436290792
2020-04-29 11:15:00,11.959,17.25535830051093
2020-04-29 11:30:00,12.311,16.91142378786481
2020-04-29 11:45:00,12.592,17.449452535508456
2020-04-29 12:00:00,12.522,17.5497613563645
2020-04-29 12:15:00,12.522,17.88436614617316
2020-04-29 12:30:00,12.17,17.85520666788046
2020-04-29 12:45:00,12.522,18.246850345942725
2020-04-29 13:00:00,11.959,18.59911540313031
2020-04-29 13:15:00,12.381,18.853803496937605
2020-04-29 13:30:00,12.17,19.03644575865881
2020-04-29 13:45:00,12.662,18.94881669733221
2020-04-29 14:00:00,12.803,19.160320518526174
2020-04-29 14:15:00,12.592,19.079122790989484
2020-04-29 14:30:00,12.874,19.53544376203571
2020-04-29 14:45:00,12.803,19.24485233970682
2020-04-29 15:00:00,12.662,19.20030241177627
2020-04-29 15:15:00,12.522,19.14469392179315
2020-04-29 15:30:00,12.522,19.39797387045414
2020-04-29 15:45:00,12.803,19.49581815833437
2020-04-29 16:00:00,12.451,19.18548005205807
2020-04-29 16:15:00,12.662,19.385701204394433
2020-04-29 16:30:00,13.225,19.602021310108
2020-04-29 16:45:00,13.366,19.35434844122553
2020-04-29 17:00:00,13.296,19.437984566631755
2020-04-29 17:15:00,13.014,19.640450559243202
2020-04-29 17:30:00,13.296,19.45480842290762
2020-04-29 17:45:00,13.296,19.50676086286993
2020-04-29 18:00:00,12.944,19.867030296414175
2020-04-29 18:15:00,13.014,19.26041323110246
2020-04-29 18:30:00,13.225,18.752992150266216
2020-04-29 18:45:00,12.944,18.520223222846447
2020-04-29 19:00:00,12.733,17.79635292661959
2020-04-29 19:15:00,12.733,17.204153521085104
2020-04-29 19:30:00,12.662,17.558946774590957
2020-04-29 19:45:00,12.733,17.4905890111268
2020-04-29 20:00:00,12.662,17.01540348668098
2020-04-29 20:15:00,12.381,16.957957011209878
2020-04-29 20:30:00,12.311,17.410321596946957
2020-04-29 20:45:00,12.24,17.357085837233843
2020-04-29 21:00:00,12.451,17.085466817872987
2020-04-29 21:15:00,12.662,17.121235695465202
2020-04-29 21:30:00,12.733,17.212427158247117
2020-04-29 21:45:00,12.803,17.08341356456598
2020-04-29 22:00:00,12.522,17.11708012932312
2020-04-29 22:15:00,12.592,16.747155481765923
2020-04-29 22:30:00,12.592,17.071005485525493
2020-04-29 22:45:00,12.522,17.224271211231375
2020-04-29 23:00:00,12.381,16.973280517645517
2020-04-29 23:15:00,12.381,17.28373532696366
2020-04-29 23:30:00,12.592,16.82849768730021
2020-04-29 23:45:00,12.522,16.942616484733115
2020-04-30 00:00:00,12.733,16.876055537593874
2020-04-30 00:15:00,12.592,16.802193455180745
2020-04-30 00:30:00,12.451,16.69244239437153
2020-04-30 00:45:00,12.522,16.481039111964368
2020-04-30 01:00:00,12.522,16.138298907528743
2020-04-30 01:15:00,12.24,16.101221799131377
2020-04-30 01:30:00,12.311,15.959345220687641
2020-04-30 01:45:00,12.311,15.975245622838504
2020-04-30 02:00:00,12.1,15.877856873375558
2020-04-30 02:15:00,11.678,15.708105304664333
2020-04-30 02:30:00,12.17,15.768957822069106
2020-04-30 02:45:00,12.24,15.518047149371853
2020-04-30 03:00:00,11.678,15.543439978388836
2020-04-30 03:15:00,12.029,15.4925387736763
2020-04-30 03:30:00,12.029,15.192308040650909
2020-04-30 03:45:00,11.889,15.13255503770287
2020-04-30 04:00:00,11.889,14.76652365946242
2020-04-30 04:15:00,12.1,14.680252094542832
2020-04-30 04:30:00,12.24,14.607609904203935
2020-04-30 04:45:00,12.451,14.385218561818855
2020-04-30 05:00:00,12.592,14.111905529640255
2020-04-30 05:15:00,12.662,14.614525042657379
2020-04-30 05:30:00,12.522,14.388080976003266
2020-04-30 05:45:00,12.662,14.742239691027581
2020-04-30 06:00:00,12.733,15.299599577114687
2020-04-30 06:15:00,12.733,15.523315121046492
2020-04-30 06:30:00,12.874,15.300913533807373
2020-04-30 06:45:00,12.874,15.357873411338478
2020-04-30 07:00:00,12.944,15.7243746430038
2020-04-30 07:15:00,13.014,15.55188061669485
2020-04-30 07:30:00,12.874,16.00781967051096
2020-04-30 07:45:00,12.592,15.901182267148366
2020-04-30 08:00:00,12.874,15.825117559074174
2020-04-30 08:15:00,12.733,16.178707440653245
2020-04-30 08:30:00,12.944,16.064375043072506
2020-04-30 08:45:00,12.874,16.815966488536933
2020-04-30 09:00:00,12.522,17.1766091970019
2020-04-30 09:15:00,12.451,16.955346583599084
2020-04-30 09:30:00,12.874,17.113604263441218
2020-04-30 09:45:00,13.436,17.231868950918116
2020-04-30 10:00:00,13.718,16.997434084415076
2020-04-30 10:15:00,13.788,16.763908494786126
2020-04-30 10:30:00,13.436,16.850920948894853
2020-04-30 10:45:00,13.718,17.169020932573492
2020-04-30 11:00:00,13.647,17.670697500385412
2020-04-30 11:15:00,14.069,18.066068009417243
2020-04-30 11:30:00,14.069,17.97160676497676
2020-04-30 11:45:00,14.421,17.396264647669796
2020-04-30 12:00:00,14.562,17.674061675675436
2020-04-30 12:15:00,14.14,17.788131735813426
2020-04-30 12:30:00,14.984,17.849519412809435
2020-04-30 12:45:00,15.054,17.81535433554235
2020-04-30 13:00:00,14.843,17.888622165108345
2020-04-30 13:15:00,15.195,17.730622404140895
2020-04-30 13:30:00,14.773,17.917764084734323
2020-04-30 13:45:00,14.914,17.807932264307045
2020-04-30 14:00:00,15.054,18.090575999291115
2020-04-30 14:15:00,14.984,17.945634606668076
2020-04-30 14:30:00,15.195,18.24601372922211
2020-04-30 14:45:00,15.476,17.957659711378266
2020-04-30 15:00:00,15.898,17.87265047576037
2020-04-30 15:15:00,16.321,17.99544239613419
2020-04-30 15:30:00,16.461,17.68726644049364
2020-04-30 15:45:00,16.321,18.059709512582582
2020-04-30 16:00:00,16.813,17.86979824013191
2020-04-30 16:15:00,16.461,18.133636977197497
2020-04-30 16:30:00,16.109,18.136312320766002
2020-04-30 16:45:00,16.25,18.025961508887374
2020-04-30 17:00:00,15.828,18.29439337240876
2020-04-30 17:15:00,15.758,17.902740106993875
2020-04-30 17:30:00,15.336,17.71942897485597
2020-04-30 17:45:00,14.984,17.610265360404707
2020-04-30 18:00:00,14.773,17.944080888966365
2020-04-30 18:15:00,14.562,17.505411775414203
2020-04-30 18:30:00,14.351,17.461519019562655
2020-04-30 18:45:00,14.421,17.691132086907192
2020-04-30 19:00:00,14.491,17.395464489074797
2020-04-30 19:15:00,14.351,17.20696997016638
2020-04-30 19:30:00,14.351,16.61724287802027
2020-04-30 19:45:00,14.14,17.142032338250747
2020-04-30 20:00:00,13.577,16.787709977296448
2020-04-30 20:15:00,13.436,16.7863796386228
2020-04-30 20:30:00,13.225,16.733682792490633
2020-04-30 20:45:00,13.296,16.08782746291217
2020-04-30 21:00:00,13.225,16.241883494392386
2020-04-30 21:15:00,13.225,15.832848533548487
2020-04-30 21:30:00,13.366,16.256070901624064
2020-04-30 21:45:00,13.366,16.056931502405693
2020-04-30 22:00:00,13.507,16.247396252265997
2020-04-30 22:15:00,13.436,16.36674573634758
2020-04-30 22:30:00,13.225,16.46094256240751
2020-04-30 22:45:00,13.366,16.40512387535154
2020-04-30 23:00:00,13.366,16.41531909088901
2020-04-30 23:15:00,13.225,16.118331560538078
2020-04-30 23:30:00,13.296,16.070898023033806
2020-04-30 23:45:00,13.296,16.18581473282522
2020-05-01 00:00:00,13.436,16.273568293112593
2020-05-01 00:15:00,13.507,16.144381549033977
2020-05-01 00:30:00,13.507,16.085221017728845
2020-05-01 00:45:00,13.436,16.21780273132793
2020-05-01 01:00:00,13.436,16.180327237711374
2020-05-01 01:15:00,13.507,16.247254584585413
2020-05-01 01:30:00,13.366,16.148806094867883
2020-05-01 01:45:00,13.366,16.175374633025296
2020-05-01 02:00:00,13.577,16.05830426088456
2020-05-01 02:15:00,13.296,16.11616232861965
2020-05-01 02:30:00,13.366,16.072507140314197
2020-05-01 02:45:00,13.577,15.663970522212887
2020-05-01 03:00:00,13.436,15.742797988699389
2020-05-01 03:15:00,13.155,15.659444518913492
2020-05-01 03:30:00,12.944,15.673380805754798
2020-05-01 03:45:00,13.014,15.324125522974656
2020-05-01 04:00:00,13.085,15.351825977233121
2020-05-01 04:15:00,13.507,15.071969127450501
2020-05-01 04:30:00,13.225,14.93091308666275
2020-05-01 04:45:00,13.296,14.737776538899908
2020-05-01 05:00:00,13.647,14.975459249222915
2020-05-01 05:15:00,13.788,14.593279365696732
2020-05-01 05:30:00,13.647,14.357611954230087
2020-05-01 05:45:00,13.647,14.17381140379241
2020-05-01 06:00:00,13.788,14.269856067816598
2020-05-01 06:15:00,13.507,14.120227830710208
2020-05-01 06:30:00,13.999,14.039864887973607
2020-05-01 06:45:00,13.999,13.894345012016492
2020-05-01 07:00:00,13.999,13.986553543421463
2020-05-01 07:15:00,13.999,14.078254054170703
2020-05-01 07:30:00,14.14,14.122579905061338
2020-05-01 07:45:00,14.28,14.195314405784895
2020-05-01 08:00:00,14.069,14.073589775511419
2020-05-01 08:15:00,13.718,14.082225132493164
2020-05-01 08:30:00,13.507,14.529867792192347
2020-05-01 08:45:00,13.577,14.266092565109572
2020-05-01 09:00:00,13.436,14.720675384726386
2020-05-01 09:15:00,13.788,14.694483936372857
2020-05-01 09:30:00,13.647,14.85719186616325
2020-05-01 09:45:00,13.366,15.55941877838881
2020-05-01 10:00:00,13.577,15.946597350077448
2020-05-01 10:15:00,13.507,16.111616501188802
2020-05-01 10:30:00,13.085,16.532634836054573
2020-05-01 10:45:00,12.451,16.846486780519452
2020-05-01 11:00:00,12.874,17.14808877166139
2020-05-01 11:15:00,12.662,17.364896339145552
2020-05-01 11:30:00,12.944,17.05947701843957
2020-05-01 11:45:00,12.662,16.998169166411937
2020-05-01 12:00:00,12.874,17.240220055160027
2020-05-01 12:15:00,12.592,17.46305884296982
2020-05-01 12:30:00,12.522,17.621810141513706
2020-05-01 12:45:00,12.17,18.075888675135374
2020-05-01 13:00:00,12.381,18.076515978227306
2020-05-01 13:15:00,12.24,18.29284354634652
2020-05-01 13:30:00,12.24,18.099618271120423
2020-05-01 13:45:00,12.029,18.13623331231134
2020-05-01 14:00:00,12.733,17.777133799883504
2020-05-01 14:15:00,13.014,17.685060660181595
2020-05-01 14:30:00,13.225,17.583070682692032
2020-05-01 14:45:00,13.296,17.53289581701284
2020-05-01 15:00:00,13.507,17.733823916319206
2020-05-01 15:15:00,13.858,17.741322294434323
2020-05-01 15:30:00,13.999,17.939684852117352
2020-05-01 15:45:00,13.647,18.10031178225403
2020-05-01 16:00:00,13.436,18.00437027576117
2020-05-01 16:15:00,13.718,18.19323543063974
2020-05-01 16:30:00,13.647,18.24491161096641
2020-05-01 16:45:00,13.647,18.16313432473623
2020-05-01 17:00:00,13.647,18.16966517951402
2020-05-01 17:15:00,13.507,18.412765864927795
2020-05-01 17:30:00,13.225,18.75434123772094
2020-05-01 17:45:00,7.668,18.377681672610883
2020-05-01 18:00:00,7.527,18.394174849225617
2020-05-01 18:15:00,7.809,18.823614512852235
2020-05-01 18:30:00,6.402,19.221230599143077
2020-05-01 18:45:00,5.698,19.381184765869175
2020-05-01 19:00:00,5.768,19.36995590348864
2020-05-01 19:15:00,5.979,19.52599503089236
2020-05-01 19:30:00,6.824,19.505450134709847
2020-05-01 19:45:00,6.824,18.69519542316691
2020-05-01 20:00:00,8.02,18.28951053693275
2020-05-01 20:15:00,9.426,17.525946601276896
2020-05-01 20:30:00,9.919,17.187333834508948
2020-05-01 20:45:00,9.849,17.263245185281836
2020-05-01 21:00:00,9.778,16.781332119543453
2020-05-01 21:15:00,10.271,16.691197605237942
2020-05-01 21:30:00,10.552,16.8882108624702
2020-05-01 21:45:00,10.763,16.64554268364075
2020-05-01 22:00:00,10.833,16.756979629950884
2020-05-01 22:15:00,10.693,16.777512523661763
2020-05-01 22:30:00,10.482,16.73876176651149
2020-05-01 22:45:00,10.622,16.593828020412563
2020-05-01 23:00:00,10.482,16.965301312073855
2020-05-01 23:15:00,10.271,16.482351571256768
2020-05-01 23:30:00,10.341,16.32412252388399
2020-05-01 23:45:00,10.833,16.235438621307797
2020-05-02 00:00:00,10.482,16.260107585597233
2020-05-02 00:15:00,10.341,16.20653251394791
2020-05-02 00:30:00,10.411,16.0562588018073
2020-05-02 00:45:00,10.622,15.871679333915447
2020-05-02 01:00:00,10.341,15.939869730644135
2020-05-02 01:15:00,10.271,15.95991427983182
2020-05-02 01:30:00,10.622,15.930718917118918
2020-05-02 01:45:00,10.482,15.817853867876114
2020-05-02 02:00:00,10.2,15.732475455700625
2020-05-02 02:15:00,9.778,15.834350530792685
2020-05-02 02:30:00,9.497,15.748528574796191
2020-05-02 02:45:00,9.356,15.841216894462832
2020-05-02 03:00:00,10.06,15.852339760385243
2020-05-02 03:15:00,10.13,15.880138480700785
2020-05-02 03:30:00,9.497,15.665726310398306
2020-05-02 03:45:00,9.567,15.685193551315251
2020-05-02 04:00:00,9.567,15.56336111414469
2020-05-02 04:15:00,9.778,15.394132331215541
2020-05-02 04:30:00,9.778,15.370831698906288
2020-05-02 04:45:00,9.919,15.379797325647965
2020-05-02 05:00:00,9.638,15.205898984068451
2020-05-02 05:15:00,9.919,14.870570593978844
2020-05-02 05:30:00,10.2,14.949590607040824
2020-05-02 05:45:00,10.06,14.94524922859345
2020-05-02 06:00:00,10.13,15.043611483973885
2020-05-02 06:15:00,9.849,14.89877787095806
2020-05-02 06:30:00,9.426,14.701090591963942
2020-05-02 06:45:00,8.934,14.583336386584085
2020-05-02 07:00:00,9.215,14.75482683389166
2020-05-02 07:15:00,9.286,14.701990679922357
2020-05-02 07:30:00,9.215,14.89883676920767
2020-05-02 07:45:00,9.075,15.144186795322462
2020-05-02 08:00:00,9.215,15.123964961902061
2020-05-02 08:15:00,9.919,15.180418202687246
2020-05-02 08:30:00,9.849,15.33813827879801
2020-05-02 08:45:00,9.567,15.535002643048795
2020-05-02 09:00:00,9.708,15.45299900961302
2020-05-02 09:15:00,9.778,16.068515296937747
2020-05-02 09:30:00,9.497,15.976871748608216
2020-05-02 09:45:00,9.356,16.34578291476798
2020-05-02 10:00:00,9.286,16.700400235931337
2020-05-02 10:15:00,9.356,16.976011022470786
2020-05-02 10:30:00,9.145,17.27477715895075
2020-05-02 10:45:00,9.215,17.35259380252046
2020-05-02 11:00:00,9.426,17.65689950548703
2020-05-02 11:15:00,9.919,17.520438812519895
2020-05-02 11:30:00,9.989,17.945046222798666
2020-05-02 11:45:00,9.567,17.84664534916247
2020-05-02 12:00:00,9.919,17.94502014543119
2020-05-02 12:15:00,10.693,17.9517573892497
2020-05-02 12:30:00,10.341,17.869253833859137
2020-05-02 12:45:00,10.13,17.908190023405055
2020-05-02 13:00:00,9.919,18.380750738383018
2020-05-02 13:15:00,10.06,18.633356216202174
2020-05-02 13:30:00,9.989,19.189647266894188
2020-05-02 13:45:00,10.271,18.959821314164966
2020-05-02 14:00:00,9.919,19.132086147753053
2020-05-02 14:15:00,10.13,19.267882350581072
2020-05-02 14:30:00,10.2,19.214824098546366
2020-05-02 14:45:00,10.271,19.516838551858495
2020-05-02 15:00:00,10.271,19.40404436476897
2020-05-02 15:15:00,10.271,19.82085719194823
2020-05-02 15:30:00,10.341,19.99400743506653
2020-05-02 15:45:00,10.693,19.65386716839569
2020-05-02 16:00:00,10.482,19.746186708512653
2020-05-02 16:15:00,10.693,19.974070704645115
2020-05-02 16:30:00,10.341,19.657161274807137
2020-05-02 16:45:00,10.693,19.568661768085985
2020-05-02 17:00:00,10.622,19.613643977287165
2020-05-02 17:15:00,10.411,19.547266855701917
2020-05-02 17:30:00,10.833,19.780816556396875
2020-05-02 17:45:00,10.763,19.306273583987164
2020-05-02 18:00:00,10.833,19.684790655964758
2020-05-02 18:15:00,10.341,19.73416727957585
2020-05-02 18:30:00,10.271,19.467268366034446
2020-05-02 18:45:00,10.271,19.790374122073658
2020-05-02 19:00:00,10.06,19.099812001624045
2020-05-02 19:15:00,10.271,18.7713231912325
2020-05-02 19:30:00,10.13,18.769135149357865
2020-05-02 19:45:00,9.919,18.227487535091633
2020-05-02 20:00:00,10.13,18.163615879956673
2020-05-02 20:15:00,9.778,17.661455833047246
2020-05-02 20:30:00,9.638,17.894979530071144
2020-05-02 20:45:00,9.638,17.093438733261916
2020-05-02 21:00:00,9.075,17.331191603998246
2020-05-02 21:15:00,8.653,17.01742771381299
2020-05-02 21:30:00,8.16,17.025556393439192
2020-05-02 21:45:00,8.371,16.721286888297662
2020-05-02 22:00:00,8.02,17.06714164080337
2020-05-02 22:15:00,7.879,17.21505967440663
2020-05-02 22:30:00,7.809,17.318844264801665
2020-05-02 22:45:00,7.738,17.369407332943958
2020-05-02 23:00:00,7.738,17.08852506367091
2020-05-02 23:15:00,8.02,16.97963212672151
2020-05-02 23:30:00,8.301,17.116590620723038
2020-05-02 23:45:00,8.442,16.896616716568534
2020-05-03 00:00:00,8.231,16.783759546543962
2020-05-03 00:15:00,8.371,16.936779006549028
2020-05-03 00:30:00,8.02,16.701492395821976
2020-05-03 00:45:00,7.949,16.73451561053885
2020-05-03 01:00:00,7.809,16.79725893595093
2020-05-03 01:15:00,8.16,16.656330254048896
2020-05-03 01:30:00,8.02,16.312250786257117
2020-05-03 01:45:00,8.301,16.42979399267055
2020-05-03 02:00:00,8.231,16.25962017483836
2020-05-03 02:15:00,8.16,16.107742516218465
2020-05-03 02:30:00,8.371,16.081354739523512
2020-05-03 02:45:00,8.442,15.949206881994481
2020-05-03 03:00:00,8.723,15.743593354770962
2020-05-03 03:15:00,8.723,15.633014933584926
2020-05-03 03:30:00,8.371,15.569114697579549
2020-05-03 03:45:00,8.582,15.82071667127021
2020-05-03 04:00:00,8.582,15.602558574728674
2020-05-03 04:15:00,8.442,15.431360277980238
2020-05-03 04:30:00,8.371,15.70358449936275
2020-05-03 04:45:00,8.442,15.524768456179531
2020-05-03 05:00:00,8.371,15.35723696107031
2020-05-03 05:15:00,8.231,15.302561646524065
2020-05-03 05:30:00,8.512,15.472402195520221
2020-05-03 05:45:00,8.512,15.534755028473805
2020-05-03 06:00:00,8.653,15.529227784642302
2020-05-03 06:15:00,8.864,15.478573158142156
2020-05-03 06:30:00,9.286,15.273499247372836
2020-05-03 06:45:00,9.145,15.440271197151764
2020-05-03 07:00:00,9.638,15.423934074651894
2020-05-03 07:15:00,10.13,15.81952243303512
2020-05-03 07:30:00,10.622,15.741458982464184
2020-05-03 07:45:00,10.271,15.49831379788052
2020-05-03 08:00:00,9.919,15.439135203787144
2020-05-03 08:15:00,10.13,15.351238987150184
2020-05-03 08:30:00,9.919,15.356809271276155
2020-05-03 08:45:00,9.215,15.717306175384785
2020-05-03 09:00:00,9.708,16.10149897197467
2020-05-03 09:15:00,9.426,16.463406586459218
2020-05-03 09:30:00,9.075,16.212662181683037
2020-05-03 09:45:00,9.286,16.164289769533088
2020-05-03 10:00:00,9.497,16.304737568971795
2020-05-03 10:15:00,9.356,16.577217755490565
2020-05-03 10:30:00,9.356,16.667025142371088
2020-05-03 10:45:00,9.497,16.87209107517412
2020-05-03 11:00:00,9.215,17.22624608654321
2020-05-03 11:15:00,9.567,17.083694910242873
2020-05-03 11:30:00,9.919,17.288658629062272
2020-05-03 11:45:00,9.567,17.404243053211758
2020-05-03 12:00:00,9.778,17.828111727276774
2020-05-03 12:15:00,10.13,17.803472196433955
2020-05-03 12:30:00,10.2,18.377807717695273
2020-05-03 12:45:00,10.482,18.39430584941425
2020-05-03 13:00:00,10.622,18.639180165112638
2020-05-03 13:15:00,10.411,18.61534561996248
2020-05-03 13:30:00,10.833,18.783393505395807
2020-05-03 13:45:00,11.678,19.006564635540375
2020-05-03 14:00:00,12.029,19.22084973934175
2020-05-03 14:15:00,11.748,19.385774766756075
2020-05-03 14:30:00,12.17,19.430015017352893
2020-05-03 14:45:00,12.311,19.02736653552362
2020-05-03 15:00:00,12.944,19.394092792386186
2020-05-03 15:15:00,12.944,19.30681466324369
2020-05-03 15:30:00,13.436,19.694831610604027
2020-05-03 15:45:00,13.436,19.83969716813362
2020-05-03 16:00:00,13.858,19.80856074530204
2020-05-03 16:15:00,13.718,19.510393726381235
2020-05-03 16:30:00,13.296,19.516537978568902
2020-05-03 16:45:00,13.296,19.43736241228146
2020-05-03 17:00:00,12.944,19.505004178077908
2020-05-03 17:15:00,13.014,19.558253901471407
2020-05-03 17:30:00,13.225,19.390197180179623
2020-05-03 17:45:00,13.014,19.221900808885042
2020-05-03 18:00:00,13.296,19.28641760229578
2020-05-03 18:15:00,12.662,18.999015705968937
2020-05-03 18:30:00,12.029,18.62763560875719
2020-05-03 18:45:00,12.029,18.34956782743146
2020-05-03 19:00:00,11.537,18.187516500982376
2020-05-03 19:15:00,11.326,18.077204689843065
2020-05-03 19:30:00,11.607,17.990537022471884
2020-05-03 19:45:00,11.467,17.05276609135013
2020-05-03 20:00:00,11.396,17.73816281151212
2020-05-03 20:15:00,10.974,17.096486547225787
2020-05-03 20:30:00,11.044,17.150941032156517
2020-05-03 20:45:00,11.326,17.114794460930508
2020-05-03 21:00:00,11.326,17.006330527957008
2020-05-03 21:15:00,11.185,16.965218890057503
2020-05-03 21:30:00,11.044,16.79894207779374
2020-05-03 21:45:00,11.256,16.80714234947663
2020-05-03 22:00:00,10.974,16.806034016773012
2020-05-03 22:15:00,10.904,16.856351100626807
2020-05-03 22:30:00,10.974,17.097935239309
2020-05-03 22:45:00,10.904,16.880587950984065
2020-05-03 23:00:00,10.904,16.738889234120197
2020-05-03 23:15:00,10.622,16.763273573625938
2020-05-03 23:30:00,10.622,16.764392641372396
2020-05-03 23:45:00,10.411,16.727750551140467
2020-05-04 00:00:00,10.411,16.655944725633567
2020-05-04 00:15:00,10.271,16.58868567163318
2020-05-04 00:30:00,10.482,16.770364451298466
2020-05-04 00:45:00,10.271,16.827977006454464
2020-05-04 01:00:00,10.341,16.701061986504236
2020-05-04 01:15:00,10.13,16.849506298398026
2020-05-04 01:30:00,10.06,16.638526098802625
2020-05-04 01:45:00,10.13,16.50102345708694
2020-05-04 02:00:00,10.13,16.235681083353928
2020-05-04 02:15:00,10.271,15.876144956584891
2020-05-04 02:30:00,10.06,15.994789461716254
2020-05-04 02:45:00,10.13,16.140533806226678
2020-05-04 03:00:00,10.06,15.95699586967055
2020-05-04 03:15:00,10.06,16.02508253541867
2020-05-04 03:30:00,10.271,15.707654963436493
2020-05-04 03:45:00,10.2,15.793886639795188
2020-05-04 04:00:00,10.2,15.734688165795578
2020-05-04 04:15:00,10.341,15.660183478189763
2020-05-04 04:30:00,10.2,15.667686699208838
2020-05-04 04:45:00,10.06,15.680779797131704
2020-05-04 05:00:00,10.271,15.454706745514466
2020-05-04 05:15:00,9.919,15.632295516167854
2020-05-04 05:30:00,10.271,15.644334090105387
2020-05-04 05:45:00,10.341,15.564946350745691
2020-05-04 06:00:00,10.2,15.557324432388741
2020-05-04 06:15:00,10.622,15.475618045784357
2020-05-04 06:30:00,10.341,15.659962888078873
2020-05-04 06:45:00,10.693,15.540987854471616
2020-05-04 07:00:00,11.044,15.636739021436503
2020-05-04 07:15:00,11.185,15.765593858594412
2020-05-04 07:30:00,11.256,15.980624050268784
2020-05-04 07:45:00,11.607,15.802488487905082
2020-05-04 08:00:00,11.537,15.826193878246945
2020-05-04 08:15:00,12.17,15.964920292490245
2020-05-04 08:30:00,11.678,16.003767364733484
2020-05-04 08:45:00,11.185,16.037037357212963
2020-05-04 09:00:00,10.974,16.436609900340216
2020-05-04 09:15:00,11.537,16.52917740508621
2020-05-04 09:30:00,11.326,16.54011349216342
2020-05-04 09:45:00,11.396,16.79657390255305
2020-05-04 10:00:00,11.326,16.78419161823173
2020-05-04 10:15:00,11.467,16.744696305136905
2020-05-04 10:30:00,11.607,17.286233682096974
2020-05-04 10:45:00,11.607,17.15350492907392
2020-05-04 11:00:00,12.029,17.490737642043236
2020-05-04 11:15:00,11.959,17.452750725989965
2020-05-04 11:30:00,12.311,17.76785941096365
2020-05-04 11:45:00,12.17,17.681647131085946
2020-05-04 12:00:00,12.311,17.8947890659995
2020-05-04 12:15:00,12.451,18.044097381367127
2020-05-04 12:30:00,12.733,18.62617597145014
2020-05-04 12:45:00,12.522,18.730261847419058
2020-05-04 13:00:00,13.155,18.952798633630387
2020-05-04 13:15:00,13.647,19.07456153551295
2020-05-04 13:30:00,13.929,19.1821404453009
2020-05-04 13:45:00,13.999,19.52791539923432
2020-05-04 14:00:00,14.21,19.837318127444355
2020-05-04 14:15:00,13.999,19.56838647679736
2020-05-04 14:30:00,14.069,19.662916210234023
2020-05-04 14:45:00,14.14,19.913143039809558
2020-05-04 15:00:00,14.491,19.75367023329237
2020-05-04 15:15:00,15.054,19.833776268172596
2020-05-04 15:30:00,15.195,20.084208628925875
2020-05-04 15:45:00,15.687,20.136725636886258
2020-05-04 16:00:00,15.547,20.667890390021352
2020-05-04 16:15:00,14.914,20.493445496721105
2020-05-04 16:30:00,14.843,20.374830654155982
2020-05-04 16:45:00,14.351,20.27586981614348
2020-05-04 17:00:00,13.788,20.053367986532237
2020-05-04 17:15:00,13.507,19.596475936362594
2020-05-04 17:30:00,13.718,19.72991419916066
2020-05-04 17:45:00,13.788,19.93799852121454
2020-05-04 18:00:00,13.507,19.71724987605622
2020-05-04 18:15:00,13.507,19.515817990067845
2020-05-04 18:30:00,13.085,19.20849276925562
2020-05-04 18:45:00,13.225,19.39593713387951
2020-05-04 19:00:00,12.662,19.171947998632145
2020-05-04 19:15:00,12.592,18.68515588010225
2020-05-04 19:30:00,12.592,18.916898315864103
2020-05-04 19:45:00,12.522,19.23789568633155
2020-05-04 20:00:00,12.662,18.320652336755316
2020-05-04 20:15:00,12.662,18.151226235083858
2020-05-04 20:30:00,12.592,17.80238010232667
2020-05-04 20:45:00,12.733,17.48470707657359
2020-05-04 21:00:00,12.662,17.690825590864293
2020-05-04 21:15:00,12.662,17.401209598320015
2020-05-04 21:30:00,12.944,17.510493811416794
2020-05-04 21:45:00,12.592,17.354040279359133
2020-05-04 22:00:00,12.451,17.427446628990683
2020-05-04 22:15:00,12.451,17.106748126950077
2020-05-04 22:30:00,12.592,17.080020805911992
2020-05-04 22:45:00,12.381,17.00352546667388
2020-05-04 23:00:00,12.522,16.892719176827082
2020-05-04 23:15:00,12.381,16.926472965277004
2020-05-04 23:30:00,12.381,16.915151986937254
2020-05-04 23:45:00,12.311,17.020520256839497
2020-05-05 00:00:00,11.959,16.883899196136632
2020-05-05 00:15:00,11.818,16.752135207062285
2020-05-05 00:30:00,11.959,16.811412352141787
2020-05-05 00:45:00,12.311,16.524077821596475
2020-05-05 01:00:00,12.24,16.29538516519772
2020-05-05 01:15:00,12.029,16.337193798923064
2020-05-05 01:30:00,12.311,16.48395580000121
2020-05-05 01:45:00,11.889,16.40095150522901
2020-05-05 02:00:00,12.1,16.494995349811663
2020-05-05 02:15:00,12.1,16.132710329488894
2020-05-05 02:30:00,11.607,16.18443901920794
2020-05-05 02:45:00,12.17,16.332896814891548
2020-05-05 03:00:00,11.889,16.139238628661175
2020-05-05 03:15:00,11.678,16.108655448999173
2020-05-05 03:30:00,11.607,16.14992694832043
2020-05-05 03:45:00,11.889,15.952507470218764
2020-05-05 04:00:00,11.467,15.960174229874614
2020-05-05 04:15:00,10.693,15.993701469070079
2020-05-05 04:30:00,8.02,15.868457445501585
2020-05-05 04:45:00,7.949,16.031156864208363
2020-05-05 05:00:00,8.723,15.946918291322019
2020-05-05 05:15:00,9.426,16.013177511196446
2020-05-05 05:30:00,10.271,16.056508479200847
2020-05-05 05:45:00,10.482,16.1929539226902
2020-05-05 06:00:00,10.833,16.071608958884255
2020-05-05 06:15:00,11.044,15.939169062368713
2020-05-05 06:30:00,11.044,16.105627678092226
2020-05-05 06:45:00,7.738,16.10822122784922
2020-05-05 07:00:00,7.316,15.874793505857598
2020-05-05 07:15:00,7.668,16.15980985022591
2020-05-05 07:30:00,8.371,15.877767856151639
2020-05-05 07:45:00,9.567,16.133436981645453
2020-05-05 08:00:00,9.708,16.34372152643054
2020-05-05 08:15:00,8.231,16.541693566637225
2020-05-05 08:30:00,8.09,16.530214344907865
2020-05-05 08:45:00,7.597,16.202229771560376
2020-05-05 09:00:00,6.683,16.589436647837328
2020-05-05 09:15:00,6.542,16.79506246153995
2020-05-05 09:30:00,7.386,17.28240750033408
2020-05-05 09:45:00,8.16,17.02884716502915
2020-05-05 10:00:00,8.864,17.353731436966786
2020-05-05 10:15:00,9.638,17.382178815819028
2020-05-05 10:30:00,9.638,17.79842300239845
2020-05-05 10:45:00,9.708,17.692726098441884
2020-05-05 11:00:00,10.13,17.646150341793792
2020-05-05 11:15:00,9.989,17.617672663626255
2020-05-05 11:30:00,10.341,17.516966062408226
2020-05-05 11:45:00,10.552,17.675042148981607
2020-05-05 12:00:00,11.044,18.132985220939627
2020-05-05 12:15:00,11.185,18.33834341415492
2020-05-05 12:30:00,11.607,18.362094544144703
2020-05-05 12:45:00,11.678,18.98218018789637
2020-05-05 13:00:00,11.185,19.272750674426877
2020-05-05 13:15:00,10.763,19.57527715274912
2020-05-05 13:30:00,11.185,19.415464605892616
2020-05-05 13:45:00,11.326,19.33591938104353
2020-05-05 14:00:00,11.044,19.514090635782743
2020-05-05 14:15:00,11.326,19.34673228560433
2020-05-05 14:30:00,11.185,19.030452628098534
2020-05-05 14:45:00,10.974,19.141940722282968
2020-05-05 15:00:00,11.326,19.516698269331275
2020-05-05 15:15:00,11.396,19.60985723635679
2020-05-05 15:30:00,11.326,19.43753289904907
2020-05-05 15:45:00,11.396,19.691771530656393
2020-05-05 16:00:00,11.607,19.845322458564784
2020-05-05 16:15:00,11.678,20.069574684490235
2020-05-05 16:30:00,11.818,20.058025434768428
2020-05-05 16:45:00,11.326,20.196697182438015
2020-05-05 17:00:00,11.607,19.896491855159375
2020-05-05 17:15:00,11.748,19.75059118737823
2020-05-05 17:30:00,11.678,19.676299529723817
2020-05-05 17:45:00,11.396,19.430508651930186
2020-05-05 18:00:00,11.537,19.484405655994053
2020-05-05 18:15:00,11.185,19.449801640013217
2020-05-05 18:30:00,11.044,19.67028309293933
2020-05-05 18:45:00,11.326,19.450418506096877
2020-05-05 19:00:00,11.537,18.808730609699015
2020-05-05 19:15:00,11.678,19.35887388018326
2020-05-05 19:30:00,11.678,18.492023023324926
2020-05-05 19:45:00,11.678,18.15201323142146
2020-05-05 20:00:00,11.818,17.890585462077855
2020-05-05 20:15:00,11.678,18.019414148750887
2020-05-05 20:30:00,11.326,17.96370792915131
2020-05-05 20:45:00,11.467,17.833770039076832
2020-05-05 21:00:00,11.537,17.508207316409575
2020-05-05 21:15:00,11.467,17.084277101159046
2020-05-05 21:30:00,11.185,17.455632501575973
2020-05-05 21:45:00,11.326,17.43372470327607
2020-05-05 22:00:00,11.678,17.506305212490133
2020-05-05 22:15:00,11.678,17.28845794486434
2020-05-05 22:30:00,11.607,17.24881980814724
2020-05-05 22:45:00,11.678,17.21095194893574
2020-05-05 23:00:00,11.748,17.139467721291755
2020-05-05 23:15:00,11.889,16.97994291757646
2020-05-05 23:30:00,11.748,17.15433360738827
2020-05-05 23:45:00,11.467,17.19773838253269
2020-05-06 00:00:00,11.748,17.105416976485223
2020-05-06 00:15:00,12.17,17.034840713269794
2020-05-06 00:30:00,12.029,16.97629170795293
2020-05-06 00:45:00,11.889,17.066465204716156
2020-05-06 01:00:00,12.029,16.867848554309962
2020-05-06 01:15:00,12.029,16.71775770073783
2020-05-06 01:30:00,12.17,16.49713693933624
2020-05-06 01:45:00,11.889,16.398363886385678
2020-05-06 02:00:00,12.24,16.427771552813404
2020-05-06 02:15:00,12.311,16.26338744457682
2020-05-06 02:30:00,12.17,16.251478005591164
2020-05-06 02:45:00,12.311,15.920619680552639
2020-05-06 03:00:00,12.24,15.717431377108435
2020-05-06 03:15:00,12.17,15.552513735847523
2020-05-06 03:30:00,12.24,15.373912459859637
2020-05-06 03:45:00,11.537,15.63854853448126
2020-05-06 04:00:00,11.818,15.66203300746752
2020-05-06 04:15:00,11.889,15.893645774303971
2020-05-06 04:30:00,12.1,15.727898634738237
2020-05-06 04:45:00,12.592,15.714727443779928
2020-05-06 05:00:00,12.451,15.70290673829916
2020-05-06 05:15:00,12.24,15.921599041772257
2020-05-06 05:30:00,12.24,16.099242131261352
2020-05-06 05:45:00,12.17,16.20116277285584
2020-05-06 06:00:00,12.24,16.137165225868063
2020-05-06 06:15:00,12.24,16.25554248727797
2020-05-06 06:30:00,12.029,16.00301444911632
2020-05-06 06:45:00,12.029,15.97093353008191
2020-05-06 07:00:00,12.381,15.731430192793937
2020-05-06 07:15:00,12.381,15.821736307063164
2020-05-06 07:30:00,12.522,16.189716868196243
2020-05-06 07:45:00,12.381,16.152033469586236
2020-05-06 08:00:00,12.029,16.334961925626878
2020-05-06 08:15:00,11.678,16.58371365679718
2020-05-06 08:30:00,11.115,16.498064360077084
2020-05-06 08:45:00,10.622,16.63807218088649
2020-05-06 09:00:00,10.693,16.846217980155107
2020-05-06 09:15:00,11.044,17.02259718338695
2020-05-06 09:30:00,11.326,16.945326101910346
2020-05-06 09:45:00,11.678,16.88058782216166
2020-05-06 10:00:00,11.889,16.80969131220408
2020-05-06 10:15:00,12.311,16.78453609061628
2020-05-06 10:30:00,12.381,16.70402928644336
2020-05-06 10:45:00,11.256,16.67909428512653
2020-05-06 11:00:00,10.904,16.761004660065115
2020-05-06 11:15:00,7.246,16.40204822391072
2020-05-06 11:30:00,6.753,16.691692163476443
2020-05-06 11:45:00,6.331,16.75042550701841
2020-05-06 12:00:00,7.105,16.970380464971473
2020-05-06 12:15:00,8.512,17.118930052853724
2020-05-06 12:30:00,8.582,17.340735949462935
2020-05-06 12:45:00,8.723,17.787794085514633
2020-05-06 13:00:00,8.934,18.293368841218786
2020-05-06 13:15:00,9.075,18.47930762193
2020-05-06 13:30:00,7.316,18.613045241916414
2020-05-06 13:45:00,8.371,18.12955432047117
2020-05-06 14:00:00,9.286,18.751188512122283
2020-05-06 14:15:00,9.638,18.521804489208463
2020-05-06 14:30:00,9.356,19.245147141887237
2020-05-06 14:45:00,9.075,19.13784134039384
2020-05-06 15:00:00,9.075,19.39169323663903
2020-05-06 15:15:00,9.215,19.690119752114416
2020-05-06 15:30:00,8.864,19.810311688911053
2020-05-06 15:45:00,9.145,19.82260120357712
2020-05-06 16:00:00,9.567,19.419072646959286
2020-05-06 16:15:00,9.638,19.745299235733196
2020-05-06 16:30:00,6.542,19.720917678877036
2020-05-06 16:45:00,6.261,19.899026496282332
2020-05-06 17:00:00,7.668,19.804553779388197
2020-05-06 17:15:00,8.231,19.870407715434123
2020-05-06 17:30:00,8.864,20.27211660546634
2020-05-06 17:45:00,9.426,19.942346712810618
2020-05-06 18:00:00,9.567,20.22166975689384
2020-05-06 18:15:00,8.793,20.247280507757548
2020-05-06 18:30:00,8.301,20.319294790826714
2020-05-06 18:45:00,9.075,20.228959546930888
2020-05-06 19:00:00,8.934,19.44812096122401
2020-05-06 19:15:00,9.215,19.110087735241155
2020-05-06 19:30:00,8.934,18.160480248403232
2020-05-06 19:45:00,6.824,17.87682727957847
2020-05-06 20:00:00,5.698,17.620898579156925
2020-05-06 20:15:00,6.472,17.598937560062083
2020-05-06 20:30:00,7.316,17.079407507675636
2020-05-06 20:45:00,8.02,16.842951562982407
2020-05-06 21:00:00,8.02,16.951843003006907
2020-05-06 21:15:00,8.02,16.738706034907082
2020-05-06 21:30:00,7.809,16.629561489814524
2020-05-06 21:45:00,7.527,16.594484940413984
2020-05-06 22:00:00,7.457,16.73143058657588
2020-05-06 22:15:00,7.738,16.733513913265792
2020-05-06 22:30:00,7.949,17.006981168157942
2020-05-06 22:45:00,8.09,16.847548706601273
2020-05-06 23:00:00,7.597,16.88679270217142
2020-05-06 23:15:00,7.527,16.82502968602864
2020-05-06 23:30:00,7.457,16.86136426914243
2020-05-06 23:45:00,7.597,16.957740304664153
2020-05-07 00:00:00,7.949,16.836428560034406
2020-05-07 00:15:00,8.02,16.89292302208506
2020-05-07 00:30:00,7.809,16.780927858474556
2020-05-07 00:45:00,7.175,16.553066865543517
2020-05-07 01:00:00,7.457,16.37035719548172
2020-05-07 01:15:00,7.668,16.23005708503298
2020-05-07 01:30:00,7.738,16.16009927749694
2020-05-07 01:45:00,7.809,16.054915072848083
2020-05-07 02:00:00,7.457,15.839517429739214
2020-05-07 02:15:00,7.738,15.734330580052703
2020-05-07 02:30:00,7.738,15.689319353706741
2020-05-07 02:45:00,8.16,15.71587222304014
2020-05-07 03:00:00,7.668,15.535268667333442
2020-05-07 03:15:00,8.02,15.325551629787906
2020-05-07 03:30:00,8.02,15.227556111047951
2020-05-07 03:45:00,8.02,15.417502077716316
2020-05-07 04:00:00,8.09,15.202127918489868
2020-05-07 04:15:00,8.301,15.152704991779082
2020-05-07 04:30:00,8.653,15.090448855795891
2020-05-07 04:45:00,8.371,14.859459465386402
2020-05-07 05:00:00,8.442,14.704783220500076
2020-05-07 05:15:00,8.653,14.90571587100346
2020-05-07 05:30:00,8.723,14.770458004936184
2020-05-07 05:45:00,8.934,14.838655748032773
2020-05-07 06:00:00,8.653,14.69144578689315
2020-05-07 06:15:00,8.512,15.062094012707822
2020-05-07 06:30:00,8.512,15.205381210745095
2020-05-07 06:45:00,8.653,15.478436834687736
2020-05-07 07:00:00,8.512,15.717530282503379
2020-05-07 07:15:00,8.301,15.84390942990461
2020-05-07 07:30:00,8.723,16.27502011910157
2020-05-07 07:45:00,8.864,16.36107110570228
2020-05-07 08:00:00,8.301,16.603181692802107
2020-05-07 08:15:00,8.231,16.349273120359502
2020-05-07 08:30:00,7.738,16.31163840545831
2020-05-07 08:45:00,7.668,16.28207279397521
2020-05-07 09:00:00,7.949,16.480803642873624
2020-05-07 09:15:00,7.597,16.568867950430608
2020-05-07 09:30:00,7.809,16.7362987109448
2020-05-07 09:45:00,8.371,16.838274832155648
2020-05-07 10:00:00,8.16,16.693039369985406
2020-05-07 10:15:00,8.512,16.610506586370445
2020-05-07 10:30:00,8.371,16.453505550707927
2020-05-07 10:45:00,8.301,16.654755591696215
2020-05-07 11:00:00,8.231,17.048648087686654
2020-05-07 11:15:00,8.301,17.300079717557775
2020-05-07 11:30:00,8.301,17.57418443029716
2020-05-07 11:45:00,8.301,17.1613930126277
2020-05-07 12:00:00,8.723,17.502330777986995
2020-05-07 12:15:00,8.231,17.271412062040575
2020-05-07 12:30:00,8.301,17.739626995506928
2020-05-07 12:45:00,8.231,17.99643073444006
2020-05-07 13:00:00,8.231,18.238732949060644
2020-05-07 13:15:00,8.301,17.88377611035927
2020-05-07 13:30:00,8.512,17.785573409442012
2020-05-07 13:45:00,7.809,17.980536377397236
2020-05-07 14:00:00,8.16,17.960946996645188
2020-05-07 14:15:00,8.02,18.062699274842547
2020-05-07 14:30:00,8.02,18.208296578993092
2020-05-07 14:45:00,8.02,18.183208073334235
2020-05-07 15:00:00,7.738,18.50829694816541
2020-05-07 15:15:00,7.668,18.364513673021566
2020-05-07 15:30:00,7.457,18.335061567535913
2020-05-07 15:45:00,7.457,18.652622057794943
2020-05-07 16:00:00,7.386,18.70913969469021
2020-05-07 16:15:00,7.246,18.666561219383315
2020-05-07 16:30:00,7.386,18.604310703198976
2020-05-07 16:45:00,7.457,18.577767475880332
2020-05-07 17:00:00,7.316,18.58131706124612
2020-05-07 17:15:00,7.597,18.62422313639945
2020-05-07 17:30:00,7.668,18.80725008220144
2020-05-07 17:45:00,7.668,18.82154605145689
2020-05-07 18:00:00,7.738,18.457661925257458
2020-05-07 18:15:00,7.949,18.357850088432414
2020-05-07 18:30:00,8.16,18.31510400349074
2020-05-07 18:45:00,8.512,18.14629890016452
2020-05-07 19:00:00,8.723,17.76595781823747
2020-05-07 19:15:00,9.145,17.780865641630896
2020-05-07 19:30:00,9.426,17.60889151860969
2020-05-07 19:45:00,9.075,17.18977878627008
2020-05-07 20:00:00,8.864,17.129687874599842
2020-05-07 20:15:00,9.075,16.896748645860555
2020-05-07 20:30:00,8.864,16.675212245471563
2020-05-07 20:45:00,8.864,16.835031483099456
2020-05-07 21:00:00,9.075,16.45948460819288
2020-05-07 21:15:00,9.075,16.414876020025254
2020-05-07 21:30:00,9.075,16.19723429928934
2020-05-07 21:45:00,9.075,16.246360596360166
2020-05-07 22:00:00,8.442,16.137799922289226
2020-05-07 22:15:00,8.723,15.659584263577443
2020-05-07 22:30:00,8.512,15.811003411489999
2020-05-07 22:45:00,8.301,15.50824338884682
2020-05-07 23:00:00,8.301,15.393805889869956
2020-05-07 23:15:00,8.231,15.481397664559578
2020-05-07 23:30:00,8.16,15.615834249917812
2020-05-07 23:45:00,8.16,15.606823865601163
2020-05-08 00:00:00,8.512,15.593923032803064
2020-05-08 00:15:00,8.301,15.374429254652183
2020-05-08 00:30:00,8.371,15.639054058292489
2020-05-08 00:45:00,8.301,15.787178941431614
2020-05-08 01:00:00,8.02,15.688822715329616
2020-05-08 01:15:00,8.02,15.583803267946674
2020-05-08 01:30:00,7.879,15.652765695525456
2020-05-08 01:45:00,7.668,15.52333443181599
2020-05-08 02:00:00,7.738,15.314240607529946
2020-05-08 02:15:00,7.316,15.373573657897845
2020-05-08 02:30:00,7.809,15.464909835101897
2020-05-08 02:45:00,7.949,15.12210343482221
2020-05-08 03:00:00,7.246,15.127646766060677
2020-05-08 03:15:00,7.105,15.086743636638642
2020-05-08 03:30:00,7.035,14.952944304609366
2020-05-08 03:45:00,7.246,14.856118090888243
2020-05-08 04:00:00,7.105,14.622017824400439
2020-05-08 04:15:00,7.105,14.676955009953756
2020-05-08 04:30:00,7.246,14.485537706130819
2020-05-08 04:45:00,7.316,14.327781657516523
2020-05-08 05:00:00,7.597,14.44219402560278
2020-05-08 05:15:00,7.809,14.277644678258074
2020-05-08 05:30:00,7.949,14.349541520386396
2020-05-08 05:45:00,7.949,14.408196455637169
2020-05-08 06:00:00,8.301,14.537142761434541
2020-05-08 06:15:00,8.371,14.341753909711324
2020-05-08 06:30:00,8.371,14.282076631213418
2020-05-08 06:45:00,8.231,14.67160369838866
2020-05-08 07:00:00,6.964,14.71188739590849
2020-05-08 07:15:00,5.909,15.117375547200998
2020-05-08 07:30:00,6.613,15.291326313521296
2020-05-08 07:45:00,6.964,15.346365606746991
2020-05-08 08:00:00,7.457,15.230253046593491
2020-05-08 08:15:00,7.879,15.602047721867844
2020-05-08 08:30:00,8.16,15.51304616781274
2020-05-08 08:45:00,8.16,15.495522260492503
2020-05-08 09:00:00,7.809,15.783992180651
2020-05-08 09:15:00,8.512,16.097717623266437
2020-05-08 09:30:00,8.16,15.901912824900274
2020-05-08 09:45:00,8.231,16.328734610504245
2020-05-08 10:00:00,8.301,16.554424614729808
2020-05-08 10:15:00,8.16,16.39431412215027
2020-05-08 10:30:00,8.442,16.286615073038323
2020-05-08 10:45:00,8.723,16.53366859258301
2020-05-08 11:00:00,8.582,16.373898799435803
2020-05-08 11:15:00,9.145,16.54104091783023
2020-05-08 11:30:00,9.004,16.39156406777996
2020-05-08 11:45:00,9.145,16.509482037909542
2020-05-08 12:00:00,8.934,16.528377965750106
2020-05-08 12:15:00,9.075,16.681526832241847
2020-05-08 12:30:00,9.426,16.76263556451265
2020-05-08 12:45:00,9.778,16.91676406364724
2020-05-08 13:00:00,10.13,17.279396108013664
2020-05-08 13:15:00,10.341,17.565895474178387
2020-05-08 13:30:00,10.552,17.853216540276684
2020-05-08 13:45:00,10.482,18.080981205221295
2020-05-08 14:00:00,10.411,18.016237254046214
2020-05-08 14:15:00,11.256,18.09864755741153
2020-05-08 14:30:00,11.678,18.28768933900479
2020-05-08 14:45:00,11.678,18.08829661131642
2020-05-08 15:00:00,11.889,18.27668425568331
2020-05-08 15:15:00,12.381,18.46241377490236
2020-05-08 15:30:00,11.889,18.518585714553232
2020-05-08 15:45:00,12.803,18.52221844977883
2020-05-08 16:00:00,12.592,18.289166719950458
2020-05-08 16:15:00,12.733,18.230504705216052
2020-05-08 16:30:00,12.662,18.36148211755326
2020-05-08 16:45:00,12.803,18.695949829624904
2020-05-08 17:00:00,12.311,18.437749418896242
2020-05-08 17:15:00,11.818,18.013763634816485
2020-05-08 17:30:00,12.1,17.876539748844802
2020-05-08 17:45:00,12.381,17.684816930071413
2020-05-08 18:00:00,11.748,17.6025079198616
2020-05-08 18:15:00,11.185,17.512006503304708
2020-05-08 18:30:00,11.185,17.54431578028854
2020-05-08 18:45:00,10.763,17.103920605602873
2020-05-08 19:00:00,10.622,17.218916513730104
2020-05-08 19:15:00,10.693,17.054740440223494
2020-05-08 19:30:00,10.693,16.97737755109428
2020-05-08 19:45:00,10.974,17.13926747411096
2020-05-08 20:00:00,10.2,16.80500766027998
2020-05-08 20:15:00,10.06,16.802726674958027
2020-05-08 20:30:00,9.778,16.41155829196055
2020-05-08 20:45:00,9.778,16.368315535961244
2020-05-08 21:00:00,9.497,16.377927587536202
2020-05-08 21:15:00,9.708,16.164531560179242
2020-05-08 21:30:00,9.778,15.728762257286364
2020-05-08 21:45:00,9.567,16.434867712353533
2020-05-08 22:00:00,9.708,16.346381112001914
2020-05-08 22:15:00,9.567,16.156971518950424
2020-05-08 22:30:00,9.426,15.952593370269271
2020-05-08 22:45:00,9.215,15.619893967549102
2020-05-08 23:00:00,9.075,15.043229120648622
2020-05-08 23:15:00,8.793,15.701171987829893
2020-05-08 23:30:00,8.934,15.414622624896868
2020-05-08 23:45:00,8.864,14.99119769088902
2020-05-09 00:00:00,8.582,15.640600082545024
2020-05-09 00:15:00,8.442,15.398237932421663
2020-05-09 00:30:00,8.301,15.7598720937759
2020-05-09 00:45:00,8.231,16.10252572708574
2020-05-09 01:00:00,8.231,16.137594211734843
2020-05-09 01:15:00,8.09,16.25327333369497
2020-05-09 01:30:00,8.09,16.2870449997907
2020-05-09 01:45:00,8.02,16.100806886639617
2020-05-09 02:00:00,8.16,16.10243678257681
2020-05-09 02:15:00,8.16,16.32635215532399
2020-05-09 02:30:00,8.231,16.17566866981681
2020-05-09 02:45:00,7.949,16.24140633224666
2020-05-09 03:00:00,7.809,16.176518670324445
2020-05-09 03:15:00,7.738,15.843775893312886
2020-05-09 03:30:00,7.738,15.725289169620128
2020-05-09 03:45:00,7.457,15.709197908041949
2020-05-09 04:00:00,7.175,15.439121334611432
2020-05-09 04:15:00,7.105,15.37755234876688
2020-05-09 04:30:00,7.246,15.323549671367013
2020-05-09 04:45:00,7.386,15.296880770702034
2020-05-09 05:00:00,7.035,15.234675987573901
2020-05-09 05:15:00,7.035,15.170803506474822
2020-05-09 05:30:00,7.035,15.025518647987743
2020-05-09 05:45:00,7.105,14.956881370105352
2020-05-09 06:00:00,7.035,14.715885413744436
2020-05-09 06:15:00,7.527,14.727666050005789
2020-05-09 06:30:00,7.738,14.59830502774041
2020-05-09 06:45:00,7.457,14.478082594832776
2020-05-09 07:00:00,7.879,14.567135783689379
2020-05-09 07:15:00,7.949,14.60913323688058
2020-05-09 07:30:00,8.231,14.710010929486003
2020-05-09 07:45:00,8.442,14.978171118186044
2020-05-09 08:00:00,8.231,15.196631484439454
2020-05-09 08:15:00,8.442,15.063960057984099
2020-05-09 08:30:00,8.301,15.272762226469236
2020-05-09 08:45:00,8.16,15.44070554952927
2020-05-09 09:00:00,8.231,15.878555002066163
2020-05-09 09:15:00,8.301,15.960177543622033
2020-05-09 09:30:00,8.442,16.202927975048155
2020-05-09 09:45:00,8.723,16.759668365700062
2020-05-09 10:00:00,8.582,16.628893890376876
2020-05-09 10:15:00,8.793,17.004982207782064
2020-05-09 10:30:00,8.864,16.98150204079509
2020-05-09 10:45:00,9.004,17.362892569360877
2020-05-09 11:00:00,9.075,17.216198946735535
2020-05-09 11:15:00,9.145,17.3113234988872
2020-05-09 11:30:00,9.286,17.26759867224454
2020-05-09 11:45:00,9.356,17.649871648511027
2020-05-09 12:00:00,9.567,17.34306190744851
2020-05-09 12:15:00,9.778,17.68025742847673
2020-05-09 12:30:00,9.778,18.506148203955053
2020-05-09 12:45:00,10.13,18.352928881999443
2020-05-09 13:00:00,10.341,18.58865239671677
2020-05-09 13:15:00,10.482,18.948852947706623
2020-05-09 13:30:00,11.256,19.084533743174166
2020-05-09 13:45:00,11.256,19.40052088318564
2020-05-09 14:00:00,11.607,19.616183804481306
2020-05-09 14:15:00,11.467,19.78252839618536
2020-05-09 14:30:00,11.818,19.896915082612022
2020-05-09 14:45:00,12.029,20.083046667710033
2020-05-09 15:00:00,12.381,20.109656826899755
2020-05-09 15:15:00,12.803,20.067083556569237
2020-05-09 15:30:00,12.803,20.263045076803873
2020-05-09 15:45:00,13.014,19.89359990524543
2020-05-09 16:00:00,12.662,20.054391212004205
2020-05-09 16:15:00,12.733,19.963926577539187
2020-05-09 16:30:00,13.225,19.948536611648933
2020-05-09 16:45:00,12.874,19.314826098577562
2020-05-09 17:00:00,12.874,19.112467705927635
2020-05-09 17:15:00,12.803,18.90226864811221
2020-05-09 17:30:00,12.733,18.720647284600552
2020-05-09 17:45:00,12.733,18.590959915942687
2020-05-09 18:00:00,12.24,18.794440660807656
2020-05-09 18:15:00,12.029,18.921056689347715
2020-05-09 18:30:00,11.607,18.64947496670386
2020-05-09 18:45:00,11.678,18.89253606697032
2020-05-09 19:00:00,11.607,19.268275065980887
2020-05-09 19:15:00,11.537,19.51515053330024
2020-05-09 19:30:00,11.396,19.341095317710913
2020-05-09 19:45:00,11.115,18.878089718740437
2020-05-09 20:00:00,10.763,18.847007049123366
2020-05-09 20:15:00,10.693,18.86602497505427
2020-05-09 20:30:00,10.271,18.934359517892485
2020-05-09 20:45:00,9.778,18.682411754172044
2020-05-09 21:00:00,9.708,18.68797700098024
2020-05-09 21:15:00,9.708,18.229638123288634
2020-05-09 21:30:00,9.638,17.861174797046896
2020-05-09 21:45:00,9.497,17.829792752002678
2020-05-09 22:00:00,9.426,17.685265088372784
2020-05-09 22:15:00,9.286,18.028193381816617
2020-05-09 22:30:00,8.934,17.951100079961563
2020-05-09 22:45:00,8.934,17.695556440564204
2020-05-09 23:00:00,8.723,17.680242118123996
2020-05-09 23:15:00,8.371,17.497531090795654
2020-05-09 23:30:00,8.371,17.653272273887374
2020-05-09 23:45:00,8.09,17.74531993313572
2020-05-10 00:00:00,7.949,17.88981675768421
2020-05-10 00:15:00,7.949,17.611703597629194
2020-05-10 00:30:00,7.949,17.68139474908568
2020-05-10 00:45:00,7.668,17.709667393930218
2020-05-10 01:00:00,7.668,17.866288069941273
2020-05-10 01:15:00,7.316,17.28712145448959
2020-05-10 01:30:00,7.527,17.041539366273685
2020-05-10 01:45:00,7.527,17.118594075733466
2020-05-10 02:00:00,7.316,17.10554206910442
2020-05-10 02:15:00,7.105,17.143526957852426
2020-05-10 02:30:00,6.753,17.24864218537848
2020-05-10 02:45:00,6.894,17.123367732481984
2020-05-10 03:00:00,6.753,17.324882982043093
2020-05-10 03:15:00,6.613,16.711417948101627
2020-05-10 03:30:00,6.542,16.664841657360796
2020-05-10 03:45:00,6.402,16.4962692885162
2020-05-10 04:00:00,6.331,16.282306221229863
2020-05-10 04:15:00,6.331,16.285003193405878
2020-05-10 04:30:00,6.331,16.341796324278302
2020-05-10 04:45:00,6.472,16.163686192301434
2020-05-10 05:00:00,6.12,16.326570013540994
2020-05-10 05:15:00,6.261,15.89279505697188
2020-05-10 05:30:00,6.05,16.081706216903758
2020-05-10 05:45:00,5.909,15.889651088518892
2020-05-10 06:00:00,6.05,16.163881217053685
2020-05-10 06:15:00,6.05,16.216281739107373
2020-05-10 06:30:00,6.261,16.49723133857033
2020-05-10 06:45:00,6.191,16.33564751999887
2020-05-10 07:00:00,6.402,16.241161014991533
2020-05-10 07:15:00,6.824,16.116900200693262
2020-05-10 07:30:00,6.261,16.323880740130306
2020-05-10 07:45:00,6.261,16.810933255034413
2020-05-10 08:00:00,6.613,16.630126748162834
2020-05-10 08:15:00,6.613,16.695156275606976
2020-05-10 08:30:00,6.472,16.74048941994026
2020-05-10 08:45:00,6.824,16.89107584115537
2020-05-10 09:00:00,6.683,16.9353911034187
2020-05-10 09:15:00,6.964,17.317398435434164
2020-05-10 09:30:00,6.894,17.764310191918923
2020-05-10 09:45:00,7.246,17.64645641569812
2020-05-10 10:00:00,7.457,17.535511594423763
2020-05-10 10:15:00,7.175,17.478968314802408
2020-05-10 10:30:00,7.105,17.84976865644927
2020-05-10 10:45:00,7.105,18.077115266868752
2020-05-10 11:00:00,7.105,18.353940762311524
2020-05-10 11:15:00,7.386,18.444862707242486
2020-05-10 11:30:00,7.597,17.80556517185971
2020-05-10 11:45:00,7.809,17.916510935463716
2020-05-10 12:00:00,8.16,18.082315559929448
2020-05-10 12:15:00,8.301,18.133726390193292
2020-05-10 12:30:00,8.301,18.29241604914926
2020-05-10 12:45:00,8.653,18.43214341764443
2020-05-10 13:00:00,8.512,18.761622072718673
2020-05-10 13:15:00,8.864,18.89998069656767
2020-05-10 13:30:00,9.286,19.062206428025945
2020-05-10 13:45:00,9.778,19.383382562810716
2020-05-10 14:00:00,9.638,19.58721275480359
2020-05-10 14:15:00,9.989,19.850701836183724
2020-05-10 14:30:00,9.778,19.983276077931844
2020-05-10 14:45:00,10.06,20.213698714077907
2020-05-10 15:00:00,10.13,20.2938311046388
2020-05-10 15:15:00,9.919,20.174218412287033
2020-05-10 15:30:00,9.778,20.048087831895817
2020-05-10 15:45:00,9.989,20.205289403627468
2020-05-10 16:00:00,10.06,20.042707701268174
2020-05-10 16:15:00,10.482,20.231432710827455
2020-05-10 16:30:00,10.2,20.00223437624451
2020-05-10 16:45:00,10.13,19.788642472283602
2020-05-10 17:00:00,9.919,19.72666068641587
2020-05-10 17:15:00,9.989,19.822624832217638
2020-05-10 17:30:00,9.708,19.828465758568388
2020-05-10 17:45:00,9.849,19.61164681560291
2020-05-10 18:00:00,9.567,19.087742741022556
2020-05-10 18:15:00,9.638,19.310764591594967
2020-05-10 18:30:00,9.708,19.487310774387023
2020-05-10 18:45:00,9.286,19.344856353304106
2020-05-10 19:00:00,9.286,19.626715395862384
2020-05-10 19:15:00,8.864,19.321592416487146
2020-05-10 19:30:00,8.934,19.197865894093358
2020-05-10 19:45:00,8.864,19.187420469429963
2020-05-10 20:00:00,8.582,19.158400182604968
2020-05-10 20:15:00,8.723,18.799811496807003
2020-05-10 20:30:00,8.653,18.65410094483953
2020-05-10 20:45:00,8.301,18.81212540216426
2020-05-10 21:00:00,8.231,18.455782910323045
2020-05-10 21:15:00,8.09,18.396686620292783
2020-05-10 21:30:00,8.371,18.221790054039555
2020-05-10 21:45:00,8.371,18.10547613786198
2020-05-10 22:00:00,8.371,17.940435769482672
2020-05-10 22:15:00,8.16,17.389545411983338
2020-05-10 22:30:00,7.809,17.33768642820014
2020-05-10 22:45:00,7.949,17.092199777395155
2020-05-10 23:00:00,7.949,17.182269343745496
2020-05-10 23:15:00,7.809,17.132141116624748
2020-05-10 23:30:00,7.809,17.306940557056357
2020-05-10 23:45:00,7.879,17.555174384048506
2020-05-11 00:00:00,7.809,17.3379181634135
2020-05-11 00:15:00,7.668,17.290350947708298
2020-05-11 00:30:00,7.809,17.30120680982906
2020-05-11 00:45:00,7.809,17.22096608499372
2020-05-11 01:00:00,7.597,17.249390357866254
2020-05-11 01:15:00,7.668,16.93066474486689
2020-05-11 01:30:00,7.809,17.12480695130274
2020-05-11 01:45:00,7.809,16.963386750847732
2020-05-11 02:00:00,7.809,17.032584501446408
2020-05-11 02:15:00,7.668,16.793657013190202
2020-05-11 02:30:00,7.668,16.68320114951849
2020-05-11 02:45:00,7.527,16.612547849662285
2020-05-11 03:00:00,7.738,16.545089491561267
2020-05-11 03:15:00,7.809,16.547810936463716
2020-05-11 03:30:00,7.879,16.329739324741258
2020-05-11 03:45:00,7.738,16.15843109064509
2020-05-11 04:00:00,7.809,16.040380120146676
2020-05-11 04:15:00,8.02,15.844881662098466
2020-05-11 04:30:00,8.16,16.21750556950698
2020-05-11 04:45:00,8.02,16.3643797021112
2020-05-11 05:00:00,8.301,16.205158735574425
2020-05-11 05:15:00,8.371,16.370005027327586
2020-05-11 05:30:00,8.442,16.446302931122013
2020-05-11 05:45:00,8.371,16.34386685349864
2020-05-11 06:00:00,8.653,16.31877840848451
2020-05-11 06:15:00,8.723,16.278582770157108
2020-05-11 06:30:00,8.512,16.360446316916406
2020-05-11 06:45:00,8.442,16.33254027186356
2020-05-11 07:00:00,8.793,16.37638871981736
2020-05-11 07:15:00,8.723,16.50331860748294
2020-05-11 07:30:00,8.934,16.421114610479247
2020-05-11 07:45:00,8.723,16.650300748369414
2020-05-11 08:00:00,8.723,16.678402371157375
2020-05-11 08:15:00,9.004,16.677644263181286
2020-05-11 08:30:00,9.497,16.897993477466226
2020-05-11 08:45:00,9.778,16.836788671990895
2020-05-11 09:00:00,9.497,17.058869167496553
2020-05-11 09:15:00,9.778,17.625598378223795
2020-05-11 09:30:00,9.919,18.017029407645644
2020-05-11 09:45:00,10.13,17.95313253415587
2020-05-11 10:00:00,10.482,17.979357344627985
2020-05-11 10:15:00,10.833,18.096935803332737
2020-05-11 10:30:00,10.974,18.68302875613866
2020-05-11 10:45:00,10.904,18.44797350982706
2020-05-11 11:00:00,11.044,18.195388009651825
2020-05-11 11:15:00,11.256,18.017993895800107
2020-05-11 11:30:00,10.904,18.814157959968835
2020-05-11 11:45:00,11.185,18.413367943575683
2020-05-11 12:00:00,11.607,18.40361773538553
2020-05-11 12:15:00,11.889,18.7913924200918
2020-05-11 12:30:00,12.029,18.879161980151775
2020-05-11 12:45:00,12.24,19.000213998210246
2020-05-11 13:00:00,12.1,19.456623619279313
2020-05-11 13:15:00,12.17,19.682180342848486
2020-05-11 13:30:00,12.451,19.98357625809961
2020-05-11 13:45:00,12.1,20.289355081680196
2020-05-11 14:00:00,11.256,20.403804557860894
2020-05-11 14:15:00,11.678,20.389796710433153
2020-05-11 14:30:00,11.326,20.20376071789047
2020-05-11 14:45:00,10.974,20.50777850411089
2020-05-11 15:00:00,10.974,20.351925868660203
2020-05-11 15:15:00,11.326,20.428014183669266
2020-05-11 15:30:00,11.396,20.29212538433472
2020-05-11 15:45:00,11.396,20.65574692643512
2020-05-11 16:00:00,11.396,20.57358104449529
2020-05-11 16:15:00,11.044,20.903608438550524
2020-05-11 16:30:00,11.185,20.631326412918295
2020-05-11 16:45:00,11.396,20.57380976907182
2020-05-11 17:00:00,11.115,20.346098066781504
2020-05-11 17:15:00,10.904,20.009476717672978
2020-05-11 17:30:00,10.622,19.949318698425248
2020-05-11 17:45:00,10.763,19.895854602248054
2020-05-11 18:00:00,10.693,19.811502318372412
2020-05-11 18:15:00,10.693,19.677942267896242
2020-05-11 18:30:00,10.622,19.765717727575677
2020-05-11 18:45:00,10.341,19.20479546316005
2020-05-11 19:00:00,10.763,19.421344459114383
2020-05-11 19:15:00,10.974,19.022408558187998
2020-05-11 19:30:00,11.326,18.9960796370471
2020-05-11 19:45:00,11.326,18.516157201724
2020-05-11 20:00:00,11.467,18.484136269477812
2020-05-11 20:15:00,11.185,18.42207997573138
2020-05-11 20:30:00,11.326,18.536694316789756
2020-05-11 20:45:00,11.537,18.67994734356794
2020-05-11 21:00:00,11.396,18.672252302978073
2020-05-11 21:15:00,11.537,18.42133522646085
2020-05-11 21:30:00,11.678,18.612519926074313
2020-05-11 21:45:00,11.818,18.540171202640696
2020-05-11 22:00:00,11.889,18.35448216607491
2020-05-11 22:15:00,11.889,17.94668488105453
2020-05-11 22:30:00,11.748,18.03072921633644
2020-05-11 22:45:00,11.889,17.86698992077854
2020-05-11 23:00:00,11.889,17.29099019142185
2020-05-11 23:15:00,11.889,17.4684739204172
2020-05-11 23:30:00,11.748,17.467277479978073
2020-05-11 23:45:00,11.889,17.41456428461858
2020-05-12 00:00:00,11.818,17.343655726947258
2020-05-12 00:15:00,11.748,17.131590227076355
2020-05-12 00:30:00,11.748,16.93924168263381
2020-05-12 00:45:00,11.889,16.99275268855967
2020-05-12 01:00:00,11.467,16.95446353032351
2020-05-12 01:15:00,11.607,16.71341341890327
2020-05-12 01:30:00,11.537,16.365674812494763
2020-05-12 01:45:00,11.607,16.115485923790253
2020-05-12 02:00:00,11.607,16.218314444268632
2020-05-12 02:15:00,11.678,16.225960031070155
2020-05-12 02:30:00,11.607,16.052825216054234
2020-05-12 02:45:00,10.482,15.710001335533525
2020-05-12 03:00:00,9.849,15.792166909523242
2020-05-12 03:15:00,9.708,15.676176227633574
2020-05-12 03:30:00,7.949,15.84815897583746
2020-05-12 03:45:00,8.371,15.821389805494642
2020-05-12 04:00:00,8.371,15.795994468102531
2020-05-12 04:15:00,7.597,15.88746028336119
2020-05-12 04:30:00,8.442,15.993158191586991
2020-05-12 04:45:00,9.356,15.879970609929407
2020-05-12 05:00:00,10.13,15.886154886413246
2020-05-12 05:15:00,9.919,15.693622098016334
2020-05-12 05:30:00,10.271,15.700625831496552
2020-05-12 05:45:00,11.044,15.820293149730428
2020-05-12 06:00:00,10.763,15.741182381191866
2020-05-12 06:15:00,11.115,15.876916586172651
2020-05-12 06:30:00,11.256,15.806352352696722
2020-05-12 06:45:00,11.256,15.654694867528848
2020-05-12 07:00:00,8.442,15.674376315821863
2020-05-12 07:15:00,8.582,15.815328503672758
2020-05-12 07:30:00,8.09,15.811132982901881
2020-05-12 07:45:00,8.793,15.69194791926747
2020-05-12 08:00:00,8.301,15.659783310223474
2020-05-12 08:15:00,7.879,15.629425601540055
2020-05-12 08:30:00,8.16,15.749574529539997
2020-05-12 08:45:00,8.653,16.04969862789081
2020-05-12 09:00:00,9.778,16.40940667553643
2020-05-12 09:15:00,10.341,16.5440555529771
2020-05-12 09:30:00,10.411,16.878502313167424
2020-05-12 09:45:00,10.693,17.299991233234724
2020-05-12 10:00:00,10.552,17.665752641598697
2020-05-12 10:15:00,11.256,18.00591585633867
2020-05-12 10:30:00,11.467,18.393976680879458
2020-05-12 10:45:00,11.115,18.148563766538434
2020-05-12 11:00:00,10.904,18.112718737120595
2020-05-12 11:15:00,11.044,17.796668476946884
2020-05-12 11:30:00,10.693,17.924762456379312
2020-05-12 11:45:00,10.833,18.010364992864783
2020-05-12 12:00:00,11.044,17.981480285818414
2020-05-12 12:15:00,11.185,18.326746456650042
2020-05-12 12:30:00,10.974,18.537013781014455
2020-05-12 12:45:00,10.693,18.58924343312496
2020-05-12 13:00:00,10.622,18.55221567084568
2020-05-12 13:15:00,10.763,19.001584837951352
2020-05-12 13:30:00,10.552,18.835133983420203
2020-05-12 13:45:00,10.482,19.161422792343554
2020-05-12 14:00:00,10.833,19.123813359040003
2020-05-12 14:15:00,11.044,19.034209338639062
2020-05-12 14:30:00,10.833,19.191048844110618
2020-05-12 14:45:00,10.833,19.69368157077067
2020-05-12 15:00:00,10.693,19.198940395396413
2020-05-12 15:15:00,10.974,19.188449065506987
2020-05-12 15:30:00,10.833,19.01998966871151
2020-05-12 15:45:00,10.833,19.177447875291154
2020-05-12 16:00:00,10.904,18.934094746220428
2020-05-12 16:15:00,10.833,19.051039850055812
2020-05-12 16:30:00,10.693,19.343327682876364
2020-05-12 16:45:00,10.763,19.689231165841765
2020-05-12 17:00:00,10.552,19.277514824844737
2020-05-12 17:15:00,10.904,18.993404641648013
2020-05-12 17:30:00,10.693,19.164533229628084
2020-05-12 17:45:00,10.904,19.120044547167467
2020-05-12 18:00:00,11.115,19.171864053803215
2020-05-12 18:15:00,11.044,19.76568429477555
2020-05-12 18:30:00,11.185,18.83939745608179
2020-05-12 18:45:00,11.326,19.262385879172243
2020-05-12 19:00:00,11.044,19.055437296105506
2020-05-12 19:15:00,10.693,19.465366921556722
2020-05-12 19:30:00,10.974,19.12477426083439
2020-05-12 19:45:00,10.622,18.934436247523596
2020-05-12 20:00:00,10.693,19.005774065545502
2020-05-12 20:15:00,10.693,18.51338645527287
2020-05-12 20:30:00,10.482,18.57606320832668
2020-05-12 20:45:00,10.552,17.982501455078534
2020-05-12 21:00:00,10.271,17.627639143784215
2020-05-12 21:15:00,10.341,17.487423883530912
2020-05-12 21:30:00,10.13,17.466784649411686
2020-05-12 21:45:00,10.06,17.169989062703166
2020-05-12 22:00:00,10.13,17.11374589850285
2020-05-12 22:15:00,10.13,17.070186023840073
2020-05-12 22:30:00,9.989,17.20590521686179
2020-05-12 22:45:00,10.411,17.068020209955808
2020-05-12 23:00:00,10.341,17.07721748716707
2020-05-12 23:15:00,10.271,17.1531915041762
2020-05-12 23:30:00,10.482,17.22783417381798
2020-05-12 23:45:00,10.271,17.11250547076985
2020-05-13 00:00:00,10.482,17.023552217432844
2020-05-13 00:15:00,10.552,16.821935557682355
2020-05-13 00:30:00,10.622,16.462824247248644
2020-05-13 00:45:00,10.411,16.544413078569317
2020-05-13 01:00:00,10.341,16.418312883890106
2020-05-13 01:15:00,10.271,16.221574277670022
2020-05-13 01:30:00,10.13,16.113948221779157
2020-05-13 01:45:00,10.06,15.858426293488398
2020-05-13 02:00:00,9.919,15.897830756136736
2020-05-13 02:15:00,9.849,15.809258469854967
2020-05-13 02:30:00,9.919,15.712503455311015
2020-05-13 02:45:00,10.13,15.567385495951745
2020-05-13 03:00:00,9.989,15.389482064364705
2020-05-13 03:15:00,9.919,15.539222501185394
2020-05-13 03:30:00,10.06,15.266997013573494
2020-05-13 03:45:00,9.919,15.254506612653454
2020-05-13 04:00:00,10.2,15.006275853123098
2020-05-13 04:15:00,10.13,15.134070708663035
2020-05-13 04:30:00,10.06,14.93413435134578
2020-05-13 04:45:00,9.849,14.588107225994403
2020-05-13 05:00:00,9.989,14.706429638825245
2020-05-13 05:15:00,10.13,14.810947255655275
2020-05-13 05:30:00,9.849,14.536683398591434
2020-05-13 05:45:00,9.919,14.92339273266033
2020-05-13 06:00:00,10.271,14.62176420023047
2020-05-13 06:15:00,10.13,14.60276186105083
2020-05-13 06:30:00,10.693,14.544068299300628
2020-05-13 06:45:00,10.974,14.725555756592847
2020-05-13 07:00:00,10.833,15.066975084739079
2020-05-13 07:15:00,11.467,15.253800387050312
2020-05-13 07:30:00,11.185,15.318196501267272
2020-05-13 07:45:00,10.482,15.372077666810924
2020-05-13 08:00:00,10.552,15.298390212439228
2020-05-13 08:15:00,10.974,15.367213759161388
2020-05-13 08:30:00,11.256,15.537685055867259
2020-05-13 08:45:00,11.537,15.670462834081631
2020-05-13 09:00:00,11.326,15.904542890085246
2020-05-13 09:15:00,11.326,16.168106891118555
2020-05-13 09:30:00,11.537,16.31228221226202
2020-05-13 09:45:00,11.185,16.933408858331106
2020-05-13 10:00:00,11.537,17.20291084996855
2020-05-13 10:15:00,11.678,17.497850346498254
2020-05-13 10:30:00,11.818,18.243159218212302
2020-05-13 10:45:00,12.1,18.138383625110887
2020-05-13 11:00:00,12.381,18.21172158484292
2020-05-13 11:15:00,12.24,18.563769064752226
2020-05-13 11:30:00,12.311,18.949104269333287
2020-05-13 11:45:00,12.311,18.978187581386358
2020-05-13 12:00:00,12.451,19.563734193520997
2020-05-13 12:15:00,12.592,19.795190786153714
2020-05-13 12:30:00,12.451,19.346059616955447
2020-05-13 12:45:00,12.874,19.50688187883115
2020-05-13 13:00:00,13.085,19.226355132045214
2020-05-13 13:15:00,13.296,18.93990218174744
2020-05-13 13:30:00,13.647,19.059099093801716
2020-05-13 13:45:00,13.507,19.044699121806115
2020-05-13 14:00:00,13.366,18.671967961621466
2020-05-13 14:15:00,14.421,19.00481693944089
2020-05-13 14:30:00,13.788,18.890581056855307
2020-05-13 14:45:00,14.421,18.639602474772868
2020-05-13 15:00:00,14.491,18.691026423713694
2020-05-13 15:15:00,14.632,18.49161322289775
2020-05-13 15:30:00,14.984,18.595473691150666
2020-05-13 15:45:00,15.265,18.991785669649616
2020-05-13 16:00:00,15.265,19.334538121051718
2020-05-13 16:15:00,15.265,19.580177625864234
2020-05-13 16:30:00,15.406,19.357096404732218
2020-05-13 16:45:00,15.828,19.571826077365415
2020-05-13 17:00:00,15.547,19.449580723877386
2020-05-13 17:15:00,15.125,19.298974146605524
2020-05-13 17:30:00,15.617,19.311959412363993
2020-05-13 17:45:00,15.125,19.18325578851136
2020-05-13 18:00:00,14.421,19.04368403520236
2020-05-13 18:15:00,14.14,19.350746248599698
2020-05-13 18:30:00,13.788,18.91261086260715
2020-05-13 18:45:00,13.436,18.920564581998953
2020-05-13 19:00:00,13.436,18.81120159674194
2020-05-13 19:15:00,13.366,18.780658070403835
2020-05-13 19:30:00,13.225,18.91700157428287
2020-05-13 19:45:00,13.436,19.088316824660698
2020-05-13 20:00:00,13.296,19.10769720234442
2020-05-13 20:15:00,13.296,18.507098295793508
2020-05-13 20:30:00,13.296,18.102785977400153
2020-05-13 20:45:00,13.085,18.134161426424267
2020-05-13 21:00:00,12.944,17.980304031558468
2020-05-13 21:15:00,12.874,18.372682629862574
2020-05-13 21:30:00,12.803,18.00314091102117
2020-05-13 21:45:00,13.014,17.730966298811364
2020-05-13 22:00:00,12.662,17.37116428182636
2020-05-13 22:15:00,12.592,17.107306083135086
2020-05-13 22:30:00,12.381,16.811140536968093
2020-05-13 22:45:00,12.24,16.77916981865932
2020-05-13 23:00:00,12.522,16.66024048835155
2020-05-13 23:15:00,12.311,16.694533239244944
2020-05-13 23:30:00,12.311,16.290725595697957
2020-05-13 23:45:00,12.451,15.881332255720379
2020-05-14 00:00:00,12.451,15.591971292390479
2020-05-14 00:15:00,12.662,15.491684274527044
2020-05-14 00:30:00,12.662,15.29116493538716
2020-05-14 00:45:00,12.522,15.246735621514501
2020-05-14 01:00:00,12.522,15.149064406654139
2020-05-14 01:15:00,12.733,15.002434405082465
2020-05-14 01:30:00,12.451,14.963629226810387
2020-05-14 01:45:00,12.522,15.072095329080788
2020-05-14 02:00:00,12.733,15.068803455791748
2020-05-14 02:15:00,12.733,14.956307174528389
2020-05-14 02:30:00,12.592,14.845466525785216
2020-05-14 02:45:00,12.733,14.83820164188357
2020-05-14 03:00:00,12.733,14.610410968875719
2020-05-14 03:15:00,12.733,14.551448228789734
2020-05-14 03:30:00,12.381,14.174807083378075
2020-05-14 03:45:00,12.733,13.938318449441118
2020-05-14 04:00:00,12.592,13.96374743078436
2020-05-14 04:15:00,12.451,13.824291780794848
2020-05-14 04:30:00,12.733,14.22691439914366
2020-05-14 04:45:00,12.381,14.501126016725902
2020-05-14 05:00:00,12.451,15.084439864595755
2020-05-14 05:15:00,12.803,15.170698403404126
2020-05-14 05:30:00,12.733,15.009608498359563
2020-05-14 05:45:00,13.014,15.374769204648938
2020-05-14 06:00:00,12.733,15.286019377433197
2020-05-14 06:15:00,12.733,15.149770070467742
2020-05-14 06:30:00,12.803,14.802430386178798
2020-05-14 06:45:00,12.592,14.842252698370114
2020-05-14 07:00:00,12.451,14.947027683359194
2020-05-14 07:15:00,12.733,15.242421262023697
2020-05-14 07:30:00,12.592,15.003625799519792
2020-05-14 07:45:00,13.014,14.899353284808365
2020-05-14 08:00:00,13.225,14.914503039670121
2020-05-14 08:15:00,12.733,14.990242884180637
2020-05-14 08:30:00,13.155,14.962026711256607
2020-05-14 08:45:00,13.366,15.401385543671353
2020-05-14 09:00:00,13.366,15.386024792315636
2020-05-14 09:15:00,13.436,15.805122403149035
2020-05-14 09:30:00,13.507,16.003026517958297
2020-05-14 09:45:00,13.155,16.622111497886053
2020-05-14 10:00:00,13.718,16.649670851588414
2020-05-14 10:15:00,14.21,16.817278588685443
2020-05-14 10:30:00,14.562,16.916041691239112
2020-05-14 10:45:00,14.703,16.99703496574023
2020-05-14 11:00:00,14.703,16.64043595699788
2020-05-14 11:15:00,14.914,17.129370798263484
2020-05-14 11:30:00,15.125,16.4802727138492
2020-05-14 11:45:00,13.999,16.691840230982724
2020-05-14 12:00:00,13.999,16.976674758755106
2020-05-14 12:15:00,14.562,17.167950304033027
2020-05-14 12:30:00,14.562,16.9758974949397
2020-05-14 12:45:00,14.491,17.248021395589948
2020-05-14 13:00:00,14.703,17.425190430135913
2020-05-14 13:15:00,14.843,17.45557424078737
2020-05-14 13:30:00,14.491,17.5998227309835
2020-05-14 13:45:00,13.999,17.754278829347516
2020-05-14 14:00:00,15.054,17.68056019600605
2020-05-14 14:15:00,15.617,17.61104798523229
2020-05-14 14:30:00,15.898,17.796541150615308
2020-05-14 14:45:00,15.758,17.731523072403657
2020-05-14 15:00:00,16.813,18.00566659210096
2020-05-14 15:15:00,15.969,18.153264725901696
2020-05-14 15:30:00,16.109,18.111388020906947
2020-05-14 15:45:00,16.672,18.107169564757555
2020-05-14 16:00:00,16.321,17.980050261907454
2020-05-14 16:15:00,15.406,18.101038633433387
2020-05-14 16:30:00,16.039,18.73472629903438
2020-05-14 16:45:00,16.321,18.69023634321419
2020-05-14 17:00:00,16.602,19.1097087902725
2020-05-14 17:15:00,17.024,19.0522648659376
2020-05-14 17:30:00,16.954,18.925549397213626
2020-05-14 17:45:00,17.094,19.258824716443765
2020-05-14 18:00:00,16.18,19.32773336635024
2020-05-14 18:15:00,15.898,18.86773260197239
2020-05-14 18:30:00,15.687,18.709262215918173
2020-05-14 18:45:00,15.758,18.31668296584125
2020-05-14 19:00:00,15.758,18.7893590287951
2020-05-14 19:15:00,15.617,18.71360879614112
2020-05-14 19:30:00,15.476,18.98240104414484
2020-05-14 19:45:00,15.406,18.5031479930269
2020-05-14 20:00:00,15.336,18.888182239344506
2020-05-14 20:15:00,15.265,18.13151175030554
2020-05-14 20:30:00,15.195,18.147956890375227
2020-05-14 20:45:00,15.406,17.694282192707753
2020-05-14 21:00:00,15.336,17.551887353139765
2020-05-14 21:15:00,15.406,17.748102018204374
2020-05-14 21:30:00,15.406,17.87948650106123
2020-05-14 21:45:00,15.054,17.566675136706618
2020-05-14 22:00:00,14.984,17.590087909846496
2020-05-14 22:15:00,15.265,17.577756006642083
2020-05-14 22:30:00,15.054,17.44295006034415
2020-05-14 22:45:00,14.914,17.229817213951325
2020-05-14 23:00:00,14.703,17.43932685103512
2020-05-14 23:15:00,14.562,16.983805254496044
2020-05-14 23:30:00,14.421,17.262936409768745
2020-05-14 23:45:00,14.421,16.968378813603696
2020-05-15 00:00:00,14.562,16.497747451889172
2020-05-15 00:15:00,14.562,16.133766193034663
2020-05-15 00:30:00,14.632,16.300541051710553
2020-05-15 00:45:00,14.491,16.42108480144696
2020-05-15 01:00:00,14.14,16.395967027953713
2020-05-15 01:15:00,14.14,16.475332382575218
2020-05-15 01:30:00,14.491,16.390376292847517
2020-05-15 01:45:00,14.351,16.30457745673549
2020-05-15 02:00:00,14.491,16.1174738367393
2020-05-15 02:15:00,14.491,15.985287221254998
2020-05-15 02:30:00,14.421,16.21189971021009
2020-05-15 02:45:00,14.421,16.14368607077498
2020-05-15 03:00:00,14.562,16.150704621199136
2020-05-15 03:15:00,14.491,16.38378357718872
2020-05-15 03:30:00,14.21,16.426186435171676
2020-05-15 03:45:00,14.21,16.54608210282783
2020-05-15 04:00:00,14.28,16.497575511028433
2020-05-15 04:15:00,14.21,16.897692763980597
2020-05-15 04:30:00,14.069,16.900213599868355
2020-05-15 04:45:00,14.14,16.89555090930141
2020-05-15 05:00:00,14.14,17.068993923978304
2020-05-15 05:15:00,14.069,17.2549091099441
2020-05-15 05:30:00,14.069,17.216453729633898
2020-05-15 05:45:00,13.788,16.87292853057917
2020-05-15 06:00:00,14.351,16.954017422080817
2020-05-15 06:15:00,14.14,17.29690548510365
2020-05-15 06:30:00,14.421,17.602811798707112
2020-05-15 06:45:00,14.843,17.339468310700603
2020-05-15 07:00:00,14.562,17.38144705739273
2020-05-15 07:15:00,15.476,17.454164843707094
2020-05-15 07:30:00,15.758,17.663892192700377
2020-05-15 07:45:00,15.969,18.051440733924412
2020-05-15 08:00:00,16.039,18.200773017042437
2020-05-15 08:15:00,15.898,18.181150665398174
2020-05-15 08:30:00,16.461,18.193207526669234
2020-05-15 08:45:00,16.461,18.10479232270168
2020-05-15 09:00:00,16.461,18.357526188610343
2020-05-15 09:15:00,16.532,18.39618121080076
2020-05-15 09:30:00,16.25,18.61293116027324
2020-05-15 09:45:00,15.969,18.314778489155238
2020-05-15 10:00:00,15.195,18.523027680091463
2020-05-15 10:15:00,15.265,18.34043528722179
2020-05-15 10:30:00,15.054,18.28488990294551
2020-05-15 10:45:00,15.054,18.364924378997614
2020-05-15 11:00:00,14.14,18.166556817009834
2020-05-15 11:15:00,14.351,17.8856960585451
2020-05-15 11:30:00,15.125,17.920335590626312
2020-05-15 11:45:00,14.703,18.316524764507925
2020-05-15 12:00:00,15.406,18.07446852287682
2020-05-15 12:15:00,14.703,18.266276936503402
2020-05-15 12:30:00,14.984,18.33275713601312
2020-05-15 12:45:00,14.491,18.399684848701884
2020-05-15 13:00:00,14.421,18.724798787805504
2020-05-15 13:15:00,15.054,18.928892740239956
2020-05-15 13:30:00,14.984,19.099095445039165
2020-05-15 13:45:00,15.054,18.988248147196693
2020-05-15 14:00:00,15.758,18.772163881188582
2020-05-15 14:15:00,15.758,19.39412764259672
2020-05-15 14:30:00,15.969,19.013694023777738
2020-05-15 14:45:00,15.617,19.379697309583314
2020-05-15 15:00:00,16.18,19.21116530603046
2020-05-15 15:15:00,17.446,19.18713288644314
2020-05-15 15:30:00,17.516,19.251199217556053
2020-05-15 15:45:00,16.461,19.412789230386625
2020-05-15 16:00:00,16.883,19.585696201664522
2020-05-15 16:15:00,16.883,19.440614532773342
2020-05-15 16:30:00,16.743,19.545602566807997
2020-05-15 16:45:00,16.602,19.31764306487242
2020-05-15 17:00:00,16.25,19.12442145189719
2020-05-15 17:15:00,16.532,19.14831692643747
2020-05-15 17:30:00,16.813,19.44926368623872
2020-05-15 17:45:00,16.954,19.41189349669745
2020-05-15 18:00:00,17.165,19.34388403547551
2020-05-15 18:15:00,16.602,19.0922248578829
2020-05-15 18:30:00,16.883,18.790270630380668
2020-05-15 18:45:00,16.602,18.635332577010796
2020-05-15 19:00:00,16.883,18.00471206768674
2020-05-15 19:15:00,16.391,18.238270299706116
2020-05-15 19:30:00,16.25,18.423479953287828
2020-05-15 19:45:00,16.321,18.29968564033852
2020-05-15 20:00:00,16.321,18.21381730872722
2020-05-15 20:15:00,16.321,18.36181701942323
2020-05-15 20:30:00,16.109,18.096086887745837
2020-05-15 20:45:00,16.18,17.89793288125691
2020-05-15 21:00:00,15.969,18.05886204519341
2020-05-15 21:15:00,16.25,18.225391821768984
2020-05-15 21:30:00,15.898,18.123611403352324
2020-05-15 21:45:00,16.039,18.29979025024602
2020-05-15 22:00:00,15.898,18.445879409635026
2020-05-15 22:15:00,15.898,18.278369559408493
2020-05-15 22:30:00,16.109,18.27549332917277
2020-05-15 22:45:00,15.898,18.365265369631793
2020-05-15 23:00:00,15.687,18.246676492096153
2020-05-15 23:15:00,15.969,18.212034352414893
2020-05-15 23:30:00,16.039,17.890300206889872
2020-05-15 23:45:00,15.969,17.9025373346919
2020-05-16 00:00:00,15.969,17.655365672916254
2020-05-16 00:15:00,15.969,17.364341220079325
2020-05-16 00:30:00,15.969,17.26365510963728
2020-05-16 00:45:00,16.039,16.92530305604398
2020-05-16 01:00:00,16.25,17.00724319768288
2020-05-16 01:15:00,16.18,16.48581626882397
2020-05-16 01:30:00,16.25,16.552018647135004
2020-05-16 01:45:00,16.109,16.278255237796767
2020-05-16 02:00:00,16.109,16.08097133435979
2020-05-16 02:15:00,16.25,16.093368505246506
2020-05-16 02:30:00,16.18,16.284024237957162
2020-05-16 02:45:00,16.321,16.31305591487283
2020-05-16 03:00:00,16.109,16.367396318020873
2020-05-16 03:15:00,16.391,16.587445123034037
2020-05-16 03:30:00,16.25,16.282527770683256
2020-05-16 03:45:00,16.391,16.58179244989105
2020-05-16 04:00:00,16.25,16.849647370982623
2020-05-16 04:15:00,15.898,17.047761123004747
2020-05-16 04:30:00,16.18,16.944586457688512
2020-05-16 04:45:00,16.461,16.959565996714268
2020-05-16 05:00:00,16.461,16.711215430335034
2020-05-16 05:15:00,16.602,17.088836533345745
2020-05-16 05:30:00,16.532,16.98550796778602
2020-05-16 05:45:00,16.672,17.09152680249772
2020-05-16 06:00:00,16.883,17.06478651016089
2020-05-16 06:15:00,17.024,17.270426286482948
2020-05-16 06:30:00,16.813,17.21124980721626
2020-05-16 06:45:00,17.024,17.33508729422086
2020-05-16 07:00:00,16.672,17.562158295019906
2020-05-16 07:15:00,16.321,17.836949176096002
2020-05-16 07:30:00,16.25,17.69608660733297
2020-05-16 07:45:00,16.039,17.791805343638217
2020-05-16 08:00:00,15.687,17.760990292349657
2020-05-16 08:15:00,15.265,17.92951873125718
2020-05-16 08:30:00,15.125,18.312586048790468
2020-05-16 08:45:00,15.054,18.48983468441446
2020-05-16 09:00:00,14.843,18.645459949196255
2020-05-16 09:15:00,14.491,19.106033132663015
2020-05-16 09:30:00,14.562,18.699694521725352
2020-05-16 09:45:00,14.843,18.757994569929476
2020-05-16 10:00:00,15.336,18.729981664486857
2020-05-16 10:15:00,14.984,18.46286200168905
2020-05-16 10:30:00,14.843,18.411077307051414
2020-05-16 10:45:00,15.054,18.128628973821083
2020-05-16 11:00:00,14.984,18.29126840773747
2020-05-16 11:15:00,14.914,18.547672906031316
2020-05-16 11:30:00,15.054,18.45956483561173
2020-05-16 11:45:00,14.984,18.574144731553666
2020-05-16 12:00:00,14.703,18.514409362755764
2020-05-16 12:15:00,14.914,19.30861411791966
2020-05-16 12:30:00,14.632,19.795110528820157
2020-05-16 12:45:00,14.984,20.02043225261709
2020-05-16 13:00:00,14.984,20.430120808058938
2020-05-16 13:15:00,15.195,20.319637983333397
2020-05-16 13:30:00,15.547,20.356170742541657
2020-05-16 13:45:00,15.406,20.456118118191473
2020-05-16 14:00:00,15.687,20.607788071655268
2020-05-16 14:15:00,15.898,20.237875134085325
2020-05-16 14:30:00,15.617,20.441515699316103
2020-05-16 14:45:00,15.687,20.64108430999068
2020-05-16 15:00:00,16.743,20.668177319687466
2020-05-16 15:15:00,16.18,20.600032517049844
2020-05-16 15:30:00,16.321,20.936172775768917
2020-05-16 15:45:00,16.25,20.801607822528144
2020-05-16 16:00:00,16.109,20.8834739497862
2020-05-16 16:15:00,16.321,20.828796514315606
2020-05-16 16:30:00,16.672,20.512044619226252
2020-05-16 16:45:00,16.039,20.488294518613852
2020-05-16 17:00:00,16.321,20.285325677389928
2020-05-16 17:15:00,15.758,20.34891704536936
2020-05-16 17:30:00,15.758,20.577039074312733
2020-05-16 17:45:00,15.758,20.578793097042936
2020-05-16 18:00:00,15.828,20.48921268763315
2020-05-16 18:15:00,15.265,20.296547346015537
2020-05-16 18:30:00,15.265,20.078322664785503
2020-05-16 18:45:00,15.406,19.91532822274866
2020-05-16 19:00:00,15.547,19.551701660164284
2020-05-16 19:15:00,16.109,19.107420753332985
2020-05-16 19:30:00,15.828,18.913493435109146
2020-05-16 19:45:00,15.969,18.57462751957467
2020-05-16 20:00:00,16.321,18.879357513390445
2020-05-16 20:15:00,16.602,18.486858321028883
2020-05-16 20:30:00,16.461,18.69213636828756
2020-05-16 20:45:00,16.391,18.43812045950924
2020-05-16 21:00:00,16.039,18.243803411710523
2020-05-16 21:15:00,16.25,18.054574348470567
2020-05-16 21:30:00,16.602,18.050018367429722
2020-05-16 21:45:00,16.602,18.307716678496266
2020-05-16 22:00:00,16.672,18.214603068831046
2020-05-16 22:15:00,16.602,18.5146647684471
2020-05-16 22:30:00,15.125,18.362611990384952
2020-05-16 22:45:00,14.843,18.553850783017815
2020-05-16 23:00:00,15.054,18.547699874679406
2020-05-16 23:15:00,15.547,18.542372691086104
2020-05-16 23:30:00,15.898,18.48426401698237
2020-05-16 23:45:00,15.547,18.576506536483258
2020-05-17 00:00:00,16.109,18.51193229224811
2020-05-17 00:15:00,15.898,18.48237171921268
2020-05-17 00:30:00,16.391,18.434878750633036
2020-05-17 00:45:00,16.672,18.455099413559683
2020-05-17 01:00:00,16.602,18.502522718747375
2020-05-17 01:15:00,14.843,18.274906954666392
2020-05-17 01:30:00,14.843,18.28158187891803
2020-05-17 01:45:00,14.914,18.222529624132186
2020-05-17 02:00:00,14.632,18.260486911219388
2020-05-17 02:15:00,13.296,17.857534622565982
2020-05-17 02:30:00,8.371,17.851540329013353
2020-05-17 02:45:00,10.622,17.765663718569428
2020-05-17 03:00:00,12.24,17.822830330700075
2020-05-17 03:15:00,13.788,17.69293095780299
2020-05-17 03:30:00,14.14,17.678994765577038
2020-05-17 03:45:00,10.552,17.771710663551616
2020-05-17 04:00:00,9.708,17.746915493914347
2020-05-17 04:15:00,8.864,17.55971514026591
2020-05-17 04:30:00,9.708,17.522312760715497
2020-05-17 04:45:00,8.653,17.627994261230377
2020-05-17 05:00:00,8.653,17.535088546492467
2020-05-17 05:15:00,10.271,17.55309674124369
2020-05-17 05:30:00,10.552,17.629764158154853
2020-05-17 05:45:00,10.482,17.494319349521803
2020-05-17 06:00:00,9.989,17.48983470454728
2020-05-17 06:15:00,10.833,17.401366637012536
2020-05-17 06:30:00,11.467,17.53474631122314
2020-05-17 06:45:00,12.17,17.53027844807553
2020-05-17 07:00:00,10.974,17.693408220674478
2020-05-17 07:15:00,10.552,17.962963682379478
2020-05-17 07:30:00,8.512,18.0296763085132
2020-05-17 07:45:00,7.949,18.287008137853714
2020-05-17 08:00:00,8.09,18.53235738230438
2020-05-17 08:15:00,8.231,18.632677934308013
2020-05-17 08:30:00,9.286,18.488048239400584
2020-05-17 08:45:00,9.919,18.37383176723529
2020-05-17 09:00:00,11.326,18.608553602773505
2020-05-17 09:15:00,11.185,18.868304341139993
2020-05-17 09:30:00,11.818,18.536151406450895
2020-05-17 09:45:00,12.311,18.602886933047593
2020-05-17 10:00:00,12.381,19.010624443010638
2020-05-17 10:15:00,12.1,19.73662268162958
2020-05-17 10:30:00,12.522,19.610455234808985
2020-05-17 10:45:00,12.381,19.62474246529216
2020-05-17 11:00:00,13.155,19.932122223755453
2020-05-17 11:15:00,13.085,19.907218789227514
2020-05-17 11:30:00,12.874,19.758829498314732
2020-05-17 11:45:00,12.522,19.600309987384477
2020-05-17 12:00:00,12.522,19.60402848581895
2020-05-17 12:15:00,12.944,19.739131897128082
2020-05-17 12:30:00,12.592,20.142029860811476
2020-05-17 12:45:00,12.733,20.24371026881476
2020-05-17 13:00:00,13.014,20.70751681491551
2020-05-17 13:15:00,13.225,21.04194085051523
2020-05-17 13:30:00,13.577,21.05438881684201
2020-05-17 13:45:00,13.718,21.054863826171268
2020-05-17 14:00:00,13.507,21.04300444654352
2020-05-17 14:15:00,13.929,21.013340742726335
2020-05-17 14:30:00,13.788,20.952255244498943
2020-05-17 14:45:00,13.858,20.89053959087518
2020-05-17 15:00:00,13.507,20.950431835054186
2020-05-17 15:15:00,13.718,20.78833182419254
2020-05-17 15:30:00,13.647,20.816974721219648
2020-05-17 15:45:00,14.069,20.959231896488856
2020-05-17 16:00:00,13.999,20.97081327515569
2020-05-17 16:15:00,13.647,20.831093569858414
2020-05-17 16:30:00,13.296,20.771220712534475
2020-05-17 16:45:00,13.929,20.62553692718169
2020-05-17 17:00:00,13.788,20.717382890655944
2020-05-17 17:15:00,13.647,20.719344783863246
2020-05-17 17:30:00,14.14,20.694430197490192
2020-05-17 17:45:00,14.14,20.47766694537814
2020-05-17 18:00:00,14.14,20.63235639129848
2020-05-17 18:15:00,14.14,20.15409744888314
2020-05-17 18:30:00,14.14,20.089333608493746
2020-05-17 18:45:00,13.718,20.291128145654877
2020-05-17 19:00:00,13.788,19.880628282604775
2020-05-17 19:15:00,13.788,19.779778962392538
2020-05-17 19:30:00,13.718,19.74899113840859
2020-05-17 19:45:00,13.507,19.673691569689716
2020-05-17 20:00:00,13.507,19.112704135366073
2020-05-17 20:15:00,13.436,18.830894373435743
2020-05-17 20:30:00,13.296,18.63301327683538
2020-05-17 20:45:00,13.225,18.542899531768974
2020-05-17 21:00:00,13.155,18.675483057756256
2020-05-17 21:15:00,13.296,18.661268680611894
2020-05-17 21:30:00,13.436,18.50334900421999
2020-05-17 21:45:00,13.225,18.418000470289776
2020-05-17 22:00:00,13.436,18.38929151162004
2020-05-17 22:15:00,13.155,18.34876217809767
2020-05-17 22:30:00,12.874,18.341715064905493
2020-05-17 22:45:00,13.225,18.03035964568524
2020-05-17 23:00:00,13.366,18.023142315343406
2020-05-17 23:15:00,12.874,18.133950788423608
2020-05-17 23:30:00,13.155,17.994639740890452
2020-05-17 23:45:00,13.085,17.98067788005521
2020-05-18 00:00:00,12.944,17.92047411681968
2020-05-18 00:15:00,12.803,17.95603015460748
2020-05-18 00:30:00,12.944,17.89851190718847
2020-05-18 00:45:00,12.662,17.78373760427228
2020-05-18 01:00:00,12.944,17.920489653293064
2020-05-18 01:15:00,13.155,17.736269745710324
2020-05-18 01:30:00,13.225,17.702894645917898
2020-05-18 01:45:00,13.366,17.740434321322763
2020-05-18 02:00:00,13.366,17.590808174193576
2020-05-18 02:15:00,13.225,17.6080657932348
2020-05-18 02:30:00,13.014,17.65984651858109
2020-05-18 02:45:00,12.944,17.529565331344884
2020-05-18 03:00:00,13.085,17.371492093121923
2020-05-18 03:15:00,13.014,17.191796438888044
2020-05-18 03:30:00,13.085,17.171585594480586
2020-05-18 03:45:00,13.366,16.96550982475281
2020-05-18 04:00:00,13.085,17.082778820119604
2020-05-18 04:15:00,12.944,16.96099015814264
2020-05-18 04:30:00,13.085,16.890869350553803
2020-05-18 04:45:00,12.733,16.820081421946593
2020-05-18 05:00:00,12.803,16.915479101848423
2020-05-18 05:15:00,12.803,16.91606214171912
2020-05-18 05:30:00,13.085,16.897716112671844
2020-05-18 05:45:00,13.155,16.85948920566299
2020-05-18 06:00:00,13.014,16.920787947832196
2020-05-18 06:15:00,13.014,16.927239134351094
2020-05-18 06:30:00,12.944,16.89952315115967
2020-05-18 06:45:00,13.085,16.787772002198448
2020-05-18 07:00:00,12.944,17.14872771390081
2020-05-18 07:15:00,12.451,17.162459531764917
2020-05-18 07:30:00,12.733,17.266007834335642
2020-05-18 07:45:00,12.733,17.72728917325659
2020-05-18 08:00:00,12.874,18.272859936143043
2020-05-18 08:15:00,12.733,18.27886264398069
2020-05-18 08:30:00,12.944,18.43876308642006
2020-05-18 08:45:00,12.592,18.50794434598204
2020-05-18 09:00:00,12.522,18.650930244858824
2020-05-18 09:15:00,12.451,18.684444190113485
2020-05-18 09:30:00,12.451,19.0866023767197
2020-05-18 09:45:00,12.662,19.001031646276992
2020-05-18 10:00:00,12.522,18.857665469964058
2020-05-18 10:15:00,12.592,18.869322700057413
2020-05-18 10:30:00,12.592,19.010676681040447
2020-05-18 10:45:00,12.662,18.986903071259974
2020-05-18 11:00:00,12.733,19.08237602783198
2020-05-18 11:15:00,12.592,18.98436764454309
2020-05-18 11:30:00,12.662,19.28144602595268
2020-05-18 11:45:00,12.662,19.316809512020633
2020-05-18 12:00:00,12.803,19.362454026187102
2020-05-18 12:15:00,12.874,19.329980797129107
2020-05-18 12:30:00,12.944,19.745474890580148
2020-05-18 12:45:00,13.014,19.95388883992637
2020-05-18 13:00:00,12.592,20.458050045084672
2020-05-18 13:15:00,12.592,20.718211334696758
2020-05-18 13:30:00,12.662,20.797111278970007
2020-05-18 13:45:00,12.874,20.843763815605243
2020-05-18 14:00:00,12.874,20.836021670531046
2020-05-18 14:15:00,12.522,20.62528907084637
2020-05-18 14:30:00,12.17,20.633086468177016
2020-05-18 14:45:00,12.451,20.54126216161314
2020-05-18 15:00:00,12.733,20.849071764621254
2020-05-18 15:15:00,12.803,20.891502970496187
2020-05-18 15:30:00,12.311,20.82016826194586
2020-05-18 15:45:00,12.592,20.65091208078758
2020-05-18 16:00:00,9.426,20.57335159419848
2020-05-18 16:15:00,5.557,20.448899316836023
2020-05-18 16:30:00,6.402,20.599537708134747
2020-05-18 16:45:00,7.035,20.14579143851858
2020-05-18 17:00:00,8.09,20.249320627679076
2020-05-18 17:15:00,6.683,20.189203925364655
2020-05-18 17:30:00,6.542,20.069092653577815
2020-05-18 17:45:00,6.753,19.951949739172775
2020-05-18 18:00:00,6.331,19.412958103875532
2020-05-18 18:15:00,6.261,19.257180199279947
2020-05-18 18:30:00,5.698,18.92419144438134
2020-05-18 18:45:00,5.417,18.91330956757152
2020-05-18 19:00:00,5.346,18.462015586845457
2020-05-18 19:15:00,5.346,17.869184513487543
2020-05-18 19:30:00,5.628,17.83548067126029
2020-05-18 19:45:00,5.909,18.31938115327277
2020-05-18 20:00:00,6.402,18.08554444634835
2020-05-18 20:15:00,7.809,18.433317442372886
2020-05-18 20:30:00,8.301,18.107147318765435
2020-05-18 20:45:00,8.442,17.76362122297219
2020-05-18 21:00:00,8.301,17.661030415515942
2020-05-18 21:15:00,8.371,17.684097971640313
2020-05-18 21:30:00,8.582,17.210521018413168
2020-05-18 21:45:00,8.723,17.207074092279786
2020-05-18 22:00:00,8.653,17.334349314889707
2020-05-18 22:15:00,8.582,17.523649935599074
2020-05-18 22:30:00,8.301,17.239737314924522
2020-05-18 22:45:00,8.512,17.29480094168132
2020-05-18 23:00:00,8.512,17.20851193167745
2020-05-18 23:15:00,8.09,16.974643341983075
2020-05-18 23:30:00,8.02,16.60167109876907
2020-05-18 23:45:00,8.371,16.679406403620625
2020-05-19 00:00:00,8.512,16.622502239483584
2020-05-19 00:15:00,8.653,16.603367317303835
2020-05-19 00:30:00,8.582,16.701063303404084
2020-05-19 00:45:00,8.582,16.53867519753933
2020-05-19 01:00:00,8.512,16.594421259430145
2020-05-19 01:15:00,8.301,16.720426747218507
2020-05-19 01:30:00,8.02,16.785409355712908
2020-05-19 01:45:00,8.231,16.679323376017887
2020-05-19 02:00:00,8.231,16.036947073876977
2020-05-19 02:15:00,8.16,16.38226248319196
2020-05-19 02:30:00,8.16,16.469421399048763
2020-05-19 02:45:00,8.512,16.175043334133946
2020-05-19 03:00:00,8.512,16.21430092611787
2020-05-19 03:15:00,8.301,16.248874279321004
2020-05-19 03:30:00,7.879,16.062264263916532
2020-05-19 03:45:00,8.301,16.057447680097358
2020-05-19 04:00:00,7.809,16.181729605120726
2020-05-19 04:15:00,7.949,16.138258600830305
2020-05-19 04:30:00,7.597,15.852307561032832
2020-05-19 04:45:00,7.597,15.800371233857483
2020-05-19 05:00:00,7.738,15.69727369208426
2020-05-19 05:15:00,7.879,15.523981746890469
2020-05-19 05:30:00,7.949,15.565375770495146
2020-05-19 05:45:00,7.668,15.737248152138612
2020-05-19 06:00:00,7.738,15.629136033679485
2020-05-19 06:15:00,7.879,15.740051474562234
2020-05-19 06:30:00,7.809,15.984923243904053
2020-05-19 06:45:00,8.02,16.419113041142722
2020-05-19 07:00:00,7.949,16.65507001852124
2020-05-19 07:15:00,8.02,17.21232222659512
2020-05-19 07:30:00,7.809,17.415620474553837
2020-05-19 07:45:00,7.949,17.637798744792825
2020-05-19 08:00:00,7.879,17.972494356638695
2020-05-19 08:15:00,7.949,17.775927590030925
2020-05-19 08:30:00,7.879,17.764385978249706
2020-05-19 08:45:00,6.683,18.453673480741166
2020-05-19 09:00:00,7.105,18.729351626707516
2020-05-19 09:15:00,5.346,18.705826369067335
2020-05-19 09:30:00,6.05,18.559592469090013
2020-05-19 09:45:00,7.105,18.347307802015795
2020-05-19 10:00:00,7.597,17.597287158337657
2020-05-19 10:15:00,7.457,17.299843516458665
2020-05-19 10:30:00,7.597,17.54382743525291
2020-05-19 10:45:00,7.457,18.026833902785466
2020-05-19 11:00:00,7.457,17.571385195327533
2020-05-19 11:15:00,7.457,17.46946374746152
2020-05-19 11:30:00,7.597,17.56753398904005
2020-05-19 11:45:00,7.738,17.189323584762853
2020-05-19 12:00:00,7.809,17.489618111959658
2020-05-19 12:15:00,7.949,17.511097611718533
2020-05-19 12:30:00,7.949,18.343924746291307
2020-05-19 12:45:00,8.02,18.799679644278815
2020-05-19 13:00:00,7.879,19.079612083253103
2020-05-19 13:15:00,8.02,19.24012932289038
2020-05-19 13:30:00,7.949,19.1086874534465
2020-05-19 13:45:00,8.02,19.324702982700707
2020-05-19 14:00:00,8.02,19.06819755838458
2020-05-19 14:15:00,7.668,18.80504385879464
2020-05-19 14:30:00,7.668,19.202362992343705
2020-05-19 14:45:00,7.668,18.99959143518385
2020-05-19 15:00:00,7.668,19.407256016647057
2020-05-19 15:15:00,7.668,19.192004759384965
2020-05-19 15:30:00,7.738,18.931255730004047
2020-05-19 15:45:00,7.668,18.915363429374043
2020-05-19 16:00:00,7.457,18.718459047176232
2020-05-19 16:15:00,7.316,18.663325964306065
2020-05-19 16:30:00,7.105,19.048904464454406
2020-05-19 16:45:00,7.316,18.939462873590347
2020-05-19 17:00:00,7.035,18.84901648825093
2020-05-19 17:15:00,7.105,19.168919191426898
2020-05-19 17:30:00,6.964,19.03114767170284
2020-05-19 17:45:00,7.105,18.918771426113178
2020-05-19 18:00:00,7.175,18.899072710835956
2020-05-19 18:15:00,7.105,19.0224583068441
2020-05-19 18:30:00,7.386,18.95245430867554
2020-05-19 18:45:00,7.457,19.0249036466789
2020-05-19 19:00:00,7.035,19.33886422194218
2020-05-19 19:15:00,7.246,19.97089533074746
2020-05-19 19:30:00,7.246,20.180127759168236
2020-05-19 19:45:00,6.753,20.186376536302905
2020-05-19 20:00:00,6.894,20.0461767232736
2020-05-19 20:15:00,6.964,20.500154665393254
2020-05-19 20:30:00,7.175,20.22398417154641
2020-05-19 20:45:00,7.246,19.822202334383213
2020-05-19 21:00:00,7.386,19.627376177822082
2020-05-19 21:15:00,7.246,19.104647411665084
2020-05-19 21:30:00,7.316,17.999688211076318
2020-05-19 21:45:00,7.175,17.66849244638737
2020-05-19 22:00:00,7.316,17.447122287309227
2020-05-19 22:15:00,7.246,17.727802142996516
2020-05-19 22:30:00,7.246,17.03565938263663
2020-05-19 22:45:00,7.105,16.982512087225096
2020-05-19 23:00:00,7.105,16.756939880060486
2020-05-19 23:15:00,6.964,16.579357889746383
2020-05-19 23:30:00,7.105,16.46326238339946
2020-05-19 23:45:00,7.246,16.418065175303262
2020-05-20 00:00:00,7.105,16.309908343408072
2020-05-20 00:15:00,7.035,16.050468337927306
2020-05-20 00:30:00,6.894,16.19127719281648
2020-05-20 00:45:00,7.246,16.3920521780173
2020-05-20 01:00:00,7.105,16.40533055577565
2020-05-20 01:15:00,7.035,16.05944681538766
2020-05-20 01:30:00,6.753,16.165521534813703
2020-05-20 01:45:00,6.824,16.072546489747552
2020-05-20 02:00:00,6.964,15.917644784831227
2020-05-20 02:15:00,6.964,16.135007300853548
2020-05-20 02:30:00,7.035,16.47959435923152
2020-05-20 02:45:00,6.753,16.35493063655768
2020-05-20 03:00:00,6.753,16.38644782129883
2020-05-20 03:15:00,6.753,16.469508217007288
2020-05-20 03:30:00,6.824,16.345569396944725
2020-05-20 03:45:00,6.683,16.035711476931805
2020-05-20 04:00:00,6.824,15.702176100311103
2020-05-20 04:15:00,7.105,15.77336486572714
2020-05-20 04:30:00,6.753,15.742164221012453
2020-05-20 04:45:00,6.824,15.67876369301901
2020-05-20 05:00:00,6.824,15.716989623755126
2020-05-20 05:15:00,6.753,15.455350918190284
2020-05-20 05:30:00,6.753,15.677244189181373
2020-05-20 05:45:00,6.753,15.636961281936031
2020-05-20 06:00:00,6.753,16.354189761910135
2020-05-20 06:15:00,6.753,16.763156697285847
2020-05-20 06:30:00,6.964,17.230444934283103
2020-05-20 06:45:00,6.824,17.763617506422506
2020-05-20 07:00:00,6.824,17.760325006423255
2020-05-20 07:15:00,6.964,18.148190644741113
2020-05-20 07:30:00,6.894,18.34787971178759
2020-05-20 07:45:00,7.246,18.346978544389785
2020-05-20 08:00:00,7.105,18.78602191261469
2020-05-20 08:15:00,7.035,18.782797196690122
2020-05-20 08:30:00,7.246,18.84101761047578
2020-05-20 08:45:00,7.246,18.45928956647939
2020-05-20 09:00:00,7.246,18.722402853589067
2020-05-20 09:15:00,7.316,17.899685883588837
2020-05-20 09:30:00,7.316,18.06266800940447
2020-05-20 09:45:00,7.457,17.426895561510428
2020-05-20 10:00:00,7.386,17.533962936684112
2020-05-20 10:15:00,6.964,17.26986814258254
2020-05-20 10:30:00,7.105,17.33645840021682
2020-05-20 10:45:00,7.457,17.26427544825593
2020-05-20 11:00:00,7.175,17.35535716076919
2020-05-20 11:15:00,7.246,17.23439127397008
2020-05-20 11:30:00,7.105,17.683758529514286
2020-05-20 11:45:00,7.105,17.395131352236728
2020-05-20 12:00:00,6.964,17.42229618565939
2020-05-20 12:15:00,7.035,16.761641240934683
2020-05-20 12:30:00,7.105,17.06717475772228
2020-05-20 12:45:00,6.964,16.891175721130022
2020-05-20 13:00:00,6.824,17.553484305363252
2020-05-20 13:15:00,6.894,17.811989614484144
2020-05-20 13:30:00,6.824,17.967722567806746
2020-05-20 13:45:00,6.753,17.961008319896084
2020-05-20 14:00:00,6.683,18.118542145446547
2020-05-20 14:15:00,6.753,18.033577910255012
2020-05-20 14:30:00,6.613,18.28689546727056
2020-05-20 14:45:00,6.402,18.02002849550834
2020-05-20 15:00:00,6.331,17.86075655319057
2020-05-20 15:15:00,6.331,18.052730041151115
2020-05-20 15:30:00,6.331,18.79760992169475
2020-05-20 15:45:00,6.05,19.058580857856537
2020-05-20 16:00:00,6.542,18.96655974596609
2020-05-20 16:15:00,6.472,18.730076143238048
2020-05-20 16:30:00,3.377,18.887260014765396
2020-05-20 16:45:00,3.236,19.322270574097494
2020-05-20 17:00:00,4.362,19.022814926985124
2020-05-20 17:15:00,5.346,19.268368769828115
2020-05-20 17:30:00,5.417,18.708069424582618
2020-05-20 17:45:00,5.698,19.147996268859966
2020-05-20 18:00:00,5.557,18.768888271701645
2020-05-20 18:15:00,5.557,19.272656950422142
2020-05-20 18:30:00,5.698,19.59728617153919
2020-05-20 18:45:00,5.557,19.968263573125203
2020-05-20 19:00:00,5.628,20.05895889069597
2020-05-20 19:15:00,5.628,19.84325028326883
2020-05-20 19:30:00,5.628,19.465564600589666
2020-05-20 19:45:00,5.698,19.660440420336723
2020-05-20 20:00:00,5.979,19.088461151305193
2020-05-20 20:15:00,5.768,18.11133509328344
2020-05-20 20:30:00,5.768,17.556334957508334
2020-05-20 20:45:00,5.979,17.567720469658614
2020-05-20 21:00:00,5.698,17.13348728282913
2020-05-20 21:15:00,5.698,16.707095178512954
2020-05-20 21:30:00,5.698,16.43081639410388
2020-05-20 21:45:00,5.979,16.7486968678962
2020-05-20 22:00:00,5.909,16.460213583774138
2020-05-20 22:15:00,5.909,16.237106013253456
2020-05-20 22:30:00,5.909,16.653943874668315
2020-05-20 22:45:00,5.909,16.510869610337323
2020-05-20 23:00:00,5.768,16.49518346874711
2020-05-20 23:15:00,5.839,16.318272163203435
2020-05-20 23:30:00,5.698,16.254226331046127
2020-05-20 23:45:00,5.698,16.118848000356714
2020-05-21 00:00:00,5.698,15.881224857810725
2020-05-21 00:15:00,5.487,16.032881753760886
2020-05-21 00:30:00,5.557,16.03052361324744
2020-05-21 00:45:00,5.487,15.714211457662875
2020-05-21 01:00:00,5.417,15.843797669297198
2020-05-21 01:15:00,5.628,16.029842243101452
2020-05-21 01:30:00,5.698,15.983241163888623
2020-05-21 01:45:00,5.698,15.522472787278167
2020-05-21 02:00:00,5.768,15.836518782528707
2020-05-21 02:15:00,5.768,15.711049985726403
2020-05-21 02:30:00,5.698,15.70991857853165
2020-05-21 02:45:00,5.839,15.818940837823583
2020-05-21 03:00:00,5.628,16.05703527461857
2020-05-21 03:15:00,5.698,16.07858931429281
2020-05-21 03:30:00,5.768,16.106996337825322
2020-05-21 03:45:00,5.839,16.08986605414614
2020-05-21 04:00:00,5.698,16.5141217723316
2020-05-21 04:15:00,5.487,16.441281451913916
2020-05-21 04:30:00,5.768,16.883181415117434
2020-05-21 04:45:00,5.839,17.26763163624324
2020-05-21 05:00:00,6.05,17.305152833677575
2020-05-21 05:15:00,6.331,17.99494086432214
2020-05-21 05:30:00,6.191,17.826599036338703
2020-05-21 05:45:00,5.979,17.71438823919244
2020-05-21 06:00:00,5.909,17.811746844706473
2020-05-21 06:15:00,5.979,17.812485019226173
2020-05-21 06:30:00,6.05,18.53486067078254
2020-05-21 06:45:00,6.05,18.405998095153407
2020-05-21 07:00:00,5.979,18.757587776284023
2020-05-21 07:15:00,6.261,18.85708068754404
2020-05-21 07:30:00,5.909,18.5074567041272
2020-05-21 07:45:00,5.909,18.64554823351855
2020-05-21 08:00:00,6.05,18.443693047843833
2020-05-21 08:15:00,6.261,18.712645264749163
2020-05-21 08:30:00,6.331,18.075714704422982
2020-05-21 08:45:00,6.261,18.034800946011046
2020-05-21 09:00:00,6.472,18.375467902780308
2020-05-21 09:15:00,6.12,18.60572728679542
2020-05-21 09:30:00,6.261,18.6977136641288
2020-05-21 09:45:00,6.12,18.23848867468122
2020-05-21 10:00:00,6.402,17.982988845996058
2020-05-21 10:15:00,6.402,18.353327511968526
2020-05-21 10:30:00,6.542,18.163933341904688
2020-05-21 10:45:00,6.542,18.079873525843787
2020-05-21 11:00:00,6.402,17.558268880729692
2020-05-21 11:15:00,6.472,17.21012898808542
2020-05-21 11:30:00,6.542,16.90281371087264
2020-05-21 11:45:00,6.683,16.662361983164537
2020-05-21 12:00:00,6.753,17.261502784961333
2020-05-21 12:15:00,6.683,16.474113468679832
2020-05-21 12:30:00,6.964,16.59927098531116
2020-05-21 12:45:00,6.683,16.918166940246593
2020-05-21 13:00:00,7.105,17.324893022058923
2020-05-21 13:15:00,7.035,17.658078339612754
2020-05-21 13:30:00,7.105,17.807469663538583
2020-05-21 13:45:00,7.035,17.788904643925722
2020-05-21 14:00:00,7.175,17.701889283721677
2020-05-21 14:15:00,7.457,18.658598681133203
2020-05-21 14:30:00,7.105,18.946823709639443
2020-05-21 14:45:00,7.386,19.16548728989273
2020-05-21 15:00:00,7.316,18.892950443167376
2020-05-21 15:15:00,7.105,19.007220519279542
2020-05-21 15:30:00,7.035,19.212705059174457
2020-05-21 15:45:00,7.527,18.797764277502168
2020-05-21 16:00:00,5.628,19.159848910303577
2020-05-21 16:15:00,4.995,19.024028449813002
2020-05-21 16:30:00,4.15,19.434600072526013
2020-05-21 16:45:00,4.01,20.207301128217832
2020-05-21 17:00:00,4.432,20.3176575129482
2020-05-21 17:15:00,5.557,20.557632191890068
2020-05-21 17:30:00,6.191,21.61228451157571
2020-05-21 17:45:00,6.261,21.4319070431663
2020-05-21 18:00:00,6.472,21.329529433355642
2020-05-21 18:15:00,6.542,20.994741190739315
2020-05-21 18:30:00,6.402,20.892916194870256
2020-05-21 18:45:00,6.402,20.913446273167608
2020-05-21 19:00:00,6.472,20.9524761415977
2020-05-21 19:15:00,6.542,20.67742878849507
2020-05-21 19:30:00,6.683,20.374725133095545
2020-05-21 19:45:00,6.683,20.545020839816498
2020-05-21 20:00:00,6.894,19.799674991432912
2020-05-21 20:15:00,6.683,19.85191954354101
2020-05-21 20:30:00,6.683,19.66672347948081
2020-05-21 20:45:00,6.613,19.834589519832175
2020-05-21 21:00:00,6.613,19.741079729338114
2020-05-21 21:15:00,6.613,20.23406689038045
2020-05-21 21:30:00,6.753,20.549311094557595
2020-05-21 21:45:00,6.964,19.798039486721848
2020-05-21 22:00:00,6.894,19.194088612907514
2020-05-21 22:15:00,6.964,18.943919259444275
2020-05-21 22:30:00,6.894,18.88845564274884
2020-05-21 22:45:00,6.613,18.662285719141554
2020-05-21 23:00:00,6.683,18.066587562757995
2020-05-21 23:15:00,6.894,17.74605871590367
2020-05-21 23:30:00,7.105,17.364986504721127
2020-05-21 23:45:00,7.175,17.44239045335792
2020-05-22 00:00:00,6.964,17.044093453425223
2020-05-22 00:15:00,6.964,16.851436060358346
2020-05-22 00:30:00,7.105,16.79041353820369
2020-05-22 00:45:00,7.246,16.819140890804327
2020-05-22 01:00:00,7.316,17.674509647639045
2020-05-22 01:15:00,7.175,18.444314136298207
2020-05-22 01:30:00,7.386,19.320977202723803
2020-05-22 01:45:00,7.316,20.129108906464747
2020-05-22 02:00:00,7.457,21.057983685488985
2020-05-22 02:15:00,7.457,21.63387493130678
2020-05-22 02:30:00,7.738,22.3239153569272
2020-05-22 02:45:00,7.809,22.714219861677197
2020-05-22 03:00:00,7.879,22.211391694813027
2020-05-22 03:15:00,8.02,21.944124145837712
2020-05-22 03:30:00,8.231,21.811689438371896
2020-05-22 03:45:00,8.16,21.437934876110447
2020-05-22 04:00:00,8.301,21.75113148310559
2020-05-22 04:15:00,8.371,21.465804856639764
2020-05-22 04:30:00,8.512,21.883469402005897
2020-05-22 04:45:00,9.004,21.34238752719319
2020-05-22 05:00:00,9.004,21.364880163587436
2020-05-22 05:15:00,8.934,21.570051977659585
2020-05-22 05:30:00,8.793,21.55640602154967
2020-05-22 05:45:00,8.864,21.330663120700457
2020-05-22 06:00:00,9.145,20.44510417784158
2020-05-22 06:15:00,8.934,20.4231864930152
2020-05-22 06:30:00,7.949,20.16853073590215
2020-05-22 06:45:00,7.035,20.04883950143194
2020-05-22 07:00:00,7.457,19.976443918401433
2020-05-22 07:15:00,7.668,19.7715743704756
2020-05-22 07:30:00,7.105,20.25563714538439
2020-05-22 07:45:00,6.964,19.97038675941409
2020-05-22 08:00:00,6.824,20.14257433768048
2020-05-22 08:15:00,6.824,19.555376572121652
2020-05-22 08:30:00,7.246,19.878621220263064
2020-05-22 08:45:00,6.753,19.49511717263446
2020-05-22 09:00:00,6.683,19.44763864038838
2020-05-22 09:15:00,6.683,18.973066870560526
2020-05-22 09:30:00,6.402,19.351169852552818
2020-05-22 09:45:00,6.472,19.732105199391967
2020-05-22 10:00:00,6.402,19.418672662264843
2020-05-22 10:15:00,6.753,20.227241713522638
2020-05-22 10:30:00,6.964,20.697606921835693
2020-05-22 10:45:00,5.346,20.53110471555498
2020-05-22 11:00:00,3.728,20.19255929802951
2020-05-22 11:15:00,3.869,19.76954682050771
2020-05-22 11:30:00,4.221,19.770806536651257
2020-05-22 11:45:00,4.643,18.893944368996394
2020-05-22 12:00:00,4.15,18.708100040879604
2020-05-22 12:15:00,5.206,19.178238579648
2020-05-22 12:30:00,6.402,19.361638874287248
2020-05-22 12:45:00,6.542,19.483825509925186
2020-05-22 13:00:00,6.542,20.07096095533558
2020-05-22 13:15:00,7.035,19.745652995460684
2020-05-22 13:30:00,6.261,20.745401954697645
2020-05-22 13:45:00,6.472,20.94916250706329
2020-05-22 14:00:00,6.964,21.412781133354624
2020-05-22 14:15:00,6.05,21.886108732069793
2020-05-22 14:30:00,5.346,22.97768887470789
2020-05-22 14:45:00,5.557,21.936066688813526
2020-05-22 15:00:00,6.261,22.619509833099375
2020-05-22 15:15:00,6.683,22.698534578463203
2020-05-22 15:30:00,6.191,23.58357510901775
2020-05-22 15:45:00,6.402,22.83423414957966
2020-05-22 16:00:00,6.12,24.309135880180296
2020-05-22 16:15:00,6.613,23.91190508207944
2020-05-22 16:30:00,6.261,24.312090631501174
2020-05-22 16:45:00,6.683,24.639102531778914
2020-05-22 17:00:00,6.894,24.004592184996024
2020-05-22 17:15:00,7.175,24.24966822531297
2020-05-22 17:30:00,6.613,23.41996124736265
2020-05-22 17:45:00,6.331,23.313894578629093
2020-05-22 18:00:00,6.261,22.995696001843136
2020-05-22 18:15:00,6.402,22.15526182101212
2020-05-22 18:30:00,6.542,22.557880553781178
2020-05-22 18:45:00,6.683,21.5596169958423
2020-05-22 19:00:00,7.035,21.459114650709058
2020-05-22 19:15:00,7.386,22.168516644417604
2020-05-22 19:30:00,7.597,21.785965207419753
2020-05-22 19:45:00,7.738,21.70254921836331
2020-05-22 20:00:00,7.527,21.773309420515073
2020-05-22 20:15:00,7.457,21.742427119768966
2020-05-22 20:30:00,7.668,21.381535028599533
2020-05-22 20:45:00,7.457,21.343415045080448
2020-05-22 21:00:00,7.738,21.43949875356718
2020-05-22 21:15:00,7.879,20.92409005258042
2020-05-22 21:30:00,7.809,21.408185907513804
2020-05-22 21:45:00,7.809,21.60924986931968
2020-05-22 22:00:00,7.809,22.079782427137218
2020-05-22 22:15:00,7.457,22.386756779113817
2020-05-22 22:30:00,6.964,22.18462824506612
2020-05-22 22:45:00,7.035,21.20838974642071
2020-05-22 23:00:00,6.753,20.50110369891753
2020-05-22 23:15:00,6.261,19.803609889031488
2020-05-22 23:30:00,6.402,18.726859414390834
2020-05-22 23:45:00,6.824,18.42961287330406
2020-05-23 00:00:00,7.105,17.120321745714367
2020-05-23 00:15:00,6.824,17.243067160377205
2020-05-23 00:30:00,6.894,17.09014563479252
2020-05-23 00:45:00,6.753,17.08177037200928
2020-05-23 01:00:00,6.613,17.47357935498622
2020-05-23 01:15:00,6.261,17.322625220653915
2020-05-23 01:30:00,6.683,17.081692946989726
2020-05-23 01:45:00,6.753,17.071815593814424
2020-05-23 02:00:00,6.824,16.885282883825624
2020-05-23 02:15:00,6.753,17.324696989513203
2020-05-23 02:30:00,6.402,18.352495763506237
2020-05-23 02:45:00,6.472,19.277026340769684
2020-05-23 03:00:00,6.472,19.943070728206656
2020-05-23 03:15:00,7.035,20.526338295346413
2020-05-23 03:30:00,7.668,21.693313660947073
2020-05-23 03:45:00,7.457,21.846395371445105
2020-05-23 04:00:00,7.597,21.678847417209326
2020-05-23 04:15:00,7.738,22.086657160538135
2020-05-23 04:30:00,7.668,22.182340495625773
2020-05-23 04:45:00,7.175,22.024536699621976
2020-05-23 05:00:00,6.894,21.924827494606426
2020-05-23 05:15:00,7.527,22.198367336553158
2020-05-23 05:30:00,7.597,21.787807948954086
2020-05-23 05:45:00,7.668,21.389038501096586
2020-05-23 06:00:00,7.668,21.71675991099242
2020-05-23 06:15:00,7.738,21.7289013916768
2020-05-23 06:30:00,8.16,21.983483906578375
2020-05-23 06:45:00,8.793,21.58887284084434
2020-05-23 07:00:00,9.215,22.2492331855458
2020-05-23 07:15:00,9.215,21.943180274667746
2020-05-23 07:30:00,9.708,22.271710584631645
2020-05-23 07:45:00,9.356,21.919659261342158
2020-05-23 08:00:00,9.849,22.53855265978767
2020-05-23 08:15:00,9.919,22.40909031075859
2020-05-23 08:30:00,9.849,22.5808009090476
2020-05-23 08:45:00,9.004,22.882819692920627
2020-05-23 09:00:00,9.004,22.780364913843187
2020-05-23 09:15:00,9.075,22.407258218974913
2020-05-23 09:30:00,8.934,22.30858366587858
2020-05-23 09:45:00,9.215,21.805265480536335
2020-05-23 10:00:00,9.286,21.55696072895535
2020-05-23 10:15:00,9.286,21.001621007904422
2020-05-23 10:30:00,9.638,21.53202066928305
2020-05-23 10:45:00,9.497,20.77674443048212
2020-05-23 11:00:00,9.567,20.470070887002564
2020-05-23 11:15:00,9.286,19.935569416624446
2020-05-23 11:30:00,9.497,19.660483799328194
2020-05-23 11:45:00,9.145,20.473596436579143
2020-05-23 12:00:00,9.215,19.627971187089905
2020-05-23 12:15:00,9.356,20.187908336887645
2020-05-23 12:30:00,9.286,19.925872672190035
2020-05-23 12:45:00,9.215,20.000551733261073
2020-05-23 13:00:00,9.215,20.67035929456124
2020-05-23 13:15:00,9.497,21.29394115340822
2020-05-23 13:30:00,10.06,21.064780196645383
2020-05-23 13:45:00,9.919,21.097929739364133
2020-05-23 14:00:00,10.482,21.85062394934164
2020-05-23 14:15:00,10.341,21.70705371412401
2020-05-23 14:30:00,10.763,22.146867231896067
2020-05-23 14:45:00,11.537,22.768442284403715
2020-05-23 15:00:00,11.959,23.611427233140848
2020-05-23 15:15:00,11.678,23.722837282125173
2020-05-23 15:30:00,11.748,24.84248020519795
2020-05-23 15:45:00,12.1,24.31058736945755
2020-05-23 16:00:00,11.678,24.925521045068376
2020-05-23 16:15:00,11.467,24.941995182513686
2020-05-23 16:30:00,12.029,25.09150725042176
2020-05-23 16:45:00,11.818,24.838595174829948
2020-05-23 17:00:00,11.678,23.933452559477555
2020-05-23 17:15:00,11.537,24.86553671084958
2020-05-23 17:30:00,11.467,24.870737995920738
2020-05-23 17:45:00,11.818,24.01235948942409
2020-05-23 18:00:00,11.467,23.613983366438948
2020-05-23 18:15:00,11.256,22.863724412628542
2020-05-23 18:30:00,10.552,22.807412302761307
2020-05-23 18:45:00,10.482,23.377724615312538
2020-05-23 19:00:00,9.919,22.9269142525075
2020-05-23 19:15:00,9.849,22.817150883135543
2020-05-23 19:30:00,9.638,22.700028843336614
2020-05-23 19:45:00,9.567,22.994667140086186
2020-05-23 20:00:00,9.497,23.08294906918072
2020-05-23 20:15:00,9.567,23.512156985756395
2020-05-23 20:30:00,9.286,22.31347752168572
2020-05-23 20:45:00,9.497,23.53430056325938
2020-05-23 21:00:00,9.426,22.045743564360937
2020-05-23 21:15:00,9.497,21.377979155723597
2020-05-23 21:30:00,9.145,20.292503247784555
2020-05-23 21:45:00,9.215,20.19365273422031
2020-05-23 22:00:00,9.286,18.942057287143363
2020-05-23 22:15:00,9.286,18.951936972305784
2020-05-23 22:30:00,9.215,17.898411456378703
2020-05-23 22:45:00,8.934,18.004302977443203
2020-05-23 23:00:00,8.793,17.692974084777923
2020-05-23 23:15:00,8.723,17.80392979449825
2020-05-23 23:30:00,8.723,17.76056484005801
2020-05-23 23:45:00,8.512,17.92332595984199
2020-05-24 00:00:00,8.442,17.28282673059236
2020-05-24 00:15:00,8.512,17.372468297797454
2020-05-24 00:30:00,8.582,17.402653692732127
2020-05-24 00:45:00,8.582,17.609305446648946
2020-05-24 01:00:00,8.723,17.050425683972005
2020-05-24 01:15:00,8.371,16.92165382311742
2020-05-24 01:30:00,8.653,16.809351849611826
2020-05-24 01:45:00,8.301,16.6335375648431
2020-05-24 02:00:00,8.371,16.696166756225672
2020-05-24 02:15:00,8.371,16.827867244664613
2020-05-24 02:30:00,8.371,16.84761325411348
2020-05-24 02:45:00,8.231,16.606776314154054
2020-05-24 03:00:00,8.301,16.74198031740208
2020-05-24 03:15:00,8.301,16.74904295620498
2020-05-24 03:30:00,8.16,17.072354261895434
2020-05-24 03:45:00,8.231,18.61128143272388
2020-05-24 04:00:00,8.231,19.128445195807824
2020-05-24 04:15:00,8.02,20.42199774238188
2020-05-24 04:30:00,7.949,21.300012589787958
2020-05-24 04:45:00,8.231,21.443449347356157
2020-05-24 05:00:00,8.16,21.597683450370006
2020-05-24 05:15:00,8.442,21.334522962793542
2020-05-24 05:30:00,8.301,21.327659211008687
2020-05-24 05:45:00,8.09,20.895898944102672
2020-05-24 06:00:00,8.512,20.184583104557614
2020-05-24 06:15:00,8.723,20.75701220428483
2020-05-24 06:30:00,8.934,21.14381621790185
2020-05-24 06:45:00,8.864,21.9042334797924
2020-05-24 07:00:00,9.145,22.941435991916265
2020-05-24 07:15:00,9.286,23.503777226467104
2020-05-24 07:30:00,9.286,22.95462278039549
2020-05-24 07:45:00,9.215,22.743473654018217
2020-05-24 08:00:00,9.286,22.81621105226763
2020-05-24 08:15:00,9.567,23.941257193442983
2020-05-24 08:30:00,9.286,24.370131354299936
2020-05-24 08:45:00,9.567,23.487132582701634
2020-05-24 09:00:00,9.638,23.949109564470465
2020-05-24 09:15:00,9.286,24.123385647177155
2020-05-24 09:30:00,9.497,23.590249936940747
2020-05-24 09:45:00,8.582,23.40940768127906
2020-05-24 10:00:00,8.864,23.711798119898038
2020-05-24 10:15:00,9.075,22.455687164526918
2020-05-24 10:30:00,9.215,22.1881193656947
2020-05-24 10:45:00,9.426,21.93203538141723
2020-05-24 11:00:00,9.567,21.512970424538814
2020-05-24 11:15:00,9.567,21.375982473445898
2020-05-24 11:30:00,9.497,21.61263516924814
2020-05-24 11:45:00,9.567,21.01152251697595
2020-05-24 12:00:00,9.497,20.366105182453655
2020-05-24 12:15:00,9.567,20.094877893455564
2020-05-24 12:30:00,9.215,20.410025550424567
2020-05-24 12:45:00,8.864,20.391585933903546
2020-05-24 13:00:00,9.075,20.107462604646646
2020-05-24 13:15:00,9.567,20.16179280390381
2020-05-24 13:30:00,9.919,20.431413172652505
2020-05-24 13:45:00,9.849,20.83310891334207
2020-05-24 14:00:00,9.778,20.708780504583
2020-05-24 14:15:00,10.341,20.701464642065982
2020-05-24 14:30:00,10.2,20.84027452777782
2020-05-24 14:45:00,10.693,20.84166209763572
2020-05-24 15:00:00,11.185,20.06694566031336
2020-05-24 15:15:00,11.396,20.561938838981543
2020-05-24 15:30:00,11.678,21.267010593030587
2020-05-24 15:45:00,11.256,21.814011472177576
2020-05-24 16:00:00,10.763,21.733216888229997
2020-05-24 16:15:00,10.482,22.609173212270807
2020-05-24 16:30:00,10.482,22.80793680456163
2020-05-24 16:45:00,10.271,22.877933809031777
2020-05-24 17:00:00,9.919,23.158749130558377
2020-05-24 17:15:00,10.271,24.10084571814059
2020-05-24 17:30:00,10.2,24.433434528209524
2020-05-24 17:45:00,10.482,23.272976831859506
2020-05-24 18:00:00,10.341,22.658986225594226
2020-05-24 18:15:00,10.2,22.566501961942247
2020-05-24 18:30:00,10.2,22.632497948958807
2020-05-24 18:45:00,10.13,23.025487600104434
2020-05-24 19:00:00,9.919,22.856206299833104
2020-05-24 19:15:00,9.989,23.060858259378524
2020-05-24 19:30:00,10.13,24.256460921574774
2020-05-24 19:45:00,9.778,23.998425441141173
2020-05-24 20:00:00,9.919,24.44632524195141
2020-05-24 20:15:00,9.919,23.941503334220524
2020-05-24 20:30:00,9.567,24.530778959898207
2020-05-24 20:45:00,9.567,24.038877756286254
2020-05-24 21:00:00,9.426,23.14403241318699
2020-05-24 21:15:00,9.356,22.504641710699264
2020-05-24 21:30:00,9.426,22.694870649751792
2020-05-24 21:45:00,9.426,22.33207800064608
2020-05-24 22:00:00,9.356,21.46466070582425
2020-05-24 22:15:00,9.286,20.368292661088137
2020-05-24 22:30:00,9.215,21.00066535818746
2020-05-24 22:45:00,9.215,21.4980712113307
2020-05-24 23:00:00,9.215,21.819781727079505
2020-05-24 23:15:00,9.145,20.991622988078095
2020-05-24 23:30:00,9.075,20.4206265564777
2020-05-24 23:45:00,8.864,20.442281063320426
2020-05-25 00:00:00,8.723,20.270988405151986
2020-05-25 00:15:00,8.653,19.354477097378215
2020-05-25 00:30:00,8.582,18.953528190757023
2020-05-25 00:45:00,8.723,18.18024136038021
2020-05-25 01:00:00,8.512,17.978986840168645
2020-05-25 01:15:00,8.512,17.68252119597325
2020-05-25 01:30:00,8.653,17.62688836141097
2020-05-25 01:45:00,8.723,17.77253338657016
2020-05-25 02:00:00,8.653,17.4801090175793
2020-05-25 02:15:00,8.653,17.397455680136588
2020-05-25 02:30:00,8.793,17.18670166076327
2020-05-25 02:45:00,8.653,17.259671492561193
2020-05-25 03:00:00,7.738,17.06328458008763
2020-05-25 03:15:00,8.09,16.788259566863054
2020-05-25 03:30:00,8.16,17.14205333841512
2020-05-25 03:45:00,8.231,16.66180948524112
2020-05-25 04:00:00,8.512,17.025957819987234
2020-05-25 04:15:00,8.723,17.520851965612426
2020-05-25 04:30:00,8.934,17.39377698500901
2020-05-25 04:45:00,8.934,18.182046669147624
2020-05-25 05:00:00,9.004,18.477969868591078
2020-05-25 05:15:00,9.145,18.92405334231339
2020-05-25 05:30:00,9.426,19.235750358468604
2020-05-25 05:45:00,9.215,19.405972175218565
2020-05-25 06:00:00,9.145,19.27806009216285
2020-05-25 06:15:00,9.075,18.560310647241238
2020-05-25 06:30:00,9.286,18.709075279184592
2020-05-25 06:45:00,9.215,19.118612649551
2020-05-25 07:00:00,9.426,19.121009681112813
2020-05-25 07:15:00,8.934,19.806452276239458
2020-05-25 07:30:00,9.075,19.61285502261501
2020-05-25 07:45:00,9.215,20.007523732690547
2020-05-25 08:00:00,9.145,20.17412253379438
2020-05-25 08:15:00,9.286,20.382679650461316
2020-05-25 08:30:00,9.497,20.669049828516027
2020-05-25 08:45:00,9.426,20.61041991543957
2020-05-25 09:00:00,9.778,20.505916396960394
2020-05-25 09:15:00,9.567,20.810612632325658
2020-05-25 09:30:00,9.638,21.2216395842192
2020-05-25 09:45:00,9.919,20.86165232968674
2020-05-25 10:00:00,9.919,21.111527480659333
2020-05-25 10:15:00,9.919,21.815021646446326
2020-05-25 10:30:00,9.989,22.058289920880195
2020-05-25 10:45:00,9.567,20.539839460512084
2020-05-25 11:00:00,9.426,20.571631171436195
2020-05-25 11:15:00,9.497,20.47681049899642
2020-05-25 11:30:00,9.286,20.278681312569866
2020-05-25 11:45:00,9.145,20.13276151960435
2020-05-25 12:00:00,9.215,19.615949328864538
2020-05-25 12:15:00,9.356,20.37240439712574
2020-05-25 12:30:00,9.215,19.979599841311323
2020-05-25 12:45:00,9.356,19.7120449506372
2020-05-25 13:00:00,9.215,20.219908362822558
2020-05-25 13:15:00,9.356,20.62827045313638
2020-05-25 13:30:00,9.075,20.483388977079002
2020-05-25 13:45:00,8.864,20.551476996358172
2020-05-25 14:00:00,8.864,20.693604783346657
2020-05-25 14:15:00,8.864,21.098052541720868
2020-05-25 14:30:00,8.723,21.0346754178972
2020-05-25 14:45:00,8.793,20.574726661019376
2020-05-25 15:00:00,8.653,20.380290614651226
2020-05-25 15:15:00,8.582,20.918722934722133
2020-05-25 15:30:00,8.653,20.94652289093439
2020-05-25 15:45:00,8.653,21.12513020432573
2020-05-25 16:00:00,8.512,20.7326658845818
2020-05-25 16:15:00,8.582,20.75233212519814
2020-05-25 16:30:00,8.512,21.350562067424693
2020-05-25 16:45:00,8.864,22.20016384653744
2020-05-25 17:00:00,8.864,22.38601788330738
2020-05-25 17:15:00,4.995,22.71191367439213
2020-05-25 17:30:00,5.206,22.509611592821553
2020-05-25 17:45:00,5.065,23.55868838567569
2020-05-25 18:00:00,5.979,24.18729332353202
2020-05-25 18:15:00,5.628,24.255428242590604
2020-05-25 18:30:00,5.346,24.896734192690086
2020-05-25 18:45:00,6.191,24.633703253019323
2020-05-25 19:00:00,6.824,23.43858054701141
2020-05-25 19:15:00,7.316,23.38192532379028
2020-05-25 19:30:00,7.316,23.374272134280712
2020-05-25 19:45:00,7.035,22.372859773066416
2020-05-25 20:00:00,5.768,21.290525304312002
2020-05-25 20:15:00,5.487,21.531212903751204
2020-05-25 20:30:00,5.979,20.542666031509498
2020-05-25 20:45:00,5.698,20.449441133118913
2020-05-25 21:00:00,6.261,20.679109546706364
2020-05-25 21:15:00,6.331,20.576473564124434
2020-05-25 21:30:00,6.824,20.014059319433677
2020-05-25 21:45:00,6.12,19.858282469452554
2020-05-25 22:00:00,5.698,19.452090823001893
2020-05-25 22:15:00,5.557,18.416302889689565
2020-05-25 22:30:00,6.261,18.386199185714208
2020-05-25 22:45:00,6.542,18.36656156240004
2020-05-25 23:00:00,6.261,18.585587277082357
2020-05-25 23:15:00,6.753,18.167017592238686
2020-05-25 23:30:00,6.824,17.75496913201368
2020-05-25 23:45:00,6.964,17.814771972042966
2020-05-26 00:00:00,7.527,18.03248321786953
2020-05-26 00:15:00,7.597,17.869443381189186
2020-05-26 00:30:00,7.738,17.489738735602582
2020-05-26 00:45:00,8.09,17.249964962801137
2020-05-26 01:00:00,8.09,16.757861103438625
2020-05-26 01:15:00,7.668,16.517590382962247
2020-05-26 01:30:00,8.371,16.771801746736326
2020-05-26 01:45:00,7.457,17.10470783081373
2020-05-26 02:00:00,7.457,16.580951957022585
2020-05-26 02:15:00,7.316,17.012935918520444
2020-05-26 02:30:00,7.879,17.54871225878275
2020-05-26 02:45:00,7.527,17.521157784959726
2020-05-26 03:00:00,7.527,17.604381861592266
2020-05-26 03:15:00,8.301,17.064753508500978
2020-05-26 03:30:00,8.723,17.877040551916853
2020-05-26 03:45:00,8.09,17.139002879828592
2020-05-26 04:00:00,8.231,16.925930161664468
2020-05-26 04:15:00,7.457,17.457341012044875
2020-05-26 04:30:00,7.316,17.374300929212342
2020-05-26 04:45:00,7.809,18.02119196718751
2020-05-26 05:00:00,8.512,17.951737702797452
2020-05-26 05:15:00,8.582,17.613813482893114
2020-05-26 05:30:00,8.512,18.164594564452056
2020-05-26 05:45:00,8.301,17.757345427454506
2020-05-26 06:00:00,8.512,17.436501304639375
2020-05-26 06:15:00,8.16,17.339729811154914
2020-05-26 06:30:00,8.582,17.553734933593606
2020-05-26 06:45:00,9.145,17.760049580615615
2020-05-26 07:00:00,8.371,18.407049985427587
2020-05-26 07:15:00,7.949,18.73578353136021
2020-05-26 07:30:00,7.879,18.54285883219013
2020-05-26 07:45:00,7.668,18.427662012326422
2020-05-26 08:00:00,7.597,18.88514383504757
2020-05-26 08:15:00,7.949,19.052802061556708
2020-05-26 08:30:00,8.371,19.960571651307735
2020-05-26 08:45:00,8.512,19.851699429578396
2020-05-26 09:00:00,8.442,20.019086176355636
2020-05-26 09:15:00,7.738,20.023999381174182
2020-05-26 09:30:00,7.668,20.245089961988956
2020-05-26 09:45:00,7.879,20.493120910488773
2020-05-26 10:00:00,8.16,20.513768542295647
2020-05-26 10:15:00,7.738,20.65591611705905
2020-05-26 10:30:00,8.09,20.940577939528385
2020-05-26 10:45:00,8.301,20.882409746740514
2020-05-26 11:00:00,8.301,21.035950611022816
2020-05-26 11:15:00,8.582,20.502849630956288
2020-05-26 11:30:00,9.075,20.123867417793228
2020-05-26 11:45:00,8.864,20.557697737241522
2020-05-26 12:00:00,8.723,20.30477008535181
2020-05-26 12:15:00,8.723,20.06137320151213
2020-05-26 12:30:00,8.723,20.696552617544487
2020-05-26 12:45:00,8.934,20.44129405901541
2020-05-26 13:00:00,9.426,20.89088602947332
2020-05-26 13:15:00,9.567,21.481225679025933
2020-05-26 13:30:00,9.075,21.655339645209626
2020-05-26 13:45:00,9.497,22.41627323018958
2020-05-26 14:00:00,9.215,22.225901899457707
2020-05-26 14:15:00,9.215,22.387214516770047
2020-05-26 14:30:00,9.286,22.677143152681023
2020-05-26 14:45:00,9.286,23.47871348352281
2020-05-26 15:00:00,9.356,23.022520821266646
2020-05-26 15:15:00,9.075,23.511956118802907
2020-05-26 15:30:00,9.356,22.48553875135008
2020-05-26 15:45:00,9.215,23.264278752600784
2020-05-26 16:00:00,9.426,22.92560412354414
2020-05-26 16:15:00,9.286,22.76382127141345
2020-05-26 16:30:00,9.286,23.005169637932962
2020-05-26 16:45:00,9.075,23.29105372484553
2020-05-26 17:00:00,9.075,23.156229795770077
2020-05-26 17:15:00,9.215,23.917231578013837
2020-05-26 17:30:00,8.934,23.810307708640195
2020-05-26 17:45:00,8.934,23.416266255934698
2020-05-26 18:00:00,8.864,23.124735461999855
2020-05-26 18:15:00,9.075,23.111328246784616
2020-05-26 18:30:00,8.723,23.011469579100297
2020-05-26 18:45:00,8.864,23.080309342085958
2020-05-26 19:00:00,8.934,22.322790538941614
2020-05-26 19:15:00,8.442,21.466854686201202
2020-05-26 19:30:00,8.301,21.012035512467858
2020-05-26 19:45:00,8.16,20.903545373789303
2020-05-26 20:00:00,8.371,20.50769166077611
2020-05-26 20:15:00,8.793,19.36118794103486
2020-05-26 20:30:00,9.004,19.47069520652016
2020-05-26 20:45:00,9.286,19.1562855388949
2020-05-26 21:00:00,9.426,19.563136100775875
2020-05-26 21:15:00,9.145,19.131751534494136
2020-05-26 21:30:00,9.075,18.340291677600433
2020-05-26 21:45:00,8.934,18.44947156048455
2020-05-26 22:00:00,8.864,17.957215606517018
2020-05-26 22:15:00,9.286,18.333103048633465
2020-05-26 22:30:00,9.356,17.82675414712043
2020-05-26 22:45:00,9.215,18.441031965694613
2020-05-26 23:00:00,9.004,17.984946993761113
2020-05-26 23:15:00,8.723,17.331396846990547
2020-05-26 23:30:00,8.371,17.271679138896467
2020-05-26 23:45:00,8.442,16.799856571657077
2020-05-27 00:00:00,8.371,17.141951735417617
2020-05-27 00:15:00,8.442,16.711747950649272
2020-05-27 00:30:00,8.582,16.496865382197534
2020-05-27 00:45:00,8.371,16.321851638260544
2020-05-27 01:00:00,8.864,16.188552112759588
2020-05-27 01:15:00,9.004,16.218741174861393
2020-05-27 01:30:00,9.075,16.071884630368118
2020-05-27 01:45:00,9.497,15.78004918065349
2020-05-27 02:00:00,9.426,16.037075327201844
2020-05-27 02:15:00,9.426,16.117373442730035
2020-05-27 02:30:00,9.426,16.025590212804207
2020-05-27 02:45:00,9.075,16.29022250031945
2020-05-27 03:00:00,9.215,16.53305322298421
2020-05-27 03:15:00,9.145,16.950880897288894
2020-05-27 03:30:00,9.215,17.611419675505154
2020-05-27 03:45:00,9.497,17.31940093903616
2020-05-27 04:00:00,9.426,17.714084082957267
2020-05-27 04:15:00,9.708,18.901809989914817
2020-05-27 04:30:00,10.13,19.03320061151488
2020-05-27 04:45:00,9.356,19.316553179576804
2020-05-27 05:00:00,9.356,19.393066239806174
2020-05-27 05:15:00,9.356,20.095710516774997
2020-05-27 05:30:00,9.497,20.658330232469325
2020-05-27 05:45:00,9.286,21.17770379421677
2020-05-27 06:00:00,9.919,20.815569149647143
2020-05-27 06:15:00,9.849,20.746526691132384
2020-05-27 06:30:00,9.708,20.963890794254837
2020-05-27 06:45:00,9.215,20.891546690314687
2020-05-27 07:00:00,9.778,21.28434156584192
2020-05-27 07:15:00,9.567,21.92477488430745
2020-05-27 07:30:00,9.075,21.003464277446174
2020-05-27 07:45:00,9.426,21.217283284048555
2020-05-27 08:00:00,9.286,21.30902467918475
2020-05-27 08:15:00,9.426,20.814646475158618
2020-05-27 08:30:00,8.864,21.078021987911168
2020-05-27 08:45:00,9.426,20.867602695863177
2020-05-27 09:00:00,9.567,21.203957891177662
2020-05-27 09:15:00,9.497,21.523638827791657
2020-05-27 09:30:00,9.497,22.241218220761763
2020-05-27 09:45:00,9.638,22.514415131545636
2020-05-27 10:00:00,9.567,22.298149879951072
2020-05-27 10:15:00,9.215,23.032987169223546
2020-05-27 10:30:00,9.567,22.624287912050015
2020-05-27 10:45:00,9.638,22.549682661460142
2020-05-27 11:00:00,9.215,21.92353958098897
2020-05-27 11:15:00,9.497,21.356378036891105
2020-05-27 11:30:00,9.778,20.79533009885662
2020-05-27 11:45:00,9.919,19.386104682146502
2020-05-27 12:00:00,10.13,18.829607807920578
2020-05-27 12:15:00,9.778,17.650473795894417
2020-05-27 12:30:00,10.06,17.58892682281487
2020-05-27 12:45:00,10.271,17.577873735037073
2020-05-27 13:00:00,10.763,17.46776609967589
2020-05-27 13:15:00,10.411,18.2528450112403
2020-05-27 13:30:00,10.482,18.53614479851134
2020-05-27 13:45:00,10.693,18.513183818442904
2020-05-27 14:00:00,10.622,18.957527990483058
2020-05-27 14:15:00,10.763,18.93365809148545
2020-05-27 14:30:00,10.904,18.74799489791464
2020-05-27 14:45:00,11.044,19.986808939520277
2020-05-27 15:00:00,11.537,20.342397846887586
2020-05-27 15:15:00,11.326,21.334856224423195
2020-05-27 15:30:00,11.537,22.239845899579507
2020-05-27 15:45:00,11.115,22.372029014533748
2020-05-27 16:00:00,11.607,23.47858074814849
2020-05-27 16:15:00,11.959,24.633071970936065
2020-05-27 16:30:00,11.748,24.04018626930184
2020-05-27 16:45:00,11.678,24.251245403417354
2020-05-27 17:00:00,11.326,25.365452452469427
2020-05-27 17:15:00,11.185,25.90949654262156
2020-05-27 17:30:00,11.607,24.719401944282577
2020-05-27 17:45:00,11.396,24.746164069696253
2020-05-27 18:00:00,11.467,24.164590703367296
2020-05-27 18:15:00,11.185,24.641080994113
2020-05-27 18:30:00,10.974,24.51572856741127
2020-05-27 18:45:00,10.552,24.602025092820462
2020-05-27 19:00:00,10.482,25.219297233424346
2020-05-27 19:15:00,10.06,24.824617945478835
2020-05-27 19:30:00,10.13,24.553372432955435
2020-05-27 19:45:00,10.13,25.131640842522646
2020-05-27 20:00:00,10.13,24.410225321384562
2020-05-27 20:15:00,9.919,23.013293142425216
2020-05-27 20:30:00,9.919,22.834369501871013
2020-05-27 20:45:00,9.778,21.379054985442806
2020-05-27 21:00:00,9.919,20.72751462416974
2020-05-27 21:15:00,9.778,20.781431283823128
2020-05-27 21:30:00,9.919,19.85486475429288
2020-05-27 21:45:00,9.989,19.462551460172698
2020-05-27 22:00:00,9.849,19.182730604989683
2020-05-27 22:15:00,9.708,18.5690425308959
2020-05-27 22:30:00,9.778,17.693440180784126
2020-05-27 22:45:00,9.989,17.454763016388664
2020-05-27 23:00:00,10.2,16.97241720794518
2020-05-27 23:15:00,10.411,16.972780105387205
2020-05-27 23:30:00,10.13,16.460265254099586
2020-05-27 23:45:00,10.13,16.122930602950913
2020-05-28 00:00:00,10.06,16.09531330900095
2020-05-28 00:15:00,10.2,15.790576681609686
2020-05-28 00:30:00,9.919,15.821279200961518
2020-05-28 00:45:00,9.708,16.08159018718151
2020-05-28 01:00:00,10.13,15.767487083322372
2020-05-28 01:15:00,9.778,15.918654592307531
2020-05-28 01:30:00,9.638,15.716606352220683
2020-05-28 01:45:00,9.849,16.35126122660534
2020-05-28 02:00:00,10.13,16.5468631546549
2020-05-28 02:15:00,9.919,17.085724543013
2020-05-28 02:30:00,9.919,17.34990713523695
2020-05-28 02:45:00,10.06,17.034104491316047
2020-05-28 03:00:00,9.919,17.326889325927496
2020-05-28 03:15:00,9.989,17.68861205992211
2020-05-28 03:30:00,9.778,17.439047482357662
2020-05-28 03:45:00,9.778,17.95549962689138
2020-05-28 04:00:00,9.708,17.962985180091543
2020-05-28 04:15:00,9.145,18.230403226783437
2020-05-28 04:30:00,9.426,18.10783978020437
2020-05-28 04:45:00,9.778,18.352843947020897
2020-05-28 05:00:00,9.919,19.107974225800646
2020-05-28 05:15:00,10.13,19.73335477745963
2020-05-28 05:30:00,10.482,19.281844412782608
2020-05-28 05:45:00,10.271,19.84634854096088
2020-05-28 06:00:00,10.2,20.306600451384107
2020-05-28 06:15:00,10.482,20.31289753923574
2020-05-28 06:30:00,10.482,20.271353918279726
2020-05-28 06:45:00,10.552,20.803163957162322
2020-05-28 07:00:00,10.974,20.94887857828842
2020-05-28 07:15:00,10.904,21.214121610396237
2020-05-28 07:30:00,10.482,21.361998140075784
2020-05-28 07:45:00,10.2,21.458344932235097
2020-05-28 08:00:00,10.482,21.423061082794334
2020-05-28 08:15:00,10.552,21.430608541874456
2020-05-28 08:30:00,10.482,21.256641663425107
2020-05-28 08:45:00,10.271,21.11658497221619
2020-05-28 09:00:00,10.411,20.7193842083089
2020-05-28 09:15:00,10.341,21.09901077246276
2020-05-28 09:30:00,10.13,19.976693603103975
2020-05-28 09:45:00,10.2,20.611623840217508
2020-05-28 10:00:00,10.271,20.49337584876962
2020-05-28 10:15:00,10.482,19.60655143292579
2020-05-28 10:30:00,10.2,18.350403637064357
2020-05-28 10:45:00,10.552,17.975699679604464
2020-05-28 11:00:00,10.693,18.759879812510583
2020-05-28 11:15:00,10.622,18.71443589743095
2020-05-28 11:30:00,10.622,18.594002683974526
2020-05-28 11:45:00,10.693,17.920345871560837
2020-05-28 12:00:00,10.552,18.16745802775237
2020-05-28 12:15:00,10.482,17.853242163191073
2020-05-28 12:30:00,10.482,18.094883834983207
2020-05-28 12:45:00,10.622,17.59493962162727
2020-05-28 13:00:00,10.693,17.571949749639177
2020-05-28 13:15:00,11.044,17.32717950378926
2020-05-28 13:30:00,11.326,17.555875887338775
2020-05-28 13:45:00,11.326,17.527272786614997
2020-05-28 14:00:00,11.326,17.340168250484297
2020-05-28 14:15:00,11.678,18.153219022699567
2020-05-28 14:30:00,11.326,17.47137259523694
2020-05-28 14:45:00,11.678,17.557528314763328
2020-05-28 15:00:00,11.959,17.652539324071597
2020-05-28 15:15:00,11.889,18.533750752923766
2020-05-28 15:30:00,12.029,19.0465237782558
2020-05-28 15:45:00,11.678,19.905850831880084
2020-05-28 16:00:00,11.537,19.80543509176096
2020-05-28 16:15:00,11.537,21.141064095657708
2020-05-28 16:30:00,11.537,20.93631637354316
2020-05-28 16:45:00,11.678,22.21690994136454
2020-05-28 17:00:00,11.467,22.861763525122445
2020-05-28 17:15:00,11.748,23.28775908068413
2020-05-28 17:30:00,11.607,23.175469480411767
2020-05-28 17:45:00,11.537,22.70960485234326
2020-05-28 18:00:00,11.256,22.730595105088543
2020-05-28 18:15:00,11.185,22.4572705641267
2020-05-28 18:30:00,11.185,23.309486783454833
2020-05-28 18:45:00,10.833,23.257706587405252
2020-05-28 19:00:00,11.115,22.815387129502447
2020-05-28 19:15:00,10.904,21.835124472447482
2020-05-28 19:30:00,10.904,21.75020309295987
2020-05-28 19:45:00,10.833,21.461342478965992
2020-05-28 20:00:00,10.763,20.72274529415697
2020-05-28 20:15:00,10.833,20.49374156513761
2020-05-28 20:30:00,10.833,20.089597274786968
2020-05-28 20:45:00,10.622,19.986472191660617
2020-05-28 21:00:00,10.693,19.85628587545723
2020-05-28 21:15:00,10.622,19.75043935145267
2020-05-28 21:30:00,10.622,19.812397715628553
2020-05-28 21:45:00,10.763,19.368012346063217
2020-05-28 22:00:00,10.763,19.30577053421213
2020-05-28 22:15:00,10.693,19.01317715752576
2020-05-28 22:30:00,10.622,19.77478047296687
2020-05-28 22:45:00,10.763,20.50243917604492
2020-05-28 23:00:00,10.552,20.23413098607681
2020-05-28 23:15:00,10.482,21.07387815512834
2020-05-28 23:30:00,10.411,20.659670797862475
2020-05-28 23:45:00,10.693,20.334374469437815
2020-05-29 00:00:00,10.622,19.825361389885433
2020-05-29 00:15:00,10.482,19.12188876863763
2020-05-29 00:30:00,10.482,18.724406361959943
2020-05-29 00:45:00,10.622,18.250175238894748
2020-05-29 01:00:00,10.482,18.736497822438174
2020-05-29 01:15:00,10.482,18.216244103948217
2020-05-29 01:30:00,10.622,18.484486182837728
2020-05-29 01:45:00,10.693,18.040413947385563
2020-05-29 02:00:00,10.482,17.649027615590196
2020-05-29 02:15:00,10.552,18.210699687189276
2020-05-29 02:30:00,10.482,18.199375499678506
2020-05-29 02:45:00,10.482,18.451250575812825
2020-05-29 03:00:00,10.693,18.349180649689707
2020-05-29 03:15:00,10.622,18.635022136095984
2020-05-29 03:30:00,10.693,19.895080954643447
2020-05-29 03:45:00,10.833,20.292210954163654
2020-05-29 04:00:00,10.833,20.52969380537841
2020-05-29 04:15:00,10.833,20.80993993228538
2020-05-29 04:30:00,10.763,21.057696968809406
2020-05-29 04:45:00,10.693,20.785048633036084
2020-05-29 05:00:00,10.693,21.278240996892876
2020-05-29 05:15:00,10.622,21.74385137568542
2020-05-29 05:30:00,10.693,21.36736275745674
2020-05-29 05:45:00,10.833,21.938536585711446
2020-05-29 06:00:00,10.763,22.086834060826792
2020-05-29 06:15:00,10.833,21.830713379466978
2020-05-29 06:30:00,10.833,22.434974665498984
2020-05-29 06:45:00,10.833,22.665307153716864
2020-05-29 07:00:00,10.693,21.363393140573354
2020-05-29 07:15:00,10.693,21.031483053797125
2020-05-29 07:30:00,11.115,20.760623195437088
2020-05-29 07:45:00,11.326,20.24396506661481
2020-05-29 08:00:00,11.678,19.179266912734295
2020-05-29 08:15:00,11.607,19.439084890512284
2020-05-29 08:30:00,11.889,19.54374268034652
2020-05-29 08:45:00,12.029,19.308516602912672
2020-05-29 09:00:00,11.748,19.781096857423027
2020-05-29 09:15:00,11.889,19.70701436865502
2020-05-29 09:30:00,11.889,19.34147829864954
2020-05-29 09:45:00,11.748,19.91645181979182
2020-05-29 10:00:00,11.818,20.07963552583449
2020-05-29 10:15:00,12.029,19.654424443104592
2020-05-29 10:30:00,11.818,19.19269332616343
2020-05-29 10:45:00,11.818,19.077027575648188
2020-05-29 11:00:00,11.889,20.20467436466396
2020-05-29 11:15:00,12.1,20.007195186494165
2020-05-29 11:30:00,11.467,21.02661659959761
2020-05-29 11:45:00,11.748,21.084706206827132
2020-05-29 12:00:00,12.029,20.477052181294148
2020-05-29 12:15:00,11.818,19.566401572722253
2020-05-29 12:30:00,11.818,19.488284359559916
2020-05-29 12:45:00,11.748,19.202307837744197
2020-05-29 13:00:00,11.818,19.66654003808701
2020-05-29 13:15:00,11.889,19.431411667521097
2020-05-29 13:30:00,12.1,19.19113213703467
2020-05-29 13:45:00,12.24,18.985920459305543
2020-05-29 14:00:00,12.381,19.231801513772147
2020-05-29 14:15:00,12.381,19.164204645924297
2020-05-29 14:30:00,11.889,19.293429748409842
2020-05-29 14:45:00,11.748,19.270371835200127
2020-05-29 15:00:00,11.607,19.334778519711087
2020-05-29 15:15:00,11.678,19.007763033070603
2020-05-29 15:30:00,11.537,19.806015034090453
2020-05-29 15:45:00,11.678,19.59575794146112
2020-05-29 16:00:00,11.326,20.652993475968838
2020-05-29 16:15:00,11.396,20.5864187101296
2020-05-29 16:30:00,11.326,20.172979615987003
2020-05-29 16:45:00,11.256,20.887991450473745
2020-05-29 17:00:00,11.607,20.567948410845577
2020-05-29 17:15:00,11.467,21.237084352975227
2020-05-29 17:30:00,11.115,21.595438294127998
2020-05-29 17:45:00,10.763,21.40562398649137
2020-05-29 18:00:00,10.904,20.692628332715184
2020-05-29 18:15:00,10.833,20.683548015054818
2020-05-29 18:30:00,11.044,20.84870279613946
2020-05-29 18:45:00,10.904,21.450389820111557
2020-05-29 19:00:00,10.763,20.180082819923868
2020-05-29 19:15:00,10.833,21.0039635918269
2020-05-29 19:30:00,10.904,20.869192558073724
2020-05-29 19:45:00,10.693,20.763904148291022
2020-05-29 20:00:00,10.341,20.488352868435207
2020-05-29 20:15:00,10.482,19.91521298927502
2020-05-29 20:30:00,9.426,20.36569109701833
2020-05-29 20:45:00,9.567,20.173202016313535
2020-05-29 21:00:00,9.638,19.240746010537393
2020-05-29 21:15:00,9.778,19.420432602054404
2020-05-29 21:30:00,10.271,18.837665000532628
2020-05-29 21:45:00,9.989,18.906597099760802
2020-05-29 22:00:00,10.411,18.959745838934907
2020-05-29 22:15:00,10.341,19.224782464163813
2020-05-29 22:30:00,10.271,18.692344641782945
2020-05-29 22:45:00,10.13,18.644757691620168
2020-05-29 23:00:00,10.13,18.906073510084468
2020-05-29 23:15:00,10.271,18.54865265153945
2020-05-29 23:30:00,10.271,18.91752010521462
2020-05-29 23:45:00,10.763,18.088090972601037
2020-05-30 00:00:00,9.919,18.10249956328924
2020-05-30 00:15:00,10.482,17.607653578786696
2020-05-30 00:30:00,9.919,17.222600449167434
2020-05-30 00:45:00,10.06,16.93832168968301
2020-05-30 01:00:00,10.13,16.59079886215923
2020-05-30 01:15:00,9.919,16.10902304604688
2020-05-30 01:30:00,10.06,16.061371836489318
2020-05-30 01:45:00,9.849,15.919671986962761
2020-05-30 02:00:00,9.778,16.09775686346788
2020-05-30 02:15:00,9.849,16.031641894888715
2020-05-30 02:30:00,10.13,15.810326073645658
2020-05-30 02:45:00,10.13,16.213796971860567
2020-05-30 03:00:00,10.2,16.453551026059433
2020-05-30 03:15:00,10.271,16.292463733981485
2020-05-30 03:30:00,9.708,16.450977677425623
2020-05-30 03:45:00,9.919,16.99234670071959
2020-05-30 04:00:00,9.778,17.020587188369543
2020-05-30 04:15:00,10.06,17.0140573116539
2020-05-30 04:30:00,9.638,16.928028701528298
2020-05-30 04:45:00,9.567,17.182939317413567
2020-05-30 05:00:00,9.145,17.757692946441704
2020-05-30 05:15:00,9.426,18.189246633195808
2020-05-30 05:30:00,9.708,17.59836567014194
2020-05-30 05:45:00,10.2,17.234301613567187
2020-05-30 06:00:00,9.989,17.444678862811777
2020-05-30 06:15:00,9.919,17.70042837057686
2020-05-30 06:30:00,10.2,18.04388585121141
2020-05-30 06:45:00,10.482,18.180409993664473
2020-05-30 07:00:00,10.552,17.988282333448005
2020-05-30 07:15:00,10.271,18.50438687825906
2020-05-30 07:30:00,10.552,18.723540118272652
2020-05-30 07:45:00,10.552,18.76687308288508
2020-05-30 08:00:00,10.904,18.83185377578562
2020-05-30 08:15:00,10.833,19.013738560366466
2020-05-30 08:30:00,10.974,19.50268704313886
2020-05-30 08:45:00,11.256,19.44480640042535
2020-05-30 09:00:00,11.467,19.423161558355385
2020-05-30 09:15:00,11.467,19.487747630433454
2020-05-30 09:30:00,11.396,20.248492882252616
2020-05-30 09:45:00,11.678,19.65645852802197
2020-05-30 10:00:00,11.537,19.77275496977506
2020-05-30 10:15:00,11.537,19.32908068712168
2020-05-30 10:30:00,11.537,18.90180235545415
2020-05-30 10:45:00,11.678,18.792585100216833
2020-05-30 11:00:00,11.607,18.491447467233666
2020-05-30 11:15:00,11.467,18.371916801228096
2020-05-30 11:30:00,11.678,18.52316996547819
2020-05-30 11:45:00,11.889,18.576115762152256
2020-05-30 12:00:00,11.678,18.487093686027272
2020-05-30 12:15:00,11.818,18.85916937657116
2020-05-30 12:30:00,11.748,19.40925682135117
2020-05-30 12:45:00,11.537,19.116772924795523
2020-05-30 13:00:00,11.537,20.000072737809187
2020-05-30 13:15:00,11.537,20.549531403245076
2020-05-30 13:30:00,11.326,20.325718537802235
2020-05-30 13:45:00,11.537,20.29861897775368
2020-05-30 14:00:00,11.678,20.380919014891326
2020-05-30 14:15:00,11.326,19.880765015899513
2020-05-30 14:30:00,11.889,19.9946206846887
2020-05-30 14:45:00,11.607,19.87268180658173
2020-05-30 15:00:00,12.029,20.0914958662974
2020-05-30 15:15:00,12.029,19.77921747466876
2020-05-30 15:30:00,12.029,19.729273714053235
2020-05-30 15:45:00,11.607,19.92891511440662
2020-05-30 16:00:00,11.326,19.89832576417501
2020-05-30 16:15:00,11.256,19.970115334139972
2020-05-30 16:30:00,11.678,20.01816849912852
2020-05-30 16:45:00,11.256,20.222550139071075
2020-05-30 17:00:00,11.256,20.344832725235694
2020-05-30 17:15:00,11.185,19.70275209205769
2020-05-30 17:30:00,10.833,20.643356964353888
2020-05-30 17:45:00,10.974,20.799488940943117
2020-05-30 18:00:00,10.552,19.80552312700798
2020-05-30 18:15:00,10.482,20.430731254045472
2020-05-30 18:30:00,10.693,20.503463546251222
2020-05-30 18:45:00,10.693,20.22703068855501
2020-05-30 19:00:00,10.622,19.430679577370892
2020-05-30 19:15:00,10.552,20.073468641717234
2020-05-30 19:30:00,10.552,19.534880440437373
2020-05-30 19:45:00,11.115,19.560607573965687
2020-05-30 20:00:00,10.974,18.81734144005103
2020-05-30 20:15:00,10.552,19.01094811847263
2020-05-30 20:30:00,10.552,18.865426134760206
2020-05-30 20:45:00,10.341,19.277165145050237
2020-05-30 21:00:00,10.341,18.684208178739105
2020-05-30 21:15:00,10.482,19.11091682177313
2020-05-30 21:30:00,10.622,19.027800435680003
2020-05-30 21:45:00,10.622,18.623223021752292
2020-05-30 22:00:00,10.13,18.220339409021562
2020-05-30 22:15:00,9.708,18.20380677549114
2020-05-30 22:30:00,9.567,18.045719572772903
2020-05-30 22:45:00,9.567,17.81453840480351
2020-05-30 23:00:00,9.919,18.037193104800842
2020-05-30 23:15:00,10.13,17.67367783636075
2020-05-30 23:30:00,10.341,17.770295359372067
2020-05-30 23:45:00,10.411,17.575093328928077
2020-05-31 00:00:00,10.411,17.161818990488708
2020-05-31 00:15:00,10.411,17.160067284547505
2020-05-31 00:30:00,10.411,17.27638111271466
2020-05-31 00:45:00,10.411,17.272026200019575
2020-05-31 01:00:00,10.411,17.061823387479276
2020-05-31 01:15:00,10.411,16.781206124450886
2020-05-31 01:30:00,10.411,16.7107423830985
2020-05-31 01:45:00,10.411,16.817723332910987
2020-05-31 02:00:00,10.411,16.858231210366878
2020-05-31 02:15:00,10.411,16.900449612497315
2020-05-31 02:30:00,10.411,16.961332262633587
2020-05-31 02:45:00,10.411,17.041160333572535
2020-05-31 03:00:00,10.411,17.128127158730607
2020-05-31 03:15:00,10.411,17.225635940992454
2020-05-31 03:30:00,10.411,17.396222872320088
2020-05-31 03:45:00,10.411,17.471730963429813
2020-05-31 04:00:00,10.411,17.476274096403863
2020-05-31 04:15:00,10.411,17.7136556431908
2020-05-31 04:30:00,10.411,17.23603534872482
2020-05-31 04:45:00,10.411,17.573297813634486
2020-05-31 05:00:00,10.411,17.768392486448644
2020-05-31 05:15:00,10.411,17.90234735121655
2020-05-31 05:30:00,10.411,18.002314340840503
2020-05-31 05:45:00,10.411,18.13075069328207
2020-05-31 06:00:00,10.411,18.871895835674632
2020-05-31 06:15:00,10.411,18.259254684589532
2020-05-31 06:30:00,10.411,18.747059120592066
2020-05-31 06:45:00,10.411,18.441844147817413
2020-05-31 07:00:00,10.411,18.902997703621313
2020-05-31 07:15:00,10.411,19.159191980251364
2020-05-31 07:30:00,10.411,19.096872908638503
2020-05-31 07:45:00,10.411,19.4724065903291
2020-05-31 08:00:00,10.411,19.548927579806524
2020-05-31 08:15:00,10.411,19.420380506732723
2020-05-31 08:30:00,10.411,19.5835106943783
2020-05-31 08:45:00,10.411,19.52843134542401
2020-05-31 09:00:00,10.411,19.11411944243019
2020-05-31 09:15:00,10.411,19.365589131501906
2020-05-31 09:30:00,10.411,18.819793723302514
2020-05-31 09:45:00,10.411,18.253699135310782
2020-05-31 10:00:00,10.411,17.66132122753483
2020-05-31 10:15:00,10.411,17.982693662645378
2020-05-31 10:30:00,10.411,17.99677345760372
2020-05-31 10:45:00,10.411,18.04995498578457
2020-05-31 11:00:00,10.411,17.840976804644733
2020-05-31 11:15:00,10.411,18.301661138851102
2020-05-31 11:30:00,10.411,18.34356116913808
2020-05-31 11:45:00,10.411,18.449135743542872
2020-05-31 12:00:00,10.411,18.870877868098088
2020-05-31 12:15:00,10.411,18.94721153360393
2020-05-31 12:30:00,10.411,18.920741661133203
2020-05-31 12:45:00,10.411,19.420545867990903
2020-05-31 13:00:00,10.411,19.52702601295933
2020-05-31 13:15:00,10.411,19.662645414384585
2020-05-31 13:30:00,10.411,19.755980061987824
2020-05-31 13:45:00,10.411,19.857512356314384
2020-05-31 14:00:00,10.411,20.098943050761864
2020-05-31 14:15:00,10.411,19.91023206743585
2020-05-31 14:30:00,10.411,19.89150306964889
2020-05-31 14:45:00,10.411,20.387705216488495
2020-05-31 15:00:00,10.411,20.452529233617174
2020-05-31 15:15:00,10.411,20.254024550110294
2020-05-31 15:30:00,10.411,20.144084225063075
2020-05-31 15:45:00,10.411,20.63894769765462
2020-05-31 16:00:00,10.411,20.266583080711413
2020-05-31 16:15:00,10.411,20.66988611690604
2020-05-31 16:30:00,10.411,20.625151709750792
2020-05-31 16:45:00,10.411,20.328407132242813
2020-05-31 17:00:00,10.411,20.506055218808115
2020-05-31 17:15:00,10.411,20.10108461906353
2020-05-31 17:30:00,10.411,19.744889051695043
2020-05-31 17:45:00,10.411,20.11771514718113
2020-05-31 18:00:00,10.411,20.37230653992869
2020-05-31 18:15:00,10.411,20.082414267187442
2020-05-31 18:30:00,10.411,19.703371471886523
2020-05-31 18:45:00,10.411,20.296960685047104
2020-05-31 19:00:00,10.411,19.1676027275994
2020-05-31 19:15:00,10.411,19.487515588362665
2020-05-31 19:30:00,10.411,19.904199835478458
2020-05-31 19:45:00,10.411,19.856047556696744
2020-05-31 20:00:00,10.411,19.987057902113857
2020-05-31 20:15:00,10.411,19.44948842523545
2020-05-31 20:30:00,10.411,18.42497132426879
2020-05-31 20:45:00,10.411,18.725193706681807
2020-05-31 21:00:00,10.411,19.262589909170064
2020-05-31 21:15:00,10.411,18.816944465541006
2020-05-31 21:30:00,10.411,18.40572345469908
2020-05-31 21:45:00,10.411,18.3234012764423
2020-05-31 22:00:00,10.411,18.074588707913517
2020-05-31 22:15:00,10.411,17.527543555052997
2020-05-31 22:30:00,10.411,17.576854808470014
2020-05-31 22:45:00,10.411,17.41989821579219
2020-05-31 23:00:00,10.411,17.184733966695777
2020-05-31 23:15:00,10.411,17.198701525746245
2020-05-31 23:30:00,10.411,17.233684884707394
2020-05-31 23:45:00,10.411,17.0761827207108
2020-06-01 00:00:00,8.512,17.115713986214427
2020-06-01 00:15:00,8.301,17.198448335476737
2020-06-01 00:30:00,8.371,17.384721945697095
2020-06-01 00:45:00,8.371,17.324819088922307
2020-06-01 01:00:00,8.512,17.04724388347268
2020-06-01 01:15:00,8.442,17.222050184196974
2020-06-01 01:30:00,8.512,17.024103560199613
2020-06-01 01:45:00,8.371,16.43651552170386
2020-06-01 02:00:00,8.231,16.538105040294308
2020-06-01 02:15:00,8.442,16.430434263590154
2020-06-01 02:30:00,8.16,16.482811085367846
2020-06-01 02:45:00,8.16,16.36857944034064
2020-06-01 03:00:00,8.301,16.24814083157909
2020-06-01 03:15:00,8.371,16.18764359831151
2020-06-01 03:30:00,8.512,15.864597464838432
2020-06-01 03:45:00,8.371,16.150618478453435
2020-06-01 04:00:00,8.371,16.21806185771748
2020-06-01 04:15:00,8.442,16.4170781840278
2020-06-01 04:30:00,8.16,16.63148841029393
2020-06-01 04:45:00,8.301,16.771937942881344
2020-06-01 05:00:00,8.231,16.802611329353663
2020-06-01 05:15:00,8.231,17.197843134872002
2020-06-01 05:30:00,8.442,17.58255399944904
2020-06-01 05:45:00,8.512,17.51470083925433
2020-06-01 06:00:00,8.582,17.58239285943645
2020-06-01 06:15:00,8.864,17.368103687500728
2020-06-01 06:30:00,9.145,18.178216841010663
2020-06-01 06:45:00,9.567,17.666673057493945
2020-06-01 07:00:00,9.426,17.412318406934595
2020-06-01 07:15:00,10.06,17.870027327275
2020-06-01 07:30:00,10.411,17.926138062634
2020-06-01 07:45:00,10.482,17.96510657097503
2020-06-01 08:00:00,10.833,17.964771487524676
2020-06-01 08:15:00,10.763,17.988435599563537
2020-06-01 08:30:00,10.693,18.24275670257222
2020-06-01 08:45:00,10.833,18.621648081523322
2020-06-01 09:00:00,10.482,17.988397356540595
2020-06-01 09:15:00,10.904,18.47281718713166
2020-06-01 09:30:00,10.552,18.141259677367824
2020-06-01 09:45:00,9.778,18.219595834413774
2020-06-01 10:00:00,9.778,17.83855180005461
2020-06-01 10:15:00,9.778,17.81111446489448
2020-06-01 10:30:00,9.638,17.54323956861135
2020-06-01 10:45:00,9.778,17.682279786176277
2020-06-01 11:00:00,9.849,17.64886474302192
2020-06-01 11:15:00,9.849,17.926144850820915
2020-06-01 11:30:00,9.708,17.70237538915133
2020-06-01 11:45:00,9.849,17.396416474676112
2020-06-01 12:00:00,9.919,17.35610734607269
2020-06-01 12:15:00,9.778,17.247362258182683
2020-06-01 12:30:00,10.2,17.68138137199063
2020-06-01 12:45:00,9.989,17.916653911109414
2020-06-01 13:00:00,10.411,18.891587187099493
2020-06-01 13:15:00,10.622,18.874128989491957
2020-06-01 13:30:00,10.622,19.135912372126743
2020-06-01 13:45:00,10.974,19.172519376992007
2020-06-01 14:00:00,10.904,19.108921837566204
2020-06-01 14:15:00,11.326,19.371250732670237
2020-06-01 14:30:00,11.326,18.89825980553153
2020-06-01 14:45:00,11.396,19.59682296698087
2020-06-01 15:00:00,11.678,19.29282874418013
2020-06-01 15:15:00,12.24,19.273827243325297
2020-06-01 15:30:00,12.029,19.321792765646595
2020-06-01 15:45:00,11.889,19.075507214425286
2020-06-01 16:00:00,12.029,18.900012731916444
2020-06-01 16:15:00,12.1,18.744101151850987
2020-06-01 16:30:00,12.029,18.95788607583154
2020-06-01 16:45:00,12.24,19.58618180113417
2020-06-01 17:00:00,11.889,19.001648862669693
2020-06-01 17:15:00,11.818,19.686229976531425
2020-06-01 17:30:00,11.889,19.50259114336888
2020-06-01 17:45:00,11.607,19.545992965923656
2020-06-01 18:00:00,11.326,20.36365316557569
2020-06-01 18:15:00,11.044,19.893660543638507
2020-06-01 18:30:00,11.044,20.00903589688693
2020-06-01 18:45:00,10.974,19.01536590730052
2020-06-01 19:00:00,10.904,19.38409808550865
2020-06-01 19:15:00,10.763,19.260851297335478
2020-06-01 19:30:00,10.693,18.795935548372423
2020-06-01 19:45:00,10.833,19.268391953287402
2020-06-01 20:00:00,10.833,19.275963197855464
2020-06-01 20:15:00,10.833,18.51941547087031
2020-06-01 20:30:00,10.482,18.07822821875868
2020-06-01 20:45:00,10.482,17.857539964268806
2020-06-01 21:00:00,10.482,17.527787493827653
2020-06-01 21:15:00,10.341,17.42279486210913
2020-06-01 21:30:00,10.552,17.80609937371075
2020-06-01 21:45:00,10.622,17.593208591192003
2020-06-01 22:00:00,10.411,16.869996352204435
2020-06-01 22:15:00,9.919,16.807754304527524
2020-06-01 22:30:00,9.849,16.95305726752364
2020-06-01 22:45:00,10.341,16.959271014900704
2020-06-01 23:00:00,10.271,16.90538172072445
2020-06-01 23:15:00,10.13,17.136338732256597
2020-06-01 23:30:00,10.06,17.411879266092367
2020-06-01 23:45:00,9.989,17.036413975265614
2020-06-02 00:00:00,9.989,17.391238247816638
2020-06-02 00:15:00,10.13,17.245732982402803
2020-06-02 00:30:00,9.919,17.25204033864901
2020-06-02 00:45:00,9.778,16.823325368236357
2020-06-02 01:00:00,9.567,16.33847956524074
2020-06-02 01:15:00,9.145,16.386899815387206
2020-06-02 01:30:00,9.356,16.226311809069617
2020-06-02 01:45:00,9.426,15.840647413278544
2020-06-02 02:00:00,9.215,15.946922699265635
2020-06-02 02:15:00,9.497,15.89753071855035
2020-06-02 02:30:00,9.286,16.17707798567883
2020-06-02 02:45:00,9.215,15.989773745305866
2020-06-02 03:00:00,9.215,16.18372720955475
2020-06-02 03:15:00,9.004,16.223336686839552
2020-06-02 03:30:00,8.934,16.374698014570438
2020-06-02 03:45:00,8.653,16.264867698522814
2020-06-02 04:00:00,8.512,16.34873961605388
2020-06-02 04:15:00,8.512,16.37968563080001
2020-06-02 04:30:00,8.653,16.201533034849295
2020-06-02 04:45:00,9.004,16.325306930616456
2020-06-02 05:00:00,8.934,16.378469905332853
2020-06-02 05:15:00,8.723,16.178250141952766
2020-06-02 05:30:00,8.934,15.893787881640003
2020-06-02 05:45:00,8.793,15.86539082323726
2020-06-02 06:00:00,8.934,16.43309904862884
2020-06-02 06:15:00,8.723,16.889263768405595
2020-06-02 06:30:00,8.723,17.300034520826106
2020-06-02 06:45:00,8.442,17.596631481933425
2020-06-02 07:00:00,8.653,17.620670660785176
2020-06-02 07:15:00,8.723,17.79943507444626
2020-06-02 07:30:00,8.723,17.740392304731227
2020-06-02 07:45:00,8.723,18.809577152007726
2020-06-02 08:00:00,8.723,19.721432186112363
2020-06-02 08:15:00,8.793,19.89384932590475
2020-06-02 08:30:00,8.582,19.690159960988943
2020-06-02 08:45:00,8.793,19.56164047807135
2020-06-02 09:00:00,8.723,20.005295619597145
2020-06-02 09:15:00,9.004,19.66365407892017
2020-06-02 09:30:00,9.145,20.207090236913604
2020-06-02 09:45:00,9.215,20.229046345729056
2020-06-02 10:00:00,9.215,19.800644997566692
2020-06-02 10:15:00,9.497,20.738342291494167
2020-06-02 10:30:00,9.567,20.967315932809218
2020-06-02 10:45:00,9.849,20.93291346525482
2020-06-02 11:00:00,9.638,22.142815375568386
2020-06-02 11:15:00,9.919,23.04180638051901
2020-06-02 11:30:00,9.849,24.319212454741468
2020-06-02 11:45:00,10.06,24.178230322410023
2020-06-02 12:00:00,10.482,23.439483762727114
2020-06-02 12:15:00,10.341,24.180777357232902
2020-06-02 12:30:00,10.622,23.49480076343819
2020-06-02 12:45:00,10.341,23.51066486528737
2020-06-02 13:00:00,10.2,22.797140399307345
2020-06-02 13:15:00,9.989,22.606848109042865
2020-06-02 13:30:00,10.482,23.31167793159469
2020-06-02 13:45:00,10.271,23.332682929213014
2020-06-02 14:00:00,10.341,23.498582630996093
2020-06-02 14:15:00,10.763,23.963159045617452
2020-06-02 14:30:00,10.693,23.621155033404747
2020-06-02 14:45:00,10.904,23.661572776508404
2020-06-02 15:00:00,10.2,23.76579136004327
2020-06-02 15:15:00,10.341,23.325578740908124
2020-06-02 15:30:00,10.552,23.304575965007377
2020-06-02 15:45:00,10.904,23.196356012389586
2020-06-02 16:00:00,11.115,23.53344446662964
2020-06-02 16:15:00,10.833,22.732495774283603
2020-06-02 16:30:00,10.622,23.013812761969877
2020-06-02 16:45:00,10.622,22.879414651990263
2020-06-02 17:00:00,10.482,22.783729784825045
2020-06-02 17:15:00,10.2,23.289703558224797
2020-06-02 17:30:00,10.06,22.086193417113066
2020-06-02 17:45:00,9.849,22.528372610366763
2020-06-02 18:00:00,10.06,22.035296623528474
2020-06-02 18:15:00,9.849,22.32403632131264
2020-06-02 18:30:00,9.778,21.842392410079732
2020-06-02 18:45:00,9.778,22.156792924932798
2020-06-02 19:00:00,9.567,23.170662642684047
2020-06-02 19:15:00,9.638,22.845399680178605
2020-06-02 19:30:00,9.708,22.794175771348094
2020-06-02 19:45:00,9.778,22.83134008457952
2020-06-02 20:00:00,9.426,22.71728153681478
2020-06-02 20:15:00,9.638,23.12459272210339
2020-06-02 20:30:00,9.638,23.36222528109591
2020-06-02 20:45:00,9.778,23.800700394815735
2020-06-02 21:00:00,9.567,22.80561405210135
2020-06-02 21:15:00,9.778,22.43925105930657
2020-06-02 21:30:00,9.778,21.90559556579118
2020-06-02 21:45:00,9.919,22.926363942033237
2020-06-02 22:00:00,9.849,23.46329005554762
2020-06-02 22:15:00,9.919,24.108490393251735
2020-06-02 22:30:00,9.849,24.56886759198701
2020-06-02 22:45:00,9.567,24.920844204432292
2020-06-02 23:00:00,9.638,25.736813470141648
2020-06-02 23:15:00,9.215,25.74471044801248
2020-06-02 23:30:00,9.286,25.889023581319464
2020-06-02 23:45:00,9.497,26.20308892732424
2020-06-03 00:00:00,9.286,25.961710102190587
2020-06-03 00:15:00,9.567,26.54489356978256
2020-06-03 00:30:00,9.849,25.96018134946435
2020-06-03 00:45:00,9.426,25.985992601467974
2020-06-03 01:00:00,9.497,25.639756879815113
2020-06-03 01:15:00,9.426,25.4709144415056
2020-06-03 01:30:00,9.426,25.547248095030838
2020-06-03 01:45:00,9.638,25.91375578498229
2020-06-03 02:00:00,9.497,25.41069813051869
2020-06-03 02:15:00,9.638,25.46069953149557
2020-06-03 02:30:00,9.567,25.14586758190685
2020-06-03 02:45:00,9.638,25.625607597656835
2020-06-03 03:00:00,9.638,25.93216388353135
2020-06-03 03:15:00,9.567,25.738636389181192
2020-06-03 03:30:00,9.497,25.764016066575987
2020-06-03 03:45:00,9.708,25.477809569234402
2020-06-03 04:00:00,9.567,25.34643658086559
2020-06-03 04:15:00,9.567,25.366136901765724
2020-06-03 04:30:00,9.497,25.165685281912044
2020-06-03 04:45:00,9.567,24.30800719182755
2020-06-03 05:00:00,9.849,24.449770530641434
2020-06-03 05:15:00,9.778,24.24109486396058
2020-06-03 05:30:00,9.497,24.268844426446535
2020-06-03 05:45:00,9.497,23.471693134402276
2020-06-03 06:00:00,9.567,23.113478628180005
2020-06-03 06:15:00,9.426,22.82273978688129
2020-06-03 06:30:00,9.286,22.782936645747174
2020-06-03 06:45:00,9.638,22.67828282854897
2020-06-03 07:00:00,9.356,22.47877435321417
2020-06-03 07:15:00,9.286,22.195727238123787
2020-06-03 07:30:00,9.426,21.669888287701664
2020-06-03 07:45:00,9.215,21.286197536211546
2020-06-03 08:00:00,9.426,21.362388543420714
2020-06-03 08:15:00,8.934,20.74203307352667
2020-06-03 08:30:00,9.215,21.37382368149868
2020-06-03 08:45:00,9.497,20.995614942605087
2020-06-03 09:00:00,9.638,21.197619687968757
2020-06-03 09:15:00,9.919,21.40895067546437
2020-06-03 09:30:00,9.849,20.827440659034927
2020-06-03 09:45:00,9.778,21.46029921896668
2020-06-03 10:00:00,9.919,21.628796668451887
2020-06-03 10:15:00,10.13,21.731156705452996
2020-06-03 10:30:00,10.271,21.6483386124999
2020-06-03 10:45:00,10.271,21.48521836320359
2020-06-03 11:00:00,10.622,20.916143596680197
2020-06-03 11:15:00,10.482,21.70912455106914
2020-06-03 11:30:00,10.622,21.80377426581304
2020-06-03 11:45:00,11.044,21.192438359291796
2020-06-03 12:00:00,10.693,21.52483419420355
2020-06-03 12:15:00,10.974,21.60422150180516
2020-06-03 12:30:00,11.044,21.644004162320474
2020-06-03 12:45:00,11.115,22.01231871139017
2020-06-03 13:00:00,10.974,22.47962128135404
2020-06-03 13:15:00,11.256,22.967896287610984
2020-06-03 13:30:00,11.678,23.212483662885337
2020-06-03 13:45:00,11.678,22.917317504813386
2020-06-03 14:00:00,12.24,22.698512081747392
2020-06-03 14:15:00,12.311,22.6511220987857
2020-06-03 14:30:00,12.874,22.304222258099877
2020-06-03 14:45:00,12.522,22.532877825152823
2020-06-03 15:00:00,12.662,22.64133676131503
2020-06-03 15:15:00,13.085,22.082531976641278
2020-06-03 15:30:00,13.296,22.267803346695977
2020-06-03 15:45:00,13.436,21.72686092218621
2020-06-03 16:00:00,13.436,22.373701300810634
2020-06-03 16:15:00,13.225,21.87968691342352
2020-06-03 16:30:00,13.296,21.886112085038356
2020-06-03 16:45:00,13.366,21.89481306543754
2020-06-03 17:00:00,13.085,22.60205551357675
2020-06-03 17:15:00,12.803,22.400682751927924
2020-06-03 17:30:00,12.451,22.515515928596066
2020-06-03 17:45:00,12.24,22.683725967432135
2020-06-03 18:00:00,11.678,22.53547095421568
2020-06-03 18:15:00,11.396,23.410787533233698
2020-06-03 18:30:00,11.537,23.443409500926002
2020-06-03 18:45:00,11.185,23.26190050120745
2020-06-03 19:00:00,11.044,22.491273749186224
2020-06-03 19:15:00,10.693,21.2887272955576
2020-06-03 19:30:00,10.763,20.28692707560367
2020-06-03 19:45:00,10.763,18.947349886531864
2020-06-03 20:00:00,10.552,17.68268616280755
2020-06-03 20:15:00,10.552,16.803994732837715
2020-06-03 20:30:00,9.989,16.858179043229132
2020-06-03 20:45:00,9.919,16.600999602216582
2020-06-03 21:00:00,9.567,15.992969374467723
2020-06-03 21:15:00,9.497,16.24509675090932
2020-06-03 21:30:00,9.497,16.233275323690588
2020-06-03 21:45:00,9.286,16.65361096568387
2020-06-03 22:00:00,9.426,16.66069153354167
2020-06-03 22:15:00,9.426,16.471080349223115
2020-06-03 22:30:00,9.145,16.778834770511786
2020-06-03 22:45:00,8.934,17.364422452512947
2020-06-03 23:00:00,8.723,17.539864247829108
2020-06-03 23:15:00,8.653,17.71537923721653
2020-06-03 23:30:00,8.723,17.23817728638753
2020-06-03 23:45:00,8.723,17.371055289831038
2020-06-04 00:00:00,8.442,17.610765479820756
2020-06-04 00:15:00,8.723,17.70027133221862
2020-06-04 00:30:00,8.934,17.820311896140687
2020-06-04 00:45:00,9.075,18.06049517809982
2020-06-04 01:00:00,9.215,18.175424298537305
2020-06-04 01:15:00,9.075,18.23056446690517
2020-06-04 01:30:00,9.215,17.941817239205395
2020-06-04 01:45:00,9.286,18.06776660317835
2020-06-04 02:00:00,9.426,17.758615853213108
2020-06-04 02:15:00,9.497,17.728168556070774
2020-06-04 02:30:00,9.708,17.8595046309734
2020-06-04 02:45:00,9.497,17.783249278145096
2020-06-04 03:00:00,9.638,17.723578422708172
2020-06-04 03:15:00,9.426,17.423736766335686
2020-06-04 03:30:00,9.638,17.596075445287397
2020-06-04 03:45:00,9.567,17.344103552108088
2020-06-04 04:00:00,9.708,16.985881662148465
2020-06-04 04:15:00,9.215,17.63896338625874
2020-06-04 04:30:00,9.426,17.79776712509949
2020-06-04 04:45:00,9.426,17.92282999566657
2020-06-04 05:00:00,9.426,17.740362591027115
2020-06-04 05:15:00,9.215,18.010201886696837
2020-06-04 05:30:00,9.075,19.14994140278694
2020-06-04 05:45:00,9.075,19.33011484815761
2020-06-04 06:00:00,9.567,19.331046443496522
2020-06-04 06:15:00,9.567,20.062630335181066
2020-06-04 06:30:00,9.778,19.615220108933325
2020-06-04 06:45:00,9.919,20.077502564610544
2020-06-04 07:00:00,9.778,20.097162913420142
2020-06-04 07:15:00,9.919,20.162141673647973
2020-06-04 07:30:00,10.622,19.368935573181467
2020-06-04 07:45:00,10.693,18.897800743312
2020-06-04 08:00:00,10.763,18.585661063180126
2020-06-04 08:15:00,10.693,18.130334481917814
2020-06-04 08:30:00,10.552,17.609855047363833
2020-06-04 08:45:00,10.904,16.995502064341405
2020-06-04 09:00:00,11.185,17.12659711922473
2020-06-04 09:15:00,10.833,16.927033999880045
2020-06-04 09:30:00,11.326,16.327014506409576
2020-06-04 09:45:00,10.833,16.513562647770122
2020-06-04 10:00:00,11.185,17.190417306216307
2020-06-04 10:15:00,11.326,17.51014242185115
2020-06-04 10:30:00,11.396,17.13228921128284
2020-06-04 10:45:00,11.185,17.31124379111741
2020-06-04 11:00:00,11.185,17.466941835607397
2020-06-04 11:15:00,10.904,17.39624078705807
2020-06-04 11:30:00,11.256,17.853220631814644
2020-06-04 11:45:00,11.537,17.969618691307335
2020-06-04 12:00:00,11.818,18.229288931485357
2020-06-04 12:15:00,11.396,17.93226706358013
2020-06-04 12:30:00,11.326,18.35745030553833
2020-06-04 12:45:00,11.607,18.380158628620922
2020-06-04 13:00:00,11.678,17.94350892463761
2020-06-04 13:15:00,11.607,18.922676891735076
2020-06-04 13:30:00,11.748,18.230302499045806
2020-06-04 13:45:00,11.326,18.053926225017598
2020-06-04 14:00:00,12.24,18.3006189454046
2020-06-04 14:15:00,12.381,18.520441358823156
2020-06-04 14:30:00,12.029,18.683836627658266
2020-06-04 14:45:00,12.1,18.781075434006148
2020-06-04 15:00:00,12.381,18.37958795518353
2020-06-04 15:15:00,11.748,18.214810383941092
2020-06-04 15:30:00,11.748,18.492893892328564
2020-06-04 15:45:00,12.029,18.783504245914468
2020-06-04 16:00:00,11.607,19.029667538583094
2020-06-04 16:15:00,11.467,19.032150542321062
2020-06-04 16:30:00,11.467,19.188535919436738
2020-06-04 16:45:00,11.185,19.799513019083225
2020-06-04 17:00:00,10.763,19.99217112636138
2020-06-04 17:15:00,10.833,20.29300741367589
2020-06-04 17:30:00,10.341,21.152888251277762
2020-06-04 17:45:00,9.919,21.001322819729022
2020-06-04 18:00:00,10.06,21.04253500740974
2020-06-04 18:15:00,10.2,22.12326740103614
2020-06-04 18:30:00,10.13,22.221541626971735
2020-06-04 18:45:00,9.567,20.71507807367322
2020-06-04 19:00:00,9.638,20.682015596748418
2020-06-04 19:15:00,9.778,20.46225221904349
2020-06-04 19:30:00,9.708,19.69575853532683
2020-06-04 19:45:00,9.849,19.546824535533197
2020-06-04 20:00:00,9.708,18.35522385326152
2020-06-04 20:15:00,10.06,17.532850120061003
2020-06-04 20:30:00,10.06,16.81981703063646
2020-06-04 20:45:00,9.989,16.5955464431914
2020-06-04 21:00:00,9.849,16.052741465667058
2020-06-04 21:15:00,9.919,15.914566334506372
2020-06-04 21:30:00,10.2,15.091538225180605
2020-06-04 21:45:00,10.13,14.909561774197735
2020-06-04 22:00:00,10.271,14.96851288760342
2020-06-04 22:15:00,10.271,15.626325581133413
2020-06-04 22:30:00,10.13,15.564848087612978
2020-06-04 22:45:00,10.06,15.718862533648837
2020-06-04 23:00:00,10.13,15.81115932368141
2020-06-04 23:15:00,9.849,15.515205846074657
2020-06-04 23:30:00,9.849,15.718486542393162
2020-06-04 23:45:00,9.919,15.71112868574224
2020-06-05 00:00:00,9.919,15.66156260194132
2020-06-05 00:15:00,9.919,15.803911705777825
2020-06-05 00:30:00,9.919,16.082139151199627
2020-06-05 00:45:00,9.849,15.58686326916383
2020-06-05 01:00:00,9.638,15.647107964468308
2020-06-05 01:15:00,9.497,15.652782772386619
2020-06-05 01:30:00,9.708,15.560812424159506
2020-06-05 01:45:00,9.497,15.574331317989943
2020-06-05 02:00:00,9.426,15.84514997992411
2020-06-05 02:15:00,9.426,15.65828397512687
2020-06-05 02:30:00,9.778,15.642366133669652
2020-06-05 02:45:00,9.849,15.797720840750783
2020-06-05 03:00:00,9.708,15.733988254297659
2020-06-05 03:15:00,9.919,15.985178538389375
2020-06-05 03:30:00,9.849,16.037588789591627
2020-06-05 03:45:00,9.989,15.959567273620003
2020-06-05 04:00:00,9.919,15.997633602591993
2020-06-05 04:15:00,9.919,15.96134157117338
2020-06-05 04:30:00,9.919,16.08055614094997
2020-06-05 04:45:00,9.849,16.168493225693773
2020-06-05 05:00:00,9.849,16.231488577636593
2020-06-05 05:15:00,9.849,16.198716651895214
2020-06-05 05:30:00,9.638,16.59338065264791
2020-06-05 05:45:00,9.778,16.32246453352915
2020-06-05 06:00:00,9.849,16.15207093435243
2020-06-05 06:15:00,9.919,17.098045655431203
2020-06-05 06:30:00,10.06,17.043020068298535
2020-06-05 06:45:00,10.2,17.142624928458936
2020-06-05 07:00:00,10.06,17.669340235004704
2020-06-05 07:15:00,9.778,18.34944245469803
2020-06-05 07:30:00,9.919,18.187464999902247
2020-06-05 07:45:00,9.989,18.32869081274782
2020-06-05 08:00:00,9.919,18.76402773899172
2020-06-05 08:15:00,10.13,18.357593684025893
2020-06-05 08:30:00,9.638,18.01376431521066
2020-06-05 08:45:00,9.989,18.655522450859614
2020-06-05 09:00:00,10.13,17.605685644657726
2020-06-05 09:15:00,9.567,18.401868206389434
2020-06-05 09:30:00,9.638,17.618284901317086
2020-06-05 09:45:00,9.919,17.265537672522296
2020-06-05 10:00:00,9.849,17.48749480236988
2020-06-05 10:15:00,9.989,16.862549945879675
2020-06-05 10:30:00,9.919,16.739210642262204
2020-06-05 10:45:00,10.13,16.088159808061608
2020-06-05 11:00:00,9.919,16.111136970978613
2020-06-05 11:15:00,9.708,16.03582610276005
2020-06-05 11:30:00,9.567,16.59326523281567
2020-06-05 11:45:00,9.919,16.34845402721175
2020-06-05 12:00:00,9.778,16.48996554508418
2020-06-05 12:15:00,9.778,16.76924657724591
2020-06-05 12:30:00,9.919,16.91071265687685
2020-06-05 12:45:00,10.271,17.29124393068717
2020-06-05 13:00:00,10.13,17.740824156745177
2020-06-05 13:15:00,10.763,17.94210956852913
2020-06-05 13:30:00,10.693,17.582555660410534
2020-06-05 13:45:00,10.622,17.775355830512975
2020-06-05 14:00:00,10.763,17.734291971227606
2020-06-05 14:15:00,10.763,17.635080616747796
2020-06-05 14:30:00,10.833,17.670757081560804
2020-06-05 14:45:00,10.974,17.76948586358758
2020-06-05 15:00:00,10.904,17.662744574790548
2020-06-05 15:15:00,10.904,17.43927449107724
2020-06-05 15:30:00,10.904,17.983309807073706
2020-06-05 15:45:00,10.833,18.17003210498172
2020-06-05 16:00:00,10.974,18.04000406145978
2020-06-05 16:15:00,10.482,17.92677846979578
2020-06-05 16:30:00,10.271,18.191136194688088
2020-06-05 16:45:00,10.833,18.096436437422714
2020-06-05 17:00:00,10.833,18.683470105212905
2020-06-05 17:15:00,10.904,18.72402721045336
2020-06-05 17:30:00,10.552,18.552876203497316
2020-06-05 17:45:00,10.482,18.70769409783075
2020-06-05 18:00:00,10.271,18.919525336053955
2020-06-05 18:15:00,10.622,19.38974154360772
2020-06-05 18:30:00,9.989,18.988787810404087
2020-06-05 18:45:00,9.708,18.824421159076557
2020-06-05 19:00:00,9.567,19.083003277019603
2020-06-05 19:15:00,9.708,19.51743020090008
2020-06-05 19:30:00,9.426,18.850552565007085
2020-06-05 19:45:00,9.356,18.843814675468515
2020-06-05 20:00:00,9.286,18.8922314545755
2020-06-05 20:15:00,9.286,17.54028828704332
2020-06-05 20:30:00,9.286,17.18060065457
2020-06-05 20:45:00,9.215,17.245133753810446
2020-06-05 21:00:00,9.215,16.785823730460212
2020-06-05 21:15:00,9.215,17.220136184875038
2020-06-05 21:30:00,9.075,16.527177020129262
2020-06-05 21:45:00,9.145,16.976534282405645
2020-06-05 22:00:00,8.934,16.6152252433259
2020-06-05 22:15:00,8.864,16.538127982571083
2020-06-05 22:30:00,8.653,16.759541150721105
2020-06-05 22:45:00,8.723,16.472178463588357
2020-06-05 23:00:00,8.934,16.70724698341548
2020-06-05 23:15:00,8.723,16.64428935209731
2020-06-05 23:30:00,8.793,16.484027692448965
2020-06-05 23:45:00,8.723,16.598654231332848
2020-06-06 00:00:00,8.582,16.331633806193967
2020-06-06 00:15:00,8.582,16.470444331907817
2020-06-06 00:30:00,8.723,16.647057173577796
2020-06-06 00:45:00,8.723,16.64973435367541
2020-06-06 01:00:00,8.582,16.589490124386195
2020-06-06 01:15:00,8.723,16.698983988873287
2020-06-06 01:30:00,8.371,16.594307837075867
2020-06-06 01:45:00,8.582,16.747428475073516
2020-06-06 02:00:00,8.582,16.7425757056648
2020-06-06 02:15:00,8.723,16.776659450712124
2020-06-06 02:30:00,8.371,16.73092893354082
2020-06-06 02:45:00,8.512,16.502246605485478
2020-06-06 03:00:00,8.512,16.44392607085785
2020-06-06 03:15:00,8.582,16.591498958509455
2020-06-06 03:30:00,8.371,16.211527029281765
2020-06-06 03:45:00,8.16,16.651231633537943
2020-06-06 04:00:00,8.371,16.595551994257114
2020-06-06 04:15:00,8.16,16.502983432334286
2020-06-06 04:30:00,8.16,16.495416396558856
2020-06-06 04:45:00,8.231,16.387843553918685
2020-06-06 05:00:00,8.16,16.54210314503281
2020-06-06 05:15:00,8.02,16.577105520085723
2020-06-06 05:30:00,8.09,16.420030142785098
2020-06-06 05:45:00,8.301,16.478153124107926
2020-06-06 06:00:00,8.512,16.62875652186025
2020-06-06 06:15:00,8.442,16.428171588581655
2020-06-06 06:30:00,9.004,16.722828684489127
2020-06-06 06:45:00,9.215,16.980592171746782
2020-06-06 07:00:00,9.497,17.158446935524132
2020-06-06 07:15:00,9.778,17.6717374486846
2020-06-06 07:30:00,9.919,17.6738823952586
2020-06-06 07:45:00,9.919,18.245471934103865
2020-06-06 08:00:00,10.2,17.841593457557316
2020-06-06 08:15:00,10.552,18.013742696752775
2020-06-06 08:30:00,10.13,17.998862745446964
2020-06-06 08:45:00,10.2,18.16167076492226
2020-06-06 09:00:00,10.271,18.296883950614856
2020-06-06 09:15:00,9.919,18.660366432254595
2020-06-06 09:30:00,10.06,18.11093561299993
2020-06-06 09:45:00,10.13,18.23699102159162
2020-06-06 10:00:00,9.989,17.599609745357444
2020-06-06 10:15:00,10.2,17.338905841199896
2020-06-06 10:30:00,10.06,16.673167234977186
2020-06-06 10:45:00,10.13,16.711025045439428
2020-06-06 11:00:00,10.13,16.6394889112853
2020-06-06 11:15:00,10.06,16.429542664017024
2020-06-06 11:30:00,10.271,16.926873166984876
2020-06-06 11:45:00,10.271,17.085839327062192
2020-06-06 12:00:00,10.06,16.894181249007694
2020-06-06 12:15:00,10.2,17.703262097822527
2020-06-06 12:30:00,10.271,17.769738434498755
2020-06-06 12:45:00,10.974,17.963743003307293
2020-06-06 13:00:00,10.552,18.48118140228812
2020-06-06 13:15:00,11.115,18.584267663524656
2020-06-06 13:30:00,11.607,18.773470134438853
2020-06-06 13:45:00,11.537,18.849355339272805
2020-06-06 14:00:00,12.029,18.751502597339076
2020-06-06 14:15:00,11.678,19.206100155461005
2020-06-06 14:30:00,12.311,18.641581170242034
2020-06-06 14:45:00,12.592,18.749371627505344
2020-06-06 15:00:00,13.155,18.1799931145717
2020-06-06 15:15:00,13.225,18.715322230237845
2020-06-06 15:30:00,13.647,18.368217503291014
2020-06-06 15:45:00,13.014,18.350425553163628
2020-06-06 16:00:00,13.296,18.400303607122517
2020-06-06 16:15:00,13.296,18.738684301007382
2020-06-06 16:30:00,13.225,18.98857708756991
2020-06-06 16:45:00,13.296,18.91572997326306
2020-06-06 17:00:00,12.944,18.671160008474057
2020-06-06 17:15:00,12.451,18.54433437469514
2020-06-06 17:30:00,12.662,19.089276944592704
2020-06-06 17:45:00,13.085,18.394384631190967
2020-06-06 18:00:00,13.225,18.630392846534786
2020-06-06 18:15:00,12.451,18.5952641976978
2020-06-06 18:30:00,11.889,18.604494062459118
2020-06-06 18:45:00,11.256,18.7940548568154
2020-06-06 19:00:00,11.396,18.912196905887306
2020-06-06 19:15:00,11.256,19.576200874645114
2020-06-06 19:30:00,11.044,18.922217293301582
2020-06-06 19:45:00,10.904,19.010675226055124
2020-06-06 20:00:00,10.904,19.084119919048362
2020-06-06 20:15:00,11.044,18.72032424351619
2020-06-06 20:30:00,11.044,18.036424369820327
2020-06-06 20:45:00,11.185,18.039024532427923
2020-06-06 21:00:00,11.044,17.71528714241068
2020-06-06 21:15:00,10.833,17.525566392125132
2020-06-06 21:30:00,10.693,17.98761054476468
2020-06-06 21:45:00,10.763,18.03142016706089
2020-06-06 22:00:00,10.552,18.194434640440623
2020-06-06 22:15:00,10.482,18.212505076976594
2020-06-06 22:30:00,10.482,18.62925336636134
2020-06-06 22:45:00,10.341,18.615542505467204
2020-06-06 23:00:00,10.271,19.20318940427358
2020-06-06 23:15:00,10.13,19.167960474442395
2020-06-06 23:30:00,9.919,18.98073214716273
2020-06-06 23:45:00,9.919,19.209016694696434
2020-06-07 00:00:00,9.778,19.48485284798769
2020-06-07 00:15:00,9.708,19.45463742026514
2020-06-07 00:30:00,9.778,19.38151189480145
2020-06-07 00:45:00,10.13,19.542528719413454
2020-06-07 01:00:00,10.13,19.742213409275568
2020-06-07 01:15:00,9.919,19.385965060252996
2020-06-07 01:30:00,10.2,19.443542189227465
2020-06-07 01:45:00,9.989,19.050255562380233
2020-06-07 02:00:00,10.13,18.95895917068019
2020-06-07 02:15:00,10.2,18.550332801753026
2020-06-07 02:30:00,9.919,18.374293590804406
2020-06-07 02:45:00,9.778,18.507598341292887
2020-06-07 03:00:00,9.849,18.53473032506413
2020-06-07 03:15:00,9.919,17.964825132523906
2020-06-07 03:30:00,10.2,17.6059756673851
2020-06-07 03:45:00,10.13,17.729837997577032
2020-06-07 04:00:00,9.989,17.80795426750016
2020-06-07 04:15:00,9.919,17.79386391037339
2020-06-07 04:30:00,10.06,17.40247433845889
2020-06-07 04:45:00,9.919,17.965765995367153
2020-06-07 05:00:00,9.919,17.79735894118197
2020-06-07 05:15:00,9.708,17.72301281407703
2020-06-07 05:30:00,9.708,17.915060722945228
2020-06-07 05:45:00,9.708,18.38687269676114
2020-06-07 06:00:00,10.13,18.095133069951164
2020-06-07 06:15:00,10.271,18.279125925394066
2020-06-07 06:30:00,10.271,18.561125692478093
2020-06-07 06:45:00,10.341,18.392297885128464
2020-06-07 07:00:00,10.482,18.502516763722547
2020-06-07 07:15:00,10.271,18.699909665678586
2020-06-07 07:30:00,10.482,18.485830646998163
2020-06-07 07:45:00,10.482,18.82004644607626
2020-06-07 08:00:00,10.693,18.921017148071574
2020-06-07 08:15:00,10.552,18.766118266972697
2020-06-07 08:30:00,10.482,19.212340682143516
2020-06-07 08:45:00,10.693,19.77641102671966
2020-06-07 09:00:00,10.833,19.343567280699503
2020-06-07 09:15:00,10.622,19.064468264542842
2020-06-07 09:30:00,11.044,18.545957318319825
2020-06-07 09:45:00,11.256,19.01023800888294
2020-06-07 10:00:00,11.115,19.172390574154786
2020-06-07 10:15:00,11.607,19.37906193966878
2020-06-07 10:30:00,11.537,19.64844074056547
2020-06-07 10:45:00,11.607,19.1706550680974
2020-06-07 11:00:00,11.537,20.319616610663285
2020-06-07 11:15:00,11.607,20.60176639658663
2020-06-07 11:30:00,11.537,20.81910213012764
2020-06-07 11:45:00,11.467,20.77400683020767
2020-06-07 12:00:00,11.959,20.941572701351713
2020-06-07 12:15:00,12.029,21.12934795908051
2020-06-07 12:30:00,12.029,21.733212857574166
2020-06-07 12:45:00,11.748,22.312509739919527
2020-06-07 13:00:00,12.029,22.533403657282634
2020-06-07 13:15:00,12.381,23.025656037549883
2020-06-07 13:30:00,12.381,22.956650226308128
2020-06-07 13:45:00,12.944,22.930506462783136
2020-06-07 14:00:00,12.803,23.33929718071711
2020-06-07 14:15:00,12.733,22.936658326333145
2020-06-07 14:30:00,12.592,23.173060781047266
2020-06-07 14:45:00,12.381,22.873754069868543
2020-06-07 15:00:00,12.733,23.117560849579796
2020-06-07 15:15:00,12.24,22.95791942244177
2020-06-07 15:30:00,12.311,22.91718350127697
2020-06-07 15:45:00,12.381,22.869976321750688
2020-06-07 16:00:00,12.662,22.70880514210146
2020-06-07 16:15:00,12.733,22.981973897401232
2020-06-07 16:30:00,12.733,22.724950928695357
2020-06-07 16:45:00,12.733,22.03046520085822
2020-06-07 17:00:00,12.662,22.3937294694807
2020-06-07 17:15:00,12.24,22.276209968240618
2020-06-07 17:30:00,12.1,22.065785585311787
2020-06-07 17:45:00,12.17,22.746772047213685
2020-06-07 18:00:00,12.029,22.843204626991863
2020-06-07 18:15:00,12.1,21.75635870362452
2020-06-07 18:30:00,11.748,21.893307733875435
2020-06-07 18:45:00,11.889,21.798733720293566
2020-06-07 19:00:00,11.678,22.094337088694736
2020-06-07 19:15:00,11.959,21.51268984006205
2020-06-07 19:30:00,11.607,21.51062850987078
2020-06-07 19:45:00,11.537,21.381488183567367
2020-06-07 20:00:00,11.396,20.9641224731916
2020-06-07 20:15:00,11.256,20.329849277768453
2020-06-07 20:30:00,10.904,20.71459744452949
2020-06-07 20:45:00,10.693,19.851080844478577
2020-06-07 21:00:00,10.833,19.46735670787573
2020-06-07 21:15:00,10.833,19.11059855390404
2020-06-07 21:30:00,10.552,18.935050646374314
2020-06-07 21:45:00,10.763,18.70590584543158
2020-06-07 22:00:00,10.833,18.502313768714025
2020-06-07 22:15:00,10.833,18.37354565831561
2020-06-07 22:30:00,10.833,18.32708589702558
2020-06-07 22:45:00,10.833,18.316005887817248
2020-06-07 23:00:00,10.341,17.93393452784192
2020-06-07 23:15:00,10.552,17.86544849510198
2020-06-07 23:30:00,10.833,18.469797829549524
2020-06-07 23:45:00,10.552,18.367200350804183
2020-06-08 00:00:00,10.482,18.188189325339227
2020-06-08 00:15:00,10.341,18.33602842854451
2020-06-08 00:30:00,10.2,18.14703392913165
2020-06-08 00:45:00,10.271,17.983157421616074
2020-06-08 01:00:00,10.411,17.979905981528237
2020-06-08 01:15:00,10.271,17.7282571169968
2020-06-08 01:30:00,10.271,17.52442686433575
2020-06-08 01:45:00,10.2,17.504137765216246
2020-06-08 02:00:00,10.13,17.42752260028673
2020-06-08 02:15:00,10.271,17.45100204000488
2020-06-08 02:30:00,9.989,17.15423020188839
2020-06-08 02:45:00,10.2,17.403618696991522
2020-06-08 03:00:00,10.06,17.165078504914497
2020-06-08 03:15:00,9.989,16.792261318160627
2020-06-08 03:30:00,9.778,17.017809671319807
2020-06-08 03:45:00,9.708,16.941857846317884
2020-06-08 04:00:00,9.989,16.95552398567227
2020-06-08 04:15:00,10.13,16.948184993063368
2020-06-08 04:30:00,10.06,17.0711213634628
2020-06-08 04:45:00,9.919,17.177118976156432
2020-06-08 05:00:00,9.708,17.08681604988951
2020-06-08 05:15:00,9.778,17.145886665735585
2020-06-08 05:30:00,9.497,17.472047980191746
2020-06-08 05:45:00,9.426,17.603108529104485
2020-06-08 06:00:00,9.426,17.59843418101993
2020-06-08 06:15:00,9.497,18.403021796790867
2020-06-08 06:30:00,9.567,18.419557824084407
2020-06-08 06:45:00,9.567,19.53990757367734
2020-06-08 07:00:00,9.778,19.495093914263695
2020-06-08 07:15:00,9.778,19.73322950773321
2020-06-08 07:30:00,9.849,20.84313394115971
2020-06-08 07:45:00,9.919,20.935561526705204
2020-06-08 08:00:00,10.13,20.52904275982443
2020-06-08 08:15:00,10.271,20.88782898052801
2020-06-08 08:30:00,9.708,20.89728054171074
2020-06-08 08:45:00,9.919,20.723200842943847
2020-06-08 09:00:00,10.2,20.809664640418628
2020-06-08 09:15:00,10.06,20.152511885361573
2020-06-08 09:30:00,9.849,20.20913588363662
2020-06-08 09:45:00,9.849,19.634972502638547
2020-06-08 10:00:00,10.06,19.659574301847655
2020-06-08 10:15:00,10.271,19.60567263123381
2020-06-08 10:30:00,10.2,18.23013682239468
2020-06-08 10:45:00,10.271,16.83664272048057
2020-06-08 11:00:00,10.341,16.44639967560477
2020-06-08 11:15:00,10.13,16.04009560247593
2020-06-08 11:30:00,10.13,16.19415469823405
2020-06-08 11:45:00,9.919,16.304381790364854
2020-06-08 12:00:00,10.13,16.776561193788226
2020-06-08 12:15:00,9.919,16.78824523064294
2020-06-08 12:30:00,10.06,16.999673602463236
2020-06-08 12:45:00,10.2,17.51191003038156
2020-06-08 13:00:00,9.919,17.620747548941665
2020-06-08 13:15:00,10.13,17.751157608593626
2020-06-08 13:30:00,9.989,18.011170993662542
2020-06-08 13:45:00,10.13,18.50753864108892
2020-06-08 14:00:00,10.2,18.383513273233415
2020-06-08 14:15:00,10.482,18.12059897784999
2020-06-08 14:30:00,10.271,18.748131923021564
2020-06-08 14:45:00,10.271,18.80956137246071
2020-06-08 15:00:00,10.341,18.83161145461464
2020-06-08 15:15:00,10.341,18.82044532245145
2020-06-08 15:30:00,10.341,18.592935208505992
2020-06-08 15:45:00,10.482,18.47519441360104
2020-06-08 16:00:00,10.13,18.518263569191046
2020-06-08 16:15:00,10.271,17.94156971461958
2020-06-08 16:30:00,9.778,18.100330615299022
2020-06-08 16:45:00,9.919,18.478572812843108
2020-06-08 17:00:00,9.919,18.555182482007464
2020-06-08 17:15:00,9.778,18.584962887578847
2020-06-08 17:30:00,9.497,19.590990138093083
2020-06-08 17:45:00,9.426,20.696719268986442
2020-06-08 18:00:00,8.934,20.27482824197962
2020-06-08 18:15:00,9.426,21.174406283553232
2020-06-08 18:30:00,9.638,23.137111100362866
2020-06-08 18:45:00,9.426,22.452713663118256
2020-06-08 19:00:00,9.004,21.586642802422894
2020-06-08 19:15:00,9.145,21.823170470087877
2020-06-08 19:30:00,9.215,20.299555196846146
2020-06-08 19:45:00,9.145,19.430286679145738
2020-06-08 20:00:00,9.356,18.6189909303234
2020-06-08 20:15:00,9.075,18.720491486786706
2020-06-08 20:30:00,8.864,18.181552347698013
2020-06-08 20:45:00,8.864,17.919985708834695
2020-06-08 21:00:00,8.864,17.926534412680393
2020-06-08 21:15:00,8.723,18.128220152683856
2020-06-08 21:30:00,8.653,18.282199261864815
2020-06-08 21:45:00,8.864,18.15301825842262
2020-06-08 22:00:00,9.075,18.44884716244608
2020-06-08 22:15:00,9.145,18.126042022431932
2020-06-08 22:30:00,8.864,18.27465837622005
2020-06-08 22:45:00,9.075,18.20808785545884
2020-06-08 23:00:00,8.723,18.23865588053518
2020-06-08 23:15:00,8.723,18.199142971724687
2020-06-08 23:30:00,8.653,18.336516080676823
2020-06-08 23:45:00,8.442,18.310152825941618
2020-06-09 00:00:00,8.864,18.33237328717483
2020-06-09 00:15:00,9.075,18.3917687757704
2020-06-09 00:30:00,9.075,18.507182615208517
2020-06-09 00:45:00,8.864,18.55696318517295
2020-06-09 01:00:00,8.864,18.47566175480434
2020-06-09 01:15:00,8.371,18.685753730345024
2020-06-09 01:30:00,8.512,18.70282154863965
2020-06-09 01:45:00,8.02,18.631483469155857
2020-06-09 02:00:00,8.301,18.644115662557386
2020-06-09 02:15:00,7.809,18.613737110645477
2020-06-09 02:30:00,8.02,18.368113882998237
2020-06-09 02:45:00,8.16,18.594311899247383
2020-06-09 03:00:00,8.02,18.152998220897384
2020-06-09 03:15:00,8.09,18.412025573968922
2020-06-09 03:30:00,8.16,18.418278287397627
2020-06-09 03:45:00,8.02,18.6113239264926
2020-06-09 04:00:00,8.02,18.845786625785625
2020-06-09 04:15:00,7.738,18.630845765127432
2020-06-09 04:30:00,8.09,18.636327589720853
2020-06-09 04:45:00,7.879,18.4028290992506
2020-06-09 05:00:00,8.16,18.421779173026856
2020-06-09 05:15:00,7.949,18.43525081182433
2020-06-09 05:30:00,8.09,18.561138200366738
2020-06-09 05:45:00,7.949,18.888143082715786
2020-06-09 06:00:00,8.16,18.88624843358783
2020-06-09 06:15:00,8.231,18.623425382674125
2020-06-09 06:30:00,8.02,18.20421190654957
2020-06-09 06:45:00,8.09,18.044587105917778
2020-06-09 07:00:00,8.16,18.355793295951703
2020-06-09 07:15:00,8.442,18.46144311536416
2020-06-09 07:30:00,8.301,18.177513520159827
2020-06-09 07:45:00,8.723,17.737936889461025
2020-06-09 08:00:00,8.512,17.555617176320208
2020-06-09 08:15:00,8.02,16.898684896755057
2020-06-09 08:30:00,8.02,16.505282959191966
2020-06-09 08:45:00,8.371,16.65965799325002
2020-06-09 09:00:00,8.442,16.605563949047855
2020-06-09 09:15:00,8.371,16.44822195382843
2020-06-09 09:30:00,8.301,15.95486165896104
2020-06-09 09:45:00,8.231,15.708582141185541
2020-06-09 10:00:00,6.824,15.64787231948146
2020-06-09 10:15:00,6.05,15.147681258238345
2020-06-09 10:30:00,5.557,15.127645416465175
2020-06-09 10:45:00,3.377,15.195585381124847
2020-06-09 11:00:00,3.025,14.85278884108061
2020-06-09 11:15:00,2.744,14.723171651698738
2020-06-09 11:30:00,2.251,15.030803586448746
2020-06-09 11:45:00,4.01,15.195198105518227
2020-06-09 12:00:00,4.15,15.057996810446047
2020-06-09 12:15:00,2.814,15.377493211859425
2020-06-09 12:30:00,2.814,15.934038080947289
2020-06-09 12:45:00,2.884,16.39554515765986
2020-06-09 13:00:00,3.939,17.08526483177496
2020-06-09 13:15:00,4.221,16.98909583016379
2020-06-09 13:30:00,4.713,17.10657750372743
2020-06-09 13:45:00,4.784,17.086262795836998
2020-06-09 14:00:00,4.784,17.631126479192265
2020-06-09 14:15:00,5.346,17.830665789512846
2020-06-09 14:30:00,5.768,17.56461717102039
2020-06-09 14:45:00,5.839,18.225743161139345
2020-06-09 15:00:00,5.768,17.908221866570784
2020-06-09 15:15:00,5.698,18.06329457153652
2020-06-09 15:30:00,5.768,18.31542328960218
2020-06-09 15:45:00,6.05,17.618016519326083
2020-06-09 16:00:00,6.683,17.93990398061458
2020-06-09 16:15:00,6.683,18.136764995701416
2020-06-09 16:30:00,6.613,18.044534497356224
2020-06-09 16:45:00,6.613,18.26054084197523
2020-06-09 17:00:00,6.894,18.23781206855183
2020-06-09 17:15:00,7.105,17.67625202255532
2020-06-09 17:30:00,6.964,17.597849478861704
2020-06-09 17:45:00,6.964,17.471598466185217
2020-06-09 18:00:00,7.035,17.55360761007728
2020-06-09 18:15:00,6.894,17.57693733687899
2020-06-09 18:30:00,6.472,17.63640187981765
2020-06-09 18:45:00,6.472,17.644930112398892
2020-06-09 19:00:00,6.402,17.634553164247794
2020-06-09 19:15:00,6.402,16.956448235936996
2020-06-09 19:30:00,6.402,16.99757977210297
2020-06-09 19:45:00,6.331,17.05037213369026
2020-06-09 20:00:00,6.331,16.736719068048
2020-06-09 20:15:00,6.402,16.217480099156827
2020-06-09 20:30:00,6.261,16.21100870092217
2020-06-09 20:45:00,5.979,16.016777462412584
2020-06-09 21:00:00,6.05,15.549028711449827
2020-06-09 21:15:00,6.191,15.717728217604627
2020-06-09 21:30:00,6.613,15.613435040224001
2020-06-09 21:45:00,6.824,15.361586531545031
2020-06-09 22:00:00,6.894,15.545580089759598
2020-06-09 22:15:00,6.824,15.567244788591882
2020-06-09 22:30:00,7.105,15.480159602766067
2020-06-09 22:45:00,7.457,15.496829653939699
2020-06-09 23:00:00,7.246,15.790641852390678
2020-06-09 23:15:00,6.964,15.653701614310254
2020-06-09 23:30:00,6.753,15.779475598520857
2020-06-09 23:45:00,6.261,15.878795917457778
2020-06-10 00:00:00,6.261,15.671689164717163
2020-06-10 00:15:00,6.261,15.771620144817794
2020-06-10 00:30:00,6.824,15.843439650233364
2020-06-10 00:45:00,6.753,15.885403515966713
2020-06-10 01:00:00,6.824,15.928336622259229
2020-06-10 01:15:00,7.105,15.84900474463484
2020-06-10 01:30:00,7.035,15.763648282940226
2020-06-10 01:45:00,7.246,15.767365048992271
2020-06-10 02:00:00,7.316,15.723919530039833
2020-06-10 02:15:00,7.386,15.800892198265784
2020-06-10 02:30:00,7.527,15.634286936835222
2020-06-10 02:45:00,7.386,15.514334710130571
2020-06-10 03:00:00,7.668,15.388860155153724
2020-06-10 03:15:00,7.668,15.756502966005687
2020-06-10 03:30:00,7.105,15.752153078849561
2020-06-10 03:45:00,7.316,15.582954464883617
2020-06-10 04:00:00,7.738,15.607209171268414
2020-06-10 04:15:00,7.457,15.56859982321053
2020-06-10 04:30:00,7.386,15.474305513947858
2020-06-10 04:45:00,7.457,15.422576907665528
2020-06-10 05:00:00,7.457,15.40020660010827
2020-06-10 05:15:00,7.457,15.323361534620826
2020-06-10 05:30:00,7.386,15.27258759520914
2020-06-10 05:45:00,7.527,15.304986547549115
2020-06-10 06:00:00,7.668,15.386487119929306
2020-06-10 06:15:00,8.02,15.530617908845404
2020-06-10 06:30:00,7.879,15.959347597231037
2020-06-10 06:45:00,8.16,15.780085342034617
2020-06-10 07:00:00,8.02,16.085441410912285
2020-06-10 07:15:00,7.879,16.84334096983228
2020-06-10 07:30:00,8.231,16.973358598954412
2020-06-10 07:45:00,8.512,16.95197556334572
2020-06-10 08:00:00,8.301,17.36957413795776
2020-06-10 08:15:00,8.301,16.58427724258176
2020-06-10 08:30:00,8.371,16.448003803571687
2020-06-10 08:45:00,8.02,16.688928359875
2020-06-10 09:00:00,8.16,16.809263614709433
2020-06-10 09:15:00,8.16,16.216579208685218
2020-06-10 09:30:00,8.02,16.045829856560815
2020-06-10 09:45:00,8.02,15.669571251234865
2020-06-10 10:00:00,8.09,15.728872049738671
2020-06-10 10:15:00,8.16,15.530818526061593
2020-06-10 10:30:00,8.16,15.373211239429844
2020-06-10 10:45:00,8.16,15.30827949200486
2020-06-10 11:00:00,8.09,15.217210643364675
2020-06-10 11:15:00,8.371,15.192725777018746
2020-06-10 11:30:00,8.371,15.320265627313438
2020-06-10 11:45:00,8.512,15.850988714049619
2020-06-10 12:00:00,8.371,15.601406391737918
2020-06-10 12:15:00,8.582,15.424229026226573
2020-06-10 12:30:00,8.934,15.730220140521112
2020-06-10 12:45:00,8.864,16.27375505831041
2020-06-10 13:00:00,8.934,16.671415595151256
2020-06-10 13:15:00,8.934,16.87903979531988
2020-06-10 13:30:00,9.426,16.923582886973183
2020-06-10 13:45:00,9.215,16.858261258027333
2020-06-10 14:00:00,9.426,16.98985465002208
2020-06-10 14:15:00,9.567,16.738983042760147
2020-06-10 14:30:00,9.075,16.5389360004658
2020-06-10 14:45:00,9.004,16.700663053868997
2020-06-10 15:00:00,9.567,16.916657652648507
2020-06-10 15:15:00,9.426,17.038319144707387
2020-06-10 15:30:00,9.638,16.790594893037756
2020-06-10 15:45:00,9.497,17.32672352089397
2020-06-10 16:00:00,9.989,17.423898862190903
2020-06-10 16:15:00,9.778,17.62956432429069
2020-06-10 16:30:00,9.567,17.588627451186518
2020-06-10 16:45:00,9.638,17.8068135891104
2020-06-10 17:00:00,9.286,18.00088405794515
2020-06-10 17:15:00,8.793,17.709857701152732
2020-06-10 17:30:00,9.286,18.25377504549199
2020-06-10 17:45:00,9.286,18.885867263860803
2020-06-10 18:00:00,9.286,18.89438976075393
2020-06-10 18:15:00,8.864,19.132171028993806
2020-06-10 18:30:00,9.075,19.825605936808618
2020-06-10 18:45:00,9.215,19.945342754236194
2020-06-10 19:00:00,9.145,19.825212677941483
2020-06-10 19:15:00,8.934,19.95022319670441
2020-06-10 19:30:00,9.004,19.94250521720609
2020-06-10 19:45:00,8.653,19.365836805012044
2020-06-10 20:00:00,8.442,19.138495876795165
2020-06-10 20:15:00,8.723,18.54519977799974
2020-06-10 20:30:00,8.512,18.01230270140977
2020-06-10 20:45:00,8.371,17.422046763563646
2020-06-10 21:00:00,8.723,16.32945487273111
2020-06-10 21:15:00,8.723,15.932520254656055
2020-06-10 21:30:00,8.512,15.26179625285541
2020-06-10 21:45:00,8.371,15.38822508678385
2020-06-10 22:00:00,8.442,14.74078449427739
2020-06-10 22:15:00,8.371,14.858414384334795
2020-06-10 22:30:00,8.231,14.81296964671719
2020-06-10 22:45:00,7.879,14.904001973200899
2020-06-10 23:00:00,8.231,15.014682984865738
2020-06-10 23:15:00,7.949,15.103721307709952
2020-06-10 23:30:00,7.809,15.335661478506568
2020-06-10 23:45:00,7.668,15.21751774889986
2020-06-11 00:00:00,8.301,15.71049863785173
2020-06-11 00:15:00,8.442,15.447893249806695
2020-06-11 00:30:00,7.879,15.546323984290362
2020-06-11 00:45:00,7.879,15.645237097155965
2020-06-11 01:00:00,7.879,15.583550950742602
2020-06-11 01:15:00,7.809,15.418841938196147
2020-06-11 01:30:00,7.949,15.410776337417623
2020-06-11 01:45:00,7.809,15.353643200860647
2020-06-11 02:00:00,7.809,15.456464334189665
2020-06-11 02:15:00,8.16,15.190261499877954
2020-06-11 02:30:00,8.02,15.469250595344056
2020-06-11 02:45:00,8.16,15.795720906361371
2020-06-11 03:00:00,7.809,15.723057449046967
2020-06-11 03:15:00,7.738,15.737406918284444
2020-06-11 03:30:00,8.16,15.67717968616116
2020-06-11 03:45:00,8.09,15.593602734274413
2020-06-11 04:00:00,7.949,15.622077068727808
2020-06-11 04:15:00,8.16,15.651873247462738
2020-06-11 04:30:00,8.02,16.011902730125733
2020-06-11 04:45:00,8.02,16.768926072813542
2020-06-11 05:00:00,7.949,17.086702660099068
2020-06-11 05:15:00,7.597,17.823516341523916
2020-06-11 05:30:00,7.879,17.92910756241226
2020-06-11 05:45:00,7.597,18.312750661459955
2020-06-11 06:00:00,8.16,19.421641838576832
2020-06-11 06:15:00,8.231,19.829321158095972
2020-06-11 06:30:00,8.582,20.0017157957297
2020-06-11 06:45:00,8.723,19.667370054218264
2020-06-11 07:00:00,8.512,19.436649548991177
2020-06-11 07:15:00,8.512,18.221857292826556
2020-06-11 07:30:00,8.512,19.353908670484522
2020-06-11 07:45:00,8.582,18.872096698515033
2020-06-11 08:00:00,9.075,19.249231487560102
2020-06-11 08:15:00,9.004,19.057401375895587
2020-06-11 08:30:00,8.934,18.933305804289038
2020-06-11 08:45:00,9.286,18.98700714460216
2020-06-11 09:00:00,9.075,18.869076578142366
2020-06-11 09:15:00,9.004,18.811222869008922
2020-06-11 09:30:00,8.934,18.845426841786594
2020-06-11 09:45:00,9.004,18.05522748383356
2020-06-11 10:00:00,9.004,17.663377811050577
2020-06-11 10:15:00,8.864,17.816384508402408
2020-06-11 10:30:00,9.075,18.273901247102916
2020-06-11 10:45:00,9.075,17.709728329375295
2020-06-11 11:00:00,9.075,17.54133271151083
2020-06-11 11:15:00,9.075,17.65504840331749
2020-06-11 11:30:00,9.145,17.71481232025494
2020-06-11 11:45:00,9.567,17.071312442331823
2020-06-11 12:00:00,9.567,17.458234609203014
2020-06-11 12:15:00,9.567,17.319941428731546
2020-06-11 12:30:00,9.778,17.616065005712738
2020-06-11 12:45:00,10.13,16.780618679188418
2020-06-11 13:00:00,10.2,16.541543838097915
2020-06-11 13:15:00,10.482,15.771145850722153
2020-06-11 13:30:00,10.271,16.01346824373611
2020-06-11 13:45:00,10.833,15.941060271157959
2020-06-11 14:00:00,11.044,16.248629877295954
2020-06-11 14:15:00,10.904,16.385438411083538
2020-06-11 14:30:00,11.537,16.15468793519511
2020-06-11 14:45:00,11.607,16.290091418593562
2020-06-11 15:00:00,12.029,16.386109311479295
2020-06-11 15:15:00,12.17,15.759301008603027
2020-06-11 15:30:00,12.1,15.887233342973632
2020-06-11 15:45:00,12.17,16.067051198870438
2020-06-11 16:00:00,12.17,16.157921360003336
2020-06-11 16:15:00,12.029,16.840588853733365
2020-06-11 16:30:00,12.17,17.260917521430805
2020-06-11 16:45:00,12.381,17.129100348117774
2020-06-11 17:00:00,12.311,17.45704639924573
2020-06-11 17:15:00,11.889,17.941628472613413
2020-06-11 17:30:00,11.326,19.572196796075392
2020-06-11 17:45:00,10.904,19.19855893148996
2020-06-11 18:00:00,10.552,19.198127328198513
2020-06-11 18:15:00,10.482,19.8804738924466
2020-06-11 18:30:00,10.693,20.638093194880252
2020-06-11 18:45:00,10.693,20.679809787231857
2020-06-11 19:00:00,10.904,20.93730666532065
2020-06-11 19:15:00,10.482,20.894331680699445
2020-06-11 19:30:00,10.2,20.037624034806143
2020-06-11 19:45:00,10.271,19.767663609863536
2020-06-11 20:00:00,10.271,18.680396324802686
2020-06-11 20:15:00,10.06,18.972164173501287
2020-06-11 20:30:00,10.13,17.949456314169392
2020-06-11 20:45:00,10.13,18.56185869712585
2020-06-11 21:00:00,10.271,17.5083480005001
2020-06-11 21:15:00,10.2,17.709194643395
2020-06-11 21:30:00,10.13,16.69421916709838
2020-06-11 21:45:00,9.778,16.883326462568412
2020-06-11 22:00:00,9.778,17.18667774699831
2020-06-11 22:15:00,9.849,16.695492496682665
2020-06-11 22:30:00,9.849,18.079935387103436
2020-06-11 22:45:00,9.708,18.27928702573461
2020-06-11 23:00:00,9.849,19.618315279659644
2020-06-11 23:15:00,10.13,19.56060257218968
2020-06-11 23:30:00,9.919,20.408935881972404
2020-06-11 23:45:00,10.13,19.096452149718914
2020-06-12 00:00:00,10.06,18.82758612290436
2020-06-12 00:15:00,9.778,18.15093119697838
2020-06-12 00:30:00,9.638,17.088125955284877
2020-06-12 00:45:00,9.849,16.57814306686741
2020-06-12 01:00:00,9.778,16.237686339636795
2020-06-12 01:15:00,9.778,15.910959737098592
2020-06-12 01:30:00,9.708,15.81220946707203
2020-06-12 01:45:00,9.426,15.816473713168733
2020-06-12 02:00:00,9.497,16.10375408218362
2020-06-12 02:15:00,9.638,16.23219054316166
2020-06-12 02:30:00,9.497,16.30345363676616
2020-06-12 02:45:00,9.778,16.378177888076028
2020-06-12 03:00:00,9.849,16.10889871238073
2020-06-12 03:15:00,9.497,15.790402465881463
2020-06-12 03:30:00,9.778,15.701539787074362
2020-06-12 03:45:00,9.778,15.536656278089369
2020-06-12 04:00:00,9.708,15.843359690588686
2020-06-12 04:15:00,9.638,15.719219815823921
2020-06-12 04:30:00,9.638,15.701494643178998
2020-06-12 04:45:00,9.356,15.97899544922387
2020-06-12 05:00:00,9.497,16.16630546365821
2020-06-12 05:15:00,9.215,16.860836027280975
2020-06-12 05:30:00,9.356,17.81420078578163
2020-06-12 05:45:00,9.145,18.13041062827531
2020-06-12 06:00:00,9.567,18.814709053890283
2020-06-12 06:15:00,9.778,20.2409915505819
2020-06-12 06:30:00,10.13,21.2985015372601
2020-06-12 06:45:00,10.13,22.232309306241895
2020-06-12 07:00:00,10.341,22.036126062068217
2020-06-12 07:15:00,10.693,21.900459901843398
2020-06-12 07:30:00,10.763,21.962442160419098
2020-06-12 07:45:00,10.622,22.30215858242121
2020-06-12 08:00:00,10.411,21.273968316764307
2020-06-12 08:15:00,10.2,20.63664242425337
2020-06-12 08:30:00,10.341,19.542434929291492
2020-06-12 08:45:00,10.552,19.221763400080214
2020-06-12 09:00:00,10.622,19.372972714362483
2020-06-12 09:15:00,10.341,19.410415822138184
2020-06-12 09:30:00,10.482,18.96157256747034
2020-06-12 09:45:00,10.06,18.73950516778588
2020-06-12 10:00:00,10.271,18.859716589726478
2020-06-12 10:15:00,10.482,18.7991505850862
2020-06-12 10:30:00,10.622,18.894308200449792
2020-06-12 10:45:00,10.622,18.652979509997827
2020-06-12 11:00:00,10.341,18.90872882419046
2020-06-12 11:15:00,10.271,18.49118036404295
2020-06-12 11:30:00,10.271,18.864386657943488
2020-06-12 11:45:00,10.552,19.24586348426607
2020-06-12 12:00:00,10.833,18.8479285710478
2020-06-12 12:15:00,10.974,18.94887363650236
2020-06-12 12:30:00,11.396,18.80028850409145
2020-06-12 12:45:00,11.326,18.011184886618988
2020-06-12 13:00:00,11.537,17.34313238963549
2020-06-12 13:15:00,12.029,16.75106394483114
2020-06-12 13:30:00,11.889,17.256204633762753
2020-06-12 13:45:00,11.678,17.101217483468606
2020-06-12 14:00:00,12.1,17.30278067900806
2020-06-12 14:15:00,13.085,17.394524125944358
2020-06-12 14:30:00,12.944,17.53852103287981
2020-06-12 14:45:00,13.085,18.077139521095194
2020-06-12 15:00:00,13.577,18.05334335262476
2020-06-12 15:15:00,13.858,17.62373393830629
2020-06-12 15:30:00,14.21,17.457715452695023
2020-06-12 15:45:00,14.351,17.618337274403324
2020-06-12 16:00:00,14.28,17.999609338146694
2020-06-12 16:15:00,14.491,17.58417445482052
2020-06-12 16:30:00,14.421,17.514503749439655
2020-06-12 16:45:00,14.069,18.07464873644735
2020-06-12 17:00:00,13.507,18.094736914478734
2020-06-12 17:15:00,13.296,17.246239114253534
2020-06-12 17:30:00,13.718,18.162037463101107
2020-06-12 17:45:00,13.718,18.8976379586102
2020-06-12 18:00:00,13.929,19.218994381025883
2020-06-12 18:15:00,13.225,19.844916178589298
2020-06-12 18:30:00,12.24,19.90818144783215
2020-06-12 18:45:00,12.029,19.897166422758513
2020-06-12 19:00:00,12.029,20.380964736958912
2020-06-12 19:15:00,11.748,20.568649380101814
2020-06-12 19:30:00,11.818,20.278759220116626
2020-06-12 19:45:00,11.748,19.34344155279962
2020-06-12 20:00:00,11.678,18.85133722482796
2020-06-12 20:15:00,11.467,18.920422801994548
2020-06-12 20:30:00,11.326,18.195013272196338
2020-06-12 20:45:00,10.974,17.427835539279744
2020-06-12 21:00:00,11.044,17.12930489437197
2020-06-12 21:15:00,11.044,16.79293994281227
2020-06-12 21:30:00,10.833,16.549408715649214
2020-06-12 21:45:00,10.833,16.37556408697562
2020-06-12 22:00:00,10.904,16.54657764880114
2020-06-12 22:15:00,10.833,16.181021393600236
2020-06-12 22:30:00,11.115,16.381405419920576
2020-06-12 22:45:00,11.115,16.475900472252935
2020-06-12 23:00:00,11.185,16.353245440274105
2020-06-12 23:15:00,11.044,16.261964605863874
2020-06-12 23:30:00,10.974,16.396011195086093
2020-06-12 23:45:00,10.904,16.47845247768578
2020-06-13 00:00:00,11.185,15.861977943260184
2020-06-13 00:15:00,11.044,16.07248748377722
2020-06-13 00:30:00,10.833,15.784258621873455
2020-06-13 00:45:00,10.833,15.870386465692082
2020-06-13 01:00:00,10.763,15.804062591661651
2020-06-13 01:15:00,10.974,15.785590789613929
2020-06-13 01:30:00,10.904,15.93338503697999
2020-06-13 01:45:00,11.044,15.723167127903368
2020-06-13 02:00:00,10.904,15.79330047338336
2020-06-13 02:15:00,10.833,15.436558905555716
2020-06-13 02:30:00,10.833,15.477411523359386
2020-06-13 02:45:00,11.044,15.620868365650265
2020-06-13 03:00:00,10.833,15.629922525044075
2020-06-13 03:15:00,10.833,15.537528062278513
2020-06-13 03:30:00,10.833,15.440459685885862
2020-06-13 03:45:00,10.833,15.546770299629253
2020-06-13 04:00:00,10.833,15.419641586795882
2020-06-13 04:15:00,10.833,15.542245556215722
2020-06-13 04:30:00,10.904,15.844766209089807
2020-06-13 04:45:00,10.974,15.504963234451347
2020-06-13 05:00:00,10.622,16.00469561338377
2020-06-13 05:15:00,10.2,15.668669439852998
2020-06-13 05:30:00,10.13,15.734657645127703
2020-06-13 05:45:00,10.622,16.01833958872659
2020-06-13 06:00:00,10.974,16.369415546284937
2020-06-13 06:15:00,11.185,16.142616595597637
2020-06-13 06:30:00,11.537,16.390633023541188
2020-06-13 06:45:00,11.256,17.060447889309238
2020-06-13 07:00:00,11.467,17.420940674936208
2020-06-13 07:15:00,11.326,17.257592274501192
2020-06-13 07:30:00,11.678,18.05718888899428
2020-06-13 07:45:00,11.748,18.436078658281357
2020-06-13 08:00:00,11.818,18.36081772687071
2020-06-13 08:15:00,11.678,18.935120641789347
2020-06-13 08:30:00,11.678,18.811529564679287
2020-06-13 08:45:00,11.607,19.355769330629457
2020-06-13 09:00:00,11.185,19.54764933572433
2020-06-13 09:15:00,11.115,19.206097341559182
2020-06-13 09:30:00,11.467,19.654396053178598
2020-06-13 09:45:00,11.467,19.411592774079757
2020-06-13 10:00:00,11.185,19.431830598540433
2020-06-13 10:15:00,11.044,19.321765134661046
2020-06-13 10:30:00,11.537,19.41049329630838
2020-06-13 10:45:00,11.607,18.848659228623635
2020-06-13 11:00:00,11.537,18.578726155521576
2020-06-13 11:15:00,11.818,18.350860922440972
2020-06-13 11:30:00,11.396,17.79791580642135
2020-06-13 11:45:00,11.678,18.24881669618908
2020-06-13 12:00:00,11.326,18.190318596663754
2020-06-13 12:15:00,11.818,18.58967827217008
2020-06-13 12:30:00,11.889,18.569098619977424
2020-06-13 12:45:00,12.311,18.800162744045778
2020-06-13 13:00:00,12.311,18.78072867412173
2020-06-13 13:15:00,12.874,19.10239989696222
2020-06-13 13:30:00,13.155,18.980366684145753
2020-06-13 13:45:00,13.225,18.603418594493498
2020-06-13 14:00:00,13.296,18.649715266460056
2020-06-13 14:15:00,13.647,18.24118314512858
2020-06-13 14:30:00,13.225,18.116296271340946
2020-06-13 14:45:00,13.718,18.298219694317062
2020-06-13 15:00:00,14.14,18.920113119909026
2020-06-13 15:15:00,14.21,18.33478159128078
2020-06-13 15:30:00,14.351,18.170449730260486
2020-06-13 15:45:00,14.632,18.389256053804708
2020-06-13 16:00:00,14.351,18.379543968632916
2020-06-13 16:15:00,14.28,18.112008006542393
2020-06-13 16:30:00,14.28,18.092081094294752
2020-06-13 16:45:00,14.21,18.227801918667218
2020-06-13 17:00:00,13.647,18.25800514149167
2020-06-13 17:15:00,13.507,18.317206460853402
2020-06-13 17:30:00,13.085,18.51969501241712
2020-06-13 17:45:00,12.662,18.73112313317494
2020-06-13 18:00:00,12.592,19.335980933601956
2020-06-13 18:15:00,12.17,19.256870780550877
2020-06-13 18:30:00,11.678,18.868859018612817
2020-06-13 18:45:00,11.748,18.89732910728794
2020-06-13 19:00:00,11.678,19.100319557592456
2020-06-13 19:15:00,11.185,19.22667213352601
2020-06-13 19:30:00,10.974,18.57466685586524
2020-06-13 19:45:00,11.115,18.45021880267318
2020-06-13 20:00:00,10.904,18.102388353895396
2020-06-13 20:15:00,10.904,16.691414817321572
2020-06-13 20:30:00,10.833,16.835678431057556
2020-06-13 20:45:00,10.622,16.781285654866064
2020-06-13 21:00:00,10.693,16.320617929888325
2020-06-13 21:15:00,10.763,16.443586270210176
2020-06-13 21:30:00,10.974,16.368239537564232
2020-06-13 21:45:00,10.833,16.215127534807507
2020-06-13 22:00:00,10.552,15.881859663237943
2020-06-13 22:15:00,10.763,15.528256664779878
2020-06-13 22:30:00,10.552,15.492306009416007
2020-06-13 22:45:00,10.482,15.32802027559497
2020-06-13 23:00:00,10.552,15.399850202720677
2020-06-13 23:15:00,10.552,15.489781335093141
2020-06-13 23:30:00,10.552,15.422686225774937
2020-06-13 23:45:00,10.622,15.693918808007483
2020-06-14 00:00:00,10.904,15.893526557339522
2020-06-14 00:15:00,10.904,15.87475822064282
2020-06-14 00:30:00,10.904,15.851112496602806
2020-06-14 00:45:00,10.833,15.961954776329295
2020-06-14 01:00:00,10.904,15.990773456798395
2020-06-14 01:15:00,10.833,15.914321521455586
2020-06-14 01:30:00,10.833,15.88000533537879
2020-06-14 01:45:00,10.833,15.742006333098482
2020-06-14 02:00:00,10.693,15.949685227125334
2020-06-14 02:15:00,10.833,15.84771621760427
2020-06-14 02:30:00,10.763,15.912999470996846
2020-06-14 02:45:00,10.833,15.863810840050355
2020-06-14 03:00:00,10.974,15.845568473359167
2020-06-14 03:15:00,10.974,15.848209484623519
2020-06-14 03:30:00,10.763,15.746720771672916
2020-06-14 03:45:00,10.974,15.964553050430398
2020-06-14 04:00:00,11.115,16.10482739253585
2020-06-14 04:15:00,10.974,16.135475851721722
2020-06-14 04:30:00,10.974,16.053006926287242
2020-06-14 04:45:00,11.044,15.99792321343057
2020-06-14 05:00:00,10.833,16.242969852342977
2020-06-14 05:15:00,10.622,16.105263149362262
2020-06-14 05:30:00,10.904,16.136945526112562
2020-06-14 05:45:00,10.904,16.20619518608205
2020-06-14 06:00:00,10.974,16.07351255848998
2020-06-14 06:15:00,10.763,16.623346900586185
2020-06-14 06:30:00,11.115,16.588065750953927
2020-06-14 06:45:00,11.115,16.652243858436783
2020-06-14 07:00:00,10.904,16.629690274396168
2020-06-14 07:15:00,10.833,17.058818260288735
2020-06-14 07:30:00,10.622,17.643280117807596
2020-06-14 07:45:00,10.974,17.763980936296907
2020-06-14 08:00:00,11.115,18.086742896316522
2020-06-14 08:15:00,11.818,18.52016246721966
2020-06-14 08:30:00,11.537,18.298606546478595
2020-06-14 08:45:00,11.537,18.109636327673737
2020-06-14 09:00:00,11.115,17.17527401923753
2020-06-14 09:15:00,10.974,16.980340206442694
2020-06-14 09:30:00,10.974,16.74429570234151
2020-06-14 09:45:00,11.326,16.45706071488943
2020-06-14 10:00:00,11.185,16.19306988241341
2020-06-14 10:15:00,11.326,16.256300041430478
2020-06-14 10:30:00,11.185,16.237049515854803
2020-06-14 10:45:00,10.974,16.226771188239276
2020-06-14 11:00:00,11.256,16.828932296920794
2020-06-14 11:15:00,11.326,16.909423889748712
2020-06-14 11:30:00,11.044,17.02838770577594
2020-06-14 11:45:00,11.326,17.02236915949813
2020-06-14 12:00:00,11.185,16.899171026162723
2020-06-14 12:15:00,11.467,16.749032815791143
2020-06-14 12:30:00,11.537,16.645596841150628
2020-06-14 12:45:00,11.537,17.113772884974953
2020-06-14 13:00:00,11.818,17.333153873946454
2020-06-14 13:15:00,12.1,17.286306895437082
2020-06-14 13:30:00,12.24,17.36745707382969
2020-06-14 13:45:00,12.451,17.69251104121406
2020-06-14 14:00:00,13.296,17.850144141962016
2020-06-14 14:15:00,13.225,18.50858240687826
2020-06-14 14:30:00,13.296,18.65589796263232
2020-06-14 14:45:00,13.366,18.46269615809469
2020-06-14 15:00:00,13.577,18.51708114529621
2020-06-14 15:15:00,13.788,18.632403807703902
2020-06-14 15:30:00,13.436,18.852819019842
2020-06-14 15:45:00,13.296,18.63904069287348
2020-06-14 16:00:00,13.225,18.78463020407069
2020-06-14 16:15:00,13.507,19.02816842449605
2020-06-14 16:30:00,13.225,18.692354116913716
2020-06-14 16:45:00,13.436,18.275912615516724
2020-06-14 17:00:00,13.085,18.214997285537954
2020-06-14 17:15:00,12.451,18.225905396455246
2020-06-14 17:30:00,12.029,18.466545416078734
2020-06-14 17:45:00,11.537,18.753642953927123
2020-06-14 18:00:00,11.467,18.963182262359272
2020-06-14 18:15:00,11.256,19.465339716822715
2020-06-14 18:30:00,11.326,19.385508656833267
2020-06-14 18:45:00,11.326,18.940965260807037
2020-06-14 19:00:00,11.326,18.96648644537317
2020-06-14 19:15:00,11.678,18.466563811299128
2020-06-14 19:30:00,11.326,18.25047470124902
2020-06-14 19:45:00,11.396,18.6706785677678
2020-06-14 20:00:00,11.326,18.087370620980423
2020-06-14 20:15:00,11.256,17.982485483677177
2020-06-14 20:30:00,11.396,17.6940524587829
2020-06-14 20:45:00,11.396,17.729812663106237
2020-06-14 21:00:00,11.185,16.559634183045706
2020-06-14 21:15:00,10.974,16.299942326410815
2020-06-14 21:30:00,11.256,16.150075268539265
2020-06-14 21:45:00,11.396,15.620095454793448
2020-06-14 22:00:00,11.326,15.395264512749751
2020-06-14 22:15:00,11.115,16.031334212900507
2020-06-14 22:30:00,10.833,15.80256532716811
2020-06-14 22:45:00,10.974,16.07720399116916
2020-06-14 23:00:00,10.622,16.483663759091826
2020-06-14 23:15:00,10.341,16.026865140645093
2020-06-14 23:30:00,10.341,16.009852223906243
2020-06-14 23:45:00,10.341,16.071850673999272
2020-06-15 00:00:00,10.2,16.112033094155347
2020-06-15 00:15:00,10.271,16.005021748991272
2020-06-15 00:30:00,10.2,15.909515329862298
2020-06-15 00:45:00,10.2,16.15885277090754
2020-06-15 01:00:00,10.2,16.248640250306135
2020-06-15 01:15:00,10.13,15.960348944979916
2020-06-15 01:30:00,9.919,15.862865102196091
2020-06-15 01:45:00,9.989,15.72317261229537
2020-06-15 02:00:00,9.849,15.622565039509757
2020-06-15 02:15:00,9.849,15.58913573711442
2020-06-15 02:30:00,9.919,15.969725875468304
2020-06-15 02:45:00,9.849,15.825844794031797
2020-06-15 03:00:00,10.13,15.856997396465305
2020-06-15 03:15:00,10.341,15.549317696291109
2020-06-15 03:30:00,10.904,15.585250399909135
2020-06-15 03:45:00,10.904,15.47986989841496
2020-06-15 04:00:00,10.974,15.421302915929617
2020-06-15 04:15:00,10.833,15.569098349701653
2020-06-15 04:30:00,10.763,15.568707888910975
2020-06-15 04:45:00,10.411,15.505346908248042
2020-06-15 05:00:00,10.2,15.763485193551656
2020-06-15 05:15:00,10.271,16.328108456961715
2020-06-15 05:30:00,10.411,15.816803597749814
2020-06-15 05:45:00,10.552,16.317898651620666
2020-06-15 06:00:00,10.833,16.486190431990728
2020-06-15 06:15:00,11.115,16.734982111603326
2020-06-15 06:30:00,11.607,16.33018713075967
2020-06-15 06:45:00,11.185,17.15475523511365
2020-06-15 07:00:00,11.115,17.364843735396747
2020-06-15 07:15:00,10.974,18.095813619029204
2020-06-15 07:30:00,10.974,17.60676584539136
2020-06-15 07:45:00,10.904,18.874040381582805
2020-06-15 08:00:00,11.537,19.319296737411907
2020-06-15 08:15:00,11.256,19.14734243242048
2020-06-15 08:30:00,11.044,19.01836004717165
2020-06-15 08:45:00,11.044,19.43164157958005
2020-06-15 09:00:00,10.552,18.483629721079872
2020-06-15 09:15:00,10.552,18.80467462522885
2020-06-15 09:30:00,10.2,18.373804935065483
2020-06-15 09:45:00,10.06,18.103557457080502
2020-06-15 10:00:00,10.482,17.61257138773504
2020-06-15 10:15:00,10.482,17.53631199622234
2020-06-15 10:30:00,10.411,17.736476168948617
2020-06-15 10:45:00,10.341,17.772219529414834
2020-06-15 11:00:00,10.341,17.500594592224626
2020-06-15 11:15:00,10.482,17.35760715941813
2020-06-15 11:30:00,10.622,17.41274943753929
2020-06-15 11:45:00,10.763,17.553632483303673
2020-06-15 12:00:00,10.904,17.85374740736488
2020-06-15 12:15:00,10.904,17.6118198314367
2020-06-15 12:30:00,10.763,17.766874545131788
2020-06-15 12:45:00,10.833,18.07005638102707
2020-06-15 13:00:00,11.115,18.459122831288706
2020-06-15 13:15:00,10.974,19.0388450863109
2020-06-15 13:30:00,11.256,18.8146466054145
2020-06-15 13:45:00,11.678,18.882021946464757
2020-06-15 14:00:00,11.256,18.8918876034676
2020-06-15 14:15:00,11.326,18.880230312736547
2020-06-15 14:30:00,11.607,18.985483315376324
2020-06-15 14:45:00,11.537,19.084380336625568
2020-06-15 15:00:00,11.818,19.284913876216287
2020-06-15 15:15:00,12.029,19.30376554084625
2020-06-15 15:30:00,11.889,19.243521194208494
2020-06-15 15:45:00,11.889,19.163316563270875
2020-06-15 16:00:00,12.381,19.42979859747005
2020-06-15 16:15:00,12.311,19.30568682241218
2020-06-15 16:30:00,12.24,19.490977139924677
2020-06-15 16:45:00,12.24,19.555887814799586
2020-06-15 17:00:00,11.959,19.929187937482652
2020-06-15 17:15:00,11.326,20.30399440216661
2020-06-15 17:30:00,11.467,20.439123385803498
2020-06-15 17:45:00,11.748,20.56040345846451
2020-06-15 18:00:00,11.748,20.56190601497156
2020-06-15 18:15:00,11.748,20.9820617982622
2020-06-15 18:30:00,11.326,20.74246262218475
2020-06-15 18:45:00,10.974,20.43426497644641
2020-06-15 19:00:00,10.482,20.447471697715702
2020-06-15 19:15:00,10.271,20.41409240688813
2020-06-15 19:30:00,10.06,20.072663069641088
2020-06-15 19:45:00,9.919,19.86867494636732
2020-06-15 20:00:00,9.849,18.809062448814412
2020-06-15 20:15:00,9.708,17.418249849200038
2020-06-15 20:30:00,9.778,17.474725328776053
2020-06-15 20:45:00,9.567,17.55125663180246
2020-06-15 21:00:00,9.426,16.960160538699736
2020-06-15 21:15:00,9.356,15.891117340001696
2020-06-15 21:30:00,9.426,16.08252070643105
2020-06-15 21:45:00,9.356,16.37755004046859
2020-06-15 22:00:00,9.497,15.531398084658752
2020-06-15 22:15:00,9.356,16.214235761261623
2020-06-15 22:30:00,9.497,16.751954874829686
2020-06-15 22:45:00,9.426,16.127046105310136
2020-06-15 23:00:00,9.426,16.40328226239118
2020-06-15 23:15:00,9.567,16.522825559768854
2020-06-15 23:30:00,9.286,16.71728853160569
2020-06-15 23:45:00,9.356,16.05065074646116
2020-06-16 00:00:00,9.215,16.263973012583918
2020-06-16 00:15:00,9.145,16.28949928578628
2020-06-16 00:30:00,9.215,16.064438260029597
2020-06-16 00:45:00,9.215,15.897523893194771
2020-06-16 01:00:00,9.286,15.804943028843024
2020-06-16 01:15:00,9.286,15.748063853443512
2020-06-16 01:30:00,9.145,15.689796294416839
2020-06-16 01:45:00,9.075,15.68079518602899
2020-06-16 02:00:00,9.004,15.632724202623479
2020-06-16 02:15:00,8.723,15.815855513249527
2020-06-16 02:30:00,8.934,15.750500452078937
2020-06-16 02:45:00,8.864,15.602722737343624
2020-06-16 03:00:00,8.864,15.397424767228038
2020-06-16 03:15:00,8.512,15.395781925754765
2020-06-16 03:30:00,8.582,15.343913752876121
2020-06-16 03:45:00,8.653,15.245553837311578
2020-06-16 04:00:00,8.512,15.399170618889148
2020-06-16 04:15:00,8.582,15.844114019544
2020-06-16 04:30:00,8.442,15.8299542880988
2020-06-16 04:45:00,8.442,15.852254022893996
2020-06-16 05:00:00,8.512,15.587580779712892
2020-06-16 05:15:00,8.512,15.69568240652199
2020-06-16 05:30:00,8.512,16.05551153447008
2020-06-16 05:45:00,8.371,15.889116140359329
2020-06-16 06:00:00,8.582,16.11252332600211
2020-06-16 06:15:00,8.512,15.838630230613507
2020-06-16 06:30:00,8.723,16.246922481105663
2020-06-16 06:45:00,8.582,16.852199500377246
2020-06-16 07:00:00,8.793,17.256754076854765
2020-06-16 07:15:00,9.004,17.58164312709774
2020-06-16 07:30:00,9.004,18.02239850400631
2020-06-16 07:45:00,9.004,18.81817188446759
2020-06-16 08:00:00,9.426,19.548426464581805
2020-06-16 08:15:00,9.426,19.905372462912226
2020-06-16 08:30:00,8.864,18.838471279901544
2020-06-16 08:45:00,8.723,18.59590347485733
2020-06-16 09:00:00,8.723,19.17040923197069
2020-06-16 09:15:00,8.723,18.795633789430948
2020-06-16 09:30:00,8.723,18.581484551888074
2020-06-16 09:45:00,8.934,17.51166088982069
2020-06-16 10:00:00,9.145,17.936036360211194
2020-06-16 10:15:00,9.145,18.026631171610685
2020-06-16 10:30:00,8.864,17.666182902933702
2020-06-16 10:45:00,8.934,18.196299194395728
2020-06-16 11:00:00,9.004,18.924918095651936
2020-06-16 11:15:00,8.934,19.110510533071103
2020-06-16 11:30:00,9.004,20.057667494524942
2020-06-16 11:45:00,9.145,20.580113969572945
2020-06-16 12:00:00,9.215,19.90157622991519
2020-06-16 12:15:00,9.286,19.695663351389843
2020-06-16 12:30:00,9.426,19.40998069845613
2020-06-16 12:45:00,9.497,18.825536971516833
2020-06-16 13:00:00,9.426,18.709654246819564
2020-06-16 13:15:00,9.497,19.104793499732615
2020-06-16 13:30:00,9.778,18.90732284691164
2020-06-16 13:45:00,9.989,19.03457154960268
2020-06-16 14:00:00,10.13,19.28894176110803
2020-06-16 14:15:00,10.2,18.730003305460862
2020-06-16 14:30:00,10.552,19.05979891317765
2020-06-16 14:45:00,10.693,18.71975758583636
2020-06-16 15:00:00,10.763,18.877048998516404
2020-06-16 15:15:00,10.763,18.83673643473273
2020-06-16 15:30:00,10.833,19.068862306186187
2020-06-16 15:45:00,10.622,19.038648963366803
2020-06-16 16:00:00,10.552,19.058134722008766
2020-06-16 16:15:00,10.13,18.93911017374115
2020-06-16 16:30:00,10.341,19.25838679676046
2020-06-16 16:45:00,10.271,19.410857193889342
2020-06-16 17:00:00,9.919,19.054451954018017
2020-06-16 17:15:00,9.708,19.84336555397356
2020-06-16 17:30:00,9.708,19.767779426488282
2020-06-16 17:45:00,9.567,20.24067175673474
2020-06-16 18:00:00,9.356,20.506328783518924
2020-06-16 18:15:00,9.497,20.38058643282887
2020-06-16 18:30:00,9.215,21.17136426904904
2020-06-16 18:45:00,9.567,20.583746944273447
2020-06-16 19:00:00,9.215,21.21137464364323
2020-06-16 19:15:00,9.075,20.724064812392037
2020-06-16 19:30:00,8.793,21.377490755298957
2020-06-16 19:45:00,8.864,23.47254100091127
2020-06-16 20:00:00,9.215,21.384748026608243
2020-06-16 20:15:00,8.934,20.471426133073876
2020-06-16 20:30:00,8.723,18.670864987372873
2020-06-16 20:45:00,8.512,18.35110971665241
2020-06-16 21:00:00,8.442,16.411342848773554
2020-06-16 21:15:00,8.442,16.322145582965376
2020-06-16 21:30:00,8.371,16.58369329303884
2020-06-16 21:45:00,8.442,16.972723981655044
2020-06-16 22:00:00,8.512,16.88395626139883
2020-06-16 22:15:00,8.16,17.41564361131116
2020-06-16 22:30:00,8.371,17.51718776585062
2020-06-16 22:45:00,8.371,17.227641767624842
2020-06-16 23:00:00,8.301,16.992756180168634
2020-06-16 23:15:00,8.231,16.682200897934592
2020-06-16 23:30:00,8.442,16.130375264019975
2020-06-16 23:45:00,8.371,15.876005482021133
2020-06-17 00:00:00,8.16,16.085707407725103
2020-06-17 00:15:00,8.301,16.044001342140675
2020-06-17 00:30:00,8.16,15.703556059153353
2020-06-17 00:45:00,8.371,16.145444707922294
2020-06-17 01:00:00,8.512,16.169926639803222
2020-06-17 01:15:00,8.301,15.930029376781398
2020-06-17 01:30:00,8.16,16.27914468333894
2020-06-17 01:45:00,8.231,16.223901145304932
2020-06-17 02:00:00,8.02,16.152879785017213
2020-06-17 02:15:00,8.09,16.224992252344784
2020-06-17 02:30:00,8.371,16.27900676993858
2020-06-17 02:45:00,8.301,16.091323324288457
2020-06-17 03:00:00,8.02,16.13960041989262
2020-06-17 03:15:00,8.02,16.085295617086427
2020-06-17 03:30:00,8.09,15.976442526996141
2020-06-17 03:45:00,8.16,16.07172853657393
2020-06-17 04:00:00,8.02,15.889183682769373
2020-06-17 04:15:00,7.738,15.71709665332972
2020-06-17 04:30:00,7.668,15.784069883288067
2020-06-17 04:45:00,7.949,15.98346921037493
2020-06-17 05:00:00,7.949,16.79574782966107
2020-06-17 05:15:00,7.879,17.63380154302272
2020-06-17 05:30:00,7.809,17.883730349794778
2020-06-17 05:45:00,7.809,18.819612310030152
2020-06-17 06:00:00,7.668,19.377945849867885
2020-06-17 06:15:00,8.231,19.3787947435917
2020-06-17 06:30:00,8.09,18.920332573002188
2020-06-17 06:45:00,8.09,20.272339039689655
2020-06-17 07:00:00,7.949,19.13032707803585
2020-06-17 07:15:00,7.738,19.724155111724528
2020-06-17 07:30:00,7.809,19.782302084665957
2020-06-17 07:45:00,8.02,19.621529078897883
2020-06-17 08:00:00,8.231,18.952174170108773
2020-06-17 08:15:00,8.231,19.56137961396591
2020-06-17 08:30:00,7.879,19.696409841668462
2020-06-17 08:45:00,8.09,18.902437216713363
2020-06-17 09:00:00,8.371,18.64358163022608
2020-06-17 09:15:00,8.371,17.906693690697413
2020-06-17 09:30:00,8.442,17.575289960133098
2020-06-17 09:45:00,8.582,17.241928394156442
2020-06-17 10:00:00,8.442,17.00361780953575
2020-06-17 10:15:00,8.512,17.442364920123147
2020-06-17 10:30:00,8.582,17.865525076606307
2020-06-17 10:45:00,8.723,17.54719766851787
2020-06-17 11:00:00,8.653,17.395349230357404
2020-06-17 11:15:00,9.004,17.785664342959155
2020-06-17 11:30:00,9.356,17.23288342536821
2020-06-17 11:45:00,9.145,17.136334016924234
2020-06-17 12:00:00,9.286,17.171251655781685
2020-06-17 12:15:00,9.426,17.06830829293522
2020-06-17 12:30:00,9.567,16.97390104139649
2020-06-17 12:45:00,10.06,17.34034068448652
2020-06-17 13:00:00,10.271,18.105433286216748
2020-06-17 13:15:00,10.693,18.04038167861543
2020-06-17 13:30:00,10.833,18.629190176991628
2020-06-17 13:45:00,10.904,18.671002815238246
2020-06-17 14:00:00,11.326,18.772880009826434
2020-06-17 14:15:00,11.678,19.518263298321507
2020-06-17 14:30:00,11.818,19.235984462876235
2020-06-17 14:45:00,11.889,19.081913357785027
2020-06-17 15:00:00,12.451,19.446804048612737
2020-06-17 15:15:00,12.17,19.29377573120772
2020-06-17 15:30:00,12.24,19.318311970534992
2020-06-17 15:45:00,12.451,18.938615054251464
2020-06-17 16:00:00,12.381,19.60344098764587
2020-06-17 16:15:00,12.381,19.594642410771748
2020-06-17 16:30:00,12.029,19.44132549537601
2020-06-17 16:45:00,12.24,19.596205544725898
2020-06-17 17:00:00,11.537,19.771277717649493
2020-06-17 17:15:00,11.396,18.8234061181068
2020-06-17 17:30:00,11.537,19.6130155282669
2020-06-17 17:45:00,11.467,19.293910078000568
2020-06-17 18:00:00,11.326,19.20878669278275
2020-06-17 18:15:00,11.115,19.02464993686293
2020-06-17 18:30:00,10.974,19.14598058834493
2020-06-17 18:45:00,10.974,19.131442893264804
2020-06-17 19:00:00,10.833,18.530300626127442
2020-06-17 19:15:00,10.693,19.70140089469762
2020-06-17 19:30:00,10.482,19.456644973652836
2020-06-17 19:45:00,10.482,18.946504414496662
2020-06-17 20:00:00,10.271,18.6058371590114
2020-06-17 20:15:00,10.2,18.84631055201402
2020-06-17 20:30:00,10.341,18.741621695368814
2020-06-17 20:45:00,10.2,17.78987063285641
2020-06-17 21:00:00,10.2,17.557679842954162
2020-06-17 21:15:00,10.2,17.67276982782776
2020-06-17 21:30:00,9.919,17.654953340186967
2020-06-17 21:45:00,9.919,17.04952958186952
2020-06-17 22:00:00,9.638,17.201553825721653
2020-06-17 22:15:00,9.638,17.08240509613552
2020-06-17 22:30:00,9.497,17.749953824474535
2020-06-17 22:45:00,9.567,18.33705619265743
2020-06-17 23:00:00,9.567,19.312878205677283
2020-06-17 23:15:00,9.426,19.845764299655926
2020-06-17 23:30:00,9.567,19.750307942709675
2020-06-17 23:45:00,9.497,19.755050667954
2020-06-18 00:00:00,9.286,19.31740171989753
2020-06-18 00:15:00,9.497,18.57898531376124
2020-06-18 00:30:00,9.426,17.75016149388939
2020-06-18 00:45:00,9.215,17.669428245137738
2020-06-18 01:00:00,9.215,17.324907065380977
2020-06-18 01:15:00,9.215,17.01029990143013
2020-06-18 01:30:00,9.075,16.94795457649299
2020-06-18 01:45:00,9.286,16.99280744936331
2020-06-18 02:00:00,9.215,17.277158205644437
2020-06-18 02:15:00,9.075,17.543036168889344
2020-06-18 02:30:00,9.004,17.87854971735546
2020-06-18 02:45:00,8.934,18.19380930108521
2020-06-18 03:00:00,8.864,17.93682687108727
2020-06-18 03:15:00,8.864,17.959375920653596
2020-06-18 03:30:00,8.934,18.015524026618937
2020-06-18 03:45:00,8.793,18.3538723032049
2020-06-18 04:00:00,9.075,18.170289245356546
2020-06-18 04:15:00,9.075,18.35421016020319
2020-06-18 04:30:00,8.864,18.439306480737837
2020-06-18 04:45:00,8.934,18.248008083956734
2020-06-18 05:00:00,9.004,18.219925326878467
2020-06-18 05:15:00,9.075,18.359533232799777
2020-06-18 05:30:00,8.793,18.155948166706672
2020-06-18 05:45:00,8.723,19.014735030169344
2020-06-18 06:00:00,9.215,19.5006900299711
2020-06-18 06:15:00,8.934,20.30612335087663
2020-06-18 06:30:00,9.215,21.22228548111014
2020-06-18 06:45:00,9.075,21.33225393069995
2020-06-18 07:00:00,9.286,21.801668451053526
2020-06-18 07:15:00,9.075,21.90619039693142
2020-06-18 07:30:00,9.426,21.631311442580497
2020-06-18 07:45:00,9.356,20.461298834880203
2020-06-18 08:00:00,9.145,20.281634685601258
2020-06-18 08:15:00,9.215,19.321335717272056
2020-06-18 08:30:00,9.426,19.498146156071076
2020-06-18 08:45:00,9.426,19.26708817976797
2020-06-18 09:00:00,9.778,18.017358756474728
2020-06-18 09:15:00,9.708,18.417739619181386
2020-06-18 09:30:00,9.778,17.698310850251584
2020-06-18 09:45:00,9.849,17.801951868399236
2020-06-18 10:00:00,9.989,17.68614097057966
2020-06-18 10:15:00,10.13,17.256243078014286
2020-06-18 10:30:00,10.271,17.41765382024198
2020-06-18 10:45:00,10.271,17.66247593271733
2020-06-18 11:00:00,10.06,17.511079479223632
2020-06-18 11:15:00,10.482,17.469158297169265
2020-06-18 11:30:00,10.552,17.67680373059419
2020-06-18 11:45:00,10.622,17.823016088190528
2020-06-18 12:00:00,10.833,17.706071318388233
2020-06-18 12:15:00,10.904,17.432761722022942
2020-06-18 12:30:00,11.044,17.483933338932214
2020-06-18 12:45:00,11.326,17.64318091351854
2020-06-18 13:00:00,11.185,18.011868880758005
2020-06-18 13:15:00,11.396,17.76910727962381
2020-06-18 13:30:00,11.396,18.144475534667933
2020-06-18 13:45:00,11.889,18.425137768275654
2020-06-18 14:00:00,11.959,18.59985478118345
2020-06-18 14:15:00,11.818,18.802483912229473
2020-06-18 14:30:00,12.522,18.53433908967691
2020-06-18 14:45:00,12.381,18.57171140723249
2020-06-18 15:00:00,13.085,18.55434207757831
2020-06-18 15:15:00,13.085,18.608889750031565
2020-06-18 15:30:00,12.733,18.616003420723302
2020-06-18 15:45:00,12.803,18.439013084951558
2020-06-18 16:00:00,11.959,18.42277767369821
2020-06-18 16:15:00,12.1,18.677632264957076
2020-06-18 16:30:00,12.1,18.72888062138894
2020-06-18 16:45:00,12.1,18.451227770764817
2020-06-18 17:00:00,12.029,18.57252888816639
2020-06-18 17:15:00,11.748,18.4755658871498
2020-06-18 17:30:00,11.818,18.391612018219128
2020-06-18 17:45:00,12.029,18.68388002125412
2020-06-18 18:00:00,12.029,18.322062657595755
2020-06-18 18:15:00,12.029,18.617394585251898
2020-06-18 18:30:00,11.748,18.812440940504832
2020-06-18 18:45:00,11.818,18.51266939195659
2020-06-18 19:00:00,11.818,18.64799296980395
2020-06-18 19:15:00,11.326,18.921102661268964
2020-06-18 19:30:00,11.185,19.826127212531308
2020-06-18 19:45:00,10.763,19.023015826458735
2020-06-18 20:00:00,10.622,19.075092603753333
2020-06-18 20:15:00,10.552,18.42943512418039
2020-06-18 20:30:00,10.271,17.847950491488024
2020-06-18 20:45:00,10.13,17.343029719051813
2020-06-18 21:00:00,10.2,16.730508350904525
2020-06-18 21:15:00,10.2,17.310053758483452
2020-06-18 21:30:00,10.13,16.847577125104507
2020-06-18 21:45:00,10.271,17.06124714670337
2020-06-18 22:00:00,10.13,17.113114340672755
2020-06-18 22:15:00,10.271,17.34246857462074
2020-06-18 22:30:00,10.271,17.170834647283083
2020-06-18 22:45:00,10.06,17.27059425092204
2020-06-18 23:00:00,10.271,17.188098988852023
2020-06-18 23:15:00,9.849,17.41155407422007
2020-06-18 23:30:00,9.567,17.115858271636046
2020-06-18 23:45:00,9.638,17.620962237859864
2020-06-19 00:00:00,9.778,18.093205213054592
2020-06-19 00:15:00,9.567,17.899444512667493
2020-06-19 00:30:00,9.567,17.948741269653862
2020-06-19 00:45:00,9.426,17.747664340539586
2020-06-19 01:00:00,9.215,17.944969417502644
2020-06-19 01:15:00,9.215,17.705538957675525
2020-06-19 01:30:00,9.215,17.641227184118357
2020-06-19 01:45:00,9.426,17.320462786504518
2020-06-19 02:00:00,9.215,17.32306792389756
2020-06-19 02:15:00,9.215,17.86208857092817
2020-06-19 02:30:00,9.215,18.170110382836324
2020-06-19 02:45:00,9.215,18.132241377710773
2020-06-19 03:00:00,9.075,18.08864236621348
2020-06-19 03:15:00,9.004,18.285027142481155
2020-06-19 03:30:00,9.004,18.39173665323059
2020-06-19 03:45:00,9.004,18.62758771386374
2020-06-19 04:00:00,9.004,18.768098662462297
2020-06-19 04:15:00,9.075,18.856685504117866
2020-06-19 04:30:00,9.356,19.219717948200646
2020-06-19 04:45:00,9.356,19.617624883935182
2020-06-19 05:00:00,9.145,19.993025622185254
2020-06-19 05:15:00,9.004,20.925159511812346
2020-06-19 05:30:00,8.864,21.125231455290365
2020-06-19 05:45:00,9.215,22.331941747746765
2020-06-19 06:00:00,9.638,23.49024604790993
2020-06-19 06:15:00,9.497,23.68700826468235
2020-06-19 06:30:00,9.708,23.702686318805885
2020-06-19 06:45:00,9.497,24.049516545458793
2020-06-19 07:00:00,9.497,25.21138730367023
2020-06-19 07:15:00,9.567,23.436757914970205
2020-06-19 07:30:00,9.567,23.10593530399872
2020-06-19 07:45:00,9.356,23.243077685816772
2020-06-19 08:00:00,9.075,21.92586040406246
2020-06-19 08:15:00,9.145,21.953005225920148
2020-06-19 08:30:00,9.286,20.79136947876885
2020-06-19 08:45:00,9.356,20.929420135085813
2020-06-19 09:00:00,9.356,20.426869397089938
2020-06-19 09:15:00,9.567,20.223831937066187
2020-06-19 09:30:00,9.567,19.87238244704923
2020-06-19 09:45:00,9.849,19.17165445319689
2020-06-19 10:00:00,9.778,19.07036508921583
2020-06-19 10:15:00,10.13,19.079761467268977
2020-06-19 10:30:00,10.13,19.463909480731747
2020-06-19 10:45:00,10.13,19.298848722318294
2020-06-19 11:00:00,9.849,19.36030739439883
2020-06-19 11:15:00,9.989,19.542987702667926
2020-06-19 11:30:00,9.778,19.524298105203986
2020-06-19 11:45:00,9.638,19.76274222588006
2020-06-19 12:00:00,10.13,19.65030248987568
2020-06-19 12:15:00,9.778,19.624277666516136
2020-06-19 12:30:00,10.13,19.578211182631822
2020-06-19 12:45:00,9.849,19.522446078385258
2020-06-19 13:00:00,9.778,19.214898130063435
2020-06-19 13:15:00,9.426,19.274880086511086
2020-06-19 13:30:00,9.215,19.348568547750723
2020-06-19 13:45:00,5.839,19.551004543924254
2020-06-19 14:00:00,5.557,19.640795065207637
2020-06-19 14:15:00,5.487,19.597962546469784
2020-06-19 14:30:00,5.698,19.755184627914975
2020-06-19 14:45:00,4.995,19.79336391499162
2020-06-19 15:00:00,5.628,19.709456548459
2020-06-19 15:15:00,4.995,20.057749391476356
2020-06-19 15:30:00,5.206,20.069354969340242
2020-06-19 15:45:00,4.924,20.33589570146814
2020-06-19 16:00:00,4.643,20.337950078798112
2020-06-19 16:15:00,6.261,20.558629108729754
2020-06-19 16:30:00,6.683,20.56572819827965
2020-06-19 16:45:00,5.417,20.6906415649874
2020-06-19 17:00:00,5.276,20.795408842663278
2020-06-19 17:15:00,6.05,21.136790066081986
2020-06-19 17:30:00,6.261,21.134208801215586
2020-06-19 17:45:00,6.824,20.911437889990314
2020-06-19 18:00:00,6.683,21.03471781580935
2020-06-19 18:15:00,6.472,20.805875050959454
2020-06-19 18:30:00,6.402,20.5756419601115
2020-06-19 18:45:00,6.753,20.963361629647007
2020-06-19 19:00:00,6.753,20.214421305570514
2020-06-19 19:15:00,6.613,20.6657027471377
2020-06-19 19:30:00,6.894,21.156303046522353
2020-06-19 19:45:00,6.964,21.41674176755491
2020-06-19 20:00:00,7.105,20.243794252332837
2020-06-19 20:15:00,5.135,20.289267874962594
2020-06-19 20:30:00,4.854,20.28379011487618
2020-06-19 20:45:00,4.573,20.865247948526324
2020-06-19 21:00:00,4.573,20.812115585715937
2020-06-19 21:15:00,4.643,20.76377470696609
2020-06-19 21:30:00,5.065,20.820564867381282
2020-06-19 21:45:00,5.417,20.82994863339676
2020-06-19 22:00:00,5.135,20.93768146407389
2020-06-19 22:15:00,5.557,21.17969859973201
2020-06-19 22:30:00,5.417,21.60545328925286
2020-06-19 22:45:00,6.191,21.77213989249251
2020-06-19 23:00:00,5.909,22.00176418711522
2020-06-19 23:15:00,6.191,22.295136917057583
2020-06-19 23:30:00,6.613,22.27544299127578
2020-06-19 23:45:00,6.964,22.58690713800726
2020-06-20 00:00:00,6.542,22.959688800730024
2020-06-20 00:15:00,6.613,23.64866159434122
2020-06-20 00:30:00,6.964,23.248132758443138
2020-06-20 00:45:00,7.246,23.329834035682634
2020-06-20 01:00:00,7.316,22.764490295492433
2020-06-20 01:15:00,7.386,22.300205670221313
2020-06-20 01:30:00,7.105,22.60736422836186
2020-06-20 01:45:00,7.035,22.47476203357802
2020-06-20 02:00:00,6.964,22.32316168963007
2020-06-20 02:15:00,7.246,22.623000906337513
2020-06-20 02:30:00,7.316,22.793740856453084
2020-06-20 02:45:00,6.964,23.113361039359923
2020-06-20 03:00:00,7.105,23.46052184014877
2020-06-20 03:15:00,7.316,23.821765778476056
2020-06-20 03:30:00,7.316,23.902602106307913
2020-06-20 03:45:00,7.316,24.089078644838924
2020-06-20 04:00:00,7.105,24.635398826631402
2020-06-20 04:15:00,7.105,24.503345509434723
2020-06-20 04:30:00,7.035,24.2894122231424
2020-06-20 04:45:00,7.175,24.17314629618035
2020-06-20 05:00:00,7.105,24.336568842295808
2020-06-20 05:15:00,7.386,24.43766467598164
2020-06-20 05:30:00,7.035,24.375513711436344
2020-06-20 05:45:00,6.894,24.525632590838406
2020-06-20 06:00:00,7.316,24.359298110787638
2020-06-20 06:15:00,7.316,24.639032802123413
2020-06-20 06:30:00,7.316,24.480002657667963
2020-06-20 06:45:00,7.316,25.031702659803717
2020-06-20 07:00:00,7.457,25.376096678923055
2020-06-20 07:15:00,7.457,23.8833090312241
2020-06-20 07:30:00,7.316,23.351753897829006
2020-06-20 07:45:00,7.386,22.605518147633394
2020-06-20 08:00:00,7.105,21.703824049512598
2020-06-20 08:15:00,6.964,21.761406475621204
2020-06-20 08:30:00,7.105,20.84137470366857
2020-06-20 08:45:00,7.035,20.44564065361862
2020-06-20 09:00:00,7.457,19.940925763507437
2020-06-20 09:15:00,7.809,19.8624576736558
2020-06-20 09:30:00,7.738,19.887787139953335
2020-06-20 09:45:00,7.668,19.6397158232811
2020-06-20 10:00:00,8.09,19.1006256724483
2020-06-20 10:15:00,7.597,19.007465166624918
2020-06-20 10:30:00,7.668,19.223900069936327
2020-06-20 10:45:00,8.16,19.254370313116997
2020-06-20 11:00:00,8.09,19.557979493588515
2020-06-20 11:15:00,8.371,19.607047178105393
2020-06-20 11:30:00,8.16,19.475063945530085
2020-06-20 11:45:00,8.16,19.5445486493477
2020-06-20 12:00:00,8.512,19.596995001314124
2020-06-20 12:15:00,8.442,19.841490688823907
2020-06-20 12:30:00,8.723,19.596711614366274
2020-06-20 12:45:00,8.582,19.594210850858314
2020-06-20 13:00:00,8.371,19.384829126041783
2020-06-20 13:15:00,8.231,19.544660536523324
2020-06-20 13:30:00,8.512,19.747269344899653
2020-06-20 13:45:00,8.442,19.832911743014723
2020-06-20 14:00:00,8.934,19.894162371102635
2020-06-20 14:15:00,8.864,19.959615951977575
2020-06-20 14:30:00,8.934,19.976691916251603
2020-06-20 14:45:00,8.864,20.353784962001132
2020-06-20 15:00:00,8.723,20.4071754020616
2020-06-20 15:15:00,8.723,20.48783814170105
2020-06-20 15:30:00,8.723,20.42366494825516
2020-06-20 15:45:00,8.723,20.4833878165396
2020-06-20 16:00:00,8.864,20.31641712261991
2020-06-20 16:15:00,9.004,20.537801185147448
2020-06-20 16:30:00,9.215,20.49040424039003
2020-06-20 16:45:00,9.215,20.595988834757616
2020-06-20 17:00:00,9.286,20.812905191756457
2020-06-20 17:15:00,9.215,20.762384541197335
2020-06-20 17:30:00,9.356,21.069108111156886
2020-06-20 17:45:00,9.145,21.030093624530373
2020-06-20 18:00:00,9.145,20.791969089860988
2020-06-20 18:15:00,9.215,20.330158636757428
2020-06-20 18:30:00,9.286,20.706879631094466
2020-06-20 18:45:00,9.286,20.332579065335736
2020-06-20 19:00:00,9.286,20.85474564336278
2020-06-20 19:15:00,9.215,21.041378886093558
2020-06-20 19:30:00,9.215,21.003775315878183
2020-06-20 19:45:00,9.215,21.89489610115241
2020-06-20 20:00:00,9.215,22.705526183204192
2020-06-20 20:15:00,8.864,22.574354909645884
2020-06-20 20:30:00,8.934,22.14446573651319
2020-06-20 20:45:00,9.004,22.182510369698853
2020-06-20 21:00:00,8.653,22.49189912321855
2020-06-20 21:15:00,8.723,22.837943210308772
2020-06-20 21:30:00,8.934,22.688927732805908
2020-06-20 21:45:00,8.723,23.066836690072588
2020-06-20 22:00:00,8.723,22.32387907633676
2020-06-20 22:15:00,8.793,22.457040358040576
2020-06-20 22:30:00,8.653,22.18008435240893
2020-06-20 22:45:00,8.934,22.14666912406996
2020-06-20 23:00:00,9.004,21.991055318792593
2020-06-20 23:15:00,8.864,22.331449928387006
2020-06-20 23:30:00,8.934,22.082609054136825
2020-06-20 23:45:00,8.864,22.71411446649758
2020-06-21 00:00:00,9.004,23.122125322937396
2020-06-21 00:15:00,8.582,23.614735274544618
2020-06-21 00:30:00,8.723,23.775472240369247
2020-06-21 00:45:00,9.004,23.69625721564608
2020-06-21 01:00:00,8.934,23.650686521844126
2020-06-21 01:15:00,9.075,23.04477098593661
2020-06-21 01:30:00,8.723,23.059365813544876
2020-06-21 01:45:00,8.723,22.472056932224167
2020-06-21 02:00:00,8.582,22.860821492958937
2020-06-21 02:15:00,8.442,23.126099584358208
2020-06-21 02:30:00,8.512,23.63417699976247
2020-06-21 02:45:00,8.512,23.592425430686244
2020-06-21 03:00:00,8.371,24.025045712411757
2020-06-21 03:15:00,8.653,24.619397751719255
2020-06-21 03:30:00,8.723,24.696868921311236
2020-06-21 03:45:00,8.512,24.873221808666596
2020-06-21 04:00:00,8.512,24.753439749074534
2020-06-21 04:15:00,8.512,24.653098638386243
2020-06-21 04:30:00,8.582,24.662986457569765
2020-06-21 04:45:00,8.442,24.343510836937583
2020-06-21 05:00:00,8.512,24.234551633364852
2020-06-21 05:15:00,8.512,23.9770917339355
2020-06-21 05:30:00,8.442,23.903625195614463
2020-06-21 05:45:00,8.582,23.905856552611716
2020-06-21 06:00:00,8.864,23.96396665542504
2020-06-21 06:15:00,8.512,24.405266388559728
2020-06-21 06:30:00,8.512,24.42666764464793
2020-06-21 06:45:00,8.653,24.012447513461552
2020-06-21 07:00:00,8.301,23.080035453598942
2020-06-21 07:15:00,8.371,22.75822860723935
2020-06-21 07:30:00,8.653,21.70582940108454
2020-06-21 07:45:00,8.371,21.55855572263296
2020-06-21 08:00:00,8.864,21.058900297367874
2020-06-21 08:15:00,8.864,20.91138125376034
2020-06-21 08:30:00,8.512,20.24296849810422
2020-06-21 08:45:00,8.371,20.301367362998707
2020-06-21 09:00:00,8.512,19.183215499767527
2020-06-21 09:15:00,8.231,19.563970410347014
2020-06-21 09:30:00,8.442,19.389342312757304
2020-06-21 09:45:00,8.371,19.728873381748876
2020-06-21 10:00:00,8.371,19.602598469663985
2020-06-21 10:15:00,8.442,19.252998626742098
2020-06-21 10:30:00,8.231,18.98368633382001
2020-06-21 10:45:00,8.442,19.111020914638104
2020-06-21 11:00:00,8.512,19.237685750525443
2020-06-21 11:15:00,8.442,19.270300596956353
2020-06-21 11:30:00,8.442,19.097200223554566
2020-06-21 11:45:00,8.582,19.244880713311627
2020-06-21 12:00:00,8.442,19.23239087134842
2020-06-21 12:15:00,8.442,19.54141509316311
2020-06-21 12:30:00,8.512,19.554366674035567
2020-06-21 12:45:00,8.512,19.277097902749478
2020-06-21 13:00:00,8.864,19.533138901310668
2020-06-21 13:15:00,8.723,19.32887347174311
2020-06-21 13:30:00,9.286,19.58677820547346
2020-06-21 13:45:00,9.286,19.88235260383629
2020-06-21 14:00:00,9.567,20.04289796238223
2020-06-21 14:15:00,9.567,20.18896570691223
2020-06-21 14:30:00,9.778,20.670976125802873
2020-06-21 14:45:00,9.778,20.968904399288014
2020-06-21 15:00:00,9.919,21.10905797696495
2020-06-21 15:15:00,9.849,20.870758498780834
2020-06-21 15:30:00,9.778,20.815709628118803
2020-06-21 15:45:00,9.567,20.703838574359928
2020-06-21 16:00:00,10.06,21.128196253750822
2020-06-21 16:15:00,9.919,21.074996233157364
2020-06-21 16:30:00,9.919,20.985556362184617
2020-06-21 16:45:00,10.271,21.064457458159268
2020-06-21 17:00:00,9.849,20.768346513929895
2020-06-21 17:15:00,9.638,21.066770406039026
2020-06-21 17:30:00,9.567,21.134946617172478
2020-06-21 17:45:00,9.708,21.043935275038745
2020-06-21 18:00:00,9.638,20.62853932373425
2020-06-21 18:15:00,9.708,21.310048683997113
2020-06-21 18:30:00,9.567,20.8202838476087
2020-06-21 18:45:00,9.426,21.721442615079333
2020-06-21 19:00:00,9.004,22.72936192927166
2020-06-21 19:15:00,8.653,21.801139608098755
2020-06-21 19:30:00,8.934,22.030277368694303
2020-06-21 19:45:00,8.723,22.21061509465671
2020-06-21 20:00:00,8.653,22.214092313047054
2020-06-21 20:15:00,8.512,21.380613706239846
2020-06-21 20:30:00,8.582,22.317565383244055
2020-06-21 20:45:00,8.723,22.747000470586286
2020-06-21 21:00:00,8.371,22.633457782068017
2020-06-21 21:15:00,8.582,22.186482455465978
2020-06-21 21:30:00,8.371,21.960471352832425
2020-06-21 21:45:00,8.512,21.64362947914208
2020-06-21 22:00:00,8.16,21.451519248537053
2020-06-21 22:15:00,8.231,21.42894020350029
2020-06-21 22:30:00,8.301,21.43149335700324
2020-06-21 22:45:00,8.301,21.795072907825205
2020-06-21 23:00:00,8.09,21.99072184282092
2020-06-21 23:15:00,8.02,22.15557479279543
2020-06-21 23:30:00,8.09,22.389648453704925
2020-06-21 23:45:00,8.231,22.75953684468195
2020-06-22 00:00:00,8.231,22.980493754071336
2020-06-22 00:15:00,8.16,23.474062546063166
2020-06-22 00:30:00,8.442,23.339612218076525
2020-06-22 00:45:00,8.301,23.502269216299887
2020-06-22 01:00:00,8.371,23.427887824275537
2020-06-22 01:15:00,8.371,23.37030159339492
2020-06-22 01:30:00,8.231,22.675996104032624
2020-06-22 01:45:00,8.231,22.596161377402787
2020-06-22 02:00:00,8.16,23.241223367408754
2020-06-22 02:15:00,8.02,22.97479704879335
2020-06-22 02:30:00,8.301,23.658957700108534
2020-06-22 02:45:00,8.231,24.057934199639
2020-06-22 03:00:00,8.02,24.753852643668203
2020-06-22 03:15:00,7.879,24.080078398147965
2020-06-22 03:30:00,7.879,24.518040336412415
2020-06-22 03:45:00,7.879,24.580863252489095
2020-06-22 04:00:00,7.809,24.520292543810267
2020-06-22 04:15:00,8.02,24.533339963536793
2020-06-22 04:30:00,7.879,24.704544183202657
2020-06-22 04:45:00,7.668,24.77903079211742
2020-06-22 05:00:00,7.668,24.953983953359966
2020-06-22 05:15:00,7.527,24.391842419078067
2020-06-22 05:30:00,5.768,24.870060731751547
2020-06-22 05:45:00,5.698,24.714103729745297
2020-06-22 06:00:00,5.628,24.586665050646168
2020-06-22 06:15:00,5.909,25.190627272184106
2020-06-22 06:30:00,6.894,24.281324020413543
2020-06-22 06:45:00,7.316,24.36706270300458
2020-06-22 07:00:00,7.035,25.047643592616414
2020-06-22 07:15:00,7.105,24.876276221008773
2020-06-22 07:30:00,6.472,24.644466772597607
2020-06-22 07:45:00,5.346,25.11485045121959
2020-06-22 08:00:00,4.854,25.14880287769568
2020-06-22 08:15:00,4.854,25.051583842883467
2020-06-22 08:30:00,4.995,24.834315572848457
2020-06-22 08:45:00,6.05,24.847339904532593
2020-06-22 09:00:00,6.683,25.154928031422475
2020-06-22 09:15:00,5.628,24.640321674858715
2020-06-22 09:30:00,6.191,23.761350470484857
2020-06-22 09:45:00,6.472,22.815164050775028
2020-06-22 10:00:00,6.402,21.964885575924185
2020-06-22 10:15:00,6.613,20.97030131287779
2020-06-22 10:30:00,6.753,20.542092411808603
2020-06-22 10:45:00,6.753,19.79844977527041
2020-06-22 11:00:00,6.753,19.561382376799973
2020-06-22 11:15:00,5.487,19.371226293286306
2020-06-22 11:30:00,3.799,19.532228338742275
2020-06-22 11:45:00,3.306,19.683732228234753
2020-06-22 12:00:00,3.658,19.793922934509553
2020-06-22 12:15:00,3.869,19.981833881209646
2020-06-22 12:30:00,3.095,19.601233897001954
2020-06-22 12:45:00,3.377,19.603879481490214
2020-06-22 13:00:00,3.658,19.444598155710292
2020-06-22 13:15:00,3.025,19.744741860916324
2020-06-22 13:30:00,3.095,19.916451719496276
2020-06-22 13:45:00,3.306,20.517358191209535
2020-06-22 14:00:00,4.15,20.287964580794785
2020-06-22 14:15:00,4.502,20.652281716522456
2020-06-22 14:30:00,3.869,20.097628364519142
2020-06-22 14:45:00,3.658,20.322210975589435
2020-06-22 15:00:00,4.643,21.573244603040735
2020-06-22 15:15:00,4.221,21.156098941918852
2020-06-22 15:30:00,5.065,20.71462121682159
2020-06-22 15:45:00,5.628,21.073757702110182
2020-06-22 16:00:00,5.979,20.84081283108717
2020-06-22 16:15:00,5.979,20.565653012454238
2020-06-22 16:30:00,5.979,20.696613480069825
2020-06-22 16:45:00,4.854,20.587409967646842
2020-06-22 17:00:00,4.362,20.86171616481858
2020-06-22 17:15:00,4.502,21.35376291189125
2020-06-22 17:30:00,4.643,21.260984924580857
2020-06-22 17:45:00,5.276,21.029055741105132
2020-06-22 18:00:00,4.643,21.6308539675875
2020-06-22 18:15:00,4.713,21.35776366319406
2020-06-22 18:30:00,5.346,21.730930957323885
2020-06-22 18:45:00,5.487,21.166876398973987
2020-06-22 19:00:00,5.839,22.18597897646464
2020-06-22 19:15:00,5.909,21.807973072614764
2020-06-22 19:30:00,5.909,21.746858609419082
2020-06-22 19:45:00,5.979,21.968542628132504
2020-06-22 20:00:00,5.909,22.062636769238285
2020-06-22 20:15:00,5.979,21.602050196627065
2020-06-22 20:30:00,6.12,21.99003871253616
2020-06-22 20:45:00,6.05,22.083804150316645
2020-06-22 21:00:00,5.979,22.15490612369399
2020-06-22 21:15:00,5.909,22.09380674669998
2020-06-22 21:30:00,6.05,22.402292517925687
2020-06-22 21:45:00,5.698,22.31573203364792
2020-06-22 22:00:00,5.839,22.597550266456583
2020-06-22 22:15:00,5.839,22.19742628643446
2020-06-22 22:30:00,5.628,22.618446576957208
2020-06-22 22:45:00,5.839,22.87148706093402
2020-06-22 23:00:00,5.839,23.160596229511572
2020-06-22 23:15:00,5.628,23.15972330738845
2020-06-22 23:30:00,5.276,22.952324187144644
2020-06-22 23:45:00,5.346,23.080264593094842
2020-06-23 00:00:00,5.346,23.873486697966843
2020-06-23 00:15:00,5.206,23.760188049941203
2020-06-23 00:30:00,5.276,23.842523186924556
2020-06-23 00:45:00,5.487,23.426681816910047
2020-06-23 01:00:00,5.417,23.29241450021774
2020-06-23 01:15:00,5.487,23.15265114625237
2020-06-23 01:30:00,5.487,23.197976266412343
2020-06-23 01:45:00,5.417,23.368510918847353
2020-06-23 02:00:00,5.417,23.941923819334665
2020-06-23 02:15:00,5.417,23.813226850004924
2020-06-23 02:30:00,5.346,23.489860569545762
2020-06-23 02:45:00,5.487,24.21032083931192
2020-06-23 03:00:00,5.768,24.748403613155826
2020-06-23 03:15:00,5.839,24.68860431616223
2020-06-23 03:30:00,5.768,24.570176111273945
2020-06-23 03:45:00,5.909,24.04306837079271
2020-06-23 04:00:00,5.909,23.913897831957975
2020-06-23 04:15:00,6.261,23.89664498557532
2020-06-23 04:30:00,6.191,24.273175412587143
2020-06-23 04:45:00,6.05,24.819309357997472
2020-06-23 05:00:00,6.261,25.096330613519964
2020-06-23 05:15:00,6.331,25.384428590709593
2020-06-23 05:30:00,6.402,25.388119671793184
2020-06-23 05:45:00,6.472,24.833157148167952
2020-06-23 06:00:00,6.683,25.76109215878476
2020-06-23 06:15:00,6.753,25.92798514708955
2020-06-23 06:30:00,6.542,25.03796353896645
2020-06-23 06:45:00,6.683,25.013808996943546
2020-06-23 07:00:00,6.472,25.297910457867204
2020-06-23 07:15:00,6.542,25.306649548525325
2020-06-23 07:30:00,6.542,25.20565328838737
2020-06-23 07:45:00,6.613,25.42194297532693
2020-06-23 08:00:00,6.402,24.34156058301638
2020-06-23 08:15:00,6.402,22.87356346147844
2020-06-23 08:30:00,6.613,23.382860574570728
2020-06-23 08:45:00,6.753,22.126875792200245
2020-06-23 09:00:00,6.964,21.53740446723432
2020-06-23 09:15:00,7.035,21.574417669001164
2020-06-23 09:30:00,6.964,21.495776810623706
2020-06-23 09:45:00,7.597,21.444293304316133
2020-06-23 10:00:00,7.527,21.059261023324765
2020-06-23 10:15:00,7.879,20.92545051186011
2020-06-23 10:30:00,8.09,19.963454607220044
2020-06-23 10:45:00,7.879,20.00041706519933
2020-06-23 11:00:00,7.738,19.87202845788293
2020-06-23 11:15:00,7.809,19.82096226836391
2020-06-23 11:30:00,7.597,20.128082123215055
2020-06-23 11:45:00,7.668,20.13388108772829
2020-06-23 12:00:00,7.809,20.23982682626924
2020-06-23 12:15:00,7.668,20.185441530788037
2020-06-23 12:30:00,7.809,20.052517495999485
2020-06-23 12:45:00,7.879,20.018332108383742
2020-06-23 13:00:00,7.668,19.987027940108224
2020-06-23 13:15:00,7.738,19.984103811418034
2020-06-23 13:30:00,7.949,20.01101636071173
2020-06-23 13:45:00,8.02,20.292636758836085
2020-06-23 14:00:00,8.16,20.126708106951785
2020-06-23 14:15:00,7.738,20.085509754650545
2020-06-23 14:30:00,8.02,20.14592394452205
2020-06-23 14:45:00,7.949,20.189366372870545
2020-06-23 15:00:00,7.809,20.285267478295125
2020-06-23 15:15:00,7.879,20.33819258472349
2020-06-23 15:30:00,7.809,20.217841830136194
2020-06-23 15:45:00,7.949,20.1684278957366
2020-06-23 16:00:00,8.16,20.380427422858165
2020-06-23 16:15:00,8.02,20.670005884594488
2020-06-23 16:30:00,7.949,20.899415965800404
2020-06-23 16:45:00,8.02,21.119294435797293
2020-06-23 17:00:00,7.809,21.20724258634926
2020-06-23 17:15:00,7.879,21.109409877006314
2020-06-23 17:30:00,8.16,21.268952642550765
2020-06-23 17:45:00,8.301,21.46716794812222
2020-06-23 18:00:00,8.301,21.28178627444229
2020-06-23 18:15:00,8.16,20.89559104748495
2020-06-23 18:30:00,8.16,21.80245180707948
2020-06-23 18:45:00,8.09,21.303682236174172
2020-06-23 19:00:00,8.02,21.964313944806644
2020-06-23 19:15:00,8.09,21.883062451976745
2020-06-23 19:30:00,7.527,22.442338172943398
2020-06-23 19:45:00,7.809,22.67460660757074
2020-06-23 20:00:00,7.668,22.995033014256492
2020-06-23 20:15:00,7.457,23.854910063261393
2020-06-23 20:30:00,7.316,23.72658593206777
2020-06-23 20:45:00,7.316,23.792142778306253
2020-06-23 21:00:00,7.386,24.85516007417944
2020-06-23 21:15:00,7.386,24.830196954462735
2020-06-23 21:30:00,7.386,24.314565779211357
2020-06-23 21:45:00,7.316,24.345287759804194
2020-06-23 22:00:00,7.316,23.76905555581553
2020-06-23 22:15:00,7.316,23.026963136451503
2020-06-23 22:30:00,7.035,22.74675266499373
2020-06-23 22:45:00,6.964,22.5582498530677
2020-06-23 23:00:00,7.175,22.536728980337895
2020-06-23 23:15:00,7.105,23.45394034364883
2020-06-23 23:30:00,6.753,23.58104742684926
2020-06-23 23:45:00,7.105,23.501930192446725
2020-06-24 00:00:00,6.894,23.9282665891099
2020-06-24 00:15:00,6.824,24.168873908298263
2020-06-24 00:30:00,6.683,24.088153525215944
2020-06-24 00:45:00,6.753,23.662196425824774
2020-06-24 01:00:00,6.613,23.466505903853477
2020-06-24 01:15:00,6.683,23.409635685867986
2020-06-24 01:30:00,6.613,23.019267466994943
2020-06-24 01:45:00,6.402,23.531776835983983
2020-06-24 02:00:00,6.402,24.11767393613204
2020-06-24 02:15:00,6.402,24.925595737944715
2020-06-24 02:30:00,6.331,25.74674041580402
2020-06-24 02:45:00,6.472,25.422474083409828
2020-06-24 03:00:00,6.542,25.111290429972865
2020-06-24 03:15:00,6.683,25.257846200058168
2020-06-24 03:30:00,6.683,25.073354917068972
2020-06-24 03:45:00,6.964,24.952496116707962
2020-06-24 04:00:00,6.964,25.107193301774274
2020-06-24 04:15:00,6.753,25.224495544110425
2020-06-24 04:30:00,6.964,25.467269092824345
2020-06-24 04:45:00,6.964,25.52633613306999
2020-06-24 05:00:00,6.894,25.44212714858285
2020-06-24 05:15:00,7.035,25.778591213985337
2020-06-24 05:30:00,7.035,25.872476789613355
2020-06-24 05:45:00,6.964,26.16257040118561
2020-06-24 06:00:00,7.457,26.16453763903548
2020-06-24 06:15:00,7.316,26.019152473131484
2020-06-24 06:30:00,7.527,26.64776741277406
2020-06-24 06:45:00,7.668,27.065084421689406
2020-06-24 07:00:00,7.457,27.660336244056673
2020-06-24 07:15:00,8.02,27.09327847557928
2020-06-24 07:30:00,8.09,26.878618525079837
2020-06-24 07:45:00,8.16,26.228765887626423
2020-06-24 08:00:00,8.442,25.125115326780424
2020-06-24 08:15:00,8.512,23.688913366134184
2020-06-24 08:30:00,8.512,23.060981461681894
2020-06-24 08:45:00,8.231,23.120553028566864
2020-06-24 09:00:00,7.949,22.188487846039944
2020-06-24 09:15:00,8.09,22.269678648122973
2020-06-24 09:30:00,8.301,22.517764780560956
2020-06-24 09:45:00,8.371,22.899681204572442
2020-06-24 10:00:00,8.512,21.903803689082903
2020-06-24 10:15:00,8.231,22.09499667129722
2020-06-24 10:30:00,8.371,21.607085203892154
2020-06-24 10:45:00,8.653,20.406075296645817
2020-06-24 11:00:00,9.004,20.88547435371023
2020-06-24 11:15:00,9.426,20.794518796878062
2020-06-24 11:30:00,9.567,20.707793780906233
2020-06-24 11:45:00,9.497,20.44563932476229
2020-06-24 12:00:00,9.286,20.19081852980162
2020-06-24 12:15:00,9.286,20.61052475376273
2020-06-24 12:30:00,9.215,20.656862776083887
2020-06-24 12:45:00,9.286,20.67974338507861
2020-06-24 13:00:00,9.215,20.207647139153913
2020-06-24 13:15:00,9.215,20.331121226373774
2020-06-24 13:30:00,9.286,20.49234212831082
2020-06-24 13:45:00,9.286,20.672536450133975
2020-06-24 14:00:00,9.286,20.62516948227711
2020-06-24 14:15:00,9.426,20.58613925749395
2020-06-24 14:30:00,9.286,20.69985059312572
2020-06-24 14:45:00,9.497,20.90864047015233
2020-06-24 15:00:00,9.356,20.95563782545071
2020-06-24 15:15:00,9.075,20.828470980552854
2020-06-24 15:30:00,9.215,20.962671835732063
2020-06-24 15:45:00,9.567,20.86320764174137
2020-06-24 16:00:00,9.497,20.669568675162136
2020-06-24 16:15:00,9.708,20.77302922809684
2020-06-24 16:30:00,9.567,20.540149481267076
2020-06-24 16:45:00,9.426,20.53045087540739
2020-06-24 17:00:00,9.215,20.446362002989176
2020-06-24 17:15:00,9.356,20.916755619161904
2020-06-24 17:30:00,9.286,20.973649667355623
2020-06-24 17:45:00,9.215,21.307303749599217
2020-06-24 18:00:00,9.145,21.085416007119115
2020-06-24 18:15:00,9.004,21.870719085438907
2020-06-24 18:30:00,9.145,21.68188135013155
2020-06-24 18:45:00,9.215,21.54977225342504
2020-06-24 19:00:00,9.075,22.018506818514165
2020-06-24 19:15:00,8.864,22.016708045427645
2020-06-24 19:30:00,8.723,22.20473571906548
2020-06-24 19:45:00,8.653,22.902938487798153
2020-06-24 20:00:00,8.864,23.176182018839924
2020-06-24 20:15:00,8.512,23.301004272060265
2020-06-24 20:30:00,8.512,23.005059796838978
2020-06-24 20:45:00,8.723,23.45141572720705
2020-06-24 21:00:00,8.371,22.85105443498836
2020-06-24 21:15:00,8.371,22.576728100089895
2020-06-24 21:30:00,8.371,22.283698393528322
2020-06-24 21:45:00,8.371,22.34693915370882
2020-06-24 22:00:00,8.371,21.838913649252035
2020-06-24 22:15:00,8.371,21.7174542760086
2020-06-24 22:30:00,8.442,21.831807019731443
2020-06-24 22:45:00,8.371,22.36441431280896
2020-06-24 23:00:00,8.512,22.760049728944846
2020-06-24 23:15:00,8.582,22.872223917055894
2020-06-24 23:30:00,8.723,23.28367455556648
2020-06-24 23:45:00,8.582,23.204339659818455
2020-06-25 00:00:00,8.723,23.738571054695885
2020-06-25 00:15:00,8.582,23.89724658059094
2020-06-25 00:30:00,8.723,24.267413170401973
2020-06-25 00:45:00,8.723,24.18468093579664
2020-06-25 01:00:00,9.004,24.21216150888898
2020-06-25 01:15:00,9.215,23.619152487651778
2020-06-25 01:30:00,9.075,23.384466440752583
2020-06-25 01:45:00,9.426,22.61625819134263
2020-06-25 02:00:00,9.567,22.975494369053347
2020-06-25 02:15:00,9.778,23.967623566141874
2020-06-25 02:30:00,9.426,23.99977161193043
2020-06-25 02:45:00,9.497,24.913120258300857
2020-06-25 03:00:00,9.567,25.24389142166528
2020-06-25 03:15:00,9.215,25.12564438319581
2020-06-25 03:30:00,8.582,25.082590538038673
2020-06-25 03:45:00,8.723,25.304226170994227
2020-06-25 04:00:00,8.512,25.400853326639556
2020-06-25 04:15:00,8.864,25.445280362057357
2020-06-25 04:30:00,8.723,25.057561553190542
2020-06-25 04:45:00,8.723,25.33233715601689
2020-06-25 05:00:00,8.653,25.855143154121258
2020-06-25 05:15:00,8.653,26.066570928327703
2020-06-25 05:30:00,8.864,25.950521480723165
2020-06-25 05:45:00,8.864,25.757568280913844
2020-06-25 06:00:00,8.934,25.99957659132864
2020-06-25 06:15:00,9.215,26.386761440787318
2020-06-25 06:30:00,9.075,26.751829723970705
2020-06-25 06:45:00,9.286,26.745676220846324
2020-06-25 07:00:00,9.567,26.97896948296784
2020-06-25 07:15:00,10.341,27.090430561337207
2020-06-25 07:30:00,10.622,26.1161966657025
2020-06-25 07:45:00,10.482,26.776056907763685
2020-06-25 08:00:00,10.974,26.411091499440165
2020-06-25 08:15:00,11.044,26.608483945055482
2020-06-25 08:30:00,11.396,26.18317123990789
2020-06-25 08:45:00,11.185,25.787189839806615
2020-06-25 09:00:00,11.467,26.15873023738612
2020-06-25 09:15:00,11.044,26.04637312868734
2020-06-25 09:30:00,11.256,24.764553034739343
2020-06-25 09:45:00,11.467,24.02901395535699
2020-06-25 10:00:00,11.185,23.23211352410876
2020-06-25 10:15:00,10.904,22.565908614613274
2020-06-25 10:30:00,10.622,21.856652110336793
2020-06-25 10:45:00,10.271,21.28199006742148
2020-06-25 11:00:00,10.693,21.549452794300397
2020-06-25 11:15:00,10.13,20.980363726401
2020-06-25 11:30:00,10.2,20.422878758366654
2020-06-25 11:45:00,10.482,20.60056974787236
2020-06-25 12:00:00,10.271,20.632052852963984
2020-06-25 12:15:00,10.482,20.994829667354598
2020-06-25 12:30:00,10.482,21.10302752384704
2020-06-25 12:45:00,10.904,21.092606231853896
2020-06-25 13:00:00,10.622,20.959850333812348
2020-06-25 13:15:00,10.833,20.758726068196392
2020-06-25 13:30:00,10.974,20.728593375906826
2020-06-25 13:45:00,11.185,20.93320164241608
2020-06-25 14:00:00,11.256,20.87499451579849
2020-06-25 14:15:00,10.974,20.634757555975188
2020-06-25 14:30:00,11.326,20.801092987520402
2020-06-25 14:45:00,11.537,20.658046772267717
2020-06-25 15:00:00,11.607,20.728575521305014
2020-06-25 15:15:00,11.889,20.673693438431982
2020-06-25 15:30:00,12.1,20.979479783700974
2020-06-25 15:45:00,12.029,20.731173243232053
2020-06-25 16:00:00,12.381,20.884876860553415
2020-06-25 16:15:00,12.522,20.65112232514823
2020-06-25 16:30:00,11.818,20.37054526140902
2020-06-25 16:45:00,11.748,20.83836862791407
2020-06-25 17:00:00,11.467,20.67212147676737
2020-06-25 17:15:00,11.185,20.78269897893398
2020-06-25 17:30:00,11.256,21.070534738617212
2020-06-25 17:45:00,11.115,20.64805059732407
2020-06-25 18:00:00,11.185,21.46026854842977
2020-06-25 18:15:00,10.974,21.785988664362936
2020-06-25 18:30:00,10.833,21.334422050947012
2020-06-25 18:45:00,10.622,21.023874026085753
2020-06-25 19:00:00,10.552,21.37573882398237
2020-06-25 19:15:00,10.271,21.66829974704602
2020-06-25 19:30:00,10.2,21.42159574773972
2020-06-25 19:45:00,10.06,22.69735460298519
2020-06-25 20:00:00,9.989,22.521532149848397
2020-06-25 20:15:00,9.989,22.745157940842546
2020-06-25 20:30:00,9.849,24.66491298565162
2020-06-25 20:45:00,9.989,24.348941482186223
2020-06-25 21:00:00,9.989,23.848349629284222
2020-06-25 21:15:00,9.849,24.32670202759585
2020-06-25 21:30:00,9.849,23.01509010611091
2020-06-25 21:45:00,9.638,22.313341931676042
2020-06-25 22:00:00,9.567,22.33133478299116
2020-06-25 22:15:00,9.567,22.0163506815275
2020-06-25 22:30:00,9.356,21.61414359454502
2020-06-25 22:45:00,9.567,21.990771286475585
2020-06-25 23:00:00,9.426,21.933692333088334
2020-06-25 23:15:00,9.426,22.413382083892312
2020-06-25 23:30:00,9.426,22.929016055575104
2020-06-25 23:45:00,9.497,23.350630688025554
2020-06-26 00:00:00,9.708,23.70347196989547
2020-06-26 00:15:00,9.497,24.123686583374294
2020-06-26 00:30:00,9.638,23.838166234834787
2020-06-26 00:45:00,9.567,24.05364733309165
2020-06-26 01:00:00,9.638,23.72779762530673
2020-06-26 01:15:00,9.778,23.54387199282569
2020-06-26 01:30:00,9.638,23.120641095282174
2020-06-26 01:45:00,9.567,23.234419095237612
2020-06-26 02:00:00,9.778,22.526966030997492
2020-06-26 02:15:00,9.497,22.44016381099831
2020-06-26 02:30:00,9.567,23.619352863179188
2020-06-26 02:45:00,9.638,24.39354059677727
2020-06-26 03:00:00,9.567,24.309263369772584
2020-06-26 03:15:00,9.356,24.409345929373988
2020-06-26 03:30:00,9.426,25.048662485897072
2020-06-26 03:45:00,9.356,24.96109573261598
2020-06-26 04:00:00,9.426,25.07909117442881
2020-06-26 04:15:00,9.426,25.10344387511474
2020-06-26 04:30:00,9.497,25.05245959795913
2020-06-26 04:45:00,9.215,25.001988485814834
2020-06-26 05:00:00,9.286,25.351986081078316
2020-06-26 05:15:00,9.286,25.516876957223435
2020-06-26 05:30:00,9.286,25.970183099721133
2020-06-26 05:45:00,9.426,25.556029251375396
2020-06-26 06:00:00,9.286,25.279682363245627
2020-06-26 06:15:00,9.356,25.689183524047912
2020-06-26 06:30:00,9.497,26.557536232187275
2020-06-26 06:45:00,9.638,26.509846228756
2020-06-26 07:00:00,9.638,26.787072001281228
2020-06-26 07:15:00,9.919,26.514023666668866
2020-06-26 07:30:00,9.989,26.989909883367364
2020-06-26 07:45:00,9.638,27.751362459723364
2020-06-26 08:00:00,9.426,27.868517490542978
2020-06-26 08:15:00,9.145,28.222416495130254
2020-06-26 08:30:00,9.004,28.04401739388469
2020-06-26 08:45:00,9.215,28.147926219947085
2020-06-26 09:00:00,9.075,27.840688218461196
2020-06-26 09:15:00,9.004,27.58356547445006
2020-06-26 09:30:00,9.075,26.29522925363242
2020-06-26 09:45:00,9.215,24.670618004110903
2020-06-26 10:00:00,8.934,23.920042618189928
2020-06-26 10:15:00,9.286,22.74727897209193
2020-06-26 10:30:00,9.426,21.508567460435618
2020-06-26 10:45:00,8.934,20.883973473992164
2020-06-26 11:00:00,9.215,20.529797209035006
2020-06-26 11:15:00,9.426,20.577289634191978
2020-06-26 11:30:00,9.215,20.23114037117259
2020-06-26 11:45:00,9.567,20.012468087061034
2020-06-26 12:00:00,9.215,20.495650098150865
2020-06-26 12:15:00,9.356,20.25207492098554
2020-06-26 12:30:00,9.215,20.53377666810534
2020-06-26 12:45:00,9.075,20.45166308505083
2020-06-26 13:00:00,9.426,20.40383860999549
2020-06-26 13:15:00,9.708,20.37061897004686
2020-06-26 13:30:00,9.708,20.768706168223535
2020-06-26 13:45:00,9.989,20.969456828709713
2020-06-26 14:00:00,10.2,21.028959820171565
2020-06-26 14:15:00,10.552,20.803147792563763
2020-06-26 14:30:00,10.693,20.797688024333745
2020-06-26 14:45:00,10.763,20.76848387699069
2020-06-26 15:00:00,10.904,21.08903058709154
2020-06-26 15:15:00,10.974,21.092625362245016
2020-06-26 15:30:00,11.185,20.512650892476707
2020-06-26 15:45:00,11.044,20.474019150835257
2020-06-26 16:00:00,11.044,20.491116900679497
2020-06-26 16:15:00,10.904,20.35082658309207
2020-06-26 16:30:00,10.482,20.661285837974653
2020-06-26 16:45:00,10.411,20.731919169122854
2020-06-26 17:00:00,10.271,20.7945508701349
2020-06-26 17:15:00,9.989,20.886588859956273
2020-06-26 17:30:00,9.919,20.533603590645342
2020-06-26 17:45:00,9.849,20.61270408902715
2020-06-26 18:00:00,9.778,20.610837599157893
2020-06-26 18:15:00,9.919,20.563682682085982
2020-06-26 18:30:00,9.778,20.71770853726476
2020-06-26 18:45:00,9.567,20.92256899745748
2020-06-26 19:00:00,9.567,20.8638114219919
2020-06-26 19:15:00,9.426,21.37035927566685
2020-06-26 19:30:00,9.426,21.67475378404679
2020-06-26 19:45:00,9.778,22.153119382030543
