timestamp,actual,predicted
2020-02-01 16:15:00,14.053,13.228777
2020-02-01 16:30:00,13.833,12.735516
2020-02-01 16:45:00,13.3935,13.266962
2020-02-01 17:00:00,12.954,13.068649
2020-02-01 17:15:00,12.5145,13.508863
2020-02-01 17:30:00,12.075,13.839361
2020-02-01 17:45:00,11.6355,12.380207
2020-02-01 18:00:00,11.1965,11.111093
2020-02-01 18:15:00,10.757,10.696822
2020-02-01 18:30:00,10.0975,10.301779
2020-02-01 18:45:00,9.6585,10.4179325
2020-02-01 19:00:00,9.2185,10.335558
2020-02-01 19:15:00,8.7795,9.802546
2020-02-01 19:30:00,8.3395,10.027557
2020-02-01 19:45:00,7.9005,9.659261
2020-02-01 20:00:00,7.9005,10.512226
2020-02-01 20:15:00,7.4605,11.010759
2020-02-01 20:30:00,7.4605,11.536493
2020-02-01 20:45:00,7.0215,10.695618
2020-02-01 21:00:00,7.0215,10.086544
2020-02-01 21:15:00,7.0215,9.089262
2020-02-01 21:30:00,6.8015,7.773225
2020-02-01 21:45:00,6.582,7.8971024
2020-02-01 22:00:00,6.582,8.619123
2020-02-01 22:15:00,6.582,8.986192
2020-02-01 22:30:00,6.582,9.663604
2020-02-01 22:45:00,6.582,9.655579
2020-02-01 23:00:00,6.582,9.397537
2020-02-01 23:15:00,6.582,10.180418
2020-02-01 23:30:00,6.582,9.208798
2020-02-01 23:45:00,6.582,8.173799
2020-02-02 00:00:00,6.582,8.570611
2020-02-02 00:15:00,6.3625,6.81661
2020-02-02 00:30:00,6.3625,4.63586
2020-02-02 00:45:00,6.3625,7.556197
2020-02-02 01:00:00,6.3625,4.481084
2020-02-02 01:15:00,6.1425,2.989923
2020-02-02 01:30:00,6.1425,3.421083
2020-02-02 01:45:00,6.1425,4.2398243
2020-02-02 02:00:00,6.1425,4.3368273
2020-02-02 02:15:00,6.1425,5.6667933
2020-02-02 02:30:00,5.923,5.7747684
2020-02-02 02:45:00,5.923,5.745768
2020-02-02 03:00:00,5.923,7.2003593
2020-02-02 03:15:00,5.923,7.5239706
2020-02-02 03:30:00,5.7035,8.038016
2020-02-02 03:45:00,5.7035,8.7491665
2020-02-02 04:00:00,5.7035,9.037216
2020-02-02 04:15:00,5.4835,9.080751
2020-02-02 04:30:00,5.2635,9.091454
2020-02-02 04:45:00,5.2635,8.954174
2020-02-02 05:00:00,5.2635,8.335322
2020-02-02 05:15:00,5.2635,8.533075
2020-02-02 05:30:00,5.2635,8.917491
2020-02-02 05:45:00,5.044,8.513027
2020-02-02 06:00:00,5.044,9.660828
2020-02-02 06:15:00,4.8245,9.634899
2020-02-02 06:30:00,4.6045,8.466003
2020-02-02 06:45:00,4.6045,7.146173
2020-02-02 07:00:00,4.3845,7.493714
2020-02-02 07:15:00,4.3845,7.716498
2020-02-02 07:30:00,4.165,9.020098
2020-02-02 07:45:00,3.9455,10.1337805
2020-02-02 08:00:00,3.9455,8.8603115
2020-02-02 08:15:00,3.9455,7.8030996
2020-02-02 08:30:00,4.165,6.991021
2020-02-02 08:45:00,4.6045,7.8036265
2020-02-02 09:00:00,5.2635,9.4284315
2020-02-02 09:15:00,5.7035,11.041672
2020-02-02 09:30:00,6.582,12.718332
2020-02-02 09:45:00,7.4605,12.147683
2020-02-02 10:00:00,8.3395,12.53908
2020-02-02 10:15:00,9.4385,12.293205
2020-02-02 10:30:00,10.537,13.128498
2020-02-02 10:45:00,11.6355,12.761486
2020-02-02 11:00:00,12.5145,13.779869
2020-02-02 11:15:00,13.833,14.16599
2020-02-02 11:30:00,14.7115,12.981897
2020-02-02 11:45:00,15.371,13.8999405
2020-02-02 12:00:00,15.8105,12.913499
2020-02-02 12:15:00,15.8105,13.653565
2020-02-02 12:30:00,16.03,14.589463
2020-02-02 12:45:00,15.8105,12.741604
2020-02-02 13:00:00,15.371,12.646928
2020-02-02 13:15:00,14.932,12.219059
2020-02-02 13:30:00,14.492,11.94895
2020-02-02 13:45:00,14.492,12.967972
2020-02-02 14:00:00,14.492,13.099922
2020-02-02 14:15:00,14.712,13.371508
2020-02-02 14:30:00,15.1515,13.459158
2020-02-02 14:45:00,15.591,13.148158
2020-02-02 15:00:00,15.591,13.236797
2020-02-02 15:15:00,15.8105,13.88426
2020-02-02 15:30:00,15.8105,14.121514
2020-02-02 15:45:00,15.371,13.967646
2020-02-02 16:00:00,14.932,13.972866
2020-02-02 16:15:00,14.712,12.649563
2020-02-02 16:30:00,14.492,12.275814
2020-02-02 16:45:00,14.053,11.717185
2020-02-02 17:00:00,13.613,11.522461
2020-02-02 17:15:00,13.3935,11.129738
2020-02-02 17:30:00,12.954,10.862331
2020-02-02 17:45:00,12.5145,10.361118
2020-02-02 18:00:00,12.075,9.889386
2020-02-02 18:15:00,11.6355,9.499458
2020-02-02 18:30:00,11.1965,9.513584
2020-02-02 18:45:00,10.757,9.460125
2020-02-02 19:00:00,10.757,9.639076
2020-02-02 19:15:00,10.3175,9.945722
2020-02-02 19:30:00,10.3175,9.543992
2020-02-02 19:45:00,9.878,8.205493
2020-02-02 20:00:00,9.878,8.34348
2020-02-02 20:15:00,9.878,7.705737
2020-02-02 20:30:00,9.4385,7.8008423
2020-02-02 20:45:00,9.4385,8.286739
2020-02-02 21:00:00,9.4385,7.732939
2020-02-02 21:15:00,9.2185,7.85637
2020-02-02 21:30:00,8.999,8.15744
2020-02-02 21:45:00,8.999,7.6865845
2020-02-02 22:00:00,8.7795,7.6526895
2020-02-02 22:15:00,8.5595,8.060357
2020-02-02 22:30:00,8.5595,7.9420176
2020-02-02 22:45:00,8.3395,8.200136
2020-02-02 23:00:00,8.12,8.221331
2020-02-02 23:15:00,8.12,8.4741
2020-02-02 23:30:00,7.9005,8.701349
2020-02-02 23:45:00,7.6805,8.975861
2020-02-03 00:00:00,7.6805,9.107373
2020-02-03 00:15:00,7.4605,8.6533375
2020-02-03 00:30:00,7.241,6.187455
2020-02-03 00:45:00,7.0215,8.29072
2020-02-03 01:00:00,7.0215,6.120412
2020-02-03 01:15:00,7.0215,5.189519
2020-02-03 01:30:00,6.582,5.623656
2020-02-03 01:45:00,6.582,5.9687133
2020-02-03 02:00:00,6.582,6.2880726
2020-02-03 02:15:00,6.1425,7.3952274
2020-02-03 02:30:00,6.1425,6.6782117
2020-02-03 02:45:00,5.923,7.5301604
2020-02-03 03:00:00,5.7035,7.7372313
2020-02-03 03:15:00,5.7035,6.739629
2020-02-03 03:30:00,5.2635,7.6383734
2020-02-03 03:45:00,5.2635,6.592098
2020-02-03 04:00:00,4.8245,8.154425
2020-02-03 04:15:00,4.8245,9.370129
2020-02-03 04:30:00,4.3845,9.553688
2020-02-03 04:45:00,4.3845,10.468369
2020-02-03 05:00:00,3.9455,10.430666
2020-02-03 05:15:00,3.9455,10.685743
2020-02-03 05:30:00,3.5055,11.03339
2020-02-03 05:45:00,3.286,10.132637
2020-02-03 06:00:00,3.0665,10.109638
2020-02-03 06:15:00,3.0665,9.305721
2020-02-03 06:30:00,2.627,8.305026
2020-02-03 06:45:00,2.627,9.382346
2020-02-03 07:00:00,2.1875,9.429649
2020-02-03 07:15:00,2.1875,10.487997
2020-02-03 07:30:00,2.1875,11.702044
2020-02-03 07:45:00,2.1875,10.441446
2020-02-03 08:00:00,2.1875,10.658851
2020-02-03 08:15:00,2.1875,10.192681
2020-02-03 08:30:00,2.627,10.567533
2020-02-03 08:45:00,3.0665,12.105906
2020-02-03 09:00:00,3.9455,12.893704
2020-02-03 09:15:00,4.8245,13.739145
2020-02-03 09:30:00,5.7035,13.802548
2020-02-03 09:45:00,6.582,13.456455
2020-02-03 10:00:00,7.241,12.955146
2020-02-03 10:15:00,7.9005,12.730024
2020-02-03 10:30:00,8.779,12.714484
2020-02-03 10:45:00,9.658,12.337018
2020-02-03 11:00:00,10.537,12.145431
2020-02-03 11:15:00,11.416,12.097971
2020-02-03 11:30:00,12.0755,12.193092
2020-02-03 11:45:00,12.954,12.89752
2020-02-03 12:00:00,13.6135,13.559778
2020-02-03 12:15:00,13.833,14.120361
2020-02-03 12:30:00,13.6135,15.261305
2020-02-03 12:45:00,13.6135,14.776639
2020-02-03 13:00:00,13.6135,15.103209
2020-02-03 13:15:00,13.833,15.806053
2020-02-03 13:30:00,14.2725,15.371738
2020-02-03 13:45:00,14.9315,15.069173
2020-02-03 14:00:00,14.9315,14.696982
2020-02-03 14:15:00,14.7115,14.035522
2020-02-03 14:30:00,13.833,14.267475
2020-02-03 14:45:00,13.174,13.9092865
2020-02-03 15:00:00,12.954,13.764136
2020-02-03 15:15:00,12.515,13.630157
2020-02-03 15:30:00,12.075,13.513648
2020-02-03 15:45:00,11.8555,13.36419
2020-02-03 16:00:00,11.416,13.396122
2020-02-03 16:15:00,10.9765,13.03314
2020-02-03 16:30:00,10.537,12.982176
2020-02-03 16:45:00,9.878,12.5676155
2020-02-03 17:00:00,9.658,12.376027
2020-02-03 17:15:00,9.219,12.303221
2020-02-03 17:30:00,8.999,12.017396
2020-02-03 17:45:00,8.5595,11.66386
2020-02-03 18:00:00,8.12,11.500034
2020-02-03 18:15:00,7.9005,11.392448
2020-02-03 18:30:00,7.6805,11.227728
2020-02-03 18:45:00,7.4605,10.708399
2020-02-03 19:00:00,7.241,10.7315235
2020-02-03 19:15:00,7.0215,10.821586
2020-02-03 19:30:00,6.802,10.299725
2020-02-03 19:45:00,6.582,9.265224
2020-02-03 20:00:00,6.582,8.202614
2020-02-03 20:15:00,6.1425,7.009598
2020-02-03 20:30:00,6.1425,6.8825083
2020-02-03 20:45:00,5.7035,6.547643
2020-02-03 21:00:00,5.7035,6.772604
2020-02-03 21:15:00,5.7035,7.2522397
2020-02-03 21:30:00,5.2635,7.8269224
2020-02-03 21:45:00,5.2635,8.060345
2020-02-03 22:00:00,5.2635,8.260003
2020-02-03 22:15:00,5.044,8.087818
2020-02-03 22:30:00,4.8245,7.686198
2020-02-03 22:45:00,4.8245,8.176595
2020-02-03 23:00:00,4.3845,8.697093
2020-02-03 23:15:00,4.3845,9.592948
2020-02-03 23:30:00,4.3845,9.541293
2020-02-03 23:45:00,3.9455,8.139917
2020-02-04 00:00:00,3.9455,7.3227077
2020-02-04 00:15:00,3.5055,7.7029448
2020-02-04 00:30:00,3.5055,5.721031
2020-02-04 00:45:00,3.0665,9.977885
2020-02-04 01:00:00,2.847,9.135932
2020-02-04 01:15:00,2.627,7.5274563
2020-02-04 01:30:00,2.407,7.6316824
2020-02-04 01:45:00,2.1875,7.177319
2020-02-04 02:00:00,1.968,7.4074154
2020-02-04 02:15:00,1.7485,7.5630426
2020-02-04 02:30:00,1.7485,8.050737
2020-02-04 02:45:00,1.3085,8.161312
2020-02-04 03:00:00,1.3085,8.244104
2020-02-04 03:15:00,1.089,8.282334
2020-02-04 03:30:00,0.8695,8.599011
2020-02-04 03:45:00,0.8695,8.851588
2020-02-04 04:00:00,0.4295,8.781496
2020-02-04 04:15:00,0.4295,8.941191
2020-02-04 04:30:00,0.4295,8.967224
2020-02-04 04:45:00,0.21,8.757098
2020-02-04 05:00:00,-0.0095,8.943401
2020-02-04 05:15:00,-0.0095,8.9544525
2020-02-04 05:30:00,-0.2295,8.768087
2020-02-04 05:45:00,-0.2295,8.935371
2020-02-04 06:00:00,-0.4495,9.384546
2020-02-04 06:15:00,-0.4495,9.840895
2020-02-04 06:30:00,-0.669,9.14859
2020-02-04 06:45:00,-0.8885,8.913385
2020-02-04 07:00:00,-0.8885,8.61942
2020-02-04 07:15:00,-1.1085,8.372037
2020-02-04 07:30:00,-1.1085,9.500364
2020-02-04 07:45:00,-1.1085,8.235533
2020-02-04 08:00:00,-1.1085,7.581116
2020-02-04 08:15:00,-0.669,6.839533
2020-02-04 08:30:00,-0.2295,6.4353395
2020-02-04 08:45:00,0.21,6.644122
2020-02-04 09:00:00,1.089,7.0668473
2020-02-04 09:15:00,1.968,8.424269
2020-02-04 09:30:00,3.0665,9.811899
2020-02-04 09:45:00,4.3845,11.005226
2020-02-04 10:00:00,5.044,12.390441
2020-02-04 10:15:00,6.1425,13.430505
2020-02-04 10:30:00,7.2415,12.466297
2020-02-04 10:45:00,8.3395,11.159458
2020-02-04 11:00:00,9.4385,11.1350565
2020-02-04 11:15:00,10.0975,10.369957
2020-02-04 11:30:00,10.7565,11.559915
2020-02-04 11:45:00,11.416,12.802647
2020-02-04 12:00:00,12.075,13.034911
2020-02-04 12:15:00,12.515,13.812038
2020-02-04 12:30:00,12.7345,14.820434
2020-02-04 12:45:00,13.174,14.803457
2020-02-04 13:00:00,13.833,14.687462
2020-02-04 13:15:00,14.0525,14.45322
2020-02-04 13:30:00,14.712,14.166402
2020-02-04 13:45:00,14.712,14.37889
2020-02-04 14:00:00,14.7115,14.95075
2020-02-04 14:15:00,14.712,14.962532
2020-02-04 14:30:00,14.4925,14.770167
2020-02-04 14:45:00,14.712,13.6775
2020-02-04 15:00:00,14.712,13.443539
2020-02-04 15:15:00,14.712,13.2940235
2020-02-04 15:30:00,14.4925,13.187522
2020-02-04 15:45:00,14.2725,12.8750305
2020-02-04 16:00:00,14.0525,13.011759
2020-02-04 16:15:00,13.6135,12.79912
2020-02-04 16:30:00,12.954,12.700346
2020-02-04 16:45:00,12.5145,12.440867
2020-02-04 17:00:00,12.295,12.011999
2020-02-04 17:15:00,11.636,11.513994
2020-02-04 17:30:00,10.9765,11.163958
2020-02-04 17:45:00,10.537,10.455299
2020-02-04 18:00:00,10.098,10.736935
2020-02-04 18:15:00,9.658,10.852463
2020-02-04 18:30:00,9.4385,11.248801
2020-02-04 18:45:00,8.999,11.249516
2020-02-04 19:00:00,8.7795,10.248222
2020-02-04 19:15:00,8.3395,10.755481
2020-02-04 19:30:00,8.3395,11.074665
2020-02-04 19:45:00,8.12,10.116719
2020-02-04 20:00:00,8.12,9.538229
2020-02-04 20:15:00,7.6805,7.9519105
2020-02-04 20:30:00,7.6805,6.4508615
2020-02-04 20:45:00,7.6805,6.2685604
2020-02-04 21:00:00,7.6805,6.524375
2020-02-04 21:15:00,7.461,6.8136053
2020-02-04 21:30:00,7.241,6.9996214
2020-02-04 21:45:00,7.241,7.517274
2020-02-04 22:00:00,7.241,7.6583185
2020-02-04 22:15:00,7.0215,7.417222
2020-02-04 22:30:00,6.8015,7.3674016
2020-02-04 22:45:00,6.582,7.363966
2020-02-04 23:00:00,6.3625,8.336477
2020-02-04 23:15:00,6.1425,9.18658
2020-02-04 23:30:00,6.1425,10.423696
2020-02-04 23:45:00,5.923,9.393492
2020-02-05 00:00:00,5.7035,8.813461
2020-02-05 00:15:00,5.2635,8.85803
2020-02-05 00:30:00,5.044,5.6662846
2020-02-05 00:45:00,4.8245,9.39259
2020-02-05 01:00:00,4.6045,7.3913994
2020-02-05 01:15:00,4.3845,5.178406
2020-02-05 01:30:00,4.165,4.6760287
2020-02-05 01:45:00,3.9455,4.0435104
2020-02-05 02:00:00,3.7255,5.453527
2020-02-05 02:15:00,3.5055,6.6443005
2020-02-05 02:30:00,3.286,8.066608
2020-02-05 02:45:00,3.0665,8.596067
2020-02-05 03:00:00,3.0665,8.510701
2020-02-05 03:15:00,2.627,8.428216
2020-02-05 03:30:00,2.627,8.266391
2020-02-05 03:45:00,2.627,8.119586
2020-02-05 04:00:00,2.1875,8.058261
2020-02-05 04:15:00,2.1875,6.9241896
2020-02-05 04:30:00,2.1875,5.880622
2020-02-05 04:45:00,1.7485,4.739905
2020-02-05 05:00:00,1.7485,3.768736
2020-02-05 05:15:00,1.3085,5.5197215
2020-02-05 05:30:00,1.3085,7.6086426
2020-02-05 05:45:00,1.3085,9.000095
2020-02-05 06:00:00,1.3085,9.137003
2020-02-05 06:15:00,0.8695,7.7450104
2020-02-05 06:30:00,0.8695,7.8014975
2020-02-05 06:45:00,0.8695,7.976848
2020-02-05 07:00:00,0.6495,9.895163
2020-02-05 07:15:00,0.4295,11.121305
2020-02-05 07:30:00,0.4295,11.065783
2020-02-05 07:45:00,0.4295,11.325592
2020-02-05 08:00:00,0.4295,11.271435
2020-02-05 08:15:00,0.8695,11.978202
2020-02-05 08:30:00,1.3085,13.151276
2020-02-05 08:45:00,1.7485,13.91652
2020-02-05 09:00:00,2.4075,14.957193
2020-02-05 09:15:00,3.0665,15.754953
2020-02-05 09:30:00,4.165,15.904448
2020-02-05 09:45:00,4.824,16.13705
2020-02-05 10:00:00,5.4835,16.113892
2020-02-05 10:15:00,6.3625,16.253487
2020-02-05 10:30:00,7.241,16.615887
2020-02-05 10:45:00,8.12,16.263037
2020-02-05 11:00:00,8.999,16.473616
2020-02-05 11:15:00,10.0975,15.844198
2020-02-05 11:30:00,10.757,13.866958
2020-02-05 11:45:00,11.6355,12.791473
2020-02-05 12:00:00,12.295,12.314278
2020-02-05 12:15:00,12.7345,12.9928875
2020-02-05 12:30:00,12.9545,14.291191
2020-02-05 12:45:00,13.174,14.514303
2020-02-05 13:00:00,13.6135,14.515574
2020-02-05 13:15:00,14.492,13.63302
2020-02-05 13:30:00,15.1515,14.083049
2020-02-05 13:45:00,15.591,14.069055
2020-02-05 14:00:00,16.25,14.157172
2020-02-05 14:15:00,16.25,14.411215
2020-02-05 14:30:00,16.25,14.568817
2020-02-05 14:45:00,16.0305,14.548561
2020-02-05 15:00:00,16.0305,14.906554
2020-02-05 15:15:00,16.0305,14.844995
2020-02-05 15:30:00,15.591,14.566486
2020-02-05 15:45:00,15.371,14.115373
2020-02-05 16:00:00,14.932,14.470718
2020-02-05 16:15:00,14.492,14.2490835
2020-02-05 16:30:00,14.053,14.227985
2020-02-05 16:45:00,13.3935,13.976687
2020-02-05 17:00:00,12.954,12.757679
2020-02-05 17:15:00,12.5145,12.485733
2020-02-05 17:30:00,12.2945,12.265561
2020-02-05 17:45:00,11.8555,11.755937
2020-02-05 18:00:00,11.1965,11.722684
2020-02-05 18:15:00,10.757,11.834352
2020-02-05 18:30:00,10.3175,12.222991
2020-02-05 18:45:00,9.878,12.218105
2020-02-05 19:00:00,9.658,12.487524
2020-02-05 19:15:00,9.219,11.183125
2020-02-05 19:30:00,8.999,9.780595
2020-02-05 19:45:00,8.5595,8.196867
2020-02-05 20:00:00,8.34,6.8492694
2020-02-05 20:15:00,8.12,6.580016
2020-02-05 20:30:00,7.6805,7.4718933
2020-02-05 20:45:00,7.6805,7.2258186
2020-02-05 21:00:00,7.241,7.202815
2020-02-05 21:15:00,7.0215,8.171159
2020-02-05 21:30:00,6.8015,8.65386
2020-02-05 21:45:00,6.582,9.539282
2020-02-05 22:00:00,6.3625,9.46806
2020-02-05 22:15:00,6.1425,9.40625
2020-02-05 22:30:00,5.923,8.136936
2020-02-05 22:45:00,5.7035,6.748188
2020-02-05 23:00:00,5.7035,7.5499706
2020-02-05 23:15:00,5.4835,7.071933
2020-02-05 23:30:00,5.2635,7.280555
2020-02-05 23:45:00,5.2635,7.2807274
2020-02-06 00:00:00,5.044,8.467646
2020-02-06 00:15:00,4.8245,9.396222
2020-02-06 00:30:00,4.8245,7.3224387
2020-02-06 00:45:00,4.8245,10.014212
2020-02-06 01:00:00,4.6045,7.378317
2020-02-06 01:15:00,4.3845,5.787154
2020-02-06 01:30:00,4.3845,5.9274797
2020-02-06 01:45:00,4.3845,7.2278924
2020-02-06 02:00:00,4.165,6.208804
2020-02-06 02:15:00,3.9455,6.4586744
2020-02-06 02:30:00,3.9455,7.023588
2020-02-06 02:45:00,3.5055,6.3669925
2020-02-06 03:00:00,3.5055,7.500206
2020-02-06 03:15:00,3.5055,7.1116643
2020-02-06 03:30:00,3.286,6.928076
2020-02-06 03:45:00,3.0665,7.405974
2020-02-06 04:00:00,3.0665,7.525656
2020-02-06 04:15:00,2.8465,7.8902993
2020-02-06 04:30:00,2.627,8.114952
2020-02-06 04:45:00,2.627,7.906182
2020-02-06 05:00:00,2.627,7.1009407
2020-02-06 05:15:00,2.1875,6.131748
2020-02-06 05:30:00,2.1875,5.216272
2020-02-06 05:45:00,2.1875,4.050615
2020-02-06 06:00:00,2.1875,4.2571354
2020-02-06 06:15:00,2.1875,4.437114
2020-02-06 06:30:00,1.968,3.2463195
2020-02-06 06:45:00,1.7485,1.8590474
2020-02-06 07:00:00,1.7485,-0.28237915
2020-02-06 07:15:00,1.7485,-1.4537168
2020-02-06 07:30:00,1.7485,-1.3236418
2020-02-06 07:45:00,1.7485,-1.5023518
2020-02-06 08:00:00,1.968,-0.13854074
2020-02-06 08:15:00,2.627,-0.23156261
2020-02-06 08:30:00,2.847,0.53808546
2020-02-06 08:45:00,3.5055,1.251065
2020-02-06 09:00:00,3.9455,2.1336117
2020-02-06 09:15:00,4.8245,1.9899116
2020-02-06 09:30:00,5.4835,1.7481246
2020-02-06 09:45:00,6.3625,0.95299387
2020-02-06 10:00:00,6.802,0.13534403
2020-02-06 10:15:00,7.4605,0.44034052
2020-02-06 10:30:00,8.12,0.6902876
2020-02-06 10:45:00,8.779,0.8901949
2020-02-06 11:00:00,9.4385,1.4284611
2020-02-06 11:15:00,10.3175,1.951652
2020-02-06 11:30:00,11.196,2.267671
2020-02-06 11:45:00,11.8555,2.2803528
2020-02-06 12:00:00,12.5145,2.1512158
2020-02-06 12:15:00,12.9545,1.8271074
2020-02-06 12:30:00,12.9545,1.3925962
2020-02-06 12:45:00,13.3935,0.6299076
2020-02-06 13:00:00,13.833,0.41147375
2020-02-06 13:15:00,14.2725,0.6705456
2020-02-06 13:30:00,14.9315,1.2749295
2020-02-06 13:45:00,15.591,1.2883186
2020-02-06 14:00:00,16.0305,1.3610535
2020-02-06 14:15:00,16.25,1.0278745
2020-02-06 14:30:00,16.47,0.5433359
2020-02-06 14:45:00,16.25,0.1264143
2020-02-06 15:00:00,16.25,0.1350708
2020-02-06 15:15:00,16.25,0.29560757
2020-02-06 15:30:00,16.25,0.61556387
2020-02-06 15:45:00,15.8105,0.5754905
2020-02-06 16:00:00,15.371,0.35781527
2020-02-06 16:15:00,15.1515,0.2175417
2020-02-06 16:30:00,14.492,0.19412374
2020-02-06 16:45:00,13.833,-0.13092041
2020-02-06 17:00:00,13.3935,0.44427013
2020-02-06 17:15:00,12.7345,0.7985115
2020-02-06 17:30:00,12.2945,1.0617089
2020-02-06 17:45:00,11.8555,0.9064374
2020-02-06 18:00:00,11.1965,0.2462678
2020-02-06 18:15:00,10.757,0.4671421
2020-02-06 18:30:00,10.3175,1.1328373
2020-02-06 18:45:00,9.658,2.9280663
2020-02-06 19:00:00,9.4385,4.307149
2020-02-06 19:15:00,8.999,4.6767488
2020-02-06 19:30:00,8.5595,4.5675616
2020-02-06 19:45:00,8.34,4.1317186
2020-02-06 20:00:00,7.9,4.748251
2020-02-06 20:15:00,7.6805,5.451619
2020-02-06 20:30:00,7.241,5.2023535
2020-02-06 20:45:00,7.021,4.976651
2020-02-06 21:00:00,6.8015,4.9770756
2020-02-06 21:15:00,6.8015,4.967943
2020-02-06 21:30:00,6.3625,6.2370353
2020-02-06 21:45:00,6.3625,6.0157604
2020-02-06 22:00:00,6.3625,6.0203066
2020-02-06 22:15:00,6.1425,6.0017805
2020-02-06 22:30:00,5.923,6.060445
2020-02-06 22:45:00,5.923,6.748783
2020-02-06 23:00:00,5.7035,6.7690263
2020-02-06 23:15:00,5.7035,5.79249
2020-02-06 23:30:00,5.4835,4.9106464
2020-02-06 23:45:00,5.4835,2.832631
2020-02-07 00:00:00,5.2635,2.9322398
2020-02-07 00:15:00,5.2635,2.385637
2020-02-07 00:30:00,5.044,-0.85708714
2020-02-07 00:45:00,5.044,1.4398663
2020-02-07 01:00:00,4.8245,-2.1876774
2020-02-07 01:15:00,4.8245,-2.1268697
2020-02-07 01:30:00,4.6045,-0.91004467
2020-02-07 01:45:00,4.6045,0.64707756
2020-02-07 02:00:00,4.6045,2.2640877
2020-02-07 02:15:00,4.3845,2.3619142
2020-02-07 02:30:00,4.165,2.5385346
2020-02-07 02:45:00,4.165,2.4591517
2020-02-07 03:00:00,4.165,2.607337
2020-02-07 03:15:00,3.9455,2.7336605
2020-02-07 03:30:00,3.7255,2.9378166
2020-02-07 03:45:00,3.7255,2.8848717
2020-02-07 04:00:00,3.7255,3.058507
2020-02-07 04:15:00,3.7255,3.209055
2020-02-07 04:30:00,3.5055,3.4360042
2020-02-07 04:45:00,3.286,3.4043036
2020-02-07 05:00:00,3.286,3.5978355
2020-02-07 05:15:00,3.0665,2.8624208
2020-02-07 05:30:00,3.0665,3.1144109
2020-02-07 05:45:00,2.8465,3.1071377
2020-02-07 06:00:00,2.8465,3.3340986
2020-02-07 06:15:00,2.8465,4.379532
2020-02-07 06:30:00,2.627,4.632056
2020-02-07 06:45:00,2.627,4.621924
2020-02-07 07:00:00,2.627,4.833638
2020-02-07 07:15:00,2.627,5.0168176
2020-02-07 07:30:00,2.627,5.270381
2020-02-07 07:45:00,2.8465,4.232887
2020-02-07 08:00:00,3.066,2.8692055
2020-02-07 08:15:00,3.286,1.4388561
2020-02-07 08:30:00,3.7255,1.9727118
2020-02-07 08:45:00,4.165,3.2171924
2020-02-07 09:00:00,4.385,5.1911044
2020-02-07 09:15:00,4.824,7.139377
2020-02-07 09:30:00,5.264,7.371172
2020-02-07 09:45:00,5.703,7.3341274
2020-02-07 10:00:00,6.3625,7.5138817
2020-02-07 10:15:00,7.021,7.6596603
2020-02-07 10:30:00,7.461,7.8701315
2020-02-07 10:45:00,8.34,7.8102226
2020-02-07 11:00:00,8.999,7.9659014
2020-02-07 11:15:00,9.878,9.14698
2020-02-07 11:30:00,10.757,10.659815
2020-02-07 11:45:00,11.636,12.739399
2020-02-07 12:00:00,12.295,14.511539
2020-02-07 12:15:00,12.734,15.099737
2020-02-07 12:30:00,12.954,14.758669
2020-02-07 12:45:00,13.3935,13.870398
2020-02-07 13:00:00,13.3935,13.755272
2020-02-07 13:15:00,13.833,13.7302685
2020-02-07 13:30:00,14.4925,14.1598625
2020-02-07 13:45:00,14.9315,14.948942
2020-02-07 14:00:00,15.3715,16.000477
2020-02-07 14:15:00,15.3715,16.174534
2020-02-07 14:30:00,15.591,16.553793
2020-02-07 14:45:00,15.591,15.169903
2020-02-07 15:00:00,15.591,14.43119
2020-02-07 15:15:00,15.591,14.5963125
2020-02-07 15:30:00,15.591,14.7363405
2020-02-07 15:45:00,15.3715,15.149664
2020-02-07 16:00:00,15.3715,16.738918
2020-02-07 16:15:00,14.9315,16.94995
2020-02-07 16:30:00,14.712,16.271347
2020-02-07 16:45:00,14.2725,15.895029
2020-02-07 17:00:00,14.2725,12.719023
2020-02-07 17:15:00,13.833,10.692263
2020-02-07 17:30:00,13.613,11.589043
2020-02-07 17:45:00,13.3935,11.626964
2020-02-07 18:00:00,12.954,13.271987
2020-02-07 18:15:00,12.5145,14.638072
2020-02-07 18:30:00,12.295,14.012608
2020-02-07 18:45:00,12.075,13.257282
2020-02-07 19:00:00,11.6355,13.348715
2020-02-07 19:15:00,11.1965,13.613096
2020-02-07 19:30:00,11.1965,12.248627
2020-02-07 19:45:00,10.757,10.430396
2020-02-07 20:00:00,10.3175,8.409279
2020-02-07 20:15:00,10.3175,6.4091153
2020-02-07 20:30:00,9.878,7.4579744
2020-02-07 20:45:00,9.4385,8.219118
2020-02-07 21:00:00,9.4385,9.314884
2020-02-07 21:15:00,8.999,11.144793
2020-02-07 21:30:00,8.5595,12.007229
2020-02-07 21:45:00,8.5595,12.599546
2020-02-07 22:00:00,8.12,11.441718
2020-02-07 22:15:00,7.9005,10.730311
2020-02-07 22:30:00,7.6805,10.641977
2020-02-07 22:45:00,7.4605,10.354869
2020-02-07 23:00:00,7.241,12.026028
2020-02-07 23:15:00,7.241,12.480558
2020-02-07 23:30:00,7.0215,12.148196
2020-02-07 23:45:00,6.8015,10.277767
2020-02-08 00:00:00,6.8015,8.652317
2020-02-08 00:15:00,6.582,8.209653
2020-02-08 00:30:00,6.3625,5.1268253
2020-02-08 00:45:00,6.3625,9.114911
2020-02-08 01:00:00,6.3625,7.9758053
2020-02-08 01:15:00,6.1425,5.358729
2020-02-08 01:30:00,5.923,4.2548347
2020-02-08 01:45:00,5.7035,3.1073465
2020-02-08 02:00:00,5.4835,2.2440894
2020-02-08 02:15:00,5.2635,3.246179
2020-02-08 02:30:00,5.044,2.4924788
2020-02-08 02:45:00,5.044,2.5443304
2020-02-08 03:00:00,5.044,1.5964065
2020-02-08 03:15:00,5.044,0.94864464
2020-02-08 03:30:00,4.6045,2.1426234
2020-02-08 03:45:00,4.6045,1.7498398
2020-02-08 04:00:00,4.3845,3.038509
2020-02-08 04:15:00,4.165,3.1890566
2020-02-08 04:30:00,4.165,3.416006
2020-02-08 04:45:00,3.9455,3.3843052
2020-02-08 05:00:00,3.7255,3.5778377
2020-02-08 05:15:00,3.5055,4.65095
2020-02-08 05:30:00,3.5055,4.8858533
2020-02-08 05:45:00,3.286,4.85893
2020-02-08 06:00:00,3.0665,5.04501
2020-02-08 06:15:00,2.8465,4.359534
2020-02-08 06:30:00,2.627,4.612058
2020-02-08 06:45:00,2.627,3.193636
2020-02-08 07:00:00,2.4075,2.9968991
2020-02-08 07:15:00,2.4075,2.293706
2020-02-08 07:30:00,2.1875,1.4057856
2020-02-08 07:45:00,2.1875,2.5784497
2020-02-08 08:00:00,2.1875,2.9107947
2020-02-08 08:15:00,2.4075,2.9390361
2020-02-08 08:30:00,2.627,3.5941606
2020-02-08 08:45:00,3.5055,2.8057873
2020-02-08 09:00:00,3.9455,2.857262
2020-02-08 09:15:00,4.8245,3.8405025
2020-02-08 09:30:00,5.4835,4.863203
2020-02-08 09:45:00,6.3625,5.429698
2020-02-08 10:00:00,7.0215,5.5509033
2020-02-08 10:15:00,7.9005,5.7057333
2020-02-08 10:30:00,8.5595,5.8820453
2020-02-08 10:45:00,9.4385,5.7811565
2020-02-08 11:00:00,10.3175,5.7862186
2020-02-08 11:15:00,11.416,5.89801
2020-02-08 11:30:00,12.075,6.0535464
2020-02-08 11:45:00,13.174,5.953568
2020-02-08 12:00:00,13.833,5.9365597
2020-02-08 12:15:00,14.2725,5.866664
2020-02-08 12:30:00,14.492,5.6738815
2020-02-08 12:45:00,14.712,5.2056904
2020-02-08 13:00:00,14.9315,4.9832554
2020-02-08 13:15:00,15.591,4.970044
2020-02-08 13:30:00,16.0305,4.988399
2020-02-08 13:45:00,16.6895,5.0200663
2020-02-08 14:00:00,17.129,5.350253
2020-02-08 14:15:00,17.568,5.4498634
2020-02-08 14:30:00,17.788,5.6219068
2020-02-08 14:45:00,18.0075,5.205722
2020-02-08 15:00:00,18.2275,5.05207
2020-02-08 15:15:00,18.4475,4.9041758
2020-02-08 15:30:00,18.2275,4.7486844
2020-02-08 15:45:00,18.2275,4.6242065
2020-02-08 16:00:00,18.008,4.708278
2020-02-08 16:15:00,17.568,4.5951896
2020-02-08 16:30:00,17.3485,4.6661363
2020-02-08 16:45:00,16.909,4.2624555
2020-02-08 17:00:00,16.25,4.101981
2020-02-08 17:15:00,15.8105,4.134208
2020-02-08 17:30:00,15.3715,4.060808
2020-02-08 17:45:00,14.9315,3.7753236
2020-02-08 18:00:00,14.4925,3.617167
2020-02-08 18:15:00,14.0525,3.3313198
2020-02-08 18:30:00,13.6135,3.126973
2020-02-08 18:45:00,13.1735,2.8523316
2020-02-08 19:00:00,12.7345,2.916474
2020-02-08 19:15:00,12.075,2.941416
2020-02-08 19:30:00,11.855,3.213791
2020-02-08 19:45:00,11.416,2.9709423
2020-02-08 20:00:00,11.1965,2.7734547
2020-02-08 20:15:00,10.757,2.551165
2020-02-08 20:30:00,10.3175,2.4848847
2020-02-08 20:45:00,10.3175,2.0487134
2020-02-08 21:00:00,9.878,2.0354517
2020-02-08 21:15:00,9.878,2.0477273
2020-02-08 21:30:00,9.4385,1.9564686
2020-02-08 21:45:00,9.4385,1.703454
2020-02-08 22:00:00,9.2185,1.568167
2020-02-08 22:15:00,8.999,1.1773069
2020-02-08 22:30:00,8.999,1.0605011
2020-02-08 22:45:00,8.999,0.60742855
2020-02-08 23:00:00,8.7795,0.435472
2020-02-08 23:15:00,8.5595,0.433959
2020-02-08 23:30:00,8.5595,0.55345106
2020-02-08 23:45:00,8.3395,0.58056164
2020-02-09 00:00:00,8.3395,0.58688784
2020-02-09 00:15:00,8.12,0.56205606
2020-02-09 00:30:00,7.9005,-2.5533671
2020-02-09 00:45:00,7.6805,0.16538954
2020-02-09 01:00:00,7.6805,-1.8570414
2020-02-09 01:15:00,7.6805,-3.3181915
2020-02-09 01:30:00,7.6805,-3.2675667
2020-02-09 01:45:00,7.4605,-3.1162786
2020-02-09 02:00:00,7.241,-3.1805649
2020-02-09 02:15:00,7.241,-3.097355
2020-02-09 02:30:00,7.241,-2.8950825
2020-02-09 02:45:00,7.241,-3.2411747
2020-02-09 03:00:00,7.241,-3.0716324
2020-02-09 03:15:00,7.241,-2.9438257
2020-02-09 03:30:00,7.241,-2.6534867
2020-02-09 03:45:00,7.241,-2.468245
2020-02-09 04:00:00,7.241,-2.2042532
2020-02-09 04:15:00,7.241,-1.9859276
2020-02-09 04:30:00,7.241,-1.7481527
2020-02-09 04:45:00,7.241,-1.808208
2020-02-09 05:00:00,7.241,-1.5805197
2020-02-09 05:15:00,7.241,-1.4405584
2020-02-09 05:30:00,7.241,-1.3042345
2020-02-09 05:45:00,7.241,-1.4322667
2020-02-09 06:00:00,7.241,-1.3703699
2020-02-09 06:15:00,7.241,-1.197587
2020-02-09 06:30:00,7.241,-0.9237766
2020-02-09 06:45:00,7.4605,-1.0559702
2020-02-09 07:00:00,7.4605,-1.0096488
2020-02-09 07:15:00,7.4605,-0.8992443
2020-02-09 07:30:00,7.6805,-0.8757262
2020-02-09 07:45:00,7.6805,-0.89605474
2020-02-09 08:00:00,7.6805,-0.6444335
2020-02-09 08:15:00,7.9,-0.36487198
2020-02-09 08:30:00,8.12,0.14018917
2020-02-09 08:45:00,8.12,0.5394335
2020-02-09 09:00:00,8.34,1.4977934
2020-02-09 09:15:00,8.34,2.4233294
2020-02-09 09:30:00,8.779,3.575861
2020-02-09 09:45:00,9.219,4.1271076
2020-02-09 10:00:00,9.4385,4.6480503
2020-02-09 10:15:00,9.878,4.995872
2020-02-09 10:30:00,10.3175,5.1020947
2020-02-09 10:45:00,10.3175,5.0471735
2020-02-09 11:00:00,10.757,5.155209
2020-02-09 11:15:00,11.1965,5.21377
2020-02-09 11:30:00,11.6355,5.304359
2020-02-09 11:45:00,11.855,5.567325
2020-02-09 12:00:00,12.5145,5.7705092
2020-02-09 12:15:00,12.954,6.0171237
2020-02-09 12:30:00,13.833,6.659061
2020-02-09 12:45:00,14.2725,6.73386
2020-02-09 13:00:00,14.2725,7.3178883
2020-02-09 13:15:00,15.1515,9.036103
2020-02-09 13:30:00,15.591,10.804033
2020-02-09 13:45:00,16.0305,12.8894825
2020-02-09 14:00:00,16.6895,15.353762
2020-02-09 14:15:00,16.6895,16.485472
2020-02-09 14:30:00,17.1285,17.25593
2020-02-09 14:45:00,17.3485,17.351652
2020-02-09 15:00:00,17.3485,16.292847
2020-02-09 15:15:00,17.5685,15.280198
2020-02-09 15:30:00,17.5685,14.469376
2020-02-09 15:45:00,17.5685,13.291645
2020-02-09 16:00:00,17.5685,13.401667
2020-02-09 16:15:00,17.5685,13.793657
2020-02-09 16:30:00,17.3485,14.174542
2020-02-09 16:45:00,17.3485,13.773109
2020-02-09 17:00:00,16.909,13.3177185
2020-02-09 17:15:00,16.909,12.629983
2020-02-09 17:30:00,16.909,10.90299
2020-02-09 17:45:00,16.4695,10.234963
2020-02-09 18:00:00,16.4695,10.360485
2020-02-09 18:15:00,16.0305,10.5455475
2020-02-09 18:30:00,16.0305,11.92189
2020-02-09 18:45:00,15.591,12.304398
2020-02-09 19:00:00,15.591,12.786697
2020-02-09 19:15:00,15.371,12.499775
2020-02-09 19:30:00,15.1515,11.100858
2020-02-09 19:45:00,15.1515,9.237925
2020-02-09 20:00:00,14.932,7.5557795
2020-02-09 20:15:00,14.712,6.3730025
2020-02-09 20:30:00,14.712,6.3956447
2020-02-09 20:45:00,14.492,6.1577826
2020-02-09 21:00:00,14.2725,6.144224
2020-02-09 21:15:00,14.2725,7.8970127
2020-02-09 21:30:00,13.833,9.534597
2020-02-09 21:45:00,13.833,10.704389
2020-02-09 22:00:00,13.833,12.219545
2020-02-09 22:15:00,13.833,11.880711
2020-02-09 22:30:00,13.3935,10.328393
2020-02-09 22:45:00,13.3935,9.6874075
2020-02-09 23:00:00,13.3935,9.255197
2020-02-09 23:15:00,13.3935,8.712133
2020-02-09 23:30:00,13.174,8.755168
2020-02-09 23:45:00,12.954,7.618246
2020-02-10 00:00:00,12.954,6.6070194
2020-02-10 00:15:00,12.954,5.8110313
2020-02-10 00:30:00,12.954,2.8176765
2020-02-10 00:45:00,12.954,5.893408
2020-02-10 01:00:00,12.734,3.8952367
2020-02-10 01:15:00,12.5145,2.5402875
2020-02-10 01:30:00,12.5145,2.686507
2020-02-10 01:45:00,12.5145,2.5772934
2020-02-10 02:00:00,12.5145,2.69621
2020-02-10 02:15:00,12.075,2.7940364
2020-02-10 02:30:00,12.075,2.970657
2020-02-10 02:45:00,12.075,2.891274
2020-02-10 03:00:00,12.075,3.0394592
2020-02-10 03:15:00,12.075,3.1657827
2020-02-10 03:30:00,11.855,3.3699389
2020-02-10 03:45:00,11.6355,3.316994
2020-02-10 04:00:00,11.6355,3.4906292
2020-02-10 04:15:00,11.6355,3.6411772
2020-02-10 04:30:00,11.6355,3.8681264
2020-02-10 04:45:00,11.6355,3.8364258
2020-02-10 05:00:00,11.6355,4.029958
2020-02-10 05:15:00,11.6355,4.198807
2020-02-10 05:30:00,11.6355,4.4422536
2020-02-10 05:45:00,11.416,4.425155
2020-02-10 06:00:00,11.416,4.6316757
2020-02-10 06:15:00,11.416,4.811654
2020-02-10 06:30:00,11.416,5.0641785
2020-02-10 06:45:00,11.416,5.0540466
2020-02-10 07:00:00,11.416,5.2657604
2020-02-10 07:15:00,11.416,5.4489403
2020-02-10 07:30:00,10.977,5.702503
2020-02-10 07:45:00,10.977,5.691225
2020-02-10 08:00:00,10.977,4.891284
2020-02-10 08:15:00,10.757,4.0009365
2020-02-10 08:30:00,10.537,4.500106
2020-02-10 08:45:00,10.537,4.743404
2020-02-10 09:00:00,10.537,6.1559105
2020-02-10 09:15:00,10.537,8.736534
2020-02-10 09:30:00,10.537,10.052946
2020-02-10 09:45:00,10.537,11.088517
2020-02-10 10:00:00,10.757,11.219681
2020-02-10 10:15:00,10.977,10.213756
2020-02-10 10:30:00,10.977,9.350858
2020-02-10 10:45:00,11.1965,9.529331
2020-02-10 11:00:00,11.416,10.594629
2020-02-10 11:15:00,12.075,11.961891
2020-02-10 11:30:00,12.295,13.972701
2020-02-10 11:45:00,12.734,13.974995
2020-02-10 12:00:00,12.954,14.009691
2020-02-10 12:15:00,13.3935,13.968108
2020-02-10 12:30:00,13.613,13.31681
2020-02-10 12:45:00,14.053,12.955512
2020-02-10 13:00:00,14.4925,13.597322
2020-02-10 13:15:00,14.9315,13.988027
2020-02-10 13:30:00,15.1515,14.362055
2020-02-10 13:45:00,15.3715,14.617618
2020-02-10 14:00:00,15.1515,14.6639
2020-02-10 14:15:00,15.1515,14.384842
2020-02-10 14:30:00,14.932,14.403196
2020-02-10 14:45:00,14.932,13.555654
2020-02-10 15:00:00,14.932,12.212887
2020-02-10 15:15:00,14.932,12.104706
2020-02-10 15:30:00,14.932,11.810835
2020-02-10 15:45:00,14.932,12.161689
2020-02-10 16:00:00,14.932,13.552185
2020-02-10 16:15:00,14.932,13.699669
2020-02-10 16:30:00,14.712,14.155248
2020-02-10 16:45:00,14.492,13.46171
2020-02-10 17:00:00,14.492,13.0288515
2020-02-10 17:15:00,14.2725,12.76527
2020-02-10 17:30:00,14.053,12.457529
2020-02-10 17:45:00,13.833,12.143762
2020-02-10 18:00:00,13.833,12.054013
2020-02-10 18:15:00,13.3935,11.013444
2020-02-10 18:30:00,13.174,10.101807
2020-02-10 18:45:00,12.954,9.017617
2020-02-10 19:00:00,12.5145,8.1079855
2020-02-10 19:15:00,12.295,8.052058
2020-02-10 19:30:00,12.075,7.836099
2020-02-10 19:45:00,11.855,7.359818
2020-02-10 20:00:00,11.6355,7.1104918
2020-02-10 20:15:00,11.1965,7.710473
2020-02-10 20:30:00,10.977,7.724903
2020-02-10 20:45:00,10.757,8.71204
2020-02-10 21:00:00,10.537,9.640842
2020-02-10 21:15:00,10.3175,9.669855
2020-02-10 21:30:00,9.878,9.660004
2020-02-10 21:45:00,9.878,9.33838
2020-02-10 22:00:00,9.4385,9.840521
2020-02-10 22:15:00,9.4385,10.113944
2020-02-10 22:30:00,8.999,11.233376
2020-02-10 22:45:00,8.999,10.886694
2020-02-10 23:00:00,8.5595,11.034028
2020-02-10 23:15:00,8.5595,10.919821
2020-02-10 23:30:00,8.3395,10.968523
2020-02-10 23:45:00,8.12,10.81723
2020-02-11 00:00:00,8.12,9.330548
2020-02-11 00:15:00,7.9005,8.299319
2020-02-11 00:30:00,7.6805,4.964135
2020-02-11 00:45:00,7.6805,6.918849
2020-02-11 01:00:00,7.6805,5.6919417
2020-02-11 01:15:00,7.241,4.171366
2020-02-11 01:30:00,7.241,3.4756413
2020-02-11 01:45:00,7.241,1.9716816
2020-02-11 02:00:00,6.8015,0.80993223
2020-02-11 02:15:00,6.8015,0.64712906
2020-02-11 02:30:00,6.3625,0.1885252
2020-02-11 02:45:00,6.3625,0.8442383
2020-02-11 03:00:00,6.1425,0.60704374
2020-02-11 03:15:00,5.923,0.34172678
2020-02-11 03:30:00,5.7035,0.5637646
2020-02-11 03:45:00,5.4835,0.5468674
2020-02-11 04:00:00,5.2635,0.8399668
2020-02-11 04:15:00,5.044,1.2940421
2020-02-11 04:30:00,5.044,1.0328155
2020-02-11 04:45:00,4.8245,1.7426691
2020-02-11 05:00:00,4.6045,2.462843
2020-02-11 05:15:00,4.3845,2.8866606
2020-02-11 05:30:00,4.165,4.328334
2020-02-11 05:45:00,4.165,4.3112354
2020-02-11 06:00:00,3.9455,4.517756
2020-02-11 06:15:00,3.7255,4.697735
2020-02-11 06:30:00,3.7255,4.950259
2020-02-11 06:45:00,3.7255,4.9401264
2020-02-11 07:00:00,3.5055,5.1518407
2020-02-11 07:15:00,3.5055,5.33502
2020-02-11 07:30:00,3.286,5.588584
2020-02-11 07:45:00,3.286,5.5773053
2020-02-11 08:00:00,3.286,5.7860656
2020-02-11 08:15:00,3.7255,4.9731116
2020-02-11 08:30:00,4.165,5.4605002
2020-02-11 08:45:00,4.6045,5.6800523
2020-02-11 09:00:00,5.044,6.125183
2020-02-11 09:15:00,5.923,8.778946
2020-02-11 09:30:00,6.8015,10.806785
2020-02-11 09:45:00,7.241,12.251024
2020-02-11 10:00:00,8.12,12.366968
2020-02-11 10:15:00,8.999,11.190773
2020-02-11 10:30:00,9.6585,9.636139
2020-02-11 10:45:00,10.5375,8.128426
2020-02-11 11:00:00,11.196,8.284103
2020-02-11 11:15:00,12.075,8.404587
2020-02-11 11:30:00,12.734,8.588561
2020-02-11 11:45:00,13.3935,9.614208
2020-02-11 12:00:00,14.2725,9.730966
2020-02-11 12:15:00,14.9315,9.810183
2020-02-11 12:30:00,15.1515,9.939132
2020-02-11 12:45:00,15.5905,8.75585
2020-02-11 13:00:00,16.25,8.852325
2020-02-11 13:15:00,16.6895,8.91258
2020-02-11 13:30:00,17.129,8.90889
2020-02-11 13:45:00,17.568,7.8034267
2020-02-11 14:00:00,17.788,6.9710608
2020-02-11 14:15:00,18.0075,7.1278076
2020-02-11 14:30:00,18.2275,7.1215043
2020-02-11 14:45:00,18.4475,7.962893
2020-02-11 15:00:00,18.4475,8.930893
2020-02-11 15:15:00,18.667,8.931822
2020-02-11 15:30:00,18.447,8.9968
2020-02-11 15:45:00,18.2275,8.791426
2020-02-11 16:00:00,18.008,8.802091
2020-02-11 16:15:00,17.568,8.778795
2020-02-11 16:30:00,17.129,8.820982
2020-02-11 16:45:00,16.909,8.594363
2020-02-11 17:00:00,16.6895,8.585131
2020-02-11 17:15:00,16.25,8.543535
2020-02-11 17:30:00,16.03,8.569223
2020-02-11 17:45:00,15.591,8.328003
2020-02-11 18:00:00,15.1515,8.305781
2020-02-11 18:15:00,14.712,8.253056
2020-02-11 18:30:00,14.4925,8.269667
2020-02-11 18:45:00,14.2725,8.02148
2020-02-11 19:00:00,13.833,7.9940653
2020-02-11 19:15:00,13.3935,7.938138
2020-02-11 19:30:00,13.3935,7.722179
2020-02-11 19:45:00,13.1735,7.2458982
2020-02-11 20:00:00,12.954,6.9965715
2020-02-11 20:15:00,12.7345,6.727318
2020-02-11 20:30:00,12.5145,6.7499604
2020-02-11 20:45:00,12.2945,6.512099
2020-02-11 21:00:00,12.075,6.49854
2020-02-11 21:15:00,11.636,6.460316
2020-02-11 21:30:00,11.416,6.4976563
2020-02-11 21:45:00,11.196,6.2763815
2020-02-11 22:00:00,10.9765,6.280927
2020-02-11 22:15:00,10.757,6.2624016
2020-02-11 22:30:00,10.3175,6.3210654
2020-02-11 22:45:00,10.3175,6.122655
2020-02-11 23:00:00,10.3175,6.1512756
2020-02-11 23:15:00,10.3175,6.158046
2020-02-11 23:30:00,10.0975,6.2432065
2020-02-11 23:45:00,10.0975,6.0723805
2020-02-12 00:00:00,9.878,6.129406
2020-02-12 00:15:00,9.6585,6.165347
2020-02-12 00:30:00,9.6585,3.009647
2020-02-12 00:45:00,9.4385,5.932444
2020-02-12 01:00:00,9.2185,3.788001
2020-02-12 01:15:00,8.999,2.290886
2020-02-12 01:30:00,8.5595,2.4371054
2020-02-12 01:45:00,8.3395,2.3278918
2020-02-12 02:00:00,8.12,2.4468083
2020-02-12 02:15:00,7.6805,2.5446348
2020-02-12 02:30:00,7.461,2.7212558
2020-02-12 02:45:00,7.241,2.6418724
2020-02-12 03:00:00,6.8015,2.7900577
2020-02-12 03:15:00,6.3625,1.4905765
2020-02-12 03:30:00,6.3625,0.6476073
2020-02-12 03:45:00,5.923,-0.63178253
2020-02-12 04:00:00,5.923,-1.8458843
2020-02-12 04:15:00,5.4835,-1.427031
2020-02-12 04:30:00,5.4835,-0.63183403
2020-02-12 04:45:00,5.044,-0.073289394
2020-02-12 05:00:00,5.044,1.2576501
2020-02-12 05:15:00,4.6045,2.158604
2020-02-12 05:30:00,4.6045,2.217073
2020-02-12 05:45:00,4.3845,2.9489791
2020-02-12 06:00:00,4.165,3.5173287
2020-02-12 06:15:00,4.165,4.22609
2020-02-12 06:30:00,3.9455,4.8147774
2020-02-12 06:45:00,3.7255,4.8046446
2020-02-12 07:00:00,3.7255,5.0163593
2020-02-12 07:15:00,3.7255,5.1995387
2020-02-12 07:30:00,3.7255,5.453102
2020-02-12 07:45:00,3.7255,5.441824
2020-02-12 08:00:00,3.7255,4.728806
2020-02-12 08:15:00,3.9455,4.9157476
2020-02-12 08:30:00,4.3845,5.403787
2020-02-12 08:45:00,5.044,5.633406
2020-02-12 09:00:00,5.923,6.9383492
2020-02-12 09:15:00,6.582,7.3220983
2020-02-12 09:30:00,7.4605,7.553893
2020-02-12 09:45:00,8.3395,7.5168486
2020-02-12 10:00:00,8.999,7.6966023
2020-02-12 10:15:00,9.658,7.842381
2020-02-12 10:30:00,10.537,8.052853
2020-02-12 10:45:00,11.1965,7.9929433
2020-02-12 11:00:00,12.075,7.2618732
2020-02-12 11:15:00,12.7345,6.2607284
2020-02-12 11:30:00,13.6135,6.465014
2020-02-12 11:45:00,14.492,5.279838
2020-02-12 12:00:00,15.1515,6.292024
2020-02-12 12:15:00,15.5905,7.4771214
2020-02-12 12:30:00,15.371,7.656776
2020-02-12 12:45:00,15.591,8.620368
2020-02-12 13:00:00,16.0305,8.716845
2020-02-12 13:15:00,16.6895,8.777098
2020-02-12 13:30:00,17.5685,8.900014
2020-02-12 13:45:00,18.008,9.724581
2020-02-12 14:00:00,18.4475,9.780765
2020-02-12 14:15:00,18.447,9.799612
2020-02-12 14:30:00,18.4475,9.870117
2020-02-12 14:45:00,18.667,8.759296
2020-02-12 15:00:00,18.8865,8.795411
2020-02-12 15:15:00,18.8865,8.79634
2020-02-12 15:30:00,18.667,8.861319
2020-02-12 15:45:00,18.447,8.655945
2020-02-12 16:00:00,18.2275,8.666609
2020-02-12 16:15:00,18.008,8.643314
2020-02-12 16:30:00,17.349,8.6855
2020-02-12 16:45:00,17.129,10.336818
2020-02-12 17:00:00,16.4695,11.909494
2020-02-12 17:15:00,16.0305,12.997415
2020-02-12 17:30:00,15.371,14.34304
2020-02-12 17:45:00,14.932,13.598918
2020-02-12 18:00:00,14.492,13.452272
2020-02-12 18:15:00,13.833,13.545902
2020-02-12 18:30:00,13.833,13.546319
2020-02-12 18:45:00,13.3935,13.539242
2020-02-12 19:00:00,13.1735,13.775383
2020-02-12 19:15:00,12.7345,13.537617
2020-02-12 19:30:00,12.7345,11.941006
2020-02-12 19:45:00,12.2945,9.882343
2020-02-12 20:00:00,12.075,9.819782
2020-02-12 20:15:00,11.8555,10.417055
2020-02-12 20:30:00,11.6355,12.226796
2020-02-12 20:45:00,11.416,13.750998
2020-02-12 21:00:00,11.1965,14.013505
2020-02-12 21:15:00,10.977,11.996479
2020-02-12 21:30:00,10.757,10.221252
2020-02-12 21:45:00,10.537,8.187818
2020-02-12 22:00:00,10.3175,7.2060413
2020-02-12 22:15:00,10.098,8.568272
2020-02-12 22:30:00,9.878,9.767305
2020-02-12 22:45:00,9.4385,10.509991
2020-02-12 23:00:00,8.999,10.39185
2020-02-12 23:15:00,8.999,10.012908
2020-02-12 23:30:00,8.5595,8.941249
2020-02-12 23:45:00,8.5595,7.7901697
2020-02-13 00:00:00,8.12,7.8643503
2020-02-13 00:15:00,8.12,6.942935
2020-02-13 00:30:00,7.6805,3.7837186
2020-02-13 00:45:00,7.461,6.6924
2020-02-13 01:00:00,7.241,3.6726053
2020-02-13 01:15:00,7.021,2.1823838
2020-02-13 01:30:00,6.8015,2.3286033
2020-02-13 01:45:00,6.8015,2.21939
2020-02-13 02:00:00,6.3625,2.338306
2020-02-13 02:15:00,6.3625,2.4361324
2020-02-13 02:30:00,5.923,2.6127532
2020-02-13 02:45:00,5.923,2.53337
2020-02-13 03:00:00,5.7035,2.6815555
2020-02-13 03:15:00,5.4835,2.807879
2020-02-13 03:30:00,5.4835,3.0120354
2020-02-13 03:45:00,5.044,2.9590902
2020-02-13 04:00:00,5.044,3.1327255
2020-02-13 04:15:00,4.8245,3.2832732
2020-02-13 04:30:00,4.6045,3.5102227
2020-02-13 04:45:00,4.6045,3.478522
2020-02-13 05:00:00,4.6045,3.6720543
2020-02-13 05:15:00,4.3845,3.840903
2020-02-13 05:30:00,4.165,4.0843496
2020-02-13 05:45:00,4.165,4.9890294
2020-02-13 06:00:00,3.9455,6.0385613
2020-02-13 06:15:00,3.7255,6.2004776
2020-02-13 06:30:00,3.7255,7.2746325
2020-02-13 06:45:00,3.7255,6.3549824
2020-02-13 07:00:00,3.5055,5.742276
2020-02-13 07:15:00,3.5055,5.906203
2020-02-13 07:30:00,3.5055,5.3445997
2020-02-13 07:45:00,3.5055,5.3333216
2020-02-13 08:00:00,3.7255,5.3135004
2020-02-13 08:15:00,4.165,5.56872
2020-02-13 08:30:00,4.8245,6.204974
2020-02-13 08:45:00,5.7035,7.6730595
2020-02-13 09:00:00,6.582,8.141861
2020-02-13 09:15:00,7.461,8.269806
2020-02-13 09:30:00,8.5595,8.477232
2020-02-13 09:45:00,9.878,7.408346
2020-02-13 10:00:00,10.757,7.5881004
2020-02-13 10:15:00,11.855,7.7338786
2020-02-13 10:30:00,12.954,7.9443502
2020-02-13 10:45:00,14.0525,6.7713017
2020-02-13 11:00:00,15.1515,7.8242464
2020-02-13 11:15:00,16.0305,7.9484453
2020-02-13 11:30:00,17.129,8.147947
2020-02-13 11:45:00,18.2275,10.148858
2020-02-13 12:00:00,18.887,10.878419
2020-02-13 12:15:00,19.5455,12.648684
2020-02-13 12:30:00,19.7655,14.121156
2020-02-13 12:45:00,20.205,14.418106
2020-02-13 13:00:00,20.8645,16.943726
2020-02-13 13:15:00,21.743,19.183807
2020-02-13 13:30:00,22.622,21.844011
2020-02-13 13:45:00,23.2815,24.198866
2020-02-13 14:00:00,23.721,24.100023
2020-02-13 14:15:00,23.9405,23.819117
2020-02-13 14:30:00,23.9405,23.27838
2020-02-13 14:45:00,23.9405,22.31166
2020-02-13 15:00:00,24.16,22.305727
2020-02-13 15:15:00,24.38,22.013325
2020-02-13 15:30:00,24.1605,22.102842
2020-02-13 15:45:00,23.9405,22.020039
2020-02-13 16:00:00,23.7205,21.67152
2020-02-13 16:15:00,23.2815,21.524101
2020-02-13 16:30:00,22.8415,21.504683
2020-02-13 16:45:00,22.4025,21.158155
2020-02-13 17:00:00,22.1825,21.419321
2020-02-13 17:15:00,21.523,21.585125
2020-02-13 17:30:00,21.084,21.385262
2020-02-13 17:45:00,21.084,20.989155
2020-02-13 18:00:00,20.645,20.800446
2020-02-13 18:15:00,20.205,20.367912
2020-02-13 18:30:00,19.766,20.559505
2020-02-13 18:45:00,19.326,20.333902
2020-02-13 19:00:00,18.887,20.471905
2020-02-13 19:15:00,18.447,20.493015
2020-02-13 19:30:00,18.008,20.12183
2020-02-13 19:45:00,17.568,19.456367
2020-02-13 20:00:00,17.129,19.09834
2020-02-13 20:15:00,16.909,19.190834
2020-02-13 20:30:00,16.689,19.4696
2020-02-13 20:45:00,16.25,19.837837
2020-02-13 21:00:00,15.811,19.62923
2020-02-13 21:15:00,15.371,19.432337
2020-02-13 21:30:00,14.932,19.328758
2020-02-13 21:45:00,14.492,18.251835
2020-02-13 22:00:00,14.053,17.581438
2020-02-13 22:15:00,13.833,17.172024
2020-02-13 22:30:00,13.613,16.956787
2020-02-13 22:45:00,13.174,17.184587
2020-02-13 23:00:00,12.954,17.974134
2020-02-13 23:15:00,12.954,18.313591
2020-02-13 23:30:00,12.5145,18.534216
2020-02-13 23:45:00,12.295,18.277468
2020-02-14 00:00:00,12.075,18.357683
2020-02-14 00:15:00,12.075,18.371714
2020-02-14 00:30:00,11.855,16.013865
2020-02-14 00:45:00,11.6355,18.987694
2020-02-14 01:00:00,11.416,16.766241
2020-02-14 01:15:00,11.1965,15.336446
2020-02-14 01:30:00,11.1965,14.534313
2020-02-14 01:45:00,11.416,14.479214
2020-02-14 02:00:00,11.6355,15.464214
2020-02-14 02:15:00,11.6355,15.546825
2020-02-14 02:30:00,11.6355,15.702658
2020-02-14 02:45:00,11.6355,15.626528
2020-02-14 03:00:00,11.1965,14.696639
2020-02-14 03:15:00,11.1965,15.763727
2020-02-14 03:30:00,10.757,15.810086
2020-02-14 03:45:00,10.757,15.839912
2020-02-14 04:00:00,10.3175,16.0849
2020-02-14 04:15:00,10.3175,15.384411
2020-02-14 04:30:00,10.098,15.842903
2020-02-14 04:45:00,9.878,16.40631
2020-02-14 05:00:00,9.658,16.70052
2020-02-14 05:15:00,9.4385,16.895227
2020-02-14 05:30:00,9.4385,17.198112
2020-02-14 05:45:00,9.4385,16.414713
2020-02-14 06:00:00,9.219,16.78846
2020-02-14 06:15:00,8.999,17.098698
2020-02-14 06:30:00,8.999,17.065105
2020-02-14 06:45:00,8.999,17.047354
2020-02-14 07:00:00,8.779,18.026415
2020-02-14 07:15:00,8.779,18.456678
2020-02-14 07:30:00,8.779,18.829489
2020-02-14 07:45:00,8.779,18.62842
2020-02-14 08:00:00,8.999,17.520683
2020-02-14 08:15:00,9.4385,17.772968
2020-02-14 08:30:00,9.878,19.102139
2020-02-14 08:45:00,10.5375,19.663006
2020-02-14 09:00:00,11.6355,20.233467
2020-02-14 09:15:00,12.5145,20.5921
2020-02-14 09:30:00,13.3935,20.024883
2020-02-14 09:45:00,14.712,19.976255
2020-02-14 10:00:00,15.811,20.188679
2020-02-14 10:15:00,16.909,19.895126
2020-02-14 10:30:00,18.2275,19.786499
2020-02-14 10:45:00,19.1065,19.749914
2020-02-14 11:00:00,19.7655,19.939981
2020-02-14 11:15:00,20.6445,20.650993
2020-02-14 11:30:00,21.3035,21.258987
2020-02-14 11:45:00,21.5235,21.479145
2020-02-14 12:00:00,21.743,22.055017
2020-02-14 12:15:00,21.963,21.994162
2020-02-14 12:30:00,22.402,21.859732
2020-02-14 12:45:00,23.2815,21.39481
2020-02-14 13:00:00,24.38,21.280855
2020-02-14 13:15:00,25.259,21.242357
2020-02-14 13:30:00,25.918,21.519289
2020-02-14 13:45:00,26.577,21.35388
2020-02-14 14:00:00,26.577,21.581888
2020-02-14 14:15:00,26.3575,21.507654
2020-02-14 14:30:00,25.918,21.652687
2020-02-14 14:45:00,25.479,21.451117
2020-02-14 15:00:00,25.039,21.510283
2020-02-14 15:15:00,24.8195,21.80517
2020-02-14 15:30:00,24.6,22.028257
2020-02-14 15:45:00,24.38,21.956556
2020-02-14 16:00:00,24.16,22.03137
2020-02-14 16:15:00,24.16,21.932755
2020-02-14 16:30:00,24.16,21.881804
2020-02-14 16:45:00,23.9405,21.480219
2020-02-14 17:00:00,23.721,21.28048
2020-02-14 17:15:00,23.721,21.008661
2020-02-14 17:30:00,23.281,20.910604
2020-02-14 17:45:00,23.281,20.755415
2020-02-14 18:00:00,23.0615,20.721182
2020-02-14 18:15:00,22.842,20.799175
2020-02-14 18:30:00,22.402,20.60015
2020-02-14 18:45:00,22.402,20.589384
2020-02-14 19:00:00,21.963,20.80111
2020-02-14 19:15:00,21.963,20.866962
2020-02-14 19:30:00,21.523,20.622116
2020-02-14 19:45:00,21.523,19.785591
2020-02-14 20:00:00,21.523,19.310722
2020-02-14 20:15:00,21.3035,18.940994
2020-02-14 20:30:00,21.084,18.92643
2020-02-14 20:45:00,21.084,18.927414
2020-02-14 21:00:00,20.8645,19.08471
2020-02-14 21:15:00,20.8645,19.18241
2020-02-14 21:30:00,20.8645,19.55732
2020-02-14 21:45:00,20.8645,19.335892
2020-02-14 22:00:00,20.8645,19.317482
2020-02-14 22:15:00,20.645,19.155197
2020-02-14 22:30:00,20.645,19.088263
2020-02-14 22:45:00,20.425,18.704977
2020-02-14 23:00:00,20.425,18.613665
2020-02-14 23:15:00,20.205,18.546558
2020-02-14 23:30:00,20.205,18.63937
2020-02-14 23:45:00,19.9855,18.445038
2020-02-15 00:00:00,19.766,18.509523
2020-02-15 00:15:00,19.326,18.647694
2020-02-15 00:30:00,19.326,15.596487
2020-02-15 00:45:00,18.887,18.471916
2020-02-15 01:00:00,18.667,17.243557
2020-02-15 01:15:00,18.447,16.679527
2020-02-15 01:30:00,18.2275,16.587872
2020-02-15 01:45:00,18.008,16.663273
2020-02-15 02:00:00,17.568,15.443906
2020-02-15 02:15:00,17.568,15.49718
2020-02-15 02:30:00,17.129,16.02619
2020-02-15 02:45:00,17.129,16.04442
2020-02-15 03:00:00,16.689,16.467407
2020-02-15 03:15:00,16.25,15.321945
2020-02-15 03:30:00,16.25,15.3861475
2020-02-15 03:45:00,16.25,15.378815
2020-02-15 04:00:00,15.811,15.664246
2020-02-15 04:15:00,15.811,15.800512
2020-02-15 04:30:00,15.591,16.09544
2020-02-15 04:45:00,15.371,16.166927
2020-02-15 05:00:00,15.371,16.325207
2020-02-15 05:15:00,15.1515,16.47621
2020-02-15 05:30:00,14.932,16.624838
2020-02-15 05:45:00,14.932,16.724962
2020-02-15 06:00:00,14.932,17.033123
2020-02-15 06:15:00,14.492,17.121483
2020-02-15 06:30:00,14.492,17.465246
2020-02-15 06:45:00,14.2725,17.043793
2020-02-15 07:00:00,14.2725,17.215776
2020-02-15 07:15:00,14.053,18.156841
2020-02-15 07:30:00,13.833,19.138577
2020-02-15 07:45:00,13.833,19.07932
2020-02-15 08:00:00,13.613,18.685574
2020-02-15 08:15:00,13.613,16.664017
2020-02-15 08:30:00,13.3935,14.503267
2020-02-15 08:45:00,13.3935,13.944411
2020-02-15 09:00:00,13.3935,13.927581
2020-02-15 09:15:00,13.3935,14.922569
2020-02-15 09:30:00,13.3935,16.212744
2020-02-15 09:45:00,13.3935,15.215401
2020-02-15 10:00:00,13.3935,14.574213
2020-02-15 10:15:00,13.3935,14.117867
2020-02-15 10:30:00,13.3935,13.853619
2020-02-15 10:45:00,13.3935,15.153267
2020-02-15 11:00:00,13.6135,17.241962
2020-02-15 11:15:00,13.6135,18.469927
2020-02-15 11:30:00,13.833,19.466263
2020-02-15 11:45:00,13.833,19.394909
2020-02-15 12:00:00,13.833,19.638336
2020-02-15 12:15:00,13.833,20.496532
2020-02-15 12:30:00,14.2725,20.815258
2020-02-15 12:45:00,14.2725,21.909464
2020-02-15 13:00:00,14.2725,21.229494
2020-02-15 13:15:00,14.2725,20.294449
2020-02-15 13:30:00,14.2725,20.531898
2020-02-15 13:45:00,14.2725,19.247347
2020-02-15 14:00:00,14.4925,19.152473
2020-02-15 14:15:00,14.4925,19.209518
2020-02-15 14:30:00,14.4925,19.300308
2020-02-15 14:45:00,14.4925,19.124384
2020-02-15 15:00:00,14.4925,19.31454
2020-02-15 15:15:00,14.4925,19.399525
2020-02-15 15:30:00,14.4925,19.592907
2020-02-15 15:45:00,14.2725,19.353182
2020-02-15 16:00:00,14.2725,20.490467
2020-02-15 16:15:00,14.2725,21.28513
2020-02-15 16:30:00,13.833,22.129759
2020-02-15 16:45:00,13.613,22.698587
2020-02-15 17:00:00,13.3935,20.99995
2020-02-15 17:15:00,13.174,19.442371
2020-02-15 17:30:00,12.954,18.09475
2020-02-15 17:45:00,12.734,16.602627
2020-02-15 18:00:00,12.5145,15.801864
2020-02-15 18:15:00,12.5145,14.777447
2020-02-15 18:30:00,12.5145,13.650751
2020-02-15 18:45:00,12.5145,12.48329
2020-02-15 19:00:00,12.5145,12.157105
2020-02-15 19:15:00,12.5145,12.448744
2020-02-15 19:30:00,12.5145,12.736053
2020-02-15 19:45:00,12.5145,14.172094
2020-02-15 20:00:00,12.2945,16.468227
2020-02-15 20:15:00,12.075,18.628397
2020-02-15 20:30:00,12.075,20.188782
2020-02-15 20:45:00,12.075,19.631958
2020-02-15 21:00:00,11.8555,19.036345
2020-02-15 21:15:00,11.6355,18.32173
2020-02-15 21:30:00,11.6355,18.108112
2020-02-15 21:45:00,11.6355,17.943335
2020-02-15 22:00:00,11.6355,18.36681
2020-02-15 22:15:00,11.6355,18.227772
2020-02-15 22:30:00,11.6355,19.169954
2020-02-15 22:45:00,11.6355,18.707077
2020-02-15 23:00:00,11.6355,18.178455
2020-02-15 23:15:00,11.6355,18.33917
2020-02-15 23:30:00,11.6355,17.948095
2020-02-15 23:45:00,11.6355,18.819643
2020-02-16 00:00:00,11.6355,19.875751
2020-02-16 00:15:00,11.1965,20.737263
2020-02-16 00:30:00,11.1965,18.236969
2020-02-16 00:45:00,10.757,21.57991
2020-02-16 01:00:00,10.757,19.366714
2020-02-16 01:15:00,10.757,17.404293
2020-02-16 01:30:00,10.757,16.9982
2020-02-16 01:45:00,10.757,16.68246
2020-02-16 02:00:00,10.757,16.820374
2020-02-16 02:15:00,10.757,17.56521
2020-02-16 02:30:00,10.757,18.120647
2020-02-16 02:45:00,10.757,17.69214
2020-02-16 03:00:00,10.757,17.86019
2020-02-16 03:15:00,10.757,18.012985
2020-02-16 03:30:00,10.757,18.18665
2020-02-16 03:45:00,10.757,18.29095
2020-02-16 04:00:00,10.757,17.92759
2020-02-16 04:15:00,10.5375,17.952362
2020-02-16 04:30:00,10.3175,18.045502
2020-02-16 04:45:00,10.0975,17.915243
2020-02-16 05:00:00,9.878,18.632408
2020-02-16 05:15:00,9.878,18.199692
2020-02-16 05:30:00,9.878,18.5495
2020-02-16 05:45:00,9.878,18.892448
2020-02-16 06:00:00,9.878,17.927626
2020-02-16 06:15:00,9.878,18.878643
2020-02-16 06:30:00,9.878,19.33134
2020-02-16 06:45:00,9.878,18.757587
2020-02-16 07:00:00,9.878,20.007084
2020-02-16 07:15:00,9.878,19.926426
2020-02-16 07:30:00,9.878,19.903387
2020-02-16 07:45:00,9.878,20.405664
2020-02-16 08:00:00,10.098,19.299215
2020-02-16 08:15:00,10.098,17.806692
2020-02-16 08:30:00,10.098,17.485767
2020-02-16 08:45:00,10.098,16.99342
2020-02-16 09:00:00,10.3175,18.564384
2020-02-16 09:15:00,10.537,20.365963
2020-02-16 09:30:00,10.537,21.777746
2020-02-16 09:45:00,10.757,21.775526
2020-02-16 10:00:00,10.757,21.824343
2020-02-16 10:15:00,10.977,20.34832
2020-02-16 10:30:00,10.977,18.90156
2020-02-16 10:45:00,11.416,18.0115
2020-02-16 11:00:00,11.6355,17.450008
2020-02-16 11:15:00,11.6355,18.125542
2020-02-16 11:30:00,11.855,18.114021
2020-02-16 11:45:00,12.075,18.684776
2020-02-16 12:00:00,12.075,18.775959
2020-02-16 12:15:00,12.295,19.218044
2020-02-16 12:30:00,12.295,20.00298
2020-02-16 12:45:00,12.295,19.693169
2020-02-16 13:00:00,12.734,20.103573
2020-02-16 13:15:00,12.734,20.027216
2020-02-16 13:30:00,12.734,20.342125
2020-02-16 13:45:00,13.174,20.871796
2020-02-16 14:00:00,13.174,21.868387
2020-02-16 14:15:00,13.174,22.84717
2020-02-16 14:30:00,13.174,23.60918
2020-02-16 14:45:00,13.3935,23.560074
2020-02-16 15:00:00,13.3935,22.681684
2020-02-16 15:15:00,13.613,21.650047
2020-02-16 15:30:00,13.833,21.361515
2020-02-16 15:45:00,13.833,20.081799
2020-02-16 16:00:00,14.053,20.100956
2020-02-16 16:15:00,14.053,20.284584
2020-02-16 16:30:00,14.053,20.093527
2020-02-16 16:45:00,14.2725,19.840942
2020-02-16 17:00:00,14.2725,19.85036
2020-02-16 17:15:00,14.2725,20.321226
2020-02-16 17:30:00,14.2725,20.420263
2020-02-16 17:45:00,14.2725,21.427723
2020-02-16 18:00:00,14.2725,21.790052
2020-02-16 18:15:00,14.2725,21.17172
2020-02-16 18:30:00,14.2725,20.908173
2020-02-16 18:45:00,14.053,20.293869
2020-02-16 19:00:00,14.053,21.059875
2020-02-16 19:15:00,13.833,21.305325
2020-02-16 19:30:00,13.833,20.6413
2020-02-16 19:45:00,13.613,19.767214
2020-02-16 20:00:00,13.613,18.73394
2020-02-16 20:15:00,13.613,18.251587
2020-02-16 20:30:00,13.613,18.238234
2020-02-16 20:45:00,13.613,18.110634
2020-02-16 21:00:00,13.613,18.094313
2020-02-16 21:15:00,13.613,18.017578
2020-02-16 21:30:00,13.613,18.022701
2020-02-16 21:45:00,13.613,18.412107
2020-02-16 22:00:00,13.613,18.435625
2020-02-16 22:15:00,13.613,18.460346
2020-02-16 22:30:00,13.613,18.598999
2020-02-16 22:45:00,13.613,18.347364
2020-02-16 23:00:00,13.613,19.406492
2020-02-16 23:15:00,13.613,20.470388
2020-02-16 23:30:00,13.613,21.4327
2020-02-16 23:45:00,13.613,21.072647
2020-02-17 00:00:00,13.613,21.186335
2020-02-17 00:15:00,13.613,21.338976
2020-02-17 00:30:00,13.613,18.750912
2020-02-17 00:45:00,13.613,21.781116
2020-02-17 01:00:00,13.3935,19.280525
2020-02-17 01:15:00,13.174,18.06116
2020-02-17 01:30:00,13.174,17.817799
2020-02-17 01:45:00,12.734,17.604189
2020-02-17 02:00:00,12.734,18.365482
2020-02-17 02:15:00,12.295,17.23761
2020-02-17 02:30:00,12.075,17.832552
2020-02-17 02:45:00,11.855,18.094986
2020-02-17 03:00:00,11.416,18.097702
2020-02-17 03:15:00,11.1965,19.417519
2020-02-17 03:30:00,10.977,19.50384
2020-02-17 03:45:00,10.757,18.70293
2020-02-17 04:00:00,10.537,18.644896
2020-02-17 04:15:00,10.3175,18.977604
2020-02-17 04:30:00,10.098,19.272598
2020-02-17 04:45:00,10.098,19.81973
2020-02-17 05:00:00,10.098,19.708368
2020-02-17 05:15:00,10.098,19.26202
2020-02-17 05:30:00,10.098,19.658041
2020-02-17 05:45:00,10.098,19.840961
2020-02-17 06:00:00,9.878,20.071552
2020-02-17 06:15:00,9.878,20.264282
2020-02-17 06:30:00,9.658,20.444563
2020-02-17 06:45:00,9.658,20.329004
2020-02-17 07:00:00,9.219,20.723946
2020-02-17 07:15:00,9.219,21.201765
2020-02-17 07:30:00,9.219,20.594763
2020-02-17 07:45:00,9.219,19.96928
2020-02-17 08:00:00,9.219,19.38657
2020-02-17 08:15:00,9.4385,18.289082
2020-02-17 08:30:00,9.658,18.773634
2020-02-17 08:45:00,10.098,19.694967
2020-02-17 09:00:00,10.537,21.070797
2020-02-17 09:15:00,10.977,22.732765
2020-02-17 09:30:00,11.416,23.349592
2020-02-17 09:45:00,12.075,21.633062
2020-02-17 10:00:00,12.5145,19.902487
2020-02-17 10:15:00,12.954,18.210402
2020-02-17 10:30:00,13.613,18.153358
2020-02-17 10:45:00,14.053,19.121517
2020-02-17 11:00:00,14.712,20.328323
2020-02-17 11:15:00,15.3715,22.080984
2020-02-17 11:30:00,15.8105,22.836695
2020-02-17 11:45:00,16.47,22.37137
2020-02-17 12:00:00,16.909,23.17883
2020-02-17 12:15:00,17.3485,23.62798
2020-02-17 12:30:00,17.3485,23.841307
2020-02-17 12:45:00,18.008,25.096455
2020-02-17 13:00:00,18.667,25.269865
2020-02-17 13:15:00,19.3265,25.211685
2020-02-17 13:30:00,20.205,24.376585
2020-02-17 13:45:00,20.6445,24.09215
2020-02-17 14:00:00,21.084,23.75517
2020-02-17 14:15:00,21.304,23.794922
2020-02-17 14:30:00,21.304,24.788397
2020-02-17 14:45:00,21.304,23.858961
2020-02-17 15:00:00,21.743,24.389418
2020-02-17 15:15:00,21.743,23.316723
2020-02-17 15:30:00,21.5235,22.486734
2020-02-17 15:45:00,21.084,22.859941
2020-02-17 16:00:00,20.6445,22.680937
2020-02-17 16:15:00,20.205,22.865728
2020-02-17 16:30:00,19.766,24.20352
2020-02-17 16:45:00,19.326,23.926535
2020-02-17 17:00:00,18.667,23.510113
2020-02-17 17:15:00,18.2275,23.380611
2020-02-17 17:30:00,17.5685,21.996372
2020-02-17 17:45:00,17.1285,21.322569
2020-02-17 18:00:00,16.4695,20.98541
2020-02-17 18:15:00,16.0305,21.522722
2020-02-17 18:30:00,15.591,22.252584
2020-02-17 18:45:00,15.1515,21.740892
2020-02-17 19:00:00,14.712,21.601896
2020-02-17 19:15:00,14.492,20.115673
2020-02-17 19:30:00,14.2725,19.002682
2020-02-17 19:45:00,13.833,17.98281
2020-02-17 20:00:00,13.833,17.364897
2020-02-17 20:15:00,13.613,18.908066
2020-02-17 20:30:00,13.3935,20.189976
2020-02-17 20:45:00,13.3935,20.09421
2020-02-17 21:00:00,13.3935,20.204832
2020-02-17 21:15:00,13.3935,19.074432
2020-02-17 21:30:00,13.3935,17.977152
2020-02-17 21:45:00,13.3935,17.780695
2020-02-17 22:00:00,13.3935,17.671183
2020-02-17 22:15:00,13.3935,17.900032
2020-02-17 22:30:00,13.174,18.960726
2020-02-17 22:45:00,13.174,19.53737
2020-02-17 23:00:00,12.954,20.486809
2020-02-17 23:15:00,12.954,21.379656
2020-02-17 23:30:00,12.954,21.299635
2020-02-17 23:45:00,12.954,21.349318
2020-02-18 00:00:00,12.954,20.240118
2020-02-18 00:15:00,12.954,18.774351
2020-02-18 00:30:00,12.954,15.110364
2020-02-18 00:45:00,12.954,18.283556
2020-02-18 01:00:00,12.734,17.506449
2020-02-18 01:15:00,12.5145,17.749638
2020-02-18 01:30:00,12.5145,18.660694
2020-02-18 01:45:00,12.5145,18.136833
2020-02-18 02:00:00,12.5145,18.23901
2020-02-18 02:15:00,12.5145,18.117138
2020-02-18 02:30:00,12.5145,18.095356
2020-02-18 02:45:00,12.5145,18.370565
2020-02-18 03:00:00,12.5145,18.105606
2020-02-18 03:15:00,12.295,17.955963
2020-02-18 03:30:00,12.295,18.143017
2020-02-18 03:45:00,12.295,18.142118
2020-02-18 04:00:00,12.5145,18.67316
2020-02-18 04:15:00,12.734,18.86193
2020-02-18 04:30:00,12.734,19.118332
2020-02-18 04:45:00,12.734,19.044727
2020-02-18 05:00:00,12.734,19.227556
2020-02-18 05:15:00,12.734,19.73259
2020-02-18 05:30:00,12.734,20.004421
2020-02-18 05:45:00,12.734,19.764992
2020-02-18 06:00:00,12.734,19.276089
2020-02-18 06:15:00,12.734,18.841753
2020-02-18 06:30:00,12.734,19.247812
2020-02-18 06:45:00,12.734,19.584053
2020-02-18 07:00:00,12.734,20.592735
2020-02-18 07:15:00,12.734,21.21589
2020-02-18 07:30:00,12.734,21.050962
2020-02-18 07:45:00,12.734,20.892815
2020-02-18 08:00:00,12.734,20.485708
2020-02-18 08:15:00,12.734,20.48013
2020-02-18 08:30:00,12.734,20.638973
2020-02-18 08:45:00,12.734,20.92286
2020-02-18 09:00:00,12.734,21.735645
2020-02-18 09:15:00,12.954,22.608614
2020-02-18 09:30:00,12.954,22.845373
2020-02-18 09:45:00,13.174,21.584044
2020-02-18 10:00:00,13.174,20.746122
2020-02-18 10:15:00,13.3935,20.328064
2020-02-18 10:30:00,13.613,20.74549
2020-02-18 10:45:00,13.613,21.661295
2020-02-18 11:00:00,13.833,23.12207
2020-02-18 11:15:00,13.833,22.976034
2020-02-18 11:30:00,14.2725,22.634237
2020-02-18 11:45:00,14.2725,21.753105
2020-02-18 12:00:00,14.2725,21.496035
2020-02-18 12:15:00,14.2725,22.162527
2020-02-18 12:30:00,14.2725,22.414795
2020-02-18 12:45:00,14.2725,22.36011
2020-02-18 13:00:00,14.2725,21.393408
2020-02-18 13:15:00,14.2725,20.571138
2020-02-18 13:30:00,14.053,20.668638
2020-02-18 13:45:00,14.053,20.435898
2020-02-18 14:00:00,14.053,20.536034
2020-02-18 14:15:00,13.833,21.682186
2020-02-18 14:30:00,13.3935,21.694635
2020-02-18 14:45:00,12.734,21.86451
2020-02-18 15:00:00,12.295,21.83213
2020-02-18 15:15:00,12.075,21.544773
2020-02-18 15:30:00,11.855,22.031157
2020-02-18 15:45:00,11.416,21.58431
2020-02-18 16:00:00,11.416,21.813303
2020-02-18 16:15:00,11.1965,20.719906
2020-02-18 16:30:00,11.1965,20.716944
2020-02-18 16:45:00,11.1965,20.568462
2020-02-18 17:00:00,11.1965,20.088436
2020-02-18 17:15:00,11.1965,20.558002
2020-02-18 17:30:00,10.757,20.670101
2020-02-18 17:45:00,10.757,20.449463
2020-02-18 18:00:00,10.757,20.577225
2020-02-18 18:15:00,10.5375,19.827824
2020-02-18 18:30:00,10.5375,19.910604
2020-02-18 18:45:00,10.5375,19.922638
2020-02-18 19:00:00,10.5375,20.259691
2020-02-18 19:15:00,10.5375,20.24535
2020-02-18 19:30:00,10.5375,20.67403
2020-02-18 19:45:00,10.5375,19.906736
2020-02-18 20:00:00,10.5375,19.307041
2020-02-18 20:15:00,10.5375,19.32446
2020-02-18 20:30:00,10.5375,18.582119
2020-02-18 20:45:00,10.5375,18.69991
2020-02-18 21:00:00,10.5375,18.997276
2020-02-18 21:15:00,10.5375,18.88837
2020-02-18 21:30:00,10.5375,19.083315
2020-02-18 21:45:00,10.5375,18.670021
2020-02-18 22:00:00,10.5375,18.600351
2020-02-18 22:15:00,10.5375,18.681118
2020-02-18 22:30:00,10.3175,18.60131
2020-02-18 22:45:00,10.3175,18.550467
2020-02-18 23:00:00,10.3175,19.376354
2020-02-18 23:15:00,10.3175,19.41735
2020-02-18 23:30:00,10.3175,19.549232
2020-02-18 23:45:00,10.3175,19.343363
2020-02-19 00:00:00,10.3175,18.341536
2020-02-19 00:15:00,10.3175,19.180782
2020-02-19 00:30:00,10.3175,17.108582
2020-02-19 00:45:00,10.3175,21.16641
2020-02-19 01:00:00,10.3175,20.260113
2020-02-19 01:15:00,10.3175,18.930605
2020-02-19 01:30:00,10.3175,18.937777
2020-02-19 01:45:00,10.3175,18.619371
2020-02-19 02:00:00,10.3175,18.413399
2020-02-19 02:15:00,10.3175,17.528843
2020-02-19 02:30:00,10.3175,17.705383
2020-02-19 02:45:00,10.3175,17.953545
2020-02-19 03:00:00,10.3175,18.46309
2020-02-19 03:15:00,10.3175,18.776737
2020-02-19 03:30:00,10.3175,18.025269
2020-02-19 03:45:00,10.3175,17.755754
2020-02-19 04:00:00,10.3175,17.589787
2020-02-19 04:15:00,10.3175,18.40107
2020-02-19 04:30:00,10.3175,18.805155
2020-02-19 04:45:00,9.878,18.636354
2020-02-19 05:00:00,9.878,17.922321
2020-02-19 05:15:00,9.878,17.50517
2020-02-19 05:30:00,9.878,17.96109
2020-02-19 05:45:00,9.878,16.733511
2020-02-19 06:00:00,9.878,16.835274
2020-02-19 06:15:00,9.878,17.6772
2020-02-19 06:30:00,10.098,18.193943
2020-02-19 06:45:00,10.098,18.352978
2020-02-19 07:00:00,10.3175,18.707142
2020-02-19 07:15:00,10.3175,18.885742
2020-02-19 07:30:00,10.3175,19.579912
2020-02-19 07:45:00,10.3175,20.707542
2020-02-19 08:00:00,10.3175,21.461437
2020-02-19 08:15:00,10.3175,20.91256
2020-02-19 08:30:00,10.3175,20.672052
2020-02-19 08:45:00,10.098,19.735657
2020-02-19 09:00:00,9.878,19.666021
2020-02-19 09:15:00,9.878,19.495598
2020-02-19 09:30:00,9.878,19.12633
2020-02-19 09:45:00,9.4385,19.925648
2020-02-19 10:00:00,9.4385,19.588802
2020-02-19 10:15:00,9.4385,19.42435
2020-02-19 10:30:00,9.4385,18.879679
2020-02-19 10:45:00,9.4385,17.735062
2020-02-19 11:00:00,9.4385,17.47652
2020-02-19 11:15:00,9.4385,18.738556
2020-02-19 11:30:00,9.4385,20.630167
2020-02-19 11:45:00,9.4385,21.458757
2020-02-19 12:00:00,9.4385,22.99684
2020-02-19 12:15:00,9.4385,22.75474
2020-02-19 12:30:00,9.4385,22.693106
2020-02-19 12:45:00,9.4385,22.233662
2020-02-19 13:00:00,9.4385,21.73544
2020-02-19 13:15:00,9.4385,21.602999
2020-02-19 13:30:00,9.4385,21.21395
2020-02-19 13:45:00,9.658,20.74168
2020-02-19 14:00:00,9.878,21.114573
2020-02-19 14:15:00,9.878,21.313492
2020-02-19 14:30:00,9.878,21.517118
2020-02-19 14:45:00,10.098,21.435831
2020-02-19 15:00:00,10.3175,21.545382
2020-02-19 15:15:00,10.3175,21.6339
2020-02-19 15:30:00,10.3175,21.8087
2020-02-19 15:45:00,10.757,21.752329
2020-02-19 16:00:00,10.757,22.400627
2020-02-19 16:15:00,10.757,22.168325
2020-02-19 16:30:00,10.977,22.295702
2020-02-19 16:45:00,10.977,21.974455
2020-02-19 17:00:00,11.1965,21.09213
2020-02-19 17:15:00,11.1965,21.27003
2020-02-19 17:30:00,11.1965,21.016972
2020-02-19 17:45:00,11.1965,20.648127
2020-02-19 18:00:00,11.416,20.490295
2020-02-19 18:15:00,11.416,20.2523
2020-02-19 18:30:00,11.416,20.416264
2020-02-19 18:45:00,11.416,20.445559
2020-02-19 19:00:00,11.416,20.513145
2020-02-19 19:15:00,11.416,20.532784
2020-02-19 19:30:00,11.416,19.830654
2020-02-19 19:45:00,11.416,18.89231
2020-02-19 20:00:00,11.416,18.566477
2020-02-19 20:15:00,11.416,18.592016
2020-02-19 20:30:00,11.416,18.815966
2020-02-19 20:45:00,11.416,18.82751
2020-02-19 21:00:00,11.416,18.807646
2020-02-19 21:15:00,11.416,18.51141
2020-02-19 21:30:00,11.416,19.443392
2020-02-19 21:45:00,11.416,19.36594
2020-02-19 22:00:00,11.6355,20.16687
2020-02-19 22:15:00,11.6355,20.777662
2020-02-19 22:30:00,11.855,20.6615
2020-02-19 22:45:00,11.855,21.675798
2020-02-19 23:00:00,11.855,21.969976
2020-02-19 23:15:00,12.075,21.619448
2020-02-19 23:30:00,12.075,21.681915
2020-02-19 23:45:00,12.075,20.545856
2020-02-20 00:00:00,12.075,19.493046
2020-02-20 00:15:00,12.075,19.537598
2020-02-20 00:30:00,12.075,15.373865
2020-02-20 00:45:00,12.075,18.800892
2020-02-20 01:00:00,12.075,16.741943
2020-02-20 01:15:00,12.075,15.377235
2020-02-20 01:30:00,12.075,15.6332655
2020-02-20 01:45:00,12.075,15.46202
2020-02-20 02:00:00,12.075,16.803696
2020-02-20 02:15:00,12.075,17.224934
2020-02-20 02:30:00,12.075,18.561453
2020-02-20 02:45:00,12.075,18.601965
2020-02-20 03:00:00,11.855,18.670597
2020-02-20 03:15:00,11.855,18.820631
2020-02-20 03:30:00,11.855,17.893494
2020-02-20 03:45:00,11.855,16.812553
2020-02-20 04:00:00,11.855,15.729773
2020-02-20 04:15:00,11.855,16.623766
2020-02-20 04:30:00,11.855,16.867111
2020-02-20 04:45:00,11.855,17.544704
2020-02-20 05:00:00,11.6355,17.859995
2020-02-20 05:15:00,11.6355,17.13002
2020-02-20 05:30:00,11.6355,17.703188
2020-02-20 05:45:00,11.6355,16.87196
2020-02-20 06:00:00,11.416,17.0423
2020-02-20 06:15:00,11.416,17.322285
2020-02-20 06:30:00,11.1965,18.368256
2020-02-20 06:45:00,10.977,19.347912
2020-02-20 07:00:00,10.757,19.58948
2020-02-20 07:15:00,10.757,19.626333
2020-02-20 07:30:00,10.757,19.718966
2020-02-20 07:45:00,10.757,18.490492
2020-02-20 08:00:00,10.757,19.050234
2020-02-20 08:15:00,10.757,20.189047
2020-02-20 08:30:00,10.757,19.522179
2020-02-20 08:45:00,10.757,20.104103
2020-02-20 09:00:00,10.757,20.260918
2020-02-20 09:15:00,10.757,19.892984
2020-02-20 09:30:00,10.757,20.323524
2020-02-20 09:45:00,10.757,19.953041
2020-02-20 10:00:00,10.757,20.168205
2020-02-20 10:15:00,10.5375,19.973335
2020-02-20 10:30:00,10.3175,20.653797
2020-02-20 10:45:00,10.3175,20.54984
2020-02-20 11:00:00,10.0975,21.052782
2020-02-20 11:15:00,10.0975,21.64152
2020-02-20 11:30:00,10.0975,21.21765
2020-02-20 11:45:00,10.0975,21.69811
2020-02-20 12:00:00,10.0975,21.653214
2020-02-20 12:15:00,10.0975,21.586227
2020-02-20 12:30:00,10.0975,21.685009
2020-02-20 12:45:00,10.0975,21.375023
2020-02-20 13:00:00,10.0975,21.59359
2020-02-20 13:15:00,10.0975,21.794355
2020-02-20 13:30:00,9.878,22.019968
2020-02-20 13:45:00,9.6585,22.005766
2020-02-20 14:00:00,9.6585,22.011446
2020-02-20 14:15:00,9.6585,21.937288
2020-02-20 14:30:00,9.6585,21.928968
2020-02-20 14:45:00,9.6585,21.432713
2020-02-20 15:00:00,9.6585,21.629412
2020-02-20 15:15:00,9.6585,21.803036
2020-02-20 15:30:00,9.6585,21.960297
2020-02-20 15:45:00,9.6585,21.982803
2020-02-20 16:00:00,9.6585,21.78417
2020-02-20 16:15:00,9.6585,21.513382
2020-02-20 16:30:00,9.4385,21.475628
2020-02-20 16:45:00,9.4385,21.187296
2020-02-20 17:00:00,9.4385,21.106293
2020-02-20 17:15:00,9.4385,21.004814
2020-02-20 17:30:00,9.219,20.726116
2020-02-20 17:45:00,8.999,20.316439
2020-02-20 18:00:00,8.999,20.208656
2020-02-20 18:15:00,8.999,20.107979
2020-02-20 18:30:00,8.5595,20.134565
2020-02-20 18:45:00,8.5595,20.074257
2020-02-20 19:00:00,8.5595,20.376421
2020-02-20 19:15:00,8.5595,20.606503
2020-02-20 19:30:00,8.5595,20.049974
2020-02-20 19:45:00,8.5595,19.05001
2020-02-20 20:00:00,8.5595,18.593878
2020-02-20 20:15:00,8.5595,18.30935
2020-02-20 20:30:00,8.3395,18.846418
2020-02-20 20:45:00,8.3395,18.94259
2020-02-20 21:00:00,8.3395,18.834286
2020-02-20 21:15:00,8.3395,18.751421
2020-02-20 21:30:00,8.3395,18.726978
2020-02-20 21:45:00,8.3395,18.558012
2020-02-20 22:00:00,8.3395,18.750486
2020-02-20 22:15:00,8.3395,18.5378
2020-02-20 22:30:00,8.3395,18.553802
2020-02-20 22:45:00,8.5595,18.273897
2020-02-20 23:00:00,8.5595,18.184256
2020-02-20 23:15:00,8.5595,18.14471
2020-02-20 23:30:00,8.7795,18.352306
2020-02-20 23:45:00,8.7795,18.31839
2020-02-21 00:00:00,8.7795,18.430237
2020-02-21 00:15:00,8.999,18.59923
2020-02-21 00:30:00,8.999,15.291607
2020-02-21 00:45:00,8.999,18.999138
2020-02-21 01:00:00,8.999,16.83128
2020-02-21 01:15:00,8.999,15.158969
2020-02-21 01:30:00,8.999,15.311792
2020-02-21 01:45:00,9.219,14.952925
2020-02-21 02:00:00,9.219,16.146866
2020-02-21 02:15:00,9.4385,17.19233
2020-02-21 02:30:00,9.4385,18.541328
2020-02-21 02:45:00,9.658,18.06287
2020-02-21 03:00:00,9.658,17.804604
2020-02-21 03:15:00,9.658,17.911707
2020-02-21 03:30:00,9.658,18.131557
2020-02-21 03:45:00,9.658,18.158531
2020-02-21 04:00:00,9.658,18.064342
2020-02-21 04:15:00,9.658,17.083946
2020-02-21 04:30:00,9.4385,14.83422
2020-02-21 04:45:00,9.4385,12.876217
2020-02-21 05:00:00,9.4385,11.331802
2020-02-21 05:15:00,9.4385,10.206555
2020-02-21 05:30:00,9.4385,10.376901
2020-02-21 05:45:00,9.4385,9.987003
2020-02-21 06:00:00,9.4385,10.204372
2020-02-21 06:15:00,9.4385,10.482462
2020-02-21 06:30:00,9.4385,10.857931
2020-02-21 06:45:00,9.4385,11.291143
2020-02-21 07:00:00,9.4385,11.488234
2020-02-21 07:15:00,9.4385,12.183605
2020-02-21 07:30:00,9.4385,12.689209
2020-02-21 07:45:00,9.4385,12.78525
2020-02-21 08:00:00,9.4385,13.120008
2020-02-21 08:15:00,9.658,13.459909
2020-02-21 08:30:00,9.658,14.5435
2020-02-21 08:45:00,9.878,15.235552
2020-02-21 09:00:00,10.098,15.75734
2020-02-21 09:15:00,10.098,16.306175
2020-02-21 09:30:00,10.3175,17.746643
2020-02-21 09:45:00,10.537,19.207134
2020-02-21 10:00:00,10.757,21.234211
2020-02-21 10:15:00,10.757,22.030533
2020-02-21 10:30:00,10.757,21.95563
2020-02-21 10:45:00,10.977,21.14491
2020-02-21 11:00:00,10.977,20.956959
2020-02-21 11:15:00,11.1965,21.736223
2020-02-21 11:30:00,11.1965,22.200665
2020-02-21 11:45:00,11.416,22.37129
2020-02-21 12:00:00,11.416,22.581057
2020-02-21 12:15:00,11.6355,22.791208
2020-02-21 12:30:00,11.6355,22.916971
2020-02-21 12:45:00,11.6355,22.907015
2020-02-21 13:00:00,11.6355,23.22064
2020-02-21 13:15:00,11.6355,23.265509
2020-02-21 13:30:00,11.6355,23.296137
2020-02-21 13:45:00,11.6355,22.978561
2020-02-21 14:00:00,11.6355,23.17636
2020-02-21 14:15:00,11.6355,23.312864
2020-02-21 14:30:00,11.6355,23.609093
2020-02-21 14:45:00,11.6355,23.587252
2020-02-21 15:00:00,11.6355,23.399145
2020-02-21 15:15:00,11.855,23.450401
2020-02-21 15:30:00,11.855,23.643103
2020-02-21 15:45:00,11.855,23.536478
2020-02-21 16:00:00,11.855,23.72196
2020-02-21 16:15:00,11.855,23.329273
2020-02-21 16:30:00,11.855,23.342207
2020-02-21 16:45:00,12.075,23.128534
2020-02-21 17:00:00,12.075,23.068336
2020-02-21 17:15:00,12.075,23.042532
2020-02-21 17:30:00,12.075,22.60807
2020-02-21 17:45:00,12.075,21.865108
2020-02-21 18:00:00,12.075,21.73364
2020-02-21 18:15:00,12.075,21.673407
2020-02-21 18:30:00,12.075,22.137236
2020-02-21 18:45:00,12.075,22.328716
2020-02-21 19:00:00,12.075,22.478666
2020-02-21 19:15:00,12.075,22.737764
2020-02-21 19:30:00,12.075,22.382217
2020-02-21 19:45:00,12.075,21.377762
2020-02-21 20:00:00,12.075,20.613506
2020-02-21 20:15:00,12.075,19.90857
2020-02-21 20:30:00,12.075,19.877522
2020-02-21 20:45:00,12.075,19.76555
2020-02-21 21:00:00,12.075,20.176815
2020-02-21 21:15:00,12.075,20.550694
2020-02-21 21:30:00,12.075,20.714783
2020-02-21 21:45:00,12.075,20.686743
2020-02-21 22:00:00,12.075,20.648268
2020-02-21 22:15:00,12.075,20.223473
2020-02-21 22:30:00,12.075,20.6107
2020-02-21 22:45:00,12.075,20.607035
2020-02-21 23:00:00,12.075,20.897356
2020-02-21 23:15:00,12.075,20.852207
2020-02-21 23:30:00,11.8555,20.53306
2020-02-21 23:45:00,11.8555,19.988907
2020-02-22 00:00:00,11.6355,20.153332
2020-02-22 00:15:00,11.6355,20.683228
2020-02-22 00:30:00,11.6355,17.657057
2020-02-22 00:45:00,11.6355,20.970522
2020-02-22 01:00:00,11.6355,18.75698
2020-02-22 01:15:00,11.6355,16.827248
2020-02-22 01:30:00,11.6355,16.639933
2020-02-22 01:45:00,11.416,16.425703
2020-02-22 02:00:00,11.1965,16.596373
2020-02-22 02:15:00,11.1965,16.929165
2020-02-22 02:30:00,11.1965,17.612825
2020-02-22 02:45:00,11.1965,17.460472
2020-02-22 03:00:00,11.1965,17.190342
2020-02-22 03:15:00,11.1965,16.924541
2020-02-22 03:30:00,11.1965,16.896065
2020-02-22 03:45:00,10.9765,16.91115
2020-02-22 04:00:00,10.757,17.332314
2020-02-22 04:15:00,10.757,17.527763
2020-02-22 04:30:00,10.757,17.876604
2020-02-22 04:45:00,10.757,17.84158
2020-02-22 05:00:00,10.757,17.945478
2020-02-22 05:15:00,10.757,18.359037
2020-02-22 05:30:00,10.757,18.467167
2020-02-22 05:45:00,10.757,18.922169
2020-02-22 06:00:00,10.757,19.435091
2020-02-22 06:15:00,10.757,19.397385
2020-02-22 06:30:00,10.757,19.911205
2020-02-22 06:45:00,10.757,19.124144
2020-02-22 07:00:00,10.757,18.774574
2020-02-22 07:15:00,10.757,18.703232
2020-02-22 07:30:00,10.757,18.538498
2020-02-22 07:45:00,10.757,18.276924
2020-02-22 08:00:00,10.757,18.790356
2020-02-22 08:15:00,10.757,19.551085
2020-02-22 08:30:00,10.977,19.870672
2020-02-22 08:45:00,11.1965,20.593393
2020-02-22 09:00:00,11.6355,20.352201
2020-02-22 09:15:00,12.075,20.530716
2020-02-22 09:30:00,12.075,22.127512
2020-02-22 09:45:00,12.5145,21.870125
2020-02-22 10:00:00,13.174,21.40456
2020-02-22 10:15:00,14.053,19.89993
2020-02-22 10:30:00,14.492,17.430292
2020-02-22 10:45:00,15.1515,16.694191
2020-02-22 11:00:00,15.3715,16.077744
2020-02-22 11:15:00,15.591,16.276356
2020-02-22 11:30:00,16.0305,17.112656
2020-02-22 11:45:00,16.0305,16.3634
2020-02-22 12:00:00,16.4695,16.290117
2020-02-22 12:15:00,17.1285,16.420532
2020-02-22 12:30:00,17.3485,16.839668
2020-02-22 12:45:00,17.5685,17.47495
2020-02-22 13:00:00,18.0075,19.21305
2020-02-22 13:15:00,18.2275,20.501665
2020-02-22 13:30:00,18.667,21.497416
2020-02-22 13:45:00,19.1065,22.59461
2020-02-22 14:00:00,19.546,22.305115
2020-02-22 14:15:00,19.766,22.021072
2020-02-22 14:30:00,19.9855,22.203463
2020-02-22 14:45:00,20.425,21.510822
2020-02-22 15:00:00,20.8645,21.552263
2020-02-22 15:15:00,20.8645,21.41595
2020-02-22 15:30:00,20.6445,20.988579
2020-02-22 15:45:00,20.6445,20.069172
2020-02-22 16:00:00,20.425,20.130493
2020-02-22 16:15:00,19.9855,20.222002
2020-02-22 16:30:00,19.7655,20.447859
2020-02-22 16:45:00,19.3265,19.848682
2020-02-22 17:00:00,18.8865,19.72508
2020-02-22 17:15:00,18.667,19.549084
2020-02-22 17:30:00,18.2275,20.056118
2020-02-22 17:45:00,17.788,20.655224
2020-02-22 18:00:00,17.568,21.621391
2020-02-22 18:15:00,17.129,22.602987
2020-02-22 18:30:00,16.689,21.548197
2020-02-22 18:45:00,16.4695,20.470665
2020-02-22 19:00:00,16.0305,19.48243
2020-02-22 19:15:00,15.591,18.106571
2020-02-22 19:30:00,15.371,18.44918
2020-02-22 19:45:00,14.932,18.312017
2020-02-22 20:00:00,14.712,17.98436
2020-02-22 20:15:00,14.2725,19.08324
2020-02-22 20:30:00,14.053,19.009096
2020-02-22 20:45:00,13.833,18.375147
2020-02-22 21:00:00,13.613,18.433876
2020-02-22 21:15:00,13.3935,17.798035
2020-02-22 21:30:00,12.954,18.120049
2020-02-22 21:45:00,12.954,17.870697
2020-02-22 22:00:00,12.734,19.020155
2020-02-22 22:15:00,12.5145,18.959702
2020-02-22 22:30:00,12.5145,18.880337
2020-02-22 22:45:00,12.295,18.753616
2020-02-22 23:00:00,12.075,17.236845
2020-02-22 23:15:00,12.075,17.931929
2020-02-22 23:30:00,12.075,18.086618
2020-02-22 23:45:00,11.6355,18.070267
2020-02-23 00:00:00,11.6355,18.487
2020-02-23 00:15:00,11.6355,17.542
2020-02-23 00:30:00,11.6355,15.434383
2020-02-23 00:45:00,11.416,18.627918
2020-02-23 01:00:00,11.1965,16.618519
2020-02-23 01:15:00,11.1965,15.317663
2020-02-23 01:30:00,10.757,14.325855
2020-02-23 01:45:00,10.757,14.665298
2020-02-23 02:00:00,10.757,14.86035
2020-02-23 02:15:00,10.3175,16.046623
2020-02-23 02:30:00,10.3175,16.361357
2020-02-23 02:45:00,10.3175,16.585503
2020-02-23 03:00:00,9.878,16.850756
2020-02-23 03:15:00,9.878,16.497408
2020-02-23 03:30:00,9.878,16.998146
2020-02-23 03:45:00,9.878,15.712433
2020-02-23 04:00:00,9.4385,17.09311
2020-02-23 04:15:00,9.4385,17.323689
2020-02-23 04:30:00,9.4385,18.538435
2020-02-23 04:45:00,8.999,19.226435
2020-02-23 05:00:00,8.999,17.79378
2020-02-23 05:15:00,8.999,17.582489
2020-02-23 05:30:00,8.5595,16.954529
2020-02-23 05:45:00,8.5595,16.548725
2020-02-23 06:00:00,8.5595,17.123648
2020-02-23 06:15:00,8.5595,17.633799
2020-02-23 06:30:00,8.5595,18.750927
2020-02-23 06:45:00,8.5595,18.720842
2020-02-23 07:00:00,8.5595,20.01616
2020-02-23 07:15:00,8.5595,20.037352
2020-02-23 07:30:00,8.5595,20.176805
2020-02-23 07:45:00,8.5595,21.226534
2020-02-23 08:00:00,8.779,19.523504
2020-02-23 08:15:00,9.219,16.99598
2020-02-23 08:30:00,9.658,15.460234
2020-02-23 08:45:00,10.098,15.160477
2020-02-23 09:00:00,10.757,16.437374
2020-02-23 09:15:00,11.6355,18.349228
2020-02-23 09:30:00,12.2945,20.245047
2020-02-23 09:45:00,13.3935,20.45714
2020-02-23 10:00:00,14.2725,21.81217
2020-02-23 10:15:00,15.3715,22.202742
2020-02-23 10:30:00,16.0305,21.826166
2020-02-23 10:45:00,16.689,20.869427
2020-02-23 11:00:00,17.788,20.928558
2020-02-23 11:15:00,18.2275,21.065945
2020-02-23 11:30:00,19.1065,22.138725
2020-02-23 11:45:00,19.9855,22.530363
2020-02-23 12:00:00,20.6445,22.056906
2020-02-23 12:15:00,20.864,22.487844
2020-02-23 12:30:00,21.084,21.506226
2020-02-23 12:45:00,21.3035,21.293528
2020-02-23 13:00:00,22.183,21.671736
2020-02-23 13:15:00,22.8415,21.978968
2020-02-23 13:30:00,23.281,22.316591
2020-02-23 13:45:00,23.9405,22.288626
2020-02-23 14:00:00,24.16,22.184801
2020-02-23 14:15:00,24.5995,22.14933
2020-02-23 14:30:00,25.039,22.146309
2020-02-23 14:45:00,25.4785,21.872799
2020-02-23 15:00:00,25.698,21.845572
2020-02-23 15:15:00,25.918,22.000864
2020-02-23 15:30:00,25.6985,22.14988
2020-02-23 15:45:00,25.479,22.131622
2020-02-23 16:00:00,25.259,21.87748
2020-02-23 16:15:00,24.8195,21.601686
2020-02-23 16:30:00,24.38,21.489
2020-02-23 16:45:00,24.16,21.013344
2020-02-23 17:00:00,23.9405,21.237583
2020-02-23 17:15:00,23.721,21.216558
2020-02-23 17:30:00,23.281,21.196281
2020-02-23 17:45:00,22.842,20.914503
2020-02-23 18:00:00,22.622,20.554596
2020-02-23 18:15:00,22.1825,20.23732
2020-02-23 18:30:00,21.523,20.39484
2020-02-23 18:45:00,21.084,20.33789
2020-02-23 19:00:00,20.645,20.645481
2020-02-23 19:15:00,19.9855,20.735195
2020-02-23 19:30:00,19.546,20.202675
2020-02-23 19:45:00,18.887,19.631641
2020-02-23 20:00:00,18.447,19.155424
2020-02-23 20:15:00,18.2275,18.910826
2020-02-23 20:30:00,18.008,19.006798
2020-02-23 20:45:00,17.568,18.68117
2020-02-23 21:00:00,17.568,19.161379
2020-02-23 21:15:00,17.129,19.527002
2020-02-23 21:30:00,16.909,19.97821
2020-02-23 21:45:00,16.689,20.157276
2020-02-23 22:00:00,16.689,20.094904
2020-02-23 22:15:00,16.689,19.697727
2020-02-23 22:30:00,16.689,19.739098
2020-02-23 22:45:00,16.4695,19.398867
2020-02-23 23:00:00,16.4695,19.57786
2020-02-23 23:15:00,16.4695,19.785635
2020-02-23 23:30:00,16.4695,19.578905
2020-02-23 23:45:00,16.4695,19.004295
2020-02-24 00:00:00,16.4695,19.115559
2020-02-24 00:15:00,16.25,19.42599
2020-02-24 00:30:00,16.25,16.737648
2020-02-24 00:45:00,16.25,20.258997
2020-02-24 01:00:00,16.25,18.332241
2020-02-24 01:15:00,16.25,17.026697
2020-02-24 01:30:00,16.4695,17.375444
2020-02-24 01:45:00,16.4695,17.179817
2020-02-24 02:00:00,16.689,17.110296
2020-02-24 02:15:00,16.689,17.10828
2020-02-24 02:30:00,16.689,17.130424
2020-02-24 02:45:00,16.689,17.035177
2020-02-24 03:00:00,16.689,17.755217
2020-02-24 03:15:00,16.689,17.558224
2020-02-24 03:30:00,16.689,17.79541
2020-02-24 03:45:00,16.689,17.829678
2020-02-24 04:00:00,16.4695,17.531456
2020-02-24 04:15:00,16.25,18.153358
2020-02-24 04:30:00,16.25,18.375519
2020-02-24 04:45:00,16.25,18.163279
2020-02-24 05:00:00,16.25,18.802643
2020-02-24 05:15:00,15.811,19.44099
2020-02-24 05:30:00,15.811,20.407492
2020-02-24 05:45:00,15.811,20.67865
2020-02-24 06:00:00,15.811,20.170687
2020-02-24 06:15:00,15.811,19.423323
2020-02-24 06:30:00,15.811,19.217987
2020-02-24 06:45:00,15.811,18.579721
2020-02-24 07:00:00,15.591,18.321949
2020-02-24 07:15:00,15.371,18.569235
2020-02-24 07:30:00,15.371,19.006296
2020-02-24 07:45:00,15.371,19.4963
2020-02-24 08:00:00,15.371,19.831814
2020-02-24 08:15:00,15.371,19.648247
2020-02-24 08:30:00,15.371,19.020134
2020-02-24 08:45:00,15.371,18.582006
2020-02-24 09:00:00,15.591,18.868683
2020-02-24 09:15:00,15.591,19.8842
2020-02-24 09:30:00,15.811,20.745571
2020-02-24 09:45:00,16.0305,21.866833
2020-02-24 10:00:00,16.25,21.767076
2020-02-24 10:15:00,16.4695,20.842468
2020-02-24 10:30:00,16.4695,20.253101
2020-02-24 10:45:00,16.909,18.905338
2020-02-24 11:00:00,17.3485,18.676567
2020-02-24 11:15:00,17.3485,18.342785
2020-02-24 11:30:00,17.788,18.00978
2020-02-24 11:45:00,18.008,17.048613
2020-02-24 12:00:00,18.2275,16.799171
2020-02-24 12:15:00,18.667,16.998583
2020-02-24 12:30:00,18.887,17.62727
2020-02-24 12:45:00,19.326,22.80898
2020-02-24 13:00:00,19.766,24.348663
2020-02-24 13:15:00,20.425,25.480154
2020-02-24 13:30:00,20.8645,25.9905
2020-02-24 13:45:00,21.3035,22.162115
2020-02-24 14:00:00,21.743,21.460245
2020-02-24 14:15:00,21.9625,21.090109
2020-02-24 14:30:00,21.9625,21.058428
2020-02-24 14:45:00,21.9625,21.131392
2020-02-24 15:00:00,21.9625,21.645565
2020-02-24 15:15:00,21.9625,22.018572
2020-02-24 15:30:00,21.743,22.509611
2020-02-24 15:45:00,21.5235,22.53501
2020-02-24 16:00:00,21.3035,22.72965
2020-02-24 16:15:00,20.8645,23.107103
2020-02-24 16:30:00,20.8645,23.330833
2020-02-24 16:45:00,20.8645,23.139168
2020-02-24 17:00:00,20.425,23.080847
2020-02-24 17:15:00,20.425,22.802826
2020-02-24 17:30:00,20.425,22.468418
2020-02-24 17:45:00,19.9855,21.770842
2020-02-24 18:00:00,19.9855,20.94297
2020-02-24 18:15:00,19.9855,20.74399
2020-02-24 18:30:00,19.9855,20.693455
2020-02-24 18:45:00,19.9855,20.679739
2020-02-24 19:00:00,19.9855,20.827549
2020-02-24 19:15:00,19.766,20.986553
2020-02-24 19:30:00,19.766,20.76823
2020-02-24 19:45:00,19.766,19.93552
2020-02-24 20:00:00,19.546,19.671215
2020-02-24 20:15:00,19.546,19.274714
2020-02-24 20:30:00,19.546,19.263887
2020-02-24 20:45:00,19.546,19.380592
2020-02-24 21:00:00,19.326,19.66873
2020-02-24 21:15:00,19.326,19.71957
2020-02-24 21:30:00,19.326,20.034899
2020-02-24 21:45:00,19.1065,19.743938
2020-02-24 22:00:00,18.887,19.275654
2020-02-24 22:15:00,18.887,19.780613
2020-02-24 22:30:00,18.887,20.523643
2020-02-24 22:45:00,18.447,20.85554
2020-02-24 23:00:00,18.447,21.367855
2020-02-24 23:15:00,18.2275,21.0197
2020-02-24 23:30:00,18.008,20.281284
2020-02-24 23:45:00,17.788,19.455112
2020-02-25 00:00:00,17.788,19.57309
2020-02-25 00:15:00,17.568,19.43627
2020-02-25 00:30:00,17.3485,16.117785
2020-02-25 00:45:00,17.129,18.849499
2020-02-25 01:00:00,17.129,17.0074
2020-02-25 01:15:00,17.129,15.60788
2020-02-25 01:30:00,17.129,15.940399
2020-02-25 01:45:00,16.909,16.046568
2020-02-25 02:00:00,16.689,15.913735
2020-02-25 02:15:00,16.689,16.844337
2020-02-25 02:30:00,16.689,17.74501
2020-02-25 02:45:00,16.689,18.05439
2020-02-25 03:00:00,16.4695,18.502136
2020-02-25 03:15:00,16.25,17.831821
2020-02-25 03:30:00,16.25,18.02222
2020-02-25 03:45:00,16.25,17.623238
2020-02-25 04:00:00,15.811,17.56192
2020-02-25 04:15:00,15.811,17.381706
2020-02-25 04:30:00,15.811,16.482452
2020-02-25 04:45:00,15.371,16.325253
2020-02-25 05:00:00,15.371,17.141954
2020-02-25 05:15:00,15.371,17.60455
2020-02-25 05:30:00,15.371,18.351337
2020-02-25 05:45:00,15.371,18.631235
2020-02-25 06:00:00,14.932,18.508682
2020-02-25 06:15:00,14.932,18.04847
2020-02-25 06:30:00,14.932,18.415527
2020-02-25 06:45:00,14.932,18.764973
2020-02-25 07:00:00,14.932,18.364986
2020-02-25 07:15:00,14.492,19.94924
2020-02-25 07:30:00,14.492,20.81092
2020-02-25 07:45:00,14.492,20.270006
2020-02-25 08:00:00,14.492,21.117218
2020-02-25 08:15:00,14.492,20.734207
2020-02-25 08:30:00,14.492,20.179691
2020-02-25 08:45:00,14.492,20.812912
2020-02-25 09:00:00,14.932,20.439426
2020-02-25 09:15:00,15.371,19.8419
2020-02-25 09:30:00,15.591,19.717556
2020-02-25 09:45:00,16.0305,19.765495
2020-02-25 10:00:00,16.4695,20.13481
2020-02-25 10:15:00,16.909,20.67671
2020-02-25 10:30:00,16.909,21.238808
2020-02-25 10:45:00,17.3485,20.996471
2020-02-25 11:00:00,17.788,21.85087
2020-02-25 11:15:00,18.2275,22.527441
2020-02-25 11:30:00,18.8865,23.202782
2020-02-25 11:45:00,19.3265,23.267305
2020-02-25 12:00:00,19.7655,22.621176
2020-02-25 12:15:00,20.2055,21.785757
2020-02-25 12:30:00,20.6445,21.07217
2020-02-25 12:45:00,20.864,21.210928
2020-02-25 13:00:00,21.304,21.393122
2020-02-25 13:15:00,21.304,21.755459
2020-02-25 13:30:00,21.304,22.29701
2020-02-25 13:45:00,21.5235,22.198225
2020-02-25 14:00:00,21.743,22.273148
2020-02-25 14:15:00,21.743,22.022783
2020-02-25 14:30:00,21.9625,22.027227
2020-02-25 14:45:00,21.9625,21.771358
2020-02-25 15:00:00,21.9625,21.784983
2020-02-25 15:15:00,22.1825,21.978327
2020-02-25 15:30:00,22.402,22.082212
2020-02-25 15:45:00,22.402,21.923925
2020-02-25 16:00:00,22.402,22.042292
2020-02-25 16:15:00,22.1825,21.907625
2020-02-25 16:30:00,22.1825,21.932573
2020-02-25 16:45:00,21.743,21.430632
2020-02-25 17:00:00,21.743,21.13953
2020-02-25 17:15:00,21.304,20.908018
2020-02-25 17:30:00,21.084,20.601355
2020-02-25 17:45:00,20.6445,20.076525
2020-02-25 18:00:00,20.425,19.87845
2020-02-25 18:15:00,20.2055,19.72846
2020-02-25 18:30:00,19.9855,19.913109
2020-02-25 18:45:00,19.7655,20.066704
2020-02-25 19:00:00,19.546,20.221222
2020-02-25 19:15:00,19.3265,20.373297
2020-02-25 19:30:00,19.1065,19.848505
2020-02-25 19:45:00,18.667,18.942947
2020-02-25 20:00:00,18.447,18.384136
2020-02-25 20:15:00,18.008,17.779781
2020-02-25 20:30:00,17.788,17.95783
2020-02-25 20:45:00,17.3485,18.4365
2020-02-25 21:00:00,17.129,18.845081
2020-02-25 21:15:00,16.689,19.178574
2020-02-25 21:30:00,16.25,19.51469
2020-02-25 21:45:00,16.0305,18.614988
2020-02-25 22:00:00,15.811,18.62604
2020-02-25 22:15:00,15.371,18.317654
2020-02-25 22:30:00,15.1515,18.351643
2020-02-25 22:45:00,14.932,18.512894
2020-02-25 23:00:00,14.712,18.784212
2020-02-25 23:15:00,14.492,19.082985
2020-02-25 23:30:00,14.2725,19.110634
2020-02-25 23:45:00,14.053,18.935852
2020-02-26 00:00:00,13.833,19.05224
2020-02-26 00:15:00,13.613,18.97174
2020-02-26 00:30:00,13.3935,15.696369
2020-02-26 00:45:00,13.3935,18.607204
2020-02-26 01:00:00,12.954,16.194576
2020-02-26 01:15:00,12.954,14.474581
2020-02-26 01:30:00,12.734,14.641188
2020-02-26 01:45:00,12.734,14.598097
2020-02-26 02:00:00,12.5145,14.918684
2020-02-26 02:15:00,12.5145,15.416185
2020-02-26 02:30:00,12.075,15.907373
2020-02-26 02:45:00,12.075,15.963213
2020-02-26 03:00:00,12.075,16.03893
2020-02-26 03:15:00,11.6355,16.24087
2020-02-26 03:30:00,11.6355,16.614328
2020-02-26 03:45:00,11.416,16.08605
2020-02-26 04:00:00,11.1965,16.408934
2020-02-26 04:15:00,11.1965,16.29612
2020-02-26 04:30:00,11.1965,16.428183
2020-02-26 04:45:00,10.757,16.642025
2020-02-26 05:00:00,10.757,16.894882
2020-02-26 05:15:00,10.757,17.218002
2020-02-26 05:30:00,10.537,18.227835
2020-02-26 05:45:00,10.3175,18.057419
2020-02-26 06:00:00,10.3175,18.596321
2020-02-26 06:15:00,10.3175,19.036268
2020-02-26 06:30:00,10.3175,18.284061
2020-02-26 06:45:00,10.098,18.27152
2020-02-26 07:00:00,10.098,18.298569
2020-02-26 07:15:00,10.098,18.523575
2020-02-26 07:30:00,10.098,18.420225
2020-02-26 07:45:00,10.537,18.367937
2020-02-26 08:00:00,10.757,18.903479
2020-02-26 08:15:00,11.1965,19.56904
2020-02-26 08:30:00,11.855,20.56009
2020-02-26 08:45:00,12.295,20.833065
2020-02-26 09:00:00,12.954,20.808071
2020-02-26 09:15:00,13.833,20.557762
2020-02-26 09:30:00,14.4925,20.360558
2020-02-26 09:45:00,15.3715,20.334778
2020-02-26 10:00:00,16.47,20.784693
2020-02-26 10:15:00,17.1285,21.007885
2020-02-26 10:30:00,18.0075,21.120562
2020-02-26 10:45:00,18.667,20.949703
2020-02-26 11:00:00,19.326,20.710583
2020-02-26 11:15:00,20.2055,20.77308
2020-02-26 11:30:00,21.084,21.238852
2020-02-26 11:45:00,21.7435,21.513525
2020-02-26 12:00:00,22.4025,21.414389
2020-02-26 12:15:00,23.281,21.331982
2020-02-26 12:30:00,23.501,21.705217
2020-02-26 12:45:00,23.7205,22.16163
2020-02-26 13:00:00,24.38,23.4259
2020-02-26 13:15:00,25.039,23.411291
2020-02-26 13:30:00,25.4785,24.022152
2020-02-26 13:45:00,25.698,23.049871
2020-02-26 14:00:00,26.1375,21.656881
2020-02-26 14:15:00,26.577,22.300444
2020-02-26 14:30:00,26.7965,21.553934
2020-02-26 14:45:00,27.2365,22.181036
2020-02-26 15:00:00,27.8955,23.330952
2020-02-26 15:15:00,27.8955,23.47175
2020-02-26 15:30:00,27.8955,23.264273
2020-02-26 15:45:00,27.456,22.549131
2020-02-26 16:00:00,27.456,21.652264
2020-02-26 16:15:00,27.0165,20.829535
2020-02-26 16:30:00,26.577,21.384779
2020-02-26 16:45:00,26.357,21.661825
2020-02-26 17:00:00,25.918,22.11184
2020-02-26 17:15:00,25.259,22.39955
2020-02-26 17:30:00,24.8195,22.259315
2020-02-26 17:45:00,24.38,21.907513
2020-02-26 18:00:00,23.9405,21.659029
2020-02-26 18:15:00,23.501,21.216234
2020-02-26 18:30:00,23.0615,20.981373
2020-02-26 18:45:00,22.622,21.04686
2020-02-26 19:00:00,22.1825,20.595123
2020-02-26 19:15:00,21.743,20.343166
2020-02-26 19:30:00,21.084,19.467846
2020-02-26 19:45:00,20.8645,19.459354
2020-02-26 20:00:00,20.425,19.310284
2020-02-26 20:15:00,20.205,19.11375
2020-02-26 20:30:00,19.766,18.652294
2020-02-26 20:45:00,19.546,17.626072
2020-02-26 21:00:00,19.326,17.90334
2020-02-26 21:15:00,19.1065,19.043201
2020-02-26 21:30:00,18.667,19.378084
2020-02-26 21:45:00,18.4475,18.030254
2020-02-26 22:00:00,18.2275,18.047245
2020-02-26 22:15:00,17.788,16.66634
2020-02-26 22:30:00,17.788,17.760832
2020-02-26 22:45:00,17.5685,17.940235
2020-02-26 23:00:00,17.3485,18.242826
2020-02-26 23:15:00,17.3485,18.38693
2020-02-26 23:30:00,17.3485,17.044619
2020-02-26 23:45:00,17.3485,16.78101
2020-02-27 00:00:00,16.909,17.085281
2020-02-27 00:15:00,16.909,17.423103
2020-02-27 00:30:00,16.909,14.371683
2020-02-27 00:45:00,16.909,17.943317
2020-02-27 01:00:00,16.909,15.593876
2020-02-27 01:15:00,16.4695,14.266606
2020-02-27 01:30:00,16.4695,15.341958
2020-02-27 01:45:00,16.4695,14.301054
2020-02-27 02:00:00,16.4695,15.135185
2020-02-27 02:15:00,16.4695,15.152878
2020-02-27 02:30:00,16.0305,14.901231
2020-02-27 02:45:00,16.0305,14.929813
2020-02-27 03:00:00,16.0305,14.388468
2020-02-27 03:15:00,15.8105,15.148051
2020-02-27 03:30:00,15.591,15.249258
2020-02-27 03:45:00,15.591,14.882241
2020-02-27 04:00:00,15.591,15.736036
2020-02-27 04:15:00,15.371,15.938428
2020-02-27 04:30:00,15.1515,16.069311
2020-02-27 04:45:00,15.1515,16.732058
2020-02-27 05:00:00,14.932,16.42955
2020-02-27 05:15:00,14.932,16.089172
2020-02-27 05:30:00,14.492,17.346855
2020-02-27 05:45:00,14.492,17.61148
2020-02-27 06:00:00,14.492,17.954363
2020-02-27 06:15:00,14.053,18.545444
2020-02-27 06:30:00,14.053,18.979374
2020-02-27 06:45:00,14.053,18.612522
2020-02-27 07:00:00,14.053,19.319061
2020-02-27 07:15:00,14.053,19.16257
2020-02-27 07:30:00,14.053,19.87735
2020-02-27 07:45:00,14.053,19.560055
2020-02-27 08:00:00,14.2725,19.438797
2020-02-27 08:15:00,14.712,20.019844
2020-02-27 08:30:00,15.1515,19.669476
2020-02-27 08:45:00,15.811,20.944483
2020-02-27 09:00:00,16.4695,21.146538
2020-02-27 09:15:00,17.129,21.52287
2020-02-27 09:30:00,18.008,21.920946
2020-02-27 09:45:00,19.1065,21.053852
2020-02-27 10:00:00,19.9855,20.710003
2020-02-27 10:15:00,21.084,20.332306
2020-02-27 10:30:00,22.1825,21.005201
2020-02-27 10:45:00,22.8415,21.777386
2020-02-27 11:00:00,23.9405,21.949598
2020-02-27 11:15:00,24.8195,22.335443
2020-02-27 11:30:00,25.6985,21.744776
2020-02-27 11:45:00,26.577,20.861374
2020-02-27 12:00:00,27.676,21.711222
2020-02-27 12:15:00,28.115,22.164618
2020-02-27 12:30:00,28.335,22.331434
2020-02-27 12:45:00,28.5545,22.255913
2020-02-27 13:00:00,28.994,22.209871
2020-02-27 13:15:00,29.4335,22.57917
2020-02-27 13:30:00,30.0925,22.956242
2020-02-27 13:45:00,29.873,22.848925
2020-02-27 14:00:00,29.653,23.100416
2020-02-27 14:15:00,29.214,22.999289
2020-02-27 14:30:00,28.7745,22.781954
2020-02-27 14:45:00,28.115,22.643864
2020-02-27 15:00:00,27.676,22.662527
2020-02-27 15:15:00,27.0165,22.730658
2020-02-27 15:30:00,26.577,23.03831
2020-02-27 15:45:00,26.1375,23.052883
2020-02-27 16:00:00,25.918,23.355616
2020-02-27 16:15:00,25.6985,23.429909
2020-02-27 16:30:00,25.479,23.518911
2020-02-27 16:45:00,25.479,22.976725
2020-02-27 17:00:00,25.039,22.48453
2020-02-27 17:15:00,25.039,22.0941
2020-02-27 17:30:00,25.039,21.855991
2020-02-27 17:45:00,24.6,21.436453
2020-02-27 18:00:00,23.721,21.402807
2020-02-27 18:15:00,22.842,21.29401
2020-02-27 18:30:00,22.1825,21.077759
2020-02-27 18:45:00,21.3035,20.929895
2020-02-27 19:00:00,20.8645,21.161976
2020-02-27 19:15:00,20.425,21.287706
2020-02-27 19:30:00,20.205,20.536627
2020-02-27 19:45:00,19.766,20.068043
2020-02-27 20:00:00,19.326,19.277134
2020-02-27 20:15:00,18.887,18.188543
2020-02-27 20:30:00,18.667,18.190552
2020-02-27 20:45:00,18.2275,17.031263
2020-02-27 21:00:00,18.008,17.255743
2020-02-27 21:15:00,17.568,17.447205
2020-02-27 21:30:00,17.129,17.846786
2020-02-27 21:45:00,16.909,17.9594
2020-02-27 22:00:00,16.689,16.964905
2020-02-27 22:15:00,16.4695,17.93655
2020-02-27 22:30:00,16.4695,18.039427
2020-02-27 22:45:00,16.4695,18.209194
2020-02-27 23:00:00,16.4695,19.28216
2020-02-27 23:15:00,16.4695,18.536243
2020-02-27 23:30:00,16.4695,19.02237
2020-02-27 23:45:00,16.4695,18.641476
2020-02-28 00:00:00,16.4695,18.231186
2020-02-28 00:15:00,16.4695,18.237415
2020-02-28 00:30:00,16.25,14.925871
2020-02-28 00:45:00,16.25,18.069355
2020-02-28 01:00:00,16.25,16.199007
2020-02-28 01:15:00,16.25,14.589078
2020-02-28 01:30:00,16.25,14.956512
2020-02-28 01:45:00,16.25,14.746989
2020-02-28 02:00:00,16.25,14.761993
2020-02-28 02:15:00,16.0305,14.965326
2020-02-28 02:30:00,16.0305,15.147804
2020-02-28 02:45:00,16.0305,15.014708
2020-02-28 03:00:00,15.8105,15.046783
2020-02-28 03:15:00,15.8105,14.999136
2020-02-28 03:30:00,15.8105,14.917278
2020-02-28 03:45:00,15.8105,14.72296
2020-02-28 04:00:00,15.8105,14.850381
2020-02-28 04:15:00,15.8105,15.043999
2020-02-28 04:30:00,15.8105,15.406345
2020-02-28 04:45:00,15.8105,15.370508
2020-02-28 05:00:00,15.8105,15.608921
2020-02-28 05:15:00,15.591,15.640303
2020-02-28 05:30:00,15.591,15.720709
2020-02-28 05:45:00,15.591,15.763157
2020-02-28 06:00:00,15.591,15.796434
2020-02-28 06:15:00,15.591,15.88142
2020-02-28 06:30:00,15.3715,15.917521
2020-02-28 06:45:00,15.1515,15.576206
2020-02-28 07:00:00,15.1515,15.62413
2020-02-28 07:15:00,14.9315,16.716461
2020-02-28 07:30:00,14.9315,17.960121
2020-02-28 07:45:00,14.9315,18.766697
2020-02-28 08:00:00,14.9315,19.12877
2020-02-28 08:15:00,15.1515,18.660078
2020-02-28 08:30:00,15.1515,19.07455
2020-02-28 08:45:00,14.9315,19.01347
2020-02-28 09:00:00,14.9315,19.654295
2020-02-28 09:15:00,14.9315,19.905602
2020-02-28 09:30:00,14.9315,19.43034
2020-02-28 09:45:00,14.9315,19.668644
2020-02-28 10:00:00,14.9315,20.416634
2020-02-28 10:15:00,14.9315,20.218632
2020-02-28 10:30:00,14.9315,20.30535
2020-02-28 10:45:00,15.1515,19.926722
2020-02-28 11:00:00,15.591,19.438044
2020-02-28 11:15:00,16.0305,19.756046
2020-02-28 11:30:00,16.4695,20.026115
2020-02-28 11:45:00,16.4695,19.912785
2020-02-28 12:00:00,16.689,20.814075
2020-02-28 12:15:00,16.689,21.154202
2020-02-28 12:30:00,16.689,21.15649
2020-02-28 12:45:00,16.909,21.462074
2020-02-28 13:00:00,16.909,21.066763
2020-02-28 13:15:00,17.129,20.96132
2020-02-28 13:30:00,17.568,21.622375
2020-02-28 13:45:00,17.788,21.826456
2020-02-28 14:00:00,17.788,22.01426
2020-02-28 14:15:00,17.788,22.455032
2020-02-28 14:30:00,18.008,22.76708
2020-02-28 14:45:00,18.008,22.81116
2020-02-28 15:00:00,18.2275,23.092936
2020-02-28 15:15:00,18.2275,23.345787
2020-02-28 15:30:00,18.447,23.63286
2020-02-28 15:45:00,18.667,23.623737
2020-02-28 16:00:00,19.3265,23.714159
2020-02-28 16:15:00,19.3265,23.464428
2020-02-28 16:30:00,19.546,23.36675
2020-02-28 16:45:00,19.546,22.878801
2020-02-28 17:00:00,19.546,22.621153
2020-02-28 17:15:00,19.546,21.916094
2020-02-28 17:30:00,19.546,21.521976
2020-02-28 17:45:00,19.326,20.773796
2020-02-28 18:00:00,19.326,20.307386
2020-02-28 18:15:00,19.1065,20.192827
2020-02-28 18:30:00,18.887,20.02463
2020-02-28 18:45:00,18.667,19.869083
2020-02-28 19:00:00,18.447,20.222477
2020-02-28 19:15:00,18.447,20.470802
2020-02-28 19:30:00,18.008,20.10281
2020-02-28 19:45:00,18.008,19.189566
2020-02-28 20:00:00,17.568,18.1418
2020-02-28 20:15:00,17.568,17.501915
2020-02-28 20:30:00,17.129,17.673807
2020-02-28 20:45:00,17.129,17.767775
2020-02-28 21:00:00,16.689,18.46616
2020-02-28 21:15:00,16.689,18.686735
2020-02-28 21:30:00,16.25,18.734903
2020-02-28 21:45:00,16.25,18.154621
2020-02-28 22:00:00,15.811,17.589018
2020-02-28 22:15:00,15.811,17.684166
2020-02-28 22:30:00,15.591,18.133614
2020-02-28 22:45:00,15.591,18.221592
2020-02-28 23:00:00,15.591,18.347612
2020-02-28 23:15:00,15.591,18.46566
2020-02-28 23:30:00,15.811,18.390945
2020-02-28 23:45:00,15.811,18.069748
2020-03-01 00:00:00,15.811,18.182323
2020-03-01 00:15:00,15.811,18.206907
2020-03-01 00:30:00,15.811,16.523743
2020-03-01 00:45:00,16.0305,20.922205
2020-03-01 01:00:00,16.25,20.022425
2020-03-01 01:15:00,16.25,19.469511
2020-03-01 01:30:00,16.25,19.312252
2020-03-01 01:45:00,16.25,18.82976
2020-03-01 02:00:00,16.25,18.657509
2020-03-01 02:15:00,16.25,18.74957
2020-03-01 02:30:00,16.25,19.196312
2020-03-01 02:45:00,16.25,19.56872
2020-03-01 03:00:00,16.25,20.232418
2020-03-01 03:15:00,16.25,20.76366
2020-03-01 03:30:00,16.25,21.428411
2020-03-01 03:45:00,16.25,21.582659
2020-03-01 04:00:00,16.25,21.649515
2020-03-01 04:15:00,16.25,21.416338
2020-03-01 04:30:00,15.811,21.254623
2020-03-01 04:45:00,15.811,20.9971
2020-03-01 05:00:00,15.371,21.162687
2020-03-01 05:15:00,15.371,21.129047
2020-03-01 05:30:00,15.1515,21.192297
2020-03-01 05:45:00,14.932,21.41865
2020-03-01 06:00:00,14.492,21.758799
2020-03-01 06:15:00,14.492,22.439278
2020-03-01 06:30:00,14.2725,22.854734
2020-03-01 06:45:00,14.053,22.458677
2020-03-01 07:00:00,14.053,22.466532
2020-03-01 07:15:00,14.053,22.26262
2020-03-01 07:30:00,14.053,22.35067
2020-03-01 07:45:00,14.053,22.315672
2020-03-01 08:00:00,14.053,23.200918
2020-03-01 08:15:00,14.492,24.0861
2020-03-01 08:30:00,15.1515,24.481003
2020-03-01 08:45:00,15.591,24.96146
2020-03-01 09:00:00,16.25,24.820719
2020-03-01 09:15:00,16.909,24.435999
2020-03-01 09:30:00,17.568,24.575567
2020-03-01 09:45:00,18.2275,24.032812
2020-03-01 10:00:00,18.667,24.599016
2020-03-01 10:15:00,18.8865,25.20158
2020-03-01 10:30:00,19.1065,25.753263
2020-03-01 10:45:00,19.3265,26.644388
2020-03-01 11:00:00,19.546,26.013853
2020-03-01 11:15:00,19.546,25.279902
2020-03-01 11:30:00,19.3265,24.924202
2020-03-01 11:45:00,19.3265,24.100546
2020-03-01 12:00:00,18.8865,23.787714
2020-03-01 12:15:00,18.8865,23.185904
2020-03-01 12:30:00,18.8865,23.345045
2020-03-01 12:45:00,18.8865,22.858614
2020-03-01 13:00:00,18.8865,23.76687
2020-03-01 13:15:00,18.8865,24.622217
2020-03-01 13:30:00,18.8865,25.418959
2020-03-01 13:45:00,18.8865,25.295244
2020-03-01 14:00:00,18.4475,25.520369
2020-03-01 14:15:00,18.4475,26.26505
2020-03-01 14:30:00,18.2275,25.528341
2020-03-01 14:45:00,18.0075,25.52504
2020-03-01 15:00:00,17.788,24.817019
2020-03-01 15:15:00,17.5685,24.158472
2020-03-01 15:30:00,17.3485,25.209085
2020-03-01 15:45:00,17.3485,25.037176
2020-03-01 16:00:00,17.1285,25.093666
2020-03-01 16:15:00,16.909,25.130983
2020-03-01 16:30:00,16.909,24.11318
2020-03-01 16:45:00,16.909,24.738224
2020-03-01 17:00:00,16.6895,24.687204
2020-03-01 17:15:00,16.4695,24.879206
2020-03-01 17:30:00,16.4695,25.157642
2020-03-01 17:45:00,16.25,24.551462
2020-03-01 18:00:00,16.0305,24.60917
2020-03-01 18:15:00,16.0305,24.223549
2020-03-01 18:30:00,16.0305,24.165789
2020-03-01 18:45:00,16.0305,24.287058
2020-03-01 19:00:00,15.591,24.778942
2020-03-01 19:15:00,15.591,25.049065
2020-03-01 19:30:00,15.591,24.316679
2020-03-01 19:45:00,15.591,23.347366
2020-03-01 20:00:00,15.1515,22.632774
2020-03-01 20:15:00,15.1515,22.125204
2020-03-01 20:30:00,15.1515,22.135466
2020-03-01 20:45:00,14.712,22.29313
2020-03-01 21:00:00,14.712,22.248064
2020-03-01 21:15:00,14.2725,22.65795
2020-03-01 21:30:00,14.2725,23.203062
2020-03-01 21:45:00,14.2725,22.74447
2020-03-01 22:00:00,14.2725,22.967384
2020-03-01 22:15:00,14.2725,23.050652
2020-03-01 22:30:00,14.2725,23.14912
2020-03-01 22:45:00,14.2725,23.28602
2020-03-01 23:00:00,14.2725,23.603186
2020-03-01 23:15:00,14.2725,23.604738
2020-03-01 23:30:00,14.0525,23.71498
2020-03-01 23:45:00,13.833,23.46643
2020-03-02 00:00:00,13.3935,23.331059
2020-03-02 00:15:00,13.174,23.179382
2020-03-02 00:30:00,12.954,20.05735
2020-03-02 00:45:00,12.734,23.053562
2020-03-02 01:00:00,12.5145,21.061035
2020-03-02 01:15:00,12.075,19.576414
2020-03-02 01:30:00,11.6355,19.658907
2020-03-02 01:45:00,11.1965,19.553007
2020-03-02 02:00:00,10.537,19.605572
2020-03-02 02:15:00,10.098,19.835678
2020-03-02 02:30:00,9.878,20.200375
2020-03-02 02:45:00,9.878,20.036541
2020-03-02 03:00:00,9.878,20.210136
2020-03-02 03:15:00,9.878,20.250427
2020-03-02 03:30:00,9.878,20.003605
2020-03-02 03:45:00,9.878,19.906279
2020-03-02 04:00:00,9.878,19.97817
2020-03-02 04:15:00,9.6585,19.951132
2020-03-02 04:30:00,9.6585,19.90945
2020-03-02 04:45:00,9.6585,19.343674
2020-03-02 05:00:00,9.878,19.032747
2020-03-02 05:15:00,9.878,19.143871
2020-03-02 05:30:00,9.878,19.41254
2020-03-02 05:45:00,10.098,19.903906
2020-03-02 06:00:00,10.098,20.708563
2020-03-02 06:15:00,10.098,20.979342
2020-03-02 06:30:00,10.098,21.429804
2020-03-02 06:45:00,10.098,21.29596
2020-03-02 07:00:00,10.098,21.984812
2020-03-02 07:15:00,10.098,22.332275
2020-03-02 07:30:00,10.098,22.896952
2020-03-02 07:45:00,10.098,23.190645
2020-03-02 08:00:00,10.098,23.28615
2020-03-02 08:15:00,10.098,23.151602
2020-03-02 08:30:00,10.098,23.502016
2020-03-02 08:45:00,10.537,23.663733
2020-03-02 09:00:00,10.537,24.452255
2020-03-02 09:15:00,10.757,25.548174
2020-03-02 09:30:00,10.977,26.179138
2020-03-02 09:45:00,11.416,25.773033
2020-03-02 10:00:00,11.855,25.36641
2020-03-02 10:15:00,12.075,24.601498
2020-03-02 10:30:00,12.5145,24.01164
2020-03-02 10:45:00,12.734,23.82337
2020-03-02 11:00:00,12.954,23.85187
2020-03-02 11:15:00,12.954,24.217396
2020-03-02 11:30:00,13.3935,25.201242
2020-03-02 11:45:00,13.833,25.472202
2020-03-02 12:00:00,13.833,26.441391
2020-03-02 12:15:00,14.2725,26.909029
2020-03-02 12:30:00,14.2725,27.131735
2020-03-02 12:45:00,14.2725,26.820456
2020-03-02 13:00:00,14.712,26.0422
2020-03-02 13:15:00,14.712,25.600752
2020-03-02 13:30:00,14.712,25.574053
2020-03-02 13:45:00,15.1515,26.11178
2020-03-02 14:00:00,15.3715,26.854963
2020-03-02 14:15:00,15.591,27.173475
2020-03-02 14:30:00,16.0305,27.391665
2020-03-02 14:45:00,16.0305,27.215902
2020-03-02 15:00:00,16.4695,26.988401
2020-03-02 15:15:00,16.4695,26.95857
2020-03-02 15:30:00,16.6895,27.021828
2020-03-02 15:45:00,16.6895,26.710909
2020-03-02 16:00:00,16.6895,26.493586
2020-03-02 16:15:00,16.6895,26.338427
2020-03-02 16:30:00,16.6895,26.143774
2020-03-02 16:45:00,16.4695,26.108976
2020-03-02 17:00:00,16.4695,26.023052
2020-03-02 17:15:00,16.4695,25.990622
2020-03-02 17:30:00,16.25,26.379242
2020-03-02 17:45:00,16.25,25.40782
2020-03-02 18:00:00,16.25,25.392374
2020-03-02 18:15:00,16.25,24.984428
2020-03-02 18:30:00,16.25,23.98532
2020-03-02 18:45:00,16.25,23.566767
2020-03-02 19:00:00,16.25,23.498787
2020-03-02 19:15:00,16.25,23.576937
2020-03-02 19:30:00,16.25,23.551271
2020-03-02 19:45:00,16.25,23.565683
2020-03-02 20:00:00,16.25,22.815414
2020-03-02 20:15:00,16.25,22.400957
2020-03-02 20:30:00,16.25,21.999512
2020-03-02 20:45:00,16.25,21.382944
2020-03-02 21:00:00,16.25,22.071913
2020-03-02 21:15:00,16.25,22.534658
2020-03-02 21:30:00,15.811,22.924223
2020-03-02 21:45:00,15.811,22.632025
2020-03-02 22:00:00,15.811,22.765291
2020-03-02 22:15:00,15.811,22.3683
2020-03-02 22:30:00,15.811,22.99491
2020-03-02 22:45:00,15.811,23.76133
2020-03-02 23:00:00,15.591,24.207047
2020-03-02 23:15:00,15.591,24.701435
2020-03-02 23:30:00,15.591,24.584654
2020-03-02 23:45:00,15.591,24.020472
2020-03-03 00:00:00,15.1515,23.853802
2020-03-03 00:15:00,15.1515,24.009638
2020-03-03 00:30:00,14.712,20.721539
2020-03-03 00:45:00,14.0525,23.790243
2020-03-03 01:00:00,13.1735,21.354319
2020-03-03 01:15:00,12.7345,19.776888
2020-03-03 01:30:00,12.5145,19.655668
2020-03-03 01:45:00,12.5145,19.31311
2020-03-03 02:00:00,12.5145,19.719858
2020-03-03 02:15:00,12.734,19.441196
2020-03-03 02:30:00,12.734,19.613798
2020-03-03 02:45:00,12.954,19.325745
2020-03-03 03:00:00,12.954,19.421267
2020-03-03 03:15:00,13.3935,19.849487
2020-03-03 03:30:00,13.3935,20.524965
2020-03-03 03:45:00,13.613,20.734879
2020-03-03 04:00:00,13.613,21.112669
2020-03-03 04:15:00,13.833,20.868038
2020-03-03 04:30:00,14.053,20.672228
2020-03-03 04:45:00,14.053,20.600233
2020-03-03 05:00:00,14.053,20.235857
2020-03-03 05:15:00,14.053,20.51067
2020-03-03 05:30:00,14.2725,20.764967
2020-03-03 05:45:00,14.492,20.732145
2020-03-03 06:00:00,14.492,21.439844
2020-03-03 06:15:00,14.492,21.847532
2020-03-03 06:30:00,14.492,22.058382
2020-03-03 06:45:00,14.712,21.83415
2020-03-03 07:00:00,14.712,21.580423
2020-03-03 07:15:00,14.712,21.612064
2020-03-03 07:30:00,14.712,21.815613
2020-03-03 07:45:00,14.9315,21.828056
2020-03-03 08:00:00,14.9315,22.417437
2020-03-03 08:15:00,14.9315,22.614592
2020-03-03 08:30:00,14.9315,23.25372
2020-03-03 08:45:00,14.9315,23.962
2020-03-03 09:00:00,15.1515,24.3435
2020-03-03 09:15:00,15.3715,24.913748
2020-03-03 09:30:00,15.8105,25.238901
2020-03-03 09:45:00,16.03,24.856222
2020-03-03 10:00:00,16.25,24.475382
2020-03-03 10:15:00,16.6895,25.27286
2020-03-03 10:30:00,17.1285,25.18977
2020-03-03 10:45:00,17.788,25.184862
2020-03-03 11:00:00,18.4475,25.320297
2020-03-03 11:15:00,19.1065,24.725058
2020-03-03 11:30:00,19.9855,25.605253
2020-03-03 11:45:00,20.8645,26.02314
2020-03-03 12:00:00,22.1825,26.689913
2020-03-03 12:15:00,23.0615,26.661482
2020-03-03 12:30:00,23.721,26.704615
2020-03-03 12:45:00,24.6,26.49729
2020-03-03 13:00:00,25.039,26.68958
2020-03-03 13:15:00,25.4785,27.060947
2020-03-03 13:30:00,25.698,27.227213
2020-03-03 13:45:00,25.918,27.472628
2020-03-03 14:00:00,26.357,27.545353
2020-03-03 14:15:00,26.577,27.720514
2020-03-03 14:30:00,27.456,27.604439
2020-03-03 14:45:00,27.8955,26.800474
2020-03-03 15:00:00,28.335,26.295645
2020-03-03 15:15:00,28.7745,26.17117
2020-03-03 15:30:00,28.7745,26.448606
2020-03-03 15:45:00,28.555,26.506617
2020-03-03 16:00:00,28.335,27.127028
2020-03-03 16:15:00,28.115,27.308311
2020-03-03 16:30:00,27.8955,27.44867
2020-03-03 16:45:00,27.676,27.34022
2020-03-03 17:00:00,27.236,27.107676
2020-03-03 17:15:00,27.0165,26.874962
2020-03-03 17:30:00,26.577,26.694378
2020-03-03 17:45:00,26.1375,26.20542
2020-03-03 18:00:00,25.918,26.112904
2020-03-03 18:15:00,25.6985,25.93621
2020-03-03 18:30:00,25.259,25.491207
2020-03-03 18:45:00,24.8195,24.963188
2020-03-03 19:00:00,24.5995,24.769182
2020-03-03 19:15:00,24.1605,24.520105
2020-03-03 19:30:00,23.9405,24.245144
2020-03-03 19:45:00,23.9405,23.320084
2020-03-03 20:00:00,23.9405,22.736414
2020-03-03 20:15:00,23.501,22.304714
2020-03-03 20:30:00,23.281,22.285837
2020-03-03 20:45:00,23.281,22.64809
2020-03-03 21:00:00,23.281,22.905626
2020-03-03 21:15:00,22.842,23.149227
2020-03-03 21:30:00,22.842,23.236713
2020-03-03 21:45:00,22.622,22.850727
2020-03-03 22:00:00,22.622,22.435503
2020-03-03 22:15:00,22.402,22.38302
2020-03-03 22:30:00,22.402,23.369795
2020-03-03 22:45:00,22.1825,23.743803
2020-03-03 23:00:00,22.1825,24.95666
2020-03-03 23:15:00,22.1825,25.190577
2020-03-03 23:30:00,22.1825,24.810019
2020-03-03 23:45:00,21.963,24.308027
2020-03-04 00:00:00,21.963,24.036161
2020-03-04 00:15:00,21.743,24.345022
2020-03-04 00:30:00,21.523,21.04264
2020-03-04 00:45:00,21.523,23.519781
2020-03-04 01:00:00,21.523,21.476345
2020-03-04 01:15:00,21.523,19.961063
2020-03-04 01:30:00,21.523,20.312073
2020-03-04 01:45:00,21.3035,20.930367
2020-03-04 02:00:00,21.3035,20.864079
2020-03-04 02:15:00,21.3035,20.431358
2020-03-04 02:30:00,21.084,20.759455
2020-03-04 02:45:00,21.084,20.578222
2020-03-04 03:00:00,20.8645,20.57373
2020-03-04 03:15:00,20.8645,20.833626
2020-03-04 03:30:00,20.8645,21.155195
2020-03-04 03:45:00,20.645,20.921356
2020-03-04 04:00:00,20.645,21.550888
2020-03-04 04:15:00,20.645,21.943739
2020-03-04 04:30:00,20.645,22.02328
2020-03-04 04:45:00,20.645,22.178865
2020-03-04 05:00:00,20.645,22.12858
2020-03-04 05:15:00,20.645,22.222391
2020-03-04 05:30:00,20.645,22.596842
2020-03-04 05:45:00,20.645,22.510954
2020-03-04 06:00:00,20.645,23.246918
2020-03-04 06:15:00,20.645,23.441565
2020-03-04 06:30:00,20.645,23.429085
2020-03-04 06:45:00,20.645,23.102053
2020-03-04 07:00:00,20.425,22.891972
2020-03-04 07:15:00,20.425,23.162731
2020-03-04 07:30:00,20.425,23.396564
2020-03-04 07:45:00,20.425,23.55369
2020-03-04 08:00:00,20.425,22.968187
2020-03-04 08:15:00,20.425,24.108364
2020-03-04 08:30:00,20.8645,24.681044
2020-03-04 08:45:00,20.8645,25.11524
2020-03-04 09:00:00,21.5235,26.110518
2020-03-04 09:15:00,21.9625,25.700645
2020-03-04 09:30:00,22.4025,25.806948
2020-03-04 09:45:00,23.2815,25.90425
2020-03-04 10:00:00,23.9405,26.356169
2020-03-04 10:15:00,24.8195,25.480543
2020-03-04 10:30:00,25.918,24.942444
2020-03-04 10:45:00,27.0165,23.86664
2020-03-04 11:00:00,27.8955,23.033056
2020-03-04 11:15:00,28.9945,23.965807
2020-03-04 11:30:00,29.873,24.999788
2020-03-04 11:45:00,30.752,26.07427
2020-03-04 12:00:00,31.8505,27.350298
2020-03-04 12:15:00,32.7295,26.864096
2020-03-04 12:30:00,33.169,27.150358
2020-03-04 12:45:00,33.828,26.871899
2020-03-04 13:00:00,34.927,26.839952
2020-03-04 13:15:00,35.586,27.126331
2020-03-04 13:30:00,36.4645,27.283308
2020-03-04 13:45:00,36.4645,27.386835
2020-03-04 14:00:00,36.6845,27.430128
2020-03-04 14:15:00,36.465,27.554106
2020-03-04 14:30:00,35.8055,27.494183
2020-03-04 14:45:00,35.366,26.950315
2020-03-04 15:00:00,34.707,26.73313
2020-03-04 15:15:00,34.2675,26.710367
2020-03-04 15:30:00,33.828,26.91308
2020-03-04 15:45:00,33.6085,26.867609
2020-03-04 16:00:00,33.169,27.011297
2020-03-04 16:15:00,32.7295,27.152761
2020-03-04 16:30:00,32.51,27.359404
2020-03-04 16:45:00,32.07,26.984022
2020-03-04 17:00:00,31.631,26.505953
2020-03-04 17:15:00,31.191,25.734377
2020-03-04 17:30:00,30.752,24.897272
2020-03-04 17:45:00,30.312,23.861504
2020-03-04 18:00:00,29.873,23.938826
2020-03-04 18:15:00,29.434,23.51393
2020-03-04 18:30:00,28.7745,24.184996
2020-03-04 18:45:00,28.115,24.794577
2020-03-04 19:00:00,27.236,24.91723
2020-03-04 19:15:00,25.918,25.367842
2020-03-04 19:30:00,24.8195,24.515112
2020-03-04 19:45:00,23.501,22.994543
2020-03-04 20:00:00,22.1825,21.820738
2020-03-04 20:15:00,21.084,21.591791
2020-03-04 20:30:00,20.205,21.557173
2020-03-04 20:45:00,19.546,21.445835
2020-03-04 21:00:00,18.667,21.746279
2020-03-04 21:15:00,18.2275,21.492907
2020-03-04 21:30:00,17.788,21.625242
2020-03-04 21:45:00,17.3485,21.858763
2020-03-04 22:00:00,16.689,22.045364
2020-03-04 22:15:00,16.4695,22.581648
2020-03-04 22:30:00,16.25,23.117018
2020-03-04 22:45:00,15.811,23.533798
2020-03-04 23:00:00,15.811,23.335554
2020-03-04 23:15:00,15.371,23.418863
2020-03-04 23:30:00,15.1515,23.259096
2020-03-04 23:45:00,14.932,22.935354
2020-03-05 00:00:00,14.492,22.90265
2020-03-05 00:15:00,14.053,22.297556
2020-03-05 00:30:00,13.833,19.563322
2020-03-05 00:45:00,13.613,21.488903
2020-03-05 01:00:00,13.174,19.556232
2020-03-05 01:15:00,12.734,17.861649
2020-03-05 01:30:00,12.295,18.090626
2020-03-05 01:45:00,12.295,18.037146
2020-03-05 02:00:00,12.295,18.87595
2020-03-05 02:15:00,12.295,19.297531
2020-03-05 02:30:00,12.295,18.115923
2020-03-05 02:45:00,12.295,18.06852
2020-03-05 03:00:00,12.075,17.224453
2020-03-05 03:15:00,12.075,17.445208
2020-03-05 03:30:00,12.075,17.936089
2020-03-05 03:45:00,12.075,18.46163
2020-03-05 04:00:00,11.855,18.929493
2020-03-05 04:15:00,11.855,18.99871
2020-03-05 04:30:00,11.855,19.368927
2020-03-05 04:45:00,11.855,18.802069
2020-03-05 05:00:00,11.6355,18.83697
2020-03-05 05:15:00,11.416,19.047424
2020-03-05 05:30:00,11.416,19.031334
2020-03-05 05:45:00,11.416,18.617994
2020-03-05 06:00:00,11.416,18.47248
2020-03-05 06:15:00,11.416,18.90072
2020-03-05 06:30:00,10.977,19.345348
2020-03-05 06:45:00,10.977,19.724808
2020-03-05 07:00:00,10.757,19.766336
2020-03-05 07:15:00,10.537,18.740192
2020-03-05 07:30:00,10.537,17.911257
2020-03-05 07:45:00,10.537,17.047495
2020-03-05 08:00:00,10.537,16.761957
2020-03-05 08:15:00,10.537,17.94422
2020-03-05 08:30:00,10.537,19.934769
2020-03-05 08:45:00,10.537,21.813358
2020-03-05 09:00:00,10.537,23.50694
2020-03-05 09:15:00,10.757,24.78568
2020-03-05 09:30:00,10.977,25.926006
2020-03-05 09:45:00,11.1965,26.016666
2020-03-05 10:00:00,11.1965,26.917908
2020-03-05 10:15:00,11.6355,27.151682
2020-03-05 10:30:00,11.8555,26.768156
2020-03-05 10:45:00,12.075,26.776981
2020-03-05 11:00:00,12.5145,26.699276
2020-03-05 11:15:00,12.7345,26.770552
2020-03-05 11:30:00,12.954,26.94445
2020-03-05 11:45:00,13.833,26.93539
2020-03-05 12:00:00,14.712,27.13203
2020-03-05 12:15:00,16.03,26.962236
2020-03-05 12:30:00,16.6895,26.70616
2020-03-05 12:45:00,17.1285,25.978693
2020-03-05 13:00:00,17.5685,26.059881
2020-03-05 13:15:00,18.667,26.576916
2020-03-05 13:30:00,20.2055,27.170115
2020-03-05 13:45:00,20.8645,27.28012
2020-03-05 14:00:00,21.5235,27.396873
2020-03-05 14:15:00,22.1825,27.401445
2020-03-05 14:30:00,23.0615,27.835157
2020-03-05 14:45:00,23.9405,27.078688
2020-03-05 15:00:00,24.6,26.385912
2020-03-05 15:15:00,24.8195,26.187017
2020-03-05 15:30:00,24.5995,26.570475
2020-03-05 15:45:00,24.38,27.293158
2020-03-05 16:00:00,24.16,27.87643
2020-03-05 16:15:00,23.721,27.928173
2020-03-05 16:30:00,23.501,27.964905
2020-03-05 16:45:00,23.0615,27.621674
2020-03-05 17:00:00,22.622,27.617352
2020-03-05 17:15:00,22.1825,27.013418
2020-03-05 17:30:00,21.9625,26.556124
2020-03-05 17:45:00,21.3035,26.033934
2020-03-05 18:00:00,20.8645,25.824034
2020-03-05 18:15:00,20.425,25.852135
2020-03-05 18:30:00,19.766,25.705027
2020-03-05 18:45:00,19.326,25.771135
2020-03-05 19:00:00,18.887,26.034306
2020-03-05 19:15:00,18.447,26.067465
2020-03-05 19:30:00,18.2275,25.646534
2020-03-05 19:45:00,18.008,24.762335
2020-03-05 20:00:00,17.788,24.100946
2020-03-05 20:15:00,17.3485,24.002075
2020-03-05 20:30:00,17.129,24.542667
2020-03-05 20:45:00,16.689,24.714611
2020-03-05 21:00:00,16.689,24.842123
2020-03-05 21:15:00,16.25,24.863218
2020-03-05 21:30:00,16.25,24.771395
2020-03-05 21:45:00,15.811,24.604074
2020-03-05 22:00:00,15.811,24.743525
2020-03-05 22:15:00,15.371,24.70402
2020-03-05 22:30:00,15.371,25.31558
2020-03-05 22:45:00,15.1515,25.43239
2020-03-05 23:00:00,14.932,25.942795
2020-03-05 23:15:00,14.932,26.395653
2020-03-05 23:30:00,14.712,26.603037
2020-03-05 23:45:00,14.492,26.481071
2020-03-06 00:00:00,14.492,26.239191
2020-03-06 00:15:00,14.2725,26.175917
2020-03-06 00:30:00,14.053,23.034342
2020-03-06 00:45:00,13.833,25.949099
2020-03-06 01:00:00,13.613,23.943935
2020-03-06 01:15:00,13.3935,22.475323
2020-03-06 01:30:00,13.174,22.293385
2020-03-06 01:45:00,13.174,22.191635
2020-03-06 02:00:00,12.954,22.143915
2020-03-06 02:15:00,12.734,22.541372
2020-03-06 02:30:00,12.734,22.595972
2020-03-06 02:45:00,12.5145,22.367716
2020-03-06 03:00:00,12.295,23.080488
2020-03-06 03:15:00,12.295,22.993196
2020-03-06 03:30:00,12.075,23.36769
2020-03-06 03:45:00,12.075,23.20324
2020-03-06 04:00:00,11.855,22.783018
2020-03-06 04:15:00,11.855,22.473051
2020-03-06 04:30:00,11.6355,22.365505
2020-03-06 04:45:00,11.416,22.30694
2020-03-06 05:00:00,11.416,22.38746
2020-03-06 05:15:00,11.1965,22.452826
2020-03-06 05:30:00,11.1965,22.852924
2020-03-06 05:45:00,11.1965,22.902042
2020-03-06 06:00:00,11.1965,23.38254
2020-03-06 06:15:00,11.1965,23.520859
2020-03-06 06:30:00,11.1965,23.561403
2020-03-06 06:45:00,10.977,23.369627
2020-03-06 07:00:00,10.757,23.474417
2020-03-06 07:15:00,10.757,23.977436
2020-03-06 07:30:00,10.757,24.32556
2020-03-06 07:45:00,10.757,24.008184
2020-03-06 08:00:00,10.757,23.488386
2020-03-06 08:15:00,10.757,23.020887
2020-03-06 08:30:00,10.757,23.505602
2020-03-06 08:45:00,10.9765,23.732405
2020-03-06 09:00:00,11.416,25.120344
2020-03-06 09:15:00,12.075,26.388283
2020-03-06 09:30:00,12.734,26.90296
2020-03-06 09:45:00,13.613,27.506258
2020-03-06 10:00:00,14.2725,27.18386
2020-03-06 10:15:00,15.1515,26.496098
2020-03-06 10:30:00,15.8105,25.791391
2020-03-06 10:45:00,16.47,24.79548
2020-03-06 11:00:00,17.129,24.535059
2020-03-06 11:15:00,17.5685,24.52077
2020-03-06 11:30:00,18.0075,24.721678
2020-03-06 11:45:00,18.4475,25.424696
2020-03-06 12:00:00,18.4475,26.20185
2020-03-06 12:15:00,18.4475,26.947699
2020-03-06 12:30:00,18.2275,27.710825
2020-03-06 12:45:00,18.008,26.794353
2020-03-06 13:00:00,18.008,26.19038
2020-03-06 13:15:00,17.788,25.52052
2020-03-06 13:30:00,17.5685,24.52552
2020-03-06 13:45:00,17.5685,24.519258
2020-03-06 14:00:00,17.1285,24.63645
2020-03-06 14:15:00,17.1285,24.877625
2020-03-06 14:30:00,17.1285,25.153204
2020-03-06 14:45:00,16.909,25.108881
2020-03-06 15:00:00,16.909,25.469687
2020-03-06 15:15:00,16.909,25.642553
2020-03-06 15:30:00,16.6895,25.798368
2020-03-06 15:45:00,16.6895,25.628593
2020-03-06 16:00:00,16.4695,25.633974
2020-03-06 16:15:00,16.4695,25.704224
2020-03-06 16:30:00,16.4695,25.731607
2020-03-06 16:45:00,16.25,25.336494
2020-03-06 17:00:00,16.25,24.98976
2020-03-06 17:15:00,16.25,24.471682
2020-03-06 17:30:00,16.0305,23.841755
2020-03-06 17:45:00,16.0305,23.088743
2020-03-06 18:00:00,16.0305,22.61894
2020-03-06 18:15:00,16.0305,22.50886
2020-03-06 18:30:00,16.0305,22.496368
2020-03-06 18:45:00,16.0305,22.338293
2020-03-06 19:00:00,16.0305,22.70743
2020-03-06 19:15:00,15.3715,22.496048
2020-03-06 19:30:00,14.712,21.942442
2020-03-06 19:45:00,14.2725,21.11773
2020-03-06 20:00:00,13.833,20.683908
2020-03-06 20:15:00,13.6135,20.366259
2020-03-06 20:30:00,13.6135,20.512465
2020-03-06 20:45:00,13.6135,20.548904
2020-03-06 21:00:00,13.3935,20.50596
2020-03-06 21:15:00,13.1735,20.71328
2020-03-06 21:30:00,12.954,20.899666
2020-03-06 21:45:00,12.7345,20.672838
2020-03-06 22:00:00,12.5145,20.54902
2020-03-06 22:15:00,12.2945,20.856718
2020-03-06 22:30:00,12.075,21.265425
2020-03-06 22:45:00,11.8555,21.76533
2020-03-06 23:00:00,11.6355,22.543074
2020-03-06 23:15:00,11.6355,21.840559
2020-03-06 23:30:00,11.6355,21.361753
2020-03-06 23:45:00,11.6355,21.283636
2020-03-07 00:00:00,11.6355,20.804955
2020-03-07 00:15:00,11.6355,20.93517
2020-03-07 00:30:00,11.6355,18.509247
2020-03-07 00:45:00,11.6355,20.794943
2020-03-07 01:00:00,11.6355,18.781927
2020-03-07 01:15:00,11.6355,17.433983
2020-03-07 01:30:00,11.855,17.698696
2020-03-07 01:45:00,11.855,18.761456
2020-03-07 02:00:00,11.855,18.998558
2020-03-07 02:15:00,11.855,19.277851
2020-03-07 02:30:00,11.855,19.553787
2020-03-07 02:45:00,11.6355,18.646576
2020-03-07 03:00:00,11.1965,19.168764
2020-03-07 03:15:00,11.1965,19.158163
2020-03-07 03:30:00,11.1965,19.420338
2020-03-07 03:45:00,10.757,19.238832
2020-03-07 04:00:00,10.757,19.324434
2020-03-07 04:15:00,10.757,19.379948
2020-03-07 04:30:00,10.5375,19.463257
2020-03-07 04:45:00,10.3175,19.615198
2020-03-07 05:00:00,10.0975,20.188253
2020-03-07 05:15:00,10.0975,20.713173
2020-03-07 05:30:00,10.0975,20.910416
2020-03-07 05:45:00,10.0975,20.916712
2020-03-07 06:00:00,9.6585,20.589062
2020-03-07 06:15:00,9.6585,20.515942
2020-03-07 06:30:00,9.6585,20.86216
2020-03-07 06:45:00,9.6585,20.93853
2020-03-07 07:00:00,9.4385,21.482485
2020-03-07 07:15:00,9.4385,21.34326
2020-03-07 07:30:00,9.4385,21.342264
2020-03-07 07:45:00,9.4385,21.880209
2020-03-07 08:00:00,9.4385,21.407286
2020-03-07 08:15:00,9.4385,21.07927
2020-03-07 08:30:00,9.4385,21.276918
2020-03-07 08:45:00,9.4385,21.124138
2020-03-07 09:00:00,9.6585,22.17309
2020-03-07 09:15:00,9.6585,23.622091
2020-03-07 09:30:00,9.6585,25.000586
2020-03-07 09:45:00,9.6585,25.696014
2020-03-07 10:00:00,9.6585,25.786821
2020-03-07 10:15:00,10.0975,24.982924
2020-03-07 10:30:00,10.0975,24.263283
2020-03-07 10:45:00,10.0975,23.164518
2020-03-07 11:00:00,10.0975,22.515036
2020-03-07 11:15:00,10.0975,22.620413
2020-03-07 11:30:00,10.0975,23.430094
2020-03-07 11:45:00,10.0975,23.943499
2020-03-07 12:00:00,10.3175,24.795444
2020-03-07 12:15:00,10.3175,25.311008
2020-03-07 12:30:00,10.5375,25.161304
2020-03-07 12:45:00,10.757,24.810755
2020-03-07 13:00:00,10.757,24.589167
2020-03-07 13:15:00,10.9765,24.562262
2020-03-07 13:30:00,11.1965,24.860037
2020-03-07 13:45:00,11.1965,24.948618
2020-03-07 14:00:00,11.6355,25.151632
2020-03-07 14:15:00,11.6355,25.344873
2020-03-07 14:30:00,11.6355,25.117117
2020-03-07 14:45:00,11.6355,24.949795
2020-03-07 15:00:00,11.6355,25.16598
2020-03-07 15:15:00,11.6355,25.1434
2020-03-07 15:30:00,11.6355,25.733122
2020-03-07 15:45:00,11.6355,25.70202
2020-03-07 16:00:00,11.855,25.794825
2020-03-07 16:15:00,11.855,26.209188
2020-03-07 16:30:00,11.855,26.09136
2020-03-07 16:45:00,11.855,25.644276
2020-03-07 17:00:00,11.855,25.143356
2020-03-07 17:15:00,11.855,24.620594
2020-03-07 17:30:00,11.855,23.735203
2020-03-07 17:45:00,11.855,22.747507
2020-03-07 18:00:00,11.855,22.530243
2020-03-07 18:15:00,11.855,22.420189
2020-03-07 18:30:00,11.855,22.625805
2020-03-07 18:45:00,11.855,22.765808
2020-03-07 19:00:00,11.855,22.873022
2020-03-07 19:15:00,11.855,22.49085
2020-03-07 19:30:00,11.855,21.839464
2020-03-07 19:45:00,11.855,21.175476
2020-03-07 20:00:00,11.855,21.09838
2020-03-07 20:15:00,12.075,21.578695
2020-03-07 20:30:00,12.075,22.125103
2020-03-07 20:45:00,12.075,22.128435
2020-03-07 21:00:00,12.075,22.18096
2020-03-07 21:15:00,12.295,21.922941
2020-03-07 21:30:00,12.295,21.863983
2020-03-07 21:45:00,12.295,21.488276
2020-03-07 22:00:00,12.295,21.467394
2020-03-07 22:15:00,12.295,21.708963
2020-03-07 22:30:00,12.295,22.707651
2020-03-07 22:45:00,12.295,22.876484
2020-03-07 23:00:00,12.295,23.476505
2020-03-07 23:15:00,12.5145,23.36786
2020-03-07 23:30:00,12.5145,22.511526
2020-03-07 23:45:00,12.734,21.973263
2020-03-08 00:00:00,12.734,21.65493
2020-03-08 00:15:00,12.734,21.726042
2020-03-08 00:30:00,12.734,18.823765
2020-03-08 00:45:00,12.734,21.801054
2020-03-08 01:00:00,12.5145,19.53067
2020-03-08 01:15:00,12.5145,17.982252
2020-03-08 01:30:00,12.5145,17.972742
2020-03-08 01:45:00,12.5145,18.52697
2020-03-08 02:00:00,12.5145,18.704117
2020-03-08 02:15:00,12.295,18.923302
2020-03-08 02:30:00,12.075,19.166763
2020-03-08 02:45:00,12.075,18.266556
2020-03-08 03:00:00,12.075,18.652073
2020-03-08 03:15:00,12.075,18.721153
2020-03-08 03:30:00,12.075,19.081135
2020-03-08 03:45:00,12.075,18.984915
2020-03-08 04:00:00,12.075,18.726385
2020-03-08 04:15:00,12.075,18.490986
2020-03-08 04:30:00,12.075,19.326782
2020-03-08 04:45:00,12.075,19.54452
2020-03-08 05:00:00,11.6355,19.716513
2020-03-08 05:15:00,11.6355,20.764
2020-03-08 05:30:00,11.6355,20.424686
2020-03-08 05:45:00,11.6355,20.112669
2020-03-08 06:00:00,11.6355,21.13646
2020-03-08 06:15:00,11.6355,20.848017
2020-03-08 06:30:00,11.6355,21.227636
2020-03-08 06:45:00,11.6355,22.382442
2020-03-08 07:00:00,11.6355,23.186287
2020-03-08 07:15:00,11.6355,23.26877
2020-03-08 07:30:00,11.6355,22.611383
2020-03-08 07:45:00,11.6355,21.547735
2020-03-08 08:00:00,11.6355,20.30985
2020-03-08 08:15:00,11.8555,20.439442
2020-03-08 08:30:00,12.075,21.217985
2020-03-08 08:45:00,12.075,21.875166
2020-03-08 09:00:00,12.5145,22.991928
2020-03-08 09:15:00,12.954,23.883455
2020-03-08 09:30:00,12.954,24.492247
2020-03-08 09:45:00,13.1735,24.683481
2020-03-08 10:00:00,13.6135,24.51261
2020-03-08 10:15:00,13.833,23.840906
2020-03-08 10:30:00,14.0525,24.252913
2020-03-08 10:45:00,14.712,23.55188
2020-03-08 11:00:00,15.1515,23.170279
2020-03-08 11:15:00,15.8105,23.601425
2020-03-08 11:30:00,16.4695,22.92058
2020-03-08 11:45:00,17.129,23.233473
2020-03-08 12:00:00,17.5685,23.861298
2020-03-08 12:15:00,18.0075,23.96697
2020-03-08 12:30:00,18.2275,24.832457
2020-03-08 12:45:00,18.667,25.422003
2020-03-08 13:00:00,19.1065,25.56424
2020-03-08 13:15:00,19.3265,26.048704
2020-03-08 13:30:00,19.1065,25.71403
2020-03-08 13:45:00,18.887,24.868076
2020-03-08 14:00:00,18.887,25.35213
2020-03-08 14:15:00,18.667,25.457933
2020-03-08 14:30:00,18.2275,25.663397
2020-03-08 14:45:00,18.2275,25.64962
2020-03-08 15:00:00,18.2275,25.520317
2020-03-08 15:15:00,18.0075,25.469414
2020-03-08 15:30:00,18.0075,25.16781
2020-03-08 15:45:00,18.0075,24.510386
2020-03-08 16:00:00,17.788,24.256413
2020-03-08 16:15:00,17.788,24.03417
2020-03-08 16:30:00,17.788,23.576937
2020-03-08 16:45:00,17.5685,23.338291
2020-03-08 17:00:00,17.5685,23.429497
2020-03-08 17:15:00,17.5685,23.383873
2020-03-08 17:30:00,17.3485,23.850702
2020-03-08 17:45:00,17.1285,23.601238
2020-03-08 18:00:00,17.1285,23.420195
2020-03-08 18:15:00,16.909,23.298779
2020-03-08 18:30:00,16.909,23.157331
2020-03-08 18:45:00,16.6895,22.94369
2020-03-08 19:00:00,16.6895,22.986715
2020-03-08 19:15:00,16.6895,22.668354
2020-03-08 19:30:00,16.6895,22.169378
2020-03-08 19:45:00,16.4695,21.010967
2020-03-08 20:00:00,16.4695,20.201153
2020-03-08 20:15:00,16.25,20.12694
2020-03-08 20:30:00,16.0305,20.623629
2020-03-08 20:45:00,16.0305,21.334951
2020-03-08 21:00:00,15.811,21.94547
2020-03-08 21:15:00,15.591,22.367468
2020-03-08 21:30:00,15.371,22.405699
2020-03-08 21:45:00,15.371,21.948507
2020-03-08 22:00:00,15.1515,21.872984
2020-03-08 22:15:00,14.932,21.849436
2020-03-08 22:30:00,14.932,21.721777
2020-03-08 22:45:00,14.712,21.42392
2020-03-08 23:00:00,14.712,21.4382
2020-03-08 23:15:00,14.492,21.063778
2020-03-08 23:30:00,14.2725,20.998165
2020-03-08 23:45:00,14.2725,20.757477
2020-03-09 00:00:00,13.833,20.670864
2020-03-09 00:15:00,13.613,20.914494
2020-03-09 00:30:00,13.3935,18.189663
2020-03-09 00:45:00,12.954,21.55995
2020-03-09 01:00:00,12.734,19.628786
2020-03-09 01:15:00,12.5145,18.401758
2020-03-09 01:30:00,12.075,18.362152
2020-03-09 01:45:00,12.075,18.162592
2020-03-09 02:00:00,11.6355,18.427467
2020-03-09 02:15:00,11.6355,18.242712
2020-03-09 02:30:00,11.416,18.572079
2020-03-09 02:45:00,11.1965,18.338573
2020-03-09 03:00:00,11.1965,18.286114
2020-03-09 03:15:00,10.757,18.572052
2020-03-09 03:30:00,10.757,18.944866
2020-03-09 03:45:00,10.537,19.060812
2020-03-09 04:00:00,10.3175,19.33456
2020-03-09 04:15:00,10.3175,19.213066
2020-03-09 04:30:00,9.878,19.319769
2020-03-09 04:45:00,9.878,19.955452
2020-03-09 05:00:00,9.4385,19.989178
2020-03-09 05:15:00,9.4385,20.302773
2020-03-09 05:30:00,9.2185,20.652706
2020-03-09 05:45:00,8.999,19.46127
2020-03-09 06:00:00,8.999,20.0983
2020-03-09 06:15:00,8.999,20.409075
2020-03-09 06:30:00,8.5595,20.643757
2020-03-09 06:45:00,8.5595,20.598064
2020-03-09 07:00:00,8.5595,20.723711
2020-03-09 07:15:00,8.5595,20.949242
2020-03-09 07:30:00,8.5595,21.159527
2020-03-09 07:45:00,8.5595,21.315472
2020-03-09 08:00:00,8.999,21.159868
2020-03-09 08:15:00,9.4385,20.96682
2020-03-09 08:30:00,9.878,21.504053
2020-03-09 08:45:00,10.3175,22.209242
2020-03-09 09:00:00,10.9765,23.421862
2020-03-09 09:15:00,11.6355,24.576668
2020-03-09 09:30:00,12.5145,25.125809
2020-03-09 09:45:00,13.3935,25.04709
2020-03-09 10:00:00,14.2725,25.145
2020-03-09 10:15:00,15.1515,24.508738
2020-03-09 10:30:00,16.0305,24.188414
2020-03-09 10:45:00,16.689,23.672985
2020-03-09 11:00:00,17.5685,23.448648
2020-03-09 11:15:00,18.447,23.698689
2020-03-09 11:30:00,19.1065,24.118076
2020-03-09 11:45:00,19.546,24.454714
2020-03-09 12:00:00,19.985,25.266863
2020-03-09 12:15:00,20.6445,25.964924
2020-03-09 12:30:00,21.084,26.259153
2020-03-09 12:45:00,21.084,26.049763
2020-03-09 13:00:00,21.963,26.210402
2020-03-09 13:15:00,22.4025,26.520264
2020-03-09 13:30:00,23.2815,26.928677
2020-03-09 13:45:00,23.501,27.312988
2020-03-09 14:00:00,23.721,27.518473
2020-03-09 14:15:00,23.9405,27.433954
2020-03-09 14:30:00,24.38,27.44253
2020-03-09 14:45:00,24.8195,26.971685
2020-03-09 15:00:00,25.259,26.768417
2020-03-09 15:15:00,25.259,26.851053
2020-03-09 15:30:00,25.039,27.006647
2020-03-09 15:45:00,24.5995,26.803928
2020-03-09 16:00:00,24.1605,25.919624
2020-03-09 16:15:00,23.9405,25.12306
2020-03-09 16:30:00,23.721,24.707994
2020-03-09 16:45:00,23.281,23.784857
2020-03-09 17:00:00,22.842,23.97699
2020-03-09 17:15:00,22.622,24.961477
2020-03-09 17:30:00,21.9625,24.71026
2020-03-09 17:45:00,21.5235,24.43183
2020-03-09 18:00:00,21.084,24.457045
2020-03-09 18:15:00,20.425,23.542894
2020-03-09 18:30:00,19.766,23.400267
2020-03-09 18:45:00,19.326,23.16621
2020-03-09 19:00:00,18.667,23.04131
2020-03-09 19:15:00,18.2275,22.935253
2020-03-09 19:30:00,17.788,22.501669
2020-03-09 19:45:00,17.568,21.862902
2020-03-09 20:00:00,17.129,21.722624
2020-03-09 20:15:00,16.689,21.760757
2020-03-09 20:30:00,16.25,22.156939
2020-03-09 20:45:00,15.811,22.020227
2020-03-09 21:00:00,15.591,21.805227
2020-03-09 21:15:00,15.371,21.873297
2020-03-09 21:30:00,14.932,22.043158
2020-03-09 21:45:00,14.932,21.961216
2020-03-09 22:00:00,14.492,22.306139
2020-03-09 22:15:00,14.492,22.3113
2020-03-09 22:30:00,14.2725,22.300894
2020-03-09 22:45:00,14.053,22.45674
2020-03-09 23:00:00,14.053,22.668957
2020-03-09 23:15:00,14.053,22.91588
2020-03-09 23:30:00,13.833,23.16949
2020-03-09 23:45:00,13.613,22.753008
2020-03-10 00:00:00,13.613,22.385063
2020-03-10 00:15:00,13.613,22.051687
2020-03-10 00:30:00,13.613,18.946417
2020-03-10 00:45:00,13.613,21.82799
2020-03-10 01:00:00,13.174,19.619843
2020-03-10 01:15:00,13.174,18.181221
2020-03-10 01:30:00,13.174,18.219475
2020-03-10 01:45:00,12.954,18.346586
2020-03-10 02:00:00,12.954,18.576912
2020-03-10 02:15:00,12.734,18.53196
2020-03-10 02:30:00,12.5145,18.516516
2020-03-10 02:45:00,12.5145,18.15413
2020-03-10 03:00:00,12.5145,18.143648
2020-03-10 03:15:00,12.295,18.293688
2020-03-10 03:30:00,12.295,18.373154
2020-03-10 03:45:00,12.075,18.16876
2020-03-10 04:00:00,12.075,18.179749
2020-03-10 04:15:00,11.855,18.190273
2020-03-10 04:30:00,11.855,18.675222
2020-03-10 04:45:00,11.855,19.04028
2020-03-10 05:00:00,11.416,19.363487
2020-03-10 05:15:00,11.416,19.703978
2020-03-10 05:30:00,11.1965,19.858416
2020-03-10 05:45:00,10.977,19.693478
2020-03-10 06:00:00,10.757,20.111238
2020-03-10 06:15:00,10.757,20.169247
2020-03-10 06:30:00,10.757,20.250084
2020-03-10 06:45:00,10.537,20.864782
2020-03-10 07:00:00,10.3175,21.023361
2020-03-10 07:15:00,10.3175,21.30731
2020-03-10 07:30:00,10.3175,22.714266
2020-03-10 07:45:00,10.537,21.811943
2020-03-10 08:00:00,10.977,22.382183
2020-03-10 08:15:00,11.416,22.446016
2020-03-10 08:30:00,11.855,21.714647
2020-03-10 08:45:00,12.295,22.549917
2020-03-10 09:00:00,13.174,22.51542
2020-03-10 09:15:00,14.053,23.332537
2020-03-10 09:30:00,14.9315,24.265747
2020-03-10 09:45:00,16.25,24.43782
2020-03-10 10:00:00,17.1285,24.984076
2020-03-10 10:15:00,18.2275,24.580492
2020-03-10 10:30:00,19.3265,24.638544
2020-03-10 10:45:00,20.205,24.433424
2020-03-10 11:00:00,21.084,24.349258
2020-03-10 11:15:00,21.5235,24.51573
2020-03-10 11:30:00,22.622,24.430069
2020-03-10 11:45:00,23.0615,24.451283
2020-03-10 12:00:00,23.9405,24.646969
2020-03-10 12:15:00,24.5995,25.078394
2020-03-10 12:30:00,24.5995,25.396017
2020-03-10 12:45:00,24.819,25.2661
2020-03-10 13:00:00,25.698,25.386312
2020-03-10 13:15:00,26.577,25.794312
2020-03-10 13:30:00,27.676,26.056314
2020-03-10 13:45:00,28.1155,25.860447
2020-03-10 14:00:00,28.555,25.796633
2020-03-10 14:15:00,28.7745,25.467253
2020-03-10 14:30:00,29.6535,25.623327
2020-03-10 14:45:00,30.0925,25.621325
2020-03-10 15:00:00,30.532,25.712774
2020-03-10 15:15:00,30.532,26.072718
2020-03-10 15:30:00,30.312,26.472155
2020-03-10 15:45:00,30.0925,26.19912
2020-03-10 16:00:00,29.6535,26.391397
2020-03-10 16:15:00,29.4335,26.431265
2020-03-10 16:30:00,28.9945,26.14894
2020-03-10 16:45:00,28.7745,25.847574
2020-03-10 17:00:00,28.115,25.944033
2020-03-10 17:15:00,27.676,25.550026
2020-03-10 17:30:00,27.0165,25.373062
2020-03-10 17:45:00,26.3575,24.859549
2020-03-10 18:00:00,25.6985,24.121334
2020-03-10 18:15:00,25.259,23.829237
2020-03-10 18:30:00,24.8195,23.803549
2020-03-10 18:45:00,24.38,23.749437
2020-03-10 19:00:00,23.721,23.901453
2020-03-10 19:15:00,23.281,23.522448
2020-03-10 19:30:00,22.622,22.764523
2020-03-10 19:45:00,22.1825,21.081724
2020-03-10 20:00:00,21.743,20.482187
2020-03-10 20:15:00,21.3035,20.471352
2020-03-10 20:30:00,20.645,20.583412
2020-03-10 20:45:00,20.205,20.869377
2020-03-10 21:00:00,19.9855,21.249414
2020-03-10 21:15:00,19.766,20.959394
2020-03-10 21:30:00,19.326,20.951523
2020-03-10 21:45:00,19.1065,20.798323
2020-03-10 22:00:00,18.887,20.186886
2020-03-10 22:15:00,18.447,21.180574
2020-03-10 22:30:00,18.2275,22.493422
2020-03-10 22:45:00,18.008,22.417025
2020-03-10 23:00:00,17.568,23.241236
2020-03-10 23:15:00,17.568,22.44313
2020-03-10 23:30:00,17.3485,21.324701
2020-03-10 23:45:00,17.129,21.222591
2020-03-11 00:00:00,16.909,21.080967
2020-03-11 00:15:00,16.689,21.770084
2020-03-11 00:30:00,16.689,18.591272
2020-03-11 00:45:00,16.689,21.435705
2020-03-11 01:00:00,16.689,20.547646
2020-03-11 01:15:00,16.689,18.112057
2020-03-11 01:30:00,16.689,18.542572
2020-03-11 01:45:00,16.689,19.672298
2020-03-11 02:00:00,16.689,19.025196
2020-03-11 02:15:00,16.689,19.25605
2020-03-11 02:30:00,16.25,20.278706
2020-03-11 02:45:00,16.25,19.98465
2020-03-11 03:00:00,16.0305,20.226166
2020-03-11 03:15:00,15.811,20.761906
2020-03-11 03:30:00,15.371,19.716833
2020-03-11 03:45:00,15.371,18.349411
2020-03-11 04:00:00,14.932,17.172487
2020-03-11 04:15:00,14.932,15.923298
2020-03-11 04:30:00,14.492,15.07999
2020-03-11 04:45:00,14.492,13.959213
2020-03-11 05:00:00,14.2725,13.943845
2020-03-11 05:15:00,14.053,14.569092
2020-03-11 05:30:00,13.833,17.006424
2020-03-11 05:45:00,13.833,18.53214
2020-03-11 06:00:00,13.613,19.600246
2020-03-11 06:15:00,13.613,21.575562
2020-03-11 06:30:00,13.174,22.089918
2020-03-11 06:45:00,13.174,22.791437
2020-03-11 07:00:00,13.174,23.556662
2020-03-11 07:15:00,13.174,23.128061
2020-03-11 07:30:00,13.174,22.933508
2020-03-11 07:45:00,13.3935,22.214724
2020-03-11 08:00:00,14.053,21.799519
2020-03-11 08:15:00,14.492,21.485338
2020-03-11 08:30:00,15.371,21.001226
2020-03-11 08:45:00,16.0305,20.81356
2020-03-11 09:00:00,16.689,21.82833
2020-03-11 09:15:00,17.568,22.709743
2020-03-11 09:30:00,18.667,24.039217
2020-03-11 09:45:00,19.3265,25.194717
2020-03-11 10:00:00,20.425,25.731375
2020-03-11 10:15:00,21.743,25.536974
2020-03-11 10:30:00,22.8415,24.342703
2020-03-11 10:45:00,23.9405,23.084312
2020-03-11 11:00:00,24.8195,22.847013
2020-03-11 11:15:00,25.918,23.566576
2020-03-11 11:30:00,26.797,25.250721
2020-03-11 11:45:00,27.8955,26.701336
2020-03-11 12:00:00,28.994,27.433023
2020-03-11 12:15:00,29.6535,27.116041
2020-03-11 12:30:00,29.873,26.60596
2020-03-11 12:45:00,30.3125,25.899897
2020-03-11 13:00:00,30.972,26.162468
2020-03-11 13:15:00,31.8505,26.102892
2020-03-11 13:30:00,32.51,26.26392
2020-03-11 13:45:00,32.7295,25.41675
2020-03-11 14:00:00,32.9495,24.383383
2020-03-11 14:15:00,33.169,24.459072
2020-03-11 14:30:00,33.169,24.432055
2020-03-11 14:45:00,33.6085,24.358868
2020-03-11 15:00:00,34.048,24.387611
2020-03-11 15:15:00,34.048,24.375116
2020-03-11 15:30:00,33.8285,24.541765
2020-03-11 15:45:00,33.169,24.590414
2020-03-11 16:00:00,32.949,24.588314
2020-03-11 16:15:00,32.7295,24.48036
2020-03-11 16:30:00,32.29,24.394775
2020-03-11 16:45:00,32.07,24.007145
2020-03-11 17:00:00,31.631,23.704704
2020-03-11 17:15:00,31.411,23.688532
2020-03-11 17:30:00,30.9715,23.57087
2020-03-11 17:45:00,30.532,22.963781
2020-03-11 18:00:00,30.0925,22.88228
2020-03-11 18:15:00,29.434,23.321447
2020-03-11 18:30:00,28.7745,23.445265
2020-03-11 18:45:00,28.115,23.612482
2020-03-11 19:00:00,27.236,23.888369
2020-03-11 19:15:00,26.797,23.047785
2020-03-11 19:30:00,26.357,22.39643
2020-03-11 19:45:00,25.6985,21.906248
2020-03-11 20:00:00,25.259,20.919306
2020-03-11 20:15:00,24.8195,20.003082
2020-03-11 20:30:00,24.6,20.059427
2020-03-11 20:45:00,24.16,18.991615
2020-03-11 21:00:00,23.721,19.129433
2020-03-11 21:15:00,23.281,19.673851
2020-03-11 21:30:00,23.281,20.130516
2020-03-11 21:45:00,23.281,20.18173
2020-03-11 22:00:00,22.842,20.606792
2020-03-11 22:15:00,22.842,20.516415
2020-03-11 22:30:00,22.842,20.829636
2020-03-11 22:45:00,22.842,20.975061
2020-03-11 23:00:00,22.842,21.15946
2020-03-11 23:15:00,22.622,21.114258
2020-03-11 23:30:00,22.622,20.872068
2020-03-11 23:45:00,22.402,20.545107
2020-03-12 00:00:00,22.402,20.456942
2020-03-12 00:15:00,22.1825,20.5222
2020-03-12 00:30:00,22.1825,17.412838
2020-03-12 00:45:00,21.963,20.325928
2020-03-12 01:00:00,21.963,18.053968
2020-03-12 01:15:00,21.523,16.223812
2020-03-12 01:30:00,21.3035,17.282879
2020-03-12 01:45:00,21.084,17.91212
2020-03-12 02:00:00,20.645,18.796806
2020-03-12 02:15:00,20.205,19.779055
2020-03-12 02:30:00,19.9855,19.390564
2020-03-12 02:45:00,19.766,19.30625
2020-03-12 03:00:00,19.326,18.797874
2020-03-12 03:15:00,18.887,18.303837
2020-03-12 03:30:00,18.667,17.872131
2020-03-12 03:45:00,18.447,16.12023
2020-03-12 04:00:00,18.2275,15.863094
2020-03-12 04:15:00,18.008,17.072298
2020-03-12 04:30:00,17.568,17.435421
2020-03-12 04:45:00,17.568,18.04531
2020-03-12 05:00:00,17.3485,18.886961
2020-03-12 05:15:00,17.129,18.77019
2020-03-12 05:30:00,17.129,19.500504
2020-03-12 05:45:00,17.129,20.48463
2020-03-12 06:00:00,17.129,20.717606
2020-03-12 06:15:00,17.129,20.975647
2020-03-12 06:30:00,17.129,21.380732
2020-03-12 06:45:00,17.129,21.439604
2020-03-12 07:00:00,17.129,21.95275
2020-03-12 07:15:00,17.129,22.26256
2020-03-12 07:30:00,17.129,22.547546
2020-03-12 07:45:00,17.568,22.250284
2020-03-12 08:00:00,18.008,21.052223
2020-03-12 08:15:00,18.447,20.09245
2020-03-12 08:30:00,19.1065,20.967028
2020-03-12 08:45:00,19.766,21.175894
2020-03-12 09:00:00,20.205,22.813612
2020-03-12 09:15:00,21.084,23.853638
2020-03-12 09:30:00,21.9625,22.985247
2020-03-12 09:45:00,23.2815,22.302032
2020-03-12 10:00:00,24.38,20.738613
2020-03-12 10:15:00,25.4785,19.731722
2020-03-12 10:30:00,26.7965,18.262215
2020-03-12 10:45:00,27.676,17.029352
2020-03-12 11:00:00,28.335,16.123055
2020-03-12 11:15:00,28.994,15.902736
2020-03-12 11:30:00,29.6535,16.218884
2020-03-12 11:45:00,30.752,15.263178
2020-03-12 12:00:00,31.411,15.358862
2020-03-12 12:15:00,32.07,14.5615225
2020-03-12 12:30:00,32.29,14.759676
2020-03-12 12:45:00,32.7295,14.632064
2020-03-12 13:00:00,33.608,15.847395
2020-03-12 13:15:00,34.2675,16.969402
2020-03-12 13:30:00,35.1465,17.791605
2020-03-12 13:45:00,35.366,18.875937
2020-03-12 14:00:00,35.8055,19.543491
2020-03-12 14:15:00,36.245,20.141953
2020-03-12 14:30:00,36.904,20.261196
2020-03-12 14:45:00,37.344,20.498207
2020-03-12 15:00:00,38.003,20.118114
2020-03-12 15:15:00,38.003,20.29517
2020-03-12 15:30:00,37.7835,20.223719
2020-03-12 15:45:00,37.124,19.800812
2020-03-12 16:00:00,36.6845,19.620968
2020-03-12 16:15:00,36.245,19.56277
2020-03-12 16:30:00,36.0255,20.166075
2020-03-12 16:45:00,35.5855,21.433695
2020-03-12 17:00:00,35.1465,23.235106
2020-03-12 17:15:00,34.9265,24.395624
2020-03-12 17:30:00,34.4875,25.09614
2020-03-12 17:45:00,34.048,24.385717
2020-03-12 18:00:00,33.6085,24.048
2020-03-12 18:15:00,32.949,23.643045
2020-03-12 18:30:00,32.29,23.598772
2020-03-12 18:45:00,31.631,23.633574
2020-03-12 19:00:00,30.752,23.992243
2020-03-12 19:15:00,30.0925,24.095104
2020-03-12 19:30:00,29.434,24.43225
2020-03-12 19:45:00,28.7745,23.350025
2020-03-12 20:00:00,28.115,22.789526
2020-03-12 20:15:00,27.676,22.614466
2020-03-12 20:30:00,26.797,21.472418
2020-03-12 20:45:00,26.357,21.971563
2020-03-12 21:00:00,25.918,22.060392
2020-03-12 21:15:00,25.479,22.05716
2020-03-12 21:30:00,25.039,22.329283
2020-03-12 21:45:00,24.6,22.07748
2020-03-12 22:00:00,24.6,22.448154
2020-03-12 22:15:00,24.16,22.504765
2020-03-12 22:30:00,23.721,23.321684
2020-03-12 22:45:00,23.721,22.923262
2020-03-12 23:00:00,23.501,22.967886
2020-03-12 23:15:00,23.281,22.906784
2020-03-12 23:30:00,23.281,22.726013
2020-03-12 23:45:00,22.842,22.610662
2020-03-13 00:00:00,22.842,22.716085
2020-03-13 00:15:00,22.842,22.397629
2020-03-13 00:30:00,22.402,18.64476
2020-03-13 00:45:00,22.402,21.206648
2020-03-13 01:00:00,21.963,18.665794
2020-03-13 01:15:00,21.963,17.758106
2020-03-13 01:30:00,21.523,18.352596
2020-03-13 01:45:00,21.523,18.880249
2020-03-13 02:00:00,21.084,19.517895
2020-03-13 02:15:00,21.084,19.740675
2020-03-13 02:30:00,20.645,20.018856
2020-03-13 02:45:00,20.645,19.278122
2020-03-13 03:00:00,20.645,19.586779
2020-03-13 03:15:00,20.425,19.690607
2020-03-13 03:30:00,20.205,19.43404
2020-03-13 03:45:00,20.205,19.760994
2020-03-13 04:00:00,19.9855,19.601707
2020-03-13 04:15:00,19.766,19.635849
2020-03-13 04:30:00,19.766,19.945223
2020-03-13 04:45:00,19.766,19.960203
2020-03-13 05:00:00,19.766,20.190125
2020-03-13 05:15:00,19.766,20.44214
2020-03-13 05:30:00,19.766,20.755335
2020-03-13 05:45:00,19.766,20.562397
2020-03-13 06:00:00,19.546,20.09769
2020-03-13 06:15:00,19.546,20.387547
2020-03-13 06:30:00,19.326,20.769646
2020-03-13 06:45:00,19.326,20.520061
2020-03-13 07:00:00,19.1065,20.528938
2020-03-13 07:15:00,19.1065,20.14302
2020-03-13 07:30:00,19.1065,19.956453
2020-03-13 07:45:00,19.326,20.44201
2020-03-13 08:00:00,19.766,20.36302
2020-03-13 08:15:00,20.645,20.244425
2020-03-13 08:30:00,21.084,21.018692
2020-03-13 08:45:00,21.743,21.630138
2020-03-13 09:00:00,22.402,23.472208
2020-03-13 09:15:00,23.0615,24.798159
2020-03-13 09:30:00,24.1605,25.679352
2020-03-13 09:45:00,25.259,25.809797
2020-03-13 10:00:00,26.3575,25.794489
2020-03-13 10:15:00,27.456,25.17931
2020-03-13 10:30:00,28.7745,24.526415
2020-03-13 10:45:00,29.6535,23.73625
2020-03-13 11:00:00,30.312,24.231041
2020-03-13 11:15:00,31.1915,24.483662
2020-03-13 11:30:00,31.8505,25.428137
2020-03-13 11:45:00,32.7295,26.277613
2020-03-13 12:00:00,33.3885,25.288256
2020-03-13 12:15:00,33.828,26.510946
2020-03-13 12:30:00,34.2675,26.41492
2020-03-13 12:45:00,34.4875,25.815825
2020-03-13 13:00:00,35.586,26.57963
2020-03-13 13:15:00,36.245,26.0339
2020-03-13 13:30:00,37.124,26.393534
2020-03-13 13:45:00,37.344,26.591698
2020-03-13 14:00:00,37.7835,26.981417
2020-03-13 14:15:00,38.4425,27.240911
2020-03-13 14:30:00,38.882,27.339094
2020-03-13 14:45:00,39.3215,27.03229
2020-03-13 15:00:00,39.3215,26.929377
2020-03-13 15:15:00,39.3215,26.696253
2020-03-13 15:30:00,39.102,26.681726
2020-03-13 15:45:00,38.662,26.001587
2020-03-13 16:00:00,38.223,26.145414
2020-03-13 16:15:00,37.783,26.315308
2020-03-13 16:30:00,37.344,26.362312
2020-03-13 16:45:00,36.904,26.603918
2020-03-13 17:00:00,36.465,26.418253
2020-03-13 17:15:00,36.025,25.891562
2020-03-13 17:30:00,35.586,25.336294
2020-03-13 17:45:00,35.366,24.786173
2020-03-13 18:00:00,34.9265,24.556486
2020-03-13 18:15:00,34.4875,24.511343
2020-03-13 18:30:00,33.828,24.523758
2020-03-13 18:45:00,33.389,24.330168
2020-03-13 19:00:00,32.51,24.267355
2020-03-13 19:15:00,32.07,24.127596
2020-03-13 19:30:00,31.631,24.103832
2020-03-13 19:45:00,30.752,22.61629
2020-03-13 20:00:00,30.312,21.884127
2020-03-13 20:15:00,29.873,21.623375
2020-03-13 20:30:00,29.434,21.360426
2020-03-13 20:45:00,29.214,22.125204
2020-03-13 21:00:00,28.7745,22.605349
2020-03-13 21:15:00,28.335,22.853077
2020-03-13 21:30:00,28.115,22.953295
2020-03-13 21:45:00,27.676,22.915373
2020-03-13 22:00:00,27.236,23.180162
2020-03-13 22:15:00,26.797,23.140587
2020-03-13 22:30:00,26.797,23.303988
2020-03-13 22:45:00,26.357,22.87298
2020-03-13 23:00:00,26.357,22.395754
2020-03-13 23:15:00,25.918,21.916336
2020-03-13 23:30:00,25.918,21.540956
2020-03-13 23:45:00,25.6985,21.06562
2020-03-14 00:00:00,25.479,21.015877
2020-03-14 00:15:00,25.479,21.102608
2020-03-14 00:30:00,25.039,17.865202
2020-03-14 00:45:00,25.039,20.760115
2020-03-14 01:00:00,24.8195,18.837654
2020-03-14 01:15:00,24.6,17.614141
2020-03-14 01:30:00,24.38,18.069069
2020-03-14 01:45:00,24.16,17.930084
2020-03-14 02:00:00,24.16,17.910072
2020-03-14 02:15:00,24.16,18.163458
2020-03-14 02:30:00,24.16,18.297787
2020-03-14 02:45:00,23.721,18.539951
2020-03-14 03:00:00,23.721,18.836807
2020-03-14 03:15:00,23.721,18.592255
2020-03-14 03:30:00,23.721,18.932167
2020-03-14 03:45:00,23.721,18.822384
2020-03-14 04:00:00,23.721,19.056488
2020-03-14 04:15:00,23.501,19.342514
2020-03-14 04:30:00,23.501,19.24797
2020-03-14 04:45:00,23.501,19.237408
2020-03-14 05:00:00,23.501,19.296335
2020-03-14 05:15:00,23.501,19.625412
2020-03-14 05:30:00,23.501,19.975191
2020-03-14 05:45:00,23.501,19.653936
2020-03-14 06:00:00,23.501,20.036695
2020-03-14 06:15:00,23.501,19.861214
2020-03-14 06:30:00,23.501,19.969164
2020-03-14 06:45:00,23.501,20.0016
2020-03-14 07:00:00,23.501,19.963549
2020-03-14 07:15:00,23.721,20.223711
2020-03-14 07:30:00,23.721,20.471687
2020-03-14 07:45:00,23.721,20.36512
2020-03-14 08:00:00,23.721,21.123165
2020-03-14 08:15:00,23.281,20.866549
2020-03-14 08:30:00,23.281,21.365465
2020-03-14 08:45:00,23.501,21.54506
2020-03-14 09:00:00,23.721,21.381647
2020-03-14 09:15:00,23.9405,22.406471
2020-03-14 09:30:00,24.16,23.217772
2020-03-14 09:45:00,24.38,24.27194
2020-03-14 10:00:00,24.8195,24.847769
2020-03-14 10:15:00,25.039,25.432354
2020-03-14 10:30:00,25.259,25.962797
2020-03-14 10:45:00,25.479,25.699293
2020-03-14 11:00:00,25.6985,26.269522
2020-03-14 11:15:00,25.6985,26.375692
2020-03-14 11:30:00,25.6985,26.217077
2020-03-14 11:45:00,25.918,25.983713
2020-03-14 12:00:00,26.3575,26.031292
2020-03-14 12:15:00,26.577,25.725615
2020-03-14 12:30:00,27.0165,25.716333
2020-03-14 12:45:00,27.456,25.34413
2020-03-14 13:00:00,27.456,25.008265
2020-03-14 13:15:00,28.1155,25.379671
2020-03-14 13:30:00,28.9945,25.529436
2020-03-14 13:45:00,29.4335,25.338728
2020-03-14 14:00:00,29.4335,25.149773
2020-03-14 14:15:00,29.4335,24.686563
2020-03-14 14:30:00,29.4335,25.01552
2020-03-14 14:45:00,29.214,25.46792
2020-03-14 15:00:00,28.9945,25.815073
2020-03-14 15:15:00,28.9945,26.705498
2020-03-14 15:30:00,28.5545,26.590794
2020-03-14 15:45:00,28.1155,25.8571
2020-03-14 16:00:00,28.1155,26.075409
2020-03-14 16:15:00,27.6755,26.139858
2020-03-14 16:30:00,27.6755,26.290232
2020-03-14 16:45:00,27.6755,26.018406
2020-03-14 17:00:00,27.456,25.94202
2020-03-14 17:15:00,27.456,25.68374
2020-03-14 17:30:00,27.456,25.478918
2020-03-14 17:45:00,27.456,25.058569
2020-03-14 18:00:00,27.2365,24.548271
2020-03-14 18:15:00,27.2365,24.155027
2020-03-14 18:30:00,27.2365,23.988976
2020-03-14 18:45:00,27.0165,23.711264
2020-03-14 19:00:00,27.0165,24.168222
2020-03-14 19:15:00,27.0165,24.411814
2020-03-14 19:30:00,26.7965,24.100815
2020-03-14 19:45:00,26.7965,24.101952
2020-03-14 20:00:00,26.577,23.775648
2020-03-14 20:15:00,26.577,23.70684
2020-03-14 20:30:00,26.577,24.121466
2020-03-14 20:45:00,26.3575,23.41733
2020-03-14 21:00:00,26.3575,23.778002
2020-03-14 21:15:00,26.1375,23.731075
2020-03-14 21:30:00,26.1375,23.866116
2020-03-14 21:45:00,26.1375,23.792215
2020-03-14 22:00:00,25.918,23.89372
2020-03-14 22:15:00,25.918,23.804502
2020-03-14 22:30:00,25.918,23.669165
2020-03-14 22:45:00,25.6985,22.981157
2020-03-14 23:00:00,25.6985,22.436382
2020-03-14 23:15:00,25.6985,22.092861
2020-03-14 23:30:00,25.6985,22.155355
2020-03-14 23:45:00,25.6985,22.069475
2020-03-15 00:00:00,25.6985,22.370493
2020-03-15 00:15:00,25.479,22.532444
2020-03-15 00:30:00,25.479,19.379143
2020-03-15 00:45:00,25.479,22.231274
2020-03-15 01:00:00,25.479,20.096577
2020-03-15 01:15:00,25.479,18.699299
2020-03-15 01:30:00,25.259,18.732134
2020-03-15 01:45:00,25.039,18.488548
2020-03-15 02:00:00,25.039,18.584238
2020-03-15 02:15:00,25.039,18.637934
2020-03-15 02:30:00,25.039,18.899841
2020-03-15 02:45:00,24.8195,18.74376
2020-03-15 03:00:00,24.8195,18.942223
2020-03-15 03:15:00,24.6,19.163246
2020-03-15 03:30:00,24.6,19.191788
2020-03-15 03:45:00,24.6,19.139038
2020-03-15 04:00:00,24.6,19.127632
2020-03-15 04:15:00,24.38,19.107065
2020-03-15 04:30:00,24.38,19.515156
2020-03-15 04:45:00,24.38,19.674885
2020-03-15 05:00:00,24.16,19.838173
2020-03-15 05:15:00,24.16,20.01605
2020-03-15 05:30:00,24.16,20.347929
2020-03-15 05:45:00,24.16,20.66627
2020-03-15 06:00:00,24.16,21.190216
2020-03-15 06:15:00,24.16,21.273325
2020-03-15 06:30:00,24.16,21.52876
2020-03-15 06:45:00,24.16,21.37194
2020-03-15 07:00:00,24.16,21.373861
2020-03-15 07:15:00,24.16,21.45816
2020-03-15 07:30:00,24.16,21.332779
2020-03-15 07:45:00,24.16,20.800186
2020-03-15 08:00:00,24.6,20.617945
2020-03-15 08:15:00,24.6,20.769703
2020-03-15 08:30:00,24.8195,20.988293
2020-03-15 08:45:00,25.039,21.749685
2020-03-15 09:00:00,25.259,23.039227
2020-03-15 09:15:00,25.479,24.130066
2020-03-15 09:30:00,25.6985,25.435534
2020-03-15 09:45:00,26.1375,25.619358
2020-03-15 10:00:00,26.577,25.149858
2020-03-15 10:15:00,26.7965,24.300373
2020-03-15 10:30:00,27.456,23.652435
2020-03-15 10:45:00,27.8955,23.883167
2020-03-15 11:00:00,28.555,23.84016
2020-03-15 11:15:00,28.994,23.960302
2020-03-15 11:30:00,29.214,24.293789
2020-03-15 11:45:00,29.6535,23.339682
2020-03-15 12:00:00,29.873,23.905104
2020-03-15 12:15:00,30.0925,24.401566
2020-03-15 12:30:00,30.312,24.50279
2020-03-15 12:45:00,30.312,24.24074
2020-03-15 13:00:00,31.191,24.762638
2020-03-15 13:15:00,31.8505,25.103315
2020-03-15 13:30:00,32.7295,25.59285
2020-03-15 13:45:00,33.169,25.897623
2020-03-15 14:00:00,33.828,25.821758
2020-03-15 14:15:00,34.048,25.817951
2020-03-15 14:30:00,34.707,25.725718
2020-03-15 14:45:00,34.9265,25.46782
2020-03-15 15:00:00,35.1465,25.564692
2020-03-15 15:15:00,35.366,25.591103
2020-03-15 15:30:00,35.366,25.801737
2020-03-15 15:45:00,35.366,25.70181
2020-03-15 16:00:00,35.366,25.666721
2020-03-15 16:15:00,34.048,25.715282
2020-03-15 16:30:00,32.7295,25.82445
2020-03-15 16:45:00,31.6305,25.46248
2020-03-15 17:00:00,30.752,25.408474
2020-03-15 17:15:00,29.873,25.210573
2020-03-15 17:30:00,29.434,23.880623
2020-03-15 17:45:00,28.994,23.352015
2020-03-15 18:00:00,28.994,22.773733
2020-03-15 18:15:00,28.994,22.178877
2020-03-15 18:30:00,28.335,23.28421
2020-03-15 18:45:00,27.0165,23.000273
2020-03-15 19:00:00,24.6,23.105034
2020-03-15 19:15:00,22.622,22.786598
2020-03-15 19:30:00,21.084,22.31903
2020-03-15 19:45:00,20.2055,22.311377
2020-03-15 20:00:00,19.546,22.935663
2020-03-15 20:15:00,18.667,23.864672
2020-03-15 20:30:00,18.2275,24.759886
2020-03-15 20:45:00,17.788,24.569853
2020-03-15 21:00:00,17.129,24.27994
2020-03-15 21:15:00,16.689,24.320753
2020-03-15 21:30:00,16.4695,25.449612
2020-03-15 21:45:00,16.25,24.882093
2020-03-15 22:00:00,15.811,24.549269
2020-03-15 22:15:00,15.591,23.87142
2020-03-15 22:30:00,15.1515,22.442476
2020-03-15 22:45:00,14.712,23.281126
2020-03-15 23:00:00,14.712,23.824308
2020-03-15 23:15:00,14.492,24.340197
2020-03-15 23:30:00,14.492,24.747381
2020-03-15 23:45:00,14.492,24.048018
2020-03-16 00:00:00,14.053,24.285406
2020-03-16 00:15:00,14.053,23.882887
2020-03-16 00:30:00,13.833,20.558628
2020-03-16 00:45:00,13.613,23.518387
2020-03-16 01:00:00,13.613,21.20701
2020-03-16 01:15:00,13.3935,19.81958
2020-03-16 01:30:00,13.174,20.244423
2020-03-16 01:45:00,13.174,20.370667
2020-03-16 02:00:00,12.954,20.500118
2020-03-16 02:15:00,12.734,20.995613
2020-03-16 02:30:00,12.734,21.214409
2020-03-16 02:45:00,12.734,21.191051
2020-03-16 03:00:00,12.734,21.215
2020-03-16 03:15:00,12.734,20.857475
2020-03-16 03:30:00,12.954,21.280474
2020-03-16 03:45:00,12.954,21.409302
2020-03-16 04:00:00,12.954,22.209778
2020-03-16 04:15:00,12.954,22.512918
2020-03-16 04:30:00,12.954,22.637121
2020-03-16 04:45:00,12.7345,22.237185
2020-03-16 05:00:00,12.5145,21.667696
2020-03-16 05:15:00,12.5145,21.562948
2020-03-16 05:30:00,12.5145,21.427046
2020-03-16 05:45:00,12.5145,21.431404
2020-03-16 06:00:00,12.075,22.041681
2020-03-16 06:15:00,11.6355,22.925997
2020-03-16 06:30:00,11.6355,23.466759
2020-03-16 06:45:00,11.416,23.471216
2020-03-16 07:00:00,11.416,23.459555
2020-03-16 07:15:00,10.977,23.346125
2020-03-16 07:30:00,10.977,23.861195
2020-03-16 07:45:00,10.757,24.232958
2020-03-16 08:00:00,10.537,24.394028
2020-03-16 08:15:00,10.537,24.158478
2020-03-16 08:30:00,10.537,24.614828
2020-03-16 08:45:00,10.537,24.951159
2020-03-16 09:00:00,10.537,26.384058
2020-03-16 09:15:00,10.537,27.53581
2020-03-16 09:30:00,10.537,28.270685
2020-03-16 09:45:00,10.757,28.47551
2020-03-16 10:00:00,10.977,27.440773
2020-03-16 10:15:00,11.1965,27.301655
2020-03-16 10:30:00,11.1965,27.441074
2020-03-16 10:45:00,11.416,27.630213
2020-03-16 11:00:00,11.855,29.081692
2020-03-16 11:15:00,12.295,28.705263
2020-03-16 11:30:00,12.5145,29.119577
2020-03-16 11:45:00,12.954,28.17074
2020-03-16 12:00:00,13.3935,27.231977
2020-03-16 12:15:00,13.6135,27.515663
2020-03-16 12:30:00,13.833,26.338036
2020-03-16 12:45:00,14.053,26.692694
2020-03-16 13:00:00,14.2725,26.425611
2020-03-16 13:15:00,14.2725,26.265697
2020-03-16 13:30:00,14.492,26.239666
2020-03-16 13:45:00,14.492,25.557823
2020-03-16 14:00:00,14.932,25.49911
2020-03-16 14:15:00,14.932,26.282055
2020-03-16 14:30:00,15.1515,27.652933
2020-03-16 14:45:00,15.371,28.151812
2020-03-16 15:00:00,15.811,29.708372
2020-03-16 15:15:00,16.25,29.398
2020-03-16 15:30:00,16.689,28.447176
2020-03-16 15:45:00,16.909,27.83043
2020-03-16 16:00:00,16.909,26.986662
2020-03-16 16:15:00,16.909,27.465517
2020-03-16 16:30:00,16.909,27.949049
2020-03-16 16:45:00,16.909,27.907377
2020-03-16 17:00:00,16.909,27.761017
2020-03-16 17:15:00,16.4695,27.063587
2020-03-16 17:30:00,16.4695,26.76011
2020-03-16 17:45:00,16.4695,26.009542
2020-03-16 18:00:00,16.25,25.557947
2020-03-16 18:15:00,16.0305,25.502419
2020-03-16 18:30:00,16.0305,25.408684
2020-03-16 18:45:00,15.811,25.463203
2020-03-16 19:00:00,15.591,25.896755
2020-03-16 19:15:00,15.591,25.779879
2020-03-16 19:30:00,15.591,24.797132
2020-03-16 19:45:00,15.371,23.608044
2020-03-16 20:00:00,15.371,23.608036
2020-03-16 20:15:00,15.371,23.350891
2020-03-16 20:30:00,15.1515,24.67092
2020-03-16 20:45:00,14.932,25.05058
2020-03-16 21:00:00,14.932,24.438875
2020-03-16 21:15:00,14.932,24.885672
2020-03-16 21:30:00,14.712,24.598974
2020-03-16 21:45:00,14.492,24.610014
2020-03-16 22:00:00,14.492,24.932476
2020-03-16 22:15:00,14.492,25.062468
2020-03-16 22:30:00,14.2725,25.0441
2020-03-16 22:45:00,14.053,24.637184
2020-03-16 23:00:00,13.613,24.285376
2020-03-16 23:15:00,13.613,23.78194
2020-03-16 23:30:00,13.3935,23.758226
2020-03-16 23:45:00,13.174,23.366394
2020-03-17 00:00:00,12.954,23.292448
2020-03-17 00:15:00,12.734,23.184156
2020-03-17 00:30:00,12.5145,20.056091
2020-03-17 00:45:00,12.5145,23.231253
2020-03-17 01:00:00,12.075,21.38561
2020-03-17 01:15:00,12.075,20.294886
2020-03-17 01:30:00,12.075,20.599968
2020-03-17 01:45:00,12.075,20.558834
2020-03-17 02:00:00,12.075,20.456469
2020-03-17 02:15:00,11.6355,20.520603
2020-03-17 02:30:00,11.6355,20.55184
2020-03-17 02:45:00,11.6355,20.391989
2020-03-17 03:00:00,11.6355,20.447388
2020-03-17 03:15:00,11.416,21.302826
2020-03-17 03:30:00,11.416,21.304216
2020-03-17 03:45:00,11.416,21.629843
2020-03-17 04:00:00,11.1965,22.195015
2020-03-17 04:15:00,11.1965,20.944822
2020-03-17 04:30:00,11.1965,22.504072
2020-03-17 04:45:00,11.1965,22.114542
2020-03-17 05:00:00,11.1965,22.10806
2020-03-17 05:15:00,11.1965,22.96623
2020-03-17 05:30:00,11.1965,21.90866
2020-03-17 05:45:00,11.1965,21.80577
2020-03-17 06:00:00,11.1965,21.732157
2020-03-17 06:15:00,11.1965,21.241455
2020-03-17 06:30:00,11.1965,22.459614
2020-03-17 06:45:00,11.1965,22.360258
2020-03-17 07:00:00,11.1965,22.45675
2020-03-17 07:15:00,11.416,23.810192
2020-03-17 07:30:00,11.6355,23.854689
2020-03-17 07:45:00,12.075,23.963577
2020-03-17 08:00:00,12.295,24.39475
2020-03-17 08:15:00,12.5145,23.115206
2020-03-17 08:30:00,12.734,22.415266
2020-03-17 08:45:00,13.3935,22.85951
2020-03-17 09:00:00,13.833,23.966593
2020-03-17 09:15:00,14.492,25.087431
2020-03-17 09:30:00,15.1515,25.769247
2020-03-17 09:45:00,15.591,25.96018
2020-03-17 10:00:00,16.4695,25.877388
2020-03-17 10:15:00,16.909,26.287846
2020-03-17 10:30:00,17.5685,26.769028
2020-03-17 10:45:00,18.667,27.016512
2020-03-17 11:00:00,19.1065,27.187576
2020-03-17 11:15:00,19.7655,27.200888
2020-03-17 11:30:00,20.6445,27.942339
2020-03-17 11:45:00,21.3035,27.829313
2020-03-17 12:00:00,21.963,27.98894
2020-03-17 12:15:00,22.622,27.335306
2020-03-17 12:30:00,23.0615,26.370035
2020-03-17 12:45:00,23.281,25.930092
2020-03-17 13:00:00,23.2815,25.92731
2020-03-17 13:15:00,23.0615,26.096024
2020-03-17 13:30:00,23.0615,26.303617
2020-03-17 13:45:00,22.842,26.591429
2020-03-17 14:00:00,23.0615,26.924486
2020-03-17 14:15:00,23.0615,27.258848
2020-03-17 14:30:00,23.501,27.374464
2020-03-17 14:45:00,23.721,27.154947
2020-03-17 15:00:00,23.721,27.18012
2020-03-17 15:15:00,23.721,27.024393
2020-03-17 15:30:00,23.721,27.016136
2020-03-17 15:45:00,23.721,26.657122
2020-03-17 16:00:00,23.281,26.17728
2020-03-17 16:15:00,23.281,25.739773
2020-03-17 16:30:00,22.842,25.748934
2020-03-17 16:45:00,22.842,25.419634
2020-03-17 17:00:00,22.842,25.909462
2020-03-17 17:15:00,22.622,25.878906
2020-03-17 17:30:00,22.402,25.523714
2020-03-17 17:45:00,22.1825,24.961115
2020-03-17 18:00:00,21.743,24.286535
2020-03-17 18:15:00,21.3035,23.947104
2020-03-17 18:30:00,21.084,23.866951
2020-03-17 18:45:00,20.8645,23.812708
2020-03-17 19:00:00,20.425,24.245886
2020-03-17 19:15:00,20.425,24.45558
2020-03-17 19:30:00,20.205,23.853693
2020-03-17 19:45:00,19.9855,23.83672
2020-03-17 20:00:00,19.9855,23.302656
2020-03-17 20:15:00,19.9855,22.998344
2020-03-17 20:30:00,19.766,23.579397
2020-03-17 20:45:00,19.546,22.716875
2020-03-17 21:00:00,19.546,23.03596
2020-03-17 21:15:00,19.326,23.115973
2020-03-17 21:30:00,19.1065,23.168741
2020-03-17 21:45:00,19.1065,22.922474
2020-03-17 22:00:00,19.1065,23.141697
2020-03-17 22:15:00,19.1065,23.343107
2020-03-17 22:30:00,19.1065,23.488234
2020-03-17 22:45:00,19.1065,23.327593
2020-03-17 23:00:00,19.1065,22.999205
2020-03-17 23:15:00,18.2275,22.738592
2020-03-17 23:30:00,17.788,22.642786
2020-03-17 23:45:00,17.3485,22.291859
2020-03-18 00:00:00,17.3485,22.063395
2020-03-18 00:15:00,16.909,22.234018
2020-03-18 00:30:00,16.689,18.930626
2020-03-18 00:45:00,16.4695,21.833586
2020-03-18 01:00:00,16.4695,20.094166
2020-03-18 01:15:00,16.4695,18.300678
2020-03-18 01:30:00,16.25,18.379934
2020-03-18 01:45:00,16.25,18.335587
2020-03-18 02:00:00,16.25,18.2423
2020-03-18 02:15:00,16.4695,18.611908
2020-03-18 02:30:00,16.689,18.73858
2020-03-18 02:45:00,16.689,18.576
2020-03-18 03:00:00,16.909,18.673655
2020-03-18 03:15:00,16.909,18.630447
2020-03-18 03:30:00,16.909,18.814175
2020-03-18 03:45:00,17.129,18.931232
2020-03-18 04:00:00,17.3485,19.201517
2020-03-18 04:15:00,17.3485,19.082865
2020-03-18 04:30:00,17.3485,19.389816
2020-03-18 04:45:00,17.129,19.16386
2020-03-18 05:00:00,16.909,19.547565
2020-03-18 05:15:00,16.689,19.94518
2020-03-18 05:30:00,16.689,20.272121
2020-03-18 05:45:00,16.25,20.579052
2020-03-18 06:00:00,16.0305,20.45393
2020-03-18 06:15:00,16.0305,20.617542
2020-03-18 06:30:00,16.0305,20.692112
2020-03-18 06:45:00,16.0305,20.28408
2020-03-18 07:00:00,16.0305,20.231476
2020-03-18 07:15:00,16.0305,20.198414
2020-03-18 07:30:00,16.0305,20.625622
2020-03-18 07:45:00,16.0305,20.644222
2020-03-18 08:00:00,16.25,21.723036
2020-03-18 08:15:00,16.4695,22.710886
2020-03-18 08:30:00,16.4695,23.604372
2020-03-18 08:45:00,16.4695,23.746893
2020-03-18 09:00:00,16.4695,23.414236
2020-03-18 09:15:00,16.4695,23.144556
2020-03-18 09:30:00,16.4695,23.252058
2020-03-18 09:45:00,16.4695,23.759716
2020-03-18 10:00:00,16.4695,24.468966
2020-03-18 10:15:00,16.4695,24.891487
2020-03-18 10:30:00,16.689,25.318838
2020-03-18 10:45:00,16.689,25.734144
2020-03-18 11:00:00,16.909,26.33125
2020-03-18 11:15:00,16.909,26.502676
2020-03-18 11:30:00,17.129,26.747156
2020-03-18 11:45:00,17.3485,26.825533
2020-03-18 12:00:00,17.3485,26.88122
2020-03-18 12:15:00,17.568,27.595732
2020-03-18 12:30:00,17.788,27.75784
2020-03-18 12:45:00,17.788,27.601168
2020-03-18 13:00:00,17.788,27.257387
2020-03-18 13:15:00,18.0075,27.689089
2020-03-18 13:30:00,18.0075,28.031218
2020-03-18 13:45:00,18.0075,27.321924
2020-03-18 14:00:00,17.788,26.624926
2020-03-18 14:15:00,17.788,25.613241
2020-03-18 14:30:00,17.788,25.177553
2020-03-18 14:45:00,17.788,25.293097
2020-03-18 15:00:00,17.788,25.946531
2020-03-18 15:15:00,17.788,26.046856
2020-03-18 15:30:00,17.788,26.089233
2020-03-18 15:45:00,18.008,26.050024
2020-03-18 16:00:00,18.008,26.05513
2020-03-18 16:15:00,18.008,25.75157
2020-03-18 16:30:00,17.788,25.697187
2020-03-18 16:45:00,17.788,25.257694
2020-03-18 17:00:00,17.5685,25.258467
2020-03-18 17:15:00,17.1285,25.167185
2020-03-18 17:30:00,17.1285,24.794899
2020-03-18 17:45:00,16.909,24.271698
2020-03-18 18:00:00,16.6895,23.894943
2020-03-18 18:15:00,16.6895,23.564041
2020-03-18 18:30:00,16.6895,23.5712
2020-03-18 18:45:00,16.6895,23.562418
2020-03-18 19:00:00,16.909,23.844362
2020-03-18 19:15:00,16.909,24.34279
2020-03-18 19:30:00,16.909,24.644327
2020-03-18 19:45:00,16.909,24.19707
2020-03-18 20:00:00,16.689,24.58086
2020-03-18 20:15:00,16.689,24.590265
2020-03-18 20:30:00,16.4695,24.278166
2020-03-18 20:45:00,16.25,24.102043
2020-03-18 21:00:00,16.25,23.305567
2020-03-18 21:15:00,16.25,23.093733
2020-03-18 21:30:00,16.0305,22.994377
2020-03-18 21:45:00,16.0305,22.916494
2020-03-18 22:00:00,16.25,23.315363
2020-03-18 22:15:00,16.4695,23.702806
2020-03-18 22:30:00,16.4695,24.059792
2020-03-18 22:45:00,16.4695,23.7875
2020-03-18 23:00:00,16.4695,23.490664
2020-03-18 23:15:00,16.6895,23.098038
2020-03-18 23:30:00,16.6895,23.015303
2020-03-18 23:45:00,16.6895,22.751451
2020-03-19 00:00:00,16.6895,22.779491
2020-03-19 00:15:00,16.4695,22.542913
2020-03-19 00:30:00,16.4695,19.158463
2020-03-19 00:45:00,16.4695,21.880163
2020-03-19 01:00:00,16.4695,19.549343
2020-03-19 01:15:00,16.689,18.185474
2020-03-19 01:30:00,16.689,19.096504
2020-03-19 01:45:00,16.689,19.04224
2020-03-19 02:00:00,16.25,18.954443
2020-03-19 02:15:00,16.0305,18.754387
2020-03-19 02:30:00,15.811,18.00614
2020-03-19 02:45:00,15.811,18.136412
2020-03-19 03:00:00,15.811,19.311909
2020-03-19 03:15:00,15.811,20.602402
2020-03-19 03:30:00,15.811,21.242529
2020-03-19 03:45:00,15.811,21.326832
2020-03-19 04:00:00,15.371,20.770939
2020-03-19 04:15:00,15.371,19.83468
2020-03-19 04:30:00,15.371,19.871134
2020-03-19 04:45:00,14.932,19.906548
2020-03-19 05:00:00,14.932,20.26144
2020-03-19 05:15:00,14.712,21.366228
2020-03-19 05:30:00,14.492,21.768614
2020-03-19 05:45:00,14.492,21.88455
2020-03-19 06:00:00,14.492,22.02888
2020-03-19 06:15:00,14.2725,21.12335
2020-03-19 06:30:00,14.2725,21.374414
2020-03-19 06:45:00,14.2725,22.086086
2020-03-19 07:00:00,14.2725,22.156708
2020-03-19 07:15:00,14.2725,22.37086
2020-03-19 07:30:00,14.2725,22.405806
2020-03-19 07:45:00,14.2725,20.951958
2020-03-19 08:00:00,14.2725,20.778492
2020-03-19 08:15:00,14.492,20.326021
2020-03-19 08:30:00,14.492,20.844955
2020-03-19 08:45:00,14.492,22.521626
2020-03-19 09:00:00,14.712,23.62404
2020-03-19 09:15:00,14.712,25.283524
2020-03-19 09:30:00,14.712,25.991613
2020-03-19 09:45:00,14.712,25.236868
2020-03-19 10:00:00,14.9315,25.129965
2020-03-19 10:15:00,15.1515,25.458635
2020-03-19 10:30:00,15.1515,26.270313
2020-03-19 10:45:00,15.1515,26.481558
2020-03-19 11:00:00,15.1515,27.277624
2020-03-19 11:15:00,15.3715,27.354933
2020-03-19 11:30:00,15.591,26.591698
2020-03-19 11:45:00,15.8105,26.16089
2020-03-19 12:00:00,16.0305,26.173552
2020-03-19 12:15:00,16.0305,25.467806
2020-03-19 12:30:00,16.0305,25.77787
2020-03-19 12:45:00,16.4695,25.47546
2020-03-19 13:00:00,16.4695,25.386263
2020-03-19 13:15:00,16.4695,25.709667
2020-03-19 13:30:00,16.4695,26.335531
2020-03-19 13:45:00,16.909,26.447432
2020-03-19 14:00:00,16.909,26.859865
2020-03-19 14:15:00,16.909,27.00323
2020-03-19 14:30:00,17.129,27.14103
2020-03-19 14:45:00,17.129,27.150076
2020-03-19 15:00:00,17.129,27.187603
2020-03-19 15:15:00,17.129,26.896439
2020-03-19 15:30:00,17.129,26.314281
2020-03-19 15:45:00,16.909,25.671207
2020-03-19 16:00:00,16.909,25.137413
2020-03-19 16:15:00,16.689,24.727295
2020-03-19 16:30:00,16.689,24.985106
2020-03-19 16:45:00,16.689,24.658278
2020-03-19 17:00:00,16.689,24.325378
2020-03-19 17:15:00,16.689,23.996786
2020-03-19 17:30:00,16.689,24.427624
2020-03-19 17:45:00,16.4695,24.972818
2020-03-19 18:00:00,16.4695,25.253832
2020-03-19 18:15:00,16.4695,25.799273
2020-03-19 18:30:00,16.4695,25.129473
2020-03-19 18:45:00,16.25,24.006107
2020-03-19 19:00:00,16.25,24.002108
2020-03-19 19:15:00,16.25,23.78224
2020-03-19 19:30:00,16.25,23.095127
2020-03-19 19:45:00,16.25,22.830122
2020-03-19 20:00:00,16.25,22.544945
2020-03-19 20:15:00,16.0305,22.437609
2020-03-19 20:30:00,15.811,22.720354
2020-03-19 20:45:00,15.591,21.577665
2020-03-19 21:00:00,15.371,21.544386
2020-03-19 21:15:00,15.371,21.725323
2020-03-19 21:30:00,15.371,22.23104
2020-03-19 21:45:00,15.371,22.5123
2020-03-19 22:00:00,15.371,22.753351
2020-03-19 22:15:00,15.371,22.933128
2020-03-19 22:30:00,15.371,22.878347
2020-03-19 22:45:00,15.591,22.780455
2020-03-19 23:00:00,15.591,22.766008
2020-03-19 23:15:00,15.591,22.611525
2020-03-19 23:30:00,15.591,22.55435
2020-03-19 23:45:00,15.591,22.195248
2020-03-20 00:00:00,15.591,22.489613
2020-03-20 00:15:00,15.1515,22.493128
2020-03-20 00:30:00,15.1515,19.389893
2020-03-20 00:45:00,14.712,22.176363
2020-03-20 01:00:00,14.492,19.770857
2020-03-20 01:15:00,14.2725,18.306374
2020-03-20 01:30:00,14.2725,18.312418
2020-03-20 01:45:00,14.2725,18.40409
2020-03-20 02:00:00,14.2725,18.67728
2020-03-20 02:15:00,13.833,18.82457
2020-03-20 02:30:00,13.833,19.182465
2020-03-20 02:45:00,13.833,18.98053
2020-03-20 03:00:00,13.833,19.189198
2020-03-20 03:15:00,13.3935,18.93525
2020-03-20 03:30:00,13.3935,18.878014
2020-03-20 03:45:00,13.1735,18.969938
2020-03-20 04:00:00,13.1735,18.926296
2020-03-20 04:15:00,12.954,19.51429
2020-03-20 04:30:00,12.7345,19.799667
2020-03-20 04:45:00,12.7345,19.731243
2020-03-20 05:00:00,12.5145,19.861172
2020-03-20 05:15:00,12.5145,19.72574
2020-03-20 05:30:00,12.5145,20.123846
2020-03-20 05:45:00,12.5145,19.704365
2020-03-20 06:00:00,12.295,20.681889
2020-03-20 06:15:00,12.295,20.745295
2020-03-20 06:30:00,12.295,21.509912
2020-03-20 06:45:00,11.855,22.588348
2020-03-20 07:00:00,11.855,21.72861
2020-03-20 07:15:00,11.855,22.11096
2020-03-20 07:30:00,11.855,21.244999
2020-03-20 07:45:00,11.855,20.018204
2020-03-20 08:00:00,11.855,20.178022
2020-03-20 08:15:00,11.855,20.62976
2020-03-20 08:30:00,12.075,21.753096
2020-03-20 08:45:00,12.075,22.054935
2020-03-20 09:00:00,12.075,22.820505
2020-03-20 09:15:00,11.8555,23.18344
2020-03-20 09:30:00,11.6355,23.198318
2020-03-20 09:45:00,11.6355,23.27631
2020-03-20 10:00:00,11.6355,24.045862
2020-03-20 10:15:00,11.6355,24.39526
2020-03-20 10:30:00,11.6355,24.446634
2020-03-20 10:45:00,11.6355,24.963999
2020-03-20 11:00:00,11.6355,24.12153
2020-03-20 11:15:00,11.6355,24.43624
2020-03-20 11:30:00,11.6355,25.133102
2020-03-20 11:45:00,11.6355,24.83576
2020-03-20 12:00:00,11.855,25.223043
2020-03-20 12:15:00,11.855,25.689058
2020-03-20 12:30:00,12.075,25.608099
2020-03-20 12:45:00,12.075,25.628344
2020-03-20 13:00:00,12.295,26.240974
2020-03-20 13:15:00,12.295,25.238588
2020-03-20 13:30:00,12.295,25.99292
2020-03-20 13:45:00,12.075,26.365442
2020-03-20 14:00:00,12.075,26.586061
2020-03-20 14:15:00,11.8555,26.985388
2020-03-20 14:30:00,11.8555,27.042011
2020-03-20 14:45:00,11.8555,26.881468
2020-03-20 15:00:00,11.8555,26.584345
2020-03-20 15:15:00,11.8555,26.350557
2020-03-20 15:30:00,12.075,26.530046
2020-03-20 15:45:00,12.075,26.481173
2020-03-20 16:00:00,11.8555,26.954618
2020-03-20 16:15:00,11.6355,26.863806
2020-03-20 16:30:00,11.6355,26.917776
2020-03-20 16:45:00,11.6355,26.693539
2020-03-20 17:00:00,11.6355,26.73197
2020-03-20 17:15:00,11.6355,26.915888
2020-03-20 17:30:00,11.6355,26.6431
2020-03-20 17:45:00,11.6355,26.158213
2020-03-20 18:00:00,11.6355,25.577383
2020-03-20 18:15:00,11.416,24.711832
2020-03-20 18:30:00,11.416,24.308863
2020-03-20 18:45:00,11.416,23.956688
2020-03-20 19:00:00,11.416,23.942417
2020-03-20 19:15:00,11.416,24.266264
2020-03-20 19:30:00,10.9765,24.023428
2020-03-20 19:45:00,10.5375,22.758402
2020-03-20 20:00:00,10.5375,22.270697
2020-03-20 20:15:00,10.5375,21.928476
2020-03-20 20:30:00,10.5375,22.27961
2020-03-20 20:45:00,10.0975,22.619925
2020-03-20 21:00:00,10.0975,22.776674
2020-03-20 21:15:00,9.878,22.743605
2020-03-20 21:30:00,9.878,23.05739
2020-03-20 21:45:00,10.0975,22.827879
2020-03-20 22:00:00,10.3175,22.623981
2020-03-20 22:15:00,10.3175,22.429245
2020-03-20 22:30:00,10.3175,21.639793
2020-03-20 22:45:00,10.3175,21.650202
2020-03-20 23:00:00,10.3175,21.86917
2020-03-20 23:15:00,10.3175,21.962973
2020-03-20 23:30:00,10.3175,22.317457
2020-03-20 23:45:00,10.3175,21.913504
2020-03-21 00:00:00,10.3175,21.981194
2020-03-21 00:15:00,10.5375,22.016298
2020-03-21 00:30:00,10.5375,19.020395
2020-03-21 00:45:00,10.5375,21.92088
2020-03-21 01:00:00,10.5375,19.717167
2020-03-21 01:15:00,10.5375,18.120163
2020-03-21 01:30:00,10.5375,18.22241
2020-03-21 01:45:00,10.3175,18.457241
2020-03-21 02:00:00,10.3175,18.637913
2020-03-21 02:15:00,10.3175,18.777374
2020-03-21 02:30:00,10.3175,18.869034
2020-03-21 02:45:00,9.878,18.521078
2020-03-21 03:00:00,9.878,18.918156
2020-03-21 03:15:00,9.878,19.16851
2020-03-21 03:30:00,9.878,19.321764
2020-03-21 03:45:00,9.878,19.376307
2020-03-21 04:00:00,9.878,19.437546
2020-03-21 04:15:00,10.0975,19.585384
2020-03-21 04:30:00,10.0975,19.77156
2020-03-21 04:45:00,10.0975,19.774426
2020-03-21 05:00:00,10.0975,20.110264
2020-03-21 05:15:00,10.0975,20.291933
2020-03-21 05:30:00,10.0975,20.666286
2020-03-21 05:45:00,10.3175,20.408642
2020-03-21 06:00:00,10.3175,20.294739
2020-03-21 06:15:00,10.3175,20.187021
2020-03-21 06:30:00,10.3175,19.696585
2020-03-21 06:45:00,10.3175,19.581459
2020-03-21 07:00:00,10.3175,19.612293
2020-03-21 07:15:00,10.5375,19.666245
2020-03-21 07:30:00,10.5375,20.485226
2020-03-21 07:45:00,10.5375,20.764526
2020-03-21 08:00:00,10.9765,20.646584
2020-03-21 08:15:00,11.196,20.580912
2020-03-21 08:30:00,11.196,20.8534
2020-03-21 08:45:00,11.416,20.963358
2020-03-21 09:00:00,11.8555,21.963488
2020-03-21 09:15:00,12.2945,23.121424
2020-03-21 09:30:00,12.7345,24.22413
2020-03-21 09:45:00,13.1735,24.912308
2020-03-21 10:00:00,13.6135,25.03989
2020-03-21 10:15:00,13.6135,24.361515
2020-03-21 10:30:00,14.0525,24.50206
2020-03-21 10:45:00,14.2725,23.376085
2020-03-21 11:00:00,14.2725,24.17319
2020-03-21 11:15:00,14.2725,24.331654
2020-03-21 11:30:00,14.2725,23.355795
2020-03-21 11:45:00,14.2725,23.941141
2020-03-21 12:00:00,14.492,23.839489
2020-03-21 12:15:00,14.712,24.761473
2020-03-21 12:30:00,15.1515,25.537165
2020-03-21 12:45:00,15.591,25.335398
2020-03-21 13:00:00,16.03,25.42083
2020-03-21 13:15:00,16.47,25.76806
2020-03-21 13:30:00,17.3485,26.251986
2020-03-21 13:45:00,18.0075,26.146786
2020-03-21 14:00:00,19.1065,26.23409
2020-03-21 14:15:00,19.9855,25.741545
2020-03-21 14:30:00,20.2055,25.772352
2020-03-21 14:45:00,20.6445,25.527193
2020-03-21 15:00:00,20.6445,25.668585
2020-03-21 15:15:00,20.6445,26.068127
2020-03-21 15:30:00,20.6445,26.670568
2020-03-21 15:45:00,20.425,26.87737
2020-03-21 16:00:00,20.425,27.23335
2020-03-21 16:15:00,20.425,27.306204
2020-03-21 16:30:00,20.425,27.303373
2020-03-21 16:45:00,20.425,27.142052
2020-03-21 17:00:00,20.425,27.019995
2020-03-21 17:15:00,20.425,26.952158
2020-03-21 17:30:00,20.425,26.550383
2020-03-21 17:45:00,20.2055,25.672796
2020-03-21 18:00:00,19.9855,25.051506
2020-03-21 18:15:00,19.546,24.34405
2020-03-21 18:30:00,19.546,24.08867
2020-03-21 18:45:00,19.1065,23.993908
2020-03-21 19:00:00,18.667,24.476282
2020-03-21 19:15:00,18.2275,24.793344
2020-03-21 19:30:00,18.008,24.785604
2020-03-21 19:45:00,17.568,23.766918
2020-03-21 20:00:00,17.568,23.492092
2020-03-21 20:15:00,17.129,23.100052
2020-03-21 20:30:00,16.689,22.655447
2020-03-21 20:45:00,16.4695,23.136631
2020-03-21 21:00:00,16.25,23.061817
2020-03-21 21:15:00,16.0305,23.045359
2020-03-21 21:30:00,15.591,23.73855
2020-03-21 21:45:00,15.371,23.618906
2020-03-21 22:00:00,15.1515,23.606314
2020-03-21 22:15:00,14.932,23.694307
2020-03-21 22:30:00,14.712,24.164936
2020-03-21 22:45:00,14.2725,24.13178
2020-03-21 23:00:00,14.2725,23.932486
2020-03-21 23:15:00,13.833,23.507648
2020-03-21 23:30:00,13.833,23.032703
2020-03-21 23:45:00,13.3935,22.39432
2020-03-22 00:00:00,13.3935,22.178104
2020-03-22 00:15:00,13.174,22.09302
2020-03-22 00:30:00,12.954,18.637165
2020-03-22 00:45:00,12.734,21.23862
2020-03-22 01:00:00,12.5145,19.102005
2020-03-22 01:15:00,12.5145,17.542501
2020-03-22 01:30:00,12.075,17.61054
2020-03-22 01:45:00,12.075,18.294548
2020-03-22 02:00:00,12.075,19.078358
2020-03-22 02:15:00,11.6355,19.506489
2020-03-22 02:30:00,11.6355,19.965277
2020-03-22 02:45:00,11.6355,19.71953
2020-03-22 03:00:00,11.416,19.661833
2020-03-22 03:15:00,11.1965,19.823523
2020-03-22 03:30:00,11.1965,20.253191
2020-03-22 03:45:00,11.1965,19.990374
2020-03-22 04:00:00,10.757,20.28326
2020-03-22 04:15:00,10.757,20.422356
2020-03-22 04:30:00,10.757,20.739523
2020-03-22 04:45:00,10.537,21.175865
2020-03-22 05:00:00,10.3175,21.466911
2020-03-22 05:15:00,10.3175,21.98742
2020-03-22 05:30:00,10.3175,22.198215
2020-03-22 05:45:00,10.098,22.022408
2020-03-22 06:00:00,9.878,21.751717
2020-03-22 06:15:00,9.878,21.947615
2020-03-22 06:30:00,9.878,22.352537
2020-03-22 06:45:00,9.878,21.951849
2020-03-22 07:00:00,9.878,22.52497
2020-03-22 07:15:00,9.878,22.548616
2020-03-22 07:30:00,10.098,22.74142
2020-03-22 07:45:00,10.537,23.252249
2020-03-22 08:00:00,10.977,23.011171
2020-03-22 08:15:00,11.6355,23.035
2020-03-22 08:30:00,12.295,23.73969
2020-03-22 08:45:00,12.954,24.291525
2020-03-22 09:00:00,13.613,25.467382
2020-03-22 09:15:00,14.492,26.261312
2020-03-22 09:30:00,15.371,26.58907
2020-03-22 09:45:00,16.4695,26.865492
2020-03-22 10:00:00,17.788,27.20949
2020-03-22 10:15:00,18.8865,26.78467
2020-03-22 10:30:00,19.9855,26.266104
2020-03-22 10:45:00,20.8645,25.96192
2020-03-22 11:00:00,21.5235,24.981512
2020-03-22 11:15:00,22.402,25.810225
2020-03-22 11:30:00,23.0615,26.286205
2020-03-22 11:45:00,23.501,26.04512
2020-03-22 12:00:00,24.1605,26.854063
2020-03-22 12:15:00,24.819,25.95498
2020-03-22 12:30:00,25.039,27.050924
2020-03-22 12:45:00,25.698,26.494684
2020-03-22 13:00:00,26.138,26.734798
2020-03-22 13:15:00,26.797,27.037914
2020-03-22 13:30:00,27.0165,26.049803
2020-03-22 13:45:00,27.236,26.389532
2020-03-22 14:00:00,27.456,27.022684
2020-03-22 14:15:00,27.6755,27.652689
2020-03-22 14:30:00,27.6755,28.392397
2020-03-22 14:45:00,27.6755,28.023594
2020-03-22 15:00:00,27.456,28.330883
2020-03-22 15:15:00,27.0165,28.210957
2020-03-22 15:30:00,27.0165,28.144072
2020-03-22 15:45:00,26.797,28.027834
2020-03-22 16:00:00,26.357,27.61841
2020-03-22 16:15:00,26.1375,27.67327
2020-03-22 16:30:00,25.918,27.614523
2020-03-22 16:45:00,25.479,27.321941
2020-03-22 17:00:00,25.039,27.452837
2020-03-22 17:15:00,24.8195,27.107407
2020-03-22 17:30:00,24.38,27.227633
2020-03-22 17:45:00,24.16,26.765465
2020-03-22 18:00:00,23.9405,26.31841
2020-03-22 18:15:00,23.721,26.211735
2020-03-22 18:30:00,23.281,26.133894
2020-03-22 18:45:00,22.842,25.898302
2020-03-22 19:00:00,22.402,26.181612
2020-03-22 19:15:00,21.963,26.003344
2020-03-22 19:30:00,21.743,25.44837
2020-03-22 19:45:00,21.523,24.67233
2020-03-22 20:00:00,21.084,23.772226
2020-03-22 20:15:00,20.645,23.838598
2020-03-22 20:30:00,20.645,24.342941
2020-03-22 20:45:00,20.205,24.536549
2020-03-22 21:00:00,20.205,25.13016
2020-03-22 21:15:00,19.766,25.122988
2020-03-22 21:30:00,19.766,25.21633
2020-03-22 21:45:00,19.546,25.169361
2020-03-22 22:00:00,19.326,25.150091
2020-03-22 22:15:00,19.326,25.244028
2020-03-22 22:30:00,19.326,25.469774
2020-03-22 22:45:00,18.887,25.156054
2020-03-22 23:00:00,18.887,25.194468
2020-03-22 23:15:00,18.887,24.754396
2020-03-22 23:30:00,18.887,24.396135
2020-03-22 23:45:00,18.887,24.014397
2020-03-23 00:00:00,18.887,23.798594
2020-03-23 00:15:00,18.667,23.99446
2020-03-23 00:30:00,18.447,21.17071
2020-03-23 00:45:00,18.2275,24.364407
2020-03-23 01:00:00,18.008,22.577501
2020-03-23 01:15:00,17.788,21.333448
2020-03-23 01:30:00,17.568,21.151966
2020-03-23 01:45:00,17.3485,21.083843
2020-03-23 02:00:00,17.129,21.193739
2020-03-23 02:15:00,16.909,21.391737
2020-03-23 02:30:00,16.689,21.682652
2020-03-23 02:45:00,16.689,21.484024
2020-03-23 03:00:00,16.25,21.588198
2020-03-23 03:15:00,16.25,21.54074
2020-03-23 03:30:00,16.0305,21.899143
2020-03-23 03:45:00,15.811,21.92164
2020-03-23 04:00:00,15.591,22.106218
2020-03-23 04:15:00,15.371,22.246023
2020-03-23 04:30:00,15.371,22.356733
2020-03-23 04:45:00,15.1515,22.535513
2020-03-23 05:00:00,14.932,22.547037
2020-03-23 05:15:00,14.932,22.939898
2020-03-23 05:30:00,14.712,23.332937
2020-03-23 05:45:00,14.712,23.076094
2020-03-23 06:00:00,14.492,23.34614
2020-03-23 06:15:00,14.492,23.219439
2020-03-23 06:30:00,14.2725,23.03966
2020-03-23 06:45:00,14.2725,22.862629
2020-03-23 07:00:00,14.2725,23.03148
2020-03-23 07:15:00,14.2725,22.80606
2020-03-23 07:30:00,14.492,22.871523
2020-03-23 07:45:00,15.371,22.727571
2020-03-23 08:00:00,15.811,22.572638
2020-03-23 08:15:00,16.25,22.883415
2020-03-23 08:30:00,17.129,23.387243
2020-03-23 08:45:00,17.568,22.979433
2020-03-23 09:00:00,18.447,24.127981
2020-03-23 09:15:00,19.326,25.238886
2020-03-23 09:30:00,20.205,26.367002
2020-03-23 09:45:00,21.523,27.30202
2020-03-23 10:00:00,22.842,27.077528
2020-03-23 10:15:00,24.16,27.262117
2020-03-23 10:30:00,25.259,27.693632
2020-03-23 10:45:00,26.3575,27.118826
2020-03-23 11:00:00,27.236,28.23533
2020-03-23 11:15:00,27.8955,28.541323
2020-03-23 11:30:00,28.774,27.627012
2020-03-23 11:45:00,29.4335,27.903906
2020-03-23 12:00:00,30.3125,26.918652
2020-03-23 12:15:00,30.972,26.512125
2020-03-23 12:30:00,31.1915,27.323751
2020-03-23 12:45:00,31.631,27.72376
2020-03-23 13:00:00,32.29,28.511286
2020-03-23 13:15:00,33.1685,28.086956
2020-03-23 13:30:00,33.828,28.002668
2020-03-23 13:45:00,34.048,28.081644
2020-03-23 14:00:00,34.707,27.970829
2020-03-23 14:15:00,35.366,28.052095
2020-03-23 14:30:00,35.8055,28.30536
2020-03-23 14:45:00,36.025,28.354979
2020-03-23 15:00:00,36.245,28.848282
2020-03-23 15:15:00,36.245,29.02843
2020-03-23 15:30:00,36.025,28.88583
2020-03-23 15:45:00,35.5855,28.584517
2020-03-23 16:00:00,35.1465,28.358444
2020-03-23 16:15:00,34.707,28.480402
2020-03-23 16:30:00,34.2675,28.72117
2020-03-23 16:45:00,33.389,28.63443
2020-03-23 17:00:00,32.7295,28.761768
2020-03-23 17:15:00,32.07,28.557573
2020-03-23 17:30:00,31.411,28.23823
2020-03-23 17:45:00,30.7515,27.361677
2020-03-23 18:00:00,30.0925,27.165508
2020-03-23 18:15:00,29.6535,26.94216
2020-03-23 18:30:00,28.9945,27.064192
2020-03-23 18:45:00,28.335,26.920725
2020-03-23 19:00:00,27.8955,27.066113
2020-03-23 19:15:00,27.236,26.589003
2020-03-23 19:30:00,26.797,25.338648
2020-03-23 19:45:00,26.357,23.851467
2020-03-23 20:00:00,25.918,23.139229
2020-03-23 20:15:00,25.479,23.411074
2020-03-23 20:30:00,25.039,24.00741
2020-03-23 20:45:00,24.6,24.494375
2020-03-23 21:00:00,24.16,24.61678
2020-03-23 21:15:00,23.721,24.43488
2020-03-23 21:30:00,23.281,24.62047
2020-03-23 21:45:00,23.0615,24.729311
2020-03-23 22:00:00,22.842,24.630257
2020-03-23 22:15:00,22.402,24.472607
2020-03-23 22:30:00,22.402,25.140572
2020-03-23 22:45:00,22.402,24.91029
2020-03-23 23:00:00,22.1825,25.084856
2020-03-23 23:15:00,22.1825,25.017912
2020-03-23 23:30:00,21.963,24.766787
2020-03-23 23:45:00,21.963,24.161741
2020-03-24 00:00:00,21.963,26.129398
2020-03-24 00:15:00,21.743,26.367361
2020-03-24 00:30:00,21.523,23.258478
2020-03-24 00:45:00,21.523,26.670008
2020-03-24 01:00:00,21.523,22.438921
2020-03-24 01:15:00,21.084,21.107618
2020-03-24 01:30:00,21.084,21.34684
2020-03-24 01:45:00,20.8645,21.202332
2020-03-24 02:00:00,20.645,21.028122
2020-03-24 02:15:00,20.645,21.21533
2020-03-24 02:30:00,20.425,21.593065
2020-03-24 02:45:00,20.425,21.82538
2020-03-24 03:00:00,20.205,22.301672
2020-03-24 03:15:00,20.205,22.129423
2020-03-24 03:30:00,20.205,22.039583
2020-03-24 03:45:00,19.9855,21.601408
2020-03-24 04:00:00,19.9855,21.520449
2020-03-24 04:15:00,19.9855,21.71146
2020-03-24 04:30:00,19.9855,22.20273
2020-03-24 04:45:00,19.9855,22.444866
2020-03-24 05:00:00,19.9855,22.819012
2020-03-24 05:15:00,19.9855,23.031418
2020-03-24 05:30:00,19.9855,23.096466
2020-03-24 05:45:00,19.766,23.13985
2020-03-24 06:00:00,19.766,22.485598
2020-03-24 06:15:00,19.766,22.678732
2020-03-24 06:30:00,19.546,22.784124
2020-03-24 06:45:00,19.546,22.444895
2020-03-24 07:00:00,19.546,23.0771
2020-03-24 07:15:00,19.766,22.90761
2020-03-24 07:30:00,20.205,23.140158
2020-03-24 07:45:00,20.645,23.11615
2020-03-24 08:00:00,20.8645,22.850447
2020-03-24 08:15:00,21.3035,22.690624
2020-03-24 08:30:00,21.743,22.624075
2020-03-24 08:45:00,22.1825,22.85089
2020-03-24 09:00:00,22.842,23.745089
2020-03-24 09:15:00,23.0615,24.547071
2020-03-24 09:30:00,23.501,25.651451
2020-03-24 09:45:00,23.9405,26.107141
2020-03-24 10:00:00,24.38,26.380564
2020-03-24 10:15:00,24.8195,26.638376
2020-03-24 10:30:00,25.918,26.431011
2020-03-24 10:45:00,26.577,26.129185
2020-03-24 11:00:00,27.0165,26.28668
2020-03-24 11:15:00,27.8955,26.646269
2020-03-24 11:30:00,28.555,27.523367
2020-03-24 11:45:00,29.214,27.893555
2020-03-24 12:00:00,29.873,28.16708
2020-03-24 12:15:00,30.752,28.177153
2020-03-24 12:30:00,30.9715,28.402895
2020-03-24 12:45:00,31.411,28.455782
2020-03-24 13:00:00,32.0705,29.002726
2020-03-24 13:15:00,32.9495,29.786592
2020-03-24 13:30:00,33.389,30.155048
2020-03-24 13:45:00,34.048,29.96164
2020-03-24 14:00:00,34.707,30.165163
2020-03-24 14:15:00,35.366,30.14322
2020-03-24 14:30:00,35.5855,30.167067
2020-03-24 14:45:00,36.245,30.040285
2020-03-24 15:00:00,36.6845,29.92026
2020-03-24 15:15:00,36.6845,29.636457
2020-03-24 15:30:00,36.4645,29.78134
2020-03-24 15:45:00,36.245,29.73063
2020-03-24 16:00:00,36.025,29.60739
2020-03-24 16:15:00,35.586,29.373892
2020-03-24 16:30:00,35.366,28.735765
2020-03-24 16:45:00,34.9265,27.963253
2020-03-24 17:00:00,34.4875,27.71496
2020-03-24 17:15:00,34.048,26.947935
2020-03-24 17:30:00,33.6085,26.41279
2020-03-24 17:45:00,33.169,24.976196
2020-03-24 18:00:00,32.7295,25.170086
2020-03-24 18:15:00,32.29,24.979202
2020-03-24 18:30:00,31.8505,24.78763
2020-03-24 18:45:00,31.411,25.109716
2020-03-24 19:00:00,30.752,24.743044
2020-03-24 19:15:00,30.312,24.703365
2020-03-24 19:30:00,29.6535,24.12317
2020-03-24 19:45:00,29.214,23.519905
2020-03-24 20:00:00,28.7745,22.814363
2020-03-24 20:15:00,28.115,22.697193
2020-03-24 20:30:00,27.676,23.773207
2020-03-24 20:45:00,27.236,24.23668
2020-03-24 21:00:00,26.797,24.298494
2020-03-24 21:15:00,26.357,24.149584
2020-03-24 21:30:00,25.918,23.589617
2020-03-24 21:45:00,25.479,23.438139
2020-03-24 22:00:00,25.479,23.535467
2020-03-24 22:15:00,25.039,23.797323
2020-03-24 22:30:00,24.8195,23.534355
2020-03-24 22:45:00,24.6,22.709053
2020-03-24 23:00:00,24.38,22.580374
2020-03-24 23:15:00,24.16,22.606436
2020-03-24 23:30:00,23.9405,23.170662
2020-03-24 23:45:00,23.721,23.342157
2020-03-25 00:00:00,23.721,23.107985
2020-03-25 00:15:00,23.501,23.25704
2020-03-25 00:30:00,23.281,20.154438
2020-03-25 00:45:00,23.0615,23.104414
2020-03-25 01:00:00,22.842,21.869486
2020-03-25 01:15:00,22.622,20.13256
2020-03-25 01:30:00,22.402,20.474367
2020-03-25 01:45:00,22.402,20.381075
2020-03-25 02:00:00,21.963,20.2445
2020-03-25 02:15:00,21.963,20.618244
2020-03-25 02:30:00,21.963,20.937645
2020-03-25 02:45:00,21.523,20.87526
2020-03-25 03:00:00,21.3035,21.129692
2020-03-25 03:15:00,21.084,20.980904
2020-03-25 03:30:00,21.084,21.060387
2020-03-25 03:45:00,21.084,20.81511
2020-03-25 04:00:00,20.645,20.7927
2020-03-25 04:15:00,20.645,21.177542
2020-03-25 04:30:00,20.425,21.392092
2020-03-25 04:45:00,20.205,21.150854
2020-03-25 05:00:00,20.205,20.457361
2020-03-25 05:15:00,19.9855,20.05976
2020-03-25 05:30:00,19.766,20.453106
2020-03-25 05:45:00,19.766,20.939209
2020-03-25 06:00:00,19.766,22.135317
2020-03-25 06:15:00,19.546,22.67277
2020-03-25 06:30:00,19.546,22.634077
2020-03-25 06:45:00,19.546,22.042122
2020-03-25 07:00:00,19.546,21.8568
2020-03-25 07:15:00,19.546,21.991285
2020-03-25 07:30:00,19.766,22.088575
2020-03-25 07:45:00,20.205,22.3526
2020-03-25 08:00:00,20.8645,22.33158
2020-03-25 08:15:00,21.523,21.728971
2020-03-25 08:30:00,22.1825,21.943499
2020-03-25 08:45:00,22.842,22.286352
2020-03-25 09:00:00,23.281,23.453697
2020-03-25 09:15:00,24.16,24.951097
2020-03-25 09:30:00,24.8195,25.679098
2020-03-25 09:45:00,25.6985,25.759975
2020-03-25 10:00:00,26.577,26.159313
2020-03-25 10:15:00,27.456,25.397854
2020-03-25 10:30:00,28.115,24.645752
2020-03-25 10:45:00,28.7745,23.967913
2020-03-25 11:00:00,29.214,23.536663
2020-03-25 11:15:00,29.6535,24.318949
2020-03-25 11:30:00,30.0925,25.47695
2020-03-25 11:45:00,30.3125,26.43223
2020-03-25 12:00:00,30.7515,27.232283
2020-03-25 12:15:00,31.411,27.377363
2020-03-25 12:30:00,31.8505,27.837612
2020-03-25 12:45:00,32.29,27.599401
2020-03-25 13:00:00,32.7295,27.746723
2020-03-25 13:15:00,33.169,28.101538
2020-03-25 13:30:00,33.3885,28.656092
2020-03-25 13:45:00,33.828,28.31234
2020-03-25 14:00:00,34.707,28.033579
2020-03-25 14:15:00,35.146,27.511635
2020-03-25 14:30:00,35.586,26.943394
2020-03-25 14:45:00,36.025,26.703428
2020-03-25 15:00:00,36.465,26.815454
2020-03-25 15:15:00,36.465,27.05039
2020-03-25 15:30:00,36.465,27.689528
2020-03-25 15:45:00,36.025,27.911087
2020-03-25 16:00:00,35.8055,28.093855
2020-03-25 16:15:00,35.1465,28.207823
2020-03-25 16:30:00,34.707,27.944017
2020-03-25 16:45:00,34.268,27.4128
2020-03-25 17:00:00,33.828,27.196875
2020-03-25 17:15:00,33.389,27.021528
2020-03-25 17:30:00,32.949,26.586025
2020-03-25 17:45:00,32.51,25.953817
2020-03-25 18:00:00,31.8505,25.557667
2020-03-25 18:15:00,31.411,25.221823
2020-03-25 18:30:00,30.9715,25.558123
2020-03-25 18:45:00,30.312,25.322245
2020-03-25 19:00:00,29.873,25.087461
2020-03-25 19:15:00,29.434,25.090181
2020-03-25 19:30:00,28.994,23.984392
2020-03-25 19:45:00,28.555,23.28443
2020-03-25 20:00:00,28.115,23.501802
2020-03-25 20:15:00,27.676,23.35785
2020-03-25 20:30:00,27.236,24.071012
2020-03-25 20:45:00,27.236,24.187956
2020-03-25 21:00:00,26.797,24.26571
2020-03-25 21:15:00,26.357,24.214605
2020-03-25 21:30:00,25.918,24.409496
2020-03-25 21:45:00,25.918,24.344824
2020-03-25 22:00:00,25.479,24.566137
2020-03-25 22:15:00,25.479,24.810787
2020-03-25 22:30:00,25.039,24.89309
2020-03-25 22:45:00,24.8195,24.83272
2020-03-25 23:00:00,24.6,24.641182
2020-03-25 23:15:00,24.6,24.028074
2020-03-25 23:30:00,24.6,23.98512
2020-03-25 23:45:00,24.16,23.5761
2020-03-26 00:00:00,24.16,23.563877
2020-03-26 00:15:00,23.9405,23.970133
2020-03-26 00:30:00,23.721,20.775795
2020-03-26 00:45:00,23.501,23.6839
2020-03-26 01:00:00,23.281,21.596838
2020-03-26 01:15:00,23.281,20.45514
2020-03-26 01:30:00,22.842,20.883932
2020-03-26 01:45:00,22.842,20.544378
2020-03-26 02:00:00,22.622,20.900122
2020-03-26 02:15:00,22.402,20.797596
2020-03-26 02:30:00,22.1825,20.911924
2020-03-26 02:45:00,21.963,21.224012
2020-03-26 03:00:00,21.743,21.319387
2020-03-26 03:15:00,21.523,21.330355
2020-03-26 03:30:00,21.523,21.475826
2020-03-26 03:45:00,21.3035,21.345749
2020-03-26 04:00:00,21.084,21.54031
2020-03-26 04:15:00,21.084,21.465311
2020-03-26 04:30:00,20.8645,21.7993
2020-03-26 04:45:00,20.645,21.801046
2020-03-26 05:00:00,20.645,21.989021
2020-03-26 05:15:00,20.425,22.528143
2020-03-26 05:30:00,20.205,22.911417
2020-03-26 05:45:00,19.9855,22.797132
2020-03-26 06:00:00,19.9855,22.649794
2020-03-26 06:15:00,19.9855,22.453197
2020-03-26 06:30:00,19.766,22.441536
2020-03-26 06:45:00,19.546,22.304928
2020-03-26 07:00:00,19.546,22.49912
2020-03-26 07:15:00,19.546,22.75054
2020-03-26 07:30:00,19.9855,23.151772
2020-03-26 07:45:00,20.205,23.548159
2020-03-26 08:00:00,20.645,24.05649
2020-03-26 08:15:00,21.523,24.372362
2020-03-26 08:30:00,21.963,24.698431
2020-03-26 08:45:00,22.622,24.965616
2020-03-26 09:00:00,23.281,25.76435
2020-03-26 09:15:00,24.16,26.887085
2020-03-26 09:30:00,25.039,27.828978
2020-03-26 09:45:00,26.357,28.116331
2020-03-26 10:00:00,27.456,28.41084
2020-03-26 10:15:00,28.555,27.395063
2020-03-26 10:30:00,29.6535,26.666971
2020-03-26 10:45:00,30.7515,25.921427
2020-03-26 11:00:00,31.631,25.311453
2020-03-26 11:15:00,32.5095,25.191202
2020-03-26 11:30:00,33.169,25.846632
2020-03-26 11:45:00,34.0475,25.756645
2020-03-26 12:00:00,34.707,26.603249
2020-03-26 12:15:00,35.1465,27.299973
2020-03-26 12:30:00,35.1465,27.323282
2020-03-26 12:45:00,35.1465,27.368204
2020-03-26 13:00:00,34.9265,27.47733
2020-03-26 13:15:00,34.707,27.916254
2020-03-26 13:30:00,34.487,28.414936
2020-03-26 13:45:00,34.2675,28.7875
2020-03-26 14:00:00,33.8285,28.43865
2020-03-26 14:15:00,33.6085,28.208645
2020-03-26 14:30:00,33.389,27.925058
2020-03-26 14:45:00,32.949,27.491297
2020-03-26 15:00:00,32.7295,27.957603
2020-03-26 15:15:00,32.7295,28.00258
2020-03-26 15:30:00,32.7295,28.370054
2020-03-26 15:45:00,32.949,27.927088
2020-03-26 16:00:00,33.169,27.35378
2020-03-26 16:15:00,33.389,26.598307
2020-03-26 16:30:00,33.389,25.83181
2020-03-26 16:45:00,33.389,25.080132
2020-03-26 17:00:00,33.169,24.871761
2020-03-26 17:15:00,33.169,24.891941
2020-03-26 17:30:00,32.7295,24.818598
2020-03-26 17:45:00,32.29,25.149254
2020-03-26 18:00:00,32.0705,25.752321
2020-03-26 18:15:00,31.8505,25.816149
2020-03-26 18:30:00,31.191,26.183401
2020-03-26 18:45:00,30.752,25.713602
2020-03-26 19:00:00,30.312,25.403875
2020-03-26 19:15:00,29.873,26.02896
2020-03-26 19:30:00,29.434,26.095541
2020-03-26 19:45:00,28.994,25.20359
2020-03-26 20:00:00,28.555,24.502945
2020-03-26 20:15:00,28.115,23.812998
2020-03-26 20:30:00,27.676,23.729513
2020-03-26 20:45:00,27.236,23.835382
2020-03-26 21:00:00,26.797,24.286348
2020-03-26 21:15:00,26.357,24.75025
2020-03-26 21:30:00,26.1375,25.0561
2020-03-26 21:45:00,25.918,25.028757
2020-03-26 22:00:00,25.6985,25.31687
2020-03-26 22:15:00,25.479,25.261435
2020-03-26 22:30:00,25.479,25.32131
2020-03-26 22:45:00,25.039,24.915457
2020-03-26 23:00:00,25.039,24.861914
2020-03-26 23:15:00,24.6,24.890593
2020-03-26 23:30:00,24.6,24.51052
2020-03-26 23:45:00,24.6,24.199686
2020-03-27 00:00:00,24.16,23.991844
2020-03-27 00:15:00,24.16,23.5581
2020-03-27 00:30:00,24.16,20.570045
2020-03-27 00:45:00,24.16,23.5736
2020-03-27 01:00:00,23.721,21.438765
2020-03-27 01:15:00,23.721,20.776314
2020-03-27 01:30:00,23.721,20.846718
2020-03-27 01:45:00,23.721,20.740627
2020-03-27 02:00:00,23.281,20.976398
2020-03-27 02:15:00,23.281,20.61138
2020-03-27 02:30:00,23.281,21.117949
2020-03-27 02:45:00,23.281,21.177351
2020-03-27 03:00:00,23.281,21.400175
2020-03-27 03:15:00,23.281,21.607069
2020-03-27 03:30:00,23.0615,21.301134
2020-03-27 03:45:00,22.842,21.312311
2020-03-27 04:00:00,22.842,21.65454
2020-03-27 04:15:00,22.402,21.849642
2020-03-27 04:30:00,22.402,22.202545
2020-03-27 04:45:00,22.1825,21.84883
2020-03-27 05:00:00,21.963,21.74529
2020-03-27 05:15:00,21.963,21.921194
2020-03-27 05:30:00,21.523,22.424498
2020-03-27 05:45:00,21.523,22.587973
2020-03-27 06:00:00,21.523,22.618448
2020-03-27 06:15:00,21.084,22.750168
2020-03-27 06:30:00,21.084,22.761015
2020-03-27 06:45:00,21.084,22.53551
2020-03-27 07:00:00,21.084,22.57152
2020-03-27 07:15:00,21.084,22.519724
2020-03-27 07:30:00,21.3035,22.641817
2020-03-27 07:45:00,21.963,22.693508
2020-03-27 08:00:00,22.402,22.813208
2020-03-27 08:15:00,22.622,22.657227
2020-03-27 08:30:00,23.0615,23.528193
2020-03-27 08:45:00,23.501,24.285265
2020-03-27 09:00:00,24.1605,25.357992
2020-03-27 09:15:00,24.8195,26.920843
2020-03-27 09:30:00,25.4785,28.131277
2020-03-27 09:45:00,26.577,28.866503
2020-03-27 10:00:00,27.6755,29.494787
2020-03-27 10:15:00,28.7745,28.791391
2020-03-27 10:30:00,29.6535,27.724543
2020-03-27 10:45:00,30.532,26.397173
2020-03-27 11:00:00,31.411,25.893288
2020-03-27 11:15:00,32.29,26.313288
2020-03-27 11:30:00,32.949,26.915655
2020-03-27 11:45:00,33.6085,27.105112
2020-03-27 12:00:00,34.0475,27.070257
2020-03-27 12:15:00,34.707,27.003633
2020-03-27 12:30:00,34.707,26.97915
2020-03-27 12:45:00,35.1465,27.000246
2020-03-27 13:00:00,35.8055,27.73463
2020-03-27 13:15:00,36.025,28.507055
2020-03-27 13:30:00,36.465,29.328764
2020-03-27 13:45:00,36.9045,29.730087
2020-03-27 14:00:00,37.3435,29.904701
2020-03-27 14:15:00,37.7835,29.678167
2020-03-27 14:30:00,37.7835,29.714222
2020-03-27 14:45:00,38.4425,29.315437
2020-03-27 15:00:00,38.4425,29.261892
2020-03-27 15:15:00,38.4425,29.33566
2020-03-27 15:30:00,38.2225,29.237139
2020-03-27 15:45:00,37.7835,29.160915
2020-03-27 16:00:00,37.5635,29.300581
2020-03-27 16:15:00,37.344,29.47642
2020-03-27 16:30:00,37.124,29.526875
2020-03-27 16:45:00,36.6845,29.14026
2020-03-27 17:00:00,36.465,28.590153
2020-03-27 17:15:00,36.025,28.033125
2020-03-27 17:30:00,35.586,27.904064
2020-03-27 17:45:00,35.146,27.54035
2020-03-27 18:00:00,34.4875,27.60481
2020-03-27 18:15:00,34.048,27.604424
2020-03-27 18:30:00,33.6085,27.198347
2020-03-27 18:45:00,33.169,26.867624
2020-03-27 19:00:00,32.7295,26.793703
2020-03-27 19:15:00,32.07,26.607512
2020-03-27 19:30:00,31.8505,25.9033
2020-03-27 19:45:00,31.411,25.024685
2020-03-27 20:00:00,30.9715,24.528612
2020-03-27 20:15:00,30.752,23.801043
2020-03-27 20:30:00,30.532,24.390717
2020-03-27 20:45:00,30.0925,24.729805
2020-03-27 21:00:00,29.873,24.836933
2020-03-27 21:15:00,29.6535,25.62739
2020-03-27 21:30:00,29.214,25.975046
2020-03-27 21:45:00,28.7745,25.802116
2020-03-27 22:00:00,28.7745,25.687414
2020-03-27 22:15:00,28.335,25.242731
2020-03-27 22:30:00,28.335,24.642403
2020-03-27 22:45:00,27.8955,24.447329
2020-03-27 23:00:00,27.8955,24.78118
2020-03-27 23:15:00,27.8955,24.984169
2020-03-27 23:30:00,27.456,25.3131
2020-03-27 23:45:00,27.456,24.967813
2020-03-28 00:00:00,27.456,24.888712
2020-03-28 00:15:00,27.456,24.74431
2020-03-28 00:30:00,27.0165,21.674288
2020-03-28 00:45:00,27.0165,23.987837
2020-03-28 01:00:00,26.577,22.132254
2020-03-28 01:15:00,26.577,20.958208
2020-03-28 01:30:00,26.577,21.327246
2020-03-28 01:45:00,26.3575,21.933765
2020-03-28 02:00:00,26.1375,21.776106
2020-03-28 02:15:00,26.1375,21.897398
2020-03-28 02:30:00,26.1375,21.802214
2020-03-28 02:45:00,25.918,21.290804
2020-03-28 03:00:00,25.6985,21.48231
2020-03-28 03:15:00,25.479,21.47753
2020-03-28 03:30:00,25.259,21.629835
2020-03-28 03:45:00,25.039,21.7794
2020-03-28 04:00:00,25.039,21.938555
2020-03-28 04:15:00,24.8195,22.083263
2020-03-28 04:30:00,24.6,22.5596
2020-03-28 04:45:00,24.6,22.848536
2020-03-28 05:00:00,24.38,23.327965
2020-03-28 05:15:00,24.16,23.687012
2020-03-28 05:30:00,24.16,24.014559
2020-03-28 05:45:00,24.16,23.907202
2020-03-28 06:00:00,23.721,23.790869
2020-03-28 06:15:00,23.721,23.346966
2020-03-28 06:30:00,23.281,23.284784
2020-03-28 06:45:00,23.281,22.92732
2020-03-28 07:00:00,23.281,22.995005
2020-03-28 07:15:00,23.281,23.10126
2020-03-28 07:30:00,23.501,23.038864
2020-03-28 07:45:00,23.9405,22.844263
2020-03-28 08:00:00,24.38,23.327328
2020-03-28 08:15:00,24.8195,23.012138
2020-03-28 08:30:00,25.259,23.238194
2020-03-28 08:45:00,25.6985,23.690977
2020-03-28 09:00:00,26.3575,23.587217
2020-03-28 09:15:00,27.0165,24.725992
2020-03-28 09:30:00,28.1155,25.714731
2020-03-28 09:45:00,29.214,25.748112
2020-03-28 10:00:00,30.093,25.473543
2020-03-28 10:15:00,31.1915,24.574862
2020-03-28 10:30:00,32.0705,23.612904
2020-03-28 10:45:00,32.949,23.636232
2020-03-28 11:00:00,33.8285,23.91478
2020-03-28 11:15:00,34.487,25.068817
2020-03-28 11:30:00,35.1465,26.543978
2020-03-28 11:45:00,35.8055,25.632776
2020-03-28 12:00:00,36.4645,25.424925
2020-03-28 12:15:00,37.124,24.654337
2020-03-28 12:30:00,37.124,23.695013
2020-03-28 12:45:00,37.5635,23.802382
2020-03-28 13:00:00,38.4425,23.989138
2020-03-28 13:15:00,39.1015,24.255949
2020-03-28 13:30:00,39.541,24.850313
2020-03-28 13:45:00,40.2,25.034445
2020-03-28 14:00:00,41.079,25.648714
2020-03-28 14:15:00,41.5185,26.185152
2020-03-28 14:30:00,42.3975,26.699644
2020-03-28 14:45:00,42.6175,26.815744
2020-03-28 15:00:00,42.6175,27.06978
2020-03-28 15:15:00,42.3975,27.309528
2020-03-28 15:30:00,41.958,27.344584
2020-03-28 15:45:00,41.2985,27.269163
2020-03-28 16:00:00,41.079,26.889093
2020-03-28 16:15:00,40.6395,26.89977
2020-03-28 16:30:00,40.2,26.749784
2020-03-28 16:45:00,39.541,26.62903
2020-03-28 17:00:00,39.1015,26.830866
2020-03-28 17:15:00,38.6625,26.524061
2020-03-28 17:30:00,38.2225,26.63371
2020-03-28 17:45:00,38.003,26.210766
2020-03-28 18:00:00,37.5635,26.103447
2020-03-28 18:15:00,37.124,25.71102
2020-03-28 18:30:00,36.465,25.363712
2020-03-28 18:45:00,35.8055,24.943346
2020-03-28 19:00:00,34.9265,25.002256
2020-03-28 19:15:00,34.268,25.07353
2020-03-28 19:30:00,33.828,24.541403
2020-03-28 19:45:00,32.949,23.580404
2020-03-28 20:00:00,32.51,22.832521
2020-03-28 20:15:00,32.07,22.55181
2020-03-28 20:30:00,31.631,23.21699
2020-03-28 20:45:00,31.191,23.793947
2020-03-28 21:00:00,30.752,24.529202
2020-03-28 21:15:00,30.312,25.013834
2020-03-28 21:30:00,29.873,25.183043
2020-03-28 21:45:00,29.6535,25.03881
2020-03-28 22:00:00,29.434,25.040005
2020-03-28 22:15:00,29.214,25.000221
2020-03-28 22:30:00,28.994,25.166954
2020-03-28 22:45:00,28.994,24.815765
2020-03-28 23:00:00,28.555,24.789454
2020-03-28 23:15:00,28.555,24.940948
2020-03-28 23:30:00,28.555,24.826738
2020-03-28 23:45:00,28.335,24.649994
2020-03-29 00:00:00,28.115,24.50992
2020-03-29 00:15:00,28.115,24.174559
2020-03-29 00:30:00,28.115,20.829914
2020-03-29 00:45:00,28.115,23.670254
2020-03-29 01:00:00,28.115,21.664257
2020-03-29 01:15:00,28.115,20.325514
2020-03-29 01:30:00,27.8955,20.601765
2020-03-29 01:45:00,27.8955,20.421629
2020-03-29 02:00:00,27.8955,20.798758
2020-03-29 02:15:00,27.8955,21.208029
2020-03-29 02:30:00,27.8955,20.77894
2020-03-29 02:45:00,27.8955,20.192501
2020-03-29 03:00:00,27.676,19.348295
2020-03-29 03:15:00,27.676,18.34029
2020-03-29 03:30:00,27.456,17.893332
2020-03-29 03:45:00,27.236,17.675936
2020-03-29 04:00:00,27.0165,17.868748
2020-03-29 04:15:00,26.797,18.637297
2020-03-29 04:30:00,26.357,20.135294
2020-03-29 04:45:00,25.918,20.926924
2020-03-29 05:00:00,25.6985,21.408697
2020-03-29 05:15:00,25.479,21.412554
2020-03-29 05:30:00,25.259,21.54171
2020-03-29 05:45:00,25.039,21.46252
2020-03-29 06:00:00,24.8195,21.553503
2020-03-29 06:15:00,24.6,21.526522
2020-03-29 06:30:00,24.38,21.57152
2020-03-29 06:45:00,24.38,21.42605
2020-03-29 07:00:00,24.38,21.826796
2020-03-29 07:15:00,24.38,21.979902
2020-03-29 07:30:00,24.6,22.432995
2020-03-29 07:45:00,25.039,22.56286
2020-03-29 08:00:00,25.479,22.666508
2020-03-29 08:15:00,25.6985,22.680758
2020-03-29 08:30:00,26.1375,22.667831
2020-03-29 08:45:00,26.577,22.395025
2020-03-29 09:00:00,27.0165,22.694332
2020-03-29 09:15:00,27.456,23.260464
2020-03-29 09:30:00,28.115,24.134405
2020-03-29 09:45:00,28.994,24.566877
2020-03-29 10:00:00,30.0925,24.909765
2020-03-29 10:15:00,31.191,25.439703
2020-03-29 10:30:00,31.631,25.693869
2020-03-29 10:45:00,32.29,25.558016
2020-03-29 11:00:00,33.169,26.173872
2020-03-29 11:15:00,33.8285,25.605818
2020-03-29 11:30:00,34.2675,25.211048
2020-03-29 11:45:00,34.707,25.414415
2020-03-29 12:00:00,35.366,24.556644
2020-03-29 12:15:00,36.025,24.105604
2020-03-29 12:30:00,36.245,24.778751
2020-03-29 12:45:00,36.6845,24.67607
2020-03-29 13:00:00,37.124,25.559408
2020-03-29 13:15:00,37.7835,27.138678
2020-03-29 13:30:00,38.4425,27.709242
2020-03-29 13:45:00,38.882,28.368858
2020-03-29 14:00:00,39.3215,28.21437
2020-03-29 14:15:00,39.98,27.19435
2020-03-29 14:30:00,40.42,26.30762
2020-03-29 14:45:00,40.42,24.925817
2020-03-29 15:00:00,39.98,25.57075
2020-03-29 15:15:00,39.541,26.425066
2020-03-29 15:30:00,39.102,27.274296
2020-03-29 15:45:00,38.662,27.581705
2020-03-29 16:00:00,38.223,27.686209
2020-03-29 16:15:00,37.783,27.926308
2020-03-29 16:30:00,37.344,28.166685
2020-03-29 16:45:00,36.904,27.993038
2020-03-29 17:00:00,36.465,28.082489
2020-03-29 17:15:00,36.025,27.547327
2020-03-29 17:30:00,35.8055,26.987415
2020-03-29 17:45:00,35.586,26.398111
2020-03-29 18:00:00,35.146,25.930418
2020-03-29 18:15:00,34.707,25.46192
2020-03-29 18:30:00,34.268,25.445211
2020-03-29 18:45:00,34.268,25.05249
2020-03-29 19:00:00,33.828,24.783962
2020-03-29 19:15:00,33.389,24.888582
2020-03-29 19:30:00,33.389,24.470615
2020-03-29 19:45:00,32.949,23.739485
2020-03-29 20:00:00,32.51,23.440176
2020-03-29 20:15:00,32.51,23.690508
2020-03-29 20:30:00,32.07,24.27173
2020-03-29 20:45:00,31.8505,24.561768
2020-03-29 21:00:00,31.631,24.804829
2020-03-29 21:15:00,31.411,24.610594
2020-03-29 21:30:00,30.9715,24.69504
2020-03-29 21:45:00,30.752,24.287897
2020-03-29 22:00:00,30.532,24.38878
2020-03-29 22:15:00,30.312,24.457525
2020-03-29 22:30:00,30.0925,24.353289
2020-03-29 22:45:00,29.6535,24.083942
2020-03-29 23:00:00,29.434,23.747917
2020-03-29 23:15:00,29.214,23.450186
2020-03-29 23:30:00,28.7745,23.353899
2020-03-29 23:45:00,28.555,23.202763
2020-03-30 00:00:00,28.115,23.576792
2020-03-30 00:15:00,28.115,23.569542
2020-03-30 00:30:00,27.8955,20.543444
2020-03-30 00:45:00,27.676,23.372751
2020-03-30 01:00:00,27.456,20.981054
2020-03-30 01:15:00,27.236,19.534788
2020-03-30 01:30:00,27.0165,19.777252
2020-03-30 01:45:00,26.797,20.132458
2020-03-30 02:00:00,26.577,20.409302
2020-03-30 02:15:00,26.357,20.676308
2020-03-30 02:30:00,25.918,20.84628
2020-03-30 02:45:00,25.6985,20.589798
2020-03-30 03:00:00,25.479,20.767403
2020-03-30 03:15:00,25.259,20.826166
2020-03-30 03:30:00,25.039,21.006859
2020-03-30 03:45:00,24.8195,20.835888
2020-03-30 04:00:00,24.8195,21.195269
2020-03-30 04:15:00,24.6,21.56662
2020-03-30 04:30:00,24.38,21.762812
2020-03-30 04:45:00,24.16,22.07855
2020-03-30 05:00:00,24.16,22.102991
2020-03-30 05:15:00,23.9405,22.204277
2020-03-30 05:30:00,23.721,22.6658
2020-03-30 05:45:00,23.721,22.524866
2020-03-30 06:00:00,23.721,22.992361
2020-03-30 06:15:00,23.501,22.997335
2020-03-30 06:30:00,23.281,23.114592
2020-03-30 06:45:00,23.281,23.016762
2020-03-30 07:00:00,23.281,22.589796
2020-03-30 07:15:00,23.281,22.547327
2020-03-30 07:30:00,23.0615,22.532986
2020-03-30 07:45:00,23.0615,22.476984
2020-03-30 08:00:00,23.0615,22.162731
2020-03-30 08:15:00,23.0615,22.03384
2020-03-30 08:30:00,23.281,22.941679
2020-03-30 08:45:00,23.721,23.610765
2020-03-30 09:00:00,24.16,25.518337
2020-03-30 09:15:00,24.6,27.150259
2020-03-30 09:30:00,24.8195,27.689505
2020-03-30 09:45:00,25.039,27.85423
2020-03-30 10:00:00,25.259,27.840395
2020-03-30 10:15:00,25.479,27.851286
2020-03-30 10:30:00,25.6985,27.531523
2020-03-30 10:45:00,25.6985,26.848673
2020-03-30 11:00:00,25.6985,26.205198
2020-03-30 11:15:00,25.6985,25.734518
2020-03-30 11:30:00,25.918,26.829947
2020-03-30 11:45:00,26.1375,28.007849
2020-03-30 12:00:00,26.577,29.292952
2020-03-30 12:15:00,26.7965,30.094555
2020-03-30 12:30:00,27.0165,29.34141
2020-03-30 12:45:00,27.456,28.440348
2020-03-30 13:00:00,27.8955,27.309622
2020-03-30 13:15:00,28.335,26.667053
2020-03-30 13:30:00,28.7745,27.074865
2020-03-30 13:45:00,29.873,27.137701
2020-03-30 14:00:00,31.191,27.594587
2020-03-30 14:15:00,32.07,27.697308
2020-03-30 14:30:00,32.949,27.400328
2020-03-30 14:45:00,33.6085,27.031345
2020-03-30 15:00:00,34.048,27.111017
2020-03-30 15:15:00,34.4875,27.15772
2020-03-30 15:30:00,34.4875,27.366156
2020-03-30 15:45:00,34.4875,27.218134
2020-03-30 16:00:00,34.2675,26.839191
2020-03-30 16:15:00,34.2675,26.80051
2020-03-30 16:30:00,34.2675,26.760403
2020-03-30 16:45:00,33.8285,26.637964
2020-03-30 17:00:00,33.6085,26.503096
2020-03-30 17:15:00,33.169,26.18278
2020-03-30 17:30:00,32.7295,25.731092
2020-03-30 17:45:00,32.29,24.87658
2020-03-30 18:00:00,32.07,24.369177
2020-03-30 18:15:00,31.631,23.966253
2020-03-30 18:30:00,31.191,23.89099
2020-03-30 18:45:00,30.752,23.65641
2020-03-30 19:00:00,30.532,23.75473
2020-03-30 19:15:00,30.312,23.917204
2020-03-30 19:30:00,29.873,23.62783
2020-03-30 19:45:00,29.434,23.161177
2020-03-30 20:00:00,29.434,22.81832
2020-03-30 20:15:00,28.994,22.500574
2020-03-30 20:30:00,28.994,22.550352
2020-03-30 20:45:00,28.555,22.434713
2020-03-30 21:00:00,28.335,22.59407
2020-03-30 21:15:00,27.8955,22.56451
2020-03-30 21:30:00,27.676,22.692448
2020-03-30 21:45:00,27.456,22.217905
2020-03-30 22:00:00,27.236,22.089018
2020-03-30 22:15:00,27.0165,22.009481
2020-03-30 22:30:00,27.0165,22.459452
2020-03-30 22:45:00,26.577,22.389906
2020-03-30 23:00:00,26.577,22.596865
2020-03-30 23:15:00,26.577,22.514055
2020-03-30 23:30:00,26.357,22.456406
2020-03-30 23:45:00,26.1375,22.529919
2020-03-31 00:00:00,26.1375,22.668795
2020-03-31 00:15:00,26.1375,22.759758
2020-03-31 00:30:00,26.1375,19.520992
2020-03-31 00:45:00,26.1375,22.319317
2020-03-31 01:00:00,26.1375,20.094456
2020-03-31 01:15:00,26.1375,18.608683
2020-03-31 01:30:00,26.1375,18.754902
2020-03-31 01:45:00,26.1375,18.645689
2020-03-31 02:00:00,26.1375,18.764605
2020-03-31 02:15:00,26.1375,18.86243
2020-03-31 02:30:00,26.1375,19.039051
2020-03-31 02:45:00,26.1375,18.95967
2020-03-31 03:00:00,26.1375,19.107853
2020-03-31 03:15:00,26.1375,19.234177
2020-03-31 03:30:00,26.1375,19.438335
2020-03-31 03:45:00,26.1375,19.38539
2020-03-31 04:00:00,26.1375,19.559025
2020-03-31 04:15:00,26.1375,19.709572
2020-03-31 04:30:00,26.1375,19.936522
2020-03-31 04:45:00,26.1375,19.904821
2020-03-31 05:00:00,26.1375,20.098354
2020-03-31 05:15:00,26.1375,20.2672
2020-03-31 05:30:00,26.1375,20.510649
2020-03-31 05:45:00,26.1375,20.493551
2020-03-31 06:00:00,26.1375,20.70007
2020-03-31 06:15:00,26.1375,20.880049
2020-03-31 06:30:00,26.1375,21.132574
2020-03-31 06:45:00,26.1375,21.12244
2020-03-31 07:00:00,26.1375,21.334154
2020-03-31 07:15:00,26.1375,21.517336
2020-03-31 07:30:00,26.1375,21.770897
2020-03-31 07:45:00,26.1375,21.759619
2020-03-31 08:00:00,26.1375,21.968378
2020-03-31 08:15:00,26.1375,22.146612
2020-03-31 08:30:00,26.1375,22.624636
2020-03-31 08:45:00,26.1375,22.833418
2020-03-31 09:00:00,26.1375,23.256145
2020-03-31 09:15:00,26.1375,23.639894
2020-03-31 09:30:00,26.1375,23.871687
2020-03-31 09:45:00,26.1375,23.834642
2020-03-31 10:00:00,26.1375,24.014397
2020-03-31 10:15:00,26.1375,24.160177
2020-03-31 10:30:00,26.1375,24.37065
2020-03-31 10:45:00,26.1375,24.31074
2020-03-31 11:00:00,26.1375,24.466417
2020-03-31 11:15:00,26.1375,24.5869
2020-03-31 11:30:00,26.1375,24.770876
2020-03-31 11:45:00,26.1375,24.683382
2020-03-31 12:00:00,26.1375,24.810656
2020-03-31 12:15:00,26.1375,24.901968
2020-03-31 12:30:00,26.1375,25.056078
2020-03-31 12:45:00,26.1375,24.938162
2020-03-31 13:00:00,26.1375,25.03464
2020-03-31 13:15:00,26.1375,25.094893
2020-03-31 13:30:00,26.1375,25.21781
2020-03-31 13:45:00,26.1375,25.068703
2020-03-31 14:00:00,26.1375,25.134087
2020-03-31 14:15:00,26.1375,25.163513
2020-03-31 14:30:00,26.1375,25.256027
2020-03-31 14:45:00,26.1375,25.077091
2020-03-31 15:00:00,26.1375,25.113207
2020-03-31 15:15:00,26.1375,25.114134
2020-03-31 15:30:00,26.1375,25.179113
2020-03-31 15:45:00,26.1375,24.97374
2020-03-31 16:00:00,26.1375,24.984404
2020-03-31 16:15:00,26.1375,24.96111
2020-03-31 16:30:00,26.1375,25.003294
2020-03-31 16:45:00,26.1375,24.776676
2020-03-31 17:00:00,26.1375,24.767445
2020-03-31 17:15:00,26.1375,24.725847
2020-03-31 17:30:00,26.1375,24.751535
2020-03-31 17:45:00,26.1375,24.510313
2020-03-31 18:00:00,26.1375,24.488094
2020-03-31 18:15:00,26.1375,24.435368
2020-03-31 18:30:00,26.1375,24.45198
2020-03-31 18:45:00,26.1375,24.203794
2020-03-31 19:00:00,26.1375,24.176378
2020-03-31 19:15:00,26.1375,24.120451
2020-03-31 19:30:00,26.1375,23.904493
2020-03-31 19:45:00,26.1375,23.428211
2020-03-31 20:00:00,26.1375,23.178885
2020-03-31 20:15:00,26.1375,22.909632
2020-03-31 20:30:00,26.1375,22.932274
2020-03-31 20:45:00,26.1375,22.694412
2020-03-31 21:00:00,26.1375,22.680853
2020-03-31 21:15:00,26.1375,22.64263
2020-03-31 21:30:00,26.1375,22.67997
2020-03-31 21:45:00,26.1375,22.458694
2020-03-31 22:00:00,26.1375,22.46324
2020-03-31 22:15:00,26.1375,22.444715
2020-03-31 22:30:00,26.1375,22.503378
2020-03-31 22:45:00,26.1375,22.304968
2020-03-31 23:00:00,26.1375,22.33359
2020-03-31 23:15:00,26.1375,22.34036
2020-03-31 23:30:00,26.1375,22.42552
2020-03-31 23:45:00,26.1375,22.254694
2020-04-01 00:00:00,27.676,22.31172
2020-04-01 00:15:00,27.456,22.34766
2020-04-01 00:30:00,27.236,19.481644
2020-04-01 00:45:00,27.236,22.95666
2020-04-01 01:00:00,27.0165,21.239346
2020-04-01 01:15:00,26.797,20.222164
2020-04-01 01:30:00,26.797,20.554325
2020-04-01 01:45:00,26.357,20.239845
2020-04-01 02:00:00,26.357,20.182684
2020-04-01 02:15:00,26.1375,20.442665
2020-04-01 02:30:00,25.918,20.621704
2020-04-01 02:45:00,25.918,20.357786
2020-04-01 03:00:00,25.6985,20.61417
2020-04-01 03:15:00,25.479,20.626055
2020-04-01 03:30:00,25.479,20.54168
2020-04-01 03:45:00,25.039,20.676958
2020-04-01 04:00:00,25.039,21.013779
2020-04-01 04:15:00,25.039,21.609114
2020-04-01 04:30:00,24.8195,22.103907
2020-04-01 04:45:00,24.6,21.952723
2020-04-01 05:00:00,24.6,22.176575
2020-04-01 05:15:00,24.6,21.832796
2020-04-01 05:30:00,24.6,22.278917
2020-04-01 05:45:00,24.38,22.360758
2020-04-01 06:00:00,24.16,22.818224
2020-04-01 06:15:00,24.16,23.087042
2020-04-01 06:30:00,24.16,22.84215
2020-04-01 06:45:00,24.16,22.46206
2020-04-01 07:00:00,24.16,22.330078
2020-04-01 07:15:00,24.16,22.46736
2020-04-01 07:30:00,24.6,22.713007
2020-04-01 07:45:00,25.039,22.78533
2020-04-01 08:00:00,25.479,22.841574
2020-04-01 08:15:00,26.1375,22.980972
2020-04-01 08:30:00,27.0165,23.773527
2020-04-01 08:45:00,27.676,24.429794
2020-04-01 09:00:00,28.335,25.38944
2020-04-01 09:15:00,28.994,25.983011
2020-04-01 09:30:00,30.0925,26.156612
2020-04-01 09:45:00,31.191,26.12865
2020-04-01 10:00:00,32.07,26.851595
2020-04-01 10:15:00,32.949,26.856867
2020-04-01 10:30:00,34.048,27.436083
2020-04-01 10:45:00,34.9265,27.838537
2020-04-01 11:00:00,36.0255,28.290842
2020-04-01 11:15:00,36.6845,28.568125
2020-04-01 11:30:00,37.344,28.861029
2020-04-01 11:45:00,38.223,28.677462
2020-04-01 12:00:00,38.8815,28.15705
2020-04-01 12:15:00,39.1015,28.478464
2020-04-01 12:30:00,39.3215,28.285727
2020-04-01 12:45:00,39.7605,27.763512
2020-04-01 13:00:00,40.2005,27.205784
2020-04-01 13:15:00,41.079,27.139254
2020-04-01 13:30:00,41.299,27.367138
2020-04-01 13:45:00,41.738,27.81915
2020-04-01 14:00:00,42.3975,28.668497
2020-04-01 14:15:00,42.837,28.62533
2020-04-01 14:30:00,43.2765,28.40387
2020-04-01 14:45:00,43.2765,27.619013
2020-04-01 15:00:00,42.837,27.57358
2020-04-01 15:15:00,42.1775,28.120153
2020-04-01 15:30:00,41.5185,28.722857
2020-04-01 15:45:00,41.079,29.048952
2020-04-01 16:00:00,40.6395,29.053679
2020-04-01 16:15:00,40.6395,28.961992
2020-04-01 16:30:00,40.42,28.793339
2020-04-01 16:45:00,40.42,28.291761
2020-04-01 17:00:00,39.98,28.167484
2020-04-01 17:15:00,39.541,27.667334
2020-04-01 17:30:00,39.102,27.132551
2020-04-01 17:45:00,38.662,26.63305
2020-04-01 18:00:00,38.4425,26.137806
2020-04-01 18:15:00,38.003,25.897589
2020-04-01 18:30:00,37.5635,26.111437
2020-04-01 18:45:00,37.124,25.929174
2020-04-01 19:00:00,36.6845,26.403833
2020-04-01 19:15:00,36.245,26.612131
2020-04-01 19:30:00,35.8055,26.318054
2020-04-01 19:45:00,35.586,25.159876
2020-04-01 20:00:00,35.366,24.379305
2020-04-01 20:15:00,34.9265,24.056246
2020-04-01 20:30:00,34.707,24.193314
2020-04-01 20:45:00,34.4875,24.428665
2020-04-01 21:00:00,34.048,24.922462
2020-04-01 21:15:00,34.048,25.099321
2020-04-01 21:30:00,33.6085,25.0375
2020-04-01 21:45:00,33.6085,24.680222
2020-04-01 22:00:00,33.169,24.236767
2020-04-01 22:15:00,33.169,23.731047
2020-04-01 22:30:00,32.949,23.873959
2020-04-01 22:45:00,32.7295,23.839586
2020-04-01 23:00:00,32.7295,23.915659
2020-04-01 23:15:00,32.7295,23.995043
2020-04-01 23:30:00,32.51,23.633856
2020-04-01 23:45:00,32.29,23.06388
2020-04-02 00:00:00,32.29,22.599558
2020-04-02 00:15:00,32.29,22.03739
2020-04-02 00:30:00,32.07,18.696825
2020-04-02 00:45:00,31.8505,21.51948
2020-04-02 01:00:00,31.8505,19.662771
2020-04-02 01:15:00,31.8505,19.246574
2020-04-02 01:30:00,31.631,20.295723
2020-04-02 01:45:00,31.411,21.11017
2020-04-02 02:00:00,31.191,21.876116
2020-04-02 02:15:00,30.9715,22.18429
2020-04-02 02:30:00,30.9715,22.471909
2020-04-02 02:45:00,30.9715,22.422247
2020-04-02 03:00:00,30.752,22.735552
2020-04-02 03:15:00,30.532,22.69187
2020-04-02 03:30:00,30.532,23.08061
2020-04-02 03:45:00,30.312,23.22579
2020-04-02 04:00:00,30.312,23.39665
2020-04-02 04:15:00,30.0925,22.982103
2020-04-02 04:30:00,30.0925,22.447603
2020-04-02 04:45:00,30.0925,21.70714
2020-04-02 05:00:00,29.873,21.091324
2020-04-02 05:15:00,29.873,21.045403
2020-04-02 05:30:00,29.873,20.91957
2020-04-02 05:45:00,29.6535,20.86224
2020-04-02 06:00:00,29.6535,21.236204
2020-04-02 06:15:00,29.6535,21.21835
2020-04-02 06:30:00,29.6535,21.649813
2020-04-02 06:45:00,29.6535,21.693235
2020-04-02 07:00:00,29.6535,21.940994
2020-04-02 07:15:00,29.6535,22.229788
2020-04-02 07:30:00,29.6535,22.31058
2020-04-02 07:45:00,29.6535,21.943766
2020-04-02 08:00:00,29.6535,21.427946
2020-04-02 08:15:00,29.6535,21.195297
2020-04-02 08:30:00,29.873,22.120998
2020-04-02 08:45:00,30.0925,22.737356
2020-04-02 09:00:00,30.532,24.07248
2020-04-02 09:15:00,30.532,25.612108
2020-04-02 09:30:00,31.1915,26.09504
2020-04-02 09:45:00,31.411,27.109426
2020-04-02 10:00:00,31.8505,27.623446
2020-04-02 10:15:00,32.5095,26.815674
2020-04-02 10:30:00,33.3885,26.49312
2020-04-02 10:45:00,34.048,25.28678
2020-04-02 11:00:00,34.4875,25.484964
2020-04-02 11:15:00,35.146,27.041368
2020-04-02 11:30:00,35.366,27.430395
2020-04-02 11:45:00,35.8055,30.373646
2020-04-02 12:00:00,36.245,29.910284
2020-04-02 12:15:00,36.6845,29.184263
2020-04-02 12:30:00,36.9045,29.535814
2020-04-02 12:45:00,36.9045,27.262506
2020-04-02 13:00:00,37.5635,27.94673
2020-04-02 13:15:00,38.003,28.342466
2020-04-02 13:30:00,38.4425,28.895931
2020-04-02 13:45:00,38.662,29.02577
2020-04-02 14:00:00,39.541,29.23495
2020-04-02 14:15:00,39.9805,29.135221
2020-04-02 14:30:00,40.42,29.222868
2020-04-02 14:45:00,40.42,28.979437
2020-04-02 15:00:00,40.6395,29.011047
2020-04-02 15:15:00,40.859,29.119196
2020-04-02 15:30:00,40.42,29.142315
2020-04-02 15:45:00,40.2,28.982882
2020-04-02 16:00:00,39.761,28.861969
2020-04-02 16:15:00,39.321,28.790815
2020-04-02 16:30:00,39.1015,28.910553
2020-04-02 16:45:00,38.4425,28.438337
2020-04-02 17:00:00,38.003,28.366915
2020-04-02 17:15:00,37.7835,28.263874
2020-04-02 17:30:00,37.3435,27.7716
2020-04-02 17:45:00,36.9045,27.128395
2020-04-02 18:00:00,36.6845,26.512396
2020-04-02 18:15:00,36.4645,26.111773
2020-04-02 18:30:00,36.0255,26.086042
2020-04-02 18:45:00,35.8055,25.992496
2020-04-02 19:00:00,35.366,26.266699
2020-04-02 19:15:00,35.366,26.554775
2020-04-02 19:30:00,34.9265,26.204077
2020-04-02 19:45:00,34.9265,25.557457
2020-04-02 20:00:00,34.707,24.956877
2020-04-02 20:15:00,34.4875,23.894175
2020-04-02 20:30:00,34.268,23.615328
2020-04-02 20:45:00,34.048,23.162159
2020-04-02 21:00:00,33.828,22.876654
2020-04-02 21:15:00,33.6085,23.280298
2020-04-02 21:30:00,33.389,24.127436
2020-04-02 21:45:00,33.169,24.500381
2020-04-02 22:00:00,32.949,25.05873
2020-04-02 22:15:00,32.7295,24.989096
2020-04-02 22:30:00,32.29,25.184492
2020-04-02 22:45:00,32.29,24.921473
2020-04-02 23:00:00,32.29,25.051838
2020-04-02 23:15:00,32.07,25.430838
2020-04-02 23:30:00,31.8505,25.319721
2020-04-02 23:45:00,31.8505,25.061647
2020-04-03 00:00:00,31.631,25.284119
2020-04-03 00:15:00,31.411,25.700071
2020-04-03 00:30:00,31.191,22.891157
2020-04-03 00:45:00,31.191,25.893763
2020-04-03 01:00:00,30.752,23.526775
2020-04-03 01:15:00,30.752,21.851976
2020-04-03 01:30:00,30.312,21.69972
2020-04-03 01:45:00,30.312,21.7694
2020-04-03 02:00:00,30.0925,21.904696
2020-04-03 02:15:00,29.873,21.698107
2020-04-03 02:30:00,29.873,22.11604
2020-04-03 02:45:00,29.434,21.64592
2020-04-03 03:00:00,29.434,21.91987
2020-04-03 03:15:00,29.434,21.915415
2020-04-03 03:30:00,29.214,21.654768
2020-04-03 03:45:00,28.994,21.940138
2020-04-03 04:00:00,28.994,22.136553
2020-04-03 04:15:00,28.994,22.517456
2020-04-03 04:30:00,28.555,22.90426
2020-04-03 04:45:00,28.555,22.688871
2020-04-03 05:00:00,28.335,22.66165
2020-04-03 05:15:00,28.115,22.655607
2020-04-03 05:30:00,28.115,22.750927
2020-04-03 05:45:00,27.8955,22.553667
2020-04-03 06:00:00,27.676,22.908436
2020-04-03 06:15:00,27.676,23.267385
2020-04-03 06:30:00,27.676,23.63891
2020-04-03 06:45:00,27.676,23.757029
2020-04-03 07:00:00,27.676,23.74851
2020-04-03 07:15:00,27.676,23.666227
2020-04-03 07:30:00,27.8955,23.801134
2020-04-03 07:45:00,28.1155,23.807907
2020-04-03 08:00:00,28.5545,23.3925
2020-04-03 08:15:00,29.214,23.95814
2020-04-03 08:30:00,29.873,24.586462
2020-04-03 08:45:00,30.3125,25.522596
2020-04-03 09:00:00,30.7515,27.28293
2020-04-03 09:15:00,31.6305,27.955767
2020-04-03 09:30:00,32.5095,28.809166
2020-04-03 09:45:00,33.3885,28.734842
2020-04-03 10:00:00,34.487,28.751825
2020-04-03 10:15:00,35.366,28.137442
2020-04-03 10:30:00,36.245,27.929493
2020-04-03 10:45:00,37.124,28.179564
2020-04-03 11:00:00,37.7835,28.67856
2020-04-03 11:15:00,38.4425,29.194275
2020-04-03 11:30:00,39.1015,29.927475
2020-04-03 11:45:00,39.7605,29.148918
2020-04-03 12:00:00,40.2005,28.788273
2020-04-03 12:15:00,40.8595,28.119154
2020-04-03 12:30:00,41.079,27.461325
2020-04-03 12:45:00,41.7385,27.187998
2020-04-03 13:00:00,42.3975,28.037477
2020-04-03 13:15:00,43.0565,28.64015
2020-04-03 13:30:00,43.496,28.740082
2020-04-03 13:45:00,43.936,28.231321
2020-04-03 14:00:00,43.936,27.647326
2020-04-03 14:15:00,44.375,27.070692
2020-04-03 14:30:00,44.814,27.091951
2020-04-03 14:45:00,45.034,26.839502
2020-04-03 15:00:00,45.034,26.612293
2020-04-03 15:15:00,45.2535,26.698153
2020-04-03 15:30:00,45.034,26.831488
2020-04-03 15:45:00,44.375,26.797567
2020-04-03 16:00:00,43.936,27.137068
2020-04-03 16:15:00,43.716,27.54355
2020-04-03 16:30:00,43.496,27.583992
2020-04-03 16:45:00,43.2765,27.099821
2020-04-03 17:00:00,42.837,26.457495
2020-04-03 17:15:00,42.617,25.504591
2020-04-03 17:30:00,42.3975,24.753874
2020-04-03 17:45:00,41.958,24.058397
2020-04-03 18:00:00,41.5185,24.198023
2020-04-03 18:15:00,40.859,24.395739
2020-04-03 18:30:00,40.42,25.065695
2020-04-03 18:45:00,39.7605,25.161615
2020-04-03 19:00:00,39.102,24.97262
2020-04-03 19:15:00,38.4425,24.938416
2020-04-03 19:30:00,38.003,24.313839
2020-04-03 19:45:00,37.5635,23.346663
2020-04-03 20:00:00,36.904,23.026905
2020-04-03 20:15:00,36.465,22.32042
2020-04-03 20:30:00,36.025,22.715862
2020-04-03 20:45:00,35.586,23.19109
2020-04-03 21:00:00,35.146,22.56348
2020-04-03 21:15:00,34.707,22.41417
2020-04-03 21:30:00,34.268,21.931318
2020-04-03 21:45:00,34.048,20.82903
2020-04-03 22:00:00,33.828,21.239763
2020-04-03 22:15:00,33.389,21.216246
2020-04-03 22:30:00,33.389,21.381416
2020-04-03 22:45:00,33.169,20.776041
2020-04-03 23:00:00,32.949,21.532883
2020-04-03 23:15:00,32.949,22.304396
2020-04-03 23:30:00,32.51,22.826612
2020-04-03 23:45:00,32.29,23.663157
2020-04-04 00:00:00,32.07,23.569
2020-04-04 00:15:00,31.8505,23.502007
2020-04-04 00:30:00,31.411,20.572638
2020-04-04 00:45:00,30.9715,23.271677
2020-04-04 01:00:00,30.532,21.026348
2020-04-04 01:15:00,30.0925,19.64848
2020-04-04 01:30:00,29.4335,19.42653
2020-04-04 01:45:00,28.9945,19.62521
2020-04-04 02:00:00,28.5545,19.409035
2020-04-04 02:15:00,28.1155,19.75906
2020-04-04 02:30:00,27.6755,20.500847
2020-04-04 02:45:00,27.2365,20.429514
2020-04-04 03:00:00,26.7965,21.381094
2020-04-04 03:15:00,26.577,21.384653
2020-04-04 03:30:00,26.1375,21.562853
2020-04-04 03:45:00,25.6985,21.518255
2020-04-04 04:00:00,25.259,21.5435
2020-04-04 04:15:00,25.0395,21.915188
2020-04-04 04:30:00,24.8195,22.287073
2020-04-04 04:45:00,24.38,22.246727
2020-04-04 05:00:00,23.9405,22.017778
2020-04-04 05:15:00,23.501,21.68849
2020-04-04 05:30:00,23.501,20.875195
2020-04-04 05:45:00,23.0615,19.796432
2020-04-04 06:00:00,22.622,19.60233
2020-04-04 06:15:00,22.622,19.864746
2020-04-04 06:30:00,22.1825,20.754314
2020-04-04 06:45:00,21.743,21.296144
2020-04-04 07:00:00,21.743,21.855
2020-04-04 07:15:00,21.5235,21.765732
2020-04-04 07:30:00,21.3035,21.481691
2020-04-04 07:45:00,20.8645,21.006552
2020-04-04 08:00:00,20.8645,21.00417
2020-04-04 08:15:00,20.425,20.813866
2020-04-04 08:30:00,20.425,21.69729
2020-04-04 08:45:00,20.205,21.670074
2020-04-04 09:00:00,19.9855,22.902967
2020-04-04 09:15:00,19.9855,24.262354
2020-04-04 09:30:00,19.9855,24.907532
2020-04-04 09:45:00,19.766,26.542187
2020-04-04 10:00:00,19.766,25.999624
2020-04-04 10:15:00,19.766,25.526232
2020-04-04 10:30:00,19.766,25.074106
2020-04-04 10:45:00,19.766,24.512186
2020-04-04 11:00:00,19.766,25.106596
2020-04-04 11:15:00,19.766,25.207064
2020-04-04 11:30:00,19.766,25.245188
2020-04-04 11:45:00,19.766,24.554422
2020-04-04 12:00:00,19.766,23.582853
2020-04-04 12:15:00,19.9855,22.803167
2020-04-04 12:30:00,19.9855,22.30126
2020-04-04 12:45:00,19.9855,21.717104
2020-04-04 13:00:00,19.9855,21.863398
2020-04-04 13:15:00,19.9855,22.705046
2020-04-04 13:30:00,19.9855,23.77992
2020-04-04 13:45:00,19.9855,24.689604
2020-04-04 14:00:00,19.9855,25.951305
2020-04-04 14:15:00,19.9855,26.436777
2020-04-04 14:30:00,19.9855,26.784685
2020-04-04 14:45:00,19.766,26.944925
2020-04-04 15:00:00,19.766,26.301304
2020-04-04 15:15:00,19.766,25.804304
2020-04-04 15:30:00,19.766,25.328619
2020-04-04 15:45:00,19.546,25.501574
2020-04-04 16:00:00,19.546,25.570225
2020-04-04 16:15:00,19.546,25.75208
2020-04-04 16:30:00,19.546,26.701185
2020-04-04 16:45:00,19.326,25.816381
2020-04-04 17:00:00,19.1065,26.236082
2020-04-04 17:15:00,19.1065,26.571962
2020-04-04 17:30:00,19.1065,26.334608
2020-04-04 17:45:00,19.1065,25.952642
2020-04-04 18:00:00,19.1065,25.80933
2020-04-04 18:15:00,19.1065,25.641676
2020-04-04 18:30:00,19.1065,25.477669
2020-04-04 18:45:00,19.1065,24.986376
2020-04-04 19:00:00,19.1065,25.062643
2020-04-04 19:15:00,19.1065,24.911692
2020-04-04 19:30:00,19.1065,24.51829
2020-04-04 19:45:00,19.1065,23.744215
2020-04-04 20:00:00,19.1065,23.240948
2020-04-04 20:15:00,19.1065,23.177076
2020-04-04 20:30:00,19.1065,23.792654
2020-04-04 20:45:00,19.1065,24.426405
2020-04-04 21:00:00,19.1065,24.992546
2020-04-04 21:15:00,19.1065,25.174566
2020-04-04 21:30:00,19.1065,25.394617
2020-04-04 21:45:00,18.8865,25.260498
2020-04-04 22:00:00,18.667,25.310623
2020-04-04 22:15:00,18.667,25.408371
2020-04-04 22:30:00,18.667,25.501558
2020-04-04 22:45:00,18.667,25.264019
2020-04-04 23:00:00,18.667,25.33499
2020-04-04 23:15:00,18.667,25.031584
2020-04-04 23:30:00,18.667,25.146032
2020-04-04 23:45:00,18.667,25.276373
2020-04-05 00:00:00,18.667,25.38019
2020-04-05 00:15:00,18.667,25.681236
2020-04-05 00:30:00,18.667,22.175587
2020-04-05 00:45:00,18.667,24.775728
2020-04-05 01:00:00,18.667,22.721596
2020-04-05 01:15:00,18.667,21.27258
2020-04-05 01:30:00,18.667,21.311178
2020-04-05 01:45:00,18.447,21.115498
2020-04-05 02:00:00,18.447,21.11793
2020-04-05 02:15:00,18.447,20.946392
2020-04-05 02:30:00,18.2275,21.47354
2020-04-05 02:45:00,18.2275,21.653265
2020-04-05 03:00:00,18.2275,21.72614
2020-04-05 03:15:00,18.2275,22.079243
2020-04-05 03:30:00,18.008,22.267462
2020-04-05 03:45:00,17.788,22.317759
2020-04-05 04:00:00,17.788,22.818727
2020-04-05 04:15:00,17.568,22.743973
2020-04-05 04:30:00,17.568,22.980774
2020-04-05 04:45:00,17.568,22.922754
2020-04-05 05:00:00,17.568,22.93366
2020-04-05 05:15:00,17.568,23.301228
2020-04-05 05:30:00,17.568,23.489336
2020-04-05 05:45:00,17.568,23.245403
2020-04-05 06:00:00,17.568,23.551266
2020-04-05 06:15:00,17.568,23.384607
2020-04-05 06:30:00,17.568,23.545658
2020-04-05 06:45:00,17.3485,23.909124
2020-04-05 07:00:00,17.3485,23.658278
2020-04-05 07:15:00,17.3485,23.882992
2020-04-05 07:30:00,17.129,23.841438
2020-04-05 07:45:00,17.129,23.347994
2020-04-05 08:00:00,17.129,23.161589
2020-04-05 08:15:00,17.129,23.002752
2020-04-05 08:30:00,17.129,22.853983
2020-04-05 08:45:00,16.689,23.016594
2020-04-05 09:00:00,16.4695,23.676437
2020-04-05 09:15:00,16.0305,25.33485
2020-04-05 09:30:00,15.811,26.469156
2020-04-05 09:45:00,15.591,26.953169
2020-04-05 10:00:00,15.371,27.704636
2020-04-05 10:15:00,15.1515,26.83884
2020-04-05 10:30:00,14.712,26.95332
2020-04-05 10:45:00,14.492,26.770681
2020-04-05 11:00:00,14.053,26.901854
2020-04-05 11:15:00,13.613,26.614908
2020-04-05 11:30:00,13.3935,26.470146
2020-04-05 11:45:00,13.174,26.362154
2020-04-05 12:00:00,12.954,25.586168
2020-04-05 12:15:00,12.954,25.832417
2020-04-05 12:30:00,12.954,25.969927
2020-04-05 12:45:00,12.954,25.677275
2020-04-05 13:00:00,12.954,25.868729
2020-04-05 13:15:00,12.734,26.183416
2020-04-05 13:30:00,12.5145,26.558706
2020-04-05 13:45:00,12.5145,26.527044
2020-04-05 14:00:00,12.295,26.669596
2020-04-05 14:15:00,12.075,26.886538
2020-04-05 14:30:00,12.075,27.015966
2020-04-05 14:45:00,12.075,26.93062
2020-04-05 15:00:00,12.075,26.940866
2020-04-05 15:15:00,12.075,26.801733
2020-04-05 15:30:00,11.8555,26.79175
2020-04-05 15:45:00,11.6355,26.710718
2020-04-05 16:00:00,11.6355,27.013872
2020-04-05 16:15:00,11.6355,27.290096
2020-04-05 16:30:00,11.416,27.442019
2020-04-05 16:45:00,11.1965,26.911737
2020-04-05 17:00:00,11.1965,26.31515
2020-04-05 17:15:00,11.1965,25.85497
2020-04-05 17:30:00,11.1965,25.711569
2020-04-05 17:45:00,11.1965,25.545252
2020-04-05 18:00:00,11.1965,25.810614
2020-04-05 18:15:00,11.1965,25.945333
2020-04-05 18:30:00,11.1965,25.879744
2020-04-05 18:45:00,11.1965,26.392954
2020-04-05 19:00:00,11.1965,26.407705
2020-04-05 19:15:00,11.1965,26.48995
2020-04-05 19:30:00,11.1965,26.861073
2020-04-05 19:45:00,11.1965,25.218672
2020-04-05 20:00:00,11.1965,24.77886
2020-04-05 20:15:00,11.1965,24.19641
2020-04-05 20:30:00,11.1965,24.319992
2020-04-05 20:45:00,11.1965,24.489965
2020-04-05 21:00:00,11.1965,25.009161
2020-04-05 21:15:00,11.1965,25.29332
2020-04-05 21:30:00,11.6355,24.96373
2020-04-05 21:45:00,11.6355,24.213217
2020-04-05 22:00:00,11.6355,24.871792
2020-04-05 22:15:00,11.6355,25.389658
2020-04-05 22:30:00,11.6355,25.938202
2020-04-05 22:45:00,11.6355,26.132822
2020-04-05 23:00:00,11.6355,26.031523
2020-04-05 23:15:00,11.6355,25.90665
2020-04-05 23:30:00,11.8555,25.950682
2020-04-05 23:45:00,11.8555,25.984856
2020-04-06 00:00:00,11.8555,25.373402
2020-04-06 00:15:00,11.8555,25.397188
2020-04-06 00:30:00,11.8555,23.00104
2020-04-06 00:45:00,11.8555,26.401644
2020-04-06 01:00:00,11.8555,24.305742
2020-04-06 01:15:00,11.8555,22.477915
2020-04-06 01:30:00,11.636,22.447443
2020-04-06 01:45:00,11.636,22.908434
2020-04-06 02:00:00,11.636,23.045904
2020-04-06 02:15:00,11.636,23.05077
2020-04-06 02:30:00,11.8555,23.195583
2020-04-06 02:45:00,12.075,22.353159
2020-04-06 03:00:00,12.2945,22.75424
2020-04-06 03:15:00,12.5145,22.808018
2020-04-06 03:30:00,12.7345,23.123652
2020-04-06 03:45:00,12.954,23.31811
2020-04-06 04:00:00,12.954,22.987698
2020-04-06 04:15:00,12.954,23.20017
2020-04-06 04:30:00,12.954,23.496454
2020-04-06 04:45:00,12.954,23.78916
2020-04-06 05:00:00,12.954,24.195454
2020-04-06 05:15:00,12.954,24.331846
2020-04-06 05:30:00,12.954,24.665548
2020-04-06 05:45:00,12.954,24.149069
2020-04-06 06:00:00,12.954,24.005287
2020-04-06 06:15:00,12.954,23.96042
2020-04-06 06:30:00,12.954,23.652725
2020-04-06 06:45:00,12.954,23.260458
2020-04-06 07:00:00,13.1735,23.125511
2020-04-06 07:15:00,13.3935,22.611507
2020-04-06 07:30:00,13.3935,22.657354
2020-04-06 07:45:00,13.833,22.949083
2020-04-06 08:00:00,14.2725,22.792767
2020-04-06 08:15:00,14.712,23.934225
2020-04-06 08:30:00,15.1515,24.498186
2020-04-06 08:45:00,15.811,25.021471
2020-04-06 09:00:00,16.4695,26.60985
2020-04-06 09:15:00,16.909,26.79548
2020-04-06 09:30:00,17.5685,27.931835
2020-04-06 09:45:00,18.0075,28.280977
2020-04-06 10:00:00,18.4475,28.511621
2020-04-06 10:15:00,19.1065,27.934381
2020-04-06 10:30:00,19.546,27.252592
2020-04-06 10:45:00,20.425,26.540894
2020-04-06 11:00:00,21.084,26.130686
2020-04-06 11:15:00,22.1825,26.119532
2020-04-06 11:30:00,22.8415,26.993294
2020-04-06 11:45:00,23.501,27.686724
2020-04-06 12:00:00,24.16,28.374361
2020-04-06 12:15:00,24.5995,28.83528
2020-04-06 12:30:00,25.039,28.783007
2020-04-06 12:45:00,25.4785,28.172506
2020-04-06 13:00:00,25.918,28.068401
2020-04-06 13:15:00,26.1375,27.867987
2020-04-06 13:30:00,26.1375,27.587305
2020-04-06 13:45:00,26.3575,26.894526
2020-04-06 14:00:00,26.577,26.960138
2020-04-06 14:15:00,26.577,27.306448
2020-04-06 14:30:00,26.138,27.531887
2020-04-06 14:45:00,25.918,27.316406
2020-04-06 15:00:00,25.698,26.84096
2020-04-06 15:15:00,25.4785,26.219194
2020-04-06 15:30:00,25.259,26.550621
2020-04-06 15:45:00,25.0395,26.706991
2020-04-06 16:00:00,25.0395,27.443932
2020-04-06 16:15:00,24.8195,27.779778
2020-04-06 16:30:00,24.8195,27.627659
2020-04-06 16:45:00,24.5995,27.029182
2020-04-06 17:00:00,24.38,26.31362
2020-04-06 17:15:00,23.9405,25.602188
2020-04-06 17:30:00,23.501,24.874521
2020-04-06 17:45:00,22.8415,24.624563
2020-04-06 18:00:00,22.4025,24.810242
2020-04-06 18:15:00,21.9625,25.186747
2020-04-06 18:30:00,21.304,26.167376
2020-04-06 18:45:00,21.084,26.796198
2020-04-06 19:00:00,20.6445,26.920889
2020-04-06 19:15:00,20.2055,27.557608
2020-04-06 19:30:00,19.9855,27.50237
2020-04-06 19:45:00,19.7655,26.9014
2020-04-06 20:00:00,19.546,26.881124
2020-04-06 20:15:00,19.3265,26.77383
2020-04-06 20:30:00,19.1065,26.806707
2020-04-06 20:45:00,18.8865,26.483355
2020-04-06 21:00:00,18.667,25.865376
2020-04-06 21:15:00,18.4475,26.026949
2020-04-06 21:30:00,18.2275,25.623724
2020-04-06 21:45:00,18.2275,25.438444
2020-04-06 22:00:00,18.2275,26.363436
2020-04-06 22:15:00,18.2275,25.782797
2020-04-06 22:30:00,18.0075,26.785969
2020-04-06 22:45:00,17.788,26.67621
2020-04-06 23:00:00,17.788,26.722013
2020-04-06 23:15:00,17.788,26.51777
2020-04-06 23:30:00,17.788,26.062004
2020-04-06 23:45:00,17.788,25.28033
2020-04-07 00:00:00,17.5685,24.876148
2020-04-07 00:15:00,17.3485,24.533876
2020-04-07 00:30:00,17.1285,21.376368
2020-04-07 00:45:00,16.909,24.292364
2020-04-07 01:00:00,16.6895,22.0207
2020-04-07 01:15:00,16.4695,20.43643
2020-04-07 01:30:00,16.4695,20.459206
2020-04-07 01:45:00,16.25,21.04267
2020-04-07 02:00:00,16.0305,21.781267
2020-04-07 02:15:00,15.811,22.3725
2020-04-07 02:30:00,15.811,23.001577
2020-04-07 02:45:00,15.591,22.842085
2020-04-07 03:00:00,15.371,22.896938
2020-04-07 03:15:00,15.371,22.840132
2020-04-07 03:30:00,14.932,22.83925
2020-04-07 03:45:00,14.932,22.845179
2020-04-07 04:00:00,14.712,23.113504
2020-04-07 04:15:00,14.492,23.781116
2020-04-07 04:30:00,14.2725,24.351885
2020-04-07 04:45:00,14.2725,24.088915
2020-04-07 05:00:00,14.0525,24.087572
2020-04-07 05:15:00,13.833,23.767702
2020-04-07 05:30:00,13.833,23.730846
2020-04-07 05:45:00,13.833,23.52926
2020-04-07 06:00:00,13.3935,23.798899
2020-04-07 06:15:00,13.3935,23.92133
2020-04-07 06:30:00,13.3935,24.040485
2020-04-07 06:45:00,13.3935,23.989416
2020-04-07 07:00:00,13.3935,24.134384
2020-04-07 07:15:00,13.613,24.069033
2020-04-07 07:30:00,14.053,24.252928
2020-04-07 07:45:00,14.492,24.189932
2020-04-07 08:00:00,14.932,24.103395
2020-04-07 08:15:00,15.591,24.280447
2020-04-07 08:30:00,16.0305,24.403913
2020-04-07 08:45:00,16.4695,24.797129
2020-04-07 09:00:00,16.6895,25.75955
2020-04-07 09:15:00,17.3485,26.796629
2020-04-07 09:30:00,18.0075,28.625935
2020-04-07 09:45:00,18.667,28.694258
2020-04-07 10:00:00,19.546,28.19653
2020-04-07 10:15:00,20.6445,27.390272
2020-04-07 10:30:00,21.084,26.596674
2020-04-07 10:45:00,21.963,26.81211
2020-04-07 11:00:00,22.4025,27.769342
2020-04-07 11:15:00,22.842,28.644066
2020-04-07 11:30:00,23.2815,28.7918
2020-04-07 11:45:00,23.7205,28.751535
2020-04-07 12:00:00,23.9405,28.38981
2020-04-07 12:15:00,24.16,28.637598
2020-04-07 12:30:00,23.94,28.933102
2020-04-07 12:45:00,24.5995,28.757734
2020-04-07 13:00:00,25.259,28.941263
2020-04-07 13:15:00,25.259,29.415892
2020-04-07 13:30:00,25.4785,29.360863
2020-04-07 13:45:00,26.3575,29.299194
2020-04-07 14:00:00,26.797,29.67123
2020-04-07 14:15:00,27.236,29.806538
2020-04-07 14:30:00,27.456,30.271212
2020-04-07 14:45:00,27.676,30.134212
2020-04-07 15:00:00,27.676,29.788488
2020-04-07 15:15:00,27.676,29.68802
2020-04-07 15:30:00,27.456,29.812696
2020-04-07 15:45:00,27.017,29.396883
2020-04-07 16:00:00,26.577,29.83309
2020-04-07 16:15:00,26.3575,29.891699
2020-04-07 16:30:00,25.918,29.847855
2020-04-07 16:45:00,25.6985,29.692804
2020-04-07 17:00:00,25.2585,29.332886
2020-04-07 17:15:00,24.6,28.952759
2020-04-07 17:30:00,24.38,28.649332
2020-04-07 17:45:00,23.9405,28.25029
2020-04-07 18:00:00,23.501,28.022068
2020-04-07 18:15:00,23.0615,27.746305
2020-04-07 18:30:00,22.622,27.880499
2020-04-07 18:45:00,21.963,27.52991
2020-04-07 19:00:00,21.523,27.710665
2020-04-07 19:15:00,21.084,27.83261
2020-04-07 19:30:00,20.645,27.141706
2020-04-07 19:45:00,20.205,26.210846
2020-04-07 20:00:00,19.766,25.326818
2020-04-07 20:15:00,19.326,24.769224
2020-04-07 20:30:00,18.887,24.848955
2020-04-07 20:45:00,18.447,24.919579
2020-04-07 21:00:00,18.2275,24.988403
2020-04-07 21:15:00,18.008,24.95193
2020-04-07 21:30:00,17.568,25.430553
2020-04-07 21:45:00,17.3485,25.661993
2020-04-07 22:00:00,17.129,26.191673
2020-04-07 22:15:00,16.689,26.749783
2020-04-07 22:30:00,16.689,27.77363
2020-04-07 22:45:00,16.25,28.027441
2020-04-07 23:00:00,16.25,28.079641
2020-04-07 23:15:00,15.811,28.11748
2020-04-07 23:30:00,15.811,27.790318
2020-04-07 23:45:00,15.591,27.131594
2020-04-08 00:00:00,15.371,27.157942
2020-04-08 00:15:00,15.371,27.243982
2020-04-08 00:30:00,14.932,23.884077
2020-04-08 00:45:00,14.932,26.860207
2020-04-08 01:00:00,14.932,24.622963
2020-04-08 01:15:00,14.712,23.062225
2020-04-08 01:30:00,14.492,23.3578
2020-04-08 01:45:00,14.492,23.241695
2020-04-08 02:00:00,14.492,23.512308
2020-04-08 02:15:00,14.492,23.78752
2020-04-08 02:30:00,14.492,23.596266
2020-04-08 02:45:00,14.492,23.326532
2020-04-08 03:00:00,14.492,23.564814
2020-04-08 03:15:00,14.492,23.42357
2020-04-08 03:30:00,14.492,23.77266
2020-04-08 03:45:00,14.053,23.671146
2020-04-08 04:00:00,14.053,23.492773
2020-04-08 04:15:00,14.053,23.67542
2020-04-08 04:30:00,14.053,23.874495
2020-04-08 04:45:00,13.613,23.780592
2020-04-08 05:00:00,13.613,24.217392
2020-04-08 05:15:00,13.3935,24.35499
2020-04-08 05:30:00,13.174,24.439676
2020-04-08 05:45:00,13.174,24.462671
2020-04-08 06:00:00,12.954,24.266895
2020-04-08 06:15:00,12.954,24.043531
2020-04-08 06:30:00,12.954,24.06113
2020-04-08 06:45:00,12.954,24.130026
2020-04-08 07:00:00,13.174,23.981188
2020-04-08 07:15:00,13.833,23.930319
2020-04-08 07:30:00,14.2725,23.996393
2020-04-08 07:45:00,14.9315,23.674402
2020-04-08 08:00:00,15.8105,23.568647
2020-04-08 08:15:00,16.25,22.895628
2020-04-08 08:30:00,17.1285,23.077772
2020-04-08 08:45:00,17.5685,23.640562
2020-04-08 09:00:00,18.2275,24.962519
2020-04-08 09:15:00,18.8865,26.650295
2020-04-08 09:30:00,19.9855,28.003977
2020-04-08 09:45:00,20.864,28.253847
2020-04-08 10:00:00,22.1825,28.63634
2020-04-08 10:15:00,23.0615,28.586458
2020-04-08 10:30:00,23.9405,28.080095
2020-04-08 10:45:00,24.6,27.658583
2020-04-08 11:00:00,25.259,27.087385
2020-04-08 11:15:00,26.138,26.962831
2020-04-08 11:30:00,26.577,26.975706
2020-04-08 11:45:00,27.2365,26.828783
2020-04-08 12:00:00,27.8955,28.23174
2020-04-08 12:15:00,28.335,28.457901
2020-04-08 12:30:00,28.5545,28.74925
2020-04-08 12:45:00,29.4335,28.902475
2020-04-08 13:00:00,30.3125,27.710566
2020-04-08 13:15:00,30.752,27.832243
2020-04-08 13:30:00,31.1915,27.941347
2020-04-08 13:45:00,31.8505,27.719955
2020-04-08 14:00:00,32.7295,27.467829
2020-04-08 14:15:00,33.169,27.563492
2020-04-08 14:30:00,33.6085,27.996601
2020-04-08 14:45:00,34.048,28.468033
2020-04-08 15:00:00,34.2675,29.14137
2020-04-08 15:15:00,34.2675,29.307976
2020-04-08 15:30:00,34.048,29.542124
2020-04-08 15:45:00,33.8285,28.978685
2020-04-08 16:00:00,33.389,28.938622
2020-04-08 16:15:00,32.949,29.052885
2020-04-08 16:30:00,32.51,29.179888
2020-04-08 16:45:00,32.29,29.134962
2020-04-08 17:00:00,32.07,29.157839
2020-04-08 17:15:00,31.411,28.711744
2020-04-08 17:30:00,31.191,28.287905
2020-04-08 17:45:00,30.752,27.797926
2020-04-08 18:00:00,30.312,27.414476
2020-04-08 18:15:00,29.6535,27.174974
2020-04-08 18:30:00,29.214,27.16759
2020-04-08 18:45:00,28.7745,26.909678
2020-04-08 19:00:00,28.335,27.05189
2020-04-08 19:15:00,27.8955,27.257559
2020-04-08 19:30:00,27.676,26.99071
2020-04-08 19:45:00,27.456,26.006506
2020-04-08 20:00:00,27.236,25.292158
2020-04-08 20:15:00,27.0165,24.91498
2020-04-08 20:30:00,26.797,25.03802
2020-04-08 20:45:00,26.577,24.862665
2020-04-08 21:00:00,26.357,24.898739
2020-04-08 21:15:00,26.357,24.670038
2020-04-08 21:30:00,26.1375,24.111042
2020-04-08 21:45:00,25.918,23.288656
2020-04-08 22:00:00,25.918,22.991526
2020-04-08 22:15:00,25.6985,22.622334
2020-04-08 22:30:00,25.479,23.18267
2020-04-08 22:45:00,25.259,22.91406
2020-04-08 23:00:00,25.039,22.770172
2020-04-08 23:15:00,24.6,23.152807
2020-04-08 23:30:00,24.16,22.457869
2020-04-08 23:45:00,23.721,22.855581
2020-04-09 00:00:00,23.501,22.980999
2020-04-09 00:15:00,23.281,22.263288
2020-04-09 00:30:00,22.842,20.149597
2020-04-09 00:45:00,22.402,22.964376
2020-04-09 01:00:00,21.963,22.16391
2020-04-09 01:15:00,21.743,21.448898
2020-04-09 01:30:00,21.523,22.205767
2020-04-09 01:45:00,21.084,22.723198
2020-04-09 02:00:00,21.084,22.639732
2020-04-09 02:15:00,21.084,22.952427
2020-04-09 02:30:00,20.645,22.909895
2020-04-09 02:45:00,20.645,22.861544
2020-04-09 03:00:00,20.205,22.82117
2020-04-09 03:15:00,20.205,22.747969
2020-04-09 03:30:00,19.9855,23.091688
2020-04-09 03:45:00,19.766,22.917366
2020-04-09 04:00:00,19.766,23.50072
2020-04-09 04:15:00,19.546,23.416597
2020-04-09 04:30:00,19.326,23.630686
2020-04-09 04:45:00,19.326,23.590485
2020-04-09 05:00:00,18.887,23.48715
2020-04-09 05:15:00,18.887,23.847017
2020-04-09 05:30:00,18.667,23.93075
2020-04-09 05:45:00,18.447,23.86154
2020-04-09 06:00:00,18.447,23.94958
2020-04-09 06:15:00,18.2275,23.611494
2020-04-09 06:30:00,18.008,23.91023
2020-04-09 06:45:00,18.008,23.959848
2020-04-09 07:00:00,18.008,24.28684
2020-04-09 07:15:00,18.447,24.11291
2020-04-09 07:30:00,19.1065,24.15016
2020-04-09 07:45:00,19.7655,24.042353
2020-04-09 08:00:00,20.6445,23.500917
2020-04-09 08:15:00,21.5235,23.60484
2020-04-09 08:30:00,22.1825,24.123766
2020-04-09 08:45:00,23.0615,24.700087
2020-04-09 09:00:00,23.9405,26.163973
2020-04-09 09:15:00,24.8195,27.41086
2020-04-09 09:30:00,25.918,28.334352
2020-04-09 09:45:00,27.236,28.305191
2020-04-09 10:00:00,28.335,28.082851
2020-04-09 10:15:00,29.4335,27.39026
2020-04-09 10:30:00,30.3125,26.76771
2020-04-09 10:45:00,31.411,25.921942
2020-04-09 11:00:00,32.07,25.769686
2020-04-09 11:15:00,32.5095,26.94242
2020-04-09 11:30:00,33.169,27.831364
2020-04-09 11:45:00,33.828,28.909008
2020-04-09 12:00:00,34.2675,29.939974
2020-04-09 12:15:00,34.707,29.182291
2020-04-09 12:30:00,34.707,28.704348
2020-04-09 12:45:00,35.366,27.78219
2020-04-09 13:00:00,36.245,27.30297
2020-04-09 13:15:00,36.4645,27.646011
2020-04-09 13:30:00,37.124,27.954632
2020-04-09 13:45:00,38.003,28.535067
2020-04-09 14:00:00,38.4425,29.003035
2020-04-09 14:15:00,39.3215,29.709118
2020-04-09 14:30:00,39.7605,30.251024
2020-04-09 14:45:00,39.7605,29.981817
2020-04-09 15:00:00,39.9805,30.079857
2020-04-09 15:15:00,39.9805,30.05407
2020-04-09 15:30:00,39.7605,30.250319
2020-04-09 15:45:00,39.1015,30.115011
2020-04-09 16:00:00,38.882,29.988867
2020-04-09 16:15:00,38.2225,29.909698
2020-04-09 16:30:00,38.003,29.793253
2020-04-09 16:45:00,37.7835,29.735342
2020-04-09 17:00:00,37.124,29.820444
2020-04-09 17:15:00,36.6845,29.485144
2020-04-09 17:30:00,36.4645,29.396585
2020-04-09 17:45:00,36.0255,28.74787
2020-04-09 18:00:00,35.8055,28.434866
2020-04-09 18:15:00,35.366,28.068428
2020-04-09 18:30:00,34.9265,28.317331
2020-04-09 18:45:00,34.4875,27.92893
2020-04-09 19:00:00,33.828,28.027662
2020-04-09 19:15:00,33.389,28.167706
2020-04-09 19:30:00,32.949,27.385561
2020-04-09 19:45:00,32.51,26.669445
2020-04-09 20:00:00,32.07,26.510466
2020-04-09 20:15:00,31.8505,26.26737
2020-04-09 20:30:00,31.411,26.80718
2020-04-09 20:45:00,30.9715,26.96197
2020-04-09 21:00:00,30.9715,27.301085
2020-04-09 21:15:00,30.532,27.750303
2020-04-09 21:30:00,30.0925,28.196363
2020-04-09 21:45:00,30.0925,28.282854
2020-04-09 22:00:00,29.6535,28.37646
2020-04-09 22:15:00,29.6535,27.901533
2020-04-09 22:30:00,29.214,27.950155
2020-04-09 22:45:00,29.214,27.790041
2020-04-09 23:00:00,29.214,28.26143
2020-04-09 23:15:00,28.7745,28.571714
2020-04-09 23:30:00,28.7745,28.59307
2020-04-09 23:45:00,28.555,28.156458
2020-04-10 00:00:00,28.115,27.842459
2020-04-10 00:15:00,27.8955,27.55485
2020-04-10 00:30:00,27.676,24.268564
2020-04-10 00:45:00,27.236,27.269346
2020-04-10 01:00:00,26.797,24.894728
2020-04-10 01:15:00,26.357,23.4763
2020-04-10 01:30:00,26.1375,23.612616
2020-04-10 01:45:00,25.918,23.448866
2020-04-10 02:00:00,25.918,23.665415
2020-04-10 02:15:00,25.6985,24.114042
2020-04-10 02:30:00,25.6985,24.249733
2020-04-10 02:45:00,25.6985,24.142439
2020-04-10 03:00:00,25.4785,24.286303
2020-04-10 03:15:00,25.4785,24.219156
2020-04-10 03:30:00,25.4785,24.601755
2020-04-10 03:45:00,25.4785,24.45016
2020-04-10 04:00:00,25.259,24.723005
2020-04-10 04:15:00,25.259,24.542479
2020-04-10 04:30:00,25.259,24.287153
2020-04-10 04:45:00,25.039,23.815632
2020-04-10 05:00:00,24.8195,23.089151
2020-04-10 05:15:00,24.6,22.936323
2020-04-10 05:30:00,24.16,23.008469
2020-04-10 05:45:00,24.16,22.396145
2020-04-10 06:00:00,23.721,22.487442
2020-04-10 06:15:00,23.721,22.721321
2020-04-10 06:30:00,23.501,22.692892
2020-04-10 06:45:00,23.501,22.823374
2020-04-10 07:00:00,23.501,22.950068
2020-04-10 07:15:00,23.721,22.692053
2020-04-10 07:30:00,24.38,22.46985
2020-04-10 07:45:00,25.259,22.099636
2020-04-10 08:00:00,25.918,22.648615
2020-04-10 08:15:00,26.7965,23.320555
2020-04-10 08:30:00,27.6755,25.17264
2020-04-10 08:45:00,28.335,26.09936
2020-04-10 09:00:00,28.9945,26.565403
2020-04-10 09:15:00,29.873,27.37091
2020-04-10 09:30:00,30.9715,27.651785
2020-04-10 09:45:00,32.07,28.336731
2020-04-10 10:00:00,33.169,28.636337
2020-04-10 10:15:00,34.048,28.340246
2020-04-10 10:30:00,34.9265,28.488111
2020-04-10 10:45:00,35.586,28.72831
2020-04-10 11:00:00,36.4645,29.306559
2020-04-10 11:15:00,37.124,29.734652
2020-04-10 11:30:00,37.5635,28.829462
2020-04-10 11:45:00,38.2225,27.424475
2020-04-10 12:00:00,38.442,25.967728
2020-04-10 12:15:00,38.882,24.748663
2020-04-10 12:30:00,38.662,23.879618
2020-04-10 12:45:00,39.1015,22.81291
2020-04-10 13:00:00,39.761,22.437412
2020-04-10 13:15:00,39.7605,22.45492
2020-04-10 13:30:00,40.2,23.936533
2020-04-10 13:45:00,41.079,25.17757
2020-04-10 14:00:00,41.5185,26.652433
2020-04-10 14:15:00,41.958,27.58663
2020-04-10 14:30:00,42.1775,27.753792
2020-04-10 14:45:00,42.3975,27.504072
2020-04-10 15:00:00,42.3975,26.869303
2020-04-10 15:15:00,42.3975,26.4646
2020-04-10 15:30:00,42.3975,26.11527
2020-04-10 15:45:00,41.958,25.824883
2020-04-10 16:00:00,41.5185,25.915125
2020-04-10 16:15:00,41.079,25.601109
2020-04-10 16:30:00,40.859,25.596455
2020-04-10 16:45:00,40.42,26.499472
2020-04-10 17:00:00,39.98,27.178358
2020-04-10 17:15:00,39.541,28.068579
2020-04-10 17:30:00,39.0775,29.255861
2020-04-10 17:45:00,39.0775,27.98533
2020-04-10 18:00:00,38.6375,27.549559
2020-04-10 18:15:00,38.1985,27.87302
2020-04-10 18:30:00,37.7585,27.582514
2020-04-10 18:45:00,37.3195,27.16667
2020-04-10 19:00:00,36.8795,26.986517
2020-04-10 19:15:00,36.4405,25.691782
2020-04-10 19:30:00,36.001,24.937246
2020-04-10 19:45:00,35.3415,25.120695
2020-04-10 20:00:00,34.6825,25.138647
2020-04-10 20:15:00,34.2435,25.358118
2020-04-10 20:30:00,33.8035,24.405008
2020-04-10 20:45:00,33.1445,23.441877
2020-04-10 21:00:00,32.9245,23.116795
2020-04-10 21:15:00,32.705,22.889948
2020-04-10 21:30:00,32.4855,23.091032
2020-04-10 21:45:00,32.2655,23.055285
2020-04-10 22:00:00,32.0455,23.383522
2020-04-10 22:15:00,31.826,23.441664
2020-04-10 22:30:00,31.6065,23.294611
2020-04-10 22:45:00,31.3865,23.384417
2020-04-10 23:00:00,31.167,23.414524
2020-04-10 23:15:00,30.9475,22.965025
2020-04-10 23:30:00,30.9475,22.740477
2020-04-10 23:45:00,30.9475,22.147547
2020-04-11 00:00:00,30.7275,22.033037
2020-04-11 00:15:00,30.5075,22.992344
2020-04-11 00:30:00,30.5075,19.673985
2020-04-11 00:45:00,30.5075,23.37485
2020-04-11 01:00:00,30.5075,21.735403
2020-04-11 01:15:00,30.5075,19.750637
2020-04-11 01:30:00,30.288,20.8534
2020-04-11 01:45:00,30.0685,19.683498
2020-04-11 02:00:00,30.0685,19.5863
2020-04-11 02:15:00,29.8485,19.76854
2020-04-11 02:30:00,29.629,20.043655
2020-04-11 02:45:00,29.4095,20.540874
2020-04-11 03:00:00,28.9695,20.930492
2020-04-11 03:15:00,28.9695,20.39302
2020-04-11 03:30:00,28.75,19.881386
2020-04-11 03:45:00,28.5305,19.00379
2020-04-11 04:00:00,28.3105,19.519766
2020-04-11 04:15:00,28.3105,20.728092
2020-04-11 04:30:00,28.0905,21.07349
2020-04-11 04:45:00,27.871,21.536726
2020-04-11 05:00:00,27.6515,20.674492
2020-04-11 05:15:00,27.6515,19.921143
2020-04-11 05:30:00,27.4315,20.77032
2020-04-11 05:45:00,27.212,20.912622
2020-04-11 06:00:00,27.212,21.143927
2020-04-11 06:15:00,27.212,20.646368
2020-04-11 06:30:00,26.7725,19.83049
2020-04-11 06:45:00,26.7725,19.113987
2020-04-11 07:00:00,26.7725,19.4851
2020-04-11 07:15:00,27.212,19.970875
2020-04-11 07:30:00,27.4315,20.459244
2020-04-11 07:45:00,28.0905,20.217691
2020-04-11 08:00:00,28.5305,20.469028
2020-04-11 08:15:00,28.9695,20.541914
2020-04-11 08:30:00,29.4095,20.535313
2020-04-11 08:45:00,30.288,21.181116
2020-04-11 09:00:00,31.167,21.892595
2020-04-11 09:15:00,31.6065,22.079288
2020-04-11 09:30:00,32.0455,23.03435
2020-04-11 09:45:00,32.9245,23.117699
2020-04-11 10:00:00,33.8035,23.615568
2020-04-11 10:15:00,34.2435,24.319317
2020-04-11 10:30:00,34.902,24.907713
2020-04-11 10:45:00,35.5615,25.356089
2020-04-11 11:00:00,36.001,25.80376
2020-04-11 11:15:00,36.6605,25.967562
2020-04-11 11:30:00,36.88,25.974445
2020-04-11 11:45:00,37.3195,25.560293
2020-04-11 12:00:00,37.9785,24.969875
2020-04-11 12:15:00,38.418,24.513334
2020-04-11 12:30:00,38.418,24.22526
2020-04-11 12:45:00,39.077,23.462507
2020-04-11 13:00:00,39.5165,23.337694
2020-04-11 13:15:00,39.7365,23.905725
2020-04-11 13:30:00,39.956,23.197618
2020-04-11 13:45:00,39.956,22.869991
2020-04-11 14:00:00,39.956,21.991428
2020-04-11 14:15:00,39.5165,20.580639
2020-04-11 14:30:00,39.5165,20.52932
2020-04-11 14:45:00,39.5165,21.403246
2020-04-11 15:00:00,39.297,22.967148
2020-04-11 15:15:00,39.297,24.605345
2020-04-11 15:30:00,38.8575,26.134432
2020-04-11 15:45:00,38.418,26.106014
2020-04-11 16:00:00,38.198,26.33288
2020-04-11 16:15:00,37.759,26.275782
2020-04-11 16:30:00,37.319,26.224531
2020-04-11 16:45:00,36.66,25.65689
2020-04-11 17:00:00,35.781,25.235723
2020-04-11 17:15:00,35.342,24.803946
2020-04-11 17:30:00,34.902,24.14017
2020-04-11 17:45:00,34.2435,23.267546
2020-04-11 18:00:00,33.584,22.66366
2020-04-11 18:15:00,33.1445,22.092436
2020-04-11 18:30:00,32.705,21.954863
2020-04-11 18:45:00,32.2655,21.676823
2020-04-11 19:00:00,32.0455,21.857046
2020-04-11 19:15:00,31.6065,21.400244
2020-04-11 19:30:00,31.167,21.291605
2020-04-11 19:45:00,30.7275,21.257893
2020-04-11 20:00:00,30.288,21.336481
2020-04-11 20:15:00,30.068,21.650074
2020-04-11 20:30:00,29.629,21.638426
2020-04-11 20:45:00,29.4095,20.868969
2020-04-11 21:00:00,28.9695,20.489174
2020-04-11 21:15:00,28.9695,20.320278
2020-04-11 21:30:00,28.5305,21.418343
2020-04-11 21:45:00,28.5305,21.564257
2020-04-11 22:00:00,28.0905,21.765738
2020-04-11 22:15:00,28.0905,22.275213
2020-04-11 22:30:00,28.0905,21.807428
2020-04-11 22:45:00,28.0905,21.847658
2020-04-11 23:00:00,27.871,22.437914
2020-04-11 23:15:00,27.6515,22.79347
2020-04-11 23:30:00,27.6515,23.303843
2020-04-11 23:45:00,27.212,23.32686
2020-04-12 00:00:00,27.212,23.382128
2020-04-12 00:15:00,27.212,23.281902
2020-04-12 00:30:00,26.9925,19.578735
2020-04-12 00:45:00,26.7725,22.435835
2020-04-12 01:00:00,26.7725,20.372314
2020-04-12 01:15:00,26.5525,19.462038
2020-04-12 01:30:00,26.5525,20.185925
2020-04-12 01:45:00,26.333,20.015896
2020-04-12 02:00:00,26.333,19.855186
2020-04-12 02:15:00,26.333,19.339111
2020-04-12 02:30:00,26.333,19.185802
2020-04-12 02:45:00,26.1135,18.895447
2020-04-12 03:00:00,25.8935,18.840351
2020-04-12 03:15:00,25.8935,18.681576
2020-04-12 03:30:00,25.674,19.10873
2020-04-12 03:45:00,25.674,19.093681
2020-04-12 04:00:00,25.674,20.156662
2020-04-12 04:15:00,25.674,21.184673
2020-04-12 04:30:00,25.674,21.46792
2020-04-12 04:45:00,25.674,21.730085
2020-04-12 05:00:00,25.674,21.71233
2020-04-12 05:15:00,25.674,21.17719
2020-04-12 05:30:00,25.4545,21.367172
2020-04-12 05:45:00,25.4545,21.490286
2020-04-12 06:00:00,25.4545,21.308622
2020-04-12 06:15:00,25.4545,20.840752
2020-04-12 06:30:00,25.2345,21.034298
2020-04-12 06:45:00,25.0145,21.194195
2020-04-12 07:00:00,25.0145,21.048073
2020-04-12 07:15:00,25.0145,21.653574
2020-04-12 07:30:00,25.0145,21.842676
2020-04-12 07:45:00,25.0145,21.196615
2020-04-12 08:00:00,25.2345,21.21929
2020-04-12 08:15:00,25.2345,21.083666
2020-04-12 08:30:00,25.2345,21.335094
2020-04-12 08:45:00,25.4545,21.80705
2020-04-12 09:00:00,25.4545,22.891422
2020-04-12 09:15:00,25.4545,24.088278
2020-04-12 09:30:00,25.674,25.180874
2020-04-12 09:45:00,25.674,26.053385
2020-04-12 10:00:00,25.674,25.81177
2020-04-12 10:15:00,25.674,25.547201
2020-04-12 10:30:00,25.674,25.444357
2020-04-12 10:45:00,24.795,24.994184
2020-04-12 11:00:00,23.4765,24.970623
2020-04-12 11:15:00,23.037,25.05818
2020-04-12 11:30:00,22.598,24.995844
2020-04-12 11:45:00,22.378,24.316061
2020-04-12 12:00:00,22.378,24.127005
2020-04-12 12:15:00,23.2565,23.347246
2020-04-12 12:30:00,23.916,22.783594
2020-04-12 12:45:00,24.795,22.070879
2020-04-12 13:00:00,25.674,22.044533
2020-04-12 13:15:00,26.333,22.385134
2020-04-12 13:30:00,26.5525,23.127975
2020-04-12 13:45:00,26.5525,26.86244
2020-04-12 14:00:00,26.7725,27.45142
2020-04-12 14:15:00,26.7725,28.710144
2020-04-12 14:30:00,26.7725,29.71332
2020-04-12 14:45:00,26.7725,27.824764
2020-04-12 15:00:00,26.7725,27.678877
2020-04-12 15:15:00,26.7725,26.986029
2020-04-12 15:30:00,26.553,26.132074
2020-04-12 15:45:00,26.333,24.730013
2020-04-12 16:00:00,26.333,25.174032
2020-04-12 16:15:00,26.333,25.870005
2020-04-12 16:30:00,26.333,26.750841
2020-04-12 16:45:00,26.113,27.75638
2020-04-12 17:00:00,25.8935,27.15284
2020-04-12 17:15:00,25.8935,26.640078
2020-04-12 17:30:00,25.8935,25.48258
2020-04-12 17:45:00,25.8935,24.56518
2020-04-12 18:00:00,25.8935,24.739985
2020-04-12 18:15:00,25.8935,24.037832
2020-04-12 18:30:00,25.674,24.467487
2020-04-12 18:45:00,25.4545,24.436213
2020-04-12 19:00:00,25.2345,25.026047
2020-04-12 19:15:00,25.0145,24.78476
2020-04-12 19:30:00,25.0145,25.737444
2020-04-12 19:45:00,24.5755,24.559563
2020-04-12 20:00:00,24.5755,24.80823
2020-04-12 20:15:00,24.1355,25.221628
2020-04-12 20:30:00,24.1355,24.960104
2020-04-12 20:45:00,24.1355,25.569096
2020-04-12 21:00:00,24.1355,24.439177
2020-04-12 21:15:00,24.1355,24.84082
2020-04-12 21:30:00,23.916,24.13325
2020-04-12 21:45:00,23.916,23.601788
2020-04-12 22:00:00,23.6965,24.58452
2020-04-12 22:15:00,23.6965,24.828796
2020-04-12 22:30:00,23.6965,24.974043
2020-04-12 22:45:00,23.6965,25.76924
2020-04-12 23:00:00,23.6965,24.894213
2020-04-12 23:15:00,23.4765,24.21007
2020-04-12 23:30:00,23.037,24.332254
2020-04-12 23:45:00,23.037,22.551996
2020-04-13 00:00:00,23.2565,22.431576
2020-04-13 00:15:00,23.2565,23.467041
2020-04-13 00:30:00,23.2565,20.9577
2020-04-13 00:45:00,23.2565,24.369242
2020-04-13 01:00:00,23.2565,22.970682
2020-04-13 01:15:00,23.2565,20.731926
2020-04-13 01:30:00,23.2565,20.047556
2020-04-13 01:45:00,23.2565,20.744797
2020-04-13 02:00:00,23.2565,20.928757
2020-04-13 02:15:00,23.2565,21.032425
2020-04-13 02:30:00,23.2565,21.88334
2020-04-13 02:45:00,23.2565,21.189787
2020-04-13 03:00:00,23.037,20.980564
2020-04-13 03:15:00,23.037,20.536232
2020-04-13 03:30:00,23.037,19.906092
2020-04-13 03:45:00,22.8175,19.755272
2020-04-13 04:00:00,22.8175,20.204998
2020-04-13 04:15:00,22.8175,20.961166
2020-04-13 04:30:00,22.598,21.998114
2020-04-13 04:45:00,22.598,21.599487
2020-04-13 05:00:00,22.598,21.417234
2020-04-13 05:15:00,22.598,20.744698
2020-04-13 05:30:00,22.598,20.794565
2020-04-13 05:45:00,22.378,21.075764
2020-04-13 06:00:00,22.378,20.752483
2020-04-13 06:15:00,22.158,21.000385
2020-04-13 06:30:00,21.719,20.92741
2020-04-13 06:45:00,20.84,20.981861
2020-04-13 07:00:00,19.961,21.059683
2020-04-13 07:15:00,19.302,21.757364
2020-04-13 07:30:00,18.862,21.805674
2020-04-13 07:45:00,18.423,21.185495
2020-04-13 08:00:00,18.203,21.76042
2020-04-13 08:15:00,17.9835,21.430325
2020-04-13 08:30:00,17.764,22.07205
2020-04-13 08:45:00,17.764,22.541988
2020-04-13 09:00:00,17.324,23.466265
2020-04-13 09:15:00,17.324,24.877333
2020-04-13 09:30:00,17.324,25.726149
2020-04-13 09:45:00,17.324,26.200018
2020-04-13 10:00:00,17.764,26.712431
2020-04-13 10:15:00,18.6425,26.734686
2020-04-13 10:30:00,19.3015,27.10446
2020-04-13 10:45:00,19.961,27.785208
2020-04-13 11:00:00,20.4005,28.676016
2020-04-13 11:15:00,20.84,28.881342
2020-04-13 11:30:00,21.2795,28.961111
2020-04-13 11:45:00,21.7185,28.02079
2020-04-13 12:00:00,21.7185,26.497164
2020-04-13 12:15:00,22.1585,25.491068
2020-04-13 12:30:00,22.378,24.947187
2020-04-13 12:45:00,22.8175,23.92603
2020-04-13 13:00:00,23.037,23.923124
2020-04-13 13:15:00,23.4765,24.621515
2020-04-13 13:30:00,23.4765,25.0577
2020-04-13 13:45:00,23.916,25.714087
2020-04-13 14:00:00,23.916,26.467281
2020-04-13 14:15:00,24.1355,26.774572
2020-04-13 14:30:00,24.1355,26.921665
2020-04-13 14:45:00,24.1355,27.12889
2020-04-13 15:00:00,24.3555,27.403105
2020-04-13 15:15:00,24.795,27.40753
2020-04-13 15:30:00,24.795,27.762678
2020-04-13 15:45:00,24.3555,27.203499
2020-04-13 16:00:00,24.3555,27.272038
2020-04-13 16:15:00,24.3555,26.709574
2020-04-13 16:30:00,24.3555,26.806732
2020-04-13 16:45:00,24.3555,26.580023
2020-04-13 17:00:00,24.3555,26.015913
2020-04-13 17:15:00,24.3555,26.21609
2020-04-13 17:30:00,24.3555,25.81624
2020-04-13 17:45:00,24.3555,24.980713
2020-04-13 18:00:00,24.3555,24.661839
2020-04-13 18:15:00,24.3555,24.18527
2020-04-13 18:30:00,24.1355,23.726875
2020-04-13 18:45:00,23.4765,23.360794
2020-04-13 19:00:00,23.037,23.771374
2020-04-13 19:15:00,22.598,23.960304
2020-04-13 19:30:00,22.158,24.234722
2020-04-13 19:45:00,21.719,24.261555
2020-04-13 20:00:00,21.499,23.739433
2020-04-13 20:15:00,21.0595,23.50155
2020-04-13 20:30:00,21.0595,23.384266
2020-04-13 20:45:00,20.6205,23.157587
2020-04-13 21:00:00,20.6205,23.399078
2020-04-13 21:15:00,20.6205,23.777746
2020-04-13 21:30:00,20.1805,24.322783
2020-04-13 21:45:00,19.961,24.28869
2020-04-13 22:00:00,19.7415,24.68138
2020-04-13 22:15:00,19.7415,24.575354
2020-04-13 22:30:00,19.7415,24.269499
2020-04-13 22:45:00,19.961,24.74901
2020-04-13 23:00:00,19.961,24.974216
2020-04-13 23:15:00,19.961,25.410376
2020-04-13 23:30:00,19.7415,25.998083
2020-04-13 23:45:00,19.3015,25.389502
2020-04-14 00:00:00,19.082,24.464485
2020-04-14 00:15:00,19.082,24.000656
2020-04-14 00:30:00,19.082,20.495485
2020-04-14 00:45:00,19.082,23.184172
2020-04-14 01:00:00,19.082,21.868332
2020-04-14 01:15:00,18.6425,20.661709
2020-04-14 01:30:00,18.6425,20.887812
2020-04-14 01:45:00,18.6425,20.796099
2020-04-14 02:00:00,18.203,20.942495
2020-04-14 02:15:00,18.203,21.049862
2020-04-14 02:30:00,18.203,21.27495
2020-04-14 02:45:00,17.764,20.620945
2020-04-14 03:00:00,17.764,20.525305
2020-04-14 03:15:00,17.764,20.250767
2020-04-14 03:30:00,17.764,20.785332
2020-04-14 03:45:00,17.764,21.1314
2020-04-14 04:00:00,17.764,21.035358
2020-04-14 04:15:00,17.764,20.949987
2020-04-14 04:30:00,17.764,20.282509
2020-04-14 04:45:00,17.764,20.667906
2020-04-14 05:00:00,17.764,20.904566
2020-04-14 05:15:00,17.544,21.973797
2020-04-14 05:30:00,17.1045,23.176794
2020-04-14 05:45:00,16.665,22.562382
2020-04-14 06:00:00,16.4455,22.96723
2020-04-14 06:15:00,16.4455,22.437845
2020-04-14 06:30:00,16.4455,21.686708
2020-04-14 06:45:00,16.4455,21.684444
2020-04-14 07:00:00,16.4455,22.631409
2020-04-14 07:15:00,16.4455,22.537952
2020-04-14 07:30:00,16.4455,22.727335
2020-04-14 07:45:00,16.4455,23.815182
2020-04-14 08:00:00,16.4455,22.817245
2020-04-14 08:15:00,16.4455,23.624626
2020-04-14 08:30:00,16.2255,25.052042
2020-04-14 08:45:00,16.2255,25.011665
2020-04-14 09:00:00,16.2255,25.686052
2020-04-14 09:15:00,16.2255,25.870443
2020-04-14 09:30:00,16.2255,25.81714
2020-04-14 09:45:00,16.2255,25.244825
2020-04-14 10:00:00,16.4455,26.971523
2020-04-14 10:15:00,16.4455,27.029982
2020-04-14 10:30:00,16.665,27.363195
2020-04-14 10:45:00,16.8845,27.636
2020-04-14 11:00:00,16.8845,27.130838
2020-04-14 11:15:00,16.8845,28.281813
2020-04-14 11:30:00,17.1045,28.469456
2020-04-14 11:45:00,17.1045,28.031803
2020-04-14 12:00:00,17.1045,28.195314
2020-04-14 12:15:00,17.1045,27.792248
2020-04-14 12:30:00,17.1045,28.02736
2020-04-14 12:45:00,17.324,28.651234
2020-04-14 13:00:00,17.544,28.641665
2020-04-14 13:15:00,17.544,28.368828
2020-04-14 13:30:00,17.544,28.272964
2020-04-14 13:45:00,17.544,27.355007
2020-04-14 14:00:00,17.7635,26.572077
2020-04-14 14:15:00,17.7635,27.349745
2020-04-14 14:30:00,18.423,28.419523
2020-04-14 14:45:00,19.302,28.313341
2020-04-14 15:00:00,20.181,29.438684
2020-04-14 15:15:00,20.181,28.656809
2020-04-14 15:30:00,20.4005,28.588327
2020-04-14 15:45:00,20.4005,29.585192
2020-04-14 16:00:00,20.181,29.552393
2020-04-14 16:15:00,20.181,30.59151
2020-04-14 16:30:00,19.741,30.49556
2020-04-14 16:45:00,19.302,30.617392
2020-04-14 17:00:00,18.862,30.590952
2020-04-14 17:15:00,18.862,29.573215
2020-04-14 17:30:00,18.862,29.147715
2020-04-14 17:45:00,18.862,27.865698
2020-04-14 18:00:00,18.6425,26.839972
2020-04-14 18:15:00,18.6425,27.13695
2020-04-14 18:30:00,18.6425,26.470602
2020-04-14 18:45:00,18.6425,26.322613
2020-04-14 19:00:00,18.6425,26.954962
2020-04-14 19:15:00,18.8625,27.435467
2020-04-14 19:30:00,18.8625,28.126493
2020-04-14 19:45:00,18.8625,27.933352
2020-04-14 20:00:00,18.8625,26.834465
2020-04-14 20:15:00,18.8625,26.452076
2020-04-14 20:30:00,18.8625,25.798067
2020-04-14 20:45:00,18.8625,24.964323
2020-04-14 21:00:00,18.8625,24.668139
2020-04-14 21:15:00,18.8625,23.891678
2020-04-14 21:30:00,18.8625,23.834394
2020-04-14 21:45:00,18.8625,23.341223
2020-04-14 22:00:00,18.8625,23.792246
2020-04-14 22:15:00,18.6425,23.839262
2020-04-14 22:30:00,18.6425,24.181202
2020-04-14 22:45:00,18.6425,24.345222
2020-04-14 23:00:00,18.4225,25.041922
2020-04-14 23:15:00,18.4225,25.812841
2020-04-14 23:30:00,18.4225,25.254347
2020-04-14 23:45:00,18.4225,24.480267
2020-04-15 00:00:00,18.4225,23.461927
2020-04-15 00:15:00,18.4225,22.418436
2020-04-15 00:30:00,17.9835,20.053183
2020-04-15 00:45:00,17.9835,24.070063
2020-04-15 01:00:00,17.9835,23.229021
2020-04-15 01:15:00,17.9835,23.015755
2020-04-15 01:30:00,17.764,22.528452
2020-04-15 01:45:00,17.764,22.08479
2020-04-15 02:00:00,17.764,21.736034
2020-04-15 02:15:00,17.764,21.455126
2020-04-15 02:30:00,17.544,22.811247
2020-04-15 02:45:00,17.544,22.85324
2020-04-15 03:00:00,17.324,23.145674
2020-04-15 03:15:00,17.324,23.457764
2020-04-15 03:30:00,17.324,23.391672
2020-04-15 03:45:00,17.324,23.322886
2020-04-15 04:00:00,17.1045,23.211725
2020-04-15 04:15:00,16.885,23.18264
2020-04-15 04:30:00,16.665,23.167654
2020-04-15 04:45:00,16.665,22.79985
2020-04-15 05:00:00,16.445,23.228437
2020-04-15 05:15:00,16.2255,23.14701
2020-04-15 05:30:00,16.006,23.197657
2020-04-15 05:45:00,15.7865,22.967493
2020-04-15 06:00:00,15.7865,22.178148
2020-04-15 06:15:00,15.5665,21.713188
2020-04-15 06:30:00,15.5665,21.247557
2020-04-15 06:45:00,15.5665,20.496334
2020-04-15 07:00:00,15.5665,20.463158
2020-04-15 07:15:00,15.7865,20.155869
2020-04-15 07:30:00,16.2255,20.014812
2020-04-15 07:45:00,16.8845,19.939789
2020-04-15 08:00:00,17.544,20.153507
2020-04-15 08:15:00,18.203,20.664915
2020-04-15 08:30:00,18.8625,21.581957
2020-04-15 08:45:00,19.5215,22.133251
2020-04-15 09:00:00,20.4005,22.823544
2020-04-15 09:15:00,21.2795,23.20721
2020-04-15 09:30:00,21.9385,23.60826
2020-04-15 09:45:00,23.2565,23.45107
2020-04-15 10:00:00,24.1355,23.301132
2020-04-15 10:15:00,25.4545,23.238468
2020-04-15 10:30:00,26.333,23.286278
2020-04-15 10:45:00,26.9925,23.35627
2020-04-15 11:00:00,27.8715,23.74698
2020-04-15 11:15:00,28.5305,24.172552
2020-04-15 11:30:00,29.1895,24.33438
2020-04-15 11:45:00,29.8485,24.390148
2020-04-15 12:00:00,30.508,24.442026
2020-04-15 12:15:00,31.167,23.92899
2020-04-15 12:30:00,31.167,23.820312
2020-04-15 12:45:00,31.8265,23.028065
2020-04-15 13:00:00,32.4855,22.982412
2020-04-15 13:15:00,32.705,23.697226
2020-04-15 13:30:00,33.584,24.635447
2020-04-15 13:45:00,34.2435,24.848904
2020-04-15 14:00:00,35.122,25.4334
2020-04-15 14:15:00,35.342,25.508913
2020-04-15 14:30:00,35.5615,25.046038
2020-04-15 14:45:00,36.001,24.61213
2020-04-15 15:00:00,36.001,24.119743
2020-04-15 15:15:00,36.001,23.6688
2020-04-15 15:30:00,35.5615,23.377806
2020-04-15 15:45:00,34.902,23.119734
2020-04-15 16:00:00,34.4625,23.080336
2020-04-15 16:15:00,33.804,22.680632
2020-04-15 16:30:00,33.364,22.512861
2020-04-15 16:45:00,32.705,22.09917
2020-04-15 17:00:00,32.046,21.981588
2020-04-15 17:15:00,31.6065,21.920311
2020-04-15 17:30:00,31.167,22.081232
2020-04-15 17:45:00,30.508,21.890245
2020-04-15 18:00:00,30.068,21.543327
2020-04-15 18:15:00,29.629,21.27821
2020-04-15 18:30:00,29.1895,20.987638
2020-04-15 18:45:00,28.3105,20.64767
2020-04-15 19:00:00,27.871,20.378044
2020-04-15 19:15:00,26.992,21.085598
2020-04-15 19:30:00,26.333,21.155893
2020-04-15 19:45:00,25.4545,21.064247
2020-04-15 20:00:00,25.0145,21.650635
2020-04-15 20:15:00,24.1355,21.28878
2020-04-15 20:30:00,23.6965,21.453812
2020-04-15 20:45:00,23.2565,21.093613
2020-04-15 21:00:00,22.8175,20.894934
2020-04-15 21:15:00,22.378,20.776726
2020-04-15 21:30:00,21.9385,21.177677
2020-04-15 21:45:00,21.499,21.247118
2020-04-15 22:00:00,21.0595,21.226767
2020-04-15 22:15:00,20.6205,21.078201
2020-04-15 22:30:00,20.6205,20.95425
2020-04-15 22:45:00,20.1805,21.011505
2020-04-15 23:00:00,19.7415,21.277779
2020-04-15 23:15:00,19.7415,21.914099
2020-04-15 23:30:00,19.3015,22.263842
2020-04-15 23:45:00,19.082,21.682373
2020-04-16 00:00:00,18.8625,21.365404
2020-04-16 00:15:00,18.4225,20.825768
2020-04-16 00:30:00,18.4225,17.665737
2020-04-16 00:45:00,18.203,20.536993
2020-04-16 01:00:00,17.9835,18.848442
2020-04-16 01:15:00,17.764,17.317432
2020-04-16 01:30:00,17.544,17.02424
2020-04-16 01:45:00,17.324,16.910667
2020-04-16 02:00:00,17.1045,16.558115
2020-04-16 02:15:00,17.1045,17.074291
2020-04-16 02:30:00,16.885,17.089233
2020-04-16 02:45:00,16.665,17.013428
2020-04-16 03:00:00,16.665,17.164896
2020-04-16 03:15:00,16.445,16.999805
2020-04-16 03:30:00,16.2255,17.43794
2020-04-16 03:45:00,16.2255,17.059118
2020-04-16 04:00:00,16.006,17.193073
2020-04-16 04:15:00,15.7865,17.089718
2020-04-16 04:30:00,15.7865,17.154284
2020-04-16 04:45:00,15.7865,17.256784
2020-04-16 05:00:00,15.5665,17.414986
2020-04-16 05:15:00,15.3465,18.364574
2020-04-16 05:30:00,15.3465,19.158443
2020-04-16 05:45:00,15.3465,19.842623
2020-04-16 06:00:00,15.3465,20.625336
2020-04-16 06:15:00,15.3465,20.150883
2020-04-16 06:30:00,15.3465,20.005072
2020-04-16 06:45:00,15.7865,18.985538
2020-04-16 07:00:00,15.7865,18.455257
2020-04-16 07:15:00,16.2255,18.417034
2020-04-16 07:30:00,16.665,18.601408
2020-04-16 07:45:00,17.1045,19.069363
2020-04-16 08:00:00,17.544,19.217022
2020-04-16 08:15:00,17.9835,19.90924
2020-04-16 08:30:00,18.6425,21.011894
2020-04-16 08:45:00,19.3015,21.902407
2020-04-16 09:00:00,19.961,23.29802
2020-04-16 09:15:00,20.6205,24.257145
2020-04-16 09:30:00,21.0595,25.177958
2020-04-16 09:45:00,21.499,25.623953
2020-04-16 10:00:00,22.378,26.185896
2020-04-16 10:15:00,23.037,26.802568
2020-04-16 10:30:00,23.4765,26.912134
2020-04-16 10:45:00,24.1355,26.821905
2020-04-16 11:00:00,24.5755,26.775816
2020-04-16 11:15:00,25.2345,26.871721
2020-04-16 11:30:00,25.8935,26.570765
2020-04-16 11:45:00,26.553,26.112438
2020-04-16 12:00:00,26.7725,25.917463
2020-04-16 12:15:00,26.7725,24.83517
2020-04-16 12:30:00,26.7725,24.403048
2020-04-16 12:45:00,26.9925,23.19316
2020-04-16 13:00:00,27.4315,22.789778
2020-04-16 13:15:00,27.651,23.359394
2020-04-16 13:30:00,27.4315,24.37448
2020-04-16 13:45:00,27.4315,25.34487
2020-04-16 14:00:00,27.4315,26.281942
2020-04-16 14:15:00,27.651,26.593071
2020-04-16 14:30:00,28.091,26.829954
2020-04-16 14:45:00,28.53,26.681034
2020-04-16 15:00:00,29.1895,26.941244
2020-04-16 15:15:00,29.1895,27.108953
2020-04-16 15:30:00,29.629,27.040476
2020-04-16 15:45:00,29.849,26.861551
2020-04-16 16:00:00,29.849,26.372217
2020-04-16 16:15:00,29.8485,25.800287
2020-04-16 16:30:00,29.8485,25.591677
2020-04-16 16:45:00,29.8485,24.73441
2020-04-16 17:00:00,29.4095,24.312586
2020-04-16 17:15:00,29.1895,24.324408
2020-04-16 17:30:00,28.75,24.07166
2020-04-16 17:45:00,28.5305,23.896725
2020-04-16 18:00:00,28.091,24.053846
2020-04-16 18:15:00,27.871,23.712578
2020-04-16 18:30:00,27.4315,23.524776
2020-04-16 18:45:00,26.7725,23.538073
2020-04-16 19:00:00,26.1135,23.704699
2020-04-16 19:15:00,25.4545,24.895353
2020-04-16 19:30:00,24.795,24.991766
2020-04-16 19:45:00,24.1355,24.632666
2020-04-16 20:00:00,23.6965,24.391993
2020-04-16 20:15:00,23.2565,23.29513
2020-04-16 20:30:00,22.8175,23.670622
2020-04-16 20:45:00,22.378,23.925493
2020-04-16 21:00:00,21.9385,24.343338
2020-04-16 21:15:00,21.499,24.032064
2020-04-16 21:30:00,21.0595,24.026396
2020-04-16 21:45:00,20.6205,23.463741
2020-04-16 22:00:00,20.4005,23.390373
2020-04-16 22:15:00,20.1805,23.54096
2020-04-16 22:30:00,20.1805,23.790928
2020-04-16 22:45:00,19.961,23.981401
2020-04-16 23:00:00,19.961,24.594149
2020-04-16 23:15:00,19.961,24.820631
2020-04-16 23:30:00,19.961,24.694324
2020-04-16 23:45:00,19.741,24.251368
2020-04-17 00:00:00,19.5215,23.902515
2020-04-17 00:15:00,19.5215,24.14266
2020-04-17 00:30:00,19.5215,21.232134
2020-04-17 00:45:00,19.5215,23.988972
2020-04-17 01:00:00,19.5215,21.585398
2020-04-17 01:15:00,19.5215,20.09994
2020-04-17 01:30:00,19.3015,20.137243
2020-04-17 01:45:00,18.8625,20.202248
2020-04-17 02:00:00,18.8625,20.297228
2020-04-17 02:15:00,18.6425,19.84237
2020-04-17 02:30:00,18.4225,20.126915
2020-04-17 02:45:00,18.4225,20.361275
2020-04-17 03:00:00,18.203,21.077961
2020-04-17 03:15:00,17.9835,21.990656
2020-04-17 03:30:00,17.9835,22.644592
2020-04-17 03:45:00,17.9835,22.67399
2020-04-17 04:00:00,17.9835,22.508791
2020-04-17 04:15:00,17.7635,22.453821
2020-04-17 04:30:00,17.7635,22.561834
2020-04-17 04:45:00,17.7635,22.902243
2020-04-17 05:00:00,17.7635,22.956915
2020-04-17 05:15:00,17.7635,22.953972
2020-04-17 05:30:00,17.544,23.009233
2020-04-17 05:45:00,17.544,22.677347
2020-04-17 06:00:00,17.544,23.219913
2020-04-17 06:15:00,17.544,23.470901
2020-04-17 06:30:00,17.544,23.458939
2020-04-17 06:45:00,17.544,23.54939
2020-04-17 07:00:00,17.544,23.35938
2020-04-17 07:15:00,17.7635,23.639252
2020-04-17 07:30:00,18.203,23.86707
2020-04-17 07:45:00,18.862,23.380856
2020-04-17 08:00:00,19.302,23.386765
2020-04-17 08:15:00,19.741,23.215464
2020-04-17 08:30:00,20.4005,24.199305
2020-04-17 08:45:00,21.0595,25.32913
2020-04-17 09:00:00,21.9385,26.683626
2020-04-17 09:15:00,22.3775,27.796711
2020-04-17 09:30:00,23.2565,28.240072
2020-04-17 09:45:00,24.1355,28.592196
2020-04-17 10:00:00,25.0145,28.219229
2020-04-17 10:15:00,26.1135,28.29991
2020-04-17 10:30:00,26.9925,28.519846
2020-04-17 10:45:00,27.871,27.788332
2020-04-17 11:00:00,28.9695,28.744663
2020-04-17 11:15:00,29.629,28.950998
2020-04-17 11:30:00,30.0685,29.250587
2020-04-17 11:45:00,30.947,29.491125
2020-04-17 12:00:00,31.387,29.253422
2020-04-17 12:15:00,32.046,29.588404
2020-04-17 12:30:00,32.046,29.417463
2020-04-17 12:45:00,33.1445,28.854715
2020-04-17 13:00:00,33.364,29.197847
2020-04-17 13:15:00,34.2435,28.75706
2020-04-17 13:30:00,35.122,29.262072
2020-04-17 13:45:00,35.7815,29.430433
2020-04-17 14:00:00,36.4405,29.661205
2020-04-17 14:15:00,37.0995,29.221666
2020-04-17 14:30:00,37.319,28.872988
2020-04-17 14:45:00,37.539,27.956488
2020-04-17 15:00:00,37.759,27.305977
2020-04-17 15:15:00,37.759,27.547905
2020-04-17 15:30:00,37.539,27.636255
2020-04-17 15:45:00,36.8795,27.982134
2020-04-17 16:00:00,36.2205,28.347967
2020-04-17 16:15:00,35.7815,28.268648
2020-04-17 16:30:00,35.3415,28.187553
2020-04-17 16:45:00,34.9025,27.289095
2020-04-17 17:00:00,34.463,26.558035
2020-04-17 17:15:00,34.0235,25.974384
2020-04-17 17:30:00,33.584,25.685457
2020-04-17 17:45:00,32.9245,25.373245
2020-04-17 18:00:00,32.2655,25.569202
2020-04-17 18:15:00,31.826,25.577835
2020-04-17 18:30:00,31.167,25.507982
2020-04-17 18:45:00,30.5075,25.43802
2020-04-17 19:00:00,30.0685,25.465479
2020-04-17 19:15:00,29.629,25.616499
2020-04-17 19:30:00,29.1895,25.725458
2020-04-17 19:45:00,28.5305,25.163042
2020-04-17 20:00:00,28.0905,24.852251
2020-04-17 20:15:00,27.6515,24.536634
2020-04-17 20:30:00,27.212,24.41823
2020-04-17 20:45:00,26.7725,24.295588
2020-04-17 21:00:00,26.333,24.517342
2020-04-17 21:15:00,25.8935,24.806313
2020-04-17 21:30:00,25.674,25.113142
2020-04-17 21:45:00,25.4545,25.057207
2020-04-17 22:00:00,25.2345,24.425522
2020-04-17 22:15:00,25.2345,23.631052
2020-04-17 22:30:00,25.0145,23.473637
2020-04-17 22:45:00,24.795,23.529667
2020-04-17 23:00:00,24.795,24.130552
2020-04-17 23:15:00,24.795,24.469759
2020-04-17 23:30:00,24.5755,24.415972
2020-04-17 23:45:00,24.5755,24.275503
2020-04-18 00:00:00,24.3555,24.43716
2020-04-18 00:15:00,24.3555,24.630295
2020-04-18 00:30:00,24.1355,21.937511
2020-04-18 00:45:00,23.916,25.068354
2020-04-18 01:00:00,23.916,23.37499
2020-04-18 01:15:00,23.6965,22.605637
2020-04-18 01:30:00,23.6965,22.288698
2020-04-18 01:45:00,23.4765,22.198036
2020-04-18 02:00:00,23.4765,22.2391
2020-04-18 02:15:00,23.2565,21.951992
2020-04-18 02:30:00,23.2565,22.796026
2020-04-18 02:45:00,23.2565,22.423464
2020-04-18 03:00:00,23.037,22.510296
2020-04-18 03:15:00,22.8175,22.46278
2020-04-18 03:30:00,22.8175,22.3891
2020-04-18 03:45:00,22.378,22.568487
2020-04-18 04:00:00,22.378,22.542688
2020-04-18 04:15:00,21.9385,22.667732
2020-04-18 04:30:00,21.9385,22.900942
2020-04-18 04:45:00,21.9385,22.564323
2020-04-18 05:00:00,21.499,22.921682
2020-04-18 05:15:00,21.499,22.927885
2020-04-18 05:30:00,21.499,23.058304
2020-04-18 05:45:00,21.279,22.923388
2020-04-18 06:00:00,21.0595,23.103157
2020-04-18 06:15:00,21.0595,23.328463
2020-04-18 06:30:00,21.0595,23.785294
2020-04-18 06:45:00,21.0595,23.705515
2020-04-18 07:00:00,21.2795,23.629251
2020-04-18 07:15:00,21.7185,23.601034
2020-04-18 07:30:00,22.1585,23.306795
2020-04-18 07:45:00,22.378,23.261164
2020-04-18 08:00:00,22.817,23.962496
2020-04-18 08:15:00,23.4765,25.531925
2020-04-18 08:30:00,24.3555,26.19734
2020-04-18 08:45:00,24.795,26.858583
2020-04-18 09:00:00,25.4545,27.058928
2020-04-18 09:15:00,26.1135,26.283236
2020-04-18 09:30:00,26.992,27.090265
2020-04-18 09:45:00,27.871,27.3416
2020-04-18 10:00:00,28.9695,27.62506
2020-04-18 10:15:00,29.849,27.660519
2020-04-18 10:30:00,30.7275,27.123632
2020-04-18 10:45:00,32.046,26.799898
2020-04-18 11:00:00,32.705,26.730299
2020-04-18 11:15:00,33.1445,26.664059
2020-04-18 11:30:00,33.804,27.650185
2020-04-18 11:45:00,34.0235,27.93954
2020-04-18 12:00:00,34.463,29.114431
2020-04-18 12:15:00,34.902,29.221321
2020-04-18 12:30:00,34.9025,29.20159
2020-04-18 12:45:00,35.5615,29.071512
2020-04-18 13:00:00,36.2205,28.67771
2020-04-18 13:15:00,36.44,28.74322
2020-04-18 13:30:00,37.3195,28.509989
2020-04-18 13:45:00,37.7585,28.319143
2020-04-18 14:00:00,38.418,28.384127
2020-04-18 14:15:00,38.8575,28.809118
2020-04-18 14:30:00,39.297,29.227278
2020-04-18 14:45:00,39.297,28.856007
2020-04-18 15:00:00,39.517,29.028654
2020-04-18 15:15:00,39.517,28.952387
2020-04-18 15:30:00,39.517,29.032766
2020-04-18 15:45:00,39.0775,28.743202
2020-04-18 16:00:00,38.8575,28.431879
2020-04-18 16:15:00,38.198,28.447845
2020-04-18 16:30:00,37.759,28.486794
2020-04-18 16:45:00,37.539,28.004631
2020-04-18 17:00:00,37.319,27.638716
2020-04-18 17:15:00,36.88,27.529633
2020-04-18 17:30:00,36.44,27.38054
2020-04-18 17:45:00,36.001,26.89903
2020-04-18 18:00:00,35.5615,26.765944
2020-04-18 18:15:00,35.122,26.293207
2020-04-18 18:30:00,34.9025,26.061234
2020-04-18 18:45:00,34.2435,26.220716
2020-04-18 19:00:00,33.584,26.681211
2020-04-18 19:15:00,32.9245,26.889206
2020-04-18 19:30:00,32.4855,26.90074
2020-04-18 19:45:00,31.826,26.516037
2020-04-18 20:00:00,31.3865,26.228586
2020-04-18 20:15:00,30.7275,26.450052
2020-04-18 20:30:00,30.288,26.645872
2020-04-18 20:45:00,29.8485,26.603682
2020-04-18 21:00:00,29.4095,26.777533
2020-04-18 21:15:00,29.1895,26.849802
2020-04-18 21:30:00,28.75,26.988068
2020-04-18 21:45:00,28.75,26.91143
2020-04-18 22:00:00,28.5305,26.87028
2020-04-18 22:15:00,28.3105,26.782629
2020-04-18 22:30:00,28.3105,26.939646
2020-04-18 22:45:00,28.3105,27.095022
2020-04-18 23:00:00,28.3105,27.588694
2020-04-18 23:15:00,27.871,27.762117
2020-04-18 23:30:00,27.871,27.232195
2020-04-18 23:45:00,27.871,26.39519
2020-04-19 00:00:00,27.871,26.163557
2020-04-19 00:15:00,27.871,25.358763
2020-04-19 00:30:00,27.6515,22.335768
2020-04-19 00:45:00,27.4315,25.396156
2020-04-19 01:00:00,27.4315,23.187643
2020-04-19 01:15:00,27.4315,21.73425
2020-04-19 01:30:00,26.9925,21.840948
2020-04-19 01:45:00,26.7725,22.072792
2020-04-19 02:00:00,26.5525,22.235262
2020-04-19 02:15:00,26.5525,22.92064
2020-04-19 02:30:00,26.333,23.123167
2020-04-19 02:45:00,25.8935,22.7141
2020-04-19 03:00:00,25.4545,22.805264
2020-04-19 03:15:00,25.0145,22.80955
2020-04-19 03:30:00,25.0145,23.281944
2020-04-19 03:45:00,24.5755,23.080175
2020-04-19 04:00:00,24.5755,23.185194
2020-04-19 04:15:00,24.1355,23.449549
2020-04-19 04:30:00,24.1355,23.505358
2020-04-19 04:45:00,23.6965,23.65448
2020-04-19 05:00:00,23.6965,23.704874
2020-04-19 05:15:00,23.2565,23.818705
2020-04-19 05:30:00,23.2565,23.971613
2020-04-19 05:45:00,23.2565,23.689161
2020-04-19 06:00:00,22.8175,23.673265
2020-04-19 06:15:00,22.8175,23.819216
2020-04-19 06:30:00,22.8175,24.158957
2020-04-19 06:45:00,23.037,24.075912
2020-04-19 07:00:00,23.2565,24.658598
2020-04-19 07:15:00,23.916,24.60399
2020-04-19 07:30:00,24.3555,24.453033
2020-04-19 07:45:00,24.795,24.41761
2020-04-19 08:00:00,25.454,24.179234
2020-04-19 08:15:00,25.894,23.915533
2020-04-19 08:30:00,26.553,24.166517
2020-04-19 08:45:00,27.2115,24.223635
2020-04-19 09:00:00,28.0905,25.313131
2020-04-19 09:15:00,28.9695,26.49335
2020-04-19 09:30:00,29.629,27.642164
2020-04-19 09:45:00,30.7275,28.437037
2020-04-19 10:00:00,31.826,28.590727
2020-04-19 10:15:00,32.925,28.711369
2020-04-19 10:30:00,34.0235,29.025438
2020-04-19 10:45:00,35.3415,28.229723
2020-04-19 11:00:00,36.4405,28.842348
2020-04-19 11:15:00,36.88,29.079954
2020-04-19 11:30:00,37.539,28.382246
2020-04-19 11:45:00,38.1985,28.592604
2020-04-19 12:00:00,38.6375,27.556395
2020-04-19 12:15:00,39.077,26.513443
2020-04-19 12:30:00,39.077,26.598562
2020-04-19 12:45:00,39.7365,26.92165
2020-04-19 13:00:00,40.1755,27.868027
2020-04-19 13:15:00,40.8345,28.399706
2020-04-19 13:30:00,41.7135,28.866987
2020-04-19 13:45:00,42.373,28.710222
2020-04-19 14:00:00,42.8125,28.989563
2020-04-19 14:15:00,43.252,29.290659
2020-04-19 14:30:00,43.472,29.534147
2020-04-19 14:45:00,43.6915,29.523327
2020-04-19 15:00:00,43.911,29.400703
2020-04-19 15:15:00,43.911,29.187075
2020-04-19 15:30:00,43.472,29.130451
2020-04-19 15:45:00,42.8125,28.692575
2020-04-19 16:00:00,42.373,28.455606
2020-04-19 16:15:00,41.9335,27.929392
2020-04-19 16:30:00,41.494,28.216537
2020-04-19 16:45:00,41.274,27.536276
2020-04-19 17:00:00,40.835,27.265894
2020-04-19 17:15:00,40.3955,27.646519
2020-04-19 17:30:00,39.956,26.869509
2020-04-19 17:45:00,39.7365,26.068624
2020-04-19 18:00:00,39.297,25.663774
2020-04-19 18:15:00,38.8575,25.146753
2020-04-19 18:30:00,38.418,24.48437
2020-04-19 18:45:00,37.7585,24.65691
2020-04-19 19:00:00,37.0995,25.169357
2020-04-19 19:15:00,36.66,25.202837
2020-04-19 19:30:00,36.2205,25.393911
2020-04-19 19:45:00,35.7815,25.19792
2020-04-19 20:00:00,35.3415,24.776638
2020-04-19 20:15:00,34.9025,24.809057
2020-04-19 20:30:00,34.6825,25.056803
2020-04-19 20:45:00,34.2435,25.017271
2020-04-19 21:00:00,33.8035,25.20051
2020-04-19 21:15:00,33.3645,25.369343
2020-04-19 21:30:00,33.3645,25.675861
2020-04-19 21:45:00,33.3645,25.43645
2020-04-19 22:00:00,32.9245,25.629879
2020-04-19 22:15:00,32.9245,25.764326
2020-04-19 22:30:00,32.4855,26.057268
2020-04-19 22:45:00,32.4855,26.40613
2020-04-19 23:00:00,32.2655,26.910477
2020-04-19 23:15:00,32.2655,27.156565
2020-04-19 23:30:00,31.826,27.24225
2020-04-19 23:45:00,31.826,26.768194
2020-04-20 00:00:00,31.3865,26.558208
2020-04-20 00:15:00,31.3865,26.241735
2020-04-20 00:30:00,30.9475,22.690222
2020-04-20 00:45:00,30.7275,25.226702
2020-04-20 01:00:00,30.7275,22.851763
2020-04-20 01:15:00,30.5075,21.296808
2020-04-20 01:30:00,30.288,21.745668
2020-04-20 01:45:00,30.288,21.87831
2020-04-20 02:00:00,30.0685,21.952873
2020-04-20 02:15:00,29.849,21.973265
2020-04-20 02:30:00,29.849,21.772833
2020-04-20 02:45:00,29.849,21.85921
2020-04-20 03:00:00,29.629,22.358671
2020-04-20 03:15:00,29.629,22.319998
2020-04-20 03:30:00,29.1895,22.484999
2020-04-20 03:45:00,29.1895,22.470226
2020-04-20 04:00:00,28.9695,22.637697
2020-04-20 04:15:00,28.75,23.197824
2020-04-20 04:30:00,28.75,23.524088
2020-04-20 04:45:00,28.3105,23.514868
2020-04-20 05:00:00,28.3105,23.202497
2020-04-20 05:15:00,27.871,23.399649
2020-04-20 05:30:00,27.871,23.736818
2020-04-20 05:45:00,27.6515,23.636312
2020-04-20 06:00:00,27.212,24.16836
2020-04-20 06:15:00,27.212,23.943884
2020-04-20 06:30:00,27.212,24.224585
2020-04-20 06:45:00,27.212,24.438784
2020-04-20 07:00:00,27.212,24.651583
2020-04-20 07:15:00,27.6515,25.235138
2020-04-20 07:30:00,28.0905,25.433107
2020-04-20 07:45:00,28.75,25.335144
2020-04-20 08:00:00,29.1895,24.731068
2020-04-20 08:15:00,29.629,24.703077
2020-04-20 08:30:00,30.0685,25.574171
2020-04-20 08:45:00,30.7275,25.746479
2020-04-20 09:00:00,31.1665,27.366667
2020-04-20 09:15:00,31.6065,28.177237
2020-04-20 09:30:00,32.2655,28.548306
2020-04-20 09:45:00,32.9245,29.061935
2020-04-20 10:00:00,33.8035,29.18103
2020-04-20 10:15:00,34.683,29.463999
2020-04-20 10:30:00,35.5615,29.092047
2020-04-20 10:45:00,36.001,28.338495
2020-04-20 11:00:00,36.88,27.932299
2020-04-20 11:15:00,37.539,26.887087
2020-04-20 11:30:00,37.9785,27.607096
2020-04-20 11:45:00,38.198,27.846704
2020-04-20 12:00:00,38.418,28.051823
2020-04-20 12:15:00,38.638,28.18112
2020-04-20 12:30:00,38.6375,28.791822
2020-04-20 12:45:00,38.8575,28.63606
2020-04-20 13:00:00,39.517,29.319778
2020-04-20 13:15:00,39.517,30.090609
2020-04-20 13:30:00,40.3955,29.703463
2020-04-20 13:45:00,41.0545,30.047552
2020-04-20 14:00:00,41.9335,30.212866
2020-04-20 14:15:00,42.373,30.211805
2020-04-20 14:30:00,42.1535,30.341032
2020-04-20 14:45:00,41.9335,30.351347
2020-04-20 15:00:00,41.494,30.3842
2020-04-20 15:15:00,41.2745,30.698568
2020-04-20 15:30:00,41.494,30.736359
2020-04-20 15:45:00,41.714,30.579885
2020-04-20 16:00:00,41.9335,30.769398
2020-04-20 16:15:00,41.9335,30.565985
2020-04-20 16:30:00,41.9335,30.716967
2020-04-20 16:45:00,41.9335,30.167606
2020-04-20 17:00:00,41.494,29.331688
2020-04-20 17:15:00,41.494,29.351965
2020-04-20 17:30:00,41.0545,29.075783
2020-04-20 17:45:00,40.3955,28.931684
2020-04-20 18:00:00,39.956,29.333239
2020-04-20 18:15:00,39.517,29.061165
2020-04-20 18:30:00,39.297,29.139894
2020-04-20 18:45:00,38.6375,29.010565
2020-04-20 19:00:00,38.418,28.982141
2020-04-20 19:15:00,37.9785,29.546835
2020-04-20 19:30:00,37.539,29.562225
2020-04-20 19:45:00,37.3195,28.994795
2020-04-20 20:00:00,36.8795,29.01785
2020-04-20 20:15:00,36.66,28.726032
2020-04-20 20:30:00,36.4405,28.346457
2020-04-20 20:45:00,36.001,27.861044
2020-04-20 21:00:00,35.7815,27.932392
2020-04-20 21:15:00,35.3415,27.691244
2020-04-20 21:30:00,35.3415,27.890776
2020-04-20 21:45:00,34.9025,28.353268
2020-04-20 22:00:00,34.683,28.72292
2020-04-20 22:15:00,34.243,28.993242
2020-04-20 22:30:00,34.243,28.88589
2020-04-20 22:45:00,33.804,28.830935
2020-04-20 23:00:00,33.804,28.637676
2020-04-20 23:15:00,33.584,28.455858
2020-04-20 23:30:00,33.364,28.39683
2020-04-20 23:45:00,33.1445,27.785933
2020-04-21 00:00:00,32.925,28.038221
2020-04-21 00:15:00,32.925,28.091537
2020-04-21 00:30:00,32.925,24.870554
2020-04-21 00:45:00,32.705,27.497284
2020-04-21 01:00:00,32.485,24.819803
2020-04-21 01:15:00,32.485,23.257544
2020-04-21 01:30:00,32.485,23.494518
2020-04-21 01:45:00,32.2655,23.929993
2020-04-21 02:00:00,32.2655,23.950863
2020-04-21 02:15:00,32.2655,23.744802
2020-04-21 02:30:00,32.046,24.093882
2020-04-21 02:45:00,31.826,23.384861
2020-04-21 03:00:00,31.606,23.300005
2020-04-21 03:15:00,31.606,22.946722
2020-04-21 03:30:00,31.606,23.040266
2020-04-21 03:45:00,31.606,23.033579
2020-04-21 04:00:00,31.167,23.441944
2020-04-21 04:15:00,31.167,23.400568
2020-04-21 04:30:00,31.167,22.701395
2020-04-21 04:45:00,30.7275,22.871378
2020-04-21 05:00:00,30.508,23.11845
2020-04-21 05:15:00,30.288,23.615484
2020-04-21 05:30:00,30.288,24.39093
2020-04-21 05:45:00,30.288,24.349808
2020-04-21 06:00:00,29.849,24.705711
2020-04-21 06:15:00,29.849,25.069265
2020-04-21 06:30:00,29.849,25.72608
2020-04-21 06:45:00,29.849,25.942366
2020-04-21 07:00:00,29.849,26.042196
2020-04-21 07:15:00,29.849,26.25445
2020-04-21 07:30:00,29.849,26.412802
2020-04-21 07:45:00,30.288,26.11654
2020-04-21 08:00:00,30.288,25.53782
2020-04-21 08:15:00,30.5075,24.734713
2020-04-21 08:30:00,30.7275,24.822147
2020-04-21 08:45:00,30.7275,25.618547
2020-04-21 09:00:00,30.9475,27.128502
2020-04-21 09:15:00,31.167,28.784454
2020-04-21 09:30:00,31.3865,29.725851
2020-04-21 09:45:00,31.606,29.616117
2020-04-21 10:00:00,31.826,29.278769
2020-04-21 10:15:00,31.826,28.274412
2020-04-21 10:30:00,32.2655,27.54592
2020-04-21 10:45:00,32.925,26.822561
2020-04-21 11:00:00,33.364,26.859755
2020-04-21 11:15:00,33.364,28.326006
2020-04-21 11:30:00,33.364,28.86089
2020-04-21 11:45:00,33.364,29.202894
2020-04-21 12:00:00,33.364,29.2222
2020-04-21 12:15:00,33.364,28.16458
2020-04-21 12:30:00,33.364,28.291075
2020-04-21 12:45:00,33.804,28.062885
2020-04-21 13:00:00,34.463,29.454777
2020-04-21 13:15:00,35.5615,29.303265
2020-04-21 13:30:00,36.4405,29.491564
2020-04-21 13:45:00,36.4405,29.337183
2020-04-21 14:00:00,36.2205,28.548386
2020-04-21 14:15:00,35.781,29.034914
2020-04-21 14:30:00,35.122,29.664145
2020-04-21 14:45:00,34.683,30.250319
2020-04-21 15:00:00,34.243,30.779928
2020-04-21 15:15:00,34.0235,31.034262
2020-04-21 15:30:00,33.804,31.284346
2020-04-21 15:45:00,33.584,31.03428
2020-04-21 16:00:00,33.364,30.98757
2020-04-21 16:15:00,33.364,31.279745
2020-04-21 16:30:00,32.925,31.278103
2020-04-21 16:45:00,32.925,31.062443
2020-04-21 17:00:00,32.925,30.884539
2020-04-21 17:15:00,32.925,30.624126
2020-04-21 17:30:00,32.2655,30.56551
2020-04-21 17:45:00,31.167,30.09765
2020-04-21 18:00:00,30.9475,29.826994
2020-04-21 18:15:00,30.7275,29.396648
2020-04-21 18:30:00,30.5075,29.071783
2020-04-21 18:45:00,30.5075,28.686104
2020-04-21 19:00:00,30.5075,28.866476
2020-04-21 19:15:00,30.5075,29.232233
2020-04-21 19:30:00,30.7275,28.838621
2020-04-21 19:45:00,30.7275,28.066736
2020-04-21 20:00:00,30.7275,27.99051
2020-04-21 20:15:00,30.7275,27.893936
2020-04-21 20:30:00,30.9475,28.470013
2020-04-21 20:45:00,30.9475,28.661001
2020-04-21 21:00:00,30.9475,28.702215
2020-04-21 21:15:00,30.9475,28.713873
2020-04-21 21:30:00,30.9475,28.907125
2020-04-21 21:45:00,30.9475,29.060328
2020-04-21 22:00:00,30.9475,29.11308
2020-04-21 22:15:00,30.7275,29.201242
2020-04-21 22:30:00,30.7275,29.696417
2020-04-21 22:45:00,30.7275,29.534399
2020-04-21 23:00:00,30.7275,29.723276
2020-04-21 23:15:00,30.7275,29.574614
2020-04-21 23:30:00,30.7275,28.935678
2020-04-21 23:45:00,30.7275,28.16704
2020-04-22 00:00:00,30.288,28.163836
2020-04-22 00:15:00,29.849,28.033316
2020-04-22 00:30:00,29.629,25.116758
2020-04-22 00:45:00,29.629,28.105017
2020-04-22 01:00:00,29.629,25.66567
2020-04-22 01:15:00,29.629,24.51755
2020-04-22 01:30:00,29.849,24.780098
2020-04-22 01:45:00,29.849,25.33905
2020-04-22 02:00:00,29.849,25.580229
2020-04-22 02:15:00,29.849,25.722563
2020-04-22 02:30:00,29.849,25.96675
2020-04-22 02:45:00,29.849,25.373457
2020-04-22 03:00:00,30.0685,25.893805
2020-04-22 03:15:00,30.0685,25.727732
2020-04-22 03:30:00,30.0685,25.777277
2020-04-22 03:45:00,30.0685,25.617315
2020-04-22 04:00:00,30.0685,25.542625
2020-04-22 04:15:00,30.0685,25.844767
2020-04-22 04:30:00,29.629,25.76125
2020-04-22 04:45:00,29.629,25.62073
2020-04-22 05:00:00,28.0905,25.724236
2020-04-22 05:15:00,27.212,25.627287
2020-04-22 05:30:00,27.212,26.131874
2020-04-22 05:45:00,26.7725,26.12477
2020-04-22 06:00:00,26.553,26.572123
2020-04-22 06:15:00,26.333,27.047314
2020-04-22 06:30:00,26.333,27.354097
2020-04-22 06:45:00,26.333,27.529833
2020-04-22 07:00:00,26.113,27.895372
2020-04-22 07:15:00,26.113,28.18859
2020-04-22 07:30:00,25.8935,28.360136
2020-04-22 07:45:00,25.8935,28.24888
2020-04-22 08:00:00,26.1135,27.950497
2020-04-22 08:15:00,26.333,27.536295
2020-04-22 08:30:00,26.5525,27.50212
2020-04-22 08:45:00,26.7725,27.413095
2020-04-22 09:00:00,27.212,27.512014
2020-04-22 09:15:00,27.651,28.22458
2020-04-22 09:30:00,28.091,28.931347
2020-04-22 09:45:00,28.3105,29.297274
2020-04-22 10:00:00,28.53,29.572899
2020-04-22 10:15:00,28.97,29.37673
2020-04-22 10:30:00,29.409,29.231241
2020-04-22 10:45:00,29.849,28.966562
2020-04-22 11:00:00,30.508,29.042393
2020-04-22 11:15:00,31.167,29.326212
2020-04-22 11:30:00,32.046,29.719572
2020-04-22 11:45:00,32.485,29.524744
2020-04-22 12:00:00,33.1445,29.811968
2020-04-22 12:15:00,33.584,30.134321
2020-04-22 12:30:00,33.8035,30.382627
2020-04-22 12:45:00,33.8035,30.647013
2020-04-22 13:00:00,33.8035,30.956804
2020-04-22 13:15:00,34.0235,31.084543
2020-04-22 13:30:00,34.2435,31.177813
2020-04-22 13:45:00,34.2435,30.768576
2020-04-22 14:00:00,34.2435,30.877024
2020-04-22 14:15:00,34.463,30.820608
2020-04-22 14:30:00,34.9025,31.355265
2020-04-22 14:45:00,35.122,31.367891
2020-04-22 15:00:00,35.5615,31.382837
2020-04-22 15:15:00,36.001,31.340197
2020-04-22 15:30:00,36.2205,31.221853
2020-04-22 15:45:00,36.4405,31.020683
2020-04-22 16:00:00,36.4405,30.996061
2020-04-22 16:15:00,36.4405,31.205671
2020-04-22 16:30:00,36.4405,30.8607
2020-04-22 16:45:00,36.4405,30.153978
2020-04-22 17:00:00,36.4405,29.985554
2020-04-22 17:15:00,36.221,29.72858
2020-04-22 17:30:00,36.001,29.283033
2020-04-22 17:45:00,35.7815,28.817682
2020-04-22 18:00:00,35.5615,28.76842
2020-04-22 18:15:00,35.3415,28.37304
2020-04-22 18:30:00,35.122,28.752794
2020-04-22 18:45:00,34.6825,28.922218
2020-04-22 19:00:00,34.463,29.017748
2020-04-22 19:15:00,34.2435,29.345171
2020-04-22 19:30:00,33.8035,28.964483
2020-04-22 19:45:00,33.8035,28.303001
2020-04-22 20:00:00,33.3645,27.773512
2020-04-22 20:15:00,33.3645,27.517183
2020-04-22 20:30:00,33.3645,27.415844
2020-04-22 20:45:00,32.9245,27.141945
2020-04-22 21:00:00,32.9245,27.32419
2020-04-22 21:15:00,32.9245,27.5053
2020-04-22 21:30:00,32.705,27.988264
2020-04-22 21:45:00,32.4855,27.921488
2020-04-22 22:00:00,32.4855,27.4818
2020-04-22 22:15:00,32.0455,26.905996
2020-04-22 22:30:00,32.0455,26.70632
2020-04-22 22:45:00,31.826,26.938482
2020-04-22 23:00:00,31.6065,27.698076
2020-04-22 23:15:00,31.6065,28.353052
2020-04-22 23:30:00,31.6065,28.713182
2020-04-22 23:45:00,31.6065,28.17963
2020-04-23 00:00:00,31.167,28.009111
2020-04-23 00:15:00,31.167,27.789062
2020-04-23 00:30:00,30.9475,24.80636
2020-04-23 00:45:00,30.7275,27.763872
2020-04-23 01:00:00,30.5075,25.538559
2020-04-23 01:15:00,30.288,24.136765
2020-04-23 01:30:00,29.8485,24.124105
2020-04-23 01:45:00,29.629,24.446554
2020-04-23 02:00:00,29.4095,24.677298
2020-04-23 02:15:00,29.1895,24.715899
2020-04-23 02:30:00,29.1895,24.604874
2020-04-23 02:45:00,28.75,24.09646
2020-04-23 03:00:00,28.75,24.135498
2020-04-23 03:15:00,28.5305,24.260254
2020-04-23 03:30:00,28.5305,24.455301
2020-04-23 03:45:00,28.5305,24.398771
2020-04-23 04:00:00,28.0905,24.498652
2020-04-23 04:15:00,28.0905,24.980919
2020-04-23 04:30:00,28.0905,25.365389
2020-04-23 04:45:00,27.871,25.36283
2020-04-23 05:00:00,27.6515,25.887512
2020-04-23 05:15:00,27.6515,25.727125
2020-04-23 05:30:00,27.4315,26.080973
2020-04-23 05:45:00,27.4315,26.256458
2020-04-23 06:00:00,27.212,26.146597
2020-04-23 06:15:00,26.9925,26.283249
2020-04-23 06:30:00,26.9925,26.649004
2020-04-23 06:45:00,26.9925,26.378113
2020-04-23 07:00:00,26.9925,26.568468
2020-04-23 07:15:00,26.5525,26.208345
2020-04-23 07:30:00,26.5525,26.04625
2020-04-23 07:45:00,26.1135,25.572176
2020-04-23 08:00:00,25.2345,25.301043
2020-04-23 08:15:00,25.0145,25.290709
2020-04-23 08:30:00,24.3555,25.179138
2020-04-23 08:45:00,24.3555,25.32308
2020-04-23 09:00:00,23.916,25.572176
2020-04-23 09:15:00,23.4765,28.567709
2020-04-23 09:30:00,23.257,29.843132
2020-04-23 09:45:00,22.8175,29.579643
2020-04-23 10:00:00,22.8175,30.417221
2020-04-23 10:15:00,22.378,28.66162
2020-04-23 10:30:00,22.378,28.474562
2020-04-23 10:45:00,22.378,28.926836
2020-04-23 11:00:00,21.9385,28.65182
2020-04-23 11:15:00,21.719,28.028633
2020-04-23 11:30:00,21.499,28.668417
2020-04-23 11:45:00,21.499,28.276224
2020-04-23 12:00:00,21.0595,28.753866
2020-04-23 12:15:00,21.0595,30.221504
2020-04-23 12:30:00,20.84,30.518658
2020-04-23 12:45:00,20.6205,30.777052
2020-04-23 13:00:00,20.6205,30.236578
2020-04-23 13:15:00,20.6205,29.835531
2020-04-23 13:30:00,20.6205,29.126589
2020-04-23 13:45:00,20.6205,29.055967
2020-04-23 14:00:00,20.6205,29.130182
2020-04-23 14:15:00,20.6205,29.047163
2020-04-23 14:30:00,20.6205,29.309887
2020-04-23 14:45:00,20.6205,29.422482
2020-04-23 15:00:00,20.6205,29.824018
2020-04-23 15:15:00,20.6205,29.824228
2020-04-23 15:30:00,20.6205,29.653234
2020-04-23 15:45:00,20.6205,29.413116
2020-04-23 16:00:00,20.6205,28.502079
2020-04-23 16:15:00,20.6205,27.991758
2020-04-23 16:30:00,20.6205,27.853842
2020-04-23 16:45:00,21.0595,27.182308
2020-04-23 17:00:00,21.0595,28.967327
2020-04-23 17:15:00,21.0595,29.04148
2020-04-23 17:30:00,21.2795,29.10244
2020-04-23 17:45:00,21.2795,28.632467
2020-04-23 18:00:00,21.2795,27.616022
2020-04-23 18:15:00,21.499,27.19168
2020-04-23 18:30:00,21.499,26.729149
2020-04-23 18:45:00,21.499,26.501839
2020-04-23 19:00:00,21.499,26.419456
2020-04-23 19:15:00,21.7185,26.625765
2020-04-23 19:30:00,21.7185,26.072428
2020-04-23 19:45:00,21.2795,24.844667
2020-04-23 20:00:00,21.0595,24.371553
2020-04-23 20:15:00,21.0595,23.653875
2020-04-23 20:30:00,21.0595,23.91999
2020-04-23 20:45:00,21.0595,24.269424
2020-04-23 21:00:00,21.0595,24.850859
2020-04-23 21:15:00,21.0595,25.26934
2020-04-23 21:30:00,21.0595,25.7951
2020-04-23 21:45:00,21.0595,26.190218
2020-04-23 22:00:00,21.2795,26.033764
2020-04-23 22:15:00,21.2795,26.263834
2020-04-23 22:30:00,21.2795,26.451448
2020-04-23 22:45:00,21.2795,26.084764
2020-04-23 23:00:00,21.499,25.997206
2020-04-23 23:15:00,21.7185,26.454443
2020-04-23 23:30:00,21.7185,26.422817
2020-04-23 23:45:00,21.9385,26.20225
2020-04-24 00:00:00,21.9385,26.176613
2020-04-24 00:15:00,21.9385,25.787722
2020-04-24 00:30:00,21.9385,22.769026
2020-04-24 00:45:00,21.9385,25.873096
2020-04-24 01:00:00,21.9385,24.037169
2020-04-24 01:15:00,21.9385,22.17528
2020-04-24 01:30:00,21.9385,22.664686
2020-04-24 01:45:00,21.9385,22.199759
2020-04-24 02:00:00,22.158,21.789255
2020-04-24 02:15:00,22.158,21.369549
2020-04-24 02:30:00,22.158,20.818247
2020-04-24 02:45:00,21.719,21.080982
2020-04-24 03:00:00,21.719,21.90869
2020-04-24 03:15:00,21.719,22.119104
2020-04-24 03:30:00,21.719,22.571684
2020-04-24 03:45:00,21.719,22.477251
2020-04-24 04:00:00,21.719,22.333843
2020-04-24 04:15:00,21.9385,22.68051
2020-04-24 04:30:00,21.9385,23.070227
2020-04-24 04:45:00,21.9385,22.792564
2020-04-24 05:00:00,21.9385,23.13273
2020-04-24 05:15:00,21.9385,23.570585
2020-04-24 05:30:00,21.9385,23.674465
2020-04-24 05:45:00,21.7185,23.656933
2020-04-24 06:00:00,21.499,23.3865
2020-04-24 06:15:00,21.0595,22.984886
2020-04-24 06:30:00,21.0595,22.766085
2020-04-24 06:45:00,21.0595,22.648388
2020-04-24 07:00:00,21.0595,23.46499
2020-04-24 07:15:00,21.0595,23.784332
2020-04-24 07:30:00,21.0595,24.317041
2020-04-24 07:45:00,21.0595,24.078712
2020-04-24 08:00:00,21.0595,23.486956
2020-04-24 08:15:00,21.499,23.851181
2020-04-24 08:30:00,21.499,24.61285
2020-04-24 08:45:00,21.499,25.56848
2020-04-24 09:00:00,21.9385,27.017977
2020-04-24 09:15:00,22.378,28.157442
2020-04-24 09:30:00,22.8175,28.310839
2020-04-24 09:45:00,23.4765,28.56338
2020-04-24 10:00:00,24.1355,28.622538
2020-04-24 10:15:00,24.5755,28.636663
2020-04-24 10:30:00,25.0145,28.377214
2020-04-24 10:45:00,25.4545,28.38373
2020-04-24 11:00:00,25.8935,28.065945
2020-04-24 11:15:00,25.8935,27.922167
2020-04-24 11:30:00,26.333,28.141586
2020-04-24 11:45:00,26.7725,27.338469
2020-04-24 12:00:00,27.212,28.777704
2020-04-24 12:15:00,27.6515,28.739897
2020-04-24 12:30:00,27.6515,29.906424
2020-04-24 12:45:00,27.6515,29.861006
2020-04-24 13:00:00,27.6515,28.924698
2020-04-24 13:15:00,27.432,28.356592
2020-04-24 13:30:00,27.432,27.854155
2020-04-24 13:45:00,27.432,27.80515
2020-04-24 14:00:00,27.432,27.927675
2020-04-24 14:15:00,27.432,27.827497
2020-04-24 14:30:00,27.432,28.184483
2020-04-24 14:45:00,27.432,28.120947
2020-04-24 15:00:00,27.432,28.26623
2020-04-24 15:15:00,27.432,28.830553
2020-04-24 15:30:00,27.432,29.118555
2020-04-24 15:45:00,27.212,29.149086
2020-04-24 16:00:00,27.212,29.51692
2020-04-24 16:15:00,27.212,29.101887
2020-04-24 16:30:00,26.992,29.477118
2020-04-24 16:45:00,26.992,28.764147
2020-04-24 17:00:00,26.992,28.007605
2020-04-24 17:15:00,26.992,28.331404
2020-04-24 17:30:00,26.7725,27.58845
2020-04-24 17:45:00,26.7725,27.790041
2020-04-24 18:00:00,26.7725,28.072302
2020-04-24 18:15:00,26.5525,27.822569
2020-04-24 18:30:00,26.333,27.722994
2020-04-24 18:45:00,25.8935,27.341654
2020-04-24 19:00:00,25.4545,27.80196
2020-04-24 19:15:00,25.4545,28.026474
2020-04-24 19:30:00,25.0145,27.76961
2020-04-24 19:45:00,24.5755,27.115889
2020-04-24 20:00:00,24.1355,26.6744
2020-04-24 20:15:00,24.1355,26.376804
2020-04-24 20:30:00,23.6965,26.529238
2020-04-24 20:45:00,23.2565,26.800909
2020-04-24 21:00:00,23.2565,26.783716
2020-04-24 21:15:00,22.8175,27.077467
2020-04-24 21:30:00,22.8175,27.081259
2020-04-24 21:45:00,22.5975,26.586946
2020-04-24 22:00:00,22.378,26.659037
2020-04-24 22:15:00,22.378,26.496752
2020-04-24 22:30:00,21.9385,26.738894
2020-04-24 22:45:00,21.9385,26.994692
2020-04-24 23:00:00,21.9385,27.423609
2020-04-24 23:15:00,21.9385,27.425959
2020-04-24 23:30:00,21.499,27.340479
2020-04-24 23:45:00,21.499,26.929571
2020-04-25 00:00:00,21.499,26.564123
2020-04-25 00:15:00,21.499,26.361004
2020-04-25 00:30:00,21.499,22.789509
2020-04-25 00:45:00,21.499,25.454407
2020-04-25 01:00:00,21.0595,23.21952
2020-04-25 01:15:00,21.0595,22.157927
2020-04-25 01:30:00,21.0595,22.38666
2020-04-25 01:45:00,21.0595,22.027344
2020-04-25 02:00:00,21.0595,22.308147
2020-04-25 02:15:00,21.0595,22.246828
2020-04-25 02:30:00,21.0595,22.651016
2020-04-25 02:45:00,21.0595,23.099998
2020-04-25 03:00:00,21.0595,23.602697
2020-04-25 03:15:00,20.6205,23.786861
2020-04-25 03:30:00,20.6205,23.892084
2020-04-25 03:45:00,20.6205,23.450151
2020-04-25 04:00:00,20.6205,23.098413
2020-04-25 04:15:00,20.4005,22.999895
2020-04-25 04:30:00,20.1805,22.975428
2020-04-25 04:45:00,20.1805,23.070116
2020-04-25 05:00:00,20.1805,23.269648
2020-04-25 05:15:00,20.1805,23.530237
2020-04-25 05:30:00,20.1805,23.9419
2020-04-25 05:45:00,20.1805,24.025305
2020-04-25 06:00:00,20.1805,24.16364
2020-04-25 06:15:00,20.1805,24.330824
2020-04-25 06:30:00,20.1805,24.547747
2020-04-25 06:45:00,20.1805,24.51376
2020-04-25 07:00:00,20.6205,24.818663
2020-04-25 07:15:00,20.84,24.69639
2020-04-25 07:30:00,21.279,24.825872
2020-04-25 07:45:00,21.719,24.8505
2020-04-25 08:00:00,22.378,24.80193
2020-04-25 08:15:00,22.8175,25.167946
2020-04-25 08:30:00,23.6965,25.47832
2020-04-25 08:45:00,24.3555,25.816683
2020-04-25 09:00:00,25.2345,26.698317
2020-04-25 09:15:00,26.1135,27.518389
2020-04-25 09:30:00,26.7725,28.489573
2020-04-25 09:45:00,27.6515,28.776423
2020-04-25 10:00:00,28.75,28.983847
2020-04-25 10:15:00,29.8485,28.627037
2020-04-25 10:30:00,31.167,27.928415
2020-04-25 10:45:00,32.046,27.138802
2020-04-25 11:00:00,33.1445,26.852541
2020-04-25 11:15:00,33.584,26.903028
2020-04-25 11:30:00,34.6825,27.457151
2020-04-25 11:45:00,34.902,28.043112
2020-04-25 12:00:00,34.4625,28.12113
2020-04-25 12:15:00,34.243,28.25025
2020-04-25 12:30:00,34.243,28.381197
2020-04-25 12:45:00,34.463,28.031279
2020-04-25 13:00:00,34.463,28.56079
2020-04-25 13:15:00,34.6825,29.069475
2020-04-25 13:30:00,35.5615,29.764334
2020-04-25 13:45:00,36.66,29.87012
2020-04-25 14:00:00,37.0995,30.095476
2020-04-25 14:15:00,37.539,29.95277
2020-04-25 14:30:00,37.9785,29.87214
2020-04-25 14:45:00,38.418,29.026833
2020-04-25 15:00:00,38.6375,28.348932
2020-04-25 15:15:00,38.6375,28.413813
2020-04-25 15:30:00,38.6375,28.728848
2020-04-25 15:45:00,38.418,29.179497
2020-04-25 16:00:00,37.9785,29.91496
2020-04-25 16:15:00,37.539,29.714516
2020-04-25 16:30:00,37.0995,29.558638
2020-04-25 16:45:00,36.66,29.229614
2020-04-25 17:00:00,36.221,28.934938
2020-04-25 17:15:00,35.5615,28.78238
2020-04-25 17:30:00,35.122,28.79946
2020-04-25 17:45:00,34.6825,28.315298
2020-04-25 18:00:00,34.0235,28.021303
2020-04-25 18:15:00,33.584,27.890917
2020-04-25 18:30:00,33.1445,27.667711
2020-04-25 18:45:00,32.4855,27.13291
2020-04-25 19:00:00,32.0455,27.235697
2020-04-25 19:15:00,31.167,26.917418
2020-04-25 19:30:00,30.7275,26.264654
2020-04-25 19:45:00,30.288,25.74229
2020-04-25 20:00:00,29.8485,25.537003
2020-04-25 20:15:00,29.4095,25.608713
2020-04-25 20:30:00,28.9695,26.352324
2020-04-25 20:45:00,28.5305,26.44059
2020-04-25 21:00:00,28.0905,26.78995
2020-04-25 21:15:00,27.6515,26.880468
2020-04-25 21:30:00,27.6515,26.83322
2020-04-25 21:45:00,27.212,26.9501
2020-04-25 22:00:00,27.212,26.777937
2020-04-25 22:15:00,26.992,26.684347
2020-04-25 22:30:00,26.7725,26.956018
2020-04-25 22:45:00,26.7725,26.549051
2020-04-25 23:00:00,26.7725,26.289228
2020-04-25 23:15:00,26.553,26.15752
2020-04-25 23:30:00,26.333,26.067808
2020-04-25 23:45:00,26.333,26.02463
2020-04-26 00:00:00,26.333,26.339981
2020-04-26 00:15:00,26.333,26.056135
2020-04-26 00:30:00,26.113,22.43508
2020-04-26 00:45:00,25.8935,24.975004
2020-04-26 01:00:00,25.8935,23.114145
2020-04-26 01:15:00,25.8935,21.823572
2020-04-26 01:30:00,25.8935,22.14535
2020-04-26 01:45:00,25.674,22.252367
2020-04-26 02:00:00,25.674,22.11199
2020-04-26 02:15:00,25.4545,21.732946
2020-04-26 02:30:00,25.4545,21.459177
2020-04-26 02:45:00,25.4545,21.208698
2020-04-26 03:00:00,25.4545,21.512964
2020-04-26 03:15:00,25.4545,22.086054
2020-04-26 03:30:00,25.4545,22.740353
2020-04-26 03:45:00,25.4545,23.09995
2020-04-26 04:00:00,25.4545,23.4138
2020-04-26 04:15:00,25.4545,23.398281
2020-04-26 04:30:00,25.4545,23.33823
2020-04-26 04:45:00,25.2345,23.369741
2020-04-26 05:00:00,25.2345,23.581995
2020-04-26 05:15:00,25.0145,23.983408
2020-04-26 05:30:00,25.0145,24.44444
2020-04-26 05:45:00,25.0145,24.27482
2020-04-26 06:00:00,25.0145,24.310022
2020-04-26 06:15:00,25.0145,24.208086
2020-04-26 06:30:00,25.0145,24.248272
2020-04-26 06:45:00,25.0145,24.249578
2020-04-26 07:00:00,25.0145,24.504408
2020-04-26 07:15:00,25.0145,24.743029
2020-04-26 07:30:00,25.2345,24.872824
2020-04-26 07:45:00,25.2345,24.59384
2020-04-26 08:00:00,25.4545,24.29951
2020-04-26 08:15:00,25.674,24.109928
2020-04-26 08:30:00,25.8935,24.613836
2020-04-26 08:45:00,26.333,25.098211
2020-04-26 09:00:00,26.5525,26.144426
2020-04-26 09:15:00,26.9925,27.280489
2020-04-26 09:30:00,27.212,28.233868
2020-04-26 09:45:00,27.6515,28.575655
2020-04-26 10:00:00,27.871,28.60107
2020-04-26 10:15:00,28.5305,28.007492
2020-04-26 10:30:00,28.9695,27.739748
2020-04-26 10:45:00,29.4095,27.219145
2020-04-26 11:00:00,29.8485,27.071573
2020-04-26 11:15:00,30.5075,27.124475
2020-04-26 11:30:00,31.167,26.879454
2020-04-26 11:45:00,31.826,26.189611
2020-04-26 12:00:00,32.2655,25.929758
2020-04-26 12:15:00,32.9245,26.23382
2020-04-26 12:30:00,33.584,27.080927
2020-04-26 12:45:00,34.2435,27.722975
2020-04-26 13:00:00,35.122,28.776815
2020-04-26 13:15:00,35.5615,29.310339
2020-04-26 13:30:00,36.001,29.653185
2020-04-26 13:45:00,36.8795,29.762114
2020-04-26 14:00:00,37.3195,29.750887
2020-04-26 14:15:00,37.7585,29.971891
2020-04-26 14:30:00,37.7585,30.165842
2020-04-26 14:45:00,37.7585,30.08808
2020-04-26 15:00:00,37.3195,30.502436
2020-04-26 15:15:00,36.8795,30.757458
2020-04-26 15:30:00,36.8795,30.790476
2020-04-26 15:45:00,36.66,30.621378
2020-04-26 16:00:00,36.66,30.620558
2020-04-26 16:15:00,36.4405,30.708635
2020-04-26 16:30:00,36.221,30.858622
2020-04-26 16:45:00,36.001,29.950418
2020-04-26 17:00:00,35.5615,29.472223
2020-04-26 17:15:00,35.122,29.045431
2020-04-26 17:30:00,34.9025,28.759691
2020-04-26 17:45:00,34.463,28.616781
2020-04-26 18:00:00,34.0235,28.531631
2020-04-26 18:15:00,33.584,28.080614
2020-04-26 18:30:00,33.3645,27.906374
2020-04-26 18:45:00,33.1445,27.59564
2020-04-26 19:00:00,32.705,27.443304
2020-04-26 19:15:00,32.2655,27.598001
2020-04-26 19:30:00,31.826,27.372423
2020-04-26 19:45:00,31.6065,26.89194
2020-04-26 20:00:00,31.3865,26.620794
2020-04-26 20:15:00,30.9475,26.57926
2020-04-26 20:30:00,30.5075,26.894785
2020-04-26 20:45:00,30.5075,27.043646
2020-04-26 21:00:00,30.0685,27.403269
2020-04-26 21:15:00,29.8485,27.145697
2020-04-26 21:30:00,29.629,27.109837
2020-04-26 21:45:00,29.1895,26.565197
2020-04-26 22:00:00,28.9695,26.363842
2020-04-26 22:15:00,28.75,26.032495
2020-04-26 22:30:00,28.5305,26.232462
2020-04-26 22:45:00,28.5305,26.406881
2020-04-26 23:00:00,28.0905,26.849596
2020-04-26 23:15:00,28.0905,27.15496
2020-04-26 23:30:00,27.871,27.056936
2020-04-26 23:45:00,27.6515,26.321344
2020-04-27 00:00:00,27.6515,25.743816
2020-04-27 00:15:00,27.212,25.691229
2020-04-27 00:30:00,27.212,22.689257
2020-04-27 00:45:00,26.7725,25.866037
2020-04-27 01:00:00,26.7725,23.705107
2020-04-27 01:15:00,26.333,22.309942
2020-04-27 01:30:00,26.333,22.24658
2020-04-27 01:45:00,25.8935,22.434149
2020-04-27 02:00:00,25.8935,22.322968
2020-04-27 02:15:00,25.8935,21.633017
2020-04-27 02:30:00,25.4545,22.128462
2020-04-27 02:45:00,25.4545,21.758593
2020-04-27 03:00:00,25.0145,22.398958
2020-04-27 03:15:00,25.0145,22.82958
2020-04-27 03:30:00,24.5755,22.722181
2020-04-27 03:45:00,24.5755,22.855494
2020-04-27 04:00:00,24.1355,22.984999
2020-04-27 04:15:00,24.1355,23.201801
2020-04-27 04:30:00,24.1355,23.494682
2020-04-27 04:45:00,23.6965,23.368803
2020-04-27 05:00:00,23.6965,23.489393
2020-04-27 05:15:00,23.4765,23.728456
2020-04-27 05:30:00,23.2565,24.105078
2020-04-27 05:45:00,23.2565,23.729277
2020-04-27 06:00:00,23.2565,23.836672
2020-04-27 06:15:00,23.2565,23.601912
2020-04-27 06:30:00,23.2565,23.465736
2020-04-27 06:45:00,23.2565,23.961966
2020-04-27 07:00:00,23.2565,24.426529
2020-04-27 07:15:00,23.6965,24.477394
2020-04-27 07:30:00,24.1355,24.741095
2020-04-27 07:45:00,25.0145,24.139849
2020-04-27 08:00:00,25.4545,23.293886
2020-04-27 08:15:00,26.1135,23.8167
2020-04-27 08:30:00,26.9925,24.639338
2020-04-27 08:45:00,28.091,25.633085
2020-04-27 09:00:00,28.97,27.356005
2020-04-27 09:15:00,29.629,28.472414
2020-04-27 09:30:00,30.5075,29.307909
2020-04-27 09:45:00,31.6065,29.477638
2020-04-27 10:00:00,32.4855,29.112692
2020-04-27 10:15:00,33.364,28.70664
2020-04-27 10:30:00,34.463,28.515867
2020-04-27 10:45:00,35.5615,27.976357
2020-04-27 11:00:00,36.6605,28.24841
2020-04-27 11:15:00,37.3195,28.343254
2020-04-27 11:30:00,37.759,28.827646
2020-04-27 11:45:00,38.198,29.214628
2020-04-27 12:00:00,38.8575,29.367514
2020-04-27 12:15:00,39.5165,29.351488
2020-04-27 12:30:00,39.7365,29.546118
2020-04-27 12:45:00,40.176,29.401663
2020-04-27 13:00:00,40.6155,30.432554
2020-04-27 13:15:00,41.4945,31.12119
2020-04-27 13:30:00,42.153,31.761099
2020-04-27 13:45:00,42.593,31.880928
2020-04-27 14:00:00,42.8125,31.716066
2020-04-27 14:15:00,43.252,31.625935
2020-04-27 14:30:00,43.252,31.437162
2020-04-27 14:45:00,42.8125,31.335531
2020-04-27 15:00:00,42.373,31.350039
2020-04-27 15:15:00,42.1535,31.347364
2020-04-27 15:30:00,42.1535,31.298988
2020-04-27 15:45:00,41.9335,30.652998
2020-04-27 16:00:00,41.7135,30.393946
2020-04-27 16:15:00,41.494,30.318977
2020-04-27 16:30:00,41.2745,30.154142
2020-04-27 16:45:00,40.835,29.943853
2020-04-27 17:00:00,40.3955,29.978802
2020-04-27 17:15:00,39.956,29.945358
2020-04-27 17:30:00,39.5165,30.266699
2020-04-27 17:45:00,39.0775,30.160166
2020-04-27 18:00:00,38.6375,30.218115
2020-04-27 18:15:00,38.1985,29.968706
2020-04-27 18:30:00,37.3195,29.902117
2020-04-27 18:45:00,36.8795,29.55064
2020-04-27 19:00:00,36.2205,29.450691
2020-04-27 19:15:00,35.5615,29.171638
2020-04-27 19:30:00,34.9025,28.846106
2020-04-27 19:45:00,34.463,28.24978
2020-04-27 20:00:00,33.8035,28.072306
2020-04-27 20:15:00,33.3645,27.977652
2020-04-27 20:30:00,32.9245,28.051775
2020-04-27 20:45:00,32.4855,28.171093
2020-04-27 21:00:00,32.0455,28.164263
2020-04-27 21:15:00,31.6065,28.316805
2020-04-27 21:30:00,31.167,28.281622
2020-04-27 21:45:00,31.167,28.039843
2020-04-27 22:00:00,30.7275,27.972277
2020-04-27 22:15:00,30.5075,27.790358
2020-04-27 22:30:00,30.288,27.642042
2020-04-27 22:45:00,29.8485,27.451357
2020-04-27 23:00:00,29.8485,27.524717
2020-04-27 23:15:00,29.4095,27.604149
2020-04-27 23:30:00,29.4095,27.648684
2020-04-27 23:45:00,29.1895,27.21906
2020-04-28 00:00:00,28.9695,27.10293
2020-04-28 00:15:00,28.9695,27.145433
2020-04-28 00:30:00,28.5305,24.127617
2020-04-28 00:45:00,28.5305,27.049437
2020-04-28 01:00:00,28.5305,24.699074
2020-04-28 01:15:00,28.3105,22.812178
2020-04-28 01:30:00,28.0905,22.984732
2020-04-28 01:45:00,28.0905,22.49214
2020-04-28 02:00:00,28.0905,22.512205
2020-04-28 02:15:00,28.0905,23.118353
2020-04-28 02:30:00,28.0905,22.861145
2020-04-28 02:45:00,27.6515,23.088943
2020-04-28 03:00:00,27.6515,23.539179
2020-04-28 03:15:00,27.4315,23.22606
2020-04-28 03:30:00,27.212,23.28216
2020-04-28 03:45:00,26.9925,22.914288
2020-04-28 04:00:00,26.9925,22.786884
2020-04-28 04:15:00,26.9925,23.020445
2020-04-28 04:30:00,26.5525,23.824446
2020-04-28 04:45:00,26.5525,24.302109
2020-04-28 05:00:00,26.5525,24.956186
2020-04-28 05:15:00,26.333,25.239431
2020-04-28 05:30:00,25.8935,25.310379
2020-04-28 05:45:00,25.8935,24.976957
2020-04-28 06:00:00,25.674,24.93921
2020-04-28 06:15:00,25.674,24.978804
2020-04-28 06:30:00,25.674,25.325577
2020-04-28 06:45:00,25.674,25.181143
2020-04-28 07:00:00,25.8935,25.486164
2020-04-28 07:15:00,26.333,25.656443
2020-04-28 07:30:00,26.7725,25.933115
2020-04-28 07:45:00,26.9925,25.826126
2020-04-28 08:00:00,27.651,25.673658
2020-04-28 08:15:00,28.091,25.796373
2020-04-28 08:30:00,28.97,26.488523
2020-04-28 08:45:00,29.849,27.36745
2020-04-28 09:00:00,30.508,28.666
2020-04-28 09:15:00,31.167,29.84077
2020-04-28 09:30:00,31.826,30.448442
2020-04-28 09:45:00,32.485,30.96049
2020-04-28 10:00:00,33.364,30.819237
2020-04-28 10:15:00,34.0235,30.0883
2020-04-28 10:30:00,35.122,29.566057
2020-04-28 10:45:00,35.5615,28.476397
2020-04-28 11:00:00,36.44,28.235044
2020-04-28 11:15:00,37.0995,28.510408
2020-04-28 11:30:00,37.3195,28.5484
2020-04-28 11:45:00,37.759,28.353514
2020-04-28 12:00:00,38.198,27.906488
2020-04-28 12:15:00,38.6375,28.520456
2020-04-28 12:30:00,38.638,29.413488
2020-04-28 12:45:00,39.0775,29.907682
2020-04-28 13:00:00,39.5165,31.510458
2020-04-28 13:15:00,40.3955,31.724321
2020-04-28 13:30:00,41.0545,31.849154
2020-04-28 13:45:00,41.7135,31.802362
2020-04-28 14:00:00,42.1535,31.805807
2020-04-28 14:15:00,42.5925,31.982195
2020-04-28 14:30:00,42.8125,32.581833
2020-04-28 14:45:00,43.252,32.377914
2020-04-28 15:00:00,43.252,32.426315
2020-04-28 15:15:00,43.252,32.438618
2020-04-28 15:30:00,43.032,32.312714
2020-04-28 15:45:00,42.8125,32.10707
2020-04-28 16:00:00,42.373,32.11599
2020-04-28 16:15:00,41.9335,31.957464
2020-04-28 16:30:00,41.494,32.131813
2020-04-28 16:45:00,41.0545,31.723927
2020-04-28 17:00:00,40.615,31.971666
2020-04-28 17:15:00,40.3955,31.980593
2020-04-28 17:30:00,39.956,31.880152
2020-04-28 17:45:00,39.517,31.512152
2020-04-28 18:00:00,39.297,31.068731
2020-04-28 18:15:00,38.8575,30.755957
2020-04-28 18:30:00,38.418,30.580862
2020-04-28 18:45:00,37.539,30.199015
2020-04-28 19:00:00,37.0995,30.17862
2020-04-28 19:15:00,36.66,29.667654
2020-04-28 19:30:00,36.2205,29.420803
2020-04-28 19:45:00,36.001,29.111845
2020-04-28 20:00:00,35.7815,29.094069
2020-04-28 20:15:00,35.3415,29.40169
2020-04-28 20:30:00,35.122,29.759552
2020-04-28 20:45:00,34.6825,29.725859
2020-04-28 21:00:00,34.6825,29.801512
2020-04-28 21:15:00,34.2435,29.530218
2020-04-28 21:30:00,34.2435,29.445854
2020-04-28 21:45:00,33.8035,29.104046
2020-04-28 22:00:00,33.3645,28.73003
2020-04-28 22:15:00,32.9245,28.800814
2020-04-28 22:30:00,32.9245,28.989359
2020-04-28 22:45:00,32.4855,28.84102
2020-04-28 23:00:00,32.2655,29.220478
2020-04-28 23:15:00,32.0455,29.408113
2020-04-28 23:30:00,31.6065,29.557697
2020-04-28 23:45:00,31.387,28.911945
2020-04-29 00:00:00,31.167,28.425909
2020-04-29 00:15:00,31.167,27.659319
2020-04-29 00:30:00,30.7275,23.836618
2020-04-29 00:45:00,30.7275,26.67322
2020-04-29 01:00:00,30.7275,24.322765
2020-04-29 01:15:00,30.288,22.855455
2020-04-29 01:30:00,30.288,23.37972
2020-04-29 01:45:00,30.288,23.60874
2020-04-29 02:00:00,29.8485,23.860039
2020-04-29 02:15:00,29.8485,24.188684
2020-04-29 02:30:00,29.8485,24.237062
2020-04-29 02:45:00,29.8485,24.049387
2020-04-29 03:00:00,29.629,24.473122
2020-04-29 03:15:00,29.629,24.599445
2020-04-29 03:30:00,29.4095,24.737497
2020-04-29 03:45:00,29.1895,24.461874
2020-04-29 04:00:00,29.1895,24.07231
2020-04-29 04:15:00,28.9695,24.096037
2020-04-29 04:30:00,28.9695,24.38887
2020-04-29 04:45:00,28.75,24.627346
2020-04-29 05:00:00,28.5305,25.359262
2020-04-29 05:15:00,28.3105,25.340073
2020-04-29 05:30:00,28.3105,25.506104
2020-04-29 05:45:00,28.0905,25.35405
2020-04-29 06:00:00,28.0905,25.01901
2020-04-29 06:15:00,27.871,24.838875
2020-04-29 06:30:00,27.871,25.006172
2020-04-29 06:45:00,27.871,24.79875
2020-04-29 07:00:00,27.871,25.132162
2020-04-29 07:15:00,28.0905,24.837418
2020-04-29 07:30:00,28.5305,24.327484
2020-04-29 07:45:00,28.9695,23.54219
2020-04-29 08:00:00,29.1895,23.176485
2020-04-29 08:15:00,29.849,23.522312
2020-04-29 08:30:00,30.288,24.583513
2020-04-29 08:45:00,31.167,25.60819
2020-04-29 09:00:00,31.826,27.039337
2020-04-29 09:15:00,32.485,28.29075
2020-04-29 09:30:00,33.1445,29.120115
2020-04-29 09:45:00,33.584,29.731428
2020-04-29 10:00:00,34.0235,30.078129
2020-04-29 10:15:00,34.9025,29.982037
2020-04-29 10:30:00,35.3415,30.055357
2020-04-29 10:45:00,36.2205,29.31634
2020-04-29 11:00:00,37.0995,29.207315
2020-04-29 11:15:00,37.539,29.847517
2020-04-29 11:30:00,37.7585,30.455126
2020-04-29 11:45:00,38.1985,31.022194
2020-04-29 12:00:00,38.638,31.728832
2020-04-29 12:15:00,39.077,32.007393
2020-04-29 12:30:00,39.5165,32.07634
2020-04-29 12:45:00,39.956,31.94129
2020-04-29 13:00:00,40.6155,31.942694
2020-04-29 13:15:00,41.0545,32.187065
2020-04-29 13:30:00,41.0545,32.507164
2020-04-29 13:45:00,41.0545,32.34355
2020-04-29 14:00:00,41.0545,32.17314
2020-04-29 14:15:00,40.835,31.77725
2020-04-29 14:30:00,40.6155,31.578745
2020-04-29 14:45:00,40.3955,31.113573
2020-04-29 15:00:00,39.956,30.75135
2020-04-29 15:15:00,39.517,30.80145
2020-04-29 15:30:00,39.297,31.059618
2020-04-29 15:45:00,39.077,30.877018
2020-04-29 16:00:00,38.8575,31.237312
2020-04-29 16:15:00,38.418,31.123938
2020-04-29 16:30:00,38.418,30.73855
2020-04-29 16:45:00,38.418,30.71321
2020-04-29 17:00:00,37.9785,30.796156
2020-04-29 17:15:00,37.9785,30.82253
2020-04-29 17:30:00,37.7585,31.105444
2020-04-29 17:45:00,37.539,30.634329
2020-04-29 18:00:00,37.3195,30.104849
2020-04-29 18:15:00,37.0995,29.55675
2020-04-29 18:30:00,36.8795,29.022234
2020-04-29 18:45:00,36.66,28.527359
2020-04-29 19:00:00,36.2205,28.68709
2020-04-29 19:15:00,36.001,28.58449
2020-04-29 19:30:00,35.7815,28.588215
2020-04-29 19:45:00,35.5615,28.629217
2020-04-29 20:00:00,35.3415,28.813282
2020-04-29 20:15:00,35.122,29.187677
2020-04-29 20:30:00,34.9025,29.252157
2020-04-29 20:45:00,34.463,28.675343
2020-04-29 21:00:00,34.463,28.150316
2020-04-29 21:15:00,34.0235,27.488546
2020-04-29 21:30:00,34.0235,26.839876
2020-04-29 21:45:00,33.584,25.594484
2020-04-29 22:00:00,33.3645,25.40124
2020-04-29 22:15:00,33.1445,25.320524
2020-04-29 22:30:00,32.9245,25.55079
2020-04-29 22:45:00,32.705,25.554546
2020-04-29 23:00:00,32.705,25.250011
2020-04-29 23:15:00,32.705,24.936651
2020-04-29 23:30:00,32.4855,25.134253
2020-04-29 23:45:00,32.4855,25.157076
2020-04-30 00:00:00,32.2655,24.75472
2020-04-30 00:15:00,32.2655,24.517904
2020-04-30 00:30:00,32.0455,20.729118
2020-04-30 00:45:00,31.826,23.477842
2020-04-30 01:00:00,31.6065,21.970772
2020-04-30 01:15:00,31.6065,20.622532
2020-04-30 01:30:00,31.167,21.038826
2020-04-30 01:45:00,31.167,20.67873
2020-04-30 02:00:00,30.9475,20.381117
2020-04-30 02:15:00,30.9475,20.155708
2020-04-30 02:30:00,30.9475,19.983253
2020-04-30 02:45:00,30.9475,19.962124
2020-04-30 03:00:00,30.7275,19.839085
2020-04-30 03:15:00,30.7275,20.469267
2020-04-30 03:30:00,30.7275,21.271547
2020-04-30 03:45:00,30.5075,21.101755
2020-04-30 04:00:00,30.5075,21.767859
2020-04-30 04:15:00,30.5075,21.561182
2020-04-30 04:30:00,30.288,21.48247
2020-04-30 04:45:00,30.288,21.033829
2020-04-30 05:00:00,30.0685,20.743225
2020-04-30 05:15:00,29.8485,21.284292
2020-04-30 05:30:00,29.8485,21.746378
2020-04-30 05:45:00,29.629,22.16012
2020-04-30 06:00:00,29.629,22.385672
2020-04-30 06:15:00,29.629,21.953844
2020-04-30 06:30:00,29.629,21.802576
2020-04-30 06:45:00,29.629,21.714705
2020-04-30 07:00:00,29.8485,21.440731
2020-04-30 07:15:00,29.8485,21.849829
2020-04-30 07:30:00,30.288,22.53077
2020-04-30 07:45:00,30.7275,23.027683
2020-04-30 08:00:00,31.167,23.791353
2020-04-30 08:15:00,31.826,24.252657
2020-04-30 08:30:00,32.2655,24.824444
2020-04-30 08:45:00,32.4855,25.31021
2020-04-30 09:00:00,32.9245,26.248646
2020-04-30 09:15:00,33.584,27.102152
2020-04-30 09:30:00,34.0235,27.91633
2020-04-30 09:45:00,34.6825,27.955648
2020-04-30 10:00:00,35.122,28.050863
2020-04-30 10:15:00,35.5615,27.79469
2020-04-30 10:30:00,36.4405,27.42959
2020-04-30 10:45:00,37.3195,26.885656
2020-04-30 11:00:00,37.7585,27.603289
2020-04-30 11:15:00,38.1985,28.819563
2020-04-30 11:30:00,38.8575,30.103804
2020-04-30 11:45:00,39.297,31.085106
2020-04-30 12:00:00,39.736,31.419287
2020-04-30 12:15:00,40.176,31.286642
2020-04-30 12:30:00,40.615,31.09677
2020-04-30 12:45:00,41.2745,30.804697
2020-04-30 13:00:00,41.494,30.499414
2020-04-30 13:15:00,41.9335,30.294302
2020-04-30 13:30:00,41.9335,30.592112
2020-04-30 13:45:00,42.593,30.668741
2020-04-30 14:00:00,42.593,30.750713
2020-04-30 14:15:00,42.593,30.683546
2020-04-30 14:30:00,42.593,31.814302
2020-04-30 14:45:00,42.153,31.844023
2020-04-30 15:00:00,41.9335,32.156235
2020-04-30 15:15:00,41.714,32.485207
2020-04-30 15:30:00,41.494,31.529226
2020-04-30 15:45:00,41.494,30.742527
2020-04-30 16:00:00,41.494,30.766485
2020-04-30 16:15:00,41.274,30.567278
2020-04-30 16:30:00,41.274,30.349527
2020-04-30 16:45:00,41.274,30.044008
2020-04-30 17:00:00,40.835,29.842512
2020-04-30 17:15:00,40.835,29.734934
2020-04-30 17:30:00,40.3955,29.90927
2020-04-30 17:45:00,40.3955,29.897074
2020-04-30 18:00:00,39.956,29.43276
2020-04-30 18:15:00,39.7365,29.096962
2020-04-30 18:30:00,39.297,29.042898
2020-04-30 18:45:00,39.077,28.933352
2020-04-30 19:00:00,38.8575,29.487904
2020-04-30 19:15:00,38.418,29.608683
2020-04-30 19:30:00,37.9785,28.781174
2020-04-30 19:45:00,37.539,27.623072
2020-04-30 20:00:00,37.539,26.631601
2020-04-30 20:15:00,37.0995,25.870687
2020-04-30 20:30:00,36.8795,25.96442
2020-04-30 20:45:00,36.66,25.706255
2020-04-30 21:00:00,36.4405,25.635754
2020-04-30 21:15:00,36.001,25.615084
2020-04-30 21:30:00,36.001,25.932306
2020-04-30 21:45:00,35.7815,26.070084
2020-04-30 22:00:00,35.5615,26.675684
2020-04-30 22:15:00,35.5615,26.968203
2020-04-30 22:30:00,35.122,26.837551
2020-04-30 22:45:00,35.122,26.776968
2020-04-30 23:00:00,34.9025,26.678839
2020-04-30 23:15:00,34.6825,26.55155
2020-04-30 23:30:00,34.463,26.760675
2020-04-30 23:45:00,34.463,26.184328
2020-05-01 00:00:00,34.463,25.917852
2020-05-01 00:15:00,34.2435,25.939714
2020-05-01 00:30:00,34.2435,23.12449
2020-05-01 00:45:00,34.2435,26.198256
2020-05-01 01:00:00,34.0235,24.252619
2020-05-01 01:15:00,33.8035,23.078972
2020-05-01 01:30:00,33.8035,23.23701
2020-05-01 01:45:00,33.8035,23.384249
2020-05-01 02:00:00,33.8035,23.346544
2020-05-01 02:15:00,33.584,23.424717
2020-05-01 02:30:00,33.584,23.275087
2020-05-01 02:45:00,33.3645,23.19401
2020-05-01 03:00:00,33.3645,23.633194
2020-05-01 03:15:00,33.1445,23.765804
2020-05-01 03:30:00,32.9245,24.106453
2020-05-01 03:45:00,32.9245,23.68333
2020-05-01 04:00:00,32.4855,23.763391
2020-05-01 04:15:00,32.4855,23.959692
2020-05-01 04:30:00,32.4855,24.311468
2020-05-01 04:45:00,32.0455,24.498632
2020-05-01 05:00:00,32.0455,24.38597
2020-05-01 05:15:00,32.0455,24.300697
2020-05-01 05:30:00,31.826,24.43854
2020-05-01 05:45:00,31.6065,24.296417
2020-05-01 06:00:00,31.6065,24.245174
2020-05-01 06:15:00,31.6065,24.19781
2020-05-01 06:30:00,31.6065,24.356974
2020-05-01 06:45:00,31.6065,24.213827
2020-05-01 07:00:00,31.826,24.465723
2020-05-01 07:15:00,32.2655,25.04609
2020-05-01 07:30:00,32.4855,25.319637
2020-05-01 07:45:00,32.705,25.690489
2020-05-01 08:00:00,33.1445,25.714167
2020-05-01 08:15:00,33.3645,25.461187
2020-05-01 08:30:00,33.584,26.052805
2020-05-01 08:45:00,33.8035,26.136705
2020-05-01 09:00:00,34.0235,26.95551
2020-05-01 09:15:00,34.2435,27.803091
2020-05-01 09:30:00,34.463,28.236502
2020-05-01 09:45:00,34.9025,28.507492
2020-05-01 10:00:00,35.3415,28.874128
2020-05-01 10:15:00,35.7815,28.491545
2020-05-01 10:30:00,36.001,28.08622
2020-05-01 10:45:00,36.001,27.361036
2020-05-01 11:00:00,36.66,27.31341
2020-05-01 11:15:00,37.3195,27.915861
2020-05-01 11:30:00,37.3195,29.06876
2020-05-01 11:45:00,37.3195,29.873396
2020-05-01 12:00:00,37.3195,30.64913
2020-05-01 12:15:00,37.7585,31.1124
2020-05-01 12:30:00,38.1985,31.317394
2020-05-01 12:45:00,38.1985,31.24107
2020-05-01 13:00:00,38.1985,31.377335
2020-05-01 13:15:00,38.1985,31.369219
2020-05-01 13:30:00,38.1985,31.244543
2020-05-01 13:45:00,38.1985,31.097761
2020-05-01 14:00:00,38.1985,31.171463
2020-05-01 14:15:00,38.418,31.160093
2020-05-01 14:30:00,38.6375,31.42217
2020-05-01 14:45:00,39.077,30.796463
2020-05-01 15:00:00,39.7365,30.747116
2020-05-01 15:15:00,40.1755,30.81793
2020-05-01 15:30:00,40.1755,30.999428
2020-05-01 15:45:00,40.1755,30.953299
2020-05-01 16:00:00,39.7365,30.703552
2020-05-01 16:15:00,39.297,30.017174
2020-05-01 16:30:00,39.297,29.884394
2020-05-01 16:45:00,39.0775,29.611626
2020-05-01 17:00:00,38.6375,29.354538
2020-05-01 17:15:00,38.1985,29.548105
2020-05-01 17:30:00,37.7585,29.342249
2020-05-01 17:45:00,37.3195,28.578806
2020-05-01 18:00:00,36.66,28.03034
2020-05-01 18:15:00,36.2205,28.019516
2020-05-01 18:30:00,35.7815,28.13626
2020-05-01 18:45:00,34.6825,28.292875
2020-05-01 19:00:00,33.3645,28.997744
2020-05-01 19:15:00,32.9245,29.315596
2020-05-01 19:30:00,32.2655,28.514164
2020-05-01 19:45:00,31.6065,27.550093
2020-05-01 20:00:00,31.6065,26.994196
2020-05-01 20:15:00,31.3865,26.300255
2020-05-01 20:30:00,31.3865,26.867245
2020-05-01 20:45:00,31.3865,27.130404
2020-05-01 21:00:00,31.3865,27.746609
2020-05-01 21:15:00,31.3865,28.112165
2020-05-01 21:30:00,31.3865,28.279333
2020-05-01 21:45:00,31.3865,28.112608
2020-05-01 22:00:00,31.3865,27.551825
2020-05-01 22:15:00,31.3865,27.213892
2020-05-01 22:30:00,31.3865,27.22207
2020-05-01 22:45:00,31.167,27.228193
2020-05-01 23:00:00,30.508,27.66064
2020-05-01 23:15:00,30.508,27.91039
2020-05-01 23:30:00,30.7275,27.851013
2020-05-01 23:45:00,30.7275,27.793232
2020-05-02 00:00:00,30.7275,27.850279
2020-05-02 00:15:00,30.7275,27.827406
2020-05-02 00:30:00,30.7275,25.031412
2020-05-02 00:45:00,30.7275,27.531977
2020-05-02 01:00:00,30.7275,25.421854
2020-05-02 01:15:00,30.7275,24.056784
2020-05-02 01:30:00,30.7275,24.03356
2020-05-02 01:45:00,30.7275,24.475695
2020-05-02 02:00:00,30.7275,24.403948
2020-05-02 02:15:00,30.288,23.99436
2020-05-02 02:30:00,30.288,24.286701
2020-05-02 02:45:00,30.288,23.825424
2020-05-02 03:00:00,30.288,24.225864
2020-05-02 03:15:00,30.288,24.638428
2020-05-02 03:30:00,30.288,24.807287
2020-05-02 03:45:00,30.288,25.104517
2020-05-02 04:00:00,30.288,25.148836
2020-05-02 04:15:00,30.288,24.934782
2020-05-02 04:30:00,30.288,24.615252
2020-05-02 04:45:00,30.288,24.423689
2020-05-02 05:00:00,30.288,24.563152
2020-05-02 05:15:00,30.288,24.932825
2020-05-02 05:30:00,30.288,25.529308
2020-05-02 05:45:00,30.288,25.21352
2020-05-02 06:00:00,30.288,25.617985
2020-05-02 06:15:00,30.0685,25.71964
2020-05-02 06:30:00,30.0685,25.874964
2020-05-02 06:45:00,30.0685,26.034822
2020-05-02 07:00:00,30.0685,26.003141
2020-05-02 07:15:00,30.0685,26.817753
2020-05-02 07:30:00,30.0685,27.14776
2020-05-02 07:45:00,30.288,26.343252
2020-05-02 08:00:00,30.288,26.137264
2020-05-02 08:15:00,30.288,25.669378
2020-05-02 08:30:00,30.508,25.634516
2020-05-02 08:45:00,30.7275,26.089071
2020-05-02 09:00:00,30.7275,27.04674
2020-05-02 09:15:00,30.7275,27.737127
2020-05-02 09:30:00,30.947,28.726439
2020-05-02 09:45:00,30.947,29.157648
2020-05-02 10:00:00,31.6065,29.65808
2020-05-02 10:15:00,32.2655,29.461117
2020-05-02 10:30:00,32.4855,29.327034
2020-05-02 10:45:00,33.1445,28.754168
2020-05-02 11:00:00,33.584,28.276869
2020-05-02 11:15:00,34.6825,28.255505
2020-05-02 11:30:00,35.3415,28.484606
2020-05-02 11:45:00,35.3415,28.724552
2020-05-02 12:00:00,35.7815,29.1057
2020-05-02 12:15:00,35.7815,29.244371
2020-05-02 12:30:00,36.2205,29.812212
2020-05-02 12:45:00,36.4405,29.98871
2020-05-02 13:00:00,36.88,30.472319
2020-05-02 13:15:00,37.0995,30.689072
2020-05-02 13:30:00,37.539,30.731907
2020-05-02 13:45:00,38.198,30.662584
2020-05-02 14:00:00,38.198,30.90221
2020-05-02 14:15:00,38.198,30.86888
2020-05-02 14:30:00,38.418,30.407022
2020-05-02 14:45:00,38.418,30.104807
2020-05-02 15:00:00,38.1985,29.989841
2020-05-02 15:15:00,37.9785,30.079035
2020-05-02 15:30:00,37.7585,30.718271
2020-05-02 15:45:00,37.3195,30.802485
2020-05-02 16:00:00,36.8795,30.730589
2020-05-02 16:15:00,36.4405,31.02169
2020-05-02 16:30:00,36.001,31.258749
2020-05-02 16:45:00,35.7815,31.063894
2020-05-02 17:00:00,35.7815,31.106108
2020-05-02 17:15:00,35.5615,31.055815
2020-05-02 17:30:00,35.122,31.06309
2020-05-02 17:45:00,35.122,30.77997
2020-05-02 18:00:00,34.6825,30.571177
2020-05-02 18:15:00,34.2435,30.15445
2020-05-02 18:30:00,34.0235,29.87734
2020-05-02 18:45:00,33.584,29.492767
2020-05-02 19:00:00,33.1445,29.335295
2020-05-02 19:15:00,32.705,28.968657
2020-05-02 19:30:00,32.2655,28.192675
2020-05-02 19:45:00,31.826,27.363306
2020-05-02 20:00:00,31.3865,27.322416
2020-05-02 20:15:00,31.167,27.566574
2020-05-02 20:30:00,30.9475,28.427744
2020-05-02 20:45:00,30.7275,28.514246
2020-05-02 21:00:00,30.5075,28.25756
2020-05-02 21:15:00,30.288,28.058008
2020-05-02 21:30:00,29.8485,27.82585
2020-05-02 21:45:00,29.8485,27.394707
2020-05-02 22:00:00,29.629,26.611609
2020-05-02 22:15:00,29.4095,26.089603
2020-05-02 22:30:00,29.1895,25.931822
2020-05-02 22:45:00,28.9695,26.134233
2020-05-02 23:00:00,28.5305,27.111345
2020-05-02 23:15:00,28.5305,28.218174
2020-05-02 23:30:00,28.0905,28.319572
2020-05-02 23:45:00,28.0905,28.369204
2020-05-03 00:00:00,28.0905,29.108824
2020-05-03 00:15:00,27.6515,28.452318
2020-05-03 00:30:00,27.6515,25.320265
2020-05-03 00:45:00,27.212,28.224829
2020-05-03 01:00:00,26.7725,25.435526
2020-05-03 01:15:00,26.333,24.229015
2020-05-03 01:30:00,26.333,24.127363
2020-05-03 01:45:00,25.8935,24.29218
2020-05-03 02:00:00,25.4545,24.617136
2020-05-03 02:15:00,25.2345,25.042753
2020-05-03 02:30:00,25.0145,25.581192
2020-05-03 02:45:00,24.795,24.908781
2020-05-03 03:00:00,24.3555,25.048756
2020-05-03 03:15:00,24.1355,24.863455
2020-05-03 03:30:00,23.916,24.618002
2020-05-03 03:45:00,23.6965,24.501959
2020-05-03 04:00:00,23.4765,24.599255
2020-05-03 04:15:00,23.2565,24.970957
2020-05-03 04:30:00,23.037,24.966856
2020-05-03 04:45:00,22.8175,24.75846
2020-05-03 05:00:00,22.598,24.622675
2020-05-03 05:15:00,22.378,24.540987
2020-05-03 05:30:00,22.378,25.166334
2020-05-03 05:45:00,22.158,24.80784
2020-05-03 06:00:00,21.9385,25.50226
2020-05-03 06:15:00,21.9385,25.307796
2020-05-03 06:30:00,21.9385,25.274227
2020-05-03 06:45:00,22.378,25.611797
2020-05-03 07:00:00,22.5975,25.96197
2020-05-03 07:15:00,23.037,26.760668
2020-05-03 07:30:00,23.6965,27.462172
2020-05-03 07:45:00,24.3555,27.69708
2020-05-03 08:00:00,25.015,27.706026
2020-05-03 08:15:00,25.674,27.264578
2020-05-03 08:30:00,26.3335,26.984665
2020-05-03 08:45:00,27.2115,27.24771
2020-05-03 09:00:00,27.871,27.992346
2020-05-03 09:15:00,28.5305,29.01349
2020-05-03 09:30:00,29.1895,30.185152
2020-05-03 09:45:00,29.849,30.397219
2020-05-03 10:00:00,30.9475,30.477736
2020-05-03 10:15:00,31.826,29.823767
2020-05-03 10:30:00,33.1445,29.00796
2020-05-03 10:45:00,34.0235,28.216839
2020-05-03 11:00:00,34.902,27.938137
2020-05-03 11:15:00,35.3415,28.09707
2020-05-03 11:30:00,35.781,28.511066
2020-05-03 11:45:00,36.4405,28.678194
2020-05-03 12:00:00,36.88,28.666561
2020-05-03 12:15:00,37.1,28.579168
2020-05-03 12:30:00,37.3195,29.008266
2020-05-03 12:45:00,37.7585,28.964722
2020-05-03 13:00:00,38.198,29.806288
2020-05-03 13:15:00,39.077,30.406195
2020-05-03 13:30:00,39.5165,30.80545
2020-05-03 13:45:00,40.1755,30.79363
2020-05-03 14:00:00,40.6155,30.834398
2020-05-03 14:15:00,41.0545,31.184475
2020-05-03 14:30:00,41.2745,31.435966
2020-05-03 14:45:00,41.2745,31.181704
2020-05-03 15:00:00,41.2745,31.027382
2020-05-03 15:15:00,41.2745,30.966116
2020-05-03 15:30:00,41.2745,30.910994
2020-05-03 15:45:00,40.6155,30.613691
2020-05-03 16:00:00,40.1755,30.308428
2020-05-03 16:15:00,39.5165,29.762873
2020-05-03 16:30:00,39.2965,29.088203
2020-05-03 16:45:00,38.8575,28.67079
2020-05-03 17:00:00,38.198,28.967682
2020-05-03 17:15:00,37.9785,29.182066
2020-05-03 17:30:00,37.9785,29.389946
2020-05-03 17:45:00,37.539,28.87992
2020-05-03 18:00:00,37.3195,28.589632
2020-05-03 18:15:00,36.8795,28.427057
2020-05-03 18:30:00,36.4405,28.13698
2020-05-03 18:45:00,36.001,28.202206
2020-05-03 19:00:00,35.342,28.638647
2020-05-03 19:15:00,34.6825,28.40571
2020-05-03 19:30:00,33.8035,28.543304
2020-05-03 19:45:00,33.3645,28.106462
2020-05-03 20:00:00,32.9245,27.48368
2020-05-03 20:15:00,32.4855,27.381372
2020-05-03 20:30:00,31.826,27.591295
2020-05-03 20:45:00,31.167,27.521048
2020-05-03 21:00:00,30.7275,28.01992
2020-05-03 21:15:00,30.288,28.522703
2020-05-03 21:30:00,30.0685,28.763693
2020-05-03 21:45:00,29.629,28.710455
2020-05-03 22:00:00,29.4095,28.706234
2020-05-03 22:15:00,28.9695,28.56868
2020-05-03 22:30:00,28.75,28.539232
2020-05-03 22:45:00,28.5305,28.69229
2020-05-03 23:00:00,28.0905,28.763918
2020-05-03 23:15:00,28.0905,28.618113
2020-05-03 23:30:00,27.6515,28.803179
2020-05-03 23:45:00,27.6515,28.10027
2020-05-04 00:00:00,27.212,27.361912
2020-05-04 00:15:00,27.212,26.857225
2020-05-04 00:30:00,26.7725,23.931643
2020-05-04 00:45:00,26.7725,27.466522
2020-05-04 01:00:00,26.333,26.325567
2020-05-04 01:15:00,25.8935,25.458292
2020-05-04 01:30:00,25.8935,26.202509
2020-05-04 01:45:00,25.8935,26.12334
2020-05-04 02:00:00,25.4545,25.88643
2020-05-04 02:15:00,25.4545,26.209562
2020-05-04 02:30:00,25.0145,25.839266
2020-05-04 02:45:00,25.0145,25.544304
2020-05-04 03:00:00,24.5755,25.949121
2020-05-04 03:15:00,24.5755,25.95844
2020-05-04 03:30:00,24.3555,26.169737
2020-05-04 03:45:00,24.1355,25.838522
2020-05-04 04:00:00,24.1355,25.64799
2020-05-04 04:15:00,23.6965,25.906797
2020-05-04 04:30:00,23.6965,25.354017
2020-05-04 04:45:00,23.6965,24.88236
2020-05-04 05:00:00,23.4765,24.752125
2020-05-04 05:15:00,23.2565,24.56152
2020-05-04 05:30:00,23.2565,25.406225
2020-05-04 05:45:00,23.037,25.702978
2020-05-04 06:00:00,22.8175,26.117037
2020-05-04 06:15:00,22.8175,26.387539
2020-05-04 06:30:00,22.8175,26.541063
2020-05-04 06:45:00,23.2565,26.4649
2020-05-04 07:00:00,23.6965,26.741507
2020-05-04 07:15:00,24.1355,27.119438
2020-05-04 07:30:00,24.5755,27.197245
2020-05-04 07:45:00,25.2345,27.242933
2020-05-04 08:00:00,25.894,26.971962
2020-05-04 08:15:00,26.3335,26.467667
2020-05-04 08:30:00,27.2115,26.746744
2020-05-04 08:45:00,27.871,27.012077
2020-05-04 09:00:00,28.75,28.019033
2020-05-04 09:15:00,29.629,29.715029
2020-05-04 09:30:00,30.0685,31.223581
2020-05-04 09:45:00,30.947,31.865753
2020-05-04 10:00:00,31.606,32.471016
2020-05-04 10:15:00,32.925,31.708956
2020-05-04 10:30:00,34.0235,30.436947
2020-05-04 10:45:00,35.1225,29.456493
2020-05-04 11:00:00,35.781,28.703173
2020-05-04 11:15:00,36.2205,28.655989
2020-05-04 11:30:00,36.66,29.216494
2020-05-04 11:45:00,36.88,29.436316
2020-05-04 12:00:00,37.0995,29.937668
2020-05-04 12:15:00,37.539,30.74554
2020-05-04 12:30:00,37.759,31.352795
2020-05-04 12:45:00,38.198,31.710154
2020-05-04 13:00:00,38.8575,32.045883
2020-05-04 13:15:00,39.5165,31.87625
2020-05-04 13:30:00,39.7365,32.099648
2020-05-04 13:45:00,39.7365,32.062607
2020-05-04 14:00:00,39.7365,32.243916
2020-05-04 14:15:00,39.5165,32.315666
2020-05-04 14:30:00,39.7365,32.05661
2020-05-04 14:45:00,40.3955,30.989382
2020-05-04 15:00:00,40.615,30.313198
2020-05-04 15:15:00,40.615,30.076765
2020-05-04 15:30:00,40.176,30.48851
2020-05-04 15:45:00,39.9565,30.515844
2020-05-04 16:00:00,39.7365,30.693289
2020-05-04 16:15:00,39.517,31.093925
2020-05-04 16:30:00,39.077,31.199453
2020-05-04 16:45:00,38.8575,31.5227
2020-05-04 17:00:00,38.418,31.939913
2020-05-04 17:15:00,37.9785,31.79686
2020-05-04 17:30:00,37.759,31.51602
2020-05-04 17:45:00,37.319,31.12169
2020-05-04 18:00:00,37.0995,31.216265
2020-05-04 18:15:00,36.88,31.10499
2020-05-04 18:30:00,36.44,31.211384
2020-05-04 18:45:00,36.2205,31.072151
2020-05-04 19:00:00,35.7815,30.999943
2020-05-04 19:15:00,35.3415,31.022085
2020-05-04 19:30:00,34.9025,30.171732
2020-05-04 19:45:00,34.6825,28.997704
2020-05-04 20:00:00,34.463,27.765547
2020-05-04 20:15:00,34.2435,26.652552
2020-05-04 20:30:00,34.0235,26.261194
2020-05-04 20:45:00,33.8035,25.466396
2020-05-04 21:00:00,33.584,25.636793
2020-05-04 21:15:00,33.3645,25.95758
2020-05-04 21:30:00,33.3645,26.401632
2020-05-04 21:45:00,33.1445,27.24975
2020-05-04 22:00:00,32.9245,27.92241
2020-05-04 22:15:00,32.705,28.309242
2020-05-04 22:30:00,32.2655,28.998198
2020-05-04 22:45:00,32.0455,29.014433
2020-05-04 23:00:00,31.826,29.125324
2020-05-04 23:15:00,31.6065,28.932112
2020-05-04 23:30:00,31.6065,28.592667
2020-05-04 23:45:00,31.6065,27.963526
2020-05-05 00:00:00,31.3865,27.710917
2020-05-05 00:15:00,31.3865,27.552053
2020-05-05 00:30:00,31.3865,24.429544
2020-05-05 00:45:00,31.3865,27.752295
2020-05-05 01:00:00,31.3865,26.03477
2020-05-05 01:15:00,31.3865,25.130896
2020-05-05 01:30:00,31.3865,25.16866
2020-05-05 01:45:00,31.3865,24.766191
2020-05-05 02:00:00,31.167,24.874376
2020-05-05 02:15:00,30.9475,25.22095
2020-05-05 02:30:00,30.9475,25.940767
2020-05-05 02:45:00,30.288,26.071192
2020-05-05 03:00:00,29.4095,26.00115
2020-05-05 03:15:00,28.9695,25.38074
2020-05-05 03:30:00,28.5305,25.41406
2020-05-05 03:45:00,28.0905,25.686697
2020-05-05 04:00:00,27.871,25.980322
2020-05-05 04:15:00,27.6515,26.64636
2020-05-05 04:30:00,27.4315,26.695086
2020-05-05 04:45:00,27.4315,26.55108
2020-05-05 05:00:00,27.4315,26.5044
2020-05-05 05:15:00,27.4315,26.589716
2020-05-05 05:30:00,27.212,26.593224
2020-05-05 05:45:00,26.333,26.044577
2020-05-05 06:00:00,26.1135,26.409502
2020-05-05 06:15:00,25.894,26.61598
2020-05-05 06:30:00,25.894,26.450056
2020-05-05 06:45:00,26.1135,26.657972
2020-05-05 07:00:00,26.333,26.909412
2020-05-05 07:15:00,26.333,26.885366
2020-05-05 07:30:00,25.894,27.175634
2020-05-05 07:45:00,25.454,26.792578
2020-05-05 08:00:00,25.015,26.223444
2020-05-05 08:15:00,24.575,25.924322
2020-05-05 08:30:00,24.136,26.182903
2020-05-05 08:45:00,23.696,26.392893
2020-05-05 09:00:00,23.4765,27.421478
2020-05-05 09:15:00,23.4765,28.73282
2020-05-05 09:30:00,23.257,29.810757
2020-05-05 09:45:00,23.257,30.308367
2020-05-05 10:00:00,23.257,30.75495
2020-05-05 10:15:00,23.4765,30.46655
2020-05-05 10:30:00,23.4765,30.34419
2020-05-05 10:45:00,23.916,30.507635
2020-05-05 11:00:00,24.3555,31.000982
2020-05-05 11:15:00,24.575,31.615622
2020-05-05 11:30:00,25.015,32.380318
2020-05-05 11:45:00,25.454,32.5579
2020-05-05 12:00:00,25.674,32.703682
2020-05-05 12:15:00,26.1135,32.85654
2020-05-05 12:30:00,26.553,32.89654
2020-05-05 12:45:00,26.992,32.550285
2020-05-05 13:00:00,27.651,32.62879
2020-05-05 13:15:00,28.091,32.9293
2020-05-05 13:30:00,28.3105,33.36347
2020-05-05 13:45:00,28.53,33.363564
2020-05-05 14:00:00,28.75,33.44052
2020-05-05 14:15:00,28.53,33.40607
2020-05-05 14:30:00,28.3105,33.484833
2020-05-05 14:45:00,28.3105,33.267464
2020-05-05 15:00:00,28.5305,33.54179
2020-05-05 15:15:00,28.75,33.71482
2020-05-05 15:30:00,29.1895,33.785828
2020-05-05 15:45:00,29.1895,33.6706
2020-05-05 16:00:00,29.1895,33.659615
2020-05-05 16:15:00,29.629,33.513252
2020-05-05 16:30:00,29.849,33.316593
2020-05-05 16:45:00,30.0685,33.07155
2020-05-05 17:00:00,30.0685,32.486244
2020-05-05 17:15:00,30.5075,31.867836
2020-05-05 17:30:00,30.5075,31.613995
2020-05-05 17:45:00,30.5075,31.035158
2020-05-05 18:00:00,30.5075,31.091322
2020-05-05 18:15:00,30.5075,31.040209
2020-05-05 18:30:00,30.5075,31.006416
2020-05-05 18:45:00,30.5075,30.62566
2020-05-05 19:00:00,30.5075,30.551622
2020-05-05 19:15:00,30.5075,30.27611
2020-05-05 19:30:00,30.5075,29.548964
2020-05-05 19:45:00,30.5075,28.165277
2020-05-05 20:00:00,30.5075,27.532125
2020-05-05 20:15:00,30.5075,27.185274
2020-05-05 20:30:00,30.5075,27.655088
2020-05-05 20:45:00,30.5075,28.28
2020-05-05 21:00:00,30.5075,28.604345
2020-05-05 21:15:00,30.5075,28.986803
2020-05-05 21:30:00,30.5075,28.768091
2020-05-05 21:45:00,30.5075,27.867704
2020-05-05 22:00:00,30.5075,27.56121
2020-05-05 22:15:00,30.7275,27.530642
2020-05-05 22:30:00,30.7275,28.212805
2020-05-05 22:45:00,30.9475,29.000132
2020-05-05 23:00:00,30.9475,29.524393
2020-05-05 23:15:00,30.9475,29.89916
2020-05-05 23:30:00,30.5075,29.420647
2020-05-05 23:45:00,30.288,28.942888
2020-05-06 00:00:00,30.068,29.109121
2020-05-06 00:15:00,29.629,28.905432
2020-05-06 00:30:00,29.629,25.464184
2020-05-06 00:45:00,29.629,27.607542
2020-05-06 01:00:00,29.629,25.144163
2020-05-06 01:15:00,29.4095,23.294073
2020-05-06 01:30:00,29.629,23.912836
2020-05-06 01:45:00,29.629,24.290379
2020-05-06 02:00:00,29.629,24.58187
2020-05-06 02:15:00,29.629,25.35818
2020-05-06 02:30:00,29.849,25.48574
2020-05-06 02:45:00,29.849,25.036863
2020-05-06 03:00:00,29.849,24.718113
2020-05-06 03:15:00,29.849,24.717182
2020-05-06 03:30:00,29.629,25.24678
2020-05-06 03:45:00,29.4095,25.47526
2020-05-06 04:00:00,29.1895,25.659874
2020-05-06 04:15:00,29.1895,25.878002
2020-05-06 04:30:00,28.9695,25.7815
2020-05-06 04:45:00,28.75,25.818388
2020-05-06 05:00:00,28.75,25.945902
2020-05-06 05:15:00,28.75,25.961193
2020-05-06 05:30:00,28.75,26.332033
2020-05-06 05:45:00,28.75,26.492754
2020-05-06 06:00:00,28.75,27.06305
2020-05-06 06:15:00,29.1895,26.858927
2020-05-06 06:30:00,29.1895,26.471323
2020-05-06 06:45:00,29.1895,26.311058
2020-05-06 07:00:00,29.629,26.218107
2020-05-06 07:15:00,29.849,26.666796
2020-05-06 07:30:00,30.0685,27.350555
2020-05-06 07:45:00,30.288,26.690172
2020-05-06 08:00:00,30.288,26.701748
2020-05-06 08:15:00,30.7275,26.40353
2020-05-06 08:30:00,30.7275,26.858133
2020-05-06 08:45:00,30.7275,27.837671
2020-05-06 09:00:00,30.288,29.09263
2020-05-06 09:15:00,30.0685,30.511034
2020-05-06 09:30:00,30.0685,30.552618
2020-05-06 09:45:00,29.8485,30.592735
2020-05-06 10:00:00,29.629,30.260767
2020-05-06 10:15:00,29.629,29.740997
2020-05-06 10:30:00,29.629,29.853151
2020-05-06 10:45:00,29.629,29.090893
2020-05-06 11:00:00,29.629,29.044603
2020-05-06 11:15:00,29.629,29.793478
2020-05-06 11:30:00,29.1895,30.930162
2020-05-06 11:45:00,28.5305,31.85628
2020-05-06 12:00:00,28.0905,32.85382
2020-05-06 12:15:00,27.432,33.12442
2020-05-06 12:30:00,27.432,33.12127
2020-05-06 12:45:00,27.432,33.02401
2020-05-06 13:00:00,27.432,33.13978
2020-05-06 13:15:00,27.6515,33.322556
2020-05-06 13:30:00,27.871,33.527374
2020-05-06 13:45:00,28.0905,33.237946
2020-05-06 14:00:00,28.5305,32.909462
2020-05-06 14:15:00,28.75,32.833
2020-05-06 14:30:00,28.75,32.815247
2020-05-06 14:45:00,28.75,32.516632
2020-05-06 15:00:00,28.75,32.973125
2020-05-06 15:15:00,28.9695,33.115685
2020-05-06 15:30:00,29.1895,33.412685
2020-05-06 15:45:00,29.4095,33.41042
2020-05-06 16:00:00,29.629,33.043537
2020-05-06 16:15:00,29.849,33.02865
2020-05-06 16:30:00,30.0685,33.149364
2020-05-06 16:45:00,30.0685,32.831512
2020-05-06 17:00:00,30.0685,32.638992
2020-05-06 17:15:00,29.4095,32.25288
2020-05-06 17:30:00,29.4095,31.679132
2020-05-06 17:45:00,29.4095,30.720736
2020-05-06 18:00:00,29.4095,30.5555
2020-05-06 18:15:00,29.4095,30.088713
2020-05-06 18:30:00,29.629,29.876314
2020-05-06 18:45:00,29.629,30.294168
2020-05-06 19:00:00,29.629,30.495111
2020-05-06 19:15:00,29.629,30.226278
2020-05-06 19:30:00,29.849,29.530487
2020-05-06 19:45:00,29.849,28.028425
2020-05-06 20:00:00,29.629,27.217096
2020-05-06 20:15:00,29.629,26.83383
2020-05-06 20:30:00,29.409,27.044455
2020-05-06 20:45:00,29.1895,26.647764
2020-05-06 21:00:00,29.1895,27.143515
2020-05-06 21:15:00,29.1895,27.578817
2020-05-06 21:30:00,29.1895,28.065855
2020-05-06 21:45:00,28.9695,28.519197
2020-05-06 22:00:00,28.9695,28.629145
2020-05-06 22:15:00,28.9695,28.756617
2020-05-06 22:30:00,28.9695,29.137518
2020-05-06 22:45:00,28.75,29.020498
2020-05-06 23:00:00,28.5305,29.165255
2020-05-06 23:15:00,28.0905,29.494703
2020-05-06 23:30:00,28.0905,29.496542
2020-05-06 23:45:00,27.871,29.763876
2020-05-07 00:00:00,27.4315,30.009344
2020-05-07 00:15:00,27.212,30.08843
2020-05-07 00:30:00,26.9925,27.115995
2020-05-07 00:45:00,26.7725,29.372202
2020-05-07 01:00:00,26.5525,26.93644
2020-05-07 01:15:00,26.5525,25.361948
2020-05-07 01:30:00,26.333,25.03097
2020-05-07 01:45:00,26.333,24.625078
2020-05-07 02:00:00,26.333,24.54904
2020-05-07 02:15:00,26.1135,24.669653
2020-05-07 02:30:00,26.1135,24.887272
2020-05-07 02:45:00,25.8935,25.093353
2020-05-07 03:00:00,25.8935,25.343266
2020-05-07 03:15:00,25.674,25.242828
2020-05-07 03:30:00,25.674,25.640127
2020-05-07 03:45:00,25.674,25.583418
2020-05-07 04:00:00,25.674,25.738964
2020-05-07 04:15:00,25.674,25.858194
2020-05-07 04:30:00,25.674,25.983698
2020-05-07 04:45:00,25.4545,25.942284
2020-05-07 05:00:00,25.4545,26.105827
2020-05-07 05:15:00,25.4545,26.328337
2020-05-07 05:30:00,25.4545,26.784422
2020-05-07 05:45:00,25.4545,26.894314
2020-05-07 06:00:00,25.4545,27.431637
2020-05-07 06:15:00,25.4545,27.621061
2020-05-07 06:30:00,25.4545,27.764175
2020-05-07 06:45:00,25.4545,27.44481
2020-05-07 07:00:00,25.4545,27.496729
2020-05-07 07:15:00,25.4545,27.590256
2020-05-07 07:30:00,25.4545,27.504425
2020-05-07 07:45:00,25.4545,27.098507
2020-05-07 08:00:00,25.4545,26.371904
2020-05-07 08:15:00,25.2345,26.109411
2020-05-07 08:30:00,25.2345,26.53522
2020-05-07 08:45:00,25.2345,27.298372
2020-05-07 09:00:00,25.2345,28.543213
2020-05-07 09:15:00,25.4545,29.488417
2020-05-07 09:30:00,25.4545,30.186216
2020-05-07 09:45:00,25.674,30.427649
2020-05-07 10:00:00,25.8935,30.928476
2020-05-07 10:15:00,25.8935,30.786695
2020-05-07 10:30:00,26.1135,30.55246
2020-05-07 10:45:00,26.1135,30.123678
2020-05-07 11:00:00,26.1135,29.911425
2020-05-07 11:15:00,26.333,29.980764
2020-05-07 11:30:00,26.333,29.95982
2020-05-07 11:45:00,26.333,29.570425
2020-05-07 12:00:00,26.333,29.689808
2020-05-07 12:15:00,26.333,29.925169
2020-05-07 12:30:00,26.7725,30.818193
2020-05-07 12:45:00,27.212,31.312782
2020-05-07 13:00:00,27.212,31.683935
2020-05-07 13:15:00,27.6515,32.173386
2020-05-07 13:30:00,27.6515,32.36361
2020-05-07 13:45:00,27.6515,32.53974
2020-05-07 14:00:00,27.6515,32.769707
2020-05-07 14:15:00,27.6515,32.68528
2020-05-07 14:30:00,27.6515,32.957214
2020-05-07 14:45:00,27.6515,32.755085
2020-05-07 15:00:00,27.6515,33.0969
2020-05-07 15:15:00,27.6515,33.534805
2020-05-07 15:30:00,27.6515,33.39258
2020-05-07 15:45:00,27.6515,33.356094
2020-05-07 16:00:00,27.6515,33.079994
2020-05-07 16:15:00,27.871,32.7948
2020-05-07 16:30:00,27.871,32.842686
2020-05-07 16:45:00,27.871,32.57
2020-05-07 17:00:00,27.871,32.63855
2020-05-07 17:15:00,27.871,32.303375
2020-05-07 17:30:00,27.871,31.915049
2020-05-07 17:45:00,27.871,31.218098
2020-05-07 18:00:00,27.871,30.5838
2020-05-07 18:15:00,27.871,30.088953
2020-05-07 18:30:00,27.871,30.101896
2020-05-07 18:45:00,27.871,29.50273
2020-05-07 19:00:00,27.6515,29.362745
2020-05-07 19:15:00,27.6515,29.03181
2020-05-07 19:30:00,27.6515,28.1761
2020-05-07 19:45:00,27.6515,27.228197
2020-05-07 20:00:00,27.6515,26.469227
2020-05-07 20:15:00,27.432,25.895426
2020-05-07 20:30:00,27.432,25.805489
2020-05-07 20:45:00,27.212,25.785791
2020-05-07 21:00:00,27.212,26.53054
2020-05-07 21:15:00,27.212,27.530304
2020-05-07 21:30:00,27.212,28.37864
2020-05-07 21:45:00,27.212,28.534786
2020-05-07 22:00:00,26.7725,28.515112
2020-05-07 22:15:00,26.7725,28.26534
2020-05-07 22:30:00,26.7725,28.54165
2020-05-07 22:45:00,26.7725,28.667822
2020-05-07 23:00:00,26.7725,28.947737
2020-05-07 23:15:00,26.7725,29.173761
2020-05-07 23:30:00,26.7725,28.885756
2020-05-07 23:45:00,26.7725,28.547941
2020-05-08 00:00:00,26.5525,28.296587
2020-05-08 00:15:00,26.5525,27.510061
2020-05-08 00:30:00,26.333,24.256502
2020-05-08 00:45:00,26.333,26.848263
2020-05-08 01:00:00,26.333,24.53755
2020-05-08 01:15:00,26.333,23.449923
2020-05-08 01:30:00,26.333,23.7978
2020-05-08 01:45:00,26.333,24.209719
2020-05-08 02:00:00,26.333,24.410131
2020-05-08 02:15:00,26.333,24.387003
2020-05-08 02:30:00,26.333,24.705729
2020-05-08 02:45:00,26.333,24.568865
2020-05-08 03:00:00,26.333,25.043308
2020-05-08 03:15:00,26.333,25.339504
2020-05-08 03:30:00,26.333,25.09212
2020-05-08 03:45:00,26.333,24.812273
2020-05-08 04:00:00,26.333,25.098013
2020-05-08 04:15:00,26.333,25.461222
2020-05-08 04:30:00,26.333,26.168499
2020-05-08 04:45:00,26.333,26.151424
2020-05-08 05:00:00,26.333,25.705948
2020-05-08 05:15:00,26.333,25.631601
2020-05-08 05:30:00,25.8935,25.820517
2020-05-08 05:45:00,25.8935,25.897047
2020-05-08 06:00:00,25.8935,26.390516
2020-05-08 06:15:00,25.8935,26.059797
2020-05-08 06:30:00,25.8935,26.31565
2020-05-08 06:45:00,25.8935,26.013319
2020-05-08 07:00:00,25.8935,25.980177
2020-05-08 07:15:00,25.8935,26.25539
2020-05-08 07:30:00,26.1135,26.182186
2020-05-08 07:45:00,26.333,26.057795
2020-05-08 08:00:00,26.7725,25.767939
2020-05-08 08:15:00,26.9925,25.525396
2020-05-08 08:30:00,27.6515,25.813322
2020-05-08 08:45:00,28.3105,26.136745
2020-05-08 09:00:00,28.5305,26.954826
2020-05-08 09:15:00,28.9695,27.741674
2020-05-08 09:30:00,29.4095,28.131895
2020-05-08 09:45:00,29.8485,28.834215
2020-05-08 10:00:00,30.288,28.87762
2020-05-08 10:15:00,30.7275,29.727804
2020-05-08 10:30:00,31.167,30.10166
2020-05-08 10:45:00,32.0455,29.442858
2020-05-08 11:00:00,33.3645,29.83029
2020-05-08 11:15:00,34.243,28.8484
2020-05-08 11:30:00,35.122,28.789755
2020-05-08 11:45:00,35.781,28.26958
2020-05-08 12:00:00,36.66,28.432934
2020-05-08 12:15:00,37.1,29.138819
2020-05-08 12:30:00,37.539,30.062914
2020-05-08 12:45:00,37.7585,30.493284
2020-05-08 13:00:00,37.539,30.51556
2020-05-08 13:15:00,37.539,30.295855
2020-05-08 13:30:00,37.9785,30.001005
2020-05-08 13:45:00,39.0775,29.744646
2020-05-08 14:00:00,39.956,30.074842
2020-05-08 14:15:00,40.835,30.755028
2020-05-08 14:30:00,41.494,31.69699
2020-05-08 14:45:00,41.714,31.731861
2020-05-08 15:00:00,42.153,31.908016
2020-05-08 15:15:00,42.153,32.114613
2020-05-08 15:30:00,41.9335,32.066856
2020-05-08 15:45:00,41.494,31.984598
2020-05-08 16:00:00,41.0545,31.919012
2020-05-08 16:15:00,40.6155,31.975996
2020-05-08 16:30:00,39.956,31.784407
2020-05-08 16:45:00,39.297,31.87141
2020-05-08 17:00:00,38.8575,31.96141
2020-05-08 17:15:00,38.418,31.759123
2020-05-08 17:30:00,37.9785,32.00881
2020-05-08 17:45:00,37.539,31.46855
2020-05-08 18:00:00,37.0995,31.30347
2020-05-08 18:15:00,36.66,30.970182
2020-05-08 18:30:00,36.2205,30.811174
2020-05-08 18:45:00,35.5615,30.576859
2020-05-08 19:00:00,35.122,30.368254
2020-05-08 19:15:00,34.463,29.97164
2020-05-08 19:30:00,34.0235,29.504917
2020-05-08 19:45:00,33.3645,28.385988
2020-05-08 20:00:00,32.9245,27.902151
2020-05-08 20:15:00,32.4855,27.43051
2020-05-08 20:30:00,31.826,27.655798
2020-05-08 20:45:00,31.3865,27.716925
2020-05-08 21:00:00,30.9475,28.200834
2020-05-08 21:15:00,30.5075,28.58097
2020-05-08 21:30:00,30.0685,28.581385
2020-05-08 21:45:00,29.8485,28.622396
2020-05-08 22:00:00,29.4095,28.710575
2020-05-08 22:15:00,29.1895,29.09168
2020-05-08 22:30:00,28.75,29.381813
2020-05-08 22:45:00,28.5305,29.399755
2020-05-08 23:00:00,28.3105,29.448606
2020-05-08 23:15:00,28.0905,29.545835
2020-05-08 23:30:00,27.6515,29.784262
2020-05-08 23:45:00,27.6515,29.743036
2020-05-09 00:00:00,27.212,30.04708
2020-05-09 00:15:00,26.9925,29.614359
2020-05-09 00:30:00,26.7725,26.185543
2020-05-09 00:45:00,26.7725,28.960083
2020-05-09 01:00:00,26.333,26.963453
2020-05-09 01:15:00,26.1135,25.885445
2020-05-09 01:30:00,25.8935,26.088488
2020-05-09 01:45:00,25.4545,25.622889
2020-05-09 02:00:00,25.4545,25.214312
2020-05-09 02:15:00,25.0145,25.186905
2020-05-09 02:30:00,25.0145,25.685228
2020-05-09 02:45:00,24.5755,26.009607
2020-05-09 03:00:00,24.5755,26.06603
2020-05-09 03:15:00,24.5755,26.075027
2020-05-09 03:30:00,24.3555,26.198421
2020-05-09 03:45:00,24.3555,26.069635
2020-05-09 04:00:00,24.1355,26.359966
2020-05-09 04:15:00,23.916,26.367575
2020-05-09 04:30:00,23.6965,26.42637
2020-05-09 04:45:00,23.4765,26.60395
2020-05-09 05:00:00,23.2565,26.725883
2020-05-09 05:15:00,22.8175,26.729177
2020-05-09 05:30:00,22.598,26.723696
2020-05-09 05:45:00,22.378,26.420485
2020-05-09 06:00:00,22.378,26.683733
2020-05-09 06:15:00,22.378,26.670824
2020-05-09 06:30:00,22.378,26.201485
2020-05-09 06:45:00,22.378,26.12472
2020-05-09 07:00:00,22.5975,26.588205
2020-05-09 07:15:00,23.037,26.962038
2020-05-09 07:30:00,23.6965,27.589737
2020-05-09 07:45:00,24.3555,28.16525
2020-05-09 08:00:00,25.015,28.309198
2020-05-09 08:15:00,25.894,28.2119
2020-05-09 08:30:00,26.7725,28.491196
2020-05-09 08:45:00,27.6515,28.276682
2020-05-09 09:00:00,28.5305,28.392714
2020-05-09 09:15:00,29.4095,29.09247
2020-05-09 09:30:00,30.2885,29.72148
2020-05-09 09:45:00,31.167,29.652376
2020-05-09 10:00:00,32.0455,29.895153
2020-05-09 10:15:00,32.9245,29.582842
2020-05-09 10:30:00,34.463,29.314642
2020-05-09 10:45:00,35.3415,29.05403
2020-05-09 11:00:00,36.2205,29.090498
2020-05-09 11:15:00,36.66,29.421122
2020-05-09 11:30:00,36.88,30.129938
2020-05-09 11:45:00,37.3195,30.362621
2020-05-09 12:00:00,37.3195,30.597542
2020-05-09 12:15:00,37.7585,30.739386
2020-05-09 12:30:00,37.759,31.33671
2020-05-09 12:45:00,38.198,31.705
2020-05-09 13:00:00,39.5165,32.551506
2020-05-09 13:15:00,40.176,33.187508
2020-05-09 13:30:00,40.835,33.247807
2020-05-09 13:45:00,41.494,33.17068
2020-05-09 14:00:00,41.9335,33.30735
2020-05-09 14:15:00,42.373,33.460526
2020-05-09 14:30:00,42.373,33.417984
2020-05-09 14:45:00,42.593,32.875313
2020-05-09 15:00:00,42.373,32.652695
2020-05-09 15:15:00,41.9335,32.59675
2020-05-09 15:30:00,41.494,32.95703
2020-05-09 15:45:00,40.6155,32.766617
2020-05-09 16:00:00,39.7365,32.77937
2020-05-09 16:15:00,38.8575,32.234337
2020-05-09 16:30:00,38.418,32.265106
2020-05-09 16:45:00,37.7585,32.184036
2020-05-09 17:00:00,37.0995,32.041946
2020-05-09 17:15:00,36.66,32.298683
2020-05-09 17:30:00,36.001,32.073364
2020-05-09 17:45:00,35.5615,31.331108
2020-05-09 18:00:00,35.122,30.949423
2020-05-09 18:15:00,34.6825,30.619383
2020-05-09 18:30:00,34.2435,30.490671
2020-05-09 18:45:00,33.8035,30.46276
2020-05-09 19:00:00,33.3645,30.796186
2020-05-09 19:15:00,32.9245,30.664972
2020-05-09 19:30:00,32.4855,30.469833
2020-05-09 19:45:00,32.2655,29.951056
2020-05-09 20:00:00,32.0455,29.62092
2020-05-09 20:15:00,31.6065,29.657364
2020-05-09 20:30:00,31.167,29.67532
2020-05-09 20:45:00,30.7275,29.328026
2020-05-09 21:00:00,30.5075,29.190212
2020-05-09 21:15:00,30.288,28.344193
2020-05-09 21:30:00,29.8485,28.597406
2020-05-09 21:45:00,29.4095,27.969408
2020-05-09 22:00:00,29.1895,28.262918
2020-05-09 22:15:00,28.9695,28.820555
2020-05-09 22:30:00,28.75,28.894688
2020-05-09 22:45:00,28.5305,30.064167
2020-05-09 23:00:00,28.3105,30.299192
2020-05-09 23:15:00,28.0905,30.571356
2020-05-09 23:30:00,27.871,30.48933
2020-05-09 23:45:00,27.6515,29.77743
2020-05-10 00:00:00,27.6515,29.827425
2020-05-10 00:15:00,27.6515,29.930687
2020-05-10 00:30:00,27.4315,26.727966
2020-05-10 00:45:00,27.212,29.647322
2020-05-10 01:00:00,27.212,27.983494
2020-05-10 01:15:00,26.7725,26.478346
2020-05-10 01:30:00,26.7725,26.21469
2020-05-10 01:45:00,26.333,25.920778
2020-05-10 02:00:00,26.333,25.763689
2020-05-10 02:15:00,26.1135,26.1266
2020-05-10 02:30:00,25.8935,26.754595
2020-05-10 02:45:00,25.8935,26.89789
2020-05-10 03:00:00,25.8935,26.752676
2020-05-10 03:15:00,25.4545,26.703424
2020-05-10 03:30:00,25.4545,26.815914
2020-05-10 03:45:00,25.2345,26.254332
2020-05-10 04:00:00,25.0145,26.482157
2020-05-10 04:15:00,25.0145,26.474497
2020-05-10 04:30:00,24.795,26.638573
2020-05-10 04:45:00,24.5755,26.8892
2020-05-10 05:00:00,24.5755,27.008413
2020-05-10 05:15:00,24.5755,26.982023
2020-05-10 05:30:00,24.5755,26.898333
2020-05-10 05:45:00,24.1355,26.819685
2020-05-10 06:00:00,24.1355,27.06484
2020-05-10 06:15:00,24.1355,27.107035
2020-05-10 06:30:00,24.1355,27.452509
2020-05-10 06:45:00,24.1355,27.251112
2020-05-10 07:00:00,24.1355,27.471788
2020-05-10 07:15:00,24.5755,27.543825
2020-05-10 07:30:00,24.795,27.866442
2020-05-10 07:45:00,25.0145,27.869444
2020-05-10 08:00:00,25.2345,27.812494
2020-05-10 08:15:00,25.454,27.75873
2020-05-10 08:30:00,25.674,27.859608
2020-05-10 08:45:00,26.1135,27.909395
2020-05-10 09:00:00,26.553,28.707405
2020-05-10 09:15:00,26.992,29.792025
2020-05-10 09:30:00,27.212,30.601492
2020-05-10 09:45:00,27.651,31.183828
2020-05-10 10:00:00,27.871,31.031755
2020-05-10 10:15:00,28.75,30.216112
2020-05-10 10:30:00,29.1895,30.0194
2020-05-10 10:45:00,30.0685,29.285639
2020-05-10 11:00:00,30.7275,29.301565
2020-05-10 11:15:00,31.167,29.468554
2020-05-10 11:30:00,31.3865,29.466232
2020-05-10 11:45:00,31.6065,29.50038
2020-05-10 12:00:00,31.826,29.828302
2020-05-10 12:15:00,31.826,30.60814
2020-05-10 12:30:00,31.826,31.247328
2020-05-10 12:45:00,32.0455,30.987265
2020-05-10 13:00:00,32.2655,31.088808
2020-05-10 13:15:00,33.1445,30.946264
2020-05-10 13:30:00,34.0235,30.988548
2020-05-10 13:45:00,34.0235,31.186037
2020-05-10 14:00:00,35.5615,31.220331
2020-05-10 14:15:00,36.44,31.668402
2020-05-10 14:30:00,37.0995,31.52659
2020-05-10 14:45:00,37.539,30.96723
2020-05-10 15:00:00,37.759,30.631695
2020-05-10 15:15:00,37.9785,30.506834
2020-05-10 15:30:00,37.9785,31.278723
2020-05-10 15:45:00,37.539,31.731577
2020-05-10 16:00:00,36.8795,32.270546
2020-05-10 16:15:00,36.4405,32.39662
2020-05-10 16:30:00,35.781,31.891573
2020-05-10 16:45:00,35.342,31.068325
2020-05-10 17:00:00,34.902,30.845587
2020-05-10 17:15:00,34.2435,30.052156
2020-05-10 17:30:00,33.8035,29.5946
2020-05-10 17:45:00,33.3645,29.33534
2020-05-10 18:00:00,32.9245,29.315157
2020-05-10 18:15:00,32.4855,29.44913
2020-05-10 18:30:00,32.0455,29.475973
2020-05-10 18:45:00,31.6065,29.317322
2020-05-10 19:00:00,31.167,29.300558
2020-05-10 19:15:00,30.947,29.210909
2020-05-10 19:30:00,30.7275,29.139154
2020-05-10 19:45:00,30.288,28.214842
2020-05-10 20:00:00,30.0685,27.59653
2020-05-10 20:15:00,29.8485,26.88539
2020-05-10 20:30:00,29.8485,26.64845
2020-05-10 20:45:00,29.4095,26.433825
2020-05-10 21:00:00,29.4095,26.987146
2020-05-10 21:15:00,29.4095,27.71847
2020-05-10 21:30:00,29.1895,28.771757
2020-05-10 21:45:00,28.9695,29.055132
2020-05-10 22:00:00,28.9695,29.229269
2020-05-10 22:15:00,28.9695,29.297888
2020-05-10 22:30:00,28.5305,29.298382
2020-05-10 22:45:00,28.5305,29.152449
2020-05-10 23:00:00,28.5305,29.134558
2020-05-10 23:15:00,28.3105,28.64327
2020-05-10 23:30:00,28.3105,27.924513
2020-05-10 23:45:00,27.871,27.41812
2020-05-11 00:00:00,27.871,27.338684
2020-05-11 00:15:00,27.871,27.21575
2020-05-11 00:30:00,27.4315,24.12376
2020-05-11 00:45:00,27.4315,26.968075
2020-05-11 01:00:00,27.4315,24.916094
2020-05-11 01:15:00,27.4315,23.595243
2020-05-11 01:30:00,27.4315,24.192228
2020-05-11 01:45:00,27.212,24.431631
2020-05-11 02:00:00,27.212,24.836432
2020-05-11 02:15:00,26.9925,25.398817
2020-05-11 02:30:00,26.9925,25.465792
2020-05-11 02:45:00,26.7725,25.487415
2020-05-11 03:00:00,26.7725,25.327688
2020-05-11 03:15:00,26.7725,25.50499
2020-05-11 03:30:00,26.7725,25.853277
2020-05-11 03:45:00,26.553,25.863749
2020-05-11 04:00:00,26.553,25.72907
2020-05-11 04:15:00,26.333,25.894094
2020-05-11 04:30:00,26.333,26.345663
2020-05-11 04:45:00,26.333,26.422241
2020-05-11 05:00:00,26.1135,26.903944
2020-05-11 05:15:00,26.1135,26.235214
2020-05-11 05:30:00,25.8935,26.159178
2020-05-11 05:45:00,25.8935,25.537426
2020-05-11 06:00:00,25.8935,25.807714
2020-05-11 06:15:00,25.8935,26.621244
2020-05-11 06:30:00,25.8935,27.143621
2020-05-11 06:45:00,25.8935,26.861605
2020-05-11 07:00:00,26.1135,26.836632
2020-05-11 07:15:00,26.1135,26.932768
2020-05-11 07:30:00,26.1135,27.107336
2020-05-11 07:45:00,26.5525,28.068863
2020-05-11 08:00:00,26.5525,28.284214
2020-05-11 08:15:00,26.9925,27.778292
2020-05-11 08:30:00,27.4315,28.016474
2020-05-11 08:45:00,27.651,27.90887
2020-05-11 09:00:00,28.3105,29.164074
2020-05-11 09:15:00,28.75,30.828175
2020-05-11 09:30:00,29.1895,31.898558
2020-05-11 09:45:00,29.1895,32.408936
2020-05-11 10:00:00,29.629,32.904198
2020-05-11 10:15:00,29.629,32.520935
2020-05-11 10:30:00,30.0685,32.291958
2020-05-11 10:45:00,30.0685,31.828646
2020-05-11 11:00:00,30.0685,31.447498
2020-05-11 11:15:00,30.0685,31.699812
2020-05-11 11:30:00,30.0685,31.976805
2020-05-11 11:45:00,30.288,32.1456
2020-05-11 12:00:00,30.5075,32.13078
2020-05-11 12:15:00,30.9475,32.25168
2020-05-11 12:30:00,30.9475,32.222664
2020-05-11 12:45:00,31.3865,32.416786
2020-05-11 13:00:00,31.826,33.031975
2020-05-11 13:15:00,32.2655,33.415474
2020-05-11 13:30:00,32.9245,34.10003
2020-05-11 13:45:00,33.584,33.85887
2020-05-11 14:00:00,34.463,33.971848
2020-05-11 14:15:00,34.6825,33.856102
2020-05-11 14:30:00,35.122,33.70375
2020-05-11 14:45:00,35.7815,33.780792
2020-05-11 15:00:00,36.001,33.957466
2020-05-11 15:15:00,36.4405,33.962936
2020-05-11 15:30:00,36.4405,34.14209
2020-05-11 15:45:00,36.4405,33.69715
2020-05-11 16:00:00,36.4405,33.37166
2020-05-11 16:15:00,36.4405,33.23706
2020-05-11 16:30:00,36.2205,32.974876
2020-05-11 16:45:00,36.001,32.727127
2020-05-11 17:00:00,36.001,32.87607
2020-05-11 17:15:00,35.5615,33.003387
2020-05-11 17:30:00,35.5615,33.13711
2020-05-11 17:45:00,35.3415,32.890366
2020-05-11 18:00:00,35.122,32.486732
2020-05-11 18:15:00,34.9025,32.089535
2020-05-11 18:30:00,34.9025,32.036232
2020-05-11 18:45:00,34.6825,31.625044
2020-05-11 19:00:00,34.463,31.581533
2020-05-11 19:15:00,34.463,31.688261
2020-05-11 19:30:00,34.2435,31.046938
2020-05-11 19:45:00,34.0235,30.069101
2020-05-11 20:00:00,34.0235,29.619913
2020-05-11 20:15:00,34.0235,28.901146
2020-05-11 20:30:00,33.8035,28.754171
2020-05-11 20:45:00,33.584,28.309076
2020-05-11 21:00:00,33.584,28.367292
2020-05-11 21:15:00,33.584,28.405262
2020-05-11 21:30:00,33.584,28.703333
2020-05-11 21:45:00,33.3645,29.064299
2020-05-11 22:00:00,33.3645,28.782196
2020-05-11 22:15:00,33.3645,29.10723
2020-05-11 22:30:00,33.1445,29.723373
2020-05-11 22:45:00,33.1445,29.718878
2020-05-11 23:00:00,32.9245,30.146917
2020-05-11 23:15:00,32.9245,29.83584
2020-05-11 23:30:00,32.9245,29.560354
2020-05-11 23:45:00,32.9245,29.437662
2020-05-12 00:00:00,32.705,29.504475
2020-05-12 00:15:00,32.4855,29.463762
2020-05-12 00:30:00,32.4855,26.217886
2020-05-12 00:45:00,32.2655,28.67652
2020-05-12 01:00:00,32.2655,26.038712
2020-05-12 01:15:00,32.2655,24.377144
2020-05-12 01:30:00,32.0455,24.705086
2020-05-12 01:45:00,32.0455,24.70718
2020-05-12 02:00:00,31.826,25.119768
2020-05-12 02:15:00,31.826,25.768238
2020-05-12 02:30:00,31.826,25.774252
2020-05-12 02:45:00,31.826,25.297686
2020-05-12 03:00:00,31.3865,25.705622
2020-05-12 03:15:00,30.7275,25.506102
2020-05-12 03:30:00,30.068,25.89071
2020-05-12 03:45:00,29.4095,26.00044
2020-05-12 04:00:00,29.1895,25.511242
2020-05-12 04:15:00,28.75,25.421688
2020-05-12 04:30:00,28.53,25.863901
2020-05-12 04:45:00,28.3105,26.16441
2020-05-12 05:00:00,28.0905,26.435236
2020-05-12 05:15:00,27.871,26.427668
2020-05-12 05:30:00,27.871,26.255327
2020-05-12 05:45:00,27.6515,25.883318
2020-05-12 06:00:00,27.6515,25.654423
2020-05-12 06:15:00,27.6515,26.16828
2020-05-12 06:30:00,27.6515,26.26827
2020-05-12 06:45:00,27.6515,26.110813
2020-05-12 07:00:00,27.6515,26.919363
2020-05-12 07:15:00,27.6515,27.118563
2020-05-12 07:30:00,27.4315,27.304241
2020-05-12 07:45:00,27.212,27.413858
2020-05-12 08:00:00,26.7725,27.311716
2020-05-12 08:15:00,26.7725,26.968117
2020-05-12 08:30:00,26.7725,27.582458
2020-05-12 08:45:00,26.553,27.845308
2020-05-12 09:00:00,26.553,28.402689
2020-05-12 09:15:00,26.553,29.362734
2020-05-12 09:30:00,26.992,29.742525
2020-05-12 09:45:00,27.212,29.845232
2020-05-12 10:00:00,27.6515,30.151272
2020-05-12 10:15:00,28.0905,30.184593
2020-05-12 10:30:00,28.3105,30.419327
2020-05-12 10:45:00,28.75,30.610643
2020-05-12 11:00:00,29.1895,31.25293
2020-05-12 11:15:00,29.629,32.018604
2020-05-12 11:30:00,30.0685,32.982067
2020-05-12 11:45:00,30.0685,33.44838
2020-05-12 12:00:00,30.288,33.7034
2020-05-12 12:15:00,30.5075,33.689323
2020-05-12 12:30:00,30.7275,33.43989
2020-05-12 12:45:00,30.9475,32.889038
2020-05-12 13:00:00,30.9475,32.80942
2020-05-12 13:15:00,31.167,33.014637
2020-05-12 13:30:00,31.6065,33.577568
2020-05-12 13:45:00,31.6065,33.60706
2020-05-12 14:00:00,32.0455,33.871178
2020-05-12 14:15:00,32.0455,33.96843
2020-05-12 14:30:00,32.0455,33.603508
2020-05-12 14:45:00,32.0455,33.34678
2020-05-12 15:00:00,32.0455,33.534874
2020-05-12 15:15:00,32.2655,33.83664
2020-05-12 15:30:00,32.2655,34.1424
2020-05-12 15:45:00,32.2655,33.966316
2020-05-12 16:00:00,32.4855,33.881775
2020-05-12 16:15:00,32.4855,33.7163
2020-05-12 16:30:00,32.4855,33.593803
2020-05-12 16:45:00,32.4855,32.983513
2020-05-12 17:00:00,32.2655,32.728203
2020-05-12 17:15:00,32.2655,32.567905
2020-05-12 17:30:00,32.046,32.410088
2020-05-12 17:45:00,32.046,32.18299
2020-05-12 18:00:00,32.046,31.962605
2020-05-12 18:15:00,32.046,31.607689
2020-05-12 18:30:00,31.826,31.406656
2020-05-12 18:45:00,31.826,31.389166
2020-05-12 19:00:00,31.826,31.356577
2020-05-12 19:15:00,31.6065,31.15078
2020-05-12 19:30:00,31.167,30.55707
2020-05-12 19:45:00,31.167,29.257343
2020-05-12 20:00:00,30.7275,28.826008
2020-05-12 20:15:00,30.7275,28.302076
2020-05-12 20:30:00,30.5075,28.615387
2020-05-12 20:45:00,30.288,28.396585
2020-05-12 21:00:00,30.0685,28.592062
2020-05-12 21:15:00,30.0685,28.893644
2020-05-12 21:30:00,29.8485,28.661245
2020-05-12 21:45:00,29.8485,28.840574
2020-05-12 22:00:00,29.629,28.826208
2020-05-12 22:15:00,29.4095,28.595606
2020-05-12 22:30:00,29.4095,28.710983
2020-05-12 22:45:00,28.9695,28.164091
2020-05-12 23:00:00,28.9695,27.818718
2020-05-12 23:15:00,28.75,27.876196
2020-05-12 23:30:00,28.5305,28.04606
2020-05-12 23:45:00,28.5305,27.894897
2020-05-13 00:00:00,28.5305,28.136698
2020-05-13 00:15:00,28.5305,28.173395
2020-05-13 00:30:00,28.5305,25.254383
2020-05-13 00:45:00,28.5305,28.138391
2020-05-13 01:00:00,28.3105,26.173822
2020-05-13 01:15:00,28.0905,24.703455
2020-05-13 01:30:00,28.0905,24.93447
2020-05-13 01:45:00,28.0905,25.078161
2020-05-13 02:00:00,27.871,25.149137
2020-05-13 02:15:00,27.6515,24.832964
2020-05-13 02:30:00,27.6515,24.520529
2020-05-13 02:45:00,27.6515,24.043303
2020-05-13 03:00:00,27.6515,24.457281
2020-05-13 03:15:00,27.6515,24.875307
2020-05-13 03:30:00,27.212,24.649479
2020-05-13 03:45:00,27.212,24.584711
2020-05-13 04:00:00,27.212,24.489695
2020-05-13 04:15:00,27.212,24.475779
2020-05-13 04:30:00,27.212,24.882343
2020-05-13 04:45:00,27.212,24.83586
2020-05-13 05:00:00,26.9925,24.798801
2020-05-13 05:15:00,26.9925,25.135164
2020-05-13 05:30:00,26.9925,25.38564
2020-05-13 05:45:00,26.9925,25.548893
2020-05-13 06:00:00,26.9925,26.228662
2020-05-13 06:15:00,26.9925,26.169704
2020-05-13 06:30:00,26.9925,26.658585
2020-05-13 06:45:00,26.9925,26.531153
2020-05-13 07:00:00,26.9925,26.797132
2020-05-13 07:15:00,27.4315,27.19975
2020-05-13 07:30:00,27.6515,27.256044
2020-05-13 07:45:00,28.0905,27.082724
2020-05-13 08:00:00,28.5305,26.54033
2020-05-13 08:15:00,29.1895,26.226252
2020-05-13 08:30:00,29.849,26.674843
2020-05-13 08:45:00,30.508,27.05273
2020-05-13 09:00:00,31.1665,28.411448
2020-05-13 09:15:00,32.0455,29.897436
2020-05-13 09:30:00,32.9245,30.597322
2020-05-13 09:45:00,33.584,30.882782
2020-05-13 10:00:00,34.243,30.513794
2020-05-13 10:15:00,35.3415,30.179356
2020-05-13 10:30:00,36.44,30.238894
2020-05-13 10:45:00,37.759,29.979856
2020-05-13 11:00:00,38.638,30.301619
2020-05-13 11:15:00,39.517,30.724924
2020-05-13 11:30:00,39.956,31.391846
2020-05-13 11:45:00,40.176,32.00232
2020-05-13 12:00:00,40.3955,32.850204
2020-05-13 12:15:00,40.6155,33.252075
2020-05-13 12:30:00,41.055,33.580193
2020-05-13 12:45:00,41.274,33.0682
2020-05-13 13:00:00,42.153,32.31704
2020-05-13 13:15:00,42.593,31.818987
2020-05-13 13:30:00,43.032,31.897364
2020-05-13 13:45:00,43.252,31.66825
2020-05-13 14:00:00,43.6915,32.059193
2020-05-13 14:15:00,44.3505,32.996742
2020-05-13 14:30:00,44.3505,33.63594
2020-05-13 14:45:00,44.5705,33.774353
2020-05-13 15:00:00,44.5705,34.25319
2020-05-13 15:15:00,44.5705,34.074265
2020-05-13 15:30:00,44.3505,34.031204
2020-05-13 15:45:00,43.9115,33.967674
2020-05-13 16:00:00,43.6915,33.315907
2020-05-13 16:15:00,43.252,32.644005
2020-05-13 16:30:00,43.032,32.343544
2020-05-13 16:45:00,42.8125,32.065544
2020-05-13 17:00:00,42.593,32.48738
2020-05-13 17:15:00,42.153,32.586914
2020-05-13 17:30:00,41.714,32.505993
2020-05-13 17:45:00,41.274,31.772793
2020-05-13 18:00:00,40.835,31.401108
2020-05-13 18:15:00,40.6155,31.361391
2020-05-13 18:30:00,40.1755,31.263441
2020-05-13 18:45:00,39.7365,31.446678
2020-05-13 19:00:00,39.297,31.655153
2020-05-13 19:15:00,38.8575,31.397669
2020-05-13 19:30:00,38.418,30.79519
2020-05-13 19:45:00,37.9785,29.927507
2020-05-13 20:00:00,37.539,29.184652
2020-05-13 20:15:00,37.0995,28.86571
2020-05-13 20:30:00,36.66,28.989328
2020-05-13 20:45:00,36.2205,28.564798
2020-05-13 21:00:00,36.001,28.72235
2020-05-13 21:15:00,35.5615,28.560347
2020-05-13 21:30:00,35.3415,29.04173
2020-05-13 21:45:00,34.9025,29.286156
2020-05-13 22:00:00,34.6825,29.615181
2020-05-13 22:15:00,34.463,29.82711
2020-05-13 22:30:00,34.2435,29.970201
2020-05-13 22:45:00,34.2435,29.795004
2020-05-13 23:00:00,34.0235,29.489569
2020-05-13 23:15:00,34.0235,29.202188
2020-05-13 23:30:00,33.8035,28.877432
2020-05-13 23:45:00,33.8035,28.523071
2020-05-14 00:00:00,33.8035,28.579533
2020-05-14 00:15:00,33.584,28.970005
2020-05-14 00:30:00,33.3645,26.094057
2020-05-14 00:45:00,33.3645,29.050379
2020-05-14 01:00:00,33.3645,27.275347
2020-05-14 01:15:00,32.9245,25.9794
2020-05-14 01:30:00,32.9245,26.213223
2020-05-14 01:45:00,32.9245,26.210592
2020-05-14 02:00:00,32.705,26.191679
2020-05-14 02:15:00,32.705,26.151133
2020-05-14 02:30:00,32.705,25.908064
2020-05-14 02:45:00,32.705,25.871122
2020-05-14 03:00:00,32.485,26.053846
2020-05-14 03:15:00,32.485,26.065485
2020-05-14 03:30:00,32.485,26.366861
2020-05-14 03:45:00,32.2655,26.2508
2020-05-14 04:00:00,32.2655,26.429617
2020-05-14 04:15:00,32.2655,26.461258
2020-05-14 04:30:00,32.2655,26.691916
2020-05-14 04:45:00,32.046,26.515364
2020-05-14 05:00:00,31.826,26.735569
2020-05-14 05:15:00,31.826,26.792368
2020-05-14 05:30:00,31.826,26.658655
2020-05-14 05:45:00,31.606,25.908861
2020-05-14 06:00:00,31.606,25.793167
2020-05-14 06:15:00,31.606,25.846668
2020-05-14 06:30:00,31.606,26.539806
2020-05-14 06:45:00,31.826,26.954782
2020-05-14 07:00:00,32.046,27.352072
2020-05-14 07:15:00,32.485,27.549898
2020-05-14 07:30:00,32.485,27.53607
2020-05-14 07:45:00,32.925,27.307547
2020-05-14 08:00:00,33.364,26.984333
2020-05-14 08:15:00,34.0235,26.83772
2020-05-14 08:30:00,34.6825,27.128336
2020-05-14 08:45:00,35.342,28.211245
2020-05-14 09:00:00,35.781,30.049692
2020-05-14 09:15:00,36.4405,31.755716
2020-05-14 09:30:00,37.0995,33.211246
2020-05-14 09:45:00,37.539,33.67765
2020-05-14 10:00:00,38.198,33.526165
2020-05-14 10:15:00,38.8575,33.08008
2020-05-14 10:30:00,39.9565,32.77584
2020-05-14 10:45:00,40.8345,32.127903
2020-05-14 11:00:00,41.7135,31.992968
2020-05-14 11:15:00,41.9335,32.121414
2020-05-14 11:30:00,42.153,32.48345
2020-05-14 11:45:00,42.593,32.47534
2020-05-14 12:00:00,42.8125,32.738785
2020-05-14 12:15:00,43.4715,33.297028
2020-05-14 12:30:00,43.911,33.58638
2020-05-14 12:45:00,43.911,33.81694
2020-05-14 13:00:00,43.911,34.042084
2020-05-14 13:15:00,43.911,33.943943
2020-05-14 13:30:00,43.911,34.050713
2020-05-14 13:45:00,43.911,33.883644
2020-05-14 14:00:00,43.911,34.050747
2020-05-14 14:15:00,43.911,34.376816
2020-05-14 14:30:00,43.911,34.65538
2020-05-14 14:45:00,44.131,34.672493
2020-05-14 15:00:00,44.351,35.02378
2020-05-14 15:15:00,44.79,35.133606
2020-05-14 15:30:00,45.449,35.360336
2020-05-14 15:45:00,45.449,35.168137
2020-05-14 16:00:00,45.449,34.854095
2020-05-14 16:15:00,45.449,34.791763
2020-05-14 16:30:00,45.2295,34.71634
2020-05-14 16:45:00,45.2295,34.469627
2020-05-14 17:00:00,44.79,34.563614
2020-05-14 17:15:00,44.79,34.35894
2020-05-14 17:30:00,44.5705,34.323196
2020-05-14 17:45:00,44.351,33.8421
2020-05-14 18:00:00,44.131,33.25863
2020-05-14 18:15:00,43.911,32.98726
2020-05-14 18:30:00,43.6915,32.551964
2020-05-14 18:45:00,43.252,32.433083
2020-05-14 19:00:00,43.252,32.485832
2020-05-14 19:15:00,42.8125,31.983143
2020-05-14 19:30:00,42.373,31.220047
2020-05-14 19:45:00,41.9335,29.854887
2020-05-14 20:00:00,41.7135,29.073164
2020-05-14 20:15:00,41.494,28.863525
2020-05-14 20:30:00,41.2745,29.01528
2020-05-14 20:45:00,40.835,29.04584
2020-05-14 21:00:00,40.6155,28.970081
2020-05-14 21:15:00,40.3955,28.761646
2020-05-14 21:30:00,40.1755,29.377333
2020-05-14 21:45:00,39.956,29.381416
2020-05-14 22:00:00,39.956,29.599306
2020-05-14 22:15:00,39.956,29.764702
2020-05-14 22:30:00,39.956,29.664139
2020-05-14 22:45:00,39.517,29.247036
2020-05-14 23:00:00,39.517,29.453627
2020-05-14 23:15:00,39.517,29.540407
2020-05-14 23:30:00,39.517,29.778307
2020-05-14 23:45:00,39.297,29.81853
2020-05-15 00:00:00,39.297,29.911495
2020-05-15 00:15:00,39.077,29.830105
2020-05-15 00:30:00,38.8575,26.73638
2020-05-15 00:45:00,38.8575,29.41223
2020-05-15 01:00:00,38.8575,27.122528
2020-05-15 01:15:00,38.638,25.368578
2020-05-15 01:30:00,38.418,24.859324
2020-05-15 01:45:00,38.418,24.423334
2020-05-15 02:00:00,38.198,24.521536
2020-05-15 02:15:00,37.9785,25.124395
2020-05-15 02:30:00,37.759,26.010487
2020-05-15 02:45:00,37.759,26.304396
2020-05-15 03:00:00,37.319,26.14465
2020-05-15 03:15:00,37.319,25.701855
2020-05-15 03:30:00,37.319,25.55732
2020-05-15 03:45:00,37.0995,25.251474
2020-05-15 04:00:00,36.88,25.464363
2020-05-15 04:15:00,36.88,25.712835
2020-05-15 04:30:00,36.88,25.327785
2020-05-15 04:45:00,36.44,25.056067
2020-05-15 05:00:00,36.44,25.594193
2020-05-15 05:15:00,36.44,25.759897
2020-05-15 05:30:00,36.44,26.157917
2020-05-15 05:45:00,36.2205,26.375374
2020-05-15 06:00:00,36.2205,26.702314
2020-05-15 06:15:00,36.2205,27.021841
2020-05-15 06:30:00,36.2205,27.614359
2020-05-15 06:45:00,36.44,27.428322
2020-05-15 07:00:00,36.44,26.990004
2020-05-15 07:15:00,36.66,27.31854
2020-05-15 07:30:00,36.88,27.700354
2020-05-15 07:45:00,37.319,27.550356
2020-05-15 08:00:00,37.9785,27.632353
2020-05-15 08:15:00,38.6375,27.606073
2020-05-15 08:30:00,39.0775,28.34811
2020-05-15 08:45:00,39.7365,30.242971
2020-05-15 09:00:00,40.3955,32.24758
2020-05-15 09:15:00,41.0545,33.80935
2020-05-15 09:30:00,41.494,34.736534
2020-05-15 09:45:00,42.1535,34.851936
2020-05-15 10:00:00,42.8125,35.181488
2020-05-15 10:15:00,43.6915,34.897774
2020-05-15 10:30:00,44.5705,34.877327
2020-05-15 10:45:00,45.2295,34.551353
2020-05-15 11:00:00,46.1085,34.380768
2020-05-15 11:15:00,46.7675,34.77299
2020-05-15 11:30:00,46.987,34.837704
2020-05-15 11:45:00,47.207,34.53032
2020-05-15 12:00:00,47.207,34.602325
2020-05-15 12:15:00,47.4265,34.308685
2020-05-15 12:30:00,47.4265,34.185883
2020-05-15 12:45:00,47.207,34.40267
2020-05-15 13:00:00,47.207,34.540062
2020-05-15 13:15:00,47.427,35.087105
2020-05-15 13:30:00,47.6465,35.70674
2020-05-15 13:45:00,47.6465,35.64779
2020-05-15 14:00:00,47.8665,35.918747
2020-05-15 14:15:00,48.086,36.027374
2020-05-15 14:30:00,48.3055,35.821617
2020-05-15 14:45:00,48.3055,35.243675
2020-05-15 15:00:00,48.3055,35.25599
2020-05-15 15:15:00,48.3055,35.23111
2020-05-15 15:30:00,48.3055,35.5004
2020-05-15 15:45:00,48.3055,35.52427
2020-05-15 16:00:00,48.086,35.44625
2020-05-15 16:15:00,48.086,35.03222
2020-05-15 16:30:00,47.866,35.182964
2020-05-15 16:45:00,47.866,35.199303
2020-05-15 17:00:00,47.6465,34.989357
2020-05-15 17:15:00,47.427,35.11492
2020-05-15 17:30:00,47.207,34.82856
2020-05-15 17:45:00,46.987,34.499672
2020-05-15 18:00:00,46.548,34.770844
2020-05-15 18:15:00,46.548,34.586143
2020-05-15 18:30:00,46.108,34.546986
2020-05-15 18:45:00,45.8885,34.078613
2020-05-15 19:00:00,45.4495,33.787014
2020-05-15 19:15:00,45.2295,33.33229
2020-05-15 19:30:00,44.79,32.49408
2020-05-15 19:45:00,44.5705,31.053709
2020-05-15 20:00:00,44.131,30.160627
2020-05-15 20:15:00,43.911,29.613653
2020-05-15 20:30:00,43.472,29.756098
2020-05-15 20:45:00,43.472,30.010178
2020-05-15 21:00:00,43.032,29.917166
2020-05-15 21:15:00,42.593,29.88803
2020-05-15 21:30:00,42.593,29.827364
2020-05-15 21:45:00,42.593,29.216265
2020-05-15 22:00:00,42.373,28.911226
2020-05-15 22:15:00,42.153,28.58393
2020-05-15 22:30:00,42.153,28.3036
2020-05-15 22:45:00,42.153,27.787508
2020-05-15 23:00:00,41.9335,27.71993
2020-05-15 23:15:00,41.9335,27.409811
2020-05-15 23:30:00,41.714,27.222574
2020-05-15 23:45:00,41.714,26.992792
2020-05-16 00:00:00,41.714,26.840393
2020-05-16 00:15:00,41.494,26.43382
2020-05-16 00:30:00,41.494,23.105871
2020-05-16 00:45:00,41.274,25.92005
2020-05-16 01:00:00,41.274,23.721022
2020-05-16 01:15:00,41.0545,22.722155
2020-05-16 01:30:00,41.0545,23.060843
2020-05-16 01:45:00,40.835,23.14715
2020-05-16 02:00:00,40.835,23.432264
2020-05-16 02:15:00,40.835,23.321005
2020-05-16 02:30:00,40.6155,23.488932
2020-05-16 02:45:00,40.6155,23.497257
2020-05-16 03:00:00,40.6155,24.075119
2020-05-16 03:15:00,40.3955,24.312529
2020-05-16 03:30:00,40.3955,24.52711
2020-05-16 03:45:00,40.3955,24.119986
2020-05-16 04:00:00,40.1755,23.819992
2020-05-16 04:15:00,40.1755,23.793396
2020-05-16 04:30:00,40.1755,23.85797
2020-05-16 04:45:00,39.956,23.950365
2020-05-16 05:00:00,39.956,24.337465
2020-05-16 05:15:00,39.956,24.658028
2020-05-16 05:30:00,39.956,25.09628
2020-05-16 05:45:00,39.956,25.407259
2020-05-16 06:00:00,39.956,25.81972
2020-05-16 06:15:00,39.956,26.46211
2020-05-16 06:30:00,39.956,26.855783
2020-05-16 06:45:00,39.956,26.856379
2020-05-16 07:00:00,39.956,27.108074
2020-05-16 07:15:00,39.956,26.982935
2020-05-16 07:30:00,39.956,27.413645
2020-05-16 07:45:00,39.956,27.35804
2020-05-16 08:00:00,40.1755,27.586243
2020-05-16 08:15:00,40.3955,28.128761
2020-05-16 08:30:00,40.8345,28.677904
2020-05-16 08:45:00,41.494,29.53183
2020-05-16 09:00:00,42.373,30.946234
2020-05-16 09:15:00,42.8125,32.305145
2020-05-16 09:30:00,43.252,33.69728
2020-05-16 09:45:00,43.9115,34.64189
2020-05-16 10:00:00,44.131,34.892372
2020-05-16 10:15:00,45.01,34.521835
2020-05-16 10:30:00,45.6685,33.878624
2020-05-16 10:45:00,46.5475,32.977695
2020-05-16 11:00:00,47.207,32.66115
2020-05-16 11:15:00,47.6465,32.973873
2020-05-16 11:30:00,47.866,33.597237
2020-05-16 11:45:00,47.8665,33.889877
2020-05-16 12:00:00,47.6465,34.068657
2020-05-16 12:15:00,47.866,34.099472
2020-05-16 12:30:00,48.3055,34.48695
2020-05-16 12:45:00,48.5255,34.365944
2020-05-16 13:00:00,49.185,34.681053
2020-05-16 13:15:00,49.624,35.060608
2020-05-16 13:30:00,49.844,34.90811
2020-05-16 13:45:00,50.0635,34.713707
2020-05-16 14:00:00,50.283,34.19326
2020-05-16 14:15:00,50.7225,33.8209
2020-05-16 14:30:00,50.7225,34.20546
2020-05-16 14:45:00,50.7225,34.108185
2020-05-16 15:00:00,50.503,34.53086
2020-05-16 15:15:00,50.503,34.759666
2020-05-16 15:30:00,50.0635,34.892937
2020-05-16 15:45:00,49.844,34.855812
2020-05-16 16:00:00,49.4045,35.501553
2020-05-16 16:15:00,48.965,35.68952
2020-05-16 16:30:00,48.5255,36.047432
2020-05-16 16:45:00,48.5255,35.854782
2020-05-16 17:00:00,48.306,35.481636
2020-05-16 17:15:00,48.086,35.120674
2020-05-16 17:30:00,47.866,34.967915
2020-05-16 17:45:00,47.866,34.64686
2020-05-16 18:00:00,47.6465,34.3823
2020-05-16 18:15:00,47.427,34.34017
2020-05-16 18:30:00,46.987,34.143852
2020-05-16 18:45:00,46.7675,33.906876
2020-05-16 19:00:00,46.548,33.59986
2020-05-16 19:15:00,46.328,32.991768
2020-05-16 19:30:00,45.8885,32.429024
2020-05-16 19:45:00,45.669,31.421368
2020-05-16 20:00:00,45.4495,31.2301
2020-05-16 20:15:00,45.0095,31.201155
2020-05-16 20:30:00,44.5705,31.346315
2020-05-16 20:45:00,44.5705,31.685417
2020-05-16 21:00:00,44.131,31.998209
2020-05-16 21:15:00,43.9115,31.834917
2020-05-16 21:30:00,43.6915,31.684467
2020-05-16 21:45:00,43.4715,31.144434
2020-05-16 22:00:00,43.252,30.941896
2020-05-16 22:15:00,43.0325,31.055847
2020-05-16 22:30:00,42.8125,31.372728
2020-05-16 22:45:00,42.373,30.911852
2020-05-16 23:00:00,42.373,30.462059
2020-05-16 23:15:00,41.9335,30.118246
2020-05-16 23:30:00,41.9335,29.62913
2020-05-16 23:45:00,41.494,29.612059
2020-05-17 00:00:00,41.494,30.150486
2020-05-17 00:15:00,41.0545,30.035103
2020-05-17 00:30:00,41.0545,26.831429
2020-05-17 00:45:00,40.835,29.039259
2020-05-17 01:00:00,40.6155,26.324831
2020-05-17 01:15:00,40.1755,24.997377
2020-05-17 01:30:00,39.956,25.119915
2020-05-17 01:45:00,39.297,25.395319
2020-05-17 02:00:00,38.8575,25.632101
2020-05-17 02:15:00,38.8575,25.551598
2020-05-17 02:30:00,38.418,25.691374
2020-05-17 02:45:00,37.9785,24.7906
2020-05-17 03:00:00,37.539,24.308222
2020-05-17 03:15:00,36.001,23.816088
2020-05-17 03:30:00,34.6825,23.795547
2020-05-17 03:45:00,34.2435,24.038578
2020-05-17 04:00:00,33.8035,24.326803
2020-05-17 04:15:00,33.8035,24.448645
2020-05-17 04:30:00,33.584,24.238394
2020-05-17 04:45:00,33.364,23.63888
2020-05-17 05:00:00,33.1445,23.74949
2020-05-17 05:15:00,32.485,24.065754
2020-05-17 05:30:00,32.046,24.659689
2020-05-17 05:45:00,31.826,24.878084
2020-05-17 06:00:00,31.3865,25.292645
2020-05-17 06:15:00,30.9475,25.531067
2020-05-17 06:30:00,30.7275,25.777294
2020-05-17 06:45:00,30.5075,25.930258
2020-05-17 07:00:00,30.5075,26.234432
2020-05-17 07:15:00,30.7275,26.28637
2020-05-17 07:30:00,31.167,26.424095
2020-05-17 07:45:00,31.167,26.133064
2020-05-17 08:00:00,31.167,26.095312
2020-05-17 08:15:00,30.7275,25.859776
2020-05-17 08:30:00,30.288,26.248869
2020-05-17 08:45:00,29.849,26.90572
2020-05-17 09:00:00,29.409,28.015648
2020-05-17 09:15:00,29.409,29.50092
2020-05-17 09:30:00,29.629,30.47803
2020-05-17 09:45:00,30.288,30.966942
2020-05-17 10:00:00,30.7275,31.457699
2020-05-17 10:15:00,31.3865,30.829931
2020-05-17 10:30:00,32.2655,30.445738
2020-05-17 10:45:00,33.1445,29.478415
2020-05-17 11:00:00,34.463,28.82461
2020-05-17 11:15:00,35.781,28.929262
2020-05-17 11:30:00,36.66,29.102272
2020-05-17 11:45:00,37.319,29.172413
2020-05-17 12:00:00,37.9785,29.20003
2020-05-17 12:15:00,38.638,29.101158
2020-05-17 12:30:00,39.297,29.451702
2020-05-17 12:45:00,40.1755,29.35267
2020-05-17 13:00:00,41.0545,29.849598
2020-05-17 13:15:00,41.494,30.650492
2020-05-17 13:30:00,41.9335,30.81859
2020-05-17 13:45:00,42.153,30.843925
2020-05-17 14:00:00,42.593,31.080976
2020-05-17 14:15:00,43.032,31.308214
2020-05-17 14:30:00,43.252,31.831947
2020-05-17 14:45:00,43.6915,32.778706
2020-05-17 15:00:00,43.6915,33.31724
2020-05-17 15:15:00,43.6915,33.743706
2020-05-17 15:30:00,43.6915,34.408203
2020-05-17 15:45:00,43.6915,34.02287
2020-05-17 16:00:00,43.472,34.229225
2020-05-17 16:15:00,42.8125,34.364426
2020-05-17 16:30:00,42.593,34.351845
2020-05-17 16:45:00,42.373,34.18734
2020-05-17 17:00:00,42.1535,34.201107
2020-05-17 17:15:00,41.9335,34.13336
2020-05-17 17:30:00,41.7135,33.47132
2020-05-17 17:45:00,41.494,32.82329
2020-05-17 18:00:00,41.2745,32.517555
2020-05-17 18:15:00,41.0545,32.269363
2020-05-17 18:30:00,40.835,32.484573
2020-05-17 18:45:00,40.6155,32.626476
2020-05-17 19:00:00,40.6155,32.6661
2020-05-17 19:15:00,40.1755,32.48153
2020-05-17 19:30:00,40.1755,31.926313
2020-05-17 19:45:00,39.7365,30.818796
2020-05-17 20:00:00,39.7365,30.255724
2020-05-17 20:15:00,39.297,29.46248
2020-05-17 20:30:00,39.297,29.404947
2020-05-17 20:45:00,39.0775,29.23276
2020-05-17 21:00:00,38.8575,29.60337
2020-05-17 21:15:00,38.6375,30.1687
2020-05-17 21:30:00,38.418,30.445547
2020-05-17 21:45:00,38.1985,30.446005
2020-05-17 22:00:00,37.9785,30.03393
2020-05-17 22:15:00,37.9785,30.093544
2020-05-17 22:30:00,37.7585,29.734728
2020-05-17 22:45:00,37.539,28.890507
2020-05-17 23:00:00,37.539,29.179638
2020-05-17 23:15:00,37.539,28.803751
2020-05-17 23:30:00,37.0995,28.90151
2020-05-17 23:45:00,37.0995,28.81872
2020-05-18 00:00:00,36.8795,28.515549
2020-05-18 00:15:00,36.8795,28.53732
2020-05-18 00:30:00,36.66,25.629673
2020-05-18 00:45:00,36.66,28.956959
2020-05-18 01:00:00,36.4405,26.939543
2020-05-18 01:15:00,36.4405,25.504057
2020-05-18 01:30:00,36.2205,25.392359
2020-05-18 01:45:00,36.2205,25.46656
2020-05-18 02:00:00,36.2205,25.853628
2020-05-18 02:15:00,36.001,26.064398
2020-05-18 02:30:00,36.001,26.80387
2020-05-18 02:45:00,35.7815,26.569418
2020-05-18 03:00:00,35.7815,26.61213
2020-05-18 03:15:00,35.5615,27.063757
2020-05-18 03:30:00,35.5615,27.106745
2020-05-18 03:45:00,35.3415,26.962126
2020-05-18 04:00:00,35.3415,27.304468
2020-05-18 04:15:00,35.122,27.447468
2020-05-18 04:30:00,35.122,27.708372
2020-05-18 04:45:00,35.122,27.469759
2020-05-18 05:00:00,35.122,27.052916
2020-05-18 05:15:00,35.122,26.987206
2020-05-18 05:30:00,34.9025,26.980988
2020-05-18 05:45:00,34.9025,26.82482
2020-05-18 06:00:00,34.9025,27.048372
2020-05-18 06:15:00,34.9025,26.763752
2020-05-18 06:30:00,35.122,27.061699
2020-05-18 06:45:00,35.122,27.028994
2020-05-18 07:00:00,35.5615,27.211035
2020-05-18 07:15:00,35.5615,27.734138
2020-05-18 07:30:00,36.001,28.140554
2020-05-18 07:45:00,36.4405,28.09975
2020-05-18 08:00:00,36.8795,28.178652
2020-05-18 08:15:00,37.3195,28.118597
2020-05-18 08:30:00,37.539,28.514143
2020-05-18 08:45:00,37.9785,29.77839
2020-05-18 09:00:00,38.1985,31.084526
2020-05-18 09:15:00,38.1985,32.49437
2020-05-18 09:30:00,38.6375,33.585037
2020-05-18 09:45:00,39.0775,33.70224
2020-05-18 10:00:00,39.956,34.100822
2020-05-18 10:15:00,40.3955,34.124023
2020-05-18 10:30:00,41.2745,34.233913
2020-05-18 10:45:00,41.7135,34.347183
2020-05-18 11:00:00,42.1535,34.600014
2020-05-18 11:15:00,42.5925,34.914734
2020-05-18 11:30:00,42.8125,35.396378
2020-05-18 11:45:00,42.8125,35.39344
2020-05-18 12:00:00,42.8125,35.35457
2020-05-18 12:15:00,42.8125,35.562622
2020-05-18 12:30:00,43.0325,35.95366
2020-05-18 12:45:00,43.6915,35.90741
2020-05-18 13:00:00,44.3505,36.532097
2020-05-18 13:15:00,44.3505,37.18209
2020-05-18 13:30:00,44.79,37.40753
2020-05-18 13:45:00,45.2295,37.591522
2020-05-18 14:00:00,45.2295,37.544052
2020-05-18 14:15:00,45.2295,37.642395
2020-05-18 14:30:00,45.2295,38.084557
2020-05-18 14:45:00,45.2295,37.821228
2020-05-18 15:00:00,45.2295,37.715538
2020-05-18 15:15:00,44.79,37.557053
2020-05-18 15:30:00,44.3505,37.727676
2020-05-18 15:45:00,44.131,37.625687
2020-05-18 16:00:00,43.4715,37.84153
2020-05-18 16:15:00,42.8125,37.95633
2020-05-18 16:30:00,42.373,37.607384
2020-05-18 16:45:00,41.909,37.104416
2020-05-18 17:00:00,39.2725,36.989723
2020-05-18 17:15:00,34.6585,36.63714
2020-05-18 17:30:00,33.12,36.15528
2020-05-18 17:45:00,32.461,35.652927
2020-05-18 18:00:00,32.461,35.224373
2020-05-18 18:15:00,32.461,34.534485
2020-05-18 18:30:00,32.0215,34.429825
2020-05-18 18:45:00,31.582,33.840256
2020-05-18 19:00:00,31.1425,33.54821
2020-05-18 19:15:00,30.9225,33.129543
2020-05-18 19:30:00,30.703,32.328644
2020-05-18 19:45:00,30.4835,31.734665
2020-05-18 20:00:00,30.2635,31.475582
2020-05-18 20:15:00,29.824,31.4732
2020-05-18 20:30:00,29.824,31.831095
2020-05-18 20:45:00,29.6045,31.680218
2020-05-18 21:00:00,29.6045,31.744665
2020-05-18 21:15:00,29.6045,31.640575
2020-05-18 21:30:00,30.044,31.486084
2020-05-18 21:45:00,30.044,30.971388
2020-05-18 22:00:00,30.2635,30.686033
2020-05-18 22:15:00,30.2635,30.293318
2020-05-18 22:30:00,30.2635,30.396133
2020-05-18 22:45:00,30.2635,30.346334
2020-05-18 23:00:00,30.2635,30.334532
2020-05-18 23:15:00,30.2635,30.69244
2020-05-18 23:30:00,30.703,30.665815
2020-05-18 23:45:00,30.703,30.614725
2020-05-19 00:00:00,30.703,30.722807
2020-05-19 00:15:00,31.1425,30.36407
2020-05-19 00:30:00,31.1425,26.738695
2020-05-19 00:45:00,31.1425,29.20207
2020-05-19 01:00:00,31.1425,26.80285
2020-05-19 01:15:00,31.362,25.063128
2020-05-19 01:30:00,31.362,24.782896
2020-05-19 01:45:00,31.362,24.424768
2020-05-19 02:00:00,31.362,24.044035
2020-05-19 02:15:00,31.362,23.66434
2020-05-19 02:30:00,31.362,24.180706
2020-05-19 02:45:00,31.362,23.967688
2020-05-19 03:00:00,31.362,24.472452
2020-05-19 03:15:00,31.362,25.23441
2020-05-19 03:30:00,31.1425,25.741724
2020-05-19 03:45:00,31.1425,26.003317
2020-05-19 04:00:00,30.703,26.250769
2020-05-19 04:15:00,30.703,26.108877
2020-05-19 04:30:00,30.703,25.936878
2020-05-19 04:45:00,30.2635,25.889555
2020-05-19 05:00:00,30.2635,26.342405
2020-05-19 05:15:00,29.824,26.610525
2020-05-19 05:30:00,29.824,26.595135
2020-05-19 05:45:00,29.6045,26.330969
2020-05-19 06:00:00,29.385,26.141657
2020-05-19 06:15:00,29.385,26.549189
2020-05-19 06:30:00,29.385,27.669966
2020-05-19 06:45:00,29.385,27.803629
2020-05-19 07:00:00,29.165,27.973503
2020-05-19 07:15:00,28.945,27.837246
2020-05-19 07:30:00,28.945,27.804144
2020-05-19 07:45:00,28.945,28.302881
2020-05-19 08:00:00,28.945,28.12708
2020-05-19 08:15:00,28.945,27.968851
2020-05-19 08:30:00,28.945,28.28443
2020-05-19 08:45:00,28.945,28.807497
2020-05-19 09:00:00,28.945,30.59644
2020-05-19 09:15:00,29.165,32.379066
2020-05-19 09:30:00,29.165,33.821114
2020-05-19 09:45:00,29.385,34.071365
2020-05-19 10:00:00,29.385,34.313644
2020-05-19 10:15:00,29.824,33.695312
2020-05-19 10:30:00,30.2635,32.50029
2020-05-19 10:45:00,30.4835,31.467695
2020-05-19 11:00:00,30.9225,30.536077
2020-05-19 11:15:00,31.1425,30.625906
2020-05-19 11:30:00,31.3625,31.780745
2020-05-19 11:45:00,31.3625,32.60797
2020-05-19 12:00:00,31.3625,33.59173
2020-05-19 12:15:00,31.3625,33.98729
2020-05-19 12:30:00,31.3625,33.968857
2020-05-19 12:45:00,31.3625,33.656113
2020-05-19 13:00:00,31.3625,33.634186
2020-05-19 13:15:00,31.3625,33.97338
2020-05-19 13:30:00,31.3625,34.37153
2020-05-19 13:45:00,31.3625,33.970016
2020-05-19 14:00:00,31.3625,34.31144
2020-05-19 14:15:00,31.3625,34.10628
2020-05-19 14:30:00,31.3625,34.08916
2020-05-19 14:45:00,31.1425,33.241867
2020-05-19 15:00:00,31.1425,32.894547
2020-05-19 15:15:00,31.1425,32.9729
2020-05-19 15:30:00,31.1425,33.10755
2020-05-19 15:45:00,31.1425,33.612106
2020-05-19 16:00:00,31.1425,33.397995
2020-05-19 16:15:00,31.1425,33.441505
2020-05-19 16:30:00,31.1425,33.45799
2020-05-19 16:45:00,31.1425,33.062706
2020-05-19 17:00:00,31.1425,32.899117
2020-05-19 17:15:00,31.1425,32.223816
2020-05-19 17:30:00,31.1425,31.868021
2020-05-19 17:45:00,30.9225,31.4289
2020-05-19 18:00:00,30.703,31.547161
2020-05-19 18:15:00,30.703,31.456175
2020-05-19 18:30:00,30.4835,30.753078
2020-05-19 18:45:00,30.2635,30.811129
2020-05-19 19:00:00,30.2635,30.86521
2020-05-19 19:15:00,30.2635,30.72368
2020-05-19 19:30:00,30.2635,30.377789
2020-05-19 19:45:00,30.2635,29.15255
2020-05-19 20:00:00,30.0435,28.457167
2020-05-19 20:15:00,29.824,28.375647
2020-05-19 20:30:00,29.824,29.344723
2020-05-19 20:45:00,29.824,30.079544
2020-05-19 21:00:00,29.824,30.856718
2020-05-19 21:15:00,29.824,31.293327
2020-05-19 21:30:00,29.824,31.222971
2020-05-19 21:45:00,29.6045,30.806732
2020-05-19 22:00:00,29.385,30.443367
2020-05-19 22:15:00,29.385,30.15721
2020-05-19 22:30:00,29.385,30.195597
2020-05-19 22:45:00,29.385,29.96469
2020-05-19 23:00:00,29.385,29.791323
2020-05-19 23:15:00,29.385,29.710999
2020-05-19 23:30:00,29.385,29.723133
2020-05-19 23:45:00,29.385,29.202726
2020-05-20 00:00:00,29.385,28.93008
2020-05-20 00:15:00,29.385,28.44974
2020-05-20 00:30:00,29.385,24.800043
2020-05-20 00:45:00,29.165,27.26803
2020-05-20 01:00:00,29.165,24.957067
2020-05-20 01:15:00,29.165,23.222895
2020-05-20 01:30:00,29.165,23.433989
2020-05-20 01:45:00,29.165,23.839071
2020-05-20 02:00:00,28.945,24.343256
2020-05-20 02:15:00,28.945,24.822678
2020-05-20 02:30:00,28.945,25.437513
2020-05-20 02:45:00,28.945,25.462181
2020-05-20 03:00:00,28.945,25.391798
2020-05-20 03:15:00,28.945,25.220291
2020-05-20 03:30:00,28.945,24.263596
2020-05-20 03:45:00,28.945,23.377987
2020-05-20 04:00:00,28.945,23.627604
2020-05-20 04:15:00,28.945,24.19531
2020-05-20 04:30:00,28.7255,25.193293
2020-05-20 04:45:00,28.506,25.330648
2020-05-20 05:00:00,28.506,25.331253
2020-05-20 05:15:00,28.506,25.268805
2020-05-20 05:30:00,28.506,25.340797
2020-05-20 05:45:00,28.506,25.662823
2020-05-20 06:00:00,28.506,26.172567
2020-05-20 06:15:00,28.506,26.341585
2020-05-20 06:30:00,28.506,26.379992
2020-05-20 06:45:00,28.506,26.2604
2020-05-20 07:00:00,28.506,26.4091
2020-05-20 07:15:00,28.506,26.391848
2020-05-20 07:30:00,28.506,26.485342
2020-05-20 07:45:00,28.506,25.783403
2020-05-20 08:00:00,28.506,25.397715
2020-05-20 08:15:00,28.506,25.268673
2020-05-20 08:30:00,28.506,25.877892
2020-05-20 08:45:00,28.506,26.752386
2020-05-20 09:00:00,28.506,27.554762
2020-05-20 09:15:00,28.506,28.821611
2020-05-20 09:30:00,28.506,29.720018
2020-05-20 09:45:00,28.506,30.253521
2020-05-20 10:00:00,28.506,30.977652
2020-05-20 10:15:00,28.506,30.877542
2020-05-20 10:30:00,28.7255,30.621332
2020-05-20 10:45:00,28.7255,29.939732
2020-05-20 11:00:00,28.7255,29.662971
2020-05-20 11:15:00,28.945,29.858255
2020-05-20 11:30:00,28.945,30.800402
2020-05-20 11:45:00,28.945,31.376501
2020-05-20 12:00:00,28.945,32.05613
2020-05-20 12:15:00,28.945,32.343544
2020-05-20 12:30:00,28.945,32.290207
2020-05-20 12:45:00,28.945,32.09552
2020-05-20 13:00:00,28.945,32.19282
2020-05-20 13:15:00,28.945,32.305466
2020-05-20 13:30:00,28.945,32.599648
2020-05-20 13:45:00,28.945,32.80603
2020-05-20 14:00:00,28.945,32.93374
2020-05-20 14:15:00,28.945,33.25443
2020-05-20 14:30:00,28.945,33.48169
2020-05-20 14:45:00,28.945,33.160683
2020-05-20 15:00:00,28.7255,33.364243
2020-05-20 15:15:00,28.506,33.38285
2020-05-20 15:30:00,28.506,33.1651
2020-05-20 15:45:00,28.506,32.75436
2020-05-20 16:00:00,28.506,32.46843
2020-05-20 16:15:00,28.0665,32.274864
2020-05-20 16:30:00,28.0665,32.46929
2020-05-20 16:45:00,28.0665,32.519295
2020-05-20 17:00:00,28.0665,32.654503
2020-05-20 17:15:00,27.8465,32.404182
2020-05-20 17:30:00,27.8465,31.823317
2020-05-20 17:45:00,27.627,30.899366
2020-05-20 18:00:00,27.627,30.298702
2020-05-20 18:15:00,27.1875,29.878748
2020-05-20 18:30:00,26.5285,30.09609
2020-05-20 18:45:00,26.5285,30.04552
2020-05-20 19:00:00,26.5285,30.132978
2020-05-20 19:15:00,26.5285,29.996773
2020-05-20 19:30:00,26.5285,29.06588
2020-05-20 19:45:00,26.5285,28.626194
2020-05-20 20:00:00,26.5285,27.972986
2020-05-20 20:15:00,26.5285,27.938868
2020-05-20 20:30:00,26.5285,28.886705
2020-05-20 20:45:00,26.5285,28.49419
2020-05-20 21:00:00,26.5285,29.09725
2020-05-20 21:15:00,26.5285,29.209087
2020-05-20 21:30:00,26.748,29.246973
2020-05-20 21:45:00,26.748,28.897741
2020-05-20 22:00:00,26.748,28.605062
2020-05-20 22:15:00,26.748,28.294039
2020-05-20 22:30:00,26.748,27.894163
2020-05-20 22:45:00,26.748,27.521278
2020-05-20 23:00:00,26.748,28.048746
2020-05-20 23:15:00,26.748,28.233582
2020-05-20 23:30:00,26.748,27.796352
2020-05-20 23:45:00,26.748,27.219986
2020-05-21 00:00:00,26.748,26.994802
2020-05-21 00:15:00,26.748,27.209993
2020-05-21 00:30:00,26.748,24.580938
2020-05-21 00:45:00,26.5285,27.437334
2020-05-21 01:00:00,26.5285,24.651295
2020-05-21 01:15:00,26.3085,23.210726
2020-05-21 01:30:00,26.3085,23.63394
2020-05-21 01:45:00,26.3085,23.85518
2020-05-21 02:00:00,26.3085,23.867554
2020-05-21 02:15:00,26.3085,23.914099
2020-05-21 02:30:00,26.0885,23.700285
2020-05-21 02:45:00,25.869,23.556732
2020-05-21 03:00:00,25.869,24.405245
2020-05-21 03:15:00,25.869,24.583652
2020-05-21 03:30:00,25.869,24.945887
2020-05-21 03:45:00,25.869,24.446123
2020-05-21 04:00:00,25.869,24.474703
2020-05-21 04:15:00,25.869,24.709093
2020-05-21 04:30:00,25.869,24.786613
2020-05-21 04:45:00,25.869,25.074152
2020-05-21 05:00:00,25.869,24.997442
2020-05-21 05:15:00,25.6495,24.802887
2020-05-21 05:30:00,25.6495,25.173311
2020-05-21 05:45:00,25.43,25.186129
2020-05-21 06:00:00,25.43,25.385485
2020-05-21 06:15:00,25.43,25.701853
2020-05-21 06:30:00,25.43,26.46438
2020-05-21 06:45:00,25.43,26.539272
2020-05-21 07:00:00,25.43,26.68823
2020-05-21 07:15:00,25.43,26.393627
2020-05-21 07:30:00,25.43,26.0355
2020-05-21 07:45:00,25.6495,25.90087
2020-05-21 08:00:00,25.6495,26.207514
2020-05-21 08:15:00,25.6495,26.51812
2020-05-21 08:30:00,25.869,27.347399
2020-05-21 08:45:00,25.869,28.612827
2020-05-21 09:00:00,26.0885,29.98461
2020-05-21 09:15:00,26.0885,31.597921
2020-05-21 09:30:00,26.3085,32.776184
2020-05-21 09:45:00,26.5285,32.771175
2020-05-21 10:00:00,26.9675,32.74552
2020-05-21 10:15:00,26.9675,31.923681
2020-05-21 10:30:00,27.1875,31.117987
2020-05-21 10:45:00,27.4075,30.489838
2020-05-21 11:00:00,27.627,30.295507
2020-05-21 11:15:00,27.8465,30.526627
2020-05-21 11:30:00,27.8465,31.217089
2020-05-21 11:45:00,28.0665,31.178968
2020-05-21 12:00:00,28.2865,31.212412
2020-05-21 12:15:00,28.7255,31.735773
2020-05-21 12:30:00,28.7255,31.94629
2020-05-21 12:45:00,29.165,32.154243
2020-05-21 13:00:00,29.165,32.731552
2020-05-21 13:15:00,29.6045,32.6079
2020-05-21 13:30:00,29.6045,33.123856
2020-05-21 13:45:00,29.6045,33.47799
2020-05-21 14:00:00,29.824,34.178223
2020-05-21 14:15:00,29.824,35.035233
2020-05-21 14:30:00,29.824,35.17668
2020-05-21 14:45:00,29.824,34.560204
2020-05-21 15:00:00,29.824,33.6677
2020-05-21 15:15:00,29.824,32.882492
2020-05-21 15:30:00,29.6045,32.57409
2020-05-21 15:45:00,29.6045,32.65477
2020-05-21 16:00:00,29.6045,33.361404
2020-05-21 16:15:00,29.6045,33.526985
2020-05-21 16:30:00,29.385,34.02614
2020-05-21 16:45:00,29.385,33.814613
2020-05-21 17:00:00,29.385,33.528885
2020-05-21 17:15:00,29.385,33.33425
2020-05-21 17:30:00,29.165,32.708008
2020-05-21 17:45:00,28.7255,31.864073
2020-05-21 18:00:00,28.0665,31.369587
2020-05-21 18:15:00,27.4075,31.015648
2020-05-21 18:30:00,27.4075,30.991861
2020-05-21 18:45:00,27.4075,30.673578
2020-05-21 19:00:00,27.627,30.969206
2020-05-21 19:15:00,27.8465,31.117874
2020-05-21 19:30:00,28.0665,30.569609
2020-05-21 19:45:00,28.0665,29.264082
2020-05-21 20:00:00,28.506,28.210793
2020-05-21 20:15:00,28.506,27.168903
2020-05-21 20:30:00,28.506,26.740612
2020-05-21 20:45:00,28.506,26.503748
2020-05-21 21:00:00,28.945,26.523335
2020-05-21 21:15:00,28.945,27.44958
2020-05-21 21:30:00,28.945,28.24365
2020-05-21 21:45:00,28.945,28.624466
2020-05-21 22:00:00,28.945,28.753431
2020-05-21 22:15:00,28.945,28.33008
2020-05-21 22:30:00,28.945,28.725176
2020-05-21 22:45:00,28.945,28.786879
2020-05-21 23:00:00,28.945,29.182035
2020-05-21 23:15:00,28.945,29.366484
2020-05-21 23:30:00,28.945,29.37714
2020-05-21 23:45:00,29.165,29.251558
2020-05-22 00:00:00,29.165,29.32978
2020-05-22 00:15:00,29.165,29.279993
2020-05-22 00:30:00,29.165,26.014149
2020-05-22 00:45:00,29.165,28.61506
2020-05-22 01:00:00,29.165,25.84316
2020-05-22 01:15:00,29.165,24.759119
2020-05-22 01:30:00,29.165,24.76868
2020-05-22 01:45:00,29.165,24.887766
2020-05-22 02:00:00,29.165,25.304365
2020-05-22 02:15:00,29.165,25.155245
2020-05-22 02:30:00,29.165,25.528418
2020-05-22 02:45:00,29.165,25.1732
2020-05-22 03:00:00,29.165,25.728619
2020-05-22 03:15:00,29.165,25.725252
2020-05-22 03:30:00,29.165,26.020624
2020-05-22 03:45:00,29.165,26.43241
2020-05-22 04:00:00,29.165,26.344437
2020-05-22 04:15:00,28.9455,26.362228
2020-05-22 04:30:00,28.9455,26.148993
2020-05-22 04:45:00,28.9455,25.924788
2020-05-22 05:00:00,28.9455,26.089846
2020-05-22 05:15:00,28.9455,26.219713
2020-05-22 05:30:00,28.9455,26.33747
2020-05-22 05:45:00,29.165,26.173336
2020-05-22 06:00:00,29.165,26.3474
2020-05-22 06:15:00,29.165,26.446638
2020-05-22 06:30:00,29.165,26.87603
2020-05-22 06:45:00,29.165,26.868477
2020-05-22 07:00:00,29.385,27.060595
2020-05-22 07:15:00,29.385,27.450516
2020-05-22 07:30:00,29.385,27.57052
2020-05-22 07:45:00,29.385,27.508385
2020-05-22 08:00:00,28.945,27.319738
2020-05-22 08:15:00,28.945,27.154737
2020-05-22 08:30:00,28.945,27.288244
2020-05-22 08:45:00,28.945,27.728258
2020-05-22 09:00:00,28.945,29.229418
2020-05-22 09:15:00,29.165,30.613264
2020-05-22 09:30:00,29.165,31.728199
2020-05-22 09:45:00,29.165,31.295084
2020-05-22 10:00:00,28.9455,31.231247
2020-05-22 10:15:00,28.9455,31.100946
2020-05-22 10:30:00,28.7255,31.477877
2020-05-22 10:45:00,28.7255,31.927193
2020-05-22 11:00:00,28.506,32.020283
2020-05-22 11:15:00,28.506,32.085945
2020-05-22 11:30:00,28.506,31.967194
2020-05-22 11:45:00,28.0665,31.923471
2020-05-22 12:00:00,27.627,31.345785
2020-05-22 12:15:00,26.748,30.906763
2020-05-22 12:30:00,25.869,31.052816
2020-05-22 12:45:00,25.649,31.038057
2020-05-22 13:00:00,25.4295,31.766272
2020-05-22 13:15:00,25.21,32.029335
2020-05-22 13:30:00,24.9905,32.163506
2020-05-22 13:45:00,24.9905,31.78949
2020-05-22 14:00:00,24.9905,31.349997
2020-05-22 14:15:00,25.21,32.275112
2020-05-22 14:30:00,25.21,32.323746
2020-05-22 14:45:00,25.43,32.979103
2020-05-22 15:00:00,25.43,33.92714
2020-05-22 15:15:00,25.6495,33.866295
2020-05-22 15:30:00,25.6495,34.03679
2020-05-22 15:45:00,26.089,32.531624
2020-05-22 16:00:00,26.089,32.701637
2020-05-22 16:15:00,26.089,32.24011
2020-05-22 16:30:00,26.089,32.842598
2020-05-22 16:45:00,26.089,33.351295
2020-05-22 17:00:00,26.089,32.374924
2020-05-22 17:15:00,25.869,32.00843
2020-05-22 17:30:00,25.869,31.365467
2020-05-22 17:45:00,25.869,30.949175
2020-05-22 18:00:00,25.869,31.155607
2020-05-22 18:15:00,25.869,30.923946
2020-05-22 18:30:00,25.869,31.033485
2020-05-22 18:45:00,25.869,30.207893
2020-05-22 19:00:00,26.0885,30.02942
2020-05-22 19:15:00,26.0885,29.65457
2020-05-22 19:30:00,26.0885,29.073656
2020-05-22 19:45:00,26.3085,28.259829
2020-05-22 20:00:00,26.5285,27.38639
2020-05-22 20:15:00,26.5285,26.938059
2020-05-22 20:30:00,26.5285,27.367277
2020-05-22 20:45:00,26.5285,28.182749
2020-05-22 21:00:00,26.5285,28.859825
2020-05-22 21:15:00,26.5285,29.456507
2020-05-22 21:30:00,26.5285,29.804697
2020-05-22 21:45:00,26.9675,29.605421
2020-05-22 22:00:00,26.9675,29.963184
2020-05-22 22:15:00,26.9675,30.226719
2020-05-22 22:30:00,26.9675,29.895435
2020-05-22 22:45:00,26.9675,29.840996
2020-05-22 23:00:00,26.9675,30.325495
2020-05-22 23:15:00,26.9675,30.119284
2020-05-22 23:30:00,26.9675,30.624975
2020-05-22 23:45:00,26.9675,30.693354
2020-05-23 00:00:00,26.9675,30.480364
2020-05-23 00:15:00,26.9675,30.614727
2020-05-23 00:30:00,26.9675,27.368326
2020-05-23 00:45:00,26.9675,30.067162
2020-05-23 01:00:00,26.748,27.859919
2020-05-23 01:15:00,26.748,26.500572
2020-05-23 01:30:00,26.748,26.521269
2020-05-23 01:45:00,26.748,26.16424
2020-05-23 02:00:00,26.748,26.22552
2020-05-23 02:15:00,26.5285,26.61999
2020-05-23 02:30:00,26.3085,27.063158
2020-05-23 02:45:00,26.3085,27.17765
2020-05-23 03:00:00,25.869,27.029518
2020-05-23 03:15:00,25.869,26.595987
2020-05-23 03:30:00,25.43,26.680586
2020-05-23 03:45:00,25.43,26.512033
2020-05-23 04:00:00,25.43,26.805948
2020-05-23 04:15:00,24.99,27.065672
2020-05-23 04:30:00,24.99,27.214952
2020-05-23 04:45:00,24.7705,27.310804
2020-05-23 05:00:00,24.551,27.621529
2020-05-23 05:15:00,24.551,27.673122
2020-05-23 05:30:00,24.551,27.785458
2020-05-23 05:45:00,24.551,27.445845
2020-05-23 06:00:00,24.331,27.632246
2020-05-23 06:15:00,24.331,27.817196
2020-05-23 06:30:00,24.331,27.70084
2020-05-23 06:45:00,24.551,27.808455
2020-05-23 07:00:00,24.551,28.028723
2020-05-23 07:15:00,24.99,27.82896
2020-05-23 07:30:00,25.6495,28.34834
2020-05-23 07:45:00,26.089,27.962603
2020-05-23 08:00:00,26.748,27.568129
2020-05-23 08:15:00,27.627,27.725298
2020-05-23 08:30:00,28.286,27.779947
2020-05-23 08:45:00,29.165,28.526752
2020-05-23 09:00:00,29.824,29.504028
2020-05-23 09:15:00,30.703,30.36975
2020-05-23 09:30:00,31.582,31.298136
2020-05-23 09:45:00,32.2415,31.21078
2020-05-23 10:00:00,33.12,31.023756
2020-05-23 10:15:00,34.2185,30.601421
2020-05-23 10:30:00,35.3175,30.380272
2020-05-23 10:45:00,36.1965,30.138754
2020-05-23 11:00:00,37.0755,30.347925
2020-05-23 11:15:00,37.954,30.432268
2020-05-23 11:30:00,38.613,30.47466
2020-05-23 11:45:00,38.833,30.434778
2020-05-23 12:00:00,38.833,30.868006
2020-05-23 12:15:00,39.2725,31.110537
2020-05-23 12:30:00,39.2725,31.484074
2020-05-23 12:45:00,39.9315,31.319366
2020-05-23 13:00:00,40.5905,31.173258
2020-05-23 13:15:00,41.0305,31.923433
2020-05-23 13:30:00,41.6895,32.432716
2020-05-23 13:45:00,41.909,33.27731
2020-05-23 14:00:00,42.129,33.932938
2020-05-23 14:15:00,42.129,33.84474
2020-05-23 14:30:00,42.129,34.31654
2020-05-23 14:45:00,42.3485,33.920753
2020-05-23 15:00:00,42.3485,34.116356
2020-05-23 15:15:00,42.3485,34.598236
2020-05-23 15:30:00,41.909,34.821884
2020-05-23 15:45:00,41.0305,34.712975
2020-05-23 16:00:00,40.3715,34.951828
2020-05-23 16:15:00,39.712,34.624977
2020-05-23 16:30:00,39.2725,34.401596
2020-05-23 16:45:00,38.613,33.901474
2020-05-23 17:00:00,38.174,33.51336
2020-05-23 17:15:00,37.734,33.30134
2020-05-23 17:30:00,37.295,33.02346
2020-05-23 17:45:00,36.8555,32.52176
2020-05-23 18:00:00,36.6355,31.798761
2020-05-23 18:15:00,36.1965,31.45172
2020-05-23 18:30:00,35.9765,31.527754
2020-05-23 18:45:00,35.537,31.508324
2020-05-23 19:00:00,35.0975,31.992653
2020-05-23 19:15:00,34.4385,32.011982
2020-05-23 19:30:00,33.7795,31.331259
2020-05-23 19:45:00,33.12,30.212664
2020-05-23 20:00:00,32.681,29.324068
2020-05-23 20:15:00,32.241,28.841719
2020-05-23 20:30:00,31.802,28.718073
2020-05-23 20:45:00,31.1425,28.749578
2020-05-23 21:00:00,30.703,29.599897
2020-05-23 21:15:00,30.2635,30.315939
2020-05-23 21:30:00,29.824,31.352125
2020-05-23 21:45:00,29.6045,31.544147
2020-05-23 22:00:00,29.165,31.69
2020-05-23 22:15:00,28.945,31.7689
2020-05-23 22:30:00,28.7255,31.480152
2020-05-23 22:45:00,28.506,31.656996
2020-05-23 23:00:00,28.286,32.1986
2020-05-23 23:15:00,28.0665,32.24192
2020-05-23 23:30:00,27.847,32.5803
2020-05-23 23:45:00,27.627,31.933481
2020-05-24 00:00:00,27.407,31.14989
2020-05-24 00:15:00,27.1875,30.702204
2020-05-24 00:30:00,27.1875,27.331896
2020-05-24 00:45:00,26.968,30.212187
2020-05-24 01:00:00,26.748,28.238714
2020-05-24 01:15:00,26.748,27.180338
2020-05-24 01:30:00,26.528,27.182638
2020-05-24 01:45:00,26.528,27.205578
2020-05-24 02:00:00,26.3085,26.950424
2020-05-24 02:15:00,26.3085,26.495394
2020-05-24 02:30:00,26.089,26.867676
2020-05-24 02:45:00,25.869,26.814367
2020-05-24 03:00:00,25.869,27.324053
2020-05-24 03:15:00,25.869,27.756712
2020-05-24 03:30:00,25.43,27.728067
2020-05-24 03:45:00,25.43,27.157326
2020-05-24 04:00:00,25.43,27.288088
2020-05-24 04:15:00,25.21,27.564
2020-05-24 04:30:00,24.99,27.471092
2020-05-24 04:45:00,24.99,27.22944
2020-05-24 05:00:00,24.7705,27.31167
2020-05-24 05:15:00,24.7705,27.29173
2020-05-24 05:30:00,24.551,27.837626
2020-05-24 05:45:00,24.551,27.511412
2020-05-24 06:00:00,24.551,28.12345
2020-05-24 06:15:00,24.551,28.452095
2020-05-24 06:30:00,24.99,28.923847
2020-05-24 06:45:00,25.21,29.066383
2020-05-24 07:00:00,25.6495,28.918455
2020-05-24 07:15:00,26.089,29.280384
2020-05-24 07:30:00,26.968,29.306677
2020-05-24 07:45:00,27.407,29.274286
2020-05-24 08:00:00,27.847,28.962065
2020-05-24 08:15:00,28.5055,28.57447
2020-05-24 08:30:00,28.9455,29.126085
2020-05-24 08:45:00,29.6045,29.569988
2020-05-24 09:00:00,30.2635,30.801039
2020-05-24 09:15:00,30.923,31.808176
2020-05-24 09:30:00,31.582,32.43956
2020-05-24 09:45:00,32.241,32.794785
2020-05-24 10:00:00,32.461,32.916344
2020-05-24 10:15:00,32.461,32.23623
2020-05-24 10:30:00,32.461,31.649134
2020-05-24 10:45:00,32.241,30.789616
2020-05-24 11:00:00,31.582,30.428572
2020-05-24 11:15:00,31.362,30.933006
2020-05-24 11:30:00,31.362,31.499306
2020-05-24 11:45:00,31.582,32.124577
2020-05-24 12:00:00,31.802,32.290993
2020-05-24 12:15:00,32.461,31.68303
2020-05-24 12:30:00,33.5595,31.986774
2020-05-24 12:45:00,34.878,31.452261
2020-05-24 13:00:00,35.9765,31.65413
2020-05-24 13:15:00,36.6355,32.35076
2020-05-24 13:30:00,37.0755,32.419487
2020-05-24 13:45:00,37.734,32.497845
2020-05-24 14:00:00,38.3935,32.809948
2020-05-24 14:15:00,38.833,32.95526
2020-05-24 14:30:00,39.2725,33.371872
2020-05-24 14:45:00,39.4925,33.085487
2020-05-24 15:00:00,39.4925,32.93193
2020-05-24 15:15:00,39.0525,33.2024
2020-05-24 15:30:00,38.833,33.31649
2020-05-24 15:45:00,38.1735,33.488113
2020-05-24 16:00:00,37.7345,33.904976
2020-05-24 16:15:00,37.5145,33.47879
2020-05-24 16:30:00,37.295,33.213203
2020-05-24 16:45:00,36.8555,32.90225
2020-05-24 17:00:00,36.6355,32.6466
2020-05-24 17:15:00,36.1965,32.582443
2020-05-24 17:30:00,35.9765,32.238556
2020-05-24 17:45:00,35.9765,31.277807
2020-05-24 18:00:00,35.537,31.220049
2020-05-24 18:15:00,35.537,31.154188
2020-05-24 18:30:00,35.0975,31.31314
2020-05-24 18:45:00,34.878,31.29638
2020-05-24 19:00:00,34.878,31.460405
2020-05-24 19:15:00,34.878,31.371637
2020-05-24 19:30:00,34.658,30.931889
2020-05-24 19:45:00,34.658,30.200808
2020-05-24 20:00:00,34.4385,29.419016
2020-05-24 20:15:00,34.219,28.95692
2020-05-24 20:30:00,34.219,28.946856
2020-05-24 20:45:00,33.779,29.121122
2020-05-24 21:00:00,33.779,29.84635
2020-05-24 21:15:00,33.779,30.456272
2020-05-24 21:30:00,33.779,31.105516
2020-05-24 21:45:00,33.5595,30.973763
2020-05-24 22:00:00,33.34,30.905088
2020-05-24 22:15:00,33.34,30.47871
2020-05-24 22:30:00,33.34,30.46509
2020-05-24 22:45:00,33.34,30.215345
2020-05-24 23:00:00,32.461,30.028975
2020-05-24 23:15:00,31.8015,30.21806
2020-05-24 23:30:00,30.703,30.273932
2020-05-24 23:45:00,30.2635,30.206577
2020-05-25 00:00:00,29.824,30.023335
2020-05-25 00:15:00,29.6045,29.790195
2020-05-25 00:30:00,29.6045,26.86672
2020-05-25 00:45:00,29.3845,29.991945
2020-05-25 01:00:00,29.3845,28.165714
2020-05-25 01:15:00,29.3845,26.986685
2020-05-25 01:30:00,29.3845,27.107138
2020-05-25 01:45:00,29.3845,27.011198
2020-05-25 02:00:00,29.3845,27.160206
2020-05-25 02:15:00,29.3845,26.84757
2020-05-25 02:30:00,29.3845,26.509058
2020-05-25 02:45:00,29.3845,25.80684
2020-05-25 03:00:00,29.6045,25.524752
2020-05-25 03:15:00,29.6045,27.13223
2020-05-25 03:30:00,29.6045,27.728062
2020-05-25 03:45:00,29.6045,27.855566
2020-05-25 04:00:00,29.6045,28.484797
2020-05-25 04:15:00,29.6045,27.818913
2020-05-25 04:30:00,29.6045,28.03034
2020-05-25 04:45:00,29.6045,28.336966
2020-05-25 05:00:00,29.6045,28.246515
2020-05-25 05:15:00,29.6045,27.980335
2020-05-25 05:30:00,29.6045,27.985792
2020-05-25 05:45:00,29.6045,27.343946
2020-05-25 06:00:00,29.6045,27.590874
2020-05-25 06:15:00,29.6045,27.789526
2020-05-25 06:30:00,29.6045,28.103645
2020-05-25 06:45:00,29.6045,28.079082
2020-05-25 07:00:00,29.824,27.763489
2020-05-25 07:15:00,29.824,27.858736
2020-05-25 07:30:00,30.2635,27.852556
2020-05-25 07:45:00,30.2635,27.450937
2020-05-25 08:00:00,30.4835,27.84118
2020-05-25 08:15:00,30.703,28.005644
2020-05-25 08:30:00,30.703,28.84558
2020-05-25 08:45:00,30.703,30.41691
2020-05-25 09:00:00,30.9225,32.11177
2020-05-25 09:15:00,31.3625,33.719482
2020-05-25 09:30:00,31.8015,34.94223
2020-05-25 09:45:00,31.8015,34.94359
2020-05-25 10:00:00,31.8015,34.857143
2020-05-25 10:15:00,31.8015,34.216568
2020-05-25 10:30:00,31.8015,33.658897
2020-05-25 10:45:00,31.8015,32.837254
2020-05-25 11:00:00,31.582,32.40349
2020-05-25 11:15:00,31.582,32.277206
2020-05-25 11:30:00,31.362,32.493904
2020-05-25 11:45:00,31.362,32.74887
2020-05-25 12:00:00,31.362,33.338974
2020-05-25 12:15:00,31.362,34.0494
2020-05-25 12:30:00,31.582,34.423454
2020-05-25 12:45:00,31.802,34.375946
2020-05-25 13:00:00,32.241,34.344078
2020-05-25 13:15:00,32.681,34.18239
2020-05-25 13:30:00,33.34,34.12683
2020-05-25 13:45:00,33.779,34.18978
2020-05-25 14:00:00,34.219,34.554886
2020-05-25 14:15:00,34.219,34.740784
2020-05-25 14:30:00,34.219,35.19748
2020-05-25 14:45:00,33.999,35.13503
2020-05-25 15:00:00,33.779,35.466835
2020-05-25 15:15:00,33.779,35.75979
2020-05-25 15:30:00,33.779,35.69339
2020-05-25 15:45:00,33.5595,35.567497
2020-05-25 16:00:00,33.34,35.023693
2020-05-25 16:15:00,33.12,34.5861
2020-05-25 16:30:00,33.12,34.32544
2020-05-25 16:45:00,33.12,33.714584
2020-05-25 17:00:00,33.12,33.649292
2020-05-25 17:15:00,33.12,33.43563
2020-05-25 17:30:00,32.9005,32.60456
2020-05-25 17:45:00,31.362,32.05773
2020-05-25 18:00:00,29.385,31.927614
2020-05-25 18:15:00,28.2865,31.68384
2020-05-25 18:30:00,28.0665,32.25573
2020-05-25 18:45:00,27.627,32.392952
2020-05-25 19:00:00,26.9675,32.559235
2020-05-25 19:15:00,26.748,32.819374
2020-05-25 19:30:00,26.748,32.25914
2020-05-25 19:45:00,26.748,31.104584
2020-05-25 20:00:00,27.1875,30.718111
2020-05-25 20:15:00,27.1875,30.17815
2020-05-25 20:30:00,27.1875,30.88215
2020-05-25 20:45:00,27.1875,30.983082
2020-05-25 21:00:00,27.1875,31.004566
2020-05-25 21:15:00,27.1875,31.135092
2020-05-25 21:30:00,27.1875,30.787436
2020-05-25 21:45:00,27.1875,30.193604
2020-05-25 22:00:00,27.1875,30.023838
2020-05-25 22:15:00,26.968,30.278036
2020-05-25 22:30:00,26.968,30.635378
2020-05-25 22:45:00,26.748,31.050285
2020-05-25 23:00:00,26.528,31.410212
2020-05-25 23:15:00,26.528,31.22143
2020-05-25 23:30:00,26.528,31.025118
2020-05-25 23:45:00,26.528,30.474167
2020-05-26 00:00:00,26.528,30.366323
2020-05-26 00:15:00,26.528,30.299063
2020-05-26 00:30:00,26.528,27.43375
2020-05-26 00:45:00,26.528,30.50881
2020-05-26 01:00:00,26.748,28.282995
2020-05-26 01:15:00,26.748,26.750132
2020-05-26 01:30:00,26.748,25.986147
2020-05-26 01:45:00,26.748,25.592688
2020-05-26 02:00:00,26.9675,25.455034
2020-05-26 02:15:00,27.1875,25.521261
2020-05-26 02:30:00,27.1875,26.376318
2020-05-26 02:45:00,27.1875,26.325783
2020-05-26 03:00:00,27.1875,26.634554
2020-05-26 03:15:00,27.1875,26.193768
2020-05-26 03:30:00,27.1875,26.14802
2020-05-26 03:45:00,27.1875,25.815977
2020-05-26 04:00:00,27.1875,26.013857
2020-05-26 04:15:00,27.1875,26.545443
2020-05-26 04:30:00,27.1875,26.684237
2020-05-26 04:45:00,27.1875,26.240124
2020-05-26 05:00:00,27.1875,25.594889
2020-05-26 05:15:00,27.1875,25.213667
2020-05-26 05:30:00,27.1875,25.363092
2020-05-26 05:45:00,27.1875,26.070341
2020-05-26 06:00:00,27.1875,26.987978
2020-05-26 06:15:00,27.407,27.587957
2020-05-26 06:30:00,27.407,28.047682
2020-05-26 06:45:00,27.407,27.51409
2020-05-26 07:00:00,27.407,27.531311
2020-05-26 07:15:00,27.627,27.881464
2020-05-26 07:30:00,27.627,28.078485
2020-05-26 07:45:00,27.627,28.070353
2020-05-26 08:00:00,27.627,27.99636
2020-05-26 08:15:00,27.847,27.549826
2020-05-26 08:30:00,28.0665,27.78254
2020-05-26 08:45:00,28.286,28.42026
2020-05-26 09:00:00,28.506,29.793966
2020-05-26 09:15:00,28.506,31.230833
2020-05-26 09:30:00,28.7255,32.0541
2020-05-26 09:45:00,28.945,32.596222
2020-05-26 10:00:00,28.945,32.18435
2020-05-26 10:15:00,28.945,31.822786
2020-05-26 10:30:00,29.385,31.725937
2020-05-26 10:45:00,29.385,31.172956
2020-05-26 11:00:00,29.385,31.374834
2020-05-26 11:15:00,29.824,31.741264
2020-05-26 11:30:00,29.824,32.774475
2020-05-26 11:45:00,30.2635,33.57184
2020-05-26 12:00:00,30.2635,34.155518
2020-05-26 12:15:00,30.703,34.27456
2020-05-26 12:30:00,30.703,34.051235
2020-05-26 12:45:00,31.1425,33.3564
2020-05-26 13:00:00,31.582,33.335533
2020-05-26 13:15:00,32.0215,33.50338
2020-05-26 13:30:00,32.2415,33.60771
2020-05-26 13:45:00,32.461,33.672874
2020-05-26 14:00:00,32.6805,34.132225
2020-05-26 14:15:00,32.6805,34.384056
2020-05-26 14:30:00,33.1205,34.81668
2020-05-26 14:45:00,33.1205,34.418884
2020-05-26 15:00:00,33.34,34.212303
2020-05-26 15:15:00,33.5595,34.238903
2020-05-26 15:30:00,33.5595,34.072594
2020-05-26 15:45:00,33.5595,33.90399
2020-05-26 16:00:00,33.34,33.710953
2020-05-26 16:15:00,33.34,33.65268
2020-05-26 16:30:00,33.34,33.456482
2020-05-26 16:45:00,33.34,33.12477
2020-05-26 17:00:00,33.34,33.37668
2020-05-26 17:15:00,33.34,32.853973
2020-05-26 17:30:00,33.34,32.801346
2020-05-26 17:45:00,33.12,32.113434
2020-05-26 18:00:00,32.9005,31.44779
2020-05-26 18:15:00,32.9005,31.366337
2020-05-26 18:30:00,32.9005,31.17004
2020-05-26 18:45:00,32.681,30.897612
2020-05-26 19:00:00,32.461,30.9565
2020-05-26 19:15:00,32.461,31.124437
2020-05-26 19:30:00,32.241,30.342978
2020-05-26 19:45:00,32.241,29.443295
2020-05-26 20:00:00,32.0215,28.85576
2020-05-26 20:15:00,31.802,28.19633
2020-05-26 20:30:00,31.802,28.1267
2020-05-26 20:45:00,31.802,28.118704
2020-05-26 21:00:00,31.802,28.50953
2020-05-26 21:15:00,31.582,28.753637
2020-05-26 21:30:00,31.582,29.254194
2020-05-26 21:45:00,31.582,29.536657
2020-05-26 22:00:00,31.582,29.720552
2020-05-26 22:15:00,31.582,29.63309
2020-05-26 22:30:00,31.582,29.355024
2020-05-26 22:45:00,31.582,28.884733
2020-05-26 23:00:00,31.582,28.91851
2020-05-26 23:15:00,31.1425,28.94512
2020-05-26 23:30:00,31.1425,28.842752
2020-05-26 23:45:00,31.1425,28.498495
2020-05-27 00:00:00,31.1425,27.78531
2020-05-27 00:15:00,31.1425,27.288454
2020-05-27 00:30:00,30.703,23.713682
2020-05-27 00:45:00,30.703,26.693026
2020-05-27 01:00:00,30.703,24.725037
2020-05-27 01:15:00,30.703,23.382767
2020-05-27 01:30:00,30.703,23.723825
2020-05-27 01:45:00,30.703,23.417606
2020-05-27 02:00:00,30.483,23.768389
2020-05-27 02:15:00,30.483,23.982347
2020-05-27 02:30:00,30.483,24.500904
2020-05-27 02:45:00,30.2635,24.265764
2020-05-27 03:00:00,30.2635,24.203625
2020-05-27 03:15:00,30.2635,23.97847
2020-05-27 03:30:00,30.2635,23.89267
2020-05-27 03:45:00,30.2635,24.289986
2020-05-27 04:00:00,30.2635,24.022978
2020-05-27 04:15:00,30.2635,24.375202
2020-05-27 04:30:00,30.2635,24.577429
2020-05-27 04:45:00,30.2635,24.326786
2020-05-27 05:00:00,30.044,24.990042
2020-05-27 05:15:00,30.044,24.552708
2020-05-27 05:30:00,30.044,25.075947
2020-05-27 05:45:00,30.044,25.228228
2020-05-27 06:00:00,30.044,25.605776
2020-05-27 06:15:00,30.044,26.040567
2020-05-27 06:30:00,30.044,26.189081
2020-05-27 06:45:00,30.044,26.047144
2020-05-27 07:00:00,30.044,26.008184
2020-05-27 07:15:00,30.2635,26.248224
2020-05-27 07:30:00,30.2635,26.291922
2020-05-27 07:45:00,30.2635,26.330124
2020-05-27 08:00:00,30.2635,26.23029
2020-05-27 08:15:00,30.2635,25.771742
2020-05-27 08:30:00,29.824,26.14115
2020-05-27 08:45:00,29.6045,26.551172
2020-05-27 09:00:00,29.6045,27.366655
2020-05-27 09:15:00,29.6045,28.686037
2020-05-27 09:30:00,29.824,29.631718
2020-05-27 09:45:00,29.824,29.942099
2020-05-27 10:00:00,29.824,30.384047
2020-05-27 10:15:00,30.2635,30.214195
2020-05-27 10:30:00,30.4835,30.132517
2020-05-27 10:45:00,30.9225,29.667528
2020-05-27 11:00:00,31.1425,29.659863
2020-05-27 11:15:00,31.3625,29.80914
2020-05-27 11:30:00,31.8015,29.873728
2020-05-27 11:45:00,32.2415,30.354563
2020-05-27 12:00:00,32.461,30.847343
2020-05-27 12:15:00,32.6805,31.184692
2020-05-27 12:30:00,33.1205,31.614004
2020-05-27 12:45:00,33.5595,31.346918
2020-05-27 13:00:00,34.219,31.185122
2020-05-27 13:15:00,34.8775,31.384768
2020-05-27 13:30:00,35.0975,31.834265
2020-05-27 13:45:00,35.3175,31.744625
2020-05-27 14:00:00,35.7565,32.09195
2020-05-27 14:15:00,35.7565,32.0355
2020-05-27 14:30:00,36.6355,31.915316
2020-05-27 14:45:00,37.7345,31.746937
2020-05-27 15:00:00,38.174,31.939312
2020-05-27 15:15:00,38.3935,31.956629
2020-05-27 15:30:00,38.3935,31.971083
2020-05-27 15:45:00,38.613,32.05059
2020-05-27 16:00:00,38.613,32.222206
2020-05-27 16:15:00,38.613,32.562622
2020-05-27 16:30:00,38.613,32.58436
2020-05-27 16:45:00,39.053,32.166664
2020-05-27 17:00:00,39.053,31.97163
2020-05-27 17:15:00,39.053,31.431261
2020-05-27 17:30:00,39.053,31.263817
2020-05-27 17:45:00,38.613,30.5653
2020-05-27 18:00:00,38.3935,30.156034
2020-05-27 18:15:00,38.174,29.95643
2020-05-27 18:30:00,37.7345,29.998314
2020-05-27 18:45:00,37.515,30.103064
2020-05-27 19:00:00,37.075,30.03946
2020-05-27 19:15:00,36.8555,30.357096
2020-05-27 19:30:00,36.416,29.49632
2020-05-27 19:45:00,35.9765,28.502953
2020-05-27 20:00:00,35.757,27.709974
2020-05-27 20:15:00,35.317,27.047106
2020-05-27 20:30:00,35.0975,27.428703
2020-05-27 20:45:00,34.878,27.235508
2020-05-27 21:00:00,34.658,27.336779
2020-05-27 21:15:00,34.4385,27.31457
2020-05-27 21:30:00,34.219,27.059168
2020-05-27 21:45:00,33.999,26.9683
2020-05-27 22:00:00,33.5595,26.919785
2020-05-27 22:15:00,33.34,27.25969
2020-05-27 22:30:00,33.12,27.826777
2020-05-27 22:45:00,32.9005,27.618454
2020-05-27 23:00:00,32.681,27.716364
2020-05-27 23:15:00,32.461,27.60481
2020-05-27 23:30:00,32.241,27.698864
2020-05-27 23:45:00,32.0215,27.514063
2020-05-28 00:00:00,32.0215,27.422955
2020-05-28 00:15:00,32.0215,26.942581
2020-05-28 00:30:00,31.582,23.310907
2020-05-28 00:45:00,31.582,26.154926
2020-05-28 01:00:00,31.582,24.031736
2020-05-28 01:15:00,31.362,22.478363
2020-05-28 01:30:00,31.1425,22.64734
2020-05-28 01:45:00,31.1425,22.216673
2020-05-28 02:00:00,31.1425,22.143959
2020-05-28 02:15:00,30.923,22.37525
2020-05-28 02:30:00,30.703,22.408964
2020-05-28 02:45:00,30.703,22.267996
2020-05-28 03:00:00,30.703,22.51355
2020-05-28 03:15:00,30.703,22.855438
2020-05-28 03:30:00,30.703,23.102127
2020-05-28 03:45:00,30.483,23.312845
2020-05-28 04:00:00,30.2635,23.021578
2020-05-28 04:15:00,30.2635,23.025253
2020-05-28 04:30:00,30.2635,22.422188
2020-05-28 04:45:00,30.2635,22.748304
2020-05-28 05:00:00,30.2635,23.761415
2020-05-28 05:15:00,30.044,23.890505
2020-05-28 05:30:00,29.824,25.12294
2020-05-28 05:45:00,29.824,24.788565
2020-05-28 06:00:00,29.824,25.595167
2020-05-28 06:15:00,29.824,25.948715
2020-05-28 06:30:00,29.824,26.421938
2020-05-28 06:45:00,30.2635,26.401308
2020-05-28 07:00:00,30.2635,26.234241
2020-05-28 07:15:00,30.703,26.412561
2020-05-28 07:30:00,30.923,26.28316
2020-05-28 07:45:00,31.362,26.504946
2020-05-28 08:00:00,31.802,26.648245
2020-05-28 08:15:00,32.241,26.312971
2020-05-28 08:30:00,32.681,26.884264
2020-05-28 08:45:00,33.12,27.19975
2020-05-28 09:00:00,33.5595,28.54632
2020-05-28 09:15:00,33.779,30.022434
2020-05-28 09:30:00,33.999,30.85379
2020-05-28 09:45:00,34.219,31.407045
2020-05-28 10:00:00,34.4385,31.386654
2020-05-28 10:15:00,34.878,31.113035
2020-05-28 10:30:00,35.0975,30.907576
2020-05-28 10:45:00,35.0975,30.497889
2020-05-28 11:00:00,35.537,30.431757
2020-05-28 11:15:00,35.537,30.668142
2020-05-28 11:30:00,36.196,31.299234
2020-05-28 11:45:00,37.075,31.599375
2020-05-28 12:00:00,37.7345,32.180927
2020-05-28 12:15:00,37.7345,32.981438
2020-05-28 12:30:00,38.174,32.833557
2020-05-28 12:45:00,38.3935,32.6959
2020-05-28 13:00:00,38.3935,32.320427
2020-05-28 13:15:00,38.3935,32.0046
2020-05-28 13:30:00,38.3935,32.079704
2020-05-28 13:45:00,38.613,32.06334
2020-05-28 14:00:00,38.613,32.699203
2020-05-28 14:15:00,38.613,32.987244
2020-05-28 14:30:00,38.833,33.860214
2020-05-28 14:45:00,39.053,34.095673
2020-05-28 15:00:00,39.053,34.239685
2020-05-28 15:15:00,39.053,34.201828
2020-05-28 15:30:00,39.053,34.52719
2020-05-28 15:45:00,39.053,34.679237
2020-05-28 16:00:00,39.053,34.97384
2020-05-28 16:15:00,39.053,34.788773
2020-05-28 16:30:00,39.053,34.708107
2020-05-28 16:45:00,39.053,34.05816
2020-05-28 17:00:00,39.053,33.469963
2020-05-28 17:15:00,39.053,33.473312
2020-05-28 17:30:00,38.833,33.08062
2020-05-28 17:45:00,38.613,32.609333
2020-05-28 18:00:00,38.174,32.75876
2020-05-28 18:15:00,37.954,32.360336
2020-05-28 18:30:00,37.7345,32.189426
2020-05-28 18:45:00,37.515,31.664083
2020-05-28 19:00:00,37.075,31.444437
2020-05-28 19:15:00,36.8555,31.410185
2020-05-28 19:30:00,36.636,31.041727
2020-05-28 19:45:00,36.416,30.138151
2020-05-28 20:00:00,36.196,29.481674
2020-05-28 20:15:00,35.9765,28.992416
2020-05-28 20:30:00,35.757,28.983072
2020-05-28 20:45:00,35.757,28.868145
2020-05-28 21:00:00,35.537,29.20614
2020-05-28 21:15:00,35.317,29.5301
2020-05-28 21:30:00,35.0975,29.976015
2020-05-28 21:45:00,34.878,30.230886
2020-05-28 22:00:00,34.878,30.370966
2020-05-28 22:15:00,34.658,30.316746
2020-05-28 22:30:00,34.658,29.837616
2020-05-28 22:45:00,34.658,29.201145
2020-05-28 23:00:00,34.4385,29.07217
2020-05-28 23:15:00,34.4385,29.199614
2020-05-28 23:30:00,34.219,29.348997
2020-05-28 23:45:00,34.219,29.210209
2020-05-29 00:00:00,33.999,28.946592
2020-05-29 00:15:00,33.999,28.24275
2020-05-29 00:30:00,33.779,24.909342
2020-05-29 00:45:00,33.779,28.04336
2020-05-29 01:00:00,33.779,26.056322
2020-05-29 01:15:00,33.5595,24.644953
2020-05-29 01:30:00,33.34,24.624453
2020-05-29 01:45:00,33.34,24.350328
2020-05-29 02:00:00,33.34,24.90555
2020-05-29 02:15:00,33.34,25.439884
2020-05-29 02:30:00,33.12,25.649988
2020-05-29 02:45:00,32.9005,25.247793
2020-05-29 03:00:00,32.9005,25.286795
2020-05-29 03:15:00,32.9005,25.26
2020-05-29 03:30:00,32.9005,25.6402
2020-05-29 03:45:00,32.9005,26.089367
2020-05-29 04:00:00,32.9005,26.056356
2020-05-29 04:15:00,32.681,26.28493
2020-05-29 04:30:00,32.681,26.586748
2020-05-29 04:45:00,32.461,26.207478
2020-05-29 05:00:00,32.461,26.495497
2020-05-29 05:15:00,32.461,26.481142
2020-05-29 05:30:00,32.461,26.416477
2020-05-29 05:45:00,32.461,26.37478
2020-05-29 06:00:00,32.461,26.66384
2020-05-29 06:15:00,32.461,26.778696
2020-05-29 06:30:00,32.461,27.308664
2020-05-29 06:45:00,32.461,27.260923
2020-05-29 07:00:00,32.461,27.341938
2020-05-29 07:15:00,32.9005,27.457373
2020-05-29 07:30:00,32.9005,27.741297
2020-05-29 07:45:00,33.12,27.694464
2020-05-29 08:00:00,33.34,27.473053
2020-05-29 08:15:00,33.779,27.144892
2020-05-29 08:30:00,34.219,27.137173
2020-05-29 08:45:00,34.219,27.681042
2020-05-29 09:00:00,34.658,29.545351
2020-05-29 09:15:00,34.8775,31.555006
2020-05-29 09:30:00,35.0975,32.983604
2020-05-29 09:45:00,35.0975,33.359436
2020-05-29 10:00:00,35.0975,32.43956
2020-05-29 10:15:00,35.0975,31.298388
2020-05-29 10:30:00,34.878,30.503952
2020-05-29 10:45:00,34.878,29.698837
2020-05-29 11:00:00,35.317,29.787077
2020-05-29 11:15:00,35.537,30.184618
2020-05-29 11:30:00,35.757,30.6155
2020-05-29 11:45:00,36.196,30.863735
2020-05-29 12:00:00,36.196,30.81469
2020-05-29 12:15:00,36.196,30.762957
2020-05-29 12:30:00,36.196,31.029129
2020-05-29 12:45:00,36.636,31.608131
2020-05-29 13:00:00,36.636,32.831924
2020-05-29 13:15:00,36.636,33.946323
2020-05-29 13:30:00,36.8555,34.959694
2020-05-29 13:45:00,37.075,34.963085
2020-05-29 14:00:00,37.075,35.139153
2020-05-29 14:15:00,37.075,35.05726
2020-05-29 14:30:00,37.515,35.270493
2020-05-29 14:45:00,37.515,35.381042
2020-05-29 15:00:00,37.7345,35.441307
2020-05-29 15:15:00,37.7345,35.877552
2020-05-29 15:30:00,37.7345,36.033882
2020-05-29 15:45:00,37.7345,35.88513
2020-05-29 16:00:00,37.7345,36.003525
2020-05-29 16:15:00,37.7345,35.546722
2020-05-29 16:30:00,37.7345,35.173843
2020-05-29 16:45:00,37.515,34.47081
2020-05-29 17:00:00,37.295,33.662697
2020-05-29 17:15:00,37.295,33.15731
2020-05-29 17:30:00,37.075,32.771755
2020-05-29 17:45:00,37.075,31.990479
2020-05-29 18:00:00,36.8555,31.993143
2020-05-29 18:15:00,36.636,31.77556
2020-05-29 18:30:00,36.636,31.566998
2020-05-29 18:45:00,36.416,31.402655
2020-05-29 19:00:00,36.196,31.307726
2020-05-29 19:15:00,35.9765,31.1525
2020-05-29 19:30:00,35.9765,30.684053
2020-05-29 19:45:00,35.757,29.795614
2020-05-29 20:00:00,35.537,29.221912
2020-05-29 20:15:00,35.537,28.899473
2020-05-29 20:30:00,35.0975,29.01256
2020-05-29 20:45:00,34.658,29.009634
2020-05-29 21:00:00,34.658,29.476221
2020-05-29 21:15:00,34.219,29.573872
2020-05-29 21:30:00,33.779,30.014208
2020-05-29 21:45:00,33.779,29.971373
2020-05-29 22:00:00,33.779,29.572052
2020-05-29 22:15:00,33.779,29.765717
2020-05-29 22:30:00,33.779,29.69339
2020-05-29 22:45:00,33.779,29.633596
2020-05-29 23:00:00,33.779,29.737484
2020-05-29 23:15:00,33.779,29.442232
2020-05-29 23:30:00,33.779,28.969522
2020-05-29 23:45:00,33.779,28.168955
2020-05-30 00:00:00,33.779,27.871862
2020-05-30 00:15:00,33.779,27.39733
2020-05-30 00:30:00,33.779,24.67756
2020-05-30 00:45:00,33.34,28.05326
2020-05-30 01:00:00,33.34,25.936554
2020-05-30 01:15:00,33.34,24.969019
2020-05-30 01:30:00,32.681,24.828093
2020-05-30 01:45:00,32.0215,24.877554
2020-05-30 02:00:00,31.582,25.303162
2020-05-30 02:15:00,31.362,25.302006
2020-05-30 02:30:00,31.582,25.692781
2020-05-30 02:45:00,31.582,24.601967
2020-05-30 03:00:00,31.802,24.111673
2020-05-30 03:15:00,31.802,23.817415
2020-05-30 03:30:00,31.802,24.05632
2020-05-30 03:45:00,32.0215,24.300577
2020-05-30 04:00:00,32.0215,25.14065
2020-05-30 04:15:00,32.0215,25.580126
2020-05-30 04:30:00,32.0215,26.019268
2020-05-30 04:45:00,32.0215,26.243353
2020-05-30 05:00:00,32.0215,26.120832
2020-05-30 05:15:00,32.0215,26.315546
2020-05-30 05:30:00,32.0215,26.120886
2020-05-30 05:45:00,32.0215,25.908607
2020-05-30 06:00:00,32.0215,25.68244
2020-05-30 06:15:00,32.0215,25.907179
2020-05-30 06:30:00,32.2415,26.358988
2020-05-30 06:45:00,32.461,26.215525
2020-05-30 07:00:00,32.461,26.71637
2020-05-30 07:15:00,32.6805,26.416788
2020-05-30 07:30:00,32.6805,26.572773
2020-05-30 07:45:00,32.9005,26.83821
2020-05-30 08:00:00,32.9005,26.56616
2020-05-30 08:15:00,33.34,26.315023
2020-05-30 08:30:00,33.34,26.161856
2020-05-30 08:45:00,33.779,26.294378
2020-05-30 09:00:00,33.779,27.798838
2020-05-30 09:15:00,34.219,29.74051
2020-05-30 09:30:00,34.4385,31.480352
2020-05-30 09:45:00,34.658,32.67385
2020-05-30 10:00:00,35.0975,32.849495
2020-05-30 10:15:00,35.0975,31.88656
2020-05-30 10:30:00,35.537,30.877163
2020-05-30 10:45:00,35.757,29.699741
2020-05-30 11:00:00,36.196,29.402502
2020-05-30 11:15:00,36.636,29.770887
2020-05-30 11:30:00,36.8555,30.14699
2020-05-30 11:45:00,37.295,30.32987
2020-05-30 12:00:00,37.295,30.833366
2020-05-30 12:15:00,37.7345,31.4768
2020-05-30 12:30:00,37.954,32.21235
2020-05-30 12:45:00,38.174,32.46679
2020-05-30 13:00:00,38.174,32.752647
2020-05-30 13:15:00,38.174,32.722763
2020-05-30 13:30:00,38.174,33.042732
2020-05-30 13:45:00,38.174,33.041405
2020-05-30 14:00:00,38.174,33.14656
2020-05-30 14:15:00,38.174,33.18068
2020-05-30 14:30:00,38.174,32.8117
2020-05-30 14:45:00,38.3935,32.549812
2020-05-30 15:00:00,38.833,32.760315
2020-05-30 15:15:00,39.2725,33.165977
2020-05-30 15:30:00,39.4925,33.411114
2020-05-30 15:45:00,39.712,33.727745
2020-05-30 16:00:00,39.712,33.681984
2020-05-30 16:15:00,39.712,33.62409
2020-05-30 16:30:00,39.712,33.76348
2020-05-30 16:45:00,39.712,33.107143
2020-05-30 17:00:00,39.712,33.199944
2020-05-30 17:15:00,39.2725,33.02674
2020-05-30 17:30:00,39.053,32.698093
2020-05-30 17:45:00,38.613,32.43013
2020-05-30 18:00:00,38.3935,32.07232
2020-05-30 18:15:00,37.954,31.681486
2020-05-30 18:30:00,37.7345,31.603231
2020-05-30 18:45:00,37.515,31.167673
2020-05-30 19:00:00,37.295,31.048214
2020-05-30 19:15:00,36.8555,30.542337
2020-05-30 19:30:00,36.636,29.728601
2020-05-30 19:45:00,36.416,28.677515
2020-05-30 20:00:00,35.9765,28.47793
2020-05-30 20:15:00,35.757,28.490622
2020-05-30 20:30:00,35.537,29.228043
2020-05-30 20:45:00,35.317,29.607615
2020-05-30 21:00:00,35.317,29.658205
2020-05-30 21:15:00,35.0975,30.144377
2020-05-30 21:30:00,34.878,30.315054
2020-05-30 21:45:00,34.878,29.96173
2020-05-30 22:00:00,34.658,30.074682
2020-05-30 22:15:00,34.658,29.838165
2020-05-30 22:30:00,34.219,29.68159
2020-05-30 22:45:00,33.999,29.61437
2020-05-30 23:00:00,33.999,29.647913
2020-05-30 23:15:00,33.779,29.649237
2020-05-30 23:30:00,33.779,29.641466
2020-05-30 23:45:00,33.779,29.505373
2020-05-31 00:00:00,33.779,29.605494
2020-05-31 00:15:00,33.779,29.674898
2020-05-31 00:30:00,33.779,26.691782
2020-05-31 00:45:00,33.779,29.638882
2020-05-31 01:00:00,33.779,27.480066
2020-05-31 01:15:00,33.779,26.017685
2020-05-31 01:30:00,33.779,26.163904
2020-05-31 01:45:00,33.779,26.05469
2020-05-31 02:00:00,33.779,26.173607
2020-05-31 02:15:00,33.779,26.271433
2020-05-31 02:30:00,33.779,26.448053
2020-05-31 02:45:00,33.779,26.368671
2020-05-31 03:00:00,33.779,26.516855
2020-05-31 03:15:00,33.779,26.643179
2020-05-31 03:30:00,33.779,26.847336
2020-05-31 03:45:00,33.779,26.79439
2020-05-31 04:00:00,33.779,26.968027
2020-05-31 04:15:00,33.779,27.118574
2020-05-31 04:30:00,33.779,27.345524
2020-05-31 04:45:00,33.779,27.313822
2020-05-31 05:00:00,33.779,27.507355
2020-05-31 05:15:00,33.779,27.676203
2020-05-31 05:30:00,33.779,27.919651
2020-05-31 05:45:00,33.779,27.902552
2020-05-31 06:00:00,33.779,28.109072
2020-05-31 06:15:00,33.779,28.289051
2020-05-31 06:30:00,33.779,28.541576
2020-05-31 06:45:00,33.779,28.531443
2020-05-31 07:00:00,33.779,28.743158
2020-05-31 07:15:00,33.779,28.926338
2020-05-31 07:30:00,33.779,29.179901
2020-05-31 07:45:00,33.779,29.168623
2020-05-31 08:00:00,33.779,29.377384
2020-05-31 08:15:00,33.779,29.555616
2020-05-31 08:30:00,33.779,29.802109
2020-05-31 08:45:00,33.779,29.781652
2020-05-31 09:00:00,33.779,29.97951
2020-05-31 09:15:00,33.779,30.144987
2020-05-31 09:30:00,33.779,30.376783
2020-05-31 09:45:00,33.779,30.339739
2020-05-31 10:00:00,33.779,30.519491
2020-05-31 10:15:00,33.779,30.66527
2020-05-31 10:30:00,33.779,30.87574
2020-05-31 10:45:00,33.779,30.815832
2020-05-31 11:00:00,33.779,30.97151
2020-05-31 11:15:00,33.779,31.091991
2020-05-31 11:30:00,33.779,31.275967
2020-05-31 11:45:00,33.779,31.188475
2020-05-31 12:00:00,33.779,31.31575
2020-05-31 12:15:00,33.779,31.40706
2020-05-31 12:30:00,33.779,31.561172
2020-05-31 12:45:00,33.779,31.443256
2020-05-31 13:00:00,33.779,31.539732
2020-05-31 13:15:00,33.779,31.599985
2020-05-31 13:30:00,33.779,31.722902
2020-05-31 13:45:00,33.779,31.573795
2020-05-31 14:00:00,33.779,31.63918
2020-05-31 14:15:00,33.779,31.668606
2020-05-31 14:30:00,33.779,31.76112
2020-05-31 14:45:00,33.779,31.582184
2020-05-31 15:00:00,33.779,31.6183
2020-05-31 15:15:00,33.779,31.619228
2020-05-31 15:30:00,33.779,31.684208
2020-05-31 15:45:00,33.779,31.478834
2020-05-31 16:00:00,33.779,31.489498
2020-05-31 16:15:00,33.779,31.466202
2020-05-31 16:30:00,33.779,31.508387
2020-05-31 16:45:00,33.779,31.28177
2020-05-31 17:00:00,33.779,31.272535
2020-05-31 17:15:00,33.779,31.23094
2020-05-31 17:30:00,33.779,31.256628
2020-05-31 17:45:00,33.779,31.015408
2020-05-31 18:00:00,33.779,30.993189
2020-05-31 18:15:00,33.779,30.940462
2020-05-31 18:30:00,33.779,30.957073
2020-05-31 18:45:00,33.779,30.708887
2020-05-31 19:00:00,33.779,30.681473
2020-05-31 19:15:00,33.779,30.625546
2020-05-31 19:30:00,33.779,30.641117
2020-05-31 19:45:00,33.779,30.394075
2020-05-31 20:00:00,33.779,30.369616
2020-05-31 20:15:00,33.779,30.318636
2020-05-31 20:30:00,33.779,30.341276
2020-05-31 20:45:00,33.779,30.103415
2020-05-31 21:00:00,33.779,30.089857
2020-05-31 21:15:00,33.779,30.051634
2020-05-31 21:30:00,33.779,30.088972
2020-05-31 21:45:00,33.779,29.867699
2020-05-31 22:00:00,33.779,29.872244
2020-05-31 22:15:00,33.779,29.85372
2020-05-31 22:30:00,33.779,29.912382
2020-05-31 22:45:00,33.779,29.713972
2020-05-31 23:00:00,33.779,29.742594
2020-05-31 23:15:00,33.779,29.749365
2020-05-31 23:30:00,33.779,29.834524
2020-05-31 23:45:00,33.779,29.663698
2020-06-01 00:00:00,28.9205,29.720724
2020-06-01 00:15:00,28.9205,29.756664
2020-06-01 00:30:00,28.4815,27.764738
2020-06-01 00:45:00,28.4815,32.511585
2020-06-01 01:00:00,28.4815,31.942343
2020-06-01 01:15:00,28.042,31.903168
2020-06-01 01:30:00,28.042,32.44422
2020-06-01 01:45:00,28.042,32.077072
2020-06-01 02:00:00,27.6025,32.65156
2020-06-01 02:15:00,27.6025,32.87133
2020-06-01 02:30:00,27.6025,32.97309
2020-06-01 02:45:00,27.1635,32.862717
2020-06-01 03:00:00,27.1635,32.01175
2020-06-01 03:15:00,27.1635,31.46572
2020-06-01 03:30:00,27.1635,31.154665
2020-06-01 03:45:00,26.7235,31.244875
2020-06-01 04:00:00,26.7235,31.876925
2020-06-01 04:15:00,26.7235,32.804573
2020-06-01 04:30:00,26.2845,33.22982
2020-06-01 04:45:00,26.2845,33.24359
2020-06-01 05:00:00,26.2845,32.940914
2020-06-01 05:15:00,26.2845,32.762577
2020-06-01 05:30:00,25.8445,33.080482
2020-06-01 05:45:00,25.8445,32.111794
2020-06-01 06:00:00,25.8445,32.71248
2020-06-01 06:15:00,25.8445,33.005013
2020-06-01 06:30:00,25.8445,33.365723
2020-06-01 06:45:00,26.0645,33.715073
2020-06-01 07:00:00,26.2845,33.952194
2020-06-01 07:15:00,26.7235,34.485397
2020-06-01 07:30:00,27.1635,34.64289
2020-06-01 07:45:00,27.8225,34.528805
2020-06-01 08:00:00,28.701,34.11582
2020-06-01 08:15:00,29.36,34.226685
2020-06-01 08:30:00,30.239,34.96685
2020-06-01 08:45:00,31.118,35.569946
2020-06-01 09:00:00,32.217,36.814648
2020-06-01 09:15:00,33.0955,37.271378
2020-06-01 09:30:00,33.315,37.747894
2020-06-01 09:45:00,33.9745,38.20308
2020-06-01 10:00:00,34.1945,38.091507
2020-06-01 10:15:00,35.0735,38.138542
2020-06-01 10:30:00,36.172,38.61036
2020-06-01 10:45:00,36.831,38.470787
2020-06-01 11:00:00,37.2705,39.13832
2020-06-01 11:15:00,38.369,39.61695
2020-06-01 11:30:00,39.6875,39.77893
2020-06-01 11:45:00,40.347,39.861275
2020-06-01 12:00:00,40.786,39.74215
2020-06-01 12:15:00,41.2255,40.181915
2020-06-01 12:30:00,41.4455,40.63804
2020-06-01 12:45:00,41.665,41.025177
2020-06-01 13:00:00,42.3245,41.269485
2020-06-01 13:15:00,42.9835,41.020836
2020-06-01 13:30:00,42.764,40.774277
2020-06-01 13:45:00,42.764,40.146347
2020-06-01 14:00:00,42.9835,40.028725
2020-06-01 14:15:00,43.4225,40.16564
2020-06-01 14:30:00,43.6425,40.300255
2020-06-01 14:45:00,43.203,40.318817
2020-06-01 15:00:00,42.983,40.695503
2020-06-01 15:15:00,42.983,40.7772
2020-06-01 15:30:00,42.7635,41.00968
2020-06-01 15:45:00,42.3245,40.920486
2020-06-01 16:00:00,41.8845,41.15561
2020-06-01 16:15:00,41.4455,41.15809
2020-06-01 16:30:00,40.9815,41.201607
2020-06-01 16:45:00,40.9815,40.7919
2020-06-01 17:00:00,40.762,40.07424
2020-06-01 17:15:00,40.542,39.500626
2020-06-01 17:30:00,40.322,38.7957
2020-06-01 17:45:00,40.1025,37.8666
2020-06-01 18:00:00,39.663,37.056686
2020-06-01 18:15:00,39.2235,36.487343
2020-06-01 18:30:00,38.784,35.934372
2020-06-01 18:45:00,38.3445,35.121918
2020-06-01 19:00:00,37.9055,35.066208
2020-06-01 19:15:00,37.466,35.118904
2020-06-01 19:30:00,37.466,34.989494
2020-06-01 19:45:00,37.0265,34.790913
2020-06-01 20:00:00,36.587,34.729782
2020-06-01 20:15:00,36.1475,34.643326
2020-06-01 20:30:00,35.928,34.903664
2020-06-01 20:45:00,35.488,34.966255
2020-06-01 21:00:00,35.049,34.89704
2020-06-01 21:15:00,34.829,34.390358
2020-06-01 21:30:00,34.609,34.465263
2020-06-01 21:45:00,34.609,34.70842
2020-06-01 22:00:00,34.17,35.058037
2020-06-01 22:15:00,34.17,35.871063
2020-06-01 22:30:00,34.17,36.330696
2020-06-01 22:45:00,34.17,36.141495
2020-06-01 23:00:00,33.95,36.20898
2020-06-01 23:15:00,33.73,35.978104
2020-06-01 23:30:00,33.73,36.03798
2020-06-01 23:45:00,33.5105,35.977783
2020-06-02 00:00:00,33.291,36.053196
2020-06-02 00:15:00,33.0715,36.001236
2020-06-02 00:30:00,32.852,32.52855
2020-06-02 00:45:00,32.852,35.281937
2020-06-02 01:00:00,32.852,33.13581
2020-06-02 01:15:00,32.632,31.761724
2020-06-02 01:30:00,32.412,31.999846
2020-06-02 01:45:00,32.1925,31.819418
2020-06-02 02:00:00,31.973,31.881008
2020-06-02 02:15:00,31.753,31.923697
2020-06-02 02:30:00,31.753,32.267685
2020-06-02 02:45:00,31.3135,31.982328
2020-06-02 03:00:00,31.3135,31.604881
2020-06-02 03:15:00,31.3135,31.577227
2020-06-02 03:30:00,31.3135,31.611376
2020-06-02 03:45:00,31.094,31.49882
2020-06-02 04:00:00,30.874,31.810514
2020-06-02 04:15:00,30.874,31.63683
2020-06-02 04:30:00,30.874,31.604895
2020-06-02 04:45:00,30.654,31.886568
2020-06-02 05:00:00,30.4345,32.39206
2020-06-02 05:15:00,30.4345,32.432793
2020-06-02 05:30:00,30.4345,32.91423
2020-06-02 05:45:00,30.215,32.470375
2020-06-02 06:00:00,30.215,32.233093
2020-06-02 06:15:00,30.215,32.351738
2020-06-02 06:30:00,30.215,32.584602
2020-06-02 06:45:00,30.215,32.939667
2020-06-02 07:00:00,30.215,33.478195
2020-06-02 07:15:00,30.215,33.657368
2020-06-02 07:30:00,30.654,33.389553
2020-06-02 07:45:00,31.3135,32.86313
2020-06-02 08:00:00,31.5335,32.50432
2020-06-02 08:15:00,32.1925,32.53721
2020-06-02 08:30:00,32.632,33.17292
2020-06-02 08:45:00,33.071,34.05677
2020-06-02 09:00:00,33.511,35.03076
2020-06-02 09:15:00,33.7305,36.311928
2020-06-02 09:30:00,34.3895,37.32509
2020-06-02 09:45:00,34.6095,37.71559
2020-06-02 10:00:00,34.829,37.827065
2020-06-02 10:15:00,35.2685,37.370155
2020-06-02 10:30:00,35.9275,37.09944
2020-06-02 10:45:00,36.3675,36.493942
2020-06-02 11:00:00,36.8065,36.80619
2020-06-02 11:15:00,37.0265,37.342262
2020-06-02 11:30:00,37.0265,37.634796
2020-06-02 11:45:00,37.0265,37.346603
2020-06-02 12:00:00,37.466,37.084396
2020-06-02 12:15:00,38.125,36.60212
2020-06-02 12:30:00,38.564,36.3065
2020-06-02 12:45:00,38.564,36.19571
2020-06-02 13:00:00,39.004,36.74141
2020-06-02 13:15:00,39.004,37.41337
2020-06-02 13:30:00,38.5645,38.147278
2020-06-02 13:45:00,38.345,38.460518
2020-06-02 14:00:00,38.345,38.78273
2020-06-02 14:15:00,38.345,38.875557
2020-06-02 14:30:00,38.5645,38.96337
2020-06-02 14:45:00,38.5645,38.73768
2020-06-02 15:00:00,38.5645,38.6388
2020-06-02 15:15:00,38.125,38.41072
2020-06-02 15:30:00,37.6855,38.328537
2020-06-02 15:45:00,37.466,38.151543
2020-06-02 16:00:00,37.0265,38.18992
2020-06-02 16:15:00,37.0265,38.31109
2020-06-02 16:30:00,37.0265,38.48867
2020-06-02 16:45:00,37.0265,38.367126
2020-06-02 17:00:00,37.0265,38.193153
2020-06-02 17:15:00,36.8065,37.824455
2020-06-02 17:30:00,36.8065,37.354156
2020-06-02 17:45:00,36.8065,36.263206
2020-06-02 18:00:00,36.3675,35.81514
2020-06-02 18:15:00,35.9275,35.651134
2020-06-02 18:30:00,35.9275,35.71512
2020-06-02 18:45:00,35.708,35.639587
2020-06-02 19:00:00,35.4885,35.755943
2020-06-02 19:15:00,35.2685,35.710846
2020-06-02 19:30:00,35.2685,35.185005
2020-06-02 19:45:00,34.829,34.60221
2020-06-02 20:00:00,34.829,33.877853
2020-06-02 20:15:00,34.609,33.240784
2020-06-02 20:30:00,34.3895,33.66279
2020-06-02 20:45:00,34.17,33.76844
2020-06-02 21:00:00,34.17,34.52774
2020-06-02 21:15:00,33.73,35.2548
2020-06-02 21:30:00,33.73,35.627235
2020-06-02 21:45:00,33.291,35.73365
2020-06-02 22:00:00,33.291,35.902824
2020-06-02 22:15:00,33.291,35.718742
2020-06-02 22:30:00,33.0715,35.840096
2020-06-02 22:45:00,32.852,35.941734
2020-06-02 23:00:00,32.852,36.098873
2020-06-02 23:15:00,32.632,35.976784
2020-06-02 23:30:00,32.632,35.73825
2020-06-02 23:45:00,32.632,35.26844
2020-06-03 00:00:00,32.412,35.08107
2020-06-03 00:15:00,32.412,35.031254
2020-06-03 00:30:00,32.1925,31.917635
2020-06-03 00:45:00,32.1925,34.290047
2020-06-03 01:00:00,32.1925,31.469671
2020-06-03 01:15:00,31.973,29.461405
2020-06-03 01:30:00,31.973,28.7396
2020-06-03 01:45:00,31.753,28.470404
2020-06-03 02:00:00,31.753,28.741005
2020-06-03 02:15:00,31.533,29.01183
2020-06-03 02:30:00,31.533,29.018003
2020-06-03 02:45:00,31.533,29.239208
2020-06-03 03:00:00,31.533,29.538328
2020-06-03 03:15:00,31.533,29.816797
2020-06-03 03:30:00,31.3135,30.79092
2020-06-03 03:45:00,31.3135,30.74673
2020-06-03 04:00:00,31.094,30.923933
2020-06-03 04:15:00,31.094,30.988466
2020-06-03 04:30:00,30.874,30.95437
2020-06-03 04:45:00,30.654,30.970005
2020-06-03 05:00:00,30.654,31.207092
2020-06-03 05:15:00,30.215,31.256582
2020-06-03 05:30:00,30.215,31.547144
2020-06-03 05:45:00,30.215,31.53166
2020-06-03 06:00:00,30.215,31.778967
2020-06-03 06:15:00,30.215,32.081726
2020-06-03 06:30:00,30.215,32.25111
2020-06-03 06:45:00,30.215,32.32191
2020-06-03 07:00:00,30.654,32.22695
2020-06-03 07:15:00,30.874,32.23058
2020-06-03 07:30:00,31.3135,32.47809
2020-06-03 07:45:00,31.753,32.37992
2020-06-03 08:00:00,32.1925,32.702324
2020-06-03 08:15:00,32.4125,32.70851
2020-06-03 08:30:00,32.8515,32.89789
2020-06-03 08:45:00,32.8515,32.91263
2020-06-03 09:00:00,33.291,33.367245
2020-06-03 09:15:00,33.7305,34.078136
2020-06-03 09:30:00,34.3895,34.82634
2020-06-03 09:45:00,35.2685,35.0783
2020-06-03 10:00:00,35.708,35.551315
2020-06-03 10:15:00,36.587,35.941696
2020-06-03 10:30:00,37.905,36.131226
2020-06-03 10:45:00,38.5645,36.02075
2020-06-03 11:00:00,39.443,36.14395
2020-06-03 11:15:00,40.1025,36.779083
2020-06-03 11:30:00,40.542,37.4261
2020-06-03 11:45:00,40.7615,37.822777
2020-06-03 12:00:00,40.542,38.29397
2020-06-03 12:15:00,40.7615,38.40551
2020-06-03 12:30:00,41.201,38.728798
2020-06-03 12:45:00,41.421,38.471687
2020-06-03 13:00:00,42.3,38.738037
2020-06-03 13:15:00,42.7395,39.207664
2020-06-03 13:30:00,43.1785,39.435448
2020-06-03 13:45:00,43.8375,39.612053
2020-06-03 14:00:00,44.2775,39.489815
2020-06-03 14:15:00,44.497,39.18937
2020-06-03 14:30:00,44.9365,39.196243
2020-06-03 14:45:00,44.9365,39.179626
2020-06-03 15:00:00,44.9365,39.76951
2020-06-03 15:15:00,44.717,40.01162
2020-06-03 15:30:00,44.717,40.23185
2020-06-03 15:45:00,44.0575,39.9776
2020-06-03 16:00:00,43.179,39.788452
2020-06-03 16:15:00,42.739,40.073593
2020-06-03 16:30:00,41.8605,40.217346
2020-06-03 16:45:00,41.201,40.308205
2020-06-03 17:00:00,40.542,40.433838
2020-06-03 17:15:00,39.883,39.86727
2020-06-03 17:30:00,39.2235,39.481308
2020-06-03 17:45:00,38.5645,38.534286
2020-06-03 18:00:00,38.125,37.92546
2020-06-03 18:15:00,37.6855,37.649963
2020-06-03 18:30:00,37.0265,37.228226
2020-06-03 18:45:00,36.587,37.17836
2020-06-03 19:00:00,36.3675,37.14917
2020-06-03 19:15:00,35.9275,36.957603
2020-06-03 19:30:00,35.4885,36.530807
2020-06-03 19:45:00,35.2685,35.210247
2020-06-03 20:00:00,34.829,34.256687
2020-06-03 20:15:00,34.6095,33.360466
2020-06-03 20:30:00,34.3895,33.005035
2020-06-03 20:45:00,34.17,32.670425
2020-06-03 21:00:00,33.95,32.764656
2020-06-03 21:15:00,33.73,32.94867
2020-06-03 21:30:00,33.5105,33.061653
2020-06-03 21:45:00,33.291,33.253387
2020-06-03 22:00:00,33.0715,33.608566
2020-06-03 22:15:00,32.852,34.032433
2020-06-03 22:30:00,32.632,34.37932
2020-06-03 22:45:00,32.412,34.842995
2020-06-03 23:00:00,32.1925,34.86286
2020-06-03 23:15:00,31.973,34.736443
2020-06-03 23:30:00,31.753,34.926277
2020-06-03 23:45:00,31.533,34.32593
2020-06-04 00:00:00,31.533,34.684395
2020-06-04 00:15:00,31.3135,34.794563
2020-06-04 00:30:00,31.094,31.779434
2020-06-04 00:45:00,31.094,34.67534
2020-06-04 01:00:00,31.094,32.303497
2020-06-04 01:15:00,31.094,30.611843
2020-06-04 01:30:00,30.874,30.417952
2020-06-04 01:45:00,30.654,30.466211
2020-06-04 02:00:00,30.654,30.7709
2020-06-04 02:15:00,30.4345,30.806932
2020-06-04 02:30:00,30.215,30.809702
2020-06-04 02:45:00,30.215,30.502195
2020-06-04 03:00:00,30.215,30.342775
2020-06-04 03:15:00,29.775,30.687328
2020-06-04 03:30:00,29.775,31.163336
2020-06-04 03:45:00,29.336,31.201075
2020-06-04 04:00:00,29.336,31.241892
2020-06-04 04:15:00,29.116,31.131662
2020-06-04 04:30:00,28.896,31.009485
2020-06-04 04:45:00,28.896,31.248993
2020-06-04 05:00:00,28.457,31.878197
2020-06-04 05:15:00,28.457,32.136623
2020-06-04 05:30:00,28.457,32.18097
2020-06-04 05:45:00,28.018,31.802023
2020-06-04 06:00:00,28.018,31.797258
2020-06-04 06:15:00,28.018,31.934683
2020-06-04 06:30:00,28.018,32.771122
2020-06-04 06:45:00,28.457,32.96882
2020-06-04 07:00:00,28.457,32.976425
2020-06-04 07:15:00,28.896,33.461197
2020-06-04 07:30:00,28.896,33.633713
2020-06-04 07:45:00,29.336,33.23832
2020-06-04 08:00:00,29.775,33.180763
2020-06-04 08:15:00,30.215,32.61673
2020-06-04 08:30:00,31.094,32.818954
2020-06-04 08:45:00,31.533,33.150436
2020-06-04 09:00:00,32.1925,34.180244
2020-06-04 09:15:00,32.852,35.37412
2020-06-04 09:30:00,33.291,36.031387
2020-06-04 09:45:00,34.17,36.621407
2020-06-04 10:00:00,35.049,37.218796
2020-06-04 10:15:00,36.1475,36.88694
2020-06-04 10:30:00,36.807,36.92805
2020-06-04 10:45:00,38.125,36.544098
2020-06-04 11:00:00,39.443,36.22422
2020-06-04 11:15:00,40.1025,36.477386
2020-06-04 11:30:00,40.9815,36.92739
2020-06-04 11:45:00,41.2015,36.83492
2020-06-04 12:00:00,41.641,37.400658
2020-06-04 12:15:00,41.8605,37.604744
2020-06-04 12:30:00,42.5195,37.514046
2020-06-04 12:45:00,42.959,37.33142
2020-06-04 13:00:00,43.3985,37.143875
2020-06-04 13:15:00,44.497,37.29467
2020-06-04 13:30:00,45.1565,37.570557
2020-06-04 13:45:00,45.8155,37.755524
2020-06-04 14:00:00,46.475,38.13639
2020-06-04 14:15:00,46.6945,38.264046
2020-06-04 14:30:00,47.134,38.506477
2020-06-04 14:45:00,47.134,38.24009
2020-06-04 15:00:00,46.9145,38.10324
2020-06-04 15:15:00,46.6945,38.212616
2020-06-04 15:30:00,45.8155,38.364204
2020-06-04 15:45:00,44.9365,38.37323
2020-06-04 16:00:00,44.2775,38.49784
2020-06-04 16:15:00,43.3985,39.090782
2020-06-04 16:30:00,42.959,39.764427
2020-06-04 16:45:00,42.3,39.533104
2020-06-04 17:00:00,41.6405,39.275322
2020-06-04 17:15:00,40.9815,38.469437
2020-06-04 17:30:00,40.542,37.851837
2020-06-04 17:45:00,39.883,37.57904
2020-06-04 18:00:00,39.443,37.783325
2020-06-04 18:15:00,39.004,38.006172
2020-06-04 18:30:00,38.564,38.041924
2020-06-04 18:45:00,37.9055,37.775795
2020-06-04 19:00:00,37.466,37.422783
2020-06-04 19:15:00,37.0265,37.134193
2020-06-04 19:30:00,36.587,36.47673
2020-06-04 19:45:00,36.367,35.48433
2020-06-04 20:00:00,36.1475,34.972
2020-06-04 20:15:00,35.928,34.61492
2020-06-04 20:30:00,35.928,34.95645
2020-06-04 20:45:00,35.488,35.04413
2020-06-04 21:00:00,35.488,35.317757
2020-06-04 21:15:00,35.049,35.403183
2020-06-04 21:30:00,35.049,35.476654
2020-06-04 21:45:00,34.609,35.318443
2020-06-04 22:00:00,34.609,35.37526
2020-06-04 22:15:00,34.609,34.97467
2020-06-04 22:30:00,34.17,34.40821
2020-06-04 22:45:00,34.17,34.33557
2020-06-04 23:00:00,33.73,34.31394
2020-06-04 23:15:00,33.73,34.527153
2020-06-04 23:30:00,33.73,35.210953
2020-06-04 23:45:00,33.291,34.74897
2020-06-05 00:00:00,33.291,35.060753
2020-06-05 00:15:00,33.0715,35.558006
2020-06-05 00:30:00,32.852,32.604652
2020-06-05 00:45:00,32.852,35.74739
2020-06-05 01:00:00,32.852,33.347404
2020-06-05 01:15:00,32.632,31.612864
2020-06-05 01:30:00,32.412,31.840492
2020-06-05 01:45:00,32.412,31.694628
2020-06-05 02:00:00,32.412,31.855616
2020-06-05 02:15:00,32.412,31.76201
2020-06-05 02:30:00,32.412,31.662989
2020-06-05 02:45:00,31.973,31.57501
2020-06-05 03:00:00,31.973,31.790325
2020-06-05 03:15:00,31.973,32.104374
2020-06-05 03:30:00,31.973,32.423775
2020-06-05 03:45:00,31.753,32.494217
2020-06-05 04:00:00,31.533,32.4342
2020-06-05 04:15:00,31.533,32.396667
2020-06-05 04:30:00,31.533,32.355812
2020-06-05 04:45:00,31.533,32.223175
2020-06-05 05:00:00,31.533,32.266953
2020-06-05 05:15:00,31.533,32.054962
2020-06-05 05:30:00,31.3135,32.421608
2020-06-05 05:45:00,31.3135,32.54767
2020-06-05 06:00:00,31.3135,32.857773
2020-06-05 06:15:00,31.3135,33.326435
2020-06-05 06:30:00,31.533,32.962097
2020-06-05 06:45:00,31.533,31.926363
2020-06-05 07:00:00,31.973,31.895102
2020-06-05 07:15:00,31.973,32.014763
2020-06-05 07:30:00,32.412,32.263664
2020-06-05 07:45:00,32.412,32.370514
2020-06-05 08:00:00,32.852,31.997202
2020-06-05 08:15:00,33.0715,31.000978
2020-06-05 08:30:00,33.291,31.036165
2020-06-05 08:45:00,33.73,31.185843
2020-06-05 09:00:00,33.95,31.995789
2020-06-05 09:15:00,34.829,33.406868
2020-06-05 09:30:00,34.829,34.844677
2020-06-05 09:45:00,35.049,35.700237
2020-06-05 10:00:00,35.049,35.754883
2020-06-05 10:15:00,35.2685,36.00393
2020-06-05 10:30:00,35.708,36.176376
2020-06-05 10:45:00,35.928,36.578182
2020-06-05 11:00:00,36.587,37.93316
2020-06-05 11:15:00,37.2465,38.626564
2020-06-05 11:30:00,38.3445,39.006287
2020-06-05 11:45:00,38.564,38.952866
2020-06-05 12:00:00,38.564,38.38627
2020-06-05 12:15:00,39.004,38.398216
2020-06-05 12:30:00,39.004,38.486977
2020-06-05 12:45:00,39.004,38.37069
2020-06-05 13:00:00,38.784,38.945763
2020-06-05 13:15:00,38.784,38.903664
2020-06-05 13:30:00,38.784,38.215584
2020-06-05 13:45:00,38.784,37.001064
2020-06-05 14:00:00,39.004,36.106064
2020-06-05 14:15:00,39.663,35.110878
2020-06-05 14:30:00,39.883,35.13057
2020-06-05 14:45:00,39.663,34.910885
2020-06-05 15:00:00,39.2235,34.82544
2020-06-05 15:15:00,39.0035,35.676712
2020-06-05 15:30:00,38.5645,35.524384
2020-06-05 15:45:00,38.5645,35.354218
2020-06-05 16:00:00,38.345,35.482117
2020-06-05 16:15:00,38.125,35.430923
2020-06-05 16:30:00,37.6855,36.799618
2020-06-05 16:45:00,37.466,37.689438
2020-06-05 17:00:00,37.2465,38.027054
2020-06-05 17:15:00,37.2465,36.916245
2020-06-05 17:30:00,36.8065,36.639446
2020-06-05 17:45:00,36.3675,36.020996
2020-06-05 18:00:00,36.3675,36.55838
2020-06-05 18:15:00,35.9275,36.992775
2020-06-05 18:30:00,35.9275,36.35826
2020-06-05 18:45:00,35.708,35.923813
2020-06-05 19:00:00,35.2685,35.6815
2020-06-05 19:15:00,35.2685,35.918434
2020-06-05 19:30:00,34.829,35.42035
2020-06-05 19:45:00,34.609,33.96013
2020-06-05 20:00:00,34.3895,33.657887
2020-06-05 20:15:00,34.17,33.500816
2020-06-05 20:30:00,33.95,34.142357
2020-06-05 20:45:00,33.73,34.05465
2020-06-05 21:00:00,33.5105,33.81624
2020-06-05 21:15:00,33.291,33.428383
2020-06-05 21:30:00,33.0715,33.166687
2020-06-05 21:45:00,32.852,33.20308
2020-06-05 22:00:00,32.852,33.16909
2020-06-05 22:15:00,32.412,33.451843
2020-06-05 22:30:00,32.412,33.77111
2020-06-05 22:45:00,32.412,33.581207
2020-06-05 23:00:00,31.973,34.187645
2020-06-05 23:15:00,31.973,34.37943
2020-06-05 23:30:00,31.753,34.602753
2020-06-05 23:45:00,31.753,34.639816
2020-06-06 00:00:00,31.753,34.507164
2020-06-06 00:15:00,31.533,34.221375
2020-06-06 00:30:00,31.533,30.768486
2020-06-06 00:45:00,31.533,33.399796
2020-06-06 01:00:00,31.533,31.073313
2020-06-06 01:15:00,31.3135,29.458782
2020-06-06 01:30:00,31.094,29.384794
2020-06-06 01:45:00,31.094,29.211714
2020-06-06 02:00:00,30.654,29.04268
2020-06-06 02:15:00,30.654,29.249899
2020-06-06 02:30:00,30.4345,29.450966
2020-06-06 02:45:00,30.215,29.559982
2020-06-06 03:00:00,30.215,29.96205
2020-06-06 03:15:00,29.995,30.146566
2020-06-06 03:30:00,29.775,30.269764
2020-06-06 03:45:00,29.775,29.815908
2020-06-06 04:00:00,29.336,29.600325
2020-06-06 04:15:00,29.336,29.6907
2020-06-06 04:30:00,29.336,30.02278
2020-06-06 04:45:00,28.896,29.840424
2020-06-06 05:00:00,28.896,30.04096
2020-06-06 05:15:00,28.896,29.967628
2020-06-06 05:30:00,28.457,30.24495
2020-06-06 05:45:00,28.457,30.547777
2020-06-06 06:00:00,28.457,30.807882
2020-06-06 06:15:00,28.457,31.04728
2020-06-06 06:30:00,28.457,31.302832
2020-06-06 06:45:00,28.896,31.413214
2020-06-06 07:00:00,29.336,31.616852
2020-06-06 07:15:00,29.775,31.311419
2020-06-06 07:30:00,30.215,30.894562
2020-06-06 07:45:00,30.874,29.970692
2020-06-06 08:00:00,31.5335,30.429075
2020-06-06 08:15:00,32.1925,30.331831
2020-06-06 08:30:00,32.8515,31.681992
2020-06-06 08:45:00,33.5105,32.841072
2020-06-06 09:00:00,34.3895,32.709305
2020-06-06 09:15:00,35.2685,34.174095
2020-06-06 09:30:00,35.708,34.871124
2020-06-06 09:45:00,36.807,35.308292
2020-06-06 10:00:00,37.0265,35.70163
2020-06-06 10:15:00,38.345,35.48223
2020-06-06 10:30:00,39.004,35.146927
2020-06-06 10:45:00,39.883,34.940125
2020-06-06 11:00:00,40.762,34.91336
2020-06-06 11:15:00,41.641,35.145576
2020-06-06 11:30:00,42.3,35.74681
2020-06-06 11:45:00,42.5195,35.645638
2020-06-06 12:00:00,42.3,36.277946
2020-06-06 12:15:00,42.5195,36.802032
2020-06-06 12:30:00,42.959,37.10768
2020-06-06 12:45:00,43.1785,37.826958
2020-06-06 13:00:00,43.398,38.607872
2020-06-06 13:15:00,44.0575,39.477303
2020-06-06 13:30:00,44.497,40.468376
2020-06-06 13:45:00,44.717,40.67048
2020-06-06 14:00:00,44.9365,40.80874
2020-06-06 14:15:00,45.1565,40.985817
2020-06-06 14:30:00,44.9365,40.78428
2020-06-06 14:45:00,44.9365,40.393852
2020-06-06 15:00:00,45.156,40.43093
2020-06-06 15:15:00,44.9365,40.388824
2020-06-06 15:30:00,44.717,40.475044
2020-06-06 15:45:00,44.4975,39.945244
2020-06-06 16:00:00,43.838,39.32447
2020-06-06 16:15:00,43.3985,38.918427
2020-06-06 16:30:00,43.1785,38.87758
2020-06-06 16:45:00,42.7395,38.830254
2020-06-06 17:00:00,42.7395,39.00763
2020-06-06 17:15:00,42.2995,38.79654
2020-06-06 17:30:00,42.08,38.818855
2020-06-06 17:45:00,41.8605,38.357094
2020-06-06 18:00:00,41.641,38.00846
2020-06-06 18:15:00,41.421,37.755936
2020-06-06 18:30:00,40.9815,37.100044
2020-06-06 18:45:00,40.7615,36.62197
2020-06-06 19:00:00,40.3225,36.438866
2020-06-06 19:15:00,40.1025,36.37729
2020-06-06 19:30:00,39.663,36.350983
2020-06-06 19:45:00,39.2235,35.643543
2020-06-06 20:00:00,38.784,35.448875
2020-06-06 20:15:00,38.564,35.274624
2020-06-06 20:30:00,38.3445,35.262566
2020-06-06 20:45:00,37.9055,35.53949
2020-06-06 21:00:00,37.686,35.972374
2020-06-06 21:15:00,37.466,36.233482
2020-06-06 21:30:00,37.246,36.564186
2020-06-06 21:45:00,37.0265,36.071106
2020-06-06 22:00:00,36.807,35.64022
2020-06-06 22:15:00,36.587,35.189655
2020-06-06 22:30:00,36.3675,34.831818
2020-06-06 22:45:00,36.1475,35.158348
2020-06-06 23:00:00,36.1475,35.592773
2020-06-06 23:15:00,36.1475,35.330902
2020-06-06 23:30:00,35.9275,35.199837
2020-06-06 23:45:00,35.708,34.759575
2020-06-07 00:00:00,35.708,34.67507
2020-06-07 00:15:00,35.4885,35.00045
2020-06-07 00:30:00,35.4885,32.045456
2020-06-07 00:45:00,35.0485,34.94468
2020-06-07 01:00:00,35.0485,32.71141
2020-06-07 01:15:00,35.0485,31.337072
2020-06-07 01:30:00,34.829,31.403082
2020-06-07 01:45:00,34.6095,31.557318
2020-06-07 02:00:00,34.6095,31.709421
2020-06-07 02:15:00,34.6095,31.675594
2020-06-07 02:30:00,34.6095,31.81571
2020-06-07 02:45:00,34.6095,31.332672
2020-06-07 03:00:00,34.6095,31.424551
2020-06-07 03:15:00,34.3895,31.679548
2020-06-07 03:30:00,34.3895,31.883133
2020-06-07 03:45:00,34.3895,32.32368
2020-06-07 04:00:00,34.3895,32.663795
2020-06-07 04:15:00,33.95,32.84645
2020-06-07 04:30:00,33.95,32.720623
2020-06-07 04:45:00,33.95,32.11406
2020-06-07 05:00:00,33.95,31.967112
2020-06-07 05:15:00,33.73,32.07718
2020-06-07 05:30:00,33.5105,32.6381
2020-06-07 05:45:00,33.5105,32.614613
2020-06-07 06:00:00,33.5105,32.9662
2020-06-07 06:15:00,33.5105,33.20768
2020-06-07 06:30:00,33.5105,33.30053
2020-06-07 06:45:00,33.73,33.614204
2020-06-07 07:00:00,33.73,33.6429
2020-06-07 07:15:00,34.17,33.71736
2020-06-07 07:30:00,34.609,34.235626
2020-06-07 07:45:00,34.829,34.026947
2020-06-07 08:00:00,35.4885,33.70374
2020-06-07 08:15:00,35.708,33.68879
2020-06-07 08:30:00,36.1475,33.71392
2020-06-07 08:45:00,36.587,34.203568
2020-06-07 09:00:00,37.4655,35.279266
2020-06-07 09:15:00,38.125,36.06672
2020-06-07 09:30:00,39.004,36.870422
2020-06-07 09:45:00,39.883,37.02819
2020-06-07 10:00:00,40.3225,36.853394
2020-06-07 10:15:00,41.2015,36.63835
2020-06-07 10:30:00,42.08,36.670563
2020-06-07 10:45:00,42.959,36.275978
2020-06-07 11:00:00,43.3985,36.528
2020-06-07 11:15:00,44.277,36.706833
2020-06-07 11:30:00,44.497,37.636223
2020-06-07 11:45:00,44.7165,37.983536
2020-06-07 12:00:00,44.9365,38.892204
2020-06-07 12:15:00,44.9365,39.444473
2020-06-07 12:30:00,45.8155,39.277412
2020-06-07 12:45:00,46.255,39.14158
2020-06-07 13:00:00,46.475,39.0123
2020-06-07 13:15:00,46.6945,39.136208
2020-06-07 13:30:00,47.134,39.27249
2020-06-07 13:45:00,47.134,39.626312
2020-06-07 14:00:00,46.6945,39.93244
2020-06-07 14:15:00,47.1335,40.18136
2020-06-07 14:30:00,47.3535,40.488045
2020-06-07 14:45:00,47.134,40.18715
2020-06-07 15:00:00,46.475,40.20623
2020-06-07 15:15:00,46.035,40.206657
2020-06-07 15:30:00,45.8155,40.132027
2020-06-07 15:45:00,45.376,39.845177
2020-06-07 16:00:00,44.9365,39.7984
2020-06-07 16:15:00,44.497,39.500214
2020-06-07 16:30:00,44.0575,39.11944
2020-06-07 16:45:00,44.0575,38.367096
2020-06-07 17:00:00,43.8375,38.50347
2020-06-07 17:15:00,43.618,38.305305
2020-06-07 17:30:00,43.618,38.353355
2020-06-07 17:45:00,43.3985,38.169395
2020-06-07 18:00:00,43.3985,37.54824
2020-06-07 18:15:00,43.1785,36.888268
2020-06-07 18:30:00,42.7395,36.368217
2020-06-07 18:45:00,42.3,35.66243
2020-06-07 19:00:00,42.3,35.322132
2020-06-07 19:15:00,41.8605,35.335938
2020-06-07 19:30:00,41.641,34.636383
2020-06-07 19:45:00,41.421,33.608253
2020-06-07 20:00:00,40.9815,33.574677
2020-06-07 20:15:00,40.9815,33.34371
2020-06-07 20:30:00,40.542,34.267536
2020-06-07 20:45:00,40.3225,34.80239
2020-06-07 21:00:00,40.1025,35.06253
2020-06-07 21:15:00,40.1025,35.243813
2020-06-07 21:30:00,40.1025,34.792
2020-06-07 21:45:00,39.663,34.05237
2020-06-07 22:00:00,39.663,33.57315
2020-06-07 22:15:00,39.663,33.285763
2020-06-07 22:30:00,39.663,33.28682
2020-06-07 22:45:00,39.443,33.852173
2020-06-07 23:00:00,39.443,33.81259
2020-06-07 23:15:00,39.2235,33.68821
2020-06-07 23:30:00,39.004,34.135185
2020-06-07 23:45:00,39.004,33.910446
2020-06-08 00:00:00,38.784,34.403206
2020-06-08 00:15:00,38.564,34.900333
2020-06-08 00:30:00,38.3445,32.19217
2020-06-08 00:45:00,38.125,35.096275
2020-06-08 01:00:00,37.9055,32.96425
2020-06-08 01:15:00,37.686,31.395544
2020-06-08 01:30:00,37.686,31.270996
2020-06-08 01:45:00,37.246,31.21044
2020-06-08 02:00:00,37.246,31.261147
2020-06-08 02:15:00,37.246,31.278234
2020-06-08 02:30:00,36.807,31.171865
2020-06-08 02:45:00,36.807,31.045864
2020-06-08 03:00:00,36.807,31.25147
2020-06-08 03:15:00,36.807,31.56674
2020-06-08 03:30:00,36.807,31.739573
2020-06-08 03:45:00,36.367,31.806877
2020-06-08 04:00:00,36.367,31.983736
2020-06-08 04:15:00,36.1475,31.937323
2020-06-08 04:30:00,35.928,32.25563
2020-06-08 04:45:00,35.708,32.182877
2020-06-08 05:00:00,35.488,32.753193
2020-06-08 05:15:00,35.488,32.819267
2020-06-08 05:30:00,35.2685,32.889236
2020-06-08 05:45:00,35.2685,32.385544
2020-06-08 06:00:00,35.2685,32.45208
2020-06-08 06:15:00,35.049,32.63485
2020-06-08 06:30:00,34.829,32.701904
2020-06-08 06:45:00,34.829,33.175964
2020-06-08 07:00:00,34.829,32.935776
2020-06-08 07:15:00,34.829,32.820297
2020-06-08 07:30:00,35.2685,33.394325
2020-06-08 07:45:00,35.708,33.061012
2020-06-08 08:00:00,35.928,33.07029
2020-06-08 08:15:00,36.1475,32.82112
2020-06-08 08:30:00,36.1475,33.378716
2020-06-08 08:45:00,36.587,34.10505
2020-06-08 09:00:00,37.2465,35.572952
2020-06-08 09:15:00,38.345,37.448463
2020-06-08 09:30:00,38.784,38.03753
2020-06-08 09:45:00,39.4435,38.546417
2020-06-08 10:00:00,39.663,39.079445
2020-06-08 10:15:00,39.663,38.606377
2020-06-08 10:30:00,39.663,38.475784
2020-06-08 10:45:00,39.663,37.975952
2020-06-08 11:00:00,39.883,37.555153
2020-06-08 11:15:00,39.883,37.798874
2020-06-08 11:30:00,39.883,37.795593
2020-06-08 11:45:00,40.1025,37.962296
2020-06-08 12:00:00,40.322,38.24537
2020-06-08 12:15:00,40.762,38.422882
2020-06-08 12:30:00,40.9815,39.34915
2020-06-08 12:45:00,41.201,39.487442
2020-06-08 13:00:00,41.421,39.719322
2020-06-08 13:15:00,41.421,39.884727
2020-06-08 13:30:00,42.0805,39.799225
2020-06-08 13:45:00,42.5195,39.619705
2020-06-08 14:00:00,42.739,39.75157
2020-06-08 14:15:00,43.3985,39.743874
2020-06-08 14:30:00,43.618,39.843666
2020-06-08 14:45:00,44.277,39.53025
2020-06-08 15:00:00,44.717,39.07612
2020-06-08 15:15:00,44.9365,38.62712
2020-06-08 15:30:00,44.9365,38.487717
2020-06-08 15:45:00,44.717,38.312164
2020-06-08 16:00:00,44.0575,38.686302
2020-06-08 16:15:00,43.618,38.777733
2020-06-08 16:30:00,42.959,39.010384
2020-06-08 16:45:00,42.5195,38.912003
2020-06-08 17:00:00,42.0805,38.61744
2020-06-08 17:15:00,41.6405,38.50815
2020-06-08 17:30:00,40.9815,38.373978
2020-06-08 17:45:00,40.542,37.634148
2020-06-08 18:00:00,39.663,37.321404
2020-06-08 18:15:00,39.2235,37.143715
2020-06-08 18:30:00,38.784,37.029938
2020-06-08 18:45:00,37.905,36.80773
2020-06-08 19:00:00,37.466,36.864952
2020-06-08 19:15:00,37.0265,36.72448
2020-06-08 19:30:00,36.587,35.879776
2020-06-08 19:45:00,36.3675,35.381943
2020-06-08 20:00:00,36.1475,34.963367
2020-06-08 20:15:00,35.9275,34.542732
2020-06-08 20:30:00,35.9275,34.78687
2020-06-08 20:45:00,35.4885,34.62281
2020-06-08 21:00:00,35.4885,35.068962
2020-06-08 21:15:00,35.4885,35.365402
2020-06-08 21:30:00,35.4885,35.594406
2020-06-08 21:45:00,35.4885,35.519577
2020-06-08 22:00:00,35.4885,35.34301
2020-06-08 22:15:00,35.4885,35.181763
2020-06-08 22:30:00,35.4885,35.00142
2020-06-08 22:45:00,35.4885,34.937798
2020-06-08 23:00:00,35.4885,35.25701
2020-06-08 23:15:00,35.4885,35.55761
2020-06-08 23:30:00,35.2685,35.98643
2020-06-08 23:45:00,35.2685,35.55104
2020-06-09 00:00:00,35.2685,35.38321
2020-06-09 00:15:00,35.2685,35.346313
2020-06-09 00:30:00,35.0485,31.964788
2020-06-09 00:45:00,34.6095,35.10459
2020-06-09 01:00:00,34.6095,32.948776
2020-06-09 01:15:00,34.3895,31.313148
2020-06-09 01:30:00,34.1695,31.664297
2020-06-09 01:45:00,34.1695,31.523186
2020-06-09 02:00:00,33.95,31.594559
2020-06-09 02:15:00,33.95,31.351816
2020-06-09 02:30:00,33.95,31.01961
2020-06-09 02:45:00,33.7305,30.894777
2020-06-09 03:00:00,33.5105,31.139288
2020-06-09 03:15:00,32.1925,31.395098
2020-06-09 03:30:00,31.533,31.647316
2020-06-09 03:45:00,31.533,31.217684
2020-06-09 04:00:00,31.533,31.2079
2020-06-09 04:15:00,31.753,31.128098
2020-06-09 04:30:00,31.753,31.520613
2020-06-09 04:45:00,31.973,31.410969
2020-06-09 05:00:00,32.1925,31.387144
2020-06-09 05:15:00,32.1925,31.23167
2020-06-09 05:30:00,32.1925,31.086292
2020-06-09 05:45:00,32.412,31.270403
2020-06-09 06:00:00,32.412,31.986053
2020-06-09 06:15:00,32.412,32.43856
2020-06-09 06:30:00,32.632,33.035217
2020-06-09 06:45:00,32.632,32.855247
2020-06-09 07:00:00,32.852,32.70846
2020-06-09 07:15:00,32.852,32.56344
2020-06-09 07:30:00,33.0715,32.782066
2020-06-09 07:45:00,33.291,32.689934
2020-06-09 08:00:00,33.291,32.04135
2020-06-09 08:15:00,33.5105,32.742363
2020-06-09 08:30:00,33.5105,33.341965
2020-06-09 08:45:00,33.73,34.336487
2020-06-09 09:00:00,33.73,36.266335
2020-06-09 09:15:00,33.73,36.98262
2020-06-09 09:30:00,33.73,37.95304
2020-06-09 09:45:00,33.291,38.170258
2020-06-09 10:00:00,32.852,37.811165
2020-06-09 10:15:00,32.632,37.32746
2020-06-09 10:30:00,31.753,36.544373
2020-06-09 10:45:00,30.874,35.786266
2020-06-09 11:00:00,30.4345,35.63366
2020-06-09 11:15:00,29.775,36.073387
2020-06-09 11:30:00,28.896,37.4413
2020-06-09 11:45:00,28.2375,38.19893
2020-06-09 12:00:00,27.578,39.091385
2020-06-09 12:15:00,26.919,39.662216
2020-06-09 12:30:00,26.699,39.668594
2020-06-09 12:45:00,26.699,39.59539
2020-06-09 13:00:00,26.699,39.432693
2020-06-09 13:15:00,26.4795,39.308792
2020-06-09 13:30:00,26.4795,39.487755
2020-06-09 13:45:00,26.4795,39.273552
2020-06-09 14:00:00,26.26,39.452705
2020-06-09 14:15:00,26.26,39.55961
2020-06-09 14:30:00,26.26,39.797493
2020-06-09 14:45:00,26.699,39.752502
2020-06-09 15:00:00,26.919,39.96476
2020-06-09 15:15:00,27.3585,39.764473
2020-06-09 15:30:00,28.018,39.243584
2020-06-09 15:45:00,28.457,38.612793
2020-06-09 16:00:00,28.6765,38.640564
2020-06-09 16:15:00,28.896,38.572174
2020-06-09 16:30:00,28.896,38.873055
2020-06-09 16:45:00,29.116,39.18035
2020-06-09 17:00:00,29.5555,39.51422
2020-06-09 17:15:00,29.5555,39.699158
2020-06-09 17:30:00,29.5555,39.79962
2020-06-09 17:45:00,29.7755,39.015404
2020-06-09 18:00:00,29.995,38.406837
2020-06-09 18:15:00,29.995,37.99861
2020-06-09 18:30:00,29.995,37.90146
2020-06-09 18:45:00,29.995,37.617867
2020-06-09 19:00:00,29.995,37.591072
2020-06-09 19:15:00,29.995,37.50666
2020-06-09 19:30:00,29.995,36.710938
2020-06-09 19:45:00,29.995,35.944466
2020-06-09 20:00:00,29.995,35.419796
2020-06-09 20:15:00,29.995,34.911438
2020-06-09 20:30:00,29.995,35.260773
2020-06-09 20:45:00,29.995,35.690125
2020-06-09 21:00:00,29.995,36.137276
2020-06-09 21:15:00,29.995,36.626823
2020-06-09 21:30:00,29.995,37.113976
2020-06-09 21:45:00,29.775,36.561607
2020-06-09 22:00:00,29.775,36.041245
2020-06-09 22:15:00,29.775,35.73192
2020-06-09 22:30:00,29.775,35.432457
2020-06-09 22:45:00,29.775,35.354454
2020-06-09 23:00:00,29.775,35.35932
2020-06-09 23:15:00,29.5555,35.35623
2020-06-09 23:30:00,29.5555,35.58127
2020-06-09 23:45:00,29.5555,35.065155
2020-06-10 00:00:00,29.5555,35.08229
2020-06-10 00:15:00,29.5555,35.18657
2020-06-10 00:30:00,29.336,31.888565
2020-06-10 00:45:00,29.336,34.7349
2020-06-10 01:00:00,29.336,32.56364
2020-06-10 01:15:00,29.336,31.166819
2020-06-10 01:30:00,29.336,31.312342
2020-06-10 01:45:00,29.336,31.362232
2020-06-10 02:00:00,28.896,31.193037
2020-06-10 02:15:00,28.896,30.904444
2020-06-10 02:30:00,28.896,30.892904
2020-06-10 02:45:00,28.896,30.777786
2020-06-10 03:00:00,28.896,31.187635
2020-06-10 03:15:00,28.896,31.372557
2020-06-10 03:30:00,28.896,31.650152
2020-06-10 03:45:00,28.896,31.276474
2020-06-10 04:00:00,28.896,31.421839
2020-06-10 04:15:00,28.896,31.946661
2020-06-10 04:30:00,28.457,32.078564
2020-06-10 04:45:00,28.457,31.983843
2020-06-10 05:00:00,28.457,32.156548
2020-06-10 05:15:00,28.457,31.904387
2020-06-10 05:30:00,28.2375,32.088295
2020-06-10 05:45:00,28.2375,32.199318
2020-06-10 06:00:00,28.2375,32.66738
2020-06-10 06:15:00,28.2375,33.22581
2020-06-10 06:30:00,28.2375,33.671074
2020-06-10 06:45:00,28.2375,33.545357
2020-06-10 07:00:00,28.457,33.384964
2020-06-10 07:15:00,28.6765,33.386818
2020-06-10 07:30:00,29.116,33.459938
2020-06-10 07:45:00,29.5555,33.34208
2020-06-10 08:00:00,29.775,33.135006
2020-06-10 08:15:00,30.4345,33.122574
2020-06-10 08:30:00,30.874,34.140556
2020-06-10 08:45:00,31.3135,35.42952
2020-06-10 09:00:00,31.753,37.01996
2020-06-10 09:15:00,32.1925,38.41082
2020-06-10 09:30:00,32.1925,38.421654
2020-06-10 09:45:00,32.632,37.95623
2020-06-10 10:00:00,32.632,37.35208
2020-06-10 10:15:00,32.632,36.587852
2020-06-10 10:30:00,33.0715,36.211365
2020-06-10 10:45:00,33.291,35.76867
2020-06-10 11:00:00,33.5105,35.94651
2020-06-10 11:15:00,33.7305,36.05911
2020-06-10 11:30:00,33.95,36.645115
2020-06-10 11:45:00,34.1695,37.29003
2020-06-10 12:00:00,34.6095,37.96199
2020-06-10 12:15:00,35.0485,38.508934
2020-06-10 12:30:00,35.2685,38.94909
2020-06-10 12:45:00,35.708,38.84008
2020-06-10 13:00:00,36.587,38.832497
2020-06-10 13:15:00,37.0265,39.118027
2020-06-10 13:30:00,37.2465,39.295166
2020-06-10 13:45:00,37.6855,39.252365
2020-06-10 14:00:00,39.0035,39.39975
2020-06-10 14:15:00,39.4435,39.43434
2020-06-10 14:30:00,39.663,39.771645
2020-06-10 14:45:00,39.663,39.694466
2020-06-10 15:00:00,39.663,40.01197
2020-06-10 15:15:00,39.2235,40.303665
2020-06-10 15:30:00,38.564,40.263054
2020-06-10 15:45:00,38.125,40.103233
2020-06-10 16:00:00,37.9055,39.781174
2020-06-10 16:15:00,37.9055,39.795067
2020-06-10 16:30:00,37.9055,40.368073
2020-06-10 16:45:00,37.686,39.8041
2020-06-10 17:00:00,37.686,39.802742
2020-06-10 17:15:00,37.686,39.50878
2020-06-10 17:30:00,37.246,38.732224
2020-06-10 17:45:00,37.0265,38.230682
2020-06-10 18:00:00,36.807,37.814774
2020-06-10 18:15:00,36.587,37.170326
2020-06-10 18:30:00,36.367,37.34915
2020-06-10 18:45:00,36.1475,37.125504
2020-06-10 19:00:00,35.708,37.2408
2020-06-10 19:15:00,35.708,37.54854
2020-06-10 19:30:00,35.2685,36.780685
2020-06-10 19:45:00,35.049,35.879562
2020-06-10 20:00:00,34.609,35.831184
2020-06-10 20:15:00,34.17,35.64838
2020-06-10 20:30:00,34.17,36.04992
2020-06-10 20:45:00,33.73,36.12139
2020-06-10 21:00:00,33.291,36.368454
2020-06-10 21:15:00,33.291,36.36785
2020-06-10 21:30:00,32.852,36.201355
2020-06-10 21:45:00,32.632,35.671364
2020-06-10 22:00:00,32.412,35.302505
2020-06-10 22:15:00,31.973,35.079437
2020-06-10 22:30:00,31.753,35.538307
2020-06-10 22:45:00,31.533,35.86441
2020-06-10 23:00:00,31.533,36.181686
2020-06-10 23:15:00,31.3135,36.53012
2020-06-10 23:30:00,31.094,36.45088
2020-06-10 23:45:00,31.094,35.890602
2020-06-11 00:00:00,31.094,35.781326
2020-06-11 00:15:00,30.654,35.56134
2020-06-11 00:30:00,30.654,32.38955
2020-06-11 00:45:00,30.654,34.994957
2020-06-11 01:00:00,30.4345,32.58104
2020-06-11 01:15:00,30.215,31.211966
2020-06-11 01:30:00,30.215,30.881277
2020-06-11 01:45:00,30.215,30.992037
2020-06-11 02:00:00,29.995,31.189924
2020-06-11 02:15:00,29.775,30.213465
2020-06-11 02:30:00,29.775,30.403826
2020-06-11 02:45:00,29.5555,29.99203
2020-06-11 03:00:00,29.336,30.261995
2020-06-11 03:15:00,29.336,30.991856
2020-06-11 03:30:00,29.116,30.608385
2020-06-11 03:45:00,28.896,31.058365
2020-06-11 04:00:00,28.896,31.401121
2020-06-11 04:15:00,28.896,31.386171
2020-06-11 04:30:00,28.896,31.991934
2020-06-11 04:45:00,28.896,31.94924
2020-06-11 05:00:00,28.6765,31.394411
2020-06-11 05:15:00,28.6765,31.516964
2020-06-11 05:30:00,28.6765,31.84982
2020-06-11 05:45:00,28.6765,31.78486
2020-06-11 06:00:00,28.6765,32.60984
2020-06-11 06:15:00,28.6765,33.150024
2020-06-11 06:30:00,28.896,33.61255
2020-06-11 06:45:00,28.896,33.39229
2020-06-11 07:00:00,29.336,33.68278
2020-06-11 07:15:00,29.775,33.97662
2020-06-11 07:30:00,30.215,33.74488
2020-06-11 07:45:00,30.654,34.17679
2020-06-11 08:00:00,31.3135,33.84857
2020-06-11 08:15:00,31.973,33.37669
2020-06-11 08:30:00,32.632,33.926968
2020-06-11 08:45:00,33.5105,33.983505
2020-06-11 09:00:00,34.1695,35.383522
2020-06-11 09:15:00,34.829,37.03115
2020-06-11 09:30:00,35.4885,37.99122
2020-06-11 09:45:00,36.3675,38.9731
2020-06-11 10:00:00,36.807,39.13276
2020-06-11 10:15:00,37.686,38.66999
2020-06-11 10:30:00,38.564,38.3668
2020-06-11 10:45:00,39.663,37.48826
2020-06-11 11:00:00,40.542,37.056835
2020-06-11 11:15:00,41.421,36.980522
2020-06-11 11:30:00,42.0805,37.37857
2020-06-11 11:45:00,42.739,37.606804
2020-06-11 12:00:00,42.959,38.02127
2020-06-11 12:15:00,43.179,38.90326
2020-06-11 12:30:00,43.6185,39.362267
2020-06-11 12:45:00,44.277,39.4989
2020-06-11 13:00:00,44.9365,40.412903
2020-06-11 13:15:00,45.376,40.5831
2020-06-11 13:30:00,46.035,40.792664
2020-06-11 13:45:00,46.6945,40.46341
2020-06-11 14:00:00,47.134,39.983147
2020-06-11 14:15:00,47.3535,39.91503
2020-06-11 14:30:00,47.5735,40.051544
2020-06-11 14:45:00,47.5735,39.41044
2020-06-11 15:00:00,47.354,39.16494
2020-06-11 15:15:00,46.6945,39.56575
2020-06-11 15:30:00,46.4745,39.8676
2020-06-11 15:45:00,46.0355,40.344696
2020-06-11 16:00:00,45.5955,40.593475
2020-06-11 16:15:00,45.376,40.455772
2020-06-11 16:30:00,44.9365,40.65518
2020-06-11 16:45:00,44.497,40.26957
2020-06-11 17:00:00,44.0575,40.640244
2020-06-11 17:15:00,43.618,40.45205
2020-06-11 17:30:00,43.398,39.918533
2020-06-11 17:45:00,43.1785,39.481506
2020-06-11 18:00:00,42.7395,39.209335
2020-06-11 18:15:00,42.3,38.795
2020-06-11 18:30:00,41.8605,38.753227
2020-06-11 18:45:00,41.421,38.451675
2020-06-11 19:00:00,40.9815,38.35163
2020-06-11 19:15:00,40.542,38.216156
2020-06-11 19:30:00,40.1025,37.4645
2020-06-11 19:45:00,39.663,36.311867
2020-06-11 20:00:00,39.2235,35.214523
2020-06-11 20:15:00,39.2235,34.43287
2020-06-11 20:30:00,38.784,34.146935
2020-06-11 20:45:00,38.3445,33.976997
2020-06-11 21:00:00,38.3445,34.24778
2020-06-11 21:15:00,37.9055,34.396442
2020-06-11 21:30:00,37.686,34.997154
2020-06-11 21:45:00,37.466,35.222366
2020-06-11 22:00:00,37.0265,35.61653
2020-06-11 22:15:00,36.807,36.07566
2020-06-11 22:30:00,36.587,36.407547
2020-06-11 22:45:00,36.367,36.572388
2020-06-11 23:00:00,36.1475,36.91578
2020-06-11 23:15:00,35.928,37.106438
2020-06-11 23:30:00,35.708,37.382355
2020-06-11 23:45:00,35.488,37.187622
2020-06-12 00:00:00,35.488,37.402298
2020-06-12 00:15:00,35.2685,36.895905
2020-06-12 00:30:00,35.049,33.53534
2020-06-12 00:45:00,34.829,36.063972
2020-06-12 01:00:00,34.829,33.41588
2020-06-12 01:15:00,34.609,31.528065
2020-06-12 01:30:00,34.609,31.51217
2020-06-12 01:45:00,34.609,31.456165
2020-06-12 02:00:00,34.3895,31.45436
2020-06-12 02:15:00,34.3895,31.748323
2020-06-12 02:30:00,34.17,32.08615
2020-06-12 02:45:00,34.17,32.04209
2020-06-12 03:00:00,33.95,32.338505
2020-06-12 03:15:00,33.73,32.67192
2020-06-12 03:30:00,33.5105,32.679165
2020-06-12 03:45:00,33.291,32.669304
2020-06-12 04:00:00,33.291,32.892128
2020-06-12 04:15:00,33.291,33.234215
2020-06-12 04:30:00,33.0715,33.078575
2020-06-12 04:45:00,32.852,32.924583
2020-06-12 05:00:00,32.852,32.772408
2020-06-12 05:15:00,32.852,32.594963
2020-06-12 05:30:00,32.412,32.84218
2020-06-12 05:45:00,32.412,32.947845
2020-06-12 06:00:00,32.412,33.888428
2020-06-12 06:15:00,32.412,34.092087
2020-06-12 06:30:00,32.412,34.48851
2020-06-12 06:45:00,32.852,34.18087
2020-06-12 07:00:00,33.291,34.343094
2020-06-12 07:15:00,33.73,34.87921
2020-06-12 07:30:00,34.17,35.047142
2020-06-12 07:45:00,34.3895,34.79329
2020-06-12 08:00:00,35.0485,34.275864
2020-06-12 08:15:00,35.4885,33.825836
2020-06-12 08:30:00,36.1475,34.270203
2020-06-12 08:45:00,36.807,34.89837
2020-06-12 09:00:00,37.4655,36.679462
2020-06-12 09:15:00,38.3445,38.244446
2020-06-12 09:30:00,38.7845,39.8227
2020-06-12 09:45:00,39.663,40.63186
2020-06-12 10:00:00,40.1025,40.886383
2020-06-12 10:15:00,40.9815,40.09858
2020-06-12 10:30:00,42.08,39.171112
2020-06-12 10:45:00,42.959,38.157204
2020-06-12 11:00:00,43.838,37.49827
2020-06-12 11:15:00,44.9365,37.649704
2020-06-12 11:30:00,45.5955,38.38736
2020-06-12 11:45:00,45.8155,38.79196
2020-06-12 12:00:00,46.0355,39.366806
2020-06-12 12:15:00,46.255,39.90403
2020-06-12 12:30:00,46.6945,40.17092
2020-06-12 12:45:00,47.354,40.12372
2020-06-12 13:00:00,48.0125,40.39544
2020-06-12 13:15:00,48.452,40.499825
2020-06-12 13:30:00,49.111,40.463547
2020-06-12 13:45:00,49.5505,40.416275
2020-06-12 14:00:00,49.9905,40.81343
2020-06-12 14:15:00,50.21,41.29413
2020-06-12 14:30:00,50.43,42.000465
2020-06-12 14:45:00,50.6495,42.17
2020-06-12 15:00:00,50.4295,42.379562
2020-06-12 15:15:00,50.4295,42.497223
2020-06-12 15:30:00,50.21,42.631042
2020-06-12 15:45:00,49.7705,42.61937
2020-06-12 16:00:00,49.1115,42.746956
2020-06-12 16:15:00,48.672,42.69214
2020-06-12 16:30:00,48.0125,42.926147
2020-06-12 16:45:00,47.793,42.758224
2020-06-12 17:00:00,47.3535,42.697235
2020-06-12 17:15:00,47.3535,42.206345
2020-06-12 17:30:00,47.134,41.89312
2020-06-12 17:45:00,46.9145,41.356636
2020-06-12 18:00:00,46.6945,40.713013
2020-06-12 18:15:00,46.255,40.455162
2020-06-12 18:30:00,45.8155,39.67498
2020-06-12 18:45:00,45.1565,38.94137
2020-06-12 19:00:00,44.7165,38.651993
2020-06-12 19:15:00,44.2775,38.01207
2020-06-12 19:30:00,43.618,37.18879
2020-06-12 19:45:00,43.1785,36.097668
2020-06-12 20:00:00,42.7395,35.714752
2020-06-12 20:15:00,42.0805,35.57625
2020-06-12 20:30:00,41.421,35.96701
2020-06-12 20:45:00,40.9815,36.414986
2020-06-12 21:00:00,40.542,36.553093
2020-06-12 21:15:00,40.1025,36.7361
2020-06-12 21:30:00,39.883,36.67175
2020-06-12 21:45:00,39.663,36.01765
2020-06-12 22:00:00,39.2235,35.880787
2020-06-12 22:15:00,39.004,35.824272
2020-06-12 22:30:00,38.564,35.940033
2020-06-12 22:45:00,38.3445,36.15882
2020-06-12 23:00:00,38.125,36.73198
2020-06-12 23:15:00,37.9055,36.813038
2020-06-12 23:30:00,37.686,36.818146
2020-06-12 23:45:00,37.466,36.51092
2020-06-13 00:00:00,37.246,36.227493
2020-06-13 00:15:00,36.807,36.093365
2020-06-13 00:30:00,36.587,33.061836
2020-06-13 00:45:00,36.367,35.76094
2020-06-13 01:00:00,36.1475,33.51874
2020-06-13 01:15:00,35.928,31.923006
2020-06-13 01:30:00,35.928,31.72822
2020-06-13 01:45:00,35.488,31.491179
2020-06-13 02:00:00,35.488,31.41488
2020-06-13 02:15:00,35.049,31.82298
2020-06-13 02:30:00,35.049,32.27449
2020-06-13 02:45:00,34.609,32.409164
2020-06-13 03:00:00,34.609,32.36519
2020-06-13 03:15:00,34.3895,32.3134
2020-06-13 03:30:00,34.17,32.143223
2020-06-13 03:45:00,33.95,31.892603
2020-06-13 04:00:00,33.73,31.97589
2020-06-13 04:15:00,33.5105,32.048325
2020-06-13 04:30:00,33.291,32.450928
2020-06-13 04:45:00,33.0715,32.547775
2020-06-13 05:00:00,32.852,32.925987
2020-06-13 05:15:00,32.852,32.897774
2020-06-13 05:30:00,32.632,32.972267
2020-06-13 05:45:00,32.632,32.9591
2020-06-13 06:00:00,32.632,33.576668
2020-06-13 06:15:00,32.632,33.663696
2020-06-13 06:30:00,32.632,33.900616
2020-06-13 06:45:00,32.852,33.733696
2020-06-13 07:00:00,33.291,33.228996
2020-06-13 07:15:00,33.73,33.611313
2020-06-13 07:30:00,34.17,33.432297
2020-06-13 07:45:00,34.829,33.319252
2020-06-13 08:00:00,35.4885,33.600555
2020-06-13 08:15:00,36.1475,33.445793
2020-06-13 08:30:00,36.807,34.49241
2020-06-13 08:45:00,37.6855,35.680965
2020-06-13 09:00:00,38.3445,37.08528
2020-06-13 09:15:00,39.2235,38.756607
2020-06-13 09:30:00,39.663,40.0514
2020-06-13 09:45:00,40.322,40.500908
2020-06-13 10:00:00,40.542,40.64956
2020-06-13 10:15:00,41.421,39.996162
2020-06-13 10:30:00,42.3,39.23181
2020-06-13 10:45:00,43.179,38.068604
2020-06-13 11:00:00,44.497,37.645912
2020-06-13 11:15:00,45.376,37.773674
2020-06-13 11:30:00,46.0355,38.1194
2020-06-13 11:45:00,46.255,38.26947
2020-06-13 12:00:00,46.4745,39.182472
2020-06-13 12:15:00,46.914,40.014732
2020-06-13 12:30:00,47.5735,40.73127
2020-06-13 12:45:00,48.232,40.984886
2020-06-13 13:00:00,48.8915,41.1474
2020-06-13 13:15:00,49.111,41.426315
2020-06-13 13:30:00,49.331,41.729027
2020-06-13 13:45:00,49.9905,41.92813
2020-06-13 14:00:00,50.21,42.51291
2020-06-13 14:15:00,50.43,42.635735
2020-06-13 14:30:00,50.43,42.60769
2020-06-13 14:45:00,50.21,42.39615
2020-06-13 15:00:00,49.1115,42.226692
2020-06-13 15:15:00,48.892,42.24746
2020-06-13 15:30:00,48.892,42.506798
2020-06-13 15:45:00,48.452,42.536423
2020-06-13 16:00:00,48.2325,42.73015
2020-06-13 16:15:00,47.793,42.914635
2020-06-13 16:30:00,47.3535,42.910423
2020-06-13 16:45:00,46.914,42.639076
2020-06-13 17:00:00,46.914,42.473465
2020-06-13 17:15:00,46.6945,41.853577
2020-06-13 17:30:00,46.255,41.37847
2020-06-13 17:45:00,46.0355,40.412857
2020-06-13 18:00:00,45.5955,39.486794
2020-06-13 18:15:00,45.376,39.005295
2020-06-13 18:30:00,45.1565,38.802116
2020-06-13 18:45:00,44.7165,38.5615
2020-06-13 19:00:00,44.2775,38.758713
2020-06-13 19:15:00,43.8375,38.366974
2020-06-13 19:30:00,43.3985,37.606247
2020-06-13 19:45:00,42.7395,36.655426
2020-06-13 20:00:00,42.3,36.492126
2020-06-13 20:15:00,41.8605,36.61489
2020-06-13 20:30:00,41.421,37.476852
2020-06-13 20:45:00,40.9815,37.848045
2020-06-13 21:00:00,40.542,38.03131
2020-06-13 21:15:00,40.1025,38.043648
2020-06-13 21:30:00,39.883,37.74533
2020-06-13 21:45:00,39.663,37.30153
2020-06-13 22:00:00,39.2235,36.591106
2020-06-13 22:15:00,39.2235,36.167587
2020-06-13 22:30:00,39.004,36.060097
2020-06-13 22:45:00,38.564,35.629623
2020-06-13 23:00:00,38.564,35.943558
2020-06-13 23:15:00,38.125,36.389236
2020-06-13 23:30:00,38.125,36.822617
2020-06-13 23:45:00,38.125,36.60294
2020-06-14 00:00:00,37.686,36.7285
2020-06-14 00:15:00,37.686,36.612206
2020-06-14 00:30:00,37.246,33.11989
2020-06-14 00:45:00,37.246,35.938683
2020-06-14 01:00:00,36.807,33.559326
2020-06-14 01:15:00,36.807,32.044186
2020-06-14 01:30:00,36.587,32.394554
2020-06-14 01:45:00,36.367,32.19825
2020-06-14 02:00:00,36.367,32.129753
2020-06-14 02:15:00,36.1475,31.70149
2020-06-14 02:30:00,35.928,31.415773
2020-06-14 02:45:00,35.708,31.373217
2020-06-14 03:00:00,35.488,31.805117
2020-06-14 03:15:00,35.2685,32.3955
2020-06-14 03:30:00,35.049,32.93377
2020-06-14 03:45:00,34.829,33.244675
2020-06-14 04:00:00,34.829,33.196815
2020-06-14 04:15:00,34.609,33.112995
2020-06-14 04:30:00,34.609,33.29464
2020-06-14 04:45:00,34.17,33.05375
2020-06-14 05:00:00,34.17,32.813072
2020-06-14 05:15:00,34.17,32.948097
2020-06-14 05:30:00,33.95,33.180428
2020-06-14 05:45:00,33.73,33.77133
2020-06-14 06:00:00,33.73,34.38658
2020-06-14 06:15:00,33.73,34.62343
2020-06-14 06:30:00,33.73,35.199093
2020-06-14 06:45:00,33.95,34.643284
2020-06-14 07:00:00,34.17,34.2097
2020-06-14 07:15:00,34.609,33.59987
2020-06-14 07:30:00,35.049,32.843002
2020-06-14 07:45:00,35.488,32.150978
2020-06-14 08:00:00,36.1475,32.377335
2020-06-14 08:15:00,36.8065,33.023262
2020-06-14 08:30:00,37.466,34.77545
2020-06-14 08:45:00,38.125,36.737175
2020-06-14 09:00:00,38.784,38.92328
2020-06-14 09:15:00,39.663,40.739723
2020-06-14 09:30:00,40.542,41.622856
2020-06-14 09:45:00,41.2015,41.409096
2020-06-14 10:00:00,41.8605,40.389816
2020-06-14 10:15:00,42.7395,39.363358
2020-06-14 10:30:00,43.838,38.22326
2020-06-14 10:45:00,44.717,37.376045
2020-06-14 11:00:00,45.596,37.479103
2020-06-14 11:15:00,46.475,37.573746
2020-06-14 11:30:00,47.354,37.87343
2020-06-14 11:45:00,47.793,37.97059
2020-06-14 12:00:00,48.2325,38.25509
2020-06-14 12:15:00,48.4525,38.894432
2020-06-14 12:30:00,48.672,39.42614
2020-06-14 12:45:00,49.5505,39.15889
2020-06-14 13:00:00,49.9905,38.86338
2020-06-14 13:15:00,50.4295,38.07148
2020-06-14 13:30:00,50.6495,37.333298
2020-06-14 13:45:00,49.99,37.066696
2020-06-14 14:00:00,49.551,37.389336
2020-06-14 14:15:00,49.551,38.15863
2020-06-14 14:30:00,49.551,38.910995
2020-06-14 14:45:00,49.331,38.93087
2020-06-14 15:00:00,49.1115,38.866913
2020-06-14 15:15:00,49.1115,38.98165
2020-06-14 15:30:00,49.331,39.202454
2020-06-14 15:45:00,49.331,39.12607
2020-06-14 16:00:00,48.6715,39.900024
2020-06-14 16:15:00,48.2325,40.08761
2020-06-14 16:30:00,47.3535,39.82901
2020-06-14 16:45:00,46.9145,39.268288
2020-06-14 17:00:00,46.4745,38.75077
2020-06-14 17:15:00,46.255,38.331055
2020-06-14 17:30:00,46.0355,37.777718
2020-06-14 17:45:00,45.5955,37.50553
2020-06-14 18:00:00,44.7165,37.309135
2020-06-14 18:15:00,44.0575,36.930237
2020-06-14 18:30:00,43.8375,37.35479
2020-06-14 18:45:00,43.3985,36.787453
2020-06-14 19:00:00,42.959,36.636787
2020-06-14 19:15:00,42.7395,36.549965
2020-06-14 19:30:00,42.3,35.955738
2020-06-14 19:45:00,41.8605,35.55493
2020-06-14 20:00:00,41.421,35.591484
2020-06-14 20:15:00,40.9815,36.1631
2020-06-14 20:30:00,40.762,36.872345
2020-06-14 20:45:00,40.322,37.407898
2020-06-14 21:00:00,40.1025,37.588387
2020-06-14 21:15:00,39.883,37.286926
2020-06-14 21:30:00,39.443,36.98564
2020-06-14 21:45:00,39.443,36.181892
2020-06-14 22:00:00,39.004,35.51632
2020-06-14 22:15:00,39.004,35.190033
2020-06-14 22:30:00,39.004,35.632042
2020-06-14 22:45:00,39.004,35.841053
2020-06-14 23:00:00,38.784,36.120865
2020-06-14 23:15:00,38.784,36.87725
2020-06-14 23:30:00,38.564,36.845936
2020-06-14 23:45:00,38.564,36.752625
2020-06-15 00:00:00,38.564,36.979248
2020-06-15 00:15:00,38.125,35.95752
2020-06-15 00:30:00,38.125,32.90383
2020-06-15 00:45:00,38.125,36.315384
2020-06-15 01:00:00,37.9055,34.44203
2020-06-15 01:15:00,37.686,33.59503
2020-06-15 01:30:00,37.686,33.74491
2020-06-15 01:45:00,37.466,33.227848
2020-06-15 02:00:00,37.246,32.8351
2020-06-15 02:15:00,36.807,33.06984
2020-06-15 02:30:00,36.587,33.44828
2020-06-15 02:45:00,36.367,33.17617
2020-06-15 03:00:00,36.1475,33.556282
2020-06-15 03:15:00,35.928,33.318214
2020-06-15 03:30:00,35.488,33.49245
2020-06-15 03:45:00,35.488,33.66005
2020-06-15 04:00:00,35.2685,33.86005
2020-06-15 04:15:00,35.049,33.945183
2020-06-15 04:30:00,35.049,33.60411
2020-06-15 04:45:00,34.609,32.993683
2020-06-15 05:00:00,34.609,33.170162
2020-06-15 05:15:00,34.3895,33.28682
2020-06-15 05:30:00,34.17,33.542236
2020-06-15 05:45:00,34.17,33.806843
2020-06-15 06:00:00,34.17,33.985477
2020-06-15 06:15:00,34.17,34.50962
2020-06-15 06:30:00,34.17,35.46558
2020-06-15 06:45:00,34.17,35.936768
2020-06-15 07:00:00,34.609,36.61202
2020-06-15 07:15:00,34.829,37.286446
2020-06-15 07:30:00,35.2685,37.6519
2020-06-15 07:45:00,35.928,38.05697
2020-06-15 08:00:00,36.1475,38.236237
2020-06-15 08:15:00,36.587,38.00792
2020-06-15 08:30:00,37.2465,38.60177
2020-06-15 08:45:00,37.6855,38.738434
2020-06-15 09:00:00,38.5645,39.76937
2020-06-15 09:15:00,39.0035,40.960167
2020-06-15 09:30:00,39.663,41.545837
2020-06-15 09:45:00,40.3225,41.89055
2020-06-15 10:00:00,40.9815,41.891975
2020-06-15 10:15:00,41.641,41.121475
2020-06-15 10:30:00,42.3,41.21675
2020-06-15 10:45:00,43.1785,41.090508
2020-06-15 11:00:00,44.277,41.512207
2020-06-15 11:15:00,44.9365,42.158897
2020-06-15 11:30:00,45.596,42.639687
2020-06-15 11:45:00,46.035,43.594864
2020-06-15 12:00:00,46.255,44.237206
2020-06-15 12:15:00,46.475,44.481018
2020-06-15 12:30:00,46.6945,44.2539
2020-06-15 12:45:00,46.9145,43.164062
2020-06-15 13:00:00,46.9145,42.681007
2020-06-15 13:15:00,46.6945,42.308502
2020-06-15 13:30:00,47.134,42.444664
2020-06-15 13:45:00,47.354,42.231094
2020-06-15 14:00:00,47.354,42.213394
2020-06-15 14:15:00,47.793,42.30665
2020-06-15 14:30:00,48.0125,42.219475
2020-06-15 14:45:00,48.0125,42.321
2020-06-15 15:00:00,48.0125,42.42427
2020-06-15 15:15:00,47.793,42.557632
2020-06-15 15:30:00,47.793,42.466225
2020-06-15 15:45:00,47.793,41.529266
2020-06-15 16:00:00,47.3535,41.0371
2020-06-15 16:15:00,47.134,40.51644
2020-06-15 16:30:00,46.9145,40.534035
2020-06-15 16:45:00,46.6945,40.464867
2020-06-15 17:00:00,46.255,41.327347
2020-06-15 17:15:00,45.8155,41.697433
2020-06-15 17:30:00,45.376,42.10987
2020-06-15 17:45:00,45.376,42.225548
2020-06-15 18:00:00,44.9365,42.046318
2020-06-15 18:15:00,44.9365,41.80037
2020-06-15 18:30:00,44.497,41.803818
2020-06-15 18:45:00,44.0575,41.75232
2020-06-15 19:00:00,43.618,41.9041
2020-06-15 19:15:00,43.1785,41.633377
2020-06-15 19:30:00,42.7395,40.81955
2020-06-15 19:45:00,42.7395,39.510468
2020-06-15 20:00:00,42.3,39.23517
2020-06-15 20:15:00,41.8605,39.467415
2020-06-15 20:30:00,41.421,39.875114
2020-06-15 20:45:00,40.9815,40.34149
2020-06-15 21:00:00,40.762,40.11367
2020-06-15 21:15:00,40.542,40.142853
2020-06-15 21:30:00,40.322,40.110527
2020-06-15 21:45:00,39.883,39.98207
2020-06-15 22:00:00,39.883,40.112274
2020-06-15 22:15:00,39.663,39.985085
2020-06-15 22:30:00,39.443,40.71785
2020-06-15 22:45:00,39.2235,40.815422
2020-06-15 23:00:00,39.004,41.18152
2020-06-15 23:15:00,38.784,41.309715
2020-06-15 23:30:00,38.784,41.339203
2020-06-15 23:45:00,38.564,40.749397
2020-06-16 00:00:00,38.3445,40.424034
2020-06-16 00:15:00,38.3445,40.010735
2020-06-16 00:30:00,38.125,36.341892
2020-06-16 00:45:00,37.9055,38.94837
2020-06-16 01:00:00,37.9055,36.534866
2020-06-16 01:15:00,37.686,34.912254
2020-06-16 01:30:00,37.466,34.824787
2020-06-16 01:45:00,37.246,34.768387
2020-06-16 02:00:00,37.246,35.17215
2020-06-16 02:15:00,37.0265,35.36045
2020-06-16 02:30:00,36.807,35.275124
2020-06-16 02:45:00,36.807,35.14916
2020-06-16 03:00:00,36.367,35.221992
2020-06-16 03:15:00,36.367,35.409454
2020-06-16 03:30:00,35.928,35.905785
2020-06-16 03:45:00,35.928,35.180397
2020-06-16 04:00:00,35.708,34.760117
2020-06-16 04:15:00,35.488,34.465252
2020-06-16 04:30:00,35.488,34.73903
2020-06-16 04:45:00,35.049,35.095657
2020-06-16 05:00:00,35.049,35.64656
2020-06-16 05:15:00,34.829,36.131664
2020-06-16 05:30:00,34.609,36.156403
2020-06-16 05:45:00,34.609,36.00409
2020-06-16 06:00:00,34.609,36.192764
2020-06-16 06:15:00,34.609,36.607788
2020-06-16 06:30:00,34.609,37.43696
2020-06-16 06:45:00,34.609,37.52945
2020-06-16 07:00:00,34.609,37.20204
2020-06-16 07:15:00,34.609,36.948406
2020-06-16 07:30:00,34.829,36.157806
2020-06-16 07:45:00,34.829,34.759377
2020-06-16 08:00:00,34.829,34.42332
2020-06-16 08:15:00,35.0485,34.0176
2020-06-16 08:30:00,35.2685,34.514717
2020-06-16 08:45:00,35.4885,35.84341
2020-06-16 09:00:00,36.1475,37.525276
2020-06-16 09:15:00,36.587,39.134583
2020-06-16 09:30:00,37.0265,40.17759
2020-06-16 09:45:00,37.466,40.304886
2020-06-16 10:00:00,37.9055,40.253952
2020-06-16 10:15:00,38.125,39.34102
2020-06-16 10:30:00,38.784,38.91031
2020-06-16 10:45:00,39.2235,38.77558
2020-06-16 11:00:00,39.883,38.942734
2020-06-16 11:15:00,40.322,39.812828
2020-06-16 11:30:00,40.9815,41.081795
2020-06-16 11:45:00,41.421,41.556435
2020-06-16 12:00:00,41.641,42.09085
2020-06-16 12:15:00,41.8605,42.274498
2020-06-16 12:30:00,41.8605,42.21482
2020-06-16 12:45:00,42.3,41.773323
2020-06-16 13:00:00,42.5195,41.459747
2020-06-16 13:15:00,42.7395,41.49286
2020-06-16 13:30:00,42.7395,41.510582
2020-06-16 13:45:00,43.3985,41.66053
2020-06-16 14:00:00,43.618,42.33618
2020-06-16 14:15:00,43.8375,42.620323
2020-06-16 14:30:00,43.8375,43.150757
2020-06-16 14:45:00,43.618,42.99182
2020-06-16 15:00:00,43.3985,43.21543
2020-06-16 15:15:00,43.1785,43.337944
2020-06-16 15:30:00,43.1785,43.498108
2020-06-16 15:45:00,43.1785,43.27278
2020-06-16 16:00:00,43.1785,43.265472
2020-06-16 16:15:00,43.1785,42.997734
2020-06-16 16:30:00,42.959,42.633377
2020-06-16 16:45:00,42.52,42.106346
2020-06-16 17:00:00,42.52,41.684486
2020-06-16 17:15:00,42.08,41.76664
2020-06-16 17:30:00,41.8605,41.384834
2020-06-16 17:45:00,41.641,40.437332
2020-06-16 18:00:00,41.201,39.799614
2020-06-16 18:15:00,40.762,38.821495
2020-06-16 18:30:00,40.322,38.275566
2020-06-16 18:45:00,39.883,37.685555
2020-06-16 19:00:00,39.443,37.231644
2020-06-16 19:15:00,39.004,37.1726
2020-06-16 19:30:00,39.004,36.349194
2020-06-16 19:45:00,38.564,35.521446
2020-06-16 20:00:00,38.125,35.03665
2020-06-16 20:15:00,37.9055,34.021187
2020-06-16 20:30:00,37.686,34.2239
2020-06-16 20:45:00,37.466,34.558792
2020-06-16 21:00:00,37.0265,34.84713
2020-06-16 21:15:00,36.587,35.073463
2020-06-16 21:30:00,36.587,34.666504
2020-06-16 21:45:00,36.3675,34.263115
2020-06-16 22:00:00,36.1475,34.64138
2020-06-16 22:15:00,36.1475,34.72963
2020-06-16 22:30:00,35.928,35.766666
2020-06-16 22:45:00,35.708,36.165215
2020-06-16 23:00:00,35.708,36.574234
2020-06-16 23:15:00,35.708,37.101135
2020-06-16 23:30:00,35.488,36.938255
2020-06-16 23:45:00,35.488,36.63324
2020-06-17 00:00:00,35.488,36.575825
2020-06-17 00:15:00,35.488,36.390114
2020-06-17 00:30:00,35.049,33.29359
2020-06-17 00:45:00,35.049,36.01651
2020-06-17 01:00:00,35.049,33.418224
2020-06-17 01:15:00,35.049,31.699793
2020-06-17 01:30:00,35.049,31.701868
2020-06-17 01:45:00,34.609,31.272884
2020-06-17 02:00:00,34.609,31.11772
2020-06-17 02:15:00,34.3895,31.008476
2020-06-17 02:30:00,34.17,31.121183
2020-06-17 02:45:00,34.17,31.631433
2020-06-17 03:00:00,34.17,32.51686
2020-06-17 03:15:00,33.73,33.35105
2020-06-17 03:30:00,33.73,33.68141
2020-06-17 03:45:00,33.73,33.22403
2020-06-17 04:00:00,33.291,33.238182
2020-06-17 04:15:00,33.291,33.04731
2020-06-17 04:30:00,33.291,33.493973
2020-06-17 04:45:00,33.0715,33.426357
2020-06-17 05:00:00,32.852,33.305115
2020-06-17 05:15:00,32.852,32.607033
2020-06-17 05:30:00,32.852,32.48448
2020-06-17 05:45:00,32.852,32.22541
2020-06-17 06:00:00,32.632,31.922781
2020-06-17 06:15:00,32.632,32.237892
2020-06-17 06:30:00,32.412,32.724686
2020-06-17 06:45:00,32.412,33.20215
2020-06-17 07:00:00,32.412,34.363167
2020-06-17 07:15:00,32.412,34.81143
2020-06-17 07:30:00,32.412,35.065407
2020-06-17 07:45:00,32.632,35.1345
2020-06-17 08:00:00,32.852,34.82657
2020-06-17 08:15:00,33.291,34.880997
2020-06-17 08:30:00,33.5105,35.08633
2020-06-17 08:45:00,33.73,35.618187
2020-06-17 09:00:00,34.17,36.70659
2020-06-17 09:15:00,34.609,37.602432
2020-06-17 09:30:00,35.2685,38.670265
2020-06-17 09:45:00,35.708,38.664978
2020-06-17 10:00:00,36.367,38.302742
2020-06-17 10:15:00,37.466,37.898216
2020-06-17 10:30:00,38.564,37.822838
2020-06-17 10:45:00,39.4435,37.582825
2020-06-17 11:00:00,40.3225,38.97049
2020-06-17 11:15:00,40.9815,39.68824
2020-06-17 11:30:00,41.6405,40.09024
2020-06-17 11:45:00,41.8605,40.38324
2020-06-17 12:00:00,42.08,39.79518
2020-06-17 12:15:00,42.3,39.648796
2020-06-17 12:30:00,43.1785,39.079826
2020-06-17 12:45:00,43.618,38.261673
2020-06-17 13:00:00,43.8375,37.747826
2020-06-17 13:15:00,44.2775,37.02031
2020-06-17 13:30:00,44.7165,36.969887
2020-06-17 13:45:00,44.9365,36.888416
2020-06-17 14:00:00,45.376,37.20546
2020-06-17 14:15:00,45.5955,37.493866
2020-06-17 14:30:00,45.8155,37.608215
2020-06-17 14:45:00,46.0355,37.38478
2020-06-17 15:00:00,46.255,37.172134
2020-06-17 15:15:00,46.255,37.686623
2020-06-17 15:30:00,46.255,38.21003
2020-06-17 15:45:00,45.8155,38.243103
2020-06-17 16:00:00,45.1565,38.714317
2020-06-17 16:15:00,44.7165,39.13669
2020-06-17 16:30:00,44.497,39.29445
2020-06-17 16:45:00,44.0575,38.487335
2020-06-17 17:00:00,43.6185,37.994057
2020-06-17 17:15:00,43.3985,37.286613
2020-06-17 17:30:00,43.179,36.74797
2020-06-17 17:45:00,42.959,36.47773
2020-06-17 18:00:00,42.739,37.10621
2020-06-17 18:15:00,42.3,37.74156
2020-06-17 18:30:00,42.3,38.64202
2020-06-17 18:45:00,42.0805,39.12018
2020-06-17 19:00:00,41.421,39.32969
2020-06-17 19:15:00,41.421,39.321335
2020-06-17 19:30:00,40.9815,38.44597
2020-06-17 19:45:00,40.762,37.29138
2020-06-17 20:00:00,40.542,36.682476
2020-06-17 20:15:00,40.322,35.975243
2020-06-17 20:30:00,40.1025,35.963722
2020-06-17 20:45:00,39.883,35.747467
2020-06-17 21:00:00,39.663,35.78377
2020-06-17 21:15:00,39.443,36.631897
2020-06-17 21:30:00,39.443,37.359146
2020-06-17 21:45:00,39.2235,37.38983
2020-06-17 22:00:00,39.004,37.41735
2020-06-17 22:15:00,39.004,36.645866
2020-06-17 22:30:00,38.564,36.377563
2020-06-17 22:45:00,38.3445,36.45631
2020-06-17 23:00:00,38.3445,36.885124
2020-06-17 23:15:00,38.3445,37.13314
2020-06-17 23:30:00,38.125,37.209778
2020-06-17 23:45:00,37.9055,36.984833
2020-06-18 00:00:00,37.9055,36.849678
2020-06-18 00:15:00,37.9055,36.97237
2020-06-18 00:30:00,37.686,33.69722
2020-06-18 00:45:00,37.466,36.208546
2020-06-18 01:00:00,37.466,33.93399
2020-06-18 01:15:00,37.466,31.85142
2020-06-18 01:30:00,37.246,31.42393
2020-06-18 01:45:00,37.0265,31.324286
2020-06-18 02:00:00,37.0265,31.334473
2020-06-18 02:15:00,36.587,31.967232
2020-06-18 02:30:00,36.587,32.461235
2020-06-18 02:45:00,36.367,32.180984
2020-06-18 03:00:00,36.1475,32.212715
2020-06-18 03:15:00,36.1475,32.098564
2020-06-18 03:30:00,36.1475,32.384407
2020-06-18 03:45:00,35.9275,32.69822
2020-06-18 04:00:00,35.708,32.899364
2020-06-18 04:15:00,35.4885,32.988586
2020-06-18 04:30:00,35.4885,33.212425
2020-06-18 04:45:00,35.2685,32.878838
2020-06-18 05:00:00,35.0485,32.98005
2020-06-18 05:15:00,35.0485,32.97475
2020-06-18 05:30:00,35.0485,33.13166
2020-06-18 05:45:00,34.829,33.618362
2020-06-18 06:00:00,34.829,34.192047
2020-06-18 06:15:00,34.829,34.365974
2020-06-18 06:30:00,34.829,34.7815
2020-06-18 06:45:00,34.829,34.544
2020-06-18 07:00:00,34.829,34.697067
2020-06-18 07:15:00,35.049,35.096874
2020-06-18 07:30:00,35.2685,35.703583
2020-06-18 07:45:00,35.488,35.58162
2020-06-18 08:00:00,35.928,35.588448
2020-06-18 08:15:00,36.587,35.673866
2020-06-18 08:30:00,37.0265,35.901093
2020-06-18 08:45:00,37.466,36.248615
2020-06-18 09:00:00,37.9055,37.494637
2020-06-18 09:15:00,38.5645,38.382652
2020-06-18 09:30:00,39.0035,38.49987
2020-06-18 09:45:00,39.663,39.102867
2020-06-18 10:00:00,40.1025,39.28331
2020-06-18 10:15:00,40.9815,38.669525
2020-06-18 10:30:00,41.8605,38.74646
2020-06-18 10:45:00,43.1785,37.728973
2020-06-18 11:00:00,44.0575,37.197098
2020-06-18 11:15:00,45.376,37.061996
2020-06-18 11:30:00,46.035,36.891823
2020-06-18 11:45:00,46.475,36.732346
2020-06-18 12:00:00,46.475,37.186073
2020-06-18 12:15:00,46.9145,37.78662
2020-06-18 12:30:00,46.9145,38.215904
2020-06-18 12:45:00,47.134,38.485344
2020-06-18 13:00:00,47.134,38.16864
2020-06-18 13:15:00,47.5735,37.964264
2020-06-18 13:30:00,47.354,37.831757
2020-06-18 13:45:00,46.914,37.727806
2020-06-18 14:00:00,46.6945,38.544968
2020-06-18 14:15:00,46.9145,38.9123
2020-06-18 14:30:00,47.134,39.53763
2020-06-18 14:45:00,47.793,39.592552
2020-06-18 15:00:00,48.2325,39.883064
2020-06-18 15:15:00,48.2325,40.221283
2020-06-18 15:30:00,48.013,40.383553
2020-06-18 15:45:00,47.573,39.90071
2020-06-18 16:00:00,47.573,39.467567
2020-06-18 16:15:00,47.3535,39.39029
2020-06-18 16:30:00,46.6945,39.43554
2020-06-18 16:45:00,46.475,39.177574
2020-06-18 17:00:00,46.035,39.061546
2020-06-18 17:15:00,45.8155,38.34176
2020-06-18 17:30:00,45.596,38.15796
2020-06-18 17:45:00,45.156,37.75183
2020-06-18 18:00:00,44.9365,37.405487
2020-06-18 18:15:00,44.717,37.046555
2020-06-18 18:30:00,44.277,36.934494
2020-06-18 18:45:00,44.277,36.60778
2020-06-18 19:00:00,43.838,36.50631
2020-06-18 19:15:00,43.838,36.712646
2020-06-18 19:30:00,43.618,36.07077
2020-06-18 19:45:00,43.1785,35.511337
2020-06-18 20:00:00,43.1785,35.436813
2020-06-18 20:15:00,42.7395,35.117393
2020-06-18 20:30:00,42.7395,35.034027
2020-06-18 20:45:00,42.52,34.591766
2020-06-18 21:00:00,42.3,34.251633
2020-06-18 21:15:00,42.08,33.924255
2020-06-18 21:30:00,41.8605,33.990448
2020-06-18 21:45:00,41.641,34.14797
2020-06-18 22:00:00,41.421,34.4292
2020-06-18 22:15:00,41.421,34.499855
2020-06-18 22:30:00,40.9815,34.939056
2020-06-18 22:45:00,40.9815,34.62362
2020-06-18 23:00:00,40.762,34.86959
2020-06-18 23:15:00,40.542,35.2961
2020-06-18 23:30:00,40.542,35.124924
2020-06-18 23:45:00,40.542,35.174194
2020-06-19 00:00:00,40.322,35.17433
2020-06-19 00:15:00,40.322,34.986393
2020-06-19 00:30:00,40.1025,32.13335
2020-06-19 00:45:00,39.883,34.85537
2020-06-19 01:00:00,39.883,32.371895
2020-06-19 01:15:00,39.443,30.328327
2020-06-19 01:30:00,39.443,30.551739
2020-06-19 01:45:00,39.443,31.165243
2020-06-19 02:00:00,39.443,32.00727
2020-06-19 02:15:00,39.2235,32.96065
2020-06-19 02:30:00,39.2235,33.188305
2020-06-19 02:45:00,39.2235,32.845306
2020-06-19 03:00:00,39.2235,32.867073
2020-06-19 03:15:00,39.004,32.73462
2020-06-19 03:30:00,38.784,32.72805
2020-06-19 03:45:00,38.784,32.259964
2020-06-19 04:00:00,38.784,32.039986
2020-06-19 04:15:00,38.3445,32.152657
2020-06-19 04:30:00,38.3445,32.63086
2020-06-19 04:45:00,38.3445,32.52857
2020-06-19 05:00:00,37.9055,32.737946
2020-06-19 05:15:00,37.9055,32.617836
2020-06-19 05:30:00,37.9055,32.693436
2020-06-19 05:45:00,37.686,33.383873
2020-06-19 06:00:00,37.466,33.834774
2020-06-19 06:15:00,37.466,34.20051
2020-06-19 06:30:00,37.466,34.346146
2020-06-19 06:45:00,37.466,34.287415
2020-06-19 07:00:00,37.466,34.706665
2020-06-19 07:15:00,37.686,35.03238
2020-06-19 07:30:00,37.686,35.636223
2020-06-19 07:45:00,38.125,35.673634
2020-06-19 08:00:00,38.125,35.459553
2020-06-19 08:15:00,38.564,35.555954
2020-06-19 08:30:00,39.004,36.310364
2020-06-19 08:45:00,39.443,37.332977
2020-06-19 09:00:00,39.883,39.071785
2020-06-19 09:15:00,40.1025,40.900665
2020-06-19 09:30:00,40.322,41.94242
2020-06-19 09:45:00,40.762,41.637955
2020-06-19 10:00:00,41.201,41.331154
2020-06-19 10:15:00,41.421,40.61187
2020-06-19 10:30:00,41.421,40.05139
2020-06-19 10:45:00,41.641,39.474197
2020-06-19 11:00:00,41.641,39.364525
2020-06-19 11:15:00,41.641,39.394424
2020-06-19 11:30:00,41.641,39.754166
2020-06-19 11:45:00,41.641,40.068092
2020-06-19 12:00:00,41.641,40.662636
2020-06-19 12:15:00,41.641,40.991356
2020-06-19 12:30:00,41.641,41.24682
2020-06-19 12:45:00,41.641,41.359756
2020-06-19 13:00:00,41.641,41.06568
2020-06-19 13:15:00,41.641,41.231422
2020-06-19 13:30:00,41.8605,41.37049
2020-06-19 13:45:00,41.641,41.526382
2020-06-19 14:00:00,40.9815,42.022476
2020-06-19 14:15:00,39.663,42.4365
2020-06-19 14:30:00,37.9055,42.45311
2020-06-19 14:45:00,37.246,42.001938
2020-06-19 15:00:00,36.807,42.25537
2020-06-19 15:15:00,36.807,42.454315
2020-06-19 15:30:00,36.367,42.9768
2020-06-19 15:45:00,36.367,43.049423
2020-06-19 16:00:00,36.367,42.964478
2020-06-19 16:15:00,35.708,42.745987
2020-06-19 16:30:00,35.049,42.626266
2020-06-19 16:45:00,34.609,42.30449
2020-06-19 17:00:00,34.17,42.191383
2020-06-19 17:15:00,33.73,41.589516
2020-06-19 17:30:00,33.291,41.026443
2020-06-19 17:45:00,32.852,39.80197
2020-06-19 18:00:00,32.1925,38.725876
2020-06-19 18:15:00,31.5335,38.401985
2020-06-19 18:30:00,31.0935,38.29638
2020-06-19 18:45:00,30.6545,37.89218
2020-06-19 19:00:00,30.4345,38.099915
2020-06-19 19:15:00,30.2145,37.698196
2020-06-19 19:30:00,30.2145,37.315247
2020-06-19 19:45:00,30.4345,37.008133
2020-06-19 20:00:00,30.654,36.29322
2020-06-19 20:15:00,30.874,35.72023
2020-06-19 20:30:00,31.094,35.19249
2020-06-19 20:45:00,31.094,34.41704
2020-06-19 21:00:00,31.094,34.533726
2020-06-19 21:15:00,31.094,34.789207
2020-06-19 21:30:00,31.094,35.947052
2020-06-19 21:45:00,31.094,36.626072
2020-06-19 22:00:00,31.094,37.33277
2020-06-19 22:15:00,31.094,37.538063
2020-06-19 22:30:00,31.094,37.29676
2020-06-19 22:45:00,31.094,36.763878
2020-06-19 23:00:00,31.3135,36.84108
2020-06-19 23:15:00,31.533,37.48555
2020-06-19 23:30:00,31.753,37.973236
2020-06-19 23:45:00,31.973,38.161438
2020-06-20 00:00:00,32.1925,38.336685
2020-06-20 00:15:00,32.1925,37.8535
2020-06-20 00:30:00,32.1925,34.237526
2020-06-20 00:45:00,31.973,36.851364
2020-06-20 01:00:00,31.973,34.129066
2020-06-20 01:15:00,31.973,32.707985
2020-06-20 01:30:00,31.973,32.76802
2020-06-20 01:45:00,31.973,32.724754
2020-06-20 02:00:00,31.973,33.005386
2020-06-20 02:15:00,31.753,32.640984
2020-06-20 02:30:00,31.753,32.988327
2020-06-20 02:45:00,31.753,33.04184
2020-06-20 03:00:00,31.753,33.174496
2020-06-20 03:15:00,31.9725,33.491474
2020-06-20 03:30:00,31.9725,33.764687
2020-06-20 03:45:00,32.1925,33.650986
2020-06-20 04:00:00,32.1925,33.90957
2020-06-20 04:15:00,32.1925,34.15973
2020-06-20 04:30:00,32.1925,34.420235
2020-06-20 04:45:00,32.1925,34.43506
2020-06-20 05:00:00,32.1925,34.336205
2020-06-20 05:15:00,32.412,33.920525
2020-06-20 05:30:00,32.412,33.97853
2020-06-20 05:45:00,32.632,34.17164
2020-06-20 06:00:00,32.632,34.91565
2020-06-20 06:15:00,32.632,35.561638
2020-06-20 06:30:00,32.632,35.715584
2020-06-20 06:45:00,32.632,35.69874
2020-06-20 07:00:00,32.632,35.593018
2020-06-20 07:15:00,32.632,35.6985
2020-06-20 07:30:00,32.852,35.794334
2020-06-20 07:45:00,32.852,35.74723
2020-06-20 08:00:00,33.291,35.61944
2020-06-20 08:15:00,33.291,35.647255
2020-06-20 08:30:00,33.73,35.47203
2020-06-20 08:45:00,33.73,35.1866
2020-06-20 09:00:00,34.17,35.599327
2020-06-20 09:15:00,34.17,36.021698
2020-06-20 09:30:00,34.609,36.261925
2020-06-20 09:45:00,34.829,35.916008
2020-06-20 10:00:00,35.049,35.781113
2020-06-20 10:15:00,35.2685,35.632805
2020-06-20 10:30:00,35.488,35.89102
2020-06-20 10:45:00,35.488,35.980923
2020-06-20 11:00:00,35.488,36.262344
2020-06-20 11:15:00,35.708,36.285736
2020-06-20 11:30:00,35.928,36.388878
2020-06-20 11:45:00,36.367,36.1263
2020-06-20 12:00:00,36.587,36.13533
2020-06-20 12:15:00,37.0265,36.00911
2020-06-20 12:30:00,37.466,35.772446
2020-06-20 12:45:00,38.3445,35.85932
2020-06-20 13:00:00,38.5645,36.12835
2020-06-20 13:15:00,38.784,36.573406
2020-06-20 13:30:00,38.784,36.996346
2020-06-20 13:45:00,38.784,36.503143
2020-06-20 14:00:00,39.2235,36.23207
2020-06-20 14:15:00,39.2235,35.940018
2020-06-20 14:30:00,39.2235,35.760715
2020-06-20 14:45:00,39.2235,35.45475
2020-06-20 15:00:00,39.883,35.71708
2020-06-20 15:15:00,40.1025,35.71712
2020-06-20 15:30:00,40.1025,35.986122
2020-06-20 15:45:00,40.1025,36.20658
2020-06-20 16:00:00,40.1025,35.905724
2020-06-20 16:15:00,39.883,35.776527
2020-06-20 16:30:00,39.663,35.921154
2020-06-20 16:45:00,39.443,35.686348
2020-06-20 17:00:00,39.443,35.70692
2020-06-20 17:15:00,39.2235,35.490532
2020-06-20 17:30:00,39.004,35.187263
2020-06-20 17:45:00,38.784,34.845528
2020-06-20 18:00:00,38.564,34.531433
2020-06-20 18:15:00,38.3445,34.516357
2020-06-20 18:30:00,38.125,34.68377
2020-06-20 18:45:00,37.9055,34.76368
2020-06-20 19:00:00,37.686,35.46994
2020-06-20 19:15:00,37.466,35.54522
2020-06-20 19:30:00,37.246,36.0568
2020-06-20 19:45:00,37.0265,35.987396
2020-06-20 20:00:00,36.587,36.073387
2020-06-20 20:15:00,36.587,36.40525
2020-06-20 20:30:00,36.587,36.39332
2020-06-20 20:45:00,36.1475,36.425438
2020-06-20 21:00:00,36.1475,36.83904
2020-06-20 21:15:00,35.708,37.131615
2020-06-20 21:30:00,35.488,37.6587
2020-06-20 21:45:00,35.2685,37.657173
2020-06-20 22:00:00,35.049,37.828712
2020-06-20 22:15:00,34.609,37.827995
2020-06-20 22:30:00,34.609,37.93238
2020-06-20 22:45:00,34.17,38.281548
2020-06-20 23:00:00,34.17,38.54344
2020-06-20 23:15:00,34.17,39.033524
2020-06-20 23:30:00,33.95,39.267044
2020-06-20 23:45:00,33.73,38.605453
2020-06-21 00:00:00,33.73,38.02906
2020-06-21 00:15:00,33.73,37.693336
2020-06-21 00:30:00,33.5105,34.47489
2020-06-21 00:45:00,33.291,37.33412
2020-06-21 01:00:00,33.291,35.311497
2020-06-21 01:15:00,33.291,33.664658
2020-06-21 01:30:00,33.0715,33.82936
2020-06-21 01:45:00,32.852,33.578743
2020-06-21 02:00:00,32.852,33.75947
2020-06-21 02:15:00,32.632,33.369087
2020-06-21 02:30:00,32.412,32.56642
2020-06-21 02:45:00,32.412,32.140152
2020-06-21 03:00:00,32.412,31.55358
2020-06-21 03:15:00,32.1925,31.054762
2020-06-21 03:30:00,31.973,30.896692
2020-06-21 03:45:00,31.973,30.363913
2020-06-21 04:00:00,31.533,30.994604
2020-06-21 04:15:00,31.533,31.643375
2020-06-21 04:30:00,31.3135,32.30156
2020-06-21 04:45:00,31.094,32.218513
2020-06-21 05:00:00,30.874,31.850313
2020-06-21 05:15:00,30.654,31.886333
2020-06-21 05:30:00,30.654,31.885916
2020-06-21 05:45:00,30.654,31.839651
2020-06-21 06:00:00,30.4345,32.3356
2020-06-21 06:15:00,30.4345,32.867867
2020-06-21 06:30:00,30.4345,33.960938
2020-06-21 06:45:00,30.4345,34.962578
2020-06-21 07:00:00,30.654,36.10022
2020-06-21 07:15:00,31.094,36.049843
2020-06-21 07:30:00,31.533,36.1781
2020-06-21 07:45:00,32.1925,35.976044
2020-06-21 08:00:00,32.852,35.506172
2020-06-21 08:15:00,33.0715,35.669075
2020-06-21 08:30:00,33.5105,35.727554
2020-06-21 08:45:00,33.95,36.17836
2020-06-21 09:00:00,34.3895,37.49784
2020-06-21 09:15:00,34.829,38.85878
2020-06-21 09:30:00,35.2685,40.065674
2020-06-21 09:45:00,35.708,40.35144
2020-06-21 10:00:00,36.367,40.268158
2020-06-21 10:15:00,36.807,39.263138
2020-06-21 10:30:00,36.807,38.46289
2020-06-21 10:45:00,37.246,38.27443
2020-06-21 11:00:00,38.3445,38.51882
2020-06-21 11:15:00,39.2235,39.51351
2020-06-21 11:30:00,39.883,40.671684
2020-06-21 11:45:00,40.542,40.913467
2020-06-21 12:00:00,40.542,41.423378
2020-06-21 12:15:00,40.3225,41.35273
2020-06-21 12:30:00,40.1025,41.11257
2020-06-21 12:45:00,40.542,40.889824
2020-06-21 13:00:00,40.9815,40.967506
2020-06-21 13:15:00,41.6405,41.194122
2020-06-21 13:30:00,42.5195,41.212715
2020-06-21 13:45:00,43.1785,41.268158
2020-06-21 14:00:00,43.618,41.182724
2020-06-21 14:15:00,44.0575,41.308884
2020-06-21 14:30:00,44.497,41.631767
2020-06-21 14:45:00,44.497,41.20739
2020-06-21 15:00:00,44.2775,41.130722
2020-06-21 15:15:00,44.277,41.16136
2020-06-21 15:30:00,44.0575,41.460106
2020-06-21 15:45:00,43.618,41.563255
2020-06-21 16:00:00,43.179,41.765755
2020-06-21 16:15:00,42.5195,41.416
2020-06-21 16:30:00,42.3,40.865097
2020-06-21 16:45:00,41.8605,40.34735
2020-06-21 17:00:00,41.8605,40.33425
2020-06-21 17:15:00,41.641,40.456764
2020-06-21 17:30:00,41.421,40.460457
2020-06-21 17:45:00,40.957,39.459717
2020-06-21 18:00:00,40.5175,38.73375
2020-06-21 18:15:00,40.2975,38.191887
2020-06-21 18:30:00,39.8585,38.01191
2020-06-21 18:45:00,39.8585,37.80188
2020-06-21 19:00:00,39.419,37.86196
2020-06-21 19:15:00,38.9795,37.297287
2020-06-21 19:30:00,38.9795,36.638077
2020-06-21 19:45:00,38.54,35.848366
2020-06-21 20:00:00,38.3205,35.694107
2020-06-21 20:15:00,38.1005,35.951134
2020-06-21 20:30:00,38.1005,36.381607
2020-06-21 20:45:00,37.881,36.567226
2020-06-21 21:00:00,37.6615,36.613007
2020-06-21 21:15:00,37.4415,36.627884
2020-06-21 21:30:00,37.2215,36.71068
2020-06-21 21:45:00,37.2215,36.498566
2020-06-21 22:00:00,37.002,36.55065
2020-06-21 22:15:00,36.7825,36.4143
2020-06-21 22:30:00,36.7825,36.272663
2020-06-21 22:45:00,36.7825,35.908157
2020-06-21 23:00:00,36.7825,36.01239
2020-06-21 23:15:00,36.7825,36.300713
2020-06-21 23:30:00,36.5625,36.56141
2020-06-21 23:45:00,36.5625,36.28773
2020-06-22 00:00:00,36.5625,36.36627
2020-06-22 00:15:00,36.3425,35.80217
2020-06-22 00:30:00,36.3425,32.517326
2020-06-22 00:45:00,36.3425,35.486435
2020-06-22 01:00:00,36.123,33.18123
2020-06-22 01:15:00,35.9035,32.197723
2020-06-22 01:30:00,35.6835,32.446136
2020-06-22 01:45:00,35.6835,32.59326
2020-06-22 02:00:00,35.244,32.771576
2020-06-22 02:15:00,34.8045,32.66577
2020-06-22 02:30:00,34.8045,32.94983
2020-06-22 02:45:00,34.8045,33.08276
2020-06-22 03:00:00,34.8045,33.27507
2020-06-22 03:15:00,34.8045,33.50081
2020-06-22 03:30:00,34.8045,33.276733
2020-06-22 03:45:00,34.8045,32.781315
2020-06-22 04:00:00,34.585,32.904892
2020-06-22 04:15:00,34.3655,33.262367
2020-06-22 04:30:00,34.3655,33.62982
2020-06-22 04:45:00,34.3655,33.63555
2020-06-22 05:00:00,34.3655,33.504753
2020-06-22 05:15:00,34.1455,33.273155
2020-06-22 05:30:00,33.9255,34.003464
2020-06-22 05:45:00,33.9255,34.148727
2020-06-22 06:00:00,33.706,34.68363
2020-06-22 06:15:00,33.4865,35.03499
2020-06-22 06:30:00,32.6075,34.48661
2020-06-22 06:45:00,31.7285,34.40342
2020-06-22 07:00:00,31.289,34.454254
2020-06-22 07:15:00,31.0695,34.47753
2020-06-22 07:30:00,30.8495,35.00775
2020-06-22 07:45:00,30.8495,34.962116
2020-06-22 08:00:00,30.6295,35.209297
2020-06-22 08:15:00,30.6295,35.35358
2020-06-22 08:30:00,30.6295,36.127296
2020-06-22 08:45:00,30.6295,37.320053
2020-06-22 09:00:00,30.1905,38.746284
2020-06-22 09:15:00,29.9705,40.255463
2020-06-22 09:30:00,29.5315,40.911926
2020-06-22 09:45:00,29.5315,40.314438
2020-06-22 10:00:00,29.5315,40.057587
2020-06-22 10:15:00,29.0915,39.01439
2020-06-22 10:30:00,28.872,38.19674
2020-06-22 10:45:00,28.872,37.71705
2020-06-22 11:00:00,28.6525,37.532837
2020-06-22 11:15:00,28.872,37.951866
2020-06-22 11:30:00,29.0915,38.68715
2020-06-22 11:45:00,29.0915,39.146324
2020-06-22 12:00:00,29.3115,39.343605
2020-06-22 12:15:00,29.3115,39.9122
2020-06-22 12:30:00,29.3115,40.236954
2020-06-22 12:45:00,28.872,40.13636
2020-06-22 13:00:00,28.433,40.47973
2020-06-22 13:15:00,27.993,40.578148
2020-06-22 13:30:00,27.993,40.897964
2020-06-22 13:45:00,27.7735,41.325287
2020-06-22 14:00:00,27.554,41.82522
2020-06-22 14:15:00,27.554,42.02957
2020-06-22 14:30:00,27.7735,42.240807
2020-06-22 14:45:00,28.213,41.83577
2020-06-22 15:00:00,28.6525,41.98075
2020-06-22 15:15:00,28.6525,42.303696
2020-06-22 15:30:00,28.6525,42.466545
2020-06-22 15:45:00,28.4325,42.348778
2020-06-22 16:00:00,28.213,42.102943
2020-06-22 16:15:00,28.213,41.95427
2020-06-22 16:30:00,28.213,41.990837
2020-06-22 16:45:00,28.213,41.606956
2020-06-22 17:00:00,27.7735,41.593384
2020-06-22 17:15:00,27.5535,41.06389
2020-06-22 17:30:00,27.334,40.571022
2020-06-22 17:45:00,27.1145,39.980423
2020-06-22 18:00:00,27.1145,39.379303
2020-06-22 18:15:00,26.8945,39.069023
2020-06-22 18:30:00,26.8945,39.016388
2020-06-22 18:45:00,27.114,38.642532
2020-06-22 19:00:00,27.334,39.08146
2020-06-22 19:15:00,27.7735,39.25763
2020-06-22 19:30:00,27.7735,38.75724
2020-06-22 19:45:00,28.213,38.73317
2020-06-22 20:00:00,28.213,38.706
2020-06-22 20:15:00,28.213,38.6047
2020-06-22 20:30:00,28.6525,39.24887
2020-06-22 20:45:00,28.6525,38.702805
2020-06-22 21:00:00,28.6525,38.661446
2020-06-22 21:15:00,28.4325,38.679085
2020-06-22 21:30:00,27.9935,38.295
2020-06-22 21:45:00,27.9935,37.96833
2020-06-22 22:00:00,27.9935,37.416283
2020-06-22 22:15:00,27.9935,37.087494
2020-06-22 22:30:00,27.9935,36.984062
2020-06-22 22:45:00,27.9935,36.65969
2020-06-22 23:00:00,27.9935,36.814575
2020-06-22 23:15:00,27.9935,37.07271
2020-06-22 23:30:00,27.9935,37.231476
2020-06-22 23:45:00,27.9935,37.24923
2020-06-23 00:00:00,27.9935,37.275475
2020-06-23 00:15:00,27.9935,37.05509
2020-06-23 00:30:00,27.9935,34.20174
2020-06-23 00:45:00,27.9935,36.883816
2020-06-23 01:00:00,27.9935,34.490856
2020-06-23 01:15:00,27.9935,32.669487
2020-06-23 01:30:00,27.9935,32.36084
2020-06-23 01:45:00,27.9935,32.494724
2020-06-23 02:00:00,27.9935,32.581036
2020-06-23 02:15:00,27.9935,33.293663
2020-06-23 02:30:00,27.9935,33.68721
2020-06-23 02:45:00,27.9935,33.504326
2020-06-23 03:00:00,27.9935,33.683548
2020-06-23 03:15:00,27.9935,33.38871
2020-06-23 03:30:00,27.9935,33.7137
2020-06-23 03:45:00,28.213,33.906113
2020-06-23 04:00:00,28.213,34.442093
2020-06-23 04:15:00,28.213,35.08522
2020-06-23 04:30:00,28.4325,34.82627
2020-06-23 04:45:00,28.4325,34.3201
2020-06-23 05:00:00,28.4325,34.193775
2020-06-23 05:15:00,28.4325,33.801167
2020-06-23 05:30:00,28.4325,34.284508
2020-06-23 05:45:00,28.4325,34.90235
2020-06-23 06:00:00,28.4325,35.4589
2020-06-23 06:15:00,28.6525,35.802544
2020-06-23 06:30:00,28.6525,36.087173
2020-06-23 06:45:00,28.872,35.551224
2020-06-23 07:00:00,28.872,35.459248
2020-06-23 07:15:00,28.872,35.30356
2020-06-23 07:30:00,28.872,35.20488
2020-06-23 07:45:00,29.092,35.130074
2020-06-23 08:00:00,29.3115,34.882698
2020-06-23 08:15:00,29.531,35.34884
2020-06-23 08:30:00,29.751,36.499268
2020-06-23 08:45:00,29.971,37.456764
2020-06-23 09:00:00,30.41,39.243042
2020-06-23 09:15:00,30.8495,40.157204
2020-06-23 09:30:00,31.289,40.732674
2020-06-23 09:45:00,31.7285,40.644287
2020-06-23 10:00:00,32.3875,40.494263
2020-06-23 10:15:00,32.8275,39.525185
2020-06-23 10:30:00,33.047,38.75699
2020-06-23 10:45:00,33.486,38.099327
2020-06-23 11:00:00,34.1455,37.67906
2020-06-23 11:15:00,35.0245,37.97551
2020-06-23 11:30:00,35.9035,39.193398
2020-06-23 11:45:00,36.5625,39.984512
2020-06-23 12:00:00,36.7825,40.87111
2020-06-23 12:15:00,36.7825,41.795303
2020-06-23 12:30:00,36.5625,41.725845
2020-06-23 12:45:00,36.123,41.511086
2020-06-23 13:00:00,36.123,41.54818
2020-06-23 13:15:00,36.343,41.788254
2020-06-23 13:30:00,36.782,42.12188
2020-06-23 13:45:00,37.002,42.076042
2020-06-23 14:00:00,37.4415,42.632782
2020-06-23 14:15:00,37.881,42.617004
2020-06-23 14:30:00,37.881,42.74388
2020-06-23 14:45:00,37.881,42.642784
2020-06-23 15:00:00,37.881,42.645096
2020-06-23 15:15:00,37.4415,42.805664
2020-06-23 15:30:00,37.2215,43.203987
2020-06-23 15:45:00,37.002,43.17817
2020-06-23 16:00:00,37.002,42.850838
2020-06-23 16:15:00,36.782,42.60737
2020-06-23 16:30:00,36.5625,42.2209
2020-06-23 16:45:00,36.5625,41.5978
2020-06-23 17:00:00,36.5625,41.650795
2020-06-23 17:15:00,36.5625,41.67875
2020-06-23 17:30:00,36.5625,41.617653
2020-06-23 17:45:00,36.5625,41.13318
2020-06-23 18:00:00,36.123,40.693863
2020-06-23 18:15:00,35.903,40.173195
2020-06-23 18:30:00,35.6835,39.563866
2020-06-23 18:45:00,35.6835,38.47757
2020-06-23 19:00:00,35.6835,37.829742
2020-06-23 19:15:00,35.244,37.011536
2020-06-23 19:30:00,34.8045,36.390854
2020-06-23 19:45:00,34.8045,35.579388
2020-06-23 20:00:00,34.3655,35.99633
2020-06-23 20:15:00,34.3655,36.190285
2020-06-23 20:30:00,34.3655,36.60829
2020-06-23 20:45:00,34.1455,36.730682
2020-06-23 21:00:00,33.9255,36.183838
2020-06-23 21:15:00,33.706,36.174286
2020-06-23 21:30:00,33.706,35.920395
2020-06-23 21:45:00,33.706,35.497612
2020-06-23 22:00:00,33.2665,35.178185
2020-06-23 22:15:00,33.2665,34.46273
2020-06-23 22:30:00,33.047,34.189644
2020-06-23 22:45:00,33.047,34.00049
2020-06-23 23:00:00,32.8275,34.22262
2020-06-23 23:15:00,32.6075,34.575676
2020-06-23 23:30:00,32.6075,34.92927
2020-06-23 23:45:00,32.388,34.26316
2020-06-24 00:00:00,32.168,34.18846
2020-06-24 00:15:00,32.168,34.093113
2020-06-24 00:30:00,32.168,30.889202
2020-06-24 00:45:00,31.9485,33.964813
2020-06-24 01:00:00,31.7285,31.772623
2020-06-24 01:15:00,31.7285,30.287897
2020-06-24 01:30:00,31.5085,30.227774
2020-06-24 01:45:00,31.5085,30.063269
2020-06-24 02:00:00,31.289,30.260752
2020-06-24 02:15:00,31.289,30.284807
2020-06-24 02:30:00,31.0695,30.524773
2020-06-24 02:45:00,30.8495,30.459368
2020-06-24 03:00:00,30.8495,30.519659
2020-06-24 03:15:00,30.8495,30.421007
2020-06-24 03:30:00,30.8495,30.838821
2020-06-24 03:45:00,30.63,30.984762
2020-06-24 04:00:00,30.41,31.199833
2020-06-24 04:15:00,30.41,31.519102
2020-06-24 04:30:00,30.41,31.486212
2020-06-24 04:45:00,30.41,31.072266
2020-06-24 05:00:00,30.19,31.038893
2020-06-24 05:15:00,30.19,30.669256
2020-06-24 05:30:00,29.9705,30.478115
2020-06-24 05:45:00,29.9705,30.437159
2020-06-24 06:00:00,29.9705,30.480265
2020-06-24 06:15:00,29.9705,30.619905
2020-06-24 06:30:00,30.1905,30.702272
2020-06-24 06:45:00,30.1905,30.359907
2020-06-24 07:00:00,30.6295,30.719477
2020-06-24 07:15:00,30.8495,31.51174
2020-06-24 07:30:00,31.0695,32.575745
2020-06-24 07:45:00,31.7285,33.627026
2020-06-24 08:00:00,32.388,33.74701
2020-06-24 08:15:00,32.827,33.816986
2020-06-24 08:30:00,33.4865,34.441235
2020-06-24 08:45:00,33.926,34.909172
2020-06-24 09:00:00,34.365,36.432816
2020-06-24 09:15:00,35.024,37.818016
2020-06-24 09:30:00,35.6835,38.679253
2020-06-24 09:45:00,36.343,38.81359
2020-06-24 10:00:00,36.782,38.883347
2020-06-24 10:15:00,37.222,38.336937
2020-06-24 10:30:00,37.222,37.2939
2020-06-24 10:45:00,38.54,36.29422
2020-06-24 11:00:00,39.6385,35.680984
2020-06-24 11:15:00,39.858,35.89717
2020-06-24 11:30:00,39.858,37.55258
2020-06-24 11:45:00,39.858,39.004936
2020-06-24 12:00:00,39.858,40.29885
2020-06-24 12:15:00,39.858,41.109932
2020-06-24 12:30:00,40.5175,41.442825
2020-06-24 12:45:00,40.298,41.07956
2020-06-24 13:00:00,39.858,41.33728
2020-06-24 13:15:00,39.199,41.695923
2020-06-24 13:30:00,39.199,41.966278
2020-06-24 13:45:00,38.76,42.176567
2020-06-24 14:00:00,38.76,42.17901
2020-06-24 14:15:00,38.54,42.225746
2020-06-24 14:30:00,38.54,42.281166
2020-06-24 14:45:00,38.54,42.18396
2020-06-24 15:00:00,38.3205,42.29187
2020-06-24 15:15:00,38.3205,41.83097
2020-06-24 15:30:00,38.3205,41.657852
2020-06-24 15:45:00,38.54,41.11023
2020-06-24 16:00:00,38.54,40.87075
2020-06-24 16:15:00,38.76,41.027275
2020-06-24 16:30:00,38.9795,41.310616
2020-06-24 16:45:00,38.9795,41.151695
2020-06-24 17:00:00,38.7595,41.65503
2020-06-24 17:15:00,38.54,41.615776
2020-06-24 17:30:00,38.54,41.30813
2020-06-24 17:45:00,38.101,40.907646
2020-06-24 18:00:00,38.101,39.673584
2020-06-24 18:15:00,38.101,39.054
2020-06-24 18:30:00,38.101,38.868378
2020-06-24 18:45:00,37.661,38.36351
2020-06-24 19:00:00,37.661,38.14073
2020-06-24 19:15:00,37.222,37.589676
2020-06-24 19:30:00,37.222,36.788662
2020-06-24 19:45:00,36.782,35.68254
2020-06-24 20:00:00,36.782,35.837547
2020-06-24 20:15:00,36.782,36.399143
2020-06-24 20:30:00,36.782,37.32125
2020-06-24 20:45:00,36.343,37.893112
2020-06-24 21:00:00,36.343,38.215736
2020-06-24 21:15:00,36.123,38.11165
2020-06-24 21:30:00,35.903,38.046303
2020-06-24 21:45:00,35.903,37.65484
2020-06-24 22:00:00,35.464,37.44268
2020-06-24 22:15:00,35.464,37.302048
2020-06-24 22:30:00,35.464,37.400978
2020-06-24 22:45:00,35.464,37.25862
2020-06-24 23:00:00,35.464,37.37568
2020-06-24 23:15:00,35.464,37.354973
2020-06-24 23:30:00,35.464,37.389786
2020-06-24 23:45:00,35.464,37.430702
2020-06-25 00:00:00,35.464,37.422028
2020-06-25 00:15:00,35.464,37.316727
2020-06-25 00:30:00,35.464,34.174217
2020-06-25 00:45:00,35.464,36.89344
2020-06-25 01:00:00,35.464,34.41127
2020-06-25 01:15:00,35.464,32.605503
2020-06-25 01:30:00,35.024,32.33979
2020-06-25 01:45:00,35.024,32.37721
2020-06-25 02:00:00,35.024,32.87455
2020-06-25 02:15:00,35.024,33.274246
2020-06-25 02:30:00,35.024,33.64337
2020-06-25 02:45:00,35.024,33.145058
2020-06-25 03:00:00,34.585,33.23478
2020-06-25 03:15:00,34.585,33.260582
2020-06-25 03:30:00,34.585,33.476364
2020-06-25 03:45:00,34.365,33.1621
2020-06-25 04:00:00,34.1455,32.88846
2020-06-25 04:15:00,34.1455,33.224663
2020-06-25 04:30:00,34.1455,33.579124
2020-06-25 04:45:00,34.1455,33.96846
2020-06-25 05:00:00,34.1455,34.06964
2020-06-25 05:15:00,34.1455,33.783356
2020-06-25 05:30:00,34.1455,33.767136
2020-06-25 05:45:00,34.1455,34.230614
2020-06-25 06:00:00,34.3655,34.809624
2020-06-25 06:15:00,34.3655,34.088356
2020-06-25 06:30:00,34.585,33.527504
2020-06-25 06:45:00,34.8045,32.485607
2020-06-25 07:00:00,35.024,32.13095
2020-06-25 07:15:00,35.244,32.82734
2020-06-25 07:30:00,35.464,33.481277
2020-06-25 07:45:00,35.6835,33.62238
2020-06-25 08:00:00,35.903,33.483246
2020-06-25 08:15:00,36.5625,33.171864
2020-06-25 08:30:00,36.7825,33.41406
2020-06-25 08:45:00,37.2215,34.19217
2020-06-25 09:00:00,38.1005,36.067352
2020-06-25 09:15:00,38.76,38.15351
2020-06-25 09:30:00,39.6385,39.523827
2020-06-25 09:45:00,40.2975,39.578903
2020-06-25 10:00:00,40.957,39.026047
2020-06-25 10:15:00,42.0555,38.326584
2020-06-25 10:30:00,43.3745,38.671646
2020-06-25 10:45:00,44.2525,38.81552
2020-06-25 11:00:00,44.4725,39.711273
2020-06-25 11:15:00,45.3515,40.20117
2020-06-25 11:30:00,46.011,40.365166
2020-06-25 11:45:00,46.45,40.493248
2020-06-25 12:00:00,46.4505,40.09192
2020-06-25 12:15:00,46.89,40.425865
2020-06-25 12:30:00,47.549,40.626274
2020-06-25 12:45:00,47.9885,40.635185
2020-06-25 13:00:00,48.6475,41.831703
2020-06-25 13:15:00,49.0865,42.378464
2020-06-25 13:30:00,49.5265,42.69185
2020-06-25 13:45:00,49.966,42.46946
2020-06-25 14:00:00,50.625,42.228226
2020-06-25 14:15:00,50.625,41.736046
2020-06-25 14:30:00,50.8445,41.62316
2020-06-25 14:45:00,50.8445,41.65046
2020-06-25 15:00:00,50.625,41.68026
2020-06-25 15:15:00,50.625,41.649155
2020-06-25 15:30:00,50.625,39.7089
2020-06-25 15:45:00,49.966,39.052116
2020-06-25 16:00:00,49.746,38.62616
2020-06-25 16:15:00,49.5265,37.929214
2020-06-25 16:30:00,49.0865,39.917175
2020-06-25 16:45:00,49.0865,39.821716
2020-06-25 17:00:00,48.867,39.9114
2020-06-25 17:15:00,48.647,39.89995
2020-06-25 17:30:00,48.4275,39.658737
2020-06-25 17:45:00,48.208,38.80928
2020-06-25 18:00:00,47.9885,38.188034
2020-06-25 18:15:00,47.549,37.687714
2020-06-25 18:30:00,47.329,37.340523
2020-06-25 18:45:00,46.89,36.708748
2020-06-25 19:00:00,46.45,36.70524
2020-06-25 19:15:00,46.011,36.481064
2020-06-25 19:30:00,45.571,35.81047
2020-06-25 19:45:00,45.132,35.510906
2020-06-25 20:00:00,44.692,35.239883
2020-06-25 20:15:00,44.4725,35.15059
2020-06-25 20:30:00,44.033,35.797787
2020-06-25 20:45:00,43.8135,36.29355
2020-06-25 21:00:00,43.8135,36.891983
2020-06-25 21:15:00,43.3495,37.3823
2020-06-25 21:30:00,43.3495,37.465965
2020-06-25 21:45:00,43.13,36.846962
2020-06-25 22:00:00,42.9105,36.48687
2020-06-25 22:15:00,42.9105,35.85369
2020-06-25 22:30:00,42.6905,35.632797
2020-06-25 22:45:00,42.4705,35.63878
2020-06-25 23:00:00,42.4705,35.927025
2020-06-25 23:15:00,42.4705,36.500385
2020-06-25 23:30:00,42.251,36.90963
2020-06-25 23:45:00,42.251,36.435028
2020-06-26 00:00:00,42.251,35.903152
2020-06-26 00:15:00,42.031,35.331825
2020-06-26 00:30:00,41.8115,31.983637
2020-06-26 00:45:00,41.8115,34.89211
2020-06-26 01:00:00,41.8115,33.031845
2020-06-26 01:15:00,41.372,31.429852
2020-06-26 01:30:00,41.372,31.34741
2020-06-26 01:45:00,41.372,30.86541
2020-06-26 02:00:00,40.9325,30.344528
2020-06-26 02:15:00,40.9325,30.602396
2020-06-26 02:30:00,40.493,31.06103
2020-06-26 02:45:00,40.493,31.341684
2020-06-26 03:00:00,40.493,31.769426
2020-06-26 03:15:00,40.2735,31.369577
2020-06-26 03:30:00,40.2735,31.02247
2020-06-26 03:45:00,40.0535,30.98126
2020-06-26 04:00:00,40.0535,31.532162
2020-06-26 04:15:00,40.0535,32.32769
2020-06-26 04:30:00,39.834,33.046757
2020-06-26 04:45:00,39.834,32.97828
2020-06-26 05:00:00,39.6145,32.999214
2020-06-26 05:15:00,39.6145,32.552223
2020-06-26 05:30:00,39.6145,32.20513
2020-06-26 05:45:00,39.6145,32.02193
2020-06-26 06:00:00,39.6145,31.45706
2020-06-26 06:15:00,39.6145,31.782173
2020-06-26 06:30:00,39.6145,31.889122
2020-06-26 06:45:00,39.6145,31.95871
2020-06-26 07:00:00,39.6145,32.73855
2020-06-26 07:15:00,40.0535,33.25981
2020-06-26 07:30:00,40.0535,34.53644
2020-06-26 07:45:00,40.7125,35.20067
2020-06-26 08:00:00,41.1525,36.17498
2020-06-26 08:15:00,41.372,36.35778
2020-06-26 08:30:00,41.592,37.212486
2020-06-26 08:45:00,42.031,38.12213
2020-06-26 09:00:00,42.6905,39.47249
2020-06-26 09:15:00,43.13,40.98127
2020-06-26 09:30:00,43.5695,41.4522
2020-06-26 09:45:00,44.2285,41.631516
2020-06-26 10:00:00,44.448,41.63288
2020-06-26 10:15:00,44.888,40.998474
2020-06-26 10:30:00,45.547,40.963264
2020-06-26 10:45:00,46.206,40.440414
2020-06-26 11:00:00,46.6455,40.420082
2020-06-26 11:15:00,46.6455,40.564354
2020-06-26 11:30:00,46.6455,40.910797
2020-06-26 11:45:00,46.206,41.22912
2020-06-26 12:00:00,45.9865,41.748535
2020-06-26 12:15:00,46.206,42.692062
2020-06-26 12:30:00,46.4255,43.206703
2020-06-26 12:45:00,46.8655,42.74842
2020-06-26 13:00:00,46.8655,42.38646
2020-06-26 13:15:00,46.8655,41.67447
2020-06-26 13:30:00,47.085,40.995766
2020-06-26 13:45:00,47.085,40.557228
2020-06-26 14:00:00,47.085,40.464325
2020-06-26 14:15:00,47.085,40.391075
2020-06-26 14:30:00,47.085,40.28794
2020-06-26 14:45:00,47.085,40.2313
2020-06-26 15:00:00,47.085,40.097412
2020-06-26 15:15:00,47.7445,40.157593
2020-06-26 15:30:00,47.964,40.438286
2020-06-26 15:45:00,48.1835,40.391808
2020-06-26 16:00:00,48.1835,40.606262
2020-06-26 16:15:00,48.1835,40.632065
2020-06-26 16:30:00,48.1835,40.412094
2020-06-26 16:45:00,48.1835,39.89585
2020-06-26 17:00:00,48.1835,39.809334
2020-06-26 17:15:00,48.1835,39.975456
2020-06-26 17:30:00,47.7445,40.153748
2020-06-26 17:45:00,47.3045,40.862488
2020-06-26 18:00:00,46.8655,41.34423
2020-06-26 18:15:00,46.8655,41.63186
2020-06-26 18:30:00,46.4255,42.142914
2020-06-26 18:45:00,45.9865,41.65732
2020-06-26 19:00:00,45.9865,41.61033
2020-06-26 19:15:00,45.5465,41.168114
2020-06-26 19:30:00,45.5465,39.93786
2020-06-26 19:45:00,45.327,39.034813
