Transformer,Model,Standardized,RMSE,MAE,R2
1,RandomForest,False,8.02699427534053,7.026058831851455,-4.610971012666163
1,MLP,False,8.125829696655273,7.075517654418945,-4.749995313174474
2,RandomForest,False,6.449056263270635,4.967248897158579,0.6289864001743968
2,MLP,False,6.771650791168213,5.411076068878174,0.5909403761966796
