Transformer,Model,Standardized,RMSE,MAE,R2
1,RandomForest,False,8.02699427534053,7.026058831851455,-4.610971012666163
1,MLP,False,8.125829696655273,7.075517654418945,-4.749995313174474
2,RandomForest,False,6.449056263270635,4.967248897158579,0.6289864001743968
2,MLP,False,6.771650791168213,5.411076068878174,0.5909403761966796
1,RandomForest,True,0.6894215463238154,0.5682508081692346,-1.313598239493008
1,MLP,True,0.6198399066925049,0.5077104568481445,-0.8701536897524176
2,RandomForest,True,0.508741286748039,0.4007250259515682,0.6637950183993799
2,MLP,True,0.5334610939025879,0.4274345934391022,0.6303287183343476
