,HUFL,HULL,MUFL,MULL,LUFL,LULL,OT
HUFL,1.0,0.11720582425034484,0.9871664579658234,0.06687538237582981,0.29882664753277133,0.026008355269675328,0.06075213606609328
HULL,0.11720582425034484,1.0,0.07007289742253524,0.9307016193963334,0.26626836123265024,0.3797768010777149,0.2245416528734131
MUFL,0.9871664579658234,0.07007289742253524,1.0,0.046005251780270776,0.18334279726824523,-0.04553036321569789,0.05153016392826592
MULL,0.06687538237582981,0.9307016193963334,0.046005251780270776,1.0,0.1333993082412987,0.07066142355851288,0.22005362266369094
LUFL,0.29882664753277133,0.26626836123265024,0.18334279726824523,0.1333993082412987,1.0,0.34191080420512704,0.12006097904257163
LULL,0.026008355269675328,0.3797768010777149,-0.04553036321569789,0.07066142355851288,0.34191080420512704,1.0,0.06860458399170836
OT,0.06075213606609328,0.2245416528734131,0.05153016392826592,0.22005362266369094,0.12006097904257163,0.06860458399170836,1.0
