,HUFL,HULL,MUFL,MULL,LUFL,LULL,OT
HUFL,1.0,0.6705377070207802,0.20045468185069953,0.5263947534849661,0.6689143178746113,0.15440735791328442,0.03420373518897282
HULL,0.6705377070207802,1.0,0.11710320890402184,0.9136576527075266,0.5939538938728405,0.20018796540000688,0.33679668022148873
MUFL,0.20045468185069953,0.11710320890402184,1.0,0.25033129361647777,-0.06965977820200589,-0.5988659787460557,0.19422387520398637
MULL,0.5263947534849661,0.9136576527075266,0.25033129361647777,1.0,0.3537467441696045,0.010577876792109909,0.4951514912710682
LUFL,0.6689143178746113,0.5939538938728405,-0.06965977820200589,0.3537467441696045,1.0,0.1679047503062356,-0.14405513136626708
LULL,0.15440735791328442,0.20018796540000688,-0.5988659787460557,0.010577876792109909,0.1679047503062356,1.0,-0.11264441964285947
OT,0.03420373518897282,0.33679668022148873,0.19422387520398637,0.4951514912710682,-0.14405513136626708,-0.11264441964285947,1.0
