验证序号,验证目标,验证数据集,验证模型,数据划分方式,异常值剔除,特征模式,时间窗口,预测时长,RMSE,MAE,MSE,R2,训练时间(秒),状态,日志文件
28,目标5: MLP最优的时间窗口,TX1,MLP,"滑动窗口随机: 形成滑动窗口数据对, 随机80%训练, 20%测试",默认-IQR,加入年月日等特征,固定时间窗口-2倍,1 hour,2.819026072446182,2.074880838394165,7.946907997131347,0.8651518821716309,172.59543085098267,success,logs/exp_028.log
29,目标5: MLP最优的时间窗口,TX1,MLP,"滑动窗口随机: 形成滑动窗口数据对, 随机80%训练, 20%测试",默认-IQR,加入年月日等特征,固定时间窗口-4倍,1 hour,2.928140704948462,2.1910159587860107,8.574007987976074,0.8521901965141296,128.6898980140686,success,logs/exp_029.log
30,目标5: MLP最优的时间窗口,TX1,MLP,"滑动窗口随机: 形成滑动窗口数据对, 随机80%训练, 20%测试",默认-IQR,加入年月日等特征,固定时间窗口-6倍,1 hour,2.801785894062391,2.0542798042297363,7.850004196166991,0.8655306100845337,174.12377500534058,success,logs/exp_030.log
