验证序号,验证目标,验证数据集,验证模型,数据划分方式,异常值剔除,特征模式,时间窗口,预测时长,RMSE,MAE,MSE,R2,训练时间(秒),状态,日志文件
46,目标6: RNN最优的时间窗口,TX1,RNN,"滑动窗口随机: 形成滑动窗口数据对, 随机80%训练, 20%测试",默认-IQR,加入年月日等特征,固定时间窗口-2倍,1 hour,3.052864174453815,2.1714365482330322,9.319979667663572,0.8393301367759705,777.9042630195618,success,logs/exp_046.log
47,目标6: RNN最优的时间窗口,TX1,RNN,"滑动窗口随机: 形成滑动窗口数据对, 随机80%训练, 20%测试",默认-IQR,加入年月日等特征,固定时间窗口-4倍,1 hour,3.052864174453815,2.1714365482330322,9.319979667663572,0.8393301367759705,854.0716347694397,success,logs/exp_047.log
48,目标6: RNN最优的时间窗口,TX1,RNN,"滑动窗口随机: 形成滑动窗口数据对, 随机80%训练, 20%测试",默认-IQR,加入年月日等特征,固定时间窗口-6倍,1 hour,3.052864174453815,2.1714365482330322,9.319979667663572,0.8393301367759705,861.6033070087433,success,logs/exp_048.log
