{
  "experiment_id": "exp_029",
  "transformer_id": 1,
  "model": "MLP",
  "split_method": "random_window",
  "feature_mode": "full",
  "data_suffix": "",
  "test_ratio": 0.2,
  "n_features": 21,
  "n_train": 32000,
  "n_test": 8000,
  "train_time": 50.84995436668396,
  "RMSE": 2.7410659790039062,
  "MAE": 1.9767810106277466,
  "R2": 0.8704735636711121,
  "lookback": 4,
  "horizon": 1,
  "gap": 0,
  "lookback_multiplier": 4.0
}