{
  "experiment_id": "exp_041",
  "transformer_id": 2,
  "model": "MLP",
  "split_method": "random_window",
  "feature_mode": "full",
  "data_suffix": "",
  "test_ratio": 0.2,
  "n_features": 17,
  "n_train": 32000,
  "n_test": 8000,
  "train_time": 63.40587043762207,
  "RMSE": 3.0241732597351074,
  "MAE": 2.263739824295044,
  "R2": 0.934856653213501,
  "lookback": 96,
  "horizon": 24,
  "gap": 0,
  "lookback_multiplier": 4.0
}