{
  "experiment_id": "exp_046",
  "transformer_id": 1,
  "model": "RNN",
  "split_method": "random_window",
  "feature_mode": "full",
  "data_suffix": "",
  "test_ratio": 0.2,
  "n_features": 21,
  "n_train": 32000,
  "n_test": 8000,
  "train_time": 136.2334761619568,
  "RMSE": 3.2783899307250977,
  "MAE": 2.4211530685424805,
  "R2": 0.8176239728927612,
  "lookback": 2,
  "horizon": 1,
  "gap": 0,
  "lookback_multiplier": 2.0
}