{
  "experiment_id": "exp_017",
  "transformer_id": 1,
  "model": "RandomForest",
  "split_method": "random_window",
  "feature_mode": "full",
  "data_suffix": "",
  "test_ratio": 0.2,
  "n_features": 21,
  "n_train": 32000,
  "n_test": 8000,
  "train_time": 1305.6235387325287,
  "RMSE": 1.1697315555949686,
  "MAE": 0.8486774767169044,
  "R2": 0.9746545267403217,
  "lookback": 672,
  "horizon": 168,
  "gap": 0,
  "lookback_multiplier": 4.0
}