{
  "experiment_id": "exp_066",
  "transformer_id": 1,
  "model": "RNN",
  "split_method": "random_window",
  "feature_mode": "full",
  "data_suffix": "",
  "test_ratio": 0.2,
  "n_features": 21,
  "n_train": 32000,
  "n_test": 8000,
  "train_time": 103.15641736984253,
  "RMSE": 4.057058811187744,
  "MAE": 3.1365766525268555,
  "R2": 0.7043988108634949,
  "lookback": 672,
  "horizon": 168,
  "gap": 0,
  "lookback_multiplier": 4.0
}