{
  "experiment_id": "exp_044",
  "transformer_id": 2,
  "model": "MLP",
  "split_method": "random_window",
  "feature_mode": "full",
  "data_suffix": "",
  "test_ratio": 0.2,
  "n_features": 17,
  "n_train": 32000,
  "n_test": 8000,
  "train_time": 75.69391298294067,
  "RMSE": 2.856560230255127,
  "MAE": 2.1548588275909424,
  "R2": 0.9425867795944214,
  "lookback": 672,
  "horizon": 168,
  "gap": 0,
  "lookback_multiplier": 4.0
}