{
  "experiment_id": "exp_057",
  "transformer_id": 2,
  "model": "RNN",
  "split_method": "random_window",
  "feature_mode": "full",
  "data_suffix": "",
  "test_ratio": 0.2,
  "n_features": 17,
  "n_train": 32000,
  "n_test": 8000,
  "train_time": 540.8138799667358,
  "RMSE": 3.8410149744879574,
  "MAE": 2.9729363918304443,
  "R2": 0.8965274095535278,
  "lookback": 4,
  "horizon": 1,
  "gap": 0,
  "lookback_multiplier": 4.0
}