{
  "experiment_id": "exp_062",
  "transformer_id": 2,
  "model": "RNN",
  "split_method": "random_window",
  "feature_mode": "full",
  "data_suffix": "",
  "test_ratio": 0.2,
  "n_features": 17,
  "n_train": 32000,
  "n_test": 8000,
  "train_time": 63.27005076408386,
  "RMSE": 4.5036773681640625,
  "MAE": 3.4966182708740234,
  "R2": 0.8572882413864136,
  "lookback": 672,
  "horizon": 168,
  "gap": 0,
  "lookback_multiplier": 4.0
}