{
  "experiment_id": "exp_036",
  "transformer_id": 1,
  "model": "MLP",
  "split_method": "random_window",
  "feature_mode": "full",
  "data_suffix": "",
  "test_ratio": 0.2,
  "n_features": 21,
  "n_train": 32000,
  "n_test": 8000,
  "train_time": 70.30967855453491,
  "RMSE": 1.655271053314209,
  "MAE": 1.2320895195007324,
  "R2": 0.948367178440094,
  "lookback": 1008,
  "horizon": 168,
  "gap": 0,
  "lookback_multiplier": 6.0
}