{
  "experiment_id": "exp_037",
  "transformer_id": 2,
  "model": "MLP",
  "split_method": "random_window",
  "feature_mode": "full",
  "data_suffix": "",
  "test_ratio": 0.2,
  "n_features": 17,
  "n_train": 32000,
  "n_test": 8000,
  "train_time": 51.37760615348816,
  "RMSE": 3.4129714965820312,
  "MAE": 2.5217366218566895,
  "R2": 0.9184098839759827,
  "lookback": 2,
  "horizon": 1,
  "gap": 0,
  "lookback_multiplier": 2.0
}