{
  "experiment_id": "exp_018",
  "transformer_id": 1,
  "model": "RandomForest",
  "split_method": "random_window",
  "feature_mode": "full",
  "data_suffix": "",
  "test_ratio": 0.2,
  "n_features": 21,
  "n_train": 32000,
  "n_test": 8000,
  "train_time": 1989.2969315052032,
  "RMSE": 0.9872944928282857,
  "MAE": 0.7247626307917576,
  "R2": 0.981631191291581,
  "lookback": 1008,
  "horizon": 168,
  "gap": 0,
  "lookback_multiplier": 6.0
}