{
  "experiment_id": "exp_060",
  "transformer_id": 2,
  "model": "RNN",
  "split_method": "random_window",
  "feature_mode": "full",
  "data_suffix": "",
  "test_ratio": 0.2,
  "n_features": 17,
  "n_train": 32000,
  "n_test": 8000,
  "train_time": 50.12962245941162,
  "RMSE": 4.31032657623291,
  "MAE": 3.326247453689575,
  "R2": 0.8696637153625488,
  "lookback": 144,
  "horizon": 24,
  "gap": 0,
  "lookback_multiplier": 6.0
}