{
  "experiment_id": "exp_048",
  "transformer_id": 1,
  "model": "RNN",
  "split_method": "random_window",
  "feature_mode": "full",
  "data_suffix": "",
  "test_ratio": 0.2,
  "n_features": 21,
  "n_train": 32000,
  "n_test": 8000,
  "train_time": 133.80229258537292,
  "RMSE": 3.1927895545959473,
  "MAE": 2.3418233394622803,
  "R2": 0.8253799676895142,
  "lookback": 6,
  "horizon": 1,
  "gap": 0,
  "lookback_multiplier": 6.0
}