{
  "experiment_id": "exp_045",
  "transformer_id": 2,
  "model": "MLP",
  "split_method": "random_window",
  "feature_mode": "full",
  "data_suffix": "",
  "test_ratio": 0.2,
  "n_features": 17,
  "n_train": 32000,
  "n_test": 8000,
  "train_time": 58.1228609085083,
  "RMSE": 2.8027124404907227,
  "MAE": 2.0864806175231934,
  "R2": 0.9450454115867615,
  "lookback": 1008,
  "horizon": 168,
  "gap": 0,
  "lookback_multiplier": 6.0
}