{
  "experiment_id": "exp_042",
  "transformer_id": 2,
  "model": "MLP",
  "split_method": "random_window",
  "feature_mode": "full",
  "data_suffix": "",
  "test_ratio": 0.2,
  "n_features": 17,
  "n_train": 32000,
  "n_test": 8000,
  "train_time": 45.65014886856079,
  "RMSE": 3.052957773208618,
  "MAE": 2.316384792327881,
  "R2": 0.9346137046813965,
  "lookback": 144,
  "horizon": 24,
  "gap": 0,
  "lookback_multiplier": 6.0
}