{
  "experiment_id": "exp_017",
  "transformer_id": 1,
  "model": "RandomForest",
  "split_method": "random_window",
  "feature_mode": "full",
  "data_suffix": "",
  "test_ratio": 0.2,
  "n_features": 21,
  "n_train": 32000,
  "n_test": 8000,
  "train_time": 1287.3885116577148,
  "RMSE": 1.1382972478580538,
  "MAE": 0.8281588183113313,
  "R2": 0.9767300747851108,
  "lookback": 672,
  "horizon": 168,
  "gap": 0,
  "lookback_multiplier": 4.0
}