{
  "experiment_id": "exp_034",
  "transformer_id": 1,
  "model": "MLP",
  "split_method": "random_window",
  "feature_mode": "full",
  "data_suffix": "",
  "test_ratio": 0.2,
  "n_features": 21,
  "n_train": 32000,
  "n_test": 8000,
  "train_time": 47.01646399497986,
  "RMSE": 1.8435184955596924,
  "MAE": 1.399837613105774,
  "R2": 0.9400445818901062,
  "lookback": 336,
  "horizon": 168,
  "gap": 0,
  "lookback_multiplier": 2.0
}