{
  "experiment_id": "exp_033",
  "transformer_id": 1,
  "model": "MLP",
  "split_method": "random_window",
  "feature_mode": "full",
  "data_suffix": "",
  "test_ratio": 0.2,
  "n_features": 21,
  "n_train": 32000,
  "n_test": 8000,
  "train_time": 35.22192692756653,
  "RMSE": 2.2354841232299805,
  "MAE": 1.6619776487350464,
  "R2": 0.913054347038269,
  "lookback": 144,
  "horizon": 24,
  "gap": 0,
  "lookback_multiplier": 6.0
}