{
  "experiment_id": "exp_059",
  "transformer_id": 2,
  "model": "RNN",
  "split_method": "random_window",
  "feature_mode": "full",
  "data_suffix": "",
  "test_ratio": 0.2,
  "n_features": 17,
  "n_train": 32000,
  "n_test": 8000,
  "train_time": 58.09377646446228,
  "RMSE": 4.167553424835205,
  "MAE": 3.2409849166870117,
  "R2": 0.8762859106063843,
  "lookback": 96,
  "horizon": 24,
  "gap": 0,
  "lookback_multiplier": 4.0
}