{
  "experiment_id": "exp_043",
  "transformer_id": 2,
  "model": "MLP",
  "split_method": "random_window",
  "feature_mode": "full",
  "data_suffix": "",
  "test_ratio": 0.2,
  "n_features": 17,
  "n_train": 32000,
  "n_test": 8000,
  "train_time": 43.39616346359253,
  "RMSE": 3.1774370670318604,
  "MAE": 2.415241241455078,
  "R2": 0.9283795356750488,
  "lookback": 336,
  "horizon": 168,
  "gap": 0,
  "lookback_multiplier": 2.0
}