{
  "experiment_id": "exp_029",
  "transformer_id": 1,
  "model": "MLP",
  "split_method": "random_window",
  "feature_mode": "full",
  "data_suffix": "",
  "test_ratio": 0.2,
  "n_features": 21,
  "n_train": 32000,
  "n_test": 8000,
  "train_time": 110.87525701522827,
  "RMSE": 2.928140704948462,
  "MAE": 2.1910159587860107,
  "R2": 0.8521901965141296,
  "lookback": 4,
  "horizon": 1,
  "gap": 0,
  "lookback_multiplier": 4.0
}