{
  "experiment_id": "exp_061",
  "transformer_id": 2,
  "model": "RNN",
  "split_method": "random_window",
  "feature_mode": "full",
  "data_suffix": "",
  "test_ratio": 0.2,
  "n_features": 17,
  "n_train": 32000,
  "n_test": 8000,
  "train_time": 68.9461727142334,
  "RMSE": 4.409648418426514,
  "MAE": 3.4167046546936035,
  "R2": 0.8620597720146179,
  "lookback": 336,
  "horizon": 168,
  "gap": 0,
  "lookback_multiplier": 2.0
}