{
  "experiment_id": "exp_056",
  "transformer_id": 2,
  "model": "RNN",
  "split_method": "random_window",
  "feature_mode": "full",
  "data_suffix": "",
  "test_ratio": 0.2,
  "n_features": 17,
  "n_train": 32000,
  "n_test": 8000,
  "train_time": 133.3891100883484,
  "RMSE": 3.7402851581573486,
  "MAE": 2.8884222507476807,
  "R2": 0.9018833637237549,
  "lookback": 4,
  "horizon": 1,
  "gap": 0,
  "lookback_multiplier": 4.0
}