{
  "experiment_id": "exp_057",
  "transformer_id": 2,
  "model": "RNN",
  "split_method": "random_window",
  "feature_mode": "full",
  "data_suffix": "",
  "test_ratio": 0.2,
  "n_features": 17,
  "n_train": 32000,
  "n_test": 8000,
  "train_time": 167.02189254760742,
  "RMSE": 3.5731184482574463,
  "MAE": 2.768970489501953,
  "R2": 0.9102585315704346,
  "lookback": 6,
  "horizon": 1,
  "gap": 0,
  "lookback_multiplier": 6.0
}