{
  "experiment_id": "exp_031",
  "transformer_id": 1,
  "model": "MLP",
  "split_method": "random_window",
  "feature_mode": "full",
  "data_suffix": "",
  "test_ratio": 0.2,
  "n_features": 21,
  "n_train": 32000,
  "n_test": 8000,
  "train_time": 28.786418437957764,
  "RMSE": 2.7365705966949463,
  "MAE": 2.0572774410247803,
  "R2": 0.8713423013687134,
  "lookback": 48,
  "horizon": 24,
  "gap": 0,
  "lookback_multiplier": 2.0
}