{
  "experiment_id": "exp_064",
  "transformer_id": 1,
  "model": "RNN",
  "split_method": "random_window",
  "feature_mode": "full",
  "data_suffix": "",
  "test_ratio": 0.2,
  "n_features": 21,
  "n_train": 32000,
  "n_test": 8000,
  "train_time": 62.183043241500854,
  "RMSE": 3.511141538619995,
  "MAE": 2.5996952056884766,
  "R2": 0.7874720096588135,
  "lookback": 4,
  "horizon": 1,
  "gap": 0,
  "lookback_multiplier": 4.0
}