{
  "experiment_id": "exp_030",
  "transformer_id": 1,
  "model": "MLP",
  "split_method": "random_window",
  "feature_mode": "full",
  "data_suffix": "",
  "test_ratio": 0.2,
  "n_features": 21,
  "n_train": 32000,
  "n_test": 8000,
  "train_time": 174.12377500534058,
  "RMSE": 2.801785894062391,
  "MAE": 2.0542798042297363,
  "R2": 0.8655306100845337,
  "lookback": 6,
  "horizon": 1,
  "gap": 0,
  "lookback_multiplier": 6.0
}