{
  "experiment_id": "exp_063",
  "transformer_id": 2,
  "model": "RNN",
  "split_method": "random_window",
  "feature_mode": "full",
  "data_suffix": "",
  "test_ratio": 0.2,
  "n_features": 17,
  "n_train": 32000,
  "n_test": 8000,
  "train_time": 173.6265344619751,
  "RMSE": 4.432179927825928,
  "MAE": 3.4730849266052246,
  "R2": 0.86257004737854,
  "lookback": 1008,
  "horizon": 168,
  "gap": 0,
  "lookback_multiplier": 6.0
}