{
  "experiment_id": "exp_058",
  "transformer_id": 2,
  "model": "RNN",
  "split_method": "random_window",
  "feature_mode": "full",
  "data_suffix": "",
  "test_ratio": 0.2,
  "n_features": 17,
  "n_train": 32000,
  "n_test": 8000,
  "train_time": 39.16384029388428,
  "RMSE": 4.327250003814697,
  "MAE": 3.3597195148468018,
  "R2": 0.863956868648529,
  "lookback": 48,
  "horizon": 24,
  "gap": 0,
  "lookback_multiplier": 2.0
}