{
  "experiment_id": "exp_027",
  "transformer_id": 2,
  "model": "RandomForest",
  "split_method": "random_window",
  "feature_mode": "full",
  "data_suffix": "",
  "test_ratio": 0.2,
  "n_features": 17,
  "n_train": 32000,
  "n_test": 8000,
  "train_time": 1161.6036922931671,
  "RMSE": 1.9525469944575131,
  "MAE": 1.451544289012586,
  "R2": 0.9733283656607696,
  "lookback": 1008,
  "horizon": 168,
  "gap": 0,
  "lookback_multiplier": 6.0
}