{
  "experiment_id": "exp_051",
  "transformer_id": 1,
  "model": "RNN",
  "split_method": "random_window",
  "feature_mode": "full",
  "data_suffix": "",
  "test_ratio": 0.2,
  "n_features": 21,
  "n_train": 32000,
  "n_test": 8000,
  "train_time": 36.41960883140564,
  "RMSE": 4.137760639190674,
  "MAE": 3.3080551624298096,
  "R2": 0.7021241784095764,
  "lookback": 144,
  "horizon": 24,
  "gap": 0,
  "lookback_multiplier": 6.0
}