{
  "experiment_id": "exp_040",
  "transformer_id": 2,
  "model": "MLP",
  "split_method": "random_window",
  "feature_mode": "full",
  "data_suffix": "",
  "test_ratio": 0.2,
  "n_features": 17,
  "n_train": 32000,
  "n_test": 8000,
  "train_time": 44.75062084197998,
  "RMSE": 3.261862277984619,
  "MAE": 2.495966911315918,
  "R2": 0.9226992130279541,
  "lookback": 48,
  "horizon": 24,
  "gap": 0,
  "lookback_multiplier": 2.0
}